# Blender 5.2.0 LTS
# www.blender.org
mtllib hub_prop_pvp.mtl
o Mesh_0
v -0.024536 0.000255 -0.062256
v -0.022094 0.000915 -0.066650
v -0.024536 -0.007263 -0.067139
v -0.026489 -0.007507 -0.062256
v -0.031983 0.000477 -0.062012
v -0.025512 0.007202 -0.062256
v -0.023316 0.008545 -0.066162
v -0.024536 0.000255 -0.062256
v -0.024536 -0.007263 -0.067139
v -0.026489 -0.007507 -0.062256
v 0.099610 -0.015381 -0.071533
v 0.102051 -0.010376 -0.074463
v 0.104004 -0.013306 -0.071045
v 0.099121 -0.011963 -0.074463
v 0.095703 -0.016358 -0.071045
v 0.099610 -0.016479 -0.069580
v 0.095703 -0.017700 -0.069580
v -0.103515 0.016846 0.022461
v -0.100586 0.014648 0.024170
v -0.100097 0.019165 0.030273
v -0.103515 0.016846 0.022461
v -0.105469 0.021729 0.026733
v -0.106933 0.018066 0.020752
v -0.100097 0.019165 0.030273
v -0.052002 -0.014648 -0.062256
v -0.049073 -0.010559 -0.064209
v -0.048095 -0.011596 -0.062256
v -0.056396 -0.016724 -0.062256
v -0.052002 -0.013062 -0.064209
v 0.128906 0.042969 -0.072022
v 0.124512 0.030151 -0.072510
v 0.122070 0.032470 -0.072998
v 0.135742 0.042969 -0.072022
v 0.120605 0.044677 -0.072510
v 0.119140 0.044677 -0.067139
v 0.127929 0.043213 -0.067139
v 0.077148 -0.033691 -0.002762
v 0.085938 -0.034180 -0.007660
v 0.077148 -0.031739 -0.007629
v 0.068847 -0.042236 -0.004990
v 0.076172 -0.044190 -0.004929
v 0.085938 -0.036133 -0.002296
v 0.069824 -0.032226 -0.003601
v -0.136719 0.012634 0.005096
v -0.142578 0.014892 0.002029
v -0.138672 0.006378 0.003815
v -0.136719 0.012634 0.005096
v -0.133789 0.016113 0.012268
v -0.132812 0.017944 0.006012
v -0.138672 0.006378 0.003815
v -0.136719 0.009278 0.012268
v -0.138672 0.021240 0.003967
v -0.138672 0.021240 0.003967
v -0.103028 -0.009643 0.027100
v -0.108398 -0.008362 0.026733
v -0.105469 -0.011719 0.025757
v -0.103028 -0.009643 0.027100
v -0.100097 -0.011719 0.025635
v -0.098145 -0.008728 0.026855
v -0.106933 -0.007172 0.027466
v -0.100097 -0.011719 0.025635
v -0.101562 -0.007324 0.027832
v -0.101562 -0.007324 0.027832
v 0.086426 0.029785 -0.069092
v 0.078613 0.028076 -0.069092
v 0.075683 0.033935 -0.068604
v 0.084961 0.036377 -0.069092
v 0.094238 0.030762 -0.069092
v 0.087403 0.026856 -0.074951
v 0.081055 0.025269 -0.074951
v 0.199219 -0.109375 -0.014038
v 0.190429 -0.120605 -0.011597
v 0.202148 -0.109375 -0.011414
v 0.212891 -0.090820 -0.014893
v 0.093262 -0.001015 -0.012146
v 0.199219 -0.109375 -0.014038
v 0.176758 -0.127929 -0.014710
v 0.176758 -0.131836 -0.011414
v 0.199219 -0.109375 -0.014038
v 0.093262 -0.001015 -0.012146
v 0.176758 -0.127929 -0.014710
v 0.190429 -0.120605 -0.011597
v -0.048095 0.003174 -0.067139
v -0.044677 -0.000019 -0.064209
v -0.047851 0.000211 -0.067139
v -0.045166 0.003860 -0.064209
v -0.052979 0.004792 -0.068604
v -0.049073 0.006256 -0.067139
v -0.052490 0.003113 -0.069092
v -0.063965 -0.020508 -0.064209
v -0.062500 -0.001900 -0.062012
v -0.061280 -0.033691 -0.061768
v -0.063965 -0.020508 -0.064209
v -0.074707 -0.041015 -0.065186
v -0.078613 -0.019043 -0.065674
v -0.061280 -0.033691 -0.061768
v -0.061524 -0.040771 -0.064697
v -0.064453 -0.000234 -0.063721
v -0.078613 -0.019043 -0.065674
v 0.101074 0.012329 -0.000519
v 0.099121 0.009033 0.002014
v 0.101074 0.007691 0.001846
v 0.098633 0.016601 -0.003723
v 0.098145 0.013977 -0.000198
v 0.102539 0.015503 -0.003830
v 0.104004 0.010864 -0.000504
v 0.069824 -0.000729 -0.073975
v 0.074219 -0.004639 -0.069580
v 0.070801 -0.006714 -0.074463
v 0.069824 -0.000729 -0.073975
v 0.066406 0.000380 -0.075440
v 0.066406 0.006897 -0.074951
v 0.073730 0.000244 -0.069580
v 0.070312 0.006073 -0.074463
v 0.066406 0.000380 -0.075440
v 0.073730 0.000244 -0.069580
v -0.168946 0.145508 -0.012451
v -0.151367 0.166992 -0.003296
v -0.164062 0.161133 -0.010498
v -0.179688 0.152344 -0.018433
v -0.183594 0.134766 -0.020508
v -0.170898 0.139648 -0.017700
v -0.150391 0.153321 -0.004074
v -0.126953 -0.004761 0.009521
v -0.133789 -0.006012 0.013000
v -0.125977 -0.009217 0.010254
v -0.127929 0.000381 0.009277
v -0.133789 0.000454 0.012512
v 0.018432 0.103515 0.045654
v 0.008484 0.118164 0.041504
v -0.010987 0.117676 0.074951
v 0.018432 0.103515 0.045654
v -0.098145 0.002350 -0.016785
v 0.008484 0.118164 0.041504
v 0.018432 0.103515 0.045654
v -0.002075 0.104004 0.080322
v 0.027222 0.088867 0.050049
v 0.027222 0.088867 0.050049
v -0.002075 0.104004 0.080322
v 0.107422 -0.019409 -0.074463
v 0.107422 -0.012939 -0.069092
v 0.111817 -0.016358 -0.074463
v 0.110840 -0.021606 -0.074951
v 0.104492 -0.015076 -0.069092
v 0.105469 -0.023804 -0.074951
v 0.104492 -0.020874 -0.074463
v -0.088867 0.027832 0.030762
v -0.089844 0.020508 0.029541
v -0.085938 0.023071 0.033447
v -0.092773 0.025757 0.027466
v -0.091308 0.030151 0.029175
v -0.093262 0.032470 0.034424
v -0.089355 0.029175 0.036865
v 0.009643 -0.114746 0.042236
v 0.000414 -0.125977 0.037109
v -0.098145 0.002350 -0.016785
v 0.009643 -0.114746 0.042236
v -0.017944 -0.122558 0.071045
v 0.000414 -0.125977 0.037109
v 0.016724 -0.104492 0.045898
v -0.007110 -0.107422 0.077881
v 0.016724 -0.104492 0.045898
v 0.250000 0.021851 -0.070557
v 0.250000 0.001442 -0.070557
v 0.242188 0.000645 -0.068604
v 0.241211 0.020874 -0.069092
v 0.250000 0.043457 -0.070557
v 0.250000 0.023316 -0.043701
v 0.249023 0.043701 -0.043945
v 0.093262 -0.017823 -0.005524
v 0.097656 -0.017456 -0.005402
v 0.092773 -0.016601 -0.004120
v 0.087890 -0.016236 -0.004227
v 0.089355 -0.017700 -0.005432
v -0.084961 0.031128 -0.066162
v -0.083985 0.028809 -0.061768
v -0.086426 0.030274 -0.065674
v -0.081543 0.031983 -0.066650
v -0.088379 0.042969 -0.063721
v -0.124512 -0.045166 0.008972
v -0.132812 -0.043457 0.009766
v -0.130859 -0.044190 0.005310
v -0.118653 -0.046875 0.012268
v -0.125977 -0.044922 0.012878
v 0.087890 0.008056 -0.076416
v 0.088867 0.003784 -0.077393
v 0.085449 0.006592 -0.075928
v 0.087403 0.012818 -0.074463
v 0.088867 0.009338 -0.075928
v 0.090820 0.005646 -0.077393
v 0.084961 0.011108 -0.074463
v 0.117676 -0.003510 -0.000891
v 0.115235 -0.009338 -0.000803
v 0.120117 -0.007599 -0.000572
v 0.111817 -0.004059 -0.005859
v 0.110840 -0.008056 -0.005493
v 0.122070 0.000173 -0.000856
v 0.117676 0.002060 -0.000979
v -0.048340 0.048828 -0.065674
v -0.054688 0.073242 -0.066650
v -0.047608 0.049560 -0.061523
v -0.042969 0.046631 -0.065674
v -0.056885 0.053711 -0.067627
v -0.050049 0.036865 -0.067627
v -0.058105 0.039062 -0.068115
v -0.065430 -0.012573 -0.066650
v -0.069824 -0.013489 -0.064209
v -0.067871 -0.010803 -0.067139
v -0.061280 -0.012939 -0.066650
v -0.065918 -0.015442 -0.064209
v -0.064453 -0.008301 -0.068604
v -0.061280 -0.008789 -0.069092
v 0.108398 0.028076 -0.007690
v 0.106445 0.024536 -0.000481
v 0.111328 0.022461 -0.000773
v 0.108398 0.028076 -0.007690
v 0.114746 0.025391 -0.007690
v 0.117676 0.029419 -0.008148
v 0.108398 0.028076 -0.007690
v 0.110840 0.032470 -0.008148
v 0.102539 0.029785 -0.007752
v 0.111328 0.022461 -0.000773
v 0.108398 0.028076 -0.007690
v 0.102539 0.029785 -0.007752
v 0.106445 0.024536 -0.000481
v 0.110840 0.032470 -0.008148
v 0.018799 -0.155273 -0.039307
v 0.031983 -0.163086 -0.039551
v 0.033203 -0.160156 -0.010620
v 0.093750 0.000362 -0.040527
v 0.018677 -0.153321 -0.010376
v 0.005524 -0.147461 -0.039307
v -0.118653 0.001580 0.023193
v -0.122558 0.002655 0.020386
v -0.123047 0.001236 0.020019
v -0.118653 0.001580 0.023193
v -0.114746 -0.000057 0.026001
v -0.118164 0.003158 0.023804
v -0.118653 0.001580 0.023193
v -0.119140 -0.000213 0.023071
v -0.114746 -0.000057 0.026001
v -0.118653 0.001580 0.023193
v -0.123047 0.001236 0.020019
v -0.122558 -0.000576 0.020264
v -0.122558 -0.000576 0.020264
v -0.118164 0.003158 0.023804
v -0.124512 -0.020752 0.016846
v -0.120605 -0.016236 0.013061
v -0.127929 -0.017334 0.014893
v -0.124512 -0.020752 0.016846
v -0.119140 -0.022827 0.019287
v -0.116699 -0.017944 0.015625
v -0.129883 -0.021240 0.014648
v -0.120605 -0.016236 0.013061
v -0.129883 -0.021240 0.014648
v -0.125000 -0.024658 0.017090
v 0.061767 0.027222 -0.073486
v 0.066406 0.024658 -0.069580
v 0.060791 0.020996 -0.069580
v 0.060302 0.023071 -0.073486
v 0.051758 0.035889 -0.072022
v 0.062256 0.031739 -0.073486
v 0.049805 0.028686 -0.072510
v 0.065918 0.028686 -0.069092
v 0.129883 -0.166992 -0.010254
v 0.109863 -0.170898 -0.040283
v 0.130859 -0.167969 -0.039795
v 0.108398 -0.168946 -0.010498
v 0.136719 -0.151367 -0.011780
v 0.129883 -0.166992 -0.010254
v 0.148438 -0.161133 -0.010132
v 0.136719 -0.151367 -0.011780
v 0.130859 -0.167969 -0.039795
v -0.075195 0.005584 -0.065186
v -0.074707 0.009766 -0.062744
v -0.073730 0.009399 -0.064697
v -0.070312 0.001778 -0.068604
v -0.072754 -0.000058 -0.067139
v -0.071778 0.005158 -0.067139
v -0.076172 0.002289 -0.064209
v -0.076660 0.005432 -0.062744
v -0.039062 -0.031006 -0.067627
v -0.034424 -0.028931 -0.067139
v -0.031006 -0.039551 -0.065674
v -0.037110 -0.027832 -0.062500
v -0.039062 -0.031006 -0.067627
v -0.048095 -0.033448 -0.067627
v -0.040528 -0.029785 -0.062500
v -0.039551 -0.041504 -0.066650
v -0.040528 -0.029785 -0.062500
v -0.039551 -0.041504 -0.066650
v 0.142578 0.015991 -0.010193
v 0.142578 0.016601 -0.004959
v 0.145508 0.010681 -0.010620
v 0.139648 0.022094 -0.010193
v 0.080567 -0.010987 -0.071533
v 0.079102 -0.011657 -0.069580
v 0.077148 -0.007996 -0.069580
v 0.077637 -0.007660 -0.071533
v 0.083008 -0.008728 -0.073975
v 0.085449 -0.010987 -0.073975
v 0.083496 -0.013550 -0.071533
v -0.101562 0.048584 0.026611
v -0.105957 0.037842 0.026001
v -0.097168 0.047119 0.029053
v -0.112305 0.043945 0.022827
v -0.110840 0.078613 0.021851
v -0.110840 0.061035 0.023315
v -0.099610 0.049560 0.021973
v -0.108398 0.078125 0.018677
v -0.131836 -0.158203 -0.037598
v -0.141602 -0.151367 -0.045654
v -0.151367 -0.145508 -0.047119
v -0.117676 -0.172852 -0.031006
v -0.128906 -0.169922 -0.039551
v -0.098145 0.002350 -0.016785
v -0.117676 -0.167969 -0.030884
v 0.092773 0.010559 0.001526
v 0.091308 0.009887 0.001800
v 0.093750 0.006134 0.003357
v 0.092773 0.010559 0.001526
v 0.094727 0.010193 0.001877
v 0.095215 0.014221 -0.000237
v 0.091797 0.014465 -0.000633
v 0.095215 0.005859 0.003265
v 0.094727 0.010193 0.001877
v 0.088867 0.013733 -0.001059
v 0.091308 0.009887 0.001800
v 0.241211 -0.018432 -0.069580
v 0.250000 0.001442 -0.070557
v 0.250000 -0.017944 -0.070068
v 0.239258 -0.018066 -0.068115
v 0.242188 0.000645 -0.068604
v 0.236328 -0.037110 -0.068604
v 0.237304 -0.037597 -0.069580
v -0.019409 0.040771 -0.060547
v -0.019531 0.040283 -0.064697
v -0.026123 0.041992 -0.060547
v -0.019043 0.032470 -0.060547
v -0.089844 -0.006134 0.035889
v -0.089355 0.000694 0.036621
v -0.091797 0.000508 0.034424
v -0.092285 -0.005554 0.034180
v -0.093262 -0.011048 0.033447
v -0.084961 -0.006531 0.032227
v -0.091308 -0.013062 0.034668
v -0.089844 -0.006134 0.035889
v -0.091308 -0.013062 0.034668
v -0.086914 -0.013855 0.030762
v -0.084961 -0.006531 0.032227
v 0.154297 0.160156 -0.041260
v 0.172852 0.150391 -0.041504
v 0.173828 0.150391 -0.069092
v 0.091797 0.000546 -0.040283
v 0.154297 0.161133 -0.069092
v 0.134766 0.166992 -0.041016
v 0.072265 -0.024903 -0.007477
v 0.077637 -0.026367 -0.007385
v 0.074219 -0.021118 -0.001032
v 0.072265 -0.024903 -0.007477
v 0.070312 -0.029541 -0.007538
v 0.077637 -0.026367 -0.007385
v 0.072265 -0.024903 -0.007477
v 0.069824 -0.020386 -0.007599
v 0.065430 -0.026245 -0.007660
v 0.065430 -0.026245 -0.007660
v 0.074219 -0.021118 -0.001032
v -0.098633 0.026123 -0.062500
v -0.089844 0.025146 -0.065186
v -0.092773 0.018189 -0.065186
v -0.100586 0.018677 -0.062500
v -0.098145 0.022094 -0.058350
v -0.096192 0.034424 -0.062744
v -0.096680 0.028809 -0.058594
v -0.113770 -0.017090 0.018433
v -0.118164 -0.012695 0.019409
v -0.118164 -0.015320 0.016479
v -0.107910 -0.018189 0.019897
v -0.109863 -0.016968 0.020752
v -0.111817 -0.018189 0.017944
v -0.115235 -0.013489 0.020996
v -0.115235 -0.017700 0.015991
v -0.113770 -0.017090 0.018433
v -0.118164 -0.015320 0.016479
v -0.115235 -0.017700 0.015991
v 0.066406 0.024658 -0.069580
v 0.072754 0.024781 -0.069580
v 0.069336 0.018799 -0.069580
v 0.065918 0.028686 -0.069092
v 0.069336 0.018799 -0.069580
v 0.112305 0.000484 -0.005127
v 0.112793 0.004730 -0.004944
v 0.111328 0.000131 -0.003387
v 0.112305 0.000484 -0.005127
v 0.111328 0.000131 -0.003387
v 0.111328 -0.003662 -0.003281
v 0.111817 -0.003891 -0.005158
v -0.048095 0.097168 -0.067139
v -0.025024 0.106445 -0.066650
v -0.039062 0.087890 -0.066162
v -0.060059 0.083008 -0.038574
v -0.049805 0.098633 -0.038818
v -0.036133 0.113770 -0.067627
v -0.059570 0.077637 -0.067139
v -0.035156 -0.013855 -0.062012
v -0.037597 -0.012757 -0.067139
v -0.035645 -0.006256 -0.067139
v -0.038819 -0.020386 -0.062012
v -0.032715 -0.023559 -0.062256
v -0.032715 -0.006806 -0.062012
v -0.028564 -0.015442 -0.062500
v 0.233398 0.087403 -0.010803
v 0.217773 0.091308 -0.012390
v 0.242188 0.066895 -0.011414
v 0.242188 0.066406 -0.041504
v 0.233398 0.087403 -0.041016
v 0.208984 0.104492 -0.011902
v 0.233398 0.087403 -0.010803
v 0.242188 0.066895 -0.011414
v 0.242188 0.066406 -0.041504
v 0.220703 0.106933 -0.010498
v 0.092773 -0.047364 -0.073975
v 0.105469 -0.045166 -0.072998
v 0.093262 -0.061767 -0.073975
v 0.080567 -0.045410 -0.072510
v 0.092773 -0.037354 -0.074463
v 0.092773 -0.047364 -0.073975
v 0.092773 -0.037354 -0.074463
v 0.105469 -0.045166 -0.072998
v -0.106445 0.015747 0.022583
v -0.105469 0.011475 0.025879
v -0.103028 0.014221 0.024170
v -0.106445 0.015747 0.022583
v -0.109375 0.017944 0.019287
v -0.109375 0.016846 0.020752
v -0.107910 0.013366 0.024170
v -0.105469 0.011475 0.025879
v -0.105957 0.017212 0.021240
v -0.103028 0.014221 0.024170
v -0.103028 -0.009766 -0.062012
v -0.101562 -0.015869 -0.062256
v -0.102539 -0.010071 -0.057129
v -0.112305 0.000828 -0.047607
v -0.111817 0.001495 -0.062012
v -0.097656 0.001419 -0.063721
v -0.096192 -0.008362 -0.064209
v -0.104492 0.001274 -0.062012
v 0.077637 0.046386 -0.005859
v 0.068847 0.044190 -0.006073
v 0.077637 0.035645 -0.003265
v 0.075683 0.046386 -0.010803
v 0.080567 0.048340 -0.010864
v 0.083496 0.047608 -0.005310
v 0.135742 -0.039795 -0.066650
v 0.127929 -0.040528 -0.067139
v 0.134766 -0.039551 -0.072022
v 0.135742 -0.033203 -0.067139
v -0.083008 0.015869 0.040527
v -0.080078 0.009033 0.041504
v -0.070801 0.017456 0.043213
v -0.073242 0.023804 0.041992
v -0.085449 0.022094 0.038818
v -0.083008 0.015991 0.034668
v -0.079102 0.009278 0.036621
v -0.087403 -0.173828 -0.015991
v -0.111817 -0.172852 0.020142
v -0.099121 -0.173828 -0.022217
v -0.087403 -0.173828 -0.015991
v -0.075195 -0.171875 -0.007355
v -0.098633 -0.171875 0.027588
v -0.098145 0.002350 -0.016785
v -0.099121 -0.173828 -0.022217
v -0.098633 -0.171875 0.027588
v 0.098145 0.004455 -0.077393
v 0.102539 0.004669 -0.076416
v 0.099610 0.001434 -0.077393
v 0.093262 0.000729 -0.078369
v 0.101562 0.006684 -0.076904
v 0.096192 0.005981 -0.077881
v 0.100097 0.008362 -0.076416
v 0.058594 -0.015564 -0.003372
v 0.047608 -0.018799 -0.005371
v 0.061524 -0.022583 -0.003296
v 0.058594 -0.015564 -0.003372
v 0.057861 -0.009887 -0.007568
v 0.055176 -0.006897 -0.002991
v 0.060791 -0.017823 -0.007660
v 0.044434 -0.010987 -0.005829
v 0.061524 -0.022583 -0.003296
v 0.055176 -0.006897 -0.002991
v -0.233398 0.062988 -0.049072
v -0.244141 0.066406 -0.055176
v -0.239258 0.043945 -0.051514
v -0.237304 0.043945 -0.052979
v -0.232422 0.063477 -0.050293
v -0.236328 0.085938 -0.050293
v -0.225586 0.081055 -0.045166
v -0.121582 -0.005036 0.020508
v -0.120605 -0.007263 0.020996
v -0.117676 -0.003891 0.023804
v -0.118653 -0.001824 0.023437
v -0.121582 -0.005036 0.020508
v -0.124023 -0.006866 0.017090
v -0.122558 -0.008972 0.017700
v -0.120605 -0.007263 0.020996
v -0.122558 -0.002914 0.020508
v -0.118653 -0.001824 0.023437
v 0.007873 0.131836 -0.065186
v -0.012024 0.120117 -0.067139
v 0.007873 0.131836 -0.065186
v 0.047608 0.150391 -0.065186
v 0.092285 -0.000953 -0.065674
v -0.019776 0.108398 -0.064209
v -0.019776 0.108398 -0.064209
v -0.012024 0.120117 -0.067139
v 0.007263 0.134766 -0.067627
v 0.100586 -0.028443 -0.007507
v 0.101074 -0.025269 -0.000944
v 0.093750 -0.026123 -0.001085
v 0.093262 -0.029785 -0.007416
v 0.102051 -0.034424 -0.007568
v 0.109863 -0.031494 -0.007568
v 0.108887 -0.026367 -0.006989
v -0.066406 0.007751 -0.069092
v -0.063965 0.005005 -0.070068
v -0.064942 0.003799 -0.070557
v -0.066406 0.012573 -0.067139
v -0.064453 0.009643 -0.069092
v -0.066406 0.007751 -0.069092
v -0.067871 0.005890 -0.069092
v -0.069336 0.010376 -0.067139
v -0.066406 0.012573 -0.067139
v -0.067871 0.005890 -0.069092
v -0.026977 -0.123535 -0.039063
v 0.091797 0.000546 -0.040283
v -0.041748 -0.108398 -0.039063
v -0.026977 -0.123535 -0.039063
v -0.025757 -0.123047 -0.067627
v -0.010315 -0.137696 -0.039307
v -0.026977 -0.123535 -0.039063
v -0.010315 -0.137696 -0.039307
v 0.091797 0.000546 -0.040283
v -0.041748 -0.108398 -0.039063
v -0.040283 -0.107422 -0.067139
v 0.104492 0.003067 0.002136
v 0.108887 0.003738 -0.000305
v 0.107422 0.006592 -0.000841
v 0.104004 0.001045 0.002014
v 0.104492 0.003067 0.002136
v 0.099610 0.002869 0.003479
v 0.099610 0.000805 0.003357
v 0.103515 0.005158 0.001831
v 0.099610 0.002869 0.003479
v 0.099610 0.000805 0.003357
v 0.077637 -0.018554 -0.074463
v 0.074219 -0.015869 -0.074463
v 0.083008 -0.015869 -0.069580
v 0.077637 -0.018554 -0.074463
v 0.076172 -0.023193 -0.074463
v 0.072265 -0.021363 -0.074463
v 0.070801 -0.017823 -0.074951
v 0.074219 -0.015869 -0.074463
v 0.081055 -0.020264 -0.074951
v 0.076172 -0.023193 -0.074463
v -0.110840 0.018677 0.018799
v -0.118164 0.022827 0.020386
v -0.114258 0.018432 0.016602
v -0.112793 0.023316 0.023071
v -0.087403 -0.029907 -0.065674
v -0.090332 -0.023559 -0.064697
v -0.085938 -0.027099 -0.061768
v -0.089844 -0.039795 -0.064209
v -0.094238 -0.039795 -0.063232
v -0.095703 -0.033448 -0.063232
v -0.084961 -0.030762 -0.066162
v 0.089844 0.017944 -0.005158
v 0.085449 0.016724 -0.005112
v 0.090820 0.016968 -0.003815
v 0.094727 0.017456 -0.003845
v 0.094238 0.018311 -0.005280
v 0.147461 -0.011231 -0.067139
v 0.174804 -0.000355 -0.073486
v 0.178711 0.000416 -0.067627
v 0.146484 -0.011596 -0.072022
v 0.143554 -0.016113 -0.067139
v 0.177734 -0.000915 -0.067139
v -0.002655 0.131836 0.035156
v -0.036133 0.140625 0.062744
v -0.022583 0.128906 0.069092
v -0.002655 0.131836 0.035156
v -0.098145 0.002350 -0.016785
v -0.014709 0.141602 0.028198
v -0.002655 0.131836 0.035156
v -0.022583 0.128906 0.069092
v -0.069824 -0.015076 -0.062500
v -0.073242 -0.012024 -0.062500
v -0.065430 -0.016968 -0.062500
v 0.119140 0.033448 -0.073486
v 0.119140 0.030762 -0.069092
v 0.110840 0.034180 -0.069092
v 0.109863 0.035889 -0.073975
v 0.110840 0.046386 -0.072022
v 0.119140 0.033448 -0.073486
v 0.119140 0.030762 -0.069092
v 0.110840 0.046386 -0.072022
v 0.059815 -0.040771 -0.005737
v 0.063965 -0.031250 -0.003922
v 0.052735 -0.040039 -0.005798
v 0.059815 -0.041015 -0.010437
v 0.067871 -0.042236 -0.010193
v -0.154297 0.010742 -0.006805
v -0.174804 0.001549 -0.018921
v -0.175781 -0.000385 -0.010620
v -0.154297 0.010742 -0.006805
v -0.175781 -0.000385 -0.010620
v -0.156250 0.010864 -0.000982
v -0.152344 0.016113 -0.005432
v -0.122070 -0.046386 0.015625
v -0.122558 -0.036377 0.018188
v -0.110352 -0.048584 0.022949
v -0.116211 -0.037597 0.021240
v -0.107910 -0.076172 0.018066
v -0.108887 -0.075683 0.022095
v -0.110840 -0.062988 0.022583
v 0.080567 0.006500 -0.073975
v 0.084472 0.004822 -0.075928
v 0.083008 0.002701 -0.075928
v 0.080567 0.006500 -0.073975
v 0.079102 0.003189 -0.074463
v 0.078125 0.007080 -0.071533
v 0.082520 0.009033 -0.073975
v 0.080567 0.010681 -0.071533
v 0.080567 0.010681 -0.071533
v 0.079102 0.003189 -0.074463
v 0.101562 -0.006195 0.001709
v 0.106933 -0.006256 -0.000694
v 0.103028 -0.004273 0.001953
v 0.097656 -0.003510 0.003296
v 0.099610 -0.007416 0.001923
v 0.104980 -0.008972 -0.000811
v -0.056885 0.036865 -0.062500
v -0.064453 0.037842 -0.067627
v -0.058105 0.039062 -0.068115
v -0.065918 0.035889 -0.062256
v -0.056396 0.029419 -0.062256
v -0.056885 0.036865 -0.062500
v -0.047608 0.035156 -0.062256
v -0.056396 0.029419 -0.062256
v -0.022094 0.000915 -0.066650
v -0.012634 -0.010864 -0.065674
v -0.012146 0.011352 -0.064697
v -0.010742 0.000747 -0.066162
v -0.010742 0.000747 -0.066162
v 0.207031 0.123047 -0.041016
v 0.190429 0.137696 -0.009949
v 0.207031 0.123047 -0.009766
v 0.093750 0.000362 -0.040527
v 0.190429 0.137696 -0.040772
v 0.207031 0.123047 -0.041016
v 0.190429 0.137696 -0.040772
v 0.190429 0.137696 -0.009949
v 0.220703 0.106933 -0.041016
v 0.092773 -0.017944 -0.069092
v 0.085938 -0.022339 -0.074463
v 0.087890 -0.017212 -0.069092
v 0.092773 -0.017944 -0.069092
v 0.097168 -0.017578 -0.069580
v 0.092773 -0.022949 -0.074463
v 0.085938 -0.022339 -0.074463
v -0.096680 0.011169 0.025635
v -0.124023 -0.012818 0.011169
v 0.088379 0.025269 -0.000841
v 0.094238 0.026245 -0.000845
v 0.087403 0.029297 -0.007782
v 0.087890 0.022094 -0.000765
v 0.093750 0.022583 -0.000765
v 0.082520 0.024170 -0.001131
v 0.191406 -0.116211 -0.068604
v 0.201172 -0.126953 -0.068604
v 0.176758 -0.128906 -0.067627
v 0.177734 -0.127929 -0.066162
v 0.191406 -0.116211 -0.068604
v 0.177734 -0.127929 -0.066162
v 0.204102 -0.105469 -0.068604
v 0.216797 -0.110352 -0.069092
v 0.201172 -0.126953 -0.068604
v -0.042969 0.004699 -0.062012
v -0.044190 0.009033 -0.062012
v -0.039551 0.006531 -0.067139
v -0.038574 0.000358 -0.067139
v -0.042236 0.000324 -0.061768
v -0.082520 -0.041504 0.037353
v -0.087890 -0.042480 0.034180
v -0.086426 -0.043213 0.029297
v -0.080078 -0.041504 0.033203
v -0.090820 -0.032226 0.034180
v -0.082520 -0.041504 0.037353
v -0.077637 -0.039795 0.040039
v -0.087403 -0.031006 0.036621
v -0.077637 -0.039795 0.040039
v -0.087403 -0.031006 0.036621
v 0.105469 0.014160 -0.070068
v 0.108398 0.010987 -0.070068
v 0.104004 0.014038 -0.072022
v 0.102051 0.016113 -0.070557
v 0.063965 -0.004669 -0.007111
v 0.065430 -0.000808 -0.000750
v 0.063477 0.001632 -0.007111
v 0.065430 -0.010925 -0.007385
v 0.066895 -0.007507 -0.000687
v 0.055908 -0.003052 -0.007385
v -0.179688 0.121582 -0.063232
v -0.098145 0.002350 -0.016785
v -0.195312 0.102051 -0.072022
v -0.185547 0.115235 -0.070068
v -0.171875 0.128906 -0.063477
v -0.162109 0.136719 -0.053467
v -0.222656 -0.086914 -0.041992
v -0.240234 -0.077148 -0.051514
v -0.230469 -0.096192 -0.047363
v -0.210938 -0.103028 -0.037598
v -0.207031 -0.104980 -0.036621
v -0.229492 -0.070801 -0.045898
v -0.219727 -0.085938 -0.043701
v 0.067383 0.010376 -0.001005
v 0.064453 0.007751 -0.007141
v 0.065430 0.004730 -0.000780
v 0.069824 0.005096 -0.000826
v 0.072265 0.010315 -0.000694
v 0.070801 0.015747 -0.000725
v 0.066406 0.014038 -0.007233
v 0.096680 -0.003937 -0.077881
v 0.093750 -0.004547 -0.077393
v 0.093262 0.000729 -0.078369
v 0.097656 -0.008117 -0.075928
v 0.094727 -0.009033 -0.076416
v 0.100097 -0.007416 -0.075440
v 0.098145 -0.002243 -0.077393
v -0.054444 0.084961 -0.008850
v -0.043213 0.102051 -0.008423
v -0.046631 0.103028 -0.039307
v -0.054444 0.084961 -0.008850
v -0.054199 0.062256 -0.009277
v -0.044922 0.082031 -0.009338
v -0.063965 0.065430 -0.008881
v -0.054199 0.062256 -0.009277
v -0.057861 0.085938 -0.039551
v -0.043213 0.102051 -0.008423
v -0.074707 -0.033935 0.036133
v -0.074707 -0.041260 0.036865
v -0.076660 -0.032715 0.040527
v -0.073242 -0.028321 0.036621
v 0.127929 0.024048 -0.072998
v 0.139648 0.029175 -0.072022
v 0.141602 0.021972 -0.072022
v 0.126953 0.021118 -0.069092
v 0.123047 0.026734 -0.069092
v 0.131836 0.015991 -0.073486
v 0.130859 0.014221 -0.069092
v 0.070801 -0.171875 -0.040283
v 0.050781 -0.168946 -0.039551
v 0.070801 -0.171875 -0.040283
v 0.050293 -0.166992 -0.068604
v 0.070801 -0.169922 -0.068604
v 0.090332 -0.172852 -0.040772
v 0.091797 0.000546 -0.040283
v 0.070801 -0.171875 -0.040283
v 0.050049 -0.167969 -0.040527
v 0.070801 -0.171875 -0.040283
v 0.070312 -0.169922 -0.010864
v 0.050781 -0.168946 -0.039551
v 0.093750 0.000362 -0.040527
v 0.090332 -0.172852 -0.040527
v 0.050049 -0.167969 -0.040527
v 0.090332 -0.170898 -0.010864
v -0.084961 0.000297 -0.067139
v -0.081543 0.000010 -0.066650
v -0.080567 -0.006165 -0.066650
v -0.083985 -0.006775 -0.067139
v -0.086914 -0.000001 -0.061768
v -0.084961 0.000297 -0.067139
v -0.086914 -0.000001 -0.061768
v -0.086426 0.007935 -0.061768
v -0.083496 0.007935 -0.067139
v -0.081543 0.000010 -0.066650
v -0.098145 -0.012573 0.024902
v -0.102539 -0.014282 0.024292
v -0.096192 -0.009033 0.025879
v -0.101074 -0.015442 0.023071
v 0.090820 0.160156 -0.068115
v 0.073242 0.171875 -0.068604
v 0.091797 0.172852 -0.069092
v 0.092285 0.157227 -0.065674
v 0.070801 0.159179 -0.068115
v 0.113770 0.157227 -0.066162
v 0.112305 0.159179 -0.068115
v 0.232422 -0.057129 -0.011902
v 0.243164 -0.061280 -0.011047
v 0.237304 -0.037842 -0.012390
v 0.236328 -0.036865 -0.016052
v 0.231446 -0.056396 -0.015869
v 0.235352 -0.081055 -0.011108
v 0.223633 -0.076660 -0.011902
v 0.232422 -0.057129 -0.011902
v 0.223633 -0.076660 -0.011902
v 0.235352 -0.081055 -0.011108
v -0.015076 0.016601 -0.064697
v -0.026367 0.016724 -0.066162
v -0.017334 0.024048 -0.064697
v -0.015503 0.017212 -0.060547
v -0.011841 0.011719 -0.060791
v -0.052490 -0.064453 -0.065674
v -0.066895 -0.065918 -0.065674
v -0.061524 -0.040771 -0.064697
v -0.061280 -0.033691 -0.061768
v -0.052735 -0.062256 -0.062500
v -0.052490 -0.064453 -0.065674
v -0.052735 -0.062256 -0.062500
v -0.042969 -0.083496 -0.065674
v -0.055664 -0.087890 -0.066650
v -0.066895 -0.065918 -0.065674
v 0.110352 0.007873 -0.003357
v 0.111328 0.003799 -0.003342
v 0.107910 0.011048 -0.003311
v 0.110840 0.008850 -0.004807
v 0.108398 0.012024 -0.004913
v 0.082520 -0.014527 -0.069580
v -0.114258 0.038574 0.022339
v -0.104980 0.036377 0.021362
v -0.099121 0.035889 0.030518
v -0.223633 -0.031739 -0.084229
v -0.218750 -0.054931 -0.085693
v -0.222656 -0.033203 -0.088135
v -0.220703 -0.052735 -0.082275
v -0.223633 -0.031739 -0.084229
v -0.098145 0.002350 -0.016785
v -0.220703 -0.052735 -0.082275
v -0.225586 -0.003463 -0.085693
v -0.225586 -0.003463 -0.085693
v 0.052979 0.042236 -0.010681
v 0.053222 0.035645 -0.010742
v 0.053467 0.041992 -0.006378
v 0.060547 0.042725 -0.010620
v 0.119629 -0.041748 -0.067139
v 0.119140 -0.041748 -0.071533
v 0.127929 -0.040528 -0.071533
v 0.111328 -0.044190 -0.067139
v -0.089844 0.007538 0.036133
v -0.086914 0.013977 0.031250
v -0.092285 0.013733 0.034668
v -0.089844 0.007538 0.036133
v -0.092285 0.006256 0.033935
v -0.091797 0.000508 0.034424
v -0.089355 0.000694 0.036621
v -0.084961 0.001183 0.032715
v -0.085449 0.007447 0.032959
v -0.092285 0.006256 0.033935
v -0.084961 0.001183 0.032715
v -0.056153 -0.058594 -0.008728
v -0.046631 -0.077148 -0.008850
v -0.046386 -0.076660 -0.011169
v -0.055664 -0.057861 -0.010864
v -0.056153 -0.058594 -0.008728
v -0.072265 -0.041260 -0.007935
v -0.064942 -0.062988 -0.008270
v -0.056153 -0.058594 -0.008728
v -0.055664 -0.057861 -0.010864
v -0.062988 -0.038574 -0.008514
v -0.064942 -0.062988 -0.008270
v -0.062988 -0.038574 -0.008514
v 0.136719 0.036377 -0.071533
v 0.138672 0.028931 -0.067139
v 0.141602 0.022339 -0.067139
v 0.088379 -0.000309 0.003265
v 0.083496 -0.001510 0.001526
v 0.085449 -0.003372 0.002090
v 0.088379 0.001290 0.003265
v 0.088379 -0.000309 0.003265
v 0.085449 -0.003372 0.002090
v 0.089355 -0.002853 0.002808
v 0.094238 0.000137 0.004364
v 0.094238 0.000137 0.004364
v -0.133789 0.156250 0.002060
v -0.117188 0.159179 0.013855
v -0.133789 0.158203 0.004761
v -0.105469 0.001861 0.018799
v -0.117188 0.158203 0.011536
v -0.149414 0.150391 -0.006134
v 0.075683 0.004089 -0.069580
v 0.076172 -0.000173 -0.071533
v 0.074707 0.000194 -0.069580
v 0.076660 0.003647 -0.071533
v 0.076660 0.007691 -0.069580
v 0.125000 -0.020019 -0.007477
v 0.125977 -0.022705 -0.003372
v 0.129883 -0.015869 -0.003235
v 0.117676 -0.019043 -0.006805
v 0.122070 -0.024292 -0.007416
v 0.127929 -0.013611 -0.007477
v 0.120117 -0.013427 -0.007019
v -0.050537 0.025146 -0.067627
v -0.048828 0.028564 -0.061768
v -0.044190 0.021851 -0.067139
v -0.048340 0.019776 -0.067627
v -0.054199 0.022217 -0.067627
v -0.056640 0.026611 -0.068115
v -0.056396 0.029419 -0.062256
v -0.075683 -0.004059 -0.064697
v -0.075683 -0.000633 -0.064697
v -0.072754 -0.003036 -0.067139
v -0.077637 0.000480 -0.062256
v -0.077148 -0.004120 -0.062500
v -0.071778 -0.005921 -0.067139
v -0.074707 -0.007538 -0.064697
v 0.104980 0.048095 -0.005432
v 0.094238 0.043213 -0.003479
v 0.094238 0.039306 -0.002594
v 0.104980 0.048095 -0.005432
v 0.093262 0.059082 -0.003998
v 0.094238 0.043213 -0.003479
v 0.102539 0.037842 -0.002914
v 0.104980 0.048095 -0.005432
v 0.093750 0.076172 -0.005829
v 0.093262 0.059082 -0.003998
v 0.110352 0.046386 -0.005402
v 0.104980 0.049560 -0.010437
v 0.093262 0.076660 -0.011169
v 0.104980 0.049560 -0.010437
v 0.050049 -0.032959 -0.071533
v 0.050781 -0.033448 -0.066650
v 0.049073 -0.027710 -0.066162
v 0.048584 -0.026245 -0.072022
v 0.058105 -0.022949 -0.072998
v 0.051758 -0.039551 -0.071533
v 0.058350 -0.031128 -0.072022
v -0.146484 0.015076 0.006134
v -0.153321 0.021606 0.000465
v -0.155273 0.015869 -0.000259
v -0.142578 0.021851 0.007446
v -0.149414 0.007782 0.004669
v -0.145508 0.007080 0.001099
v -0.242188 -0.018554 -0.052734
v -0.250000 0.001518 -0.059570
v -0.250000 -0.020508 -0.058838
v -0.242188 -0.018554 -0.052734
v -0.243164 0.001763 -0.053467
v -0.250000 0.001518 -0.059570
v -0.242188 0.002548 -0.055420
v -0.241211 -0.019409 -0.053955
v -0.240234 -0.036621 -0.052002
v -0.241211 -0.019409 -0.053955
v 0.063477 0.031494 -0.004608
v 0.053222 0.034424 -0.005920
v 0.062500 0.024170 -0.003937
v 0.060302 0.042236 -0.006195
v 0.066406 0.026856 -0.004150
v 0.068360 0.027832 -0.008057
v 0.069824 0.032715 -0.003891
v 0.105469 -0.045166 -0.072998
v 0.103028 -0.036377 -0.073975
v 0.112305 -0.043457 -0.072510
v 0.103028 -0.036377 -0.073975
v 0.104492 -0.046631 -0.067139
v 0.104492 -0.046631 -0.067139
v 0.092773 -0.075683 -0.072022
v -0.072265 0.013001 -0.062988
v -0.006195 -0.087890 0.077881
v 0.001785 -0.071778 0.082275
v 0.000004 -0.070312 0.078857
v -0.007996 -0.086426 0.073975
v 0.002198 -0.091797 0.083740
v -0.015503 -0.102051 0.072510
v 0.126953 0.021118 -0.069092
v 0.115722 0.023682 -0.068604
v 0.123047 0.026734 -0.069092
v 0.130859 0.014221 -0.069092
v 0.121582 0.012451 -0.069092
v 0.118653 0.017944 -0.069092
v 0.075195 0.000036 -0.003265
v 0.075195 -0.004059 -0.005249
v 0.076172 -0.003860 -0.003494
v 0.075195 0.000036 -0.003265
v 0.076172 0.003815 -0.003014
v 0.074219 0.000072 -0.005158
v 0.079102 0.002517 -0.000412
v 0.074219 0.000072 -0.005158
v 0.079102 -0.000305 -0.000580
v 0.079102 -0.000305 -0.000580
v -0.163086 0.151367 -0.059082
v -0.143554 0.149414 -0.046387
v -0.158203 0.140625 -0.054443
v -0.194336 0.140625 -0.026733
v -0.177734 0.138672 -0.068604
v -0.145508 0.162109 -0.048828
v -0.122070 -0.172852 0.014221
v -0.092285 -0.158203 0.030762
v -0.098145 -0.157227 0.024170
v -0.119140 -0.161133 0.015503
v 0.087403 0.001678 -0.077393
v 0.093262 0.000729 -0.078369
v 0.087890 0.000206 -0.077881
v 0.123535 -0.026856 -0.003166
v 0.140625 -0.018799 -0.005035
v 0.125977 -0.022705 -0.003372
v 0.136719 -0.026489 -0.005219
v 0.140625 -0.018799 -0.005035
v 0.136719 -0.026489 -0.005219
v -0.034424 0.027832 -0.062256
v -0.037842 0.030639 -0.062500
v -0.032470 0.029541 -0.067139
v -0.030029 0.024414 -0.066650
v -0.030517 0.021484 -0.062256
v -0.043457 0.026489 -0.061768
v -0.061035 -0.004333 -0.070068
v -0.059082 -0.004059 -0.070557
v -0.061280 -0.008789 -0.069092
v -0.062988 -0.003799 -0.070068
v -0.060791 0.000526 -0.071045
v -0.064453 -0.008301 -0.068604
v 0.118653 0.044434 -0.010254
v 0.119140 0.044434 -0.005737
v 0.127929 0.042969 -0.005981
v 0.110840 0.046875 -0.010559
v 0.118653 0.044434 -0.010254
v 0.127929 0.042969 -0.005981
v 0.127929 0.043213 -0.010498
v 0.058594 -0.040771 -0.066650
v 0.050781 -0.040039 -0.066162
v 0.059082 -0.041015 -0.071533
v 0.066406 -0.042236 -0.066650
v -0.116211 0.008606 0.022705
v -0.114746 0.009399 0.023804
v -0.117188 0.012818 0.019775
v -0.118164 0.007996 0.021851
v -0.116211 0.004792 0.024170
v -0.119629 0.011169 0.018921
v -0.113770 0.005096 0.025635
v -0.212891 -0.070801 -0.079834
v -0.205078 -0.089355 -0.079346
v -0.212891 -0.072754 -0.083252
v -0.220703 -0.052735 -0.082275
v -0.098145 0.002350 -0.016785
v -0.205078 -0.088379 -0.075928
v 0.080078 0.011169 -0.003342
v 0.078613 0.011780 -0.005020
v 0.076660 0.008056 -0.004990
v 0.077637 0.007354 -0.003387
v 0.080078 0.011169 -0.003342
v 0.082031 0.008606 -0.000656
v 0.083985 0.010559 -0.000588
v 0.086426 0.012512 -0.000738
v 0.083496 0.013916 -0.003677
v 0.080078 0.011169 -0.003342
v 0.083496 0.013916 -0.003677
v 0.078613 0.011780 -0.005020
v 0.082031 0.008606 -0.000656
v 0.111817 -0.004120 -0.069580
v 0.111328 0.000016 -0.071533
v 0.111817 0.000057 -0.069092
v 0.110352 -0.004151 -0.071533
v 0.110352 -0.008362 -0.069580
v -0.039795 0.127929 0.060059
v -0.045899 0.131836 0.053955
v -0.025024 0.115235 0.067627
v -0.052979 0.137696 0.052490
v -0.039795 0.127929 0.060059
v -0.025024 0.115235 0.067627
v -0.018189 -0.020386 -0.061768
v -0.019287 -0.024658 -0.065674
v -0.016601 -0.017700 -0.065674
v -0.015625 -0.015320 -0.062012
v -0.020752 -0.026734 -0.061523
v 0.232422 0.062500 -0.070068
v 0.244141 0.063477 -0.070557
v 0.238281 0.040771 -0.069580
v 0.232422 0.062500 -0.070068
v 0.223633 0.082520 -0.070068
v 0.238281 0.077637 -0.070068
v 0.237304 0.040771 -0.068604
v 0.229492 0.061524 -0.068604
v 0.238281 0.077637 -0.070068
v 0.223633 0.082520 -0.070068
v 0.093262 -0.062011 -0.003464
v 0.093750 -0.076660 -0.005859
v 0.105469 -0.045410 -0.004456
v 0.081543 -0.045899 -0.004410
v 0.093262 -0.047608 -0.003120
v -0.078125 0.000511 -0.061768
v -0.080567 0.006744 -0.066650
v -0.077637 0.005646 -0.062012
v -0.077637 -0.003998 -0.061768
v -0.109863 -0.002014 0.027344
v -0.105957 -0.003723 0.028320
v -0.105469 -0.001968 0.028564
v -0.114746 -0.000057 0.026001
v -0.110352 -0.004273 0.027100
v -0.109375 -0.000396 0.027588
v 0.055176 0.169922 -0.068115
v 0.073242 0.171875 -0.040039
v 0.055664 0.169922 -0.039795
v 0.136719 -0.026977 -0.009644
v 0.135742 -0.033691 -0.005280
v 0.134766 -0.033448 -0.009705
v 0.139648 -0.020264 -0.010132
v -0.040528 0.018189 -0.067627
v -0.037110 0.014344 -0.067139
v -0.044922 0.016358 -0.067139
v -0.034912 0.017700 -0.062012
v -0.066406 -0.035400 -0.062256
v -0.066895 -0.027710 -0.062256
v -0.058350 -0.028931 -0.062012
v -0.070312 -0.034424 -0.067627
v -0.074707 -0.031494 -0.062256
v -0.057617 -0.035400 -0.062256
v -0.062500 -0.037110 -0.068115
v 0.099121 0.009033 0.002014
v 0.097168 0.009949 0.001953
v 0.097168 0.005554 0.003448
v 0.098633 0.004577 0.003174
v 0.101074 0.007691 0.001846
v 0.098145 0.013977 -0.000198
v 0.067383 -0.006562 -0.074951
v 0.068847 -0.013062 -0.074951
v 0.064453 -0.008056 -0.070068
v 0.063477 -0.000117 -0.069580
v 0.072265 -0.011963 -0.074951
v -0.140625 0.035400 0.007629
v -0.146484 0.041260 0.002319
v -0.147461 0.034912 0.001938
v -0.140625 0.026734 0.008423
v -0.137696 0.029419 0.009705
v -0.140625 0.035400 0.007629
v -0.140625 0.042480 0.006012
v -0.146484 0.041260 0.002319
v -0.137696 0.029419 0.009705
v 0.059570 0.014527 -0.007263
v 0.056885 0.007416 -0.007324
v 0.063477 0.001632 -0.007111
v 0.104004 -0.013489 -0.003830
v 0.100097 -0.015320 -0.004013
v 0.105469 -0.014160 -0.005158
v 0.106933 -0.010803 -0.003586
v 0.102051 -0.010925 -0.000834
v 0.099121 -0.012634 -0.001040
v 0.108887 -0.011048 -0.005127
v -0.058838 0.033203 -0.064697
v -0.076172 0.028443 -0.066162
v -0.056153 0.051514 -0.065186
v -0.058838 0.033203 -0.064697
v -0.056153 0.051514 -0.065186
v -0.048340 0.064453 -0.063232
v -0.058838 0.033203 -0.064697
v -0.056885 0.028321 -0.061768
v -0.062011 0.020264 -0.063721
v -0.056885 0.028321 -0.061768
v -0.076172 0.028443 -0.066162
v -0.045166 -0.003738 -0.064209
v -0.043945 -0.004151 -0.062256
v -0.045655 -0.008240 -0.062500
v -0.044677 -0.000019 -0.064209
v -0.046631 -0.007202 -0.064209
v -0.047851 -0.002487 -0.066650
v -0.045166 -0.003738 -0.064209
v -0.047851 -0.002487 -0.066650
v 0.197266 0.118164 -0.011658
v 0.182617 0.127929 -0.015320
v 0.197266 0.118164 -0.011658
v 0.181641 0.130859 -0.011963
v 0.182617 0.127929 -0.015320
v 0.181641 0.130859 -0.011963
v 0.085938 -0.022339 -0.074463
v 0.080078 -0.024903 -0.074463
v 0.081055 -0.020264 -0.074951
v 0.092773 -0.022949 -0.074463
v 0.086426 -0.026001 -0.074463
v -0.112793 0.017090 0.018677
v -0.112793 0.018189 0.017578
v -0.116211 0.017456 0.015747
v -0.116699 0.015991 0.016968
v -0.114258 0.013733 0.021118
v -0.110840 0.014038 0.022583
v -0.080567 -0.031739 -0.066650
v -0.076660 -0.041992 -0.065674
v -0.083008 -0.041260 -0.064697
v -0.080567 -0.031739 -0.066650
v -0.083008 -0.029297 -0.061768
v -0.083008 -0.041260 -0.064697
v -0.083008 -0.029297 -0.061768
v 0.094238 0.017700 -0.005158
v 0.098633 0.017578 -0.005158
v 0.089355 0.017456 -0.005371
v 0.203125 -0.126953 -0.041504
v 0.187500 -0.139648 -0.068115
v 0.215821 -0.111328 -0.041748
v 0.203125 -0.126953 -0.041504
v -0.077637 0.001465 0.036865
v -0.078613 -0.005340 0.035889
v -0.079102 0.001999 0.042480
v -0.077637 0.001465 0.036865
v -0.079102 0.001999 0.042480
v -0.084961 0.001183 0.032715
v -0.046631 -0.077148 -0.008850
v -0.055908 -0.084472 -0.008789
v -0.035645 -0.093750 -0.009033
v -0.035400 -0.093262 -0.010986
v -0.055908 -0.084472 -0.008789
v -0.035400 -0.093262 -0.010986
v 0.114746 0.009033 -0.074463
v 0.118653 0.011169 -0.074463
v 0.121094 0.005066 -0.074463
v 0.110352 0.009582 -0.069580
v 0.112305 0.014771 -0.074463
v 0.116211 0.003525 -0.074463
v 0.111328 0.005127 -0.069580
v 0.083008 -0.006684 0.000252
v 0.083008 -0.009582 -0.000814
v 0.085938 -0.005371 0.001526
v 0.083008 -0.006684 0.000252
v 0.085449 -0.003372 0.002090
v 0.081055 -0.006195 -0.000795
v 0.080078 -0.010742 -0.003708
v 0.083008 -0.009582 -0.000814
v -0.145508 0.041992 -0.001295
v -0.138672 0.042969 0.001434
v -0.145508 0.041992 -0.001295
v -0.145508 0.035645 -0.002010
v -0.125977 -0.006958 0.013428
v -0.124023 -0.010681 0.013733
v -0.126953 -0.002762 0.013000
v -0.125977 -0.007477 0.011169
v -0.124512 -0.004059 0.016968
v -0.124023 -0.010987 0.011841
v -0.125000 -0.001724 0.016357
v 0.067383 0.044434 -0.072022
v 0.072265 0.034424 -0.073975
v 0.066406 0.032470 -0.073486
v 0.067383 0.044434 -0.072022
v 0.077148 0.047364 -0.067627
v 0.075195 0.046142 -0.072510
v 0.067383 0.044434 -0.072022
v 0.066406 0.032470 -0.073486
v 0.058838 0.042969 -0.072022
v 0.068360 0.044677 -0.067139
v 0.072265 0.034424 -0.073975
v 0.068360 0.044677 -0.067139
v 0.117188 -0.028198 -0.007263
v 0.114258 -0.024536 -0.007019
v 0.108887 -0.026367 -0.006989
v 0.111328 -0.034180 -0.002495
v 0.121094 -0.038330 -0.003662
v 0.120117 -0.026001 -0.007355
v 0.122070 -0.030029 -0.003387
v 0.109863 -0.031494 -0.007568
v -0.056640 0.013427 -0.067139
v -0.058594 0.009643 -0.069092
v -0.061767 0.010071 -0.069092
v -0.056640 0.013427 -0.067139
v -0.061767 0.013916 -0.067139
v -0.055664 0.015625 -0.064697
v -0.056640 0.013427 -0.067139
v -0.051514 0.013733 -0.064697
v -0.053467 0.011536 -0.067139
v -0.055664 0.015625 -0.064697
v -0.053467 0.011536 -0.067139
v -0.061767 0.013916 -0.067139
v -0.018799 -0.112793 -0.066650
v -0.031006 -0.098633 -0.066162
v -0.027344 -0.099121 -0.064697
v -0.004792 -0.123047 -0.067627
v -0.008667 -0.136719 -0.068604
v 0.174804 0.000526 -0.011231
v 0.170898 -0.000450 -0.004074
v 0.174804 0.000526 -0.011231
v 0.170898 -0.000450 -0.004074
v 0.146484 -0.010742 -0.010010
v 0.091308 -0.017578 -0.069580
v 0.091308 -0.017578 -0.069580
v 0.086426 -0.016479 -0.069580
v 0.091308 -0.016479 -0.071533
v 0.091308 -0.016479 -0.071533
v -0.097656 0.022339 0.031494
v -0.094727 0.018677 0.033203
v -0.097168 0.015747 0.031738
v -0.098145 0.028076 0.024536
v -0.101562 0.024170 0.029419
v -0.100097 0.019165 0.030273
v -0.097656 0.022339 0.031494
v -0.097168 0.015747 0.031738
v -0.125000 -0.028198 0.009949
v -0.132812 -0.028198 0.006317
v -0.130859 -0.031128 0.007080
v -0.118653 -0.029663 0.013061
v -0.124023 -0.033203 0.010620
v -0.129883 -0.025024 0.007996
v 0.049073 0.017700 0.059082
v 0.025512 0.019409 0.096924
v 0.050049 0.000164 0.059570
v 0.049073 0.017700 0.059082
v -0.098145 0.002350 -0.016785
v 0.046386 0.035889 0.058350
v 0.046386 0.035889 0.058350
v 0.022949 0.037842 0.095459
v 0.050049 0.000164 0.059570
v 0.116699 -0.001107 -0.074463
v 0.112305 0.000101 -0.069580
v 0.116699 -0.001107 -0.074463
v 0.116211 0.003525 -0.074463
v 0.121582 -0.001419 -0.074951
v 0.120605 -0.008301 -0.074951
v 0.116699 -0.007629 -0.074951
v 0.112305 -0.004242 -0.069580
v 0.112305 0.000101 -0.069580
v -0.039551 0.157227 0.013306
v -0.072754 0.165039 0.040527
v -0.060547 0.158203 0.047852
v -0.051758 0.164062 0.005646
v -0.027099 0.149414 0.020874
v -0.095703 -0.014648 0.032227
v -0.097656 -0.012390 0.025146
v -0.098633 -0.017578 0.030273
v -0.095215 -0.008545 0.026245
v -0.093750 -0.018311 0.033203
v -0.095703 -0.014648 0.032227
v -0.093750 -0.018311 0.033203
v 0.103028 0.035889 -0.069580
v 0.103028 0.035889 -0.069580
v 0.094238 0.030762 -0.069092
v 0.094238 0.037110 -0.069580
v 0.104492 0.038819 -0.073975
v 0.104492 0.038819 -0.073975
v 0.102051 0.029663 -0.069092
v 0.102051 0.029663 -0.069092
v 0.013245 -0.134766 -0.012390
v -0.004822 -0.121582 -0.011536
v -0.004120 -0.123047 -0.009827
v 0.013245 -0.134766 -0.012390
v 0.093262 -0.001015 -0.012146
v -0.004822 -0.121582 -0.011536
v 0.013001 -0.135742 -0.010315
v 0.031128 -0.144531 -0.012940
v -0.004120 -0.123047 -0.009827
v -0.223633 0.021118 -0.088623
v -0.219727 0.042236 -0.087158
v -0.221679 0.042725 -0.083252
v -0.232422 0.022461 -0.095947
v -0.223633 0.021118 -0.088623
v -0.224609 -0.003555 -0.088623
v -0.232422 0.000813 -0.096924
v -0.232422 0.022461 -0.095947
v -0.221679 0.042725 -0.083252
v -0.225586 0.021118 -0.084717
v -0.139648 -0.027466 0.009155
v -0.137696 -0.030396 0.010315
v -0.135742 -0.025635 0.005188
v -0.139648 -0.027466 0.009155
v -0.148438 -0.031128 0.001923
v -0.146484 -0.036621 0.002624
v -0.138672 -0.021363 0.003723
v -0.143554 -0.022461 0.007629
v -0.148438 -0.031128 0.001923
v -0.139648 -0.027466 0.009155
v -0.146484 -0.036621 0.002624
v -0.137696 -0.030396 0.010315
v 0.057129 0.015625 -0.073486
v 0.055908 0.006866 -0.070068
v 0.054931 0.008117 -0.073975
v 0.058105 0.014221 -0.069580
v 0.047119 0.021363 -0.072510
v 0.043945 0.015198 -0.072510
v 0.099121 -0.001404 0.003448
v 0.103028 -0.000630 0.002121
v 0.099610 0.000805 0.003357
v 0.099121 -0.001404 0.003448
v 0.094238 0.000137 0.004364
v 0.097656 -0.003510 0.003296
v 0.103515 -0.002411 0.001984
v 0.094238 0.000137 0.004364
v -0.066895 0.049073 -0.061035
v -0.054444 0.073242 -0.061768
v -0.067871 0.047608 -0.066162
v -0.073242 0.046142 -0.065674
v -0.072754 0.046631 -0.060791
v -0.053467 -0.009949 -0.067139
v -0.056153 -0.015259 -0.063721
v -0.056640 -0.011963 -0.067139
v -0.055176 -0.006928 -0.069092
v -0.053955 -0.005218 -0.069092
v -0.051025 -0.008179 -0.066650
v 0.135742 0.035889 -0.010437
v 0.135742 0.042725 -0.010620
v 0.134766 0.042236 -0.005829
v 0.135742 0.035645 -0.006073
v 0.136719 0.028809 -0.010498
v 0.052002 -0.166992 -0.010803
v 0.052002 -0.166992 -0.010803
v -0.105957 0.004669 0.027954
v -0.105469 0.003189 0.028442
v -0.102051 0.007202 0.027710
v -0.109375 0.001297 0.027588
v -0.103515 0.009643 0.026611
v -0.109863 0.002945 0.027344
v -0.107422 0.006714 0.027222
v -0.131836 -0.011780 0.013855
v 0.083496 0.047608 -0.005310
v 0.083496 0.047608 -0.005310
v 0.225586 -0.073730 -0.069580
v 0.233398 -0.056396 -0.070068
v 0.245117 -0.058105 -0.070068
v 0.225586 -0.073730 -0.069580
v 0.216797 -0.089844 -0.069092
v 0.215821 -0.088867 -0.067627
v 0.245117 -0.058105 -0.070068
v 0.237304 -0.077148 -0.069580
v 0.224609 -0.073242 -0.068604
v 0.233398 -0.056396 -0.070068
v -0.064942 0.021606 -0.008942
v -0.061035 0.041992 -0.009155
v -0.070801 0.044922 -0.008820
v -0.065430 0.002060 -0.010803
v -0.063477 0.022705 -0.010986
v -0.064942 0.021606 -0.008942
v -0.066895 0.001518 -0.008484
v -0.065430 0.002060 -0.010803
v -0.075195 0.023316 -0.008484
v -0.066895 0.001518 -0.008484
v -0.070312 -0.164062 0.041748
v -0.075683 -0.152344 0.040039
v -0.085449 -0.169922 0.034424
v -0.062500 -0.168946 0.000946
v -0.049805 -0.164062 0.010681
v -0.055664 -0.156250 0.050049
v -0.061524 -0.144531 0.047363
v 0.107422 0.000016 -0.073975
v 0.107422 -0.003311 -0.073975
v 0.107422 0.000016 -0.073975
v 0.104492 0.000330 -0.075928
v 0.103515 0.002548 -0.075928
v 0.107422 0.003540 -0.073975
v 0.104492 0.000330 -0.075928
v 0.111328 0.000016 -0.071533
v 0.063965 -0.023926 -0.007660
v 0.063477 -0.026856 -0.003769
v 0.068360 -0.015991 -0.007507
v -0.229492 0.044677 -0.094482
v -0.215821 0.062988 -0.081299
v -0.213867 0.062988 -0.083252
v -0.111817 -0.009643 0.025269
v -0.108887 -0.012878 0.024414
v -0.110352 -0.009217 0.026001
v -0.112793 -0.005218 0.026367
v -0.113281 -0.010071 0.024292
v -0.114746 -0.005646 0.025513
v 0.068360 0.030151 -0.069092
v 0.068360 0.030151 -0.069092
v 0.157227 -0.140625 -0.014587
v 0.160156 -0.141602 -0.011963
v 0.134766 -0.151367 -0.014038
v 0.093262 -0.001015 -0.012146
v -0.057129 0.003738 -0.070557
v -0.056153 0.001678 -0.070068
v -0.060791 0.000526 -0.071045
v -0.057129 0.003738 -0.070557
v -0.053711 0.006378 -0.069092
v -0.059326 0.005524 -0.070557
v -0.056153 0.001678 -0.070068
v -0.053711 0.006378 -0.069092
v -0.021484 -0.031983 -0.065674
v -0.031250 -0.023071 -0.067139
v -0.022339 -0.032470 -0.061523
v -0.023193 -0.038819 -0.065674
v 0.242188 0.021851 -0.012817
v 0.240234 0.042480 -0.012756
v 0.238281 0.041992 -0.016541
v 0.244141 0.002014 -0.013123
v 0.250000 0.002045 -0.012085
v 0.241211 0.022217 -0.017212
v 0.250000 0.023559 -0.012573
v 0.089844 -0.008728 -0.075928
v 0.091308 -0.004151 -0.077393
v 0.092773 -0.008972 -0.075928
v -0.116211 0.050537 0.012939
v -0.120605 0.048340 0.010742
v -0.125977 0.046386 0.013794
v -0.110840 0.078613 0.021851
v -0.108398 0.078125 0.018677
v -0.120605 0.047851 0.016846
v -0.183594 -0.117188 -0.068604
v -0.183594 -0.117676 -0.065674
v -0.170898 -0.130859 -0.061279
v -0.176758 -0.140625 -0.065186
v -0.191406 -0.126953 -0.073975
v -0.183594 -0.117188 -0.068604
v -0.194336 -0.106445 -0.072510
v -0.183594 -0.117676 -0.065674
v -0.191406 -0.126953 -0.073975
v 0.078613 0.011780 -0.005020
v 0.082031 0.014527 -0.005020
v 0.129883 -0.015320 -0.069580
v 0.127929 -0.022949 -0.073486
v 0.125977 -0.021606 -0.069092
v 0.129883 -0.015320 -0.069580
v 0.123047 -0.007263 -0.069580
v 0.132812 -0.007232 -0.069580
v 0.121582 -0.014404 -0.069580
v 0.125977 -0.021606 -0.069092
v 0.130859 -0.015442 -0.073486
v 0.132812 -0.007232 -0.069580
v -0.026734 0.116211 0.064209
v -0.045899 0.131836 0.053955
v -0.105469 0.001861 0.018799
v -0.014832 0.100586 0.070557
v -0.025024 0.115235 0.067627
v -0.012085 0.101074 0.074463
v -0.094238 -0.004944 0.026611
v -0.096680 -0.004944 0.027466
v -0.093750 -0.000870 0.026855
v 0.113281 0.172852 -0.069092
v 0.093262 0.172852 -0.040283
v 0.113281 0.171875 -0.040527
v 0.133789 0.155273 -0.068604
v 0.134766 0.167969 -0.069092
v 0.113281 0.172852 -0.069092
v 0.134766 0.167969 -0.069092
v 0.133789 0.155273 -0.068604
v 0.013977 -0.018189 0.086670
v -0.105469 0.001861 0.018799
v 0.010559 -0.035645 0.084717
v 0.015503 0.000286 0.087646
v 0.013977 -0.018189 0.086670
v 0.010559 -0.035645 0.084717
v 0.012329 -0.036377 0.088135
v 0.013977 -0.018189 0.086670
v 0.014892 -0.018066 0.090576
v 0.015503 0.000286 0.087646
v 0.014892 -0.018066 0.090576
v -0.149414 0.022094 -0.004456
v -0.149414 0.027954 0.001495
v -0.250000 0.001518 -0.059570
v -0.250000 0.001518 -0.059570
v -0.243164 0.001763 -0.053467
v -0.250000 0.023682 -0.058594
v -0.232422 0.022461 -0.095947
v -0.232422 0.000813 -0.096924
v 0.020996 0.157227 -0.010620
v 0.030762 0.147461 -0.011475
v 0.039062 0.164062 -0.010559
v 0.037842 0.165039 -0.040283
v 0.020264 0.157227 -0.040039
v 0.003433 0.145508 -0.010071
v 0.012268 0.136719 -0.010437
v 0.102539 -0.028931 -0.069092
v 0.099121 -0.025879 -0.074951
v 0.105469 -0.023804 -0.074951
v 0.102539 -0.028931 -0.069092
v 0.110840 -0.026245 -0.069092
v 0.109375 -0.033203 -0.068604
v 0.099610 -0.034912 -0.069092
v 0.093750 -0.029785 -0.069092
v 0.109375 -0.033203 -0.068604
v -0.094727 0.011475 0.033203
v -0.042725 -0.109375 -0.039063
v 0.093750 0.000362 -0.040527
v -0.028076 -0.123535 -0.039307
v -0.042725 -0.109375 -0.039063
v -0.041504 -0.104492 -0.008911
v -0.055908 -0.093262 -0.039063
v -0.042725 -0.109375 -0.039063
v -0.026856 -0.120117 -0.009003
v -0.041504 -0.104492 -0.008911
v 0.093750 0.000362 -0.040527
v -0.042725 -0.109375 -0.039063
v -0.028076 -0.123535 -0.039307
v -0.026856 -0.120117 -0.009003
v 0.135742 0.008606 -0.073486
v 0.144531 0.015442 -0.072510
v 0.146484 0.010132 -0.072510
v 0.133789 0.006653 -0.069092
v 0.143554 0.000274 -0.073486
v 0.134766 0.000508 -0.070068
v 0.082520 -0.013794 -0.003983
v 0.085938 -0.011719 -0.000814
v 0.086914 -0.007385 0.001450
v 0.082520 -0.013794 -0.003983
v -0.094238 0.042480 -0.059082
v -0.087403 0.042969 -0.059326
v -0.095215 0.041748 -0.062988
v -0.094727 0.035400 -0.059326
v -0.095215 -0.032715 0.026001
v -0.088867 -0.028809 0.031738
v -0.102539 -0.035156 0.021362
v -0.096680 -0.034424 0.031006
v -0.095215 -0.032715 0.026001
v -0.095215 -0.027954 0.025513
v -0.102051 -0.030274 0.021973
v -0.088867 -0.028809 0.031738
v -0.102539 -0.035156 0.021362
v 0.093750 0.017823 -0.070068
v 0.099610 0.022705 -0.074951
v 0.098633 0.017578 -0.069580
v 0.093750 0.017823 -0.070068
v 0.088379 0.017700 -0.070068
v 0.094238 0.023438 -0.074463
v 0.099610 0.022705 -0.074951
v 0.093750 0.017823 -0.070068
v 0.093262 0.016968 -0.071533
v 0.089844 0.016236 -0.072022
v 0.089355 0.017456 -0.070068
v 0.098145 0.017578 -0.070068
v 0.240234 -0.017578 -0.016663
v 0.241211 -0.017578 -0.012756
v 0.243164 0.001930 -0.016968
v 0.093262 -0.001015 -0.012146
v 0.240234 -0.017578 -0.016663
v 0.243164 0.001930 -0.016968
v 0.093262 -0.001015 -0.012146
v -0.031739 0.043213 -0.065674
v -0.025757 0.041992 -0.065674
v -0.032470 0.029541 -0.067139
v -0.033691 0.043945 -0.060791
v -0.037597 0.032226 -0.067139
v -0.037842 0.044922 -0.065186
v -0.061524 -0.016358 -0.063721
v -0.061035 -0.017456 -0.062500
v 0.106445 0.020141 -0.000580
v 0.100586 0.022583 -0.000534
v 0.106445 0.020141 -0.000580
v 0.100586 0.022583 -0.000534
v 0.102539 0.016358 -0.005371
v 0.106933 0.013489 -0.005615
v 0.110840 0.017944 -0.000534
v 0.050293 -0.166992 -0.068604
v 0.030274 -0.144531 -0.068115
v 0.048828 -0.153321 -0.067627
v 0.029541 -0.160156 -0.068604
v 0.048828 -0.153321 -0.067627
v -0.122558 0.002655 0.020386
v -0.121094 0.004699 0.020508
v -0.125000 0.004059 0.016968
v -0.125000 0.001305 0.016357
v -0.123047 0.001236 0.020019
v -0.121094 0.004699 0.020508
v -0.197266 -0.140625 -0.027832
v -0.190429 -0.125977 -0.024170
v -0.209961 -0.126953 -0.035889
v -0.182617 -0.150391 -0.020508
v -0.178711 -0.136719 -0.018189
v 0.073730 0.000622 -0.006256
v 0.074219 0.004669 -0.006317
v 0.069824 0.000107 -0.000834
v 0.101562 -0.005310 -0.075928
v 0.104492 -0.008240 -0.073975
v -0.074219 0.045410 -0.039551
v 0.093750 0.000362 -0.040527
v -0.078613 0.024781 -0.039551
v -0.074219 0.045410 -0.039551
v -0.078613 0.024781 -0.039551
v -0.067871 0.066406 -0.039795
v -0.067871 0.066406 -0.039795
v -0.067871 -0.010803 0.044189
v -0.068360 -0.015442 0.038574
v -0.064453 -0.009949 0.041016
v -0.071289 -0.016601 0.042969
v -0.067871 -0.010803 0.044189
v -0.064453 -0.009949 0.041016
v -0.045655 0.001580 0.057861
v -0.062988 0.001198 0.049072
v -0.069336 0.001778 0.046143
v -0.079590 -0.005310 0.041260
v -0.062988 0.001198 0.049072
v 0.205078 0.122070 -0.041504
v 0.091797 0.000546 -0.040283
v 0.218750 0.106445 -0.041016
v 0.220703 0.108398 -0.070557
v 0.206054 0.124023 -0.070068
v 0.190429 0.136719 -0.041504
v 0.205078 0.122070 -0.041504
v 0.190429 0.136719 -0.041504
v 0.091797 0.000546 -0.040283
v 0.085449 -0.028564 -0.007294
v 0.085449 -0.028564 -0.007294
v 0.085938 -0.034180 -0.007660
v 0.086426 -0.025512 -0.001198
v 0.079590 -0.023926 -0.001366
v 0.086426 -0.025512 -0.001198
v -0.083985 0.016113 -0.061523
v -0.078613 0.023071 -0.061768
v -0.077637 0.019653 -0.068115
v -0.083985 0.016113 -0.061523
v -0.081543 0.014344 -0.067139
v -0.086426 0.007935 -0.061768
v -0.077637 0.019653 -0.068115
v -0.089844 0.018799 -0.061523
v -0.078613 0.023071 -0.061768
v -0.092773 0.010620 -0.061035
v -0.118164 -0.012695 0.019409
v -0.120605 -0.011475 0.018066
v -0.118164 -0.015320 0.016479
v -0.117188 -0.009278 0.022217
v -0.119140 -0.008606 0.021362
v -0.119140 -0.008606 0.021362
v 0.077637 0.036865 -0.073975
v 0.084961 0.036377 -0.069092
v 0.075683 0.033935 -0.068604
v 0.082520 0.048828 -0.072022
v 0.086426 0.038330 -0.074463
v 0.077637 0.036865 -0.073975
v 0.127929 -0.040283 -0.005463
v 0.134766 -0.039795 -0.005981
v 0.123535 -0.026856 -0.003166
v 0.126953 -0.040771 -0.009949
v 0.127929 -0.040283 -0.005463
v 0.122070 -0.030029 -0.003387
v 0.121094 -0.038330 -0.003662
v 0.118653 -0.041504 -0.009583
v 0.127929 -0.040283 -0.005463
v 0.118653 -0.041504 -0.009583
v -0.048340 0.010803 -0.064209
v -0.050781 0.008972 -0.067139
v -0.047608 0.011963 -0.062744
v -0.045166 0.008362 -0.062744
v -0.046142 0.007507 -0.064697
v -0.077637 -0.019043 -0.067139
v -0.083985 -0.015320 -0.061768
v -0.082031 -0.013611 -0.067139
v -0.077637 -0.019043 -0.067139
v -0.072754 -0.022583 -0.068115
v -0.073730 -0.025024 -0.062256
v -0.079590 -0.021118 -0.061768
v -0.079590 -0.021118 -0.061768
v -0.075195 -0.016358 -0.067139
v -0.082031 -0.013611 -0.067139
v 0.102539 0.016358 -0.005371
v 0.007782 0.001068 -0.065674
v 0.009217 0.000946 -0.064209
v -0.011352 -0.010315 -0.061279
v 0.007782 0.001068 -0.065674
v -0.011352 -0.010315 -0.061279
v 0.007782 0.001068 -0.065674
v -0.012634 -0.010864 -0.065674
v 0.007782 0.001068 -0.065674
v -0.012146 0.011352 -0.064697
v 0.009217 0.000946 -0.064209
v -0.129883 0.168946 -0.039795
v -0.135742 0.170898 0.005646
v -0.110352 0.171875 -0.029785
v -0.138672 -0.002747 0.012024
v -0.137696 0.003754 0.012024
v -0.139648 -0.000686 0.003265
v -0.136719 -0.009643 0.012695
v -0.138672 -0.002747 0.012024
v -0.138672 -0.009278 0.003418
v -0.136719 -0.009643 0.012695
v -0.139648 -0.000686 0.003265
v 0.020996 0.157227 -0.068604
v 0.048584 0.153321 -0.067627
v 0.027832 0.145508 -0.067139
v 0.004822 0.148438 -0.068604
v 0.020996 0.157227 -0.068604
v 0.004181 0.148438 -0.039307
v 0.020264 0.157227 -0.039307
v 0.037842 0.165039 -0.068115
v 0.004181 0.148438 -0.039307
v 0.020264 0.157227 -0.039307
v 0.094727 -0.009278 0.001572
v 0.094238 -0.005096 0.003143
v 0.092773 -0.009522 0.001709
v 0.095215 -0.013245 -0.000750
v 0.099121 -0.012634 -0.001040
v 0.096192 -0.008911 0.001923
v -0.069336 0.015991 -0.062500
v -0.066406 0.022705 -0.068115
v -0.064942 0.017334 -0.062500
v -0.071778 0.020019 -0.067627
v -0.069336 0.015991 -0.062500
v -0.072754 0.013550 -0.062256
v -0.071778 0.020019 -0.067627
v -0.049073 -0.043945 -0.066650
v -0.058594 -0.072754 -0.066650
v -0.060059 -0.060059 -0.067627
v -0.061280 -0.046386 -0.068115
v -0.045410 -0.042725 -0.061279
v -0.051025 -0.045655 -0.061035
v -0.049073 -0.043945 -0.066650
v -0.057373 -0.036621 -0.068115
v -0.039551 -0.041504 -0.066650
v -0.062500 -0.037110 -0.068115
v 0.121582 0.013916 -0.006836
v 0.118164 0.020386 -0.007385
v 0.118653 0.014648 -0.000872
v 0.121582 0.007569 -0.000876
v 0.124023 0.006928 -0.006805
v 0.128906 0.013550 -0.007416
v 0.125977 0.020386 -0.007904
v 0.075683 -0.009338 -0.069580
v 0.078125 -0.012878 -0.069580
v -0.112305 0.043945 0.022827
v -0.114258 0.038574 0.022339
v -0.110840 0.061035 0.023315
v -0.136719 -0.042969 0.002441
v -0.144531 -0.042725 0.002502
v -0.142578 -0.042969 -0.001082
v -0.139648 -0.042969 0.006012
v 0.088867 0.009033 0.001617
v 0.091797 0.005524 0.003174
v 0.091797 0.005524 0.003174
v 0.135742 -0.007507 -0.073975
v 0.142578 -0.018311 -0.072022
v 0.143554 0.000274 -0.073486
v 0.134766 0.000508 -0.070068
v -0.019409 0.112793 -0.009216
v -0.020386 0.110352 -0.011169
v -0.004151 0.125000 -0.009888
v -0.013794 0.132812 -0.009277
v -0.030029 0.117676 -0.008698
v -0.033448 0.098145 -0.009155
v -0.085938 -0.022217 0.038330
v -0.087403 -0.026123 0.037109
v -0.073730 -0.023193 0.041748
v -0.082520 -0.013427 0.040039
v -0.084961 -0.020752 0.032227
v 0.049316 -0.151367 -0.012940
v 0.032470 -0.145508 -0.011108
v 0.051758 -0.153321 -0.011108
v 0.069336 -0.156250 -0.013123
v -0.174804 0.001549 -0.018921
v -0.174804 -0.001534 -0.018677
v -0.175781 -0.000385 -0.010620
v -0.107422 -0.172852 -0.026489
v -0.135742 -0.170898 0.005707
v 0.074219 0.005432 -0.069580
v 0.071289 0.012207 -0.074951
v 0.075683 0.009522 -0.069580
v 0.111328 -0.022217 -0.000849
v 0.113770 -0.018677 -0.000473
v -0.060302 0.022827 -0.067627
v -0.055908 0.017090 -0.062012
v -0.060547 0.017212 -0.062500
v -0.063965 0.026734 -0.067627
v -0.056640 0.026611 -0.068115
v -0.054199 0.022217 -0.067627
v -0.027344 -0.015381 -0.066650
v -0.031983 0.000477 -0.062012
v 0.092773 -0.026489 -0.074463
v 0.099121 -0.022583 -0.074463
v -0.102539 0.015625 0.022705
v -0.100586 0.012024 0.025391
v -0.100097 0.013427 0.024414
v -0.102539 0.015625 0.022705
v -0.092285 -0.014832 -0.061035
v -0.089355 -0.022705 -0.061279
v -0.092773 -0.016113 -0.064697
v -0.086426 -0.007782 -0.061279
v -0.094727 -0.006806 -0.060791
v 0.078125 0.032959 -0.007721
v 0.074219 0.026001 -0.007782
v 0.080567 0.027710 -0.007782
v 0.078125 0.032959 -0.007721
v 0.080567 0.027710 -0.007782
v 0.086914 0.034912 -0.007568
v 0.086426 0.037354 -0.002655
v 0.071778 0.029663 -0.008026
v 0.086426 0.037354 -0.002655
v 0.203125 -0.126953 -0.041504
v 0.091797 0.000546 -0.040283
v 0.188477 -0.139648 -0.041504
v 0.091797 0.000546 -0.040283
v 0.188477 -0.139648 -0.041504
v -0.068360 0.012024 0.044922
v -0.069336 0.001778 0.046143
v -0.073730 -0.025024 -0.062256
v -0.066406 -0.025391 -0.067627
v -0.072754 -0.022583 -0.068115
v 0.098633 0.011780 -0.075440
v 0.103028 0.010925 -0.074951
v 0.097656 0.013733 -0.074951
v 0.097656 0.009338 -0.076416
v 0.094238 0.010376 -0.076416
v 0.065430 -0.000808 -0.000750
v 0.065430 -0.000808 -0.000750
v 0.070801 -0.006103 -0.001024
v 0.069824 0.000107 -0.000834
v 0.070801 -0.006103 -0.001024
v -0.211914 0.123535 -0.037842
v -0.192383 0.123535 -0.075440
v -0.225586 0.104492 -0.044922
v -0.206054 0.113770 -0.034424
v -0.194336 0.140625 -0.026733
v -0.216797 0.097168 -0.041016
v -0.177734 0.138672 -0.068604
v -0.212891 -0.072754 -0.083252
v -0.221679 -0.078125 -0.089111
v -0.227539 -0.059082 -0.092529
v 0.062988 0.020996 -0.007507
v 0.068360 0.024781 -0.007782
v 0.062988 0.020996 -0.007507
v 0.066406 0.014038 -0.007233
v 0.070312 0.019287 -0.007629
v 0.059570 0.014527 -0.007263
v 0.111328 0.000016 -0.071533
v 0.110352 0.004089 -0.071533
v 0.111817 0.000057 -0.069092
v 0.110352 0.004089 -0.071533
v -0.083496 0.153321 0.034668
v -0.086426 0.167969 0.033447
v -0.065918 -0.018066 -0.008698
v -0.077637 0.002045 -0.008148
v -0.076172 -0.019287 -0.008057
v -0.065918 -0.018066 -0.008698
v -0.076172 -0.019287 -0.008057
v -0.066895 0.001518 -0.008484
v -0.061524 -0.037842 -0.010620
v -0.064453 -0.017700 -0.010620
v -0.064453 -0.017700 -0.010620
v 0.210938 0.096192 -0.068115
v 0.197266 0.112305 -0.067627
v 0.199219 0.115235 -0.069092
v 0.210938 0.096192 -0.068115
v 0.092285 -0.000953 -0.065674
v 0.197266 0.112305 -0.067627
v 0.221679 0.080078 -0.068604
v 0.211914 0.100586 -0.069092
v 0.221679 0.080078 -0.068604
v 0.039551 -0.054688 0.056396
v 0.044677 -0.037110 0.058350
v 0.020874 -0.038330 0.094482
v 0.039551 -0.054688 0.056396
v -0.098145 0.002350 -0.016785
v 0.044677 -0.037110 0.058350
v 0.016479 -0.057129 0.092041
v 0.032715 -0.072754 0.053711
v 0.039551 -0.054688 0.056396
v 0.032715 -0.072754 0.053711
v -0.125000 0.008850 0.011414
v -0.123047 0.011292 0.014770
v -0.123047 0.012268 0.012756
v -0.126953 0.004822 0.010681
v -0.125000 0.008240 0.013794
v -0.101074 -0.003937 0.028320
v -0.096192 -0.001091 0.027588
v -0.100097 -0.000480 0.028686
v -0.105469 -0.001968 0.028564
v -0.101074 -0.003937 0.028320
v -0.105957 -0.005554 0.027954
v -0.105957 -0.005554 0.027954
v 0.091797 0.000546 -0.040283
v 0.242188 -0.062256 -0.040527
v 0.247071 -0.040039 -0.011475
v 0.234375 -0.080078 -0.040772
v 0.243164 -0.061280 -0.011047
v 0.234375 -0.080078 -0.040772
v -0.028321 0.015198 -0.062256
v -0.026367 0.016724 -0.066162
v -0.030029 0.024414 -0.066650
v -0.030517 0.021484 -0.062256
v -0.058350 -0.073242 -0.061279
v -0.075195 -0.043457 -0.060059
v 0.108887 -0.000037 -0.000565
v 0.078125 -0.012878 -0.069580
v -0.125000 0.033691 0.010498
v -0.127929 0.034668 0.015259
v -0.135742 0.031250 0.011169
v -0.119140 0.036133 0.014221
v -0.131836 0.029175 0.007385
v -0.123535 0.027954 0.011108
v -0.117676 0.030029 0.013977
v -0.146484 -0.029419 -0.003090
v -0.144531 -0.035889 -0.002174
v -0.148438 -0.031128 0.001923
v -0.151367 -0.024292 0.001068
v -0.149414 -0.022827 -0.004318
v 0.074707 0.020752 -0.001112
v 0.070801 0.015747 -0.000725
v 0.075195 0.015381 -0.000725
v 0.082520 0.024170 -0.001131
v 0.078613 0.018554 -0.000565
v 0.131836 -0.166016 -0.069092
v 0.153321 -0.160156 -0.041260
v 0.131836 -0.166992 -0.041016
v 0.131836 -0.166016 -0.069092
v 0.131836 -0.166992 -0.041016
v 0.109375 -0.169922 -0.068604
v 0.152344 -0.159179 -0.069092
v 0.109375 -0.158203 -0.068115
v 0.132812 -0.153321 -0.067627
v 0.132812 -0.153321 -0.067627
v -0.077637 0.002045 -0.008148
v -0.066895 0.001518 -0.008484
v -0.075195 0.023316 -0.008484
v -0.077637 0.002045 -0.008148
v -0.078613 0.024781 -0.039551
v -0.081543 0.002151 -0.039551
v -0.081543 0.002151 -0.039551
v -0.077637 0.002045 -0.008148
v 0.000414 -0.125977 0.037109
v -0.017944 -0.122558 0.071045
v -0.011352 -0.136719 0.031006
v 0.144531 0.015503 -0.067139
v 0.147461 0.010559 -0.067627
v 0.081543 -0.014099 -0.005585
v 0.078613 -0.011475 -0.005280
v 0.085449 -0.016479 -0.005676
v -0.135742 -0.155273 0.002960
v -0.117676 -0.159179 0.013794
v -0.105469 0.001861 0.018799
v -0.151367 -0.149414 -0.005615
v -0.151367 -0.152344 -0.002800
v -0.134766 -0.157227 0.006256
v 0.116699 -0.013733 -0.000702
v 0.107910 -0.011841 -0.005585
v 0.111817 -0.014832 -0.000940
v -0.047608 0.035156 -0.062256
v -0.069336 -0.002289 -0.069092
v -0.064942 -0.001534 -0.070068
v -0.068360 -0.003967 -0.069092
v -0.069336 -0.002289 -0.069092
v -0.068847 -0.000274 -0.069092
v -0.064942 -0.001534 -0.070068
v -0.072754 -0.000058 -0.067139
v -0.072754 -0.000058 -0.067139
v 0.115722 0.156250 -0.014160
v 0.093262 0.157227 -0.013977
v 0.093262 -0.001015 -0.012146
v 0.115722 0.156250 -0.014160
v 0.137696 0.153321 -0.012085
v 0.115235 0.158203 -0.012085
v 0.093262 -0.001015 -0.012146
v 0.136719 0.151367 -0.013977
v 0.115235 0.158203 -0.012085
v -0.112793 0.009766 0.024536
v -0.190429 -0.123047 -0.027832
v -0.202148 -0.114258 -0.032471
v -0.172852 -0.136719 -0.018066
v 0.015320 0.018432 0.087646
v 0.016358 0.000553 0.090576
v 0.015869 0.018799 0.090088
v 0.015320 0.018432 0.087646
v -0.105469 0.001861 0.018799
v 0.015503 0.000286 0.087646
v 0.015503 0.000286 0.087646
v 0.012695 0.036621 0.085693
v 0.012695 0.036621 0.085693
v 0.095703 -0.012878 -0.074463
v -0.093750 0.046875 0.025513
v -0.091797 0.044922 0.033203
v -0.087403 0.044677 0.029297
v -0.082031 -0.013366 0.033935
v 0.190429 0.138672 -0.069092
v 0.190429 0.136719 -0.041504
v 0.079590 -0.023926 -0.001366
v -0.089844 0.025146 -0.065186
v -0.096192 0.034424 -0.062744
v -0.086426 0.026367 -0.061523
v -0.086426 0.026367 -0.061523
v -0.104980 -0.017334 0.021484
v 0.087890 0.023071 -0.075440
v 0.094727 0.027222 -0.074951
v 0.083985 0.021363 -0.074463
v 0.198242 -0.129883 -0.010925
v 0.182617 -0.142578 -0.010986
v 0.198242 -0.129883 -0.010925
v -0.035156 0.000561 -0.067627
v -0.034912 0.007782 -0.067627
v -0.031983 0.000477 -0.062012
v -0.032715 -0.006806 -0.062012
v -0.035645 -0.006256 -0.067139
v -0.035156 0.000561 -0.067627
v -0.059815 -0.025879 -0.067627
v -0.057373 -0.021606 -0.067627
v -0.052735 -0.024536 -0.067627
v -0.051025 -0.027466 -0.061768
v -0.063477 -0.021606 -0.067627
v 0.105469 0.013427 -0.003708
v 0.105469 0.014771 -0.005066
v 0.102051 0.016601 -0.005280
v 0.105957 0.009155 -0.000496
v -0.099121 -0.021729 -0.062256
v -0.099610 -0.015747 -0.057861
v 0.068360 0.043945 -0.010742
v -0.011108 -0.132812 -0.009460
v -0.012207 -0.135742 -0.039307
v 0.004242 -0.143554 -0.010010
v 0.013001 -0.135742 -0.010315
v -0.028076 -0.123535 -0.039307
v 0.250000 0.002609 -0.043457
v 0.250000 0.002609 -0.043457
v 0.091797 -0.013062 -0.000603
v 0.090820 -0.009217 0.001602
v 0.088867 -0.012695 -0.000773
v 0.091797 -0.013062 -0.000603
v 0.096192 -0.016479 -0.003861
v 0.092773 -0.016601 -0.004120
v 0.096192 -0.016479 -0.003861
v -0.117676 0.017578 0.014526
v -0.125000 0.018921 0.016235
v -0.121094 0.015625 0.012756
v -0.122070 0.021363 0.017944
v -0.117676 0.017578 0.014526
v -0.122070 0.021363 0.017944
v -0.105469 -0.026611 0.026489
v -0.112305 -0.027710 0.023193
v -0.107422 -0.030762 0.019165
v -0.102051 -0.030274 0.021973
v -0.102539 -0.020996 0.028076
v -0.108398 -0.022827 0.025391
v -0.100586 -0.024658 0.029175
v 0.085938 0.016236 -0.070557
v 0.085938 0.014892 -0.072022
v 0.082520 0.013245 -0.071533
v 0.089355 0.017456 -0.070068
v 0.082031 0.014282 -0.070068
v 0.131836 -0.006592 -0.007294
v 0.133789 -0.007294 -0.002785
v 0.132812 0.000416 -0.007507
v 0.123535 0.000085 -0.006561
v 0.122070 -0.007538 -0.006744
v -0.072265 -0.010681 -0.064209
v 0.100586 0.026734 -0.000542
v 0.012390 -0.134766 -0.067627
v 0.013306 -0.133789 -0.065186
v -0.132812 0.006684 0.012817
v -0.137696 0.003754 0.012024
v -0.133789 0.000454 0.012512
v -0.126953 0.004914 0.009399
v -0.130859 0.011657 0.013367
v -0.127929 0.000381 0.009277
v -0.120605 -0.007263 0.020996
v -0.119140 -0.008606 0.021362
v -0.117676 -0.003891 0.023804
v 0.052490 0.042725 -0.067139
v 0.052246 0.042480 -0.072510
v 0.052002 0.035889 -0.067139
v 0.059815 0.043213 -0.066650
v 0.111328 -0.043945 -0.009705
v 0.112305 -0.042725 -0.004456
v 0.104980 -0.046631 -0.009766
v -0.062011 0.005951 -0.070068
v -0.043945 -0.024903 -0.062012
v -0.043945 -0.024903 -0.062012
v -0.045899 -0.021363 -0.067627
v -0.038819 -0.020386 -0.062012
v 0.126953 0.024536 -0.003647
v 0.124512 0.030396 -0.004303
v 0.121094 0.026734 -0.008087
v 0.130859 0.016968 -0.003403
v 0.136719 0.028443 -0.005493
v 0.126953 0.024536 -0.003647
v 0.136719 0.028443 -0.005493
v 0.135742 0.035645 -0.006073
v 0.083008 0.000133 -0.075928
v 0.087890 0.000206 -0.077881
v 0.088379 -0.001305 -0.077393
v 0.083008 0.000133 -0.075928
v 0.093262 0.000729 -0.078369
v -0.118653 0.172852 0.015381
v -0.102051 0.170898 0.024780
v -0.077148 0.172852 -0.007599
v -0.086914 0.173828 -0.015991
v -0.100097 0.173828 -0.023315
v -0.157227 -0.140625 -0.052979
v -0.145508 -0.162109 -0.048340
v 0.085938 0.006012 0.001770
v 0.080078 0.005646 -0.000534
v 0.089844 0.003662 0.003509
v 0.087403 0.007354 0.001602
v 0.085449 0.004639 0.001846
v 0.246094 -0.049073 -0.042725
v 0.091797 0.000546 -0.040283
v 0.242188 -0.064942 -0.043213
v 0.237304 -0.077148 -0.069580
v 0.250000 -0.035889 -0.042969
v -0.002930 0.085449 0.079346
v 0.007294 0.088379 0.085205
v 0.005371 0.069824 0.083252
v 0.014527 0.071778 0.088623
v -0.004608 0.084472 0.076416
v -0.062500 -0.001900 -0.062012
v -0.056885 0.028321 -0.061768
v 0.092285 -0.000953 -0.065674
v -0.062500 -0.001900 -0.062012
v 0.092285 -0.000953 -0.065674
v -0.061280 -0.033691 -0.061768
v -0.062500 -0.001900 -0.062012
v -0.064453 -0.000234 -0.063721
v -0.056885 0.028321 -0.061768
v 0.151367 0.149414 -0.068604
v 0.162109 0.141602 -0.065674
v 0.167969 0.140625 -0.068604
v 0.063477 -0.026856 -0.003769
v 0.052246 -0.033691 -0.005524
v 0.063477 -0.026856 -0.003769
v 0.050537 -0.026367 -0.005188
v 0.052246 -0.033691 -0.005524
v 0.050537 -0.026367 -0.005188
v -0.133789 -0.032470 0.011902
v -0.127929 -0.034668 0.014648
v 0.075683 0.016479 -0.074951
v 0.068360 0.013733 -0.075440
v 0.071778 0.018432 -0.074951
v 0.095703 -0.004364 0.003143
v 0.094238 -0.005096 0.003143
v 0.098633 -0.008728 0.001648
v 0.095703 -0.004364 0.003143
v 0.098633 -0.008728 0.001648
v 0.091797 0.000546 -0.040283
v -0.060059 0.083008 -0.038574
v -0.068847 0.065430 -0.039307
v 0.091797 0.000546 -0.040283
v -0.060059 0.083008 -0.038574
v -0.059570 0.077637 -0.067139
v -0.068847 0.065430 -0.039307
v -0.041260 -0.017823 -0.067627
v -0.041260 -0.017823 -0.067627
v -0.046142 -0.016724 -0.067627
v -0.041748 -0.012146 -0.067627
v -0.041748 -0.012146 -0.067627
v 0.233398 0.061280 -0.016052
v 0.234375 0.061767 -0.012390
v 0.224609 0.076172 -0.016052
v 0.093262 -0.001015 -0.012146
v 0.090332 -0.170898 -0.069092
v 0.110840 -0.170898 -0.041260
v -0.100586 0.004852 0.028442
v -0.104492 0.001404 0.028320
v 0.072265 0.159179 -0.011292
v 0.057129 0.168946 -0.010620
v 0.051025 0.154297 -0.011108
v 0.092285 0.171875 -0.010620
v 0.073730 0.171875 -0.010498
v 0.092773 0.159179 -0.011658
v 0.051270 0.152344 -0.013306
v 0.072265 0.156250 -0.013428
v 0.125000 -0.028443 -0.072998
v 0.135742 -0.032959 -0.072022
v 0.125000 -0.032715 -0.072510
v 0.122070 -0.027222 -0.069092
v -0.055908 0.017090 -0.062012
v -0.051514 0.015625 -0.061768
v -0.092285 -0.158203 0.030762
v -0.079102 -0.151367 0.034912
v -0.062011 -0.142578 0.043945
v 0.109863 0.008179 -0.069580
v 0.106933 0.010681 -0.072022
v 0.048340 -0.018799 -0.010132
v 0.050537 -0.026367 -0.010071
v 0.043945 -0.010987 -0.010559
v -0.249023 0.045655 -0.057129
v -0.223633 0.065918 -0.091065
v -0.215821 0.086914 -0.086670
v -0.115722 -0.035156 0.014770
v 0.044190 0.015747 -0.067139
v 0.047364 0.022217 -0.066650
v 0.041992 0.010437 -0.067139
v 0.109863 -0.007354 -0.003433
v 0.111328 -0.003662 -0.003281
v 0.107910 -0.003463 -0.000799
v -0.070312 0.054444 -0.066650
v -0.078613 0.027222 -0.039551
v -0.070312 0.054444 -0.066650
v -0.048828 0.067871 -0.066162
v -0.056153 0.051514 -0.065186
v -0.074219 0.049316 -0.039063
v -0.078613 0.027222 -0.039551
v -0.061035 -0.017456 -0.062500
v -0.061524 -0.016358 -0.063721
v 0.122070 0.031983 -0.004181
v 0.127929 0.042969 -0.005981
v 0.119629 0.032715 -0.003555
v 0.069824 -0.157227 -0.068115
v 0.069824 -0.156250 -0.066162
v 0.090332 -0.159179 -0.068604
v 0.069824 -0.157227 -0.068115
v 0.046386 -0.151367 -0.065674
v 0.046386 -0.151367 -0.065674
v -0.125977 0.005036 0.013733
v -0.127929 0.000618 0.010498
v -0.126953 0.001083 0.013245
v -0.123535 0.006806 0.017334
v -0.077637 -0.003998 -0.061768
v 0.074219 0.172852 -0.040527
v 0.074219 0.172852 -0.040527
v 0.093750 0.000362 -0.040527
v 0.055908 0.169922 -0.040283
v 0.055908 0.169922 -0.040283
v 0.092773 0.172852 -0.040772
v 0.093750 0.000362 -0.040527
v 0.250000 -0.037842 -0.070068
v 0.232422 -0.055908 -0.068604
v 0.224609 -0.073242 -0.068604
v -0.073730 0.029541 0.036621
v -0.075683 0.036621 0.035889
v -0.076172 0.030274 0.040771
v -0.071778 0.023071 0.038086
v -0.055908 -0.084472 -0.008789
v -0.070312 -0.063477 -0.038818
v -0.063965 -0.079102 -0.038818
v -0.055908 -0.084472 -0.008789
v -0.064942 -0.062988 -0.008270
v -0.070312 -0.063477 -0.038818
v 0.104980 0.009094 -0.074463
v 0.106445 0.006469 -0.074463
v 0.108887 0.007935 -0.072022
v 0.024292 -0.019043 0.096435
v 0.048584 -0.018799 0.059326
v 0.016358 0.000553 0.090576
v 0.026245 0.000030 0.096924
v -0.121582 -0.013366 0.015015
v -0.118653 -0.016358 0.014343
v -0.122070 -0.014038 0.013000
v 0.167969 -0.152344 -0.010742
v -0.055664 0.007812 -0.069092
v 0.249023 0.044922 -0.012390
v 0.076172 -0.008117 -0.005249
v 0.084472 0.003067 0.001862
v 0.088379 0.001290 0.003265
v 0.089844 0.003662 0.003509
v 0.084472 0.003067 0.001862
v 0.079102 0.002517 -0.000412
v 0.083985 0.001457 0.001739
v 0.083985 0.001457 0.001739
v 0.138672 -0.026245 -0.072022
v -0.054199 0.062256 -0.009277
v -0.063965 0.065430 -0.008881
v -0.059815 0.043457 -0.011169
v 0.104492 0.049073 -0.067627
v 0.093262 0.075683 -0.072510
v 0.094238 0.076172 -0.067627
v 0.104492 0.049073 -0.067627
v 0.110840 0.046631 -0.067139
v 0.110840 0.046386 -0.072022
v 0.110840 0.046386 -0.072022
v 0.052002 -0.040283 -0.010193
v 0.052002 -0.033448 -0.010010
v -0.250000 0.023682 -0.058594
v -0.155273 -0.010925 -0.006531
v -0.153321 -0.015747 -0.005341
v -0.157227 -0.011657 -0.000994
v 0.008789 0.132812 -0.012695
v 0.030639 0.145508 -0.013489
v 0.051025 0.154297 -0.011108
v 0.104492 -0.020874 -0.074463
v -0.068360 0.015625 -0.062988
v -0.071289 0.012207 -0.064697
v -0.064453 0.016846 -0.062988
v -0.067871 0.014588 -0.064697
v -0.029541 -0.134766 0.064697
v -0.023926 -0.113770 0.068115
v -0.029541 -0.134766 0.064697
v 0.133789 0.006653 -0.069092
v 0.123047 0.006317 -0.069580
v 0.130859 0.014221 -0.069092
v 0.124512 -0.000332 -0.069580
v 0.133789 0.006653 -0.069092
v 0.134766 0.000508 -0.070068
v 0.124512 -0.000332 -0.069580
v 0.087890 -0.016236 -0.004227
v 0.082520 -0.013794 -0.003983
v 0.085449 -0.016479 -0.005676
v -0.096680 0.028809 -0.058594
v -0.105957 -0.017456 0.021362
v -0.102539 -0.020996 0.028076
v -0.105957 -0.017456 0.021362
v -0.101562 -0.015320 0.023437
v -0.109375 -0.018311 0.019775
v 0.094238 0.014099 -0.074951
v 0.091308 0.010315 -0.076416
v 0.090332 0.013794 -0.074951
v 0.094238 0.014099 -0.074951
v 0.098145 0.016358 -0.072022
v 0.094238 0.014099 -0.074951
v 0.093262 0.016968 -0.071533
v 0.098145 0.016358 -0.072022
v 0.093262 0.016968 -0.071533
v 0.094238 0.010376 -0.076416
v 0.250000 -0.019165 -0.011658
v 0.244141 0.002014 -0.013123
v -0.011048 0.138672 -0.039063
v 0.091797 0.000546 -0.040283
v 0.004181 0.148438 -0.039307
v -0.011048 0.138672 -0.039063
v -0.010498 0.137696 -0.068115
v -0.024292 0.127929 -0.038818
v 0.004181 0.148438 -0.039307
v 0.004822 0.148438 -0.068604
v -0.024292 0.127929 -0.038818
v -0.057861 -0.003158 -0.070068
v -0.057861 -0.008301 -0.069092
v 0.074219 -0.044190 -0.066650
v 0.067871 -0.042236 -0.071533
v 0.075683 -0.044434 -0.072510
v 0.080078 -0.046875 -0.067139
v -0.122070 0.008972 0.018066
v -0.119629 0.006347 0.021484
v -0.168946 -0.130859 -0.056885
v 0.075195 0.003830 -0.005341
v 0.110840 -0.009582 -0.069092
v -0.078125 0.042725 0.039062
v -0.075195 0.043213 0.035644
v -0.081543 0.043701 0.032227
v -0.084472 0.043701 0.036377
v -0.078125 0.036865 0.039795
v -0.043945 -0.004151 -0.062256
v -0.043457 -0.000067 -0.062256
v 0.190429 0.138672 -0.069092
v 0.184571 0.127929 -0.069092
v 0.206054 0.124023 -0.070068
v 0.184571 0.127929 -0.069092
v 0.087890 -0.022217 -0.001423
v 0.094727 -0.022339 -0.001240
v 0.087890 -0.022217 -0.001423
v 0.081055 -0.019776 -0.000952
v 0.088379 -0.017456 -0.005737
v 0.081055 -0.019776 -0.000952
v 0.093262 -0.017700 -0.005859
v 0.079590 -0.023926 -0.001366
v -0.072265 0.027466 -0.062012
v -0.070801 0.023926 -0.068115
v -0.089844 0.018799 -0.061523
v -0.111328 -0.013794 0.022583
v -0.106445 -0.015991 0.022705
v -0.102539 -0.014282 0.024292
v 0.075683 0.022827 -0.074951
v 0.170898 -0.152344 -0.040527
v 0.093750 0.000362 -0.040527
v 0.186523 -0.140625 -0.040772
v 0.151367 -0.161133 -0.040283
v -0.052002 0.000839 -0.068604
v -0.052246 -0.001152 -0.069092
v -0.056396 -0.001107 -0.070068
v -0.056396 -0.001107 -0.070068
v -0.076660 -0.041992 -0.065674
v -0.082520 -0.041260 -0.059326
v 0.095215 0.014221 -0.000237
v 0.009705 0.001457 -0.060791
v 0.009705 0.001457 -0.060791
v -0.133789 0.043701 0.009949
v -0.132812 0.044190 0.004272
v -0.125977 0.046142 0.008118
v -0.250000 -0.039795 -0.056885
v -0.230469 -0.039306 -0.094971
v -0.246094 -0.059082 -0.054443
v -0.235352 -0.053222 -0.049072
v -0.232422 -0.019898 -0.096924
v 0.051270 0.028686 -0.010803
v 0.050781 0.026856 -0.005615
v -0.093262 -0.000228 0.026733
v -0.092285 0.013733 0.034668
v -0.094727 0.011475 0.033203
v -0.093750 0.003647 0.026733
v -0.070312 -0.063477 -0.038818
v -0.064942 -0.062988 -0.008270
v -0.076660 -0.041992 -0.039063
v -0.070312 -0.063477 -0.038818
v -0.076660 -0.041992 -0.039063
v 0.093750 0.000362 -0.040527
v 0.121582 0.012451 -0.069092
v 0.116211 0.016358 -0.074463
v 0.118653 0.011169 -0.074463
v 0.116211 0.016358 -0.074463
v 0.121582 0.012451 -0.069092
v 0.083496 -0.001510 0.001526
v 0.081055 -0.006195 -0.000795
v 0.083496 -0.001510 0.001526
v 0.079590 -0.003219 -0.000549
v 0.083985 0.001457 0.001739
v -0.145508 0.148438 -0.044678
v -0.125977 0.160156 -0.035889
v -0.098145 0.002350 -0.016785
v -0.162109 0.136719 -0.053467
v -0.092773 -0.045410 0.024902
v -0.094238 -0.044677 0.030273
v -0.100586 -0.045899 0.027100
v -0.099121 -0.047851 0.021851
v 0.089844 0.016236 -0.072022
v 0.247071 -0.042236 -0.041504
v 0.093750 0.000362 -0.040527
v 0.250000 -0.020752 -0.041748
v -0.075683 -0.000633 -0.064697
v -0.077637 0.000480 -0.062256
v -0.072754 -0.003036 -0.067139
v 0.134766 0.166992 -0.010742
v 0.133789 0.167969 -0.040283
v 0.113281 0.170898 -0.010315
v 0.154297 0.160156 -0.010498
v 0.153321 0.160156 -0.041016
v 0.134766 0.166992 -0.010742
v 0.113281 0.170898 -0.010315
v 0.115235 0.158203 -0.012085
v 0.061767 -0.026611 -0.072510
v 0.060547 -0.022583 -0.068604
v 0.064453 -0.027710 -0.069092
v 0.063477 -0.028931 -0.072022
v 0.061767 -0.026611 -0.072510
v 0.058105 -0.022949 -0.072998
v 0.063477 -0.028931 -0.072022
v -0.127929 0.015320 0.014404
v -0.127929 0.021118 0.014770
v -0.144531 -0.035889 -0.002174
v -0.148438 -0.031128 0.001923
v 0.072265 0.010315 -0.000694
v 0.103515 -0.001739 -0.075928
v 0.106445 -0.005677 -0.073975
v 0.103028 -0.003799 -0.075928
v 0.103515 -0.001739 -0.075928
v 0.099610 0.001434 -0.077393
v 0.104492 0.000330 -0.075928
v 0.103028 -0.003799 -0.075928
v 0.099610 -0.000393 -0.077393
v -0.032226 0.119629 -0.039307
v -0.046631 0.103028 -0.039307
v -0.032226 0.119629 -0.039307
v -0.032226 0.119629 -0.039307
v -0.030029 0.117676 -0.008698
v -0.015625 0.134766 -0.039795
v -0.015625 0.134766 -0.039795
v -0.032226 0.119629 -0.039307
v 0.006195 -0.051514 0.082275
v 0.001785 -0.071778 0.082275
v 0.008301 -0.053955 0.085205
v 0.006195 -0.051514 0.082275
v 0.006195 -0.051514 0.082275
v 0.000004 -0.070312 0.078857
v 0.243164 0.066406 -0.043213
v 0.091797 0.000546 -0.040283
v 0.232422 0.087403 -0.042236
v 0.243164 0.066406 -0.043213
v 0.232422 0.087403 -0.042236
v 0.093750 -0.076660 -0.005859
v 0.081543 -0.045899 -0.004410
v 0.081055 -0.046875 -0.010498
v 0.081055 -0.046875 -0.010498
v 0.092773 -0.076660 -0.011597
v -0.078613 0.012085 -0.067139
v -0.075195 0.009826 -0.062256
v 0.084472 0.050781 -0.067627
v 0.134766 -0.040039 -0.010071
v -0.047364 0.012939 -0.062012
v -0.041260 0.012512 -0.067139
v -0.044922 0.016358 -0.067139
v -0.047364 0.012939 -0.062012
v 0.065918 -0.016113 -0.069580
v 0.068360 -0.021972 -0.069092
v 0.057617 -0.014648 -0.073486
v 0.058105 -0.014160 -0.069580
v -0.118164 0.022827 0.020386
v -0.116699 0.026611 0.020630
v -0.123535 0.024414 0.017822
v -0.122070 0.021363 0.017944
v -0.116699 0.026611 0.020630
v -0.162109 -0.151367 -0.055664
v -0.165039 -0.145508 -0.010559
v -0.167969 -0.160156 -0.012268
v 0.052490 0.000454 -0.073486
v 0.041992 0.009582 -0.072510
v 0.052490 0.000454 -0.073486
v 0.054199 -0.007202 -0.073975
v 0.043701 -0.011536 -0.072022
v 0.036133 0.000511 -0.073486
v 0.036133 0.000511 -0.073486
v 0.055176 0.000208 -0.069580
v 0.055176 0.000208 -0.069580
v 0.095215 -0.013245 -0.000750
v 0.096192 -0.016479 -0.003861
v 0.100097 -0.015320 -0.004013
v 0.101562 -0.016358 -0.005432
v 0.105469 -0.014160 -0.005158
v -0.076172 0.028443 -0.066162
v -0.082031 0.002472 -0.039551
v -0.078613 0.027222 -0.039551
v -0.076172 0.028443 -0.066162
v -0.062011 0.020264 -0.063721
v -0.078613 0.002564 -0.065674
v -0.076172 0.028443 -0.066162
v -0.078613 0.002564 -0.065674
v -0.082031 0.002472 -0.039551
v -0.052735 -0.003540 -0.068604
v -0.056396 -0.001107 -0.070068
v -0.049073 -0.005432 -0.067139
v -0.052246 -0.001152 -0.069092
v 0.161133 0.142578 -0.014771
v 0.182617 0.127929 -0.015320
v 0.093262 -0.001015 -0.012146
v 0.199219 0.111328 -0.015686
v 0.199219 0.111328 -0.015686
v 0.075195 -0.032959 -0.068604
v 0.074219 -0.026367 -0.068604
v 0.082520 -0.029052 -0.069092
v 0.075195 -0.032959 -0.068604
v 0.065918 -0.031006 -0.072998
v 0.066895 -0.029663 -0.068604
v 0.082520 -0.034668 -0.068604
v 0.074219 -0.034180 -0.073486
v 0.074219 -0.026367 -0.068604
v 0.074219 -0.034180 -0.073486
v -0.108398 0.008484 0.026367
v -0.107910 0.013366 0.024170
v -0.118653 -0.016358 0.014343
v 0.095215 0.030274 -0.007629
v 0.227539 -0.094238 -0.069092
v 0.234375 -0.079590 -0.042969
v 0.227539 -0.095703 -0.042725
v 0.242188 -0.064942 -0.043213
v -0.065430 0.002060 -0.010803
v -0.065430 0.002060 -0.010803
v 0.093262 -0.001015 -0.012146
v -0.063477 0.022705 -0.010986
v -0.065430 0.002060 -0.010803
v -0.064453 -0.017700 -0.010620
v 0.093262 -0.001015 -0.012146
v 0.120117 0.029175 -0.068604
v 0.109863 0.028321 -0.068604
v 0.107910 0.024048 -0.074463
v 0.111328 0.020996 -0.074463
v 0.073730 0.000622 -0.006256
v 0.073730 -0.004486 -0.006409
v -0.205078 0.105469 -0.081299
v -0.111817 -0.004577 0.027100
v 0.037842 0.165039 -0.040283
v 0.020264 0.157227 -0.040039
v 0.055908 0.169922 -0.040283
v 0.107910 -0.023071 -0.000336
v -0.064453 0.015991 -0.064697
v -0.061767 0.013916 -0.067139
v -0.041504 -0.082031 -0.063477
v 0.092285 -0.000953 -0.065674
v -0.027344 -0.099121 -0.064697
v -0.041504 -0.082031 -0.063477
v 0.092285 -0.000953 -0.065674
v 0.133789 0.008423 -0.002960
v 0.131836 0.007141 -0.007599
v 0.134766 0.000714 -0.002922
v 0.142578 0.016601 -0.004959
v 0.145508 0.010681 -0.005493
v 0.089844 -0.008728 -0.075928
v 0.088379 -0.012329 -0.074463
v 0.088379 -0.007812 -0.075928
v 0.091308 -0.004151 -0.077393
v 0.092773 -0.008972 -0.075928
v -0.111328 0.030517 0.017944
v -0.104980 0.029541 0.021240
v -0.104980 0.036377 0.021362
v -0.110840 0.027099 0.023926
v -0.119140 0.036133 0.014221
v -0.117676 0.030029 0.013977
v -0.112793 0.036865 0.017578
v -0.203125 -0.111817 -0.079834
v -0.212891 -0.096192 -0.084229
v 0.079590 0.013306 -0.005646
v 0.083985 0.015747 -0.005554
v 0.076172 0.009278 -0.006348
v 0.114258 -0.012757 -0.074951
v -0.065430 0.143554 0.042725
v -0.105469 0.001861 0.018799
v 0.104980 0.020874 -0.074951
v 0.099610 0.022705 -0.074951
v 0.101562 0.026977 -0.074951
v 0.101562 0.026977 -0.074951
v 0.107910 0.024048 -0.074463
v 0.016724 -0.104492 0.045898
v 0.024781 -0.089355 0.050049
v 0.002198 -0.091797 0.083740
v 0.024781 -0.089355 0.050049
v -0.163086 -0.000343 -0.002556
v -0.150391 0.000211 0.004181
v -0.163086 -0.000343 -0.002556
v -0.150391 0.000211 0.004181
v -0.115722 -0.009887 0.023193
v -0.117188 -0.009278 0.022217
v -0.115235 -0.013489 0.020996
v -0.115722 -0.009887 0.023193
v -0.111328 -0.013794 0.022583
v -0.116211 -0.005127 0.024536
v 0.050049 0.029052 -0.066650
v 0.134766 -0.151367 -0.014038
v 0.110840 -0.157227 -0.013550
v 0.091308 -0.160156 -0.011353
v -0.068847 -0.000274 -0.069092
v -0.070312 0.001778 -0.068604
v -0.068847 0.003662 -0.069092
v -0.064942 0.001290 -0.070068
v -0.068847 0.003662 -0.069092
v -0.048340 -0.032715 -0.062012
v 0.086426 -0.006012 -0.075928
v 0.083985 -0.004517 -0.075928
v 0.088867 -0.002884 -0.077393
v 0.081055 -0.006165 -0.074463
v 0.091797 0.000546 -0.040283
v -0.082031 0.002472 -0.039551
v -0.081055 -0.019653 -0.039551
v 0.091797 0.000546 -0.040283
v -0.055664 -0.090332 -0.039063
v 0.091797 0.000546 -0.040283
v 0.171875 -0.151367 -0.041260
v 0.008789 -0.150391 -0.039551
v 0.234375 -0.079590 -0.042969
v 0.037597 0.165039 -0.039795
v 0.020264 0.157227 -0.039307
v 0.073242 0.171875 -0.040039
v 0.055664 0.169922 -0.039795
v 0.091797 0.000546 -0.040283
v 0.250000 0.002609 -0.043457
v 0.250000 0.023316 -0.043701
v -0.037842 0.114258 -0.038818
v 0.029052 -0.160156 -0.040039
v -0.074219 0.049316 -0.039063
v -0.078613 0.027222 -0.039551
v 0.113281 0.171875 -0.040527
v -0.076660 -0.041992 -0.039551
v -0.037842 0.114258 -0.038818
v -0.068360 -0.065918 -0.039307
v 0.091797 0.000546 -0.040283
v -0.078613 0.027222 -0.039551
v -0.082031 0.002472 -0.039551
v 0.250000 -0.016968 -0.043457
v -0.068360 -0.065918 -0.039307
v 0.091797 0.000546 -0.040283
v 0.250000 -0.016968 -0.043457
v 0.250000 0.002609 -0.043457
v 0.140625 -0.020874 -0.067139
v -0.082031 0.002472 -0.039551
v -0.078613 0.002564 -0.065674
v -0.081055 -0.019653 -0.039551
v 0.135742 0.153321 -0.066162
v 0.112305 0.159179 -0.068115
v 0.048584 -0.018799 0.059326
v -0.147461 0.028686 -0.003029
v -0.135742 -0.025635 0.005188
v 0.075683 0.016479 -0.074951
v 0.079590 0.019531 -0.074951
v 0.071778 0.018432 -0.074951
v 0.079102 0.012757 -0.070068
v 0.079590 0.019531 -0.074951
v 0.104004 0.001045 0.002014
v 0.108887 -0.000037 -0.000565
v -0.054688 0.073242 -0.066650
v -0.054444 0.073242 -0.061768
v -0.039306 -0.006256 -0.067139
v 0.224609 0.076172 -0.016052
v 0.213867 0.092773 -0.015808
v 0.093262 -0.001015 -0.012146
v 0.225586 0.077148 -0.012512
v 0.225586 0.077148 -0.012512
v 0.092285 -0.076172 -0.066650
v -0.096680 0.005890 0.027100
v -0.098633 0.009155 0.026367
v -0.100097 0.002075 0.028809
v 0.042480 0.055176 0.056885
v 0.034912 0.072265 0.053711
v 0.046386 0.035889 0.058350
v 0.042480 0.055176 0.056885
v 0.034912 0.072265 0.053711
v 0.014527 0.071778 0.088623
v 0.017212 0.055176 0.092529
v -0.098145 -0.157227 0.024170
v 0.108887 0.007935 -0.072022
v 0.111817 0.004029 -0.069580
v 0.052002 -0.033448 -0.010010
v -0.215821 0.062988 -0.081299
v -0.098145 0.002350 -0.016785
v -0.206054 0.081543 -0.076904
v -0.206054 0.081543 -0.076904
v -0.209961 -0.126953 -0.035889
v -0.202148 -0.114258 -0.032471
v -0.220703 -0.112793 -0.041748
v 0.054688 0.000820 -0.003204
v 0.056153 0.008423 -0.002930
v 0.043457 0.010803 -0.005585
v 0.055908 0.001305 -0.007111
v 0.035889 0.000484 -0.004227
v 0.054688 0.000820 -0.003204
v 0.055908 0.001305 -0.007111
v 0.054688 0.000820 -0.003204
v 0.035889 0.000484 -0.004227
v 0.055176 -0.006897 -0.002991
v -0.070801 -0.021729 0.037598
v 0.183594 0.126953 -0.067139
v 0.183594 0.126953 -0.067139
v 0.085938 -0.034180 -0.007660
v 0.093262 -0.035400 -0.007446
v 0.093262 -0.029785 -0.007416
v 0.085938 -0.036133 -0.002296
v -0.081543 0.014344 -0.067139
v -0.077637 0.019653 -0.068115
v -0.075683 0.016479 -0.067627
v -0.083496 0.007935 -0.067139
v 0.102051 0.029663 -0.069092
v 0.225586 -0.099121 -0.010803
v 0.214844 -0.112305 -0.040039
v 0.225586 -0.096680 -0.040527
v 0.214844 -0.092773 -0.011414
v 0.212891 -0.113770 -0.010742
v -0.032226 0.007629 -0.062256
v -0.025512 0.007202 -0.062256
v -0.032226 0.007629 -0.062256
v -0.051025 -0.020141 -0.067627
v -0.056885 -0.016479 -0.062256
v -0.057373 -0.021606 -0.067627
v -0.063477 -0.021606 -0.067627
v -0.061035 -0.016846 -0.062500
v -0.056885 -0.016479 -0.062256
v 0.115722 0.018921 -0.000898
v 0.076660 -0.003967 -0.071533
v 0.079590 -0.003463 -0.073975
v 0.076660 -0.003967 -0.071533
v 0.074707 0.000194 -0.069580
v 0.076172 -0.000173 -0.071533
v 0.077637 -0.007660 -0.071533
v 0.075195 -0.003799 -0.069580
v 0.076172 -0.000173 -0.071533
v -0.100586 0.157227 0.023560
v -0.112305 0.000828 -0.047607
v -0.101562 0.011780 -0.057861
v -0.111817 0.001495 -0.062012
v 0.039062 0.164062 -0.010559
v 0.057129 0.168946 -0.010620
v 0.117188 -0.021240 -0.069092
v 0.118164 -0.029297 -0.069092
v 0.115235 -0.019531 -0.074951
v -0.086914 0.026489 0.037598
v -0.020874 -0.109863 -0.011108
v -0.019898 -0.110352 -0.009399
v -0.020874 -0.109863 -0.011108
v 0.174804 -0.000355 -0.073486
v 0.150391 0.000009 -0.073486
v 0.088867 -0.008545 0.001556
v 0.090820 -0.004425 0.003143
v 0.092285 -0.004974 0.003235
v -0.113281 -0.023682 0.022583
v -0.119140 -0.026489 0.020019
v -0.112793 -0.030151 0.016479
v 0.083008 0.015747 -0.069580
v 0.083008 0.015747 -0.069580
v 0.079102 0.012757 -0.070068
v 0.079590 0.019531 -0.074951
v 0.112305 0.000530 -0.005859
v -0.048828 0.067871 -0.066162
v -0.048828 0.067871 -0.066162
v -0.037110 0.086914 -0.063721
v -0.048340 0.064453 -0.063232
v -0.073242 -0.012695 -0.062256
v -0.078613 -0.011902 -0.067139
v -0.075683 -0.008789 -0.062012
v -0.069336 -0.015198 -0.062256
v -0.007172 -0.119140 -0.064697
v 0.012390 -0.134766 -0.067627
v -0.007172 -0.119140 -0.064697
v 0.010071 -0.149414 -0.068115
v -0.004792 -0.123047 -0.067627
v -0.139648 -0.000686 0.003265
v -0.240234 -0.077148 -0.051514
v -0.229492 -0.070801 -0.045898
v -0.221679 -0.078125 -0.089111
v 0.042725 0.011048 -0.010376
v 0.046142 0.015747 -0.010864
v 0.016236 0.002289 -0.011414
v 0.019776 0.000335 -0.003601
v 0.107910 -0.011780 -0.069580
v 0.104004 -0.014771 -0.069580
v 0.106445 -0.010742 -0.071533
v 0.109375 -0.007660 -0.071533
v -0.067871 0.146484 0.043945
v -0.084472 0.151367 0.031250
v -0.048340 0.149414 0.055420
v -0.052490 -0.014953 -0.062256
v -0.051025 -0.020141 -0.067627
v -0.056885 -0.016479 -0.062256
v -0.052490 -0.014953 -0.062256
v -0.052490 -0.014953 -0.062256
v -0.048584 -0.012390 -0.062256
v -0.046142 -0.016724 -0.067627
v 0.120117 0.029175 -0.068604
v 0.070801 -0.157227 -0.011414
v -0.095215 0.001938 -0.060547
v -0.095215 0.010193 -0.064209
v -0.097656 0.001419 -0.063721
v -0.095215 0.001938 -0.060547
v -0.086914 -0.000001 -0.061768
v -0.100097 -0.000480 0.028686
v -0.096192 0.002381 0.027588
v -0.104980 -0.000144 0.028564
v -0.100097 -0.000480 0.028686
v -0.104980 -0.000144 0.028564
v -0.096192 -0.001091 0.027588
v 0.092285 -0.000953 -0.065674
v 0.071778 0.156250 -0.065186
v -0.032226 0.007629 -0.062256
v -0.037110 0.014344 -0.067139
v -0.041260 0.012512 -0.067139
v 0.102539 0.006562 0.001709
v 0.098633 0.004577 0.003174
v 0.102539 0.006562 0.001709
v -0.121582 0.037597 0.019165
v -0.142578 -0.014344 0.001724
v -0.146484 -0.015381 0.005890
v -0.146484 -0.006684 0.000572
v -0.136719 -0.015991 0.004486
v 0.111817 -0.034668 -0.073486
v 0.120117 -0.030884 -0.072998
v 0.112305 -0.043457 -0.072510
v -0.055664 0.016724 -0.062744
v -0.060302 0.016236 -0.064697
v -0.055664 0.016724 -0.062744
v -0.051270 0.015015 -0.062988
v -0.060059 0.017334 -0.062988
v 0.010681 -0.074219 0.088623
v 0.010681 -0.074219 0.088623
v 0.248047 0.044922 -0.041992
v 0.093750 0.000362 -0.040527
v 0.250000 0.022827 -0.041992
v 0.094238 0.000137 0.004364
v -0.117188 0.166016 -0.031616
v -0.117676 -0.159179 0.013794
v -0.105469 0.001861 0.018799
v -0.037842 0.030639 -0.062500
v -0.062988 -0.003799 -0.070068
v -0.066406 -0.005981 -0.069092
v -0.062988 -0.003799 -0.070068
v 0.093750 0.000362 -0.040527
v 0.112793 0.171875 -0.040283
v 0.133789 0.167969 -0.040283
v 0.112793 0.171875 -0.040283
v -0.119629 0.011169 0.018921
v -0.122070 0.008972 0.018066
v -0.120117 0.013855 0.015869
v -0.123047 0.011292 0.014770
v -0.134766 -0.016358 0.013245
v -0.131836 -0.011780 0.013855
v 0.107910 -0.023071 -0.000336
v 0.101074 -0.021729 -0.000917
v -0.070801 0.007629 -0.067139
v 0.132812 0.000416 -0.007507
v 0.123535 0.000085 -0.006561
v -0.101562 0.024170 0.029419
v -0.106933 0.025024 0.026733
v -0.112793 -0.030151 0.016479
v -0.119140 -0.026489 0.020019
v -0.118653 -0.029663 0.013061
v -0.115722 -0.035156 0.014770
v 0.098145 0.013977 -0.000198
v 0.150391 0.000009 -0.073486
v 0.178711 0.000416 -0.067627
v 0.003433 0.145508 -0.010071
v 0.012268 0.136719 -0.010437
v 0.002029 0.146484 -0.040039
v 0.002029 0.146484 -0.040039
v -0.087403 -0.024414 0.031250
v -0.091797 -0.025269 0.027710
v -0.088867 -0.028809 0.031738
v -0.088867 -0.019776 0.029175
v -0.102539 0.011780 -0.062256
v 0.064942 0.006439 -0.069580
v 0.066406 0.000380 -0.075440
v 0.063477 -0.000117 -0.069580
v 0.066406 0.013550 -0.069580
v 0.064942 0.006439 -0.069580
v 0.066406 0.013550 -0.069580
v 0.110840 -0.007721 -0.004868
v -0.064453 0.037842 -0.067627
v -0.067871 0.047608 -0.066162
v -0.058105 0.039062 -0.068115
v -0.073730 0.034668 -0.067627
v -0.073242 0.046142 -0.065674
v -0.065918 0.035889 -0.062256
v 0.207031 0.123047 -0.009766
v 0.173828 0.150391 -0.010742
v 0.162109 0.144531 -0.012451
v 0.091797 -0.012818 -0.074463
v 0.086914 -0.015320 -0.071533
v 0.088379 -0.012329 -0.074463
v 0.091797 -0.012818 -0.074463
v -0.097656 -0.027954 -0.062744
v 0.171875 -0.150391 -0.067627
v -0.084961 0.001183 0.032715
v 0.026245 0.000030 0.096924
v -0.211914 0.102051 -0.039795
v -0.196289 0.123047 -0.029297
v 0.013672 0.000254 -0.072998
v 0.092285 -0.004974 0.003235
v 0.096192 -0.008911 0.001923
v -0.073242 0.032470 -0.061768
v -0.064942 0.029663 -0.062256
v 0.076172 -0.023193 -0.074463
v -0.110840 0.009461 0.025269
v -0.110840 0.009461 0.025269
v -0.113770 0.005096 0.025635
v -0.109863 0.006256 0.026489
v -0.096680 -0.027466 -0.058350
v -0.097656 -0.021240 -0.057861
v -0.095215 -0.033691 -0.058838
v 0.083985 0.020874 -0.000937
v 0.162109 -0.138672 -0.068115
v -0.042236 0.000324 -0.061768
v -0.043213 -0.004395 -0.062256
v -0.039306 -0.006256 -0.067139
v -0.046386 -0.132812 0.052978
v -0.032715 -0.121094 0.060059
v -0.047608 -0.134766 0.055176
v 0.110352 0.009582 -0.069580
v 0.106933 0.013855 -0.069580
v 0.112305 0.014771 -0.074463
v 0.069336 -0.012695 -0.000671
v -0.196289 0.099610 -0.075928
v -0.206054 0.082031 -0.079834
v -0.215821 0.086914 -0.086670
v -0.118653 -0.001824 0.023437
v 0.047608 0.150391 -0.065186
v 0.048584 0.153321 -0.067627
v 0.071778 0.156250 -0.065186
v -0.057373 0.008606 -0.069092
v 0.008789 -0.150391 -0.039551
v 0.151367 -0.000046 -0.003555
v 0.133789 -0.007294 -0.002785
v 0.145508 -0.011108 -0.005432
v 0.151367 -0.000046 -0.003555
v 0.151367 -0.000046 -0.003555
v 0.134766 0.000714 -0.002922
v 0.151367 -0.000046 -0.003555
v 0.145508 0.010681 -0.005493
v 0.086914 -0.015320 -0.071533
v -0.104980 0.029541 0.021240
v -0.098145 0.028076 0.024536
v -0.097656 0.033935 0.025269
v -0.104980 0.029541 0.021240
v -0.094238 -0.040283 -0.058838
v 0.083985 0.015747 -0.005554
v 0.078613 0.018554 -0.000565
v -0.075683 -0.008056 -0.062500
v 0.136719 -0.150391 -0.065674
v 0.109375 -0.156250 -0.065674
v 0.092285 -0.000953 -0.065674
v 0.136719 -0.150391 -0.065674
v 0.092285 -0.000953 -0.065674
v 0.148438 -0.146484 -0.068604
v -0.097656 0.010742 0.025269
v -0.095703 0.007232 0.026367
v 0.093262 -0.001015 -0.012146
v 0.093750 0.000362 -0.040527
v 0.250000 0.022827 -0.041992
v 0.250000 0.001571 -0.041748
v 0.093750 0.000362 -0.040527
v 0.201172 -0.127929 -0.040527
v 0.172852 0.150391 -0.041016
v -0.012207 -0.135742 -0.039307
v -0.028076 -0.123535 -0.039307
v 0.093750 0.000362 -0.040527
v 0.201172 -0.127929 -0.040527
v 0.186523 -0.140625 -0.040772
v 0.250000 0.001571 -0.041748
v 0.093750 0.000362 -0.040527
v -0.067871 0.066406 -0.039795
v -0.080567 -0.019776 -0.039307
v -0.081543 0.002151 -0.039551
v 0.093750 0.000362 -0.040527
v -0.081543 0.002151 -0.039551
v -0.078613 0.024781 -0.039551
v 0.002029 0.146484 -0.040039
v 0.233398 0.087403 -0.041016
v -0.017334 0.024170 -0.060547
v -0.017334 0.024048 -0.064697
v -0.019165 0.033203 -0.064697
v -0.017334 0.024170 -0.060547
v -0.019165 0.033203 -0.064697
v 0.111817 0.035400 -0.003235
v 0.119629 0.032715 -0.003555
v 0.119140 0.044434 -0.005737
v 0.065918 -0.031006 -0.072998
v 0.074219 -0.034180 -0.073486
v -0.120117 0.013855 0.015869
v 0.013550 0.037354 0.089111
v 0.104492 -0.008240 -0.073975
v -0.007996 -0.086426 0.073975
v 0.090820 -0.157227 -0.013428
v 0.090820 -0.157227 -0.013428
v 0.093262 -0.001015 -0.012146
v 0.069336 -0.156250 -0.013123
v -0.125000 0.001305 0.016357
v -0.126953 0.001083 0.013245
v -0.126953 -0.003738 0.010681
v 0.045655 -0.015747 -0.067139
v 0.048584 -0.026245 -0.072022
v 0.047119 -0.020386 -0.066650
v 0.042969 -0.010681 -0.067139
v 0.046631 -0.018189 -0.072510
v -0.112793 0.036865 0.017578
v 0.007294 0.088379 0.085205
v 0.027222 0.088867 0.050049
v -0.002075 0.104004 0.080322
v 0.027222 0.088867 0.050049
v 0.099121 -0.022583 -0.074463
v 0.101562 -0.016724 -0.069580
v 0.104492 -0.020874 -0.074463
v -0.024048 -0.147461 0.024536
v -0.043457 -0.145508 0.057373
v -0.036621 -0.155273 0.017944
v 0.078125 -0.012818 -0.006195
v 0.076172 -0.016846 -0.000902
v 0.082031 -0.015564 -0.005890
v 0.072754 -0.012085 -0.001143
v 0.076172 -0.008911 -0.006134
v -0.206054 0.081543 -0.076904
v -0.206054 0.082031 -0.079834
v -0.213867 0.062988 -0.083252
v -0.102539 -0.035156 0.021362
v -0.109375 -0.036133 0.018799
v 0.092285 0.006256 -0.077393
v 0.145508 -0.011108 -0.005432
v -0.041260 0.045899 -0.061279
v -0.061280 -0.012939 -0.066650
v -0.109375 0.001297 0.027588
v -0.109375 -0.000396 0.027588
v 0.076172 0.009278 -0.006348
v 0.118653 -0.015076 -0.074951
v 0.122070 -0.027222 -0.069092
v -0.081543 0.043701 0.032227
v -0.084472 0.043701 0.036377
v 0.231446 0.091308 -0.070557
v -0.120117 0.015198 0.013855
v 0.222656 -0.074707 -0.014893
v -0.055664 0.007812 -0.069092
v -0.069824 -0.019898 -0.067627
v -0.065430 -0.016479 -0.062744
v -0.063477 -0.021606 -0.067627
v -0.066406 -0.025391 -0.067627
v 0.098633 0.016601 -0.003723
v 0.098633 0.017944 -0.005249
v 0.098633 0.017944 -0.005249
v -0.119140 -0.022827 0.019287
v -0.112793 -0.018311 0.017700
v -0.116699 -0.017944 0.015625
v 0.111328 0.000131 -0.003387
v -0.056885 0.053711 -0.067627
v 0.124512 0.030396 -0.004303
v 0.080567 -0.045410 -0.072510
v 0.083985 -0.036621 -0.073975
v 0.083985 -0.036621 -0.073975
v -0.078613 -0.011902 -0.067139
v -0.080567 -0.006165 -0.066650
v 0.083496 0.047608 -0.005310
v -0.068360 0.017090 0.039307
v 0.069336 -0.012695 -0.000671
v 0.071289 -0.016479 -0.000822
v -0.224609 0.081543 -0.045898
v -0.105469 0.001861 0.018799
v -0.211914 0.102051 -0.039795
v -0.224609 0.081543 -0.045898
v -0.216797 0.097168 -0.041016
v -0.224609 0.081543 -0.045898
v -0.232422 0.063477 -0.050293
v -0.105469 0.001861 0.018799
v -0.224609 0.081543 -0.045898
v -0.127929 -0.017334 0.014893
v -0.129883 -0.021240 0.014648
v 0.250000 0.001571 -0.041748
v 0.082031 -0.002517 -0.075440
v 0.084472 -0.001946 -0.075928
v -0.190429 -0.123047 -0.027832
v -0.105469 0.001861 0.018799
v 0.080078 0.005646 -0.000534
v -0.042236 0.083985 -0.011292
v -0.042236 0.083985 -0.011292
v 0.093262 -0.001015 -0.012146
v -0.020386 0.110352 -0.011169
v -0.042236 0.083985 -0.011292
v -0.053222 0.062988 -0.011353
v 0.093262 -0.001015 -0.012146
v -0.044922 0.082031 -0.009338
v -0.093262 -0.000228 0.026733
v -0.093750 -0.004517 0.026977
v -0.249023 0.045655 -0.057129
v -0.242188 0.023193 -0.052734
v -0.242188 0.023193 -0.052734
v -0.229492 -0.068847 -0.048096
v -0.236328 -0.047119 -0.051758
v 0.059082 0.015991 -0.003464
v 0.062500 0.024170 -0.003937
v 0.047608 0.017823 -0.005432
v 0.050781 0.026856 -0.005615
v 0.059082 0.015991 -0.003464
v 0.099610 -0.000393 -0.077393
v -0.077148 0.172852 -0.007599
v -0.086914 0.173828 -0.015991
v -0.102051 0.170898 0.024780
v -0.064453 0.167969 -0.001522
v 0.074707 -0.044434 -0.010254
v -0.099610 0.017212 -0.058350
v 0.093750 0.052735 -0.074463
v -0.028321 0.015198 -0.062256
v -0.022583 -0.038819 -0.061768
v 0.240234 0.020141 -0.068604
v 0.241211 0.000572 -0.068115
v -0.110352 -0.048584 0.022949
v -0.110352 -0.038330 0.024170
v -0.116211 -0.037597 0.021240
v -0.110352 -0.048584 0.022949
v -0.110840 -0.062988 0.022583
v -0.110352 -0.038330 0.024170
v -0.043213 0.034668 -0.067627
v -0.077637 0.000480 -0.062256
v -0.076660 0.005432 -0.062744
v -0.076172 0.002289 -0.064209
v 0.046631 -0.018189 -0.072510
v 0.047119 -0.020386 -0.066650
v -0.125977 0.008911 0.009766
v -0.124512 0.012573 0.010620
v -0.111817 0.003967 0.026733
v -0.119140 -0.000213 0.023071
v -0.116211 0.004792 0.024170
v 0.037597 0.165039 -0.039795
v 0.037597 0.165039 -0.039795
v 0.037842 0.165039 -0.068115
v 0.020264 0.157227 -0.039307
v 0.037842 0.165039 -0.068115
v 0.103028 -0.015259 -0.005585
v 0.106933 -0.019043 -0.000664
v 0.111817 -0.014832 -0.000940
v 0.098145 -0.017212 -0.005707
v 0.103028 -0.015259 -0.005585
v 0.111817 -0.014832 -0.000940
v 0.107910 -0.011841 -0.005585
v -0.064453 0.015991 -0.064697
v -0.045410 -0.042725 -0.061279
v -0.038330 -0.041015 -0.061279
v 0.117676 0.002060 -0.000979
v 0.122070 0.000173 -0.000856
v 0.116211 0.008423 -0.001116
v -0.089355 -0.040039 -0.059326
v 0.239258 -0.018066 -0.068115
v 0.236328 -0.037110 -0.068604
v 0.092285 -0.000953 -0.065674
v 0.241211 0.000572 -0.068115
v 0.241211 0.000572 -0.068115
v -0.080567 -0.019776 -0.039307
v -0.076172 -0.019287 -0.008057
v -0.081543 0.002151 -0.039551
v -0.080567 -0.019776 -0.039307
v 0.024781 -0.089355 0.050049
v 0.010681 -0.074219 0.088623
v 0.024781 -0.089355 0.050049
v -0.151367 -0.166992 -0.003830
v 0.079102 -0.000240 -0.074463
v 0.079102 -0.000240 -0.074463
v -0.038574 0.000358 -0.067139
v 0.092773 -0.035156 -0.069092
v -0.090820 -0.032226 0.034180
v 0.093262 0.016968 -0.071533
v 0.098145 0.017578 -0.070068
v 0.016113 -0.000222 -0.011597
v 0.043945 -0.010987 -0.010559
v 0.044434 -0.010987 -0.005829
v 0.019776 0.000335 -0.003601
v 0.016113 -0.000222 -0.011597
v -0.146484 -0.015381 0.005890
v -0.143554 -0.022461 0.007629
v -0.154297 -0.017578 0.000092
v -0.146484 -0.006684 0.000572
v -0.149414 -0.007019 0.004761
v 0.102051 -0.034424 -0.007568
v 0.102051 -0.034424 -0.007568
v 0.101562 -0.036133 -0.001930
v 0.111328 -0.034180 -0.002495
v -0.107422 -0.172852 -0.026489
v 0.087403 0.007354 0.001602
v 0.232422 -0.055908 -0.068604
v -0.054199 0.062256 -0.009277
v -0.059815 0.043457 -0.011169
v -0.053222 0.062988 -0.011353
v -0.054199 0.062256 -0.009277
v 0.092285 -0.000953 -0.065674
v 0.183594 0.126953 -0.067139
v -0.103515 -0.036865 0.027100
v -0.103515 -0.036865 0.027100
v 0.079102 0.011475 -0.069580
v 0.079102 0.011475 -0.069580
v 0.109863 -0.007354 -0.003433
v 0.110840 -0.007721 -0.004868
v -0.100586 0.156250 0.021362
v -0.237304 0.043945 -0.052979
v -0.241211 0.023316 -0.054199
v -0.105469 0.001861 0.018799
v -0.032715 -0.121094 0.060059
v -0.018799 -0.103515 0.067627
v 0.004517 0.067383 0.081299
v -0.105469 0.001861 0.018799
v -0.105469 0.001861 0.018799
v -0.193359 0.123047 -0.029907
v 0.009643 0.052735 0.084228
v 0.004517 0.067383 0.081299
v -0.236328 -0.047119 -0.051758
v -0.193359 0.123047 -0.029907
v -0.100586 0.156250 0.021362
v -0.242188 0.002548 -0.055420
v -0.229492 -0.068847 -0.048096
v -0.219727 -0.085938 -0.043701
v 0.137696 -0.027588 -0.067139
v 0.072754 -0.012085 -0.001143
v 0.071289 -0.016479 -0.000822
v -0.225586 0.081055 -0.045166
v 0.104004 -0.014771 -0.069580
v 0.104004 -0.013306 -0.071045
v -0.043701 0.004089 -0.062500
v 0.088379 -0.017456 -0.005737
v -0.128906 0.024170 0.008301
v -0.131836 0.029175 0.007385
v -0.133789 0.025879 0.005493
v -0.123535 0.024414 0.017822
v -0.123535 0.027954 0.011108
v 0.114258 0.013733 -0.000944
v 0.110840 0.017944 -0.000534
v 0.114258 0.013733 -0.000944
v 0.109863 0.009766 -0.005585
v 0.111817 0.005280 -0.005768
v 0.116211 0.008423 -0.001116
v 0.079102 -0.000240 -0.074463
v 0.111817 -0.034668 -0.073486
v 0.120117 -0.030884 -0.072998
v -0.064453 0.016846 -0.062988
v -0.034668 -0.123535 0.062256
v -0.023926 -0.113770 0.068115
v 0.085938 0.014892 -0.072022
v -0.022461 0.128906 -0.068115
v -0.070312 -0.008606 -0.067139
v 0.102539 0.035400 -0.007782
v 0.095215 0.036865 -0.008026
v 0.095215 0.030274 -0.007629
v 0.013306 -0.133789 -0.065186
v -0.007172 -0.119140 -0.064697
v 0.046386 -0.151367 -0.065674
v -0.123535 0.006806 0.017334
v -0.224609 -0.003555 -0.088623
v 0.008789 0.132812 -0.012695
v -0.004151 0.125000 -0.009888
v -0.094727 0.007202 0.026489
v 0.121582 -0.001419 -0.074951
v 0.050049 0.000164 0.059570
v 0.050049 0.000164 0.059570
v -0.131836 0.029175 0.007385
v -0.135742 0.031250 0.011169
v -0.133789 0.025879 0.005493
v -0.096680 -0.022217 0.031250
v -0.096680 -0.022217 0.031250
v -0.010498 0.137696 -0.068115
v 0.007263 0.134766 -0.067627
v -0.147461 0.000273 0.000191
v -0.057861 0.085938 -0.039551
v -0.041992 0.001236 0.054443
v -0.077637 0.019653 -0.068115
v -0.075683 0.016479 -0.067627
v -0.077637 0.019653 -0.068115
v -0.070801 0.023926 -0.068115
v -0.074707 -0.041015 -0.065186
v -0.068360 -0.065918 -0.039307
v -0.076660 -0.041992 -0.039551
v -0.076660 -0.041992 -0.039551
v 0.012268 0.000473 -0.066650
v 0.013672 0.000254 -0.072998
v 0.069336 0.018799 -0.069580
v -0.045410 -0.008545 -0.062012
v -0.041748 -0.012146 -0.067627
v 0.090332 -0.158203 -0.065674
v 0.069824 -0.156250 -0.066162
v -0.225586 -0.003463 -0.085693
v -0.100097 0.173828 -0.023315
v -0.034668 -0.123535 0.062256
v 0.109863 0.008179 -0.069580
v 0.077637 -0.007721 -0.003479
v 0.110840 -0.157227 -0.013550
v 0.139648 0.022217 -0.005371
v 0.130859 0.016968 -0.003403
v 0.139648 0.022217 -0.005371
v 0.088867 -0.002884 -0.077393
v -0.083496 0.153321 0.034668
v -0.084472 0.151367 0.031250
v 0.093750 0.039062 -0.074463
v -0.239258 0.043945 -0.051514
v -0.072265 0.027466 -0.062012
v -0.064942 0.029663 -0.062256
v 0.086426 0.037354 -0.002655
v 0.086914 0.034912 -0.007568
v -0.068360 0.012024 0.044922
v -0.045655 0.001580 0.057861
v -0.065430 0.011902 0.041260
v -0.069336 0.001778 0.046143
v -0.062988 0.001198 0.049072
v -0.068360 0.017090 0.039307
v -0.061035 -0.016846 -0.062500
v 0.111328 0.020996 -0.074463
v 0.103028 0.016236 -0.069580
v 0.108887 0.018066 -0.074463
v -0.196289 0.123047 -0.029297
v -0.119140 -0.000213 0.023071
v -0.119140 -0.000213 0.023071
v -0.122558 -0.002914 0.020508
v -0.118653 -0.001824 0.023437
v 0.106933 -0.019043 -0.000664
v 0.243164 0.001930 -0.016968
v 0.250000 0.002045 -0.012085
v -0.097656 0.033935 0.025269
v 0.004242 -0.143554 -0.010010
v 0.013550 0.037354 0.089111
v 0.009643 0.052735 0.084228
v 0.012695 0.036621 0.085693
v 0.017212 0.055176 0.092529
v -0.094238 0.003388 0.026733
v -0.093750 -0.000870 0.026855
v 0.092285 0.006256 -0.077393
v 0.094238 0.006317 -0.077881
v 0.090820 0.005646 -0.077393
v 0.129883 -0.015869 -0.003235
v 0.142578 -0.014648 -0.010315
v -0.086426 0.167969 0.033447
v -0.061524 -0.037842 -0.010620
v -0.061524 -0.037842 -0.010620
v -0.061524 -0.037842 -0.010620
v 0.229492 0.061524 -0.068604
v 0.093262 -0.037842 -0.002045
v -0.057373 0.008606 -0.069092
v 0.124512 -0.000332 -0.069580
v 0.134766 0.000508 -0.070068
v -0.037110 0.086914 -0.063721
v 0.075195 0.015381 -0.000725
v -0.043213 -0.004395 -0.062256
v -0.120117 0.015198 0.013855
v 0.055908 -0.006806 -0.069580
v -0.183594 0.134766 -0.020508
v -0.058105 0.039062 -0.068115
v -0.077637 -0.003998 -0.061768
v 0.092773 0.159179 -0.011658
v 0.072265 0.156250 -0.013428
v 0.066895 -0.007507 -0.000687
v -0.064453 0.167969 -0.001522
v 0.079102 -0.000305 -0.000580
v 0.092285 -0.000953 -0.065674
v -0.064453 -0.000234 -0.063721
v 0.135742 0.153321 -0.066162
v 0.113770 0.157227 -0.066162
v -0.057861 -0.003158 -0.070068
v 0.202148 -0.105957 -0.067627
v -0.074707 -0.041260 0.036865
v -0.171875 0.128906 -0.063477
v -0.104492 0.001404 0.028320
v -0.030517 -0.039551 -0.061523
v -0.114258 0.038574 0.022339
v 0.086914 0.015991 -0.003738
v 0.048584 0.021851 -0.010681
v 0.229492 0.061524 -0.068604
v 0.224609 -0.073242 -0.068604
v -0.048340 0.064453 -0.063232
v 0.237304 0.040771 -0.068604
v 0.240234 0.020141 -0.068604
v 0.215821 -0.088867 -0.067627
v 0.202148 -0.105957 -0.067627
v -0.061280 -0.033691 -0.061768
v 0.241211 0.000572 -0.068115
v 0.177734 -0.127929 -0.066162
v -0.032470 0.029541 -0.067139
v -0.078613 0.012085 -0.067139
v -0.075195 0.009826 -0.062256
v 0.048584 0.021851 -0.010681
v 0.136719 0.035889 -0.066650
v 0.136719 0.042969 -0.066650
v -0.139648 -0.000686 0.003265
v 0.088867 -0.012695 -0.000773
v -0.081055 0.043945 -0.064697
v -0.081055 0.043945 -0.064697
v -0.081055 0.044434 -0.059815
v -0.081055 0.044434 -0.059815
v -0.109375 -0.036133 0.018799
v 0.070801 -0.157227 -0.011414
v -0.104492 0.001274 -0.062012
v 0.080567 0.048340 -0.010864
v 0.085449 0.051025 -0.010742
v -0.072265 -0.041260 -0.007935
v -0.080567 -0.019776 -0.039307
v 0.093262 -0.001015 -0.012146
v -0.063477 0.022705 -0.010986
v 0.093262 -0.001015 -0.012146
v 0.243164 0.001930 -0.016968
v 0.241211 0.022217 -0.017212
v 0.222656 -0.074707 -0.014893
v 0.051270 0.152344 -0.013306
v 0.072265 0.156250 -0.013428
v 0.093262 -0.001015 -0.012146
v -0.035400 -0.093262 -0.010986
v -0.020874 -0.109863 -0.011108
v 0.110840 0.046631 -0.067139
v 0.016479 -0.057129 0.092041
v 0.012329 -0.036377 0.088135
v -0.127929 0.000618 0.010498
v -0.041992 0.001236 0.054443
v -0.106445 -0.015991 0.022705
v -0.104980 -0.017334 0.021484
v -0.101074 -0.015442 0.023071
v 0.201172 -0.127929 -0.040527
v 0.077148 -0.007996 -0.069580
v 0.005524 -0.147461 -0.039307
v 0.112305 0.000530 -0.005859
v 0.117676 0.002060 -0.000979
v 0.012268 0.000473 -0.066650
v 0.010071 -0.149414 -0.068115
v -0.132812 -0.022827 0.006897
v -0.129883 -0.025024 0.007996
v -0.015625 0.134766 -0.039795
v -0.013794 0.132812 -0.009277
v 0.002029 0.146484 -0.040039
v -0.015625 0.134766 -0.039795
v 0.111328 -0.044190 -0.067139
v -0.076660 -0.041992 -0.065674
v -0.082520 -0.041260 -0.059326
v -0.100586 -0.024658 0.029175
v -0.095215 -0.027954 0.025513
v -0.096680 -0.022217 0.031250
v -0.100586 -0.024658 0.029175
v 0.104492 -0.015076 -0.069092
v -0.093262 0.032470 0.034424
v -0.147461 0.000273 0.000191
v -0.147461 0.000273 0.000191
v -0.008667 -0.136719 -0.068604
v -0.219727 -0.085938 -0.043701
v -0.236328 0.085938 -0.050293
v 0.096192 -0.008911 0.001923
v 0.118653 0.017944 -0.069092
v -0.107910 -0.076172 0.018066
v -0.108887 -0.075683 0.022095
v 0.231446 -0.056396 -0.015869
v -0.083008 -0.029297 -0.061768
v 0.108887 0.018066 -0.074463
v -0.078613 -0.019043 -0.065674
v -0.076660 -0.041992 -0.039551
v 0.077637 0.035645 -0.003265
v 0.009705 0.001457 -0.060791
v -0.098633 -0.017578 0.030273
v 0.118164 -0.029297 -0.069092
v 0.111328 0.020996 -0.074463
v 0.111328 0.020996 -0.074463
v -0.078613 0.002564 -0.065674
v -0.064453 -0.000234 -0.063721
vn -0.5234 0.0217 -0.8518
vn -0.2155 0.1268 -0.9682
vn -0.8561 0.2815 -0.4334
vn -0.0325 0.0082 -0.9994
vn -0.0327 0.0022 -0.9995
vn -0.4876 -0.1428 -0.8613
vn -0.2034 -0.0125 -0.9790
vn -0.9078 0.2284 -0.3517
vn -0.1427 0.0327 -0.9892
vn -0.6307 0.1850 -0.7537
vn 0.2685 -0.6834 -0.6789
vn 0.3391 -0.4415 -0.8307
vn 0.4124 -0.6179 -0.6694
vn 0.1717 -0.4963 -0.8510
vn 0.0946 -0.7168 -0.6908
vn 0.3261 -0.7792 -0.5352
vn 0.1179 -0.7829 -0.6108
vn -0.6886 -0.5555 0.4662
vn -0.6829 -0.5601 0.4691
vn -0.7037 -0.4845 0.5197
vn -0.5745 -0.6570 0.4882
vn -0.5379 -0.5112 0.6703
vn -0.4417 -0.7056 0.5541
vn -0.6311 -0.4392 0.6394
vn 0.4596 -0.6765 -0.5754
vn 0.5170 -0.5071 -0.6897
vn 0.5826 -0.5441 -0.6038
vn 0.2680 -0.7182 -0.6422
vn 0.3736 -0.5984 -0.7088
vn 0.1159 0.4888 -0.8647
vn -0.0367 -0.0364 -0.9987
vn 0.0182 -0.1176 -0.9929
vn 0.3735 0.3848 -0.8440
vn 0.1287 0.5338 -0.8358
vn 0.1979 0.9796 0.0343
vn 0.0686 0.9974 -0.0213
vn 0.0134 0.2658 0.9639
vn 0.1919 0.7110 0.6765
vn 0.1188 0.4770 0.8708
vn -0.1788 -0.5198 0.8353
vn -0.1959 -0.5032 0.8417
vn -0.0385 0.1126 0.9929
vn -0.0263 0.1960 0.9802
vn -0.4665 -0.0091 0.8845
vn 0.0534 -0.2434 0.9685
vn -0.4001 -0.0065 0.9164
vn -0.8564 0.3669 0.3633
vn -0.7208 0.3907 0.5726
vn -0.6911 0.3744 0.6182
vn -0.9714 0.1838 0.1506
vn -0.8111 0.2264 0.5393
vn -0.3091 0.0399 0.9502
vn 0.1797 -0.3902 0.9030
vn -0.0896 -0.4047 0.9100
vn -0.2074 -0.3547 0.9117
vn -0.0973 -0.4857 0.8687
vn 0.1222 -0.4110 0.9034
vn 0.1716 -0.4607 0.8708
vn 0.2263 -0.3547 0.9072
vn -0.1354 -0.2337 0.9628
vn 0.0195 -0.5162 0.8563
vn -0.0730 -0.2539 0.9645
vn 0.1044 -0.2117 0.9717
vn -0.1061 0.4810 -0.8703
vn -0.1565 0.4866 -0.8595
vn 0.1475 -0.2812 -0.9482
vn -0.0274 -0.0061 -0.9996
vn -0.0076 0.7190 -0.6950
vn -0.1093 0.6622 -0.7413
vn -0.1615 0.5947 -0.7876
vn 0.0140 0.0377 0.9992
vn -0.1644 0.1557 0.9740
vn -0.1998 0.1613 0.9665
vn 0.0014 0.0240 0.9997
vn 0.0274 0.0059 0.9996
vn -0.4487 0.5325 0.7177
vn -0.0222 0.0374 0.9991
vn -0.1582 0.2075 0.9654
vn -0.0086 -0.0258 0.9996
vn -0.0724 0.0945 0.9929
vn 0.5459 0.1282 -0.8280
vn 0.7366 0.0113 -0.6762
vn 0.5222 -0.0672 -0.8502
vn 0.7123 0.1007 -0.6946
vn 0.3680 0.1302 -0.9207
vn 0.4997 0.1566 -0.8519
vn 0.3480 0.0527 -0.9360
vn 0.3277 0.0280 -0.9444
vn 0.7126 0.0267 -0.7010
vn 0.7316 0.0229 -0.6813
vn 0.1583 0.0219 -0.9871
vn -0.6331 -0.1152 -0.7655
vn -0.8155 -0.1574 -0.5570
vn 0.9225 0.1200 -0.3668
vn 0.2207 0.0501 -0.9740
vn 0.1664 0.0148 -0.9860
vn 0.1197 0.0130 -0.9927
vn 0.3090 0.5629 0.7666
vn 0.3482 0.4327 0.8316
vn 0.2872 0.3762 0.8809
vn 0.2966 0.6890 0.6613
vn 0.3992 0.5701 0.7181
vn 0.3123 0.6763 0.6672
vn 0.3421 0.5084 0.7902
vn 0.6863 0.1359 -0.7145
vn 0.7547 0.1636 -0.6353
vn 0.5921 0.1739 -0.7869
vn 0.4982 -0.0520 -0.8655
vn -0.6189 0.0586 -0.7833
vn -0.6598 0.1065 -0.7438
vn 0.7372 0.0738 -0.6716
vn 0.5355 -0.1148 -0.8367
vn -0.3985 -0.0752 -0.9141
vn 0.7635 -0.0882 -0.6397
vn -0.3931 -0.1313 0.9101
vn -0.3350 0.9254 0.1770
vn -0.4394 0.8983 0.0043
vn -0.5554 0.8312 0.0267
vn -0.3899 -0.1880 0.9015
vn -0.4628 -0.0262 0.8861
vn -0.3626 -0.2490 0.8981
vn 0.4440 0.1365 0.8856
vn 0.2006 0.1444 0.9690
vn 0.3944 0.2958 0.8700
vn 0.4803 0.1324 0.8670
vn 0.2215 0.0780 0.9720
vn 0.6918 0.5972 0.4060
vn 0.6229 0.6774 0.3913
vn 0.5322 0.6334 0.5617
vn 0.4522 0.0291 -0.8914
vn 0.4605 0.0212 -0.8874
vn 0.4646 0.0178 -0.8853
vn 0.7186 0.5563 0.4172
vn 0.4623 0.0151 -0.8866
vn 0.4873 0.5756 0.6567
vn -0.2890 0.4539 -0.8429
vn -0.4399 0.5530 -0.7076
vn -0.3908 0.3630 -0.8459
vn 0.1802 -0.4226 -0.8882
vn -0.3753 0.6106 -0.6974
vn 0.2234 -0.6334 -0.7408
vn -0.2591 0.5182 -0.8151
vn -0.7997 -0.3969 0.4505
vn -0.1281 0.2584 0.9575
vn -0.8433 -0.2851 0.4555
vn -0.1490 0.3977 0.9053
vn -0.6636 -0.4483 0.5989
vn -0.6839 -0.4563 0.5693
vn -0.5163 -0.0456 0.8552
vn 0.4773 -0.0035 -0.8787
vn 0.4828 0.0030 -0.8757
vn 0.4683 -0.0180 -0.8834
vn 0.6331 -0.6490 0.4219
vn 0.3750 -0.6001 0.7066
vn 0.6106 -0.6840 0.3992
vn 0.6723 -0.5902 0.4469
vn 0.4708 -0.5797 0.6650
vn 0.4717 -0.0101 -0.8817
vn 0.9513 0.0124 -0.3080
vn 0.9891 -0.0000 -0.1474
vn -0.2151 -0.0182 -0.9764
vn -0.1579 -0.0267 -0.9871
vn 0.9202 0.1672 -0.3538
vn 0.4684 0.0186 0.8833
vn 0.2588 0.0178 0.9658
vn -0.0119 -0.7241 0.6896
vn 0.0877 -0.7736 0.6276
vn -0.0378 -0.7300 0.6824
vn -0.1303 -0.7140 0.6879
vn -0.1350 -0.7066 0.6946
vn -0.1335 -0.1760 -0.9753
vn 0.1349 -0.4008 -0.9062
vn -0.1003 -0.0420 -0.9941
vn -0.0150 -0.2696 -0.9628
vn -0.2074 0.4651 -0.8606
vn -0.2171 -0.9761 0.0123
vn -0.4448 -0.5338 0.7192
vn -0.1571 -0.9871 0.0310
vn -0.6207 -0.5731 -0.5351
vn -0.5330 -0.5421 0.6496
vn -0.2163 0.2681 -0.9388
vn -0.2072 0.1493 -0.9668
vn -0.3380 0.2103 -0.9173
vn -0.2708 0.5122 -0.8150
vn -0.2093 0.2970 -0.9317
vn -0.1522 0.2069 -0.9665
vn -0.3817 0.4080 -0.8294
vn -0.4366 0.1228 0.8913
vn -0.4288 0.2394 0.8711
vn 0.7226 -0.2250 0.6536
vn -0.6593 0.0930 0.7461
vn -0.6369 0.3145 0.7039
vn 0.5557 -0.1179 0.8230
vn -0.5297 0.0343 0.8475
vn 0.3636 0.1443 -0.9203
vn 0.7709 0.1864 -0.6091
vn 0.9046 0.4052 -0.1322
vn 0.2018 0.4251 -0.8824
vn 0.2328 0.0185 -0.9723
vn -0.0440 -0.3080 -0.9504
vn 0.1196 -0.1120 -0.9865
vn -0.1596 -0.5258 -0.8355
vn -0.4142 -0.5686 -0.7107
vn -0.3345 -0.4517 -0.8271
vn -0.0506 -0.5974 -0.8003
vn -0.1750 -0.6734 -0.7183
vn -0.1692 -0.3340 -0.9273
vn -0.1115 -0.4495 -0.8863
vn 0.3659 0.7923 0.4882
vn 0.2976 0.5954 0.7463
vn 0.2323 0.4704 0.8513
vn 0.1883 0.4434 0.8763
vn 0.3808 0.5033 0.7757
vn -0.1579 -0.3317 0.9301
vn 0.0170 0.0943 0.9954
vn -0.1508 -0.5049 0.8499
vn 0.0285 0.0281 0.9992
vn 0.3912 0.6531 0.6484
vn 0.2411 0.8437 0.4796
vn 0.2014 0.8738 0.4427
vn 0.2100 0.6434 0.7362
vn -0.1731 -0.3878 0.9054
vn -0.1314 -0.2233 -0.9659
vn -0.1050 -0.2417 -0.9647
vn -0.3556 -0.7785 0.5171
vn -0.0113 -0.0032 -0.9999
vn -0.4258 -0.7587 0.4929
vn -0.0846 -0.1338 -0.9874
vn -0.5945 -0.0674 0.8013
vn -0.6103 0.1264 0.7820
vn -0.5851 -0.0080 0.8109
vn -0.6108 -0.1140 0.7835
vn -0.4210 0.1012 0.9014
vn -0.4741 0.0942 0.8754
vn -0.5931 0.1073 0.7979
vn -0.5545 0.0947 0.8268
vn -0.5824 -0.0475 0.8115
vn -0.7858 -0.0579 0.6158
vn -0.7673 -0.0179 0.6410
vn -0.6377 0.1219 0.7606
vn -0.5978 0.2355 0.7663
vn -0.0800 0.4330 0.8978
vn 0.1168 0.5731 0.8111
vn 0.1186 0.4666 0.8765
vn -0.2341 0.4765 0.8474
vn -0.2688 0.3833 0.8836
vn -0.1247 0.6665 0.7350
vn -0.3857 0.1358 0.9126
vn -0.1456 0.7064 0.6927
vn -0.6322 -0.5846 0.5085
vn -0.5293 -0.5780 0.6211
vn 0.1884 -0.0589 -0.9803
vn 0.3155 -0.1790 -0.9319
vn 0.2716 -0.1818 -0.9451
vn 0.1987 -0.0800 -0.9768
vn -0.5380 0.1120 -0.8355
vn 0.0304 -0.0240 -0.9992
vn -0.5140 0.1969 -0.8349
vn 0.5808 -0.3365 -0.7412
vn 0.1058 -0.9476 0.3016
vn 0.0459 -0.2572 -0.9653
vn 0.0463 -0.1680 -0.9847
vn 0.0657 -0.7942 0.6041
vn -0.1245 0.2701 0.9548
vn 0.2663 -0.8526 0.4496
vn 0.3074 -0.8270 0.4708
vn -0.1078 0.2646 0.9583
vn 0.0781 -0.3100 -0.9475
vn -0.6506 0.1705 -0.7400
vn -0.7852 0.4090 -0.4649
vn -0.5799 0.3742 -0.7236
vn -0.5043 0.0736 -0.8604
vn -0.5962 -0.0000 -0.8029
vn -0.4842 0.2107 -0.8492
vn -0.7241 0.0102 -0.6896
vn -0.8353 0.2587 -0.4851
vn 0.0078 0.1601 -0.9871
vn -0.0820 0.0996 -0.9916
vn 0.1505 -0.5009 -0.8523
vn -0.2564 0.4151 -0.8729
vn -0.0881 0.3261 -0.9412
vn -0.1006 0.3411 -0.9346
vn -0.2323 0.6185 -0.7507
vn 0.0248 -0.0943 -0.9952
vn -0.2918 0.5106 -0.8088
vn 0.2427 -0.7087 -0.6625
vn 0.8875 0.4577 -0.0534
vn 0.8899 0.4551 -0.0299
vn 0.4498 0.8789 0.1589
vn 0.9032 0.4291 -0.0105
vn -0.5157 -0.4753 -0.7129
vn -0.5850 -0.5339 -0.6105
vn -0.7160 -0.5003 -0.4869
vn -0.5500 -0.3948 -0.7359
vn -0.3536 -0.3818 -0.8539
vn -0.3323 -0.3867 -0.8603
vn -0.4070 -0.5750 -0.7098
vn 0.0991 0.2244 0.9695
vn -0.4676 -0.1135 0.8766
vn -0.3454 0.4884 0.8013
vn -0.3536 0.0396 0.9346
vn 0.2363 0.2229 0.9458
vn -0.2875 0.0391 0.9570
vn 0.7380 0.5390 0.4061
vn 0.8177 0.3181 0.4798
vn 0.4619 0.0427 -0.8859
vn 0.6035 0.2739 -0.7488
vn 0.4795 0.0327 -0.8769
vn -0.0302 -0.9854 -0.1677
vn -0.1250 -0.9481 -0.2924
vn 0.4642 0.0119 -0.8857
vn 0.4268 0.0258 -0.9040
vn -0.0051 0.3568 0.9342
vn -0.0972 0.3266 0.9402
vn -0.0367 0.2636 0.9639
vn -0.1239 0.4738 0.8719
vn -0.0700 0.4701 0.8798
vn -0.0400 0.6677 0.7434
vn -0.1507 0.6266 0.7646
vn -0.0059 0.2763 0.9610
vn -0.0259 0.3603 0.9325
vn -0.2385 0.5739 0.7834
vn -0.1646 0.4503 0.8776
vn -0.2190 0.0328 -0.9752
vn 0.8323 0.0091 -0.5542
vn 0.9345 -0.0014 -0.3559
vn -0.5635 0.0834 -0.8219
vn -0.3434 0.0635 -0.9370
vn -0.6284 0.1249 -0.7678
vn -0.1274 0.0328 -0.9913
vn 0.7989 0.5942 -0.0934
vn 0.4797 0.2916 -0.8276
vn 0.2340 0.9720 -0.0205
vn 0.9946 0.1026 -0.0157
vn -0.2176 -0.0667 0.9738
vn 0.4301 -0.0880 0.8985
vn -0.8721 0.0355 0.4881
vn -0.9285 0.0900 0.3604
vn -0.8418 0.1988 0.5019
vn 0.6303 -0.0859 0.7716
vn -0.5300 -0.0000 0.8480
vn 0.5841 -0.2834 0.7606
vn 0.4380 -0.3347 0.8344
vn 0.0485 -0.2067 0.9772
vn -0.2903 -0.1038 0.9513
vn 0.1154 0.2172 0.9693
vn 0.1364 0.1949 0.9713
vn 0.4681 0.8012 -0.3728
vn 0.0133 0.0016 0.9999
vn 0.3585 0.8625 -0.3570
vn 0.0855 0.2226 0.9712
vn -0.2294 -0.8074 0.5436
vn -0.3101 -0.8081 0.5008
vn -0.1836 -0.5154 0.8371
vn -0.0224 -0.0037 0.9997
vn 0.1277 0.3821 0.9153
vn -0.1058 -0.3558 0.9286
vn -0.4901 -0.2423 0.8373
vn -0.5433 -0.2759 0.7929
vn 0.1334 0.1014 0.9859
vn 0.3723 0.2643 0.8897
vn -0.7637 -0.4524 0.4606
vn -0.6597 0.1815 -0.7293
vn 0.0665 -0.0608 -0.9959
vn 0.0844 -0.0847 -0.9928
vn -0.6669 0.1417 -0.7316
vn -0.9154 0.2391 0.3237
vn -0.6373 0.1653 -0.7527
vn -0.9238 0.2498 0.2902
vn -0.4172 -0.6903 0.5911
vn -0.5077 -0.5661 0.6495
vn -0.5124 -0.6397 0.5730
vn -0.2448 -0.7728 0.5856
vn -0.2949 -0.6614 0.6896
vn -0.3232 -0.7996 0.5061
vn -0.4155 -0.5720 0.7073
vn -0.3610 -0.8305 0.4241
vn -0.5031 -0.7179 0.4812
vn -0.5059 -0.7200 0.4750
vn -0.5058 -0.7200 0.4752
vn -0.0009 0.0490 -0.9988
vn -0.3349 0.3781 -0.8631
vn -0.4945 0.2826 -0.8220
vn -0.0171 0.0946 -0.9954
vn -0.0000 -0.0000 -1.0000
vn 0.8759 -0.1209 0.4671
vn 0.7579 0.0692 0.6487
vn 0.7912 -0.0402 0.6102
vn 0.9262 -0.0519 0.3734
vn 0.8707 0.0138 0.4916
vn 0.9253 -0.1560 0.3456
vn 0.9041 -0.2128 0.3705
vn -0.7237 0.4613 -0.5133
vn 0.1570 -0.1787 -0.9713
vn 0.1818 -0.1303 -0.9747
vn -0.2881 0.1925 0.9380
vn -0.1935 0.1458 0.9702
vn -0.6957 0.5369 -0.4773
vn -0.5786 0.3421 -0.7404
vn 0.3836 -0.1591 -0.9097
vn 0.5882 -0.2703 -0.7622
vn 0.6827 -0.1735 -0.7098
vn 0.3089 -0.1682 -0.9361
vn -0.4349 0.2794 -0.8560
vn 0.3189 -0.0652 -0.9455
vn -0.5024 0.2172 -0.8369
vn 0.7767 0.3970 0.4890
vn -0.2890 -0.2064 0.9348
vn -0.1158 -0.0762 0.9903
vn 0.9224 0.3861 -0.0000
vn 0.4151 0.2362 -0.8786
vn -0.2706 -0.2413 0.9319
vn 0.9191 0.3941 -0.0064
vn 0.9355 0.3094 0.1707
vn 0.1565 0.0773 -0.9846
vn 0.7768 0.5391 0.3255
vn -0.0470 -0.0129 -0.9988
vn 0.5633 -0.2307 -0.7934
vn -0.0189 -0.0688 -0.9975
vn -0.4042 -0.2039 -0.8916
vn -0.1266 -0.0483 -0.9908
vn 0.0849 -0.0485 -0.9952
vn 0.0269 0.2175 -0.9757
vn 0.0729 -0.0681 -0.9950
vn -0.1067 0.5919 0.7989
vn -0.1182 0.4401 0.8901
vn 0.0137 0.5415 0.8406
vn -0.1443 0.6691 0.7291
vn -0.1932 0.7545 0.6272
vn -0.2719 0.6705 0.6903
vn -0.2429 0.5748 0.7814
vn -0.0992 0.5935 0.7987
vn -0.0797 0.7036 0.7061
vn -0.0005 0.6996 0.7146
vn -0.6712 -0.4211 -0.6101
vn -0.6647 -0.2290 -0.7111
vn -0.8259 -0.5506 0.1216
vn -0.7730 -0.6336 -0.0320
vn -0.7198 -0.5618 -0.4078
vn 0.1048 0.0298 -0.9941
vn 0.1465 0.0969 -0.9845
vn -0.1199 -0.0159 -0.9927
vn -0.1990 0.6056 0.7705
vn -0.1708 0.5096 0.8433
vn -0.0018 -0.1443 0.9895
vn -0.2993 0.9516 0.0704
vn -0.2860 0.9375 0.1984
vn -0.1888 0.5361 0.8228
vn 0.6757 -0.7206 -0.1556
vn 0.1259 -0.9918 -0.0241
vn 0.3581 -0.4152 -0.8363
vn 0.9854 -0.1535 -0.0743
vn -0.5736 -0.0909 0.8141
vn -0.4678 0.0491 0.8825
vn 0.0312 0.2325 0.9721
vn 0.0550 0.2242 0.9730
vn -0.5900 -0.0353 0.8066
vn -0.8377 -0.2512 0.4850
vn -0.9076 -0.2544 0.3341
vn 0.0178 -0.9991 0.0390
vn -0.2070 -0.8927 0.4002
vn -0.0347 -0.9994 0.0048
vn 0.5374 -0.0977 -0.8376
vn 0.5731 -0.3028 -0.7615
vn 0.0386 -0.9784 0.2033
vn 0.5063 0.0106 -0.8623
vn 0.4651 0.0247 -0.8849
vn -0.1025 -0.9466 0.3055
vn 0.1832 0.0576 -0.9814
vn 0.3597 -0.0035 -0.9331
vn 0.2201 0.0576 -0.9738
vn 0.0625 0.0614 -0.9962
vn 0.3013 0.1892 -0.9346
vn 0.1612 0.1442 -0.9763
vn 0.2077 0.2776 -0.9380
vn -0.1841 -0.0681 0.9805
vn -0.4934 -0.1889 0.8490
vn -0.1597 -0.0466 0.9861
vn 0.8940 0.3460 0.2847
vn 0.4517 0.1376 0.8815
vn 0.9261 0.2295 0.2995
vn 0.4256 0.1740 0.8880
vn -0.3459 -0.1342 0.9286
vn 0.6266 0.2288 0.7450
vn -0.2087 -0.1250 0.9700
vn -0.3613 -0.0397 0.9316
vn -0.9149 0.3472 -0.2059
vn -0.4418 0.0119 0.8970
vn 0.6738 -0.2786 0.6844
vn 0.7629 -0.3779 0.5246
vn -0.9285 0.3641 0.0731
vn -0.2092 -0.1278 0.9695
vn -0.6178 -0.1265 0.7761
vn -0.6236 -0.1034 0.7749
vn -0.6113 -0.1510 0.7769
vn -0.6783 -0.2713 0.6829
vn -0.7963 -0.2884 0.5318
vn -0.7361 -0.3926 0.5514
vn -0.6871 -0.3745 0.6226
vn -0.7374 -0.1214 0.6645
vn -0.5363 -0.2469 0.8071
vn 0.3883 -0.4569 -0.8003
vn 0.0644 -0.0982 -0.9931
vn -0.0055 -0.0153 -0.9999
vn 0.0063 -0.0134 -0.9999
vn -0.0133 -0.0044 -0.9999
vn 0.5327 -0.5171 -0.6699
vn -0.0227 -0.0098 -0.9997
vn 0.3910 -0.5397 -0.7455
vn 0.1352 -0.2381 -0.9618
vn 0.0949 -0.5803 0.8089
vn 0.1235 -0.7040 0.6994
vn 0.0396 -0.6624 0.7481
vn -0.0074 -0.6511 0.7590
vn 0.0083 -0.0082 0.9999
vn -0.0133 -0.0605 0.9981
vn 0.1610 -0.7351 0.6585
vn -0.2256 0.2787 -0.9335
vn -0.0544 0.2239 -0.9731
vn -0.2200 0.0809 -0.9721
vn -0.2151 0.4384 -0.8727
vn -0.1445 0.3431 -0.9281
vn -0.3028 0.3279 -0.8949
vn -0.4166 0.2380 -0.8774
vn -0.4108 0.4022 -0.8182
vn -0.2810 0.5590 -0.7801
vn -0.3357 0.0584 -0.9402
vn 0.0051 0.0050 1.0000
vn -0.6984 -0.7141 -0.0483
vn -0.6132 -0.6641 -0.4277
vn -0.6083 -0.7919 -0.0538
vn 0.0127 -0.0023 0.9999
vn 0.0122 -0.0019 0.9999
vn 0.0112 -0.0032 0.9999
vn -0.3406 -0.2848 0.8961
vn -0.6709 -0.5845 -0.4564
vn 0.3954 0.1708 0.9025
vn 0.5878 0.1207 0.7999
vn 0.5048 0.3285 0.7983
vn 0.4314 -0.1049 0.8960
vn 0.2668 -0.0569 0.9621
vn 0.1774 0.0912 0.9799
vn 0.2276 -0.0575 0.9721
vn 0.3780 0.2606 0.8884
vn 0.2468 0.2524 0.9356
vn 0.2962 -0.1286 0.9464
vn 0.2455 0.5040 -0.8281
vn 0.3959 0.5790 -0.7127
vn 0.3314 0.6395 -0.6937
vn 0.0448 -0.0160 -0.9989
vn -0.3895 -0.6440 -0.6585
vn -0.3371 -0.4140 -0.8456
vn -0.5016 -0.2506 -0.8280
vn 0.3204 0.1113 -0.9407
vn 0.2362 0.6000 -0.7643
vn -0.1224 0.0386 -0.9917
vn -0.3186 -0.7269 0.6084
vn -0.2967 -0.6170 0.7289
vn -0.2123 -0.7506 0.6257
vn -0.4612 -0.4350 0.7733
vn -0.1199 0.0645 -0.9907
vn -0.0084 0.1107 -0.9938
vn 0.3258 0.3682 -0.8708
vn -0.1892 -0.4523 -0.8716
vn -0.5625 -0.4267 -0.7082
vn -0.6206 -0.1227 -0.7744
vn -0.0284 0.1365 -0.9902
vn -0.1176 0.7832 0.6106
vn -0.2513 0.7004 0.6680
vn -0.1165 0.7550 0.6453
vn 0.0262 0.7840 0.6202
vn 0.0539 0.8237 0.5645
vn 0.3884 -0.9106 -0.1412
vn 0.2525 -0.7369 -0.6271
vn 0.3361 -0.9118 -0.2357
vn 0.2226 -0.3797 -0.8979
vn 0.8359 -0.5489 0.0050
vn 0.1479 -0.4342 -0.8886
vn 0.6792 0.3572 -0.6412
vn 0.2943 0.7613 0.5778
vn 0.3343 0.7175 0.6111
vn 0.4869 -0.0088 -0.8734
vn 0.5075 -0.0220 -0.8614
vn 0.6255 0.2783 -0.7289
vn 0.6028 0.6828 0.4129
vn 0.3988 0.6656 0.6308
vn -0.4060 -0.6898 -0.5995
vn -0.5832 -0.4927 -0.6459
vn -0.1751 -0.7590 -0.6271
vn -0.1077 -0.4227 -0.8999
vn -0.1574 -0.4405 -0.8839
vn -0.1293 -0.5512 -0.8243
vn -0.0724 -0.3557 -0.9318
vn 0.0960 0.1734 -0.9802
vn -0.0023 -0.0031 -1.0000
vn -0.3409 -0.7402 -0.5795
vn 0.0343 0.4510 -0.8919
vn -0.1205 -0.5498 0.8266
vn 0.0761 0.0781 0.9940
vn -0.3434 -0.3687 0.8638
vn -0.1165 -0.9915 0.0576
vn -0.2030 -0.9781 0.0456
vn -0.4753 0.8676 0.1463
vn -0.5349 0.8217 -0.1967
vn -0.6025 0.6533 0.4584
vn -0.6800 0.4099 0.6079
vn -0.8383 0.3724 -0.3982
vn -0.7989 -0.2923 0.5257
vn -0.4069 0.3613 0.8390
vn -0.5380 -0.0694 0.8401
vn -0.4913 0.0087 0.8710
vn -0.8043 -0.4171 -0.4233
vn -0.8793 -0.3172 0.3554
vn -0.5855 -0.0571 0.8087
vn -0.3808 0.2968 -0.8757
vn -0.3184 0.2135 -0.9236
vn -0.3262 0.1535 -0.9328
vn -0.6032 0.3900 -0.6958
vn -0.7075 0.2297 -0.6683
vn -0.6518 0.3740 -0.6597
vn -0.4588 0.3392 -0.8213
vn -0.5753 0.4537 -0.6806
vn -0.6118 0.4148 -0.6735
vn -0.3380 0.1023 -0.9356
vn 0.3139 -0.3168 0.8950
vn 0.4998 -0.2857 0.8177
vn 0.3547 -0.2173 0.9094
vn 0.1805 -0.2492 0.9515
vn 0.2382 -0.3569 0.9033
vn 0.4189 -0.4464 0.7907
vn 0.0678 -0.6559 -0.7518
vn 0.1162 -0.9300 -0.3487
vn 0.1452 -0.9102 -0.3878
vn 0.0219 -0.3459 -0.9380
vn -0.0010 0.3133 -0.9496
vn -0.1366 -0.7044 -0.6965
vn -0.2608 -0.8024 -0.5368
vn 0.0205 -0.0315 -0.9993
vn 0.0808 -0.0177 -0.9966
vn 0.3326 -0.3422 -0.8788
vn 0.1706 0.2946 -0.9403
vn 0.0299 0.0660 -0.9974
vn 0.0422 -0.0489 -0.9979
vn 0.1252 0.1310 -0.9834
vn 0.6616 0.7498 -0.0000
vn 0.7146 0.6651 0.2165
vn -0.0049 0.0006 -1.0000
vn -0.0100 0.0053 -0.9999
vn 0.3026 0.3675 -0.8794
vn 0.5339 0.6630 0.5248
vn 0.2071 0.1604 -0.9651
vn 0.1050 0.7000 -0.7064
vn 0.2261 0.6622 -0.7144
vn 0.2366 0.6743 -0.6995
vn -0.0138 0.7315 -0.6817
vn -0.0947 0.6943 -0.7134
vn -0.0229 0.7171 -0.6965
vn 0.0651 0.7301 -0.6803
vn -0.7841 -0.5074 0.3574
vn 0.2761 0.4582 0.8449
vn -0.1226 0.6076 0.7847
vn -0.1000 0.6684 0.7370
vn -0.1285 0.6738 0.7277
vn 0.0378 -0.4686 0.8826
vn -0.0030 -0.4482 0.8939
vn -0.1461 0.6348 0.7588
vn -0.1054 0.0451 -0.9934
vn 0.4175 -0.4920 -0.7639
vn -0.0654 0.0570 -0.9962
vn -0.0217 0.0150 -0.9997
vn -0.0695 0.0613 -0.9957
vn -0.6192 0.6852 -0.3835
vn -0.1045 0.0941 -0.9901
vn 0.7043 -0.5601 -0.4362
vn 0.7138 -0.6355 -0.2944
vn -0.7988 -0.1662 -0.5781
vn -0.7197 -0.3089 -0.6218
vn -0.5328 -0.1203 -0.8377
vn -0.6681 -0.0538 -0.7421
vn -0.8261 -0.0125 -0.5633
vn -0.2569 -0.6798 0.6869
vn -0.3741 -0.4029 0.8353
vn 0.1750 -0.9697 0.1702
vn 0.1037 -0.9776 0.1829
vn -0.5854 0.1394 0.7987
vn -0.4384 -0.1421 0.8875
vn -0.1007 -0.0846 0.9913
vn -0.5737 -0.0126 0.8190
vn 0.0446 -0.9728 0.2273
vn -0.5260 -0.1868 0.8297
vn 0.5753 0.6672 -0.4732
vn 0.6673 0.4932 -0.5581
vn 0.4039 0.6121 -0.6798
vn 0.3314 0.7704 -0.5447
vn -0.5616 -0.1175 0.8190
vn -0.8217 -0.1179 0.5576
vn -0.4050 -0.0516 0.9129
vn -0.4972 -0.2262 0.8376
vn -0.7550 -0.2241 0.6162
vn 0.4337 0.0348 0.9004
vn 0.5091 -0.0278 -0.8603
vn 0.4834 -0.0134 -0.8753
vn 0.5050 -0.0377 -0.8623
vn 0.6483 -0.2386 -0.7230
vn 0.6355 -0.3166 -0.7042
vn 0.5025 -0.0261 -0.8642
vn -0.3712 0.0286 0.9281
vn -0.8989 -0.4258 0.1036
vn -0.8683 -0.4895 -0.0805
vn -0.4265 0.0197 0.9043
vn -0.4661 0.0092 0.8847
vn -0.3194 0.0931 0.9430
vn -0.4588 0.0210 0.8883
vn -0.6590 0.2751 0.7001
vn -0.5412 0.1513 0.8272
vn -0.7233 0.1331 0.6776
vn 0.4967 -0.1000 0.8622
vn 0.5363 -0.2784 0.7968
vn -0.5953 0.3409 0.7276
vn -0.5038 0.2448 0.8284
vn 0.1578 -0.2119 -0.9645
vn -0.0911 -0.2429 -0.9658
vn 0.0189 -0.1203 -0.9926
vn 0.2265 -0.3386 -0.9133
vn 0.0208 -0.3496 -0.9367
vn 0.2321 -0.2646 -0.9360
vn 0.2382 -0.1448 -0.9604
vn -0.8383 0.4980 0.2220
vn -0.7919 0.6012 0.1067
vn -0.4030 0.3051 -0.8628
vn 0.0410 -0.0331 0.9986
vn 0.0456 -0.0183 0.9988
vn 0.0937 -0.0730 0.9929
vn -0.8196 0.3989 0.4112
vn 0.0346 -0.0184 0.9992
vn -0.1523 0.0995 -0.9833
vn -0.5060 0.4272 0.7493
vn 0.8431 -0.1121 0.5260
vn 0.7482 0.0660 0.6601
vn 0.0481 -0.1419 0.9887
vn 0.8460 -0.3192 0.4270
vn -0.2396 -0.0996 -0.9657
vn 0.3843 0.1886 -0.9037
vn 0.4032 0.1951 -0.8941
vn -0.7244 -0.4523 -0.5203
vn -0.6585 -0.4294 -0.6181
vn -0.2368 -0.0698 -0.9690
vn -0.8337 -0.3874 -0.3935
vn -0.0361 0.0034 -0.9993
vn -0.0434 -0.0789 -0.9959
vn -0.0368 -0.4646 0.8848
vn -0.1570 -0.9473 -0.2793
vn -0.0782 -0.8745 -0.4787
vn 0.0238 -0.2427 0.9698
vn 0.0123 -0.0044 0.9999
vn -0.0115 0.0014 0.9999
vn -0.0496 -0.1582 0.9862
vn -0.0495 -0.4722 -0.8801
vn -0.1033 -0.8915 0.4410
vn -0.1494 -0.9864 0.0681
vn 0.0082 0.0003 -1.0000
vn 0.0128 -0.2473 -0.9689
vn -0.1845 -0.9822 -0.0358
vn -0.0025 -0.9555 0.2949
vn -0.4660 -0.0635 -0.8825
vn 0.6255 0.0989 -0.7739
vn 0.4101 0.0875 -0.9078
vn -0.6817 -0.1026 -0.7244
vn -0.4982 -0.0626 -0.8648
vn -0.7758 0.0949 -0.6238
vn -0.9393 0.0578 -0.3383
vn -0.9057 0.1136 -0.4085
vn -0.2768 0.0372 -0.9602
vn 0.5857 -0.0338 -0.8098
vn 0.1409 -0.5105 0.8483
vn 0.1153 -0.5837 0.8038
vn 0.2964 -0.4024 0.8661
vn 0.1386 -0.6295 0.7646
vn -0.0071 -0.2040 -0.9789
vn -0.0890 0.9012 -0.4241
vn -0.0336 0.9008 -0.4328
vn -0.0222 -0.0240 -0.9995
vn 0.0094 -0.1965 -0.9805
vn -0.0249 -0.0390 -0.9989
vn -0.0220 -0.1544 -0.9878
vn -0.4221 0.1451 0.8949
vn 0.8315 -0.2434 0.4994
vn -0.3513 0.0952 0.9314
vn -0.0063 0.0222 0.9997
vn 0.0083 0.0271 0.9996
vn -0.0699 0.0245 0.9973
vn -0.8734 0.3930 0.2875
vn -0.0578 0.0260 0.9980
vn -0.1622 0.0994 0.9817
vn 0.8732 -0.4208 0.2458
vn 0.3887 0.1782 -0.9040
vn -0.1497 -0.0680 -0.9864
vn 0.3307 0.0793 -0.9404
vn 0.9318 0.3625 0.0191
vn 0.5981 0.7954 -0.0976
vn 0.3222 0.1453 -0.9354
vn -0.6559 -0.1837 -0.7322
vn 0.0962 0.0672 -0.9931
vn 0.8406 0.2977 -0.4525
vn 0.9495 0.2873 -0.1262
vn 0.1213 0.0838 -0.9891
vn -0.0186 0.0291 -0.9994
vn 0.1864 0.1338 -0.9733
vn -0.7347 -0.4893 -0.4699
vn -0.8597 -0.4326 -0.2717
vn 0.6525 0.3564 0.6688
vn 0.7620 0.0945 0.6406
vn 0.5604 0.4800 0.6749
vn 0.7150 0.3319 0.6153
vn 0.6280 0.5543 0.5462
vn -0.4329 -0.7055 -0.5612
vn -0.3830 -0.5186 0.7644
vn -0.4390 -0.7527 0.4907
vn -0.6079 -0.2127 0.7650
vn 0.9560 0.1398 0.2581
vn 0.7804 0.1011 -0.6170
vn 0.8028 0.0400 -0.5949
vn 0.9012 0.2445 0.3578
vn 0.4763 -0.0141 -0.8792
vn 0.4763 -0.0138 -0.8792
vn 0.4766 -0.0153 -0.8790
vn 0.4760 -0.0127 -0.8793
vn 0.9632 0.0737 0.2584
vn -0.6911 0.7129 0.1189
vn -0.9936 0.0965 0.0593
vn -0.4012 0.3996 0.8242
vn -0.0879 0.9920 0.0905
vn 0.1888 -0.9819 -0.0157
vn 0.1685 -0.4981 -0.8506
vn 0.0709 -0.5741 -0.8157
vn 0.2675 -0.9618 -0.0588
vn 0.3818 0.2243 0.8966
vn -0.0945 0.1980 0.9756
vn 0.2189 0.3391 0.9149
vn -0.0307 0.0693 0.9971
vn -0.8941 -0.1644 0.4166
vn -0.8751 -0.0336 0.4827
vn 0.2335 0.0858 0.9686
vn 0.6548 0.1002 0.7491
vn -0.2811 0.0197 0.9595
vn -0.6453 -0.0745 0.7603
vn -0.0822 -0.0452 0.9956
vn 0.3671 0.1786 0.9129
vn 0.1911 0.0931 0.9772
vn 0.0255 0.0107 0.9996
vn 0.0182 -0.0064 0.9998
vn 0.0552 0.0056 0.9985
vn -0.6558 -0.1167 0.7459
vn 0.0511 0.0018 0.9987
vn 0.9006 0.3042 0.3103
vn 0.8396 0.2608 0.4765
vn 0.8395 0.2607 0.4767
vn 0.0301 -0.0021 0.9995
vn 0.1204 0.0233 0.9924
vn 0.5251 0.1460 -0.8384
vn 0.9279 0.3437 0.1447
vn 0.9340 0.3537 0.0497
vn -0.2833 -0.0215 0.9588
vn -0.3810 -0.1059 0.9185
vn -0.3936 -0.1373 0.9090
vn -0.2554 -0.0000 0.9668
vn -0.1555 -0.2324 0.9601
vn -0.1714 -0.2768 0.9455
vn -0.2164 -0.1771 0.9601
vn -0.1843 -0.0000 0.9829
vn -0.1917 -0.1580 0.9686
vn -0.4790 -0.0144 0.8777
vn -0.4781 -0.2644 0.8376
vn -0.4237 -0.2593 0.8679
vn -0.4849 0.0052 0.8746
vn -0.5031 -0.0162 0.8641
vn -0.4666 -0.0116 0.8844
vn -0.8318 0.1795 -0.5253
vn -0.7713 0.1261 -0.6238
vn -0.7673 0.1924 -0.6117
vn -0.7665 0.1671 -0.6201
vn -0.7364 0.3324 -0.5892
vn -0.3302 0.1960 0.9233
vn -0.2273 0.1488 0.9624
vn -0.2229 0.0738 0.9720
vn 0.4668 -0.2690 0.8425
vn -0.2775 0.2041 0.9388
vn -0.3583 0.1531 0.9210
vn 0.4847 -0.2136 0.8482
vn 0.2168 0.5974 -0.7721
vn 0.1410 0.3733 -0.9169
vn 0.3278 0.5581 -0.7623
vn -0.1785 -0.3298 -0.9270
vn -0.1595 -0.4920 -0.8558
vn 0.2101 0.6249 -0.7519
vn 0.1579 0.6082 -0.7779
vn -0.7041 -0.1074 -0.7019
vn -0.7071 -0.0000 -0.7071
vn -0.5293 -0.1089 -0.8414
vn -0.8080 -0.0313 -0.5883
vn -0.8321 -0.1915 -0.5206
vn -0.4647 -0.2132 -0.8594
vn -0.6526 -0.3570 -0.6683
vn 0.1080 0.3322 0.9370
vn 0.0013 0.2209 0.9753
vn 0.0150 -0.0922 0.9956
vn 0.1602 0.0421 0.9862
vn 0.0049 0.0330 0.9994
vn 0.0050 0.0330 0.9994
vn -0.0201 -0.2271 0.9737
vn 0.7894 0.3341 0.5150
vn -0.3251 0.4572 0.8278
vn 0.0032 0.1064 0.9943
vn 0.1694 0.4949 0.8523
vn 0.3589 0.9132 0.1928
vn 0.6728 0.7308 0.1150
vn 0.9105 0.3969 0.1162
vn -0.4977 -0.1842 -0.8476
vn -0.9836 -0.1803 0.0095
vn -0.9670 -0.2505 0.0462
vn -0.5144 -0.1799 -0.8385
vn -0.0518 -0.0970 -0.9939
vn -0.3632 -0.4142 -0.8346
vn -0.0143 -0.0875 -0.9961
vn -0.1671 -0.0980 0.9811
vn -0.7565 0.2855 0.5883
vn -0.8693 0.2166 0.4443
vn -0.2294 -0.0698 0.9708
vn -0.1788 -0.0959 0.9792
vn 0.0685 -0.1696 0.9831
vn -0.5596 0.0066 0.8288
vn -0.9757 -0.0068 -0.2188
vn -0.9772 -0.0104 -0.2122
vn -0.3014 0.0227 0.9532
vn -0.4701 0.0093 0.8826
vn -0.6659 -0.0051 0.7460
vn -0.4563 0.0389 0.8890
vn -0.4695 0.0094 0.8829
vn -0.3677 0.0596 0.9280
vn 0.4675 0.1258 0.8750
vn -0.0249 0.0556 0.9981
vn -0.4663 0.1503 0.8718
vn 0.0058 0.0108 0.9999
vn -0.1144 0.4860 0.8664
vn 0.5663 -0.1849 0.8032
vn 0.3542 -0.2299 0.9065
vn -0.0284 -0.0896 0.9956
vn 0.1906 -0.5255 -0.8291
vn 0.0264 0.1866 -0.9821
vn 0.1967 -0.5008 -0.8429
vn -0.0397 0.6615 -0.7489
vn 0.2922 -0.9469 -0.1344
vn 0.9229 -0.3813 0.0541
vn 0.0211 -0.6429 -0.7656
vn -0.5974 0.5855 -0.5480
vn -0.6412 0.1083 0.7597
vn -0.6481 0.0971 0.7554
vn -0.8277 0.2348 0.5097
vn -0.5296 0.0181 0.8481
vn 0.4639 -0.4856 0.7409
vn -0.6212 0.1146 0.7752
vn -0.0182 0.0091 -0.9998
vn 0.2361 0.2614 -0.9359
vn -0.0678 0.0030 -0.9977
vn 0.2051 0.1558 -0.9663
vn -0.7228 -0.2124 0.6576
vn -0.8516 -0.2190 0.4762
vn -0.6764 -0.2023 0.7082
vn -0.6757 0.0744 0.7334
vn -0.7321 0.2493 0.6340
vn -0.8831 0.2251 0.4116
vn -0.6037 0.0948 0.7916
vn -0.8695 -0.2154 0.4444
vn -0.5688 -0.0487 0.8211
vn -0.5261 -0.0937 0.8452
vn -0.3404 0.8189 -0.4622
vn 0.5762 -0.1925 -0.7943
vn 0.6315 -0.2371 -0.7383
vn -0.6354 0.7720 -0.0188
vn -0.2019 0.7273 -0.6560
vn -0.2340 0.8779 -0.4178
vn -0.1469 -0.9804 0.1314
vn -0.5810 0.2033 0.7881
vn -0.4937 0.2940 0.8184
vn -0.4674 0.1387 0.8731
vn -0.2111 0.1851 -0.9598
vn -0.1317 0.1553 -0.9790
vn -0.2730 0.1362 -0.9523
vn -0.2023 0.1445 0.9686
vn 0.1382 -0.0988 0.9855
vn 0.1368 -0.0930 0.9862
vn 0.5455 -0.2072 0.8121
vn 0.5601 -0.3045 0.7704
vn 0.1548 -0.0421 0.9870
vn -0.4378 -0.3337 -0.8349
vn -0.1317 -0.1972 -0.9715
vn -0.6893 -0.5522 -0.4690
vn -0.7998 -0.4392 -0.4092
vn -0.3191 -0.1735 -0.9317
vn 0.2238 0.2832 -0.9326
vn -0.1494 -0.2123 -0.9657
vn 0.0582 -0.2003 -0.9780
vn -0.0480 -0.3277 -0.9436
vn -0.0658 -0.2405 -0.9684
vn 0.0019 -0.1309 -0.9914
vn -0.1386 -0.2357 -0.9619
vn 0.2291 0.9731 -0.0248
vn 0.1828 0.6313 0.7537
vn 0.1639 0.9863 -0.0177
vn 0.3027 0.9504 0.0708
vn 0.1316 0.9899 0.0535
vn 0.0649 0.6747 0.7353
vn 0.1013 0.9921 0.0741
vn -0.1581 -0.9872 -0.0194
vn -0.6719 -0.7166 -0.1873
vn -0.1337 -0.4892 -0.8619
vn -0.1866 -0.9820 -0.0285
vn -0.5542 0.3372 0.7610
vn -0.5182 0.3847 0.7638
vn -0.5482 0.5113 0.6619
vn -0.5393 0.3675 0.7577
vn -0.4904 0.3193 0.8109
vn -0.5797 0.4636 0.6700
vn -0.4666 0.2661 0.8435
vn 0.4821 0.0559 -0.8743
vn 0.6724 0.1532 -0.7242
vn 0.6571 0.1234 -0.7437
vn 0.4602 0.0795 -0.8843
vn 0.4647 0.0400 -0.8846
vn 0.4649 0.0605 -0.8833
vn -0.6145 0.3691 0.6972
vn -0.6426 0.3427 0.6853
vn -0.7045 0.3340 0.6263
vn -0.6592 0.3609 0.6597
vn -0.4277 0.5478 0.7190
vn -0.3592 0.3404 0.8690
vn -0.3563 0.3986 0.8451
vn -0.2999 0.5472 0.7814
vn -0.3682 0.6140 0.6982
vn -0.4507 0.6373 0.6251
vn -0.5640 0.3743 0.7361
vn 0.8713 -0.1484 -0.4678
vn 0.7553 -0.1074 -0.6465
vn 0.9802 0.0230 -0.1965
vn 0.6758 -0.1543 -0.7208
vn 0.7703 -0.3368 -0.5414
vn -0.5644 -0.1790 0.8058
vn -0.5181 -0.0380 0.8545
vn -0.7050 -0.6467 0.2910
vn -0.5731 -0.1665 0.8024
vn -0.4641 -0.0120 0.8857
vn -0.4646 0.0060 0.8855
vn 0.9156 -0.3857 0.1137
vn 0.4001 -0.1262 -0.9077
vn 0.3345 -0.1799 -0.9251
vn 0.8428 -0.5382 -0.0019
vn 0.9377 -0.3044 0.1672
vn -0.1646 -0.0606 -0.9845
vn 0.7669 0.2640 -0.5849
vn -0.1201 -0.0412 -0.9919
vn -0.0988 -0.0467 -0.9940
vn 0.8414 0.4210 -0.3389
vn -0.5406 -0.1545 -0.8270
vn -0.3975 -0.1618 -0.9032
vn 0.8456 0.3634 -0.3911
vn -0.3937 -0.1728 -0.9029
vn 0.0038 -0.0938 0.9956
vn 0.3608 -0.5502 0.7530
vn 0.4334 -0.3077 0.8470
vn -0.1714 -0.1108 0.9790
vn 0.0076 -0.0833 0.9965
vn 0.8236 -0.0563 -0.5644
vn 0.6629 -0.1627 -0.7308
vn 0.7521 -0.2915 -0.5911
vn 0.8118 0.0879 -0.5773
vn -0.2733 -0.0531 0.9605
vn -0.1576 -0.1262 0.9794
vn -0.1503 -0.0393 0.9879
vn -0.4071 -0.0428 0.9124
vn -0.2043 -0.0344 0.9783
vn -0.2597 0.0247 0.9654
vn -0.1965 0.8619 -0.4674
vn -0.0183 0.4226 0.9062
vn -0.1613 0.9869 0.0022
vn 0.9602 -0.2746 -0.0519
vn 0.5545 -0.1504 0.8185
vn 0.9775 -0.1445 -0.1536
vn 0.8983 -0.4392 -0.0142
vn 0.4509 0.4238 -0.7855
vn 0.5777 0.2187 -0.7864
vn -0.2682 -0.3894 -0.8812
vn 0.3868 0.2670 -0.8827
vn 0.1478 0.5565 -0.8176
vn -0.1292 -0.4600 -0.8785
vn 0.0127 -0.4538 -0.8910
vn 0.1122 0.4914 -0.8637
vn 0.1566 0.5439 -0.8244
vn -0.0680 0.5908 -0.8040
vn 0.0215 0.5970 -0.8019
vn 0.2067 0.3018 0.9307
vn 0.0482 0.3931 0.9182
vn 0.1000 0.2148 0.9715
vn 0.1944 0.1902 0.9623
vn 0.2333 0.2209 0.9470
vn 0.0894 0.4523 0.8874
vn -0.6223 -0.0969 -0.7767
vn -0.5903 -0.1697 -0.7892
vn -0.4193 -0.0728 -0.9049
vn -0.4390 -0.0359 -0.8978
vn 0.4944 0.2200 -0.8409
vn -0.6114 0.0661 0.7886
vn -0.9549 0.0929 0.2820
vn -0.8498 0.1625 0.5014
vn -0.3783 -0.1033 0.9199
vn 0.0518 -0.4921 0.8690
vn -0.4606 0.1977 0.8653
vn -0.5023 0.5381 0.6769
vn -0.4368 0.7545 0.4898
vn -0.5097 0.1263 0.8510
vn 0.3358 -0.1204 0.9342
vn 0.4528 -0.1316 0.8818
vn -0.5575 0.0617 0.8279
vn 0.3632 -0.5985 0.7141
vn 0.2312 -0.6724 0.7031
vn 0.3771 -0.5895 0.7143
vn 0.4894 -0.5246 0.6966
vn 0.3381 -0.5347 0.7745
vn 0.2330 -0.6221 0.7474
vn 0.4877 -0.4817 0.7281
vn 0.0952 -0.0405 -0.9946
vn -0.6371 0.1292 -0.7599
vn 0.0948 -0.0402 -0.9947
vn 0.5327 -0.1398 -0.8347
vn 0.5139 -0.1838 -0.8380
vn 0.0002 -0.0414 -0.9991
vn 0.2196 -0.1269 -0.9673
vn 0.4987 -0.1089 -0.8599
vn 0.2757 -0.1070 -0.9553
vn -0.0148 -0.0370 -0.9992
vn 0.1115 -0.1020 -0.9885
vn 0.7240 -0.2453 -0.6447
vn 0.8085 -0.2103 -0.5497
vn 0.7125 -0.3639 -0.5999
vn 0.8325 -0.1093 -0.5432
vn 0.6368 -0.3452 -0.6895
vn 0.5855 -0.1543 -0.7959
vn 0.6570 -0.1068 -0.7463
vn 0.4811 -0.0569 -0.8748
vn -0.1713 -0.1740 0.9697
vn -0.5571 -0.5340 0.6360
vn -0.5718 -0.6932 0.4387
vn -0.2658 -0.3385 0.9026
vn 0.0063 -0.0253 0.9997
vn -0.1253 -0.1305 0.9835
vn 0.0173 -0.0396 -0.9991
vn -0.1824 -0.6140 -0.7679
vn 0.0093 -0.1066 -0.9943
vn -0.0626 -0.6464 -0.7604
vn -0.4038 0.6452 0.6486
vn -0.3527 0.6955 0.6260
vn -0.5156 0.6366 0.5735
vn -0.5150 0.6356 0.5752
vn -0.4242 0.5806 0.6949
vn -0.3299 0.5680 0.7540
vn -0.0113 0.3294 -0.9441
vn -0.1357 -0.1513 -0.9791
vn -0.1678 -0.1566 -0.9733
vn -0.0550 0.2375 -0.9698
vn 0.2201 0.5511 -0.8049
vn -0.1855 -0.7240 -0.6644
vn 0.0783 0.4890 -0.8687
vn 0.0174 -0.6794 0.7336
vn -0.0603 -0.6632 0.7460
vn 0.1226 -0.6777 0.7250
vn 0.6667 -0.7444 -0.0364
vn 0.5454 -0.6708 -0.5026
vn 0.2179 -0.1431 0.9654
vn 0.1402 -0.0985 0.9852
vn -0.8583 0.0499 0.5107
vn -0.8976 0.1544 0.4128
vn -0.8879 0.0051 0.4599
vn -0.7432 -0.1217 0.6579
vn -0.8959 -0.0721 0.4383
vn -0.4910 -0.0547 0.8695
vn 0.1410 0.0824 0.9866
vn 0.0121 -0.0000 0.9999
vn 0.1327 0.0966 0.9864
vn 0.7702 0.5895 0.2435
vn 0.0192 -0.0161 0.9997
vn 0.0129 0.0196 0.9997
vn -0.4430 -0.1378 -0.8859
vn 0.4671 0.1596 -0.8697
vn 0.5586 0.1487 -0.8160
vn -0.7340 -0.2462 -0.6329
vn -0.2837 -0.1207 -0.9513
vn -0.5004 -0.0798 -0.8621
vn -0.7295 -0.1663 -0.6635
vn -0.2492 -0.3282 0.9111
vn -0.3352 -0.3949 0.8554
vn -0.2632 -0.2622 0.9284
vn -0.5484 -0.2734 0.7903
vn -0.4917 -0.1167 0.8629
vn -0.4573 -0.3149 0.8317
vn -0.5233 -0.4441 0.7272
vn -0.5620 -0.3944 0.7271
vn -0.1959 0.9701 0.1435
vn -0.2072 0.9769 0.0521
vn -0.9664 0.0288 -0.2553
vn -0.9167 0.1785 -0.3575
vn -0.8968 -0.2643 0.3549
vn -0.8111 -0.4530 0.3699
vn -0.9307 -0.1073 0.3496
vn -0.9468 -0.3101 0.0864
vn -0.8711 -0.0681 0.4863
vn -0.8735 -0.4786 0.0894
vn -0.8595 -0.0683 0.5065
vn -0.1255 0.1306 -0.9834
vn 0.2242 -0.5820 -0.7817
vn -0.0143 -0.2019 -0.9793
vn -0.2233 0.7006 -0.6777
vn -0.3137 0.9434 -0.1076
vn -0.1293 0.4219 -0.8974
vn -0.0806 0.4700 -0.8790
vn 0.0369 -0.0596 -0.9975
vn -0.0585 0.5561 -0.8290
vn -0.1692 0.9855 -0.0149
vn -0.0817 0.1437 -0.9862
vn -0.2917 0.9564 0.0105
vn -0.1136 0.3196 0.9407
vn 0.3120 -0.4531 0.8351
vn 0.1377 -0.4331 0.8908
vn -0.0320 0.6586 0.7518
vn -0.0447 0.3192 0.9466
vn -0.3633 0.3291 0.8716
vn -0.4304 0.1311 0.8931
vn -0.2672 0.5988 0.7550
vn 0.1025 0.4189 -0.9022
vn 0.1000 0.3372 -0.9361
vn 0.0132 0.3757 -0.9266
vn 0.0693 0.7275 -0.6826
vn 0.0442 0.7202 -0.6924
vn 0.0887 0.7530 -0.6520
vn 0.3126 0.6051 -0.7322
vn 0.4233 0.5755 -0.6997
vn 0.3775 0.4348 -0.8176
vn 0.3088 0.7297 -0.6101
vn 0.2243 0.3364 -0.9146
vn -0.0479 0.4648 -0.8841
vn 0.0414 0.1078 -0.9933
vn 0.1219 0.1360 -0.9832
vn 0.3871 0.4253 -0.8181
vn 0.1563 0.2199 -0.9629
vn -0.4916 -0.6521 -0.5771
vn 0.3183 0.9004 0.2966
vn 0.2804 0.7761 0.5649
vn 0.3715 -0.9253 0.0765
vn 0.2993 -0.7948 0.5279
vn 0.4020 -0.9140 0.0544
vn 0.0323 -0.8133 -0.5809
vn -0.1924 -0.8553 -0.4811
vn -0.2597 -0.8129 -0.5213
vn -0.2036 -0.8363 -0.5090
vn -0.0098 -0.6840 -0.7295
vn -0.0720 0.5861 0.8070
vn 0.0547 0.3760 0.9250
vn -0.5119 -0.0029 0.8590
vn -0.2594 0.5350 0.8040
vn -0.1360 0.7055 0.6955
vn -0.4634 0.0156 0.8860
vn -0.4473 -0.0000 0.8944
vn -0.8310 -0.3954 0.3912
vn -0.5563 -0.4656 0.6883
vn -0.1162 0.2233 0.9678
vn 0.0063 0.6924 0.7215
vn -0.4531 -0.6253 0.6354
vn -0.2045 0.6425 0.7385
vn -0.5630 -0.4297 0.7060
vn 0.8440 0.1227 0.5221
vn 0.6779 0.0767 0.7311
vn 0.8457 0.0462 0.5317
vn 0.4567 0.0160 -0.8895
vn 0.4567 0.0165 -0.8895
vn 0.4553 0.0314 -0.8898
vn 0.8163 0.2330 0.5286
vn 0.7327 0.2115 0.6469
vn 0.4580 0.0007 -0.8889
vn -0.7506 -0.0791 -0.6560
vn -0.7363 -0.1117 -0.6674
vn -0.4192 0.0300 -0.9074
vn -0.1002 -0.0106 -0.9949
vn 0.5985 -0.1124 -0.7932
vn 0.6158 -0.1202 -0.7787
vn -0.4914 0.1267 -0.8617
vn -0.7426 0.0688 -0.6662
vn -0.7433 -0.0000 -0.6690
vn 0.6166 0.2768 -0.7370
vn 0.1894 0.9111 0.3661
vn 0.2044 0.8258 0.5255
vn 0.5642 0.3036 -0.7678
vn 0.6227 0.2801 -0.7306
vn -0.7765 0.3617 0.5159
vn -0.7535 0.5145 0.4093
vn -0.6638 0.4324 0.6102
vn -0.8539 0.3763 0.3595
vn -0.5193 -0.0495 0.8531
vn -0.4795 -0.0218 0.8773
vn 0.1644 -0.4010 0.9012
vn -0.1706 -0.6152 -0.7697
vn -0.0460 -0.3311 -0.9425
vn -0.0236 -0.0766 -0.9968
vn -0.0089 -0.6877 -0.7259
vn -0.0887 -0.1626 -0.9827
vn 0.3500 0.0637 -0.9346
vn -0.0108 -0.0765 -0.9970
vn 0.1084 0.2948 -0.9494
vn 0.5525 0.7313 0.3999
vn 0.5893 0.7692 0.2470
vn 0.0949 0.0866 0.9917
vn 0.0344 -0.0073 0.9994
vn 0.0158 -0.0114 0.9998
vn 0.0258 -0.0159 0.9995
vn 0.1556 0.2068 0.9659
vn 0.0188 0.0070 0.9998
vn 0.5514 0.7280 0.4073
vn 0.8439 -0.1198 -0.5230
vn 0.7999 -0.1069 -0.5906
vn 0.8560 -0.2398 0.4580
vn -0.5255 0.1199 -0.8423
vn 0.8778 -0.0345 -0.4778
vn 0.9478 -0.0327 -0.3171
vn -0.4997 0.0250 -0.8658
vn -0.7501 0.0298 -0.6606
vn 0.4775 -0.0389 -0.8777
vn 0.5067 0.0033 -0.8621
vn -0.0011 0.2892 0.9573
vn 0.4398 0.5684 0.6953
vn 0.0710 0.3496 0.9342
vn -0.6027 -0.1134 0.7899
vn 0.0610 0.3497 0.9349
vn 0.1734 0.3103 0.9347
vn -0.5705 -0.2026 0.7959
vn -0.6143 -0.0997 0.7828
vn -0.8298 -0.2581 0.4948
vn -0.4212 0.0118 0.9069
vn 0.2179 -0.0446 -0.9750
vn 0.3975 -0.0910 -0.9131
vn 0.1793 -0.0424 -0.9829
vn 0.3771 -0.1175 -0.9187
vn -0.4403 0.1975 -0.8759
vn -0.3993 0.1893 -0.8971
vn 0.2577 -0.0762 0.9632
vn 0.3668 -0.0546 0.9287
vn 0.2598 -0.0406 0.9648
vn 0.1320 -0.1627 0.9778
vn 0.0789 -0.2133 0.9738
vn 0.0885 -0.2027 0.9752
vn 0.4271 -0.0955 0.8992
vn 0.1843 -0.0000 0.9829
vn -0.7675 0.6409 -0.0145
vn -0.8880 0.4581 0.0413
vn -0.6290 0.3531 -0.6926
vn -0.3116 0.9441 -0.1074
vn -0.3034 0.9500 -0.0745
vn 0.3585 -0.4917 -0.7935
vn 0.2278 -0.6721 -0.7045
vn 0.1684 -0.5784 -0.7982
vn 0.2220 -0.3021 -0.9271
vn 0.3544 -0.1788 -0.9178
vn 0.4085 -0.3745 -0.8324
vn 0.9927 0.0935 0.0768
vn 0.6680 0.7142 0.2089
vn 0.3708 0.3904 0.8427
vn 0.6098 0.1013 0.7860
vn 0.9728 0.2311 0.0162
vn -0.1385 -0.8754 0.4631
vn -0.2757 -0.8316 0.4822
vn -0.1689 0.2435 0.9551
vn -0.1131 0.1091 0.9876
vn -0.0033 0.3474 0.9377
vn -0.2186 0.0329 0.9753
vn -0.0371 0.3789 0.9247
vn -0.2461 0.1052 0.9635
vn -0.1768 0.2684 0.9469
vn 0.2845 0.3171 0.9047
vn -0.1590 0.0225 0.9870
vn -0.0872 0.2247 0.9705
vn -0.0039 -0.0264 -0.9996
vn -0.0840 0.0269 -0.9961
vn 0.9238 -0.2954 -0.2435
vn -0.1124 0.0293 -0.9932
vn -0.0933 0.0368 -0.9950
vn -0.6108 0.3773 -0.6961
vn -0.0067 -0.0229 -0.9997
vn 0.5335 -0.3271 -0.7800
vn -0.6084 0.2733 -0.7451
vn -0.6162 0.2567 -0.7446
vn 0.1567 -0.0076 0.9876
vn 0.2018 -0.0425 0.9785
vn -0.8772 0.2489 0.4105
vn 0.8289 -0.0735 0.5545
vn 0.8546 -0.1269 0.5035
vn 0.8507 -0.0708 0.5208
vn -0.9320 0.1701 0.3200
vn 0.0476 0.0181 0.9987
vn 0.1292 -0.8780 0.4610
vn -0.5094 0.1373 0.8495
vn 0.0307 -0.9176 0.3963
vn 0.6198 -0.2843 -0.7314
vn 0.6255 -0.2687 -0.7325
vn 0.2550 -0.8128 0.5237
vn -0.5340 0.1165 0.8374
vn 0.5688 -0.0547 -0.8206
vn 0.5283 -0.1205 -0.8405
vn 0.5061 0.0487 -0.8611
vn 0.4219 0.1858 -0.8874
vn 0.4251 0.0535 -0.9035
vn 0.5240 0.0397 -0.8508
vn 0.4763 -0.0862 -0.8751
vn 0.5757 0.0740 -0.8143
vn 0.3800 0.1856 0.9062
vn 0.2930 0.0590 0.9543
vn -0.4699 -0.2399 0.8495
vn -0.7013 0.1674 -0.6929
vn 0.7420 -0.3516 0.5708
vn 0.7022 -0.1122 -0.7030
vn -0.3560 -0.3888 0.8498
vn -0.2254 -0.5443 0.8081
vn -0.2347 -0.3817 0.8940
vn -0.3649 -0.2337 0.9012
vn -0.3895 -0.4744 0.7895
vn -0.4540 -0.2432 0.8572
vn 0.1777 -0.3222 -0.9298
vn 0.4252 -0.7087 -0.5630
vn 0.0091 0.0142 0.9999
vn -0.1189 0.2335 0.9651
vn 0.0212 0.0010 0.9998
vn 0.0209 -0.0076 0.9998
vn 0.1647 0.0810 -0.9830
vn 0.2209 -0.0647 -0.9731
vn -0.0150 0.0050 -0.9999
vn 0.3564 0.0608 -0.9324
vn 0.3728 0.1445 -0.9166
vn 0.0616 0.2352 -0.9700
vn 0.2937 -0.0180 -0.9557
vn 0.2055 0.2649 -0.9421
vn 0.3991 -0.1183 -0.9092
vn -0.2204 0.1426 -0.9649
vn 0.9805 -0.1845 0.0670
vn 0.3337 -0.4063 -0.8506
vn -0.4739 -0.0515 0.8791
vn -0.3489 -0.0830 0.9335
vn -0.0027 -0.0285 0.9996
vn -0.7656 -0.0822 0.6381
vn 0.9068 -0.0000 0.4215
vn -0.0447 -0.0372 0.9983
vn 0.9632 0.0152 0.2683
vn -0.0358 -0.3005 -0.9531
vn -0.0554 -0.2098 -0.9762
vn -0.1159 -0.3082 -0.9442
vn -0.7171 0.4675 -0.5169
vn -0.3782 0.9227 -0.0750
vn -0.5502 0.5530 0.6256
vn -0.9515 0.3067 -0.0230
vn -0.7227 0.3309 -0.6068
vn -0.7519 0.2415 0.6134
vn 0.5795 0.0974 -0.8091
vn 0.5254 0.0144 -0.8507
vn 0.6153 0.1592 -0.7721
vn -0.3186 -0.7998 -0.5088
vn -0.4877 -0.7550 -0.4383
vn 0.5454 0.2551 -0.7984
vn 0.4903 0.0543 -0.8699
vn 0.5291 -0.0104 -0.8485
vn -0.3779 -0.5514 -0.7438
vn -0.4347 0.5409 0.7201
vn -0.3917 0.5882 0.7076
vn -0.8662 0.3797 -0.3250
vn -0.2008 0.0787 -0.9765
vn -0.7369 0.4263 -0.5247
vn -0.0023 -0.0207 -0.9998
vn 0.3993 -0.0744 -0.9138
vn -0.0152 -0.0183 -0.9997
vn 0.4271 -0.1988 -0.8821
vn -0.0037 -0.0495 -0.9988
vn -0.1811 0.0575 -0.9818
vn -0.8286 0.3177 -0.4610
vn -0.4950 -0.0304 0.8684
vn -0.4894 -0.0282 0.8716
vn -0.4875 -0.0107 0.8731
vn -0.5037 -0.0184 0.8637
vn -0.6538 -0.3055 0.6923
vn -0.5882 -0.1229 0.7993
vn 0.3436 -0.2324 0.9099
vn 0.2270 -0.1445 0.9631
vn 0.3114 -0.0821 0.9467
vn 0.0848 0.9510 -0.2972
vn 0.0116 0.2474 0.9688
vn 0.0568 0.3209 0.9454
vn -0.0352 -0.0687 -0.9970
vn 0.2215 0.9746 0.0333
vn -0.0086 -0.0377 -0.9993
vn 0.2344 0.8199 -0.5223
vn -0.0900 -0.2785 -0.9562
vn -0.4944 -0.0028 0.8692
vn -0.4953 -0.0025 0.8687
vn -0.4938 0.0007 0.8696
vn -0.4947 -0.0051 0.8691
vn -0.9299 0.1125 0.3503
vn -0.8386 0.1167 0.5321
vn -0.8011 0.0696 0.5945
vn -0.9718 0.0683 0.2256
vn -0.6476 0.0206 0.7617
vn -0.9666 0.0715 0.2462
vn -0.9689 0.1058 0.2238
vn -0.7816 0.4172 -0.4637
vn -0.8291 0.2811 0.4834
vn -0.9045 0.0192 -0.4260
vn -0.9706 0.0106 -0.2403
vn -0.5410 -0.0230 0.8407
vn -0.9965 0.0039 0.0835
vn -0.9044 0.0188 -0.4262
vn -0.8446 -0.0076 -0.5353
vn -0.3903 0.8121 0.4338
vn 0.0989 -0.1777 0.9791
vn -0.2508 0.7627 0.5961
vn -0.3414 0.9394 0.0329
vn -0.4931 0.8696 0.0260
vn -0.5120 0.8267 0.2331
vn 0.1389 -0.1491 0.9790
vn 0.1089 -0.4886 -0.8657
vn 0.0842 -0.6389 -0.7647
vn 0.1883 -0.5760 -0.7955
vn 0.1633 -0.5046 -0.8477
vn 0.2230 -0.4806 -0.8481
vn -0.1621 0.4593 -0.8734
vn -0.0312 0.4293 -0.9026
vn -0.0078 -0.5086 -0.8610
vn -0.0536 0.5451 -0.8367
vn -0.5144 -0.0000 0.8575
vn -0.0134 0.0033 -0.9999
vn -0.1406 -0.1151 -0.9834
vn -0.7854 -0.6001 0.1517
vn -0.2429 -0.1642 -0.9560
vn -0.7220 -0.6777 0.1390
vn -0.5444 -0.5970 0.5892
vn -0.4193 -0.4026 0.8137
vn -0.0099 -0.0006 -1.0000
vn -0.6900 -0.7157 0.1085
vn -0.1882 -0.0893 -0.9781
vn 0.3979 0.2083 -0.8935
vn 0.1662 0.3462 -0.9233
vn -0.8511 -0.2916 -0.4366
vn -0.0829 -0.0512 -0.9952
vn -0.5371 -0.2722 -0.7984
vn -0.3120 -0.6048 0.7327
vn -0.2746 -0.5413 0.7948
vn -0.2935 -0.2705 0.9169
vn -0.5429 -0.5840 0.6035
vn -0.7177 0.6947 0.0492
vn -0.1593 0.9870 -0.0219
vn -0.4865 0.3890 -0.7823
vn -0.9406 0.1623 0.2981
vn -0.5187 0.8219 0.2352
vn -0.6947 0.6365 0.3352
vn -0.3605 0.9098 0.2056
vn -0.5514 0.2731 0.7883
vn -0.5744 0.0356 0.8178
vn -0.4335 -0.3236 0.8411
vn -0.3569 -0.3619 0.8612
vn -0.6932 0.0735 0.7170
vn -0.5213 -0.0544 0.8517
vn 0.0323 -0.7259 -0.6870
vn -0.0827 -0.5645 -0.8213
vn -0.1416 -0.7069 -0.6930
vn -0.0705 -0.6110 -0.7885
vn 0.1184 -0.6693 -0.7335
vn 0.0182 -0.4555 -0.8901
vn -0.1345 -0.3745 -0.9174
vn -0.0437 0.8546 -0.5174
vn -0.0231 0.8669 -0.4980
vn -0.1579 0.8299 -0.5352
vn -0.1681 0.8165 -0.5523
vn 0.0476 0.8558 -0.5151
vn -0.0432 0.0387 0.9983
vn -0.4197 0.0825 0.9039
vn -0.9594 0.1479 0.2403
vn 0.0340 0.0204 0.9992
vn 0.0319 0.0108 0.9994
vn 0.0670 0.3435 -0.9368
vn 0.1967 0.5334 -0.8226
vn 0.0722 -0.0116 -0.9973
vn 0.2426 0.9698 -0.0237
vn -0.1324 -0.2674 -0.9544
vn 0.1667 0.4713 -0.8661
vn -0.0663 -0.6992 -0.7118
vn -0.0841 -0.7571 -0.6478
vn -0.0016 -0.0225 0.9997
vn -0.0491 -0.2990 0.9530
vn -0.2250 -0.4709 0.8530
vn -0.2619 -0.6420 0.7206
vn -0.2982 -0.6157 0.7294
vn -0.3894 -0.5307 0.7528
vn -0.3683 -0.4105 0.8342
vn -0.2091 -0.6680 -0.7142
vn 0.0740 0.1530 -0.9854
vn 0.2158 0.4618 -0.8603
vn -0.3466 -0.8183 -0.4585
vn -0.0026 0.0552 -0.9985
vn -0.7977 0.1512 0.5838
vn -0.6621 0.3366 0.6696
vn -0.8227 0.1826 0.5384
vn -0.8474 -0.0570 0.5279
vn -0.8669 0.1782 0.4656
vn -0.6601 0.2717 0.7003
vn -0.6615 -0.7499 0.0105
vn -0.3967 0.1701 0.9021
vn -0.7861 -0.5650 0.2508
vn -0.5776 -0.8152 0.0430
vn -0.4167 0.0745 0.9060
vn 0.7955 -0.0394 0.6047
vn 0.7505 -0.2665 0.6048
vn 0.3885 0.0010 0.9214
vn 0.2337 -0.2623 -0.9363
vn 0.4318 -0.3394 -0.8357
vn -0.0069 -0.0040 -1.0000
vn -0.0069 -0.0041 -1.0000
vn -0.0055 0.0012 -1.0000
vn -0.9661 0.2322 0.1129
vn -0.9802 0.1608 0.1154
vn -0.0083 -0.0091 -0.9999
vn -0.9277 0.3527 0.1220
vn -0.1793 -0.2497 0.9516
vn 0.7374 -0.5192 0.4321
vn 0.6025 -0.6402 0.4765
vn 0.0322 -0.1937 0.9805
vn -0.1853 -0.5595 0.8078
vn 0.3164 -0.9096 0.2693
vn -0.0477 -0.7147 0.6978
vn -0.4419 -0.1780 0.8792
vn -0.3568 -0.1711 0.9184
vn -0.4779 -0.0595 0.8764
vn -0.4257 -0.1870 0.8853
vn 0.3199 0.3266 0.8894
vn 0.0142 -0.0101 0.9998
vn 0.2098 0.1350 0.9684
vn 0.7324 0.6046 -0.3132
vn 0.6228 0.6201 -0.4771
vn 0.7053 0.7053 0.0723
vn 0.0052 0.0052 1.0000
vn -0.1514 -0.5570 0.8166
vn -0.0801 -0.5929 0.8013
vn 0.0055 -0.0646 0.9979
vn -0.0860 -0.6608 0.7456
vn -0.2310 -0.8639 0.4476
vn -0.2110 -0.8601 0.4644
vn -0.7296 0.5489 -0.4079
vn -0.3669 0.3999 -0.8399
vn -0.6107 0.6541 -0.4462
vn -0.3635 0.1418 -0.9207
vn -0.8228 0.3273 -0.4646
vn -0.4050 0.1082 -0.9079
vn -0.7493 0.4644 -0.4721
vn 0.4164 -0.2028 -0.8863
vn -0.0119 -0.0259 -0.9996
vn 0.2793 -0.1289 -0.9515
vn -0.5965 -0.5270 0.6054
vn -0.6238 -0.5090 0.5931
vn -0.5854 -0.6184 0.5243
vn -0.5036 -0.4579 0.7326
vn -0.4844 -0.4685 0.7389
vn -0.5914 -0.4594 0.6627
vn 0.0255 -0.2063 -0.9781
vn 0.1001 -0.7919 -0.6024
vn 0.2123 -0.8883 -0.4073
vn -0.4029 0.2945 -0.8666
vn -0.0778 -0.2406 -0.9675
vn 0.3910 -0.8603 -0.3271
vn 0.1074 -0.6308 0.7685
vn 0.3603 -0.4322 0.8267
vn 0.1136 -0.0984 0.9886
vn 0.0881 -0.9929 0.0799
vn 0.0871 -0.4932 0.8655
vn 0.2382 -0.0601 0.9694
vn 0.1551 -0.5336 0.8314
vn 0.2082 -0.9153 0.3447
vn 0.1265 -0.1269 0.9838
vn 0.0914 -0.9919 0.0881
vn 0.5427 0.4663 -0.6986
vn 0.4211 0.3749 -0.8259
vn 0.5824 0.5231 -0.6223
vn 0.7154 0.3953 -0.5762
vn 0.6441 0.2966 -0.7051
vn -0.7034 -0.5505 -0.4497
vn -0.4144 -0.2132 -0.8847
vn -0.7586 -0.3239 -0.5654
vn -0.4338 -0.5069 -0.7449
vn -0.2457 -0.2121 -0.9459
vn -0.4023 -0.4628 -0.7899
vn -0.2177 -0.1337 -0.9668
vn -0.2891 -0.3210 -0.9019
vn 0.2667 0.3921 -0.8804
vn -0.1575 -0.6362 0.7553
vn 0.3817 -0.8120 -0.4415
vn 0.4647 -0.8782 -0.1130
vn 0.5042 -0.8627 -0.0392
vn 0.5659 -0.8221 -0.0623
vn 0.0256 0.0434 -0.9987
vn 0.0271 -0.0464 -0.9986
vn 0.4182 0.8426 -0.3394
vn 0.4297 0.8709 -0.2386
vn -0.1726 0.9518 -0.2536
vn -0.2950 0.9270 0.2316
vn 0.3006 0.5164 -0.8019
vn -0.5829 0.1074 0.8054
vn -0.8449 0.1269 0.5197
vn -0.9786 0.1470 0.1437
vn -0.1800 0.0628 0.9817
vn -0.9749 -0.1773 0.1345
vn -0.8117 -0.1375 0.5676
vn -0.9188 -0.2333 0.3185
vn -0.6932 -0.0579 0.7184
vn -0.3477 0.6884 -0.6366
vn 0.0516 -0.1364 -0.9893
vn 0.0697 -0.1520 -0.9859
vn -0.2412 0.4477 -0.8611
vn -0.4795 0.8774 -0.0120
vn -0.3600 0.8054 -0.4709
vn -0.4774 0.8786 -0.0104
vn -0.4204 0.9073 -0.0105
vn 0.0690 -0.4749 0.8773
vn 0.0119 -0.3381 0.9410
vn 0.0061 -0.4376 0.8991
vn 0.0648 -0.5622 0.8244
vn 0.0881 -0.5371 0.8389
vn -0.0738 -0.5201 0.8509
vn 0.2473 -0.6829 -0.6874
vn 0.1409 -0.4887 -0.8610
vn 0.0878 -0.6937 -0.7149
vn 0.1699 -0.4373 -0.8831
vn 0.3953 -0.6213 -0.6765
vn 0.5378 -0.5555 -0.6342
vn 0.4026 -0.5115 -0.7591
vn 0.5031 -0.2920 -0.8134
vn -0.0893 -0.7210 -0.6872
vn -0.0395 -0.0595 -0.9974
vn -0.0372 -0.0252 -0.9990
vn 0.3342 -0.9424 -0.0137
vn 0.9323 -0.3541 0.0738
vn 0.0481 -0.1120 -0.9925
vn -0.1321 0.5892 -0.7971
vn 0.2481 -0.9674 0.0508
vn -0.0357 -0.0047 -0.9994
vn 0.5363 0.2676 0.8005
vn 0.4707 0.3404 0.8140
vn 0.5961 0.3176 0.7374
vn 0.6215 0.1742 0.7638
vn 0.5733 0.0789 0.8155
vn -0.2037 -0.0753 0.9761
vn -0.3326 -0.1363 0.9332
vn 0.7196 0.3114 -0.6206
vn 0.6625 0.3475 -0.6635
vn -0.5680 0.0507 0.8214
vn -0.4432 -0.0753 0.8933
vn -0.5957 0.0478 0.8018
vn -0.0715 -0.9969 -0.0336
vn -0.7133 -0.5014 0.4897
vn -0.5632 -0.7866 -0.2533
vn -0.4722 -0.5263 0.7071
vn -0.2480 0.3300 0.9108
vn -0.1225 0.2454 0.9617
vn -0.2078 0.2464 0.9466
vn -0.1274 0.0639 -0.9898
vn 0.3964 -0.2406 -0.8860
vn -0.0363 0.0411 -0.9985
vn -0.5150 0.3240 -0.7936
vn 0.1134 -0.0924 0.9892
vn 0.5408 -0.5601 0.6275
vn 0.1333 -0.1180 0.9840
vn -0.5218 0.6596 0.5410
vn -0.6081 0.5929 0.5279
vn 0.1899 -0.1551 0.9695
vn -0.5211 0.0324 0.8529
vn -0.6541 0.0681 0.7533
vn 0.0323 -0.1709 0.9848
vn -0.7022 0.1501 0.6960
vn -0.8977 0.3075 0.3155
vn 0.0086 0.0107 0.9999
vn 0.0851 0.1534 0.9845
vn 0.0515 0.1470 0.9878
vn 0.0131 0.0027 0.9999
vn -0.9928 -0.0094 -0.1190
vn -0.5599 -0.8270 0.0500
vn -0.6098 -0.7428 0.2765
vn 0.3594 -0.3703 -0.8566
vn -0.3405 -0.9096 0.2380
vn 0.7436 -0.1636 -0.6483
vn 0.4787 -0.2416 -0.8441
vn 0.5429 -0.4594 -0.7030
vn 0.5166 -0.4786 0.7099
vn 0.5431 -0.2945 0.7863
vn 0.0047 -0.5175 -0.8557
vn -0.0159 -0.7056 -0.7085
vn 0.0217 -0.6746 -0.7378
vn -0.1456 0.6351 -0.7586
vn -0.0119 0.6480 -0.7615
vn -0.0542 -0.5417 -0.8388
vn -0.2479 0.0880 -0.9648
vn -0.0387 0.0039 -0.9992
vn -0.0227 -0.5194 -0.8542
vn -0.0446 0.0932 -0.9946
vn 0.1069 0.6310 0.7684
vn 0.0839 0.4801 0.8732
vn 0.1549 0.5098 0.8463
vn 0.0334 0.7159 0.6974
vn 0.2938 0.1508 -0.9439
vn 0.2717 0.1529 -0.9502
vn 0.1470 0.0771 -0.9861
vn -0.4902 -0.1012 -0.8657
vn 0.2627 0.0552 -0.9633
vn 0.1367 -0.5116 0.8483
vn -0.2686 0.3325 0.9041
vn -0.2332 0.6451 0.7277
vn 0.0993 -0.5133 0.8524
vn -0.0868 0.3434 0.9352
vn 0.0502 -0.2888 0.9561
vn 0.1277 -0.8432 0.5222
vn 0.2130 -0.5465 0.8099
vn 0.1860 -0.8724 0.4520
vn 0.0047 -0.0054 1.0000
vn 0.0260 0.0140 0.9996
vn 0.2603 -0.3291 0.9077
vn -0.1938 0.2059 0.9592
vn -0.3246 0.1193 0.9383
vn -0.1457 -0.3053 -0.9410
vn -0.1563 -0.8087 -0.5670
vn -0.3388 -0.8495 -0.4045
vn 0.2093 0.4321 -0.8772
vn 0.3417 0.4336 -0.8338
vn 0.2020 0.5484 -0.8115
vn 0.1217 0.3411 -0.9321
vn 0.0388 0.3374 -0.9406
vn -0.7026 0.0039 0.7116
vn 0.0247 -0.0268 0.9993
vn 0.5986 0.1820 0.7801
vn 0.6750 0.0363 0.7370
vn 0.0767 0.0261 0.9967
vn -0.7279 0.6817 -0.0743
vn -0.5233 0.6251 -0.5792
vn -0.8061 0.5783 -0.1259
vn -0.4404 -0.0792 0.8943
vn -0.7149 0.6943 0.0828
vn -0.3993 -0.0570 0.9150
vn -0.5315 0.7458 -0.4017
vn 0.7334 0.1503 -0.6630
vn -0.5093 -0.2904 -0.8101
vn -0.6950 -0.2857 -0.6598
vn 0.3524 -0.2857 0.8912
vn 0.2240 -0.1238 0.9667
vn -0.0017 0.0386 0.9993
vn -0.4408 0.3891 0.8089
vn -0.4953 0.3835 0.7795
vn 0.7904 -0.4001 0.4638
vn 0.9538 0.2287 -0.1947
vn 0.8749 0.1327 -0.4658
vn 0.9106 0.0860 -0.4043
vn 0.6327 0.1318 -0.7631
vn -0.5101 -0.0435 0.8590
vn 0.1143 0.9600 0.2557
vn 0.1247 0.0032 0.9922
vn -0.7833 -0.0556 0.6191
vn -0.9059 -0.0604 0.4191
vn 0.3234 0.0540 0.9447
vn -0.7752 -0.1341 0.6173
vn 0.3177 0.0075 0.9482
vn 0.7879 0.1163 0.6047
vn 0.7797 0.1134 0.6158
vn 0.8181 0.0402 0.5736
vn -0.2644 -0.1917 -0.9452
vn -0.3750 -0.3443 -0.8607
vn -0.1059 -0.0823 -0.9910
vn -0.0280 0.0091 -0.9996
vn -0.0220 -0.0025 -0.9998
vn -0.0270 0.0078 -0.9996
vn -0.0239 0.0020 -0.9997
vn -0.1473 -0.0821 -0.9857
vn -0.3696 -0.1836 -0.9109
vn 0.8054 -0.3077 0.5066
vn 0.8158 -0.2307 0.5303
vn 0.6552 -0.2421 0.7156
vn 0.4578 -0.0348 -0.8884
vn 0.4566 -0.0360 -0.8890
vn 0.4560 -0.0422 -0.8890
vn 0.7538 -0.3298 0.5684
vn 0.7819 -0.4006 0.4777
vn 0.4559 -0.0403 -0.8891
vn 0.4593 -0.0328 -0.8876
vn -0.8824 0.4475 0.1451
vn -0.7857 0.4871 0.3814
vn -0.7715 0.5567 0.3079
vn -0.9278 0.2952 0.2280
vn -0.8648 0.3622 0.3478
vn 0.1090 -0.1246 0.9862
vn 0.2277 -0.0976 0.9688
vn 0.1165 -0.1372 0.9837
vn 0.0071 -0.1073 0.9942
vn -0.0073 -0.1667 0.9860
vn -0.1359 -0.1981 0.9707
vn -0.0283 -0.1387 0.9899
vn 0.0122 -0.0001 0.9999
vn 0.2559 -0.0900 -0.9625
vn 0.9328 -0.1714 0.3169
vn 0.1692 -0.0606 -0.9837
vn 0.9292 -0.3670 -0.0427
vn 0.3188 -0.1585 -0.9345
vn -0.5263 -0.1844 -0.8301
vn -0.8291 -0.4184 -0.3710
vn 0.1606 0.0136 -0.9869
vn -0.8092 -0.2828 -0.5151
vn -0.0936 -0.9919 -0.0859
vn -0.8277 -0.5607 0.0241
vn 0.6492 -0.0417 0.7594
vn 0.3805 0.6213 -0.6850
vn -0.1288 -0.5831 0.8021
vn -0.3826 -0.2309 0.8946
vn -0.3870 -0.1808 0.9042
vn -0.0447 -0.8445 0.5337
vn -0.1144 -0.4405 0.8904
vn -0.4949 0.4629 0.7354
vn -0.5277 0.2384 0.8153
vn -0.8155 -0.3861 -0.4312
vn -0.8426 -0.3161 -0.4361
vn -0.9188 -0.3379 0.2039
vn -0.8486 -0.2839 0.4464
vn -0.8110 -0.4485 -0.3756
vn -0.4332 0.5835 0.6870
vn -0.5722 0.4734 0.6697
vn 0.2603 -0.2819 0.9235
vn -0.2742 0.6308 0.7259
vn 0.2209 -0.3257 0.9193
vn 0.2999 -0.9225 -0.2431
vn 0.0902 -0.2271 0.9697
vn 0.0608 -0.1559 0.9859
vn 0.1214 -0.7066 -0.6971
vn 0.0465 -0.3208 0.9460
vn 0.1309 -0.9010 -0.4136
vn 0.3497 -0.8254 -0.4432
vn -0.0237 0.2358 -0.9715
vn -0.0554 0.3424 -0.9379
vn -0.0832 0.1352 -0.9873
vn 0.0318 0.0121 0.9994
vn -0.9842 0.1274 0.1229
vn -0.9901 -0.0674 0.1229
vn -0.9868 0.1150 0.1140
vn 0.5803 -0.1850 -0.7931
vn 0.5506 -0.7544 0.3574
vn 0.6234 -0.2645 -0.7358
vn 0.9007 0.4343 -0.0136
vn 0.4122 0.8806 -0.2337
vn -0.5215 -0.6503 0.5524
vn -0.5372 -0.5066 0.6744
vn -0.4626 -0.7755 0.4296
vn -0.4923 0.0294 0.8699
vn -0.5079 0.0505 0.8599
vn -0.4936 0.0075 0.8697
vn -0.4825 0.0271 0.8755
vn -0.4426 0.1016 0.8910
vn -0.4729 0.1342 0.8708
vn 0.6318 -0.3096 0.7106
vn -0.5931 0.3884 0.7052
vn -0.2707 0.1851 0.9447
vn -0.0084 -0.0723 -0.9973
vn -0.3955 -0.1055 -0.9124
vn -0.1783 -0.1461 -0.9731
vn -0.3137 -0.2000 -0.9282
vn -0.3364 0.0816 -0.9382
vn -0.2891 0.0483 -0.9561
vn -0.2120 -0.0313 -0.9768
vn -0.4961 -0.0000 -0.8683
vn -0.4399 0.1067 -0.8917
vn 0.0081 -0.0015 1.0000
vn 0.0166 -0.0096 0.9998
vn 0.0169 0.0116 0.9998
vn -0.0111 -0.0114 0.9999
vn -0.0645 -0.2288 0.9713
vn -0.0486 -0.2236 0.9735
vn 0.0203 0.0065 0.9998
vn 0.0096 -0.0114 0.9999
vn -0.0236 -0.7498 0.6612
vn -0.3437 0.4387 0.8303
vn -0.4666 0.0300 0.8840
vn -0.4091 0.2184 0.8860
vn -0.4772 0.0310 0.8782
vn -0.9676 -0.0460 0.2484
vn -0.7198 0.0009 0.6942
vn -0.6698 -0.0292 0.7420
vn -0.4960 0.0084 0.8683
vn -0.4942 0.0014 0.8694
vn -0.4947 -0.0050 0.8691
vn -0.9597 -0.0097 0.2808
vn -0.9618 -0.1094 0.2509
vn -0.4937 0.0050 0.8696
vn 0.0988 -0.5562 -0.8251
vn 0.2529 0.9477 0.1945
vn -0.3225 0.5045 0.8009
vn 0.1601 0.9795 0.1219
vn -0.8193 0.2001 0.5373
vn 0.6243 0.7752 -0.0964
vn 0.1999 0.2343 0.9514
vn -0.1702 -0.4474 0.8780
vn 0.0298 -0.1144 -0.9930
vn -0.5804 0.1132 -0.8064
vn 0.7419 -0.3351 -0.5807
vn 0.2016 -0.1976 -0.9593
vn -0.1539 -0.7376 0.6575
vn 0.0763 -0.3974 -0.9145
vn 0.0476 0.6420 -0.7652
vn 0.1348 -0.4494 -0.8831
vn 0.5946 -0.5469 0.5894
vn 0.5490 -0.7331 0.4015
vn 0.6252 -0.7464 0.2279
vn 0.5003 -0.0508 -0.8644
vn 0.5694 0.0730 -0.8188
vn 0.7261 -0.0392 -0.6865
vn 0.8667 -0.0872 -0.4911
vn -0.1375 -0.0609 -0.9886
vn 0.8596 -0.0975 -0.5016
vn 0.0744 -0.6299 -0.7731
vn -0.0680 0.2947 -0.9532
vn 0.1984 -0.6041 -0.7718
vn 0.0926 -0.3942 -0.9143
vn 0.4429 0.6184 0.6492
vn 0.4626 0.6433 0.6101
vn 0.3836 0.7505 0.5381
vn 0.4768 0.3860 0.7898
vn -0.6663 -0.2027 -0.7176
vn -0.8489 -0.3818 0.3656
vn -0.2315 0.9727 0.0160
vn -0.5293 -0.7148 0.4571
vn -0.5747 -0.8127 0.0957
vn -0.5362 -0.8011 0.2660
vn 0.0361 0.0058 0.9993
vn -0.6143 -0.7819 0.1062
vn 1.0000 -0.0000 -0.0000
vn -0.0679 -0.6139 0.7864
vn -0.1363 -0.4178 0.8982
vn -0.1676 -0.5834 0.7947
vn -0.0282 -0.7084 0.7052
vn 0.0746 -0.7335 0.6756
vn -0.1293 -0.7166 0.6854
vn -0.0062 -0.6941 0.7198
vn 0.0520 -0.6649 0.7451
vn -0.1400 -0.4038 0.9041
vn 0.1543 -0.6622 0.7333
vn -0.2528 -0.3696 0.8941
vn -0.1819 -0.7670 0.6153
vn -0.1662 -0.7413 0.6503
vn -0.2697 -0.5756 0.7720
vn -0.3590 -0.6356 0.6835
vn -0.3776 -0.4620 0.8025
vn -0.2232 -0.6646 0.7131
vn -0.4915 0.2542 0.8330
vn -0.4879 0.3793 0.7862
vn -0.3066 -0.4067 0.8606
vn -0.3390 0.6940 -0.6352
vn -0.3231 0.6331 -0.7034
vn -0.4793 0.5356 -0.6952
vn -0.1644 0.7271 -0.6666
vn -0.5472 0.5623 -0.6200
vn -0.2021 0.0695 0.9769
vn -0.3264 0.0838 0.9415
vn -0.5443 0.0938 0.8336
vn 0.5259 -0.1113 0.8432
vn 0.4909 -0.1974 0.8486
vn -0.5521 -0.4917 -0.6733
vn 0.0733 0.7501 0.6572
vn 0.0630 0.1299 -0.9895
vn 0.4319 0.7744 -0.4623
vn 0.2206 -0.1177 0.9682
vn -0.8487 0.1059 0.5182
vn 0.2423 -0.0853 0.9664
vn 0.4642 -0.1999 0.8629
vn 0.1173 -0.1719 0.9781
vn 0.4757 -0.1209 0.8713
vn -0.4707 -0.2860 0.8347
vn -0.5105 -0.2845 0.8114
vn -0.5227 -0.1751 0.8343
vn -0.6839 0.7296 -0.0021
vn -0.4293 0.4578 -0.7785
vn -0.9886 0.1429 0.0467
vn -0.1071 0.9938 -0.0285
vn 0.3503 -0.9229 0.1601
vn 0.2053 -0.5418 0.8151
vn 0.9046 -0.4217 -0.0615
vn -0.0751 0.2178 -0.9731
vn -0.0456 0.0600 -0.9972
vn 0.3168 -0.6125 -0.7242
vn 0.3386 -0.5005 -0.7968
vn 0.5292 -0.6411 -0.5558
vn -0.2560 -0.0886 0.9626
vn -0.1641 -0.0802 0.9832
vn -0.2906 -0.1600 0.9434
vn -0.2593 -0.0655 0.9636
vn 0.1437 0.1059 0.9839
vn 0.1464 0.0991 0.9842
vn 0.6234 0.2452 0.7424
vn 0.0868 0.1466 0.9854
vn -0.3582 -0.0000 -0.9336
vn -0.1965 -0.3585 -0.9126
vn -0.2428 -0.2248 -0.9437
vn -0.3073 -0.1922 -0.9320
vn -0.1156 -0.1906 -0.9748
vn -0.1403 0.9510 0.2755
vn -0.1476 0.8584 0.4913
vn 0.0498 0.9947 0.0899
vn 0.0125 0.9990 0.0438
vn 0.3368 0.6922 -0.6383
vn 0.5537 0.1977 -0.8089
vn -0.2422 -0.8751 -0.4191
vn -0.3162 0.2849 0.9049
vn -0.3763 0.2166 0.9008
vn -0.2724 0.2439 0.9308
vn -0.2791 0.3004 0.9121
vn -0.3404 0.1979 0.9192
vn 0.2653 -0.0935 0.9596
vn 0.0177 0.0035 0.9998
vn 0.0907 -0.0321 0.9954
vn 0.9478 -0.3181 0.0224
vn 0.2810 -0.0243 0.9594
vn -0.5804 -0.0989 0.8083
vn 0.2292 0.4117 0.8820
vn -0.6136 -0.0626 0.7871
vn -0.5034 0.0087 0.8640
vn -0.5038 -0.0142 0.8637
vn -0.0237 0.0125 -0.9996
vn -0.0236 -0.0086 -0.9997
vn 0.6024 -0.1055 -0.7912
vn -0.0652 -0.1543 -0.9859
vn -0.0283 -0.0169 -0.9995
vn -0.1312 -0.1833 -0.9743
vn 0.0075 -0.0362 0.9993
vn -0.4440 -0.0728 0.8931
vn -0.1114 -0.0714 0.9912
vn -0.5819 -0.1883 0.7912
vn -0.6242 -0.1732 0.7619
vn -0.1136 -0.1605 0.9805
vn -0.3891 0.0538 0.9196
vn -0.3788 0.2477 0.8917
vn 0.3934 -0.4633 -0.7941
vn -0.6208 0.2992 -0.7246
vn -0.3438 0.3014 -0.8894
vn 0.0863 -0.2425 0.9663
vn 0.0962 -0.2359 0.9670
vn 0.1251 -0.2446 0.9615
vn 0.0736 -0.2878 0.9549
vn 0.2055 -0.4694 0.8587
vn 0.0106 0.0003 0.9999
vn -0.0089 -0.0372 0.9993
vn 0.0002 -0.0146 0.9999
vn 0.0004 -0.0175 0.9998
vn -0.8883 0.4483 -0.0995
vn -0.8396 0.3974 -0.3703
vn -0.9112 0.3994 -0.1010
vn 0.5531 -0.3259 -0.7667
vn 0.2569 -0.3366 -0.9059
vn -0.1696 0.2423 -0.9553
vn -0.2697 0.1835 -0.9453
vn -0.0059 -0.0154 0.9999
vn -0.3269 -0.1685 0.9299
vn -0.0190 -0.0108 0.9998
vn 0.0324 -0.0117 0.9994
vn 0.0262 -0.8950 -0.4454
vn 0.0321 -0.2328 0.9720
vn 0.0802 0.2161 0.9731
vn -0.1039 0.0166 0.9944
vn 0.0282 -0.1681 0.9854
vn -0.1871 0.9264 0.3268
vn 0.0490 -0.1764 0.9831
vn 0.0309 0.9036 0.4273
vn -0.0513 0.9537 0.2963
vn 0.0052 -0.1431 0.9897
vn 0.1413 -0.6532 0.7439
vn 0.0648 -0.5879 0.8063
vn -0.2279 0.0488 -0.9725
vn 0.4355 -0.1634 -0.8852
vn -0.0632 0.0029 -0.9980
vn -0.4296 0.5283 -0.7324
vn -0.1931 -0.6946 -0.6930
vn -0.3491 -0.6588 -0.6665
vn -0.5179 0.1948 0.8330
vn -0.4900 0.0336 0.8711
vn -0.4955 0.0290 0.8681
vn 0.7657 0.4291 -0.4791
vn 0.6255 0.4583 -0.6315
vn -0.9186 -0.3839 -0.0939
vn -0.9711 -0.2382 0.0127
vn -0.8992 -0.4369 -0.0231
vn -0.9285 0.2074 -0.3081
vn -0.6434 0.2958 -0.7061
vn -0.7065 0.4040 -0.5810
vn -0.1339 0.7798 0.6115
vn -0.9024 0.4308 -0.0117
vn -0.9237 0.3830 -0.0073
vn -0.4254 0.8977 -0.1147
vn 0.5702 -0.4158 0.7085
vn 0.5939 -0.1389 0.7924
vn 0.5685 -0.1470 0.8094
vn -0.8164 0.1737 -0.5508
vn -0.9728 0.2177 -0.0793
vn -0.8677 0.2749 -0.4142
vn 0.0639 -0.0661 -0.9958
vn 0.0827 -0.0962 -0.9919
vn -0.9647 0.2472 -0.0907
vn -0.9753 0.1962 -0.1016
vn 0.1465 -0.7088 -0.6900
vn 0.1123 -0.6854 -0.7194
vn 0.0555 -0.1986 0.9785
vn 0.1071 0.1377 0.9847
vn -0.0062 -0.1377 0.9905
vn -0.0030 0.1432 -0.9897
vn 0.0289 0.0438 -0.9986
vn 0.0168 0.2403 -0.9705
vn 0.1304 0.7777 -0.6149
vn 0.3261 0.8404 -0.4328
vn 0.1743 0.8807 -0.4404
vn -0.9068 0.2480 0.3410
vn -0.9354 0.2000 0.2917
vn -0.9167 0.1048 0.3856
vn -0.7946 0.3191 0.5165
vn 0.8236 0.1302 -0.5520
vn -0.0613 0.4511 -0.8904
vn -0.0131 -0.0015 -0.9999
vn -0.0092 -0.0015 -1.0000
vn -0.0067 -0.0001 -1.0000
vn -0.2095 0.9770 0.0408
vn 0.0104 0.2511 -0.9679
vn 0.0063 -0.0014 -1.0000
vn 0.9051 -0.0715 -0.4191
vn -0.7382 0.2230 -0.6367
vn -0.7313 0.3296 -0.5971
vn 0.8539 0.3538 0.3817
vn 0.8302 0.1699 0.5310
vn 0.0672 0.2007 0.9773
vn 0.8486 0.4188 0.3234
vn -0.8532 -0.4950 0.1644
vn -0.1696 -0.0688 -0.9831
vn -0.1671 -0.0728 -0.9832
vn -0.9076 -0.3856 0.1657
vn 0.4652 0.3297 -0.8215
vn 0.5382 0.1352 -0.8319
vn 0.6467 0.3349 -0.6853
vn 0.6652 -0.1548 0.7304
vn 0.8327 -0.1246 0.5395
vn -0.5978 0.0429 0.8005
vn 0.7586 -0.0804 0.6465
vn -0.6754 -0.5626 0.4768
vn -0.5988 -0.6811 0.4214
vn -0.7503 -0.5935 0.2912
vn 0.4116 -0.8040 0.4291
vn 0.2565 0.3399 -0.9048
vn 0.9537 0.1343 0.2691
vn -0.7334 -0.3190 0.6003
vn -0.3110 0.0653 0.9482
vn -0.2756 0.0261 0.9609
vn -0.1679 0.1607 0.9726
vn -0.3726 0.1619 0.9138
vn -0.4043 0.0596 0.9127
vn -0.4059 -0.0150 0.9138
vn -0.3280 0.0007 0.9447
vn 0.4483 -0.2032 -0.8705
vn 0.2045 -0.0631 0.9768
vn -0.8362 0.3535 0.4192
vn 0.8972 -0.2269 0.3788
vn 0.7718 0.3859 -0.5054
vn 0.1271 0.3963 -0.9093
vn 0.0845 0.9897 -0.1159
vn 0.3617 0.9311 -0.0466
vn -0.3437 0.4943 -0.7985
vn -0.6832 -0.7139 0.1535
vn -0.9932 -0.0406 0.1092
vn -0.8891 0.1081 -0.4448
vn -0.4878 -0.8678 -0.0948
vn -0.8245 -0.4660 -0.3211
vn -0.6625 -0.3798 0.6457
vn 0.0378 0.0096 0.9992
vn 0.0156 -0.0046 0.9999
vn 0.0514 -0.1829 0.9818
vn -0.0480 0.1479 -0.9878
vn -0.4001 0.7217 -0.5648
vn -0.4915 0.5192 -0.6992
vn -0.2932 0.8181 -0.4947
vn -0.3653 0.6657 -0.6507
vn 0.4093 -0.7639 0.4989
vn -0.5648 0.1136 0.8174
vn -0.4636 -0.0202 0.8858
vn 0.0450 0.0138 -0.9989
vn 0.3544 0.1234 -0.9269
vn 0.0199 0.0420 -0.9989
vn 0.5478 0.0933 -0.8314
vn -0.0591 0.1475 -0.9873
vn -0.2496 -0.6502 0.7176
vn -0.2992 -0.7207 0.6253
vn -0.2902 -0.7352 0.6126
vn -0.9045 0.3015 0.3016
vn -0.6424 0.5482 0.5355
vn -0.6373 0.2627 0.7244
vn -0.4639 0.6568 0.5945
vn -0.6060 0.6408 0.4714
vn -0.4387 0.6488 0.6218
vn -0.0366 0.5409 -0.8403
vn -0.1125 0.2982 -0.9479
vn -0.1637 0.5691 -0.8058
vn 0.0605 0.5650 -0.8229
vn 0.2010 0.7532 -0.6264
vn 0.0325 0.7701 -0.6371
vn -0.0641 0.7581 -0.6490
vn -0.0062 0.2986 -0.9544
vn 0.9618 -0.0846 0.2605
vn -0.3463 0.0602 0.9362
vn 0.0153 0.0026 0.9999
vn 0.0113 -0.0005 0.9999
vn 0.0087 -0.0014 1.0000
vn -0.5810 0.8134 -0.0293
vn -0.5913 0.7907 -0.1584
vn -0.6506 0.7591 -0.0235
vn -0.5399 0.8416 -0.0118
vn -0.5576 0.8297 -0.0253
vn 0.0110 -0.0015 0.9999
vn 0.2257 -0.1262 -0.9660
vn 0.1100 -0.3736 -0.9211
vn -0.3090 -0.9495 -0.0546
vn -0.1657 -0.5092 -0.8445
vn -0.2010 -0.4821 -0.8528
vn -0.8600 -0.4846 -0.1596
vn -0.6296 0.3323 0.7023
vn -0.6173 0.2808 0.7349
vn 0.5086 0.0158 -0.8609
vn -0.8508 0.2918 0.4369
vn -0.6685 0.3375 -0.6628
vn -0.0528 0.4083 0.9113
vn 0.5005 0.6868 0.5271
vn 0.0610 0.9919 0.1112
vn -0.3477 0.3271 0.8787
vn -0.0528 0.1131 0.9922
vn 0.8426 -0.1008 -0.5290
vn 0.8198 0.0022 -0.5727
vn -0.0487 -0.0183 -0.9986
vn -0.1428 -0.1428 -0.9794
vn 0.6847 0.7270 0.0515
vn -0.0704 -0.0723 -0.9949
vn 0.0699 0.4639 0.8831
vn -0.0554 0.4687 0.8816
vn 0.0294 -0.1095 0.9936
vn 0.1655 0.3298 0.9294
vn 0.1861 0.6492 0.7375
vn 0.2750 0.6300 0.7263
vn -0.0149 0.6901 0.7235
vn -0.0079 0.0716 0.9974
vn -0.1651 0.2146 -0.9626
vn -0.4830 0.7207 -0.4974
vn -0.0263 0.0119 -0.9996
vn -0.3477 -0.5726 0.7424
vn -0.1074 -0.6257 0.7726
vn -0.0534 -0.5680 0.8213
vn -0.3170 0.4950 -0.8090
vn 0.1165 -0.2141 -0.9699
vn -0.0142 -0.0066 -0.9999
vn 0.2891 -0.3752 -0.8807
vn 0.0819 -0.2434 -0.9665
vn 0.3656 -0.0284 -0.9303
vn 0.3673 0.0947 -0.9253
vn 0.2288 -0.0200 -0.9733
vn 0.1923 -0.0679 -0.9790
vn -0.4673 -0.2880 -0.8358
vn -0.2986 -0.9396 -0.1673
vn 0.0233 0.4644 0.8853
vn 0.4332 0.8803 -0.1935
vn 0.4860 -0.8718 0.0610
vn -0.5137 0.4906 0.7039
vn -0.2377 0.9708 0.0335
vn -0.3160 0.9487 -0.0145
vn -0.9734 -0.1217 -0.1943
vn -0.7828 -0.1894 -0.5927
vn -0.9597 -0.2373 -0.1506
vn -0.3163 0.0706 0.9460
vn -0.7097 -0.0573 -0.7022
vn -0.9480 0.3156 0.0418
vn -0.4278 0.1974 0.8820
vn -0.9734 -0.0881 0.2113
vn -0.4521 -0.0870 0.8877
vn -0.8670 -0.3291 0.3741
vn -0.9297 -0.2677 0.2531
vn -0.9455 -0.2774 0.1707
vn -0.9418 -0.2983 0.1550
vn -0.9549 -0.2559 0.1506
vn -0.0054 -0.0130 -0.9999
vn -0.0055 -0.0125 -0.9999
vn -0.0056 -0.0121 -0.9999
vn 0.3639 0.1599 -0.9176
vn 0.7775 0.3659 -0.5114
vn 0.7250 0.4853 -0.4887
vn 0.7773 0.3908 -0.4930
vn -0.3285 -0.0139 0.9444
vn -0.4441 -0.2011 0.8731
vn -0.4149 -0.1086 0.9034
vn -0.5189 -0.2008 0.8309
vn -0.4307 0.0060 0.9025
vn 0.4598 -0.0439 -0.8869
vn 0.4494 -0.0480 -0.8921
vn 0.4502 -0.0277 -0.8925
vn 0.4924 -0.0421 -0.8694
vn 0.1606 -0.9556 0.2472
vn -0.2929 -0.5327 0.7940
vn -0.0699 -0.2708 0.9601
vn 0.8463 -0.4072 0.3434
vn -0.2099 0.7129 -0.6691
vn 0.2576 -0.0725 -0.9635
vn -0.0079 -0.0107 -0.9999
vn 0.2640 -0.0171 -0.9644
vn -0.6834 -0.0000 -0.7301
vn -0.7869 -0.0286 -0.6164
vn -0.6402 -0.0000 -0.7682
vn 0.2802 0.9141 0.2932
vn 0.0310 0.1705 -0.9849
vn 0.1793 0.9834 0.0266
vn 0.3829 0.8407 0.3829
vn 0.0811 0.2381 -0.9678
vn -0.0056 -0.1390 0.9903
vn 0.0991 0.8017 0.5895
vn 0.0040 -0.1375 0.9905
vn 0.7068 0.5776 -0.4084
vn 0.4397 0.1307 -0.8886
vn 0.2382 0.1591 -0.9581
vn 0.6216 0.6612 -0.4201
vn 0.0330 -0.1321 -0.9907
vn 0.3513 0.0756 -0.9332
vn -0.0638 -0.0307 -0.9975
vn 0.1085 -0.4410 0.8909
vn -0.7400 0.4336 0.5142
vn -0.8576 -0.3077 -0.4121
vn -0.8469 -0.3520 -0.3985
vn 0.0005 0.0057 1.0000
vn 0.4037 -0.1518 -0.9022
vn 0.4384 -0.2770 -0.8550
vn 0.3961 -0.2091 -0.8941
vn 0.3064 -0.0754 -0.9489
vn 0.2966 -0.0743 -0.9521
vn 0.2597 -0.1225 -0.9579
vn 0.2678 -0.1934 -0.9439
vn 0.2430 -0.1021 -0.9646
vn -0.0124 -0.0029 -0.9999
vn -0.0053 0.0046 -1.0000
vn -0.7600 0.6429 0.0956
vn -0.6692 0.7370 0.0951
vn -0.0156 -0.0072 -0.9999
vn -0.7512 0.6518 0.1038
vn -0.7466 0.1373 0.6510
vn -0.6162 0.0968 0.7816
vn -0.6625 0.0717 0.7457
vn -0.8377 0.1823 0.5148
vn -0.4931 0.0030 0.8700
vn -0.4971 -0.0043 0.8677
vn 0.2241 0.0334 0.9740
vn 0.0277 -0.0150 0.9995
vn 0.0323 -0.0299 0.9990
vn 0.8904 0.4542 0.0281
vn 0.3809 0.1688 0.9091
vn -0.9190 -0.3710 0.1332
vn -0.8093 -0.4592 0.3663
vn -0.8194 -0.5535 0.1491
vn -0.9172 -0.3666 0.1561
vn 0.0102 -0.9999 -0.0017
vn 0.4041 -0.2429 -0.8819
vn 0.6447 -0.4139 -0.6427
vn -0.8855 0.4395 0.1506
vn 0.6826 -0.7295 0.0436
vn -0.5749 -0.5070 -0.6422
vn -0.4794 -0.2753 -0.8333
vn -0.5642 -0.5373 -0.6269
vn -0.4462 -0.6319 -0.6337
vn -0.3924 -0.1932 -0.8993
vn -0.3519 -0.3476 -0.8691
vn 0.4587 0.0699 -0.8858
vn 0.2794 0.0257 -0.9598
vn -0.4345 -0.0161 0.9005
vn -0.4721 0.6832 0.5571
vn -0.4879 0.5204 0.7008
vn -0.4681 -0.1901 0.8630
vn -0.4264 0.6091 0.6687
vn -0.3009 -0.8275 -0.4740
vn -0.4200 0.1470 0.8956
vn -0.5288 -0.8457 0.0717
vn 0.0656 0.0087 -0.9978
vn -0.1744 0.3389 -0.9245
vn 0.0422 -0.0464 -0.9980
vn 0.1774 0.0566 -0.9825
vn -0.2273 -0.3437 -0.9111
vn -0.0131 0.1154 -0.9932
vn -0.0118 -0.1280 -0.9917
vn 0.5555 0.1023 -0.8252
vn 0.5389 -0.1785 -0.8233
vn 0.1927 -0.6717 0.7154
vn 0.2190 -0.6412 0.7355
vn 0.2600 -0.6317 0.7303
vn 0.2443 -0.6621 0.7085
vn 0.2888 -0.6060 0.7412
vn -0.9871 0.1363 -0.0843
vn 0.1513 -0.0329 -0.9879
vn 0.1436 -0.0256 -0.9893
vn 0.1436 -0.0255 -0.9893
vn -0.9875 0.0907 -0.1289
vn 0.3124 -0.2038 -0.9278
vn 0.2538 -0.1254 -0.9591
vn 0.4622 -0.2799 -0.8414
vn 0.3446 -0.1582 -0.9253
vn 0.0186 -0.0174 0.9997
vn 0.0276 0.0055 0.9996
vn -0.0271 -0.0306 0.9992
vn 0.0395 0.2920 -0.9556
vn -0.2438 -0.5678 -0.7862
vn -0.1063 -0.5185 -0.8484
vn 0.2565 0.6764 -0.6904
vn 0.3644 0.8736 -0.3224
vn 0.2628 0.4457 -0.8557
vn 0.0748 0.5433 -0.8362
vn 0.2191 0.9350 -0.2790
vn -0.1249 -0.2573 -0.9582
vn 0.3268 0.8994 -0.2902
vn -0.2606 0.3648 0.8939
vn -0.2558 0.4179 0.8718
vn -0.5092 -0.7226 0.4675
vn -0.0444 0.7662 0.6410
vn 0.8235 -0.4580 -0.3348
vn 0.2908 -0.1231 0.9488
vn 0.2341 -0.1055 0.9665
vn 0.8741 -0.4829 0.0519
vn 0.8396 0.0465 0.5412
vn 0.0086 0.0080 0.9999
vn 0.0086 0.0097 0.9999
vn 0.0091 0.0055 0.9999
vn -0.0235 -0.0296 -0.9993
vn 0.2000 0.3634 -0.9099
vn 0.4010 0.5414 -0.7390
vn 0.5928 0.4648 -0.6577
vn 0.8120 -0.0174 0.5834
vn 0.8192 0.1742 0.5465
vn -0.5723 0.5410 -0.6163
vn -0.2582 -0.1335 0.9568
vn -0.0064 -0.0007 -1.0000
vn -0.0067 -0.0000 -1.0000
vn -0.2607 0.9645 0.0424
vn 0.2825 -0.7382 0.6125
vn -0.2466 0.6909 -0.6796
vn -0.1850 0.6390 -0.7466
vn -0.0397 0.0384 -0.9985
vn -0.0176 0.0087 -0.9998
vn -0.0200 0.0144 -0.9997
vn -0.0061 0.0498 -0.9987
vn -0.0314 0.0225 -0.9993
vn -0.0882 -0.0110 0.9960
vn -0.4307 -0.1100 0.8958
vn -0.1299 0.1002 0.9865
vn 0.1582 0.0833 0.9839
vn 0.1264 0.1151 0.9853
vn -0.1737 -0.3101 -0.9347
vn -0.2226 -0.4984 -0.8379
vn -0.2371 -0.2849 -0.9288
vn -0.1774 -0.2610 -0.9489
vn -0.0305 -0.3660 -0.9301
vn -0.4502 0.3318 0.8290
vn -0.2405 0.6357 0.7335
vn -0.4344 -0.3630 0.8243
vn -0.3005 0.6646 0.6841
vn -0.4892 -0.1066 0.8656
vn -0.5100 0.3864 0.7685
vn -0.4309 -0.3816 0.8177
vn -0.5369 -0.6034 -0.5896
vn -0.6143 -0.5197 -0.5937
vn 0.4398 -0.5775 0.6879
vn 0.3317 -0.6236 0.7079
vn 0.5001 -0.5421 0.6753
vn -0.4117 0.1946 -0.8903
vn -0.5153 -0.0210 0.8568
vn -0.5120 -0.0007 0.8590
vn -0.1668 -0.4566 -0.8739
vn 0.0634 -0.0290 -0.9976
vn 0.2498 0.6575 -0.7108
vn -0.0099 0.4800 -0.8772
vn 0.0561 0.1010 -0.9933
vn 0.7300 -0.5125 0.4522
vn 0.4673 -0.0178 -0.8839
vn -0.4963 -0.1387 0.8570
vn -0.3739 -0.0611 0.9255
vn -0.4982 0.1849 0.8471
vn -0.3789 0.0979 0.9202
vn -0.5104 -0.3954 0.7636
vn -0.5628 -0.3587 0.7447
vn -0.6167 -0.4692 0.6321
vn -0.3557 -0.5214 0.7757
vn -0.3275 -0.5585 0.7621
vn -0.5581 -0.2137 0.8018
vn -0.9526 0.3029 0.0280
vn -0.1549 0.4131 0.8974
vn 0.0066 0.0386 0.9992
vn 0.0191 0.1648 0.9861
vn -0.4493 -0.1099 -0.8866
vn -0.2631 -0.0000 -0.9648
vn -0.2303 0.0212 -0.9729
vn -0.2772 -0.0331 -0.9602
vn -0.4748 0.1833 -0.8608
vn -0.2510 0.7376 -0.6269
vn -0.2176 -0.3098 -0.9256
vn -0.3032 -0.1482 -0.9413
vn -0.2292 -0.1499 -0.9618
vn -0.4440 -0.2807 -0.8509
vn 0.0033 0.0042 1.0000
vn 0.0042 0.0002 1.0000
vn 0.0042 0.0005 1.0000
vn 0.0034 0.0079 1.0000
vn -0.1954 -0.1090 0.9747
vn 0.0095 -0.0019 1.0000
vn 0.1184 -0.2082 0.9709
vn -0.0657 -0.1462 0.9871
vn 0.0217 0.0051 0.9998
vn 0.0130 0.0013 0.9999
vn 0.0144 0.0004 0.9999
vn 0.0139 0.0001 0.9999
vn 0.0072 -0.0013 1.0000
vn 0.0199 0.0118 0.9997
vn -0.3403 0.3007 0.8909
vn -0.0818 -0.2252 0.9709
vn 0.0051 -0.0077 1.0000
vn 0.0008 -0.0222 0.9998
vn 0.0576 0.1550 0.9862
vn 0.0029 0.0057 1.0000
vn 0.0060 -0.0060 1.0000
vn 0.0016 0.0108 0.9999
vn 0.0042 -0.0006 1.0000
vn 0.4787 0.0227 0.8777
vn -0.1334 -0.0594 0.9893
vn 0.0201 -0.0000 0.9998
vn 0.8894 -0.4475 0.0929
vn -0.9906 -0.0437 -0.1297
vn -0.9935 -0.0222 -0.1117
vn -0.9910 -0.0806 -0.1066
vn 0.0036 -0.0197 -0.9998
vn -0.1630 -0.8299 -0.5335
vn 0.4560 -0.0366 -0.8892
vn -0.8869 0.3027 -0.3490
vn -0.0030 0.4002 0.9164
vn 0.1433 -0.2240 -0.9640
vn -0.6083 0.4294 -0.6675
vn 0.4252 -0.5512 -0.7179
vn 0.4284 -0.5485 -0.7181
vn 0.3722 -0.1587 0.9145
vn 0.5318 -0.1610 0.8314
vn -0.6052 0.2972 -0.7385
vn 0.9598 0.2766 -0.0480
vn -0.3541 0.1614 -0.9212
vn 0.0083 -0.0093 0.9999
vn -0.0011 -0.0100 0.9999
vn 0.0246 0.0074 0.9997
vn -0.4618 -0.2834 0.8405
vn -0.3423 -0.1883 0.9205
vn 0.0100 -0.9959 -0.0896
vn 0.2712 0.2667 0.9248
vn 0.2032 0.3935 0.8966
vn 0.1152 0.0919 0.9891
vn 0.4549 0.0301 -0.8900
vn 0.4570 0.0267 -0.8891
vn 0.4565 0.0249 -0.8893
vn 0.7929 0.2960 0.5326
vn 0.7750 0.4392 0.4544
vn 0.7838 0.3755 0.4946
vn 0.7499 0.2656 0.6059
vn -0.4835 0.0162 0.8752
vn 0.8217 0.3226 -0.4699
vn 0.8296 0.2029 -0.5202
vn -0.9785 -0.2021 0.0422
vn 0.4636 -0.0419 -0.8850
vn 0.4677 -0.0169 -0.8837
vn 0.4661 -0.0360 -0.8840
vn 0.6222 -0.4749 0.6224
vn -0.7468 -0.6409 -0.1776
vn -0.3884 0.1029 0.9157
vn -0.8314 -0.5530 -0.0540
vn -0.0067 0.0916 0.9958
vn 0.1170 -0.0042 0.9931
vn -0.2442 0.3381 0.9089
vn 0.6842 -0.1033 0.7219
vn -0.0132 0.1400 0.9901
vn 0.9681 0.0379 0.2476
vn 0.4100 -0.0574 0.9103
vn -0.0547 0.0242 0.9982
vn -0.0538 -0.1183 0.9915
vn -0.1104 -0.1233 0.9862
vn 0.8136 -0.3782 0.4416
vn -0.0272 0.0079 -0.9996
vn -0.6067 -0.5470 -0.5768
vn 0.0720 0.5745 0.8153
vn -0.0025 0.7388 0.6739
vn -0.0058 -0.0054 1.0000
vn 0.0673 0.5004 0.8632
vn -0.0245 -0.0799 -0.9965
vn -0.0219 -0.1652 -0.9860
vn -0.0378 -0.1231 -0.9917
vn -0.8481 0.2584 -0.4626
vn 0.0807 0.8802 -0.4676
vn 0.7674 -0.5212 0.3735
vn 0.2017 -0.1631 -0.9658
vn 0.2202 -0.1498 -0.9639
vn -0.2150 0.1518 0.9647
vn 0.6898 -0.6117 0.3872
vn -0.0022 -0.0342 -0.9994
vn 0.6535 0.1077 -0.7492
vn -0.1739 0.4001 -0.8998
vn -0.1664 0.7208 -0.6729
vn -0.0098 0.7293 -0.6842
vn -0.0000 0.7327 -0.6805
vn -0.0233 0.7242 -0.6892
vn 0.5214 0.4292 0.7375
vn -0.6135 -0.1412 -0.7770
vn -0.5627 -0.1554 -0.8119
vn -0.7998 -0.1361 -0.5847
vn -0.8025 -0.1006 -0.5881
vn -0.8049 -0.1035 -0.5843
vn -0.8439 -0.3134 -0.4354
vn -0.8356 -0.2403 -0.4939
vn -0.6629 -0.1433 -0.7349
vn -0.5268 -0.2170 0.8218
vn -0.7099 0.7043 0.0086
vn -0.7390 0.6712 0.0577
vn -0.7003 0.6745 -0.2340
vn -0.2605 0.9645 0.0425
vn 0.0139 -0.0391 0.9991
vn 0.3250 -0.3048 -0.8952
vn -0.1728 0.3503 -0.9205
vn 0.3922 -0.5039 -0.7696
vn -0.4456 -0.0206 0.8950
vn 0.0190 -0.0104 0.9998
vn 0.1206 0.1171 0.9858
vn 0.6976 0.7164 -0.0086
vn 0.2247 0.7035 -0.6742
vn 0.0023 0.0969 -0.9953
vn -0.1964 -0.3918 0.8988
vn -0.2157 -0.1897 0.9579
vn -0.0893 -0.2798 0.9559
vn -0.4322 0.4363 0.7892
vn -0.4612 -0.4559 0.7612
vn -0.4391 -0.5981 0.6704
vn 0.2555 -0.6593 -0.7071
vn 0.4931 -0.5318 -0.6885
vn -0.6819 0.0725 0.7278
vn 0.7474 -0.3677 -0.5534
vn 0.3051 -0.1531 -0.9399
vn 0.6632 -0.4030 -0.6307
vn 0.7335 -0.3790 -0.5643
vn 0.5685 0.5232 -0.6349
vn 0.5919 0.3553 -0.7235
vn 0.7093 0.3538 -0.6097
vn 0.3322 0.6876 -0.6456
vn 0.5038 0.7202 -0.4770
vn 0.4739 0.6948 -0.5410
vn 0.5815 0.6843 -0.4400
vn -0.4691 -0.8198 -0.3284
vn 0.0205 0.0301 -0.9993
vn -0.9800 0.1233 0.1560
vn -0.9042 -0.3331 -0.2673
vn -0.3329 0.0689 0.9404
vn -0.7193 -0.4849 -0.4975
vn -0.3775 0.8870 0.2661
vn -0.8689 0.4864 0.0918
vn -0.3753 0.8449 0.3813
vn -0.2966 0.7436 0.5992
vn 0.5552 -0.5427 -0.6302
vn 0.4756 -0.6001 -0.6432
vn 0.4552 -0.4828 -0.7481
vn 0.5880 -0.3452 -0.7315
vn -0.5522 -0.1358 0.8226
vn -0.5232 -0.0130 0.8521
vn 0.2361 0.8096 0.5375
vn -0.2317 0.6673 -0.7078
vn -0.4162 0.5946 -0.6879
vn -0.4030 0.6141 -0.6786
vn -0.4841 0.5603 -0.6721
vn -0.5042 0.5404 -0.6737
vn -0.4978 -0.5448 -0.6748
vn 0.0190 0.1733 0.9847
vn 0.2212 -0.1068 -0.9694
vn 0.1132 -0.1047 -0.9880
vn -0.0482 -0.0380 -0.9981
vn 0.1836 0.0377 -0.9823
vn -0.1435 0.0088 -0.9896
vn 0.1806 -0.0293 0.9831
vn 0.3126 0.0798 0.9465
vn -0.0670 0.0377 0.9970
vn -0.0245 0.0066 0.9997
vn -0.1490 0.0869 0.9850
vn 0.3048 0.0202 0.9522
vn -0.0232 -0.0000 -0.9997
vn -0.0133 -0.0537 -0.9985
vn 0.4695 0.1463 -0.8707
vn 0.5605 0.2465 -0.7906
vn 0.2984 0.2997 0.9062
vn 0.2491 0.2080 0.9459
vn 0.2063 0.2850 0.9361
vn -0.4152 -0.2485 0.8751
vn 0.1359 0.2743 0.9520
vn 0.6097 0.4152 0.6752
vn -0.1618 0.0831 0.9833
vn -0.8327 -0.2097 0.5125
vn 0.1406 -0.1255 -0.9821
vn 0.0631 0.0186 -0.9978
vn 0.2507 -0.5459 -0.7994
vn 0.1284 0.8466 -0.5165
vn 0.0519 0.7845 -0.6180
vn 0.2976 0.8321 -0.4680
vn 0.3997 0.7391 -0.5422
vn 0.0023 0.8575 -0.5145
vn 0.5804 -0.4657 0.6681
vn -0.5964 0.0649 0.8001
vn 0.2529 0.0679 -0.9651
vn -0.0128 0.0117 -0.9998
vn 0.4703 0.0210 -0.8823
vn 0.0034 0.1176 0.9931
vn 0.3964 -0.0511 -0.9167
vn -0.4698 0.0082 0.8827
vn -0.4815 0.0086 0.8764
vn -0.4176 -0.8528 -0.3137
vn -0.1363 -0.2190 -0.9662
vn -0.2236 -0.2485 -0.9425
vn -0.1610 -0.1388 -0.9771
vn -0.0063 -0.0000 -1.0000
vn 0.0003 0.0014 -1.0000
vn 0.1828 0.9827 0.0290
vn 0.0668 0.4791 -0.8752
vn -0.6554 0.5125 0.5548
vn -0.7514 0.4173 0.5112
vn -0.5973 0.5811 0.5528
vn -0.6558 0.5116 0.5551
vn -0.7450 -0.3619 0.5604
vn -0.2286 0.0166 0.9734
vn 0.0982 -0.5080 0.8558
vn -0.1554 0.3840 0.9102
vn -0.4943 0.2692 -0.8265
vn -0.3062 -0.0344 0.9513
vn 0.3735 0.0063 0.9276
vn -0.4035 0.3833 0.8308
vn -0.3354 0.4351 0.8356
vn -0.2944 -0.8771 0.3794
vn -0.4196 -0.7381 0.5284
vn -0.5039 -0.0000 0.8638
vn -0.4318 0.3523 0.8303
vn 0.1087 0.7681 0.6310
vn -0.0025 -0.1244 -0.9922
vn 0.2931 0.9030 -0.3142
vn -0.4306 0.6226 0.6534
vn 0.0368 -0.0047 0.9993
vn -0.5069 0.8604 0.0518
vn -0.5908 0.8050 0.0539
vn -0.7888 0.3160 0.5273
vn -0.1471 -0.2866 0.9467
vn -0.8184 0.3047 0.4872
vn 0.0691 -0.2741 0.9592
vn -0.5021 0.2100 -0.8389
vn -0.1507 0.0538 -0.9871
vn -0.8834 0.1974 -0.4249
vn -0.2556 0.0276 -0.9664
vn -0.9611 0.1123 -0.2525
vn -0.9147 0.2984 -0.2726
vn 0.5832 -0.4610 0.6688
vn -0.0108 -0.0737 -0.9972
vn -0.1077 0.1105 -0.9880
vn -0.0980 0.1140 -0.9886
vn 0.0316 -0.2582 -0.9656
vn -0.1119 0.1566 -0.9813
vn 0.2586 -0.7332 -0.6289
vn -0.1249 -0.1293 0.9837
vn 0.5309 0.8146 0.2336
vn -0.1213 -0.2276 0.9662
vn -0.0961 -0.6721 -0.7342
vn -0.2656 -0.7055 -0.6570
vn -0.0493 -0.3446 -0.9374
vn -0.0817 -0.5038 -0.8599
vn -0.7935 -0.1545 -0.5887
vn 0.4669 -0.7505 -0.4677
vn 0.6666 -0.0471 0.7440
vn 0.4976 0.0274 0.8670
vn -0.4572 -0.0127 0.8893
vn -0.1697 -0.3333 0.9274
vn -0.2581 0.8002 -0.5414
vn 0.0314 -0.2270 0.9734
vn 0.1265 -0.2429 0.9618
vn 0.1772 -0.5473 -0.8179
vn -0.0546 0.0122 -0.9984
vn -0.2429 -0.5552 -0.7955
vn -0.2975 0.4289 0.8530
vn -0.2675 0.3238 0.9075
vn -0.3938 0.2177 0.8931
vn -0.3018 0.2935 0.9071
vn -0.9502 -0.2482 0.1883
vn -0.9232 -0.2415 0.2991
vn -0.9777 -0.2018 0.0574
vn 0.1859 -0.5016 0.8449
vn -0.0837 0.1632 -0.9830
vn -0.7202 0.2172 -0.6589
vn -0.6929 0.2842 -0.6627
vn -0.8230 0.0911 -0.5606
vn -0.4979 0.0291 0.8667
vn -0.4893 0.0443 0.8710
vn -0.5728 0.1411 0.8075
vn -0.5588 -0.4470 -0.6985
vn -0.4923 -0.5316 -0.6892
vn -0.5402 -0.4879 -0.6857
vn -0.7657 -0.4061 0.4988
vn 0.6123 -0.1435 -0.7775
vn 0.7859 -0.2885 -0.5470
vn -0.4007 0.4515 -0.7972
vn -0.5340 -0.0445 0.8443
vn 0.1607 -0.6628 -0.7313
vn 0.0369 -0.1912 -0.9809
vn -0.0007 0.0030 -1.0000
vn 0.2159 0.3058 -0.9273
vn -0.5530 -0.8311 -0.0588
vn 0.0714 -0.2035 0.9765
vn 0.1399 -0.2372 0.9613
vn 0.2720 -0.4445 0.8535
vn 0.0465 0.2022 0.9782
vn 0.0387 0.0124 0.9992
vn -0.2073 0.0420 0.9774
vn 0.0301 0.1936 0.9806
vn 0.3191 0.6333 0.7050
vn -0.1593 -0.6037 -0.7812
vn -0.4621 -0.0418 0.8858
vn -0.4460 -0.0743 0.8919
vn -0.5622 -0.5113 0.6500
vn -0.1039 0.8109 0.5759
vn -0.7356 -0.6733 -0.0748
vn 0.2553 -0.6471 0.7184
vn 0.2411 -0.4179 0.8759
vn -0.7274 -0.4358 -0.5300
vn -0.0026 0.0122 -0.9999
vn -0.0037 0.0210 -0.9998
vn 0.0072 -0.0001 -1.0000
vn -0.0224 0.0200 -0.9995
vn -0.0102 -0.0030 -0.9999
vn -0.0408 0.1205 -0.9919
vn 0.2385 0.4142 0.8784
vn 0.2862 0.2562 0.9233
vn 0.0085 -0.0026 1.0000
vn -0.0077 -0.0115 -0.9999
vn -0.0011 -0.0048 -1.0000
vn 0.2749 -0.2156 -0.9370
vn 0.1315 0.2204 -0.9665
vn -0.0041 -0.0058 -1.0000
vn -0.0043 -0.0056 -1.0000
vn 0.0097 0.0081 -0.9999
vn 0.1791 -0.0000 -0.9838
vn 0.0008 0.0129 -0.9999
vn 0.0005 0.0122 -0.9999
vn -0.0057 -0.0117 -0.9999
vn -0.0057 -0.0114 -0.9999
vn -0.0056 0.0007 -1.0000
vn -0.0143 0.0173 -0.9997
vn 0.9670 0.2545 -0.0075
vn 0.9806 0.1961 -0.0058
vn 0.7734 0.1111 -0.6241
vn 0.9801 0.1987 0.0002
vn 0.1647 0.0156 -0.9862
vn -0.0284 -0.1861 0.9821
vn -0.0224 -0.1825 0.9830
vn 0.0581 0.1851 0.9810
vn -0.1102 -0.1019 -0.9887
vn -0.1124 -0.1228 -0.9860
vn -0.7070 0.6129 0.3529
vn -0.6156 -0.0365 0.7872
vn 0.4045 -0.3845 -0.8298
vn -0.5015 -0.0131 0.8650
vn 0.0138 -0.0084 0.9999
vn 0.0083 0.0292 0.9995
vn 0.0061 -0.0083 0.9999
vn 0.0468 0.8841 0.4650
vn -0.8638 -0.0124 0.5036
vn -0.9331 -0.0852 0.3493
vn -0.9707 -0.1549 0.1840
vn -0.9395 -0.3423 -0.0148
vn -0.9651 -0.2612 -0.0174
vn -0.9536 -0.2946 0.0613
vn -0.3979 -0.9172 0.0173
vn -0.3598 -0.1403 -0.9224
vn -0.0250 -0.9531 0.3017
vn 0.7739 0.4441 0.4515
vn 0.7718 0.4554 0.4438
vn 0.3913 0.4782 0.7863
vn 0.7175 0.5598 0.4145
vn -0.1238 0.6807 -0.7220
vn -0.1956 0.6691 -0.7169
vn -0.2292 0.6695 -0.7066
vn 0.6011 -0.2898 -0.7448
vn 0.2929 -0.7817 0.5506
vn 0.6003 -0.2760 -0.7506
vn 0.5789 0.4994 0.6445
vn 0.3148 0.3697 0.8742
vn 0.3269 0.6847 0.6515
vn 0.5452 0.2786 0.7907
vn 0.7176 0.3215 0.6178
vn 0.4921 -0.0490 -0.8692
vn 0.5809 -0.0684 -0.8111
vn 0.9272 -0.3694 -0.0615
vn -0.4036 0.0090 0.9149
vn -0.3129 0.7018 0.6399
vn -0.0345 0.2259 -0.9735
vn 0.1774 -0.1320 0.9753
vn 0.3614 0.9322 -0.0173
vn 0.0436 -0.5480 -0.8353
vn -0.2834 -0.0000 0.9590
vn -0.1484 -0.0000 0.9889
vn 0.7328 -0.3662 0.5735
vn 0.5667 -0.3163 -0.7608
vn 0.1218 0.9888 0.0860
vn -0.2083 0.6526 0.7285
vn 0.8363 0.5207 -0.1717
vn -0.5872 0.6531 0.4782
vn -0.0382 0.0208 0.9991
vn 0.1844 0.3032 -0.9349
vn 0.1818 0.4830 -0.8565
vn 0.1548 0.7184 -0.6782
vn 0.1178 0.5477 -0.8283
vn 0.0493 0.0307 -0.9983
vn 0.1319 0.7940 0.5934
vn 0.2663 0.7661 0.5849
vn 0.0578 0.7494 0.6596
vn -0.3480 0.5551 0.7555
vn -0.3254 0.6543 0.6827
vn -0.3014 0.6640 0.6843
vn 0.6673 -0.1033 0.7376
vn -0.1639 0.0586 -0.9847
vn 0.0728 0.0652 0.9952
vn -0.0664 -0.1389 -0.9881
vn 0.0579 0.7266 -0.6846
vn -0.0612 -0.1207 -0.9908
vn 0.0525 0.0550 -0.9971
vn 0.7372 0.3149 -0.5978
vn -0.7586 0.3581 0.5443
vn 0.7559 0.4974 0.4258
vn 0.0647 0.0511 0.9966
vn 0.0138 -0.0347 0.9993
vn -0.4646 0.0241 0.8852
vn 0.6679 -0.4689 0.5779
vn 0.6651 -0.5046 0.5505
vn -0.4802 -0.0057 0.8772
vn -0.4793 -0.0035 0.8776
vn -0.4762 0.0003 0.8794
vn 0.1161 -0.3487 0.9300
vn -0.2296 0.0342 0.9727
vn -0.6196 -0.4310 0.6560
vn -0.3435 -0.1142 -0.9322
vn -0.2785 -0.0641 -0.9583
vn -0.4682 -0.0003 0.8836
vn -0.4778 -0.0015 0.8785
vn -0.5915 0.3193 0.7404
vn 0.5844 -0.4633 0.6662
vn 0.0022 -0.0065 1.0000
vn 0.0128 0.0107 0.9999
vn 0.0182 0.0098 0.9998
vn 0.0142 -0.0103 0.9998
vn 0.0246 -0.0152 0.9996
vn 0.0034 -0.0047 1.0000
vn 0.7953 -0.3953 0.4596
vn -0.9767 0.0922 0.1940
vn -0.9505 0.1769 0.2556
vn -0.6009 -0.0266 0.7989
vn -0.3544 -0.0384 0.9343
vn -0.4959 0.0189 0.8682
vn 0.8088 0.4078 0.4237
vn 0.6329 0.2597 0.7294
vn 0.2599 -0.0648 0.9634
vn 0.8975 -0.3604 0.2543
vn -0.4634 0.2242 0.8573
vn -0.4835 0.1872 0.8551
vn -0.1171 0.1061 0.9874
vn 0.1520 -0.0000 -0.9884
vn 0.5710 0.0995 -0.8149
vn 0.5638 -0.0331 -0.8253
vn 0.2440 0.9385 0.2443
vn 0.5094 0.2156 -0.8330
vn -0.3032 -0.9472 0.1039
vn -0.9144 0.2966 0.2755
vn -0.0608 0.0678 -0.9958
vn -0.0353 0.0044 -0.9994
vn 0.6511 -0.7521 -0.1017
vn -0.5307 -0.0785 -0.8439
vn -0.4325 -0.0433 -0.9006
vn -0.4552 -0.1052 0.8842
vn -0.3985 0.5574 0.7284
vn -0.3087 0.5866 0.7487
vn -0.3785 -0.0520 0.9241
vn -0.3349 -0.0478 0.9411
vn -0.3654 -0.1139 0.9238
vn -0.0032 -0.1498 -0.9887
vn -0.8428 0.1143 -0.5260
vn -0.0748 -0.0784 -0.9941
vn -0.9664 -0.2566 0.0164
vn 0.4444 -0.3706 0.8156
vn 0.3480 -0.5808 0.7359
vn -0.3155 0.1835 0.9310
vn -0.5551 0.0208 0.8315
vn -0.4489 0.1938 0.8723
vn -0.2658 0.9640 0.0012
vn -0.4110 0.9116 -0.0035
vn -0.2428 0.8562 -0.4560
vn -0.3561 0.5825 0.7306
vn -0.3017 0.5131 0.8036
vn -0.4160 0.5308 0.7384
vn -0.2004 0.6548 0.7288
vn -0.4035 0.5764 0.7106
vn -0.0608 0.8145 -0.5770
vn 0.2345 -0.9715 0.0350
vn 0.2141 -0.9766 0.0207
vn -0.0353 0.0063 0.9994
vn 0.8101 0.0053 0.5863
vn -0.0358 -0.0132 0.9993
vn -0.1155 -0.9927 -0.0333
vn -0.0149 0.0146 -0.9998
vn -0.0164 0.0157 -0.9997
vn -0.0239 -0.0030 -0.9997
vn -0.0164 0.0017 -0.9999
vn -0.4497 0.0471 -0.8919
vn -0.9750 -0.1726 0.1398
vn -0.9893 -0.0425 0.1398
vn 0.7580 -0.4635 0.4589
vn 0.7768 -0.4160 0.4728
vn 0.7417 -0.4863 0.4619
vn -0.4250 -0.8919 0.1548
vn -0.3511 -0.0000 -0.9363
vn -0.7340 0.0494 -0.6773
vn -0.0138 0.7577 -0.6525
vn -0.5759 0.6669 0.4728
vn 0.0529 0.8469 -0.5291
vn 0.1400 0.8397 -0.5248
vn -0.3794 -0.9106 0.1637
vn -0.3617 -0.9316 0.0373
vn -0.2693 -0.6756 0.6864
vn -0.2405 -0.6632 0.7087
vn -0.9095 0.0139 0.4156
vn -0.4425 -0.0313 0.8962
vn -0.6223 -0.1178 0.7739
vn -0.8083 -0.2877 0.5136
vn 0.7825 0.2555 0.5678
vn -0.1590 0.0332 0.9867
vn -0.1110 0.7892 0.6041
vn -0.3015 0.8040 0.5126
vn 0.0219 0.1873 0.9821
vn 0.0024 0.1001 0.9950
vn 0.4598 0.0248 -0.8877
vn -0.1804 0.3546 0.9175
vn -0.0185 0.0061 -0.9998
vn 0.8995 -0.3006 0.3171
vn 0.0145 0.0049 0.9999
vn 0.0205 0.0024 0.9998
vn 0.8729 -0.4087 0.2665
vn -0.0118 0.0048 -0.9999
vn -0.0658 0.0038 -0.9978
vn -0.3235 0.8950 0.3073
vn -0.4762 0.2009 0.8561
vn -0.6438 0.4257 -0.6358
vn -0.5842 0.4982 -0.6407
vn 0.8611 -0.2716 0.4298
vn 0.7968 -0.1590 0.5830
vn -0.5156 -0.0369 0.8560
vn -0.4674 0.0167 0.8839
vn -0.4572 0.0014 0.8894
vn -0.4908 -0.0000 0.8712
vn -0.4970 0.0200 0.8675
vn -0.5105 0.0210 0.8596
vn -0.5157 -0.0265 0.8564
vn -0.4707 -0.0026 0.8823
vn -0.4768 0.0074 0.8790
vn -0.4650 -0.0082 0.8853
vn -0.4920 -0.0063 0.8706
vn -0.4944 0.0008 0.8692
vn -0.4724 -0.0074 0.8813
vn -0.4691 -0.0146 0.8830
vn -0.5225 0.0024 0.8526
vn -0.4542 -0.0309 0.8904
vn -0.4674 -0.0164 0.8839
vn -0.4593 -0.0342 0.8876
vn 0.9241 -0.3791 0.0474
vn 0.1255 0.0620 0.9902
vn -0.8200 -0.4197 0.3891
vn -0.4246 -0.0094 0.9053
vn 0.2651 -0.6817 -0.6819
vn 0.4084 -0.5304 -0.7429
vn 0.7831 0.1290 -0.6084
vn 0.2004 0.7255 0.6584
vn -0.7012 0.3300 0.6320
vn -0.4605 -0.1084 0.8810
vn -0.4362 -0.0263 0.8995
vn -0.6925 0.5267 0.4930
vn -0.6267 0.3884 0.6756
vn 0.0194 -0.0248 0.9995
vn 0.0734 0.0050 0.9973
vn -0.5415 -0.3255 0.7752
vn -0.5076 -0.3763 0.7751
vn -0.6253 -0.2119 0.7510
vn -0.6500 -0.1593 0.7431
vn -0.5256 -0.1581 -0.8359
vn -0.1964 0.6138 -0.7646
vn -0.3365 0.8018 -0.4939
vn -0.0989 0.8900 -0.4450
vn -0.5078 0.0507 0.8600
vn -0.4649 -0.0198 0.8852
vn -0.2698 0.7849 -0.5578
vn -0.6130 0.6261 -0.4818
vn -0.3834 -0.3612 -0.8500
vn -0.1276 -0.4989 0.8572
vn 0.0311 -0.6537 0.7561
vn 0.0133 0.0445 0.9989
vn -0.0151 0.0053 -0.9999
vn -0.0111 0.0010 -0.9999
vn -0.0154 0.0047 -0.9999
vn -0.6960 0.2297 0.6804
vn 0.7908 0.0287 -0.6114
vn 0.5012 -0.6092 0.6146
vn 0.5327 -0.7259 0.4351
vn -0.9050 -0.3629 0.2222
vn 0.5396 0.1035 -0.8355
vn 0.4576 -0.0239 -0.8888
vn 0.8413 -0.0719 0.5358
vn 0.2534 -0.6576 0.7095
vn 0.2200 -0.7416 0.6337
vn 0.2641 -0.5806 0.7701
vn -0.4744 0.0110 0.8802
vn -0.4789 -0.0169 0.8777
vn 0.0162 -0.0684 -0.9975
vn 0.0278 -0.0579 -0.9979
vn 0.2887 -0.1522 0.9452
vn -0.8835 0.4512 0.1259
vn 0.2416 -0.9051 0.3498
vn 0.0888 -0.0979 -0.9912
vn 0.5365 -0.4564 -0.7098
vn 0.0913 -0.1460 -0.9851
vn -0.1347 0.3952 -0.9087
vn -0.9062 -0.2942 -0.3038
vn -0.9474 -0.3126 -0.0684
vn -0.9810 -0.1762 -0.0814
vn -0.9411 -0.3274 -0.0842
vn -0.3418 -0.9388 -0.0431
vn -0.2801 -0.7867 -0.5501
vn -0.7920 0.5210 -0.3184
vn -0.5886 0.4554 -0.6679
vn -0.6006 0.4348 -0.6710
vn 0.0121 0.0256 -0.9996
vn -0.0196 0.0060 -0.9998
vn 0.4923 0.0346 -0.8697
vn 0.4854 -0.0277 -0.8738
vn -0.7722 0.5106 0.3781
vn 0.8388 0.3947 -0.3751
vn -0.5613 -0.3498 0.7501
vn 0.0220 -0.0065 0.9997
vn 0.1347 0.1422 0.9806
vn 0.1627 0.0958 0.9820
vn 0.6626 0.3381 0.6683
vn -0.0845 -0.1629 -0.9830
vn -0.5710 -0.2533 0.7809
vn -0.5267 -0.6644 0.5302
vn 0.0339 -0.2972 -0.9542
vn 0.7016 -0.1569 0.6951
vn -0.2775 0.8105 -0.5159
vn -0.0669 0.7224 -0.6882
vn 0.0201 -0.1805 0.9834
vn 0.1514 -0.4355 0.8874
vn -0.1908 0.4926 0.8491
vn -0.0430 0.7402 0.6710
vn 0.3410 0.9059 0.2511
vn -0.4035 0.1461 0.9032
vn -0.4393 0.1232 0.8899
vn 0.6556 0.5607 0.5058
vn 0.0977 0.7056 -0.7018
vn 0.0765 0.0125 -0.9970
vn -0.3203 -0.6540 -0.6853
vn -0.3565 -0.5370 -0.7645
vn -0.5267 -0.0651 0.8476
vn -0.6377 0.0799 0.7661
vn -0.6000 -0.0000 0.8000
vn 0.0053 0.0361 0.9993
vn -0.9648 -0.0899 0.2470
vn 0.9953 0.0020 0.0966
vn -0.6506 -0.5207 0.5528
vn -0.4977 -0.7519 0.4323
vn -0.8094 -0.0193 0.5869
vn -0.7728 -0.0596 0.6319
vn -0.9500 -0.1553 0.2708
vn -0.6807 -0.0159 0.7323
vn 0.3219 0.0941 0.9421
vn 0.2819 0.0598 0.9576
vn -0.1898 0.2002 -0.9612
vn -0.0504 0.2489 -0.9672
vn -0.0675 0.1620 -0.9845
vn 0.1529 -0.0461 0.9872
vn 0.8266 -0.5614 -0.0390
vn -0.2012 0.7874 0.5826
vn 0.0095 0.0014 1.0000
vn 0.0119 -0.0087 0.9999
vn 0.7646 0.2164 0.6071
vn -0.4335 -0.1825 -0.8825
vn -0.0652 0.1530 0.9861
vn 0.1741 0.3749 -0.9106
vn 0.2016 -0.0710 -0.9769
vn -0.0432 -0.0520 -0.9977
vn -0.0210 -0.0087 -0.9997
vn 0.7137 -0.4094 0.5683
vn -0.6841 0.3237 -0.6537
vn -0.7208 0.5767 0.3845
vn 0.3662 0.1223 -0.9225
vn 0.1475 -0.6907 0.7079
vn -0.1571 0.0460 -0.9865
vn 0.7373 0.3306 -0.5891
vn 0.0145 -0.7633 0.6459
vn 0.0263 -0.0030 0.9996
vn 0.0834 0.0075 0.9965
vn 0.1372 0.9868 0.0862
vn -0.4124 -0.0540 0.9094
vn -0.0326 -0.0328 -0.9989
vn 0.4239 -0.0505 -0.9043
vn -0.1331 -0.7490 -0.6491
vn -0.0005 -0.0030 -1.0000
vn 0.1717 -0.1226 -0.9775
vn -0.5188 0.4476 -0.7284
vn -0.1560 -0.9437 0.2916
vn 0.6635 -0.2239 -0.7139
vn -0.2236 0.2202 0.9495
vn 0.1237 -0.9922 -0.0157
vn -0.1935 -0.9408 0.2782
vn -0.2771 0.6648 0.6937
vn -0.9297 0.3660 0.0416
vn -0.0181 -0.0072 -0.9998
vn -0.0301 -0.0146 -0.9994
vn -0.0223 -0.0106 -0.9997
vn -0.0188 -0.0049 -0.9998
vn -0.0178 -0.0139 -0.9997
vn -0.0249 -0.0128 -0.9996
vn -0.0277 -0.0104 -0.9996
vn -0.0290 0.0169 -0.9994
vn -0.0161 -0.0258 -0.9995
vn -0.0395 -0.0227 -0.9990
vn 0.1823 -0.0069 -0.9832
vn 0.6035 -0.4736 -0.6415
vn 0.6340 -0.4571 -0.6238
vn -0.9336 0.3463 0.0921
vn 0.9894 0.1359 -0.0521
vn 0.6397 0.7597 -0.1164
vn -0.3696 -0.0197 0.9290
vn -0.0674 -0.6872 0.7233
vn -0.1779 0.2847 -0.9420
vn -0.2715 0.9589 -0.0823
vn -0.2653 0.9594 -0.0959
vn -0.1791 0.9833 -0.0329
vn -0.2258 0.9435 0.2426
vn 0.0447 0.1412 0.9890
vn -0.1198 -0.0008 -0.9928
vn -0.4582 0.8172 0.3495
vn -0.9268 0.3749 0.0214
vn -0.9591 -0.2454 0.1412
vn -0.9752 -0.1699 0.1417
vn 0.0084 0.0070 0.9999
vn 0.0085 0.0073 0.9999
vn 0.0318 0.0151 0.9994
vn 0.0405 0.0338 0.9986
vn -0.0010 -0.0000 1.0000
vn 0.0042 0.0087 1.0000
vn 0.0088 0.0003 1.0000
vn 0.1988 0.9800 0.0051
vn -0.6322 0.0376 0.7739
vn -0.5954 0.0059 0.8034
vn -0.9145 -0.1900 0.3573
vn 0.2963 0.9284 0.2242
vn -0.2327 -0.6436 0.7291
vn 0.0167 -0.6626 0.7488
vn 0.0205 -0.6858 0.7275
vn 0.6547 -0.7557 0.0149
vn -0.8685 -0.4043 -0.2868
vn -0.5493 -0.8311 0.0868
vn -0.6655 -0.1139 0.7376
vn -0.6456 -0.1325 0.7521
vn -0.3177 0.9426 -0.1029
vn 0.0623 0.0536 -0.9966
vn -0.7301 -0.3198 0.6039
vn -0.6695 -0.5607 0.4872
vn -0.6776 0.7302 0.0874
vn -0.5502 0.8306 0.0862
vn 0.3356 -0.9396 -0.0671
vn -0.1130 -0.9935 0.0103
vn -0.1456 -0.9893 0.0132
vn 0.0576 -0.6985 0.7132
vn -0.1674 -0.5005 0.8494
vn -0.0009 -0.5735 0.8192
vn -0.0563 -0.7818 0.6210
vn -0.2516 0.6577 -0.7100
vn -0.5197 -0.0482 0.8530
vn 0.8003 0.1495 0.5807
vn -0.3662 -0.0004 0.9305
vn -0.5591 -0.8274 -0.0534
vn 0.7103 0.5261 0.4677
vn -0.7998 0.5393 -0.2636
vn 0.1341 -0.5502 0.8242
vn 0.6967 0.5372 -0.4754
vn 0.9120 -0.3177 0.2596
vn 0.6057 -0.2997 0.7371
vn -0.7657 0.3947 0.5078
vn -0.0650 0.0272 -0.9975
vn -0.9906 -0.0990 -0.0949
vn -0.9767 -0.1921 -0.0958
vn -0.1100 0.2196 0.9694
vn 0.4270 0.8966 -0.1175
vn -0.5184 -0.0385 0.8543
vn -0.4035 0.7595 -0.5103
vn 0.6092 0.6413 -0.4664
vn 0.1366 -0.0000 -0.9906
vn 0.1335 -0.0159 -0.9909
vt 0.736373 0.352133
vt 0.737973 0.357182
vt 0.731214 0.353181
vt 0.730189 0.347396
vt 0.735134 0.346019
vt 0.743705 0.350657
vt 0.745712 0.355149
vt 0.264685 0.682785
vt 0.259205 0.685498
vt 0.260026 0.680459
vt 0.281882 0.017086
vt 0.283261 0.011457
vt 0.285923 0.015109
vt 0.280667 0.013096
vt 0.278521 0.018718
vt 0.282558 0.019036
vt 0.279214 0.020778
vt 0.225680 0.588228
vt 0.226963 0.584589
vt 0.233952 0.586568
vt 0.591424 0.518569
vt 0.588287 0.512900
vt 0.594350 0.516089
vt 0.583114 0.517034
vt 0.332362 0.329382
vt 0.327487 0.328090
vt 0.328888 0.326317
vt 0.335366 0.332787
vt 0.330244 0.330405
vt 0.260667 0.315293
vt 0.270868 0.306708
vt 0.271485 0.310294
vt 0.255946 0.311401
vt 0.267025 0.320928
vt 0.264636 0.325551
vt 0.257932 0.319392
vt 0.301567 0.319445
vt 0.307706 0.312108
vt 0.306394 0.320671
vt 0.291529 0.325078
vt 0.291701 0.316768
vt 0.302442 0.310815
vt 0.301055 0.326565
vt 0.596624 0.270335
vt 0.590671 0.268650
vt 0.597770 0.262993
vt 0.602903 0.560210
vt 0.610495 0.562717
vt 0.605243 0.566023
vt 0.600488 0.554404
vt 0.608974 0.555882
vt 0.598796 0.567511
vt 0.590959 0.276324
vt 0.332677 0.347228
vt 0.333988 0.352320
vt 0.330517 0.349724
vt 0.304204 0.336461
vt 0.308059 0.335022
vt 0.308192 0.338565
vt 0.335209 0.350834
vt 0.330054 0.344641
vt 0.334917 0.345725
vt 0.304306 0.339330
vt 0.024269 0.352502
vt 0.020054 0.346128
vt 0.024282 0.341489
vt 0.029646 0.348936
vt 0.027818 0.359136
vt 0.019170 0.356252
vt 0.015649 0.351086
vt 0.615506 0.344451
vt 0.628475 0.348958
vt 0.613156 0.347351
vt 0.594309 0.339010
vt 0.628475 0.201219
vt 0.405760 0.469136
vt 0.403926 0.496409
vt 0.399558 0.498382
vt 0.913442 0.145509
vt 0.913442 0.000819
vt 0.941164 0.143192
vt 0.401010 0.481849
vt 0.035732 0.390862
vt 0.031048 0.388525
vt 0.035129 0.388107
vt 0.031953 0.392121
vt 0.040713 0.391822
vt 0.036860 0.393714
vt 0.040240 0.390167
vt 0.529379 0.071674
vt 0.526328 0.089354
vt 0.526328 0.058981
vt 0.432529 0.138797
vt 0.450301 0.151967
vt 0.428997 0.152471
vt 0.445364 0.136416
vt 0.452006 0.139487
vt 0.528749 0.091029
vt 0.543337 0.073829
vt 0.226906 0.111594
vt 0.222899 0.109985
vt 0.223702 0.107859
vt 0.229550 0.116537
vt 0.225591 0.114304
vt 0.231382 0.113253
vt 0.228175 0.108791
vt 0.020236 0.588062
vt 0.021751 0.581102
vt 0.025685 0.585793
vt 0.270539 0.205614
vt 0.274236 0.205669
vt 0.275745 0.211709
vt 0.017397 0.583026
vt 0.271922 0.211979
vt 0.020205 0.591825
vt 0.265248 0.207674
vt 0.402608 0.716078
vt 0.405229 0.689014
vt 0.410223 0.702767
vt 0.414968 0.720376
vt 0.405509 0.734334
vt 0.399587 0.722986
vt 0.395368 0.697129
vt 0.692247 0.091271
vt 0.699032 0.088267
vt 0.694193 0.095230
vt 0.690146 0.086730
vt 0.695474 0.083200
vt 0.234842 0.736833
vt 0.214927 0.735158
vt 0.218673 0.700486
vt 0.866289 0.504568
vt 0.900917 0.349437
vt 0.883151 0.508701
vt 0.226003 0.122542
vt 0.210869 0.157893
vt 0.210869 0.115158
vt 0.850116 0.499883
vt 0.235291 0.696597
vt 0.120441 0.519804
vt 0.115979 0.513131
vt 0.123010 0.515390
vt 0.124311 0.520340
vt 0.114286 0.516150
vt 0.120560 0.524418
vt 0.118606 0.522337
vt 0.790902 0.186032
vt 0.787288 0.179834
vt 0.793083 0.180506
vt 0.785629 0.185695
vt 0.788979 0.189034
vt 0.794736 0.191954
vt 0.796836 0.186951
vt 0.249625 0.010877
vt 0.263154 0.016662
vt 0.184917 0.159441
vt 0.787184 0.461016
vt 0.790083 0.427933
vt 0.801847 0.465938
vt 0.772038 0.458452
vt 0.771060 0.422097
vt 0.237818 0.007092
vt 0.022625 0.822381
vt 0.021691 0.841681
vt 0.014040 0.842066
vt 0.014154 0.822886
vt 0.023641 0.801950
vt 0.048089 0.822225
vt 0.048791 0.802914
vt 0.634481 0.641121
vt 0.633802 0.636280
vt 0.635744 0.641522
vt 0.634068 0.647592
vt 0.632928 0.645466
vt 0.146515 0.790171
vt 0.148919 0.785805
vt 0.148189 0.790730
vt 0.143395 0.788486
vt 0.141091 0.800481
vt 0.526094 0.533426
vt 0.522868 0.539509
vt 0.519100 0.536780
vt 0.531198 0.529436
vt 0.529518 0.535934
vt 0.306059 0.439206
vt 0.305445 0.434990
vt 0.308573 0.438115
vt 0.306429 0.444097
vt 0.305055 0.440449
vt 0.303434 0.436574
vt 0.308849 0.442635
vt 0.209041 0.524015
vt 0.215161 0.522451
vt 0.212723 0.526786
vt 0.208836 0.516855
vt 0.213085 0.516421
vt 0.205101 0.527910
vt 0.203609 0.523604
vt 0.757524 0.108035
vt 0.745140 0.086286
vt 0.759846 0.105271
vt 0.762191 0.111530
vt 0.749942 0.103858
vt 0.754000 0.120801
vt 0.746485 0.118818
vt 0.413249 0.395482
vt 0.411248 0.391123
vt 0.414888 0.393130
vt 0.412883 0.399376
vt 0.409727 0.394929
vt 0.417682 0.396275
vt 0.417529 0.399320
vt 0.585132 0.647050
vt 0.579355 0.641674
vt 0.583158 0.638317
vt 0.576897 0.567840
vt 0.580313 0.562330
vt 0.585132 0.564164
vt 0.195781 0.299196
vt 0.200518 0.298593
vt 0.196051 0.305232
vt 0.571510 0.561820
vt 0.051925 0.465912
vt 0.053969 0.460512
vt 0.059474 0.467948
vt 0.581394 0.570170
vt 0.058536 0.163068
vt 0.074630 0.166180
vt 0.066321 0.194174
vt 0.099700 0.000589
vt 0.049904 0.190118
vt 0.042359 0.160170
vt 0.072838 0.469804
vt 0.075003 0.473897
vt 0.073868 0.474801
vt 0.586676 0.082042
vt 0.585299 0.077476
vt 0.588193 0.081385
vt 0.070965 0.006327
vt 0.072660 0.005792
vt 0.072754 0.010836
vt 0.323394 0.441899
vt 0.326524 0.443151
vt 0.326416 0.444960
vt 0.072754 0.001557
vt 0.074094 0.468726
vt 0.702179 0.105262
vt 0.695536 0.104062
vt 0.701775 0.100300
vt 0.541365 0.566215
vt 0.546258 0.564542
vt 0.547980 0.571043
vt 0.705873 0.101105
vt 0.545228 0.572748
vt 0.535498 0.565451
vt 0.540330 0.563092
vt 0.507974 0.472732
vt 0.504864 0.478599
vt 0.500993 0.473490
vt 0.504094 0.470714
vt 0.517634 0.464310
vt 0.512313 0.473855
vt 0.510705 0.461368
vt 0.508665 0.478797
vt 0.380760 0.175925
vt 0.394221 0.201918
vt 0.374396 0.202898
vt 0.401049 0.172318
vt 0.376630 0.164628
vt 0.394725 0.553494
vt 0.390891 0.535648
vt 0.402927 0.540120
vt 0.365461 0.556639
vt 0.130538 0.344060
vt 0.132995 0.347876
vt 0.130929 0.347878
vt 0.124096 0.342641
vt 0.126675 0.339446
vt 0.126961 0.344978
vt 0.131214 0.340796
vt 0.133125 0.343444
vt 0.233950 0.672259
vt 0.237061 0.676342
vt 0.226546 0.679993
vt 0.239496 0.671398
vt 0.739578 0.766359
vt 0.742587 0.774410
vt 0.735319 0.769025
vt 0.749261 0.765889
vt 0.237005 0.668425
vt 0.223278 0.672239
vt 0.001207 0.303963
vt 0.005934 0.303415
vt 0.000898 0.309448
vt 0.001141 0.297848
vt 0.424243 0.268963
vt 0.426328 0.267753
vt 0.428441 0.271093
vt 0.426884 0.272256
vt 0.421227 0.271481
vt 0.419051 0.269230
vt 0.421610 0.266353
vt 0.052186 0.731711
vt 0.063821 0.736668
vt 0.051383 0.737688
vt 0.063409 0.727900
vt 0.043806 0.701315
vt 0.051200 0.716869
vt 0.048241 0.731745
vt 0.039904 0.703228
vt 0.680244 0.456880
vt 0.668993 0.451314
vt 0.663005 0.443282
vt 0.693619 0.469923
vt 0.681280 0.467505
vt 0.733737 0.322883
vt 0.692601 0.467215
vt 0.104252 0.390038
vt 0.103726 0.391633
vt 0.099428 0.390260
vt 0.245653 0.335562
vt 0.246327 0.337343
vt 0.242118 0.338303
vt 0.241363 0.335136
vt 0.099141 0.388653
vt 0.104041 0.388309
vt 0.241458 0.332260
vt 0.246182 0.334113
vt 0.817406 0.017281
vt 0.835866 0.025813
vt 0.817739 0.025516
vt 0.817850 0.015017
vt 0.835259 0.018272
vt 0.800091 0.012111
vt 0.799544 0.013367
vt 0.787575 0.117189
vt 0.784850 0.120059
vt 0.781190 0.114405
vt 0.790743 0.125564
vt 0.680195 0.339672
vt 0.677648 0.345758
vt 0.675006 0.344037
vt 0.677440 0.338737
vt 0.679037 0.333587
vt 0.685750 0.341543
vt 0.681911 0.333004
vt 0.003929 0.734362
vt 0.004833 0.727693
vt 0.010385 0.727942
vt 0.009606 0.735132
vt 0.184440 0.469456
vt 0.188807 0.450211
vt 0.214366 0.454866
vt 0.032056 0.416531
vt 0.209971 0.475377
vt 0.177383 0.487606
vt 0.801847 0.683071
vt 0.799141 0.685750
vt 0.796252 0.678095
vt 0.310298 0.327607
vt 0.305521 0.327435
vt 0.311241 0.322345
vt 0.692565 0.553343
vt 0.694690 0.548975
vt 0.699081 0.554333
vt 0.306210 0.332988
vt 0.687208 0.548375
vt 0.340424 0.609394
vt 0.347693 0.604125
vt 0.350190 0.610926
vt 0.343858 0.616075
vt 0.338113 0.614332
vt 0.336012 0.602329
vt 0.335445 0.608282
vt 0.268336 0.121318
vt 0.273703 0.123875
vt 0.270160 0.125385
vt 0.266118 0.116263
vt 0.268376 0.116989
vt 0.266305 0.120537
vt 0.273036 0.120648
vt 0.266034 0.122668
vt 0.075415 0.035603
vt 0.075266 0.030714
vt 0.077398 0.033655
vt 0.012765 0.336440
vt 0.015066 0.342054
vt 0.009449 0.338623
vt 0.016212 0.334603
vt 0.499081 0.481418
vt 0.234230 0.095802
vt 0.235291 0.099450
vt 0.232246 0.096126
vt 0.039910 0.080257
vt 0.041795 0.080691
vt 0.041699 0.084313
vt 0.039841 0.084460
vt 0.486716 0.021334
vt 0.466393 0.009619
vt 0.488337 0.009195
vt 0.507410 0.045892
vt 0.488319 0.048080
vt 0.467428 0.022158
vt 0.507888 0.018481
vt 0.253397 0.671758
vt 0.255494 0.666634
vt 0.261645 0.668404
vt 0.246454 0.668111
vt 0.244099 0.674438
vt 0.260609 0.674151
vt 0.252206 0.678455
vt 0.471571 0.298590
vt 0.461045 0.282897
vt 0.481058 0.287039
vt 0.484514 0.322517
vt 0.473719 0.328131
vt 0.445997 0.285119
vt 0.159273 0.621086
vt 0.168396 0.636690
vt 0.138318 0.639895
vt 0.448270 0.297162
vt 0.190556 0.227375
vt 0.183631 0.212929
vt 0.198085 0.218224
vt 0.198678 0.236742
vt 0.185386 0.229632
vt 0.315197 0.774324
vt 0.322756 0.771195
vt 0.316201 0.783056
vt 0.601846 0.071225
vt 0.596935 0.069684
vt 0.600222 0.067771
vt 0.085070 0.456432
vt 0.088602 0.459421
vt 0.086886 0.459312
vt 0.082361 0.457765
vt 0.080021 0.455416
vt 0.086952 0.456042
vt 0.083124 0.453147
vt 0.071706 0.710725
vt 0.074247 0.716280
vt 0.067882 0.713235
vt 0.052406 0.706077
vt 0.062457 0.701042
vt 0.076422 0.700029
vt 0.079152 0.708686
vt 0.069008 0.700949
vt 0.272453 0.728266
vt 0.265907 0.732942
vt 0.263042 0.722195
vt 0.274775 0.732570
vt 0.278634 0.729531
vt 0.276317 0.724742
vt 0.106206 0.022304
vt 0.107945 0.015683
vt 0.110963 0.022402
vt 0.106764 0.028034
vt 0.799228 0.172522
vt 0.800105 0.165390
vt 0.811211 0.171082
vt 0.810236 0.177629
vt 0.798126 0.179041
vt 0.793643 0.173094
vt 0.795545 0.165661
vt 0.721339 0.471698
vt 0.717230 0.509532
vt 0.709366 0.469665
vt 0.768401 0.651664
vt 0.756637 0.647109
vt 0.768525 0.613982
vt 0.704607 0.784820
vt 0.778129 0.657011
vt 0.730462 0.509925
vt 0.143039 0.359257
vt 0.143461 0.363442
vt 0.140279 0.360741
vt 0.139339 0.354785
vt 0.145302 0.362353
vt 0.144371 0.357312
vt 0.146872 0.360917
vt 0.313949 0.594473
vt 0.324891 0.595722
vt 0.313507 0.602422
vt 0.708158 0.545571
vt 0.705567 0.538568
vt 0.711245 0.537310
vt 0.703122 0.546185
vt 0.325543 0.588079
vt 0.705267 0.552159
vt 0.313507 0.585705
vt 0.964633 0.916874
vt 0.964425 0.928756
vt 0.943901 0.920400
vt 0.943988 0.918371
vt 0.965209 0.915272
vt 0.984015 0.920848
vt 0.983028 0.909962
vt 0.048773 0.007380
vt 0.051083 0.006857
vt 0.050928 0.011891
vt 0.048773 0.012384
vt 0.326589 0.449824
vt 0.330938 0.449895
vt 0.330472 0.452383
vt 0.326481 0.452359
vt 0.326523 0.447383
vt 0.323394 0.448265
vt 0.427999 0.001630
vt 0.448670 0.007975
vt 0.251653 0.865258
vt 0.283251 0.897587
vt 0.169058 0.990699
vt 0.461916 0.005992
vt 0.220391 0.854166
vt 0.260740 0.852984
vt 0.256368 0.865593
vt 0.737387 0.398383
vt 0.730233 0.398722
vt 0.731345 0.391692
vt 0.738783 0.391278
vt 0.743024 0.399676
vt 0.740360 0.407551
vt 0.735604 0.406517
vt 0.440324 0.228858
vt 0.437014 0.227445
vt 0.437282 0.225928
vt 0.442719 0.233161
vt 0.439413 0.231265
vt 0.122919 0.349213
vt 0.123390 0.347055
vt 0.126913 0.350357
vt 0.125870 0.353610
vt 0.440881 0.226686
vt 0.619187 0.000111
vt 0.619187 0.164085
vt 0.599009 0.000799
vt 0.187828 0.557509
vt 0.161736 0.549916
vt 0.192980 0.537376
vt 0.581208 0.648498
vt 0.595103 0.661194
vt 0.457256 0.739928
vt 0.182558 0.576903
vt 0.156843 0.569596
vt 0.223886 0.101755
vt 0.229098 0.100548
vt 0.229132 0.103553
vt 0.223781 0.099952
vt 0.092458 0.380093
vt 0.095468 0.384199
vt 0.093522 0.384567
vt 0.224788 0.104242
vt 0.221512 0.103452
vt 0.221180 0.098686
vt 0.445821 0.430969
vt 0.444754 0.434979
vt 0.439713 0.426811
vt 0.035338 0.576767
vt 0.040051 0.576994
vt 0.039300 0.581110
vt 0.036320 0.583381
vt 0.033653 0.580643
vt 0.446573 0.427369
vt 0.450459 0.431198
vt 0.597867 0.513761
vt 0.600009 0.505855
vt 0.601503 0.512372
vt 0.594773 0.508258
vt 0.090079 0.729053
vt 0.086551 0.722688
vt 0.092239 0.724678
vt 0.088340 0.738757
vt 0.084284 0.738457
vt 0.082457 0.732477
vt 0.092295 0.730229
vt 0.235823 0.333831
vt 0.236163 0.329546
vt 0.237471 0.334599
vt 0.237521 0.338313
vt 0.235912 0.337992
vt 0.107068 0.049901
vt 0.112275 0.075595
vt 0.107095 0.078946
vt 0.111332 0.049046
vt 0.106974 0.044457
vt 0.106206 0.077740
vt 0.372466 0.217934
vt 0.357632 0.177287
vt 0.376156 0.176850
vt 0.900917 0.510829
vt 0.376156 0.373834
vt 0.355504 0.217624
vt 0.197702 0.736833
vt 0.201483 0.699279
vt 0.409065 0.390968
vt 0.411479 0.387289
vt 0.407544 0.395193
vt 0.270433 0.579165
vt 0.267440 0.583096
vt 0.261760 0.576622
vt 0.264320 0.572268
vt 0.270894 0.564355
vt 0.273634 0.312495
vt 0.276410 0.310201
vt 0.272859 0.327123
vt 0.290630 0.333751
vt 0.300175 0.332146
vt 0.289699 0.340447
vt 0.286162 0.333617
vt 0.286566 0.325885
vt 0.076960 0.526146
vt 0.085138 0.549106
vt 0.076960 0.549528
vt 0.570512 0.257506
vt 0.567658 0.236349
vt 0.575212 0.257483
vt 0.570357 0.263031
vt 0.533865 0.531796
vt 0.536701 0.542801
vt 0.544790 0.528096
vt 0.542911 0.540549
vt 0.545216 0.500428
vt 0.547980 0.502137
vt 0.546610 0.513371
vt 0.313526 0.438749
vt 0.309673 0.436543
vt 0.311259 0.434682
vt 0.056106 0.059107
vt 0.056141 0.055621
vt 0.059445 0.059020
vt 0.311463 0.440974
vt 0.313848 0.443331
vt 0.058495 0.063061
vt 0.315112 0.435666
vt 0.286981 0.432326
vt 0.292432 0.431045
vt 0.288566 0.434008
vt 0.283474 0.435538
vt 0.284958 0.431459
vt 0.290224 0.428750
vt 0.571748 0.319422
vt 0.580488 0.319393
vt 0.575916 0.323525
vt 0.578572 0.314122
vt 0.567640 0.313634
vt 0.746134 0.124575
vt 0.754676 0.126806
vt 0.745140 0.131408
vt 0.263848 0.689385
vt 0.256618 0.698055
vt 0.750077 0.368370
vt 0.743192 0.368127
vt 0.263631 0.700797
vt 0.428225 0.331428
vt 0.405855 0.307547
vt 0.426268 0.301233
vt 0.475312 0.483740
vt 0.414345 0.343978
vt 0.238052 0.436527
vt 0.238365 0.415693
vt 0.267371 0.415811
vt 0.449942 0.328425
vt 0.438752 0.417290
vt 0.446597 0.422283
vt 0.439275 0.421974
vt 0.052631 0.400230
vt 0.051824 0.404387
vt 0.045721 0.399061
vt 0.047203 0.392679
vt 0.227779 0.579468
vt 0.695160 0.099120
vt 0.067208 0.452272
vt 0.064180 0.457005
vt 0.060923 0.447917
vt 0.070181 0.454272
vt 0.067476 0.459131
vt 0.070098 0.447422
vt 0.590577 0.144721
vt 0.590503 0.158367
vt 0.572340 0.144192
vt 0.573605 0.142784
vt 0.759674 0.329065
vt 0.773984 0.342101
vt 0.746248 0.320852
vt 0.746480 0.308066
vt 0.767278 0.312282
vt 0.633525 0.073732
vt 0.629642 0.076501
vt 0.629554 0.069365
vt 0.635252 0.066507
vt 0.637704 0.071958
vt 0.408109 0.376548
vt 0.404545 0.370771
vt 0.408460 0.368577
vt 0.411736 0.376217
vt 0.394913 0.374182
vt 0.027600 0.705055
vt 0.032433 0.707597
vt 0.021456 0.714019
vt 0.411430 0.382038
vt 0.395911 0.378429
vt 0.154583 0.367007
vt 0.151835 0.369957
vt 0.153607 0.364945
vt 0.156350 0.363754
vt 0.699578 0.533876
vt 0.694459 0.528852
vt 0.699788 0.527901
vt 0.698455 0.539854
vt 0.693150 0.534917
vt 0.707132 0.532026
vt 0.538332 0.381180
vt 0.554957 0.511603
vt 0.512590 0.383574
vt 0.529162 0.377950
vt 0.548236 0.374450
vt 0.560364 0.383421
vt 0.127748 0.205760
vt 0.109229 0.191476
vt 0.131365 0.193013
vt 0.146737 0.209658
vt 0.148501 0.213797
vt 0.108525 0.202487
vt 0.125780 0.210169
vt 0.431131 0.093909
vt 0.429408 0.100654
vt 0.425540 0.095073
vt 0.426423 0.090954
vt 0.431661 0.089265
vt 0.436810 0.091720
vt 0.435548 0.099291
vt 0.277516 0.005357
vt 0.274887 0.006298
vt 0.275648 0.000048
vt 0.278943 0.009461
vt 0.276240 0.010406
vt 0.281218 0.008754
vt 0.279863 0.003329
vt 0.677979 0.755225
vt 0.679036 0.774723
vt 0.649357 0.774697
vt 0.793275 0.864151
vt 0.808039 0.846939
vt 0.798705 0.868009
vt 0.677556 0.734486
vt 0.687298 0.735648
vt 0.648476 0.755193
vt 0.784727 0.883931
vt 0.037138 0.714250
vt 0.037151 0.707355
vt 0.032676 0.715549
vt 0.037111 0.722662
vt 0.271770 0.299681
vt 0.259493 0.297961
vt 0.261601 0.290888
vt 0.276750 0.298806
vt 0.275174 0.304909
vt 0.273229 0.291344
vt 0.278171 0.291397
vt 0.109906 0.160513
vt 0.095259 0.169621
vt 0.445805 0.567140
vt 0.472999 0.550589
vt 0.471320 0.569193
vt 0.444767 0.584747
vt 0.289202 0.569071
vt 0.616310 0.739928
vt 0.619676 0.722753
vt 0.432991 0.205416
vt 0.436971 0.179952
vt 0.457424 0.204269
vt 0.377046 0.360676
vt 0.413126 0.203121
vt 0.447780 0.548201
vt 0.417516 0.174497
vt 0.093543 0.695387
vt 0.096560 0.694790
vt 0.098484 0.700594
vt 0.095511 0.702055
vt 0.088473 0.697902
vt 0.430777 0.245069
vt 0.436242 0.244464
vt 0.436527 0.252097
vt 0.430666 0.252539
vt 0.427463 0.245367
vt 0.310157 0.334594
vt 0.309028 0.331545
vt 0.310310 0.338401
vt 0.310597 0.330687
vt 0.233600 0.201455
vt 0.219132 0.186970
vt 0.236776 0.189482
vt 0.233985 0.205452
vt 0.214695 0.198969
vt 0.254473 0.207046
vt 0.255560 0.204702
vt 0.683941 0.141850
vt 0.686246 0.152527
vt 0.665193 0.143550
vt 0.664115 0.140008
vt 0.683057 0.138025
vt 0.705873 0.148132
vt 0.703933 0.138563
vt 0.558665 0.329417
vt 0.577259 0.337618
vt 0.571770 0.348176
vt 0.754514 0.361744
vt 0.753910 0.349973
vt 0.762063 0.358318
vt 0.757774 0.364442
vt 0.752859 0.368860
vt 0.582374 0.814325
vt 0.585675 0.800904
vt 0.606582 0.813800
vt 0.612995 0.817327
vt 0.584524 0.817327
vt 0.129748 0.602090
vt 0.127134 0.603102
vt 0.139155 0.584176
vt 0.150944 0.592478
vt 0.145327 0.615265
vt 0.233273 0.103163
vt 0.232915 0.099364
vt 0.232644 0.106821
vt 0.235013 0.103584
vt 0.234494 0.107270
vt 0.423275 0.264798
vt 0.069440 0.729992
vt 0.068882 0.738330
vt 0.060416 0.743626
vt 0.461348 0.951895
vt 0.462860 0.929106
vt 0.465006 0.950899
vt 0.459438 0.931015
vt 0.936893 0.151049
vt 0.917024 0.289470
vt 0.917024 0.146772
vt 0.962836 0.158854
vt 0.460555 0.980138
vt 0.257845 0.749216
vt 0.249980 0.747451
vt 0.256203 0.745090
vt 0.262604 0.742706
vt 0.109348 0.008512
vt 0.113186 0.008834
vt 0.111701 0.016417
vt 0.110771 0.001112
vt 0.783001 0.166570
vt 0.788315 0.172860
vt 0.782215 0.173054
vt 0.237655 0.571721
vt 0.234290 0.571692
vt 0.232954 0.566328
vt 0.235948 0.565380
vt 0.241483 0.564336
vt 0.788332 0.166242
vt 0.779631 0.166337
vt 0.788581 0.160225
vt 0.436946 0.438137
vt 0.430324 0.456868
vt 0.428300 0.455839
vt 0.435038 0.437038
vt 0.068965 0.656338
vt 0.070274 0.635232
vt 0.077398 0.655711
vt 0.125385 0.385444
vt 0.123235 0.384953
vt 0.125385 0.365248
vt 0.445815 0.441164
vt 0.059370 0.639380
vt 0.257628 0.305430
vt 0.254775 0.297486
vt 0.256802 0.290368
vt 0.124413 0.284126
vt 0.123088 0.279568
vt 0.125385 0.280155
vt 0.122650 0.284798
vt 0.468824 0.108910
vt 0.466125 0.105605
vt 0.469856 0.106212
vt 0.125385 0.289470
vt 0.473278 0.109906
vt 0.385471 0.683646
vt 0.376172 0.667233
vt 0.387144 0.681036
vt 0.256667 0.752312
vt 0.375410 0.668872
vt 0.392598 0.699192
vt 0.061919 0.055689
vt 0.059535 0.051812
vt 0.061919 0.051858
vt 0.059803 0.055476
vt 0.061836 0.059248
vt 0.226576 0.537593
vt 0.230073 0.541104
vt 0.222858 0.544280
vt 0.226467 0.530131
vt 0.231181 0.535377
vt 0.220044 0.539913
vt 0.220724 0.531990
vt 0.671777 0.027681
vt 0.665993 0.024131
vt 0.675122 0.021583
vt 0.677041 0.025684
vt 0.674528 0.031306
vt 0.669660 0.033411
vt 0.663755 0.031190
vt 0.419004 0.383984
vt 0.422038 0.382918
vt 0.421096 0.387043
vt 0.421174 0.379287
vt 0.417455 0.381516
vt 0.418725 0.388639
vt 0.416114 0.385758
vt 0.217333 0.308261
vt 0.210791 0.317688
vt 0.206965 0.316382
vt 0.174420 0.360676
vt 0.174420 0.345281
vt 0.184938 0.356235
vt 0.206855 0.308279
vt 0.169423 0.711668
vt 0.191300 0.712540
vt 0.182872 0.718895
vt 0.216270 0.302377
vt 0.221359 0.306595
vt 0.196592 0.706236
vt 0.169273 0.706236
vt 0.207325 0.273597
vt 0.211086 0.274619
vt 0.210278 0.281108
vt 0.205125 0.279803
vt 0.197949 0.272946
vt 0.209059 0.266011
vt 0.202461 0.268358
vt 0.585638 0.267257
vt 0.575391 0.268913
vt 0.575719 0.262714
vt 0.585818 0.275110
vt 0.585849 0.259398
vt 0.591561 0.260402
vt 0.525905 0.966172
vt 0.519454 0.984507
vt 0.516282 0.965036
vt 0.843413 0.053130
vt 0.826313 0.062356
vt 0.821905 0.054797
vt 0.826620 0.064550
vt 0.844841 0.054054
vt 0.526082 0.948420
vt 0.527698 0.966424
vt 0.252084 0.732316
vt 0.249630 0.742858
vt 0.245583 0.731964
vt 0.259826 0.739590
vt 0.248024 0.728711
vt 0.250304 0.725134
vt 0.256237 0.727108
vt 0.136068 0.546681
vt 0.129214 0.541227
vt 0.140439 0.541546
vt 0.324472 0.780210
vt 0.139914 0.551076
vt 0.184274 0.204624
vt 0.205658 0.210395
vt 0.132292 0.351597
vt 0.756407 0.409295
vt 0.738145 0.413021
vt 0.739051 0.410309
vt 0.758551 0.402512
vt 0.753298 0.421350
vt 0.773643 0.410354
vt 0.269948 0.594822
vt 0.261436 0.587757
vt 0.269042 0.588322
vt 0.270894 0.602159
vt 0.262119 0.599898
vt 0.262049 0.593925
vt 0.232666 0.419584
vt 0.234935 0.422879
vt 0.233048 0.423346
vt 0.044243 0.012166
vt 0.044069 0.008479
vt 0.046241 0.012384
vt 0.040209 0.008995
vt 0.234613 0.418896
vt 0.039790 0.011631
vt 0.228102 0.421354
vt 0.454905 0.711761
vt 0.459989 0.688542
vt 0.465689 0.706984
vt 0.417268 0.739318
vt 0.458703 0.732836
vt 0.448120 0.691197
vt 0.707169 0.507182
vt 0.733737 0.525876
vt 0.725995 0.525770
vt 0.707544 0.517773
vt 0.307029 0.433142
vt 0.301514 0.431644
vt 0.306663 0.431644
vt 0.234252 0.538924
vt 0.226620 0.550006
vt 0.046251 0.355576
vt 0.055473 0.354662
vt 0.053342 0.366246
vt 0.236466 0.545026
vt 0.668370 0.010333
vt 0.665247 0.013286
vt 0.664794 0.006333
vt 0.671011 0.003979
vt 0.674937 0.007305
vt 0.668623 0.019202
vt 0.322237 0.341388
vt 0.321747 0.339553
vt 0.327286 0.340481
vt 0.321897 0.343249
vt 0.317601 0.341534
vt 0.326787 0.343649
vt 0.220769 0.293188
vt 0.216767 0.293541
vt 0.221359 0.287072
vt 0.221060 0.300962
vt 0.012149 0.268148
vt 0.010813 0.277372
vt 0.002288 0.271806
vt 0.210913 0.259436
vt 0.213620 0.267336
vt 0.206630 0.259428
vt 0.208214 0.251626
vt 0.079153 0.466480
vt 0.079418 0.464624
vt 0.083941 0.467763
vt 0.078995 0.468556
vt 0.075319 0.466645
vt 0.082862 0.470434
vt 0.074979 0.463977
vt 0.122404 0.134933
vt 0.139177 0.144038
vt 0.120347 0.141017
vt 0.108525 0.125659
vt 0.145754 0.000136
vt 0.140324 0.140480
vt 0.043558 0.000633
vt 0.045737 0.000550
vt 0.046108 0.004499
vt 0.044250 0.004851
vt 0.240547 0.323478
vt 0.244631 0.324773
vt 0.243757 0.327229
vt 0.242347 0.329824
vt 0.238895 0.327235
vt 0.037151 0.002352
vt 0.035454 0.006192
vt 0.035454 0.000945
vt 0.039790 0.002538
vt 0.410678 0.364421
vt 0.413024 0.368109
vt 0.410678 0.368416
vt 0.412967 0.364043
vt 0.410872 0.360161
vt 0.359789 0.164069
vt 0.351377 0.163137
vt 0.372033 0.155683
vt 0.341730 0.166593
vt 0.192271 0.684765
vt 0.209180 0.689885
vt 0.245296 0.696191
vt 0.242544 0.690938
vt 0.249681 0.693549
vt 0.250446 0.698133
vt 0.238825 0.693871
vt 0.007949 0.783077
vt 0.019087 0.782733
vt 0.012391 0.803921
vt 0.689534 0.016821
vt 0.709998 0.017531
vt 0.699930 0.027912
vt 0.011085 0.803924
vt 0.004829 0.783935
vt 0.025928 0.767920
vt 0.000823 0.763641
vt 0.161907 0.321014
vt 0.167827 0.308111
vt 0.167115 0.340035
vt 0.145280 0.330346
vt 0.156918 0.333852
vt 0.421825 0.246484
vt 0.427658 0.251902
vt 0.422433 0.250641
vt 0.421071 0.242193
vt 0.340247 0.353922
vt 0.338543 0.349771
vt 0.340345 0.349589
vt 0.341631 0.358891
vt 0.337966 0.354098
vt 0.341829 0.353564
vt 0.200246 0.186349
vt 0.220897 0.159632
vt 0.199214 0.163518
vt 0.059151 0.356793
vt 0.060669 0.347899
vt 0.063471 0.349897
vt 0.057078 0.364809
vt 0.678829 0.018158
vt 0.682071 0.014333
vt 0.680506 0.022488
vt 0.676920 0.010679
vt 0.739626 0.792982
vt 0.732551 0.793185
vt 0.733944 0.785377
vt 0.744637 0.796574
vt 0.735776 0.800477
vt 0.739911 0.784914
vt 0.747215 0.787269
vt 0.102170 0.384324
vt 0.103328 0.386122
vt 0.098554 0.386558
vt 0.097309 0.385003
vt 0.101052 0.382773
vt 0.107522 0.384272
vt 0.026435 0.589060
vt 0.032295 0.586334
vt 0.029954 0.593558
vt 0.023218 0.597441
vt 0.030451 0.583458
vt 0.581775 0.287640
vt 0.571075 0.288919
vt 0.573438 0.283478
vt 0.585211 0.280220
vt 0.586736 0.284212
vt 0.545508 0.004026
vt 0.540511 0.007435
vt 0.536334 0.001053
vt 0.552074 0.005063
vt 0.435472 0.105837
vt 0.429333 0.107891
vt 0.423599 0.101783
vt 0.289555 0.423600
vt 0.285792 0.421950
vt 0.291156 0.422406
vt 0.292554 0.425915
vt 0.287254 0.427199
vt 0.284362 0.425755
vt 0.294734 0.424965
vt 0.067546 0.512799
vt 0.074302 0.528635
vt 0.049874 0.512685
vt 0.885470 0.517500
vt 0.902416 0.512481
vt 0.916827 0.514482
vt 0.764587 0.702666
vt 0.763805 0.696973
vt 0.771735 0.692105
vt 0.882212 0.522235
vt 0.781724 0.704325
vt 0.320983 0.324614
vt 0.321780 0.322578
vt 0.325501 0.324412
vt 0.317601 0.323691
vt 0.324198 0.326033
vt 0.319471 0.327924
vt 0.030838 0.384973
vt 0.034424 0.385604
vt 0.426666 0.289269
vt 0.409702 0.287094
vt 0.278104 0.431678
vt 0.277567 0.412739
vt 0.281189 0.415040
vt 0.403322 0.289627
vt 0.344896 0.764705
vt 0.342565 0.759261
vt 0.346745 0.759795
vt 0.344035 0.771267
vt 0.341313 0.765299
vt 0.088347 0.463931
vt 0.089782 0.464229
vt 0.089782 0.467935
vt 0.087937 0.468045
vt 0.084260 0.464633
vt 0.083723 0.460652
vt 0.742783 0.806173
vt 0.752048 0.802107
vt 0.751797 0.808039
vt 0.096108 0.731845
vt 0.095190 0.726502
vt 0.094586 0.740402
vt 0.733492 0.808039
vt 0.072805 0.462358
vt 0.070998 0.466103
vt 0.075134 0.458358
vt 0.591324 0.183892
vt 0.572961 0.158464
vt 0.754621 0.283260
vt 0.773984 0.286177
vt 0.013872 0.745323
vt 0.015388 0.738997
vt 0.018842 0.747580
vt 0.794414 0.158128
vt 0.799992 0.157893
vt 0.006807 0.741808
vt 0.126933 0.556928
vt 0.117735 0.560364
vt 0.117774 0.540795
vt 0.118949 0.540548
vt 0.440015 0.462602
vt 0.421862 0.473678
vt 0.633055 0.009226
vt 0.636385 0.012380
vt 0.631309 0.016004
vt 0.630283 0.003922
vt 0.637028 0.005285
vt 0.629270 0.010733
vt 0.626227 0.003634
vt 0.463877 0.101814
vt 0.464331 0.098569
vt 0.466744 0.103504
vt 0.227020 0.429745
vt 0.224074 0.430408
vt 0.228017 0.427914
vt 0.232817 0.430952
vt 0.228981 0.432241
vt 0.532519 0.000652
vt 0.535277 0.007633
vt 0.567658 0.289470
vt 0.568839 0.283801
vt 0.334885 0.448624
vt 0.334984 0.452541
vt 0.335047 0.444647
vt 0.337163 0.448673
vt 0.330644 0.447214
vt 0.336857 0.452538
vt 0.330998 0.444860
vt 0.030959 0.326167
vt 0.025553 0.335522
vt 0.020904 0.331857
vt 0.729483 0.481677
vt 0.729465 0.472651
vt 0.732817 0.475533
vt 0.524661 0.480409
vt 0.513493 0.477891
vt 0.522905 0.472235
vt 0.529405 0.480494
vt 0.739862 0.482966
vt 0.725924 0.480281
vt 0.235679 0.531394
vt 0.232479 0.527830
vt 0.236044 0.523612
vt 0.244045 0.527753
vt 0.244355 0.535497
vt 0.233047 0.533749
vt 0.237232 0.537425
vt 0.240448 0.525367
vt 0.435017 0.238387
vt 0.434440 0.233727
vt 0.437308 0.232746
vt 0.080494 0.001543
vt 0.080410 0.006455
vt 0.077321 0.000759
vt 0.043835 0.400830
vt 0.038469 0.401378
vt 0.040994 0.398778
vt 0.042168 0.403621
vt 0.431496 0.238365
vt 0.439480 0.236386
vt 0.150029 0.548339
vt 0.144991 0.566788
vt 0.143373 0.562264
vt 0.152885 0.532065
vt 0.166190 0.529580
vt 0.000365 0.337457
vt 0.007130 0.334414
vt 0.069659 0.411759
vt 0.063503 0.407151
vt 0.056476 0.378005
vt 0.275243 0.021672
vt 0.415760 0.260019
vt 0.419928 0.262328
vt 0.414933 0.261986
vt 0.274487 0.019283
vt 0.779709 0.182168
vt 0.781549 0.177754
vt 0.778022 0.176060
vt 0.780851 0.189752
vt 0.776578 0.185519
vt 0.776070 0.180482
vt 0.237835 0.587510
vt 0.234588 0.582094
vt 0.534362 0.556390
vt 0.526467 0.557130
vt 0.528063 0.554182
vt 0.540267 0.555158
vt 0.534940 0.550964
vt 0.530101 0.560002
vt 0.981411 0.287005
vt 0.938971 0.289312
vt 0.981239 0.270266
vt 0.336211 0.001545
vt 0.352937 0.159441
vt 0.318875 0.004372
vt 0.980939 0.304529
vt 0.939158 0.307096
vt 0.352937 0.000284
vt 0.622893 0.011780
vt 0.620912 0.007977
vt 0.124364 0.499981
vt 0.122671 0.495840
vt 0.128828 0.499140
vt 0.129186 0.505766
vt 0.125420 0.506136
vt 0.118473 0.503667
vt 0.118003 0.499548
vt 0.323308 0.222137
vt 0.310366 0.183992
vt 0.325210 0.180934
vt 0.307803 0.225365
vt 0.339460 0.219919
vt 0.678484 0.329292
vt 0.671220 0.328090
vt 0.677559 0.325001
vt 0.671607 0.332293
vt 0.682291 0.327809
vt 0.001466 0.724080
vt 0.004935 0.722100
vt 0.256647 0.570881
vt 0.760756 0.462742
vt 0.759239 0.472077
vt 0.754754 0.468547
vt 0.260758 0.567602
vt 0.757403 0.458741
vt 0.764696 0.466926
vt 0.252279 0.576731
vt 0.126933 0.482830
vt 0.111531 0.499813
vt 0.109782 0.498697
vt 0.034705 0.203892
vt 0.042329 0.357581
vt 0.016453 0.215919
vt 0.035442 0.201685
vt 0.054679 0.207678
vt 0.022090 0.206188
vt 0.931019 0.989364
vt 0.948318 0.982440
vt 0.948765 0.986157
vt 0.928686 0.979272
vt 0.653083 0.830152
vt 0.653124 0.853850
vt 0.641905 0.848512
vt 0.641766 0.833664
vt 0.662790 0.810592
vt 0.657559 0.831024
vt 0.080629 0.405948
vt 0.078542 0.408847
vt 0.076427 0.402176
vt 0.045480 0.068111
vt 0.045480 0.056696
vt 0.051083 0.056866
vt 0.079616 0.398086
vt 0.084837 0.401272
vt 0.091330 0.410211
vt 0.518284 0.554829
vt 0.507738 0.550833
vt 0.521128 0.553199
vt 0.497008 0.466960
vt 0.487969 0.467301
vt 0.490130 0.463785
vt 0.494715 0.470445
vt 0.503674 0.457974
vt 0.497976 0.453972
vt 0.285099 0.437365
vt 0.289329 0.437408
vt 0.285927 0.439353
vt 0.063882 0.041434
vt 0.068325 0.042270
vt 0.064725 0.043947
vt 0.289385 0.435646
vt 0.280696 0.439623
vt 0.107238 0.196748
vt 0.108358 0.222687
vt 0.102235 0.195425
vt 0.102749 0.190115
vt 0.107422 0.190687
vt 0.326939 0.333034
vt 0.333508 0.333375
vt 0.329431 0.335509
vt 0.324069 0.335403
vt 0.322350 0.334456
vt 0.325082 0.330865
vt 0.000731 0.284779
vt 0.000365 0.278613
vt 0.004794 0.278908
vt 0.004677 0.284929
vt 0.000787 0.291235
vt 0.457424 0.181495
vt 0.087289 0.198348
vt 0.590194 0.069267
vt 0.588799 0.068633
vt 0.592970 0.065884
vt 0.586836 0.072291
vt 0.595265 0.067540
vt 0.588357 0.072874
vt 0.592068 0.070874
vt 0.701051 0.093781
vt 0.188852 0.345723
vt 0.209788 0.328472
vt 0.765911 0.001939
vt 0.782016 0.009473
vt 0.780263 0.020405
vt 0.709564 0.314813
vt 0.727494 0.313908
vt 0.726699 0.315653
vt 0.691399 0.315821
vt 0.708876 0.304427
vt 0.710040 0.316125
vt 0.694858 0.326736
vt 0.316363 0.655645
vt 0.314922 0.675870
vt 0.305541 0.674958
vt 0.329717 0.647679
vt 0.318354 0.657193
vt 0.418471 0.086686
vt 0.418471 0.067414
vt 0.421047 0.068114
vt 0.306435 0.652934
vt 0.321621 0.643071
vt 0.741760 0.608009
vt 0.748463 0.595498
vt 0.756335 0.611089
vt 0.744328 0.643175
vt 0.730619 0.640374
vt 0.716442 0.609549
vt 0.735465 0.588316
vt 0.417305 0.367202
vt 0.416677 0.364104
vt 0.139406 0.368768
vt 0.139502 0.365546
vt 0.141541 0.364568
vt 0.142689 0.368587
vt 0.420643 0.366829
vt 0.139642 0.373060
vt 0.700371 0.552082
vt 0.702911 0.555952
vt 0.695894 0.544762
vt 0.947319 0.971425
vt 0.969805 0.980994
vt 0.971487 0.978531
vt 0.332519 0.355768
vt 0.329209 0.353142
vt 0.333090 0.354264
vt 0.336930 0.356542
vt 0.331833 0.357347
vt 0.336343 0.358527
vt 0.018356 0.336277
vt 0.510202 0.480740
vt 0.403730 0.518260
vt 0.400393 0.516438
vt 0.405326 0.541565
vt 0.546432 0.498491
vt 0.430642 0.229289
vt 0.428852 0.227998
vt 0.432348 0.224981
vt 0.044891 0.390252
vt 0.041614 0.393274
vt 0.433263 0.229846
vt 0.043592 0.388285
vt 0.428851 0.233216
vt 0.234702 0.688878
vt 0.243185 0.679405
vt 0.232312 0.692363
vt 0.228180 0.687323
vt 0.185673 0.679149
vt 0.181904 0.659263
vt 0.186436 0.659298
vt 0.189552 0.697659
vt 0.185068 0.698694
vt 0.189887 0.678674
vt 0.177834 0.679087
vt 0.271743 0.010738
vt 0.272924 0.004149
vt 0.274433 0.010826
vt 0.543078 0.033589
vt 0.541290 0.028208
vt 0.546011 0.024373
vt 0.535623 0.061349
vt 0.532519 0.061919
vt 0.547969 0.031364
vt 0.631601 0.414876
vt 0.634188 0.414721
vt 0.641459 0.431313
vt 0.634960 0.439567
vt 0.621955 0.421801
vt 0.177252 0.143490
vt 0.160948 0.143394
vt 0.178016 0.140974
vt 0.177487 0.156386
vt 0.238695 0.322052
vt 0.237259 0.325871
vt 0.128793 0.028247
vt 0.121749 0.025247
vt 0.128237 0.020804
vt 0.142751 0.510285
vt 0.134692 0.504219
vt 0.143780 0.502138
vt 0.134829 0.511177
vt 0.140705 0.517433
vt 0.122724 0.033694
vt 0.130029 0.037188
vt 0.267712 0.842215
vt 0.250706 0.860670
vt 0.153066 0.765624
vt 0.276938 0.825315
vt 0.271133 0.842201
vt 0.281129 0.826420
vt 0.311141 0.342879
vt 0.308563 0.342421
vt 0.311141 0.346745
vt 0.257287 0.191449
vt 0.240776 0.161725
vt 0.260043 0.163499
vt 0.266387 0.205278
vt 0.270120 0.187070
vt 0.200136 0.515473
vt 0.202791 0.494910
vt 0.214781 0.494692
vt 0.392784 0.976790
vt 0.375130 0.845432
vt 0.409490 0.973219
vt 0.375130 0.978315
vt 0.018451 0.197271
vt 0.018947 0.181002
vt 0.023084 0.181478
vt 0.978316 0.019865
vt 0.974564 0.019567
vt 0.977944 0.002467
vt 0.020631 0.198140
vt 0.569807 0.270070
vt 0.574998 0.276256
vt 0.601836 0.857574
vt 0.469673 0.816875
vt 0.460849 0.813541
vt 0.469293 0.802265
vt 0.509281 0.817327
vt 0.474544 0.984507
vt 0.801010 0.812327
vt 0.807870 0.801550
vt 0.818388 0.816332
vt 0.811328 0.845006
vt 0.794352 0.841551
vt 0.783249 0.807909
vt 0.787205 0.793680
vt 0.335641 0.780475
vt 0.341688 0.777295
vt 0.343730 0.783356
vt 0.122486 0.532123
vt 0.128403 0.526185
vt 0.130167 0.532784
vt 0.329505 0.777262
vt 0.334320 0.771915
vt 0.330654 0.786367
vt 0.778878 0.172063
vt 0.287922 0.038695
vt 0.287922 0.205880
vt 0.268624 0.041123
vt 0.000982 0.030425
vt 0.003614 0.001268
vt 0.020920 0.030255
vt 0.094763 0.550342
vt 0.093710 0.522525
vt 0.109552 0.537040
vt 0.000982 0.198140
vt 0.747668 0.515473
vt 0.731046 0.505371
vt 0.747668 0.481442
vt 0.274442 0.283621
vt 0.263091 0.283856
vt 0.263054 0.278068
vt 0.280007 0.283819
vt 0.272808 0.273563
vt 0.281730 0.278211
vt 0.462917 0.094191
vt 0.467280 0.097122
vt 0.468075 0.101640
vt 0.233172 0.434490
vt 0.144555 0.808039
vt 0.139424 0.804378
vt 0.146381 0.803715
vt 0.152130 0.804676
vt 0.387547 0.368967
vt 0.391059 0.376792
vt 0.383988 0.362135
vt 0.392932 0.367120
vt 0.218196 0.319197
vt 0.222540 0.321592
vt 0.216330 0.326427
vt 0.224455 0.313451
vt 0.212001 0.324664
vt 0.266250 0.441171
vt 0.258183 0.438053
vt 0.265186 0.436601
vt 0.011249 0.365403
vt 0.009192 0.360700
vt 0.018766 0.363526
vt 0.020537 0.368416
vt 0.024643 0.191636
vt 0.026155 0.192379
vt 0.026315 0.195744
vt 0.024069 0.195806
vt 0.025496 0.187522
vt 0.645536 0.141302
vt 0.645679 0.144207
vt 0.626919 0.142614
vt 0.648187 0.001354
vt 0.916407 0.471412
vt 0.934972 0.468242
vt 0.934972 0.611447
vt 0.773053 0.116991
vt 0.778796 0.118287
vt 0.771117 0.129572
vt 0.773132 0.112181
vt 0.766100 0.126295
vt 0.767121 0.113997
vt 0.408665 0.399033
vt 0.407074 0.399317
vt 0.062691 0.470582
vt 0.064415 0.464831
vt 0.578032 0.637692
vt 0.573592 0.641817
vt 0.572048 0.634218
vt 0.575129 0.630260
vt 0.581344 0.634371
vt 0.650288 0.719602
vt 0.655904 0.692827
vt 0.662630 0.712450
vt 0.641568 0.696991
vt 0.485274 0.548635
vt 0.375098 0.382278
vt 0.374608 0.379715
vt 0.378952 0.380859
vt 0.378469 0.383538
vt 0.375144 0.383696
vt 0.076703 0.472253
vt 0.617911 0.472606
vt 0.610787 0.485191
vt 0.603897 0.454054
vt 0.632906 0.480414
vt 0.625025 0.490206
vt 0.422990 0.084076
vt 0.425623 0.084272
vt 0.421696 0.090346
vt 0.282871 0.006594
vt 0.285722 0.009704
vt 0.652001 0.366444
vt 0.631153 0.201741
vt 0.671818 0.362878
vt 0.276736 0.672769
vt 0.274108 0.651422
vt 0.631153 0.368416
vt 0.276580 0.695450
vt 0.032874 0.739509
vt 0.036918 0.733996
vt 0.037151 0.740707
vt 0.031920 0.733173
vt 0.684040 0.594420
vt 0.679763 0.592932
vt 0.684430 0.566857
vt 0.691941 0.583825
vt 0.028176 0.750473
vt 0.020446 0.739748
vt 0.034485 0.752312
vt 0.751486 0.055899
vt 0.709204 0.208976
vt 0.732036 0.055834
vt 0.733035 0.025562
vt 0.752174 0.019538
vt 0.770888 0.055799
vt 0.396280 0.157867
vt 0.376752 0.160989
vt 0.376752 0.000471
vt 0.312390 0.314723
vt 0.738739 0.384106
vt 0.743024 0.385050
vt 0.731517 0.384742
vt 0.317677 0.322079
vt 0.318881 0.315522
vt 0.156701 0.774363
vt 0.151935 0.779267
vt 0.151884 0.773815
vt 0.360233 0.606879
vt 0.366262 0.606185
vt 0.363530 0.615072
vt 0.367440 0.601867
vt 0.353772 0.607707
vt 0.360969 0.600706
vt 0.356572 0.616259
vt 0.328701 0.457732
vt 0.330272 0.455403
vt 0.332344 0.459337
vt 0.276438 0.123223
vt 0.277086 0.125142
vt 0.326013 0.454342
vt 0.741742 0.477633
vt 0.750018 0.475563
vt 0.745323 0.481648
vt 0.734883 0.468126
vt 0.746298 0.471398
vt 0.029926 0.339080
vt 0.063571 0.335807
vt 0.064017 0.342435
vt 0.053154 0.341408
vt 0.067933 0.333945
vt 0.171699 0.362224
vt 0.160488 0.359834
vt 0.167729 0.356446
vt 0.173372 0.352596
vt 0.245409 0.540775
vt 0.069659 0.325798
vt 0.035351 0.398681
vt 0.038543 0.396249
vt 0.033936 0.400036
vt 0.031603 0.396633
vt 0.033450 0.395407
vt 0.102166 0.714084
vt 0.093842 0.712534
vt 0.098356 0.708691
vt 0.750802 0.146468
vt 0.756196 0.148808
vt 0.753471 0.154356
vt 0.098487 0.718592
vt 0.747430 0.151250
vt 0.752533 0.143434
vt 0.745537 0.142285
vt 0.070193 0.469895
vt 0.027863 0.395919
vt 0.026312 0.397118
vt 0.023057 0.374793
vt 0.267798 0.718257
vt 0.255898 0.701931
vt 0.738663 0.380978
vt 0.730189 0.370280
vt 0.305090 0.511674
vt 0.309594 0.490726
vt 0.306346 0.513180
vt 0.441852 0.674375
vt 0.396874 0.674053
vt 0.435443 0.654800
vt 0.701063 0.082956
vt 0.696694 0.078449
vt 0.705873 0.075776
vt 0.703411 0.089138
vt 0.074694 0.377771
vt 0.080380 0.386488
vt 0.072601 0.384263
vt 0.083192 0.378301
vt 0.283280 0.871210
vt 0.286805 0.896365
vt 0.274009 0.882132
vt 0.268227 0.864428
vt 0.076643 0.647050
vt 0.076643 0.613731
vt 0.091330 0.623239
vt 0.294807 0.883967
vt 0.292125 0.845717
vt 0.309593 0.862626
vt 0.475975 0.100087
vt 0.475447 0.104311
vt 0.474115 0.099884
vt 0.476515 0.095770
vt 0.479870 0.096492
vt 0.477340 0.100788
vt 0.569305 0.291982
vt 0.571186 0.300552
vt 0.566133 0.294986
vt 0.575382 0.296239
vt 0.049834 0.078946
vt 0.045836 0.078564
vt 0.051083 0.072418
vt 0.301949 0.588858
vt 0.279619 0.599639
vt 0.285462 0.590917
vt 0.292147 0.581720
vt 0.306262 0.592152
vt 0.303297 0.599398
vt 0.752312 0.774386
vt 0.746296 0.782629
vt 0.311141 0.590505
vt 0.296210 0.574687
vt 0.580324 0.548974
vt 0.580681 0.556486
vt 0.573673 0.551300
vt 0.572876 0.543875
vt 0.579112 0.541613
vt 0.586282 0.544789
vt 0.587841 0.552340
vt 0.025836 0.578628
vt 0.028942 0.575844
vt 0.554541 0.035982
vt 0.558929 0.032061
vt 0.545877 0.048616
vt 0.512152 0.539241
vt 0.508561 0.544882
vt 0.505320 0.541872
vt 0.514375 0.542981
vt 0.246535 0.331691
vt 0.098692 0.392613
vt 0.250519 0.333904
vt 0.122368 0.043628
vt 0.111185 0.042284
vt 0.120748 0.054179
vt 0.129610 0.046555
vt 0.792844 0.907512
vt 0.795539 0.904856
vt 0.798983 0.925684
vt 0.783829 0.927124
vt 0.780873 0.904029
vt 0.795127 0.887466
vt 0.021418 0.722600
vt 0.020823 0.718572
vt 0.032375 0.727552
vt 0.020749 0.731897
vt 0.015522 0.723405
vt 0.074683 0.212060
vt 0.056719 0.206025
vt 0.078520 0.210595
vt 0.094519 0.219126
vt 0.051332 0.052631
vt 0.049823 0.049722
vt 0.057886 0.047604
vt 0.701642 0.472796
vt 0.693097 0.505660
vt 0.265965 0.212586
vt 0.272688 0.217865
vt 0.265824 0.216722
vt 0.228797 0.521418
vt 0.224679 0.522773
vt 0.566097 0.303380
vt 0.559011 0.298333
vt 0.562524 0.297093
vt 0.570907 0.305045
vt 0.564685 0.308205
vt 0.560684 0.305550
vt 0.251278 0.682721
vt 0.265455 0.674712
vt 0.340637 0.771357
vt 0.345009 0.777355
vt 0.602159 0.067481
vt 0.598095 0.065121
vt 0.599735 0.064811
vt 0.085045 0.452758
vt 0.085897 0.713100
vt 0.089296 0.720422
vt 0.083141 0.715744
vt 0.090315 0.705337
vt 0.082245 0.705982
vt 0.259161 0.718549
vt 0.251122 0.719071
vt 0.255421 0.714588
vt 0.061210 0.438486
vt 0.064857 0.442571
vt 0.056223 0.445392
vt 0.266485 0.717620
vt 0.253289 0.722730
vt 0.051925 0.442447
vt 0.182660 0.000946
vt 0.182063 0.162537
vt 0.164156 0.000946
vt 0.773153 0.130836
vt 0.573108 0.183495
vt 0.812466 0.165281
vt 0.809770 0.156416
vt 0.729868 0.799374
vt 0.728587 0.793329
vt 0.727873 0.799680
vt 0.150177 0.359296
vt 0.149786 0.363481
vt 0.152023 0.358321
vt 0.147728 0.358617
vt 0.148603 0.355400
vt 0.420310 0.095866
vt 0.794370 0.656907
vt 0.792774 0.662899
vt 0.791535 0.657136
vt 0.689381 0.533869
vt 0.520542 0.324694
vt 0.526812 0.364541
vt 0.496580 0.330494
vt 0.514416 0.313178
vt 0.544134 0.317587
vt 0.493711 0.317467
vt 0.548201 0.362169
vt 0.460009 0.911912
vt 0.470083 0.909262
vt 0.473515 0.927553
vt 0.241220 0.726593
vt 0.247375 0.724020
vt 0.441906 0.103096
vt 0.238006 0.719919
vt 0.243840 0.719775
vt 0.237258 0.727860
vt 0.072754 0.035440
vt 0.072302 0.039413
vt 0.070402 0.035101
vt 0.143428 0.372106
vt 0.303320 0.169985
vt 0.296059 0.184643
vt 0.420543 0.049502
vt 0.438324 0.060150
vt 0.417624 0.061018
vt 0.048076 0.624258
vt 0.057031 0.619120
vt 0.438861 0.050043
vt 0.056323 0.639973
vt 0.045792 0.624932
vt 0.420756 0.047057
vt 0.726714 0.012103
vt 0.745805 0.007031
vt 0.747541 0.010152
vt 0.620485 0.885757
vt 0.712065 0.999987
vt 0.604971 0.898658
vt 0.635973 0.875650
vt 0.730013 0.014882
vt 0.708738 0.014553
vt 0.928227 0.057457
vt 0.925559 0.040402
vt 0.966055 0.037824
vt 0.457876 0.873054
vt 0.308330 0.820523
vt 0.462861 0.856196
vt 0.968983 0.055829
vt 0.931288 0.075481
vt 0.184917 0.000934
vt 0.203524 0.001553
vt 0.384846 0.376820
vt 0.382322 0.373528
vt 0.384280 0.372854
vt 0.385444 0.381218
vt 0.382565 0.377204
vt 0.303888 0.342840
vt 0.308461 0.346035
vt 0.304131 0.346195
vt 0.300831 0.345542
vt 0.338190 0.345141
vt 0.336768 0.349830
vt 0.300888 0.340673
vt 0.270120 0.000515
vt 0.687466 0.180418
vt 0.665820 0.153037
vt 0.705873 0.180648
vt 0.551876 0.344815
vt 0.565395 0.382626
vt 0.751262 0.346199
vt 0.678821 0.001237
vt 0.761308 0.344979
vt 0.754524 0.344019
vt 0.275403 0.603707
vt 0.275403 0.570838
vt 0.228369 0.097008
vt 0.438752 0.432192
vt 0.560823 0.015688
vt 0.555452 0.017511
vt 0.553106 0.008136
vt 0.562394 0.022946
vt 0.559162 0.007039
vt 0.566269 0.013273
vt 0.568298 0.019988
vt 0.051903 0.006505
vt 0.049823 0.000093
vt 0.055762 0.004341
vt 0.058759 0.011196
vt 0.054048 0.013470
vt 0.245769 0.712579
vt 0.240014 0.712886
vt 0.240678 0.709630
vt 0.252046 0.707492
vt 0.245218 0.708297
vt 0.517684 0.143516
vt 0.532694 0.175620
vt 0.511808 0.179214
vt 0.460301 0.626456
vt 0.435535 0.621137
vt 0.468535 0.603911
vt 0.536147 0.149657
vt 0.479049 0.605047
vt 0.470665 0.631571
vt 0.525883 0.134690
vt 0.264702 0.228076
vt 0.255292 0.232195
vt 0.255292 0.209929
vt 0.686552 0.089782
vt 0.686552 0.052760
vt 0.704325 0.065354
vt 0.439623 0.088234
vt 0.303492 0.636981
vt 0.673681 0.645549
vt 0.666522 0.613947
vt 0.687721 0.642984
vt 0.258135 0.283369
vt 0.258762 0.277826
vt 0.234904 0.434171
vt 0.235076 0.430718
vt 0.235291 0.438075
vt 0.669391 0.515434
vt 0.692080 0.518782
vt 0.653136 0.654790
vt 0.652797 0.511914
vt 0.655715 0.509902
vt 0.676258 0.514526
vt 0.219431 0.524771
vt 0.217299 0.514312
vt 0.221150 0.520145
vt 0.659919 0.021757
vt 0.422937 0.391218
vt 0.424143 0.395330
vt 0.421398 0.392218
vt 0.438442 0.218752
vt 0.438935 0.220650
vt 0.435008 0.221374
vt 0.424143 0.387146
vt 0.442719 0.218973
vt 0.041795 0.674355
vt 0.020607 0.678126
vt 0.000641 0.528558
vt 0.288498 0.346544
vt 0.280988 0.366103
vt 0.284847 0.344820
vt 0.428787 0.410696
vt 0.283702 0.366254
vt 0.041621 0.677203
vt 0.079376 0.462636
vt 0.608795 0.510606
vt 0.595056 0.464046
vt 0.629357 0.505382
vt 0.925306 0.288739
vt 0.927865 0.271639
vt 0.927699 0.289035
vt 0.326060 0.856283
vt 0.373060 0.981412
vt 0.310608 0.864116
vt 0.924952 0.271452
vt 0.924952 0.306569
vt 0.342907 0.851048
vt 0.277643 0.014312
vt 0.046467 0.738675
vt 0.049393 0.744842
vt 0.043347 0.746133
vt 0.015156 0.730626
vt 0.218334 0.436158
vt 0.189781 0.429277
vt 0.793328 0.683307
vt 0.153714 0.790281
vt 0.153367 0.801202
vt 0.349694 0.601209
vt 0.152002 0.786493
vt 0.266034 0.112927
vt 0.015967 0.358054
vt 0.022378 0.362482
vt 0.013095 0.355018
vt 0.628002 0.360476
vt 0.388130 0.499540
vt 0.389672 0.480718
vt 0.633498 0.063392
vt 0.626600 0.065795
vt 0.630265 0.057612
vt 0.634220 0.055006
vt 0.638450 0.063133
vt 0.266317 0.667721
vt 0.728227 0.787269
vt 0.724330 0.785119
vt 0.727037 0.780869
vt 0.732829 0.778604
vt 0.724784 0.791124
vt 0.232271 0.109977
vt 0.233766 0.110970
vt 0.232697 0.114474
vt 0.228826 0.106402
vt 0.077355 0.721811
vt 0.070590 0.719159
vt 0.268754 0.736884
vt 0.096414 0.501288
vt 0.068172 0.490680
vt 0.093028 0.483527
vt 0.105217 0.480151
vt 0.067381 0.511490
vt 0.835903 0.051170
vt 0.047373 0.841817
vt 0.473285 0.095671
vt 0.472155 0.100001
vt 0.470301 0.095700
vt 0.642407 0.640156
vt 0.635179 0.637670
vt 0.473253 0.092475
vt 0.478066 0.092803
vt 0.625379 0.567290
vt 0.618237 0.568148
vt 0.623165 0.565050
vt 0.620516 0.571356
vt 0.605255 0.511274
vt 0.604527 0.504878
vt 0.737386 0.175119
vt 0.731228 0.170913
vt 0.736438 0.166257
vt 0.741436 0.170654
vt 0.737701 0.181027
vt 0.732928 0.176979
vt 0.741129 0.179600
vt 0.308471 0.448814
vt 0.308164 0.446953
vt 0.311756 0.445594
vt 0.305410 0.450458
vt 0.312657 0.447112
vt 0.212825 0.542700
vt 0.214156 0.547524
vt 0.206006 0.543439
vt 0.207144 0.533928
vt 0.214686 0.533123
vt 0.413425 0.388392
vt 0.061378 0.462343
vt 0.651372 0.672314
vt 0.654570 0.672871
vt 0.613058 0.554128
vt 0.607783 0.550731
vt 0.612326 0.548229
vt 0.619543 0.552893
vt 0.614104 0.559077
vt 0.619088 0.548551
vt 0.333955 0.365320
vt 0.332760 0.363817
vt 0.337637 0.361919
vt 0.527121 0.462028
vt 0.523324 0.466212
vt 0.520555 0.460155
vt 0.528560 0.471243
vt 0.172716 0.345244
vt 0.167792 0.347023
vt 0.172166 0.338678
vt 0.435736 0.229053
vt 0.240984 0.664845
vt 0.730712 0.772016
vt 0.724790 0.774321
vt 0.727715 0.766502
vt 0.593053 0.555734
vt 0.592635 0.562340
vt 0.586693 0.560346
vt 0.591284 0.545113
vt 0.599008 0.553025
vt 0.014839 0.293009
vt 0.005313 0.291486
vt 0.598826 0.564386
vt 0.311602 0.432270
vt 0.415347 0.280116
vt 0.415095 0.278554
vt 0.420723 0.280182
vt 0.410239 0.280182
vt 0.386156 0.659114
vt 0.373096 0.646962
vt 0.419676 0.620908
vt 0.425785 0.631252
vt 0.430981 0.644284
vt 0.655226 0.440131
vt 0.664885 0.460699
vt 0.248709 0.328361
vt 0.247227 0.322597
vt 0.252065 0.331512
vt 0.247777 0.329995
vt 0.249837 0.327570
vt 0.787872 0.054414
vt 0.835903 0.198140
vt 0.773071 0.058230
vt 0.761054 0.019174
vt 0.800155 0.050619
vt 0.287157 0.808951
vt 0.297902 0.812386
vt 0.291316 0.791140
vt 0.300986 0.792883
vt 0.284009 0.807395
vt 0.928780 0.770888
vt 0.899963 0.765358
vt 0.928780 0.623082
vt 0.928780 0.318207
vt 0.924040 0.465938
vt 0.898408 0.318207
vt 0.684202 0.727545
vt 0.681518 0.726335
vt 0.684202 0.698201
vt 0.221335 0.474846
vt 0.226947 0.463341
vt 0.224764 0.457504
vt 0.302813 0.335416
vt 0.295284 0.342776
vt 0.327823 0.616091
vt 0.323255 0.603547
vt 0.330604 0.609104
vt 0.715161 0.557268
vt 0.524849 0.549750
vt 0.531222 0.546258
vt 0.269765 0.222919
vt 0.275806 0.218498
vt 0.273852 0.223699
vt 0.065814 0.045840
vt 0.067243 0.046741
vt 0.063882 0.050988
vt 0.281539 0.434910
vt 0.283923 0.430269
vt 0.510829 0.208976
vt 0.829711 0.659434
vt 0.810947 0.658793
vt 0.829711 0.494466
vt 0.589618 0.596755
vt 0.616928 0.601677
vt 0.589941 0.615527
vt 0.250424 0.663148
vt 0.722415 0.769516
vt 0.720529 0.774102
vt 0.717201 0.769082
vt 0.256185 0.662847
vt 0.182917 0.640869
vt 0.178463 0.639776
vt 0.185162 0.625332
vt 0.323525 0.628012
vt 0.470282 0.586800
vt 0.443835 0.603303
vt 0.590493 0.064098
vt 0.587147 0.067666
vt 0.101920 0.748893
vt 0.107355 0.765365
vt 0.093091 0.766748
vt 0.118077 0.732941
vt 0.113596 0.750424
vt 0.106551 0.729040
vt 0.090640 0.765378
vt 0.098638 0.747845
vt 0.122599 0.016811
vt 0.111018 0.028204
vt 0.118992 0.015806
vt 0.125175 0.015695
vt 0.681571 0.034055
vt 0.683366 0.029928
vt 0.763788 0.601999
vt 0.753518 0.594197
vt 0.737985 0.585578
vt 0.148236 0.372634
vt 0.150728 0.367945
vt 0.329552 0.596007
vt 0.329999 0.603076
vt 0.329944 0.587075
vt 0.942786 0.931163
vt 0.968024 0.966665
vt 0.990975 0.962865
vt 0.543482 0.547455
vt 0.501433 0.450317
vt 0.507565 0.453634
vt 0.496516 0.447267
vt 0.295717 0.428840
vt 0.297752 0.432196
vt 0.293924 0.433434
vt 0.048942 0.526528
vt 0.074302 0.554172
vt 0.616061 0.626066
vt 0.630023 0.606311
vt 0.629685 0.623442
vt 0.589618 0.631740
vt 0.590200 0.653242
vt 0.337457 0.336653
vt 0.336249 0.337703
vt 0.591386 0.565195
vt 0.597402 0.573166
vt 0.590153 0.567341
vt 0.482714 0.567725
vt 0.484637 0.568256
vt 0.480857 0.586681
vt 0.678010 0.723213
vt 0.663204 0.709240
vt 0.492634 0.548201
vt 0.382364 0.380423
vt 0.385280 0.385444
vt 0.382316 0.384267
vt 0.378550 0.377794
vt 0.102166 0.695909
vt 0.140339 0.760299
vt 0.603707 0.897821
vt 0.437992 0.897821
vt 0.602896 0.880138
vt 0.125452 0.773536
vt 0.145131 0.741338
vt 0.298758 0.777080
vt 0.799139 0.025238
vt 0.782568 0.008220
vt 0.766133 0.001451
vt 0.812528 0.178396
vt 0.814305 0.185240
vt 0.808323 0.180415
vt 0.814292 0.177748
vt 0.027226 0.000732
vt 0.052631 0.028592
vt 0.036505 0.029488
vt 0.470582 0.781724
vt 0.453056 0.768009
vt 0.470582 0.744139
vt 0.148422 0.365623
vt 0.145293 0.367452
vt 0.147130 0.370431
vt 0.964141 0.019470
vt 0.922590 0.017928
vt 0.975101 0.002066
vt 0.964090 0.001491
vt 0.333991 0.455995
vt 0.334960 0.459746
vt 0.336193 0.456045
vt 0.387899 0.515775
vt 0.043404 0.394682
vt 0.172647 0.659105
vt 0.235291 0.426957
vt 0.095185 0.399797
vt 0.094653 0.395959
vt 0.096539 0.393821
vt 0.251019 0.326285
vt 0.249803 0.320892
vt 0.252319 0.325367
vt 0.094205 0.400342
vt 0.111079 0.034582
vt 0.316537 0.696443
vt 0.307044 0.695620
vt 0.316982 0.677699
vt 0.755741 0.444842
vt 0.730957 0.445325
vt 0.725924 0.439335
vt 0.106810 0.001230
vt 0.106810 0.007740
vt 0.102149 0.007489
vt 0.760924 0.449000
vt 0.285653 0.341055
vt 0.293700 0.346745
vt 0.922296 0.935717
vt 0.056621 0.026312
vt 0.056033 0.021281
vt 0.061891 0.024793
vt 0.784053 0.789948
vt 0.807932 0.798967
vt 0.828839 0.805060
vt 0.346745 0.782480
vt 0.130885 0.355755
vt 0.130336 0.351297
vt 0.129099 0.359129
vt 0.129124 0.354989
vt 0.685608 0.610214
vt 0.790181 0.415649
vt 0.801847 0.434987
vt 0.637611 0.030959
vt 0.634546 0.020366
vt 0.642406 0.026728
vt 0.629993 0.023822
vt 0.046638 0.015429
vt 0.052631 0.014935
vt 0.052631 0.024767
vt 0.467261 0.092475
vt 0.631407 0.653242
vt 0.632115 0.649588
vt 0.155366 0.805607
vt 0.668697 0.318395
vt 0.676567 0.319692
vt 0.729983 0.183276
vt 0.670329 0.323213
vt 0.727038 0.180738
vt 0.299788 0.444880
vt 0.302588 0.441044
vt 0.303522 0.444728
vt 0.152198 0.355118
vt 0.155688 0.359445
vt 0.066846 0.000244
vt 0.071206 0.000244
vt 0.069495 0.004644
vt 0.301354 0.449483
vt 0.299813 0.440868
vt 0.645882 0.152715
vt 0.626937 0.144049
vt 0.857240 0.195270
vt 0.891629 0.356033
vt 0.840644 0.200054
vt 0.433181 0.044505
vt 0.434739 0.017128
vt 0.450717 0.048457
vt 0.416156 0.043353
vt 0.417141 0.015733
vt 0.873287 0.192525
vt 0.320813 0.338393
vt 0.325837 0.337598
vt 0.205917 0.243897
vt 0.203465 0.250482
vt 0.200792 0.241850
vt 0.206415 0.232771
vt 0.081314 0.473220
vt 0.077742 0.470241
vt 0.645549 0.430380
vt 0.046439 0.008721
vt 0.117788 0.508930
vt 0.813178 0.191597
vt 0.817327 0.190331
vt 0.811615 0.199688
vt 0.807582 0.196964
vt 0.810173 0.186805
vt 0.028434 0.384998
vt 0.028891 0.388871
vt 0.770888 0.012261
vt 0.764206 0.002952
vt 0.223007 0.416531
vt 0.229799 0.437237
vt 0.728071 0.385931
vt 0.727706 0.392529
vt 0.789564 0.685750
vt 0.790275 0.680197
vt 0.721981 0.385676
vt 0.725104 0.380802
vt 0.721776 0.390300
vt 0.729785 0.379670
vt 0.143203 0.776474
vt 0.146881 0.770862
vt 0.157893 0.782739
vt 0.327670 0.355748
vt 0.325647 0.351079
vt 0.327499 0.347173
vt 0.012056 0.346741
vt 0.359990 0.512981
vt 0.203915 0.563460
vt 0.360579 0.493355
vt 0.362490 0.536575
vt 0.039346 0.388098
vt 0.039463 0.386143
vt 0.043461 0.385637
vt 0.427851 0.225549
vt 0.282775 0.570028
vt 0.277120 0.564621
vt 0.108358 0.386424
vt 0.309594 0.513925
vt 0.023057 0.397828
vt 0.543827 0.015141
vt 0.538100 0.014115
vt 0.540446 0.022204
vt 0.515236 0.947118
vt 0.475152 0.946875
vt 0.513215 0.928010
vt 0.525766 0.931073
vt 0.475569 0.965409
vt 0.243463 0.747773
vt 0.241045 0.742714
vt 0.225680 0.568181
vt 0.238341 0.577610
vt 0.234896 0.577203
vt 0.226845 0.571723
vt 0.456321 0.494483
vt 0.426720 0.495350
vt 0.456650 0.473098
vt 0.120741 0.380800
vt 0.099429 0.379008
vt 0.120741 0.212735
vt 0.639530 0.017710
vt 0.639609 0.007356
vt 0.238387 0.076378
vt 0.237865 0.081826
vt 0.232455 0.075725
vt 0.092458 0.400924
vt 0.125068 0.274784
vt 0.225253 0.423621
vt 0.228931 0.424418
vt 0.224125 0.421058
vt 0.462567 0.688431
vt 0.450141 0.669420
vt 0.586680 0.607141
vt 0.477022 0.703100
vt 0.406674 0.360316
vt 0.402052 0.362350
vt 0.400927 0.354783
vt 0.405114 0.353117
vt 0.304473 0.448271
vt 0.667978 0.181438
vt 0.687692 0.332813
vt 0.647195 0.181189
vt 0.130064 0.338242
vt 0.133125 0.338704
vt 0.126145 0.336719
vt 0.266477 0.356124
vt 0.229801 0.355854
vt 0.266241 0.335571
vt 0.266957 0.375592
vt 0.234750 0.375032
vt 0.111079 0.692532
vt 0.123049 0.713242
vt 0.112236 0.708906
vt 0.050221 0.591511
vt 0.044850 0.592098
vt 0.048142 0.586762
vt 0.051380 0.588924
vt 0.197900 0.267440
vt 0.047542 0.595787
vt 0.199651 0.266028
vt 0.616410 0.562968
vt 0.614651 0.569114
vt 0.502111 0.547904
vt 0.501597 0.552384
vt 0.237258 0.708507
vt 0.421047 0.364692
vt 0.416938 0.361687
vt 0.421030 0.362681
vt 0.284939 0.003429
vt 0.281492 0.000048
vt 0.286030 0.001625
vt 0.284281 0.005264
vt 0.281282 0.001718
vt 0.564653 0.791125
vt 0.550451 0.775679
vt 0.754263 0.892101
vt 0.618991 0.395876
vt 0.636215 0.372105
vt 0.636215 0.408663
vt 0.577229 0.808504
vt 0.650354 0.795655
vt 0.019116 0.166079
vt 0.018451 0.147693
vt 0.023093 0.164766
vt 0.720066 0.417354
vt 0.424692 0.968618
vt 0.442713 0.962072
vt 0.050734 0.780787
vt 0.198140 0.842094
vt 0.063681 0.762016
vt 0.688046 0.052869
vt 0.710115 0.054169
vt 0.285653 0.280612
vt 0.292092 0.311407
vt 0.286224 0.311670
vt 0.171766 0.277094
vt 0.173372 0.307666
vt 0.426779 0.257314
vt 0.421071 0.255095
vt 0.729775 0.466574
vt 0.066611 0.342771
vt 0.626331 0.080494
vt 0.624641 0.073138
vt 0.621979 0.077465
vt 0.685750 0.025759
vt 0.037281 0.590454
vt 0.042532 0.587205
vt 0.040484 0.599720
vt 0.037805 0.596959
vt 0.578940 0.014833
vt 0.576251 0.017718
vt 0.574065 0.011513
vt 0.577529 0.010787
vt 0.597524 0.503593
vt 0.649548 0.449033
vt 0.641528 0.505166
vt 0.647873 0.493684
vt 0.483040 0.461347
vt 0.493092 0.449637
vt 0.027758 0.609261
vt 0.034445 0.605598
vt 0.041295 0.614434
vt 0.485137 0.444762
vt 0.031847 0.624593
vt 0.026058 0.604982
vt 0.481684 0.465829
vt 0.280696 0.424974
vt 0.282078 0.420829
vt 0.633782 0.633055
vt 0.632492 0.631902
vt 0.631407 0.627013
vt 0.521771 0.126933
vt 0.521771 0.090998
vt 0.538693 0.107807
vt 0.621682 0.026768
vt 0.636215 0.032925
vt 0.622350 0.051578
vt 0.561912 0.555720
vt 0.544552 0.537984
vt 0.561912 0.519786
vt 0.320583 0.333155
vt 0.318420 0.336907
vt 0.322118 0.329366
vt 0.317843 0.332504
vt 0.280665 0.390569
vt 0.894339 0.317333
vt 0.894339 0.167540
vt 0.916397 0.313342
vt 0.436296 0.280933
vt 0.332090 0.754348
vt 0.338654 0.753042
vt 0.335643 0.761154
vt 0.049209 0.575420
vt 0.054179 0.584255
vt 0.049626 0.584074
vt 0.330029 0.761347
vt 0.327038 0.753145
vt 0.046369 0.581206
vt 0.054179 0.575621
vt 0.593779 0.072070
vt 0.598852 0.072703
vt 0.077398 0.029813
vt 0.057148 0.454338
vt 0.727921 0.303173
vt 0.721633 0.273367
vt 0.736664 0.279584
vt 0.703521 0.279565
vt 0.439623 0.047537
vt 0.874959 0.724891
vt 0.894725 0.574665
vt 0.894725 0.725997
vt 0.842094 0.411213
vt 0.823528 0.414672
vt 0.804173 0.264508
vt 0.267569 0.584940
vt 0.258409 0.581257
vt 0.252404 0.585239
vt 0.254110 0.589291
vt 0.784738 0.657834
vt 0.786117 0.662550
vt 0.505727 0.370669
vt 0.337670 0.355488
vt 0.600205 0.862475
vt 0.594681 0.844960
vt 0.824244 0.851382
vt 0.230710 0.518435
vt 0.127643 0.358100
vt 0.123560 0.357477
vt 0.804131 0.870751
vt 0.919493 0.775891
vt 0.819871 0.884980
vt 0.136357 0.583534
vt 0.000164 0.523896
vt 0.591901 0.536825
vt 0.586271 0.538172
vt 0.589399 0.531118
vt 0.600354 0.538645
vt 0.600428 0.531705
vt 0.414468 0.271371
vt 0.416270 0.267850
vt 0.415808 0.272369
vt 0.412595 0.275774
vt 0.411719 0.270842
vt 0.591696 0.499161
vt 0.585978 0.502724
vt 0.583114 0.496868
vt 0.591455 0.505761
vt 0.597051 0.490654
vt 0.598593 0.496459
vt 0.590494 0.493039
vt 0.157218 0.155736
vt 0.137897 0.155590
vt 0.240998 0.702633
vt 0.242831 0.700970
vt 0.238239 0.701792
vt 0.124470 0.511473
vt 0.325651 0.163678
vt 0.320625 0.023097
vt 0.257604 0.432665
vt 0.245275 0.584829
vt 0.248304 0.581491
vt 0.025262 0.368347
vt 0.253647 0.431409
vt 0.017028 0.207428
vt 0.001010 0.202223
vt 0.016993 0.166879
vt 0.221276 0.003931
vt 0.065508 0.035830
vt 0.076575 0.027065
vt 0.575333 0.245797
vt 0.588143 0.252615
vt 0.331786 0.359896
vt 0.332103 0.361638
vt 0.327765 0.360230
vt 0.275310 0.118589
vt 0.272472 0.116294
vt 0.336635 0.360246
vt 0.514327 0.456914
vt 0.379479 0.162772
vt 0.398545 0.158893
vt 0.417307 0.163061
vt 0.122739 0.340515
vt 0.441516 0.222175
vt 0.440852 0.224384
vt 0.436254 0.223737
vt 0.123398 0.344786
vt 0.737740 0.776310
vt 0.417487 0.274080
vt 0.419664 0.275720
vt 0.414736 0.277022
vt 0.422789 0.274163
vt 0.001258 0.351487
vt 0.066563 0.504050
vt 0.046697 0.511285
vt 0.339005 0.625379
vt 0.176725 0.597775
vt 0.551540 0.342101
vt 0.552976 0.180692
vt 0.608121 0.675219
vt 0.759461 0.065693
vt 0.807689 0.213591
vt 0.824212 0.206063
vt 0.780345 0.234871
vt 0.792814 0.223483
vt 0.879246 0.662530
vt 0.859680 0.512738
vt 0.879246 0.509916
vt 0.469798 0.049277
vt 0.613984 0.698352
vt 0.794980 0.655958
vt 0.774439 0.649574
vt 0.167730 0.505962
vt 0.025394 0.515584
vt 0.891629 0.191407
vt 0.001258 0.517021
vt 0.606924 0.075297
vt 0.609899 0.239935
vt 0.586049 0.239935
vt 0.817617 0.050411
vt 0.169252 0.622837
vt 0.461294 0.201236
vt 0.442607 0.050408
vt 0.461294 0.050165
vt 0.106862 0.039590
vt 0.727545 0.246127
vt 0.702394 0.246127
vt 0.727497 0.224985
vt 0.217822 0.493023
vt 0.211857 0.515038
vt 0.466374 0.838647
vt 0.570033 0.277013
vt 0.523983 0.559831
vt 0.006202 0.348326
vt 0.009991 0.351167
vt 0.007267 0.343832
vt 0.264255 0.220947
vt 0.268716 0.227551
vt 0.290576 0.438770
vt 0.295418 0.436485
vt 0.103696 0.222907
vt 0.748171 0.083761
vt 0.262534 0.664953
vt 0.473100 0.274614
vt 0.458645 0.274941
vt 0.484514 0.135718
vt 0.471946 0.278316
vt 0.181731 0.624817
vt 0.213620 0.205562
vt 0.591803 0.060321
vt 0.595402 0.062831
vt 0.587884 0.063534
vt 0.817225 0.485474
vt 0.833702 0.492962
vt 0.802359 0.473904
vt 0.980551 0.323327
vt 0.979566 0.341363
vt 0.941046 0.341029
vt 0.938946 0.324714
vt 0.771155 0.601086
vt 0.072754 0.043343
vt 0.070027 0.038902
vt 0.332813 0.608274
vt 0.670473 0.791008
vt 0.794107 0.857574
vt 0.682075 0.773522
vt 0.978749 0.993795
vt 0.171759 0.198177
vt 0.161398 0.215199
vt 0.152328 0.196240
vt 0.423498 0.112954
vt 0.430835 0.111987
vt 0.432330 0.124493
vt 0.423527 0.109017
vt 0.421816 0.130860
vt 0.712572 0.530115
vt 0.706953 0.527901
vt 0.597516 0.089665
vt 0.596020 0.105476
vt 0.589247 0.089295
vt 0.037026 0.728427
vt 0.590854 0.911575
vt 0.763464 0.000837
vt 0.143307 0.345871
vt 0.149666 0.347197
vt 0.147342 0.352035
vt 0.145268 0.340780
vt 0.429941 0.258935
vt 0.427161 0.264702
vt 0.424769 0.261997
vt 0.368416 0.612550
vt 0.030959 0.365963
vt 0.589839 0.354376
vt 0.600833 0.383960
vt 0.583206 0.381886
vt 0.593767 0.343190
vt 0.607647 0.356909
vt 0.744397 0.344891
vt 0.621761 0.055006
vt 0.623413 0.060780
vt 0.723186 0.778888
vt 0.717437 0.784507
vt 0.089782 0.007356
vt 0.083968 0.007740
vt 0.085855 0.000922
vt 0.089782 0.000253
vt 0.573196 0.556354
vt 0.428011 0.275714
vt 0.424460 0.276610
vt 0.083451 0.013065
vt 0.081315 0.008802
vt 0.083590 0.009415
vt 0.083590 0.016708
vt 0.081154 0.012640
vt 0.428787 0.279274
vt 0.363042 0.654949
vt 0.335445 0.640859
vt 0.342581 0.624233
vt 0.346653 0.636826
vt 0.094547 0.777080
vt 0.833884 0.818166
vt 0.132626 0.519725
vt 0.135959 0.526720
vt 0.127270 0.516767
vt 0.797411 0.183451
vt 0.000244 0.226602
vt 0.110046 0.518823
vt 0.111982 0.519929
vt 0.256015 0.251012
vt 0.266265 0.269139
vt 0.470179 0.100462
vt 0.471743 0.104831
vt 0.473341 0.104471
vt 0.728405 0.173978
vt 0.724031 0.169340
vt 0.730421 0.164329
vt 0.006081 0.357065
vt 0.037151 0.105262
vt 0.032470 0.104662
vt 0.037151 0.098192
vt 0.204236 0.516987
vt 0.919493 0.511080
vt 0.508878 0.004794
vt 0.487955 0.006128
vt 0.510829 0.000995
vt 0.755081 0.137817
vt 0.748390 0.139964
vt 0.751982 0.134639
vt 0.758275 0.138727
vt 0.669793 0.656057
vt 0.155398 0.512461
vt 0.149097 0.535573
vt 0.637577 0.673892
vt 0.661326 0.659307
vt 0.598796 0.547885
vt 0.513483 0.909230
vt 0.525895 0.912082
vt 0.117521 0.152390
vt 0.434375 0.128652
vt 0.439456 0.126370
vt 0.426692 0.151653
vt 0.420310 0.146188
vt 0.411637 0.356244
vt 0.413380 0.351907
vt 0.414117 0.356696
vt 0.413011 0.360582
vt 0.322869 0.167217
vt 0.302701 0.166223
vt 0.341321 0.178526
vt 0.037358 0.094426
vt 0.037358 0.087161
vt 0.041795 0.094241
vt 0.716452 0.780761
vt 0.216715 0.237167
vt 0.215915 0.241555
vt 0.209105 0.239987
vt 0.276150 0.308353
vt 0.438223 0.169453
vt 0.359871 0.624094
vt 0.353187 0.618672
vt 0.356581 0.626689
vt 0.080233 0.697840
vt 0.367715 0.621539
vt 0.585484 0.063462
vt 0.588498 0.059732
vt 0.585657 0.068054
vt 0.342264 0.344641
vt 0.342136 0.349291
vt 0.585247 0.059518
vt 0.230529 0.353711
vt 0.214774 0.203178
vt 0.685750 0.005744
vt 0.621228 0.069888
vt 0.684007 0.018708
vt 0.224305 0.106027
vt 0.221180 0.107376
vt 0.096536 0.380854
vt 0.557072 0.025011
vt 0.084222 0.391576
vt 0.088782 0.394812
vt 0.089394 0.385010
vt 0.077655 0.392889
vt 0.120652 0.004257
vt 0.121710 0.012142
vt 0.115191 0.002973
vt 0.075184 0.000806
vt 0.077132 0.005218
vt 0.041004 0.405568
vt 0.037264 0.403105
vt 0.075184 0.005098
vt 0.732907 0.418355
vt 0.030496 0.147640
vt 0.144224 0.663295
vt 0.001423 0.705873
vt 0.149838 0.686332
vt 0.094082 0.390100
vt 0.442173 0.660067
vt 0.789463 0.604207
vt 0.789463 0.468477
vt 0.764733 0.130890
vt 0.422205 0.397361
vt 0.419775 0.394292
vt 0.432390 0.220297
vt 0.080347 0.418787
vt 0.221076 0.337749
vt 0.143222 0.699636
vt 0.150345 0.721362
vt 0.377535 0.372374
vt 0.378386 0.374965
vt 0.086495 0.471694
vt 0.084804 0.475096
vt 0.071078 0.390762
vt 0.067905 0.386622
vt 0.727879 0.405192
vt 0.726824 0.398759
vt 0.127031 0.347457
vt 0.584826 0.532134
vt 0.575949 0.535598
vt 0.583271 0.511983
vt 0.588073 0.509458
vt 0.545955 0.556893
vt 0.545575 0.562667
vt 0.726161 0.160675
vt 0.731314 0.158687
vt 0.242580 0.341038
vt 0.116567 0.058424
vt 0.250273 0.248312
vt 0.797787 0.944595
vt 0.808039 0.942789
vt 0.778884 0.837690
vt 0.791640 0.959740
vt 0.015140 0.719200
vt 0.010819 0.715962
vt 0.016509 0.715057
vt 0.011019 0.721949
vt 0.346647 0.622992
vt 0.486527 0.475872
vt 0.478865 0.478992
vt 0.480107 0.473785
vt 0.493678 0.478067
vt 0.280895 0.210369
vt 0.281730 0.217234
vt 0.297058 0.427816
vt 0.127810 0.780383
vt 0.122372 0.790084
vt 0.122372 0.778357
vt 0.136138 0.784958
vt 0.127559 0.792155
vt 0.132409 0.776858
vt 0.269607 0.436527
vt 0.266704 0.396142
vt 0.277681 0.390298
vt 0.413277 0.266585
vt 0.418678 0.264154
vt 0.270943 0.014774
vt 0.274103 0.014957
vt 0.079719 0.727486
vt 0.555304 0.156000
vt 0.682702 0.348293
vt 0.939043 0.270835
vt 0.498592 0.314479
vt 0.528839 0.307555
vt 0.478865 0.425873
vt 0.069659 0.046582
vt 0.065844 0.051083
vt 0.139809 0.780213
vt 0.136874 0.773005
vt 0.344635 0.755383
vt 0.078739 0.460761
vt 0.594635 0.074774
vt 0.590208 0.076978
vt 0.591616 0.073332
vt 0.075910 0.729480
vt 0.073405 0.723880
vt 0.078925 0.735047
vt 0.072553 0.451208
vt 0.555979 0.141669
vt 0.267798 0.658786
vt 0.264521 0.659435
vt 0.640859 0.067481
vt 0.722945 0.577304
vt 0.711540 0.565441
vt 0.699252 0.599993
vt 0.266250 0.422861
vt 0.264807 0.427884
vt 0.259240 0.423660
vt 0.690570 0.539861
vt 0.508319 0.381823
vt 0.491043 0.390788
vt 0.486422 0.380056
vt 0.339492 0.363102
vt 0.187436 0.198944
vt 0.189642 0.197353
vt 0.296086 0.918935
vt 0.432995 0.233558
vt 0.198250 0.516224
vt 0.052660 0.388961
vt 0.036162 0.380615
vt 0.052812 0.376497
vt 0.600611 0.519347
vt 0.203609 0.560364
vt 0.206334 0.548264
vt 0.012951 0.317748
vt 0.005528 0.309388
vt 0.270300 0.019242
vt 0.074302 0.742537
vt 0.071164 0.748455
vt 0.065866 0.745780
vt 0.776070 0.195434
vt 0.081066 0.741327
vt 0.077398 0.455580
vt 0.077184 0.448158
vt 0.414567 0.384193
vt 0.492398 0.628311
vt 0.486104 0.603893
vt 0.625379 0.582735
vt 0.530660 0.133413
vt 0.591324 0.000019
vt 0.541540 0.138386
vt 0.597227 0.061941
vt 0.593201 0.059348
vt 0.282021 0.417191
vt 0.289508 0.151701
vt 0.289508 0.000999
vt 0.309594 0.003888
vt 0.566670 0.537145
vt 0.620188 0.387661
vt 0.238214 0.395289
vt 0.032357 0.145640
vt 0.023144 0.131413
vt 0.374608 0.162537
vt 0.356263 0.003860
vt 0.374608 0.001423
vt 0.627707 0.189321
vt 0.483330 0.773869
vt 0.645285 0.734486
vt 0.078312 0.374790
vt 0.058465 0.368066
vt 0.176796 0.177476
vt 0.196592 0.343649
vt 0.174809 0.343649
vt 0.586449 0.826510
vt 0.123142 0.628772
vt 0.764114 0.360434
vt 0.790788 0.133125
vt 0.786049 0.126193
vt 0.792559 0.131831
vt 0.770888 0.354401
vt 0.206358 0.299148
vt 0.205155 0.291727
vt 0.594092 0.577392
vt 0.197712 0.260854
vt 0.195014 0.251933
vt 0.383730 0.370076
vt 0.928427 0.308454
vt 0.417717 0.358725
vt 0.458198 0.953303
vt 0.109906 0.235592
vt 0.417826 0.159129
vt 0.413010 0.012200
vt 0.439802 0.168708
vt 0.330620 0.442114
vt 0.334392 0.441295
vt 0.337457 0.444943
vt 0.047788 0.615171
vt 0.054112 0.605464
vt 0.052014 0.613018
vt 0.043531 0.618749
vt 0.047032 0.608928
vt 0.563649 0.028893
vt 0.940423 0.358576
vt 0.978924 0.359129
vt 0.291530 0.829778
vt 0.326621 0.840632
vt 0.044928 0.405079
vt 0.051683 0.408659
vt 0.045200 0.410452
vt 0.702489 0.640818
vt 0.701524 0.609533
vt 0.716044 0.640782
vt 0.786687 0.672098
vt 0.792293 0.675065
vt 0.784603 0.676726
vt 0.793423 0.669227
vt 0.786729 0.667560
vt 0.491958 0.393351
vt 0.992247 0.975154
vt 0.475227 0.402400
vt 0.742729 0.166477
vt 0.740615 0.160963
vt 0.301996 0.437020
vt 0.216222 0.555656
vt 0.765972 0.108995
vt 0.332070 0.339097
vt 0.343431 0.353721
vt 0.585247 0.072219
vt 0.430170 0.082797
vt 0.129103 0.512496
vt 0.138863 0.523654
vt 0.039904 0.752312
vt 0.043989 0.751722
vt 0.714252 0.027701
vt 0.088659 0.472391
vt 0.577115 0.334108
vt 0.431213 0.233645
vt 0.758348 0.145611
vt 0.762164 0.139593
vt 0.764672 0.145770
vt 0.762790 0.149973
vt 0.238511 0.341956
vt 0.231402 0.117646
vt 0.236572 0.342101
vt 0.721869 0.172342
vt 0.723594 0.178905
vt 0.719122 0.177824
vt 0.298758 0.435664
vt 0.096001 0.205771
vt 0.015480 0.288285
vt 0.317320 0.759473
vt 0.324127 0.762113
vt 0.190836 0.243957
vt 0.101094 0.705983
vt 0.745046 0.135162
vt 0.187315 0.733243
vt 0.815637 0.171182
vt 0.796247 0.669895
vt 0.796513 0.673984
vt 0.408663 0.000396
vt 0.398178 0.150153
vt 0.384913 0.000396
vt 0.982783 0.908687
vt 0.992247 0.895450
vt 0.437544 0.737227
vt 0.447021 0.754898
vt 0.310437 0.817327
vt 0.484489 0.315382
vt 0.064290 0.391602
vt 0.066120 0.395398
vt 0.161147 0.705873
vt 0.421606 0.277599
vt 0.419094 0.278146
vt 0.171067 0.222389
vt 0.136507 0.356033
vt 0.040144 0.005902
vt 0.801593 0.871520
vt 0.732615 0.745234
vt 0.849834 0.653871
vt 0.755843 0.769205
vt 0.834112 0.508550
vt 0.856669 0.506831
vt 0.857574 0.659434
vt 0.836762 0.506001
vt 0.668697 0.339919
vt 0.670750 0.336321
vt 0.482003 0.792480
vt 0.460536 0.795224
vt 0.931629 0.915336
vt 0.526783 0.914181
vt 0.528659 0.937992
vt 0.438516 0.108759
vt 0.445656 0.104187
vt 0.440248 0.120007
vt 0.448911 0.117073
vt 0.237960 0.735313
vt 0.138576 0.360821
vt 0.284618 0.240257
vt 0.274323 0.245844
vt 0.249829 0.241522
vt 0.293413 0.227899
vt 0.286594 0.317988
vt 0.340476 0.618619
vt 0.742269 0.458947
vt 0.680447 0.004813
vt 0.225755 0.690718
vt 0.013095 0.823539
vt 0.013004 0.842094
vt 0.742359 0.146979
vt 0.739698 0.155889
vt 0.735371 0.155524
vt 0.398317 0.346459
vt 0.404563 0.334812
vt 0.388138 0.352595
vt 0.760552 0.123465
vt 0.052215 0.058823
vt 0.052215 0.053983
vt 0.054179 0.056689
vt 0.201532 0.286125
vt 0.207927 0.287922
vt 0.619550 0.555967
vt 0.620692 0.559591
vt 0.589217 0.074841
vt 0.340952 0.363843
vt 0.589865 0.079643
vt 0.176765 0.166366
vt 0.278634 0.138386
vt 0.263797 0.160989
vt 0.263797 0.127921
vt 0.179648 0.187854
vt 0.718794 0.400170
vt 0.723888 0.404485
vt 0.719345 0.408663
vt 0.721180 0.395348
vt 0.054179 0.058612
vt 0.054179 0.068111
vt 0.050404 0.062870
vt 0.077487 0.009168
vt 0.215425 0.670839
vt 0.219021 0.675718
vt 0.566766 0.540611
vt 0.570442 0.536946
vt 0.568286 0.546971
vt 0.086837 0.743134
vt 0.011869 0.889549
vt 0.024331 0.876015
vt 0.119194 0.981411
vt 0.000392 0.903274
vt 0.835227 0.017250
vt 0.077398 0.600163
vt 0.615930 0.665626
vt 0.615930 0.628896
vt 0.633119 0.640880
vt 0.933869 0.092878
vt 0.969954 0.073346
vt 0.717038 0.441108
vt 0.663953 0.500088
vt 0.315556 0.432444
vt 0.055623 0.052391
vt 0.266940 0.664175
vt 0.328896 0.771016
vt 0.018423 0.711265
vt 0.157893 0.355359
vt 0.157893 0.360150
vt 0.589025 0.125385
vt 0.580266 0.100945
vt 0.585124 0.099583
vt 0.597516 0.119622
vt 0.424890 0.153249
vt 0.069261 0.013130
vt 0.067090 0.005649
vt 0.060794 0.018265
vt 0.077074 0.018833
vt 0.072468 0.021255
vt 0.157121 0.351854
vt 0.247675 0.522432
vt 0.160108 0.347058
vt 0.167088 0.353554
vt 0.784577 0.661491
vt 0.098727 0.395504
vt 0.037440 0.863204
vt 0.891030 0.795494
vt 0.872254 0.796710
vt 0.891629 0.793276
vt 0.857574 0.504720
vt 0.376156 0.470586
vt 0.231629 0.439160
vt 0.743024 0.154372
vt 0.390087 0.358813
vt 0.060911 0.063467
vt 0.315785 0.444820
vt 0.041795 0.088107
vt 0.040107 0.088234
vt 0.362454 0.656323
vt 0.453596 0.774293
vt 0.457133 0.794187
vt 0.801122 0.264193
vt 0.797980 0.409956
vt 0.777192 0.406082
vt 0.289181 0.788131
vt 0.910205 0.187304
vt 0.496444 0.168392
vt 0.527562 0.305350
vt 0.358051 0.846835
vt 0.373060 0.845410
vt 0.869627 0.043490
vt 0.403851 0.751019
vt 0.292039 0.154050
vt 0.458679 0.813051
vt 0.890964 0.038033
vt 0.910205 0.037364
vt 0.106802 0.033211
vt 0.687407 0.538999
vt 0.689368 0.543653
vt 0.475227 0.329232
vt 0.286374 0.016963
vt 0.414715 0.353354
vt 0.029887 0.392701
vt 0.780796 0.681626
vt 0.608697 0.572395
vt 0.604127 0.576570
vt 0.602319 0.572976
vt 0.618964 0.573165
vt 0.613201 0.577392
vt 0.569267 0.552619
vt 0.568410 0.558131
vt 0.583406 0.629605
vt 0.577092 0.626186
vt 0.578110 0.621624
vt 0.584373 0.624289
vt 0.424867 0.279724
vt 0.135088 0.534999
vt 0.140089 0.527854
vt 0.075668 0.009288
vt 0.683745 0.599917
vt 0.670654 0.599563
vt 0.026315 0.199688
vt 0.448230 0.020869
vt 0.416590 0.390559
vt 0.201426 0.307074
vt 0.201013 0.314056
vt 0.194753 0.312134
vt 0.863017 0.912184
vt 0.841664 0.901139
vt 0.896676 0.924271
vt 0.079738 0.475226
vt 0.463372 0.980095
vt 0.804415 0.933222
vt 0.776088 0.796033
vt 0.227575 0.575174
vt 0.625786 0.018890
vt 0.467486 0.820523
vt 0.922590 0.000097
vt 0.592385 0.286346
vt 0.588078 0.286435
vt 0.592132 0.282601
vt 0.743024 0.184208
vt 0.682091 0.323103
vt 0.266131 0.854308
vt 0.426553 0.002247
vt 0.592848 0.253771
vt 0.274108 0.715161
vt 0.679763 0.565766
vt 0.046941 0.068614
vt 0.046061 0.072093
vt 0.580488 0.293938
vt 0.575881 0.300062
vt 0.610576 0.801854
vt 0.587525 0.775762
vt 0.452006 0.176468
vt 0.611652 0.777318
vt 0.043961 0.647050
vt 0.037832 0.645550
vt 0.281730 0.222994
vt 0.216188 0.246313
vt 0.208929 0.246042
vt 0.483638 0.586810
vt 0.919493 0.925685
vt 0.656081 0.854409
vt 0.265859 0.256589
vt 0.800899 0.413624
vt 0.070234 0.043276
vt 0.232970 0.427407
vt 0.412720 0.563460
vt 0.600611 0.543554
vt 0.014888 0.298366
vt 0.005494 0.297699
vt 0.270958 0.002552
vt 0.350017 0.640700
vt 0.349236 0.644391
vt 0.750831 0.466165
vt 0.455834 0.774524
vt 0.580459 0.305158
vt 0.574677 0.309570
vt 0.202821 0.323164
vt 0.197050 0.321140
vt 0.673135 0.703644
vt 0.673423 0.676780
vt 0.677567 0.702999
vt 0.663882 0.700136
vt 0.665969 0.693772
vt 0.678010 0.708969
vt 0.766244 0.138814
vt 0.254902 0.427217
vt 0.264622 0.432248
vt 0.258376 0.428112
vt 0.406898 0.752312
vt 0.323734 0.444766
vt 0.047924 0.054179
vt 0.047924 0.049353
vt 0.049535 0.053849
vt 0.226825 0.516536
vt 0.191914 0.697461
vt 0.626058 0.149609
vt 0.785452 0.196223
vt 0.034007 0.189604
vt 0.318866 0.768044
vt 0.302011 0.777115
vt 0.317121 0.765624
vt 0.307772 0.781302
vt 0.589633 0.057832
vt 0.585671 0.057132
vt 0.144522 0.353600
vt 0.144607 0.355478
vt 0.143889 0.352261
vt 0.041017 0.367643
vt 0.056165 0.371915
vt 0.360089 0.636262
vt 0.804173 0.416403
vt 0.436015 0.417191
vt 0.122847 0.365042
vt 0.689903 0.013682
vt 0.152322 0.342192
vt 0.044891 0.395665
vt 0.134546 0.497457
vt 0.143961 0.494505
vt 0.194382 0.847992
vt 0.436845 0.087173
vt 0.216715 0.250771
vt 0.385444 0.369364
vt 0.032050 0.601684
vt 0.533830 0.299253
vt 0.089923 0.193114
vt 0.748886 0.130732
vt 0.020277 0.681106
vt 0.000641 0.679857
vt 0.795551 0.662026
vt 0.382864 0.605323
vt 0.252319 0.320002
vt 0.919493 0.662530
vt 0.781724 0.675119
vt 0.263421 0.213133
vt 0.222801 0.513425
vt 0.428167 0.223183
vt 0.746874 0.323058
vt 0.414855 0.382348
vt 0.469711 0.729124
vt 0.343649 0.348914
vt 0.222868 0.681408
vt 0.587632 0.488895
vt 0.237737 0.330808
vt 0.237483 0.749096
vt 0.653761 0.868375
vt 0.052863 0.853634
vt 0.169058 0.846185
vt 0.673647 0.861120
vt 0.693369 0.858526
vt 0.068180 0.845942
vt 0.088114 0.839690
vt 0.109614 0.625379
vt 0.712065 0.857791
vt 0.119194 0.835304
vt 0.765729 0.341153
vt 0.041060 0.072886
vt 0.041603 0.078946
vt 0.445657 0.123404
vt 0.252709 0.304601
vt 0.250273 0.311643
vt 0.600611 0.255966
vt 0.636588 0.646933
vt 0.134670 0.796270
vt 0.103675 0.182367
vt 0.108358 0.182490
vt 0.133984 0.800832
vt 0.378383 0.360149
vt 0.096109 0.217714
vt 0.351365 0.631767
vt 0.192927 0.735285
vt 0.196330 0.730961
vt 0.426634 0.473458
vt 0.456650 0.451563
vt 0.852141 0.645867
vt 0.852141 0.797203
vt 0.921742 0.771802
vt 0.941164 0.913680
vt 0.921742 0.914849
vt 0.701331 0.132025
vt 0.829674 0.802315
vt 0.849834 0.800111
vt 0.511540 0.154797
vt 0.511540 0.003659
vt 0.532501 0.005696
vt 0.269715 0.331265
vt 0.034055 0.164871
vt 0.976164 0.036977
vt 0.337204 0.441009
vt 0.678010 0.675388
vt 0.268454 0.113188
vt 0.323797 0.349859
vt 0.325775 0.345939
vt 0.362249 0.475249
vt 0.081668 0.017028
vt 0.062780 0.474219
vt 0.578127 0.617066
vt 0.585132 0.618101
vt 0.482042 0.420444
vt 0.169026 0.508253
vt 0.073185 0.399442
vt 0.070171 0.401559
vt 0.767386 0.927790
vt 0.738380 0.215168
vt 0.718150 0.185985
vt 0.738380 0.185923
vt 0.143961 0.545451
vt 0.096879 0.745966
vt 0.092312 0.746120
vt 0.003117 0.712693
vt 0.009841 0.711505
vt 0.004607 0.717185
vt 0.224455 0.328169
vt 0.052631 0.411759
vt 0.058534 0.751003
vt 0.080494 0.024514
vt 0.091330 0.378516
vt 0.636389 0.659724
vt 0.537145 0.900968
vt 0.475540 0.340907
vt 0.281579 0.430284
vt 0.232035 0.081653
vt 0.414855 0.323523
vt 0.410707 0.324070
vt 0.559131 0.327120
vt 0.745046 0.159441
vt 0.639646 0.000995
vt 0.702449 0.225501
vt 0.727155 0.203254
vt 0.201009 0.331265
vt 0.756639 0.383896
vt 0.000317 0.719344
vt 0.125747 0.011886
vt 0.238387 0.088234
vt 0.642406 0.001156
vt 0.542232 0.094426
vt 0.636215 0.052631
s 1
usemtl Material_0
f 1/1/1 2/2/2 3/3/3
f 1/1/1 4/4/4 5/5/5
f 1/1/1 6/6/6 7/7/7
f 8/8/8 9/9/9 10/10/10
f 1/1/1 5/5/5 6/6/6
f 1/1/1 7/7/7 2/2/2
f 11/11/11 12/12/12 13/13/13
f 11/11/11 14/14/14 12/12/12
f 11/11/11 15/15/15 14/14/14
f 11/11/11 16/16/16 17/17/17
f 11/11/11 13/13/13 16/16/16
f 11/11/11 17/17/17 15/15/15
f 18/18/18 19/19/19 20/20/20
f 21/21/21 22/22/22 23/23/23
f 21/21/21 24/24/24 22/22/22
f 25/25/25 26/26/26 27/27/27
f 25/25/25 28/28/28 29/29/29
f 25/25/25 29/29/29 26/26/26
f 30/30/30 31/31/31 32/32/32
f 30/30/30 33/33/33 31/31/31
f 30/30/30 34/34/34 35/35/35
f 30/30/30 32/32/32 34/34/34
f 30/30/30 36/36/36 33/33/33
f 30/30/30 35/35/35 36/36/36
f 37/37/37 38/38/38 39/39/39
f 37/37/37 40/40/40 41/41/41
f 37/37/37 41/41/41 42/42/42
f 37/37/37 42/42/42 38/38/38
f 37/37/37 43/43/43 40/40/40
f 37/37/37 39/39/39 43/43/43
f 44/44/44 45/45/45 46/46/46
f 47/47/47 48/48/48 49/49/49
f 47/47/47 50/50/50 51/51/51
f 47/47/47 49/49/49 52/52/52
f 47/47/47 51/51/51 48/48/48
f 44/44/44 53/53/53 45/45/45
f 54/54/54 55/55/55 56/56/56
f 57/57/57 58/58/58 59/59/59
f 54/54/54 60/60/60 55/55/55
f 54/54/54 56/56/56 61/61/61
f 54/54/54 62/62/62 60/60/60
f 57/57/57 59/59/59 63/63/63
f 64/64/64 65/65/65 66/66/66
f 64/64/64 67/67/67 68/68/68
f 64/64/64 68/68/68 69/69/69
f 64/64/64 69/69/69 70/70/70
f 64/64/64 70/70/70 65/65/65
f 64/64/64 66/66/66 67/67/67
f 71/71/71 72/72/72 73/73/73
f 71/71/71 74/74/74 75/75/75
f 76/76/76 77/77/77 78/78/78
s 0
f 79/79/79 80/80/79 81/81/79
s 1
f 71/71/71 73/73/73 74/74/74
f 76/76/76 78/78/78 82/82/80
f 83/83/81 84/84/82 85/85/83
f 83/83/81 86/86/84 84/84/82
f 83/83/81 87/87/85 88/88/86
f 83/83/81 88/88/86 86/86/84
f 83/83/81 85/85/83 89/89/87
f 83/83/81 89/89/87 87/87/85
f 90/90/88 91/91/89 92/92/90
f 93/93/91 94/94/92 95/95/93
f 93/93/91 96/96/94 97/97/95
f 93/93/91 97/97/95 94/94/92
f 90/90/88 98/98/96 91/91/89
f 90/90/88 99/99/97 98/98/96
f 100/100/98 101/101/99 102/102/100
f 100/100/98 103/103/101 104/104/102
f 100/100/98 105/105/103 103/103/101
f 100/100/98 102/102/100 106/106/104
f 100/100/98 106/106/104 105/105/103
f 100/100/98 104/104/102 101/101/99
f 107/107/105 108/108/106 109/109/107
f 110/110/108 111/111/109 112/112/110
f 107/107/105 113/113/111 108/108/106
f 110/110/108 112/112/110 114/114/112
f 107/107/105 109/109/107 115/115/113
f 110/110/108 114/114/112 116/116/114
f 117/117/115 118/118/116 119/119/117
f 117/117/115 119/119/117 120/120/118
f 117/117/115 121/121/119 122/122/120
f 117/117/115 122/122/120 123/123/121
f 117/117/115 123/123/121 118/118/116
f 117/117/115 120/120/118 121/121/119
f 124/124/122 125/125/123 126/126/124
f 124/124/122 127/127/125 128/128/126
f 124/124/122 128/128/126 125/125/123
f 129/129/127 130/130/128 131/131/129
f 132/132/130 133/133/131 134/134/132
s 0
f 135/135/133 136/136/133 137/137/133
s 1
f 132/132/130 138/138/134 133/133/131
f 129/129/127 131/131/129 139/139/135
f 140/140/136 141/141/137 142/142/138
f 140/140/136 142/142/138 143/143/139
f 140/140/136 144/144/140 141/141/137
f 140/140/136 143/143/139 145/145/141
f 140/140/136 146/146/142 144/144/140
f 140/140/136 145/145/141 146/146/142
f 147/147/143 148/148/144 149/149/145
f 147/147/143 150/150/146 148/148/144
f 147/147/143 151/151/147 150/150/146
f 147/147/143 152/152/148 151/151/147
f 147/147/143 153/153/149 152/152/148
f 147/147/143 149/149/145 153/153/149
f 154/154/150 155/155/151 156/156/152
f 157/157/153 158/158/154 159/159/155
f 157/157/153 160/160/156 161/161/157
f 154/154/150 156/156/152 162/162/158
f 157/157/153 161/161/157 158/158/154
f 163/163/159 164/164/160 165/165/161
f 163/163/159 166/166/162 167/167/163
f 163/163/159 168/168/164 164/164/160
f 163/163/159 169/169/165 168/168/164
f 163/163/159 165/165/161 166/166/162
f 163/163/159 167/167/163 169/169/165
f 170/170/166 171/171/167 172/172/168
f 170/170/166 172/172/168 173/173/169
f 170/170/166 173/173/169 174/174/170
f 175/175/171 176/176/172 177/177/173
f 175/175/171 178/178/174 176/176/172
f 175/175/171 177/177/173 179/179/175
f 175/175/171 179/179/175 178/178/174
f 180/180/176 181/181/177 182/182/178
f 180/180/176 183/183/179 184/184/180
f 180/180/176 184/184/180 181/181/177
f 185/185/181 186/186/182 187/187/183
f 185/185/181 188/188/184 189/189/185
f 185/185/181 189/189/185 190/190/186
f 185/185/181 187/187/183 191/191/187
f 185/185/181 191/191/187 188/188/184
f 185/185/181 190/190/186 186/186/182
f 192/192/188 193/193/189 194/194/190
f 192/192/188 195/195/191 196/196/192
f 192/192/188 194/194/190 197/197/193
f 192/192/188 198/198/194 195/195/191
f 192/192/188 197/197/193 198/198/194
f 192/192/188 196/196/192 193/193/189
f 199/199/195 200/200/196 201/201/197
f 199/199/195 201/201/197 202/202/198
f 199/199/195 203/203/199 200/200/196
f 199/199/195 202/202/198 204/204/200
f 199/199/195 204/204/200 205/205/201
f 199/199/195 205/205/201 203/203/199
f 206/206/202 207/207/203 208/208/204
f 206/206/202 209/209/205 210/210/206
f 206/206/202 208/208/204 211/211/207
f 206/206/202 212/212/208 209/209/205
f 206/206/202 210/210/206 207/207/203
f 206/206/202 211/211/207 212/212/208
f 213/213/209 214/214/210 215/215/211
f 216/216/212 217/217/213 218/218/214
f 219/219/215 220/220/216 221/221/217
f 216/216/212 222/222/218 217/217/213
f 223/223/219 224/224/220 225/225/221
f 216/216/212 218/218/214 226/226/222
f 227/227/223 228/228/224 229/229/225
f 227/227/223 230/230/226 228/228/224
f 227/227/223 231/231/227 232/232/228
f 227/227/223 229/229/225 231/231/227
f 227/227/223 232/232/228 230/230/226
f 233/233/229 234/234/230 235/235/231
f 236/236/232 237/237/233 238/238/234
f 239/239/235 240/240/235 241/241/236
f 242/242/237 243/243/238 244/244/239
f 239/239/235 245/245/240 240/240/235
f 233/233/229 246/246/241 234/234/230
f 247/247/242 248/248/243 249/249/244
f 250/250/245 251/251/246 252/252/247
f 247/247/242 249/249/244 253/253/248
f 250/250/245 252/252/247 254/254/249
f 250/250/245 255/255/250 256/256/251
f 250/250/245 256/256/251 251/251/246
f 257/257/252 258/258/253 259/259/254
f 257/257/252 259/259/254 260/260/255
f 257/257/252 261/261/256 262/262/257
f 257/257/252 260/260/255 263/263/258
f 257/257/252 264/264/259 258/258/253
f 257/257/252 262/262/257 264/264/259
f 257/257/252 263/263/258 261/261/256
f 265/265/260 266/266/261 267/267/262
f 265/265/260 268/268/263 266/266/261
f 265/265/260 269/269/264 268/268/263
f 270/270/265 271/271/266 272/272/267
f 270/270/265 273/273/268 271/271/266
f 274/274/269 275/275/270 276/276/271
f 274/274/269 277/277/272 278/278/273
f 274/274/269 279/279/274 277/277/272
f 274/274/269 276/276/271 279/279/274
f 274/274/269 280/280/275 281/281/276
f 274/274/269 281/281/276 275/275/270
f 274/274/269 278/278/273 280/280/275
f 282/282/277 283/283/278 284/284/279
f 282/282/277 285/285/280 283/283/278
f 286/286/281 287/287/282 288/288/283
f 286/286/281 289/289/284 287/287/282
f 282/282/277 290/290/285 285/285/280
f 282/282/277 284/284/279 291/291/286
f 292/292/287 293/293/288 294/294/289
f 292/292/287 295/295/290 293/293/288
f 296/296/291 297/297/292 298/298/293
f 296/296/291 299/299/294 300/300/295
f 296/296/291 298/298/293 299/299/294
f 296/296/291 301/301/296 302/302/297
f 296/296/291 300/300/295 301/301/296
f 296/296/291 302/302/297 297/297/292
f 303/303/298 304/304/299 305/305/300
f 303/303/298 306/306/301 304/304/299
f 303/303/298 307/307/302 308/308/303
f 303/303/298 309/309/304 310/310/305
f 303/303/298 305/305/300 309/309/304
f 303/303/298 310/310/305 307/307/302
f 303/303/298 308/308/303 306/306/301
f 311/311/306 312/312/307 313/313/308
f 311/311/306 314/314/309 315/315/310
f 311/311/306 316/316/311 317/317/312
f 311/311/306 313/313/308 316/316/311
f 311/311/306 317/317/312 314/314/309
f 311/311/306 315/315/310 312/312/307
f 318/318/313 319/319/314 320/320/315
f 321/321/316 322/322/317 323/323/318
f 321/321/316 323/323/318 324/324/319
f 318/318/313 325/325/320 326/326/321
f 318/318/313 320/320/315 325/325/320
f 321/321/316 327/327/322 328/328/323
f 321/321/316 324/324/319 327/327/322
f 329/329/324 330/330/325 331/331/326
f 329/329/324 332/332/327 333/333/328
f 329/329/324 334/334/329 332/332/327
f 329/329/324 331/331/326 335/335/330
f 329/329/324 335/335/330 334/334/329
f 329/329/324 333/333/328 330/330/325
f 336/336/331 337/337/332 338/338/333
f 336/336/331 339/339/334 337/337/332
f 340/340/335 341/341/336 342/342/337
f 340/340/335 343/343/338 344/344/339
f 340/340/335 342/342/337 343/343/338
f 340/340/335 345/345/340 341/341/336
f 340/340/335 344/344/339 346/346/341
f 347/347/342 348/348/343 349/349/344
f 347/347/342 349/349/344 350/350/345
f 351/351/346 352/352/347 353/353/348
f 351/351/346 354/354/349 352/352/347
f 351/351/346 353/353/348 355/355/350
f 351/351/346 356/356/351 354/354/349
f 351/351/346 355/355/350 356/356/351
f 357/357/352 358/358/353 359/359/354
f 360/360/355 361/361/356 362/362/357
f 363/363/358 364/364/359 365/365/360
f 360/360/355 366/366/361 361/361/356
f 363/363/358 367/367/362 364/364/359
f 368/368/363 369/369/364 370/370/365
f 368/368/363 371/371/366 372/372/367
f 368/368/363 373/373/368 369/369/364
f 368/368/363 372/372/367 374/374/369
f 368/368/363 370/370/365 371/371/366
f 368/368/363 374/374/369 373/373/368
f 375/375/370 376/376/371 377/377/372
f 375/375/370 378/378/373 379/379/374
f 375/375/370 380/380/375 378/378/373
f 375/375/370 381/381/376 376/376/371
f 375/375/370 379/379/374 381/381/376
f 375/375/370 382/382/377 380/380/375
f 383/383/378 384/384/379 385/385/380
f 386/386/381 387/387/382 388/388/383
f 386/386/381 389/389/384 387/387/382
f 258/258/253 390/390/385 259/259/254
f 391/391/386 392/392/387 393/393/388
f 394/394/389 395/395/390 396/396/391
f 394/394/389 396/396/391 397/397/392
f 398/398/393 399/399/394 400/400/395
f 398/398/393 401/401/396 402/402/397
f 398/398/393 402/402/397 403/403/398
f 398/398/393 403/403/398 399/399/394
f 398/398/393 400/400/395 404/404/399
f 398/398/393 404/404/399 401/401/396
f 405/405/400 406/406/401 407/407/402
f 405/405/400 408/408/403 406/406/401
f 405/405/400 409/409/404 408/408/403
f 405/405/400 407/407/402 410/410/405
f 405/405/400 410/410/405 411/411/406
f 405/405/400 411/411/406 409/409/404
f 412/412/407 413/413/408 414/414/409
f 412/412/407 415/415/410 416/416/411
f 412/412/407 417/417/412 413/413/408
f 418/418/413 419/419/414 420/420/415
f 412/412/407 421/421/416 417/417/412
f 412/412/407 416/416/411 421/421/416
f 422/422/417 423/423/418 424/424/419
f 422/422/417 425/425/420 426/426/421
f 427/427/422 428/428/423 429/429/424
f 422/422/417 424/424/419 425/425/420
f 430/430/425 431/431/426 432/432/427
f 433/433/428 434/434/429 435/435/430
f 433/433/428 435/435/430 436/436/431
f 433/433/428 436/436/431 437/437/432
f 433/433/428 438/438/433 434/434/429
f 433/433/428 439/439/434 438/438/433
f 440/440/435 441/441/436 442/442/437
f 440/440/435 442/442/437 443/443/438
f 440/440/435 443/443/438 444/444/439
f 440/440/435 445/445/440 446/446/441
f 440/440/435 446/446/441 441/441/436
f 440/440/435 447/447/442 445/445/440
f 440/440/435 444/444/439 447/447/442
f 448/448/443 449/449/444 450/450/445
f 448/448/443 451/451/446 449/449/444
f 448/448/443 452/452/447 451/451/446
f 448/448/443 453/453/448 452/452/447
f 448/448/443 450/450/445 453/453/448
f 454/454/449 455/455/450 456/456/451
f 454/454/449 456/456/451 457/457/452
f 458/458/453 459/459/454 460/460/455
f 458/458/453 460/460/455 461/461/456
f 458/458/453 462/462/457 463/463/458
f 458/458/453 463/463/458 464/464/459
f 458/458/453 461/461/456 462/462/457
f 458/458/453 464/464/459 459/459/454
f 465/465/460 466/466/461 467/467/462
f 468/468/463 469/469/464 470/470/465
f 468/468/463 471/471/466 469/469/464
f 468/468/463 472/472/467 471/471/466
f 465/465/460 473/473/468 466/466/461
f 474/474/469 475/475/470 476/476/471
f 474/474/469 476/476/471 477/477/472
f 474/474/469 478/478/473 475/475/470
f 474/474/469 477/477/472 479/479/474
f 474/474/469 480/480/475 478/478/473
f 474/474/469 479/479/474 480/480/475
f 481/481/476 482/482/477 483/483/478
f 484/484/479 485/485/480 486/486/481
f 484/484/479 487/487/482 485/485/480
f 481/481/476 488/488/483 482/482/477
f 484/484/479 489/489/484 487/487/482
f 481/481/476 490/490/485 488/488/483
f 491/491/486 492/492/487 493/493/488
f 491/491/486 494/494/489 495/495/490
f 491/491/486 493/493/488 494/494/489
f 491/491/486 496/496/491 492/492/487
f 491/491/486 495/495/490 497/497/492
f 491/491/486 497/497/492 496/496/491
f 498/498/493 499/499/494 500/500/493
f 498/498/493 500/500/493 501/501/495
f 502/502/496 503/503/497 504/504/498
f 502/502/496 504/504/498 505/505/499
f 502/502/496 506/506/500 503/503/497
f 502/502/496 507/507/501 506/506/500
f 508/508/502 399/399/394 509/509/503
f 510/510/504 511/511/505 512/512/506
f 508/508/502 513/513/507 399/399/394
f 510/510/504 512/512/506 514/514/508
f 510/510/504 515/515/509 516/516/510
f 510/510/504 516/516/510 511/511/505
f 517/517/511 518/518/512 519/519/513
f 517/517/511 519/519/513 520/520/514
f 517/517/511 521/521/515 522/522/516
f 517/517/511 520/520/514 521/521/515
f 517/517/511 522/522/516 523/523/517
f 517/517/511 523/523/517 518/518/512
f 524/524/518 525/525/519 526/526/520
f 524/524/518 527/527/521 528/528/522
f 529/529/523 530/530/524 531/531/525
f 529/529/523 531/531/525 532/532/526
f 524/524/518 526/526/520 533/533/527
f 524/524/518 528/528/522 525/525/519
s 0
f 534/534/528 535/535/528 536/536/528
s 1
f 537/537/529 538/538/530 539/539/531
f 540/540/532 541/541/533 542/542/534
f 537/537/529 543/543/535 544/544/536
f 537/537/529 544/544/536 538/538/530
f 545/545/537 546/546/538 547/547/539
f 545/545/537 548/548/540 546/546/538
f 549/549/541 550/550/542 551/551/543
f 545/545/537 552/552/544 553/553/545
f 545/545/537 554/554/546 548/548/540
f 545/545/537 547/547/539 552/552/544
f 555/555/547 556/556/548 557/557/549
f 558/558/550 559/559/551 560/560/552
f 558/558/550 561/561/553 562/562/554
f 555/555/547 563/563/555 564/564/556
f 555/555/547 557/557/549 563/563/555
f 558/558/550 560/560/552 561/561/553
f 565/565/557 566/566/558 567/567/559
f 565/565/557 23/23/23 568/568/560
f 565/565/557 568/568/560 566/566/558
f 569/569/561 570/570/562 571/571/563
f 569/569/561 572/572/564 573/573/565
f 569/569/561 573/573/565 574/574/566
f 569/569/561 575/575/567 572/572/564
f 569/569/561 574/574/566 570/570/562
f 569/569/561 571/571/563 575/575/567
f 576/576/568 577/577/569 578/578/570
f 576/576/568 579/579/571 580/580/572
f 576/576/568 578/578/570 579/579/571
f 581/581/573 582/582/574 583/583/575
f 581/581/573 584/584/576 582/582/574
f 581/581/573 585/585/577 584/584/576
f 581/581/573 583/583/575 586/586/578
f 587/587/579 588/588/580 589/589/581
f 590/590/582 134/134/132 133/133/131
f 587/587/579 591/591/583 592/592/584
f 593/593/585 594/594/586 130/130/128
f 587/587/579 592/592/584 588/588/580
f 595/595/587 207/207/203 210/210/206
f 595/595/587 596/596/588 207/207/203
f 595/595/587 210/210/206 597/597/589
f 598/598/590 599/599/591 600/600/592
f 598/598/590 601/601/593 602/602/594
f 603/603/595 34/34/34 32/32/32
f 603/603/595 32/32/32 604/604/596
f 603/603/595 605/605/597 34/34/34
f 598/598/590 600/600/592 601/601/593
f 606/606/598 607/607/599 608/608/600
f 606/606/598 40/40/40 43/43/43
f 606/606/598 608/608/600 609/609/601
f 606/606/598 43/43/43 607/607/599
f 606/606/598 610/610/602 40/40/40
f 606/606/598 609/609/601 610/610/602
s 0
f 611/611/603 612/612/603 613/613/603
s 1
f 614/614/604 615/615/605 616/616/606
f 614/614/604 616/616/606 617/617/607
f 618/618/608 619/619/609 184/184/180
f 618/618/608 620/620/610 621/621/611
f 618/618/608 183/183/179 622/622/612
f 618/618/608 184/184/180 183/183/179
f 618/618/608 622/622/612 623/623/613
f 618/618/608 623/623/613 624/624/614
f 618/618/608 624/624/614 620/620/610
f 618/618/608 621/621/611 619/619/609
f 625/625/615 626/626/616 627/627/617
f 628/628/618 629/629/619 630/630/620
f 625/625/615 631/631/621 626/626/616
f 625/625/615 632/632/622 631/631/621
f 628/628/618 630/630/620 633/633/623
f 625/625/615 627/627/617 634/634/624
f 635/635/625 636/636/626 637/637/627
f 635/635/625 638/638/628 639/639/629
f 635/635/625 637/637/627 638/638/628
f 635/635/625 640/640/630 636/636/626
f 635/635/625 639/639/629 640/640/630
f 641/641/631 642/642/632 643/643/633
f 641/641/631 644/644/634 642/642/632
f 641/641/631 645/645/635 644/644/634
f 646/646/636 647/647/637 648/648/638
f 646/646/636 204/204/200 647/647/637
f 646/646/636 205/205/201 204/204/200
f 649/649/639 650/650/640 9/9/9
f 2/2/2 7/7/7 651/651/641
f 2/2/2 651/651/641 652/652/642
f 649/649/639 653/653/643 650/650/640
f 654/654/644 655/655/645 656/656/646
f 654/654/644 657/657/647 658/658/648
f 659/659/645 660/660/649 661/661/650
f 654/654/644 656/656/646 662/662/651
f 654/654/644 662/662/651 657/657/647
f 663/663/652 664/664/653 665/665/654
f 666/666/655 667/667/656 668/668/657
f 666/666/655 668/668/657 669/669/658
f 19/19/19 670/670/659 20/20/20
f 248/248/243 671/671/660 249/249/244
f 672/672/661 673/673/662 674/674/663
f 672/672/661 675/675/664 676/676/665
f 672/672/661 677/677/666 675/675/664
f 672/672/661 676/676/665 673/673/662
f 672/672/661 674/674/663 677/677/666
f 678/678/667 679/679/668 680/680/669
f 678/678/667 680/680/669 681/681/670
f 682/682/671 683/683/672 684/684/673
f 682/682/671 684/684/673 685/685/674
f 682/682/671 685/685/674 686/686/675
f 687/687/676 688/688/677 689/689/678
f 687/687/676 690/690/679 691/691/680
f 687/687/676 689/689/678 690/690/679
f 692/692/681 693/693/682 694/694/683
f 692/692/681 694/694/683 695/695/684
f 692/692/681 696/696/685 693/693/682
f 697/697/686 698/698/687 699/699/688
f 692/692/681 695/695/684 700/700/689
f 692/692/681 701/701/690 696/696/685
f 702/702/691 703/703/692 704/704/693
f 702/702/691 704/704/693 705/705/694
f 706/706/695 707/707/696 708/708/697
f 706/706/695 709/709/698 710/710/699
f 706/706/695 485/485/480 709/709/698
f 706/706/695 711/711/700 485/485/480
f 706/706/695 708/708/697 711/711/700
f 706/706/695 710/710/699 707/707/696
f 712/712/701 713/713/702 714/714/703
f 712/712/701 714/714/703 715/715/704
f 712/712/701 715/715/704 716/716/705
f 712/712/701 716/716/705 717/717/706
f 712/712/701 717/717/706 713/713/702
f 718/718/707 719/719/708 720/720/709
f 718/718/707 720/720/709 721/721/710
f 718/718/707 721/721/710 722/722/711
f 718/718/707 723/723/712 719/719/708
f 718/718/707 722/722/711 724/724/713
f 718/718/707 724/724/713 723/723/712
f 725/725/714 726/726/715 727/727/716
f 725/725/714 728/728/717 729/729/718
f 725/725/714 730/730/719 731/731/720
f 725/725/714 727/727/716 728/728/717
f 725/725/714 731/731/720 726/726/715
f 725/725/714 729/729/718 730/730/719
f 732/732/721 733/733/722 734/734/723
f 732/732/721 735/735/724 736/736/725
f 732/732/721 736/736/725 733/733/722
f 732/732/721 737/737/726 735/735/724
f 732/732/721 738/738/727 737/737/726
f 732/732/721 734/734/723 738/738/727
f 739/739/728 740/740/729 741/741/730
f 742/742/731 743/743/732 744/744/733
f 739/739/728 745/745/734 746/746/735
f 739/739/728 747/747/736 745/745/734
f 742/742/731 744/744/733 748/748/737
f 739/739/728 741/741/730 747/747/736
f 749/749/738 698/698/687 750/750/739
f 749/749/738 751/751/740 698/698/687
f 749/749/738 752/752/741 751/751/740
f 753/753/742 754/754/743 755/755/744
f 753/753/742 756/756/745 757/757/746
f 753/753/742 31/31/31 754/754/743
f 753/753/742 755/755/744 758/758/747
f 753/753/742 759/759/748 756/756/745
f 753/753/742 758/758/747 759/759/748
f 753/753/742 757/757/746 31/31/31
f 760/760/749 761/761/750 230/230/226
f 762/762/751 763/763/752 764/764/753
f 762/762/751 765/765/754 766/766/755
f 767/767/756 542/542/534 768/768/757
f 769/769/758 770/770/759 771/771/760
f 769/769/758 772/772/761 773/773/762
f 762/762/751 774/774/763 763/763/752
f 762/762/751 764/764/753 765/765/754
f 769/769/758 773/773/762 775/775/764
f 769/769/758 775/775/764 770/770/759
f 776/776/765 777/777/766 778/778/767
f 776/776/765 779/779/768 780/780/769
f 781/781/770 782/782/771 783/783/772
f 781/781/770 783/783/772 784/784/773
f 776/776/765 778/778/767 779/779/768
f 781/781/770 784/784/773 785/785/774
f 786/786/775 58/58/58 787/787/776
f 786/786/775 788/788/777 58/58/58
f 786/786/775 787/787/776 789/789/778
f 790/790/779 791/791/780 792/792/781
f 790/790/779 793/793/782 794/794/783
f 790/790/779 794/794/783 791/791/780
f 790/790/779 795/795/784 793/793/782
f 790/790/779 796/796/785 795/795/784
f 790/790/779 792/792/781 796/796/785
f 797/797/786 798/798/787 799/799/788
f 797/797/786 800/800/789 801/801/790
f 797/797/786 799/799/788 800/800/789
f 797/797/786 802/802/791 798/798/787
f 797/797/786 801/801/790 803/803/792
f 804/804/793 805/805/794 806/806/795
f 807/807/796 808/808/797 809/809/798
f 807/807/796 809/809/798 810/810/799
f 807/807/796 810/810/799 811/811/800
f 807/807/796 7/7/7 808/808/797
f 807/807/796 651/651/641 7/7/7
f 807/807/796 811/811/800 651/651/641
f 812/812/801 813/813/802 814/814/803
f 812/812/801 815/815/804 816/816/805
f 817/817/806 818/818/807 819/819/808
f 812/812/801 814/814/803 815/815/804
f 817/817/806 819/819/808 820/820/809
f 817/817/806 820/820/809 821/821/810
f 822/822/811 546/546/538 823/823/812
f 822/822/811 824/824/813 547/547/539
f 822/822/811 825/825/814 826/826/815
f 822/822/811 826/826/815 824/824/813
f 822/822/811 547/547/539 546/546/538
f 822/822/811 823/823/812 825/825/814
f 297/297/292 302/302/297 827/827/816
f 304/304/299 306/306/301 828/828/817
f 304/304/299 829/829/818 830/830/819
f 304/304/299 828/828/817 829/829/818
f 304/304/299 830/830/819 305/305/300
f 831/831/820 832/832/821 833/833/822
f 831/831/820 834/834/823 832/832/821
f 835/835/824 836/836/825 837/837/826
f 835/835/824 838/838/827 836/836/825
f 831/831/820 833/833/822 839/839/828
f 840/840/829 841/841/830 842/842/831
f 840/840/829 842/842/831 843/843/832
f 844/844/833 845/845/834 846/846/835
f 844/844/833 847/847/836 845/845/834
f 844/844/833 846/846/835 455/455/450
f 848/848/837 849/849/838 850/850/839
f 851/851/840 852/852/841 853/853/842
f 851/851/840 854/854/843 855/855/844
f 851/851/840 853/853/842 854/854/843
f 848/848/837 856/856/845 849/849/838
f 848/848/837 850/850/839 857/857/846
f 848/848/837 858/858/847 856/856/845
f 859/859/848 860/860/849 861/861/850
f 859/859/848 861/861/850 862/862/851
f 863/863/852 864/864/853 865/865/854
f 866/866/855 867/867/856 868/868/857
f 859/859/848 869/869/858 860/860/849
f 863/863/852 870/870/859 864/864/853
f 754/754/743 31/31/31 871/871/860
f 754/754/743 872/872/861 873/873/862
f 754/754/743 871/871/860 872/872/861
f 754/754/743 873/873/862 755/755/744
f 874/874/863 875/875/864 876/876/865
f 874/874/863 877/877/866 875/875/864
f 878/878/867 879/879/868 880/880/869
f 874/874/863 881/881/870 877/877/866
f 878/878/867 880/880/869 882/882/871
f 883/883/872 884/884/873 885/885/874
f 883/883/872 886/886/875 887/887/876
f 883/883/872 885/885/874 888/888/877
f 883/883/872 888/888/877 886/886/875
f 883/883/872 887/887/876 884/884/873
f 889/889/878 890/890/879 891/891/880
f 889/889/878 892/892/881 890/890/879
f 889/889/878 893/893/882 892/892/881
f 894/894/883 895/895/884 896/896/885
f 894/894/883 897/897/886 898/898/887
f 894/894/883 898/898/887 895/895/884
f 894/894/883 899/899/888 900/900/889
f 894/894/883 896/896/885 899/899/888
f 894/894/883 900/900/889 897/897/886
f 901/901/890 902/902/891 903/903/892
f 901/901/890 904/904/893 905/905/894
f 901/901/890 905/905/894 906/906/895
f 901/901/890 906/906/895 907/907/896
f 901/901/890 903/903/892 904/904/893
f 901/901/890 907/907/896 902/902/891
f 908/908/897 909/909/898 910/910/899
f 908/908/897 911/911/900 909/909/898
f 908/908/897 912/912/901 911/911/900
f 908/908/897 910/910/899 913/913/902
f 908/908/897 914/914/903 912/912/901
f 908/908/897 913/913/902 914/914/903
f 915/915/904 916/916/905 917/917/906
f 918/918/907 919/919/908 920/920/909
f 915/915/904 917/917/906 921/921/910
f 922/922/911 923/923/912 924/924/913
f 915/915/904 921/921/910 925/925/914
f 915/915/904 925/925/914 926/926/915
f 922/922/911 927/927/916 923/923/912
f 922/922/911 928/928/917 927/927/916
f 929/929/918 930/930/919 931/931/920
f 929/929/918 932/932/921 933/933/922
f 929/929/918 931/931/920 932/932/921
f 929/929/918 934/934/923 930/930/919
f 929/929/918 935/935/924 934/934/923
f 929/929/918 933/933/922 935/935/924
f 936/936/925 937/937/926 938/938/927
f 936/936/925 45/45/45 939/939/928
f 936/936/925 940/940/929 941/941/930
f 936/936/925 941/941/930 45/45/45
f 936/936/925 938/938/927 940/940/929
f 936/936/925 939/939/928 937/937/926
f 942/942/931 943/943/932 944/944/933
f 945/945/934 946/946/935 947/947/936
f 945/945/934 948/948/937 946/946/935
f 945/945/934 949/949/938 948/948/937
f 942/942/931 950/950/939 951/951/940
f 942/942/931 944/944/933 950/950/939
f 952/952/941 953/953/942 954/954/943
f 952/952/941 955/955/944 842/842/831
f 952/952/941 956/956/945 957/957/946
f 952/952/941 958/958/947 955/955/944
f 952/952/941 842/842/831 953/953/942
f 952/952/941 957/957/946 958/958/947
f 952/952/941 954/954/943 956/956/945
f 959/959/948 960/960/949 961/961/950
f 429/429/424 428/428/423 962/962/951
f 959/959/948 961/961/950 963/963/952
f 423/423/418 964/964/953 965/965/954
f 423/423/418 965/965/954 424/424/419
f 275/275/270 966/966/955 276/276/271
f 967/967/956 968/968/957 969/969/958
f 967/967/956 969/969/958 970/970/959
f 967/967/956 971/971/960 968/968/957
f 967/967/956 161/161/157 971/971/960
f 967/967/956 972/972/961 161/161/157
f 967/967/956 970/970/959 972/972/961
f 973/973/962 974/974/963 975/975/964
f 973/973/962 976/976/385 977/977/385
f 973/973/962 977/977/385 978/978/965
f 973/973/962 978/978/965 974/974/963
f 979/979/966 980/980/967 981/981/968
f 982/982/969 983/983/970 984/984/971
f 982/982/969 985/985/972 983/983/970
f 979/979/966 986/986/973 980/980/967
f 982/982/969 987/987/974 985/985/972
f 979/979/966 981/981/968 988/988/975
f 989/989/976 990/990/977 991/991/978
f 989/989/976 992/992/979 120/120/118
f 989/989/976 993/993/980 992/992/979
f 989/989/976 994/994/981 990/990/977
f 989/989/976 991/991/978 993/993/980
f 989/989/976 120/120/118 994/994/981
f 466/466/461 995/995/982 467/467/462
f 466/466/461 996/996/983 997/997/984
f 466/466/461 997/997/984 998/998/985
f 466/466/461 473/473/468 996/996/983
f 466/466/461 998/998/985 995/995/982
f 999/999/986 186/186/182 1000/1000/987
f 999/999/986 1001/1001/988 627/627/617
f 999/999/986 626/626/616 186/186/182
f 999/999/986 1000/1000/987 1001/1001/988
f 999/999/986 627/627/617 626/626/616
f 895/895/884 898/898/887 1002/1002/989
f 895/895/884 1003/1003/990 896/896/885
f 1004/1004/991 1005/1005/992 1006/1006/993
f 895/895/884 1002/1002/989 1007/1007/994
f 1008/1008/995 1009/1009/996 1010/1010/997
f 1008/1008/995 1010/1010/997 1011/1011/998
f 1008/1008/995 1012/1012/999 1013/1013/1000
f 1008/1008/995 1011/1011/998 1012/1012/999
f 1008/1008/995 1013/1013/1000 1009/1009/996
f 1014/1014/1001 1015/1015/1002 1016/1016/1003
f 1014/1014/1001 1017/1017/1004 1018/1018/1005
f 1014/1014/1001 1016/1016/1003 1019/1019/1006
f 1014/1014/1001 1019/1019/1006 1017/1017/1004
f 1014/1014/1001 1018/1018/1005 1015/1015/1002
f 1020/1020/1007 1021/1021/1008 1022/1022/1009
f 1020/1020/1007 1023/1023/1010 1021/1021/1008
f 1024/1024/1011 1025/1025/1012 1026/1026/1013
f 1027/1027/1014 1028/1028/1015 934/934/923
f 1027/1027/1014 1029/1029/1016 1030/1030/1017
f 1027/1027/1014 934/934/923 1029/1029/1016
f 1031/1031/1018 1032/1032/1019 1033/1033/1020
f 1031/1031/1018 1034/1034/1021 1035/1035/1022
f 1031/1031/1018 1036/1036/1023 1034/1034/1021
f 1031/1031/1018 1035/1035/1022 1037/1037/1024
f 1031/1031/1018 1033/1033/1020 1036/1036/1023
f 1031/1031/1018 1037/1037/1024 1032/1032/1019
f 1038/1038/1025 1039/1039/1026 1040/1040/1027
f 1038/1038/1025 1041/1041/1028 1042/1042/1029
f 1038/1038/1025 1042/1042/1029 1043/1043/1030
f 1038/1038/1025 1040/1040/1027 1041/1041/1028
f 1038/1038/1025 1043/1043/1030 1039/1039/1026
f 1044/1044/1031 1045/1045/1032 1046/1046/1033
f 1044/1044/1031 1046/1046/1033 1047/1047/1034
f 1048/1048/1035 1049/1049/1036 1050/1050/1037
f 1048/1048/1035 1051/1051/1038 1052/1052/1039
s 0
f 1053/1053/1040 1054/1054/1040 1055/1055/1040
s 1
f 1044/1044/1031 1047/1047/1034 1056/1056/1041
f 1048/1048/1035 1050/1050/1037 1051/1051/1038
f 1057/1057/1042 1058/1058/1043 1059/1059/1044
f 1057/1057/1042 1060/1060/1045 1058/1058/1043
f 1057/1057/1042 1061/1061/1046 1060/1060/1045
f 1062/1062/1047 1063/1063/1048 1064/1064/1049
f 1062/1062/1047 588/588/580 1065/1065/1050
f 1066/1066/1051 1067/1067/1052 594/594/586
f 1062/1062/1047 589/589/581 588/588/580
f 1062/1062/1047 1065/1065/1050 1063/1063/1048
f 1068/1068/1053 1069/1069/1054 1070/1070/1055
f 1068/1068/1053 1070/1070/1055 1071/1071/1056
f 1068/1068/1053 1072/1072/1057 1069/1069/1054
f 1073/1073/1058 1074/1074/1059 1075/1075/1060
f 1076/1076/385 1077/1077/1061 1078/1078/1062
f 1073/1073/1058 1079/1079/1063 1080/1080/1064
f 1073/1073/1058 1075/1075/1060 1079/1079/1063
f 1073/1073/1058 1081/1081/1065 1074/1074/1059
f 1073/1073/1058 1080/1080/1064 1082/1082/1066
f 1083/1083/1067 1084/1084/1068 1085/1085/1069
f 1083/1083/1067 1086/1086/1070 1084/1084/1068
f 1083/1083/1067 1087/1087/1071 1086/1086/1070
f 1083/1083/1067 1085/1085/1069 1087/1087/1071
f 1088/1088/1072 785/785/774 1089/1089/1073
f 1088/1088/1072 1089/1089/1073 1090/1090/1074
f 1088/1088/1072 1091/1091/1075 785/785/774
f 1092/1092/1076 1093/1093/1077 1094/1094/1078
f 1092/1092/1076 1095/1095/1079 1096/1096/1080
f 1092/1092/1076 1097/1097/1081 1095/1095/1079
f 1092/1092/1076 1096/1096/1080 1093/1093/1077
f 1092/1092/1076 1094/1094/1078 1097/1097/1081
f 791/791/780 794/794/783 1098/1098/1082
f 791/791/780 1099/1099/1083 792/792/781
f 791/791/780 1100/1100/1084 1099/1099/1083
f 791/791/780 1098/1098/1082 1100/1100/1084
f 1101/1101/1085 1102/1102/1086 1103/1103/1087
f 1101/1101/1085 1005/1005/992 1102/1102/1086
f 1101/1101/1085 1104/1104/1088 1005/1005/992
f 1105/1105/1089 1106/1106/1090 1107/1107/1091
f 1105/1105/1089 904/904/893 903/903/892
f 1105/1105/1089 1108/1108/1092 1106/1106/1090
f 1105/1105/1089 903/903/892 1013/1013/1000
f 1105/1105/1089 1107/1107/1091 904/904/893
f 1105/1105/1089 1013/1013/1000 1108/1108/1092
f 1109/1109/1093 1110/1110/1094 1111/1111/1095
f 1109/1109/1093 1112/1112/1096 1113/1113/1097
f 1109/1109/1093 1111/1111/1095 1114/1114/1098
f 1109/1109/1093 1113/1113/1097 1110/1110/1094
f 1109/1109/1093 1115/1115/1099 1112/1112/1096
f 1109/1109/1093 1114/1114/1098 1115/1115/1099
f 1116/1116/1100 1117/1117/1101 1118/1118/1102
f 1116/1116/1100 1118/1118/1102 1119/1119/1103
f 1116/1116/1100 1119/1119/1103 1120/1120/1104
f 1116/1116/1100 1121/1121/1105 1117/1117/1101
f 1122/1122/1106 1123/1123/1107 1124/1124/1108
f 1122/1122/1106 115/115/113 109/109/107
f 1122/1122/1106 1124/1124/1108 1125/1125/1109
f 1122/1122/1106 109/109/107 1126/1126/1110
f 1122/1122/1106 1125/1125/1109 115/115/113
f 1122/1122/1106 1126/1126/1110 1123/1123/1107
f 1127/1127/1111 1128/1128/1112 1129/1129/1113
f 1127/1127/1111 1130/1130/1114 1131/1131/1115
f 1127/1127/1111 1129/1129/1113 1130/1130/1114
f 1132/1132/1116 1133/1133/1117 1134/1134/1118
f 1132/1132/1116 1135/1135/1119 1133/1133/1117
f 726/726/715 1136/1136/1120 1137/1137/1121
f 726/726/715 731/731/720 1136/1136/1120
f 726/726/715 1138/1138/1122 727/727/716
f 726/726/715 1137/1137/1121 1138/1138/1122
f 1139/1139/1123 1140/1140/1124 1141/1141/1125
f 1139/1139/1123 1142/1142/1126 1143/1143/1127
f 1139/1139/1123 1143/1143/1127 1144/1144/1128
f 1139/1139/1123 1141/1141/1125 1145/1145/1129
f 1139/1139/1123 1145/1145/1129 1142/1142/1126
f 1139/1139/1123 1144/1144/1128 1140/1140/1124
f 1146/1146/1130 1147/1147/1131 1148/1148/1132
f 1149/1149/1133 1150/1150/1134 1151/1151/1135
f 1152/1152/1136 1153/1153/1137 1154/1154/1138
f 1149/1149/1133 1151/1151/1135 1155/1155/1139
f 1152/1152/1136 1154/1154/1138 1156/1156/1140
f 1157/1157/1141 1158/1158/1142 1159/1159/1143
f 1157/1157/1141 1160/1160/1144 1158/1158/1142
f 1157/1157/1141 1161/1161/1145 1162/1162/1146
f 1157/1157/1141 1159/1159/1143 1161/1161/1145
f 1163/1163/1147 1164/1164/1148 85/85/83
f 1163/1163/1147 85/85/83 84/84/82
f 1165/1165/1149 1166/1166/1150 417/417/412
f 1167/1167/1151 1168/1168/1152 1169/1169/1153
f 1165/1165/1149 417/417/412 421/421/416
f 1165/1165/1149 656/656/646 1170/1170/1154
f 1165/1165/1149 421/421/416 656/656/646
f 1171/1171/1155 1172/1172/1156 1173/1173/1157
f 664/664/653 563/563/555 665/665/654
f 1171/1171/1155 1174/1174/385 1175/1175/1158
f 1171/1171/1155 1175/1175/1158 1172/1172/1156
f 1176/1176/1159 1177/1177/1160 1178/1178/1161
f 1176/1176/1159 1178/1178/1161 1179/1179/1162
f 1176/1176/1159 1179/1179/1162 1180/1180/1163
f 1176/1176/1159 1181/1181/1164 435/435/430
f 1176/1176/1159 1180/1180/1163 1181/1181/1164
f 1176/1176/1159 435/435/430 1177/1177/1160
f 1182/1182/1165 1112/1112/1096 1183/1183/1166
f 1182/1182/1165 1113/1113/1097 1112/1112/1096
f 1182/1182/1165 1183/1183/1166 1184/1184/1167
f 1185/1185/1168 575/575/567 1186/1186/1169
f 1185/1185/1168 1187/1187/1170 575/575/567
f 1182/1182/1165 1188/1188/1171 1113/1113/1097
f 1189/1189/1172 1190/1190/1173 676/676/665
f 1189/1189/1172 675/675/664 1191/1191/1174
f 1189/1189/1172 676/676/665 675/675/664
f 679/679/668 1192/1192/1175 1193/1193/1176
f 679/679/668 1193/1193/1176 680/680/669
f 686/686/675 1194/1194/1177 1195/1195/1178
f 686/686/675 685/685/674 1194/1194/1177
f 1196/1196/1179 1197/1197/1180 1198/1198/1181
f 1199/1199/1182 856/856/845 858/858/847
f 1199/1199/1182 1200/1200/1183 464/464/459
f 1196/1196/1179 1201/1201/1184 1197/1197/1180
f 1199/1199/1182 464/464/459 856/856/845
f 1202/1202/1185 1203/1203/1186 1204/1204/1187
f 1202/1202/1185 1204/1204/1187 1205/1205/1188
f 860/860/849 869/869/858 1206/1206/1189
f 860/860/849 1207/1207/1190 861/861/850
f 1208/1208/1191 1209/1209/1192 1210/1210/1193
f 1208/1208/1191 1211/1211/1194 1212/1212/1195
f 1208/1208/1191 1213/1213/1196 1214/1214/1197
f 1208/1208/1191 1210/1210/1193 1213/1213/1196
f 1208/1208/1191 1214/1214/1197 1211/1211/1194
f 1208/1208/1191 1212/1212/1195 1209/1209/1192
f 1215/1215/1198 1216/1216/1199 1217/1217/1200
f 1218/1218/1201 1219/1219/1202 1220/1220/1203
f 1215/1215/1198 1217/1217/1200 879/879/868
f 1218/1218/1201 1220/1220/1203 1221/1221/1204
f 1218/1218/1201 1221/1221/1204 1222/1222/1205
f 1223/1223/1206 1134/1134/1118 1224/1224/1207
f 1225/1225/1208 1226/1226/1209 1128/1128/1112
f 1227/1227/1210 1228/1228/1211 503/503/497
f 1227/1227/1210 1229/1229/1212 1230/1230/1213
f 1227/1227/1210 503/503/497 1231/1231/1214
f 1227/1227/1210 1232/1232/1215 1228/1228/1211
f 1227/1227/1210 1233/1233/1216 1229/1229/1212
f 1227/1227/1210 1230/1230/1213 1232/1232/1215
f 1227/1227/1210 1231/1231/1214 1233/1233/1216
f 1234/1234/1217 1235/1235/1218 1236/1236/1219
f 1237/1237/1220 1238/1238/1221 1239/1239/1222
f 1240/1240/1223 1241/1241/1224 1242/1242/1225
f 1240/1240/1223 1242/1242/1225 1243/1243/1226
f 1237/1237/1220 1239/1239/1222 1244/1244/1227
f 1237/1237/1220 1245/1245/1228 1238/1238/1221
f 1246/1246/1229 1247/1247/1230 1248/1248/1231
f 1246/1246/1229 1249/1249/1232 1250/1250/1233
f 1246/1246/1229 1251/1251/1234 1247/1247/1230
f 1246/1246/1229 1252/1252/1235 1251/1251/1234
f 1246/1246/1229 1250/1250/1233 1252/1252/1235
f 1246/1246/1229 1253/1253/1236 1249/1249/1232
f 1246/1246/1229 1248/1248/1231 1253/1253/1236
f 1254/1254/1237 1255/1255/1238 1256/1256/1239
f 1257/1257/1240 1258/1258/1241 1259/1259/1242
f 1260/1260/1243 1261/1261/1244 1262/1262/1245
f 1260/1260/1243 1263/1263/1246 1261/1261/1244
f 1254/1254/1237 1264/1264/1247 1255/1255/1238
f 1254/1254/1237 1256/1256/1239 1265/1265/1248
f 1266/1266/1249 538/538/530 1267/1267/1250
f 1266/1266/1249 1267/1267/1250 1268/1268/1251
f 1266/1266/1249 1269/1269/1252 1270/1270/1253
f 1266/1266/1249 1268/1268/1251 1269/1269/1252
f 1266/1266/1249 1270/1270/1253 538/538/530
f 1271/1271/1254 294/294/289 1272/1272/1255
f 1273/1273/1256 1274/1274/1257 1275/1275/1258
f 1276/1276/1259 15/15/15 17/17/17
f 1277/1277/1260 1278/1278/1261 1279/1279/1262
f 1276/1276/1259 1280/1280/1263 15/15/15
f 1281/1281/1264 1282/1282/1265 150/150/146
f 1281/1281/1264 1283/1283/1266 1282/1282/1265
f 1281/1281/1264 1284/1284/1267 1285/1285/1268
f 1281/1281/1264 1285/1285/1268 1286/1286/1269
f 1281/1281/1264 150/150/146 1284/1284/1267
f 1287/1287/1270 20/20/20 1288/1288/1271
f 1289/1289/1272 1290/1290/1273 1291/1291/1274
f 1289/1289/1272 1292/1292/1275 256/256/251
f 1289/1289/1272 1291/1291/1274 1293/1293/1276
f 1289/1289/1272 255/255/250 1294/1294/1277
f 1289/1289/1272 1294/1294/1277 1290/1290/1273
f 1289/1289/1272 256/256/251 255/255/250
f 1289/1289/1272 1293/1293/1276 1292/1292/1275
f 1295/1295/1278 1296/1296/1279 1297/1297/1280
f 1298/1298/1281 1299/1299/1282 1300/1300/1283
f 1295/1295/1278 1301/1301/1284 1302/1302/1285
f 1298/1298/1281 1303/1303/1286 1299/1299/1282
f 1295/1295/1278 1302/1302/1285 1296/1296/1279
f 1304/1304/1287 1305/1305/1288 1213/1213/1196
f 1306/1306/1289 1307/1307/1290 1308/1308/1291
f 1306/1306/1289 1309/1309/1292 1310/1310/1293
f 1306/1306/1289 1308/1308/1291 1309/1309/1292
f 1306/1306/1289 1310/1310/1293 1311/1311/1294
f 1306/1306/1289 1311/1311/1294 1312/1312/1295
f 1313/1313/1296 1314/1314/1297 1315/1315/1298
f 1313/1313/1296 591/591/583 1316/1316/1299
f 1313/1313/1296 1316/1316/1299 1314/1314/1297
f 1313/1313/1296 1315/1315/1298 1317/1317/1300
f 1313/1313/1296 1317/1317/1300 591/591/583
f 1318/1318/1301 1319/1319/1302 1320/1320/1303
f 1318/1318/1301 344/344/339 1321/1321/1304
f 1318/1318/1301 1321/1321/1304 1319/1319/1302
f 1318/1318/1301 346/346/341 344/344/339
f 1318/1318/1301 1320/1320/1303 1322/1322/1305
f 1323/1323/1306 1324/1324/1307 348/348/343
f 1325/1325/1308 601/601/593 600/600/592
f 1326/1326/1309 1327/1327/1310 1328/1328/1311
f 1325/1325/1308 1329/1329/1312 601/601/593
f 1326/1326/1309 1328/1328/1311 1330/1330/1313
f 1326/1326/1309 1331/1331/1314 1327/1327/1310
f 1325/1325/1308 600/600/592 1332/1332/1315
f 1333/1333/1316 1334/1334/1317 1335/1335/1318
f 1336/1336/1319 1337/1337/1320 1338/1338/1321
f 1336/1336/1319 1339/1339/1322 1340/1340/1323
f 1336/1336/1319 1341/1341/1324 1339/1339/1322
f 1336/1336/1319 1340/1340/1323 1337/1337/1320
f 1342/1342/1325 1343/1343/1326 1344/1344/1327
f 1342/1342/1325 1345/1345/1328 1343/1343/1326
f 1346/1346/1329 1347/1347/1330 1348/1348/1331
f 1346/1346/1329 1348/1348/1331 1349/1349/1332
f 1346/1346/1329 1350/1350/1333 1351/1351/1334
f 1346/1346/1329 1351/1351/1334 1347/1347/1330
f 1352/1352/1335 1353/1353/1336 1354/1354/1337
s 0
f 1355/1355/1338 1356/1356/1338 1357/1357/1338
s 1
f 1352/1352/1335 1354/1354/1337 1358/1358/1339
f 1352/1352/1335 1359/1359/1340 1360/1360/1341
f 1361/1361/1342 1362/1362/1343 1363/1363/1344
f 1352/1352/1335 1358/1358/1339 1359/1359/1340
f 1364/1364/1345 1365/1365/1346 1366/1366/1347
f 1364/1364/1345 1367/1367/1348 1365/1365/1346
f 1364/1364/1345 260/260/255 1367/1367/1348
f 1364/1364/1345 1368/1368/1349 260/260/255
f 1364/1364/1345 1369/1369/1350 1368/1368/1349
f 1364/1364/1345 1366/1366/1347 1369/1369/1350
f 1370/1370/1351 1371/1371/1352 1372/1372/1353
f 1370/1370/1351 638/638/628 637/637/627
f 1373/1373/1354 1374/1374/1355 1375/1375/1356
f 1370/1370/1351 637/637/627 1376/1376/1357
f 1370/1370/1351 1376/1376/1357 1371/1371/1352
f 1370/1370/1351 1372/1372/1353 1377/1377/1358
f 1378/1378/1359 1379/1379/1360 1380/1380/1361
f 1378/1378/1359 1380/1380/1361 1381/1381/1362
f 1378/1378/1359 1381/1381/1362 1382/1382/1363
f 1383/1383/1364 1384/1384/1365 1385/1385/1366
f 1383/1383/1364 1386/1386/1367 1387/1387/1368
f 1383/1383/1364 1387/1387/1368 1388/1388/1369
f 1383/1383/1364 1385/1385/1366 1386/1386/1367
f 1383/1383/1364 29/29/29 1384/1384/1365
f 1383/1383/1364 1388/1388/1369 29/29/29
f 1389/1389/1370 1390/1390/1371 1391/1391/1372
f 1389/1389/1370 1392/1392/1373 1393/1393/1374
f 1389/1389/1370 1391/1391/1372 1392/1392/1373
f 771/771/760 770/770/759 1394/1394/1375
f 761/761/750 228/228/224 230/230/226
f 761/761/750 1395/1395/1376 228/228/224
f 1396/1396/1377 1397/1397/1378 1398/1398/1379
f 1396/1396/1377 1399/1399/1380 1397/1397/1378
f 1396/1396/1377 1398/1398/1379 1400/1400/1381
f 1396/1396/1377 1401/1401/1382 1399/1399/1380
f 1396/1396/1377 1402/1402/1383 1401/1401/1382
f 1396/1396/1377 1400/1400/1381 1402/1402/1383
f 126/126/124 125/125/123 1403/1403/1384
f 126/126/124 1403/1403/1384 671/671/660
f 920/920/909 919/919/908 1404/1404/1385
f 916/916/905 1405/1405/1386 917/917/906
f 1406/1406/1387 1407/1407/1388 1408/1408/1389
f 1409/1409/1390 1410/1410/1391 1411/1411/1392
f 1409/1409/1390 1412/1412/1393 1413/1413/1394
f 1409/1409/1390 1411/1411/1392 1414/1414/1395
f 1409/1409/1390 1414/1414/1395 1415/1415/1396
f 1409/1409/1390 1413/1413/1394 1410/1410/1391
f 1416/1416/1397 1417/1417/1398 1418/1418/1399
f 1416/1416/1397 1419/1419/1400 1420/1420/1401
s 0
f 1421/1421/1402 1422/1422/1402 1423/1423/1402
s 1
f 1416/1416/1397 1420/1420/1401 1417/1417/1398
f 1416/1416/1397 1424/1424/1403 1425/1425/1404
f 1416/1416/1397 1418/1418/1399 1424/1424/1403
f 1426/1426/1405 1427/1427/1406 1428/1428/1407
f 1426/1426/1405 1429/1429/1408 1430/1430/1409
f 1426/1426/1405 1431/1431/1410 1432/1432/1411
f 1426/1426/1405 1428/1428/1407 1429/1429/1408
f 1426/1426/1405 1430/1430/1409 1431/1431/1410
f 1426/1426/1405 1432/1432/1411 1427/1427/1406
f 1433/1433/1412 1058/1058/1043 1060/1060/1045
f 1433/1433/1412 1060/1060/1045 1434/1434/1413
f 1435/1435/1414 1436/1436/1415 1437/1437/1416
f 1435/1435/1414 1437/1437/1416 1438/1438/1417
f 1433/1433/1412 1434/1434/1413 1439/1439/1418
f 1435/1435/1414 1438/1438/1417 1440/1440/1419
f 1441/1441/1420 1442/1442/1421 365/365/360
f 1441/1441/1420 364/364/359 1443/1443/1422
f 1441/1441/1420 1443/1443/1422 487/487/482
f 1441/1441/1420 365/365/360 364/364/359
f 1441/1441/1420 487/487/482 489/489/484
f 1441/1441/1420 489/489/484 1442/1442/1421
f 1343/1343/1326 1345/1345/1328 1444/1444/1423
f 1343/1343/1326 1445/1445/1424 1344/1344/1327
f 1343/1343/1326 1444/1444/1423 1446/1446/1425
f 1343/1343/1326 1446/1446/1425 1445/1445/1424
f 1447/1447/1426 1448/1448/1427 1449/1449/1428
f 1447/1447/1426 1449/1449/1428 1450/1450/1429
f 1447/1447/1426 1451/1451/1430 1448/1448/1427
f 1447/1447/1426 1450/1450/1429 1452/1452/1431
f 1447/1447/1426 1452/1452/1431 1451/1451/1430
f 1453/1453/1432 1235/1235/1218 66/66/66
f 1453/1453/1432 65/65/65 387/387/382
f 1453/1453/1432 1236/1236/1219 1235/1235/1218
f 1453/1453/1432 387/387/382 389/389/384
f 1454/1454/1433 264/264/259 1241/1241/1224
f 1453/1453/1432 66/66/66 65/65/65
f 1455/1455/1434 1456/1456/1435 77/77/77
f 1455/1455/1434 272/272/267 1456/1456/1435
f 1455/1455/1434 1457/1457/1436 272/272/267
f 1455/1455/1434 77/77/77 1458/1458/1437
f 1455/1455/1434 1458/1458/1437 1457/1457/1436
f 1459/1459/1438 1460/1460/1439 1461/1461/1440
f 1462/1462/1441 1463/1463/1442 87/87/85
f 1462/1462/1441 87/87/85 89/89/87
f 1459/1459/1438 1461/1461/1440 1464/1464/1443
f 1462/1462/1441 89/89/87 1465/1465/1444
f 1459/1459/1438 1464/1464/1443 1466/1466/1445
f 1467/1467/1446 1069/1069/1054 1072/1072/1057
f 1467/1467/1446 283/283/278 1468/1468/1447
f 1467/1467/1446 1469/1469/1448 1470/1470/1449
f 1467/1467/1446 1468/1468/1447 1069/1069/1054
f 1467/1467/1446 1072/1072/1057 1469/1469/1448
f 1467/1467/1446 1470/1470/1449 283/283/278
f 1471/1471/1450 1472/1472/1451 1473/1473/1452
f 1471/1471/1450 1474/1474/1453 1475/1475/1454
f 1471/1471/1450 1473/1473/1452 1476/1476/1455
f 1471/1471/1450 1475/1475/1454 1477/1477/1456
f 1471/1471/1450 1477/1477/1456 1472/1472/1451
f 1471/1471/1450 1476/1476/1455 1474/1474/1453
f 733/733/722 1478/1478/1457 1479/1479/1458
f 733/733/722 736/736/725 1480/1480/1459
f 733/733/722 1479/1479/1458 734/734/723
f 733/733/722 1480/1480/1459 1478/1478/1457
f 1481/1481/1460 1482/1482/1461 1483/1483/1462
f 1481/1481/1460 1484/1484/1463 1485/1485/1464
f 1481/1481/1460 1486/1486/1465 1484/1484/1463
f 1481/1481/1460 1483/1483/1462 1486/1486/1465
f 1487/1487/1466 1488/1488/1467 1489/1489/1468
f 1487/1487/1466 1490/1490/1469 1491/1491/1470
f 1492/1492/1471 1493/1493/1472 1494/1494/1473
f 1492/1492/1471 1495/1495/1474 1493/1493/1472
f 1487/1487/1466 1489/1489/1468 1490/1490/1469
f 1496/1496/1475 1052/1052/1039 1497/1497/1476
f 1498/1498/1477 1499/1499/1478 1500/1500/1479
f 1501/1501/1480 1502/1502/1481 1503/1503/1482
f 1501/1501/1480 1504/1504/1483 1502/1502/1481
f 1501/1501/1480 1505/1505/1484 1504/1504/1483
f 1498/1498/1477 1506/1506/1485 1499/1499/1478
f 1498/1498/1477 1507/1507/1486 1506/1506/1485
f 1508/1508/1487 1509/1509/1488 1510/1510/1489
f 1508/1508/1487 1510/1510/1489 1511/1511/1490
f 1508/1508/1487 1512/1512/1491 1509/1509/1488
f 1508/1508/1487 1513/1513/1492 1512/1512/1491
f 1508/1508/1487 1511/1511/1490 1513/1513/1492
f 1514/1514/1493 1515/1515/1494 59/59/59
f 1514/1514/1493 1516/1516/1495 1515/1515/1494
f 1514/1514/1493 59/59/59 788/788/777
f 1517/1517/1496 1518/1518/1497 1519/1519/1498
f 1517/1517/1496 1520/1520/1499 796/796/785
f 1517/1517/1496 1519/1519/1498 1521/1521/1500
f 1517/1517/1496 796/796/785 792/792/781
f 1522/1522/1501 1523/1523/1502 1524/1524/1503
f 1517/1517/1496 792/792/781 1518/1518/1497
f 1525/1525/1504 1526/1526/1505 1527/1527/1506
f 1525/1525/1504 1528/1528/1507 1526/1526/1505
f 1529/1529/1508 1530/1530/1509 1531/1531/1510
f 1532/1532/1511 1533/1533/1512 1534/1534/1513
f 1529/1529/1508 1531/1531/1510 1535/1535/1514
f 937/937/926 1536/1536/1515 938/938/927
f 937/937/926 1537/1537/1516 1536/1536/1515
f 937/937/926 939/939/928 1537/1537/1516
f 1538/1538/1517 1349/1349/1332 1348/1348/1331
f 1539/1539/1518 1540/1540/1519 1541/1541/1520
f 1539/1539/1518 1541/1541/1520 1542/1542/1521
f 943/943/932 1543/1543/1522 944/944/933
f 1544/1544/1523 1545/1545/1524 1546/1546/1525
f 1544/1544/1523 1547/1547/1526 1548/1548/1527
f 1544/1544/1523 1549/1549/1528 1550/1550/1529
f 1544/1544/1523 1548/1548/1527 1549/1549/1528
f 1544/1544/1523 1550/1550/1529 1545/1545/1524
f 1544/1544/1523 1546/1546/1525 1547/1547/1526
f 1551/1551/1530 1552/1552/1531 1553/1553/1532
f 1554/1554/1533 1555/1555/1534 1556/1556/1535
f 1551/1551/1530 1557/1557/1536 1558/1558/1537
f 1551/1551/1530 1559/1559/1538 1557/1557/1536
f 1551/1551/1530 1558/1558/1537 1552/1552/1531
f 1554/1554/1533 145/145/141 1555/1555/1534
f 1282/1282/1265 148/148/144 150/150/146
f 1282/1282/1265 1283/1283/1266 1560/1560/1539
f 1282/1282/1265 850/850/839 148/148/144
f 1282/1282/1265 1560/1560/1539 850/850/839
s 0
f 1561/1561/1540 1562/1562/1540 1563/1563/1540
s 1
f 1564/1564/1541 1565/1565/1542 1566/1566/1543
f 1567/1567/1544 1568/1568/1545 1569/1569/1546
f 1564/1564/1541 1566/1566/1543 1570/1570/1547
s 0
f 1571/1571/1548 1572/1572/1548 1573/1573/1548
s 1
f 1574/1574/1549 1575/1575/1550 1576/1576/1551
f 1574/1574/1549 1577/1577/1552 758/758/747
f 1574/1574/1549 1576/1576/1551 1578/1578/1553
f 1574/1574/1549 758/758/747 1575/1575/1550
f 1574/1574/1549 1578/1578/1553 1579/1579/1554
f 1574/1574/1549 1579/1579/1554 1577/1577/1552
f 1216/1216/1199 1580/1580/1555 1581/1581/1556
f 1216/1216/1199 1581/1581/1556 1582/1582/1557
f 1216/1216/1199 1582/1582/1557 1217/1217/1200
f 1222/1222/1205 1221/1221/1204 1583/1583/1558
f 1584/1584/1559 1585/1585/1560 1586/1586/1561
f 1584/1584/1559 1586/1586/1561 1587/1587/1562
f 1588/1588/1563 696/696/685 1589/1589/1564
f 1588/1588/1563 1590/1590/1565 1591/1591/1566
f 1588/1588/1563 1591/1591/1566 696/696/685
f 1592/1592/1567 1593/1593/1568 1594/1594/1569
f 1592/1592/1567 1595/1595/1570 1593/1593/1568
f 1592/1592/1567 1594/1594/1569 1596/1596/1571
f 1597/1597/1572 1598/1598/1573 1599/1599/1574
f 1600/1600/1575 1601/1601/1576 1602/1602/1577
f 1600/1600/1575 1602/1602/1577 1603/1603/1578
f 1604/1604/1579 1605/1605/1580 1606/1606/1581
f 1604/1604/1579 1606/1606/1581 1607/1607/1582
f 1604/1604/1579 1608/1608/1583 1605/1605/1580
f 1609/1609/1584 1610/1610/1585 1611/1611/1586
f 1609/1609/1584 800/800/789 799/799/788
f 1609/1609/1584 1612/1612/1587 800/800/789
s 0
f 1613/1613/1588 1614/1614/1588 1615/1615/1588
s 1
f 1609/1609/1584 799/799/788 1610/1610/1585
f 1616/1616/1589 1617/1617/1590 1618/1618/1591
f 1616/1616/1589 1619/1619/1592 1617/1617/1590
f 1616/1616/1589 1618/1618/1591 1620/1620/1593
f 1616/1616/1589 1620/1620/1593 1621/1621/1594
f 1616/1616/1589 1621/1621/1594 1619/1619/1592
f 597/597/589 210/210/206 1622/1622/1595
f 597/597/589 1622/1622/1595 1623/1623/1596
f 1624/1624/1597 225/225/221 1625/1625/1598
f 1626/1626/1599 1627/1627/1600 1628/1628/1601
f 1626/1626/1599 1629/1629/1602 1630/1630/1603
f 1626/1626/1599 215/215/211 214/214/210
f 1626/1626/1599 1630/1630/1603 215/215/211
f 1626/1626/1599 1628/1628/1601 1629/1629/1602
f 1631/1631/1604 1632/1632/1605 1633/1633/1606
f 1631/1631/1604 768/768/757 1634/1634/1607
f 763/763/752 1635/1635/1608 764/764/753
f 1631/1631/1604 1634/1634/1607 1632/1632/1605
f 1636/1636/1609 1637/1637/1610 1638/1638/1611
f 1636/1636/1609 1639/1639/1612 1640/1640/1613
f 1636/1636/1609 1638/1638/1611 1639/1639/1612
f 234/234/230 246/246/241 1641/1641/1614
f 1642/1642/1615 1643/1643/1616 1644/1644/1617
f 1642/1642/1615 1645/1645/1618 1646/1646/1619
f 1642/1642/1615 1644/1644/1617 1491/1491/1470
f 1642/1642/1615 1490/1490/1469 1645/1645/1618
f 1642/1642/1615 1491/1491/1470 1490/1490/1469
f 1642/1642/1615 1646/1646/1619 1643/1643/1616
f 728/728/717 1647/1647/1620 1648/1648/1621
f 728/728/717 1648/1648/1621 729/729/718
f 728/728/717 1649/1649/1622 1647/1647/1620
f 728/728/717 727/727/716 1649/1649/1622
f 12/12/12 14/14/14 737/737/726
f 12/12/12 737/737/726 1650/1650/1623
f 12/12/12 1650/1650/1623 1651/1651/1624
f 12/12/12 1651/1651/1624 13/13/13
f 1652/1652/1625 1653/1653/1626 1654/1654/1627
f 1655/1655/1628 1656/1656/1629 1424/1424/1403
f 1652/1652/1625 1657/1657/1630 1653/1653/1626
f 1655/1655/1628 1424/1424/1403 1418/1418/1399
f 1655/1655/1628 1418/1418/1399 1658/1658/1631
f 1659/1659/1632 1660/1660/1633 1661/1661/1634
f 1659/1659/1632 1662/1662/1635 1660/1660/1633
f 1663/1663/1636 1664/1664/1637 1665/1665/1638
f 1663/1663/1636 1665/1665/1638 1666/1666/1639
f 1659/1659/1632 1667/1667/1640 1668/1668/1641
f 1659/1659/1632 1668/1668/1641 1662/1662/1635
f 1659/1659/1632 1669/1669/1642 1667/1667/1640
f 1670/1670/1643 1671/1671/1644 1672/1672/1645
f 1670/1670/1643 1672/1672/1645 1673/1673/1646
f 1670/1670/1643 1673/1673/1646 1674/1674/1647
f 1670/1670/1643 1674/1674/1647 1675/1675/1648
s 0
f 1676/1676/1649 1677/1677/1649 1678/1678/1649
s 1
f 1679/1679/1650 362/362/357 39/39/39
f 1680/1680/1651 1681/1681/1652 520/520/514
f 1680/1680/1651 520/520/514 1682/1682/1653
f 1679/1679/1650 1683/1683/1654 362/362/357
f 1679/1679/1650 39/39/39 38/38/38
f 1679/1679/1650 1684/1684/1655 1683/1683/1654
f 1685/1685/1656 1686/1686/1657 1687/1687/1658
f 1688/1688/1659 1689/1689/1660 1690/1690/1661
f 1688/1688/1659 1691/1691/1662 1689/1689/1660
f 1688/1688/1659 1692/1692/1663 1693/1693/1664
f 1688/1688/1659 1690/1690/1661 1694/1694/1665
f 1688/1688/1659 1694/1694/1665 1692/1692/1663
f 1695/1695/1666 1696/1696/1667 1697/1697/1668
f 376/376/371 1698/1698/1669 1699/1699/1670
f 376/376/371 381/381/376 1698/1698/1669
f 1695/1695/1666 1700/1700/1671 1696/1696/1667
f 1701/1701/1672 1244/1244/1227 1239/1239/1222
f 1701/1701/1672 1702/1702/1673 1703/1703/1674
f 1701/1701/1672 1704/1704/1675 1705/1705/1676
f 1701/1701/1672 1239/1239/1222 1704/1704/1675
f 1706/1706/1677 66/66/66 1235/1235/1218
f 1701/1701/1672 1705/1705/1676 1702/1702/1673
f 1707/1707/1678 1708/1708/1679 1709/1709/1680
f 1707/1707/1678 1710/1710/1681 1708/1708/1679
f 1711/1711/1682 1712/1712/1683 1713/1713/1684
f 1711/1711/1682 1713/1713/1684 1714/1714/1685
f 1715/1715/1686 1002/1002/989 1252/1252/1235
f 1707/1707/1678 1716/1716/1687 1710/1710/1681
f 1717/1717/1688 1718/1718/1689 1262/1262/1245
f 1717/1717/1688 1261/1261/1244 1719/1719/1690
f 1717/1717/1688 1720/1720/1691 1721/1721/1692
f 1717/1717/1688 1262/1262/1245 1261/1261/1244
f 1717/1717/1688 1721/1721/1692 1718/1718/1689
f 1717/1717/1688 1719/1719/1690 1720/1720/1691
f 1722/1722/1693 1723/1723/1694 1724/1724/1695
f 1725/1725/1696 1726/1726/1697 1727/1727/1698
f 1722/1722/1693 1728/1728/1699 1723/1723/1694
f 1725/1725/1696 1727/1727/1698 1729/1729/1700
f 1725/1725/1696 1730/1730/1701 1726/1726/1697
f 1725/1725/1696 1731/1731/385 1730/1730/1701
f 1190/1190/1173 1625/1625/1598 676/676/665
f 1190/1190/1173 1732/1732/1702 1625/1625/1598
f 1733/1733/1703 1734/1734/1704 1735/1735/1704
f 1736/1736/1705 1737/1737/1706 650/650/640
f 1738/1738/1707 1739/1739/1708 652/652/642
f 1740/1740/1709 1741/1741/1710 1742/1742/1710
f 1738/1738/1707 652/652/642 651/651/641
f 118/118/116 1743/1743/1711 119/119/117
f 118/118/116 1744/1744/1712 1745/1745/1713
f 118/118/116 1745/1745/1713 1743/1743/1711
f 118/118/116 123/123/121 1744/1744/1712
f 1746/1746/1714 1747/1747/1715 1748/1748/1716
f 1746/1746/1714 1749/1749/1717 125/125/123
f 1746/1746/1714 125/125/123 128/128/126
f 1750/1750/1718 1751/1751/1719 1752/1752/1720
f 1750/1750/1718 1753/1753/1721 1751/1751/1719
f 1746/1746/1714 128/128/126 1747/1747/1715
f 1754/1754/1722 1755/1755/1723 1756/1756/1724
f 1754/1754/1722 1756/1756/1724 1757/1757/1725
s 0
f 1758/1758/1726 1759/1759/1726 1760/1760/1726
s 1
f 1754/1754/1722 1761/1761/1727 1755/1755/1723
f 1754/1754/1722 1757/1757/1725 1762/1762/1728
f 1754/1754/1722 1763/1763/1729 1761/1761/1727
f 1764/1764/1730 1765/1765/1731 1766/1766/1732
f 1764/1764/1730 1767/1767/1733 1768/1768/1734
f 1764/1764/1730 1769/1769/1735 1765/1765/1731
f 1764/1764/1730 1766/1766/1732 1767/1767/1733
f 1764/1764/1730 1768/1768/1734 1769/1769/1735
f 1770/1770/1736 1771/1771/1737 1772/1772/1738
f 1770/1770/1736 1773/1773/1739 1771/1771/1737
f 1774/1774/1740 1775/1775/1741 1776/1776/1742
f 1777/1777/1743 1778/1778/1744 1779/1779/1745
f 1777/1777/1743 1779/1779/1745 1780/1780/1746
f 1777/1777/1743 1781/1781/1747 1782/1782/1748
f 1783/1783/1749 1784/1784/1750 287/287/282
f 1783/1783/1749 287/287/282 289/289/284
f 1783/1783/1749 1115/1115/1099 1784/1784/1750
f 1777/1777/1743 1785/1785/1751 1781/1781/1747
f 1777/1777/1743 1780/1780/1746 1786/1786/1752
f 1777/1777/1743 1782/1782/1748 1778/1778/1744
f 1787/1787/1753 1788/1788/1754 1789/1789/1755
f 1787/1787/1753 1790/1790/1756 1791/1791/1757
f 1787/1787/1753 1792/1792/1758 1793/1793/1759
f 1787/1787/1753 1789/1789/1755 1790/1790/1756
f 1787/1787/1753 1791/1791/1757 1792/1792/1758
f 1787/1787/1753 1793/1793/1759 1788/1788/1754
f 1794/1794/1760 109/109/107 108/108/106
f 1794/1794/1760 1795/1795/1761 1126/1126/1110
f 1794/1794/1760 1126/1126/1110 109/109/107
f 1796/1796/1762 1486/1486/1465 1797/1797/1763
f 1796/1796/1762 1798/1798/1764 1486/1486/1465
f 1799/1799/1765 1800/1800/1766 1801/1801/1767
f 1799/1799/1765 182/182/178 1802/1802/1768
f 1799/1799/1765 1802/1802/1768 1800/1800/1766
f 328/328/323 1051/1051/1038 1803/1803/1769
f 328/328/323 327/327/322 1051/1051/1038
f 319/319/314 1804/1804/1770 320/320/315
f 328/328/323 1803/1803/1769 1805/1805/1771
f 1806/1806/1772 1807/1807/1773 1506/1506/1485
f 1806/1806/1772 1808/1808/1774 584/584/576
f 1806/1806/1772 584/584/576 1807/1807/1773
f 1806/1806/1772 1809/1809/1775 1808/1808/1774
f 1806/1806/1772 1506/1506/1485 1507/1507/1486
f 1806/1806/1772 1507/1507/1486 1809/1809/1775
f 1810/1810/1776 1811/1811/1777 1812/1812/1778
f 1810/1810/1776 1812/1812/1778 1813/1813/1779
f 1810/1810/1776 1813/1813/1779 1814/1814/1780
f 1810/1810/1776 1815/1815/1781 1811/1811/1777
f 1810/1810/1776 1814/1814/1780 1815/1815/1781
f 1816/1816/1782 1817/1817/1783 751/751/740
f 1816/1816/1782 751/751/740 1818/1818/1784
f 1816/1816/1782 1818/1818/1784 1819/1819/1785
f 1816/1816/1782 1819/1819/1785 1820/1820/1786
f 1816/1816/1782 1820/1820/1786 1817/1817/1783
f 1026/1026/1013 1391/1391/1372 1390/1390/1371
f 1026/1026/1013 1025/1025/1012 1391/1391/1372
f 1821/1821/1787 1822/1822/1788 1823/1823/1789
f 1821/1821/1787 1337/1337/1320 1340/1340/1323
f 1821/1821/1787 1824/1824/1790 1337/1337/1320
f 1821/1821/1787 1823/1823/1789 1824/1824/1790
f 1821/1821/1787 1340/1340/1323 1822/1822/1788
f 1825/1825/1791 1826/1826/1792 1827/1827/1793
f 995/995/982 314/314/309 1828/1828/1794
f 995/995/982 1828/1828/1794 467/467/462
f 995/995/982 998/998/985 1829/1829/1795
f 995/995/982 1829/1829/1795 314/314/309
f 1830/1830/1796 1831/1831/1797 1832/1832/1798
f 1830/1830/1796 116/116/114 114/114/112
f 1830/1830/1796 114/114/112 1831/1831/1797
f 897/897/886 1247/1247/1230 898/898/887
f 897/897/886 1833/1833/1799 1247/1247/1230
f 897/897/886 900/900/889 1834/1834/1800
f 897/897/886 1834/1834/1800 1833/1833/1799
f 1835/1835/1801 1836/1836/1802 1837/1837/1803
f 1835/1835/1801 1772/1772/1738 1771/1771/1737
f 1835/1835/1801 1837/1837/1803 1772/1772/1738
f 1835/1835/1801 1838/1838/1804 1839/1839/1805
f 1835/1835/1801 1840/1840/1806 1836/1836/1802
f 1835/1835/1801 1839/1839/1805 1840/1840/1806
f 1835/1835/1801 1771/1771/1737 1838/1838/1804
f 10/10/10 9/9/9 1841/1841/1807
f 10/10/10 1841/1841/1807 411/411/406
f 10/10/10 410/410/405 1842/1842/1808
f 10/10/10 411/411/406 410/410/405
f 1843/1843/1809 1552/1552/1531 1558/1558/1537
f 1843/1843/1809 1844/1844/1810 1552/1552/1531
f 1843/1843/1809 1558/1558/1537 1175/1175/1158
f 1843/1843/1809 1174/1174/385 1844/1844/1810
f 1843/1843/1809 1175/1175/1158 1174/1174/385
f 1845/1845/1811 1846/1846/1812 1847/1847/1813
f 1848/1848/1814 438/438/433 439/439/434
f 1845/1845/1811 432/432/427 1846/1846/1812
f 1849/1849/1815 1723/1723/1694 1850/1850/1816
f 1849/1849/1815 1851/1851/1817 446/446/441
f 1849/1849/1815 1850/1850/1816 1851/1851/1817
f 1849/1849/1815 1852/1852/1818 1723/1723/1694
f 1849/1849/1815 446/446/441 1853/1853/1819
f 1849/1849/1815 1853/1853/1819 1852/1852/1818
f 1854/1854/1820 1855/1855/1821 1856/1856/1822
f 1857/1857/1823 1858/1858/1824 1859/1859/1825
f 1854/1854/1820 1860/1860/1826 450/450/445
f 1854/1854/1820 1861/1861/1827 1855/1855/1821
f 1854/1854/1820 450/450/445 1861/1861/1827
f 1857/1857/1823 1859/1859/1825 1862/1862/1828
s 0
f 1863/1863/1829 1864/1864/1829 1865/1865/1829
s 1
f 1195/1195/1178 1194/1194/1177 1866/1866/1830
f 1192/1192/1175 1867/1867/1831 1193/1193/1176
f 459/459/454 1868/1868/1832 460/460/455
f 459/459/454 1869/1869/1833 1868/1868/1832
f 459/459/454 1200/1200/1183 1869/1869/1833
f 459/459/454 464/464/459 1200/1200/1183
f 1110/1110/1094 1113/1113/1097 1870/1870/1834
f 1110/1110/1094 1871/1871/1835 1111/1111/1095
f 1110/1110/1094 1872/1872/1836 1871/1871/1835
f 1110/1110/1094 1870/1870/1834 1872/1872/1836
f 1873/1873/1837 704/704/693 1874/1874/1838
f 1873/1873/1837 1875/1875/1839 704/704/693
f 1873/1873/1837 1874/1874/1838 1876/1876/1840
f 1873/1873/1837 1876/1876/1840 1877/1877/1841
f 1873/1873/1837 1877/1877/1841 1875/1875/1839
f 1878/1878/1842 1649/1649/1622 727/727/716
f 1878/1878/1842 727/727/716 1138/1138/1122
f 1879/1879/1843 1880/1880/1844 1881/1881/1845
f 707/707/696 710/710/699 1882/1882/1846
f 1883/1883/1847 1884/1884/1848 1885/1885/1849
f 1883/1883/1847 1886/1886/1850 1887/1887/1851
f 1883/1883/1847 1888/1888/1852 1886/1886/1850
f 1883/1883/1847 1887/1887/1851 1889/1889/1853
f 1883/1883/1847 1889/1889/1853 1884/1884/1848
f 1883/1883/1847 1885/1885/1849 1888/1888/1852
f 832/832/821 834/834/823 1890/1890/1854
f 832/832/821 1890/1890/1854 1891/1891/1855
f 832/832/821 1892/1892/1856 833/833/822
f 832/832/821 1891/1891/1855 1892/1892/1856
f 1893/1893/1857 1894/1894/1858 956/956/945
f 1895/1895/1859 1136/1136/1120 731/731/720
f 1893/1893/1857 956/956/945 954/954/943
f 1893/1893/1857 1896/1896/1860 1897/1897/1861
f 1893/1893/1857 1897/1897/1861 1894/1894/1858
f 1893/1893/1857 954/954/943 1898/1898/1862
f 1899/1899/1863 1900/1900/1864 1901/1901/1865
f 1440/1440/1419 1438/1438/1417 1902/1902/1866
f 1314/1314/1297 1903/1903/1867 1315/1315/1298
f 1314/1314/1297 1316/1316/1299 1904/1904/1868
f 1314/1314/1297 1904/1904/1868 1903/1903/1867
f 1905/1905/1869 1906/1906/1870 1907/1907/1871
f 1908/1908/1872 1909/1909/1873 870/870/859
f 1905/1905/1869 1910/1910/1874 1906/1906/1870
f 1908/1908/1872 1911/1911/1875 1912/1912/1876
f 1908/1908/1872 870/870/859 1911/1911/1875
f 1905/1905/1869 1913/1913/1877 1910/1910/1874
f 1914/1914/1878 1915/1915/1879 1916/1916/1880
f 1917/1917/1881 1918/1918/1882 1919/1919/1883
f 1917/1917/1881 1920/1920/1884 1918/1918/1882
f 1914/1914/1878 1916/1916/1880 1921/1921/1885
f 1914/1914/1878 1921/1921/1885 1922/1922/1886
f 1923/1923/1887 1924/1924/1888 1925/1925/1889
f 1926/1926/1890 1927/1927/1891 1928/1928/1892
f 1923/1923/1887 1929/1929/1893 1930/1930/1894
f 1931/1931/1895 1932/1932/1896 156/156/152
f 1923/1923/1887 1925/1925/1889 1929/1929/1893
f 1933/1933/1897 1934/1934/1898 1935/1935/1899
f 1933/1933/1897 1936/1936/1900 1937/1937/1901
f 1933/1933/1897 1937/1937/1901 1934/1934/1898
f 1938/1938/1902 1515/1515/1494 1939/1939/1903
f 1938/1938/1902 1940/1940/1904 1941/1941/1905
f 1942/1942/1906 1093/1093/1077 1943/1943/1907
f 1938/1938/1902 63/63/63 1515/1515/1494
f 1938/1938/1902 1944/1944/1908 63/63/63
f 1938/1938/1902 1939/1939/1903 1940/1940/1904
f 1942/1942/1906 1094/1094/1078 1093/1093/1077
f 1518/1518/1497 1945/1945/1909 1519/1519/1498
f 1518/1518/1497 1099/1099/1083 1945/1945/1909
f 1518/1518/1497 792/792/781 1099/1099/1083
f 798/798/787 1946/1946/1910 1947/1947/1911
f 798/798/787 1947/1947/1911 799/799/788
f 798/798/787 1948/1948/1912 1946/1946/1910
f 1949/1949/1913 806/806/795 1950/1950/1914
f 808/808/797 6/6/6 1951/1951/1915
f 808/808/797 7/7/7 6/6/6
f 1952/1952/1916 1012/1012/999 1011/1011/998
f 808/808/797 1953/1953/1917 809/809/798
f 808/808/797 1951/1951/1915 1954/1954/1918
f 1955/1955/1919 1956/1956/1920 1778/1778/1744
f 1955/1955/1919 1778/1778/1744 1782/1782/1748
f 546/546/538 548/548/540 1957/1957/1921
f 546/546/538 1957/1957/1921 823/823/812
f 562/562/554 1123/1123/1107 1126/1126/1110
f 562/562/554 561/561/553 1123/1123/1107
f 556/556/548 1958/1958/1922 557/557/549
f 562/562/554 1126/1126/1110 1795/1795/1761
f 1959/1959/1923 1960/1960/1924 1961/1961/1925
f 1959/1959/1923 1962/1962/1926 1960/1960/1924
f 1959/1959/1923 1963/1963/1927 1964/1964/1928
f 1959/1959/1923 1964/1964/1928 1965/1965/1929
f 1959/1959/1923 1961/1961/1925 1963/1963/1927
f 1959/1959/1923 1965/1965/1929 1962/1962/1926
f 1966/1966/1930 1967/1967/1931 1968/1968/1932
f 1966/1966/1930 1969/1969/1933 1970/1970/1934
f 1966/1966/1930 1968/1968/1932 1969/1969/1933
f 1971/1971/1935 1972/1972/1936 1973/1973/1937
f 1971/1971/1935 1855/1855/1821 1897/1897/1861
f 1971/1971/1935 1974/1974/1938 1856/1856/1822
f 1971/1971/1935 1856/1856/1822 1855/1855/1821
f 1971/1971/1935 1975/1975/1939 1974/1974/1938
f 1971/1971/1935 1897/1897/1861 1972/1972/1936
f 1971/1971/1935 1973/1973/1937 1975/1975/1939
f 1976/1976/1940 1977/1977/1941 1978/1978/1942
f 1979/1979/1943 1980/1980/1944 1981/1981/1945
f 1976/1976/1940 1982/1982/1946 1977/1977/1941
f 1979/1979/1943 1983/1983/1947 1984/1984/1948
f 1976/1976/1940 1985/1985/1949 1982/1982/1946
f 1979/1979/1943 1981/1981/1945 1983/1983/1947
s 0
f 1986/1986/1950 1987/1987/1950 1988/1988/1950
f 1989/1989/1951 1990/1990/1951 1991/1991/1951
s 1
f 1906/1906/1870 1992/1992/1952 1907/1907/1871
f 1993/1993/1953 1424/1424/1403 1656/1656/1629
f 1994/1994/1954 1995/1995/1955 1996/1996/1956
f 1994/1994/1954 1996/1996/1956 471/471/466
f 1575/1575/1550 755/755/744 1997/1997/1957
f 1575/1575/1550 758/758/747 755/755/744
f 1575/1575/1550 1998/1998/1958 1576/1576/1551
f 1575/1575/1550 1997/1997/1957 1998/1998/1958
f 1999/1999/1959 1583/1583/1558 1221/1221/1204
f 1999/1999/1959 1221/1221/1204 2000/2000/1960
f 1999/1999/1959 2001/2001/1961 1583/1583/1558
f 2002/2002/1962 2003/2003/1963 2004/2004/1964
f 2002/2002/1962 2004/2004/1964 2005/2005/1965
f 2002/2002/1962 2006/2006/1966 2007/2007/1967
f 2002/2002/1962 2005/2005/1965 2006/2006/1966
f 2002/2002/1962 2007/2007/1967 2003/2003/1963
f 186/186/182 626/626/616 187/187/183
f 186/186/182 190/190/186 1000/1000/987
f 193/193/189 2008/2008/1968 194/194/190
f 193/193/189 2009/2009/1969 2010/2010/1970
f 193/193/189 196/196/192 2009/2009/1969
f 193/193/189 2010/2010/1970 2008/2008/1968
f 902/902/891 1009/1009/996 1013/1013/1000
f 902/902/891 907/907/896 2011/2011/1971
f 902/902/891 2011/2011/1971 1009/1009/996
f 902/902/891 1013/1013/1000 903/903/892
f 2012/2012/1972 2013/2013/1973 2014/2014/1974
f 2012/2012/1972 2014/2014/1974 910/910/899
f 2015/2015/1975 2016/2016/1976 2017/2017/1977
f 2012/2012/1972 910/910/899 2018/2018/1978
f 2015/2015/1975 2019/2019/1979 2016/2016/1976
f 2020/2020/1980 2021/2021/1981 2022/2022/1982
f 2023/2023/1983 2024/2024/1984 2025/2025/1985
f 2023/2023/1983 2026/2026/1986 2027/2027/1987
f 2020/2020/1980 2028/2028/1988 2021/2021/1981
f 2023/2023/1983 2027/2027/1987 2024/2024/1984
f 930/930/919 934/934/923 1028/1028/1015
f 1032/1032/1019 2029/2029/1989 1180/1180/1163
f 1032/1032/1019 1180/1180/1163 1033/1033/1020
f 1032/1032/1019 1037/1037/1024 2029/2029/1989
f 1643/1643/1616 2030/2030/1990 2031/2031/1991
f 1643/1643/1616 2032/2032/1992 2030/2030/1990
f 1643/1643/1616 1646/1646/1619 2032/2032/1992
f 1643/1643/1616 2031/2031/1991 1644/1644/1617
f 2033/2033/1993 2034/2034/1994 2035/2035/1995
f 2036/2036/1996 2037/2037/1997 2038/2038/1998
f 2033/2033/1993 2039/2039/1999 2034/2034/1994
f 2033/2033/1993 2035/2035/1995 2040/2040/2000
f 2036/2036/1996 2041/2041/2001 2037/2037/1997
f 14/14/14 735/735/724 737/737/726
f 14/14/14 15/15/15 2042/2042/2002
f 14/14/14 2042/2042/2002 735/735/724
f 2043/2043/2003 309/309/304 305/305/300
f 2043/2043/2003 305/305/300 2044/2044/2004
f 2043/2043/2003 2044/2044/2004 2045/2045/2005
f 1197/1197/1180 350/350/345 2046/2046/2006
f 1197/1197/1180 1668/1668/1641 1198/1198/1181
f 1197/1197/1180 2046/2046/2006 1819/1819/1785
f 1197/1197/1180 1819/1819/1785 1668/1668/1641
f 1197/1197/1180 1201/1201/1184 350/350/345
f 352/352/347 2047/2047/2007 353/353/348
f 352/352/347 354/354/349 2048/2048/2008
f 352/352/347 2048/2048/2008 2047/2047/2007
f 362/362/357 361/361/356 39/39/39
f 358/358/353 2049/2049/2009 359/359/354
f 2050/2050/2010 2051/2051/2011 177/177/173
f 369/369/364 1692/1692/1663 370/370/365
f 369/369/364 2052/2052/2012 1692/1692/1663
f 2050/2050/2010 177/177/173 2053/2053/2013
f 378/378/373 2054/2054/2014 379/379/374
f 2055/2055/2015 2056/2056/2016 1602/1602/1577
f 2055/2055/2015 2057/2057/2017 69/69/69
f 2055/2055/2015 1601/1601/1576 2057/2057/2017
f 2055/2055/2015 1602/1602/1577 1601/1601/1576
f 2055/2055/2015 69/69/69 2056/2056/2016
f 72/72/72 2058/2058/2018 73/73/73
f 82/82/80 78/78/78 2059/2059/2019
f 82/82/80 2059/2059/2019 2060/2060/2020
f 2061/2061/2021 2062/2062/2022 2063/2063/2023
f 2061/2061/2021 2063/2063/2023 2064/2064/2024
f 2061/2061/2021 2065/2065/2025 690/690/679
f 2061/2061/2021 690/690/679 689/689/678
f 2061/2061/2021 689/689/678 2062/2062/2022
f 2066/2066/2026 410/410/405 407/407/402
f 2067/2067/2027 2068/2068/2028 2069/2069/2029
f 2067/2067/2027 1111/1111/1095 1871/1871/1835
f 2067/2067/2027 2070/2070/2030 1111/1111/1095
f 2067/2067/2027 1871/1871/1835 2071/2071/385
f 2067/2067/2027 2071/2071/385 2068/2068/2028
f 2067/2067/2027 2069/2069/2029 2070/2070/2030
f 2072/2072/2031 824/824/813 2073/2073/2032
f 2072/2072/2031 2073/2073/2032 2074/2074/2033
f 2072/2072/2031 105/105/103 106/106/104
f 2072/2072/2031 2074/2074/2033 105/105/103
f 2072/2072/2031 106/106/104 2075/2075/2034
f 2072/2072/2031 2075/2075/2034 824/824/813
f 441/441/436 1851/1851/1817 2076/2076/2035
f 441/441/436 446/446/441 1851/1851/1817
f 441/441/436 2077/2077/2036 442/442/437
f 441/441/436 2076/2076/2035 2077/2077/2036
f 2078/2078/2037 449/449/444 451/451/446
f 2078/2078/2037 955/955/944 449/449/444
f 2078/2078/2037 843/843/832 955/955/944
f 455/455/450 846/846/835 456/456/451
f 849/849/838 148/148/144 850/850/839
f 849/849/838 856/856/845 463/463/458
f 849/849/838 463/463/458 149/149/145
f 849/849/838 149/149/145 148/148/144
f 2079/2079/2038 2080/2080/2039 2081/2081/2040
f 2079/2079/2038 2082/2082/2041 1335/1335/1318
f 2079/2079/2038 1568/1568/1545 2083/2083/2042
f 2079/2079/2038 2081/2081/2040 2082/2082/2041
f 2079/2079/2038 1335/1335/1318 1568/1568/1545
f 2079/2079/2038 2083/2083/2042 2080/2080/2039
f 330/330/325 2084/2084/2043 331/331/326
f 164/164/160 168/168/164 2085/2085/2043
f 2086/2086/2044 2087/2087/2045 2088/2088/2046
f 2086/2086/2044 1767/1767/1733 1766/1766/1732
f 2089/2089/2047 172/172/168 2090/2090/2048
f 2086/2086/2044 2088/2088/2046 2091/2091/2049
f 2086/2086/2044 1766/1766/1732 2087/2087/2045
f 2086/2086/2044 2092/2092/2050 1767/1767/1733
f 2093/2093/2051 2094/2094/2052 2095/2095/2053
f 2093/2093/2051 2096/2096/2054 2094/2094/2052
f 2097/2097/2055 567/567/559 2098/2098/2056
f 2099/2099/2057 2100/2100/2058 2101/2101/2059
f 2099/2099/2057 2101/2101/2059 2102/2102/2060
f 2099/2099/2057 2103/2103/2061 2104/2104/2062
f 2099/2099/2057 2105/2105/2063 2103/2103/2061
f 2099/2099/2057 2104/2104/2062 2100/2100/2058
f 2099/2099/2057 2102/2102/2060 2105/2105/2063
f 2106/2106/2064 2107/2107/2065 2108/2108/2066
f 2106/2106/2064 2109/2109/2067 2107/2107/2065
f 2106/2106/2064 2108/2108/2066 2110/2110/2068
f 2111/2111/2069 2112/2112/2070 2113/2113/2071
f 2111/2111/2069 899/899/888 2112/2112/2070
f 2111/2111/2069 2113/2113/2071 2114/2114/2072
f 2111/2111/2069 2114/2114/2072 2115/2115/2073
f 2111/2111/2069 2115/2115/2073 899/899/888
f 399/399/394 513/513/507 400/400/395
f 399/399/394 403/403/398 509/509/503
f 207/207/203 596/596/588 2116/2116/2074
f 207/207/203 2116/2116/2074 208/208/204
f 225/225/221 2117/2117/2075 1625/1625/1598
f 225/225/221 224/224/220 2117/2117/2075
f 1632/1632/1605 2118/2118/2076 2119/2119/2077
f 1632/1632/1605 2119/2119/2077 1633/1633/1606
f 1632/1632/1605 1634/1634/1607 2118/2118/2076
f 2120/2120/2078 2121/2121/2079 2122/2122/2080
f 2120/2120/2078 2123/2123/2081 2124/2124/2082
f 2120/2120/2078 51/51/51 2121/2121/2079
f 2120/2120/2078 2124/2124/2082 51/51/51
f 2120/2120/2078 2125/2125/2083 2123/2123/2081
f 2120/2120/2078 2122/2122/2080 2125/2125/2083
f 505/505/499 1696/1696/1667 1700/1700/1671
f 505/505/499 504/504/498 1696/1696/1667
f 2126/2126/2084 2127/2127/2085 2128/2128/2086
f 2129/2129/2087 2130/2130/2088 2131/2131/2089
f 2129/2129/2087 2132/2132/2090 2130/2130/2088
f 2133/2133/2091 2134/2134/2092 1085/1085/1069
f 2133/2133/2091 1085/1085/1069 2135/2135/2093
f 2133/2133/2091 1714/1714/1685 2134/2134/2092
f 525/525/519 2136/2136/2094 1461/1461/1440
f 525/525/519 1461/1461/1440 526/526/520
f 525/525/519 528/528/522 2136/2136/2094
f 2137/2137/2095 285/285/280 290/290/285
f 2137/2137/2095 408/408/403 285/285/280
f 2138/2138/2096 2070/2070/2030 2069/2069/2029
f 2138/2138/2096 2139/2139/2097 2140/2140/2098
f 2138/2138/2096 288/288/283 2070/2070/2030
f 2138/2138/2096 2069/2069/2029 2139/2139/2097
f 2141/2141/2099 2142/2142/2100 2143/2143/2101
f 2141/2141/2099 2144/2144/2102 2145/2145/2103
f 2146/2146/2104 2147/2147/2105 1392/1392/1373
f 2141/2141/2099 2143/2143/2101 1793/1793/1759
f 2141/2141/2099 2148/2148/2106 2142/2142/2100
f 2141/2141/2099 1793/1793/1759 2144/2144/2102
f 1001/1001/988 2149/2149/2107 627/627/617
f 2150/2150/2108 2151/2151/2109 2152/2152/2110
f 2150/2150/2108 2153/2153/2111 2151/2151/2109
f 2154/2154/2112 884/884/873 2155/2155/2113
f 2154/2154/2112 2156/2156/2114 2157/2157/2115
f 2154/2154/2112 885/885/874 884/884/873
f 2154/2154/2112 2155/2155/2113 2156/2156/2114
f 2154/2154/2112 2157/2157/2115 2158/2158/2116
f 2154/2154/2112 1744/1744/1712 885/885/874
f 2154/2154/2112 2158/2158/2116 1744/1744/1712
f 312/312/307 2159/2159/2117 313/313/308
f 312/312/307 2160/2160/2118 2159/2159/2117
f 312/312/307 315/315/310 2160/2160/2118
f 2161/2161/2119 1049/1049/1036 2162/2162/2120
f 2161/2161/2119 2163/2163/2121 2164/2164/2122
f 2161/2161/2119 2162/2162/2120 2165/2165/2123
f 2161/2161/2119 2164/2164/2122 1049/1049/1036
f 2161/2161/2119 2165/2165/2123 2163/2163/2121
f 2166/2166/2124 2167/2167/2125 2168/2168/2126
f 2166/2166/2124 2168/2168/2126 2169/2169/2127
f 2166/2166/2124 1408/1408/1389 2170/2170/2128
f 2166/2166/2124 2169/2169/2127 1408/1408/1389
f 2166/2166/2124 2170/2170/2128 2167/2167/2125
f 2171/2171/2129 2172/2172/2130 1513/1513/1492
f 2171/2171/2129 2173/2173/2131 2174/2174/2132
f 2171/2171/2129 2175/2175/2133 2173/2173/2131
f 2171/2171/2129 1513/1513/1492 1511/1511/1490
f 2171/2171/2129 1511/1511/1490 2175/2175/2133
f 2171/2171/2129 2174/2174/2132 2172/2172/2130
s 0
f 2176/2176/2134 2177/2177/2134 2178/2178/2134
f 2179/2179/2135 2180/2180/2135 2181/2181/2135
f 2182/2182/2136 2183/2183/2136 2184/2184/2136
s 1
f 2185/2185/2137 1524/1524/1503 1523/1523/1502
f 2185/2185/2137 2186/2186/2138 1524/1524/1503
f 2185/2185/2137 1523/1523/1502 355/355/350
f 2185/2185/2137 2187/2187/2139 2186/2186/2138
f 2185/2185/2137 355/355/350 2187/2187/2139
f 2188/2188/2140 607/607/599 366/366/361
f 2188/2188/2140 608/608/600 607/607/599
f 2188/2188/2140 2189/2189/2141 608/608/600
f 2190/2190/2142 2191/2191/2143 2192/2192/2144
f 1442/1442/1421 489/489/484 2193/2193/2145
f 45/45/45 941/941/930 46/46/46
f 45/45/45 53/53/53 939/939/928
f 2194/2194/2146 181/181/177 2195/2195/2147
f 2194/2194/2146 1363/1363/1344 1802/1802/1768
f 2194/2194/2146 1291/1291/1274 1363/1363/1344
f 2194/2194/2146 2195/2195/2147 1291/1291/1274
f 2194/2194/2146 1802/1802/1768 181/181/177
f 1831/1831/1797 2196/2196/2148 1832/1832/1798
f 1831/1831/1797 2197/2197/2149 2198/2198/2150
f 1831/1831/1797 2198/2198/2150 2196/2196/2148
f 1831/1831/1797 114/114/112 2197/2197/2149
f 2199/2199/2151 2200/2200/2152 2201/2201/2153
f 2199/2199/2151 1375/1375/1356 1374/1374/1355
f 2199/2199/2151 1374/1374/1355 2200/2200/2152
f 2202/2202/2154 639/639/629 638/638/628
f 2202/2202/2154 2203/2203/2155 639/639/629
f 401/401/396 2204/2204/2156 402/402/397
f 2205/2205/2157 2206/2206/2158 2207/2207/2159
f 2208/2208/2160 2209/2209/2161 2210/2210/2162
f 2211/2211/2163 406/406/401 408/408/403
f 2212/2212/2164 2213/2213/2165 2214/2214/385
f 2212/2212/2164 2140/2140/2098 2139/2139/2097
f 2212/2212/2164 2139/2139/2097 2213/2213/2165
f 2211/2211/2163 2215/2215/2166 406/406/401
f 2216/2216/2167 1472/1472/1451 2217/2217/2168
f 2216/2216/2167 2218/2218/2169 2219/2219/2170
f 2216/2216/2167 1473/1473/1452 1472/1472/1451
f 2216/2216/2167 2219/2219/2170 1473/1473/1452
f 2216/2216/2167 2217/2217/2168 2218/2218/2169
f 765/765/754 2220/2220/2171 2221/2221/2172
f 765/765/754 764/764/753 2220/2220/2171
f 765/765/754 2221/2221/2172 766/766/755
f 1397/1397/1378 2222/2222/2173 1398/1398/1379
f 1397/1397/1378 1399/1399/1380 2223/2223/2174
f 1397/1397/1378 2223/2223/2174 2222/2222/2173
f 2224/2224/2175 2225/2225/2176 2226/2226/2177
f 2224/2224/2175 2227/2227/2178 2228/2228/2179
f 2224/2224/2175 2229/2229/2180 2227/2227/2178
f 2224/2224/2175 2226/2226/2177 2230/2230/2181
f 2224/2224/2175 2228/2228/2179 2225/2225/2176
f 2224/2224/2175 2230/2230/2181 2231/2231/2182
f 2224/2224/2175 2231/2231/2182 2229/2229/2180
f 2232/2232/2183 1499/1499/1478 2233/2233/2184
f 2232/2232/2183 456/456/451 2234/2234/2185
f 2232/2232/2183 2233/2233/2184 456/456/451
f 2232/2232/2183 1500/1500/1479 1499/1499/1478
f 2232/2232/2183 2235/2235/2186 1500/1500/1479
f 2232/2232/2183 2234/2234/2185 2235/2235/2186
f 2236/2236/2187 905/905/894 2237/2237/2188
f 1427/1427/1406 2238/2238/2189 1428/1428/1407
f 1427/1427/1406 2239/2239/2190 2238/2238/2189
f 1427/1427/1406 2240/2240/2191 2239/2239/2190
f 1427/1427/1406 1432/1432/1411 2240/2240/2191
f 703/703/692 2241/2241/2192 2242/2242/2193
f 703/703/692 2242/2242/2193 704/704/693
f 2243/2243/2194 2244/2244/2195 2191/2191/2143
f 2243/2243/2194 482/482/477 2245/2245/2196
f 2243/2243/2194 2191/2191/2143 482/482/477
f 492/492/487 2246/2246/2197 493/493/488
f 492/492/487 2247/2247/2198 2246/2246/2197
f 492/492/487 2248/2248/2199 2247/2247/2198
f 492/492/487 496/496/491 2248/2248/2199
f 619/619/609 2195/2195/2147 184/184/180
f 619/619/609 2249/2249/2200 1293/1293/1276
f 619/619/609 621/621/611 2249/2249/2200
f 619/619/609 1293/1293/1276 2195/2195/2147
f 2250/2250/2201 2251/2251/2202 1368/1368/1349
f 2250/2250/2201 1368/1368/1349 1369/1369/1350
f 2250/2250/2201 1369/1369/1350 2252/2252/2203
f 636/636/626 2253/2253/2204 2254/2254/2205
f 636/636/626 2255/2255/2206 637/637/627
f 636/636/626 2254/2254/2205 2255/2255/2206
f 636/636/626 640/640/630 2253/2253/2204
f 2256/2256/2207 1147/1147/1131 2257/2257/2208
f 2258/2258/2209 2259/2259/2210 2260/2260/2211
f 2256/2256/2207 1148/1148/1132 1147/1147/1131
f 2258/2258/2209 2261/2261/2212 2210/2210/2162
f 2258/2258/2209 2210/2210/2162 2209/2209/2161
f 2258/2258/2209 2209/2209/2161 2259/2259/2210
f 2258/2258/2209 2262/2262/2213 2261/2261/2212
f 1384/1384/1365 28/28/28 2263/2263/2214
f 1384/1384/1365 2263/2263/2214 2264/2264/2215
f 1384/1384/1365 2264/2264/2215 1385/1385/1366
f 1384/1384/1365 29/29/29 28/28/28
f 2265/2265/2216 2142/2142/2100 2266/2266/2217
f 2265/2265/2216 2267/2267/2218 218/218/214
f 2265/2265/2216 218/218/214 2142/2142/2100
f 2265/2265/2216 2266/2266/2217 2267/2267/2218
f 2268/2268/2219 2220/2220/2171 764/764/753
f 2268/2268/2219 2269/2269/2220 2270/2270/2221
f 2268/2268/2219 764/764/753 1635/1635/1608
f 2271/2271/2222 1633/1633/1606 2272/2272/2223
f 2268/2268/2219 2273/2273/2224 2269/2269/2220
f 2268/2268/2219 2270/2270/2221 2220/2220/2171
f 2274/2274/2225 1936/1936/1900 2275/2275/2226
f 2274/2274/2225 2275/2275/2226 2276/2276/2227
f 2274/2274/2225 2276/2276/2227 1638/1638/1611
f 2274/2274/2225 2277/2277/2228 1937/1937/1901
f 2274/2274/2225 1937/1937/1901 1936/1936/1900
f 2274/2274/2225 1638/1638/1611 2277/2277/2228
f 777/777/766 2278/2278/2229 778/778/767
f 785/785/774 784/784/773 1089/1089/1073
f 2279/2279/2230 2225/2225/2176 2228/2228/2179
f 2280/2280/2231 2281/2281/2232 2282/2282/2233
f 2279/2279/2230 2283/2283/2234 2225/2225/2176
f 2279/2279/2230 2228/2228/2179 2284/2284/2235
f 2279/2279/2230 2284/2284/2235 2285/2285/2236
f 1407/1407/1388 2286/2286/2237 1408/1408/1389
f 1407/1407/1388 2287/2287/2238 335/335/330
f 1407/1407/1388 2288/2288/2239 2287/2287/2238
f 1407/1407/1388 335/335/330 2286/2286/2237
f 2289/2289/2240 2290/2290/2241 2291/2291/2242
f 2289/2289/2240 2291/2291/2242 461/461/456
f 2289/2289/2240 461/461/456 2292/2292/2243
f 2293/2293/2244 2294/2294/2245 2295/2295/2246
f 1203/1203/1186 1569/1569/1546 1204/1204/1187
f 2293/2293/2244 1566/1566/1543 1565/1565/1542
s 0
f 2296/2296/2247 2297/2297/2247 2298/2298/2247
s 1
f 2293/2293/2244 2295/2295/2246 1566/1566/1543
f 2299/2299/2248 478/478/473 480/480/475
f 2299/2299/2248 2300/2300/2249 478/478/473
f 2299/2299/2248 2242/2242/2193 2301/2301/2250
f 2299/2299/2248 1874/1874/1838 2242/2242/2193
f 2299/2299/2248 2301/2301/2250 2300/2300/2249
f 2299/2299/2248 480/480/475 1874/1874/1838
f 2302/2302/2251 1924/1924/1888 2303/2303/2252
f 2302/2302/2251 2304/2304/2253 1533/1533/1512
f 2302/2302/2251 2303/2303/2252 2305/2305/2254
f 2302/2302/2251 1533/1533/1512 1925/1925/1889
f 2302/2302/2251 2305/2305/2254 2304/2304/2253
f 2302/2302/2251 1925/1925/1889 1924/1924/1888
f 1128/1128/1112 1226/1226/1209 1129/1129/1113
f 1134/1134/1118 1133/1133/1117 1224/1224/1207
f 2306/2306/2255 2307/2307/2256 1697/1697/1668
f 2306/2306/2255 1228/1228/1211 2308/2308/2257
f 2306/2306/2255 1696/1696/1667 504/504/498
f 2306/2306/2255 2308/2308/2257 2307/2307/2256
f 2306/2306/2255 504/504/498 1228/1228/1211
f 2306/2306/2255 1697/1697/1668 1696/1696/1667
f 1456/1456/1435 272/272/267 271/271/266
f 1456/1456/1435 2309/2309/2258 78/78/78
f 1456/1456/1435 78/78/78 77/77/77
f 1456/1456/1435 271/271/266 2309/2309/2258
f 1718/1718/1689 1463/1463/1442 2310/2310/2259
f 1718/1718/1689 2310/2310/2259 1262/1262/1245
f 1718/1718/1689 88/88/86 1463/1463/1442
f 1718/1718/1689 1721/1721/1692 88/88/86
f 1069/1069/1054 1468/1468/1447 1841/1841/1807
f 1069/1069/1054 1841/1841/1807 1070/1070/1055
f 1472/1472/1451 2311/2311/2260 2217/2217/2168
f 1472/1472/1451 1477/1477/1456 2311/2311/2260
f 980/980/967 2312/2312/2261 981/981/968
f 314/314/309 317/317/312 1828/1828/1794
f 314/314/309 1829/1829/1795 315/315/310
f 2313/2313/2262 2314/2314/2263 2315/2315/2264
f 2316/2316/2265 2163/2163/2121 2165/2165/2123
f 2316/2316/2265 2162/2162/2120 2317/2317/2266
f 2316/2316/2265 2317/2317/2266 2318/2318/2267
f 2316/2316/2265 2165/2165/2123 2162/2162/2120
f 2313/2313/2262 2319/2319/2268 2314/2314/2263
f 1499/1499/1478 1506/1506/1485 2320/2320/2269
f 1499/1499/1478 2320/2320/2269 2233/2233/2184
f 1417/1417/1398 2321/2321/2270 2322/2322/2271
f 1417/1417/1398 2322/2322/2271 1418/1418/1399
f 1417/1417/1398 2323/2323/2272 2321/2321/2270
f 1417/1417/1398 1420/1420/1401 2323/2323/2272
f 1515/1515/1494 63/63/63 59/59/59
f 1515/1515/1494 1516/1516/1495 1939/1939/1903
f 2324/2324/2273 2325/2325/2274 2326/2326/2275
f 2324/2324/2273 1330/1330/1313 2325/2325/2274
s 0
f 2327/2327/2276 2328/2328/2276 2329/2329/2276
s 1
f 2324/2324/2273 2330/2330/2277 1330/1330/1313
f 2331/2331/2278 608/608/600 2332/2332/2279
f 2331/2331/2278 609/609/601 608/608/600
f 1345/1345/1328 2333/2333/2280 1444/1444/1423
f 2334/2334/2281 1827/1827/1793 1826/1826/1792
f 2334/2334/2281 2335/2335/2282 2336/2336/2283
f 2334/2334/2281 2336/2336/2283 1827/1827/1793
f 1545/1545/1524 2337/2337/2284 2338/2338/2285
f 1545/1545/1524 2338/2338/2285 2339/2339/2286
f 1545/1545/1524 2339/2339/2286 1546/1546/1525
f 1545/1545/1524 1550/1550/1529 2337/2337/2284
f 1552/1552/1531 1844/1844/1810 2340/2340/2287
f 1552/1552/1531 2340/2340/2287 1553/1553/1532
f 2341/2341/2288 2342/2342/2289 966/966/955
f 2341/2341/2288 2343/2343/2290 2344/2344/2291
f 2341/2341/2288 2344/2344/2291 2342/2342/2289
f 1995/1995/1955 2345/2345/2292 1996/1996/1956
f 158/158/154 161/161/157 972/972/961
f 158/158/154 972/972/961 2346/2346/2293
f 158/158/154 2346/2346/2293 2347/2347/2294
f 2348/2348/2295 2349/2349/2296 2350/2350/2297
f 1577/1577/1552 759/759/748 758/758/747
f 2348/2348/2295 2351/2351/2298 2349/2349/2296
s 0
f 2352/2352/2299 2353/2353/2299 2354/2354/2299
s 1
f 1580/1580/1555 2355/2355/2300 1581/1581/1556
f 2356/2356/2301 2357/2357/2302 173/173/169
f 1587/1587/1562 2051/2051/2011 2358/2358/2303
f 1587/1587/1562 1586/1586/1561 2051/2051/2011
f 2359/2359/2304 2360/2360/2305 1320/1320/1303
f 2361/2361/2306 2104/2104/2062 2103/2103/2061
f 2359/2359/2304 1320/1320/1303 2362/2362/2307
f 2361/2361/2306 2363/2363/2308 2104/2104/2062
f 2364/2364/2309 2365/2365/2310 2366/2366/2311
f 2367/2367/2312 2368/2368/2313 1875/1875/1839
f 2367/2367/2312 1875/1875/1839 1877/1877/1841
s 0
f 2369/2369/2314 2370/2370/2314 2371/2371/2314
s 1
f 2364/2364/2309 2366/2366/2311 2372/2372/2315
f 2364/2364/2309 2373/2373/2316 2365/2365/2310
f 1610/1610/1585 1947/1947/1911 2374/2374/2317
f 1610/1610/1585 2375/2375/2318 1611/1611/1586
f 1610/1610/1585 799/799/788 1947/1947/1911
f 1610/1610/1585 2374/2374/2317 2375/2375/2318
f 2376/2376/2319 2377/2377/2320 2378/2378/2321
f 2379/2379/2322 2380/2380/2323 2381/2381/2324
f 2379/2379/2322 2382/2382/2325 2383/2383/2326
f 2379/2379/2322 2383/2383/2326 2380/2380/2323
f 2376/2376/2319 2384/2384/2327 2377/2377/2320
f 1015/1015/1002 2385/2385/2328 2386/2386/2329
f 1015/1015/1002 1018/1018/1005 2385/2385/2328
f 1015/1015/1002 2386/2386/2329 1016/1016/1003
f 2387/2387/2330 1030/1030/1017 2388/2388/2331
f 2387/2387/2330 2388/2388/2331 2389/2389/2332
f 2387/2387/2330 2389/2389/2332 2390/2390/2333
f 1034/1034/1021 1036/1036/1023 2391/2391/2334
f 1034/1034/1021 2391/2391/2334 2392/2392/2335
f 1034/1034/1021 2392/2392/2335 1035/1035/1022
f 1488/1488/1467 316/316/311 2393/2393/2336
f 1494/1494/1473 1493/1493/1472 1042/1042/1029
f 1488/1488/1467 2393/2393/2336 1489/1489/1468
f 1046/1046/1033 2394/2394/2337 1047/1047/1034
f 141/141/137 2395/2395/2338 142/142/138
f 2396/2396/2339 2397/2397/2340 2398/2398/2341
f 2396/2396/2339 2398/2398/2341 2399/2399/2342
f 2396/2396/2339 2400/2400/2343 2290/2290/2241
f 2396/2396/2339 2399/2399/2342 153/153/149
f 2396/2396/2339 2290/2290/2241 2397/2397/2340
f 2396/2396/2339 153/153/149 2400/2400/2343
f 2401/2401/2344 84/84/82 2402/2402/2345
f 2403/2403/2346 1674/1674/1647 1916/1916/1880
f 2403/2403/2346 1916/1916/1880 2404/2404/2347
f 2047/2047/2007 2048/2048/2008 2405/2405/2348
f 2047/2047/2007 2406/2406/2349 353/353/348
f 2407/2407/2350 519/519/513 2408/2408/2351
f 2409/2409/2352 2410/2410/2353 2049/2049/2009
f 2407/2407/2350 2411/2411/2354 2412/2412/2355
f 2407/2407/2350 2408/2408/2351 2413/2413/2356
f 2407/2407/2350 2414/2414/2357 1682/1682/1653
f 2407/2407/2350 2413/2413/2356 2411/2411/2354
f 2407/2407/2350 1682/1682/1653 519/519/513
f 1686/1686/1657 176/176/172 2415/2415/2358
f 1686/1686/1657 2415/2415/2358 2416/2416/2359
f 1686/1686/1657 2417/2417/2360 2053/2053/2013
f 1686/1686/1657 2053/2053/2013 176/176/172
f 1686/1686/1657 2416/2416/2359 1687/1687/1658
f 1448/1448/1427 1451/1451/1430 2418/2418/2361
f 1448/1448/1427 56/56/56 1449/1449/1428
f 1448/1448/1427 2419/2419/2362 2420/2420/2363
f 1448/1448/1427 2418/2418/2361 2419/2419/2362
f 1448/1448/1427 2420/2420/2363 56/56/56
f 65/65/65 70/70/70 2421/2421/2364
f 65/65/65 2421/2421/2364 387/387/382
f 2422/2422/2365 2423/2423/2366 2424/2424/2367
f 2422/2422/2365 2309/2309/2258 2425/2425/2368
f 2422/2422/2365 2425/2425/2368 2423/2423/2366
f 2422/2422/2365 2059/2059/2019 2309/2309/2258
f 2422/2422/2365 2424/2424/2367 2059/2059/2019
f 1465/1465/1444 2426/2426/2369 2427/2427/2370
f 1465/1465/1444 89/89/87 2426/2426/2369
f 1465/1465/1444 2427/2427/2370 2428/2428/2371
f 1460/1460/1439 2429/2429/2372 1461/1461/1440
f 1956/1956/1920 2430/2430/2373 1778/1778/1744
f 1956/1956/1920 2431/2431/2374 2430/2430/2373
f 326/326/321 325/325/320 1117/1117/1101
f 326/326/321 1117/1117/1101 2432/2432/2375
f 1742/1742/1710 1741/1741/1710 2433/2433/2376
f 1734/1734/1704 2434/2434/2377 1735/1735/1704
f 2435/2435/2378 2436/2436/2379 1133/1133/1117
f 2435/2435/2378 1960/1960/1924 1483/1483/1462
f 2435/2435/2378 2437/2437/2380 2436/2436/2379
f 2435/2435/2378 1133/1133/1117 1961/1961/1925
f 2435/2435/2378 1961/1961/1925 1960/1960/1924
f 2435/2435/2378 1483/1483/1462 2437/2437/2380
f 2438/2438/2381 2439/2439/2382 2440/2440/2383
f 2438/2438/2381 2441/2441/2384 950/950/939
f 2438/2438/2381 2442/2442/2385 2439/2439/2382
f 2438/2438/2381 2440/2440/2383 2441/2441/2384
f 2438/2438/2381 950/950/939 944/944/933
f 2438/2438/2381 944/944/933 2442/2442/2385
f 953/953/942 841/841/830 2443/2443/2386
f 953/953/942 2443/2443/2386 2444/2444/2387
f 953/953/942 842/842/831 841/841/830
f 953/953/942 2444/2444/2387 954/954/943
f 266/266/261 268/268/263 773/773/762
f 266/266/261 772/772/761 267/267/262
f 266/266/261 773/773/762 772/772/761
f 852/852/841 2445/2445/2388 853/853/842
f 852/852/841 2446/2446/2389 2447/2447/2390
f 852/852/841 2448/2448/2391 2445/2445/2388
f 852/852/841 2447/2447/2390 2448/2448/2391
f 2294/2294/2245 1570/1570/1547 2295/2295/2246
f 2449/2449/2392 2450/2450/2393 2451/2451/2394
f 2452/2452/2395 2453/2453/2396 2454/2454/2397
f 1209/1209/1192 2349/2349/2296 1210/1210/1193
f 1209/1209/1192 2455/2455/2398 2349/2349/2296
f 1209/1209/1192 1212/1212/1195 2456/2456/385
f 2457/2457/2399 2458/2458/2400 2459/2459/2401
f 2460/2460/2402 2314/2314/2263 2319/2319/2268
f 875/875/864 2461/2461/2403 876/876/865
f 2462/2462/2404 988/988/975 2463/2463/2405
f 2462/2462/2404 2464/2464/2406 988/988/975
f 2462/2462/2404 2463/2463/2405 1220/1220/1203
f 2465/2465/2407 990/990/977 2466/2466/2408
f 2465/2465/2407 2467/2467/2409 2468/2468/2410
f 2465/2465/2407 2468/2468/2410 991/991/978
f 2465/2465/2407 2466/2466/2408 2467/2467/2409
f 2465/2465/2407 991/991/978 990/990/977
f 2469/2469/2411 694/694/683 2470/2470/2412
f 2469/2469/2411 2470/2470/2412 2471/2471/2413
f 2469/2469/2411 2471/2471/2413 2472/2472/2414
f 188/188/184 2107/2107/2065 2473/2473/2415
f 188/188/184 191/191/187 2107/2107/2065
f 188/188/184 2366/2366/2311 189/189/185
f 188/188/184 2473/2473/2415 2366/2366/2311
f 2474/2474/2416 1946/1946/1910 2475/2475/2417
f 2474/2474/2416 2475/2475/2417 2476/2476/2418
f 2474/2474/2416 1947/1947/1911 1946/1946/1910
f 2474/2474/2416 2476/2476/2418 2374/2374/2317
f 2474/2474/2416 2374/2374/2317 1947/1947/1911
f 1617/1617/1590 1619/1619/1592 338/338/333
f 1617/1617/1590 337/337/332 1618/1618/1591
f 1617/1617/1590 338/338/333 337/337/332
f 2477/2477/2419 2478/2478/2420 280/280/275
f 2477/2477/2419 280/280/275 278/278/273
f 2477/2477/2419 278/278/273 2479/2479/2421
f 2480/2480/2422 2481/2481/2423 2482/2482/2424
f 2480/2480/2422 2483/2483/2425 2484/2484/2426
f 2480/2480/2422 2024/2024/1984 2483/2483/2425
f 2480/2480/2422 2025/2025/1985 2024/2024/1984
f 2480/2480/2422 2484/2484/2426 2481/2481/2423
f 2485/2485/2427 2486/2486/2428 2487/2487/2429
f 2488/2488/2430 2489/2489/2431 2490/2490/2432
f 2488/2488/2430 2490/2490/2432 2491/2491/2433
f 2492/2492/2434 935/935/924 933/933/922
f 2488/2488/2430 2493/2493/2435 2489/2489/2431
f 2492/2492/2434 2494/2494/2436 935/935/924
f 2094/2094/2052 2495/2495/2437 2095/2095/2053
f 2094/2094/2052 48/48/48 2495/2495/2437
f 2094/2094/2052 2496/2496/2438 48/48/48
f 2094/2094/2052 2096/2096/2054 2496/2496/2438
f 2497/2497/2439 1800/1800/1766 1362/1362/1343
f 2497/2497/2439 1801/1801/1767 1800/1800/1766
f 2497/2497/2439 1362/1362/1343 2498/2498/2440
f 1972/1972/1936 2499/2499/2441 1973/1973/1937
f 1972/1972/1936 1897/1897/1861 1896/1896/1860
f 2500/2500/2442 2501/2501/2443 2502/2502/2444
f 2503/2503/2445 2504/2504/2446 2505/2505/2447
f 2500/2500/2442 1439/1439/1418 1434/1434/1413
f 2500/2500/2442 1434/1434/1413 2501/2501/2443
f 2503/2503/2445 2506/2506/2448 2507/2507/2449
f 2503/2503/2445 2507/2507/2449 2504/2504/2446
f 2508/2508/2450 2281/2281/2232 2509/2509/2451
f 2510/2510/2452 748/748/737 1814/1814/1780
s 0
f 2511/2511/2453 2512/2512/2453 2513/2513/2453
s 1
f 2508/2508/2450 2514/2514/2454 2281/2281/2232
f 2515/2515/2455 741/741/730 740/740/729
f 2516/2516/2456 2517/2517/2457 2518/2518/2458
f 2519/2519/2459 969/969/958 968/968/957
f 2520/2520/2460 1526/1526/1505 2521/2521/2461
f 2520/2520/2460 1527/1527/1506 1526/1526/1505
f 2516/2516/2456 2518/2518/2458 1530/1530/1509
f 2522/2522/2462 2523/2523/2463 169/169/165
f 2522/2522/2462 1074/1074/1059 1081/1081/1065
f 2522/2522/2462 2524/2524/2464 2523/2523/2463
f 2525/2525/2465 1078/1078/1062 2526/2526/2466
f 2522/2522/2462 169/169/165 167/167/163
f 2522/2522/2462 167/167/163 1074/1074/1059
f 2527/2527/2467 2528/2528/2468 2529/2529/2469
f 1084/1084/1068 2530/2530/2470 2531/2531/2471
f 1084/1084/1068 2135/2135/2093 1085/1085/1069
f 1084/1084/1068 2531/2531/2471 2135/2135/2093
f 1090/1090/1074 1089/1089/1073 2532/2532/2472
f 1090/1090/1074 2532/2532/2472 2533/2533/2473
f 1449/1449/1428 55/55/55 1450/1450/1429
f 1449/1449/1428 56/56/56 55/55/55
f 1238/1238/1221 1704/1704/1675 1239/1239/1222
f 1238/1238/1221 2534/2534/2474 1704/1704/1675
f 1708/1708/1679 1710/1710/1681 2535/2535/2475
f 1708/1708/1679 1102/1102/1086 1709/1709/1680
f 1708/1708/1679 2535/2535/2475 1103/1103/1087
f 1708/1708/1679 1103/1103/1087 1102/1102/1086
f 2536/2536/2476 2537/2537/2477 688/688/677
f 2536/2536/2476 2538/2538/2478 2537/2537/2477
f 2539/2539/2479 2237/2237/2188 1107/1107/1091
f 1778/1778/1744 2430/2430/2373 1779/1779/1745
f 392/392/387 825/825/814 823/823/812
f 392/392/387 823/823/812 393/393/388
f 2489/2489/2431 2540/2540/2480 2541/2541/2481
f 2489/2489/2431 2542/2542/2482 2543/2543/2483
f 2489/2489/2431 2493/2493/2435 2542/2542/2482
f 2489/2489/2431 2543/2543/2483 2540/2540/2480
f 2489/2489/2431 2541/2541/2481 2490/2490/2432
f 2544/2544/2484 2545/2545/2485 2546/2546/2486
f 566/566/558 2098/2098/2056 567/567/559
f 2544/2544/2484 2546/2546/2486 2547/2547/2487
f 566/566/558 568/568/560 2548/2548/2488
f 1645/1645/1618 1490/1490/1469 2549/2549/2489
f 1645/1645/1618 2550/2550/2490 1646/1646/1619
f 1645/1645/1618 2551/2551/2491 2550/2550/2490
f 1645/1645/1618 2549/2549/2489 2551/2551/2491
f 2552/2552/2492 2553/2553/2493 1366/1366/1347
f 2554/2554/2494 2555/2555/2495 2556/2556/2496
f 2552/2552/2492 2557/2557/2497 2553/2553/2493
f 2554/2554/2494 2556/2556/2496 2558/2558/2498
f 2554/2554/2494 2559/2559/2499 2555/2555/2495
f 2552/2552/2492 1366/1366/1347 2560/2560/2500
f 1140/1140/1124 2561/2561/2501 2562/2562/2502
f 2563/2563/2503 2564/2564/2504 2565/2565/2505
f 1140/1140/1124 1144/1144/1128 2561/2561/2501
f 2563/2563/2503 2090/2090/2048 2564/2564/2504
s 0
f 2566/2566/2506 2567/2567/2506 2568/2568/2506
s 1
f 2569/2569/2507 2570/2570/2508 2571/2571/2509
s 0
f 2572/2572/2510 2573/2573/2510 2574/2574/2510
s 1
f 2575/2575/2511 1387/1387/1368 2576/2576/2512
f 2575/2575/2511 2577/2577/2513 1388/1388/1369
f 2575/2575/2511 2578/2578/2514 2577/2577/2513
f 2575/2575/2511 1388/1388/1369 1387/1387/1368
f 2575/2575/2511 2576/2576/2512 2578/2578/2514
f 1169/1169/1153 2579/2579/2515 2026/2026/1986
f 1169/1169/1153 1168/1168/1152 2579/2579/2515
s 0
f 2580/2580/2516 2581/2581/2516 2582/2582/2516
s 1
f 1166/1166/1150 2583/2583/2517 417/417/412
f 2584/2584/2518 2585/2585/2519 2586/2586/2520
f 2587/2587/2521 2588/2588/2522 2589/2589/2523
f 2584/2584/2518 2590/2590/2524 2591/2591/2525
f 2584/2584/2518 2586/2586/2520 2590/2590/2524
f 2587/2587/2521 2589/2589/2523 2592/2592/2526
f 2587/2587/2521 2593/2593/2527 2588/2588/2522
f 431/431/426 2594/2594/2528 1402/1402/1383
f 431/431/426 1402/1402/1383 1400/1400/1381
f 431/431/426 1400/1400/1381 432/432/427
f 431/431/426 2595/2595/2529 2594/2594/2528
f 2596/2596/2530 385/385/380 384/384/379
f 673/673/662 1625/1625/1598 2117/2117/2075
f 673/673/662 2117/2117/2075 2597/2597/2531
f 673/673/662 2597/2597/2531 674/674/663
f 673/673/662 676/676/665 1625/1625/1598
f 2598/2598/2532 2599/2599/2533 2600/2600/2534
f 2598/2598/2532 2601/2601/2535 2599/2599/2533
f 2598/2598/2532 1410/1410/1391 1413/1413/1394
f 2598/2598/2532 2600/2600/2534 685/685/674
f 2598/2598/2532 684/684/673 1410/1410/1391
f 2598/2598/2532 685/685/674 684/684/673
f 2598/2598/2532 1413/1413/1394 2601/2601/2535
f 2602/2602/2536 1910/1910/1874 1913/1913/1877
s 0
f 2603/2603/2537 2604/2604/2537 2605/2605/2537
s 1
f 2606/2606/2538 2607/2607/2539 2608/2608/2539
f 693/693/682 696/696/685 1591/1591/1566
f 693/693/682 2470/2470/2412 694/694/683
f 693/693/682 1591/1591/1566 2470/2470/2412
f 974/974/963 2609/2609/2540 975/975/964
f 974/974/963 2610/2610/2541 2609/2609/2540
f 974/974/963 2611/2611/2542 2610/2610/2541
f 974/974/963 978/978/965 2612/2612/2543
f 974/974/963 2612/2612/2543 2611/2611/2542
f 2613/2613/2544 1881/1881/1845 2614/2614/2545
f 1884/1884/1848 715/715/704 2615/2615/2546
f 1884/1884/1848 716/716/705 715/715/704
f 1884/1884/1848 1889/1889/1853 716/716/705
f 1884/1884/1848 2615/2615/2546 1885/1885/1849
f 2616/2616/2547 55/55/55 60/60/60
f 2616/2616/2547 1095/1095/1079 1450/1450/1429
f 2616/2616/2547 60/60/60 1096/1096/1080
f 2616/2616/2547 1096/1096/1080 1095/1095/1079
f 2616/2616/2547 1450/1450/1429 55/55/55
f 2617/2617/2548 2281/2281/2232 2618/2618/2549
f 2617/2617/2548 2282/2282/2233 2281/2281/2232
f 1547/1547/1526 1546/1546/1525 2619/2619/2550
f 1247/1247/1230 1833/1833/1799 2620/2620/2551
f 1247/1247/1230 1251/1251/1234 898/898/887
f 1247/1247/1230 2620/2620/2551 1248/1248/1231
f 527/527/521 1265/1265/1248 528/528/522
f 532/532/526 2344/2344/2291 2621/2621/2552
f 532/532/526 531/531/525 2344/2344/2291
f 532/532/526 2621/2621/2552 2622/2622/2553
f 2623/2623/2554 2624/2624/2555 2625/2625/2556
f 2626/2626/2557 1267/1267/1250 819/819/808
f 2626/2626/2557 1268/1268/1251 1267/1267/1250
f 2626/2626/2557 818/818/807 2627/2627/2558
f 2626/2626/2557 819/819/808 818/818/807
f 2628/2628/2559 2629/2629/2560 2630/2630/2561
f 2628/2628/2559 2144/2144/2102 2629/2629/2560
f 2628/2628/2559 2631/2631/2562 2144/2144/2102
f 2628/2628/2559 2632/2632/2563 2631/2631/2562
f 2628/2628/2559 2630/2630/2561 2632/2632/2563
f 2633/2633/2564 2634/2634/2565 301/301/296
f 2633/2633/2564 2635/2635/2566 2636/2636/2567
f 2633/2633/2564 301/301/296 2635/2635/2566
f 2633/2633/2564 2637/2637/2568 2634/2634/2565
f 2638/2638/2569 2639/2639/2570 2640/2640/2571
f 2638/2638/2569 2548/2548/2488 2641/2641/2572
f 2638/2638/2569 2642/2642/2573 2643/2643/2574
f 2638/2638/2569 2640/2640/2571 2644/2644/2575
f 2638/2638/2569 2644/2644/2575 2642/2642/2573
f 2638/2638/2569 2643/2643/2574 2548/2548/2488
f 2638/2638/2569 2641/2641/2572 2639/2639/2570
f 1039/1039/1026 1493/1493/1472 2645/2645/2576
f 1039/1039/1026 1043/1043/1030 1493/1493/1472
f 1039/1039/1026 2645/2645/2576 2646/2646/2577
f 1039/1039/1026 2646/2646/2577 1040/1040/1027
f 2647/2647/2578 2648/2648/2579 1975/1975/1939
f 2647/2647/2578 1975/1975/1939 1973/1973/1937
f 2647/2647/2578 1973/1973/1937 2649/2649/2580
f 2395/2395/2338 2650/2650/2581 142/142/138
f 2395/2395/2338 1310/1310/1293 2650/2650/2581
f 2395/2395/2338 1311/1311/1294 1310/1310/1293
f 1063/1063/1048 2651/2651/2582 2652/2652/2583
f 1063/1063/1048 1065/1065/1050 2651/2651/2582
f 2362/2362/2307 1320/1320/1303 1319/1319/1302
f 1598/1598/1573 2653/2653/2584 1599/1599/1574
f 2654/2654/2585 2655/2655/2586 2611/2611/2542
f 1603/1603/1578 1602/1602/1577 2656/2656/2587
f 1598/1598/1573 2657/2657/2588 2653/2653/2584
s 0
f 2658/2658/2589 2659/2659/2589 2660/2660/2589
s 1
f 162/162/158 156/156/152 2661/2661/2590
f 160/160/156 971/971/960 161/161/157
f 2662/2662/2591 1827/1827/1793 2336/2336/2283
f 2662/2662/2591 2336/2336/2283 2663/2663/2592
f 2664/2664/2593 616/616/606 615/615/605
f 2664/2664/2593 2665/2665/2594 616/616/606
f 2666/2666/2595 1451/1451/1430 1452/1452/1431
f 2666/2666/2595 2667/2667/2596 2668/2668/2597
f 2669/2669/2598 381/381/376 2670/2670/2599
f 2666/2666/2595 2671/2671/2600 2667/2667/2596
f 2666/2666/2595 1452/1452/1431 2671/2671/2600
f 2666/2666/2595 2418/2418/2361 1451/1451/1430
f 2251/2251/2202 2672/2672/2601 263/263/258
f 2251/2251/2202 263/263/258 1368/1368/1349
f 268/268/263 269/269/264 2673/2673/2602
f 268/268/263 2673/2673/2602 2674/2674/2603
f 268/268/263 775/775/764 773/773/762
f 268/268/263 2674/2674/2603 2675/2675/2604
f 268/268/263 2675/2675/2604 775/775/764
f 277/277/272 2676/2676/2605 278/278/273
f 2677/2677/2606 2678/2678/2607 2679/2679/2608
f 2677/2677/2606 2679/2679/2608 2016/2016/1976
f 277/277/272 279/279/274 2680/2680/2609
f 2681/2681/2610 2070/2070/2030 288/288/283
f 2681/2681/2610 1784/1784/1750 1114/1114/1098
f 2681/2681/2610 287/287/282 1784/1784/1750
f 2681/2681/2610 288/288/283 287/287/282
f 2681/2681/2610 1114/1114/1098 2070/2070/2030
f 824/824/813 826/826/815 2073/2073/2032
f 824/824/813 2075/2075/2034 547/547/539
f 2682/2682/2611 2683/2683/2612 2684/2684/2613
f 2682/2682/2611 2635/2635/2566 300/300/295
f 2682/2682/2611 2684/2684/2613 2636/2636/2567
f 2682/2682/2611 2636/2636/2567 2635/2635/2566
f 2682/2682/2611 300/300/295 2685/2685/2614
f 2682/2682/2611 2685/2685/2614 2683/2683/2612
f 1482/1482/1461 2437/2437/2380 1483/1483/1462
f 2686/2686/2615 2687/2687/2616 2688/2688/2617
f 2689/2689/2618 2690/2690/2619 543/543/535
f 2691/2691/2620 2692/2692/2621 1867/1867/1831
f 542/542/534 541/541/533 2693/2693/2622
f 2167/2167/2125 2694/2694/2623 2168/2168/2126
f 2691/2691/2620 1977/1977/1941 2692/2692/2621
f 2377/2377/2320 2695/2695/2624 2696/2696/2625
f 2377/2377/2320 2697/2697/2626 2698/2698/2627
s 0
f 2699/2699/2628 2700/2700/2628 2701/2701/2628
s 1
f 2204/2204/2156 2702/2702/2629 402/402/397
f 542/542/534 2703/2703/2630 768/768/757
f 2377/2377/2320 2698/2698/2627 2695/2695/2624
f 766/766/755 2221/2221/2172 1980/1980/1944
f 2523/2523/2463 168/168/164 169/169/165
f 2207/2207/2159 2704/2704/2631 2705/2705/2632
f 1671/1671/1644 2526/2526/2466 1672/1672/1645
f 2691/2691/2620 1978/1978/1942 1977/1977/1941
f 1866/1866/1830 2600/2600/2534 2599/2599/2533
f 2207/2207/2159 2206/2206/2158 2704/2704/2631
f 354/354/349 356/356/351 2706/2706/2633
f 1866/1866/1830 1194/1194/1177 2600/2600/2534
f 2686/2686/2615 2688/2688/2617 2707/2707/2634
f 2377/2377/2320 2384/2384/2327 2708/2708/2635
f 542/542/534 2693/2693/2622 2703/2703/2630
f 2686/2686/2615 2707/2707/2634 2709/2709/2636
s 0
f 2710/2710/2637 2711/2711/2637 2712/2712/2637
s 1
f 2167/2167/2125 2170/2170/2128 2713/2713/2638
f 2689/2689/2618 2714/2714/2639 2690/2690/2619
f 2377/2377/2320 2696/2696/2625 2378/2378/2321
s 0
f 2715/2715/2640 2716/2716/2640 2717/2717/2640
s 1
f 1807/1807/1773 2718/2718/2641 2320/2320/2269
f 1807/1807/1773 584/584/576 585/585/577
f 1807/1807/1773 585/585/577 2718/2718/2641
f 1807/1807/1773 2320/2320/2269 1506/1506/1485
f 2719/2719/2642 2720/2720/2643 2721/2721/2644
f 1524/1524/1503 2186/2186/2138 2722/2722/2645
f 1524/1524/1503 2722/2722/2645 2723/2723/2646
f 1928/1928/1892 1927/1927/1891 2724/2724/2647
f 1536/1536/1515 617/617/607 938/938/927
f 1536/1536/1515 1537/1537/1516 2725/2725/2648
f 1290/1290/1273 1363/1363/1344 1291/1291/1274
f 1290/1290/1273 2726/2726/2649 1363/1363/1344
f 1290/1290/1273 1294/1294/1277 2726/2726/2649
f 2727/2727/385 2421/2421/2364 2728/2728/2650
f 2727/2727/385 2729/2729/2651 2421/2421/2364
f 2196/2196/2148 2730/2730/2652 1832/1832/1798
f 2196/2196/2148 2731/2731/2653 2730/2730/2652
f 2732/2732/2654 1371/1371/1352 2733/2733/2655
f 2732/2732/2654 1372/1372/1353 1371/1371/1352
f 1379/1379/1360 2734/2734/2656 1380/1380/1361
f 2735/2735/2657 201/201/197 200/200/196
f 406/406/401 2736/2736/2658 407/407/402
f 406/406/401 2215/2215/2166 2736/2736/2658
f 2737/2737/2659 2738/2738/2660 2739/2739/2661
f 2737/2737/2659 2740/2740/2662 2738/2738/2660
f 2218/2218/2169 2217/2217/2168 2741/2741/2663
f 2742/2742/2664 2390/2390/2333 965/965/954
f 2742/2742/2664 965/965/954 964/964/953
f 2222/2222/2173 2743/2743/2665 2744/2744/2666
f 2222/2222/2173 2745/2745/2667 2743/2743/2665
f 2222/2222/2173 2223/2223/2174 2745/2745/2667
f 2222/2222/2173 2744/2744/2666 1398/1398/1379
f 1228/1228/1211 504/504/498 503/503/497
f 1228/1228/1211 1232/1232/1215 2308/2308/2257
f 2746/2746/2668 133/133/131 2747/2747/2669
f 2746/2746/2668 2748/2748/2670 133/133/131
f 2749/2749/2671 2750/2750/2672 2751/2751/2673
f 2749/2749/2671 2752/2752/2674 1301/1301/1284
f 2749/2749/2671 2751/2751/2673 2752/2752/2674
f 456/456/451 2233/2233/2184 457/457/452
f 456/456/451 846/846/835 2234/2234/2185
f 2238/2238/2189 2239/2239/2190 2753/2753/2675
f 2238/2238/2189 470/470/465 1428/1428/1407
f 1902/1902/1866 2300/2300/2249 2301/2301/2250
f 1900/1900/1864 2754/2754/2676 2755/2755/2677
f 1902/1902/1866 1438/1438/1417 2300/2300/2249
f 1900/1900/1864 2755/2755/2677 1901/1901/1865
f 2244/2244/2195 2192/2192/2144 2191/2191/2143
f 2244/2244/2195 2756/2756/2678 2192/2192/2144
f 2757/2757/2679 2758/2758/2680 1350/1350/1333
f 2757/2757/2679 2759/2759/2681 2758/2758/2680
f 1445/1445/1424 1446/1446/1425 2760/2760/2682
f 2761/2761/2683 2762/2762/2684 2763/2763/2685
f 2761/2761/2683 2645/2645/2576 1495/1495/1474
f 2761/2761/2683 2763/2763/2685 2645/2645/2576
f 2764/2764/2686 2765/2765/2687 2766/2766/2688
f 2764/2764/2686 2767/2767/2689 2765/2765/2687
f 2764/2764/2686 2766/2766/2688 2768/2768/2690
f 2769/2769/2691 711/711/700 2770/2770/2692
f 2771/2771/2693 2772/2772/2694 2773/2773/2695
f 2769/2769/2691 486/486/481 711/711/700
f 735/735/724 2042/2042/2002 736/736/725
f 1660/1660/1633 1662/1662/1635 2774/2774/2696
f 1919/1919/1883 1918/1918/1882 2775/2775/2697
f 1915/1915/1879 2776/2776/2698 2404/2404/2347
f 1915/1915/1879 2404/2404/2347 1916/1916/1880
f 2777/2777/2699 2778/2778/2700 2779/2779/2701
f 2777/2777/2699 2780/2780/2702 2778/2778/2700
f 2781/2781/2703 2782/2782/2704 2783/2783/2705
f 2781/2781/2703 2532/2532/2472 784/784/773
f 2781/2781/2703 2783/2783/2705 2532/2532/2472
f 1689/1689/1660 2784/2784/2706 1690/1690/1661
f 2056/2056/2016 68/68/68 2785/2785/2707
f 2056/2056/2016 2656/2656/2587 1602/1602/1577
f 2056/2056/2016 69/69/69 68/68/68
f 2056/2056/2016 2785/2785/2707 2656/2656/2587
f 2786/2786/2708 2787/2787/2709 2788/2788/2710
f 2786/2786/2708 2788/2788/2710 806/806/795
f 2786/2786/2708 806/806/795 805/805/794
f 2786/2786/2708 2789/2789/2711 2790/2790/2712
f 2786/2786/2708 2790/2790/2712 2787/2787/2709
f 2786/2786/2708 805/805/794 2789/2789/2711
f 6/6/6 2791/2791/385 1951/1951/1915
f 2792/2792/2713 2063/2063/2023 2793/2793/2714
f 2068/2068/2028 2794/2794/2715 2069/2069/2029
f 2068/2068/2028 2795/2795/2716 2794/2794/2715
f 2796/2796/2717 2797/2797/2718 2798/2798/2717
f 2796/2796/2717 2798/2798/2717 2799/2799/2719
f 1788/1788/1754 217/217/213 2800/2800/2720
f 1788/1788/1754 2800/2800/2720 1789/1789/1755
f 1788/1788/1754 2143/2143/2101 217/217/213
f 1788/1788/1754 1793/1793/1759 2143/2143/2101
f 2801/2801/2721 2802/2802/2722 2685/2685/2614
f 2803/2803/2723 2804/2804/2724 2805/2805/2725
f 2803/2803/2723 2806/2806/2726 2807/2807/2727
f 2801/2801/2721 2808/2808/2728 2802/2802/2722
f 2803/2803/2723 2807/2807/2727 2804/2804/2724
f 2801/2801/2721 2685/2685/2614 299/299/294
f 884/884/873 887/887/876 2809/2809/2729
f 884/884/873 2809/2809/2729 2155/2155/2113
f 2810/2810/2730 2811/2811/2731 2812/2812/2732
f 2225/2225/2176 2283/2283/2234 2813/2813/2733
f 2814/2814/2734 1546/1546/1525 2339/2339/2286
f 1555/1555/1534 2815/2815/2735 2816/2816/2736
f 1555/1555/1534 2817/2817/2737 2815/2815/2735
f 1555/1555/1534 143/143/139 2817/2817/2737
f 1555/1555/1534 2816/2816/2736 1556/1556/1535
f 1555/1555/1534 145/145/141 143/143/139
f 2818/2818/2738 2400/2400/2343 153/153/149
f 2818/2818/2738 462/462/457 2291/2291/2242
f 2818/2818/2738 2291/2291/2242 2400/2400/2343
f 2818/2818/2738 153/153/149 149/149/145
f 2818/2818/2738 149/149/145 462/462/457
f 1338/1338/1321 1337/1337/1320 2819/2819/2739
f 1334/1334/1317 2820/2820/2740 1335/1335/1318
f 1334/1334/1317 2821/2821/2741 2820/2820/2740
f 1576/1576/1551 2822/2822/2742 2823/2823/2743
f 1576/1576/1551 1998/1998/1958 2822/2822/2742
f 1576/1576/1551 2823/2823/2743 1578/1578/1553
f 2087/2087/2045 2824/2824/2744 2088/2088/2046
f 2087/2087/2045 2825/2825/2745 2824/2824/2744
f 2087/2087/2045 1766/1766/1732 2826/2826/2746
f 2087/2087/2045 2826/2826/2746 2825/2825/2745
f 2436/2436/2379 1224/1224/1207 1133/1133/1117
f 2100/2100/2058 2827/2827/2747 2828/2828/2748
f 2100/2100/2058 2829/2829/2749 2101/2101/2059
f 2100/2100/2058 2104/2104/2062 2827/2827/2747
f 2100/2100/2058 2828/2828/2748 2829/2829/2749
f 2830/2830/2750 2057/2057/2017 1601/1601/1576
s 0
f 2831/2831/2751 2832/2832/2751 2833/2833/2751
s 1
f 2830/2830/2750 2728/2728/2650 2057/2057/2017
f 195/195/191 198/198/194 2834/2834/2752
f 2835/2835/2753 1151/1151/1135 1150/1150/1134
f 2836/2836/2754 2837/2837/2755 2838/2838/2756
f 2836/2836/2754 400/400/395 2837/2837/2755
f 2836/2836/2754 404/404/399 400/400/395
f 2839/2839/2757 2840/2840/2758 2841/2841/2759
f 2839/2839/2757 2842/2842/2760 1730/1730/1701
f 2839/2839/2757 1730/1730/1701 2840/2840/2758
f 2118/2118/2076 2843/2843/2761 2119/2119/2077
f 2844/2844/2762 1269/1269/1252 2845/2845/2763
f 2118/2118/2076 2846/2846/2764 2847/2847/2765
f 2118/2118/2076 1634/1634/1607 2846/2846/2764
f 2121/2121/2079 50/50/50 2848/2848/2766
f 2121/2121/2079 51/51/51 50/50/50
f 2849/2849/2767 1892/1892/1856 1891/1891/1855
f 2849/2849/2767 2440/2440/2383 1892/1892/1856
f 2849/2849/2767 2850/2850/2768 2440/2440/2383
f 719/719/708 2851/2851/2769 720/720/709
f 2852/2852/2770 2766/2766/2688 2853/2853/2771
f 2852/2852/2770 2854/2854/2772 2855/2855/2773
f 2852/2852/2770 2855/2855/2773 2766/2766/2688
f 2856/2856/2774 2857/2857/2775 2858/2858/2776
f 2856/2856/2774 2858/2858/2776 2859/2859/2777
f 2856/2856/2774 2859/2859/2777 1061/1061/1046
f 2860/2860/2778 1903/1903/1867 2861/2861/2779
f 2860/2860/2778 1315/1315/1298 1903/1903/1867
f 2860/2860/2778 2651/2651/2582 1065/1065/1050
f 2860/2860/2778 2862/2862/2780 1315/1315/1298
f 2860/2860/2778 1065/1065/1050 2862/2862/2780
f 2860/2860/2778 2861/2861/2779 2651/2651/2582
s 0
f 2863/2863/2781 2864/2864/2781 2865/2865/2781
s 1
f 2866/2866/2782 2213/2213/2165 2794/2794/2715
f 2867/2867/2783 2868/2868/2784 2869/2869/2785
f 31/31/31 2870/2870/2786 32/32/32
f 31/31/31 33/33/33 871/871/860
f 31/31/31 757/757/746 2870/2870/2786
f 770/770/759 775/775/764 2675/2675/2604
f 770/770/759 2675/2675/2604 2871/2871/2787
f 770/770/759 2871/2871/2787 1394/1394/1375
f 2872/2872/2788 2873/2873/2789 1694/1694/1665
f 2872/2872/2788 2874/2874/2790 2873/2873/2789
f 2875/2875/2791 780/780/769 1853/1853/1819
f 2872/2872/2788 1690/1690/1661 2876/2876/2792
f 2872/2872/2788 1694/1694/1665 1690/1690/1661
f 2875/2875/2791 1853/1853/1819 445/445/440
f 2877/2877/2793 2878/2878/2794 2745/2745/2667
f 2877/2877/2793 2745/2745/2667 2879/2879/2795
f 2880/2880/2796 2881/2881/2797 1094/1094/1078
f 2877/2877/2793 2882/2882/2798 2878/2878/2794
f 793/793/782 795/795/784 2883/2883/2799
f 793/793/782 2883/2883/2799 2884/2884/2800
f 793/793/782 2884/2884/2800 794/794/783
f 1946/1946/1910 1948/1948/1912 2475/2475/2417
f 1106/1106/1090 1108/1108/1092 2885/2885/2801
f 2886/2886/2802 2062/2062/2022 2537/2537/2477
f 2886/2886/2802 2793/2793/2714 2062/2062/2022
f 1106/1106/1090 2887/2887/385 1107/1107/1091
f 2690/2690/2619 821/821/810 820/820/809
f 2690/2690/2619 2714/2714/2639 821/821/810
f 2690/2690/2619 820/820/809 543/543/535
f 2888/2888/2803 553/553/545 552/552/544
f 2888/2888/2803 102/102/100 2889/2889/2804
f 2890/2890/2805 1119/1119/1103 550/550/542
f 2888/2888/2803 552/552/544 2075/2075/2034
f 2888/2888/2803 106/106/104 102/102/100
f 2888/2888/2803 2075/2075/2034 106/106/104
f 1123/1123/1107 2540/2540/2480 1124/1124/1108
f 1123/1123/1107 561/561/553 2540/2540/2480
f 1960/1960/1924 2891/2891/2806 1483/1483/1462
f 1960/1960/1924 1962/1962/1926 2891/2891/2806
f 2892/2892/2807 2893/2893/2808 1359/1359/1340
f 2892/2892/2807 1359/1359/1340 1358/1358/1339
f 2892/2892/2807 2894/2894/2809 2893/2893/2808
f 2892/2892/2807 1751/1751/1719 2894/2894/2809
f 2892/2892/2807 1358/1358/1339 2895/2895/2810
f 2892/2892/2807 2895/2895/2810 1751/1751/1719
f 449/449/444 955/955/944 958/958/947
f 449/449/444 958/958/947 450/450/445
f 845/845/834 2896/2896/2811 2897/2897/2812
f 845/845/834 2898/2898/2813 2896/2896/2811
f 845/845/834 847/847/836 2898/2898/2813
f 845/845/834 2897/2897/2812 846/846/835
f 2899/2899/2814 1259/1259/1242 2900/2900/2815
f 2901/2901/2816 2902/2902/2817 1263/1263/1246
f 2899/2899/2814 2900/2900/2815 2903/2903/2818
f 968/968/957 971/971/960 2904/2904/2819
f 2517/2517/2457 2905/2905/2820 2518/2518/2458
f 2906/2906/2821 2907/2907/2822 420/420/415
f 2906/2906/2821 2908/2908/2823 2907/2907/2822
f 2906/2906/2821 2311/2311/2260 2908/2908/2823
f 2906/2906/2821 420/420/415 419/419/414
f 2906/2906/2821 419/419/414 2311/2311/2260
f 2314/2314/2263 2909/2909/2824 2315/2315/2264
f 1743/1743/1711 2910/2910/2825 2466/2466/2408
f 1743/1743/1711 1745/1745/1713 2910/2910/2825
f 1743/1743/1711 2466/2466/2408 994/994/981
f 1743/1743/1711 994/994/981 119/119/117
f 2911/2911/2826 2753/2753/2675 2912/2912/2827
f 2003/2003/1963 998/998/985 997/997/984
f 2003/2003/1963 2007/2007/1967 998/998/985
f 626/626/616 631/631/621 187/187/183
f 2008/2008/1968 900/900/889 2115/2115/2073
f 2008/2008/1968 2115/2115/2073 194/194/190
f 2008/2008/1968 1834/1834/1800 900/900/889
f 2008/2008/1968 2010/2010/1970 1834/1834/1800
f 2913/2913/2828 647/647/637 1620/1620/1593
f 2913/2913/2828 1620/1620/1593 1618/1618/1591
f 2914/2914/2829 2915/2915/2830 2013/2013/1973
f 2916/2916/2831 2017/2017/1977 1461/1461/1440
f 2914/2914/2829 211/211/207 2915/2915/2830
f 2481/2481/2423 2917/2917/2832 2918/2918/2833
f 2919/2919/2834 2920/2920/2835 2486/2486/2428
f 2481/2481/2423 2484/2484/2426 2917/2917/2832
f 2921/2921/2836 1934/1934/1898 2922/2922/2837
f 1036/1036/1023 2923/2923/2838 2924/2924/2839
f 1036/1036/1023 1033/1033/1020 2923/2923/2838
f 1752/1752/1720 1751/1751/1719 2895/2895/2810
f 1749/1749/1717 1403/1403/1384 125/125/123
f 1752/1752/1720 2925/2925/2840 2926/2926/2841
f 1752/1752/1720 2895/2895/2810 2925/2925/2840
f 2130/2130/2088 261/261/256 2131/2131/2089
f 2130/2130/2088 2132/2132/2090 1242/1242/1225
f 2130/2130/2088 1242/1242/1225 262/262/257
f 2130/2130/2088 262/262/257 261/261/256
f 518/518/512 2408/2408/2351 519/519/513
f 518/518/512 2927/2927/2842 2928/2928/2843
f 518/518/512 2928/2928/2843 2408/2408/2351
f 518/518/512 523/523/517 2927/2927/2842
f 2342/2342/2289 2929/2929/2844 276/276/271
f 2342/2342/2289 2344/2344/2291 531/531/525
f 2342/2342/2289 531/531/525 2929/2929/2844
f 2342/2342/2289 276/276/271 966/966/955
f 538/538/530 544/544/536 1267/1267/1250
f 538/538/530 1270/1270/1253 539/539/531
f 2629/2629/2560 2930/2930/2845 2630/2630/2561
f 2629/2629/2560 2144/2144/2102 1792/1792/1758
f 2629/2629/2560 2931/2931/2846 2930/2930/2845
f 2629/2629/2560 1792/1792/1758 1791/1791/1757
f 2629/2629/2560 1791/1791/1757 2931/2931/2846
f 665/665/654 563/563/555 557/557/549
f 22/22/22 2932/2932/2847 2933/2933/2848
f 22/22/22 24/24/24 2932/2932/2847
f 22/22/22 568/568/560 23/23/23
f 22/22/22 2933/2933/2848 568/568/560
f 1292/1292/1275 2934/2934/2849 2935/2935/2850
f 2936/2936/2851 2937/2937/2852 2829/2829/2749
f 1292/1292/1275 2935/2935/2850 256/256/251
f 1292/1292/1275 1293/1293/1276 2249/2249/2200
f 2432/2432/2375 1117/1117/1101 1121/1121/1105
f 323/323/318 2938/2938/2853 579/579/571
f 323/323/318 579/579/571 578/578/570
f 323/323/318 578/578/570 324/324/319
f 582/582/574 584/584/576 2939/2939/2854
f 2822/2822/2742 1998/1998/1958 2940/2940/2855
f 2941/2941/2856 1812/1812/1778 2942/2942/2857
f 2941/2941/2856 1813/1813/1779 1812/1812/1778
f 1549/1549/1528 1548/1548/1527 2943/2943/2858
f 2941/2941/2856 2944/2944/2859 1813/1813/1779
f 2945/2945/2860 1817/1817/1783 1820/1820/1786
f 2945/2945/2860 2946/2946/2861 2947/2947/2862
f 2945/2945/2860 2947/2947/2862 1817/1817/1783
f 2945/2945/2860 2948/2948/2863 2946/2946/2861
f 2945/2945/2860 1820/1820/1786 2948/2948/2863
f 599/599/591 2609/2609/2540 2610/2610/2541
f 599/599/591 2610/2610/2541 600/600/592
f 604/604/596 32/32/32 2870/2870/2786
f 228/228/224 1395/1395/1376 229/229/225
f 2873/2873/2789 371/371/366 370/370/365
f 2873/2873/2789 2874/2874/2790 2949/2949/2864
f 2873/2873/2789 370/370/365 1694/1694/1665
f 2873/2873/2789 2949/2949/2864 371/371/366
f 2950/2950/2865 2951/2951/2866 2952/2952/2867
f 2950/2950/2865 1365/1365/1346 1367/1367/1348
f 2950/2950/2865 1367/1367/1348 2953/2953/385
f 2954/2954/2868 112/112/110 111/111/109
f 2954/2954/2868 2955/2955/2869 112/112/110
f 2950/2950/2865 2952/2952/2867 1365/1365/1346
f 1142/1142/1126 2253/2253/2204 640/640/630
f 1142/1142/1126 2956/2956/2870 2253/2253/2204
f 1142/1142/1126 640/640/630 1143/1143/1127
f 1142/1142/1126 1145/1145/1129 2956/2956/2870
f 2957/2957/2871 2958/2958/2872 2959/2959/2873
f 2957/2957/2871 2960/2960/2874 2961/2961/2875
f 2957/2957/2871 2962/2962/2876 2960/2960/2874
f 2957/2957/2871 2961/2961/2875 2958/2958/2872
f 84/84/82 86/86/84 2402/2402/2345
f 661/661/650 1168/1168/1152 2963/2963/2877
f 661/661/650 660/660/649 2964/2964/2878
f 661/661/650 2965/2965/2879 1168/1168/1152
f 661/661/650 2964/2964/2878 2965/2965/2879
f 2634/2634/2565 2966/2966/2880 2967/2967/2881
f 2968/2968/2882 1480/1480/1459 2969/2969/2883
f 2634/2634/2565 2967/2967/2881 302/302/297
f 2634/2634/2565 302/302/297 301/301/296
f 1177/1177/1160 435/435/430 434/434/429
f 570/570/562 1851/1851/1817 1850/1850/1816
f 570/570/562 1850/1850/1816 571/571/563
f 570/570/562 2970/2970/2884 2076/2076/2035
f 570/570/562 574/574/566 2970/2970/2884
f 570/570/562 2076/2076/2035 1851/1851/1817
f 1855/1855/1821 1894/1894/1858 1897/1897/1861
f 1855/1855/1821 957/957/946 1894/1894/1858
f 1855/1855/1821 1861/1861/1827 957/957/946
f 2692/2692/2621 1977/1977/1941 1982/1982/1946
f 2692/2692/2621 1982/1982/1946 2971/2971/2885
f 2692/2692/2621 2971/2971/2885 1867/1867/1831
f 341/341/336 345/345/340 2972/2972/2886
f 704/704/693 2368/2368/2313 705/705/694
f 704/704/693 1875/1875/1839 2368/2368/2313
f 704/704/693 2242/2242/2193 1874/1874/1838
f 2304/2304/2253 1534/1534/1513 1533/1533/1512
f 2034/2034/1994 2973/2973/2887 2035/2035/1995
f 1886/1886/1850 1888/1888/1852 2974/2974/2888
f 1886/1886/1850 2975/2975/2889 1887/1887/1851
f 1886/1886/1850 2974/2974/2888 2975/2975/2889
f 181/181/177 184/184/180 2195/2195/2147
f 181/181/177 1802/1802/1768 182/182/178
f 2553/2553/2493 2557/2557/2497 2976/2976/2890
f 2553/2553/2493 2252/2252/2203 1369/1369/1350
f 2553/2553/2493 1369/1369/1350 1366/1366/1347
f 2553/2553/2493 2976/2976/2890 2252/2252/2203
f 2200/2200/2152 1374/1374/1355 2977/2977/2891
f 2200/2200/2152 2978/2978/2892 2201/2201/2153
f 1765/1765/1731 2826/2826/2746 1766/1766/1732
f 2979/2979/2893 176/176/172 178/178/174
f 2979/2979/2893 2415/2415/2358 176/176/172
f 2979/2979/2893 2960/2960/2874 2962/2962/2876
f 2979/2979/2893 2962/2962/2876 2980/2980/2894
f 2979/2979/2893 178/178/174 2960/2960/2874
f 2979/2979/2893 2980/2980/2894 2415/2415/2358
f 2426/2426/2369 1164/1164/1148 2427/2427/2370
f 2426/2426/2369 85/85/83 1164/1164/1148
f 2426/2426/2369 89/89/87 85/85/83
f 2579/2579/2515 1168/1168/1152 2965/2965/2879
f 2579/2579/2515 2965/2965/2879 2027/2027/1987
f 2579/2579/2515 2027/2027/1987 2026/2026/1986
f 2585/2585/2519 1172/1172/1156 2586/2586/2520
f 2592/2592/2526 2490/2490/2432 2541/2541/2481
f 2585/2585/2519 2981/2981/2895 1172/1172/1156
f 2592/2592/2526 2589/2589/2523 2490/2490/2432
f 2592/2592/2526 2541/2541/2481 559/559/551
f 2982/2982/2896 2029/2029/1989 1037/1037/1024
f 2982/2982/2896 1181/1181/1164 2029/2029/1989
f 2983/2983/2897 2594/2594/2528 2595/2595/2529
f 2982/2982/2896 436/436/431 1181/1181/1164
f 2983/2983/2897 2984/2984/2898 2985/2985/2899
f 2983/2983/2897 2985/2985/2899 2594/2594/2528
f 2986/2986/2900 2987/2987/2901 2970/2970/2884
f 2986/2986/2900 2970/2970/2884 574/574/566
f 2986/2986/2900 574/574/566 2988/2988/2902
f 675/675/664 677/677/666 2989/2989/2903
f 675/675/664 2989/2989/2903 1191/1191/1174
f 1193/1193/1176 2990/2990/2904 680/680/669
f 1193/1193/1176 1867/1867/1831 2971/2971/2885
f 1193/1193/1176 2971/2971/2885 2990/2990/2904
f 2991/2991/2905 2736/2736/2658 2992/2992/2906
f 691/691/680 690/690/679 2993/2993/2907
f 2994/2994/2908 2912/2912/2827 2240/2240/2191
f 2994/2994/2908 2995/2995/2909 2912/2912/2827
f 2994/2994/2908 2996/2996/2910 2995/2995/2909
f 2994/2994/2908 2240/2240/2191 1432/1432/1411
f 2994/2994/2908 1432/1432/1411 2996/2996/2910
f 2997/2997/2911 2998/2998/2912 2999/2999/2913
f 709/709/698 3000/3000/2914 710/710/699
f 709/709/698 485/485/480 487/487/482
f 709/709/698 1443/1443/1422 3000/3000/2914
f 709/709/698 487/487/482 1443/1443/1422
f 3001/3001/2915 3002/3002/2916 3003/3003/2917
f 3001/3001/2915 714/714/703 3002/3002/2916
f 3001/3001/2915 715/715/704 714/714/703
f 3001/3001/2915 3003/3003/2917 2615/2615/2546
f 3001/3001/2915 2615/2615/2546 715/715/704
f 2128/2128/2086 1095/1095/1079 3004/3004/2918
f 2128/2128/2086 2671/2671/2600 1095/1095/1079
f 2128/2128/2086 2127/2127/2085 2671/2671/2600
f 3005/3005/2919 3006/3006/2920 2884/2884/2800
f 511/511/505 1756/1756/1724 1755/1755/1723
f 511/511/505 3007/3007/2921 512/512/506
f 511/511/505 516/516/510 1756/1756/1724
f 1255/1255/1238 2136/2136/2094 1256/1256/1239
f 1255/1255/1238 1264/1264/1247 3008/3008/2922
f 1255/1255/1238 3008/3008/2922 1464/1464/1443
f 1255/1255/1238 1464/1464/1443 2136/2136/2094
f 539/539/531 1270/1270/1253 3009/3009/2923
f 3010/3010/2924 3011/3011/2925 3012/3012/2926
f 3010/3010/2924 3012/3012/2926 1274/1274/1257
f 3013/3013/2927 2632/2632/2563 2630/2630/2561
f 3014/3014/2928 3015/3015/2929 2112/2112/2070
f 3016/3016/2930 1272/1272/1255 3017/3017/2931
f 2969/2969/2883 736/736/725 2042/2042/2002
f 2969/2969/2883 1280/1280/1263 3018/3018/2932
f 2969/2969/2883 1480/1480/1459 736/736/725
f 2969/2969/2883 2042/2042/2002 1280/1280/1263
f 3019/3019/2933 3020/3020/2934 3021/3021/2935
f 3022/3022/2936 1285/1285/1268 1284/1284/1267
f 2639/2639/2570 2933/2933/2848 2932/2932/2847
f 2639/2639/2570 2641/2641/2572 2933/2933/2848
f 3019/3019/2933 3021/3021/2935 829/829/818
f 2988/2988/2902 573/573/565 3023/3023/2937
f 2988/2988/2902 574/574/566 573/573/565
f 3024/3024/2938 1191/1191/1174 2989/2989/2903
f 3024/3024/2938 2989/2989/2903 3025/3025/2939
f 1305/1305/1288 1214/1214/1197 1213/1213/1196
f 588/588/580 592/592/584 2862/2862/2780
f 588/588/580 2862/2862/2780 1065/1065/1050
f 596/596/588 3026/3026/2940 2116/2116/2074
f 601/601/593 1329/1329/1312 602/602/594
f 607/607/599 361/361/356 366/366/361
f 607/607/599 43/43/43 361/361/356
f 617/617/607 616/616/606 938/938/927
f 2439/2439/2382 2442/2442/2385 833/833/822
f 2439/2439/2382 1892/1892/1856 2440/2440/2383
f 2439/2439/2382 833/833/822 1892/1892/1856
f 3027/3027/2941 3028/3028/2942 3029/3029/2943
f 3030/3030/2944 3031/3031/2945 681/681/670
f 3030/3030/2944 2990/2990/2904 3032/3032/2946
f 3030/3030/2944 681/681/670 2990/2990/2904
f 3030/3030/2944 3032/3032/2946 1985/1985/1949
f 3027/3027/2941 1984/1984/1948 3028/3028/2942
f 2743/2743/2665 3033/3033/2947 2744/2744/2666
f 2743/2743/2665 2878/2878/2794 3034/3034/2948
f 2743/2743/2665 2745/2745/2667 2878/2878/2794
f 2743/2743/2665 3034/3034/2948 3033/3033/2947
f 861/861/850 3035/3035/2949 862/862/851
f 861/861/850 1207/1207/1190 3035/3035/2949
f 755/755/744 873/873/862 1997/1997/1957
f 879/879/868 1217/1217/1200 880/880/869
f 2910/2910/2825 2467/2467/2409 2466/2466/2408
f 2910/2910/2825 1745/1745/1713 2467/2467/2409
s 0
f 3036/3036/2950 3037/3037/2950 3038/3038/2950
s 1
f 3039/3039/2951 2787/2787/2709 3040/3040/2952
f 3039/3039/2951 2788/2788/2710 2787/2787/2709
f 3039/3039/2951 1950/1950/1914 2788/2788/2710
f 2917/2917/2832 3041/3041/2953 660/660/649
f 230/230/226 3042/3042/2954 3043/3043/2955
s 0
f 3044/3044/2956 3045/3045/2956 3046/3046/2956
s 1
f 2475/2475/2417 3047/3047/2957 2476/2476/2418
f 3048/3048/2958 3049/3049/2959 747/747/736
f 2423/2423/2366 2425/2425/2368 273/273/268
f 2454/2454/2397 3050/3050/2960 3051/3051/2961
s 0
f 3052/3052/2962 3053/3053/2962 3054/3054/2962
s 1
f 1570/1570/1547 1566/1566/1543 2295/2295/2246
f 2917/2917/2832 2484/2484/2426 3041/3041/2953
f 3048/3048/2958 747/747/736 741/741/730
f 2281/2281/2232 2514/2514/2454 3055/3055/2548
f 2907/2907/2822 3056/3056/2963 420/420/415
f 2281/2281/2232 3055/3055/2548 2618/2618/2549
f 2285/2285/2236 2284/2284/2235 2920/2920/2835
f 230/230/226 232/232/228 3042/3042/2954
f 657/657/647 662/662/651 416/416/411
f 2454/2454/2397 2453/2453/2396 3050/3050/2960
f 809/809/798 3057/3057/2964 810/810/799
f 3058/3058/2965 3059/3059/2966 3060/3060/2967
f 809/809/798 1953/1953/1917 3061/3061/2968
f 26/26/26 1161/1161/1145 27/27/27
f 26/26/26 2577/2577/2513 1161/1161/1145
f 26/26/26 29/29/29 1388/1388/1369
f 26/26/26 1388/1388/1369 2577/2577/2513
f 1021/1021/1008 3062/3062/2969 3063/3063/2970
f 3064/3064/2971 2267/2267/2218 2266/2266/2217
f 1021/1021/1008 925/925/914 3062/3062/2969
f 1021/1021/1008 1023/1023/1010 925/925/914
f 3065/3065/2972 1029/1029/1016 2494/2494/2436
f 3065/3065/2972 2388/2388/2331 1029/1029/1016
f 2588/2588/2522 2491/2491/2433 2589/2589/2523
f 3065/3065/2972 3066/3066/2973 2388/2388/2331
f 1934/1934/1898 3067/3067/2974 1935/1935/1899
f 1934/1934/1898 1937/1937/1901 2922/2922/2837
f 1800/1800/1766 1363/1363/1344 1362/1362/1343
f 1800/1800/1766 1802/1802/1768 1363/1363/1344
f 1296/1296/1279 3068/3068/2975 2035/2035/1995
f 1296/1296/1279 1302/1302/1285 3068/3068/2975
f 1296/1296/1279 2973/2973/2887 1297/1297/1280
f 1296/1296/1279 2035/2035/1995 2973/2973/2887
f 2501/2501/2443 2858/2858/2776 3069/3069/2976
f 2501/2501/2443 2859/2859/2777 2858/2858/2776
f 2501/2501/2443 1434/1434/1413 2859/2859/2777
f 2501/2501/2443 3069/3069/2976 2502/2502/2444
f 748/748/737 1815/1815/1781 1814/1814/1780
f 748/748/737 744/744/733 1815/1815/1781
f 2521/2521/2461 1526/1526/1505 3070/3070/2977
f 1074/1074/1059 167/167/163 1075/1075/1060
f 3071/3071/2978 1337/1337/1320 1824/1824/1790
f 3072/3072/2979 2674/2674/2603 3073/3073/2980
f 3072/3072/2979 3074/3074/2981 2871/2871/2787
f 3072/3072/2979 2675/2675/2604 2674/2674/2603
f 3072/3072/2979 2871/2871/2787 2675/2675/2604
f 1089/1089/1073 784/784/773 2532/2532/2472
f 1229/1229/1212 3075/3075/2982 3076/3076/2983
f 1229/1229/1212 3077/3077/2984 1230/1230/1213
f 1229/1229/1212 3076/3076/2983 3077/3077/2984
f 1229/1229/1212 1233/1233/1216 3075/3075/2982
f 794/794/783 3006/3006/2920 1098/1098/1082
f 794/794/783 2884/2884/2800 3006/3006/2920
f 898/898/887 1251/1251/1234 1002/1002/989
f 904/904/893 1107/1107/1091 2237/2237/2188
f 904/904/893 2237/2237/2188 905/905/894
f 1112/1112/1096 1115/1115/1099 1183/1183/1166
f 3078/3078/2985 3079/3079/2986 3080/3080/2987
f 3078/3078/2985 3081/3081/2988 2556/2556/2496
f 3078/3078/2985 3082/3082/2989 3079/3079/2986
f 3078/3078/2985 2556/2556/2496 3082/3082/2989
f 2891/2891/2806 1962/1962/1926 3083/3083/2990
f 2891/2891/2806 1486/1486/1465 1483/1483/1462
f 2891/2891/2806 1797/1797/1763 1486/1486/1465
f 2891/2891/2806 3083/3083/2990 1797/1797/1763
f 3084/3084/2991 2750/2750/2672 3085/3085/2992
f 2172/2172/2130 3086/3086/2993 1513/1513/1492
f 2172/2172/2130 3087/3087/2994 3086/3086/2993
f 3084/3084/2991 2751/2751/2673 2750/2750/2672
f 3088/3088/2995 667/667/656 3089/3089/2996
f 3088/3088/2995 3089/3089/2996 3090/3090/2997
f 3088/3088/2995 668/668/657 667/667/656
f 3033/3033/2947 1847/1847/1813 2744/2744/2666
f 3091/3091/2998 2345/2345/2292 3092/3092/2999
f 3091/3091/2998 3093/3093/3000 471/471/466
f 3091/3091/2998 471/471/466 1996/1996/1956
f 3091/3091/2998 1996/1996/1956 2345/2345/2292
f 3091/3091/2998 3092/3092/2999 3093/3093/3000
f 2349/2349/2296 2351/2351/2298 1210/1210/1193
f 2349/2349/2296 2455/2455/2398 2350/2350/2297
f 3094/3094/3001 3095/3095/3002 3096/3096/3003
f 3094/3094/3001 3097/3097/3004 3095/3095/3002
f 3094/3094/3001 3098/3098/3005 3097/3097/3004
f 3002/3002/2916 714/714/703 3099/3099/3006
f 3100/3100/3007 2247/2247/2198 2248/2248/2199
f 3002/3002/2916 3099/3099/3006 3101/3101/3008
f 3100/3100/3007 1446/1446/1425 2247/2247/2198
f 2101/2101/2059 2829/2829/2749 2937/2937/2852
f 2101/2101/2059 3102/3102/3009 2102/2102/2060
f 2101/2101/2059 3103/3103/3010 3102/3102/3009
f 2101/2101/2059 2937/2937/2852 3103/3103/3010
f 2365/2365/2310 3104/3104/3011 190/190/186
f 2365/2365/2310 189/189/185 2366/2366/2311
f 2365/2365/2310 190/190/186 189/189/185
f 2365/2365/2310 2373/2373/2316 3104/3104/3011
f 2112/2112/2070 899/899/888 896/896/885
f 2112/2112/2070 896/896/885 3105/3105/3012
f 2112/2112/2070 3015/3015/2929 2113/2113/2071
f 1619/1619/1592 1621/1621/1594 3106/3106/3013
f 3107/3107/3014 1016/1016/1003 2386/2386/2329
f 3107/3107/3014 1385/1385/1366 2264/2264/2215
f 209/209/205 1622/1622/1595 210/210/206
f 3107/3107/3014 2386/2386/2329 1385/1385/1366
f 217/217/213 222/222/218 2800/2800/2720
f 217/217/213 2143/2143/2101 218/218/214
f 768/768/757 2703/2703/2630 1634/1634/1607
f 3108/3108/3015 1095/1095/1079 1097/1097/1081
f 1399/1399/1380 1401/1401/1382 237/237/233
f 1399/1399/1380 3109/3109/3016 2223/2223/2174
f 1490/1490/1469 1489/1489/1468 2549/2549/2489
f 1648/1648/1621 3110/3110/3017 729/729/718
f 2815/2815/2735 3111/3111/3018 1504/1504/1483
f 2815/2815/2735 2817/2817/2737 3111/3111/3018
f 2815/2815/2735 1504/1504/1483 1505/1505/1484
f 2815/2815/2735 1505/1505/1484 3112/3112/385
f 2815/2815/2735 3112/3112/385 2816/2816/2736
f 3113/3113/3019 2045/2045/2005 3114/3114/3020
f 1737/1737/1706 1071/1071/1056 650/650/640
f 3115/3115/3021 1672/1672/1645 2526/2526/2466
f 3115/3115/3021 1673/1673/1646 1672/1672/1645
f 3115/3115/3021 1077/1077/1061 1673/1673/1646
f 3115/3115/3021 2526/2526/2466 1078/1078/1062
f 3115/3115/3021 1078/1078/1062 1077/1077/1061
f 519/519/513 1682/1682/1653 520/520/514
f 1178/1178/1161 3116/3116/3022 1179/1179/1162
f 1702/1702/1673 1328/1328/1311 1327/1327/1310
f 1702/1702/1673 1705/1705/1676 1328/1328/1311
f 74/74/74 73/73/73 2789/2789/2711
f 74/74/74 3117/3117/3023 75/75/75
f 74/74/74 2789/2789/2711 3117/3117/3023
f 1463/1463/1442 88/88/86 87/87/85
f 1466/1466/1445 1464/1464/1443 3118/3118/3024
f 3119/3119/3025 3120/3120/3026 3121/3121/3027
f 3119/3119/3025 2842/2842/2760 3120/3120/3026
f 3119/3119/3025 3122/3122/3028 1726/1726/1697
f 3119/3119/3025 1726/1726/1697 1730/1730/1701
f 3119/3119/3025 3121/3121/3027 3122/3122/3028
f 3119/3119/3025 1730/1730/1701 2842/2842/2760
f 3123/3123/3029 580/580/572 579/579/571
f 103/103/101 105/105/103 3124/3124/3030
f 3123/3123/3029 3125/3125/3031 580/580/572
f 3123/3123/3029 579/579/571 2938/2938/2853
f 119/119/117 994/994/981 120/120/118
f 3126/3126/3032 2827/2827/2747 3127/3127/3033
f 3126/3126/3032 2828/2828/2748 2827/2827/2747
f 251/251/246 256/256/251 2935/2935/2850
f 3126/3126/3032 3127/3127/3033 3128/3128/3034
f 259/259/254 1367/1367/1348 260/260/255
f 259/259/254 390/390/385 2953/2953/385
f 259/259/254 2953/2953/385 1367/1367/1348
f 3129/3129/3035 2255/2255/2206 2254/2254/2205
f 3129/3129/3035 2733/2733/2655 2255/2255/2206
f 393/393/388 823/823/812 1957/1957/1921
f 2734/2734/2656 3130/3130/3036 1380/1380/1361
f 27/27/27 1161/1161/1145 1159/1159/1143
f 3131/3131/3037 1392/1392/1373 1391/1391/1372
f 3131/3131/3037 1391/1391/1372 1025/1025/1012
f 2142/2142/2100 218/218/214 2143/2143/2101
f 425/425/420 2390/2390/2333 2389/2389/2332
f 425/425/420 424/424/419 965/965/954
f 3132/3132/3038 3133/3133/3039 428/428/423
f 425/425/420 2389/2389/2332 3134/3134/3040
f 425/425/420 965/965/954 2390/2390/2333
f 2029/2029/1989 1181/1181/1164 1180/1180/1163
f 3135/3135/3041 779/779/768 778/778/767
f 2840/2840/2758 3136/3136/3042 2841/2841/2759
f 2840/2840/2758 1730/1730/1701 1731/1731/385
f 3135/3135/3041 1724/1724/1695 779/779/768
f 924/924/913 923/923/912 3137/3137/3043
f 460/460/455 2292/2292/2243 461/461/456
f 460/460/455 1868/1868/1832 3138/3138/3044
f 460/460/455 3138/3138/3044 2292/2292/2243
f 469/469/464 1429/1429/1408 1428/1428/1407
f 469/469/464 471/471/466 1429/1429/1408
f 469/469/464 1428/1428/1407 470/470/465
f 475/475/470 478/478/473 2300/2300/2249
f 475/475/470 2300/2300/2249 1438/1438/1417
f 475/475/470 1437/1437/1416 476/476/471
f 475/475/470 1438/1438/1417 1437/1437/1416
f 3095/3095/3002 3139/3139/3045 3140/3140/3046
f 3095/3095/3002 2410/2410/2353 3096/3096/3003
f 3095/3095/3002 3097/3097/3004 3139/3139/3045
f 3095/3095/3002 3140/3140/3046 359/359/354
f 3095/3095/3002 359/359/354 2410/2410/2353
s 0
f 3141/3141/3047 3142/3142/3047 3143/3143/3047
s 1
f 3144/3144/3048 3145/3145/3049 497/497/492
f 3146/3146/3050 3147/3147/3051 3148/3148/3052
f 3149/3149/3053 2974/2974/2888 1888/1888/1852
f 3144/3144/3048 497/497/492 495/495/490
f 249/249/244 671/671/660 1403/1403/1384
f 3150/3150/3054 2926/2926/2841 2925/2925/2840
f 3150/3150/3054 2925/2925/2840 3151/3151/3055
f 1241/1241/1224 264/264/259 262/262/257
f 1241/1241/1224 262/262/257 1242/1242/1225
f 530/530/524 2929/2929/2844 531/531/525
f 530/530/524 2680/2680/2609 2929/2929/2844
f 533/533/527 2679/2679/2608 2678/2678/2607
f 533/533/527 526/526/520 2679/2679/2608
f 283/283/278 285/285/280 409/409/404
f 283/283/278 409/409/404 1468/1468/1447
f 283/283/278 1470/1470/1449 284/284/279
f 2908/2908/2823 2311/2311/2260 1477/1477/1456
f 2908/2908/2823 1477/1477/1456 3152/3152/2043
f 2683/2683/2612 2802/2802/2722 3153/3153/3056
f 2683/2683/2612 3153/3153/3056 3154/3154/3057
f 2683/2683/2612 3154/3154/3057 2684/2684/2613
f 2683/2683/2612 2685/2685/2614 2802/2802/2722
f 1484/1484/1463 1486/1486/1465 1798/1798/1764
f 3155/3155/3058 3156/3156/3059 722/722/711
f 2030/2030/1990 2032/2032/1992 2004/2004/1964
f 3155/3155/3058 722/722/711 2762/2762/2684
f 1056/1056/1041 1047/1047/1034 3157/3157/3060
f 1049/1049/1036 2164/2164/2122 1050/1050/1037
f 2650/2650/2581 3111/3111/3018 2817/2817/2737
f 2650/2650/2581 2817/2817/2737 142/142/138
f 2650/2650/2581 1310/1310/1293 3111/3111/3018
f 3158/3158/3061 1811/1811/1777 1815/1815/1781
f 3159/3159/3062 3160/3160/3063 3161/3161/3064
f 3158/3158/3061 1815/1815/1781 744/744/733
f 3162/3162/3065 3163/3163/3066 3164/3164/3067
f 3162/3162/3065 3165/3165/3068 3163/3163/3066
f 343/343/338 342/342/337 3166/3166/3069
f 343/343/338 3166/3166/3069 3167/3167/3070
f 343/343/338 3167/3167/3070 344/344/339
f 2706/2706/2633 356/356/351 1523/1523/1502
f 482/482/477 2191/2191/2143 483/483/478
f 482/482/477 488/488/483 2245/2245/2196
f 3168/3168/3071 1541/1541/1520 3169/3169/3072
f 2246/2246/2197 2247/2247/2198 1444/1444/1423
f 2246/2246/2197 3170/3170/3073 493/493/488
f 2246/2246/2197 1444/1444/1423 2333/2333/2280
f 2441/2441/2384 2440/2440/2383 2850/2850/2768
f 2441/2441/2384 2850/2850/2768 3171/3171/3074
f 2441/2441/2384 3171/3171/3074 3172/3172/3075
f 2441/2441/2384 3172/3172/3075 950/950/939
f 3173/3173/3076 2765/2765/2687 1137/1137/1121
f 3173/3173/3076 1136/1136/1120 3174/3174/3077
f 3173/3173/3076 3175/3175/3078 2765/2765/2687
f 3173/3173/3076 3176/3176/3079 3175/3175/3078
f 3173/3173/3076 1137/1137/1121 1136/1136/1120
f 3177/3177/3080 954/954/943 2444/2444/2387
f 476/476/471 1437/1437/1416 1436/1436/1415
f 476/476/471 3178/3178/3081 477/477/472
f 3179/3179/3082 591/591/583 3180/3180/3083
f 3179/3179/3082 3181/3181/3084 3182/3182/3085
f 3179/3179/3082 3182/3182/3085 591/591/583
f 1662/1662/1635 1818/1818/1784 2774/2774/2696
f 1662/1662/1635 1668/1668/1641 1819/1819/1785
f 1662/1662/1635 1819/1819/1785 1818/1818/1784
f 40/40/40 610/610/602 3183/3183/3086
f 40/40/40 3183/3183/3086 41/41/41
f 2811/2811/2731 3184/3184/3087 2949/2949/2864
f 2811/2811/2731 2949/2949/2864 2812/2812/2732
f 1093/1093/1077 1096/1096/1080 1943/1943/1907
f 2325/2325/2274 1330/1330/1313 3185/3185/3088
f 2325/2325/2274 1704/1704/1675 2534/2534/2474
f 2325/2325/2274 2534/2534/2474 2326/2326/2275
f 2325/2325/2274 3185/3185/3088 1704/1704/1675
f 1102/1102/1086 1005/1005/992 1709/1709/1680
f 1108/1108/1092 1012/1012/999 3186/3186/3089
f 1108/1108/1092 1013/1013/1000 1012/1012/999
f 1108/1108/1092 3186/3186/3089 2885/2885/2801
f 1779/1779/1745 2430/2430/2373 1780/1780/1746
f 2540/2540/2480 561/561/553 2541/2541/2481
f 2540/2540/2480 2543/2543/2483 1124/1124/1108
f 2545/2545/2485 1964/1964/1928 2546/2546/2486
f 2545/2545/2485 1965/1965/1929 1964/1964/1928
f 2548/2548/2488 568/568/560 2641/2641/2572
f 1894/1894/1858 957/957/946 956/956/945
f 1469/1469/1448 3187/3187/3090 1470/1470/1449
f 166/166/162 1075/1075/1060 167/167/163
f 166/166/162 3188/3188/3091 1075/1075/1060
f 166/166/162 3189/3189/3092 3188/3188/3091
f 166/166/162 165/165/161 3189/3189/3092
f 2824/2824/2744 1581/1581/1556 2088/2088/2046
f 2824/2824/2744 1582/1582/1557 1581/1581/1556
f 2824/2824/2744 2825/2825/2745 1582/1582/1557
f 990/990/977 994/994/981 2466/2466/2408
f 3190/3190/3093 3191/3191/3094 3192/3192/3095
f 3193/3193/3096 3194/3194/3097 2471/2471/2413
f 3193/3193/3096 2471/2471/2413 3195/3195/3098
f 899/899/888 2115/2115/2073 900/900/889
f 3196/3196/3099 647/647/637 204/204/200
f 3196/3196/3099 1620/1620/1593 647/647/637
f 3196/3196/3099 202/202/198 1621/1621/1594
f 3196/3196/3099 204/204/200 202/202/198
f 3196/3196/3099 1621/1621/1594 1620/1620/1593
s 0
f 3197/3197/3100 3198/3198/3100 3199/3199/3100
s 1
f 932/932/921 3200/3200/3101 933/933/922
f 932/932/921 931/931/920 3201/3201/3102
f 2495/2495/2437 48/48/48 2124/2124/2082
f 2495/2495/2437 2124/2124/2082 3202/3202/3103
f 2495/2495/2437 3202/3202/3103 3203/3203/3104
f 2495/2495/2437 3203/3203/3104 2095/2095/2053
f 237/237/233 1401/1401/1382 3204/3204/3105
f 1095/1095/1079 3205/3205/3106 3004/3004/2918
f 237/237/233 3206/3206/3107 238/238/234
f 1095/1095/1079 2671/2671/2600 1452/1452/1431
f 237/237/233 2984/2984/2898 3206/3206/3107
f 1095/1095/1079 1452/1452/1431 1450/1450/1429
f 237/237/233 3204/3204/3105 2984/2984/2898
f 3207/3207/3108 1100/1100/1084 1098/1098/1082
s 0
f 3208/3208/3109 3209/3209/3109 3210/3210/3109
s 1
f 3207/3207/3108 1098/1098/1082 3211/3211/3110
f 3212/3212/3111 3213/3213/3112 3214/3214/3113
f 3212/3212/3111 3215/3215/3114 3213/3213/3112
s 0
f 3216/3216/3115 3217/3217/3115 3218/3218/3115
s 1
f 1258/1258/1241 3219/3219/3116 2900/2900/2815
f 1265/1265/1248 1256/1256/1239 528/528/522
f 1258/1258/1241 2900/2900/2815 1259/1259/1242
f 3220/3220/3117 291/291/286 3221/3221/3118
f 1790/1790/1756 3222/3222/3119 3223/3223/3120
f 1790/1790/1756 3223/3223/3120 1791/1791/1757
f 1790/1790/1756 1789/1789/1755 3224/3224/3121
f 1790/1790/1756 3224/3224/3121 3222/3222/3119
f 2635/2635/2566 301/301/296 300/300/295
f 572/572/564 575/575/567 1187/1187/1170
f 572/572/564 3225/3225/3122 573/573/565
f 572/572/564 1187/1187/1170 3225/3225/3122
f 3226/3226/3123 3227/3227/3124 3228/3228/3125
f 3226/3226/3123 3228/3228/3125 3229/3229/3126
f 332/332/327 3230/3230/3127 333/333/328
f 130/130/128 594/594/586 131/131/129
f 1909/1909/1873 864/864/853 870/870/859
f 1909/1909/1873 3231/3231/3128 864/864/853
s 0
f 3232/3232/3129 3233/3233/3129 3234/3234/3129
s 1
f 2661/2661/2590 156/156/152 1932/1932/1896
f 3235/3235/3130 1930/1930/1894 3236/3236/3131
f 3237/3237/3132 2904/2904/2819 971/971/960
f 2123/2123/2081 3202/3202/3103 2124/2124/2082
f 3238/3238/3133 2006/2006/1966 2551/2551/2491
f 3238/3238/3133 2160/2160/2118 315/315/310
f 3238/3238/3133 2551/2551/2491 2160/2160/2118
f 3238/3238/3133 1829/1829/1795 2007/2007/1967
f 3238/3238/3133 315/315/310 1829/1829/1795
f 3238/3238/3133 2007/2007/1967 2006/2006/1966
f 634/634/624 2149/2149/2107 3239/3239/3134
f 629/629/619 3240/3240/3135 892/892/881
f 629/629/619 892/892/881 630/630/620
f 634/634/624 627/627/617 2149/2149/2107
f 1143/1143/1127 640/640/630 639/639/629
f 1143/1143/1127 639/639/629 2203/2203/2155
f 1143/1143/1127 2203/2203/2155 1144/1144/1128
f 2736/2736/2658 3241/3241/385 407/407/402
f 2736/2736/2658 2215/2215/2166 2992/2992/2906
f 413/413/408 417/417/412 2583/2583/2517
f 413/413/408 2738/2738/2660 2740/2740/2662
f 413/413/408 2740/2740/2662 414/414/409
f 413/413/408 2583/2583/2517 2738/2738/2660
f 3242/3242/3136 1557/1557/1536 962/962/951
f 3242/3242/3136 962/962/951 428/428/423
f 3242/3242/3136 2590/2590/2524 1558/1558/1537
f 3242/3242/3136 428/428/423 3133/3133/3039
f 3242/3242/3136 3133/3133/3039 2590/2590/2524
f 3242/3242/3136 1558/1558/1537 1557/1557/1536
f 1398/1398/1379 1846/1846/1812 1400/1400/1381
f 1398/1398/1379 2744/2744/2666 1846/1846/1812
f 677/677/666 3025/3025/2939 2989/2989/2903
f 677/677/666 674/674/663 1858/1858/1824
f 680/680/669 2990/2990/2904 681/681/670
f 3243/3243/3137 699/699/688 2947/2947/2862
f 2368/2368/2313 3244/3244/3138 3245/3245/3139
f 2368/2368/2313 3245/3245/3139 705/705/694
f 3246/3246/3140 3247/3247/3141 3248/3248/3142
f 3246/3246/3140 3248/3248/3142 3249/3249/3143
f 3250/3250/3144 2855/2855/2773 2854/2854/2772
f 3251/3251/3145 1969/1969/1933 3252/3252/3146
f 3251/3251/3145 3253/3253/3147 1969/1969/1933
f 3251/3251/3145 3254/3254/3148 3255/3255/3149
f 3251/3251/3145 3255/3255/3149 3253/3253/3147
f 261/261/256 2672/2672/2601 2131/2131/2089
f 261/261/256 263/263/258 2672/2672/2601
f 3256/3256/3150 2779/2779/2701 2778/2778/2700
f 3257/3257/3151 1249/1249/1232 1253/1253/1236
f 3256/3256/3150 2778/2778/2700 3258/3258/3152
f 3256/3256/3150 3258/3258/3152 3259/3259/3153
f 2929/2929/2844 2680/2680/2609 279/279/274
f 2929/2929/2844 279/279/274 276/276/271
f 2794/2794/2715 2213/2213/2165 2139/2139/2097
f 2794/2794/2715 2139/2139/2097 2069/2069/2029
f 1393/1393/1374 2147/2147/2105 295/295/290
f 1393/1393/1374 1392/1392/1373 2147/2147/2105
f 3260/3260/3154 471/471/466 472/472/467
f 1828/1828/1794 317/317/312 316/316/311
f 2315/2315/2264 2909/2909/2824 1804/1804/1770
f 2315/2315/2264 1804/1804/1770 3261/3261/3155
f 3227/3227/3124 3262/3262/3156 3228/3228/3125
f 334/334/329 335/335/330 2287/2287/2238
f 3263/3263/3157 3264/3264/3158 3265/3265/3159
f 3266/3266/3160 3163/3163/3066 3165/3165/3068
f 350/350/345 349/349/344 2046/2046/2006
f 2186/2186/2138 3267/3267/3161 2722/2722/2645
f 2186/2186/2138 2187/2187/2139 3268/3268/3162
f 2186/2186/2138 3268/3268/3162 3267/3267/3161
f 361/361/356 43/43/43 39/39/39
f 371/371/366 3184/3184/3087 372/372/367
f 371/371/366 2949/2949/2864 3184/3184/3087
f 3191/3191/3094 3103/3103/3010 3192/3192/3095
f 3191/3191/3094 3269/3269/3163 3103/3103/3010
f 3195/3195/3098 2471/2471/2413 3270/3270/3164
f 3271/3271/3165 633/633/623 630/630/620
f 3272/3272/3166 2110/2110/2068 632/632/622
f 3271/3271/3165 630/630/620 893/893/882
f 3273/3273/3167 3274/3274/3168 397/397/392
f 3273/3273/3167 397/397/392 396/396/391
f 1070/1070/1055 9/9/9 650/650/640
f 1070/1070/1055 1841/1841/1807 9/9/9
f 1070/1070/1055 650/650/640 1071/1071/1056
f 2311/2311/2260 419/419/414 2217/2217/2168
f 2220/2220/2171 2270/2270/2221 1981/1981/1945
f 2220/2220/2171 1981/1981/1945 2221/2221/2172
f 2004/2004/1964 2032/2032/1992 2005/2005/1965
f 886/886/875 3275/3275/3169 887/887/876
f 3148/3148/3052 3276/3276/3170 3277/3277/3171
f 3278/3278/3172 3279/3279/3173 3280/3280/3174
f 1510/1510/1489 3281/3281/3175 2175/2175/2133
f 3282/3282/3176 948/948/937 949/949/938
f 886/886/875 888/888/877 122/122/120
f 1510/1510/1489 2175/2175/2133 1511/1511/1490
f 2912/2912/2827 2239/2239/2190 2240/2240/2191
f 3283/3283/3177 3284/3284/3178 2974/2974/2888
f 2037/2037/1997 3285/3285/3179 3286/3286/3180
f 2912/2912/2827 2753/2753/2675 2239/2239/2190
f 2652/2652/2583 2651/2651/2582 2861/2861/2779
f 3282/3282/3176 949/949/938 3287/3287/3181
f 886/886/875 122/122/120 3288/3288/3182
f 3156/3156/3059 724/724/713 722/722/711
f 3148/3148/3052 3147/3147/3051 3276/3276/3170
f 2652/2652/2583 2861/2861/2779 3289/3289/3183
f 3148/3148/3052 3277/3277/3171 3290/3290/3184
f 3282/3282/3176 3291/3291/3185 3292/3292/3186
f 2037/2037/1997 2041/2041/2001 3285/3285/3179
f 3282/3282/3176 3287/3287/3181 3291/3291/3185
f 3278/3278/3172 3280/3280/3174 970/970/959
f 779/779/768 1852/1852/1818 780/780/769
f 779/779/768 1724/1724/1695 1852/1852/1818
f 457/457/452 2233/2233/2184 3293/3293/3187
f 1429/1429/1408 471/471/466 1430/1430/1409
f 3000/3000/2914 3294/3294/3188 710/710/699
f 3000/3000/2914 1443/1443/1422 3295/3295/3189
f 1888/1888/1852 1885/1885/1849 3296/3296/3190
f 720/720/709 2763/2763/2685 721/721/710
f 720/720/709 2851/2851/2769 2646/2646/2577
f 720/720/709 2646/2646/2577 2763/2763/2685
f 2765/2765/2687 3175/3175/3078 2766/2766/2688
f 2765/2765/2687 2767/2767/2689 1137/1137/1121
f 3297/3297/3191 16/16/16 13/13/13
f 2857/2857/2775 3298/3298/3192 2858/2858/2776
f 1512/1512/1491 1513/1513/1492 3086/3086/2993
f 1067/1067/1052 139/139/135 131/131/129
f 1067/1067/1052 131/131/129 594/594/586
f 2402/2402/2345 86/86/84 3299/3299/3193
f 353/353/348 2187/2187/2139 355/355/350
f 353/353/348 2406/2406/2349 2187/2187/2139
f 2410/2410/2353 3300/3300/3194 3096/3096/3003
f 2410/2410/2353 359/359/354 2049/2049/2009
f 3301/3301/3195 3302/3302/3196 3303/3303/3197
f 3301/3301/3195 2496/2496/2438 3304/3304/3198
f 3301/3301/3195 49/49/49 2496/2496/2438
f 3301/3301/3195 3305/3305/3199 3302/3302/3196
f 3301/3301/3195 3303/3303/3197 49/49/49
f 3301/3301/3195 3304/3304/3198 3305/3305/3199
f 61/61/61 56/56/56 2420/2420/2363
f 58/58/58 788/788/777 59/59/59
f 2787/2787/2709 2790/2790/2712 3040/3040/2952
f 2062/2062/2022 2793/2793/2714 2063/2063/2023
f 2062/2062/2022 689/689/678 2537/2537/2477
f 1111/1111/1095 2070/2070/2030 1114/1114/1098
f 3306/3306/3200 2800/2800/2720 3307/3307/3201
f 3308/3308/3202 1630/1630/1603 3309/3309/3203
f 3308/3308/3202 3309/3309/3203 3310/3310/3204
f 3308/3308/3202 3310/3310/3204 3311/3311/3205
f 3306/3306/3200 1789/1789/1755 2800/2800/2720
f 3306/3306/3200 3224/3224/3121 1789/1789/1755
f 2802/2802/2722 3312/3312/3206 3153/3153/3056
f 2802/2802/2722 2808/2808/2728 3312/3312/3206
f 885/885/874 1744/1744/1712 123/123/121
f 885/885/874 123/123/121 888/888/877
f 2335/2335/2282 1970/1970/1934 3253/3253/3147
f 2335/2335/2282 3253/3253/3147 2336/2336/2283
f 955/955/944 843/843/832 842/842/831
f 3313/3313/3207 960/960/949 1556/1556/1535
f 3313/3313/3207 1556/1556/1535 2816/2816/2736
f 3313/3313/3207 961/961/950 960/960/949
f 3313/3313/3207 2816/2816/2736 3314/3314/3208
f 3315/3315/3209 2903/2903/2818 3219/3219/3116
f 2343/2343/2290 2621/2621/2552 2344/2344/2291
f 2345/2345/2292 3316/3316/3210 3092/3092/2999
f 2345/2345/2292 3317/3317/3211 3316/3316/3210
f 2084/2084/2043 2713/2713/2638 331/331/326
f 176/176/172 2053/2053/2013 177/177/173
f 2827/2827/2747 2104/2104/2062 2363/2363/2308
f 2827/2827/2747 2363/2363/2308 3127/3127/3033
f 3318/3318/3212 1607/1607/1582 1606/1606/1581
f 2107/2107/2065 191/191/187 2108/2108/2066
f 1371/1371/1352 1376/1376/1357 2733/2733/2655
f 2702/2702/2629 403/403/398 402/402/397
f 2702/2702/2629 2381/2381/2324 3319/3319/3213
f 2702/2702/2629 3319/3319/3213 403/403/398
f 2915/2915/2830 2014/2014/1974 2013/2013/1973
f 2915/2915/2830 211/211/207 3320/3320/3214
f 2915/2915/2830 3320/3320/3214 913/913/902
f 2915/2915/2830 913/913/902 2014/2014/1974
f 3321/3321/3215 3062/3062/2969 921/921/910
f 3321/3321/3215 3322/3322/3216 3323/3323/3217
f 3321/3321/3215 220/220/216 3062/3062/2969
f 3321/3321/3215 221/221/217 220/220/216
f 3321/3321/3215 921/921/910 3322/3322/3216
f 3321/3321/3215 3323/3323/3217 221/221/217
f 3324/3324/3218 3325/3325/3219 2624/2624/2555
f 3324/3324/3218 2624/2624/2555 3326/3326/3220
f 2119/2119/2077 2272/2272/2223 1633/1633/1606
f 1637/1637/1610 2277/2277/2228 1638/1638/1611
f 1641/1641/1614 2392/2392/2335 3327/3327/3221
f 1641/1641/1614 246/246/241 2392/2392/2335
f 2442/2442/2385 3328/3328/3222 833/833/822
f 2442/2442/2385 1543/1543/1522 3328/3328/3222
f 2442/2442/2385 944/944/933 1543/1543/1522
f 2337/2337/2284 3161/3161/3064 3160/3160/3063
f 3329/3329/3223 1812/1812/1778 1811/1811/1777
f 2337/2337/2284 3160/3160/3063 2338/2338/2285
f 2337/2337/2284 1550/1550/1529 3330/3330/3224
f 1557/1557/1536 1559/1559/1538 962/962/951
f 1288/1288/1271 20/20/20 670/670/659
f 1288/1288/1271 3331/3331/3225 2447/2447/2390
f 1288/1288/1271 670/670/659 3331/3331/3225
f 3093/3093/3000 1431/1431/1410 1430/1430/1409
f 3093/3093/3000 1430/1430/1409 471/471/466
f 3093/3093/3000 3092/3092/2999 1431/1431/1410
f 1213/1213/1196 1210/1210/1193 3332/3332/3226
f 2724/2724/2647 1927/1927/1891 3333/3333/3227
f 2303/2303/2252 3334/3334/3228 2305/2305/2254
f 3335/3335/3229 3336/3336/3230 1131/1131/1115
f 3335/3335/3229 1131/1131/1115 3337/3337/3231
f 2103/2103/2061 2105/2105/2063 3338/3338/3232
f 2360/2360/2305 3339/3339/3233 1320/1320/1303
f 3340/3340/3234 1757/1757/1725 516/516/510
f 2380/2380/2323 3341/3341/3235 3319/3319/3213
f 2380/2380/2323 3319/3319/3213 2381/2381/2324
f 208/208/204 2116/2116/2074 3320/3320/3214
f 208/208/204 3320/3320/3214 211/211/207
f 3062/3062/2969 220/220/216 3063/3063/2970
f 3062/3062/2969 925/925/914 921/921/910
f 1029/1029/1016 934/934/923 2494/2494/2436
f 1029/1029/1016 2388/2388/2331 1030/1030/1017
f 940/940/929 938/938/927 616/616/606
f 940/940/929 3342/3342/3236 941/941/930
f 940/940/929 616/616/606 2665/2665/2594
f 940/940/929 2665/2665/2594 3342/3342/3236
f 2032/2032/1992 2550/2550/2490 2005/2005/1965
f 2032/2032/1992 1646/1646/1619 2550/2550/2490
f 3157/3157/3060 983/983/970 985/985/972
f 3157/3157/3060 1047/1047/1034 983/983/970
f 142/142/138 2817/2817/2737 143/143/139
f 2322/2322/2271 1658/1658/1631 1418/1418/1399
f 2322/2322/2271 3343/3343/3237 1658/1658/1631
f 1664/1664/1637 3344/3344/3238 1665/1665/1638
f 1673/1673/1646 1077/1077/1061 1921/1921/1885
f 1673/1673/1646 1921/1921/1885 1674/1674/1647
f 3345/3345/3239 1776/1776/1742 3346/3346/3240
f 3347/3347/3241 3348/3348/3242 1773/1773/1739
f 2057/2057/2017 70/70/70 69/69/69
f 2057/2057/2017 2728/2728/2650 70/70/70
f 2309/2309/2258 2059/2059/2019 78/78/78
f 2309/2309/2258 271/271/266 2425/2425/2368
f 86/86/84 88/88/86 1721/1721/1692
f 86/86/84 1721/1721/1692 3299/3299/3193
f 3349/3349/3243 813/813/802 3350/3350/3244
f 3349/3349/3243 814/814/803 813/813/802
f 94/94/92 3351/3351/3245 95/95/93
f 3349/3349/3243 3350/3350/3244 3352/3352/3246
f 105/105/103 2074/2074/2033 3124/3124/3030
f 3081/3081/2988 3353/3353/3247 3354/3354/3248
f 3081/3081/2988 3354/3354/3248 2556/2556/2496
f 2197/2197/2149 3355/3355/3249 2198/2198/2150
f 2197/2197/2149 112/112/110 2955/2955/2869
f 2197/2197/2149 2955/2955/2869 3355/3355/3249
f 2197/2197/2149 114/114/112 112/112/110
f 2869/2869/2785 2868/2868/2784 3356/3356/3250
f 2869/2869/2785 3356/3356/3250 3357/3357/3251
f 2269/2269/2220 3029/3029/2943 3358/3358/3252
f 2269/2269/2220 3358/3358/3252 2270/2270/2221
f 3359/3359/3253 3326/3326/3220 2624/2624/2555
f 1401/1401/1382 1402/1402/1383 3204/3204/3105
f 1042/1042/1029 1493/1493/1472 1043/1043/1030
f 316/316/311 313/313/308 2393/2393/2336
f 2758/2758/2680 3360/3360/3254 1351/1351/1334
f 713/713/702 3099/3099/3006 714/714/703
f 2467/2467/2409 1745/1745/1713 2158/2158/2116
f 133/133/131 138/138/134 2747/2747/2669
f 591/591/583 3182/3182/3085 1316/1316/1299
f 591/591/583 3361/3361/3255 3180/3180/3083
f 591/591/583 1317/1317/1300 592/592/584
f 2758/2758/2680 1351/1351/1334 1350/1350/1333
f 2227/2227/2178 2920/2920/2835 2284/2284/2235
f 2227/2227/2178 2229/2229/2180 2486/2486/2428
f 2227/2227/2178 2284/2284/2235 2228/2228/2179
f 2227/2227/2178 2486/2486/2428 2920/2920/2835
f 2286/2286/2237 331/331/326 2713/2713/2638
f 2286/2286/2237 335/335/330 331/331/326
f 2286/2286/2237 2170/2170/2128 1408/1408/1389
f 2286/2286/2237 2713/2713/2638 2170/2170/2128
f 3060/3060/2967 3059/3059/2966 339/339/334
f 3316/3316/3210 2995/2995/2909 2996/2996/2910
f 3316/3316/3210 2996/2996/2910 3092/3092/2999
f 3362/3362/3256 2346/2346/2293 3280/3280/3174
f 3362/3362/3256 3280/3280/3174 3279/3279/3173
f 2241/2241/2192 2301/2301/2250 2242/2242/2193
f 3363/3363/3257 2755/2755/2677 2754/2754/2676
f 3364/3364/3258 2312/2312/2261 2000/2000/1960
f 3364/3364/3258 1220/1220/1203 2463/2463/2405
f 3364/3364/3258 1221/1221/1204 1220/1220/1203
f 3364/3364/3258 981/981/968 2312/2312/2261
f 3364/3364/3258 2463/2463/2405 981/981/968
f 3364/3364/3258 2000/2000/1960 1221/1221/1204
f 2132/2132/2090 1243/1243/1226 1242/1242/1225
f 1457/1457/1436 1458/1458/1437 3365/3365/3259
f 2136/2136/2094 1464/1464/1443 1461/1461/1440
f 2136/2136/2094 528/528/522 1256/1256/1239
f 285/285/280 408/408/403 409/409/404
f 2144/2144/2102 2631/2631/2562 3366/3366/3260
f 3367/3367/3261 3368/3368/3262 2147/2147/2105
f 2144/2144/2102 1793/1793/1759 1792/1792/1758
f 2684/2684/2613 2151/2151/2109 2153/2153/2111
f 3369/3369/3263 734/734/723 1479/1479/1458
f 2684/2684/2613 3154/3154/3057 2151/2151/2109
f 3275/3275/3169 3370/3370/3264 2809/2809/2729
f 3275/3275/3169 2809/2809/2729 887/887/876
f 3275/3275/3169 3371/3371/3265 3370/3370/3264
f 2159/2159/2117 2160/2160/2118 2549/2549/2489
f 2159/2159/2117 2393/2393/2336 313/313/308
f 2159/2159/2117 1489/1489/1468 2393/2393/2336
f 2159/2159/2117 2549/2549/2489 1489/1489/1468
f 983/983/970 1047/1047/1034 2394/2394/2337
f 983/983/970 2394/2394/2337 984/984/971
f 2718/2718/2641 3293/3293/3187 2320/2320/2269
f 2400/2400/2343 2291/2291/2242 2290/2290/2241
f 3026/3026/2940 912/912/901 914/914/903
f 3026/3026/2940 914/914/903 2116/2116/2074
f 1330/1330/1313 1328/1328/1311 3372/3372/3266
f 1330/1330/1313 3372/3372/3266 3185/3185/3088
f 608/608/600 2189/2189/2141 2332/2332/2279
f 3276/3276/3170 3373/3373/3267 3277/3277/3171
f 2006/2006/1966 2550/2550/2490 2551/2551/2491
f 2006/2006/1966 2005/2005/1965 2550/2550/2490
f 1365/1365/1346 2560/2560/2500 1366/1366/1347
f 1365/1365/1346 2952/2952/2867 2560/2560/2500
f 171/171/167 2564/2564/2504 2090/2090/2048
f 171/171/167 2090/2090/2048 172/172/168
f 1838/1838/1804 3374/3374/3268 3375/3375/3269
f 1838/1838/1804 1771/1771/1737 3348/3348/3242
f 1838/1838/1804 3375/3375/3269 1839/1839/1805
f 1838/1838/1804 3348/3348/3242 3374/3374/3268
f 1161/1161/1145 2577/2577/2513 1162/1162/1146
f 1172/1172/1156 2981/2981/2895 1173/1173/1157
f 1172/1172/1156 1175/1175/1158 2586/2586/2520
f 1179/1179/1162 3116/3116/3022 2923/2923/2838
f 1179/1179/1162 2923/2923/2838 1033/1033/1020
f 1179/1179/1162 1033/1033/1020 1180/1180/1163
f 1723/1723/1694 1852/1852/1818 1724/1724/1695
f 1723/1723/1694 1728/1728/1699 1850/1850/1816
f 3322/3322/3216 917/917/906 3376/3376/3270
f 3322/3322/3216 921/921/910 917/917/906
f 3322/3322/3216 3376/3376/3270 3377/3377/3271
f 3322/3322/3216 3377/3377/3271 3323/3323/3217
f 2788/2788/2710 1950/1950/1914 806/806/795
f 3378/3378/3272 3379/3379/3273 3380/3380/3274
f 3378/3378/3272 3381/3381/3275 3382/3382/3276
f 3378/3378/3272 3380/3380/3274 3383/3383/3277
f 3378/3378/3272 3382/3382/3276 3379/3379/3273
f 3120/3120/3026 3384/3384/3278 3121/3121/3027
f 2653/2653/2584 2657/2657/2588 3385/3385/3279
f 2653/2653/2584 3386/3386/3280 1599/1599/1574
f 2653/2653/2584 3385/3385/3279 3387/3387/3281
f 2653/2653/2584 3387/3387/3281 3386/3386/3280
f 1881/1881/1845 1880/1880/1844 2614/2614/2545
f 992/992/979 121/121/119 120/120/118
f 992/992/979 3388/3388/3282 121/121/119
f 3389/3389/3283 244/244/239 506/506/500
f 3390/3390/3284 3391/3391/3284 3392/3392/3284
f 3006/3006/2920 3211/3211/3110 1098/1098/1082
f 1833/1833/1799 3393/3393/3285 2620/2620/2551
f 1833/1833/1799 1834/1834/1800 3393/3393/3285
f 2903/2903/2818 2900/2900/2815 3219/3219/3116
f 2845/2845/2763 1269/1269/1252 1268/1268/1251
f 3325/3325/3219 2625/2625/2556 2624/2624/2555
f 1474/1474/1453 1476/1476/1455 3394/3394/3286
f 2375/2375/2318 2374/2374/2317 3395/3395/3287
f 15/15/15 1280/1280/1263 2042/2042/2002
f 1284/1284/1267 150/150/146 151/151/147
f 1284/1284/1267 151/151/147 3396/3396/3288
f 3023/3023/2937 573/573/565 3225/3225/3122
f 1051/1051/1038 1050/1050/1037 1803/1803/1769
f 1051/1051/1038 327/327/322 1052/1052/1039
f 1309/1309/1292 3111/3111/3018 1310/1310/1293
f 1309/1309/1292 1502/1502/1481 1504/1504/1483
f 1309/1309/1292 1308/1308/1291 1502/1502/1481
f 1309/1309/1292 1504/1504/1483 3111/3111/3018
f 1817/1817/1783 698/698/687 751/751/740
f 1817/1817/1783 2947/2947/2862 699/699/688
f 1817/1817/1783 699/699/688 698/698/687
f 2610/2610/2541 2655/2655/2586 1332/1332/1315
f 2610/2610/2541 2611/2611/2542 2655/2655/2586
f 2610/2610/2541 1332/1332/1315 600/600/592
f 231/231/227 1822/1822/1788 1339/1339/1322
f 231/231/227 1339/1339/1322 3397/3397/3289
f 231/231/227 3397/3397/3289 232/232/228
f 231/231/227 229/229/225 1822/1822/1788
f 1540/1540/1519 3290/3290/3184 3169/3169/3072
f 1540/1540/1519 3169/3169/3072 1541/1541/1520
f 1969/1969/1933 1968/1968/1932 3252/3252/3146
f 1969/1969/1933 3253/3253/3147 1970/1970/1934
f 3398/3398/3290 3399/3399/3291 3400/3400/3292
f 3068/3068/2975 1302/1302/1285 2752/2752/2674
f 3398/3398/3290 3401/3401/3293 3399/3399/3291
f 3068/3068/2975 2040/2040/2000 2035/2035/1995
f 3028/3028/2942 1983/1983/1947 3358/3358/3252
f 3028/3028/2942 3358/3358/3252 3029/3029/2943
f 3028/3028/2942 1984/1984/1948 1983/1983/1947
f 3402/3402/3294 2878/2878/2794 2882/2882/2798
f 3402/3402/3294 3034/3034/2948 2878/2878/2794
f 3402/3402/3294 2882/2882/2798 3403/3403/3295
f 3404/3404/3296 3405/3405/3297 477/477/472
f 3404/3404/3296 477/477/472 3406/3406/3298
f 3404/3404/3296 1877/1877/1841 3405/3405/3297
f 1006/1006/993 3012/3012/2926 3407/3407/3299
f 1006/1006/993 1005/1005/992 1104/1104/1088
f 1006/1006/993 1104/1104/1088 3408/3408/3300
f 1006/1006/993 3408/3408/3300 3012/3012/2926
f 337/337/332 3059/3059/2966 1618/1618/1591
f 337/337/332 339/339/334 3059/3059/2966
f 2017/2017/1977 2016/2016/1976 2679/2679/2608
f 2017/2017/1977 2679/2679/2608 1461/1461/1440
f 2483/2483/2425 2024/2024/1984 2965/2965/2879
f 2483/2483/2425 3041/3041/2953 2484/2484/2426
f 2483/2483/2425 2965/2965/2879 2964/2964/2878
f 2483/2483/2425 2964/2964/2878 3041/3041/2953
f 2490/2490/2432 2589/2589/2523 2491/2491/2433
f 1181/1181/1164 436/436/431 435/435/430
f 1040/1040/1027 2646/2646/2577 2851/2851/2769
f 1060/1060/1045 1061/1061/1046 2859/2859/2777
f 1060/1060/1045 2859/2859/2777 1434/1434/1413
f 3370/3370/3264 3409/3409/3301 2809/2809/2729
f 3410/3410/3302 2608/2608/2539 2607/2607/2539
f 3411/3411/3303 862/862/851 3035/3035/2949
f 3412/3412/3304 868/868/857 867/867/856
f 1077/1077/1061 1922/1922/1886 1921/1921/1885
f 1077/1077/1061 3413/3413/3305 1922/1922/1886
f 2528/2528/2468 41/41/41 2529/2529/2469
f 2528/2528/2468 42/42/42 41/41/41
f 1086/1086/1070 1087/1087/1071 3414/3414/3306
f 1086/1086/1070 3414/3414/3306 2780/2780/2702
f 60/60/60 62/62/62 1943/1943/1907
f 60/60/60 1943/1943/1907 1096/1096/1080
f 2310/2310/2259 3415/3415/3307 1262/1262/1245
f 3118/3118/3024 1464/1464/1443 3008/3008/2922
f 325/325/320 1118/1118/1102 1117/1117/1101
f 325/325/320 320/320/315 2909/2909/2824
f 325/325/320 2909/2909/2824 1118/1118/1102
f 3082/3082/2989 2555/2555/2495 2542/2542/2482
f 3082/3082/2989 2556/2556/2496 2555/2555/2495
f 3082/3082/2989 2542/2542/2482 2493/2493/2435
f 1130/1130/1114 1129/1129/1113 1537/1537/1516
f 1130/1130/1114 1537/1537/1516 939/939/928
f 1130/1130/1114 3337/3337/3231 1131/1131/1115
f 1130/1130/1114 939/939/928 53/53/53
f 1130/1130/1114 53/53/53 3337/3337/3231
f 2336/2336/2283 3253/3253/3147 3255/3255/3149
f 2336/2336/2283 3255/3255/3149 2663/2663/2592
f 3281/3281/3175 2173/2173/2131 2175/2175/2133
f 3281/3281/3175 3399/3399/3291 3401/3401/3293
f 3281/3281/3175 3401/3401/3293 2173/2173/2131
f 1847/1847/1813 1846/1846/1812 2744/2744/2666
f 1431/1431/1410 2996/2996/2910 1432/1432/1411
f 1431/1431/1410 3092/3092/2999 2996/2996/2910
f 3416/3416/3308 1502/1502/1481 1308/1308/1291
f 2351/2351/2298 3332/3332/3226 1210/1210/1193
f 3416/3416/3308 3417/3417/3309 1503/1503/1482
f 3416/3416/3308 1503/1503/1482 1502/1502/1481
f 364/364/359 3295/3295/3189 1443/1443/1422
f 364/364/359 367/367/362 3295/3295/3189
f 2051/2051/2011 1586/1586/1561 177/177/173
f 2114/2114/2072 194/194/190 2115/2115/2073
f 2114/2114/2072 197/197/193 194/194/190
f 2931/2931/2846 1791/1791/1757 3223/3223/3120
f 514/514/508 512/512/506 3418/3418/3310
f 513/513/507 2837/2837/2755 400/400/395
f 226/226/222 218/218/214 2267/2267/2218
f 2703/2703/2630 2846/2846/2764 1634/1634/1607
f 2703/2703/2630 2693/2693/2622 2846/2846/2764
f 1035/1035/1022 2392/2392/2335 246/246/241
f 1493/1493/1472 1495/1495/1474 2645/2645/2576
f 3110/3110/3017 3419/3419/3311 729/729/718
f 2858/2858/2776 3298/3298/3192 3069/3069/2976
f 2045/2045/2005 2044/2044/2004 3114/3114/3020
f 3420/3420/3312 3357/3357/3251 3356/3356/3250
f 1674/1674/1647 1921/1921/1885 1916/1916/1880
f 2408/2408/2351 3215/3215/3114 2413/2413/2356
f 2408/2408/2351 2928/2928/2843 3215/3215/3114
f 3421/3421/3313 1935/1935/1899 3067/3067/2974
f 1113/1113/1097 1188/1188/1171 1870/1870/1834
f 2555/2555/2495 3422/3422/3314 2542/2542/2482
f 2555/2555/2495 2559/2559/2499 3422/3422/3314
f 3423/3423/3315 2975/2975/2889 3284/3284/3178
f 121/121/119 3288/3288/3182 122/122/120
f 1380/1380/1361 3130/3130/3036 3424/3424/3316
f 2147/2147/2105 3368/3368/3262 295/295/290
f 3075/3075/2982 1233/1233/1216 243/243/238
f 1639/1639/1612 1638/1638/1611 2276/2276/2227
f 3425/3425/3317 2841/2841/2759 3136/3136/3042
f 2021/2021/1981 3426/3426/3318 3427/3427/3319
f 2021/2021/1981 2028/2028/1988 3426/3426/3318
f 2021/2021/1981 3427/3427/3319 2022/2022/1982
f 2173/2173/2131 3401/3401/3293 2174/2174/2132
f 1569/1569/1546 2820/2820/2740 1204/1204/1187
f 1569/1569/1546 1568/1568/1545 2820/2820/2740
f 3097/3097/3004 1880/1880/1844 3428/3428/3320
f 3097/3097/3004 3098/3098/3005 1880/1880/1844
f 1226/1226/1209 2725/2725/2648 1129/1129/1113
f 3259/3259/3153 2134/2134/2092 1713/1713/1684
f 3259/3259/3153 3258/3258/3152 2134/2134/2092
f 1468/1468/1447 409/409/404 411/411/406
f 1468/1468/1447 411/411/406 1841/1841/1807
f 1473/1473/1452 2219/2219/2170 1476/1476/1455
f 2152/2152/2110 2151/2151/2109 3154/3154/3057
f 2152/2152/2110 3153/3153/3056 3312/3312/3206
f 2152/2152/2110 3154/3154/3057 3153/3153/3056
f 2155/2155/2113 3409/3409/3301 3429/3429/3321
f 2155/2155/2113 2809/2809/2729 3409/3409/3301
f 2317/2317/2266 3430/3430/3322 2318/2318/2267
f 1155/1155/1139 1151/1151/1135 3431/3431/3323
f 1153/1153/1137 3432/3432/3324 1154/1154/1138
f 344/344/339 3167/3167/3070 1321/1321/1304
f 795/795/784 796/796/785 3433/3433/3325
f 3434/3434/3326 2722/2722/2645 3267/3267/3161
f 2558/2558/2498 2556/2556/2496 3354/3354/3248
f 2385/2385/2328 1386/1386/1367 2386/2386/2329
f 2385/2385/2328 1387/1387/1368 1386/1386/1367
f 3435/3435/3327 1461/1461/1440 2429/2429/2372
f 2385/2385/2328 2576/2576/2512 1387/1387/1368
f 660/660/649 3041/3041/2953 2964/2964/2878
f 2590/2590/2524 2586/2586/2520 1558/1558/1537
f 2590/2590/2524 3133/3133/3039 2591/2591/2525
f 917/917/906 1405/1405/1386 3376/3376/3270
f 1410/1410/1391 684/684/673 3436/3436/3328
f 1410/1410/1391 3436/3436/3328 1411/1411/1392
f 700/700/689 695/695/684 3437/3437/3329
f 2998/2998/2912 3386/3386/3280 3387/3387/3281
f 2998/2998/2912 3387/3387/3281 2999/2999/2913
f 2614/2614/2545 1880/1880/1844 3098/3098/3005
f 3438/3438/3330 993/993/980 991/991/978
f 3438/3438/3330 991/991/978 2468/2468/2410
f 1097/1097/1081 2881/2881/2797 3439/3439/3331
f 1097/1097/1081 1094/1094/1078 2881/2881/2797
f 1251/1251/1234 1252/1252/1235 1002/1002/989
f 3440/3440/3332 3221/3221/3118 284/284/279
f 3440/3440/3332 1470/1470/1449 3187/3187/3090
f 3440/3440/3332 284/284/279 1470/1470/1449
f 1475/1475/1454 3152/3152/2043 1477/1477/1456
f 3395/3395/3287 2476/2476/2418 3047/3047/2957
f 3395/3395/3287 2374/2374/2317 2476/2476/2418
f 2640/2640/2571 3441/3441/3333 2644/2644/2575
f 829/829/818 3021/3021/2935 830/830/819
f 1052/1052/1039 327/327/322 3442/3442/3334
f 1052/1052/1039 3442/3442/3334 1497/1497/1476
f 1822/1822/1788 229/229/225 1823/1823/1789
f 1822/1822/1788 1340/1340/1323 1339/1339/1322
f 3290/3290/3184 3277/3277/3171 3169/3169/3072
f 2443/2443/2386 3443/3443/3335 2444/2444/2387
f 2221/2221/2172 1981/1981/1945 1980/1980/1944
f 1204/1204/1187 2820/2820/2740 2821/2821/2741
f 1204/1204/1187 2821/2821/2741 1205/1205/1188
f 1217/1217/1200 1582/1582/1557 880/880/869
f 2470/2470/2412 1591/1591/1566 3270/3270/3164
f 2470/2470/2412 3270/3270/3164 2471/2471/2413
f 1918/1918/1882 1920/1920/1884 3444/3444/3336
f 3228/3228/3125 3262/3262/3156 3445/3445/3337
f 512/512/506 3446/3446/3338 3418/3418/3310
f 1918/1918/1882 3447/3447/3339 3448/3448/3340
f 3228/3228/3125 3449/3449/3341 3450/3450/3342
f 3228/3228/3125 3445/3445/3337 3449/3449/3341
f 2627/2627/2558 818/818/807 3451/3451/3343
f 1918/1918/1882 3444/3444/3336 3447/3447/3339
f 1918/1918/1882 3448/3448/3340 3452/3452/3344
f 3228/3228/3125 3450/3450/3342 3453/3453/3345
f 800/800/789 1612/1612/1587 801/801/790
f 3454/3454/3346 3061/3061/2968 1953/1953/1917
f 2014/2014/1974 913/913/902 910/910/899
f 2024/2024/1984 2027/2027/1987 2965/2965/2879
f 559/559/551 2541/2541/2481 560/560/552
f 48/48/48 2496/2496/2438 49/49/49
f 48/48/48 51/51/51 2124/2124/2082
f 1301/1301/1284 2752/2752/2674 1302/1302/1285
f 1316/1316/1299 3182/3182/3085 1904/1904/1868
f 2774/2774/2696 1818/1818/1784 752/752/741
f 2529/2529/2469 41/41/41 3183/3183/3086
f 3455/3455/3347 3346/3346/3240 3456/3456/3348
f 503/503/497 506/506/500 1231/1231/1214
f 1704/1704/1675 3185/3185/3088 1705/1705/1676
f 1261/1261/1244 1263/1263/1246 2902/2902/2817
f 1261/1261/1244 2902/2902/2817 1719/1719/1690
f 1118/1118/1102 2909/2909/2824 1119/1119/1103
f 3175/3175/3078 3176/3176/3079 3457/3457/3349
f 3175/3175/3078 3457/3457/3349 2853/2853/2771
f 3175/3175/3078 2853/2853/2771 2766/2766/2688
f 1315/1315/1298 2862/2862/2780 1317/1317/1300
f 33/33/33 3458/3458/3350 871/871/860
f 33/33/33 36/36/36 3459/3459/3351
f 33/33/33 3459/3459/3351 3458/3458/3350
f 46/46/46 941/941/930 3460/3460/3352
f 2537/2537/2477 689/689/678 688/688/677
f 543/543/535 820/820/809 544/544/536
f 550/550/542 2909/2909/2824 551/551/543
f 550/550/542 1119/1119/1103 2909/2909/2824
f 561/561/553 560/560/552 2541/2541/2481
f 2496/2496/2438 2096/2096/2054 3304/3304/3198
f 2990/2990/2904 2971/2971/2885 3032/3032/2946
f 1720/1720/1691 3299/3299/3193 1721/1721/1692
f 172/172/168 3461/3461/3353 173/173/169
f 3462/3462/3354 2960/2960/2874 178/178/174
f 3463/3463/3355 3464/3464/3356 1382/1382/1363
f 3462/3462/3354 2961/2961/2875 2960/2960/2874
f 3462/3462/3354 178/178/174 179/179/175
f 3463/3463/3355 1382/1382/1363 1381/1381/1362
f 3462/3462/3354 179/179/175 3465/3465/3357
f 1590/1590/1565 3466/3466/3358 3270/3270/3164
f 1590/1590/1565 3270/3270/3164 1591/1591/1566
f 187/187/183 631/631/621 191/191/187
f 3106/3106/3013 202/202/198 201/201/197
f 3106/3106/3013 1621/1621/1594 202/202/198
f 1756/1756/1724 516/516/510 1757/1757/1725
f 2927/2927/2842 3213/3213/3112 2928/2928/2843
f 1267/1267/1250 544/544/536 819/819/808
f 294/294/289 293/293/288 3017/3017/2931
f 294/294/289 3017/3017/2931 1272/1272/1255
f 1278/1278/1261 827/827/816 2967/2967/2881
f 1278/1278/1261 2967/2967/2881 1279/1279/1262
f 3103/3103/3010 2937/2937/2852 3192/3192/3095
f 320/320/315 1804/1804/1770 2909/2909/2824
f 751/751/740 752/752/741 1818/1818/1784
f 1395/1395/1376 3467/3467/3359 1823/1823/1789
f 1395/1395/1376 1823/1823/1789 229/229/225
f 2874/2874/2790 3468/3468/3360 2949/2949/2864
f 445/445/440 1853/1853/1819 446/446/441
f 1839/1839/1805 3375/3375/3269 645/645/635
f 3469/3469/3361 3137/3137/3043 3470/3470/3362
f 683/683/672 3436/3436/3328 684/684/673
f 856/856/845 464/464/459 463/463/458
f 3471/3471/3363 3472/3472/3364 2451/2451/2394
f 3471/3471/3363 2451/2451/2394 2450/2450/2393
f 2975/2975/2889 2974/2974/2888 3284/3284/3178
f 2667/2667/2596 2671/2671/2600 2127/2127/2085
f 2800/2800/2720 222/222/218 3307/3307/3201
f 888/888/877 123/123/121 122/122/120
f 2160/2160/2118 2551/2551/2491 2549/2549/2489
f 3473/3473/3365 3264/3264/3158 3474/3474/3366
s 0
f 3475/3475/3367 3476/3476/3367 3477/3477/3367
s 1
f 2739/2739/2661 2738/2738/2660 2583/2583/2517
f 1612/1612/1587 3478/3478/3368 801/801/790
f 3473/3473/3365 3265/3265/3159 3264/3264/3158
f 3160/3160/3063 3479/3479/3369 2338/2338/2285
f 3160/3160/3063 3480/3480/3370 3479/3479/3369
s 0
f 3481/3481/3371 3482/3482/3371 3483/3483/3371
s 1
f 34/34/34 3484/3484/3372 35/35/35
f 34/34/34 605/605/597 3484/3484/3372
f 3485/3485/3373 1531/1531/1510 2518/2518/2458
f 1929/1929/1893 1925/1925/1889 3486/3486/3374
f 3485/3485/3373 2518/2518/2458 2905/2905/2820
f 1929/1929/1893 3236/3236/3131 1930/1930/1894
f 49/49/49 3303/3303/3197 52/52/52
f 1291/1291/1274 2195/2195/2147 1293/1293/1276
f 631/631/621 632/632/622 2108/2108/2066
f 631/631/621 2108/2108/2066 191/191/187
f 2255/2255/2206 1376/1376/1357 637/637/627
f 2255/2255/2206 2733/2733/2655 1376/1376/1357
f 419/419/414 2741/2741/2663 2217/2217/2168
f 2745/2745/2667 2223/2223/2174 2879/2879/2795
f 3077/3077/2984 3076/3076/2983 3487/3487/3375
f 2229/2229/2180 2487/2487/2429 2486/2486/2428
f 2233/2233/2184 2320/2320/2269 3293/3293/3187
f 485/485/480 711/711/700 486/486/481
f 2247/2247/2198 1446/1446/1425 1444/1444/1423
f 721/721/710 2762/2762/2684 722/722/711
f 721/721/710 2763/2763/2685 2762/2762/2684
f 737/737/726 738/738/727 1650/1650/1623
f 3379/3379/3273 3488/3488/3376 3380/3380/3274
f 2054/2054/2014 3489/3489/3377 379/379/374
f 3490/3490/3378 3491/3491/3379 2419/2419/2362
f 2058/2058/2018 3040/3040/2952 2790/2790/2712
f 2060/2060/2020 2059/2059/2019 2424/2424/2367
f 2060/2060/2020 2424/2424/2367 3492/3492/3380
f 2058/2058/2018 2790/2790/2712 73/73/73
f 1784/1784/1750 1115/1115/1099 1114/1114/1098
f 1629/1629/1602 3309/3309/3203 1630/1630/1603
f 2806/2806/2726 3493/3493/3381 2807/2807/2727
f 299/299/294 2685/2685/2614 300/300/295
f 3360/3360/3254 1347/1347/1330 1351/1351/1334
f 839/839/828 833/833/822 3328/3328/3222
f 2338/2338/2285 3479/3479/3369 2339/2339/2286
f 462/462/457 149/149/145 463/463/458
f 462/462/457 461/461/456 2291/2291/2242
f 2080/2080/2039 3494/3494/3382 2081/2081/2040
f 1808/1808/1774 2939/2939/2854 584/584/576
f 1581/1581/1556 2355/2355/2300 2088/2088/2046
f 1585/1585/1560 3465/3465/3357 179/179/175
f 1585/1585/1560 179/179/175 1586/1586/1561
f 2419/2419/2362 3491/3491/3379 2420/2420/2363
f 3489/3489/3377 2670/2670/2599 379/379/374
f 387/387/382 2421/2421/2364 2729/2729/2651
f 387/387/382 2729/2729/2651 388/388/383
f 3495/3495/3383 3496/3496/3384 3311/3311/3205
f 3495/3495/3383 3311/3311/3205 3310/3310/3204
f 403/403/398 3319/3319/3213 509/509/503
f 2117/2117/2075 224/224/220 2597/2597/2531
f 934/934/923 935/935/924 2494/2494/2436
f 2252/2252/2203 2976/2976/2890 3497/3497/3385
f 1850/1850/1816 1728/1728/1699 571/571/563
f 1858/1858/1824 674/674/663 1859/1859/1825
f 1667/1667/1640 1198/1198/1181 1668/1668/1641
f 1874/1874/1838 480/480/475 1876/1876/1840
f 1713/1713/1684 2134/2134/2092 1714/1714/1685
f 1269/1269/1252 3498/3498/3386 1270/1270/1253
f 1354/1354/1337 3499/3499/3387 1358/1358/1339
f 1354/1354/1337 3500/3500/3388 3499/3499/3387
f 1813/1813/1779 3501/3501/3389 1814/1814/1780
s 0
f 3502/3502/3390 3503/3503/3390 3504/3504/3390
s 1
f 348/348/343 2948/2948/2863 349/349/344
f 348/348/343 1324/1324/1307 2948/2948/2863
f 3169/3169/3072 3277/3277/3171 3373/3373/3267
f 961/961/950 3505/3505/3391 963/963/952
f 872/872/861 871/871/860 3458/3458/3350
f 3405/3405/3297 1876/1876/1840 479/479/474
f 3405/3405/3297 479/479/474 477/477/472
f 3405/3405/3297 1877/1877/1841 1876/1876/1840
f 1386/1386/1367 1385/1385/1366 2386/2386/2329
f 2594/2594/2528 2985/2985/2899 1402/1402/1383
f 1079/1079/1063 1075/1075/1060 3188/3188/3091
f 2430/2430/2373 1786/1786/1752 1780/1780/1746
f 3506/3506/3392 3507/3507/3393 1187/1187/1170
f 1129/1129/1113 2725/2725/2648 1537/1537/1516
f 2820/2820/2740 1568/1568/1545 1335/1335/1318
f 1582/1582/1557 2825/2825/2745 880/880/869
f 3508/3508/3394 3509/3509/3395 3510/3510/3396
f 3511/3511/3397 1594/1594/1569 1593/1593/1568
f 577/577/569 1497/1497/1476 3442/3442/3334
f 577/577/569 3442/3442/3334 578/578/570
f 3012/3012/2926 3408/3408/3300 1275/1275/1258
f 3012/3012/2926 1275/1275/1258 1274/1274/1257
f 151/151/147 152/152/148 3396/3396/3288
f 1530/1530/1509 2518/2518/2458 1531/1531/1510
f 2778/2778/2700 2780/2780/2702 3414/3414/3306
f 2778/2778/2700 3414/3414/3306 3258/3258/3152
f 3346/3346/3240 1776/1776/1742 1775/1775/1741
f 3346/3346/3240 1775/1775/1741 3456/3456/3348
f 73/73/73 2790/2790/2712 2789/2789/2711
f 3422/3422/3314 1124/1124/1108 2543/2543/2483
f 3422/3422/3314 2559/2559/2499 1125/1125/1109
f 3422/3422/3314 2543/2543/2483 2542/2542/2482
f 3422/3422/3314 1125/1125/1109 1124/1124/1108
f 3151/3151/3055 2925/2925/2840 3500/3500/3388
f 260/260/255 1368/1368/1349 263/263/258
f 882/882/871 880/880/869 2825/2825/2745
f 882/882/871 2825/2825/2745 2826/2826/2746
f 1402/1402/1383 2985/2985/2899 3204/3204/3105
f 1852/1852/1818 1853/1853/1819 780/780/769
f 923/923/912 3470/3470/3362 3137/3137/3043
f 923/923/912 927/927/916 3470/3470/3362
f 381/381/376 379/379/374 2670/2670/2599
f 2679/2679/2608 526/526/520 1461/1461/1440
f 3221/3221/3118 291/291/286 284/284/279
f 293/293/288 295/295/290 3368/3368/3262
f 2164/2164/2122 1805/1805/1771 1803/1803/1769
f 2164/2164/2122 1803/1803/1769 1050/1050/1037
f 1523/1523/1502 356/356/351 355/355/350
f 1533/1533/1512 3486/3486/3374 1925/1925/1889
f 2770/2770/2692 711/711/700 708/708/697
f 2767/2767/2689 1138/1138/1122 1137/1137/1121
f 3512/3512/3398 3090/3090/2997 3089/3089/2996
f 2399/2399/2342 152/152/148 153/153/149
f 3114/3114/3020 2044/2044/2004 3513/3513/3399
f 1692/1692/1663 1694/1694/1665 370/370/365
f 1328/1328/1311 1705/1705/1676 3372/3372/3266
f 2600/2600/2534 1194/1194/1177 685/685/674
f 3240/3240/3135 890/890/879 892/892/881
f 1744/1744/1712 2158/2158/2116 1745/1745/1713
f 3254/3254/3148 3514/3514/3400 3255/3255/3149
f 2894/2894/2809 1751/1751/1719 1753/1753/1721
f 2894/2894/2809 1753/1753/1721 3515/3515/3401
f 173/173/169 2357/2357/2302 174/174/170
f 2846/2846/2764 2693/2693/2622 3516/3516/3402
f 243/243/238 1233/1233/1216 244/244/239
f 2850/2850/2768 3517/3517/3403 3171/3171/3074
f 2766/2766/2688 2855/2855/2773 2768/2768/2690
f 738/738/727 734/734/723 2507/2507/2449
f 738/738/727 2506/2506/2448 1650/1650/1623
f 738/738/727 2507/2507/2449 2506/2506/2448
f 1824/1824/1790 1823/1823/1789 3467/3467/3359
f 2987/2987/2901 2077/2077/2036 2076/2076/2035
f 2987/2987/2901 2076/2076/2035 2970/2970/2884
f 958/958/947 957/957/946 1861/1861/1827
f 958/958/947 1861/1861/1827 450/450/445
f 2425/2425/2368 271/271/266 273/273/268
f 2116/2116/2074 914/914/903 3320/3320/3214
f 575/575/567 571/571/563 1186/1186/1169
f 592/592/584 1317/1317/1300 2862/2862/2780
f 941/941/930 3342/3342/3236 3460/3460/3352
f 644/644/634 645/645/635 3375/3375/3269
f 1162/1162/1146 2577/2577/2513 2578/2578/2514
f 656/656/646 421/421/416 662/662/651
f 2586/2586/2520 1175/1175/1158 1558/1558/1537
f 1400/1400/1381 1846/1846/1812 432/432/427
f 3499/3499/3387 3500/3500/3388 2925/2925/2840
f 3499/3499/3387 2925/2925/2840 2895/2895/2810
f 3499/3499/3387 2895/2895/2810 1358/1358/1339
f 1982/1982/1946 3032/3032/2946 2971/2971/2885
f 1982/1982/1946 1985/1985/1949 3032/3032/2946
f 3003/3003/2917 3518/3518/3404 2615/2615/2546
f 3519/3519/3405 1144/1144/1128 2203/2203/2155
f 2134/2134/2092 3258/3258/3152 1085/1085/1069
f 951/951/940 950/950/939 3172/3172/3075
f 3509/3509/3395 2946/2946/2861 3510/3510/3396
f 3509/3509/3395 2947/2947/2862 2946/2946/2861
f 2372/2372/2315 2366/2366/2311 2473/2473/2415
f 509/509/503 3319/3319/3213 3341/3341/3235
f 2388/2388/2331 3066/3066/2973 2389/2389/2332
f 2277/2277/2228 2922/2922/2837 1937/1937/1901
f 3327/3327/3221 2392/2392/2335 2391/2391/2334
f 1650/1650/1623 2506/2506/2448 1651/1651/1624
f 70/70/70 2728/2728/2650 2421/2421/2364
f 1983/1983/1947 2270/2270/2221 3358/3358/3252
f 1983/1983/1947 1981/1981/1945 2270/2270/2221
f 972/972/961 970/970/959 3280/3280/3174
f 972/972/961 3280/3280/3174 2346/2346/2293
f 2459/2459/2401 2458/2458/2400 3520/3520/3406
f 3521/3521/3407 2472/2472/2414 3522/3522/3408
f 1087/1087/1071 1085/1085/1069 3258/3258/3152
f 1087/1087/1071 3258/3258/3152 3414/3414/3306
f 3117/3117/3023 2789/2789/2711 805/805/794
f 3117/3117/3023 805/805/794 3523/3523/3409
f 1771/1771/1737 1773/1773/1739 3348/3348/3242
f 3134/3134/3040 2389/2389/2332 3066/3066/2973
f 1729/1729/1700 1727/1727/1698 3524/3524/3410
f 1728/1728/1699 1186/1186/1169 571/571/563
f 2597/2597/2531 1859/1859/1825 674/674/663
f 1212/1212/1195 3525/3525/385 2456/2456/385
f 1233/1233/1216 1231/1231/1214 244/244/239
f 3213/3213/3112 3215/3215/3114 2928/2928/2843
f 3393/3393/3285 1834/1834/1800 2010/2010/1970
f 827/827/816 302/302/297 2967/2967/2881
f 830/830/819 3513/3513/3399 2044/2044/2004
f 830/830/819 2044/2044/2004 305/305/300
f 830/830/819 3021/3021/2935 3513/3513/3399
f 2946/2946/2861 2948/2948/2863 1324/1324/1307
f 2946/2946/2861 1324/1324/1307 3510/3510/3396
f 244/244/239 1231/1231/1214 506/506/500
f 552/552/544 547/547/539 2075/2075/2034
f 3225/3225/3122 1187/1187/1170 3507/3507/3393
f 327/327/322 324/324/319 3442/3442/3334
f 2721/2721/2644 3526/3526/3411 3527/3527/3412
f 2721/2721/2644 2720/2720/2643 3526/3526/3411
f 3514/3514/3400 2663/2663/2592 3255/3255/3149
f 998/998/985 2007/2007/1967 1829/1829/1795
f 892/892/881 893/893/882 630/630/620
f 421/421/416 416/416/411 662/662/651
f 3376/3376/3270 1405/1405/1386 3528/3528/3413
f 3372/3372/3266 1705/1705/1676 3185/3185/3088
f 651/651/641 811/811/800 3529/3529/3414
f 544/544/536 820/820/809 819/819/808
f 2448/2448/2391 2447/2447/2390 3331/3331/3225
f 2645/2645/2576 2763/2763/2685 2646/2646/2577
f 2187/2187/2139 2406/2406/2349 3268/3268/3162
f 3530/3530/3415 3510/3510/3396 1324/1324/1307
f 1133/1133/1117 1135/1135/1119 1961/1961/1925
f 2897/2897/2812 2235/2235/2186 2234/2234/2185
f 2897/2897/2812 3531/3531/3416 2235/2235/2186
f 2897/2897/2812 2234/2234/2185 846/846/835
f 3320/3320/3214 914/914/903 913/913/902
f 925/925/914 1023/1023/1010 926/926/915
f 2984/2984/2898 3204/3204/3105 2985/2985/2899
f 3468/3468/3360 2812/2812/2732 2949/2949/2864
f 1876/1876/1840 480/480/475 479/479/474
f 3248/3248/3142 2772/2772/2694 3249/3249/3143
f 3248/3248/3142 2773/2773/2695 2772/2772/2694
f 3518/3518/3404 3296/3296/3190 1885/1885/1849
f 3518/3518/3404 1885/1885/1849 2615/2615/2546
f 2458/2458/2400 3532/3532/3417 3520/3520/3406
s 0
f 2456/2456/385 3525/3525/385 3533/3533/385
s 1
f 988/988/975 981/981/968 2463/2463/2405
f 3522/3522/3408 2471/2471/2413 3194/3194/3097
f 3522/3522/3408 2472/2472/2414 2471/2471/2413
f 632/632/622 2110/2110/2068 2108/2108/2066
f 2948/2948/2863 1820/1820/1786 349/349/344
f 1586/1586/1561 179/179/175 177/177/173
f 349/349/344 1820/1820/1786 2046/2046/2006
f 324/324/319 578/578/570 3442/3442/3334
f 98/98/96 99/99/97 3534/3534/3418
f 3535/3535/3419 2571/2571/2509 2570/2570/2508
f 568/568/560 2933/2933/2848 2641/2641/2572
f 2046/2046/2006 1820/1820/1786 1819/1819/1785
