# Blender 5.2.0 LTS
# www.blender.org
mtllib hub_prop_view.mtl
o Mesh_0
v 0.129883 -0.108398 -0.053223
v 0.137696 -0.115722 -0.027344
v 0.122558 -0.130859 -0.027588
v 0.105957 -0.130859 -0.052978
v 0.129883 -0.108398 -0.053223
v 0.148438 -0.083008 -0.052978
v 0.151367 -0.096192 -0.027588
v 0.109375 -0.110840 -0.075195
v 0.128906 -0.087890 -0.077148
v 0.128906 -0.087890 -0.077148
v 0.151367 -0.096192 -0.027588
v -0.128906 0.126953 0.039551
v -0.117188 0.137696 0.039551
v -0.118653 0.141602 0.041260
v -0.141602 0.112793 0.039795
v -0.144531 0.113770 -0.000719
v -0.130859 0.128906 0.041016
v -0.130859 0.127929 -0.001255
v 0.134766 0.137696 -0.039551
v 0.135742 0.128906 -0.041504
v 0.119629 0.143554 -0.041504
v 0.134766 0.137696 -0.039551
v 0.159179 0.138672 -0.025391
v 0.149414 0.123047 -0.039795
v 0.149414 0.123047 -0.039795
v 0.118653 0.151367 -0.039551
v 0.141602 0.156250 -0.025879
v 0.141602 0.156250 -0.025879
v 0.055664 -0.159179 0.052979
v 0.028443 -0.166016 0.052734
v 0.045655 -0.173828 0.025757
v 0.059570 -0.142578 0.077148
v 0.035156 -0.153321 0.072754
v 0.074219 -0.162109 0.026489
v 0.081055 -0.147461 0.053711
v -0.207031 0.037354 -0.025757
v -0.194336 0.032959 -0.039551
v -0.208008 0.025391 -0.025879
v -0.204102 0.052490 -0.026245
v -0.216797 0.027954 -0.039062
v -0.210938 0.045166 -0.038330
v -0.120605 -0.065430 0.096680
v -0.141602 -0.059815 0.074707
v -0.132812 -0.083008 0.071777
v -0.120605 -0.065430 0.096680
v -0.103515 -0.046875 0.118164
v -0.129883 -0.043213 0.096191
v -0.120605 -0.065430 0.096680
v -0.106445 -0.089844 0.094727
v -0.096680 -0.070312 0.113770
v -0.121094 -0.089844 0.079102
v -0.096680 -0.070312 0.113770
v -0.120605 -0.065430 0.096680
v -0.132812 -0.083008 0.071777
v -0.121094 -0.089844 0.079102
v -0.141602 -0.059815 0.074707
v 0.081543 0.165039 -0.001495
v 0.080567 0.164062 -0.040283
v 0.096680 0.155273 -0.040283
v 0.081543 0.165039 -0.001495
v 0.096680 0.155273 -0.040283
v 0.099121 0.155273 -0.001068
v 0.081543 0.165039 -0.001495
v 0.064453 0.171875 -0.001274
v 0.080567 0.164062 -0.040283
v 0.081543 0.165039 -0.001495
v 0.088379 0.160156 0.039795
v 0.071289 0.167969 0.039795
v 0.064453 0.171875 -0.001274
v 0.099121 0.155273 -0.001068
v 0.187500 -0.166016 0.023560
v 0.166992 -0.185547 0.023926
v 0.169922 -0.185547 -0.000751
v 0.204102 -0.142578 0.032227
v 0.185547 -0.164062 0.032227
v 0.190429 -0.165039 -0.000545
v 0.205078 -0.144531 0.023804
v 0.187500 -0.166016 0.023560
v 0.205078 -0.144531 0.023804
v 0.204102 -0.142578 0.032227
v -0.070312 -0.168946 -0.040283
v -0.053711 -0.175781 -0.001495
v -0.052979 -0.174804 -0.040527
v -0.072754 -0.169922 -0.041260
v -0.085938 -0.160156 -0.039795
v -0.071289 -0.168946 -0.001289
v -0.054444 -0.177734 -0.041504
v 0.147461 0.079590 0.053711
v 0.131836 0.082520 0.073731
v 0.140625 0.057373 0.079590
v 0.147461 0.079590 0.053711
v 0.148438 0.099610 0.026856
v 0.129883 0.104980 0.052246
v 0.147461 0.079590 0.053711
v 0.163086 0.074219 0.027222
v 0.148438 0.099610 0.026856
v 0.159179 0.054444 0.053711
v 0.131836 0.082520 0.073731
v 0.147461 0.079590 0.053711
v 0.140625 0.057373 0.079590
v 0.159179 0.054444 0.053711
v 0.028076 -0.019409 -0.152832
v 0.057861 -0.023316 -0.145996
v 0.048828 -0.037110 -0.146973
v 0.032226 -0.011169 -0.152832
v 0.020752 -0.025391 -0.152832
v -0.000293 -0.001183 -0.156738
v -0.165039 0.186523 0.023682
v -0.164062 0.184571 0.031982
v -0.143554 0.201172 0.023926
v -0.166016 0.187500 -0.000640
v -0.184571 0.167969 0.023560
v -0.165039 0.186523 0.023682
v -0.144531 0.203125 -0.000889
v -0.166016 0.187500 -0.000640
v -0.144531 0.203125 -0.000889
v -0.183594 0.166016 0.031738
v -0.207031 -0.014648 -0.026123
v -0.195312 -0.005066 -0.041504
v -0.199219 -0.013550 -0.035889
v -0.207031 -0.014648 -0.026123
v -0.196289 -0.022583 -0.038330
v -0.208984 -0.023926 -0.025635
v -0.217773 -0.011780 -0.039307
v -0.196289 -0.022583 -0.038330
v -0.207031 -0.014648 -0.026123
v -0.208984 -0.023926 -0.025635
v -0.217773 -0.011780 -0.039307
v 0.021729 0.212891 0.039551
v 0.036865 0.209961 0.038574
v 0.024903 0.239258 0.036865
v 0.008484 0.211914 0.041260
v 0.019165 0.208008 0.025879
v 0.000778 0.241211 0.036865
v 0.156250 -0.106445 -0.041504
v 0.165039 -0.090332 -0.041748
v 0.163086 -0.107910 -0.040039
v 0.154297 -0.100097 -0.040283
v 0.156250 -0.106445 -0.041504
v 0.142578 -0.124023 -0.041748
v 0.144531 -0.113281 -0.040283
v 0.149414 -0.124512 -0.039795
v 0.144531 -0.113281 -0.040283
v 0.149414 -0.124512 -0.039795
v 0.000625 -0.186523 0.044678
v -0.003830 -0.188477 0.044189
v 0.000770 -0.213867 0.041260
v 0.006531 -0.183594 0.041992
v 0.000206 -0.183594 0.041992
v 0.006317 -0.188477 0.043213
v -0.015381 -0.182617 0.041504
v 0.249023 0.023559 -0.033936
v 0.250000 0.023559 -0.024658
v 0.250000 -0.001236 -0.024780
v 0.250000 -0.000530 -0.033691
v 0.249023 0.023559 -0.033936
v 0.245117 0.049316 -0.033203
v 0.250000 0.023559 -0.024658
v 0.249023 0.023559 -0.033936
v 0.237304 0.048584 -0.036621
v 0.245117 0.049316 -0.033203
v 0.249023 0.023559 -0.033936
v 0.250000 -0.000530 -0.033691
v 0.242188 0.024414 -0.036621
v 0.242188 0.024414 -0.036621
v -0.093262 0.118164 -0.083008
v -0.086426 0.143554 -0.053467
v -0.072754 0.135742 -0.077148
v -0.108398 0.126953 -0.053955
v -0.113770 0.106445 -0.075195
v -0.093262 0.118164 -0.083008
v -0.071778 0.115235 -0.101074
v -0.084472 0.095215 -0.109375
v -0.072754 0.135742 -0.077148
v -0.106445 0.092285 -0.094238
v -0.106445 0.092285 -0.094238
v -0.135742 -0.125000 -0.001007
v -0.125977 -0.132812 -0.039795
v -0.138672 -0.122558 -0.041016
v -0.120605 -0.140625 -0.000805
v -0.135742 -0.125000 -0.001007
v -0.127929 -0.130859 0.039795
v -0.120605 -0.140625 -0.000805
v -0.138672 -0.119629 0.039795
v -0.146484 -0.109863 -0.040283
v -0.150391 -0.109863 -0.000570
v -0.150391 -0.109863 -0.000570
v -0.148438 -0.107910 0.040039
v 0.047119 0.037110 -0.146973
v 0.051514 0.023804 -0.148926
v 0.023438 0.018311 -0.153809
v 0.032715 0.045410 -0.147949
v 0.055908 0.056885 -0.140137
v 0.071289 0.040039 -0.138184
v 0.198242 -0.017823 0.038574
v 0.210938 -0.023193 0.024170
v 0.209961 -0.014160 0.024658
v 0.195312 -0.004974 0.041016
v 0.198242 -0.017823 0.038574
v 0.188477 -0.018189 0.041504
v 0.194336 -0.034912 0.038574
v 0.208984 -0.038819 0.023804
v 0.188477 -0.018189 0.041504
v 0.210938 -0.023193 0.024170
v -0.040039 0.187500 -0.040283
v -0.055664 0.202148 -0.026733
v -0.035645 0.206054 -0.026978
v -0.053467 0.176758 -0.041992
v -0.062500 0.183594 -0.039307
v -0.020386 0.189453 -0.041016
v -0.030639 0.181641 -0.042725
v 0.124023 0.133789 0.040039
v 0.141602 0.115722 0.040039
v 0.133789 0.129883 0.041260
v 0.124023 0.133789 0.040039
v 0.103515 0.150391 0.039551
v 0.114258 0.144531 -0.001106
v 0.116211 0.144531 0.040772
v 0.114258 0.144531 -0.001106
v 0.129883 0.130859 -0.001137
v 0.116211 0.144531 0.040772
v 0.025146 -0.247071 -0.025024
v 0.001083 -0.250000 -0.024902
v 0.024903 -0.245117 -0.032959
v 0.026856 -0.249023 -0.000544
v 0.001617 -0.250000 -0.000845
v 0.025146 -0.247071 -0.025024
v 0.050049 -0.241211 -0.032959
v 0.050293 -0.244141 -0.024902
v 0.024903 -0.245117 -0.032959
v 0.026856 -0.249023 -0.000544
v -0.217773 0.009826 0.038330
v -0.203125 -0.000427 0.040283
v -0.194336 0.007812 0.040527
v -0.240234 0.024292 0.036133
v -0.242188 -0.000767 0.036377
v -0.208984 0.025879 0.024536
v -0.216797 0.028076 0.037842
v -0.207031 0.015869 0.024536
v -0.198242 -0.082520 0.036865
v -0.221679 -0.096192 0.035645
v -0.189453 -0.101562 0.036865
v -0.197266 -0.080567 0.023926
v -0.207031 -0.061280 0.036865
v -0.230469 -0.072754 0.035645
v -0.188477 -0.099610 0.024170
v -0.021240 -0.125977 -0.107910
v 0.003510 -0.123047 -0.112305
v -0.000168 -0.142578 -0.093750
v -0.022339 -0.140625 -0.092773
v -0.050049 -0.130859 -0.096680
v -0.041015 -0.109863 -0.117187
v -0.018554 -0.105469 -0.125000
v -0.021240 -0.125977 -0.107910
v -0.050049 -0.130859 -0.096680
v -0.041015 -0.109863 -0.117187
v 0.203125 0.060547 0.024414
v 0.208984 0.040771 0.024658
v 0.212891 0.044434 0.037354
v 0.203125 0.060547 0.024414
v 0.181641 0.069824 0.039307
v 0.191406 0.044922 0.038330
v 0.207031 0.063965 0.037598
v 0.208984 0.040771 0.024658
v 0.195312 0.081055 0.024536
v 0.203125 0.060547 0.024414
v 0.195312 0.081055 0.024536
v 0.181641 0.069824 0.039307
v -0.121582 0.147461 0.038818
v -0.136719 0.133789 0.039063
v -0.121582 0.147461 0.038818
v -0.132812 0.161133 0.024292
v -0.136719 0.133789 0.039063
v -0.103515 0.162109 0.038818
v -0.103515 0.162109 0.038818
v -0.116211 0.173828 0.024658
v -0.097168 -0.185547 -0.026245
v -0.078125 -0.195312 -0.026123
v -0.091308 -0.192383 -0.037353
v -0.111817 -0.181641 -0.037353
v -0.115722 -0.175781 -0.026123
v -0.071778 -0.178711 -0.039795
v -0.091308 -0.168946 -0.039307
v -0.012451 0.182617 -0.001343
v 0.007538 0.184571 -0.001251
v -0.014465 0.177734 -0.028686
v -0.012451 0.182617 -0.001343
v -0.014465 0.177734 -0.028686
v -0.039306 0.179688 -0.001171
v -0.027954 0.175781 0.026611
v -0.012451 0.182617 -0.001343
v -0.027954 0.175781 0.026611
v -0.000874 0.178711 0.026367
v 0.007538 0.184571 -0.001251
v -0.059326 -0.019409 0.145020
v -0.086914 -0.013427 0.134277
v -0.084472 -0.031250 0.133301
v -0.061524 -0.002243 0.145020
v -0.054199 -0.039551 0.143066
v -0.033448 -0.005615 0.151856
v -0.030029 -0.016236 0.152832
v 0.123535 0.214844 -0.024414
v 0.123535 0.212891 -0.032471
v 0.099610 0.226562 -0.032715
v 0.123535 0.214844 -0.024414
v 0.147461 0.203125 -0.000465
v 0.146484 0.202148 -0.024414
v 0.101074 0.226562 -0.024536
v 0.125977 0.217773 -0.000351
v 0.146484 0.202148 -0.024414
v 0.125977 0.217773 -0.000351
v 0.064942 -0.168946 0.040283
v 0.083985 -0.160156 0.040039
v 0.085938 -0.162109 -0.001358
v 0.067383 -0.170898 0.041504
v 0.045655 -0.176758 0.041016
v 0.048584 -0.177734 0.041992
v 0.065918 -0.170898 -0.001167
v -0.176758 0.059082 -0.042236
v -0.182617 0.041260 -0.042236
v -0.186523 0.051758 -0.039551
v -0.166016 0.079590 -0.041992
v -0.172852 0.056153 -0.040283
v -0.176758 0.059082 -0.042236
v -0.178711 0.038330 -0.040771
v -0.182617 0.041260 -0.042236
v -0.179688 0.068360 -0.040039
v -0.178711 0.038330 -0.040771
v -0.172852 -0.088867 0.039063
v -0.164062 -0.103028 0.039063
v -0.166992 -0.085449 0.041504
v -0.179688 -0.072265 0.038818
v 0.186523 -0.001396 -0.000996
v 0.184571 0.008179 -0.041260
v 0.185547 -0.003235 -0.041504
v 0.186523 -0.001396 -0.000996
v 0.185547 -0.019409 -0.001118
v 0.184571 -0.018799 0.039551
v 0.186523 -0.001396 -0.000996
v 0.185547 0.023316 -0.001064
v 0.184571 0.008179 -0.041260
v 0.186523 -0.001396 -0.000996
v 0.184571 -0.018432 -0.040771
v 0.185547 -0.019409 -0.001118
v 0.184571 -0.018432 -0.040771
v 0.186523 -0.001396 -0.000996
v 0.184571 -0.018799 0.039551
v 0.185547 -0.003266 0.040527
v 0.185547 0.007873 0.040283
v 0.185547 0.023316 -0.001064
v -0.047119 0.235352 -0.037109
v -0.060547 0.204102 -0.038574
v -0.071289 0.227539 -0.037109
v -0.022705 0.239258 -0.037109
v -0.039551 0.208984 -0.039062
v -0.023193 0.246094 -0.033203
v -0.048340 0.242188 -0.033447
v 0.210938 0.117676 0.035645
v 0.175781 0.121582 0.037109
v 0.186523 0.103028 0.037354
v 0.196289 0.138672 0.036133
v 0.210938 0.117676 0.035645
v 0.229492 0.098145 0.032227
v 0.217773 0.120605 0.031982
v 0.217773 0.120605 0.031982
v 0.186523 0.103028 0.037354
v 0.221679 0.095703 0.036133
v 0.071289 -0.171875 -0.041748
v 0.052735 -0.178711 -0.041504
v 0.064942 -0.168946 -0.040771
v 0.085449 -0.160156 -0.040039
v 0.054931 -0.184571 -0.040039
v 0.091797 -0.162109 -0.041016
v 0.074707 -0.176758 -0.039795
v -0.173828 0.053955 0.040039
v -0.182617 0.041992 0.041504
v -0.178711 0.038086 0.040039
v -0.173828 0.053955 0.040039
v -0.167969 0.070801 0.040039
v -0.175781 0.062988 0.041504
v -0.182617 0.041992 0.041504
v -0.179688 0.038819 -0.000957
v -0.174804 0.055664 -0.000643
v -0.179688 0.038819 -0.000957
v -0.184571 -0.035400 -0.041992
v -0.187500 -0.018311 -0.042236
v -0.180664 -0.035156 -0.040527
v -0.192383 -0.037354 -0.039062
v -0.196289 -0.022583 -0.038330
v -0.174804 -0.052490 -0.040283
v -0.180664 -0.052490 -0.042236
v 0.051514 0.206054 0.038086
v 0.037110 0.207031 0.025391
v 0.055176 0.202148 0.025391
v 0.051514 0.206054 0.038086
v 0.069824 0.201172 0.037598
v 0.072754 0.227539 0.036377
v 0.048828 0.234375 0.036621
v 0.069824 0.201172 0.037598
v 0.072754 0.227539 0.036377
v 0.178711 -0.115722 -0.025513
v 0.172852 -0.090820 -0.039795
v 0.190429 -0.096680 -0.025391
v 0.171875 -0.130859 -0.037109
v 0.166016 -0.132812 -0.025513
v 0.184571 -0.113281 -0.037109
v 0.163086 -0.107910 -0.040039
v -0.039306 0.043701 0.145996
v -0.026123 0.020386 0.152832
v -0.019898 0.026734 0.152832
v -0.062988 0.052735 0.137207
v -0.051270 0.029297 0.145996
v -0.028564 0.061524 0.143066
v -0.048095 0.074219 0.133301
v -0.070801 -0.237304 0.023438
v -0.047364 -0.244141 0.023682
v -0.047608 -0.241211 0.032227
v -0.070801 -0.237304 0.023438
v -0.091797 -0.233398 -0.000900
v -0.062011 -0.243164 -0.001007
v -0.095703 -0.228516 0.023193
v -0.070801 -0.235352 0.031982
v -0.062011 -0.243164 -0.001007
v -0.070801 -0.235352 0.031982
v -0.000240 -0.061524 0.145020
v -0.015869 -0.055420 0.145996
v -0.011536 -0.081055 0.137207
v 0.004395 -0.032959 0.151856
v -0.005371 -0.032715 0.151856
v 0.018311 -0.057373 0.145996
v 0.013855 -0.086426 0.135254
v -0.229492 0.101074 -0.024292
v -0.239258 0.075195 -0.024292
v -0.231446 0.098633 -0.000658
v -0.216797 0.125000 -0.022949
v -0.227539 0.099121 -0.033203
v -0.218750 0.124023 -0.001038
v -0.237304 0.074219 -0.032959
v -0.237304 -0.048584 0.035889
v -0.211914 -0.041015 0.036621
v -0.241211 -0.023559 0.036377
v -0.230469 -0.072754 0.035645
v -0.207031 -0.061280 0.036865
v -0.248047 -0.025269 0.031982
v -0.244141 -0.050293 0.031982
v 0.006897 0.189453 -0.043457
v 0.008179 0.185547 -0.043701
v 0.001648 0.186523 -0.044922
v 0.025757 0.183594 -0.042236
v 0.023071 0.189453 -0.040771
v 0.015136 0.207031 -0.027588
v 0.008789 0.211914 -0.041504
v 0.001541 0.211914 -0.042236
v 0.113770 -0.145508 -0.000649
v 0.130859 -0.130859 -0.000475
v 0.091797 -0.161133 -0.000437
v 0.100586 -0.148438 -0.027344
v 0.113770 -0.145508 -0.000649
v 0.100097 -0.147461 0.028198
v 0.091797 -0.161133 -0.000437
v 0.130859 -0.130859 -0.000475
v 0.126953 -0.125977 0.028442
v -0.075195 0.051514 -0.133301
v -0.051025 0.029663 -0.146973
v -0.083496 0.029419 -0.135254
v -0.040039 0.049073 -0.145019
v -0.095215 0.071778 -0.115723
v -0.065430 0.073730 -0.129394
v -0.103515 0.048584 -0.118652
v -0.032959 -0.248047 -0.001114
v -0.032959 -0.248047 -0.001114
v -0.032959 -0.248047 -0.001114
v -0.046875 -0.244141 -0.025269
v -0.022705 -0.248047 -0.025024
v 0.001449 -0.250000 0.023804
v -0.022339 -0.248047 0.023682
v -0.022705 -0.248047 -0.025024
v -0.062011 -0.243164 -0.001007
v 0.001617 -0.250000 -0.000845
v 0.151367 0.009582 0.079590
v 0.132812 -0.011657 0.100586
v 0.152344 -0.016113 0.078125
v 0.151367 0.009582 0.079590
v 0.167969 0.000431 0.055176
v 0.166016 0.027222 0.055420
v 0.151367 0.009582 0.079590
v 0.166016 0.027222 0.055420
v 0.149414 0.034424 0.077148
v 0.131836 0.034912 0.098633
v 0.132812 0.011169 0.102051
v 0.152344 -0.016113 0.078125
v 0.149414 0.034424 0.077148
v -0.156250 0.099610 0.041260
v -0.161133 0.083008 0.040039
v -0.152344 0.098145 0.039795
v -0.166016 0.083008 0.041260
v -0.162109 0.102539 0.039063
v -0.149414 0.118164 0.038818
v -0.144531 0.115235 0.041260
v -0.091797 -0.108887 -0.093262
v -0.110840 -0.088867 -0.094727
v -0.084961 -0.091308 -0.111816
v -0.091797 -0.108887 -0.093262
v -0.091308 -0.127929 -0.073730
v -0.113281 -0.108398 -0.074707
v -0.066406 -0.109863 -0.107910
v -0.091797 -0.108887 -0.093262
v -0.075195 -0.125977 -0.088379
v -0.091308 -0.127929 -0.073730
v -0.075195 -0.125977 -0.088379
v -0.110840 -0.088867 -0.094727
v 0.209961 -0.020996 -0.026001
v 0.218750 -0.022705 -0.037842
v 0.209961 -0.038086 -0.025391
v 0.209961 -0.020996 -0.026001
v 0.209961 -0.013550 -0.026245
v 0.218750 -0.022705 -0.037842
v 0.209961 -0.038086 -0.025391
v 0.197266 -0.016968 -0.038574
v -0.006317 0.211914 0.040772
v -0.018677 0.208008 0.025513
v -0.010010 0.205078 0.027588
v -0.003266 0.190429 0.042969
v 0.001297 0.211914 0.041992
v -0.019531 0.214844 0.038330
v 0.029419 -0.182617 0.042481
v 0.019653 -0.191406 0.040527
v 0.034424 -0.189453 0.040527
v 0.026123 -0.180664 0.041748
v 0.029419 -0.182617 0.042481
v 0.019653 -0.191406 0.040527
v 0.026123 -0.180664 0.041748
v -0.194336 0.032959 -0.039551
v -0.197266 0.017212 -0.039062
v -0.208008 0.025391 -0.025879
v -0.204102 0.052490 -0.026245
v -0.186523 0.051758 -0.039551
v -0.186523 0.024536 -0.041992
v -0.148438 -0.148438 0.024414
v -0.133789 -0.162109 0.024414
v -0.126953 -0.146484 0.038818
v -0.163086 -0.137696 0.036377
v -0.148438 -0.154297 0.036621
v -0.141602 -0.132812 0.038818
v -0.163086 -0.134766 0.024292
v 0.123047 -0.057373 0.098633
v 0.140625 -0.065430 0.075195
v 0.133789 -0.035645 0.096191
v 0.108398 -0.034668 0.117676
v 0.097168 -0.061280 0.116699
v 0.123047 -0.057373 0.098633
v 0.127929 -0.088379 0.075195
v 0.140625 -0.065430 0.075195
v 0.110840 -0.083496 0.096191
v 0.127929 -0.088379 0.075195
v -0.051025 0.169922 -0.028320
v -0.014465 0.177734 -0.028686
v -0.034668 0.162109 -0.055908
v -0.062011 0.155273 -0.053955
v -0.079102 0.159179 -0.028198
v -0.039306 0.179688 -0.001171
v -0.051025 0.169922 -0.028320
v -0.068847 0.169922 -0.001305
v -0.079102 0.159179 -0.028198
v -0.026977 -0.017823 -0.152832
v -0.040528 -0.043457 -0.146973
v -0.057129 -0.042236 -0.143066
v -0.026977 -0.017823 -0.152832
v -0.057129 -0.042236 -0.143066
v -0.057861 -0.022827 -0.145996
v -0.032226 -0.008362 -0.152832
v -0.000293 -0.001183 -0.156738
v -0.000293 -0.001183 -0.156738
v -0.020630 -0.027344 -0.153809
v 0.168946 0.186523 -0.000608
v 0.167969 0.184571 0.024048
v 0.187500 0.166992 -0.000257
v 0.167969 0.184571 -0.024414
v 0.168946 0.186523 -0.000608
v 0.146484 0.202148 0.024170
v 0.146484 0.202148 -0.024414
v 0.146484 0.202148 0.024170
v 0.119629 -0.138672 -0.040283
v 0.104492 -0.149414 -0.039795
v 0.119629 -0.140625 -0.000963
v 0.132812 -0.128906 -0.000837
v 0.133789 -0.126953 -0.040283
v 0.108887 -0.151367 -0.041260
v 0.126953 -0.138672 -0.041260
v -0.130859 0.105957 0.050781
v -0.126953 0.124023 0.026001
v -0.150391 0.095215 0.026978
v -0.130859 0.105957 0.050781
v -0.144531 0.079590 0.057129
v -0.122070 0.099121 0.071777
v -0.108398 0.125977 0.053223
v -0.150391 0.095215 0.026978
v -0.122070 0.099121 0.071777
v -0.155273 -0.097656 -0.040283
v -0.154297 -0.106933 -0.041992
v -0.155273 -0.097656 -0.040283
v -0.166016 -0.086426 -0.041992
v -0.162109 -0.084472 -0.040039
v -0.162109 -0.090332 -0.000689
v -0.166016 -0.086426 -0.041992
v -0.162109 -0.090332 -0.000689
v 0.162109 -0.177734 -0.036377
v 0.166992 -0.183594 -0.032715
v 0.144531 -0.200196 -0.032959
v 0.141602 -0.193359 -0.036377
v 0.140625 -0.161133 -0.037353
v 0.157227 -0.146484 -0.037353
v 0.180664 -0.160156 -0.036621
v -0.064942 -0.108887 0.107910
v -0.066406 -0.130859 0.086914
v -0.043213 -0.127929 0.100098
v -0.045899 -0.096680 0.123047
v -0.068360 -0.082520 0.122559
v -0.087890 -0.113281 0.090820
v -0.085449 -0.092773 0.108398
v 0.166016 0.079102 -0.001038
v 0.165039 0.079102 -0.040283
v 0.172852 0.062500 -0.040527
v 0.166016 0.079102 -0.001038
v 0.171875 0.063477 0.040039
v 0.162109 0.083985 0.040039
v 0.157227 0.096192 -0.001247
v 0.165039 0.079102 -0.040283
v 0.173828 0.062256 -0.000860
v 0.172852 0.062500 -0.040527
v -0.177734 0.161133 -0.036133
v -0.183594 0.166016 -0.032715
v -0.163086 0.183594 -0.032959
v -0.193359 0.141602 -0.036621
v -0.157227 0.142578 -0.037598
v -0.172852 0.125000 -0.037842
v -0.177734 0.161133 -0.036133
v -0.172852 0.125000 -0.037842
v -0.193359 0.141602 -0.036621
v -0.159179 0.177734 -0.036377
v -0.204102 -0.145508 -0.024292
v -0.205078 -0.147461 -0.000767
v -0.219727 -0.124023 -0.000874
v -0.202148 -0.144531 -0.032959
v -0.184571 -0.166016 -0.032959
v -0.185547 -0.166992 -0.024536
v -0.218750 -0.123047 -0.024292
v 0.006409 0.033448 0.151856
v -0.000683 -0.001900 0.156738
v 0.015442 0.027222 0.152832
v 0.017334 0.059570 0.145020
v -0.003769 0.034180 0.152832
v 0.002075 0.062256 0.145020
v -0.077148 0.194336 0.024536
v -0.062500 0.181641 0.038818
v -0.055664 0.202148 0.025024
v -0.060791 0.203125 0.037598
v -0.083008 0.196289 0.037354
v -0.096192 0.185547 0.024536
v -0.083008 0.171875 0.038574
v 0.172852 0.087890 -0.039795
v 0.196289 0.081055 -0.025391
v 0.181641 0.071289 -0.039307
v 0.172852 0.087890 -0.039795
v 0.162109 0.093750 -0.041992
v 0.161133 0.107422 -0.039795
v 0.174804 0.067383 -0.041992
v 0.185547 0.101074 -0.025635
v 0.162109 0.093750 -0.041992
v 0.172852 0.087890 -0.039795
v 0.161133 0.107422 -0.039795
v 0.185547 0.101074 -0.025635
v 0.073242 -0.237304 0.023682
v 0.090332 -0.234375 -0.000660
v 0.097656 -0.228516 0.023438
v 0.097168 -0.226562 0.031982
v 0.072754 -0.235352 0.032471
v 0.055664 -0.244141 -0.000668
v 0.050049 -0.244141 0.023926
v -0.110840 -0.001549 -0.121094
v -0.132812 -0.012085 -0.102539
v -0.131836 0.016236 -0.102539
v -0.110840 0.023559 -0.120605
v -0.086914 0.008056 -0.135254
v -0.086426 -0.015564 -0.135254
v -0.110352 -0.024414 -0.120117
v -0.178711 -0.013366 0.027222
v -0.166016 -0.025635 0.053467
v -0.167969 0.001312 0.053955
v -0.178711 -0.013366 0.027222
v -0.185547 0.003266 -0.000755
v -0.182617 -0.026123 -0.000961
v -0.178711 0.011231 0.027222
v -0.185547 0.003266 -0.000755
v -0.178711 -0.013366 0.027222
v -0.182617 -0.026123 -0.000961
v -0.173828 -0.041748 0.027100
v -0.166016 -0.025635 0.053467
v 0.069824 0.200196 -0.038330
v 0.097656 0.218750 -0.036133
v 0.090820 0.191406 -0.037842
v 0.076660 0.195312 -0.026489
v 0.054688 0.202148 -0.026855
v 0.047851 0.207031 -0.038574
v 0.073242 0.227539 -0.036621
v 0.069824 0.200196 -0.038330
v 0.054688 0.202148 -0.026855
v 0.047851 0.207031 -0.038574
v 0.222656 -0.095215 0.035889
v 0.196289 -0.092285 0.037842
v 0.211914 -0.117676 0.036133
v 0.232422 -0.072265 0.035889
v 0.205078 -0.072265 0.037842
v 0.218750 -0.121094 0.032227
v 0.230469 -0.098145 0.031982
v -0.059326 -0.206054 -0.038330
v -0.056885 -0.203125 -0.026367
v -0.059326 -0.206054 -0.038330
v -0.041992 -0.211914 -0.038574
v -0.070801 -0.226562 -0.035889
v -0.070801 -0.226562 -0.035889
v -0.074707 -0.201172 -0.037842
v -0.056885 -0.203125 -0.026367
v 0.183594 0.024048 0.040283
v 0.187500 0.022461 0.041016
v 0.178711 0.042236 0.040039
v 0.180664 0.042480 -0.000919
v 0.185547 0.023316 -0.001064
v 0.185547 0.007873 0.040283
v 0.190429 0.006622 0.041504
v 0.183594 0.024048 0.040283
v 0.190429 0.006622 0.041504
v -0.207031 -0.061767 -0.038086
v -0.196289 -0.081055 -0.025757
v -0.199219 -0.082520 -0.037842
v -0.231446 -0.072754 -0.036621
v -0.237304 -0.048095 -0.036377
v -0.204102 -0.060547 -0.025269
v -0.212891 -0.041015 -0.038330
v 0.016236 0.184571 0.042969
v 0.041748 0.176758 0.040039
v 0.043457 0.180664 0.041504
v 0.016236 0.184571 0.042969
v 0.023804 0.189453 0.040039
v 0.006653 0.190429 0.042969
v 0.017823 0.181641 0.040527
v 0.043457 0.180664 0.041504
v 0.002716 0.186523 0.044434
v 0.002716 0.186523 0.044434
v 0.133789 -0.162109 -0.026001
v 0.150391 -0.148438 -0.025391
v 0.133789 -0.140625 -0.039795
v 0.116699 -0.174804 -0.026001
v 0.116699 -0.153321 -0.039551
v 0.122070 -0.175781 -0.037598
v -0.025146 -0.168946 0.049561
v -0.014527 -0.159179 0.070313
v -0.040283 -0.158203 0.062988
v -0.027344 -0.178711 0.024170
v -0.005188 -0.180664 0.024414
v 0.003708 -0.168946 0.051758
v -0.054931 -0.162109 0.047852
v 0.199219 0.084961 -0.038086
v 0.208008 0.064453 -0.038086
v 0.188477 0.104492 -0.037109
v 0.222656 0.095703 -0.036621
v 0.231446 0.072265 -0.036865
v 0.060547 -0.004852 0.145996
v 0.059815 0.010498 0.145996
v 0.033203 -0.000012 0.151856
v 0.060547 -0.004852 0.145996
v 0.056885 -0.022949 0.145996
v 0.084472 -0.021484 0.135254
v 0.032226 -0.011048 0.151856
v 0.032226 -0.011048 0.151856
v 0.086426 0.003327 0.134277
v 0.084472 -0.021484 0.135254
v -0.122070 0.217773 -0.000929
v -0.121094 0.215821 0.023926
v -0.099121 0.229492 -0.000659
v -0.122070 0.217773 -0.000929
v -0.121582 0.216797 -0.024902
v -0.143554 0.202148 -0.024658
v -0.143554 0.201172 0.023926
v -0.122070 0.217773 -0.000929
v -0.121094 0.215821 0.023926
v -0.121582 0.216797 -0.024902
v -0.120117 -0.206054 0.035156
v -0.141602 -0.192383 0.035400
v -0.144531 -0.199219 0.031982
v -0.121094 -0.213867 0.031982
v -0.096680 -0.217773 0.035400
v -0.090332 -0.192383 0.037109
v -0.111328 -0.180664 0.037109
v 0.180664 -0.072265 0.039307
v 0.174804 -0.070801 0.041504
v 0.171875 -0.090332 0.039551
v 0.180664 -0.054199 0.041016
v 0.180664 -0.072265 0.039307
v 0.189453 -0.095215 0.024170
v 0.198242 -0.074707 0.024902
v 0.188477 -0.052490 0.039307
v 0.188477 -0.052490 0.039307
v 0.171875 -0.090332 0.039551
v 0.109863 0.181641 0.037354
v 0.120117 0.171875 0.025269
v 0.128906 0.171875 0.037354
v 0.120117 0.206054 0.035889
v 0.090332 0.191406 0.037354
v 0.096680 0.185547 0.025513
v 0.141602 0.193359 0.035889
v 0.024170 -0.137696 -0.095703
v 0.004699 -0.096680 -0.131348
v 0.025391 -0.114258 -0.117187
v -0.245117 0.050293 0.024048
v -0.249023 0.024903 0.023804
v -0.248047 0.024658 0.032715
v -0.248047 0.047608 -0.000435
v -0.245117 0.049805 0.031738
v -0.245117 0.050293 0.024048
v -0.241211 0.072265 -0.000599
v -0.248047 0.047608 -0.000435
v -0.239258 0.075195 0.023804
v -0.241211 0.072265 -0.000599
v -0.245117 -0.050293 -0.033203
v -0.248047 -0.024658 -0.033936
v -0.237304 -0.074707 -0.033203
v -0.250000 -0.024170 -0.025024
v -0.246094 -0.049805 -0.025269
v 0.011719 0.167969 0.053711
v -0.011475 0.167969 0.053223
v -0.006684 0.154297 0.077637
v 0.023316 0.176758 0.026733
v -0.000874 0.178711 0.026367
v 0.037842 0.162109 0.054932
v 0.024903 0.154297 0.074219
v 0.087890 -0.126953 -0.076660
v 0.082031 -0.147461 -0.052734
v 0.062988 -0.141602 -0.076172
v 0.089844 -0.104980 -0.097656
v 0.087890 -0.126953 -0.076660
v 0.067383 -0.117188 -0.101562
v 0.089844 -0.104980 -0.097656
v 0.062988 -0.141602 -0.076172
v -0.023926 -0.099121 0.127441
v -0.001358 -0.105957 0.125488
v -0.023926 -0.099121 0.127441
v -0.022583 -0.122558 0.110840
v -0.031006 -0.076660 0.136231
v -0.022583 -0.122558 0.110840
v -0.031006 -0.076660 0.136231
v 0.204102 0.060302 -0.025635
v -0.118164 0.205078 -0.036377
v -0.094727 0.218750 -0.036621
v -0.103028 0.185547 -0.038330
v -0.118164 0.205078 -0.036377
v -0.122558 0.173828 -0.038086
v -0.140625 0.191406 -0.036377
v -0.120605 0.213867 -0.032715
v -0.096680 0.225586 -0.033203
v -0.120605 0.213867 -0.032715
v -0.103028 0.185547 -0.038330
v -0.096192 -0.226562 0.032227
v -0.071289 -0.227539 0.035889
v -0.120605 -0.216797 0.023193
v 0.150391 -0.041260 0.075195
v 0.133789 -0.035645 0.096191
v 0.147461 -0.083008 0.052002
v 0.159179 -0.055908 0.052490
v -0.017212 0.181641 -0.001266
v -0.000053 0.183594 0.041748
v -0.017823 0.181641 0.040527
v -0.017212 0.181641 -0.001266
v -0.017823 0.181641 0.040527
v -0.035645 0.179688 -0.001411
v -0.017212 0.181641 -0.001266
v -0.035645 0.179688 -0.001411
v -0.017212 0.180664 -0.041260
v -0.017212 0.181641 -0.001266
v 0.000969 0.182617 -0.042236
v 0.002884 0.182617 -0.001160
v -0.017212 0.180664 -0.041260
v -0.017212 0.181641 -0.001266
v 0.002884 0.182617 -0.001160
v -0.000053 0.183594 0.041748
v 0.140625 0.156250 0.025269
v 0.144531 0.158203 0.037109
v 0.098633 0.165039 0.039063
v 0.118164 0.152344 0.039307
v 0.120117 0.171875 0.025269
v 0.098633 0.165039 0.039063
v 0.118164 0.152344 0.039307
v 0.028321 -0.180664 -0.041504
v 0.045410 -0.176758 -0.041016
v 0.031739 -0.183594 -0.042480
v 0.014648 -0.182617 -0.041748
v 0.025269 -0.181641 -0.001198
v 0.028321 -0.180664 -0.041504
v 0.004577 -0.186523 -0.044678
v 0.014648 -0.182617 -0.041748
v 0.045899 -0.177734 -0.001213
v 0.031739 -0.183594 -0.042480
v -0.190429 0.043213 0.038330
v -0.182617 0.041992 0.041504
v -0.181641 0.066406 0.039063
v -0.190429 0.043213 0.038330
v -0.208008 0.039551 0.024170
v -0.196289 0.021851 0.038574
v -0.202148 0.060547 0.023804
v -0.182617 0.041992 0.041504
v -0.190429 0.043213 0.038330
v -0.181641 0.066406 0.039063
v -0.202148 0.060547 0.023804
v -0.177734 -0.120605 -0.038086
v -0.189453 -0.102539 -0.038086
v -0.175781 -0.118653 -0.026245
v -0.196289 -0.139648 -0.036621
v -0.209961 -0.118164 -0.036865
v -0.163086 -0.135742 -0.025635
v -0.163086 -0.138672 -0.037842
v 0.183594 -0.025512 -0.001205
v 0.179688 -0.011475 -0.029663
v 0.185547 0.003586 -0.001141
v 0.183594 -0.025512 -0.001205
v 0.173828 -0.041260 -0.029541
v 0.179688 -0.011475 -0.029663
v 0.179688 -0.010376 0.027588
v 0.173828 -0.041504 0.027466
v 0.175781 -0.056640 -0.001350
v 0.173828 -0.041260 -0.029541
v -0.034180 0.138672 0.091309
v -0.057129 0.121582 0.101074
v -0.034912 0.117188 0.112305
v -0.034180 0.138672 0.091309
v -0.050537 0.144531 0.077637
v -0.057129 0.121582 0.101074
v -0.034668 0.160156 0.060791
v -0.009826 0.133789 0.101074
v -0.006684 0.154297 0.077637
v -0.009826 0.133789 0.101074
v 0.210938 0.118164 -0.035644
v 0.176758 0.123047 -0.037353
v 0.196289 0.138672 -0.036133
v 0.210938 0.118164 -0.035644
v 0.229492 0.098633 -0.032959
v 0.188477 0.104492 -0.037109
v 0.217773 0.121094 -0.032715
v 0.217773 0.121094 -0.032715
v 0.083496 -0.194336 0.037354
v 0.097656 -0.184571 0.024658
v 0.081055 -0.193359 0.025024
v 0.062988 -0.203125 0.037598
v 0.103028 -0.186523 0.037598
v 0.072265 -0.226562 0.035645
v 0.095215 -0.217773 0.035400
v -0.182617 0.020019 -0.040527
v -0.184571 0.018066 -0.000988
v -0.183594 0.003525 -0.040771
v -0.188477 0.009155 -0.042480
v 0.051025 0.241211 -0.033203
v 0.075195 0.234375 -0.032715
v 0.048584 0.235352 -0.036865
v 0.076660 0.237304 -0.024658
v 0.026001 0.246094 -0.032959
v 0.051758 0.244141 -0.024780
v 0.024903 0.239258 -0.037109
v 0.235352 -0.094727 -0.001167
v 0.240234 -0.074707 -0.024536
v 0.247071 -0.056396 -0.001190
v 0.235352 -0.094727 -0.001167
v 0.247071 -0.056396 -0.001190
v 0.240234 -0.074707 0.023315
v 0.231446 -0.099121 0.023560
v 0.221679 -0.121582 -0.000977
v 0.231446 -0.098633 -0.024536
v 0.221679 -0.121582 -0.000977
v -0.039062 0.076660 -0.137207
v -0.039062 0.076660 -0.137207
v -0.031983 0.109863 -0.119629
v -0.017700 0.085449 -0.135254
v -0.057617 0.098145 -0.121094
v -0.021363 0.056640 -0.145996
v -0.021363 0.056640 -0.145996
v -0.057617 0.098145 -0.121094
v -0.051758 -0.188477 -0.039551
v -0.215821 0.124023 0.023071
v -0.204102 0.147461 -0.001030
v -0.215821 0.124023 0.023071
v -0.228516 0.100097 0.022827
v -0.227539 0.098633 0.031982
v -0.215821 0.124023 0.023071
v -0.202148 0.146484 0.022949
v -0.204102 0.147461 -0.001030
v -0.218750 0.124023 -0.001038
v -0.215821 0.123535 0.031738
v -0.215821 0.123535 0.031738
v 0.176758 -0.052735 0.039551
v 0.169922 -0.070312 0.039795
v 0.166016 -0.087403 0.041260
v -0.104492 0.144531 -0.028076
v -0.086426 0.143554 -0.053467
v -0.072754 0.135742 -0.077148
v -0.079102 0.159179 -0.028198
v 0.179688 0.159179 0.035889
v 0.204102 0.142578 0.032227
v 0.185547 0.164062 0.032471
v 0.162109 0.176758 0.036133
v 0.144531 0.158203 0.037109
v 0.160156 0.141602 0.037354
v -0.166016 0.079102 -0.000839
v -0.131836 -0.082520 -0.075684
v -0.122070 -0.064453 -0.097656
v -0.099610 -0.071778 -0.113281
v -0.131836 -0.082520 -0.075684
v 0.127929 0.125000 0.027344
v 0.143554 0.115722 -0.000732
v 0.120605 0.139648 -0.000677
v 0.108887 0.125000 0.054443
v 0.127929 0.125000 0.027344
v 0.120605 0.139648 -0.000677
v 0.103515 0.144531 0.027466
v 0.108887 0.125000 0.054443
v 0.166992 -0.185547 -0.024292
v 0.144531 -0.202148 -0.025269
v 0.186523 -0.165039 -0.032471
v -0.000683 -0.001900 0.156738
v 0.030762 0.011413 0.152832
v 0.024048 0.019531 0.152832
v -0.000683 -0.001900 0.156738
v -0.014404 -0.028809 0.151856
v -0.005371 -0.032715 0.151856
v -0.000683 -0.001900 0.156738
v -0.030762 0.011780 0.152832
v -0.000683 -0.001900 0.156738
v 0.013427 -0.030884 0.152832
v 0.020630 -0.026245 0.152832
v -0.000683 -0.001900 0.156738
v 0.013427 -0.030884 0.152832
v -0.013366 0.032226 0.152832
v 0.015442 0.027222 0.152832
v -0.013366 0.032226 0.152832
v 0.027954 -0.019898 0.152832
v -0.000683 -0.001900 0.156738
v -0.000683 -0.001900 0.156738
v 0.030762 0.011413 0.152832
v -0.033203 0.002975 0.151856
v -0.023316 -0.022583 0.151856
v 0.033203 -0.000012 0.151856
v -0.030029 -0.016236 0.152832
v -0.033203 0.002975 0.151856
v -0.053222 -0.176758 0.041748
v -0.072265 -0.169922 0.041260
v -0.050781 -0.185547 0.039795
v -0.053222 -0.176758 0.041748
v -0.050781 -0.185547 0.039795
v -0.033448 -0.182617 0.042481
v -0.053711 -0.173828 0.040283
v -0.053711 -0.173828 0.040283
v -0.070801 -0.167969 0.040039
v 0.182617 0.045410 -0.041992
v 0.188477 0.053467 -0.039307
v 0.194336 0.034668 -0.039307
v 0.186523 0.028443 -0.041992
v 0.178711 0.043213 -0.040527
v -0.166016 0.127929 -0.025635
v -0.148438 0.118653 -0.039795
v -0.161133 0.102051 -0.040283
v -0.166016 0.127929 -0.025635
v -0.179688 0.109863 -0.025635
v -0.166016 0.127929 -0.025635
v -0.150391 0.144531 -0.026001
v -0.148438 0.118653 -0.039795
v -0.161133 0.102051 -0.040283
v -0.181641 -0.036621 -0.000574
v -0.174804 -0.055176 0.039795
v -0.176758 -0.054931 -0.000307
v -0.181641 -0.036621 -0.000574
v -0.184571 -0.020141 -0.000429
v -0.180664 -0.035156 0.039795
v -0.181641 -0.036621 -0.000574
v -0.180664 -0.035156 0.039795
v -0.174804 -0.055176 0.039795
v -0.181641 -0.036621 -0.000574
v -0.184571 -0.020141 -0.000429
v -0.176758 -0.054931 -0.000307
v 0.033203 0.132812 -0.099121
v 0.038574 0.110840 -0.117187
v 0.014588 0.115235 -0.118652
v 0.005432 0.141602 -0.093750
v 0.025024 0.149414 -0.080566
v 0.049073 0.144531 -0.079102
v 0.033203 0.132812 -0.099121
v 0.059326 0.118164 -0.103516
v 0.038574 0.110840 -0.117187
v 0.049073 0.144531 -0.079102
v 0.131836 -0.140625 0.039551
v 0.148438 -0.124023 0.039551
v 0.134766 -0.128906 0.041504
v 0.131836 -0.140625 0.039551
v 0.111817 -0.155273 0.039307
v 0.133789 -0.162109 0.024536
v 0.148438 -0.148438 0.024658
v 0.121582 -0.140625 0.041260
v 0.111817 -0.155273 0.039307
v 0.148438 -0.124023 0.039551
v 0.000362 -0.240234 -0.037109
v 0.023559 -0.238281 -0.036865
v 0.001037 -0.247071 -0.033447
v 0.007873 -0.211914 -0.041992
v 0.022339 -0.214844 -0.039062
v -0.021851 -0.240234 -0.036133
v -0.022705 -0.215821 -0.039062
v -0.006958 -0.212891 -0.041260
v -0.000119 -0.213867 -0.042480
v 0.250000 -0.001030 0.023682
v 0.250000 -0.026367 0.023560
v 0.250000 -0.026977 -0.000837
v 0.250000 0.024048 0.023804
v 0.250000 0.023926 0.032471
v 0.250000 -0.000824 -0.000700
v 0.250000 -0.000660 0.032227
v 0.137696 -0.115722 -0.027344
v 0.149414 -0.109863 -0.000311
v 0.149414 -0.109863 -0.000311
v -0.143554 -0.114746 -0.000362
v -0.148438 -0.099121 0.027100
v -0.162109 -0.085938 -0.000627
v -0.143554 -0.114746 -0.000362
v -0.125977 -0.125977 -0.027710
v -0.120117 -0.140625 -0.001152
v -0.162109 -0.085938 -0.000627
v -0.148438 -0.099610 -0.027344
v -0.126953 -0.125977 0.026733
v -0.120117 -0.140625 -0.001152
v 0.041260 0.071778 0.137207
v 0.067383 0.074707 0.127441
v 0.053955 0.094727 0.122070
v 0.034912 0.044677 0.147949
v 0.057617 0.054688 0.139160
v 0.028321 0.092773 0.130371
v 0.017334 0.059570 0.145020
v 0.188477 -0.001900 -0.042969
v 0.189453 0.010559 -0.042969
v 0.195312 0.006225 -0.041504
v 0.208008 0.000189 -0.041260
v 0.196289 -0.004761 -0.041260
v 0.188477 -0.019043 -0.042725
v -0.023316 0.245117 0.032959
v 0.001068 0.248047 0.032959
v 0.001175 0.250000 0.023682
v -0.023316 0.245117 0.032959
v -0.022705 0.239258 0.036621
v 0.001068 0.248047 0.032959
v -0.023316 0.245117 0.032959
v -0.048584 0.242188 0.032471
v -0.047119 0.234375 0.036377
v -0.023316 0.245117 0.032959
v -0.023926 0.248047 0.024170
v -0.048584 0.242188 0.032471
v -0.023926 0.248047 0.024170
v -0.022705 0.239258 0.036621
v 0.104004 0.155273 -0.041260
v 0.100097 0.164062 -0.039551
v 0.118653 0.151367 -0.039551
v 0.096680 0.155273 -0.040283
v 0.086426 0.166016 -0.041504
v 0.119629 0.143554 -0.041504
v 0.112793 0.144531 -0.040283
v 0.012818 -0.208008 0.026978
v 0.012818 -0.208008 0.026978
v 0.008728 -0.211914 0.041016
v 0.022217 -0.214844 0.038818
v 0.020386 -0.208984 0.025635
v 0.006317 -0.188477 0.043213
v 0.019653 -0.191406 0.040527
v -0.240234 0.024414 -0.037109
v -0.244141 0.049560 -0.033203
v -0.236328 0.048584 -0.037353
v -0.217773 0.009643 -0.039551
v -0.241211 -0.000877 -0.037353
v -0.248047 0.024414 -0.033203
v -0.229492 -0.100097 0.023315
v -0.215821 -0.122070 0.031738
v -0.228516 -0.099610 0.031738
v -0.239258 -0.075195 0.023315
v -0.234375 -0.093262 -0.000686
v -0.218750 -0.123047 0.023438
v 0.016601 0.060059 -0.145996
v -0.004455 0.062988 -0.145019
v 0.006195 0.089844 -0.134277
v 0.016601 0.060059 -0.145996
v 0.015747 0.026977 -0.152832
v 0.027832 0.091308 -0.132324
v 0.007263 0.033448 -0.152832
v 0.007263 0.033448 -0.152832
v 0.027832 0.091308 -0.132324
v 0.040771 0.072265 -0.138184
v -0.077148 0.194336 -0.026489
v -0.055664 0.202148 -0.026733
v -0.062500 0.183594 -0.039307
v -0.079590 0.172852 -0.040283
v -0.096192 0.184571 -0.026611
v -0.077148 0.194336 -0.026489
v -0.055664 0.202148 -0.026733
v -0.083008 0.195312 -0.038330
v -0.096192 0.184571 -0.026611
v 0.158203 0.138672 0.025024
v 0.171875 0.120117 0.024536
v 0.039306 -0.205078 -0.026367
v 0.054931 -0.184571 -0.040039
v 0.060547 -0.201172 -0.026123
v 0.019409 -0.208008 -0.027344
v 0.035156 -0.189453 -0.040527
v 0.022339 -0.214844 -0.039062
v 0.041992 -0.210938 -0.038330
v -0.117188 0.020019 0.113770
v -0.103515 0.032470 0.121582
v -0.123047 0.046142 0.103027
v -0.117188 0.020019 0.113770
v -0.132812 0.000074 0.101563
v -0.110352 -0.001724 0.120117
v -0.087403 0.009582 0.134277
v -0.103515 0.032470 0.121582
v -0.123047 0.046142 0.103027
v -0.141602 0.025879 0.089356
v -0.173828 -0.041260 -0.028809
v -0.158203 -0.055176 -0.054687
v -0.163086 -0.071289 -0.027954
v -0.174804 -0.056396 -0.000881
v -0.182617 -0.026123 -0.000961
v -0.178711 -0.008789 -0.029541
v -0.165039 -0.027466 -0.056396
v 0.068847 0.132812 0.081543
v 0.058838 0.116699 0.104004
v 0.081543 0.113281 0.094238
v 0.068847 0.132812 0.081543
v 0.085449 0.142578 0.055420
v 0.053222 0.147461 0.071777
v 0.081543 0.113281 0.094238
v 0.094238 0.121582 0.075684
v 0.041748 0.135742 0.091309
v 0.053222 0.147461 0.071777
v 0.195312 -0.139648 -0.036377
v 0.202148 -0.141602 -0.034424
v 0.186523 -0.165039 -0.032471
v 0.195312 -0.139648 -0.036377
v 0.171875 -0.130859 -0.037109
v -0.046142 -0.234375 0.035645
v -0.071289 -0.227539 0.035889
v -0.021240 -0.238281 0.036621
v -0.023071 -0.215821 0.038818
v -0.044190 -0.209961 0.037842
v 0.182617 0.024781 -0.041260
v 0.197266 0.017944 -0.039307
v 0.189453 0.010559 -0.042969
v 0.197266 0.017944 -0.039307
v 0.182617 0.024781 -0.041260
v -0.119140 0.070801 -0.098144
v -0.140625 0.059570 -0.079590
v -0.129883 0.084961 -0.075684
v -0.119140 0.070801 -0.098144
v -0.129883 0.084961 -0.075684
v -0.126953 0.044190 -0.101074
v -0.140625 0.059570 -0.079590
v -0.147461 -0.081543 0.051758
v -0.159179 -0.054931 0.052734
v -0.129883 -0.043213 0.096191
v -0.151367 -0.033691 0.075684
v 0.051025 0.170898 -0.028442
v 0.063477 0.155273 -0.053711
v 0.037354 0.163086 -0.055664
v 0.079102 0.159179 -0.027832
v 0.067871 0.170898 -0.001270
v 0.051025 0.170898 -0.028442
v 0.016968 0.177734 -0.029053
v 0.038330 0.179688 -0.000868
v 0.037354 0.163086 -0.055664
v 0.051025 0.170898 -0.028442
v 0.038330 0.179688 -0.000868
v 0.067871 0.170898 -0.001270
v 0.144531 -0.202148 0.023926
v 0.166016 -0.183594 0.032227
v 0.144531 -0.200196 0.031982
v 0.121582 -0.216797 0.023560
v 0.120605 -0.218750 -0.000816
v 0.144531 -0.205078 -0.000942
v 0.000656 -0.183594 -0.042480
v 0.000656 -0.183594 -0.042480
v -0.002350 -0.183594 -0.001297
v 0.012329 -0.183594 -0.001224
v 0.000086 -0.188477 -0.045166
v -0.015991 -0.182617 -0.041748
v 0.014648 -0.182617 -0.041748
v -0.015991 -0.182617 -0.041748
v 0.245117 0.049560 0.032227
v 0.238281 0.074219 0.032227
v 0.231446 0.071289 0.035889
v 0.237304 0.048584 0.035889
v 0.250000 0.024048 0.023804
v 0.246094 0.049805 0.023193
v 0.250000 0.023926 0.032471
v 0.080078 -0.042236 -0.134277
v 0.060059 -0.006988 -0.147949
v 0.084961 -0.021363 -0.135254
v -0.096192 0.156250 -0.001163
v -0.079590 0.159179 0.026367
v -0.096192 0.156250 -0.001163
v -0.122070 0.137696 -0.001297
v -0.104492 0.144531 0.026367
v -0.096192 0.156250 -0.001163
v -0.122070 0.137696 -0.001297
v -0.079590 0.159179 0.026367
v -0.120117 -0.207031 -0.035889
v -0.140625 -0.193359 -0.036133
v -0.129883 -0.168946 -0.037842
v 0.194336 -0.034668 -0.039062
v 0.184571 -0.040283 -0.042480
v 0.188477 -0.019043 -0.042725
v 0.194336 -0.034668 -0.039062
v 0.206054 -0.055420 -0.025513
v 0.188477 -0.053955 -0.039307
v 0.197266 -0.016968 -0.038574
v 0.184571 -0.040283 -0.042480
v 0.197266 -0.016968 -0.038574
v -0.031006 0.182617 0.041992
v -0.053222 0.172852 0.040039
v -0.034424 0.178711 0.040283
v -0.052490 0.176758 0.041504
v -0.006012 0.185547 0.043701
v -0.019776 0.190429 0.040283
v -0.039062 0.188477 0.039307
v -0.153321 -0.001785 0.077637
v -0.153321 -0.001785 0.077637
v 0.120117 0.206054 -0.036377
v -0.239258 0.075195 -0.024292
v -0.245117 0.050049 -0.024536
v -0.237304 0.074219 -0.032959
v -0.241211 0.072265 -0.000599
v -0.248047 -0.024658 -0.033936
v -0.250000 0.000210 -0.024658
v -0.249023 -0.000347 -0.033691
v -0.250000 -0.024170 -0.025024
v -0.241211 -0.023316 -0.037109
v -0.241211 -0.023316 -0.037109
v 0.026123 0.245117 0.032715
v 0.026367 0.248047 0.024170
v 0.026123 0.245117 0.032715
v -0.073242 0.074707 0.123535
v -0.091797 0.051758 0.123535
v -0.058105 0.098145 0.118652
v -0.083008 0.100586 0.103516
v -0.099121 0.072265 0.110352
v -0.018432 -0.208008 0.025879
v -0.010132 -0.206054 0.026611
v -0.019287 -0.191406 0.040527
v -0.031739 -0.189453 0.040039
v -0.038086 -0.207031 0.025269
v -0.006469 -0.212891 0.040527
v -0.018432 -0.208008 0.025879
v -0.019287 -0.191406 0.040527
v -0.031739 -0.189453 0.040039
v 0.148438 0.034180 -0.080078
v 0.159179 0.054444 -0.055420
v 0.165039 0.027222 -0.056396
v 0.141602 0.057861 -0.080078
v 0.129883 0.037597 -0.102051
v 0.132812 0.011780 -0.103516
v 0.153321 0.009155 -0.081055
v -0.143554 0.115235 -0.041992
v -0.155273 0.098145 -0.042236
v -0.148438 0.118653 -0.039795
v -0.150391 0.144531 -0.026001
v -0.135742 0.133789 -0.039795
v -0.143554 0.115235 -0.041992
v -0.107422 -0.128906 0.052490
v -0.083985 -0.147461 0.050049
v -0.089844 -0.128906 0.072754
v -0.102539 -0.146484 0.026489
v -0.107422 -0.128906 0.052490
v -0.089844 -0.128906 0.072754
v -0.108887 -0.111328 0.073731
v -0.102539 -0.146484 0.026489
v -0.127929 -0.107422 0.053223
v 0.162109 0.085938 -0.040771
v 0.157227 0.096192 -0.001247
v 0.250000 -0.026367 0.023560
v 0.247071 -0.056396 -0.001190
v 0.250000 -0.026977 -0.000837
v 0.246094 -0.050781 0.023315
v 0.247071 -0.056396 -0.001190
v 0.249023 -0.025635 0.032715
v -0.008423 0.164062 -0.057861
v 0.005432 0.141602 -0.093750
v -0.022339 0.149414 -0.080566
v 0.013427 0.160156 -0.065918
v -0.008423 0.164062 -0.057861
v -0.022339 0.149414 -0.080566
v 0.100097 0.094238 0.096191
v 0.078613 0.094238 0.110840
v 0.100097 0.094238 0.096191
v 0.114746 0.104004 0.074707
v 0.094238 0.121582 0.075684
v 0.119629 0.069336 0.095703
v 0.114746 0.104004 0.074707
v 0.094238 0.121582 0.075684
v 0.096192 0.072754 0.113281
v 0.023559 -0.238281 -0.036865
v 0.048340 -0.234375 -0.036377
v 0.024903 -0.245117 -0.032959
v -0.203125 -0.000427 0.040283
v -0.195312 -0.004730 0.040527
v -0.186523 -0.002395 0.041992
v -0.187500 0.007660 0.041504
v -0.194336 0.007812 0.040527
v -0.217773 -0.011536 0.038086
v -0.195312 -0.004730 0.040527
v -0.144531 -0.202148 -0.024780
v -0.121094 -0.216797 -0.024780
v -0.142578 -0.206054 -0.001190
v -0.144531 -0.202148 -0.024780
v -0.165039 -0.188477 -0.000782
v -0.166016 -0.185547 -0.024658
v -0.121094 -0.213867 -0.032471
v -0.165039 -0.188477 -0.000782
v -0.144531 -0.200196 -0.032715
v -0.166016 -0.185547 -0.024658
v 0.048584 0.027954 0.147949
v 0.048584 0.027954 0.147949
v 0.099121 -0.061280 -0.118164
v 0.109863 -0.084472 -0.097168
v 0.087890 -0.081543 -0.115723
v 0.106933 -0.037110 -0.120605
v 0.124512 -0.057861 -0.099121
v 0.064942 -0.062256 -0.134277
v -0.079590 0.159179 0.026367
v -0.062011 0.155273 0.054932
v -0.052246 0.169922 0.026733
v -0.086426 0.142578 0.052979
v -0.052246 0.169922 0.026733
v -0.086426 0.142578 0.052979
v -0.015869 -0.055420 0.145996
v -0.031250 -0.049073 0.145996
v 0.187500 0.166016 -0.024292
v 0.186523 0.165039 -0.032471
v 0.166992 0.182617 -0.032227
v 0.167969 0.184571 -0.024414
v 0.187500 0.166016 -0.024292
v 0.206054 0.145508 -0.000339
v 0.205078 0.143554 -0.024292
v 0.205078 0.143554 -0.024292
v 0.102539 -0.150391 0.039795
v 0.083985 -0.160156 0.040039
v 0.087403 -0.162109 0.041504
v 0.105957 -0.151367 0.041016
v 0.117676 -0.139648 0.039795
v 0.119629 -0.140625 -0.000963
v 0.103515 -0.151367 -0.001121
v -0.145508 0.080567 -0.053711
v -0.156250 0.054688 -0.055420
v -0.162109 0.074219 -0.028809
v -0.128906 0.105957 -0.052978
v -0.147461 0.099610 -0.028442
v -0.184571 -0.034912 0.041016
v -0.180664 -0.051514 0.041016
v -0.174804 -0.055176 0.039795
v -0.165039 -0.079102 0.039551
v -0.170898 -0.071778 -0.000566
v -0.180664 -0.051514 0.041016
v -0.173828 -0.069336 0.040772
v -0.174804 -0.055176 0.039795
v -0.170898 -0.071778 -0.000566
v -0.176758 -0.054931 -0.000307
v 0.087403 0.142578 -0.052978
v 0.072265 0.135742 -0.077637
v 0.049073 0.144531 -0.079102
v 0.155273 -0.146484 0.037354
v 0.161133 -0.176758 0.035645
v 0.179688 -0.159179 0.036133
v 0.165039 -0.132812 0.024292
v 0.169922 -0.129883 0.037354
v 0.139648 -0.161133 0.037598
v -0.061524 -0.088379 -0.124512
v -0.052002 -0.065430 -0.138184
v -0.035400 -0.081543 -0.135254
v -0.078125 -0.065918 -0.127441
v 0.143554 0.115722 -0.000732
v 0.162109 0.089355 -0.000631
v 0.148438 0.100097 -0.028442
v 0.162109 0.089355 -0.000631
v 0.143554 0.115722 -0.000732
v 0.126953 0.125977 -0.027954
v 0.120605 0.139648 -0.000677
v 0.143554 0.115722 -0.000732
v 0.148438 0.100097 -0.028442
v 0.126953 0.125977 -0.027954
v -0.139648 0.191406 0.035645
v -0.142578 0.200196 0.031738
v -0.166992 0.169922 0.035645
v -0.249023 -0.024903 0.023804
v -0.246094 -0.050049 0.023193
v -0.250000 -0.024536 -0.000416
v -0.249023 -0.024903 0.023804
v -0.250000 0.008056 -0.000380
v -0.250000 -0.024536 -0.000416
v -0.249023 -0.024903 0.023804
v -0.250000 0.000450 0.024048
v -0.250000 0.008056 -0.000380
v -0.248047 -0.025269 0.031982
v 0.001266 0.241211 -0.037353
v -0.019531 0.213867 -0.040039
v -0.022705 0.239258 -0.037109
v -0.006012 0.211914 -0.041748
v 0.001266 0.241211 -0.037353
v 0.001220 0.248047 -0.032959
v 0.008789 0.211914 -0.041504
v 0.001541 0.211914 -0.042236
v 0.001220 0.248047 -0.032959
v 0.008789 0.211914 -0.041504
v 0.085938 -0.082031 0.114258
v 0.068360 -0.106933 0.107910
v 0.089355 -0.104980 0.096680
v 0.064942 -0.062256 0.133301
v 0.058838 -0.087403 0.126465
v -0.126953 0.124512 -0.028320
v -0.128906 0.105957 -0.052978
v -0.147461 0.099610 -0.028442
v -0.144531 0.113770 -0.001232
v -0.038574 -0.151367 -0.074707
v -0.022339 -0.140625 -0.092773
v -0.011352 -0.158203 -0.072754
v -0.038574 -0.151367 -0.074707
v -0.000168 -0.142578 -0.093750
v 0.217773 0.024292 0.038330
v 0.196289 0.024781 0.038818
v 0.209961 0.023804 0.024536
v 0.209961 0.023804 0.024536
v -0.151367 0.144531 0.024170
v -0.149414 0.118164 0.038818
v -0.144531 0.115235 0.041260
v -0.149414 0.118164 0.038818
v -0.113281 -0.143554 -0.040283
v -0.125977 -0.136719 -0.041504
v 0.083008 0.054931 0.129395
v 0.242188 -0.023438 -0.037109
v 0.214844 -0.039795 -0.037842
v 0.219727 -0.010498 -0.039307
v 0.218750 -0.022705 -0.037842
v 0.219727 -0.010498 -0.039307
v 0.242188 -0.023438 -0.037109
v -0.018677 0.208008 0.025513
v -0.038086 0.206054 0.025147
v -0.039062 0.188477 0.039307
v -0.019531 0.214844 0.038330
v -0.019776 0.190429 0.040283
v -0.019776 0.190429 0.040283
v -0.052002 -0.065918 0.136231
v -0.054199 -0.039551 0.143066
v -0.077637 -0.055664 0.129395
v 0.144531 0.113770 -0.001301
v 0.144531 0.113770 -0.001301
v 0.152344 0.101562 -0.040527
v 0.157227 0.096192 -0.001247
v 0.140625 0.116699 -0.040283
v 0.157227 0.096192 -0.001247
v 0.152344 0.100586 0.040283
v 0.129883 0.130859 -0.001137
v 0.020386 -0.208984 0.025635
v -0.196289 0.005981 -0.041260
v -0.197266 0.017212 -0.039062
v -0.208008 0.015015 -0.026001
v -0.208008 0.015015 -0.026001
v -0.141602 -0.192383 0.035400
v -0.129883 -0.168946 0.036865
v -0.161133 -0.177734 0.035156
v -0.165039 -0.183594 0.031982
v -0.129883 -0.168946 0.036865
v -0.144531 -0.199219 0.031982
v 0.170898 -0.071289 -0.000555
v 0.163086 -0.088379 -0.000547
v 0.162109 -0.085938 0.040039
v 0.170898 -0.071289 -0.000555
v 0.170898 -0.069824 -0.040527
v 0.163086 -0.085938 -0.040527
v 0.177734 -0.054199 -0.001179
v 0.177734 -0.054199 -0.001179
v 0.163086 -0.088379 -0.000547
v 0.082031 -0.147461 -0.052734
v 0.055908 -0.160156 -0.052734
v 0.062988 -0.141602 -0.076172
v 0.074707 -0.163086 -0.027344
v 0.074707 -0.163086 -0.027344
v -0.172852 0.084472 0.039307
v -0.131836 -0.082520 -0.075684
v -0.147461 -0.082031 -0.052002
v -0.143554 -0.052002 -0.079590
v 0.067871 0.172852 0.041260
v 0.057861 0.172852 0.039551
v 0.080078 0.173828 0.038818
v 0.059815 0.181641 0.038818
v 0.043457 0.180664 0.041504
v 0.187500 -0.165039 -0.024292
v 0.169922 -0.185547 -0.000751
v 0.144531 -0.205078 -0.000942
v -0.117676 -0.140625 0.039551
v -0.120605 -0.140625 -0.000805
v -0.104492 -0.151367 -0.001053
v -0.113281 -0.143554 -0.040283
v -0.120605 -0.140625 -0.000805
v -0.117676 -0.140625 0.039551
v -0.104492 -0.151367 -0.001053
v 0.081543 0.057373 -0.130371
v 0.096192 0.073242 -0.114746
v 0.103028 0.046142 -0.121094
v 0.067871 0.075683 -0.128418
v 0.081543 0.057373 -0.130371
v 0.103028 0.046142 -0.121094
v 0.071289 0.040039 -0.138184
v -0.183594 0.166016 -0.032715
v -0.200196 0.145508 -0.032715
v -0.185547 0.167969 -0.024536
v -0.165039 0.186523 -0.025024
v -0.200196 0.145508 -0.032715
v -0.189453 -0.102539 -0.038086
v -0.221679 -0.095703 -0.036133
v -0.187500 -0.100097 -0.025879
v -0.209961 -0.118164 -0.036865
v -0.187500 -0.100097 -0.025879
v 0.179688 -0.011475 -0.029663
v 0.173828 -0.041260 -0.029541
v 0.166016 -0.027832 -0.056152
v 0.179688 -0.011475 -0.029663
v 0.178711 0.017944 -0.029541
v 0.185547 0.003586 -0.001141
v 0.167969 0.000282 -0.056641
v 0.178711 0.017944 -0.029541
v -0.071778 0.227539 0.036133
v -0.095703 0.218750 0.035645
v -0.073242 0.235352 0.032227
v 0.161133 0.142578 -0.037353
v 0.173828 0.120605 -0.025879
v 0.049316 -0.125977 0.099609
v 0.068360 -0.106933 0.107910
v 0.042969 -0.103515 0.120606
v 0.027954 -0.137696 0.093750
v 0.059570 -0.142578 0.077148
v 0.083008 -0.126953 0.080078
v 0.023316 -0.117676 0.114258
v 0.049316 -0.125977 0.099609
v 0.083008 -0.126953 0.080078
v -0.181641 0.032959 -0.001091
v -0.172852 0.062500 -0.000698
v -0.171875 0.048828 -0.029175
v -0.178711 0.011231 0.027222
v -0.181641 0.032959 -0.001091
v -0.174804 0.033691 0.030396
v -0.177734 0.019531 -0.029053
v -0.172852 0.062500 -0.000698
v -0.112793 -0.024048 0.116699
v -0.103515 -0.046875 0.118164
v -0.077637 -0.055664 0.129395
v 0.060059 0.182617 -0.039551
v 0.096680 0.185547 -0.026001
v 0.080567 0.174804 -0.039551
v 0.219727 -0.122070 0.023560
v 0.207031 -0.144531 -0.000500
v -0.038086 -0.206054 -0.026489
v -0.022705 -0.215821 -0.039062
v -0.046142 -0.234375 -0.036865
v 0.183594 0.042236 0.041260
v 0.195312 0.010254 0.040283
v 0.187500 0.022461 0.041016
v 0.195312 0.010254 0.040283
v 0.019531 -0.056153 -0.147949
v 0.036621 -0.048584 -0.146973
v 0.042480 -0.076660 -0.135254
v 0.019531 -0.056153 -0.147949
v 0.013427 -0.029419 -0.152832
v 0.036621 -0.048584 -0.146973
v 0.026734 -0.088867 -0.133301
v 0.003769 -0.063965 -0.145996
v 0.005829 -0.032470 -0.152832
v 0.042480 -0.076660 -0.135254
v -0.180664 0.108887 0.024170
v -0.177734 0.120117 0.036621
v -0.189453 0.101074 0.036865
v -0.188477 0.091797 0.024414
v -0.172852 0.084472 0.039307
v -0.162109 0.102539 0.039063
v -0.166992 0.127929 0.023804
v -0.196289 -0.081055 -0.025757
v -0.171875 -0.088867 -0.039795
v -0.187500 -0.100097 -0.025879
v -0.179688 -0.073242 -0.040039
v -0.179688 -0.073242 -0.040039
v 0.119140 -0.207031 -0.036133
v 0.096680 -0.226562 -0.032227
v 0.095703 -0.218750 -0.036133
v 0.121094 -0.214844 -0.032471
v 0.103028 -0.186523 -0.037353
v 0.119140 -0.207031 -0.036133
v 0.121094 -0.214844 -0.032471
v 0.103028 -0.186523 -0.037353
v -0.003830 -0.188477 0.044189
v -0.035645 -0.178711 0.040772
v -0.010132 -0.206054 0.026611
v 0.000770 -0.213867 0.041260
v 0.213867 0.044677 -0.038330
v 0.218750 0.024170 -0.038330
v 0.208984 0.040283 -0.025391
v -0.133789 -0.162109 0.024414
v -0.117188 -0.173828 0.024170
v -0.126953 -0.146484 0.038818
v 0.051514 0.023804 -0.148926
v 0.031250 0.010742 -0.152832
v 0.023438 0.018311 -0.153809
v 0.060059 0.009399 -0.146973
v 0.083496 0.026123 -0.136230
v 0.180664 -0.054199 0.041016
v 0.181641 -0.035400 0.040039
v 0.176758 -0.052735 0.039551
v 0.184571 -0.036133 0.041504
v 0.188477 -0.052490 0.039307
v -0.033935 0.177734 -0.040771
v -0.005646 0.185547 -0.044189
v -0.033935 0.177734 -0.040771
v -0.035645 0.179688 -0.001411
v -0.055908 0.172852 -0.001186
v -0.055908 0.172852 -0.001186
v -0.053222 0.172852 -0.040283
v 0.100586 0.227539 0.024048
v 0.076660 0.237304 0.023682
v 0.076172 0.234375 0.032959
v 0.124023 0.214844 0.024048
v 0.099610 0.225586 0.032227
v 0.102051 0.228516 -0.000532
v 0.017456 -0.178711 -0.027832
v -0.010132 -0.179688 -0.028809
v 0.004333 -0.169922 -0.053223
v 0.017456 -0.178711 -0.027832
v 0.045899 -0.173828 -0.027344
v 0.029663 -0.182617 -0.001045
v -0.002609 -0.185547 -0.001648
v 0.030762 -0.166992 -0.052490
v 0.030762 -0.166992 -0.052490
v 0.029663 -0.182617 -0.001045
v -0.229492 0.072754 0.035400
v -0.219727 0.095703 0.035156
v -0.209961 0.047364 0.037598
v -0.206054 0.066406 0.036865
v -0.229492 0.072754 0.035400
v -0.237304 0.074707 0.031982
v -0.236328 0.048584 0.035889
v -0.237304 0.074707 0.031982
v -0.209961 0.047364 0.037598
v -0.205078 -0.147461 -0.000767
v -0.186523 -0.167969 -0.000536
v -0.185547 -0.166992 0.023438
v -0.186523 -0.167969 -0.000536
v -0.203125 -0.145508 0.023560
v -0.219727 -0.124023 -0.000874
v 0.164062 -0.071778 -0.028564
v 0.159179 -0.055908 -0.054687
v 0.140625 -0.065918 -0.076660
v -0.088867 0.160156 0.041016
v -0.105469 0.149414 0.041016
v -0.103515 0.147461 0.039551
v -0.088379 0.157227 0.039551
v -0.088867 0.160156 0.041016
v -0.071289 0.168946 0.041504
v -0.088867 0.160156 0.041016
v -0.088379 0.157227 0.039551
v -0.071289 0.168946 0.041504
v -0.083008 0.171875 0.038574
v 0.146484 0.199219 -0.032227
v 0.087403 -0.162109 0.041504
v 0.085938 -0.162109 -0.001358
v -0.147461 0.032959 -0.080566
v -0.147461 0.032959 -0.080566
v -0.148438 -0.099121 0.027100
v -0.163086 -0.071289 0.026978
v -0.162109 -0.085938 -0.000627
v -0.147461 -0.081543 0.051758
v 0.141602 -0.193359 0.035889
v -0.053955 -0.160156 -0.052490
v -0.044190 -0.173828 -0.027832
v -0.075195 -0.162109 -0.027466
v -0.064942 -0.143554 -0.072754
v -0.038574 -0.151367 -0.074707
v -0.053955 -0.160156 -0.052490
v -0.025024 -0.166992 -0.052978
v -0.044190 -0.173828 -0.027832
v -0.083496 -0.147461 -0.052002
v 0.171875 0.063477 0.040039
v 0.177734 0.058594 0.041260
v 0.173828 0.062256 -0.000860
v 0.167969 0.081055 0.041748
v 0.167969 0.081055 0.041748
v -0.129883 -0.039795 -0.100586
v -0.143554 -0.052002 -0.079590
v -0.149414 -0.021851 -0.081543
v -0.104980 -0.047851 -0.118164
v -0.122070 -0.064453 -0.097656
v 0.041015 0.187500 0.039551
v 0.149414 -0.124512 -0.039795
v 0.166016 -0.132812 -0.025513
v 0.000763 -0.247071 0.032471
v 0.024781 -0.245117 0.032471
v 0.023804 -0.237304 0.036377
v -0.022217 -0.245117 0.032471
v 0.000227 -0.240234 0.036377
v 0.243164 -0.000355 -0.037353
v 0.218750 0.024170 -0.038330
v 0.243164 -0.000355 -0.037353
v 0.249023 -0.025512 -0.033691
v 0.217773 0.010620 -0.039307
v 0.249023 -0.025512 -0.033691
v -0.127929 0.127929 -0.039795
v -0.111817 0.142578 -0.039307
v -0.130859 0.127929 -0.001255
v -0.130859 0.129883 -0.041748
v -0.113281 0.146484 -0.041016
v -0.141602 0.112793 -0.040039
v -0.144531 0.113770 -0.000719
v -0.106445 -0.089844 0.094727
v -0.087890 -0.113281 0.090820
v 0.217773 -0.022827 0.037354
v 0.241211 -0.023193 0.036133
v 0.219727 -0.010193 0.039063
v 0.214844 -0.039306 0.037598
v 0.210938 -0.023193 0.024170
v 0.209961 -0.014160 0.024658
v -0.019531 0.213867 -0.040039
v -0.006012 0.211914 -0.041748
v -0.015259 0.208008 -0.027344
v -0.019531 0.213867 -0.040039
v -0.019531 0.213867 -0.040039
v -0.039551 0.208984 -0.039062
v -0.015259 0.208008 -0.027344
v 0.114746 0.104004 0.074707
v 0.114746 0.104004 0.074707
v 0.014038 -0.156250 -0.074707
v 0.024170 -0.137696 -0.095703
v 0.038330 -0.151367 -0.076172
v 0.014038 -0.156250 -0.074707
v 0.024170 -0.137696 -0.095703
v -0.249023 -0.000161 0.032471
v -0.249023 0.024903 0.023804
v -0.204102 -0.060302 0.023926
v -0.208008 -0.039551 0.023804
v -0.215821 -0.024658 0.037109
v 0.015869 0.180664 -0.041260
v 0.116211 -0.175781 0.024658
v 0.121582 -0.174804 0.037354
v 0.097656 -0.184571 0.024658
v 0.103028 -0.186523 0.037598
v -0.025879 0.021118 -0.152832
v -0.030029 0.011596 -0.152832
v -0.059326 0.011596 -0.146973
v -0.033448 -0.182617 -0.001572
v -0.064453 -0.173828 -0.001633
v -0.044190 -0.173828 -0.027832
v -0.033448 -0.182617 -0.001572
v -0.064453 -0.173828 -0.001633
v 0.119629 0.069336 0.095703
v 0.119629 0.069336 0.095703
v -0.121094 0.214844 0.031982
v -0.098145 0.227539 0.023438
v -0.121094 0.214844 0.031982
v -0.096192 -0.218750 -0.035889
v 0.239258 -0.074707 -0.033203
v 0.240234 -0.074707 -0.024536
v 0.239258 -0.074707 -0.033203
v 0.246094 -0.050049 -0.033691
v 0.247071 -0.050781 -0.024902
v -0.015869 0.083985 0.135254
v -0.033691 0.094727 0.128418
v -0.028564 0.061524 0.143066
v 0.006500 0.089844 0.133301
v -0.011475 0.110352 0.120606
v -0.014160 0.058594 0.145996
v 0.109375 0.182617 -0.037353
v 0.142578 0.194336 -0.036133
v -0.198242 0.071778 -0.025879
v -0.204102 0.052490 -0.026245
v -0.206054 0.065918 -0.038574
v -0.197266 0.085938 -0.038086
v -0.189453 0.091308 -0.026123
v -0.198242 0.071778 -0.025879
v -0.204102 0.052490 -0.026245
v -0.198242 0.071778 -0.025879
v -0.189453 0.091308 -0.026123
v -0.179688 0.068360 -0.040039
v -0.179688 -0.160156 0.035156
v -0.176758 -0.120117 0.036377
v -0.196289 -0.139648 0.035400
v 0.079102 -0.042480 0.133301
v 0.108398 -0.034668 0.117676
v 0.108887 -0.005432 0.120117
v 0.133789 -0.035645 0.096191
v -0.035645 0.206054 -0.026978
v -0.013366 -0.081055 -0.138184
v -0.035400 -0.081543 -0.135254
v -0.014648 -0.056153 -0.147949
v -0.013366 -0.081055 -0.138184
v -0.029907 -0.051025 -0.147949
v -0.014648 -0.056153 -0.147949
v 0.231446 0.099121 0.022827
v 0.218750 0.121094 0.023193
v 0.237304 0.088379 -0.000660
v 0.240234 0.075195 0.023193
v 0.072754 -0.235352 -0.032715
v 0.071778 -0.226562 -0.036133
v 0.073242 -0.238281 -0.024658
v -0.187500 -0.018311 -0.042236
v -0.187500 -0.002304 -0.042725
v -0.182617 -0.017212 -0.041016
v -0.182617 -0.017212 -0.041016
v 0.109863 -0.084472 -0.097168
v 0.109863 -0.084472 -0.097168
v 0.124512 -0.057861 -0.099121
v -0.091308 -0.161133 0.041016
v -0.071778 -0.177734 0.039307
v -0.087403 -0.160156 0.039551
v 0.172852 0.047851 -0.029297
v 0.162109 0.074707 -0.028931
v 0.172852 0.047851 -0.029297
v 0.162109 0.074707 -0.028931
v 0.174804 0.062988 -0.000904
v 0.172852 0.047851 -0.029297
v 0.183594 0.033203 -0.001488
v 0.178711 0.017944 -0.029541
v 0.178711 0.017944 -0.029541
v 0.183594 0.033203 -0.001488
v -0.220703 0.096192 -0.036865
v -0.230469 0.072754 -0.036865
v -0.208984 0.120117 -0.036621
v -0.215821 0.124023 -0.033691
v -0.209961 -0.118164 0.035400
v -0.209961 -0.118164 0.035400
v -0.215821 -0.122070 0.031738
v -0.189453 -0.101562 0.036865
v 0.182617 -0.036377 -0.001259
v -0.079590 0.172852 -0.040283
v -0.102539 0.161133 -0.039795
v -0.096192 0.184571 -0.026611
v -0.079590 0.172852 -0.040283
v -0.073730 0.167969 -0.041748
v -0.079590 0.172852 -0.040283
v -0.073730 0.167969 -0.041748
v -0.093750 0.158203 -0.041260
v -0.093750 0.158203 -0.041260
v 0.159179 0.106933 0.039551
v 0.157227 0.099121 0.041504
v 0.172852 0.088379 0.039551
v 0.185547 0.101074 0.024658
v 0.159179 0.106933 0.039551
v 0.185547 0.101074 0.024658
v 0.146484 0.115235 0.041992
v 0.148438 0.123047 0.039795
v 0.171875 0.120117 0.024536
v 0.047364 -0.128906 -0.098633
v 0.047364 -0.128906 -0.098633
v -0.184571 0.018066 -0.000988
v -0.179688 0.038819 -0.000957
v -0.182617 0.018189 0.040283
v -0.185547 -0.003693 -0.000661
v -0.185547 -0.003693 -0.000661
v -0.150391 0.008362 -0.081055
v 0.076660 0.237304 0.023682
v 0.077148 0.239258 -0.000738
v 0.052002 0.244141 0.023926
v 0.077148 0.239258 -0.000738
v 0.050781 0.241211 0.032471
v 0.076660 0.237304 0.023682
v 0.050781 0.241211 0.032471
v 0.076172 0.234375 0.032959
v 0.229492 -0.098145 -0.033203
v 0.220703 -0.122070 -0.024902
v 0.218750 -0.121582 -0.032959
v 0.223633 -0.095215 -0.036621
v 0.231446 -0.072265 -0.036621
v -0.050781 -0.185547 0.039795
v -0.058838 -0.201172 0.024780
v -0.038086 -0.207031 0.025269
v -0.050781 -0.185547 0.039795
v -0.071778 -0.177734 0.039307
v -0.058838 -0.201172 0.024780
v 0.147461 0.080567 -0.054199
v 0.035645 -0.049560 0.145020
v 0.035645 -0.049560 0.145020
v -0.185547 0.167969 -0.000839
v -0.202148 0.146484 -0.024292
v -0.202148 0.146484 0.022949
v -0.204102 -0.060302 0.023926
v -0.186523 -0.054199 0.038818
v -0.186523 -0.054199 0.038818
v 0.053711 0.094727 -0.124023
v 0.119140 -0.207031 0.035400
v -0.014282 -0.186523 -0.043457
v -0.004792 -0.191406 -0.043457
v -0.019287 -0.191406 -0.041016
v -0.035645 -0.179688 -0.041016
v -0.035156 -0.183594 -0.042480
v 0.000086 -0.188477 -0.045166
v -0.096680 -0.226562 -0.032715
v -0.096680 -0.229492 -0.024780
v -0.118653 -0.219727 -0.001259
v 0.172852 -0.090820 -0.039795
v 0.174804 -0.071289 -0.042236
v 0.181641 -0.073242 -0.039795
v 0.181641 -0.073242 -0.039795
v -0.070801 0.166016 0.039795
v -0.053222 0.172852 0.040039
v -0.070801 0.166016 0.039795
v -0.073242 0.166992 -0.001327
v -0.053222 0.172852 0.040039
v -0.073242 0.166992 -0.001327
v -0.055908 0.172852 -0.001186
v -0.053222 0.172852 0.040039
v -0.055908 0.172852 -0.001186
v -0.034424 0.178711 0.040283
v 0.100097 0.164062 -0.039551
v 0.120605 0.172852 -0.026245
v 0.086426 0.166016 -0.041504
v 0.118653 0.151367 -0.039551
v 0.017578 -0.179688 0.025513
v 0.028443 -0.166016 0.052734
v -0.002609 -0.185547 -0.001648
v 0.029663 -0.182617 -0.001045
v 0.017578 -0.179688 0.025513
v 0.029663 -0.182617 -0.001045
v -0.147461 0.032959 -0.080566
v -0.147461 0.032959 -0.080566
v -0.150391 0.008362 -0.081055
v -0.164062 0.027222 -0.056885
v -0.126953 0.044190 -0.101074
v -0.156250 0.054688 -0.055420
v -0.216797 -0.024903 -0.038330
v -0.216797 -0.024903 -0.038330
v -0.208008 -0.039795 -0.025635
v -0.208984 -0.023926 -0.025635
v 0.012146 0.206054 0.026978
v 0.009033 -0.153321 0.079102
v -0.019165 -0.142578 0.091797
v -0.042236 -0.145508 0.080566
v 0.247071 0.049316 -0.024658
v 0.250000 0.024170 -0.000820
v 0.250000 -0.000824 -0.000700
v 0.250000 0.023559 -0.024658
v 0.250000 0.024170 -0.000820
v -0.152344 0.096680 -0.040039
v -0.141602 0.112793 -0.040039
v -0.141602 -0.121582 0.041260
v -0.127929 -0.135742 0.040772
v 0.243164 -0.000362 0.036377
v 0.238281 -0.048340 0.036133
v 0.245117 -0.050293 0.031982
v -0.023804 0.249023 -0.024902
v -0.049316 0.246094 -0.000748
v -0.023926 0.249023 -0.000597
v -0.049073 0.244141 -0.024414
v -0.023804 0.249023 -0.024902
v -0.023926 0.249023 -0.000597
v 0.001327 0.249023 -0.024780
v -0.023193 0.246094 -0.033203
v 0.140625 0.156250 0.025269
v 0.133789 0.138672 0.039551
v 0.140625 0.156250 0.025269
v 0.118164 0.152344 0.039307
v 0.133789 0.138672 0.039551
v 0.065918 -0.170898 -0.001167
v -0.186523 0.021729 0.041748
v -0.181641 0.066406 0.039063
v -0.196289 0.021851 0.038574
v -0.147461 -0.155273 -0.038086
v -0.132812 -0.163086 -0.026245
v -0.129883 -0.168946 -0.037842
v -0.149414 -0.149414 -0.025879
v -0.161133 -0.177734 -0.036621
v -0.179688 -0.159179 -0.036621
v 0.173828 -0.041260 -0.029541
v 0.175781 -0.056640 -0.001350
v 0.165039 -0.084472 -0.000755
v -0.057129 0.121582 0.101074
v -0.072754 0.133789 0.079590
v -0.072754 0.133789 0.079590
v -0.058105 0.098145 0.118652
v 0.104980 -0.129883 0.054688
v 0.107422 -0.110840 0.076172
v 0.083008 -0.126953 0.080078
v 0.129883 -0.108887 0.053955
v 0.081055 -0.147461 0.053711
v -0.164062 0.077148 -0.040039
v -0.166016 0.079590 -0.041992
v 0.079102 0.159179 -0.027832
v 0.067871 0.170898 -0.001270
v 0.095703 0.157227 -0.001011
v 0.104004 0.144531 -0.027588
v 0.095703 0.157227 -0.001011
v -0.032470 0.002243 -0.152832
v -0.060791 -0.003998 -0.146973
v -0.059326 0.011596 -0.146973
v -0.032470 0.002243 -0.152832
v -0.000293 -0.001183 -0.156738
v -0.088867 -0.161133 -0.001305
v -0.102539 -0.150391 0.039795
v -0.088867 -0.161133 -0.001305
v -0.100586 -0.152344 -0.040039
v -0.071289 -0.168946 -0.001289
v 0.107422 0.047119 0.116211
v 0.083008 0.054931 0.129395
v 0.069336 0.034668 0.141113
v 0.086426 0.026977 0.133301
v 0.107422 0.047119 0.116211
v 0.069336 0.034668 0.141113
v -0.201172 0.145508 0.031494
v -0.208008 0.121094 0.035645
v -0.191406 0.144531 0.035400
v -0.183594 0.166016 0.031738
v -0.184571 0.167969 0.023560
v -0.201172 0.145508 0.031494
v -0.006012 0.185547 0.043701
v -0.000053 0.183594 0.041748
v 0.002884 0.182617 -0.001160
v 0.017823 0.181641 0.040527
v 0.090332 -0.234375 -0.000660
v 0.055664 -0.244141 -0.000668
v 0.121094 -0.216797 -0.024658
v 0.120605 -0.218750 -0.000816
v 0.097168 -0.229492 -0.024536
v 0.120605 -0.218750 -0.000816
v 0.121582 -0.216797 0.023560
v -0.060059 0.011719 0.145996
v -0.060059 0.011719 0.145996
v -0.079590 0.030396 0.136231
v -0.079590 0.030396 0.136231
v -0.030762 0.011780 0.152832
v -0.051025 -0.173828 0.023804
v -0.033448 -0.182617 -0.001572
v 0.129883 0.082031 -0.078125
v 0.119629 0.066406 -0.099609
v -0.115235 0.173828 -0.026489
v -0.102539 0.161133 -0.039795
v -0.121094 0.147461 -0.039795
v -0.132812 0.161133 -0.026001
v -0.096192 0.184571 -0.026611
v -0.108398 -0.158203 0.038574
v -0.111328 -0.148438 0.040772
v -0.108398 -0.158203 0.038574
v -0.098145 -0.184571 0.024658
v -0.089844 -0.168946 0.038818
v -0.089844 -0.168946 0.038818
v -0.126953 -0.146484 0.038818
v 0.247071 -0.056396 -0.001190
v 0.246094 -0.050781 0.023315
v 0.240234 -0.074707 0.023315
v 0.250000 -0.026489 -0.024658
v -0.008728 0.112305 -0.120605
v -0.013001 0.132812 -0.103027
v 0.097656 0.218750 0.036133
v 0.123535 0.213867 0.032471
v 0.146484 0.199219 0.032471
v -0.195312 0.079102 0.024536
v -0.172852 0.084472 0.039307
v -0.188477 0.091797 0.024414
v -0.197266 0.083496 0.036865
v -0.152344 -0.119629 -0.039795
v -0.163086 -0.103515 -0.039551
v -0.140625 -0.133789 -0.039795
v -0.152344 -0.119629 -0.039795
v -0.163086 -0.103515 -0.039551
v -0.140625 -0.133789 -0.039795
v 0.115722 -0.011292 -0.118164
v 0.105469 -0.003266 -0.125488
v 0.132812 0.011780 -0.103516
v 0.132812 -0.033935 -0.101074
v 0.106933 -0.037110 -0.120605
v 0.135742 -0.010742 -0.101074
v 0.084961 -0.021363 -0.135254
v -0.048828 0.244141 0.023926
v -0.073730 0.237304 0.023804
v -0.073242 0.235352 0.032227
v -0.011536 -0.081055 0.137207
v 0.224609 0.112793 -0.024292
v 0.229492 0.098633 -0.032959
v 0.217773 0.121094 -0.032715
v 0.224609 0.112793 -0.024292
v 0.204102 0.142578 -0.032959
v 0.240234 0.075195 -0.024536
v 0.224609 0.112793 -0.024292
v 0.221679 0.121582 -0.000462
v 0.221679 0.121582 -0.000462
v 0.092285 -0.165039 0.039307
v 0.092285 -0.165039 0.039307
v -0.187500 -0.018066 0.041260
v -0.195312 -0.020264 0.038330
v -0.184571 -0.034912 0.041016
v -0.195312 -0.020264 0.038330
v -0.191406 -0.037110 0.038086
v -0.180664 -0.051514 0.041016
v 0.060059 0.182617 -0.039551
v 0.040528 0.186523 -0.040283
v 0.054688 0.202148 -0.026855
v 0.060059 0.182617 -0.039551
v 0.067871 0.172852 -0.041504
v 0.046875 0.178711 -0.041992
v 0.067871 0.172852 -0.041504
v 0.046875 0.178711 -0.041992
v -0.071778 -0.235352 -0.032959
v -0.071778 -0.235352 -0.032959
v 0.178711 0.018554 0.027832
v 0.179688 -0.010376 0.027588
v 0.185547 0.003586 -0.001141
v 0.178711 0.018554 0.027832
v 0.173828 0.048340 0.027832
v 0.167969 0.000431 0.055176
v 0.167969 0.000431 0.055176
v 0.185547 0.003586 -0.001141
v -0.208008 0.121094 0.035645
v -0.189453 0.101074 0.036865
v -0.165039 -0.188477 -0.000782
v -0.165039 -0.186523 0.023560
v -0.000293 -0.001183 -0.156738
v -0.000293 -0.001183 -0.156738
v 0.154297 -0.100586 0.040283
v 0.146484 -0.116211 0.041504
v 0.156250 -0.103028 0.041504
v 0.154297 -0.104004 -0.000921
v 0.142578 -0.114258 0.040283
v 0.154297 -0.100586 0.040283
v 0.142578 -0.114258 0.040283
v 0.146484 -0.116211 0.041504
v 0.187500 0.166016 0.023926
v 0.166992 0.182617 0.032715
v 0.205078 0.143554 0.023193
v 0.035156 -0.189453 -0.040527
v -0.142578 0.053955 0.077148
v -0.123535 0.072265 0.089844
v -0.157227 0.054444 0.053467
v -0.142578 0.053955 0.077148
v -0.160156 0.027099 0.062012
v -0.141602 0.025879 0.089356
v -0.142578 0.053955 0.077148
v -0.123535 0.072265 0.089844
v -0.141602 0.025879 0.089356
v -0.160156 0.027099 0.062012
v -0.148438 -0.099610 -0.027344
v -0.162109 -0.085938 -0.000627
v 0.036865 0.113770 0.113770
v 0.211914 -0.117676 -0.036621
v 0.204102 -0.144531 -0.032715
v 0.162109 0.085938 -0.040771
v -0.137696 -0.021240 0.095215
v -0.132812 0.000074 0.101563
v -0.137696 -0.021240 0.095215
v 0.026611 0.250000 -0.000977
v 0.001571 0.250000 -0.000862
v 0.026611 0.250000 -0.000977
v 0.026245 0.248047 -0.025024
v 0.001327 0.249023 -0.024780
v 0.026367 0.248047 0.024170
v 0.052246 0.245117 -0.000925
v 0.161133 -0.107422 0.039307
v 0.148438 -0.124023 0.039551
v 0.161133 -0.107422 0.039307
v 0.156250 -0.103028 0.041504
v -0.018311 -0.208984 -0.026733
v -0.033448 -0.190429 -0.040283
v -0.019287 -0.191406 -0.041016
v -0.006958 -0.212891 -0.041260
v -0.018311 -0.208984 -0.026733
v -0.010071 -0.206054 -0.027832
v -0.010071 -0.206054 -0.027832
v 0.217773 0.024292 0.038330
v 0.217773 0.010010 0.039063
v 0.241211 0.024048 0.036133
v 0.241211 0.024048 0.036133
v 0.209961 0.018189 0.024536
v 0.217773 0.024292 0.038330
v 0.209961 0.018189 0.024536
v 0.217773 0.010010 0.039063
v -0.144531 0.113770 -0.001232
v 0.184571 -0.040283 -0.042480
v 0.176758 -0.052979 -0.040771
v 0.184571 -0.040283 -0.042480
v 0.176758 -0.052979 -0.040771
v 0.180664 -0.034912 -0.041260
v 0.180664 -0.034912 -0.041260
v -0.052490 0.176758 0.041504
v -0.154297 -0.104492 0.041748
v -0.250000 0.025024 -0.024658
v 0.023316 0.176758 0.026733
v 0.038330 0.179688 -0.000868
v 0.121582 -0.213867 0.032227
v 0.119140 -0.207031 0.035400
v -0.051758 -0.188477 -0.039551
v -0.071778 -0.178711 -0.039795
v -0.051758 -0.188477 -0.039551
v -0.054444 -0.177734 -0.041504
v 0.013427 -0.029419 -0.152832
v -0.142578 0.158203 0.036621
v -0.123535 0.173828 0.036621
v 0.210938 -0.054688 -0.038330
v 0.205078 -0.072265 -0.037842
v 0.206054 -0.055420 -0.025513
v 0.210938 -0.054688 -0.038330
v 0.238281 -0.048584 -0.037109
v 0.231446 -0.072265 -0.036621
v -0.011475 0.167969 0.053223
v -0.027954 0.175781 0.026611
v -0.027954 0.175781 0.026611
v 0.128906 0.172852 -0.037353
v -0.206054 0.065918 -0.038574
v -0.176758 -0.117676 0.024048
v -0.152344 -0.119629 0.039063
v -0.164062 -0.103028 0.039063
v -0.188477 -0.099610 0.024170
v 0.188477 -0.002060 0.041748
v 0.207031 0.000320 0.040772
v -0.072754 0.235352 -0.033447
v -0.073730 0.237304 -0.024780
v 0.218750 0.121094 0.023193
v 0.081055 -0.193359 -0.026001
v 0.094727 -0.167969 -0.039551
v 0.098145 -0.184571 -0.026123
v 0.074707 -0.176758 -0.039795
v 0.063965 -0.204102 -0.037842
v 0.084472 -0.195312 -0.037353
v -0.087403 0.009582 0.134277
v -0.174804 -0.056396 -0.000881
v -0.163086 -0.071289 0.026978
v -0.173828 -0.041748 0.027100
v 0.036865 0.113770 0.113770
v 0.012390 0.114746 0.118164
v 0.028321 0.092773 0.130371
v 0.041748 0.135742 0.091309
v 0.016358 0.136719 0.096680
v -0.067383 -0.202148 0.037598
v -0.067383 -0.202148 0.037598
v 0.184571 0.008179 -0.041260
v 0.185547 0.023316 -0.001064
v 0.182617 0.024781 -0.041260
v -0.186523 0.106445 -0.038086
v -0.165039 -0.183594 -0.032715
v -0.165039 -0.183594 -0.032715
v -0.185547 -0.166992 -0.024536
v -0.184571 -0.166016 -0.032959
v -0.165039 -0.183594 -0.032715
v -0.140625 -0.193359 -0.036133
v -0.184571 -0.166016 -0.032959
v -0.144531 -0.200196 -0.032715
v -0.166016 -0.185547 -0.024658
v -0.104492 0.150391 -0.001106
v -0.089844 0.159179 -0.001114
v -0.104492 0.150391 -0.001106
v -0.091308 0.156250 -0.039795
v -0.089844 0.159179 -0.001114
v -0.118164 0.139648 -0.001099
v -0.118164 0.139648 -0.001099
v 0.181641 0.159179 -0.035889
v 0.144531 0.158203 -0.037353
v 0.163086 0.177734 -0.036133
v 0.072754 -0.175781 0.039795
v 0.053467 -0.184571 0.039795
v 0.072754 -0.175781 0.039795
v 0.053467 -0.184571 0.039795
v 0.060059 -0.200196 0.025269
v 0.092285 -0.165039 0.039307
v -0.165039 -0.079102 0.039551
v -0.155273 -0.095703 0.039795
v -0.162109 -0.090332 -0.000689
v -0.166992 -0.085449 0.041504
v -0.166992 -0.085449 0.041504
v -0.165039 -0.079102 0.039551
v -0.162109 -0.090332 -0.000689
v -0.170898 -0.071778 -0.000566
v 0.095703 0.120605 -0.076172
v 0.109375 0.125977 -0.053711
v -0.018554 -0.105469 -0.125000
v 0.162109 0.089355 -0.000631
v 0.148438 0.100097 -0.028442
v -0.118653 0.206054 0.035400
v -0.196289 -0.002212 -0.041504
v 0.052002 0.244141 0.023926
v 0.050781 0.241211 0.032471
v 0.144531 -0.117188 -0.000904
v 0.132812 -0.128906 -0.000837
v 0.130859 -0.127929 0.039795
v 0.144531 -0.117188 -0.000904
v 0.144531 -0.117188 -0.000904
v 0.154297 -0.104004 -0.000921
v 0.154297 -0.104004 -0.000921
v 0.209961 0.023193 -0.025635
v 0.209961 0.023193 -0.025635
v -0.152344 -0.119629 0.039063
v -0.141602 -0.132812 0.038818
v 0.185547 -0.019409 -0.001118
v 0.180664 -0.034912 -0.041260
v 0.185547 -0.019409 -0.001118
v 0.180664 -0.034912 -0.041260
v 0.182617 -0.036377 -0.001259
v -0.037842 0.132812 -0.096680
v -0.056885 0.121582 -0.103027
v -0.048584 0.144531 -0.078125
v -0.022339 0.149414 -0.080566
v -0.128906 -0.107422 -0.053223
v -0.107910 -0.128906 -0.052734
v -0.102539 -0.146484 -0.027710
v 0.009826 -0.192383 -0.042480
v 0.013245 -0.208008 -0.027710
v 0.007873 -0.211914 -0.041992
v 0.009826 -0.192383 -0.042480
v 0.000086 -0.188477 -0.045166
v -0.241211 -0.023559 0.036377
v -0.196289 -0.139648 -0.036621
v -0.216797 -0.122070 -0.032959
v -0.209961 -0.118164 -0.036865
v -0.202148 -0.144531 -0.032959
v 0.159179 -0.055908 -0.054687
v -0.072754 0.133789 0.079590
v -0.095703 0.117676 0.077637
v -0.083008 0.100586 0.103516
v -0.035889 -0.179688 -0.001320
v -0.053711 -0.175781 -0.001495
v -0.016113 -0.182617 -0.001297
v -0.035889 -0.179688 -0.001320
v -0.016113 -0.182617 -0.001297
v -0.035645 -0.179688 -0.041016
v -0.035889 -0.179688 -0.001320
v -0.052979 -0.174804 -0.040527
v -0.035889 -0.179688 -0.001320
v -0.052979 -0.174804 -0.040527
v -0.053711 -0.175781 -0.001495
v 0.129883 0.082031 -0.078125
v 0.131836 0.105469 -0.052246
v 0.147461 0.080567 -0.054199
v 0.116211 0.104004 -0.072266
v 0.129883 0.082031 -0.078125
v 0.119629 0.066406 -0.099609
v 0.103028 0.094238 -0.096191
v 0.103028 0.094238 -0.096191
v 0.048340 -0.233398 0.035889
v 0.024781 -0.245117 0.032471
v 0.049560 -0.241211 0.032227
v 0.041748 -0.209961 0.038330
v 0.023804 -0.237304 0.036377
v 0.075195 0.234375 -0.032715
v 0.076660 0.237304 -0.024658
v 0.073242 0.227539 -0.036621
v 0.239258 -0.074219 0.031982
v -0.011169 0.032959 -0.152832
v -0.002395 0.034668 -0.152832
v -0.053711 -0.175781 -0.001495
v 0.110840 0.022217 0.119141
v -0.177734 0.120117 0.036621
v -0.189453 0.101074 0.036865
v -0.162109 0.139648 0.036865
v -0.162109 0.139648 0.036865
v -0.187500 -0.054931 -0.039307
v -0.187500 -0.054931 -0.039307
v -0.204102 -0.060547 -0.025269
v -0.174804 -0.069336 -0.041748
v -0.208008 -0.039795 -0.025635
v 0.133789 -0.140625 -0.039795
v 0.116699 -0.153321 -0.039551
v 0.003205 -0.130859 0.104981
v 0.249023 0.050537 -0.000626
v 0.238281 0.074219 -0.032959
v -0.144531 -0.201172 0.023193
v 0.150391 -0.041260 0.075195
v 0.166016 -0.027222 0.054199
v 0.152344 -0.016113 0.078125
v 0.159179 -0.055908 0.052490
v 0.150391 -0.041260 0.075195
v -0.082520 -0.040528 -0.133301
v -0.082520 -0.040528 -0.133301
v 0.025269 -0.181641 -0.001198
v -0.206054 0.066406 0.036865
v -0.248047 -0.053711 -0.000532
v -0.239258 -0.075195 0.023315
v -0.246094 -0.050049 0.023193
v -0.250000 -0.024536 -0.000416
v -0.248047 -0.053711 -0.000532
v -0.238281 -0.075195 0.031982
v 0.013427 0.160156 -0.065918
v 0.092285 -0.165039 0.039307
v -0.021851 -0.240234 -0.036133
v -0.048340 -0.242188 -0.033203
v -0.021851 -0.240234 -0.036133
v 0.001037 -0.247071 -0.033447
v 0.207031 0.000320 0.040772
v -0.105469 0.092773 0.092773
v -0.105469 0.092773 0.092773
v -0.109863 -0.149414 -0.041260
v -0.125977 -0.136719 -0.041504
v 0.246094 -0.050049 -0.033691
v 0.149414 0.112793 -0.041992
v 0.126953 0.131836 -0.040039
v 0.026856 -0.249023 -0.000544
v -0.202148 -0.144531 0.031982
v -0.185547 -0.165039 0.031982
v 0.177734 -0.054199 -0.001179
v -0.048584 0.144531 -0.078125
v 0.146484 0.199219 0.032471
v 0.141602 0.193359 0.035889
v 0.166992 0.182617 0.032715
v 0.066895 -0.090332 -0.121582
v 0.046142 -0.103515 -0.120117
v -0.154297 0.098145 -0.001312
v -0.141602 0.112793 0.039795
v -0.154297 0.098145 -0.001312
v -0.166016 0.079102 -0.000839
v -0.144531 0.113770 -0.000719
v -0.144531 0.113770 -0.000719
v -0.147461 -0.082031 -0.052002
v -0.131836 -0.082520 -0.075684
v 0.057861 0.172852 0.039551
v 0.041748 0.176758 0.040039
v 0.045410 0.177734 -0.001343
v 0.045410 0.177734 -0.001343
v 0.057861 0.172852 0.039551
v 0.121094 -0.216797 -0.024658
v -0.185547 0.167969 -0.000839
v -0.185547 0.167969 -0.000839
v -0.202148 0.146484 0.022949
v -0.184571 0.167969 0.023560
v -0.202148 0.146484 -0.024292
v -0.184571 0.167969 0.023560
v -0.218750 -0.123047 0.023438
v 0.048095 -0.037354 0.145996
v -0.089844 0.159179 -0.001114
v -0.091308 0.156250 -0.039795
v -0.070801 0.166016 -0.040039
v -0.089844 0.159179 -0.001114
v -0.070801 0.166016 0.039795
v -0.088379 0.157227 0.039551
v -0.070801 0.166016 0.039795
v 0.167969 0.184571 0.024048
v 0.085938 -0.162109 -0.001358
v -0.163086 0.071289 0.027588
v -0.066406 -0.130859 0.086914
v -0.087890 -0.113281 0.090820
v -0.064942 -0.147461 0.066895
v -0.042236 -0.145508 0.080566
v -0.042236 -0.145508 0.080566
v 0.148438 0.100097 -0.028442
v -0.182617 -0.017456 0.040039
v -0.187500 -0.018066 0.041260
v -0.195312 -0.020264 0.038330
v -0.182617 -0.017456 0.040039
v 0.024292 0.213867 -0.039307
v 0.036621 0.206054 -0.026978
v 0.015136 0.207031 -0.027588
v 0.008789 0.211914 -0.041504
v 0.024292 0.213867 -0.039307
v 0.047851 0.207031 -0.038574
v 0.165039 -0.132812 0.024292
v 0.169922 -0.129883 0.037354
v 0.177734 -0.114746 0.024292
v 0.161133 -0.107422 0.039307
v -0.018311 0.026611 -0.152832
v 0.196289 -0.004761 -0.041260
v -0.039551 0.209961 0.038086
v 0.095703 0.120605 -0.076172
v 0.082520 0.112305 -0.094727
v 0.109375 0.125977 -0.053711
v 0.103028 0.094238 -0.096191
v 0.009033 -0.153321 0.079102
v -0.149414 -0.021851 -0.081543
v 0.051270 0.170898 0.026856
v 0.051270 0.170898 0.026856
v 0.094727 -0.167969 -0.039551
v 0.098145 -0.184571 -0.026123
v -0.142578 0.200196 -0.032959
v -0.098145 0.227539 -0.024780
v 0.239258 -0.074219 0.031982
v 0.240234 -0.074707 0.023315
v 0.232422 -0.072265 0.035889
v 0.133789 0.138672 0.039551
v 0.133789 0.138672 0.039551
v 0.158203 0.138672 0.025024
v 0.147461 -0.041992 -0.079102
v 0.147461 -0.041992 -0.079102
v 0.238281 0.074219 -0.032959
v -0.083496 0.029419 -0.135254
v -0.184571 -0.020141 -0.000429
v -0.184571 -0.020141 -0.000429
v -0.184571 -0.020141 -0.000429
v 0.182617 -0.112793 0.037354
v -0.091308 -0.168946 -0.039307
v 0.208984 0.015442 -0.026245
v -0.129883 0.084961 -0.075684
v 0.208984 -0.038819 0.023804
v 0.209961 -0.054688 0.037354
v -0.009766 0.205078 -0.028076
v -0.003616 0.190429 -0.043457
v -0.020386 0.189453 -0.041016
v 0.025024 -0.248047 0.023682
v 0.026856 -0.249023 -0.000544
v 0.025024 -0.248047 0.023682
v -0.132812 0.000074 0.101563
v 0.042969 -0.103515 0.120606
v -0.172852 0.062500 -0.000698
v -0.161133 0.088867 -0.001022
v -0.172852 0.062500 -0.000698
v -0.174804 0.033691 0.030396
v -0.171875 0.048828 -0.029175
v -0.161133 0.088867 -0.001022
v 0.080567 0.164062 -0.040283
v 0.064453 0.171875 -0.001274
v 0.062988 0.170898 -0.040527
v 0.080567 0.164062 -0.040283
v 0.067871 0.172852 -0.041504
v 0.195312 -0.139648 0.035889
v 0.185547 -0.164062 0.032227
v -0.091797 -0.161133 -0.041260
v -0.109375 -0.158203 -0.039551
v 0.157227 0.099121 0.041504
v 0.162109 0.083985 0.040039
v 0.167969 0.081055 0.041748
v 0.162109 0.083985 0.040039
v 0.172852 0.088379 0.039551
v 0.033935 -0.000435 -0.152832
v 0.032226 -0.011169 -0.152832
v 0.033935 -0.000435 -0.152832
v 0.060059 -0.006988 -0.147949
v -0.238281 -0.075195 0.031982
v 0.031494 0.178711 -0.040527
v 0.046631 0.175781 -0.040283
v 0.027710 0.180664 -0.000889
v 0.167969 0.000431 0.055176
v 0.080078 0.173828 0.038818
v 0.076660 0.195312 0.025635
v 0.205078 -0.144531 -0.024780
v 0.207031 -0.144531 -0.000500
v 0.109863 0.022094 -0.121094
v 0.085938 0.003860 -0.136230
v 0.129883 0.037597 -0.102051
v -0.171875 0.084961 -0.040283
v -0.179688 0.109863 -0.025635
v -0.171875 0.084961 -0.040283
v 0.121582 -0.213867 0.032227
v -0.103028 0.185547 0.036865
v -0.103028 0.185547 0.036865
v -0.118653 0.206054 0.035400
v -0.096192 0.185547 0.024536
v -0.132812 -0.163086 -0.026245
v -0.126953 -0.146484 -0.039551
v -0.109375 -0.158203 -0.039551
v -0.126953 -0.146484 -0.039551
v 0.132812 -0.033935 -0.101074
v 0.152344 -0.016846 -0.080566
v 0.147461 -0.041992 -0.079102
v 0.132812 -0.033935 -0.101074
v 0.076660 0.237304 -0.024658
v 0.102051 0.228516 -0.000532
v 0.076660 0.237304 -0.024658
v 0.051758 0.244141 -0.024780
v -0.230469 0.072754 -0.036865
v -0.210938 0.045166 -0.038330
v -0.228516 -0.099121 -0.032959
v -0.230469 -0.100097 -0.024780
v -0.239258 -0.075683 -0.024658
v -0.216797 -0.122070 -0.032959
v -0.074219 0.238281 -0.000915
v -0.097168 0.225586 0.032227
v -0.050049 -0.130859 -0.096680
v 0.182617 0.024781 -0.041260
v -0.163086 -0.103515 -0.039551
v 0.041748 0.176758 0.040039
v 0.017823 0.181641 0.040527
v 0.027710 0.180664 -0.000889
v 0.041748 0.176758 0.040039
v 0.027710 0.180664 -0.000889
v 0.045410 0.177734 -0.001343
v 0.120605 -0.218750 -0.000816
v -0.002350 -0.183594 -0.001297
v -0.016113 -0.182617 -0.001297
v 0.012329 -0.183594 -0.001224
v -0.121094 0.147461 -0.039795
v 0.206054 -0.054931 0.024170
v 0.209961 -0.054688 0.037354
v 0.206054 -0.054931 0.024170
v 0.206054 -0.054931 0.024170
v -0.239258 0.075195 0.023804
v -0.208008 -0.014099 0.024170
v -0.195312 -0.020264 0.038330
v -0.033448 -0.190429 -0.040283
v -0.054444 -0.177734 -0.041504
v -0.107910 -0.128906 -0.052734
v 0.249023 -0.025512 -0.033691
v -0.003266 0.190429 0.042969
v -0.019776 0.190429 0.040283
v 0.027954 -0.137696 0.093750
v 0.009033 -0.153321 0.079102
v -0.178711 -0.008789 -0.029541
v -0.165039 -0.188477 -0.000782
v -0.142578 -0.206054 -0.001190
v -0.144531 -0.201172 0.023193
v -0.165039 -0.186523 0.023560
v 0.127929 -0.088379 0.075195
v 0.110840 -0.083496 0.096191
v 0.129883 -0.108887 0.053955
v -0.091308 0.156250 -0.039795
v -0.070801 0.166016 -0.040039
v -0.073730 0.167969 -0.041748
v 0.062256 -0.173828 -0.000793
v 0.062256 -0.173828 -0.000793
v 0.091797 -0.161133 -0.000437
v 0.091797 -0.161133 -0.000437
v -0.169922 -0.070312 -0.040039
v -0.170898 -0.071778 -0.000566
v -0.076660 -0.162109 0.025024
v -0.054931 -0.162109 0.047852
v -0.234375 -0.093262 -0.000686
v -0.239258 -0.075195 0.023315
v 0.198242 0.083496 0.037598
v 0.185547 0.101074 0.024658
v 0.198242 0.083496 0.037598
v 0.186523 0.103028 0.037354
v 0.185547 0.101074 0.024658
v -0.097168 0.225586 0.032227
v -0.121094 0.214844 0.031982
v -0.091797 -0.233398 -0.000900
v -0.070801 -0.239258 -0.024780
v -0.062011 -0.243164 -0.001007
v -0.118653 -0.219727 -0.001259
v 0.196289 -0.092285 -0.037842
v 0.200196 -0.075195 -0.025635
v -0.017823 0.181641 0.040527
v -0.035645 0.179688 -0.001411
v 0.163086 0.177734 -0.036133
v 0.144531 0.158203 -0.037353
v 0.128906 0.172852 -0.037353
v 0.045899 -0.177734 -0.001213
v -0.010132 -0.179688 -0.028809
v -0.002609 -0.185547 -0.001648
v -0.033448 -0.182617 -0.001572
v -0.079102 -0.193359 0.024658
v 0.038574 -0.075683 0.136231
v -0.216797 0.124512 -0.027466
v 0.175781 -0.056640 -0.001350
v 0.165039 -0.071289 0.026856
v 0.165039 -0.084472 -0.000755
v 0.173828 -0.041504 0.027466
v -0.048095 0.074219 0.133301
v 0.142578 0.194336 -0.036133
v 0.166992 0.182617 -0.032227
v 0.099121 0.155273 -0.001068
v 0.190429 -0.165039 -0.000545
v 0.190429 -0.165039 -0.000545
v 0.190429 -0.165039 -0.000545
v 0.205078 -0.144531 -0.024780
v -0.018311 0.026611 -0.152832
v -0.000293 -0.001183 -0.156738
v -0.093750 -0.159179 -0.001160
v -0.064453 -0.173828 -0.001633
v -0.093750 -0.159179 -0.001160
v -0.051025 -0.173828 0.023804
v -0.064453 -0.173828 -0.001633
v -0.192383 -0.037354 -0.039062
v -0.208984 -0.023926 -0.025635
v -0.155273 -0.095703 0.039795
v -0.166992 -0.085449 0.041504
v -0.164062 -0.103028 0.039063
v 0.102051 0.156250 0.041016
v 0.019409 -0.208008 -0.027344
v 0.009826 -0.192383 -0.042480
v 0.035156 -0.189453 -0.040527
v 0.019409 -0.208008 -0.027344
v 0.009826 -0.192383 -0.042480
v 0.103515 -0.151367 -0.001121
v 0.091797 -0.162109 -0.041016
v 0.085449 -0.160156 -0.040039
v 0.038574 -0.075683 0.136231
v 0.126953 0.125977 -0.027954
v 0.104004 0.144531 -0.027588
v 0.120605 0.139648 -0.000677
v 0.126953 0.125977 -0.027954
v 0.046142 -0.103515 -0.120117
v 0.085938 -0.162109 -0.001358
v -0.162109 -0.090332 -0.000689
v -0.012939 -0.029541 -0.152832
v -0.004273 -0.032959 -0.152832
v -0.004273 -0.032959 -0.152832
v -0.157227 0.054444 0.053467
v -0.043213 -0.127929 0.100098
v -0.019165 -0.142578 0.091797
v -0.042236 -0.145508 0.080566
v 0.174804 0.062988 -0.000904
v -0.140625 0.160156 -0.037842
v -0.180664 -0.051514 0.041016
v -0.173828 -0.069336 0.040772
v 0.045410 0.177734 -0.001343
v 0.046631 0.175781 -0.040283
v 0.045410 0.177734 -0.001343
v -0.098145 0.227539 0.023438
v 0.188477 -0.053955 -0.039307
v 0.059326 0.118164 -0.103516
v 0.162109 0.176758 0.036133
v 0.128906 0.171875 0.037354
v 0.076660 0.195312 0.025635
v 0.187500 -0.165039 -0.024292
v -0.019898 0.026734 0.152832
v -0.120117 -0.140625 -0.001152
v 0.079102 0.094238 -0.112305
v -0.208008 -0.014099 0.024170
v -0.208008 -0.023804 0.023560
v 0.026245 0.248047 -0.025024
v 0.089355 -0.104980 0.096680
v -0.004792 -0.191406 -0.043457
v -0.004792 -0.191406 -0.043457
v -0.126953 -0.146484 -0.039551
v -0.109863 -0.149414 -0.041260
v -0.126953 -0.146484 -0.039551
v 0.135742 -0.010742 -0.101074
v -0.196289 0.005981 -0.041260
v -0.196289 -0.002212 -0.041504
v -0.217773 0.009643 -0.039551
v -0.218750 -0.123047 -0.024292
v -0.040283 -0.158203 0.062988
v 0.150391 -0.097656 0.027344
v -0.005646 0.185547 -0.044189
v 0.059570 -0.142578 0.077148
v -0.166016 -0.000301 -0.057129
v 0.045410 0.177734 -0.001343
v 0.062988 0.170898 -0.040527
v 0.064453 0.171875 -0.001274
v 0.195312 -0.139648 0.035889
v -0.070801 -0.239258 -0.024780
v -0.228516 0.100097 0.022827
v -0.231446 0.098633 -0.000658
v 0.094727 -0.167969 -0.039551
v 0.094727 -0.167969 -0.039551
v 0.074219 -0.162109 0.026489
v 0.219727 -0.010193 0.039063
v 0.146484 0.199219 -0.032227
v -0.144531 0.113770 -0.001232
v -0.000293 -0.001183 -0.156738
v 0.177734 -0.054199 -0.001179
v 0.182617 -0.036377 -0.001259
v 0.176758 -0.052979 -0.040771
v -0.056885 0.121582 -0.103027
v 0.185547 0.101074 0.024658
v -0.184571 -0.002106 0.040527
v 0.055176 0.202148 0.025391
v 0.119629 0.066406 -0.099609
v -0.053222 0.172852 -0.040283
v -0.084472 -0.031250 0.133301
v 0.025269 -0.181641 -0.001198
v 0.079102 0.159179 0.026978
v 0.064942 0.155273 0.051514
v 0.026245 0.248047 -0.025024
v 0.082520 0.112305 -0.094727
v 0.022217 -0.214844 0.038818
v 0.039306 -0.206054 0.025391
v 0.020386 -0.208984 0.025635
v 0.017823 0.181641 0.040527
v 0.002884 0.182617 -0.001160
v 0.027710 0.180664 -0.000889
v -0.135742 0.133789 -0.039795
v -0.132812 0.161133 -0.026001
v 0.167969 0.000282 -0.056641
v -0.166016 0.079102 -0.000839
v -0.174804 0.055664 -0.000643
v -0.164062 0.077148 -0.040039
v -0.110840 0.023559 -0.120605
v 0.036621 0.206054 -0.026978
v 0.040528 0.186523 -0.040283
v 0.034424 -0.189453 0.040527
v 0.080567 0.174804 -0.039551
v 0.053222 0.147461 0.071777
v 0.037842 0.162109 0.054932
v 0.051270 0.170898 0.026856
v -0.126953 -0.146484 0.038818
v -0.111328 -0.148438 0.040772
v -0.034424 0.178711 0.040283
v 0.101074 0.226562 -0.024536
v 0.025024 0.149414 -0.080566
v 0.049073 0.144531 -0.079102
v 0.209961 0.023804 0.024536
v -0.095703 0.117676 0.077637
v -0.105469 0.092773 0.092773
v -0.102539 -0.146484 -0.027710
v -0.120117 -0.140625 -0.001152
v 0.239258 -0.074707 -0.033203
v -0.149414 -0.021851 -0.081543
v 0.067383 -0.117188 -0.101562
v 0.062988 -0.141602 -0.076172
v -0.144531 0.113770 -0.001232
v -0.099610 -0.071778 -0.113281
v -0.104980 -0.047851 -0.118164
v 0.095703 0.157227 -0.001011
v -0.185547 0.167969 -0.024536
v 0.177734 0.058594 0.041260
v 0.141602 0.156250 -0.025879
v 0.173828 0.062256 -0.000860
v 0.180664 0.042480 -0.000919
v 0.178711 0.043213 -0.040527
v 0.180664 0.042480 -0.000919
v 0.173828 0.062256 -0.000860
v -0.162109 0.139648 0.036865
v 0.132812 0.011780 -0.103516
v 0.153321 0.009155 -0.081055
v -0.072754 0.135742 -0.077148
v -0.149414 0.118164 0.038818
v 0.204102 -0.144531 -0.032715
v 0.114258 0.144531 -0.001106
v 0.112793 0.144531 -0.040283
v 0.126953 0.131836 -0.040039
v 0.114258 0.144531 -0.001106
v 0.099121 0.155273 -0.001068
v 0.112793 0.144531 -0.040283
v 0.114258 0.144531 -0.001106
v 0.025269 -0.181641 -0.001198
v 0.176758 -0.052979 -0.040771
v 0.182617 -0.036377 -0.001259
v 0.180664 -0.034912 -0.041260
v -0.165039 -0.027466 -0.056396
v -0.108887 -0.111328 0.073731
v -0.191406 0.144531 0.035400
v 0.148438 0.123047 0.039795
v -0.083008 0.171875 0.038574
v -0.172852 0.056153 -0.040283
v -0.179688 0.038819 -0.000957
v 0.059815 0.181641 0.038818
v 0.059815 0.181641 0.038818
v 0.149414 -0.124512 -0.039795
v -0.241211 0.072265 -0.000599
v 0.104004 0.144531 -0.027588
v -0.166016 -0.000301 -0.057129
v -0.166992 0.127929 0.023804
v -0.215821 -0.024658 0.037109
v 0.112793 0.144531 -0.040283
v -0.218750 -0.123047 0.023438
v -0.219727 -0.124023 -0.000874
v 0.041748 0.135742 0.091309
v 0.016358 0.136719 0.096680
v 0.167969 0.184571 -0.024414
v 0.163086 0.074219 0.027222
v 0.173828 0.048340 0.027832
v 0.150391 -0.097656 0.027344
v 0.149414 -0.109863 -0.000311
v 0.149414 -0.109863 -0.000311
v 0.196289 -0.004761 -0.041260
v 0.058838 -0.087403 0.126465
v 0.120605 0.172852 -0.026245
v -0.009826 0.133789 0.101074
v 0.188477 -0.053955 -0.039307
vn 0.6492 -0.6194 -0.4414
vn 0.7186 -0.6340 -0.2856
vn 0.6322 -0.7111 -0.3077
vn 0.5605 -0.6966 -0.4479
vn 0.7340 -0.5323 -0.4218
vn 0.7861 -0.4410 -0.4332
vn 0.8169 -0.5071 -0.2749
vn 0.5692 -0.5963 -0.5661
vn 0.5977 -0.5577 -0.5759
vn 0.7000 -0.4215 -0.5765
vn 0.7558 -0.5338 -0.3792
vn 0.7153 -0.6987 0.0153
vn 0.6442 -0.7642 0.0310
vn -0.0538 0.0703 0.9961
vn 0.7413 -0.6656 0.0868
vn 0.7297 -0.6811 -0.0602
vn -0.0401 0.0553 0.9977
vn 0.6920 -0.7201 -0.0509
vn 0.3151 0.3655 -0.8759
vn 0.0262 0.0454 -0.9986
vn 0.0458 0.0516 -0.9976
vn 0.4391 0.4333 -0.7870
vn 0.0386 0.0667 -0.9970
vn 0.4688 0.4100 -0.7824
vn 0.2310 0.2132 -0.9493
vn 0.3541 0.4173 -0.8370
vn 0.3836 0.4521 -0.8053
vn -0.3697 -0.4584 -0.8082
vn 0.3022 -0.8525 0.4265
vn 0.1869 -0.8817 0.4332
vn 0.2661 -0.9207 0.2855
vn 0.2806 -0.7888 0.5468
vn 0.1951 -0.8102 0.5527
vn 0.3705 -0.8836 0.2864
vn 0.3691 -0.8263 0.4253
vn 0.2753 -0.1038 -0.9557
vn -0.7174 0.0941 -0.6903
vn 0.3515 -0.0042 -0.9362
vn 0.4969 -0.1420 -0.8561
vn 0.2770 -0.0273 -0.9605
vn 0.4082 -0.0835 -0.9091
vn -0.7205 -0.3487 0.5994
vn -0.7511 -0.3332 0.5699
vn -0.7418 -0.3531 0.5701
vn -0.6540 -0.2846 0.7009
vn -0.5791 -0.2416 0.7786
vn -0.6655 -0.2382 0.7074
vn -0.6190 -0.4125 0.6683
vn -0.5738 -0.4474 0.6860
vn -0.4863 -0.3784 0.7876
vn -0.6582 -0.4311 0.6171
vn -0.5936 -0.3122 0.7418
vn -0.6461 -0.4374 0.6255
vn -0.6777 -0.4992 0.5399
vn -0.6529 -0.5019 0.5674
vn -0.7278 -0.2903 0.6213
vn -0.4786 -0.8774 0.0341
vn -0.4860 -0.8734 0.0303
vn -0.3708 -0.9281 0.0327
vn -0.4263 -0.9041 -0.0293
vn -0.4738 -0.8655 0.1624
vn -0.3800 -0.9249 0.0168
vn -0.3341 -0.9421 -0.0273
vn -0.5342 -0.8447 -0.0331
vn 0.7193 -0.6849 0.1164
vn 0.6348 -0.7618 0.1292
vn 0.6658 -0.7428 0.0705
vn 0.7213 -0.6229 0.3029
vn 0.6052 -0.5726 0.5530
vn 0.7389 -0.6709 0.0626
vn 0.7718 -0.6322 0.0682
vn 0.7519 -0.6178 0.2304
vn 0.8051 -0.5822 0.1132
vn 0.5523 -0.4206 0.7197
vn 0.3904 0.9196 -0.0439
vn 0.3419 0.9395 0.0192
vn 0.3191 0.9463 -0.0520
vn -0.0347 -0.0504 -0.9981
vn 0.4541 0.8902 -0.0377
vn 0.4191 0.9076 0.0255
vn -0.0401 -0.0676 -0.9969
vn 0.7535 0.3872 0.5314
vn 0.7227 0.3862 0.5733
vn 0.7037 0.3164 0.6361
vn 0.7228 0.5263 0.4479
vn 0.7583 0.5737 0.3096
vn 0.6912 0.5670 0.4481
vn 0.8139 0.4275 0.3934
vn 0.8543 0.4313 0.2901
vn 0.8222 0.4788 0.3077
vn 0.8269 0.3853 0.4096
vn 0.6760 0.5055 0.5362
vn 0.7765 0.3619 0.5158
vn 0.7890 0.3095 0.5307
vn 0.8233 0.2935 0.4858
vn 0.1531 -0.0930 -0.9838
vn 0.2982 -0.1318 -0.9454
vn 0.2602 -0.1928 -0.9461
vn 0.1555 -0.0829 -0.9844
vn 0.1070 -0.1392 -0.9845
vn 0.0907 -0.0642 -0.9938
vn -0.6308 0.7644 0.1330
vn -0.4452 0.5607 0.6982
vn -0.5544 0.8230 0.1241
vn -0.6878 0.7237 0.0567
vn -0.6978 0.7037 0.1337
vn -0.5868 0.8078 0.0560
vn -0.5713 0.8207 -0.0044
vn -0.6548 0.7558 -0.0058
vn -0.5619 0.8226 0.0869
vn -0.5576 0.5439 0.6271
vn -0.1940 -0.7612 -0.6188
vn -0.1555 -0.5640 -0.8110
vn -0.6444 -0.1014 -0.7580
vn -0.7085 0.1125 -0.6966
vn 0.1946 -0.8248 -0.5309
vn -0.6361 0.0022 -0.7716
vn 0.7405 -0.1899 -0.6447
vn 0.8079 -0.0735 -0.5847
vn 0.1192 -0.0436 -0.9919
vn 0.0442 -0.1377 0.9895
vn -0.0164 -0.3116 0.9501
vn 0.0462 0.2026 0.9782
vn 0.4226 -0.1688 0.8905
vn 0.0311 -0.4577 0.8886
vn -0.0069 0.2035 0.9790
vn 0.0229 -0.0326 -0.9992
vn 0.0442 -0.0356 -0.9984
vn 0.1985 -0.1314 -0.9713
vn -0.8424 0.5343 -0.0706
vn 0.0472 -0.0229 -0.9986
vn 0.0352 -0.0422 -0.9985
vn -0.7679 0.6051 -0.2103
vn 0.1744 -0.1579 -0.9719
vn -0.8035 0.5952 -0.0088
vn 0.2542 -0.2142 -0.9431
vn 0.0697 0.0881 0.9937
vn -0.0546 -0.3020 0.9518
vn 0.0951 -0.1230 0.9878
vn -0.1170 0.9880 0.1011
vn 0.0264 0.9990 0.0374
vn 0.0857 -0.3255 0.9417
vn 0.1117 0.9911 0.0720
vn 0.9984 0.0198 -0.0528
vn 0.9996 0.0001 -0.0293
vn 0.9999 0.0035 -0.0094
vn 0.9993 -0.0002 -0.0370
vn 0.9829 0.1520 -0.1035
vn 0.9683 0.1742 -0.1789
vn 0.9900 0.1217 -0.0712
vn 0.3839 0.0811 -0.9198
vn 0.1502 0.0336 -0.9881
vn 0.4157 0.1027 -0.9037
vn 0.3662 0.0054 -0.9305
vn 0.4398 0.0106 -0.8980
vn 0.2112 0.0303 -0.9770
vn 0.1142 0.0241 -0.9932
vn -0.5271 0.6698 -0.5229
vn -0.5025 0.7409 -0.4456
vn -0.4714 0.7198 -0.5096
vn -0.5928 0.6757 -0.4382
vn -0.6263 0.5780 -0.5231
vn -0.4746 0.6032 -0.6410
vn -0.4069 0.6192 -0.6716
vn -0.4588 0.4904 -0.7409
vn -0.3983 0.6883 -0.6062
vn -0.5601 0.4853 -0.6713
vn -0.5938 0.5193 -0.6146
vn 0.7301 0.6829 0.0262
vn 0.6702 0.7421 -0.0102
vn 0.6608 0.5856 -0.4696
vn 0.6871 0.7248 0.0506
vn 0.7289 0.6831 -0.0449
vn 0.7122 0.7009 0.0390
vn 0.7065 0.7065 -0.0425
vn 0.7450 0.6609 0.0905
vn 0.7841 0.6200 -0.0279
vn 0.7985 0.5984 0.0663
vn 0.8139 0.5767 -0.0711
vn 0.7816 0.6237 -0.0144
vn 0.2234 0.1973 -0.9545
vn 0.2155 0.2111 -0.9534
vn 0.1040 0.1634 -0.9811
vn 0.1402 0.2344 -0.9620
vn 0.2750 0.2789 -0.9201
vn 0.3242 0.2063 -0.9232
vn 0.6650 0.0090 0.7468
vn 0.7580 0.0468 0.6506
vn 0.4133 -0.5848 0.6980
vn 0.2025 -0.4344 0.8777
vn 0.6299 -0.1221 0.7670
vn 0.1650 -0.0372 0.9856
vn 0.5595 -0.1252 0.8193
vn 0.6981 -0.1254 0.7049
vn 0.0013 -0.0550 0.9985
vn 0.7259 -0.1066 0.6795
vn -0.1094 0.5119 -0.8521
vn -0.1319 0.5936 -0.7939
vn -0.0384 0.2320 -0.9720
vn -0.0404 0.0817 -0.9958
vn -0.1194 0.4430 -0.8885
vn -0.0832 0.5347 -0.8409
vn -0.0403 0.0404 -0.9984
vn -0.6906 -0.7216 0.0478
vn -0.7603 -0.6476 0.0503
vn 0.0083 0.0380 0.9992
vn -0.6293 -0.7766 0.0294
vn -0.5896 -0.8065 0.0435
vn -0.6076 -0.7929 -0.0463
vn 0.0208 0.0582 0.9981
vn -0.6580 -0.7519 -0.0401
vn -0.7138 -0.6993 -0.0391
vn 0.0092 0.0101 0.9999
vn 0.0845 -0.9938 -0.0718
vn 0.0006 -0.9968 -0.0804
vn 0.0993 -0.9536 -0.2843
vn 0.0395 -0.9958 -0.0822
vn 0.0236 -0.9994 -0.0254
vn 0.1219 -0.9776 -0.1716
vn 0.1477 -0.7331 -0.6639
vn 0.1807 -0.9750 -0.1296
vn 0.1126 -0.6830 -0.7217
vn 0.1430 -0.9879 -0.0604
vn 0.1193 0.1986 0.9728
vn -0.0951 -0.0079 0.9954
vn -0.3143 0.5227 0.7924
vn -0.1796 0.0360 0.9831
vn -0.1759 0.0022 0.9844
vn -0.0676 0.0833 0.9942
vn 0.3001 -0.0347 0.9533
vn -0.2860 0.4945 0.8208
vn 0.3287 0.1474 0.9329
vn -0.1379 -0.0651 0.9883
vn 0.1506 0.0622 0.9866
vn -0.0419 -0.0078 0.9991
vn 0.5745 0.2152 0.7897
vn -0.0949 -0.0363 0.9948
vn -0.0120 -0.0416 0.9991
vn -0.0992 -0.6710 -0.7348
vn 0.0232 -0.6436 -0.7650
vn -0.0130 -0.6970 -0.7169
vn -0.1489 -0.7323 -0.6645
vn -0.1683 -0.7386 -0.6528
vn -0.1459 -0.6220 -0.7693
vn -0.0727 -0.5574 -0.8270
vn -0.1793 -0.6468 -0.7412
vn -0.2638 -0.6339 -0.7270
vn -0.2298 -0.5598 -0.7961
vn -0.8917 -0.2922 0.3457
vn -0.9008 -0.1765 0.3968
vn -0.3298 -0.0810 0.9406
vn 0.6227 0.2054 0.7550
vn 0.5346 0.1772 0.8263
vn 0.5446 0.1695 0.8214
vn -0.3308 -0.1307 0.9346
vn 0.6583 0.1431 0.7391
vn -0.8737 -0.3847 0.2978
vn 0.6198 0.2316 0.7498
vn 0.6035 0.2631 0.7527
vn 0.5192 0.2126 0.8278
vn -0.2155 0.2397 0.9466
vn -0.2075 0.2053 0.9565
vn -0.4053 0.4897 0.7719
vn -0.0568 0.0462 0.9973
vn -0.4486 0.4509 0.7717
vn -0.1352 0.2258 0.9647
vn -0.3289 0.5411 0.7740
vn -0.0880 0.0589 0.9944
vn -0.0437 -0.0791 -0.9959
vn -0.0077 0.0164 -0.9998
vn 0.1295 0.2617 -0.9564
vn 0.1575 0.2555 -0.9539
vn -0.0268 -0.0790 -0.9965
vn -0.2730 -0.5428 -0.7943
vn -0.2871 -0.5230 -0.8025
vn -0.0951 0.9812 -0.1682
vn 0.0356 0.9785 -0.2033
vn -0.0247 0.9531 -0.3018
vn -0.1084 0.9941 0.0087
vn -0.1080 0.9800 -0.1670
vn -0.2217 0.9742 0.0418
vn -0.1647 0.9652 0.2030
vn -0.1008 0.9785 0.1801
vn -0.1042 0.9779 0.1814
vn -0.0411 0.9795 0.1974
vn 0.0616 0.9781 0.1987
vn -0.3088 -0.0965 0.9462
vn -0.4610 -0.0579 0.8855
vn -0.4534 -0.1699 0.8750
vn -0.3212 -0.0259 0.9467
vn -0.2922 -0.1657 0.9419
vn -0.2093 0.0029 0.9778
vn -0.2210 -0.0604 0.9734
vn 0.4668 0.8697 -0.1604
vn 0.3873 0.6692 -0.6342
vn 0.3355 0.7309 -0.5943
vn 0.5210 0.8470 -0.1060
vn 0.5561 0.8311 -0.0020
vn 0.5495 0.8336 -0.0564
vn 0.4147 0.8989 -0.1414
vn 0.4855 0.8740 0.0215
vn 0.5268 0.8074 -0.2656
vn 0.4578 0.8758 -0.1531
vn -0.3982 0.9173 0.0024
vn -0.4171 0.9054 0.0790
vn -0.4102 0.9102 -0.0574
vn 0.0284 -0.0456 0.9986
vn -0.2992 0.9541 0.0148
vn 0.0471 -0.0778 0.9959
vn -0.3675 0.9290 -0.0429
vn -0.0904 0.0398 -0.9951
vn -0.3407 0.1120 -0.9335
vn -0.5265 0.1822 -0.8304
vn 0.1177 -0.0369 -0.9924
vn 0.9338 -0.3399 -0.1116
vn 0.2868 -0.0943 -0.9533
vn 0.9654 -0.2498 -0.0751
vn -0.0897 0.0275 -0.9956
vn -0.4615 0.1809 -0.8685
vn 0.3833 -0.1009 -0.9181
vn -0.5207 -0.2484 0.8168
vn -0.4748 -0.2947 0.8293
vn -0.2979 -0.1245 0.9465
vn -0.5220 -0.1901 0.8315
vn -0.9997 0.0003 0.0241
vn -0.9513 -0.0759 -0.2988
vn -0.9947 -0.0016 -0.1028
vn -0.9982 0.0543 -0.0248
vn -0.9910 0.1314 -0.0261
vn -0.9917 0.1162 0.0557
vn -0.9985 -0.0393 0.0391
vn -0.9982 0.0539 0.0259
vn -0.9862 0.1504 -0.0694
vn -0.9998 0.0004 -0.0185
vn -0.9959 0.0583 0.0688
vn -0.9946 0.0334 0.0982
vn -0.9962 -0.0252 0.0835
vn -0.9991 -0.0395 -0.0148
vn -0.0397 0.1607 -0.9862
vn 0.0913 -0.3058 -0.9477
vn -0.0579 0.1438 -0.9879
vn -0.0449 0.1439 -0.9886
vn 0.0175 -0.1804 -0.9834
vn -0.1024 0.6817 -0.7244
vn -0.1706 0.7728 -0.6113
vn 0.0911 0.0531 0.9944
vn -0.2668 -0.1952 0.9438
vn -0.4901 -0.3102 0.8146
vn 0.1188 0.0782 0.9898
vn 0.1781 0.1093 0.9779
vn 0.7280 0.3180 0.6073
vn 0.7876 0.4320 0.4394
vn 0.5885 0.3641 0.7219
vn 0.0432 0.0411 0.9982
vn 0.1386 0.0672 0.9881
vn 0.0369 -0.0532 -0.9979
vn 0.0342 -0.0724 -0.9968
vn -0.3874 0.9196 -0.0652
vn -0.3823 0.9050 -0.1865
vn 0.0906 -0.2415 -0.9662
vn 0.0755 -0.1086 -0.9912
vn 0.1282 -0.2496 -0.9598
vn 0.9521 -0.2930 0.0877
vn -0.0278 0.0076 0.9996
vn 0.9696 -0.2332 0.0748
vn 0.9487 -0.3028 0.0913
vn 0.9236 -0.3790 0.0582
vn -0.0739 0.0375 0.9966
vn -0.0819 0.0267 0.9963
vn 0.9601 -0.2776 -0.0347
vn 0.9458 -0.3233 -0.0319
vn 0.9659 -0.2575 -0.0276
vn -0.1153 -0.0132 -0.9932
vn -0.0567 -0.0320 -0.9979
vn 0.9775 0.2011 -0.0635
vn -0.5430 -0.1233 -0.8306
vn -0.5269 -0.1051 -0.8434
vn 0.9579 0.2795 -0.0661
vn -0.0791 -0.0261 -0.9965
vn -0.1000 -0.4383 0.8932
vn 0.0050 0.0867 0.9962
vn 0.0509 0.0644 0.9966
vn 0.0378 0.0420 0.9984
vn -0.0722 -0.2147 0.9740
vn 0.0679 0.1427 0.9874
vn 0.0541 0.1696 0.9840
vn -0.2459 -0.9441 0.2195
vn 0.0491 0.1364 0.9894
vn 0.1111 -0.0429 -0.9929
vn 0.5480 -0.3036 -0.7795
vn 0.0606 -0.0265 -0.9978
vn -0.4709 0.3451 -0.8119
vn 0.3135 -0.2600 -0.9133
vn -0.2613 0.1460 -0.9541
vn 0.5164 -0.3674 -0.7735
vn -0.2126 0.2511 0.9443
vn -0.1608 0.1232 0.9793
vn -0.1174 0.1617 0.9798
vn -0.3336 0.2918 0.8964
vn -0.2650 0.1664 0.9498
vn -0.1945 0.2721 0.9424
vn -0.2844 0.3530 0.8914
vn -0.2701 -0.9451 0.1840
vn -0.1953 -0.9703 0.1430
vn -0.1770 -0.7687 0.6146
vn -0.3204 -0.9374 0.1367
vn -0.3654 -0.9233 0.1185
vn -0.3091 -0.9440 0.1151
vn -0.3934 -0.9106 0.1269
vn -0.2917 -0.8443 0.4494
vn -0.2172 -0.9719 0.0904
vn -0.1730 -0.6689 0.7229
vn -0.0111 -0.3008 0.9536
vn -0.0510 -0.2837 0.9576
vn -0.0528 -0.4005 0.9148
vn -0.0205 -0.2108 0.9773
vn -0.0161 -0.2111 0.9773
vn 0.0864 -0.2955 0.9514
vn 0.0857 -0.4448 0.8915
vn -0.9039 0.4146 -0.1054
vn -0.9342 0.3497 -0.0702
vn -0.9166 0.3997 -0.0047
vn -0.8552 0.5105 -0.0898
vn -0.7469 0.3329 -0.5757
vn -0.8744 0.4851 0.0125
vn -0.8231 0.3151 -0.4725
vn -0.1482 -0.0375 0.9882
vn 0.3509 0.0681 0.9339
vn -0.1081 -0.0404 0.9933
vn -0.2010 -0.0606 0.9777
vn 0.1707 0.0410 0.9845
vn -0.7307 -0.1202 0.6720
vn -0.7964 -0.1507 0.5857
vn 0.4175 0.2719 -0.8671
vn 0.0616 -0.2725 -0.9602
vn 0.0139 0.0020 -0.9999
vn 0.0579 0.0212 -0.9981
vn 0.0991 0.5676 -0.8173
vn 0.3811 0.4934 -0.7818
vn 0.7325 -0.0025 -0.6807
vn 0.0144 0.0887 -0.9960
vn 0.6038 -0.7711 -0.2021
vn 0.6947 -0.6925 -0.1944
vn 0.5210 -0.8250 -0.2191
vn 0.5359 -0.7878 -0.3036
vn 0.6016 -0.7672 0.2226
vn 0.5377 -0.7855 0.3063
vn 0.5130 -0.8229 0.2442
vn 0.6903 -0.6923 0.2102
vn 0.6684 -0.6852 0.2894
vn -0.3726 0.2685 -0.8883
vn -0.2657 0.1791 -0.9473
vn -0.4113 0.2079 -0.8875
vn -0.2283 0.2480 -0.9415
vn -0.4895 0.3686 -0.7903
vn -0.3513 0.3485 -0.8690
vn -0.5392 0.2561 -0.8023
vn -0.0667 -0.9977 -0.0135
vn -0.1122 -0.9930 0.0375
vn -0.1623 -0.9846 -0.0657
vn -0.1545 -0.9745 -0.1627
vn -0.1515 -0.9534 -0.2608
vn -0.0118 -0.9962 0.0868
vn -0.1145 -0.9827 0.1455
vn -0.1101 -0.9604 -0.2558
vn -0.1818 -0.9806 -0.0740
vn 0.0114 -0.9999 0.0129
vn 0.7673 0.0486 0.6395
vn 0.6901 -0.0648 0.7208
vn 0.7530 -0.0754 0.6537
vn 0.8315 0.0283 0.5548
vn 0.8315 0.0284 0.5548
vn 0.8352 0.0559 0.5470
vn 0.8077 0.1202 0.5772
vn 0.8719 0.1643 0.4613
vn 0.8068 0.2040 0.5544
vn 0.7054 0.1928 0.6820
vn 0.6872 0.0293 0.7259
vn 0.8268 -0.0006 0.5625
vn 0.7644 0.1718 0.6215
vn -0.0710 0.0640 0.9954
vn 0.8637 -0.4934 0.1029
vn 0.8407 -0.5396 0.0463
vn -0.0743 0.0503 0.9960
vn -0.2536 0.1773 0.9509
vn -0.2798 0.2259 0.9331
vn 0.0240 -0.0166 0.9996
vn -0.4506 -0.5663 -0.6901
vn -0.5831 -0.4340 -0.6868
vn -0.4422 -0.4782 -0.7588
vn -0.5346 -0.5916 -0.6035
vn -0.5477 -0.6430 -0.5353
vn -0.6137 -0.5847 -0.5306
vn -0.3499 -0.5832 -0.7331
vn -0.4756 -0.6357 -0.6079
vn -0.4033 -0.7025 -0.5863
vn -0.4631 -0.7136 -0.5256
vn -0.3827 -0.6207 -0.6843
vn -0.6083 -0.5298 -0.5910
vn -0.8043 -0.0212 -0.5939
vn -0.5305 0.0531 -0.8460
vn -0.1648 0.0094 -0.9863
vn 0.4977 -0.0299 -0.8669
vn -0.0903 -0.5308 -0.8427
vn -0.8015 -0.0122 -0.5978
vn 0.6994 -0.0255 -0.7143
vn 0.7023 -0.0498 -0.7101
vn -0.4422 -0.1592 0.8827
vn -0.2779 -0.4095 0.8690
vn -0.5314 0.3149 0.7864
vn -0.4928 0.2886 0.8209
vn -0.0245 0.1224 0.9922
vn -0.1140 -0.0583 0.9918
vn 0.0312 -0.0767 0.9966
vn 0.0733 -0.5546 0.8288
vn 0.0814 -0.4259 0.9011
vn -0.1903 0.9817 0.0082
vn 0.0413 -0.0297 0.9987
vn 0.0493 -0.5437 0.8378
vn -0.1473 0.9884 0.0361
vn -0.5091 0.1442 -0.8485
vn -0.5564 0.0873 -0.8263
vn -0.7337 0.1157 -0.6696
vn -0.5794 0.2408 -0.7787
vn -0.5098 0.2119 -0.8338
vn -0.0855 0.0109 -0.9963
vn -0.0502 -0.0821 0.9954
vn 0.2798 0.3674 0.8870
vn -0.4551 -0.4877 0.7450
vn 0.2336 0.2125 0.9488
vn 0.2101 0.2335 0.9494
vn -0.4663 -0.4627 0.7540
vn -0.0515 -0.0528 0.9973
vn 0.6340 -0.3011 0.7123
vn 0.7179 -0.2835 0.6358
vn 0.6728 -0.2545 0.6947
vn 0.5547 -0.2393 0.7969
vn 0.5151 -0.3125 0.7982
vn 0.6758 -0.3738 0.6353
vn 0.7169 -0.4153 0.5600
vn 0.7453 -0.3511 0.5668
vn 0.5726 -0.3933 0.7194
vn 0.6745 -0.3746 0.6361
vn -0.2413 0.9081 -0.3422
vn -0.1730 0.9203 -0.3508
vn -0.1839 0.8736 -0.4506
vn -0.3214 0.8373 -0.4422
vn -0.3686 0.8512 -0.3736
vn -0.2046 0.9459 -0.2519
vn -0.3275 0.9198 -0.2161
vn -0.3750 0.9270 -0.0064
vn -0.3952 0.8950 -0.2068
vn -0.2153 -0.0597 -0.9747
vn -0.2399 -0.1661 -0.9565
vn -0.3155 -0.2315 -0.9203
vn -0.1704 -0.1178 -0.9783
vn -0.2713 -0.1537 -0.9501
vn -0.2966 -0.1252 -0.9468
vn -0.1723 -0.0559 -0.9835
vn -0.1144 -0.0313 -0.9929
vn -0.0529 -0.0838 -0.9951
vn -0.1195 -0.1195 -0.9856
vn 0.6798 0.7334 -0.0000
vn 0.6749 0.7312 0.0996
vn 0.7248 0.6890 -0.0001
vn 0.6815 0.7286 -0.0684
vn 0.6114 0.7913 0.0001
vn 0.5519 0.8258 0.1157
vn 0.6307 0.7709 -0.0891
vn 0.6312 0.7709 0.0861
vn -0.6243 0.7768 -0.0829
vn -0.5385 0.8391 -0.0771
vn -0.5983 0.8005 0.0352
vn -0.6688 0.7430 0.0258
vn -0.7095 0.6991 -0.0880
vn 0.0233 -0.0482 -0.9986
vn 0.0254 -0.0520 -0.9983
vn -0.6680 0.6360 0.3864
vn -0.6908 0.6591 0.2974
vn -0.7385 0.6105 0.2863
vn -0.7533 0.4949 0.4331
vn -0.7743 0.4176 0.4755
vn -0.6989 0.4510 0.5551
vn -0.5870 0.6763 0.4450
vn -0.8165 0.4890 0.3070
vn -0.5755 0.6221 0.5308
vn 0.8394 0.5420 -0.0401
vn -0.0474 -0.0477 -0.9977
vn 0.8867 0.4605 -0.0403
vn -0.0767 -0.0426 -0.9961
vn 0.8892 0.4554 -0.0439
vn 0.8956 0.4401 0.0655
vn -0.0654 -0.0374 -0.9972
vn 0.8562 0.5140 0.0527
vn 0.0854 -0.1082 -0.9904
vn 0.5123 -0.6150 -0.5995
vn 0.4356 -0.6497 -0.6230
vn 0.0772 -0.1186 -0.9899
vn -0.2007 0.2474 -0.9479
vn -0.2345 0.2394 -0.9422
vn 0.1094 -0.0966 -0.9893
vn -0.3398 -0.5724 0.7463
vn -0.3269 -0.6627 0.6738
vn -0.2669 -0.6320 0.7276
vn -0.2532 -0.5097 0.8223
vn -0.3653 -0.4176 0.8320
vn -0.4404 -0.5723 0.6918
vn -0.4546 -0.4864 0.7461
vn -0.9045 -0.4260 0.0225
vn -0.9054 -0.4162 -0.0842
vn -0.9273 -0.3519 -0.1273
vn -0.8993 -0.4372 -0.0122
vn -0.9045 -0.4259 0.0207
vn -0.8966 -0.4423 0.0200
vn -0.8893 -0.4574 -0.0047
vn -0.8892 -0.4570 0.0221
vn -0.9072 -0.4208 -0.0054
vn -0.9071 -0.4205 0.0197
vn -0.1211 0.1230 -0.9850
vn -0.5597 0.5629 -0.6082
vn -0.4745 0.5795 -0.6626
vn -0.3080 0.2692 -0.9125
vn 0.2295 -0.2147 -0.9493
vn 0.2512 -0.2101 -0.9449
vn -0.0238 0.0440 -0.9987
vn 0.2745 -0.1876 -0.9431
vn -0.0959 0.0833 -0.9919
vn -0.0979 0.1079 -0.9893
vn -0.8037 -0.5842 -0.1129
vn -0.7818 -0.6191 -0.0741
vn -0.8409 -0.5369 -0.0685
vn -0.7412 -0.5182 -0.4266
vn -0.7504 -0.6298 -0.2006
vn -0.7310 -0.6779 -0.0773
vn -0.8296 -0.5410 -0.1383
vn 0.0574 0.1927 0.9796
vn 0.0242 0.1206 0.9924
vn 0.0190 0.1818 0.9832
vn 0.0616 0.3265 0.9432
vn 0.0283 0.1969 0.9800
vn 0.0191 0.3301 0.9438
vn -0.0614 0.0381 0.9974
vn -0.2070 0.5139 0.8325
vn -0.0350 0.0798 0.9962
vn 0.0976 -0.3327 0.9380
vn 0.1174 -0.3095 0.9436
vn 0.2040 -0.3803 0.9021
vn -0.2425 0.4961 0.8337
vn 0.4865 0.2424 -0.8394
vn 0.0254 0.0223 -0.9994
vn 0.5294 0.2213 -0.8190
vn 0.2866 0.1720 -0.9425
vn 0.0778 0.0501 -0.9957
vn 0.2705 0.1803 -0.9457
vn 0.1054 0.0404 -0.9936
vn -0.3075 -0.1720 -0.9359
vn 0.0832 0.0401 -0.9957
vn 0.5362 0.3217 -0.7803
vn 0.5219 0.3319 -0.7858
vn 0.3354 0.1949 -0.9217
vn 0.2999 -0.9463 0.1205
vn 0.3744 -0.9237 0.0814
vn 0.3944 -0.9056 0.1563
vn 0.2963 -0.6970 0.6530
vn 0.2228 -0.6992 0.6794
vn 0.2403 -0.9689 0.0599
vn 0.2043 -0.9722 0.1141
vn -0.5848 -0.0068 -0.8112
vn -0.7106 -0.0421 -0.7024
vn -0.7123 0.0818 -0.6971
vn -0.5902 0.0685 -0.8043
vn -0.4563 0.0282 -0.8894
vn -0.4499 -0.0767 -0.8898
vn -0.5725 -0.1270 -0.8100
vn -0.9392 -0.0262 0.3423
vn -0.8840 -0.0724 0.4619
vn -0.8931 0.0335 0.4485
vn -0.9786 -0.0988 0.1804
vn -0.9984 0.0204 -0.0518
vn -0.9950 -0.0991 -0.0080
vn -0.9502 0.0608 0.3057
vn -0.9714 -0.0000 0.2374
vn -0.9432 -0.1635 0.2891
vn -0.9636 -0.1667 0.2090
vn -0.9204 -0.2442 0.3053
vn -0.8792 -0.1675 0.4460
vn -0.0504 -0.1875 -0.9810
vn 0.0754 0.1360 -0.9878
vn -0.1185 -0.2869 -0.9506
vn 0.0302 0.0568 -0.9979
vn 0.0326 0.0512 -0.9982
vn 0.0293 0.0587 -0.9978
vn 0.0641 0.1469 -0.9871
vn -0.2875 -0.9320 -0.2206
vn -0.1349 -0.4370 -0.8893
vn -0.2513 -0.9280 -0.2752
vn 0.1618 -0.0705 0.9843
vn -0.3068 0.1511 0.9397
vn 0.1289 -0.0872 0.9878
vn 0.1723 -0.0577 0.9833
vn -0.3038 0.1223 0.9448
vn 0.6925 -0.4073 0.5955
vn 0.7338 -0.3303 0.5937
vn 0.1858 0.5958 -0.7813
vn -0.0319 -0.0555 -0.9980
vn 0.0966 0.3250 -0.9408
vn 0.0409 0.3019 -0.9524
vn -0.0691 -0.1196 -0.9904
vn -0.0625 -0.1634 -0.9846
vn 0.0561 0.1643 -0.9848
vn 0.1232 0.3645 -0.9230
vn -0.9770 -0.2128 0.0086
vn 0.0468 0.0159 0.9988
vn -0.9529 -0.2975 0.0587
vn -0.9623 -0.2712 -0.0191
vn -0.9777 -0.2099 -0.0066
vn -0.9918 -0.1198 -0.0447
vn -0.1859 -0.0041 0.9826
vn -0.2497 -0.0301 0.9679
vn 0.0265 0.0762 0.9967
vn 0.3153 0.1086 -0.9428
vn 0.5703 0.2533 -0.7814
vn 0.2945 0.1238 -0.9476
vn -0.1386 -0.0520 -0.9890
vn -0.1451 -0.0384 -0.9887
vn 0.1997 0.0574 -0.9782
vn 0.3270 0.0641 -0.9428
vn -0.0440 -0.5245 0.8503
vn -0.0520 -0.4522 0.8904
vn -0.0196 -0.3435 0.9389
vn 0.1320 0.3297 0.9348
vn 0.0895 0.5677 0.8184
vn 0.4738 0.3209 0.8201
vn -0.0601 -0.6644 0.7449
vn 0.1013 0.3406 0.9347
vn 0.0273 0.1215 0.9922
vn -0.0324 -0.5175 0.8551
vn 0.0552 -0.0695 -0.9961
vn 0.1010 -0.0745 -0.9921
vn 0.4186 -0.4783 -0.7720
vn 0.0849 -0.1051 -0.9908
vn 0.3538 -0.5009 -0.7899
vn -0.1809 0.2526 -0.9505
vn -0.1251 -0.9018 0.4137
vn -0.0907 -0.8414 0.5327
vn -0.1949 -0.8428 0.5018
vn -0.1515 -0.9475 0.2816
vn -0.0292 -0.9488 0.3145
vn 0.0279 -0.8989 0.4373
vn -0.2152 -0.8918 0.3981
vn -0.3054 -0.1381 -0.9421
vn -0.3267 -0.1214 -0.9373
vn -0.1410 -0.0317 -0.9895
vn 0.1333 0.0867 -0.9873
vn 0.1503 0.0477 -0.9875
vn 0.3323 0.0051 0.9432
vn 0.3270 0.0273 0.9446
vn 0.1965 -0.0233 0.9802
vn 0.2916 -0.0590 0.9547
vn 0.2997 -0.1183 0.9467
vn 0.4182 -0.1594 0.8943
vn 0.2064 -0.0183 0.9783
vn 0.1853 -0.0107 0.9826
vn 0.4719 0.0126 0.8815
vn 0.5077 -0.0317 0.8609
vn -0.4549 0.8903 0.0223
vn -0.4523 0.8871 0.0915
vn -0.4078 0.9130 0.0075
vn -0.5491 0.8357 -0.0035
vn -0.5432 0.8255 -0.1533
vn -0.5659 0.8157 -0.1200
vn -0.5441 0.8345 0.0871
vn -0.5442 0.8344 0.0869
vn -0.5467 0.8306 0.1057
vn -0.4297 0.8959 -0.1128
vn -0.0776 -0.1342 0.9879
vn -0.0617 -0.0994 0.9931
vn -0.4394 -0.6746 0.5931
vn -0.3992 -0.6803 0.6146
vn -0.0758 -0.1320 0.9883
vn 0.1295 0.2917 0.9477
vn 0.1663 0.2887 0.9429
vn 0.2889 -0.1073 0.9513
vn 0.0384 -0.0120 0.9992
vn 0.2471 -0.1390 0.9590
vn 0.1462 -0.0397 0.9885
vn 0.5901 -0.2634 0.7632
vn 0.0427 0.0028 0.9991
vn 0.0578 -0.0153 0.9982
vn 0.6079 -0.2263 0.7611
vn 0.2319 -0.0916 0.9684
vn 0.5649 -0.3209 0.7602
vn -0.1644 -0.3078 0.9371
vn -0.1649 -0.2523 0.9535
vn -0.1715 -0.2470 0.9537
vn 0.0745 0.1205 0.9899
vn -0.1329 -0.2892 0.9480
vn 0.0299 0.0601 0.9977
vn 0.0671 0.1056 0.9921
vn 0.1197 -0.6801 -0.7233
vn 0.0295 -0.5013 -0.8648
vn 0.1376 -0.6097 -0.7806
vn -0.9811 0.1816 0.0669
vn -0.9929 0.0904 0.0775
vn -0.8248 0.0853 0.5590
vn -0.9834 0.1503 0.1012
vn -0.7697 0.1730 0.6146
vn -0.9600 0.2667 0.0856
vn -0.9670 0.2541 -0.0181
vn -0.9894 0.1450 -0.0064
vn -0.9665 0.2426 0.0836
vn -0.9721 0.2292 0.0503
vn -0.7845 -0.1615 -0.5987
vn -0.6647 -0.1032 -0.7400
vn -0.7736 -0.2605 -0.5777
vn -0.9873 -0.1434 -0.0680
vn -0.9802 -0.1754 -0.0916
vn 0.0796 0.8990 0.4307
vn -0.0421 0.9175 0.3955
vn 0.0388 0.8101 0.5850
vn 0.1531 0.9187 0.3642
vn -0.0149 0.9376 0.3473
vn 0.1969 0.8849 0.4221
vn 0.1495 0.8077 0.5704
vn 0.4887 -0.6886 -0.5357
vn 0.4745 -0.7566 -0.4499
vn 0.4229 -0.7366 -0.5278
vn 0.5369 -0.5755 -0.6169
vn 0.4234 -0.6689 -0.6110
vn 0.3976 -0.6148 -0.6811
vn 0.4561 -0.5514 -0.6985
vn 0.3970 -0.6949 -0.5995
vn -0.0978 -0.4864 0.8682
vn 0.0016 -0.5524 0.8336
vn -0.2229 -0.5029 0.8351
vn -0.2368 -0.5808 0.7789
vn -0.1770 -0.3708 0.9117
vn -0.0904 -0.6531 0.7519
vn -0.1353 -0.3978 0.9075
vn 0.0294 0.0260 -0.9992
vn -0.1137 0.1863 -0.9759
vn -0.0777 0.1427 -0.9867
vn 0.0493 -0.1178 -0.9918
vn -0.0700 0.1075 -0.9917
vn 0.1714 -0.2582 -0.9507
vn -0.0865 0.1276 -0.9880
vn -0.3068 0.5039 -0.8074
vn -0.3222 0.6973 -0.6403
vn -0.3554 0.7256 -0.5893
vn 0.2663 -0.4755 -0.8384
vn -0.3176 -0.7272 0.6085
vn -0.0863 -0.1974 0.9765
vn -0.4835 -0.8663 0.1254
vn 0.7552 -0.3051 0.5802
vn 0.7123 -0.2878 0.6402
vn 0.7858 -0.4250 0.4493
vn 0.8330 -0.3284 0.4453
vn 0.1092 -0.9940 0.0016
vn 0.0939 -0.9847 0.1471
vn 0.1050 -0.9927 0.0601
vn 0.1054 -0.9944 0.0015
vn 0.1051 -0.9942 0.0243
vn 0.1378 -0.9897 0.0395
vn 0.1380 -0.9904 0.0055
vn 0.0765 -0.9970 0.0102
vn 0.0183 -0.9974 -0.0695
vn -0.0646 -0.9978 0.0157
vn 0.1033 -0.9927 -0.0625
vn 0.0484 -0.9985 0.0260
vn 0.0642 0.0842 0.9944
vn -0.5839 -0.7232 0.3689
vn 0.2923 0.5464 0.7849
vn 0.3897 0.5115 0.7658
vn 0.3335 0.5280 0.7810
vn 0.2111 0.3503 0.9125
vn 0.2533 0.3861 0.8870
vn -0.1863 0.9824 -0.0139
vn -0.3076 0.9495 -0.0613
vn 0.0669 -0.1012 -0.9926
vn -0.1416 0.9898 0.0133
vn -0.1684 0.9857 0.0111
vn -0.0084 0.5022 -0.8647
vn 0.1207 0.0854 -0.9890
vn -0.0449 0.6710 -0.7401
vn -0.2458 0.9691 0.0207
vn 0.0862 -0.0530 -0.9949
vn -0.3598 0.1071 0.9269
vn -0.6246 0.1565 0.7651
vn 0.2595 -0.0771 0.9627
vn -0.6884 0.0693 0.7220
vn 0.4095 -0.0629 0.9101
vn -0.3594 0.1092 0.9268
vn -0.6216 0.2117 0.7542
vn -0.6067 0.2258 0.7622
vn -0.4036 0.1202 0.9070
vn 0.2700 0.1910 -0.9437
vn 0.4975 0.3197 -0.8064
vn -0.0441 -0.0338 -0.9985
vn -0.0672 -0.0615 -0.9958
vn -0.0403 -0.0322 -0.9987
vn -0.0297 -0.0378 -0.9988
vn 0.2425 0.2223 -0.9443
vn 0.9851 -0.1651 0.0478
vn 0.9837 -0.0657 -0.1674
vn 0.9978 -0.0670 0.0013
vn 0.9560 -0.1890 -0.2245
vn 0.9474 -0.1283 0.2932
vn 0.9346 -0.2080 0.2886
vn 0.9699 -0.2434 -0.0014
vn 0.9514 -0.2379 -0.1957
vn -0.1783 0.6908 0.7007
vn -0.2436 0.6372 0.7312
vn -0.1786 0.6279 0.7575
vn -0.1803 0.7766 0.6036
vn -0.2700 0.7706 0.5772
vn -0.2827 0.7239 0.6293
vn -0.1989 0.8615 0.4672
vn -0.0548 0.6706 0.7398
vn -0.1399 0.8051 0.5764
vn -0.1078 0.7553 0.6464
vn 0.0893 0.0427 -0.9951
vn -0.2553 -0.2022 -0.9455
vn 0.1082 0.0716 -0.9915
vn 0.1546 0.1176 -0.9810
vn 0.3738 0.1882 -0.9082
vn -0.4517 -0.2884 -0.8443
vn 0.3221 0.1781 -0.9298
vn 0.5428 0.3411 -0.7674
vn -0.1301 0.2923 0.9474
vn -0.1365 0.3997 0.9064
vn 0.0777 -0.0823 0.9936
vn -0.0966 0.3161 0.9438
vn -0.0525 0.1210 0.9913
vn 0.0561 -0.1452 0.9878
vn 0.0615 -0.1458 0.9874
vn 0.9828 -0.1358 -0.1253
vn 0.9898 -0.1373 0.0375
vn 0.9989 -0.0138 -0.0448
vn -0.0307 0.0510 -0.9982
vn 0.1862 0.7651 -0.6164
vn 0.2007 0.6522 -0.7310
vn 0.0572 0.1607 -0.9853
vn 0.2551 0.8998 -0.3539
vn 0.1077 0.7973 -0.5940
vn 0.1941 0.9315 -0.3075
vn 0.0567 0.2132 -0.9754
vn 0.9313 -0.3574 -0.0707
vn 0.9458 -0.3161 -0.0740
vn 0.9551 -0.2920 -0.0506
vn 0.9325 -0.3556 0.0630
vn 0.9552 -0.2920 0.0483
vn 0.9471 -0.3129 0.0715
vn 0.9093 -0.4069 0.0876
vn 0.8748 -0.4808 0.0595
vn 0.9115 -0.3996 -0.0977
vn 0.8814 -0.4705 -0.0428
vn -0.2653 0.3149 -0.9113
vn -0.1258 0.4526 -0.8828
vn -0.1548 0.5801 -0.7997
vn -0.0742 0.4361 -0.8968
vn -0.3617 0.4733 -0.8032
vn -0.0770 0.3117 -0.9471
vn -0.1470 0.2387 -0.9599
vn -0.2009 0.5415 -0.8163
vn -0.2463 -0.5781 -0.7779
vn -0.8435 0.5272 0.1025
vn -0.8034 0.5954 -0.0060
vn -0.8837 0.4566 0.1028
vn -0.8960 0.4248 0.1295
vn -0.7272 0.3383 0.5973
vn -0.8517 0.5188 0.0742
vn -0.8327 0.5439 0.1039
vn -0.8505 0.5182 0.0904
vn -0.8788 0.4652 0.1068
vn -0.6221 0.2881 0.7280
vn -0.7656 0.4964 0.4093
vn -0.9205 0.3558 0.1617
vn -0.9166 0.3926 0.0752
vn 0.0422 -0.0318 0.9986
vn -0.5606 0.7730 -0.2971
vn -0.3962 0.8071 -0.4378
vn -0.3488 0.7902 -0.5039
vn -0.4792 0.8282 -0.2905
vn 0.1093 0.0994 0.9890
vn 0.6506 0.4628 0.6021
vn 0.5870 0.5160 0.6239
vn 0.1241 0.1213 0.9848
vn -0.0735 -0.0709 0.9948
vn -0.2488 -0.2225 0.9426
vn 0.8870 -0.4598 -0.0425
vn -0.6808 -0.3877 -0.6214
vn -0.6472 -0.3772 -0.6625
vn -0.5137 -0.3699 -0.7741
vn -0.6974 -0.5085 -0.5051
vn 0.7147 0.6273 0.3093
vn 0.7592 0.6213 0.1939
vn 0.7113 0.6819 0.1705
vn 0.6395 0.6209 0.4534
vn 0.5924 0.7385 0.3220
vn 0.5914 0.8017 0.0870
vn 0.5497 0.7751 0.3116
vn 0.5627 0.6975 0.4437
vn 0.6423 -0.7598 -0.1009
vn 0.5623 -0.8163 -0.1319
vn 0.6457 -0.6049 -0.4660
vn 0.0852 0.0827 0.9929
vn 0.1175 0.0971 0.9883
vn 0.1209 0.1103 0.9865
vn -0.0657 -0.1553 0.9857
vn -0.0910 -0.1764 0.9801
vn -0.0759 -0.1755 0.9816
vn -0.1045 0.0394 0.9937
vn -0.1834 0.0635 0.9810
vn 0.1146 -0.0386 0.9927
vn 0.1043 -0.1618 0.9813
vn 0.1227 -0.1729 0.9773
vn -0.0354 -0.1609 0.9863
vn 0.0446 -0.2155 0.9755
vn -0.1020 0.2034 0.9738
vn 0.0690 0.1690 0.9832
vn -0.0729 0.0866 0.9936
vn 0.1719 -0.0782 0.9820
vn -0.1502 0.0256 0.9883
vn 0.1453 -0.0534 0.9879
vn 0.2028 -0.0103 0.9792
vn -0.1578 -0.0655 0.9853
vn -0.1293 -0.1814 0.9749
vn 0.1433 -0.0127 0.9896
vn -0.0818 -0.2355 0.9684
vn -0.2101 -0.0223 0.9774
vn -0.0097 0.0427 0.9990
vn -0.0452 -0.0717 0.9964
vn -0.1135 -0.2464 0.9625
vn -0.0532 -0.0548 0.9971
vn -0.1222 -0.4923 0.8618
vn -0.0618 -0.1242 0.9903
vn 0.2374 0.9707 0.0382
vn 0.3251 0.9455 0.0177
vn 0.3699 0.9287 0.0272
vn 0.0926 0.0285 -0.9953
vn 0.5287 0.1651 -0.8326
vn 0.5651 0.1126 -0.8173
vn 0.1273 0.0457 -0.9908
vn -0.9612 -0.2475 -0.1221
vn -0.4553 0.3720 -0.8089
vn -0.3813 0.3110 -0.8706
vn -0.3982 0.2834 -0.8724
vn -0.0835 0.0632 -0.9945
vn 0.1412 -0.0966 -0.9853
vn 0.2646 -0.2478 -0.9320
vn 0.1087 -0.1104 -0.9879
vn -0.4400 0.3963 -0.8058
vn -0.4788 0.3623 -0.7997
vn 0.9654 0.2568 -0.0455
vn 0.9841 0.1752 -0.0302
vn 0.9592 0.2807 -0.0334
vn 0.9747 0.2004 0.0990
vn 0.9497 0.2767 0.1466
vn 0.9663 0.2538 0.0434
vn 0.9891 0.1407 0.0437
vn 0.9577 0.2827 0.0542
vn 0.1351 0.7199 -0.6808
vn 0.1584 0.6042 -0.7809
vn 0.0671 0.6184 -0.7830
vn 0.0363 0.7340 -0.6782
vn 0.1242 0.7876 -0.6036
vn 0.1936 0.7720 -0.6054
vn 0.2690 0.6834 -0.6787
vn 0.3181 0.6276 -0.7106
vn 0.2435 0.5966 -0.7647
vn 0.2890 0.7085 -0.6438
vn 0.1786 -0.2171 0.9597
vn 0.2178 -0.1952 0.9563
vn 0.0304 -0.0455 0.9985
vn 0.4216 -0.4875 0.7646
vn 0.3172 -0.5136 0.7973
vn 0.0634 -0.0914 0.9938
vn 0.0929 -0.0807 0.9924
vn 0.0159 -0.0475 0.9987
vn 0.1396 -0.2319 0.9627
vn 0.4749 -0.4365 0.7642
vn -0.0018 -0.1970 -0.9804
vn 0.0331 -0.2529 -0.9669
vn 0.0241 -0.4771 -0.8785
vn 0.4005 0.0031 -0.9163
vn 0.1215 0.1092 -0.9866
vn -0.0430 -0.2082 -0.9771
vn -0.0712 -0.1462 -0.9867
vn -0.4472 -0.0016 -0.8944
vn -0.0687 -0.1444 -0.9871
vn 1.0000 -0.0000 -0.0000
vn 0.9959 -0.0742 0.0516
vn 0.9227 -0.0038 0.3855
vn 0.8543 -0.0014 0.5198
vn 0.7971 -0.5608 -0.2240
vn 0.8174 -0.5363 -0.2103
vn 0.7379 -0.6507 -0.1789
vn -0.7752 -0.6054 0.1803
vn -0.7685 -0.5701 0.2906
vn -0.8311 -0.5338 0.1560
vn -0.7695 -0.6095 -0.1909
vn -0.6881 -0.6620 -0.2971
vn -0.6866 -0.6900 -0.2291
vn -0.8305 -0.5363 -0.1506
vn -0.7642 -0.5798 -0.2826
vn -0.6873 -0.6622 0.2984
vn -0.6791 -0.7052 0.2040
vn 0.2103 0.3776 0.9018
vn 0.3574 0.4130 0.8377
vn 0.2920 0.5004 0.8151
vn 0.1561 0.2401 0.9581
vn 0.2819 0.2984 0.9119
vn 0.1915 0.4506 0.8719
vn 0.0943 0.3174 0.9436
vn 0.0051 -0.0109 -0.9999
vn -0.0158 0.0231 -0.9996
vn 0.2072 0.4109 -0.8878
vn 0.0940 0.0030 -0.9956
vn 0.1184 -0.1136 -0.9864
vn -0.1841 0.0189 -0.9827
vn -0.0922 0.9606 0.2622
vn 0.0226 0.9691 0.2456
vn -0.0100 0.9962 0.0862
vn -0.0630 0.5242 0.8492
vn -0.0314 0.2419 0.9698
vn -0.0125 0.5049 0.8631
vn -0.0872 0.4723 0.8771
vn -0.1071 0.4285 0.8972
vn -0.0475 0.1579 0.9863
vn -0.1152 0.9399 0.3213
vn -0.1352 0.9838 0.1177
vn -0.1766 0.9499 0.2580
vn -0.0594 0.9960 0.0671
vn -0.0370 0.1257 0.9914
vn 0.0501 0.0729 -0.9961
vn 0.1771 0.2631 -0.9484
vn 0.1805 0.2622 -0.9480
vn -0.5331 -0.8077 -0.2519
vn 0.0090 0.0124 -0.9999
vn 0.0393 0.0731 -0.9965
vn -0.5509 -0.8219 -0.1448
vn 0.0156 -0.6361 0.7715
vn 0.7248 0.3401 0.5992
vn 0.4267 0.0629 0.9022
vn 0.1185 0.1351 0.9837
vn 0.1678 -0.0534 0.9844
vn 0.7607 0.0174 0.6488
vn 0.0523 -0.6443 0.7630
vn -0.2005 0.0266 -0.9793
vn -0.7944 0.1709 -0.5829
vn -0.1688 0.0513 -0.9843
vn 0.1422 0.1622 -0.9765
vn -0.1738 0.0009 -0.9848
vn -0.7891 0.0963 -0.6067
vn -0.9078 -0.4022 0.1193
vn -0.7759 -0.4068 0.4822
vn -0.7498 -0.3506 0.5611
vn -0.9259 -0.3648 0.0979
vn -0.9167 -0.3926 0.0747
vn -0.8969 -0.4191 0.1410
vn 0.0206 0.3385 -0.9407
vn -0.0252 0.3178 -0.9478
vn 0.0045 0.4449 -0.8956
vn 0.1179 0.2790 -0.9530
vn 0.0734 0.1638 -0.9838
vn 0.0830 0.4807 -0.8730
vn 0.1087 0.1426 -0.9838
vn 0.0068 0.2162 -0.9763
vn 0.1769 0.4368 -0.8820
vn 0.2000 0.3612 -0.9108
vn -0.2649 0.5615 -0.7839
vn -0.2277 0.6023 -0.7651
vn -0.2606 0.5724 -0.7775
vn -0.2829 0.5408 -0.7922
vn -0.2726 0.5416 -0.7952
vn 0.3701 -0.8881 -0.2724
vn 0.2428 -0.9312 -0.2719
vn 0.1237 -0.2853 -0.9504
vn 0.4272 -0.8526 -0.3009
vn -0.1424 -0.1243 0.9820
vn -0.1348 -0.0733 0.9882
vn 0.0532 -0.0848 -0.9950
vn 0.1783 -0.6082 -0.7735
vn 0.0453 -0.0658 -0.9968
vn 0.0618 -0.0886 -0.9941
vn 0.1539 -0.6408 -0.7522
vn -0.0519 0.5047 -0.8618
vn -0.0466 0.3004 -0.9527
vn -0.6074 0.1818 0.7733
vn -0.5458 0.1959 0.8147
vn -0.6365 0.2824 0.7177
vn -0.6297 0.0885 0.7718
vn -0.6595 0.0052 0.7517
vn -0.5783 -0.0060 0.8158
vn -0.4734 0.0316 0.8803
vn -0.5469 0.0774 0.8336
vn -0.6828 0.1416 0.7168
vn -0.6869 0.1226 0.7163
vn -0.9266 -0.2404 -0.2891
vn -0.8353 -0.3197 -0.4472
vn -0.8787 -0.3869 -0.2796
vn -0.9439 -0.3271 -0.0446
vn -0.9730 -0.2162 -0.0802
vn -0.9437 -0.1486 -0.2956
vn -0.8632 -0.1741 -0.4739
vn 0.3281 0.6993 0.6351
vn 0.3223 0.6257 0.7103
vn 0.4465 0.5897 0.6730
vn 0.4195 0.7186 0.5547
vn 0.4650 0.7565 0.4598
vn 0.3471 0.7874 0.5093
vn 0.4355 0.6722 0.5987
vn 0.4986 0.6841 0.5323
vn 0.2776 0.7015 0.6564
vn 0.3002 0.7298 0.6143
vn 0.1191 -0.0422 -0.9920
vn 0.1321 -0.1170 -0.9843
vn 0.2528 -0.2465 -0.9356
vn 0.1277 -0.0794 -0.9886
vn -0.1190 0.1282 -0.9846
vn -0.0625 -0.1827 0.9812
vn -0.0368 -0.1325 0.9905
vn -0.0525 -0.2240 0.9732
vn -0.0372 0.3165 0.9479
vn 0.0816 0.3194 0.9441
vn -0.3140 -0.0370 -0.9487
vn 0.6775 0.0109 -0.7354
vn 0.1689 0.0813 -0.9823
vn 0.5222 0.1043 -0.8464
vn -0.9660 -0.1955 -0.1692
vn -0.7101 0.3906 -0.5859
vn -0.7907 0.3491 -0.5030
vn -0.7500 0.4344 -0.4988
vn -0.6177 0.3534 -0.7025
vn -0.6312 0.4833 -0.6066
vn -0.6706 0.2494 -0.6986
vn -0.7275 0.2472 -0.6400
vn -0.8090 -0.3884 0.4413
vn -0.8428 -0.3019 0.4455
vn -0.7246 -0.2648 0.6362
vn -0.7940 -0.1997 0.5742
vn 0.3476 0.8788 -0.3268
vn 0.3571 0.8244 -0.4391
vn 0.2865 0.8453 -0.4510
vn 0.4312 0.8447 -0.3172
vn 0.3788 0.8952 -0.2348
vn 0.1934 0.9380 -0.2878
vn 0.0895 0.9390 -0.3321
vn 0.1773 0.9634 -0.2012
vn 0.1475 0.8793 -0.4529
vn 0.2787 0.9447 -0.1728
vn 0.2852 0.9585 -0.0012
vn 0.3487 0.9312 0.1062
vn 0.5493 -0.8277 0.1149
vn 0.4933 -0.5861 0.6428
vn 0.4445 -0.6475 0.6190
vn 0.5280 -0.8397 0.1270
vn 0.5155 -0.8537 0.0744
vn 0.5677 -0.8184 0.0888
vn -0.0220 0.5230 -0.8521
vn -0.0001 1.0000 0.0078
vn 0.0432 0.9991 0.0017
vn -0.0702 0.9975 0.0115
vn 0.0606 0.2034 -0.9772
vn 0.0937 0.9939 -0.0576
vn -0.1086 0.9939 0.0179
vn -0.0102 0.4828 -0.8757
vn 0.8188 0.1788 0.5455
vn 0.7688 0.2347 0.5948
vn 0.1543 0.0470 0.9869
vn 0.1576 0.0349 0.9869
vn 0.9871 0.1581 0.0246
vn 0.9823 0.1574 0.1017
vn 0.6879 0.1332 0.7135
vn 0.4045 -0.2163 -0.8886
vn 0.2860 -0.1517 -0.9462
vn 0.4096 -0.1462 -0.9005
vn -0.4472 0.8944 -0.0035
vn -0.4007 0.8958 0.1922
vn -0.5379 0.8219 0.1876
vn -0.6510 0.7306 0.2057
vn -0.5679 0.7662 0.3007
vn -0.5332 0.8234 -0.1941
vn -0.6477 0.7344 -0.2028
vn -0.4844 0.8235 0.2953
vn -0.0707 -0.1320 -0.9887
vn -0.0770 -0.1286 -0.9887
vn 0.3388 0.4388 -0.8323
vn 0.3997 -0.0644 -0.9144
vn 0.1592 -0.0406 -0.9864
vn 0.3040 -0.0682 -0.9502
vn 0.5979 -0.1311 -0.7908
vn 0.1212 -0.0329 -0.9921
vn 0.5430 -0.1545 -0.8254
vn 0.4432 -0.0945 -0.8914
vn 0.3814 -0.1042 -0.9185
vn 0.6454 -0.0859 -0.7590
vn -0.0492 0.0876 0.9949
vn 0.1143 -0.4056 0.9069
vn 0.1654 -0.9694 0.1813
vn 0.0278 -0.0930 0.9953
vn -0.0415 -0.0879 0.9953
vn -0.0943 0.3402 0.9356
vn -0.0928 0.3066 0.9473
vn -0.8207 0.0478 0.5694
vn -0.8037 -0.0663 0.5913
vn 0.0819 0.1362 -0.9873
vn -0.9660 0.2350 -0.1074
vn -0.9707 0.2179 -0.1012
vn -0.6782 0.1926 -0.7092
vn -0.9372 0.3470 -0.0343
vn -0.9071 -0.0164 -0.4207
vn -0.9994 -0.0030 -0.0358
vn -0.8194 0.0043 -0.5732
vn -0.9983 0.0009 -0.0582
vn -0.1168 -0.0396 -0.9924
vn -0.1852 -0.0282 -0.9823
vn 0.1364 0.9341 0.3298
vn 0.0941 0.9777 0.1875
vn 0.0700 0.5407 0.8383
vn -0.4031 0.3961 0.8250
vn -0.4869 0.2948 0.8222
vn -0.3871 0.4717 0.7922
vn -0.4516 0.5228 0.7230
vn -0.5287 0.3875 0.7552
vn -0.0987 0.2157 0.9715
vn -0.7741 0.0284 0.6324
vn 0.0884 -0.6565 0.7492
vn -0.0554 -0.6305 0.7742
vn 0.0276 0.1815 0.9830
vn -0.3095 0.1012 0.9455
vn -0.1325 -0.6596 0.7398
vn -0.0930 -0.6021 0.7930
vn -0.1245 -0.5702 0.8120
vn 0.7910 0.1873 -0.5824
vn 0.8388 0.2954 -0.4574
vn 0.8731 0.1618 -0.4598
vn 0.7507 0.3239 -0.5757
vn 0.7421 0.2194 -0.6333
vn 0.7527 0.1465 -0.6418
vn 0.8154 0.1505 -0.5590
vn 0.1299 -0.0759 -0.9886
vn 0.0193 0.0030 -0.9998
vn -0.4240 0.3556 -0.8329
vn -0.4640 0.3892 -0.7958
vn -0.3816 0.3617 -0.8506
vn -0.1053 0.0981 -0.9896
vn -0.5344 -0.7309 0.4245
vn -0.4623 -0.7840 0.4143
vn -0.4664 -0.6991 0.5419
vn -0.5228 -0.8031 0.2858
vn -0.6157 -0.6580 0.4335
vn -0.5742 -0.6497 0.4981
vn -0.6156 -0.5707 0.5434
vn -0.6109 -0.7309 0.3043
vn -0.6891 -0.5665 0.4519
vn -0.8551 -0.3777 -0.3553
vn -0.9188 -0.3945 -0.0112
vn 0.9951 -0.0991 0.0025
vn 0.9894 -0.1440 -0.0210
vn 0.9986 -0.0532 0.0001
vn 0.9802 -0.1717 0.0985
vn 0.9845 -0.1583 0.0755
vn 0.8223 -0.0950 0.5611
vn -0.0160 0.8761 -0.4819
vn -0.0320 0.8416 -0.5391
vn -0.0163 0.8447 -0.5350
vn 0.0314 0.8779 -0.4778
vn -0.1001 0.8797 -0.4649
vn -0.1530 0.8454 -0.5117
vn 0.5476 0.4989 0.6717
vn 0.4192 0.5058 0.7539
vn 0.5263 0.5795 0.6223
vn 0.5987 0.4211 0.6814
vn 0.6151 0.4700 0.6330
vn 0.5287 0.5789 0.6208
vn 0.5115 0.4073 0.7566
vn 0.0503 -0.1459 -0.9880
vn 0.0532 -0.1665 -0.9846
vn 0.0577 -0.4868 -0.8716
vn -0.1112 0.0144 0.9937
vn -0.2137 -0.0978 0.9720
vn 0.0259 -0.0172 0.9995
vn 0.0387 0.0240 0.9990
vn -0.2214 0.0638 0.9731
vn 0.0936 -0.2216 0.9706
vn -0.2520 -0.6055 0.7549
vn -0.5613 -0.8161 -0.1374
vn -0.4890 -0.8618 -0.1347
vn -0.5481 -0.8328 -0.0774
vn -0.6101 -0.7890 -0.0719
vn -0.6525 -0.7549 -0.0659
vn -0.6640 -0.7450 -0.0632
vn -0.3822 -0.6794 -0.6263
vn -0.6153 -0.7844 -0.0789
vn -0.4035 -0.6028 -0.6884
vn -0.6009 -0.7762 -0.1911
vn 0.2579 0.0580 0.9644
vn 0.2101 0.1824 0.9605
vn 0.5115 -0.3232 -0.7962
vn 0.5595 -0.4211 -0.7139
vn 0.4623 -0.4227 -0.7795
vn 0.5449 -0.2382 -0.8040
vn 0.6301 -0.3087 -0.7126
vn 0.3386 -0.3225 -0.8839
vn -0.3981 0.8436 0.3604
vn -0.3466 0.8320 0.4332
vn -0.2679 0.8925 0.3628
vn -0.5154 0.7285 0.4512
vn -0.3031 0.9304 0.2063
vn -0.4431 0.7857 0.4317
vn -0.1128 -0.2846 0.9520
vn -0.1659 -0.2480 0.9544
vn 0.7053 0.6811 -0.1965
vn 0.6064 0.5488 -0.5754
vn 0.5715 0.6538 -0.4958
vn 0.6374 0.7250 -0.2609
vn 0.7459 0.6644 -0.0465
vn 0.7952 0.6063 -0.0000
vn 0.8003 0.5784 -0.1581
vn 0.8224 0.5624 -0.0855
vn -0.5298 0.8474 0.0347
vn -0.4927 0.8702 -0.0077
vn -0.0062 0.0602 0.9982
vn 0.0329 -0.0664 0.9973
vn -0.6346 0.7724 0.0265
vn -0.5978 0.8005 -0.0431
vn -0.5127 0.8575 -0.0436
vn -0.7840 0.4352 -0.4426
vn -0.8281 0.3257 -0.4562
vn -0.8576 0.4045 -0.3175
vn -0.7482 0.5018 -0.4340
vn -0.8041 0.5020 -0.3183
vn 0.0453 0.0112 0.9989
vn 0.2370 0.0558 0.9699
vn 0.9204 0.3738 0.1145
vn 0.9192 0.3782 0.1096
vn 0.9236 0.3777 -0.0660
vn 0.2533 0.0840 0.9637
vn 0.2651 0.1120 0.9577
vn 0.9434 0.3288 -0.0439
vn 0.4829 0.7580 -0.4384
vn 0.4037 0.7175 -0.5676
vn 0.3075 0.7711 -0.5576
vn -0.2505 0.2470 0.9361
vn 0.1032 -0.1216 0.9872
vn 0.1088 -0.1063 0.9884
vn 0.0893 -0.0355 0.9954
vn -0.1276 0.1208 0.9844
vn -0.2139 0.2495 0.9445
vn -0.3082 -0.4607 -0.8324
vn -0.2796 -0.3281 -0.9023
vn -0.1910 -0.4305 -0.8822
vn -0.4078 -0.3207 -0.8549
vn 0.8052 0.5659 -0.1772
vn 0.8028 0.5657 0.1883
vn 0.7102 0.6816 -0.1764
vn 0.7484 0.6255 -0.2208
vn 0.7429 0.5835 -0.3281
vn 0.7016 0.6294 -0.3341
vn -0.0939 0.1322 0.9868
vn -0.4715 0.6826 0.5583
vn -0.0974 0.1037 0.9898
vn -0.9881 -0.1245 0.0906
vn -0.9744 -0.1939 0.1138
vn -0.9924 -0.1165 0.0382
vn -0.9992 -0.0000 0.0403
vn -0.9996 0.0231 0.0172
vn -0.9999 -0.0000 0.0146
vn -0.9990 -0.0387 0.0205
vn -0.9992 -0.0046 0.0395
vn -1.0000 -0.0000 -0.0000
vn -0.9214 -0.0428 0.3863
vn -0.0341 0.1929 -0.9806
vn -0.0515 0.1364 -0.9893
vn -0.0286 0.2744 -0.9612
vn -0.0867 0.1688 -0.9818
vn 0.0318 0.2903 -0.9564
vn -0.0339 0.8461 -0.5319
vn 0.0992 0.1645 -0.9814
vn 0.0163 0.1645 -0.9862
vn 0.0640 0.8121 -0.5800
vn 0.0618 0.1228 -0.9905
vn 0.4659 -0.4213 0.7781
vn 0.3942 -0.5784 0.7142
vn 0.4550 -0.5339 0.7127
vn 0.3509 -0.3060 0.8850
vn 0.3728 -0.4316 0.8214
vn -0.6877 0.6569 -0.3091
vn -0.6834 0.5945 -0.4237
vn -0.7325 0.6048 -0.3125
vn -0.7323 0.6447 -0.2195
vn -0.1822 -0.7645 -0.6183
vn -0.1264 -0.7788 -0.6144
vn -0.0817 -0.8293 -0.5529
vn -0.1814 -0.8300 -0.5275
vn 0.0110 -0.7861 -0.6180
vn -0.5767 -0.0427 0.8159
vn 0.5663 0.0851 0.8198
vn 0.7231 0.0294 0.6902
vn -0.8688 -0.0403 0.4935
vn -0.0540 0.0068 0.9985
vn -0.3144 0.2411 0.9182
vn -0.1291 0.1140 0.9851
vn -0.4731 0.4008 0.7846
vn 0.6456 0.7636 -0.0119
vn -0.0492 -0.0508 -0.9975
vn 0.4147 0.3468 0.8413
vn 0.1758 -0.0215 -0.9842
vn -0.3250 0.0868 -0.9417
vn -0.4815 -0.7024 -0.5241
vn 0.0272 -0.1213 -0.9922
vn 0.0768 -0.0642 -0.9950
vn 0.0675 -0.0520 -0.9964
vn -0.0662 0.3585 0.9312
vn 0.0449 -0.2200 0.9745
vn -0.1305 0.5937 0.7940
vn 0.0811 -0.5468 0.8333
vn -0.1036 0.6436 0.7583
vn -0.0601 0.6763 0.7341
vn -0.2737 -0.3434 0.8984
vn -0.2680 -0.2368 0.9339
vn -0.3889 -0.3011 0.8707
vn -0.7940 -0.6072 -0.0288
vn -0.7865 -0.6170 0.0268
vn -0.8148 -0.5747 -0.0761
vn -0.8279 -0.5602 0.0263
vn -0.7625 -0.6426 -0.0751
vn -0.8351 -0.5486 -0.0401
vn -0.8286 -0.5582 0.0418
vn -0.7218 -0.6914 0.0322
vn 0.0849 -0.6420 0.7620
vn -0.3957 0.0686 -0.9158
vn -0.7729 0.0075 -0.6344
vn 0.0928 0.6460 -0.7577
vn -0.7757 0.0556 -0.6286
vn -0.1275 -0.1557 0.9795
vn 0.0944 0.1347 0.9864
vn -0.0974 -0.1052 0.9897
vn -0.5205 -0.6065 0.6011
vn 0.3191 0.4903 0.8110
vn -0.4718 -0.6193 0.6276
vn -0.9112 0.4104 -0.0371
vn -0.8878 0.4579 -0.0456
vn -0.8943 0.4450 0.0468
vn -0.9129 0.4078 0.0184
vn -0.9243 0.3789 -0.0467
vn -0.8866 0.4562 -0.0762
vn -0.9362 0.3508 0.0233
vn -0.9300 0.3659 -0.0334
vn -0.8789 0.4757 0.0352
vn 0.3908 -0.8042 -0.4479
vn 0.3190 -0.8393 -0.4403
vn 0.3284 -0.7680 -0.5499
vn 0.4692 -0.8290 -0.3043
vn 0.3672 -0.8865 -0.2815
vn -0.2653 0.1419 0.9537
vn -0.7813 -0.3640 -0.5070
vn -0.8215 -0.3938 -0.4124
vn -0.8080 -0.2677 -0.5249
vn 0.0553 0.0858 0.9948
vn -0.3135 -0.9477 0.0599
vn 0.1889 0.4811 0.8561
vn 0.1820 0.4803 0.8580
vn 0.0341 0.0755 0.9966
vn 0.7227 -0.6854 -0.0888
vn 0.6718 -0.7361 -0.0834
vn 0.5587 -0.8251 -0.0837
vn 0.6823 0.7220 0.1145
vn 0.5547 0.8311 0.0412
vn 0.5503 0.8342 0.0366
vn 0.5627 0.8261 -0.0299
vn 0.5538 0.8317 -0.0402
vn 0.5481 0.8364 -0.0058
vn 0.5417 0.8394 -0.0438
vn 0.4116 0.3243 -0.8517
vn 0.5070 0.4000 -0.7635
vn 0.5484 0.3194 -0.7728
vn 0.3526 0.4078 -0.8422
vn 0.4502 0.1317 -0.8832
vn 0.5367 0.2028 -0.8190
vn 0.4104 0.1884 -0.8922
vn -0.3491 0.2826 -0.8935
vn -0.5605 0.4328 -0.7061
vn -0.7228 0.6868 -0.0774
vn -0.6168 0.7741 -0.1426
vn -0.7368 0.5965 -0.3184
vn 0.1288 0.0840 -0.9881
vn -0.1383 -0.0559 -0.9888
vn -0.0562 -0.0157 -0.9983
vn -0.1904 -0.0727 -0.9790
vn 0.8753 0.4180 -0.2432
vn 0.9174 -0.0735 -0.3911
vn 0.9049 -0.2087 -0.3710
vn 0.8744 -0.1631 -0.4569
vn 0.9754 0.0333 -0.2180
vn 0.8874 -0.0360 -0.4596
vn 0.9218 0.0322 -0.3864
vn -0.0594 0.1482 0.9872
vn -0.0786 0.1387 0.9872
vn -0.1545 0.4174 0.8955
vn -0.2392 -0.2263 -0.9442
vn 0.0711 0.0698 -0.9950
vn 0.2592 -0.6667 0.6988
vn 0.2874 -0.6095 0.7389
vn 0.1854 -0.5436 0.8186
vn 0.1578 -0.7154 0.6806
vn 0.2979 -0.6976 0.6516
vn 0.3606 -0.6638 0.6552
vn 0.1368 -0.6128 0.7783
vn 0.3651 -0.6540 0.6626
vn 0.3849 -0.6413 0.6638
vn -0.9774 0.1862 -0.0996
vn -0.9442 0.2832 -0.1683
vn -0.9217 0.2314 -0.3113
vn -0.9711 0.1300 0.2003
vn -0.9545 0.2192 0.2021
vn -0.9204 0.1850 0.3444
vn -0.9417 0.1081 -0.3186
vn -0.9403 0.2771 0.1977
vn -0.6039 -0.1295 0.7864
vn -0.4624 -0.2919 0.8372
vn -0.4580 -0.2641 0.8488
vn 0.1896 0.5286 -0.8274
vn 0.0641 0.0913 -0.9938
vn 0.2482 0.5148 -0.8206
vn 0.8589 -0.5050 0.0854
vn 0.8194 -0.5698 0.0620
vn -0.0073 -0.0462 -0.9989
vn 0.0070 0.3821 -0.9241
vn -0.0553 -0.1693 -0.9840
vn 0.1036 0.0264 0.9943
vn 0.5894 0.0417 0.8068
vn 0.1953 0.0663 0.9785
vn 0.2142 0.6262 0.7497
vn 0.2033 -0.3407 -0.9179
vn 0.2116 -0.2781 -0.9369
vn 0.2438 -0.3765 -0.8938
vn 0.0943 -0.2838 -0.9542
vn 0.0902 -0.1449 -0.9853
vn 0.1230 -0.1511 -0.9808
vn 0.1347 -0.4486 -0.8835
vn 0.0183 -0.3343 -0.9423
vn 0.0148 -0.1723 -0.9849
vn 0.2055 -0.4075 -0.8898
vn -0.0733 0.0558 0.9957
vn 0.7829 -0.5560 0.2790
vn 0.8396 -0.4498 0.3045
vn -0.0906 0.0556 0.9943
vn -0.5542 0.3033 0.7752
vn -0.4962 0.3620 0.7892
vn -0.0196 0.0303 0.9993
vn -0.5428 -0.2627 -0.7977
vn -0.4947 -0.2634 -0.8282
vn -0.5216 -0.2751 -0.8076
vn -0.5820 -0.2030 -0.7875
vn -0.4844 -0.2131 -0.8485
vn 0.0917 -0.1905 -0.9774
vn 0.2878 -0.6809 -0.6735
vn 0.0584 -0.1394 -0.9885
vn 0.3708 -0.7513 -0.5459
vn -0.0569 0.1215 -0.9910
vn 0.0478 -0.0990 -0.9939
vn 0.3437 -0.5730 -0.7440
vn -0.2636 0.4678 -0.8436
vn -0.8029 -0.0026 0.5962
vn 0.1943 0.9782 0.0737
vn -0.0363 -0.7001 0.7131
vn -0.0251 -0.1480 0.9887
vn -0.3282 -0.0830 -0.9409
vn -0.5087 -0.0740 -0.8578
vn 0.0252 0.0183 -0.9995
vn -0.0426 -0.0810 0.9958
vn -0.0447 -0.0684 0.9967
vn -0.3467 -0.5361 0.7697
vn 0.2911 0.0845 -0.9530
vn 0.1599 0.0178 -0.9870
vn 0.1408 0.0176 -0.9899
vn 0.3058 0.0482 -0.9509
vn 0.4326 0.1254 -0.8928
vn -0.0798 -0.0036 0.9968
vn -0.9770 0.2060 0.0551
vn -0.9636 0.2667 0.0188
vn 0.0759 -0.0222 0.9969
vn 0.4860 -0.1337 0.8637
vn 0.2052 -0.9746 -0.0896
vn -0.0346 -0.1022 -0.9942
vn 0.3197 -0.9456 0.0608
vn 0.3198 -0.9474 0.0133
vn 0.3198 -0.9474 0.0137
vn 0.2458 -0.9692 0.0169
vn 0.2364 -0.9446 -0.2277
vn 0.4131 0.9003 0.1368
vn 0.3823 0.9177 0.1076
vn 0.3202 0.7939 0.5170
vn 0.4960 0.8587 0.1288
vn 0.3329 0.7264 0.6012
vn 0.3978 0.9175 0.0061
vn 0.0738 -0.9576 -0.2784
vn -0.0788 -0.9428 -0.3239
vn 0.0165 -0.8996 -0.4363
vn 0.1670 -0.9444 -0.2833
vn 0.2539 -0.9274 -0.2747
vn 0.2169 -0.9583 -0.1863
vn 0.0690 -0.9769 -0.2021
vn 0.1111 -0.8932 -0.4358
vn 0.1927 -0.8809 -0.4322
vn 0.0923 -0.9784 -0.1847
vn -0.1392 0.0726 0.9876
vn -0.1285 0.0562 0.9901
vn -0.0492 0.0485 0.9976
vn 0.2035 -0.0796 0.9758
vn -0.1426 0.0603 0.9879
vn -0.6158 0.1913 0.7643
vn -0.1671 0.0545 0.9844
vn -0.8094 0.3413 0.4779
vn 0.4479 -0.1079 0.8875
vn -0.7868 -0.6100 0.0938
vn -0.7059 -0.7060 0.0575
vn -0.7260 -0.6796 0.1051
vn -0.7060 -0.7058 -0.0585
vn -0.8045 -0.5839 0.1089
vn -0.8321 -0.5484 0.0831
vn 0.8851 -0.3674 -0.2858
vn 0.8380 -0.3231 -0.4397
vn 0.7548 -0.3305 -0.5666
vn -0.0305 0.0809 0.9963
vn 0.0133 -0.0031 0.9999
vn 0.5794 -0.8150 0.0035
vn 0.5287 -0.8482 -0.0319
vn -0.1663 0.2801 0.9454
vn -0.1468 0.2908 0.9455
vn 0.1829 -0.4152 0.8912
vn 0.2019 -0.4402 0.8749
vn 0.1996 -0.4506 0.8701
vn -0.1101 0.2552 0.9606
vn 0.4201 0.6150 -0.6673
vn 0.0829 -0.1384 0.9869
vn -0.5197 0.8519 -0.0647
vn -0.8374 0.2333 -0.4942
vn -0.7469 0.2150 -0.6292
vn -0.8512 -0.4468 0.2755
vn -0.8737 -0.3882 0.2931
vn -0.8654 -0.4546 0.2106
vn -0.7274 -0.5239 0.4433
vn 0.0876 -0.1343 0.9871
vn -0.3380 -0.8403 -0.4238
vn -0.3394 -0.8885 -0.3089
vn -0.4061 -0.8637 -0.2986
vn -0.3448 -0.7693 -0.5379
vn -0.2747 -0.7901 -0.5480
vn -0.2132 -0.8707 -0.4433
vn -0.1613 -0.8853 -0.4361
vn -0.1842 -0.9218 -0.3410
vn -0.4507 -0.7849 -0.4252
vn -0.9274 -0.3043 0.2177
vn 0.1143 0.0208 0.9932
vn -0.9479 -0.3159 -0.0415
vn -0.3301 -0.1637 0.9296
vn -0.3524 -0.1678 0.9207
vn -0.6887 -0.2025 -0.6962
vn -0.7335 -0.2817 -0.6185
vn -0.7690 -0.1087 -0.6299
vn -0.5865 -0.2411 -0.7732
vn -0.6653 -0.3085 -0.6799
vn 0.1476 0.5480 0.8234
vn 0.4510 -0.4467 -0.7727
vn -0.2593 0.2345 -0.9369
vn -0.0053 -0.7799 0.6259
vn 0.0691 -0.8365 0.5436
vn 0.0285 -0.2648 0.9639
vn -0.1011 -0.7940 0.5994
vn 0.0178 -0.2332 0.9723
vn 0.1519 0.0181 -0.9882
vn -0.0885 0.0592 -0.9943
vn 0.4402 -0.0281 -0.8975
vn 0.4370 -0.0405 -0.8986
vn -0.1670 0.3177 -0.9334
vn 0.4718 -0.0184 -0.8815
vn 0.7115 -0.7016 -0.0382
vn 0.6271 -0.7769 -0.0567
vn 0.6892 -0.7225 0.0538
vn 0.0317 -0.0012 -0.9995
vn 0.0371 -0.0237 -0.9990
vn 0.7408 -0.6666 -0.0828
vn 0.7299 -0.6806 0.0635
vn -0.5892 -0.5295 0.6103
vn -0.5587 -0.5463 0.6240
vn -0.4396 -0.0044 0.8982
vn 0.1657 -0.0395 0.9854
vn -0.0397 -0.0368 0.9985
vn -0.3155 0.0644 0.9467
vn -0.8979 0.0795 0.4330
vn -0.8558 -0.0139 0.5172
vn -0.1780 -0.9149 -0.3623
vn -0.6499 -0.4367 -0.6220
vn -0.1796 -0.5797 -0.7948
vn -0.0740 0.1052 -0.9917
vn 0.1428 -0.9170 -0.3724
vn 0.2128 -0.9316 -0.2947
vn -0.0218 0.0406 -0.9989
vn 0.6539 0.5391 0.5308
vn 0.5767 0.6449 0.5015
vn 0.1288 -0.8116 -0.5699
vn 0.1572 -0.7519 -0.6403
vn 0.2182 -0.7898 -0.5733
vn 0.0646 -0.8238 -0.5631
vn 0.1038 -0.7696 -0.6300
vn -0.8530 -0.0010 0.5218
vn -0.9988 0.0493 0.0060
vn 0.3727 0.0999 0.9226
vn -0.0746 -0.0073 0.9972
vn 0.6239 0.0345 0.7807
vn -0.1164 -0.9838 -0.1367
vn -0.1005 0.1648 0.9812
vn -0.2054 0.2705 0.9405
vn 0.1579 -0.3173 0.9351
vn -0.2707 0.5137 0.8141
vn -0.1393 0.1329 -0.9813
vn -0.1657 0.0644 -0.9841
vn -0.2575 0.1108 -0.9599
vn -0.1711 -0.9533 -0.2490
vn -0.3918 -0.8882 -0.2400
vn -0.2665 -0.9415 -0.2061
vn 0.6234 0.4674 0.6268
vn 0.6844 0.3163 0.6569
vn -0.3647 0.5313 0.7647
vn -0.3889 0.9165 0.0942
vn -0.4503 0.8864 0.1074
vn -0.0692 -0.1450 -0.9870
vn 0.8207 -0.3249 -0.4699
vn 0.9579 -0.2734 -0.0880
vn 0.9575 -0.2676 -0.1079
vn 0.9680 -0.2209 -0.1189
vn 0.9793 -0.1884 -0.0744
vn -0.0601 0.4273 0.9021
vn -0.1745 0.4694 0.8656
vn -0.1575 0.3359 0.9286
vn 0.0156 0.4496 0.8931
vn -0.0574 0.5661 0.8223
vn -0.0664 0.3125 0.9476
vn -0.1455 -0.3093 -0.9398
vn 0.0729 0.1063 -0.9917
vn 0.8591 -0.3374 -0.3849
vn 0.8715 -0.2568 -0.4178
vn 0.1983 -0.0689 -0.9777
vn 0.2880 -0.1254 -0.9494
vn 0.5301 -0.2438 -0.8121
vn -0.5780 0.2016 -0.7908
vn -0.5870 0.1933 -0.7862
vn -0.5601 0.2421 -0.7923
vn -0.5566 0.2446 -0.7940
vn -0.5150 0.2256 -0.8270
vn -0.1005 -0.0906 0.9908
vn 0.2802 0.2048 0.9378
vn -0.1084 -0.0783 0.9910
vn 0.4227 -0.2365 0.8749
vn 0.6067 -0.0884 0.7900
vn 0.5816 -0.0414 0.8124
vn 0.7120 -0.1127 0.6931
vn 0.1801 -0.9410 -0.2864
vn -0.0594 -0.4266 -0.9025
vn -0.1075 -0.4546 -0.8842
vn -0.0205 -0.2877 -0.9575
vn -0.1175 -0.3651 -0.9235
vn -0.1367 -0.2948 -0.9457
vn -0.0864 -0.2502 -0.9643
vn 0.8995 0.4268 0.0930
vn 0.8845 0.4605 0.0741
vn 0.9264 0.3766 0.0013
vn 0.9494 0.2919 0.1156
vn 0.2144 -0.6827 -0.6985
vn 0.0551 -0.1412 -0.9884
vn 0.2915 -0.9480 -0.1274
vn -0.2872 -0.0859 -0.9540
vn 0.0950 -0.0015 -0.9955
vn 0.9973 0.0507 -0.0526
vn 0.9922 0.1062 -0.0649
vn 0.5642 -0.5347 -0.6291
vn 0.6306 -0.3961 -0.6674
vn 0.6843 -0.3457 -0.6420
vn -0.0776 -0.1228 0.9894
vn -0.1352 -0.2625 0.9554
vn 0.4572 0.8888 0.0306
vn 0.8870 0.2441 -0.3921
vn 0.8381 0.3960 -0.3751
vn 0.9179 0.3205 -0.2340
vn 0.8769 0.4173 -0.2387
vn 0.9221 0.3824 -0.0589
vn 0.9454 0.1874 -0.2665
vn 0.9873 0.1555 0.0319
vn 0.9635 0.1261 -0.2363
vn 0.9011 0.1429 -0.4094
vn 0.9358 0.2803 -0.2138
vn -0.1330 0.0678 -0.9888
vn -0.1653 0.0579 -0.9845
vn -0.1140 0.0790 -0.9903
vn -0.6297 0.3901 -0.6718
vn -0.1876 -0.1115 0.9759
vn -0.0812 -0.0628 0.9947
vn -0.5645 -0.3423 0.7511
vn 0.5228 0.3283 0.7867
vn -0.9711 0.2367 -0.0298
vn -0.2493 0.4526 -0.8562
vn -0.2149 0.3766 -0.9011
vn -0.2864 0.5275 -0.7999
vn -0.0965 0.2210 -0.9705
vn 0.0579 -0.1488 -0.9872
vn -0.1056 0.1674 -0.9802
vn 0.0267 -0.0706 -0.9971
vn 0.4623 0.3166 0.8283
vn 0.0783 0.0465 0.9958
vn 0.4631 0.3412 0.8180
vn 0.5174 0.3813 0.7661
vn 0.5176 0.3765 0.7683
vn 0.0900 0.0710 0.9934
vn 0.0377 0.0287 0.9989
vn 0.4261 0.3455 0.8361
vn 0.5415 0.3494 0.7647
vn 0.2389 -0.6580 -0.7141
vn 0.2454 -0.7331 -0.6344
vn 0.9871 -0.1547 -0.0402
vn 0.9629 -0.2685 0.0267
vn 0.9927 -0.1102 0.0495
vn 0.9993 -0.0005 -0.0369
vn 0.9986 0.0169 0.0497
vn -0.7722 0.0350 -0.6344
vn 0.2654 0.9517 0.1547
vn 0.2479 0.9688 -0.0008
vn 0.2204 0.9716 0.0864
vn 0.3961 0.9182 -0.0000
vn 0.2538 0.9033 0.3459
vn 0.2422 0.9215 0.3037
vn 0.1564 0.6706 0.7251
vn 0.1782 0.6728 0.7180
vn 0.7319 -0.3183 -0.6025
vn 0.8615 -0.4998 -0.0891
vn 0.6851 -0.4008 -0.6083
vn 0.1345 -0.0599 -0.9891
vn 0.1434 -0.0618 -0.9877
vn -0.1944 -0.6257 0.7555
vn 0.1238 0.4136 0.9020
vn -0.1348 -0.6085 0.7821
vn -0.2425 -0.6043 0.7590
vn -0.2586 -0.5947 0.7612
vn -0.1519 -0.3725 0.9155
vn 0.7965 0.4049 -0.4490
vn 0.1696 -0.2574 0.9513
vn 0.2086 -0.2719 0.9394
vn -0.7415 0.6709 -0.0000
vn -0.7870 0.6024 -0.1330
vn -0.7391 0.6679 0.0874
vn -0.3427 -0.1278 0.9307
vn -0.5938 -0.1198 0.7957
vn -0.4827 -0.1853 0.8560
vn 0.2901 0.5013 -0.8152
vn 0.0562 -0.1044 0.9929
vn -0.0740 -0.0031 -0.9973
vn -0.1557 -0.3026 -0.9403
vn -0.1027 -0.3367 -0.9360
vn 0.1980 0.9711 -0.1333
vn -0.0549 -0.0858 -0.9948
vn -0.1111 0.0514 -0.9925
vn -0.2977 -0.6615 -0.6883
vn -0.4103 -0.9017 -0.1363
vn -0.4690 -0.8813 -0.0572
vn 0.2530 -0.1373 -0.9577
vn 0.0873 -0.0398 -0.9954
vn 0.3043 -0.1166 -0.9454
vn 0.5682 -0.2442 -0.7858
vn 0.1816 -0.4346 0.8821
vn 0.3626 -0.9309 -0.0436
vn 0.3203 -0.9471 -0.0209
vn 0.3714 -0.9284 0.0093
vn 0.3202 -0.9473 -0.0000
vn 0.2978 -0.9544 -0.0194
vn 0.2932 0.5096 -0.8089
vn 0.0888 0.1123 -0.9897
vn 0.1791 0.3257 -0.9283
vn 0.3546 0.4688 -0.8090
vn 0.0617 -0.9572 0.2827
vn 0.0874 -0.8883 0.4510
vn -0.0108 -0.9856 0.1688
vn 0.0867 -0.9852 0.1481
vn 0.1929 -0.9363 0.2934
vn 0.2296 -0.9571 0.1768
vn -0.7555 0.1361 -0.6409
vn -0.8250 0.1902 -0.5322
vn -0.8370 0.0476 -0.5452
vn -0.8650 0.1609 -0.4752
vn -0.7095 0.1599 -0.6863
vn -0.8372 0.2637 -0.4791
vn 0.3344 -0.0452 -0.9413
vn 0.5424 0.0803 -0.8363
vn 0.1770 0.0378 -0.9835
vn -0.0309 -0.0019 -0.9995
vn 0.5578 0.3393 0.7574
vn 0.0317 -0.8494 0.5268
vn -0.1046 -0.7977 0.5939
vn -0.1844 -0.8010 0.5696
vn 0.9822 0.1559 -0.1050
vn 0.9964 0.0844 0.0095
vn 0.8479 -0.5300 -0.0139
vn 0.8388 -0.5437 0.0296
vn -0.0608 -0.0736 0.9954
vn -0.0603 -0.0802 0.9950
vn 0.1944 0.0097 0.9809
vn 0.1729 -0.0415 0.9841
vn 0.8101 -0.1699 0.5611
vn -0.1572 0.9818 -0.1069
vn -0.2141 0.9768 0.0052
vn -0.1147 0.9932 0.0193
vn -0.2314 0.9633 -0.1363
vn 0.0004 0.9960 -0.0895
vn -0.0257 0.9997 0.0001
vn -0.0129 0.9975 -0.0701
vn -0.0390 0.8842 -0.4655
vn -0.2432 -0.2342 0.9413
vn 0.4575 0.4468 0.7688
vn 0.4048 0.4766 0.7804
vn -0.3658 0.9296 0.0458
vn -0.0620 0.0222 0.9978
vn -0.3202 0.1222 0.9394
vn -0.3073 0.0782 0.9484
vn 0.2129 0.2437 -0.9462
vn 0.2525 0.3467 -0.9033
vn 0.0985 0.1019 -0.9899
vn -0.0192 -0.0338 -0.9992
vn -0.0986 -0.1277 -0.9869
vn -0.1133 -0.0984 -0.9887
vn 0.9096 -0.3003 -0.2871
vn 0.9200 -0.3290 -0.2131
vn 0.8712 -0.4434 -0.2107
vn -0.4133 0.5901 0.6935
vn -0.4333 0.6111 0.6624
vn -0.3591 0.7584 0.5440
vn -0.2671 0.5218 0.8102
vn 0.5513 -0.7012 0.4522
vn 0.5622 -0.5885 0.5811
vn 0.4855 -0.6824 0.5465
vn 0.6391 -0.6270 0.4454
vn 0.4770 -0.7559 0.4484
vn 0.8549 -0.5130 -0.0768
vn -0.1174 0.0551 -0.9916
vn 0.4332 0.8779 -0.2042
vn 0.5234 0.7742 -0.3560
vn 0.4934 0.8347 -0.2446
vn -0.1784 0.0057 -0.9839
vn -0.3160 -0.0289 -0.9483
vn -0.3430 0.0430 -0.9383
vn -0.1546 0.0404 -0.9871
vn -0.0991 0.0575 -0.9934
vn 0.4916 0.8699 -0.0405
vn 0.5373 0.8426 0.0367
vn 0.4683 0.8823 0.0478
vn 0.5233 0.8513 -0.0386
vn 0.3980 0.9169 -0.0298
vn 0.5639 0.3334 0.7555
vn 0.4966 0.1794 0.8492
vn 0.4022 0.0919 0.9109
vn 0.4789 0.1060 0.8714
vn 0.6085 0.2307 0.7593
vn 0.2918 0.2606 0.9203
vn -0.5818 0.4329 0.6885
vn -0.1217 0.0944 0.9881
vn -0.1206 0.0930 0.9883
vn -0.3332 0.2749 0.9019
vn -0.7664 0.6225 0.1587
vn -0.7387 0.6303 0.2388
vn -0.0800 -0.1834 0.9798
vn -0.1076 -0.9941 0.0153
vn 0.3828 -0.9220 -0.0581
vn 0.2306 -0.9722 -0.0416
vn 0.4622 -0.8835 -0.0766
vn 0.4575 -0.8870 -0.0633
vn 0.4073 -0.9007 -0.1510
vn 0.4582 -0.8873 0.0527
vn 0.4467 -0.8893 0.0984
vn -0.3303 -0.0006 0.9439
vn -0.2720 0.1360 0.9526
vn -0.4124 0.1954 0.8898
vn -0.3973 0.0632 0.9155
vn -0.2269 -0.0450 0.9729
vn -0.2268 -0.9440 0.2395
vn -0.1882 -0.9678 0.1674
vn 0.7226 0.3961 -0.5666
vn 0.6951 0.3411 -0.6328
vn -0.0684 0.0521 -0.9963
vn -0.3306 0.5051 -0.7973
vn -0.3631 0.4828 -0.7969
vn 0.0842 -0.1347 -0.9873
vn -0.0397 0.0591 -0.9975
vn -0.1724 -0.2742 0.9461
vn -0.0703 -0.1054 0.9919
vn -0.3238 -0.5360 0.7797
vn -0.0379 -0.0427 0.9984
vn -0.1772 -0.2971 0.9383
vn -0.2946 -0.5594 0.7748
vn -0.1517 -0.2601 0.9536
vn 0.9671 -0.2368 0.0928
vn 0.9973 -0.0682 -0.0273
vn -0.0354 0.5867 -0.8090
vn -0.0989 0.7078 -0.6995
vn 0.0694 0.1306 0.9890
vn 0.3831 0.6815 0.6236
vn 0.4001 0.5685 0.7189
vn -0.1061 0.0274 0.9940
vn -0.5733 0.2881 0.7670
vn 0.4245 -0.1754 0.8883
vn 0.3952 -0.1958 0.8975
vn -0.4761 -0.3602 -0.8022
vn -0.4919 -0.3044 -0.8157
vn -0.4458 -0.4293 -0.7855
vn -0.1748 -0.1593 -0.9716
vn -0.3331 -0.1982 -0.9218
vn -0.1294 -0.1156 -0.9848
vn 0.5907 -0.0693 -0.8039
vn 0.5477 0.0027 -0.8367
vn 0.6286 0.0519 -0.7760
vn 0.6253 -0.1110 -0.7724
vn 0.5579 -0.1122 -0.8223
vn 0.6494 -0.0404 -0.7594
vn 0.4772 -0.0763 -0.8755
vn -0.2163 0.9674 0.1320
vn -0.3183 0.9423 0.1033
vn -0.2967 0.9272 0.2286
vn -0.1236 -0.3405 0.9321
vn 0.9094 0.4050 -0.0951
vn 0.9025 0.3873 -0.1885
vn 0.8568 0.4498 -0.2521
vn 0.8342 0.5293 -0.1549
vn 0.6573 0.4563 -0.5998
vn 0.9411 0.3219 -0.1039
vn 0.8405 0.5337 -0.0935
vn 0.8431 0.5377 -0.0032
vn 0.9043 0.4253 0.0372
vn 0.2654 -0.5307 0.8049
vn 0.3011 -0.5219 0.7981
vn -0.0226 -0.0230 0.9995
vn -0.3325 -0.0714 0.9404
vn -0.3670 -0.0925 0.9256
vn -0.6728 -0.1254 0.7291
vn -0.5962 -0.1012 0.7964
vn -0.3499 -0.0710 0.9341
vn 0.1332 0.5060 -0.8522
vn 0.1176 0.4869 -0.8655
vn 0.1438 0.5668 -0.8112
vn 0.0975 0.2696 -0.9580
vn 0.0177 0.0119 -0.9998
vn 0.0086 -0.0215 -0.9997
vn 0.1047 0.2749 -0.9557
vn 0.0293 0.0393 -0.9988
vn -0.2758 -0.7457 -0.6065
vn -0.1841 -0.5565 -0.8102
vn 0.9537 0.0297 0.2993
vn 0.9763 0.0311 0.2143
vn 0.9469 0.1114 0.3015
vn 0.9171 0.2367 0.3208
vn 0.9239 0.0280 0.3815
vn 0.9140 0.0630 0.4008
vn 0.9978 0.0658 -0.0008
vn -0.1495 0.0500 0.9875
vn 0.1143 -0.0607 0.9916
vn -0.6402 -0.7657 0.0614
vn -0.6537 -0.7505 0.0974
vn 0.1177 0.0138 -0.9930
vn 0.0450 0.1121 -0.9927
vn -0.8402 0.5422 -0.0029
vn -0.3009 0.2229 0.9273
vn 0.0486 -0.0283 0.9984
vn -0.8180 0.5732 -0.0475
vn -0.7581 0.6498 -0.0539
vn -0.2102 0.1801 0.9609
vn -0.7779 0.6250 0.0657
vn 0.0499 -0.0363 0.9981
vn 0.7389 0.6647 0.1104
vn 0.5587 0.6114 0.5605
vn 0.8142 0.5673 0.1232
vn 0.0964 -0.2461 -0.9644
vn -0.7849 0.3241 0.5281
vn -0.7025 0.4148 0.5783
vn -0.8363 0.3104 0.4519
vn -0.8040 0.2134 0.5551
vn -0.8470 0.1582 0.5075
vn -0.7988 0.1266 0.5881
vn -0.7254 0.2758 0.6307
vn -0.6363 0.3560 0.6844
vn -0.7356 0.2484 0.6302
vn -0.8215 0.2484 0.5133
vn -0.8511 -0.4462 -0.2767
vn -0.9064 -0.4165 -0.0710
vn 0.2366 0.6015 0.7630
vn 0.0952 -0.0903 -0.9913
vn 0.6650 -0.4863 -0.5669
vn -0.8464 -0.5279 -0.0698
vn -0.7627 -0.1078 0.6377
vn -0.7583 -0.0203 0.6516
vn -0.6559 -0.1364 0.7424
vn 0.0259 0.9996 0.0133
vn -0.0311 0.9995 -0.0081
vn 0.1401 0.9898 -0.0264
vn 0.1269 0.9895 -0.0693
vn 0.0382 0.9959 -0.0815
vn 0.1688 0.9839 0.0592
vn 0.1891 0.9820 -0.0008
vn 0.5097 -0.3785 0.7726
vn 0.2600 -0.1849 0.9477
vn 0.2497 -0.1643 0.9543
vn 0.2407 -0.1783 0.9541
vn -0.0669 -0.1485 -0.9867
vn -0.0926 -0.5820 -0.8079
vn -0.0494 -0.6600 -0.7496
vn -0.2219 0.8842 -0.4111
vn -0.3495 0.7997 -0.4882
vn -0.8727 0.3226 -0.3665
vn -0.0270 -0.6780 -0.7345
vn 0.1060 0.0304 0.9939
vn 0.1235 0.0458 0.9913
vn 0.2488 0.0179 0.9684
vn 0.1289 0.0470 0.9905
vn -0.8701 -0.0000 0.4928
vn -0.8745 0.0248 0.4843
vn -0.1924 0.6601 0.7261
vn -0.2250 0.5218 0.8228
vn -0.7317 0.6413 0.2308
vn 0.1201 -0.0457 -0.9917
vn -0.9248 0.3176 -0.2096
vn -0.2601 0.0301 -0.9651
vn -0.2533 0.0355 -0.9667
vn -0.1123 0.2921 0.9498
vn -0.0441 -0.0362 0.9984
vn -0.9956 0.0767 -0.0542
vn 0.1458 0.9675 0.2068
vn 0.1747 0.9646 0.1974
vn 0.3874 -0.7725 0.5032
vn 0.0885 -0.1900 0.9778
vn -0.0851 -0.1988 -0.9763
vn -0.0944 -0.1835 -0.9785
vn -0.0955 -0.5638 -0.8204
vn -0.0598 -0.1930 -0.9794
vn 0.0783 -0.1424 -0.9867
vn 0.2258 -0.2488 0.9419
vn 0.1985 -0.2786 0.9397
vn -0.3484 0.0902 -0.9330
vn -0.3200 0.1064 -0.9414
vn -0.3484 0.1190 -0.9298
vn -0.1348 0.0368 -0.9902
vn 0.1404 -0.0373 -0.9894
vn 0.1367 -0.0599 -0.9888
vn -0.1555 0.8856 0.4377
vn -0.2000 0.9054 0.3746
vn -0.0983 0.9368 0.3359
vn -0.1612 -0.2305 -0.9596
vn 0.9001 -0.2163 -0.3781
vn -0.0818 -0.0615 0.9948
vn -0.5009 -0.3859 0.7747
vn -0.5168 -0.3521 0.7804
vn -0.0898 -0.0650 0.9938
vn -0.0433 -0.0051 0.9990
vn 0.0649 -0.0011 0.9979
vn -0.2505 0.7457 -0.6174
vn -0.3180 0.9416 -0.1103
vn 0.8467 0.5175 0.1240
vn 0.0463 -0.0893 -0.9949
vn 0.2686 -0.5621 -0.7822
vn -0.1672 0.3478 -0.9225
vn 0.2381 -0.5685 -0.7875
vn -0.0982 0.3082 -0.9462
vn -0.1246 0.2743 -0.9535
vn -0.5118 0.1122 0.8518
vn -0.9191 -0.3351 0.2075
vn -0.9053 -0.3876 0.1736
vn -0.9556 -0.2462 0.1622
vn 0.1671 0.6487 0.7424
vn 0.0611 0.6124 0.7882
vn 0.0956 0.4843 0.8697
vn 0.1760 0.6843 0.7077
vn 0.1250 0.6863 0.7165
vn 0.1058 0.3433 0.9332
vn 0.1036 0.2997 0.9484
vn -0.9909 -0.1166 0.0680
vn 0.2714 -0.1542 -0.9500
vn -0.2533 -0.3129 -0.9154
vn -0.6462 -0.7299 -0.2229
vn -0.6641 -0.7186 -0.2064
vn -0.6591 -0.7345 -0.1616
vn -0.3009 -0.3819 -0.8738
vn -0.0847 -0.1420 -0.9862
vn -0.3083 -0.3022 -0.9020
vn -0.6082 -0.7514 -0.2559
vn -0.6387 -0.7265 -0.2535
vn 0.5577 -0.8272 -0.0683
vn 0.5136 -0.8560 -0.0596
vn 0.5664 -0.8213 0.0686
vn 0.5636 -0.8260 -0.0080
vn 0.5140 -0.8566 0.0454
vn 0.6261 -0.7776 -0.0588
vn 0.6098 -0.7906 0.0552
vn 0.1065 0.0923 -0.9900
vn -0.1431 -0.1765 -0.9738
vn 0.1314 0.1391 -0.9815
vn 0.1330 -0.2601 0.9564
vn 0.1039 -0.2330 0.9669
vn 0.2581 -0.5628 0.7853
vn 0.2144 -0.6170 0.7572
vn 0.0558 -0.0683 0.9961
vn 0.2093 -0.3390 0.9172
vn 0.8609 0.5070 0.0410
vn 0.8598 0.5046 -0.0782
vn 0.3050 0.1931 0.9326
vn 0.3316 0.1827 0.9255
vn 0.9023 0.4278 -0.0537
vn 0.4915 0.6735 -0.5521
vn 0.5463 0.7207 -0.4268
vn -0.1958 -0.4995 -0.8439
vn 0.8868 0.4620 -0.0070
vn 0.8528 0.4638 -0.2401
vn -0.0558 0.0857 0.9948
vn -0.1085 0.0109 -0.9940
vn 0.1479 0.9316 0.3321
vn 0.1504 0.9284 0.3398
vn -0.7557 0.6510 -0.0716
vn -0.6774 0.7339 -0.0501
vn -0.7117 0.7021 0.0230
vn -0.7483 0.6621 0.0399
vn -0.8021 0.5943 0.0590
vn -0.8280 0.5580 0.0554
vn -0.8010 0.5933 -0.0802
vn 0.3629 0.0688 -0.9293
vn -0.5073 0.1009 -0.8559
vn -0.2510 -0.2026 0.9466
vn -0.1956 -0.2025 0.9596
vn -0.9728 0.2297 0.0296
vn -0.9705 0.2320 -0.0663
vn -0.9840 0.1695 0.0543
vn -0.1869 0.7242 -0.6638
vn -0.2350 0.6956 -0.6789
vn -0.2511 0.7579 -0.6021
vn -0.1422 0.7749 -0.6159
vn -0.7006 -0.5744 -0.4233
vn -0.6210 -0.6641 -0.4163
vn -0.6259 -0.7153 -0.3108
vn 0.7826 -0.3286 -0.5287
vn 0.7096 0.2981 -0.6384
vn 0.2384 -0.0715 -0.9685
vn 0.1981 -0.1836 -0.9628
vn -0.0547 -0.1046 -0.9930
vn -0.2015 -0.0319 0.9790
vn -0.3678 -0.2420 -0.8979
vn -0.5704 -0.3735 -0.7315
vn -0.3710 -0.2462 -0.8954
vn -0.3239 -0.2699 -0.9068
vn 0.8599 -0.2331 -0.4541
vn -0.5034 0.6476 0.5721
vn -0.5275 0.6436 0.5545
vn -0.4793 0.6057 0.6351
vn 0.2062 0.9780 -0.0308
vn 0.2143 0.9757 -0.0456
vn 0.1437 0.9896 -0.0102
vn 0.1465 0.9892 0.0009
vn 0.2712 0.9625 0.0017
vn 0.2617 0.9505 -0.1675
vn 0.2138 0.9765 0.0284
vn 0.6651 0.5228 -0.5332
vn 0.6818 0.5718 -0.4562
vn 0.7371 0.4983 -0.4565
vn 0.6093 0.5811 -0.5395
vn 0.6302 0.4533 -0.6304
vn 0.5976 0.4040 -0.6926
vn 0.5482 0.4818 -0.6836
vn 0.6042 0.5638 -0.5631
vn 0.0568 -0.1757 0.9828
vn 0.1132 -0.6494 0.7520
vn 0.1443 -0.7200 0.6788
vn -0.0717 0.3235 0.9435
vn 0.0500 -0.1579 0.9862
vn 0.3050 0.8269 -0.4725
vn 0.3977 0.9021 -0.1677
vn 0.0583 0.1532 -0.9865
vn 0.8581 -0.3121 0.4078
vn -0.0672 0.1889 -0.9797
vn -0.0047 0.1794 -0.9838
vn 0.3437 0.9384 -0.0351
vn 0.5789 0.0807 0.8114
vn -0.0362 0.0295 0.9989
vn -0.0312 0.0320 0.9990
vn -0.0459 0.0242 0.9987
vn 0.7521 -0.6049 0.2616
vn -0.5210 -0.1666 -0.8372
vn -0.6144 -0.1294 -0.7783
vn -0.5859 -0.2187 -0.7803
vn -0.0459 -0.0085 -0.9989
vn -0.6281 -0.1639 -0.7607
vn 0.1824 -0.2171 -0.9590
vn 0.1516 -0.2224 -0.9631
vn 0.0316 -0.6967 0.7167
vn 0.9782 0.2073 0.0103
vn 0.9306 0.2790 -0.2371
vn -0.5651 -0.8120 0.1458
vn 0.8431 -0.1813 0.5062
vn 0.8814 -0.1555 0.4461
vn 0.8427 -0.1015 0.5287
vn 0.8723 -0.2335 0.4296
vn 0.7598 -0.1332 0.6364
vn -0.4393 -0.1530 -0.8852
vn -0.4188 -0.2724 -0.8663
vn -0.1493 0.9887 0.0153
vn 0.9190 -0.1749 0.3533
vn -0.9583 -0.2599 0.1190
vn -0.9586 -0.2600 0.1161
vn -0.9935 -0.0669 0.0921
vn -0.9957 -0.0929 -0.0009
vn -0.9737 -0.2271 -0.0175
vn -0.8622 -0.2157 0.4584
vn 0.0509 0.8242 -0.5641
vn 0.1641 -0.2823 0.9452
vn -0.0382 -0.5272 -0.8489
vn -0.1328 -0.7928 -0.5948
vn -0.1713 -0.7996 -0.5755
vn -0.0718 -0.8962 -0.4378
vn 0.1209 0.0117 0.9926
vn -0.6239 0.4593 0.6322
vn -0.5350 0.4921 0.6867
vn -0.0042 -0.0200 -0.9998
vn 0.2496 0.2990 -0.9210
vn 0.3998 -0.0798 -0.9131
vn 0.0415 0.0415 -0.9983
vn -0.6962 -0.7088 -0.1131
vn 0.1608 -0.9860 0.0443
vn -0.6343 -0.4505 0.6282
vn -0.5908 -0.5461 0.5939
vn -0.9640 0.2639 -0.0326
vn -0.2513 0.8172 -0.5186
vn 0.6092 0.7561 0.2391
vn 0.2508 0.3233 0.9125
vn 0.2508 0.3232 0.9125
vn 0.3453 -0.4758 -0.8090
vn 0.2683 -0.5130 -0.8154
vn 0.8362 -0.5461 -0.0502
vn 0.8280 -0.5606 -0.0098
vn 0.8423 -0.5348 0.0669
vn 0.8531 -0.5177 0.0654
vn 0.8442 -0.5306 0.0761
vn 0.8469 -0.5265 -0.0739
vn -0.7365 -0.5173 -0.4358
vn -0.7135 -0.3515 -0.6061
vn -0.2366 -0.9706 -0.0438
vn -0.2939 -0.9555 -0.0246
vn -0.0516 -0.3307 0.9423
vn 0.5124 -0.8512 -0.1134
vn -0.7359 0.6770 0.0097
vn -0.7740 0.6324 0.0310
vn -0.7913 0.6114 -0.0000
vn -0.7070 0.7067 0.0283
vn -0.8204 -0.5552 0.1366
vn 0.2555 -0.2257 0.9401
vn 0.4275 -0.9038 0.0195
vn 0.4299 -0.9014 0.0520
vn 0.4077 -0.9118 0.0495
vn 0.4471 -0.8925 -0.0590
vn 0.4248 -0.9041 -0.0467
vn 0.6118 0.7459 0.2632
vn -0.3980 0.9159 0.0532
vn -0.8753 0.3725 0.3084
vn -0.3758 -0.7113 0.5940
vn -0.4805 -0.6370 0.6028
vn -0.3520 -0.7761 0.5232
vn -0.2795 -0.7695 0.5742
vn -0.2706 -0.7223 0.6365
vn 0.8153 0.4461 -0.3692
vn 0.9920 0.1086 0.0643
vn -0.1258 -0.0801 0.9888
vn -0.3150 -0.1329 0.9397
vn 0.9954 0.0870 0.0398
vn -0.0586 -0.9055 -0.4202
vn -0.0921 -0.6111 -0.7862
vn 0.0588 -0.8816 -0.4683
vn 0.1697 -0.9032 -0.3943
vn 0.0589 0.0742 -0.9955
vn 0.0382 0.0592 -0.9975
vn 0.0792 -0.0556 0.9953
vn -0.5074 0.3659 0.7801
vn 0.0838 -0.0363 0.9958
vn 0.5331 -0.3607 0.7653
vn -0.1201 0.1763 -0.9770
vn 0.1977 -0.7568 -0.6231
vn 0.0715 -0.3198 0.9448
vn 0.5899 0.6021 -0.5380
vn 0.4500 0.6353 -0.6276
vn 0.6086 0.6322 -0.4795
vn 0.4921 0.6090 -0.6221
vn 0.1370 -0.8144 0.5639
vn -0.8301 -0.1245 -0.5436
vn 0.1887 0.9079 0.3744
vn 0.1997 0.9570 0.2102
vn 0.3206 -0.5282 -0.7863
vn 0.0554 -0.0929 -0.9941
vn -0.4314 0.6155 -0.6595
vn -0.3796 0.9151 -0.1359
vn 0.7165 -0.1786 0.6744
vn 0.9641 -0.2361 0.1219
vn 0.1499 -0.0468 0.9876
vn 0.1195 0.1540 0.9808
vn 0.3542 0.3562 0.8647
vn 0.4587 0.4420 0.7709
vn 0.8091 -0.2028 -0.5515
vn 0.7633 -0.2776 -0.5833
vn 0.4425 0.1541 -0.8834
vn -0.4414 0.0706 -0.8945
vn 0.9968 0.0599 0.0523
vn 0.9924 0.1103 -0.0552
vn 0.9969 0.0585 -0.0520
vn -0.2943 0.1832 0.9380
vn -0.1199 -0.2219 -0.9677
vn 0.2033 0.5694 -0.7965
vn -0.6700 0.5146 -0.5350
vn -0.9164 0.1871 0.3537
vn -0.2969 0.0628 0.9528
vn -0.5559 0.3308 -0.7626
vn -0.4549 0.2953 -0.8402
vn -0.0656 0.6017 -0.7960
vn 0.1520 -0.9736 0.1701
vn 0.0381 -0.9983 0.0431
vn 0.0633 -0.9956 0.0685
vn -0.7602 0.0476 0.6479
vn 0.3028 -0.5747 0.7603
vn -0.9068 0.3766 -0.1895
vn -0.8549 0.4783 -0.2009
vn -0.9150 0.3455 0.2085
vn -0.9023 0.3041 0.3055
vn -0.8836 0.3444 -0.3172
vn -0.8590 0.4713 0.1997
vn -0.3613 -0.9309 -0.0533
vn -0.3626 -0.9312 0.0367
vn -0.3229 -0.9421 -0.0900
vn -0.1150 -0.2551 -0.9600
vn 0.0251 0.0680 -0.9974
vn 0.1169 -0.0989 0.9882
vn 0.2975 -0.2569 0.9195
vn -0.0280 -0.0536 -0.9982
vn -0.1308 -0.2126 -0.9684
vn 0.0321 0.0326 0.9990
vn -0.3677 -0.2063 0.9068
vn 0.1651 0.0715 0.9837
vn -0.8612 -0.5071 0.0348
vn 0.5134 0.2448 0.8225
vn 0.1137 -0.0181 -0.9933
vn 0.1768 -0.0282 -0.9838
vn 0.1716 0.0300 -0.9847
vn 0.3310 0.0030 -0.9436
vn -0.6515 -0.2607 0.7125
vn -0.1228 -0.9911 -0.0518
vn -0.1752 -0.9845 0.0033
vn -0.1340 -0.9902 0.0394
vn 0.8805 -0.0787 0.4675
vn 0.2582 0.5421 0.7997
vn -0.0939 -0.1841 0.9784
vn 0.7996 -0.5937 -0.0906
vn 0.8137 -0.5791 -0.0507
vn 0.5678 0.0980 -0.8173
vn 0.4505 0.0167 -0.8926
vn 0.6194 0.1971 -0.7599
vn -0.4509 0.2429 -0.8589
vn -0.5024 0.3158 -0.8049
vn -0.5304 0.3000 -0.7929
vn 0.3481 -0.5851 0.7324
vn 0.2800 -0.4980 0.8207
vn 0.0592 -0.1431 0.9879
vn -0.0975 0.1715 0.9803
vn -0.1626 0.3491 0.9229
vn -0.2037 -0.3069 -0.9297
vn -0.3411 -0.5116 -0.7886
vn -0.3292 -0.5024 -0.7995
vn -0.4131 -0.4707 -0.7796
vn 0.7737 -0.1437 -0.6171
vn 0.8124 -0.1038 -0.5738
vn 0.7370 -0.3049 -0.6032
vn 0.6681 -0.2878 -0.6862
vn 0.3953 0.9148 -0.0828
vn 0.4015 0.9114 -0.0905
vn 0.2642 0.9608 -0.0839
vn 0.2153 0.9749 -0.0575
vn -0.1416 0.0543 -0.9884
vn -0.0686 0.0044 -0.9976
vn -0.7059 -0.2961 -0.6435
vn -0.9087 -0.4022 -0.1122
vn -0.9446 -0.3088 -0.1110
vn -0.7664 -0.3934 -0.5079
vn -0.3349 0.9423 -0.0000
vn -0.3656 0.9005 0.2355
vn -0.3019 -0.7514 -0.5867
vn -0.9671 -0.2469 0.0615
vn -0.4522 -0.2854 -0.8451
vn -0.2004 -0.9794 -0.0247
vn -0.1641 -0.9857 -0.0378
vn 0.4950 -0.8668 -0.0609
vn 0.0443 0.9990 -0.0017
vn 0.1161 0.9932 0.0003
vn -0.0574 0.9983 -0.0077
vn -0.2977 0.3320 -0.8951
vn -0.3218 0.1144 0.9399
vn -0.3366 0.1194 0.9340
vn -0.9444 0.1780 0.2765
vn 0.6571 -0.1473 0.7393
vn -0.9227 0.3756 0.0863
vn 0.0621 -0.6139 0.7869
vn -0.7608 -0.0909 0.6426
vn -0.1153 -0.3300 -0.9369
vn -0.0882 -0.1257 -0.9881
vn -0.5397 -0.7268 -0.4248
vn 0.9890 -0.0909 -0.1168
vn -0.1393 0.2231 0.9648
vn -0.1562 0.2319 0.9601
vn 0.1851 -0.7569 0.6268
vn 0.0502 -0.7486 0.6611
vn -0.9472 -0.0162 -0.3202
vn -0.6115 -0.7839 0.1080
vn -0.5514 -0.8283 0.0990
vn -0.5792 -0.8126 0.0652
vn -0.5698 -0.8022 0.1783
vn 0.6076 -0.5291 0.5923
vn 0.5752 -0.5288 0.6241
vn 0.7551 -0.4792 0.4474
vn 0.2049 -0.4521 -0.8681
vn 0.1790 -0.4367 -0.8816
vn 0.1875 -0.4286 -0.8838
vn 0.3296 -0.9261 -0.1836
vn 0.3344 -0.9206 0.2017
vn 0.3832 -0.8977 0.2176
vn 0.3901 -0.9026 -0.1822
vn 0.9333 0.3526 -0.0671
vn 0.9099 0.4120 0.0474
vn -0.4315 -0.8568 0.2821
vn -0.3653 -0.8379 0.4055
vn -0.9251 -0.3797 -0.0078
vn -0.9437 -0.3264 0.0537
vn -0.2045 -0.0959 0.9742
vn -0.8640 -0.4231 0.2729
vn -0.8494 -0.5078 0.1435
vn -0.2598 0.5522 0.7922
vn -0.3077 0.6699 0.6757
vn -0.3725 -0.9262 -0.0575
vn -0.3323 -0.9371 -0.1069
vn -0.3114 -0.9494 -0.0409
vn -0.4575 -0.8854 0.0823
vn -0.3207 0.1438 -0.9362
vn 0.0710 -0.0070 -0.9975
vn 0.1736 -0.9847 0.0140
vn 0.1741 -0.9843 -0.0281
vn 0.0303 0.0375 -0.9988
vn -0.6090 -0.6496 -0.4551
vn 0.0310 0.0330 -0.9990
vn -0.2364 0.9714 -0.0221
vn -0.0934 -0.9783 -0.1852
vn -0.0339 -0.0279 0.9990
vn 0.1545 -0.4048 0.9013
vn -0.8648 0.4868 -0.1229
vn 0.9297 -0.3153 0.1904
vn 0.8839 -0.3663 0.2907
vn 0.8730 -0.4461 0.1970
vn 0.9173 -0.2765 0.2866
vn -0.2518 0.3879 0.8866
vn 0.3334 0.4118 -0.8481
vn 0.3333 0.4118 -0.8481
vn -0.5544 -0.8316 0.0345
vn 0.7758 -0.6279 -0.0624
vn 0.7757 -0.6281 0.0623
vn 0.7295 -0.6780 -0.0900
vn 0.7549 -0.6492 -0.0931
vn -0.1226 0.1379 -0.9828
vn -0.0273 0.1019 -0.9944
vn -0.4956 -0.8407 -0.2182
vn -0.4192 -0.8861 0.1976
vn -0.5003 -0.8421 0.2012
vn -0.3877 -0.8775 0.2824
vn -0.2702 -0.9522 0.1426
vn -0.6477 -0.0399 -0.7609
vn -0.6915 -0.1478 -0.7071
vn 0.8622 0.5060 0.0214
vn -0.0603 -0.0274 0.9978
vn -0.2867 -0.1900 0.9390
vn 0.0196 0.0743 0.9970
vn 0.0589 -0.1180 -0.9913
vn 0.1327 -0.6464 -0.7513
vn 0.1040 -0.2594 -0.9602
vn -0.5214 0.8525 0.0365
vn -0.0374 0.0576 -0.9976
vn -0.5055 0.8625 -0.0236
vn 0.2532 -0.2962 0.9210
vn 0.6084 0.7572 -0.2379
vn 0.5746 0.7184 -0.3921
vn 0.2195 -0.5671 -0.7939
vn -0.5213 0.8519 0.0496
vn 0.8552 0.5127 -0.0764
vn -0.0182 -0.1752 -0.9844
vn 0.0106 -0.1877 -0.9822
vn -0.0565 -0.1432 -0.9881
vn -0.8631 0.2326 0.4484
vn -0.2023 -0.7127 0.6716
vn -0.1029 -0.7245 0.6816
vn -0.2218 -0.7303 0.6462
vn 0.9456 0.2757 0.1727
vn 0.2229 -0.2502 -0.9422
vn -0.2968 -0.1268 0.9465
vn -0.2822 -0.1021 0.9539
vn -0.1620 -0.9858 0.0444
vn -0.2863 -0.9576 -0.0333
vn -0.2853 -0.9577 0.0391
vn -0.3996 0.8845 0.2409
vn 0.5912 -0.1799 -0.7862
vn 0.3564 0.6804 -0.6404
vn 0.0292 0.0508 0.9983
vn 0.0337 0.0207 0.9992
vn 0.2064 0.5354 0.8190
vn 0.7549 -0.6492 -0.0929
vn -0.1868 0.2221 0.9570
vn -0.5651 -0.8031 0.1891
vn 0.4192 0.5225 -0.7425
vn -0.0459 -0.0627 0.9970
vn -0.3142 -0.0786 0.9461
vn 0.1135 0.9639 -0.2408
vn 0.5279 -0.5714 0.6283
vn -0.7201 -0.0056 -0.6939
vn -0.1179 -0.7043 -0.7001
vn -0.1382 -0.1809 -0.9737
vn -0.1287 -0.1821 -0.9748
vn -0.1308 -0.1962 -0.9718
vn 0.7576 -0.0365 -0.6516
vn 0.1171 0.8914 -0.4378
vn -0.0923 -0.0115 -0.9957
vn -0.0742 0.0297 -0.9968
vn -0.8944 -0.4423 -0.0668
vn -0.2717 -0.8116 0.5171
vn 0.8244 -0.4841 0.2933
vn -0.0767 -0.1750 -0.9816
vn 0.4202 -0.7311 0.5375
vn -0.8827 0.0214 -0.4694
vn -0.2940 -0.9552 0.0347
vn 0.1277 -0.0898 0.9877
vn -0.2157 -0.9605 -0.1759
vn -0.8908 0.4467 0.0833
vn -0.9264 0.3718 0.0604
vn 0.1318 -0.2121 -0.9683
vn 0.0976 -0.1952 -0.9759
vn 0.4544 -0.8381 0.3019
vn -0.1078 -0.7491 0.6536
vn 0.6070 0.7498 -0.2634
vn -0.8169 0.5430 -0.1946
vn 0.0240 -0.1192 -0.9926
vn -0.9639 0.2642 0.0319
vn -0.3625 0.6428 -0.6748
vn 0.5952 0.2858 0.7510
vn 0.9981 0.0022 0.0616
vn 0.0073 0.0586 0.9983
vn 0.6130 0.2808 -0.7385
vn 0.3416 -0.9392 0.0343
vn -0.3577 -0.2444 0.9013
vn -0.1486 0.9887 -0.0198
vn 0.4314 0.8552 0.2874
vn 0.3434 0.8399 0.4203
vn 0.0377 0.9922 -0.1190
vn 0.4348 0.5844 -0.6852
vn -0.0946 0.5720 0.8148
vn 0.0357 -0.0733 0.9967
vn 0.0251 -0.0792 0.9965
vn -0.0785 -0.9969 0.0048
vn -0.4196 0.4443 -0.7916
vn -0.4152 0.4448 -0.7936
vn 0.8855 0.1004 -0.4536
vn 0.9346 -0.3499 0.0640
vn 0.9377 -0.3438 0.0504
vn 0.9296 -0.3680 0.0193
vn -0.5541 0.2247 -0.8016
vn 0.0823 0.5963 -0.7985
vn 0.1300 0.5759 -0.8071
vn 0.1514 -0.6413 0.7522
vn 0.1035 0.2810 -0.9541
vn 0.2403 0.7980 0.5526
vn 0.2714 0.8581 0.4359
vn 0.3256 0.9020 0.2834
vn -0.1609 -0.1907 0.9684
vn -0.0431 -0.0564 0.9975
vn 0.3192 -0.9472 -0.0315
vn 0.4085 0.9083 -0.0905
vn 0.1646 0.8280 -0.5361
vn 0.1986 0.8143 -0.5454
vn 0.7322 -0.0000 0.6811
vn -0.5065 0.5841 0.6342
vn -0.5436 0.5812 0.6055
vn -0.5171 -0.8044 -0.2926
vn -0.5643 -0.8018 -0.1966
vn 0.3716 -0.1237 -0.9201
vn -0.8341 -0.0181 -0.5513
vn 0.2891 -0.6658 -0.6878
vn 0.3236 -0.7094 -0.6261
vn -0.8162 0.5458 0.1894
vn -0.6084 -0.2875 -0.7397
vn -0.4745 -0.2761 -0.8359
vn 0.5231 0.8449 0.1118
vn -0.7682 0.5908 -0.2466
vn 0.2417 0.0841 0.9667
vn 0.3793 0.4620 -0.8017
vn -0.9566 -0.2906 0.0218
vn -0.9770 -0.2088 0.0443
vn -0.9443 -0.3266 0.0405
vn 0.2141 -0.2145 0.9530
vn 0.7396 0.0233 -0.6726
vn 0.7915 -0.0207 -0.6109
vn -0.2965 0.7495 -0.5919
vn -0.4637 0.3892 0.7960
vn 0.7556 -0.6488 -0.0902
vn -0.6676 -0.7441 0.0250
vn -0.5786 -0.8153 0.0216
vn -0.6582 -0.7523 0.0307
vn -0.1860 0.9824 -0.0186
vn -0.9756 0.2124 0.0554
vn -0.9023 -0.0440 -0.4288
vn -0.5334 -0.6104 0.5856
vn -0.1136 0.0997 0.9885
vn 0.5380 0.3766 0.7541
vn -0.2574 0.5602 0.7873
vn 0.9494 -0.3129 0.0271
vn 0.9593 -0.2789 0.0438
vn 0.1711 0.5665 0.8061
vn 0.1941 0.5186 0.8327
vn 0.4736 -0.4016 -0.7839
vn -0.9372 0.3472 0.0333
vn 0.5663 0.7984 -0.2045
vn -0.8440 -0.0448 -0.5344
vn -0.0734 0.0471 0.9962
vn 0.3495 -0.0177 0.9368
vn -0.2043 -0.2461 -0.9475
vn -0.9014 -0.4296 0.0535
vn -0.9029 -0.4299 -0.0000
vn 0.2003 0.7560 0.6232
vn 0.0832 0.7585 0.6463
vn 0.6081 0.7433 -0.2787
vn 0.8457 0.3603 0.3937
vn 0.8984 0.3782 0.2233
vn 0.7451 -0.6058 0.2791
vn 0.8366 -0.5114 0.1962
vn 0.7434 -0.6286 0.2285
vn 0.4518 -0.1571 -0.8782
vn 0.1509 -0.4657 0.8720
vn -0.5924 -0.7554 -0.2798
vn 0.0268 0.7505 0.6603
vn 0.3351 -0.1061 -0.9362
vt 0.705781 0.731080
vt 0.705441 0.705193
vt 0.725229 0.705386
vt 0.736117 0.731228
vt 0.629926 0.078570
vt 0.638127 0.051169
vt 0.669611 0.059726
vt 0.720880 0.754510
vt 0.693108 0.757323
vt 0.607013 0.058414
vt 0.683468 0.706887
vt 0.237270 0.902157
vt 0.236183 0.916971
vt 0.232135 0.918135
vt 0.240002 0.884597
vt 0.276187 0.885844
vt 0.234367 0.901829
vt 0.275396 0.904224
vt 0.960062 0.336543
vt 0.957583 0.344626
vt 0.948722 0.326329
vt 0.384192 0.595332
vt 0.371206 0.617955
vt 0.365149 0.597219
vt 0.967631 0.354341
vt 0.950896 0.319075
vt 0.976178 0.320926
vt 0.394012 0.615248
vt 0.766989 0.501979
vt 0.741229 0.505281
vt 0.751111 0.476450
vt 0.777773 0.527135
vt 0.752863 0.524885
vt 0.779634 0.474725
vt 0.792847 0.500868
vt 0.603002 0.195204
vt 0.600148 0.179325
vt 0.613108 0.192228
vt 0.591207 0.193168
vt 0.612412 0.206919
vt 0.591979 0.207147
vt 0.583338 0.096483
vt 0.604296 0.111394
vt 0.580867 0.114920
vt 0.395397 0.476392
vt 0.417065 0.454761
vt 0.415169 0.486600
vt 0.375682 0.213591
vt 0.400116 0.204355
vt 0.397052 0.230932
vt 0.388028 0.188704
vt 0.394917 0.448856
vt 0.073393 0.684620
vt 0.067343 0.710541
vt 0.054409 0.702386
vt 0.394917 0.504947
vt 0.276187 0.169045
vt 0.260756 0.136570
vt 0.276187 0.129427
vt 0.361900 0.245957
vt 0.343321 0.280949
vt 0.343321 0.244550
vt 0.307139 0.369043
vt 0.290086 0.369009
vt 0.307139 0.333087
vt 0.885703 0.579976
vt 0.847131 0.587456
vt 0.847226 0.569935
vt 0.885563 0.562812
vt 0.885157 0.598724
vt 0.115500 0.681153
vt 0.116060 0.706958
vt 0.093479 0.705224
vt 0.124313 0.655272
vt 0.123790 0.681138
vt 0.093479 0.678793
vt 0.115701 0.655855
vt 0.572579 0.366081
vt 0.575310 0.391415
vt 0.567514 0.393148
vt 0.936064 0.802737
vt 0.899472 0.787295
vt 0.935726 0.785736
vt 0.937932 0.804556
vt 0.936204 0.819402
vt 0.899877 0.804819
vt 0.938884 0.786079
vt 0.070390 0.186902
vt 0.071439 0.163370
vt 0.096169 0.167851
vt 0.766225 0.245657
vt 0.780601 0.218148
vt 0.794817 0.244055
vt 0.892861 0.455928
vt 0.899118 0.483611
vt 0.873499 0.470058
vt 0.912582 0.456941
vt 0.777001 0.266742
vt 0.241441 0.489213
vt 0.252378 0.505234
vt 0.223709 0.505996
vt 0.385608 0.305116
vt 0.397809 0.330792
vt 0.382569 0.330677
vt 0.394065 0.304130
vt 0.377258 0.302587
vt 0.385223 0.273796
vt 0.787018 0.557697
vt 0.787174 0.566487
vt 0.761719 0.561916
vt 0.795721 0.540572
vt 0.811161 0.558402
vt 0.114284 0.561612
vt 0.095840 0.581225
vt 0.096576 0.554021
vt 0.762599 0.543646
vt 0.810722 0.566668
vt 0.807297 0.966654
vt 0.816789 0.948648
vt 0.814923 0.958568
vt 0.167683 0.081096
vt 0.176188 0.066653
vt 0.176188 0.083332
vt 0.797673 0.958366
vt 0.817477 0.965547
vt 0.672846 0.194891
vt 0.678563 0.197445
vt 0.662537 0.205155
vt 0.866550 0.739637
vt 0.865334 0.724263
vt 0.891010 0.738406
vt 0.862784 0.753166
vt 0.854325 0.738806
vt 0.890030 0.761311
vt 0.924548 0.228468
vt 0.923781 0.211160
vt 0.930941 0.226326
vt 0.919712 0.224317
vt 0.909724 0.605568
vt 0.911046 0.627204
vt 0.905386 0.618097
vt 0.928092 0.246425
vt 0.918373 0.239745
vt 0.916655 0.623124
vt 0.408087 0.946830
vt 0.409378 0.943273
vt 0.424856 0.954532
vt 0.404838 0.953024
vt 0.403671 0.947649
vt 0.410307 0.952160
vt 0.402491 0.933774
vt 0.450337 0.817490
vt 0.458972 0.817497
vt 0.458839 0.840450
vt 0.450590 0.839807
vt 0.218683 0.643302
vt 0.219920 0.619754
vt 0.227116 0.643642
vt 0.652917 0.190323
vt 0.677707 0.186104
vt 0.675994 0.194264
vt 0.041142 0.042476
vt 0.045848 0.020473
vt 0.047558 0.043006
vt 0.655904 0.183558
vt 0.331345 0.777171
vt 0.310675 0.807319
vt 0.306157 0.781425
vt 0.336119 0.808155
vt 0.352631 0.785868
vt 0.256714 0.324833
vt 0.254121 0.299078
vt 0.277155 0.298854
vt 0.232293 0.318041
vt 0.285145 0.322140
vt 0.356535 0.763248
vt 0.890558 0.565733
vt 0.926741 0.554686
vt 0.927637 0.569850
vt 0.890634 0.545537
vt 0.049999 0.915652
vt 0.012092 0.906326
vt 0.049999 0.895408
vt 0.011955 0.920785
vt 0.926674 0.583672
vt 0.889666 0.585269
vt 0.049432 0.935248
vt 0.011559 0.934975
vt 0.430863 0.103745
vt 0.441741 0.110942
vt 0.424837 0.131681
vt 0.415726 0.106314
vt 0.425650 0.083481
vt 0.446625 0.085828
vt 0.790960 0.897365
vt 0.799990 0.916655
vt 0.792174 0.912030
vt 0.779252 0.890069
vt 0.938663 0.537611
vt 0.940912 0.528423
vt 0.954916 0.537436
vt 0.955631 0.557048
vt 0.791637 0.888410
vt 0.941069 0.555940
vt 0.868146 0.422768
vt 0.846504 0.426328
vt 0.847180 0.402049
vt 0.872992 0.439384
vt 0.863625 0.443195
vt 0.870339 0.405707
vt 0.878346 0.418628
vt 0.747356 0.930516
vt 0.746672 0.953464
vt 0.742913 0.938613
vt 0.846375 0.628849
vt 0.847189 0.604255
vt 0.884989 0.616031
vt 0.741363 0.919511
vt 0.790466 0.918824
vt 0.786443 0.936914
vt 0.845068 0.617169
vt 0.773469 0.185871
vt 0.772098 0.163917
vt 0.780642 0.184934
vt 0.748896 0.190474
vt 0.749768 0.168178
vt 0.576183 0.790248
vt 0.552560 0.796566
vt 0.553118 0.788756
vt 0.575765 0.797700
vt 0.576183 0.767774
vt 0.335295 0.728322
vt 0.321809 0.739789
vt 0.312431 0.734521
vt 0.358080 0.716602
vt 0.357785 0.740000
vt 0.322294 0.709369
vt 0.336956 0.708450
vt 0.320955 0.718806
vt 0.640804 0.714422
vt 0.615906 0.710892
vt 0.641684 0.695024
vt 0.652819 0.716231
vt 0.640693 0.735705
vt 0.616561 0.734058
vt 0.653474 0.696822
vt 0.329123 0.163121
vt 0.352283 0.160208
vt 0.346923 0.184707
vt 0.326505 0.182399
vt 0.301468 0.171420
vt 0.312008 0.144849
vt 0.333466 0.138759
vt 0.088478 0.174529
vt 0.116444 0.181536
vt 0.094108 0.198887
vt 0.323811 0.606574
vt 0.322012 0.624710
vt 0.309876 0.621856
vt 0.728900 0.001938
vt 0.742271 0.019737
vt 0.720154 0.020353
vt 0.311471 0.602275
vt 0.711849 0.001163
vt 0.326377 0.585873
vt 0.980940 0.262325
vt 0.978818 0.280386
vt 0.957998 0.274562
vt 0.225705 0.919291
vt 0.227174 0.900288
vt 0.777529 0.634405
vt 0.777849 0.612795
vt 0.795394 0.636792
vt 0.225433 0.941103
vt 0.755309 0.633689
vt 0.758823 0.613793
vt 0.627799 0.552952
vt 0.608068 0.552707
vt 0.620129 0.541893
vt 0.642452 0.543342
vt 0.646966 0.555008
vt 0.609916 0.573229
vt 0.628694 0.573606
vt 0.820994 0.204961
vt 0.839476 0.203974
vt 0.819962 0.230604
vt 0.640034 0.910794
vt 0.622446 0.919036
vt 0.630209 0.886365
vt 0.660204 0.893029
vt 0.961316 0.195555
vt 0.934446 0.209521
vt 0.935611 0.184314
vt 0.961893 0.176957
vt 0.448657 0.410555
vt 0.450894 0.438374
vt 0.434667 0.434663
vt 0.464200 0.414317
vt 0.430310 0.404599
vt 0.464138 0.387434
vt 0.454312 0.382958
vt 0.436969 0.743581
vt 0.439638 0.751313
vt 0.413671 0.755060
vt 0.524220 0.000884
vt 0.509135 0.022468
vt 0.500069 0.001518
vt 0.412314 0.747156
vt 0.533038 0.018703
vt 0.461595 0.740480
vt 0.428427 0.726799
vt 0.958223 0.919504
vt 0.956660 0.900082
vt 0.994947 0.895662
vt 0.955289 0.918450
vt 0.959271 0.938818
vt 0.958086 0.936826
vt 0.996613 0.915905
vt 0.966314 0.091934
vt 0.974149 0.102501
vt 0.968350 0.100859
vt 0.941065 0.087960
vt 0.968462 0.084891
vt 0.825393 0.890540
vt 0.829444 0.906796
vt 0.825788 0.904059
vt 0.956862 0.095792
vt 0.976064 0.092226
vt 0.675513 0.700375
vt 0.677406 0.685062
vt 0.682134 0.701218
vt 0.675479 0.717000
vt 0.143221 0.026596
vt 0.106151 0.030318
vt 0.111440 0.022131
vt 0.926610 0.486699
vt 0.943336 0.486847
vt 0.942232 0.524553
vt 0.192016 0.254470
vt 0.214283 0.259865
vt 0.192016 0.292853
vt 0.338047 0.037819
vt 0.354757 0.001337
vt 0.354757 0.038095
vt 0.118342 0.013348
vt 0.799990 0.841603
vt 0.793935 0.884684
vt 0.781714 0.878727
vt 0.773862 0.873031
vt 0.786914 0.829741
vt 0.673400 0.416156
vt 0.653602 0.440135
vt 0.650208 0.416793
vt 0.695804 0.418995
vt 0.673263 0.441276
vt 0.697174 0.411527
vt 0.674064 0.409017
vt 0.384093 0.486716
vt 0.365444 0.461718
vt 0.385979 0.459502
vt 0.360595 0.486611
vt 0.295040 0.554177
vt 0.283081 0.575641
vt 0.285292 0.552824
vt 0.384861 0.494988
vt 0.319997 0.560746
vt 0.291280 0.575989
vt 0.900924 0.304457
vt 0.901170 0.285977
vt 0.905684 0.299889
vt 0.906655 0.320731
vt 0.895164 0.285915
vt 0.902724 0.325621
vt 0.895216 0.305787
vt 0.958818 0.605869
vt 0.963773 0.619378
vt 0.958863 0.621884
vt 0.923006 0.419508
vt 0.924559 0.435406
vt 0.920072 0.426402
vt 0.914818 0.409298
vt 0.966654 0.405998
vt 0.963542 0.420425
vt 0.919302 0.621596
vt 0.086178 0.877469
vt 0.085222 0.862621
vt 0.089900 0.877555
vt 0.078636 0.877000
vt 0.077547 0.863765
vt 0.090274 0.895063
vt 0.084949 0.893863
vt 0.860108 0.709580
vt 0.852079 0.723253
vt 0.849980 0.705272
vt 0.588088 0.088269
vt 0.571842 0.086530
vt 0.579146 0.061205
vt 0.888977 0.715203
vt 0.856319 0.692319
vt 0.887853 0.693870
vt 0.505076 0.246141
vt 0.484450 0.228750
vt 0.505824 0.225565
vt 0.515218 0.261795
vt 0.503129 0.265647
vt 0.516475 0.241869
vt 0.484168 0.246874
vt 0.255277 0.390758
vt 0.280737 0.391548
vt 0.278295 0.399370
vt 0.236247 0.374980
vt 0.261715 0.374750
vt 0.244947 0.407138
vt 0.224276 0.396437
vt 0.646742 0.741524
vt 0.645836 0.763328
vt 0.636921 0.762333
vt 0.588253 0.660237
vt 0.606872 0.682862
vt 0.578512 0.682278
vt 0.612140 0.660961
vt 0.589009 0.652341
vt 0.671420 0.749272
vt 0.637589 0.741193
vt 0.285831 0.114061
vt 0.274982 0.125160
vt 0.268277 0.100722
vt 0.300827 0.137061
vt 0.292688 0.140949
vt 0.303042 0.110496
vt 0.287416 0.086187
vt 0.173799 0.582817
vt 0.170506 0.556749
vt 0.194916 0.575256
vt 0.177216 0.608630
vt 0.165000 0.583608
vt 0.197691 0.603447
vt 0.162138 0.558704
vt 0.721867 0.414594
vt 0.723737 0.390113
vt 0.745292 0.413210
vt 0.698643 0.413158
vt 0.704433 0.389662
vt 0.745079 0.420899
vt 0.721646 0.422054
vt 0.916342 0.103110
vt 0.912936 0.105278
vt 0.912560 0.098905
vt 0.915175 0.122911
vt 0.919985 0.118426
vt 0.934906 0.108420
vt 0.933948 0.093706
vt 0.931309 0.088521
vt 0.740569 0.680204
vt 0.719767 0.679751
vt 0.765677 0.681521
vt 0.751225 0.706290
vt 0.720493 0.198208
vt 0.710622 0.225980
vt 0.695690 0.199701
vt 0.741229 0.197700
vt 0.742300 0.224943
vt 0.312881 0.269531
vt 0.322969 0.238734
vt 0.334966 0.270051
vt 0.302192 0.236121
vt 0.301493 0.298039
vt 0.290111 0.269486
vt 0.324242 0.297672
vt 0.748896 0.136524
vt 0.669403 0.778072
vt 0.750695 0.329238
vt 0.768000 0.348647
vt 0.745759 0.352759
vt 0.644208 0.808286
vt 0.644266 0.786493
vt 0.774373 0.142921
vt 0.777389 0.323939
vt 0.667980 0.812319
vt 0.139690 0.180034
vt 0.162766 0.155217
vt 0.163089 0.184008
vt 0.864275 0.683978
vt 0.842574 0.665295
vt 0.864275 0.653114
vt 0.248332 0.548552
vt 0.221132 0.535961
vt 0.246434 0.530441
vt 0.119728 0.152140
vt 0.141843 0.152656
vt 0.843234 0.695229
vt 0.116754 0.177551
vt 0.921357 0.463475
vt 0.924188 0.448299
vt 0.924857 0.464321
vt 0.920556 0.445693
vt 0.915789 0.463212
vt 0.916057 0.480884
vt 0.920649 0.480896
vt 0.143042 0.216081
vt 0.151121 0.240383
vt 0.123831 0.231656
vt 0.124415 0.760306
vt 0.138444 0.781233
vt 0.111341 0.783033
vt 0.117225 0.208132
vt 0.234649 0.745194
vt 0.256067 0.751970
vt 0.244379 0.768439
vt 0.137691 0.194330
vt 0.098864 0.760306
vt 0.463785 0.931591
vt 0.465470 0.945283
vt 0.448241 0.934890
vt 0.262603 0.413276
vt 0.260209 0.419487
vt 0.247473 0.412551
vt 0.273806 0.402931
vt 0.273806 0.427460
vt 0.861888 0.766547
vt 0.856814 0.783323
vt 0.853079 0.776808
vt 0.839475 0.766831
vt 0.861386 0.759647
vt 0.866407 0.778722
vt 0.955955 0.955079
vt 0.950003 0.966654
vt 0.954575 0.953591
vt 0.960147 0.957313
vt 0.406062 0.971416
vt 0.411127 0.965235
vt 0.404804 0.968698
vt 0.815334 0.911964
vt 0.813882 0.927684
vt 0.804428 0.917615
vt 0.806099 0.892208
vt 0.820656 0.895257
vt 0.823245 0.919903
vt 0.519088 0.687979
vt 0.500537 0.686325
vt 0.507564 0.666801
vt 0.534874 0.700608
vt 0.514318 0.699626
vt 0.526114 0.668457
vt 0.537631 0.689711
vt 0.051714 0.341765
vt 0.029767 0.324394
vt 0.063890 0.322914
vt 0.081523 0.347986
vt 0.064249 0.368243
vt 0.703718 0.677372
vt 0.686808 0.655936
vt 0.709898 0.652699
vt 0.034331 0.361974
vt 0.015752 0.344742
vt 0.499902 0.914968
vt 0.519676 0.886585
vt 0.530106 0.919509
vt 0.514287 0.940320
vt 0.485500 0.938764
vt 0.485500 0.890012
vt 0.608221 0.866875
vt 0.632959 0.855517
vt 0.608221 0.837890
vt 0.037440 0.272778
vt 0.059440 0.256706
vt 0.073917 0.264567
vt 0.040232 0.279634
vt 0.075113 0.267689
vt 0.069284 0.284828
vt 0.041826 0.289476
vt 0.011678 0.285759
vt 0.008440 0.276187
vt 0.035626 0.262059
vt 0.305429 0.523909
vt 0.308244 0.501118
vt 0.332433 0.524717
vt 0.308614 0.545032
vt 0.488112 0.017122
vt 0.505278 0.044647
vt 0.288029 0.549993
vt 0.288618 0.509354
vt 0.903575 0.652680
vt 0.899420 0.670268
vt 0.868717 0.656394
vt 0.868070 0.639237
vt 0.906288 0.634996
vt 0.904114 0.668885
vt 0.908998 0.647955
vt 0.436559 0.594850
vt 0.454017 0.572228
vt 0.465028 0.604754
vt 0.215936 0.791465
vt 0.188373 0.786068
vt 0.214227 0.769553
vt 0.423583 0.570148
vt 0.198706 0.816215
vt 0.415757 0.601909
vt 0.926890 0.597633
vt 0.931352 0.590044
vt 0.088969 0.939169
vt 0.085298 0.928134
vt 0.090117 0.927083
vt 0.132141 0.936621
vt 0.929567 0.611897
vt 0.889666 0.606413
vt 0.246576 0.705324
vt 0.246978 0.713131
vt 0.221174 0.713006
vt 0.222759 0.705612
vt 0.239790 0.681158
vt 0.260346 0.679535
vt 0.270041 0.702662
vt 0.441865 0.218079
vt 0.452248 0.191976
vt 0.468494 0.210690
vt 0.449407 0.242300
vt 0.424926 0.240918
vt 0.426691 0.196073
vt 0.417821 0.219491
vt 0.729668 0.091931
vt 0.724238 0.114947
vt 0.710485 0.119161
vt 0.231175 0.862168
vt 0.281256 0.852485
vt 0.282311 0.866538
vt 0.233400 0.876997
vt 0.202840 0.904750
vt 0.231477 0.845253
vt 0.202840 0.814125
vt 0.058312 0.529558
vt 0.066506 0.528045
vt 0.065146 0.554374
vt 0.062675 0.514167
vt 0.031599 0.535619
vt 0.026884 0.515444
vt 0.149902 0.652373
vt 0.131868 0.634495
vt 0.158050 0.635258
vt 0.057396 0.553824
vt 0.806562 0.375875
vt 0.828205 0.371754
vt 0.830942 0.396736
vt 0.797597 0.377111
vt 0.797284 0.353599
vt 0.803720 0.350060
vt 0.804640 0.397200
vt 0.270136 0.481010
vt 0.303568 0.482568
vt 0.273765 0.490470
vt 0.243618 0.484866
vt 0.271861 0.471740
vt 0.244529 0.470905
vt 0.826733 0.167352
vt 0.805830 0.159800
vt 0.825271 0.146297
vt 0.837460 0.149350
vt 0.839427 0.170717
vt 0.826562 0.186711
vt 0.805589 0.180766
vt 0.731580 0.130288
vt 0.717495 0.152017
vt 0.714112 0.129744
vt 0.976178 0.392852
vt 0.968433 0.384209
vt 0.972511 0.371908
vt 0.714020 0.122244
vt 0.738478 0.152401
vt 0.738309 0.119998
vt 0.326147 0.595332
vt 0.347108 0.597137
vt 0.328745 0.616548
vt 0.714511 0.804854
vt 0.729880 0.782371
vt 0.738153 0.804435
vt 0.738406 0.812430
vt 0.714765 0.813066
vt 0.697063 0.782870
vt 0.692483 0.805397
vt 0.115378 0.319445
vt 0.143529 0.317391
vt 0.135697 0.342303
vt 0.108395 0.341710
vt 0.087713 0.320621
vt 0.094061 0.299723
vt 0.121394 0.299224
vt 0.447670 0.347666
vt 0.443793 0.318154
vt 0.469546 0.324814
vt 0.480130 0.648259
vt 0.502750 0.631380
vt 0.502124 0.657135
vt 0.469985 0.354225
vt 0.443793 0.368715
vt 0.659515 0.161321
vt 0.654201 0.183556
vt 0.633918 0.163173
vt 0.645636 0.134224
vt 0.407283 0.794044
vt 0.417385 0.762959
vt 0.428746 0.786892
vt 0.418457 0.801168
vt 0.399461 0.808888
vt 0.388133 0.797627
vt 0.394039 0.769281
vt 0.223807 0.945226
vt 0.205518 0.940094
vt 0.212334 0.927859
vt 0.561135 0.439559
vt 0.538372 0.430728
vt 0.561932 0.416719
vt 0.560090 0.462427
vt 0.537011 0.450750
vt 0.569807 0.416905
vt 0.571831 0.440471
vt 0.587458 0.544017
vt 0.586803 0.555420
vt 0.790786 0.383861
vt 0.773909 0.384815
vt 0.795228 0.360313
vt 0.589486 0.520454
vt 0.602275 0.541519
vt 0.790370 0.395369
vt 0.700175 0.030302
vt 0.699203 0.026482
vt 0.718629 0.032393
vt 0.710755 0.069232
vt 0.689765 0.068489
vt 0.689765 0.031515
vt 0.690779 0.020130
vt 0.767599 0.864085
vt 0.768961 0.874430
vt 0.534808 0.502857
vt 0.555148 0.491475
vt 0.555247 0.503016
vt 0.536178 0.527533
vt 0.513022 0.524429
vt 0.534929 0.490686
vt 0.514937 0.502306
vt 0.888495 0.947948
vt 0.878824 0.925038
vt 0.882544 0.923139
vt 0.832079 0.748308
vt 0.834571 0.738571
vt 0.838797 0.757564
vt 0.884828 0.946854
vt 0.824274 0.720240
vt 0.835512 0.761975
vt 0.892046 0.960170
vt 0.234068 0.670298
vt 0.253537 0.668630
vt 0.244218 0.649198
vt 0.214400 0.670494
vt 0.226033 0.650114
vt 0.217958 0.681789
vt 0.844843 0.050128
vt 0.853610 0.071761
vt 0.829803 0.065008
vt 0.843426 0.024963
vt 0.864481 0.025419
vt 0.871385 0.053251
vt 0.816577 0.050294
vt 0.720519 0.164829
vt 0.699489 0.164071
vt 0.741138 0.163900
vt 0.723681 0.188738
vt 0.699921 0.188020
vt 0.161578 0.075066
vt 0.147482 0.073712
vt 0.158388 0.049110
vt 0.131441 0.378389
vt 0.118405 0.389313
vt 0.106225 0.364875
vt 0.168588 0.048730
vt 0.139264 0.404486
vt 0.152686 0.100814
vt 0.175797 0.100900
vt 0.603135 0.382791
vt 0.603356 0.355480
vt 0.626483 0.379807
vt 0.093824 0.607135
vt 0.069758 0.604067
vt 0.072445 0.579880
vt 0.112031 0.595267
vt 0.731056 0.547255
vt 0.736545 0.565052
vt 0.603506 0.407147
vt 0.641146 0.645653
vt 0.664885 0.645651
vt 0.663843 0.652985
vt 0.638650 0.652919
vt 0.616493 0.644818
vt 0.619215 0.621240
vt 0.642938 0.621340
vt 0.996873 0.245996
vt 0.991462 0.244101
vt 0.995002 0.227843
vt 0.994669 0.259737
vt 0.503958 0.441585
vt 0.524840 0.425280
vt 0.524523 0.445316
vt 0.501960 0.458039
vt 0.999987 0.264282
vt 0.503206 0.422685
vt 0.526788 0.085446
vt 0.514584 0.097079
vt 0.505131 0.087472
vt 0.528915 0.060694
vt 0.548911 0.085682
vt 0.540769 0.096143
vt 0.504584 0.062295
vt 0.369731 0.182018
vt 0.355595 0.130372
vt 0.373250 0.152883
vt 0.375700 0.693730
vt 0.375318 0.718143
vt 0.366554 0.717462
vt 0.394043 0.697317
vt 0.367993 0.694198
vt 0.597283 0.287735
vt 0.585580 0.273071
vt 0.608738 0.269602
vt 0.375655 0.671244
vt 0.394043 0.670786
vt 0.512231 0.532423
vt 0.489228 0.526344
vt 0.536002 0.534037
vt 0.486675 0.534369
vt 0.511032 0.539708
vt 0.317666 0.910834
vt 0.296627 0.914990
vt 0.296440 0.888748
vt 0.332851 0.934755
vt 0.310946 0.939607
vt 0.341126 0.902870
vt 0.325705 0.886277
vt 0.745581 0.757334
vt 0.762985 0.732889
vt 0.772154 0.760039
vt 0.730247 0.780942
vt 0.331629 0.432137
vt 0.330245 0.401067
vt 0.351574 0.412250
vt 0.306398 0.423519
vt 0.249963 0.088266
vt 0.266251 0.073702
vt 0.467629 0.252354
vt 0.480946 0.229387
vt 0.449281 0.268725
vt 0.239728 0.063767
vt 0.253129 0.111260
vt 0.696902 0.150960
vt 0.603336 0.424384
vt 0.627399 0.418447
vt 0.611596 0.445464
vt 0.051474 0.599778
vt 0.031506 0.580149
vt 0.055484 0.575711
vt 0.061112 0.602714
vt 0.627422 0.411212
vt 0.603434 0.415325
vt 0.026570 0.602160
vt 0.613323 0.652669
vt 0.591871 0.644959
vt 0.637045 0.661158
vt 0.734818 0.649295
vt 0.735705 0.670128
vt 0.694614 0.629447
vt 0.722902 0.626824
vt 0.849590 0.980940
vt 0.888653 0.963107
vt 0.888292 0.979702
vt 0.295234 0.149371
vt 0.295234 0.188093
vt 0.278063 0.149486
vt 0.923798 0.390257
vt 0.919757 0.402366
vt 0.887363 0.406659
vt 0.862603 0.090180
vt 0.907022 0.100220
vt 0.869386 0.108394
vt 0.903512 0.086752
vt 0.019047 0.240473
vt 0.000408 0.240473
vt 0.002872 0.200696
vt 0.493984 0.106359
vt 0.493619 0.099462
vt 0.530727 0.115467
vt 0.503271 0.114941
vt 0.817752 0.606726
vt 0.839070 0.594358
vt 0.838226 0.616064
vt 0.907541 0.263989
vt 0.905340 0.280231
vt 0.903719 0.265972
vt 0.904736 0.251320
vt 0.942845 0.260447
vt 0.308619 0.427160
vt 0.288509 0.426484
vt 0.298127 0.423834
vt 0.942552 0.280068
vt 0.309520 0.432941
vt 0.028571 0.235711
vt 0.020677 0.235711
vt 0.023931 0.213198
vt 0.299875 0.697961
vt 0.323216 0.697519
vt 0.305641 0.719819
vt 0.313524 0.682236
vt 0.292376 0.700141
vt 0.890766 0.391662
vt 0.870952 0.390252
vt 0.882595 0.370101
vt 0.033245 0.863612
vt 0.029686 0.882245
vt 0.021380 0.863696
vt 0.058338 0.859551
vt 0.056453 0.882597
vt 0.022802 0.844630
vt 0.034358 0.841751
vt 0.696507 0.312137
vt 0.719038 0.330926
vt 0.695829 0.340472
vt 0.452375 0.379278
vt 0.425371 0.395233
vt 0.425371 0.367111
vt 0.668184 0.327756
vt 0.666711 0.296681
vt 0.693701 0.281961
vt 0.719038 0.290387
vt 0.168681 0.417491
vt 0.193156 0.400013
vt 0.195645 0.423581
vt 0.684322 0.948653
vt 0.697598 0.933124
vt 0.708925 0.961893
vt 0.679777 0.914463
vt 0.171349 0.442558
vt 0.656089 0.933937
vt 0.663514 0.961893
vt 0.327670 0.652517
vt 0.349678 0.629382
vt 0.349693 0.652513
vt 0.746757 0.189253
vt 0.724937 0.196426
vt 0.329438 0.628256
vt 0.747610 0.196426
vt 0.326152 0.659743
vt 0.737384 0.844961
vt 0.753354 0.856118
vt 0.735426 0.856281
vt 0.717063 0.844268
vt 0.758764 0.843461
vt 0.717225 0.821230
vt 0.739619 0.821122
vt 0.827277 0.924015
vt 0.866376 0.926576
vt 0.827983 0.939500
vt 0.822418 0.934869
vt 0.961934 0.788805
vt 0.961792 0.766911
vt 0.968843 0.789350
vt 0.953174 0.765834
vt 0.960485 0.811682
vt 0.953524 0.788947
vt 0.967931 0.811152
vt 0.578205 0.205998
vt 0.555005 0.187567
vt 0.576344 0.169138
vt 0.602687 0.442854
vt 0.604754 0.479756
vt 0.581188 0.463251
vt 0.579603 0.439486
vt 0.600385 0.415175
vt 0.556662 0.210979
vt 0.578564 0.233745
vt 0.278262 0.247060
vt 0.259040 0.183874
vt 0.241864 0.214724
vt 0.237670 0.185176
vt 0.265877 0.274314
vt 0.250170 0.159454
vt 0.288695 0.223464
vt 0.267854 0.212704
vt 0.589060 0.572953
vt 0.215473 0.609987
vt 0.199948 0.629980
vt 0.830613 0.318337
vt 0.856382 0.317406
vt 0.857106 0.326229
vt 0.349996 0.958030
vt 0.322922 0.954202
vt 0.332045 0.937011
vt 0.826449 0.300502
vt 0.831146 0.326893
vt 0.347345 0.965855
vt 0.991270 0.259194
vt 0.987029 0.243033
vt 0.989278 0.227394
vt 0.322174 0.833741
vt 0.501694 0.961987
vt 0.528157 0.966654
vt 0.295220 0.831003
vt 0.335359 0.486285
vt 0.361460 0.495565
vt 0.334868 0.494247
vt 0.312010 0.484865
vt 0.317499 0.459899
vt 0.340007 0.461644
vt 0.961666 0.444669
vt 0.175593 0.251580
vt 0.151727 0.265640
vt 0.128541 0.253684
vt 0.081981 0.781151
vt 0.810821 0.219095
vt 0.795490 0.192177
vt 0.826180 0.193251
vt 0.821495 0.247856
vt 0.066017 0.423858
vt 0.094716 0.432399
vt 0.071264 0.452222
vt 0.041730 0.442401
vt 0.245935 0.721050
vt 0.220128 0.720261
vt 0.271729 0.710505
vt 0.006122 0.000481
vt 0.028620 0.022570
vt 0.020167 0.027254
vt 0.428378 0.344043
vt 0.433821 0.316321
vt 0.442631 0.318552
vt 0.310115 0.402557
vt 0.285633 0.383986
vt 0.160117 0.428811
vt 0.129106 0.429756
vt 0.130317 0.421959
vt 0.308412 0.165474
vt 0.309296 0.135530
vt 0.275730 0.463602
vt 0.010247 0.030951
vt 0.276676 0.407065
vt 0.133144 0.412807
vt 0.470827 0.357367
vt 0.161653 0.017684
vt 0.147801 0.046199
vt 0.291705 0.378071
vt 0.423801 0.315745
vt 0.148247 0.399542
vt 0.415279 0.316729
vt 0.472050 0.388118
vt 0.915478 0.689416
vt 0.913038 0.708359
vt 0.908870 0.683600
vt 0.404098 0.898629
vt 0.410462 0.900778
vt 0.405310 0.917117
vt 0.401816 0.899206
vt 0.918070 0.691162
vt 0.915593 0.708033
vt 0.690701 0.122141
vt 0.696089 0.129899
vt 0.677004 0.129599
vt 0.673959 0.121084
vt 0.689824 0.117916
vt 0.899832 0.001367
vt 0.916760 0.007799
vt 0.915359 0.026875
vt 0.119993 0.639167
vt 0.121397 0.618646
vt 0.016835 0.522940
vt 0.020062 0.541092
vt 0.000310 0.527278
vt 0.103763 0.628588
vt 0.729555 0.342853
vt 0.729555 0.301210
vt 0.745229 0.334941
vt 0.290472 0.216664
vt 0.274966 0.216664
vt 0.288972 0.179261
vt 0.042857 0.147605
vt 0.026085 0.186503
vt 0.018673 0.170972
vt 0.129400 0.879374
vt 0.132141 0.862498
vt 0.128949 0.900088
vt 0.175718 0.223656
vt 0.179030 0.196129
vt 0.199449 0.205728
vt 0.197472 0.240513
vt 0.175610 0.247860
vt 0.154733 0.238937
vt 0.365616 0.026132
vt 0.393518 0.025577
vt 0.381857 0.048068
vt 0.369825 0.000566
vt 0.133941 0.874832
vt 0.136006 0.852726
vt 0.140985 0.865652
vt 0.188508 0.699984
vt 0.191500 0.722393
vt 0.168412 0.713018
vt 0.167612 0.694774
vt 0.140309 0.882320
vt 0.135158 0.898260
vt 0.189365 0.680421
vt 0.100502 0.953988
vt 0.078647 0.950947
vt 0.100870 0.945568
vt 0.094879 0.981869
vt 0.081154 0.975931
vt 0.118101 0.943757
vt 0.120879 0.970872
vt 0.112046 0.979337
vt 0.103756 0.978525
vt 0.543649 0.330902
vt 0.566221 0.339051
vt 0.553539 0.356418
vt 0.521170 0.328007
vt 0.524197 0.320540
vt 0.529928 0.348614
vt 0.546326 0.323500
vt 0.664111 0.078570
vt 0.685912 0.076536
vt 0.693867 0.679952
vt 0.050458 0.785598
vt 0.064808 0.758157
vt 0.078570 0.785704
vt 0.100367 0.856957
vt 0.117793 0.830403
vt 0.133093 0.854479
vt 0.068722 0.857132
vt 0.085843 0.831946
vt 0.032902 0.757960
vt 0.020641 0.784571
vt 0.018547 0.079994
vt 0.040688 0.093095
vt 0.023116 0.107395
vt 0.021240 0.052758
vt 0.037979 0.070165
vt 0.000443 0.094956
vt 0.001267 0.060180
vt 0.104092 0.021899
vt 0.102764 0.033038
vt 0.096659 0.028813
vt 0.085820 0.020795
vt 0.097533 0.016239
vt 0.113275 0.012151
vt 0.791874 0.642082
vt 0.814551 0.642740
vt 0.814611 0.651498
vt 0.898156 0.783323
vt 0.892213 0.781936
vt 0.897316 0.762503
vt 0.861309 0.102548
vt 0.867469 0.125169
vt 0.859450 0.126788
vt 0.702372 0.350392
vt 0.701340 0.358809
vt 0.679198 0.348653
vt 0.791364 0.650643
vt 0.855127 0.104215
vt 0.049411 0.185247
vt 0.048803 0.193611
vt 0.033611 0.181666
vt 0.057613 0.185191
vt 0.060440 0.197997
vt 0.033754 0.175861
vt 0.041787 0.176350
vt 0.425713 0.968571
vt 0.595909 0.822086
vt 0.601424 0.810686
vt 0.607468 0.823363
vt 0.595566 0.829765
vt 0.583900 0.815179
vt 0.580881 0.835704
vt 0.623885 0.227076
vt 0.602874 0.238260
vt 0.601517 0.229594
vt 0.630232 0.203356
vt 0.647201 0.222614
vt 0.626090 0.235121
vt 0.600182 0.709273
vt 0.611049 0.686539
vt 0.607986 0.710230
vt 0.600216 0.734934
vt 0.577889 0.716846
vt 0.602868 0.685967
vt 0.215986 0.150820
vt 0.233470 0.159804
vt 0.215436 0.182008
vt 0.395622 0.104857
vt 0.414283 0.129801
vt 0.195785 0.177729
vt 0.404449 0.130049
vt 0.232356 0.129598
vt 0.385283 0.073279
vt 0.405854 0.080802
vt 0.473803 0.624172
vt 0.471540 0.645230
vt 0.454611 0.631642
vt 0.452831 0.613005
vt 0.473803 0.604346
vt 0.637161 0.452826
vt 0.656638 0.451573
vt 0.631653 0.442052
vt 0.617708 0.454756
vt 0.343038 0.449754
vt 0.366736 0.449754
vt 0.554726 0.838304
vt 0.534972 0.857963
vt 0.533180 0.837611
vt 0.573100 0.838890
vt 0.556399 0.857853
vt 0.572286 0.826244
vt 0.553983 0.825920
vt 0.232001 0.312641
vt 0.230791 0.331099
vt 0.206040 0.318358
vt 0.476463 0.477158
vt 0.455261 0.492186
vt 0.458102 0.464932
vt 0.471899 0.441700
vt 0.490094 0.464575
vt 0.498803 0.491701
vt 0.476742 0.509517
vt 0.056302 0.663160
vt 0.029622 0.648280
vt 0.056364 0.633654
vt 0.082760 0.650144
vt 0.084629 0.677649
vt 0.056861 0.692848
vt 0.028268 0.675660
vt 0.027804 0.160176
vt 0.021951 0.133848
vt 0.043498 0.141574
vt 0.018085 0.480997
vt 0.045593 0.469168
vt 0.031219 0.499588
vt 0.000907 0.463563
vt 0.021298 0.455016
vt 0.000443 0.149843
vt 0.007896 0.172022
vt 0.537800 0.257133
vt 0.542438 0.258421
vt 0.530765 0.281124
vt 0.292463 0.696386
vt 0.279844 0.676155
vt 0.629143 0.762191
vt 0.628898 0.739051
vt 0.627284 0.785147
vt 0.606479 0.779461
vt 0.606229 0.758016
vt 0.113459 0.037909
vt 0.099244 0.041690
vt 0.657906 0.118388
vt 0.661315 0.126799
vt 0.671868 0.116705
vt 0.784086 0.728292
vt 0.803599 0.748699
vt 0.778434 0.754172
vt 0.308196 0.324445
vt 0.296516 0.347974
vt 0.333740 0.323127
vt 0.322999 0.348210
vt 0.587974 0.137666
vt 0.616034 0.137365
vt 0.618460 0.086337
vt 0.631357 0.111761
vt 0.468124 0.647691
vt 0.445741 0.666721
vt 0.438909 0.641454
vt 0.473634 0.675899
vt 0.490249 0.654618
vt 0.880941 0.229952
vt 0.848926 0.230095
vt 0.868209 0.203759
vt 0.869685 0.256657
vt 0.130951 0.500474
vt 0.106700 0.516660
vt 0.104065 0.488345
vt 0.116531 0.732407
vt 0.123854 0.706309
vt 0.123988 0.731201
vt 0.116853 0.757219
vt 0.094668 0.759514
vt 0.093800 0.734416
vt 0.286413 0.422275
vt 0.222298 0.089240
vt 0.197333 0.067051
vt 0.200668 0.053750
vt 0.284284 0.425241
vt 0.217926 0.104378
vt 0.227276 0.078331
vt 0.277005 0.411252
vt 0.279579 0.621631
vt 0.281082 0.598617
vt 0.288460 0.599914
vt 0.287433 0.621473
vt 0.270948 0.644782
vt 0.271366 0.621208
vt 0.278778 0.645230
vt 0.394862 0.359659
vt 0.411484 0.323912
vt 0.413425 0.352767
vt 0.631368 0.829698
vt 0.660706 0.842207
vt 0.461583 0.524620
vt 0.473653 0.551465
vt 0.442671 0.546505
vt 0.307700 0.857937
vt 0.338059 0.859513
vt 0.430155 0.522915
vt 0.639220 0.518422
vt 0.662320 0.521988
vt 0.663077 0.547908
vt 0.310370 0.363820
vt 0.316551 0.354589
vt 0.322154 0.372140
vt 0.445407 0.915544
vt 0.431882 0.937132
vt 0.426729 0.916973
vt 0.315457 0.378672
vt 0.437166 0.908351
vt 0.461853 0.912776
vt 0.527215 0.150799
vt 0.542744 0.134457
vt 0.532015 0.149201
vt 0.538878 0.133789
vt 0.516261 0.171426
vt 0.516372 0.157540
vt 0.524261 0.141714
vt 0.471676 0.298320
vt 0.659515 0.102269
vt 0.442056 0.759294
vt 0.580516 0.249981
vt 0.603492 0.246853
vt 0.579628 0.240779
vt 0.191508 0.549232
vt 0.670909 0.230329
vt 0.649402 0.240371
vt 0.648259 0.231401
vt 0.672075 0.238690
vt 0.490305 0.520804
vt 0.668589 0.223895
vt 0.837853 0.642442
vt 0.837946 0.650789
vt 0.897808 0.737987
vt 0.210603 0.375554
vt 0.221276 0.349678
vt 0.196808 0.397712
vt 0.179187 0.377323
vt 0.197876 0.351333
vt 0.592173 0.780390
vt 0.590681 0.787736
vt 0.579589 0.781097
vt 0.578783 0.763863
vt 0.593804 0.761626
vt 0.602216 0.795417
vt 0.426185 0.920283
vt 0.414848 0.928614
vt 0.412341 0.916735
vt 0.845293 0.864147
vt 0.872735 0.849440
vt 0.870517 0.875104
vt 0.845743 0.841363
vt 0.819835 0.855849
vt 0.815873 0.879689
vt 0.842960 0.887621
vt 0.922714 0.007878
vt 0.922478 0.026892
vt 0.574843 0.985702
vt 0.559090 0.985152
vt 0.573605 0.969401
vt 0.579249 0.983699
vt 0.787326 0.481480
vt 0.814604 0.477489
vt 0.801204 0.503817
vt 0.799424 0.453071
vt 0.018503 0.731196
vt 0.009772 0.710996
vt 0.032618 0.709228
vt 0.002755 0.756607
vt 0.047337 0.731365
vt 0.732399 0.115364
vt 0.746193 0.093838
vt 0.503565 0.863718
vt 0.480677 0.891665
vt 0.480982 0.864298
vt 0.589679 0.343612
vt 0.593917 0.359519
vt 0.568656 0.329766
vt 0.826362 0.260127
vt 0.840117 0.298806
vt 0.814172 0.285344
vt 0.846723 0.267808
vt 0.546256 0.901195
vt 0.557136 0.927126
vt 0.065937 0.130537
vt 0.045445 0.118323
vt 0.063559 0.078570
vt 0.063559 0.052839
vt 0.088094 0.057833
vt 0.092261 0.116312
vt 0.079390 0.152177
vt 0.054455 0.160635
vt 0.067719 0.104914
vt 0.575667 0.804992
vt 0.552795 0.803712
vt 0.076869 0.943757
vt 0.971194 0.664190
vt 0.963174 0.666212
vt 0.955555 0.661642
vt 0.958868 0.652466
vt 0.965451 0.654204
vt 0.334909 0.750337
vt 0.317269 0.745907
vt 0.661818 0.505492
vt 0.635860 0.504012
vt 0.658984 0.484034
vt 0.800486 0.303353
vt 0.828841 0.320890
vt 0.803032 0.326445
vt 0.637097 0.511540
vt 0.678563 0.481717
vt 0.662525 0.513547
vt 0.678265 0.501940
vt 0.131842 0.062556
vt 0.038518 0.043056
vt 0.390121 0.388226
vt 0.377738 0.416123
vt 0.368803 0.390990
vt 0.413146 0.381137
vt 0.406524 0.412690
vt 0.371729 0.358591
vt 0.720530 0.881539
vt 0.705397 0.908827
vt 0.693398 0.880548
vt 0.412891 0.547047
vt 0.659028 0.870070
vt 0.730943 0.910599
vt 0.448138 0.295059
vt 0.433215 0.291403
vt 0.377012 0.668917
vt 0.375834 0.661347
vt 0.399819 0.657622
vt 0.401571 0.664908
vt 0.335452 0.546232
vt 0.359762 0.526256
vt 0.348203 0.669039
vt 0.364347 0.548499
vt 0.144722 0.902119
vt 0.148870 0.921417
vt 0.145089 0.920198
vt 0.141731 0.900197
vt 0.143642 0.884626
vt 0.182227 0.885652
vt 0.183422 0.903219
vt 0.789911 0.776680
vt 0.815595 0.772885
vt 0.803566 0.801464
vt 0.761858 0.777498
vt 0.776350 0.802675
vt 0.020608 0.186726
vt 0.013266 0.174688
vt 0.951297 0.865395
vt 0.973380 0.858778
vt 0.976178 0.895227
vt 0.945264 0.862540
vt 0.961080 0.856423
vt 0.334854 0.590469
vt 0.334854 0.549877
vt 0.349996 0.556494
vt 0.449527 0.691949
vt 0.422554 0.685446
vt 0.417182 0.661839
vt 0.155463 0.689462
vt 0.132022 0.705039
vt 0.131575 0.681746
vt 0.168238 0.674870
vt 0.156534 0.668693
vt 0.155975 0.708975
vt 0.099676 0.226506
vt 0.079344 0.242902
vt 0.073242 0.222308
vt 0.104298 0.251956
vt 0.257644 0.339617
vt 0.283330 0.324372
vt 0.283330 0.354757
vt 0.765626 0.192177
vt 0.161903 0.497125
vt 0.134617 0.511898
vt 0.134617 0.483027
vt 0.385523 0.804042
vt 0.408999 0.822295
vt 0.380444 0.834568
vt 0.765532 0.578385
vt 0.762236 0.569451
vt 0.798333 0.576185
vt 0.745928 0.428489
vt 0.722544 0.430349
vt 0.747610 0.450882
vt 0.678563 0.279182
vt 0.645403 0.264397
vt 0.674354 0.259515
vt 0.372901 0.764276
vt 0.372837 0.740933
vt 0.393199 0.738765
vt 0.365023 0.763491
vt 0.813617 0.711482
vt 0.792374 0.735190
vt 0.791398 0.711418
vt 0.804724 0.738223
vt 0.967951 0.831806
vt 0.814068 0.703988
vt 0.818404 0.739276
vt 0.811688 0.738852
vt 0.960084 0.833323
vt 0.995225 0.823356
vt 0.050540 0.385261
vt 0.033000 0.407953
vt 0.023860 0.387934
vt 0.080236 0.397575
vt 0.059706 0.411530
vt 0.349982 0.834008
vt 0.363261 0.808332
vt 0.379757 0.832406
vt 0.368390 0.859513
vt 0.309464 0.199997
vt 0.781950 0.133332
vt 0.776920 0.107087
vt 0.801706 0.114761
vt 0.763420 0.131634
vt 0.308329 0.640565
vt 0.702401 0.018162
vt 0.696274 0.001242
vt 0.322670 0.640075
vt 0.800018 0.614960
vt 0.230785 0.881973
vt 0.236257 0.883861
vt 0.812166 0.640468
vt 0.927474 0.539259
vt 0.929928 0.552340
vt 0.060582 0.080745
vt 0.472370 0.965962
vt 0.449314 0.947373
vt 0.246528 0.424886
vt 0.072287 0.000399
vt 0.075769 0.008276
vt 0.054699 0.000736
vt 0.817973 0.112487
vt 0.822603 0.129891
vt 0.803156 0.137419
vt 0.833867 0.109895
vt 0.798208 0.120199
vt 0.834085 0.780946
vt 0.427714 0.265710
vt 0.411107 0.284707
vt 0.403043 0.256706
vt 0.786272 0.959991
vt 0.924837 0.373636
vt 0.962105 0.374218
vt 0.931496 0.392751
vt 0.957496 0.356952
vt 0.788150 0.979926
vt 0.746554 0.970332
vt 0.917474 0.353955
vt 0.929355 0.960981
vt 0.814541 0.938518
vt 0.614787 0.179139
vt 0.622140 0.190075
vt 0.803491 0.930868
vt 0.485108 0.720640
vt 0.492458 0.697381
vt 0.507618 0.723517
vt 0.506377 0.730589
vt 0.664941 0.621902
vt 0.482576 0.727814
vt 0.949827 0.244598
vt 0.948244 0.223872
vt 0.985657 0.226668
vt 0.882111 0.192984
vt 0.918147 0.191800
vt 0.919868 0.208586
vt 0.881022 0.175667
vt 0.949654 0.264135
vt 0.882122 0.210721
vt 0.735705 0.517847
vt 0.708906 0.516711
vt 0.723326 0.492278
vt 0.778562 0.709169
vt 0.722244 0.542799
vt 0.914395 0.443974
vt 0.004910 0.616871
vt 0.031467 0.620488
vt 0.002352 0.649207
vt 0.844124 0.565126
vt 0.848360 0.556658
vt 0.838331 0.575226
vt 0.839190 0.554906
vt 0.846690 0.541361
vt 0.272580 0.718217
vt 0.248210 0.742848
vt 0.218615 0.742848
vt 0.012418 0.893152
vt 0.901415 0.857792
vt 0.900916 0.839801
vt 0.937811 0.849138
vt 0.957131 0.762361
vt 0.919100 0.758936
vt 0.955452 0.745038
vt 0.444012 0.066085
vt 0.445863 0.041580
vt 0.466545 0.058025
vt 0.423658 0.060356
vt 0.512711 0.135050
vt 0.499484 0.155066
vt 0.498235 0.121298
vt 0.163422 0.651005
vt 0.167122 0.634212
vt 0.074686 0.527504
vt 0.073738 0.554803
vt 0.074320 0.511654
vt 0.575780 0.503116
vt 0.559159 0.526754
vt 0.017893 0.883322
vt 0.582451 0.524946
vt 0.574480 0.491575
vt 0.922857 0.950759
vt 0.895112 0.946780
vt 0.909606 0.922298
vt 0.140026 0.369625
vt 0.164284 0.382082
vt 0.140026 0.399995
vt 0.935545 0.924408
vt 0.949988 0.952369
vt 0.862195 0.150165
vt 0.863111 0.173679
vt 0.870239 0.148703
vt 0.374063 0.629366
vt 0.349719 0.618213
vt 0.298179 0.027875
vt 0.322299 0.037640
vt 0.303661 0.056342
vt 0.274798 0.024852
vt 0.297750 0.000404
vt 0.323805 0.002632
vt 0.281192 0.050887
vt 0.018233 0.429303
vt 0.000016 0.398385
vt 0.505531 0.602645
vt 0.507843 0.573241
vt 0.532845 0.587133
vt 0.481208 0.617931
vt 0.493868 0.380558
vt 0.494656 0.353822
vt 0.531090 0.617050
vt 0.514279 0.388090
vt 0.437123 0.465621
vt 0.378625 0.244537
vt 0.411934 0.427944
vt 0.413519 0.823654
vt 0.438071 0.796030
vt 0.432404 0.817136
vt 0.577800 0.415902
vt 0.597663 0.390330
vt 0.772949 0.397701
vt 0.755807 0.386550
vt 0.771570 0.363786
vt 0.718373 0.027985
vt 0.691162 0.016282
vt 0.759033 0.873096
vt 0.763924 0.878161
vt 0.352644 0.318412
vt 0.367504 0.327213
vt 0.348875 0.348899
vt 0.372602 0.091886
vt 0.368418 0.066538
vt 0.388857 0.086073
vt 0.376795 0.125346
vt 0.356952 0.097328
vt 0.360689 0.067778
vt 0.393281 0.116740
vt 0.955115 0.578262
vt 0.942784 0.587679
vt 0.943683 0.567433
vt 0.955722 0.560863
vt 0.978559 0.565007
vt 0.976293 0.585738
vt 0.953808 0.599924
vt 0.067480 0.926353
vt 0.081547 0.930125
vt 0.067463 0.942845
vt 0.554995 0.470043
vt 0.079472 0.913047
vt 0.483578 0.808794
vt 0.507883 0.796126
vt 0.506887 0.805523
vt 0.483205 0.797671
vt 0.492424 0.832026
vt 0.198539 0.703708
vt 0.195687 0.711368
vt 0.197898 0.679409
vt 0.586315 0.801525
vt 0.401231 0.915544
vt 0.423925 0.935486
vt 0.600896 0.803410
vt 0.680091 0.163053
vt 0.661287 0.160757
vt 0.678111 0.148939
vt 0.670539 0.609803
vt 0.649707 0.608783
vt 0.665678 0.584064
vt 0.486333 0.098577
vt 0.477451 0.077825
vt 0.485524 0.071765
vt 0.471899 0.104453
vt 0.483595 0.130337
vt 0.975083 0.528535
vt 0.957852 0.525298
vt 0.974589 0.524466
vt 0.957940 0.528408
vt 0.971996 0.535461
vt 0.882951 0.422428
vt 0.885274 0.395764
vt 0.185712 0.001019
vt 0.184407 0.037538
vt 0.164594 0.037538
vt 0.896726 0.454500
vt 0.876534 0.440159
vt 0.556208 0.042709
vt 0.581199 0.043807
vt 0.579504 0.052830
vt 0.530753 0.043361
vt 0.555688 0.051144
vt 0.559667 0.019003
vt 0.756785 0.056727
vt 0.782609 0.060778
vt 0.765916 0.083824
vt 0.667486 0.535465
vt 0.693936 0.540597
vt 0.675090 0.563518
vt 0.771440 0.035742
vt 0.742440 0.081895
vt 0.685043 0.513592
vt 0.743294 0.033012
vt 0.879953 0.333415
vt 0.856762 0.334802
vt 0.892014 0.355955
vt 0.878528 0.356901
vt 0.357838 0.670794
vt 0.366741 0.671196
vt 0.358296 0.693386
vt 0.881004 0.324977
vt 0.333234 0.687282
vt 0.555221 0.764276
vt 0.527321 0.763850
vt 0.529661 0.741651
vt 0.828241 0.346462
vt 0.555687 0.741520
vt 0.583326 0.761235
vt 0.661464 0.035786
vt 0.636557 0.022217
vt 0.611664 0.036762
vt 0.235366 0.950765
vt 0.233894 0.932347
vt 0.236799 0.932658
vt 0.238160 0.949434
vt 0.797679 0.190188
vt 0.798131 0.172048
vt 0.563973 0.106560
vt 0.566660 0.108039
vt 0.551153 0.119483
vt 0.229709 0.961893
vt 0.464705 0.748154
vt 0.953217 0.898245
vt 0.188093 0.920448
vt 0.828561 0.743855
vt 0.348210 0.347708
vt 0.574637 0.162838
vt 0.603724 0.164189
vt 0.584976 0.182605
vt 0.078570 0.731696
vt 0.131414 0.729336
vt 0.289665 0.788865
vt 0.304758 0.811925
vt 0.274301 0.815064
vt 0.272700 0.768849
vt 0.297592 0.763475
vt 0.821418 0.096047
vt 0.792964 0.088735
vt 0.815452 0.068395
vt 0.260083 0.791541
vt 0.739651 0.032027
vt 0.735199 0.027114
vt 0.734268 0.071408
vt 0.754752 0.027770
vt 0.288092 0.863680
vt 0.149544 0.291714
vt 0.174323 0.284955
vt 0.169638 0.314596
vt 0.124377 0.277193
vt 0.151794 0.267830
vt 0.830845 0.721420
vt 0.265079 0.645961
vt 0.273123 0.666047
vt 0.635179 0.806466
vt 0.635745 0.828546
vt 0.627041 0.826762
vt 0.635170 0.785595
vt 0.627298 0.805056
vt 0.052016 0.016941
vt 0.070387 0.045009
vt 0.492851 0.959520
vt 0.472906 0.973302
vt 0.074689 0.031241
vt 0.031574 0.014339
vt 0.582554 0.966140
vt 0.581917 0.946476
vt 0.619439 0.964288
vt 0.579123 0.967365
vt 0.577509 0.945389
vt 0.582185 0.983193
vt 0.623802 0.982998
vt 0.043286 0.685906
vt 0.025064 0.689258
vt 0.577219 0.300696
vt 0.569787 0.320756
vt 0.564417 0.296673
vt 0.592956 0.304558
vt 0.583927 0.288832
vt 0.575217 0.285389
vt 0.938083 0.071245
vt 0.930731 0.082126
vt 0.929939 0.071170
vt 0.692082 0.442224
vt 0.833169 0.390257
vt 0.835934 0.400722
vt 0.847418 0.391785
vt 0.802415 0.267982
vt 0.017008 0.430453
vt 0.676158 0.487535
vt 0.693329 0.465300
vt 0.698914 0.490290
vt 0.753590 0.107215
vt 0.742768 0.133332
vt 0.365085 0.740411
vt 0.631976 0.288092
vt 0.705105 0.377358
vt 0.724124 0.377633
vt 0.739319 0.390427
vt 0.910203 0.114096
vt 0.168270 0.734872
vt 0.156265 0.731067
vt 0.168578 0.755909
vt 0.155908 0.753532
vt 0.322016 0.213809
vt 0.331533 0.214221
vt 0.341856 0.241301
vt 0.813921 0.046640
vt 0.289630 0.838516
vt 0.415632 0.353409
vt 0.440471 0.341568
vt 0.440471 0.371424
vt 0.773932 0.292853
vt 0.087323 0.142592
vt 0.738212 0.572763
vt 0.626881 0.356341
vt 0.603081 0.348073
vt 0.613841 0.517624
vt 0.546860 0.188065
vt 0.458706 0.909506
vt 0.450576 0.909512
vt 0.450337 0.885823
vt 0.458525 0.886472
vt 0.226976 0.449818
vt 0.220008 0.430956
vt 0.251342 0.443409
vt 0.216744 0.468699
vt 0.199042 0.447368
vt 0.251308 0.457146
vt 0.448974 0.784566
vt 0.465648 0.755585
vt 0.119652 0.577217
vt 0.116320 0.560106
vt 0.130153 0.567140
vt 0.133007 0.588819
vt 0.121452 0.598109
vt 0.957971 0.115629
vt 0.971396 0.119046
vt 0.901763 0.078570
vt 0.899589 0.061163
vt 0.914788 0.059255
vt 0.528235 0.725731
vt 0.555534 0.701865
vt 0.552760 0.725839
vt 0.091020 0.377937
vt 0.186205 0.129640
vt 0.159365 0.126384
vt 0.184680 0.160263
vt 0.675213 0.453020
vt 0.340022 0.113562
vt 0.319517 0.113793
vt 0.340456 0.088866
vt 0.054835 0.213336
vt 0.053644 0.246147
vt 0.043564 0.235275
vt 0.272971 0.574606
vt 0.270477 0.549492
vt 0.249764 0.584060
vt 0.272728 0.597670
vt 0.531157 0.796067
vt 0.529847 0.804623
vt 0.531499 0.788235
vt 0.824457 0.959677
vt 0.824007 0.945124
vt 0.829003 0.958214
vt 0.089194 0.862340
vt 0.703327 0.780942
vt 0.581102 0.060830
vt 0.583553 0.036961
vt 0.912240 0.728137
vt 0.906416 0.704603
vt 0.914856 0.725338
vt 0.898798 0.859487
vt 0.898798 0.832743
vt 0.891132 0.542850
vt 0.866211 0.529048
vt 0.898139 0.514327
vt 0.136271 0.515720
vt 0.162330 0.523098
vt 0.136525 0.530593
vt 0.896857 0.887597
vt 0.914274 0.539300
vt 0.157161 0.584911
vt 0.154811 0.561316
vt 0.158654 0.610307
vt 0.166791 0.609533
vt 0.618260 0.687955
vt 0.576303 0.723397
vt 0.576889 0.730926
vt 0.576405 0.702995
vt 0.959301 0.487012
vt 0.571267 0.909968
vt 0.567391 0.930428
vt 0.559090 0.912379
vt 0.864577 0.462765
vt 0.871013 0.460790
vt 0.091044 0.091808
vt 0.097618 0.088883
vt 0.097618 0.109522
vt 0.578246 0.925008
vt 0.733582 0.969564
vt 0.742658 0.975143
vt 0.733291 0.988181
vt 0.721924 0.990464
vt 0.377890 0.433478
vt 0.388396 0.448555
vt 0.742662 0.957034
vt 0.736807 0.952132
vt 0.722896 0.966088
vt 0.391974 0.176025
vt 0.716393 0.465299
vt 0.919368 0.642160
vt 0.871417 0.906186
vt 0.957036 0.641359
vt 0.920023 0.663161
vt 0.867874 0.949261
vt 0.162845 0.342618
vt 0.179717 0.990464
vt 0.156614 0.986424
vt 0.180513 0.966853
vt 0.585583 0.020437
vt 0.188093 0.969272
vt 0.904750 0.691043
vt 0.896950 0.713801
vt 0.895846 0.691810
vt 0.548478 0.211388
vt 0.556531 0.234721
vt 0.548896 0.235126
vt 0.541676 0.211273
vt 0.538716 0.189149
vt 0.580427 0.741251
vt 0.593458 0.742044
vt 0.425218 0.905055
vt 0.587453 0.589288
vt 0.607731 0.589325
vt 0.589614 0.610098
vt 0.872265 0.822950
vt 0.320597 0.109581
vt 0.104090 0.417887
vt 0.195860 0.650445
vt 0.176241 0.633184
vt 0.215269 0.642062
vt 0.653009 0.735703
vt 0.707347 0.355448
vt 0.675070 0.735226
vt 0.402480 0.053535
vt 0.132059 0.753942
vt 0.221570 0.107709
vt 0.237112 0.107050
vt 0.221427 0.112022
vt 0.200358 0.118081
vt 0.208318 0.119741
vt 0.240473 0.104073
vt 0.610921 0.510358
vt 0.609405 0.502711
vt 0.631967 0.482989
vt 0.930589 0.207749
vt 0.922328 0.191006
vt 0.929202 0.189251
vt 0.483798 0.210666
vt 0.553920 0.121036
vt 0.814275 0.876179
vt 0.798760 0.868140
vt 0.814275 0.833261
vt 0.613087 0.825990
vt 0.586584 0.873129
vt 0.587067 0.856195
vt 0.905450 0.519741
vt 0.921417 0.484958
vt 0.921417 0.528565
vt 0.453637 0.813429
vt 0.461935 0.798546
vt 0.441969 0.821000
vt 0.468415 0.818658
vt 0.885425 0.027700
vt 0.894178 0.056478
vt 0.867513 0.001003
vt 0.897608 0.003513
vt 0.724846 0.480242
vt 0.731331 0.453895
vt 0.155165 0.364120
vt 0.585467 0.602334
vt 0.585237 0.625457
vt 0.559055 0.608768
vt 0.125230 0.366662
vt 0.561907 0.581407
vt 0.674658 0.204895
vt 0.499671 0.501600
vt 0.515486 0.489730
vt 0.500946 0.487889
vt 0.852595 0.744543
vt 0.874879 0.082541
vt 0.847393 0.096427
vt 0.826542 0.084848
vt 0.227838 0.620197
vt 0.248692 0.643757
vt 0.481131 0.840088
vt 0.500251 0.359519
vt 0.508211 0.344486
vt 0.926411 0.026282
vt 0.926059 0.008469
vt 0.008447 0.921323
vt 0.008742 0.903125
vt 0.548496 0.316230
vt 0.592798 0.327649
vt 0.591429 0.335447
vt 0.697977 0.403507
vt 0.674426 0.378862
vt 0.699049 0.381333
vt 0.673969 0.400549
vt 0.791018 0.695991
vt 0.791018 0.673538
vt 0.814539 0.696288
vt 0.791442 0.704131
vt 0.318974 0.448337
vt 0.326199 0.431751
vt 0.173807 0.209521
vt 0.155335 0.192969
vt 0.173807 0.187605
vt 0.942754 0.299837
vt 0.961849 0.639191
vt 0.914136 0.426093
vt 0.971416 0.641759
vt 0.033596 0.820247
vt 0.020028 0.807001
vt 0.029425 0.800376
vt 0.022391 0.826429
vt 0.056917 0.811411
vt 0.058363 0.835683
vt 0.662874 0.006056
vt 0.688087 0.020960
vt 0.687029 0.048437
vt 0.171494 0.407138
vt 0.146192 0.397884
vt 0.720091 0.937292
vt 0.219313 0.406573
vt 0.725279 0.251742
vt 0.739018 0.274464
vt 0.711091 0.279689
vt 0.755267 0.250239
vt 0.697291 0.252114
vt 0.925030 0.046921
vt 0.921384 0.046703
vt 0.404757 0.447613
vt 0.379975 0.432867
vt 0.404757 0.418335
vt 0.476725 0.701854
vt 0.497613 0.687919
vt 0.038831 0.298781
vt 0.065896 0.302082
vt 0.059936 0.315230
vt 0.340905 0.214689
vt 0.331124 0.183828
vt 0.953285 0.728867
vt 0.916963 0.742069
vt 0.900472 0.822683
vt 0.936993 0.834811
vt 0.954513 0.710755
vt 0.086306 0.086998
vt 0.104791 0.097729
vt 0.124546 0.082442
vt 0.130887 0.100045
vt 0.110637 0.123639
vt 0.054500 0.056632
vt 0.320513 0.961944
vt 0.343808 0.973500
vt 0.315898 0.971286
vt 0.303165 0.966675
vt 0.312044 0.943160
vt 0.828561 0.553631
vt 0.891775 0.968330
vt 0.278568 0.177191
vt 0.273080 0.216664
vt 0.261870 0.177191
vt 0.516680 0.765275
vt 0.549543 0.766379
vt 0.483564 0.790328
vt 0.485625 0.767002
vt 0.508232 0.788608
vt 0.760924 0.782371
vt 0.762430 0.804621
vt 0.477296 0.414673
vt 0.272002 0.359846
vt 0.246719 0.351551
vt 0.491937 0.436824
vt 0.480493 0.387058
vt 0.821107 0.025741
vt 0.837437 0.001003
vt 0.845559 0.816464
vt 0.821058 0.827514
vt 0.020060 0.587094
vt 0.002389 0.594903
vt 0.003196 0.573381
vt 0.020229 0.565290
vt 0.014696 0.606855
vt 0.906899 0.743774
vt 0.914866 0.750355
vt 0.646033 0.586877
vt 0.628235 0.609175
vt 0.905944 0.723562
vt 0.626719 0.588724
vt 0.909838 0.764276
vt 0.232435 0.290473
vt 0.232435 0.267165
vt 0.254759 0.271900
vt 0.458982 0.863825
vt 0.220918 0.209388
vt 0.217259 0.234380
vt 0.554125 0.059142
vt 0.530096 0.051690
vt 0.503831 0.053806
vt 0.862958 0.370198
vt 0.851421 0.391662
vt 0.848356 0.371408
vt 0.859701 0.358508
vt 0.002640 0.849766
vt 0.000536 0.868675
vt 0.002429 0.830953
vt 0.933886 0.581284
vt 0.938083 0.596082
vt 0.936823 0.564476
vt 0.445286 0.160276
vt 0.453884 0.149470
vt 0.464464 0.183462
vt 0.422033 0.180184
vt 0.422400 0.149128
vt 0.443201 0.184521
vt 0.439771 0.126637
vt 0.674488 0.356251
vt 0.650901 0.356253
vt 0.650894 0.348342
vt 0.466011 0.277094
vt 0.227000 0.559150
vt 0.219538 0.572916
vt 0.218683 0.550008
vt 0.315811 0.666971
vt 0.348031 0.660934
vt 0.227926 0.595979
vt 0.397614 0.549993
vt 0.386623 0.527921
vt 0.248950 0.550867
vt 0.190188 0.748699
vt 0.756490 0.878560
vt 0.011661 0.199439
vt 0.001975 0.197065
vt 0.724577 0.350082
vt 0.739816 0.357637
vt 0.723801 0.357224
vt 0.708901 0.349324
vt 0.918213 0.153347
vt 0.925440 0.135808
vt 0.930236 0.155950
vt 0.343247 0.225930
vt 0.358217 0.219747
vt 0.353751 0.235064
vt 0.425233 0.826180
vt 0.913765 0.142073
vt 0.586346 0.511974
vt 0.793512 0.351593
vt 0.623226 0.952491
vt 0.647611 0.941332
vt 0.647611 0.971416
vt 0.190939 0.541673
vt 0.195297 0.509769
vt 0.626518 0.920682
vt 0.215412 0.557136
vt 0.161722 0.551213
vt 0.829490 0.335799
vt 0.841422 0.358394
vt 0.499882 0.760822
vt 0.503798 0.738466
vt 0.471348 0.047047
vt 0.419017 0.159522
vt 0.986373 0.211062
vt 0.993469 0.200344
vt 0.989011 0.210316
vt 0.944458 0.207525
vt 0.985695 0.199183
vt 0.149898 0.834342
vt 0.147072 0.851134
vt 0.143126 0.849454
vt 0.333914 0.502683
vt 0.309995 0.492849
vt 0.361001 0.504234
vt 0.897624 0.267031
vt 0.168487 0.763429
vt 0.191829 0.749651
vt 0.162272 0.789041
vt 0.514226 0.291657
vt 0.497532 0.318677
vt 0.500339 0.287209
vt 0.181311 0.300113
vt 0.180533 0.327111
vt 0.207711 0.290128
vt 0.138495 0.776749
vt 0.055537 0.603566
vt 0.081324 0.618560
vt 0.001727 0.120701
vt 0.540918 0.234589
vt 0.545590 0.260170
vt 0.965734 0.391033
vt 0.639378 0.086751
vt 0.657498 0.074940
vt 0.434573 0.496017
vt 0.838290 0.674088
vt 0.814582 0.674174
vt 0.158300 0.937393
vt 0.136702 0.939477
vt 0.132924 0.918591
vt 0.182233 0.941037
vt 0.158189 0.962572
vt 0.191664 0.661513
vt 0.999987 0.195907
vt 0.994051 0.209732
vt 0.146734 0.834364
vt 0.754642 0.400141
vt 0.773280 0.417423
vt 0.760460 0.420259
vt 0.741108 0.389192
vt 0.123808 0.988598
vt 0.119882 0.989918
vt 0.747840 0.404617
vt 0.529641 0.287666
vt 0.542840 0.290155
vt 0.526867 0.312353
vt 0.287300 0.643954
vt 0.323000 0.645145
vt 0.739117 0.901319
vt 0.741737 0.888079
vt 0.753323 0.896640
vt 0.484518 0.579785
vt 0.915407 0.161113
vt 0.914726 0.175315
vt 0.104761 0.108364
vt 0.100008 0.121427
vt 0.100008 0.104297
vt 0.323805 0.356945
vt 0.797679 0.153064
vt 0.008773 0.940859
vt 0.627162 0.243444
vt 0.935259 0.161832
vt 0.961060 0.148086
vt 0.763577 0.812878
vt 0.764276 0.820051
vt 0.947607 0.780329
vt 0.945423 0.800913
vt 0.790189 0.414180
vt 0.795228 0.423191
vt 0.370390 0.299078
vt 0.787045 0.600424
vt 0.763639 0.601190
vt 0.514470 0.182713
vt 0.516338 0.199677
vt 0.501055 0.185172
vt 0.435155 0.949469
vt 0.449190 0.970643
vt 0.426729 0.973165
vt 0.657085 0.907722
vt 0.669626 0.880677
vt 0.285974 0.942845
vt 0.469578 0.781554
vt 0.580373 0.195749
vt 0.557972 0.689419
vt 0.541918 0.668083
vt 0.560762 0.666801
vt 0.577884 0.687380
vt 0.778600 0.881167
vt 0.768733 0.893906
vt 0.650907 0.408830
vt 0.650594 0.400672
vt 0.384868 0.504117
vt 0.514206 0.839396
vt 0.496413 0.861894
vt 0.497435 0.842179
vt 0.516218 0.859837
vt 0.531008 0.826358
vt 0.510911 0.828932
vt 0.258852 0.334947
vt 0.621741 0.185712
vt 0.103887 0.629921
vt 0.107142 0.663190
vt 0.183254 0.490470
vt 0.189394 0.468415
vt 0.208941 0.487582
vt 0.154008 0.489883
vt 0.160924 0.467015
vt 0.603226 0.736215
vt 0.596660 0.622158
vt 0.016666 0.246658
vt 0.001196 0.283330
vt 0.001196 0.245968
vt 0.133604 0.612031
vt 0.678388 0.514009
vt 0.288113 0.899909
vt 0.281193 0.878263
vt 0.290472 0.878087
vt 0.064182 0.808888
vt 0.054551 0.788777
vt 0.066666 0.833415
vt 0.290472 0.921417
vt 0.279820 0.901329
vt 0.274753 0.935975
vt 0.276187 0.951099
vt 0.620723 0.930380
vt 0.581381 0.924319
vt 0.620444 0.916254
vt 0.274072 0.920314
vt 0.618657 0.946472
vt 0.374336 0.653774
vt 0.394896 0.626299
vt 0.398411 0.650960
vt 0.948681 0.916368
vt 0.950074 0.935879
vt 0.732724 0.878363
vt 0.713524 0.876259
vt 0.715306 0.855990
vt 0.948170 0.895662
vt 0.142855 0.465793
vt 0.125401 0.469502
vt 0.125401 0.431142
vt 0.139785 0.471423
vt 0.976178 0.852637
vt 0.019047 0.330948
vt 0.000475 0.296885
vt 0.019047 0.292781
vt 0.426693 0.712247
vt 0.451153 0.717653
vt 0.072432 0.193764
vt 0.871184 0.500104
vt 0.842534 0.516482
vt 0.741860 0.581291
vt 0.815743 0.946021
vt 0.861894 0.650206
vt 0.860909 0.641844
vt 0.185333 0.859155
vt 0.182883 0.868984
vt 0.144416 0.867963
vt 0.867199 0.623128
vt 0.881022 0.239475
vt 0.882378 0.224049
vt 0.188093 0.843888
vt 0.662830 0.145450
vt 0.082284 0.053571
vt 0.001287 0.928814
vt 0.001018 0.913750
vt 0.147617 0.004432
vt 0.122124 0.000399
vt 0.101906 0.080951
vt 0.101906 0.040831
vt 0.116665 0.074897
vt 0.239103 0.245058
vt 0.259373 0.238696
vt 0.244124 0.267060
vt 0.219007 0.261523
vt 0.102038 0.805750
vt 0.129750 0.804389
vt 0.146427 0.827712
vt 0.084548 0.999987
vt 0.081011 0.987109
vt 0.277005 0.445232
vt 0.288894 0.433449
vt 0.108491 0.998629
vt 0.356553 0.760223
vt 0.792348 0.382134
vt 0.797545 0.399237
vt 0.792348 0.402376
vt 0.066244 0.858992
vt 0.883069 0.919214
vt 0.385091 0.554655
vt 0.398015 0.577361
vt 0.370009 0.590617
vt 0.358702 0.909782
vt 0.354639 0.894615
vt 0.360901 0.930218
vt 0.335710 0.054761
vt 0.317190 0.054670
vt 0.335710 0.017986
vt 0.187971 0.152379
vt 0.202553 0.133471
vt 0.148950 0.223807
vt 0.148950 0.183927
vt 0.164284 0.216694
vt 0.432137 0.868665
vt 0.406185 0.849419
vt 0.432137 0.841200
vt 0.407332 0.872894
vt 0.467753 0.000566
vt 0.467851 0.026818
vt 0.439363 0.015796
vt 0.417711 0.897608
vt 0.693873 0.821301
vt 0.669806 0.814101
vt 0.692919 0.813419
vt 0.695343 0.843550
vt 0.670351 0.822091
vt 0.390709 0.762070
vt 0.388133 0.754320
vt 0.970118 0.766847
vt 0.573190 0.463828
vt 0.248871 0.134853
vt 0.240714 0.133586
vt 0.957131 0.696831
vt 0.133808 0.126257
vt 0.328452 0.995968
vt 0.349996 0.999987
vt 0.308491 0.996783
vt 0.940405 0.609516
vt 0.078017 0.894363
vt 0.533462 0.470040
vt 0.064796 0.899798
vt 0.085393 0.910655
vt 0.066461 0.875003
vt 0.915822 0.644955
vt 0.910928 0.665332
vt 0.258205 0.044712
vt 0.249681 0.619904
vt 0.220064 0.596388
vt 0.662904 0.661078
vt 0.614186 0.301467
vt 0.641236 0.311691
vt 0.612881 0.317579
vt 0.638398 0.286751
vt 0.186307 0.186902
vt 0.098523 0.276798
vt 0.096606 0.275311
vt 0.202503 0.042622
vt 0.322026 0.675267
vt 0.718617 0.452375
vt 0.697941 0.429509
vt 0.500632 0.582823
vt 0.481935 0.556554
vt 0.512333 0.562825
vt 0.697889 0.421430
vt 0.180169 0.267236
vt 0.139595 0.918428
vt 0.748509 0.365025
vt 0.771310 0.355565
vt 0.785704 0.142209
vt 0.780327 0.163204
vt 0.555589 0.283278
vt 0.216664 0.744231
vt 0.172394 0.353419
vt 0.939344 0.843614
vt 0.942066 0.861894
vt 0.450555 0.978567
vt 0.963805 0.363351
vt 0.950756 0.339141
vt 0.670445 0.783533
vt 0.552596 0.733606
vt 0.531251 0.733732
vt 0.976178 0.486699
vt 0.541004 0.946604
vt 0.291602 0.497395
vt 0.294122 0.486091
vt 0.487623 0.057441
vt 0.351191 0.378334
vt 0.329648 0.370133
vt 0.964400 0.467347
vt 0.923431 0.480612
vt 0.963928 0.019127
vt 0.966654 0.043258
vt 0.965225 0.001367
vt 0.966654 0.483327
vt 0.072565 0.805604
vt 0.176188 0.254672
vt 0.230949 0.298315
vt 0.215675 0.299996
vt 0.215675 0.261499
vt 0.885703 0.544235
vt 0.874037 0.910438
vt 0.194588 0.720499
vt 0.096250 0.526543
vt 0.205972 0.025121
vt 0.228569 0.000468
vt 0.228569 0.026190
vt 0.085996 0.510650
vt 0.114284 0.528764
vt 0.578497 0.738999
vt 0.109831 0.402858
vt 0.581151 0.887686
vt 0.533720 0.888887
vt 0.540621 0.873890
vt 0.219463 0.804752
vt 0.219463 0.762471
vt 0.235711 0.770689
vt 0.613087 0.914274
vt 0.487831 0.046177
vt 0.942845 0.319934
vt 0.173656 0.815784
vt 0.824730 0.517425
vt 0.799709 0.523803
vt 0.830617 0.494001
vt 0.848966 0.509207
vt 0.478793 0.188704
vt 0.897490 0.806111
vt 0.016857 0.201505
vt 0.951790 0.676329
vt 0.958716 0.680944
vt 0.947325 0.674333
vt 0.199820 0.908884
vt 0.195590 0.925542
vt 0.189239 0.905548
vt 0.196666 0.893984
vt 0.991240 0.808079
vt 0.995225 0.782803
vt 0.521064 0.384891
vt 0.533736 0.388127
vt 0.523569 0.405004
vt 0.501960 0.404410
vt 0.312858 0.208571
vt 0.265640 0.438090
vt 0.835890 0.128809
vt 0.387466 0.887477
vt 0.404144 0.708122
vt 0.381742 0.863350
vt 0.401140 0.728562
vt 0.730604 0.535985
vt 0.000653 0.678753
vt 0.358329 0.927827
vt 0.934446 0.135385
vt 0.201647 0.649374
vt 0.195125 0.668556
vt 0.064038 0.579182
vt 0.626693 0.403031
vt 0.612996 0.337289
vt 0.612105 0.348225
vt 0.614278 0.329187
vt 0.844091 0.634516
vt 0.735646 0.932676
vt 0.721924 0.939970
vt 0.897032 0.894814
vt 0.608564 0.014005
vt 0.699455 0.195690
vt 0.078480 0.338439
vt 0.871417 0.964551
vt 0.042857 0.230949
vt 0.919302 0.679041
vt 0.536249 0.407506
vt 0.943224 0.821091
vt 0.084265 0.044749
vt 0.377259 0.782735
vt 0.599370 0.292275
vt 0.608387 0.304078
vt 0.925588 0.076238
vt 0.914370 0.092479
vt 0.910850 0.076243
vt 0.669404 0.805665
vt 0.667425 0.835704
vt 0.644655 0.830040
vt 0.477056 0.268809
vt 0.047776 0.429756
vt 0.819890 0.826477
vt 0.792109 0.828237
vt 0.162312 0.842302
vt 0.137486 0.810799
vt 0.828561 0.798563
vt 0.188991 0.842847
vt 0.354368 0.207910
vt 0.380948 0.179982
vt 0.362908 0.220216
vt 0.064620 0.200987
vt 0.069047 0.214283
vt 0.558489 0.391675
vt 0.562332 0.367612
vt 0.940065 0.823575
vt 0.947607 0.838404
vt 0.945765 0.307139
vt 0.946929 0.294176
vt 0.952195 0.290721
vt 0.745845 0.985444
vt 0.958800 0.295773
vt 0.403211 0.300015
vt 0.457303 0.075462
vt 0.466853 0.078578
vt 0.456941 0.101902
vt 0.608285 0.734715
vt 0.910687 0.128624
vt 0.911121 0.142340
vt 0.870524 0.133629
vt 0.639426 0.335858
vt 0.551359 0.115475
vt 0.562987 0.097330
vt 0.552931 0.260717
vt 0.575257 0.262873
vt 0.476538 0.157791
vt 0.462903 0.129810
vt 0.488495 0.184521
vt 0.914365 0.046546
vt 0.900328 0.030915
vt 0.103388 0.602987
vt 0.125025 0.755571
vt 0.741154 0.606377
vt 0.838284 0.192362
vt 0.861535 0.197617
vt 0.737235 0.618545
vt 0.666112 0.559753
vt 0.668101 0.579754
vt 0.648302 0.576078
vt 0.000536 0.813520
vt 0.905942 0.870746
vt 0.921319 0.897134
vt 0.431542 0.432137
vt 0.429203 0.406769
vt 0.588088 0.002966
vt 0.397135 0.733953
vt 0.132924 0.987158
vt 0.136874 0.963794
vt 0.581033 0.230905
vt 0.125735 0.549232
vt 0.559919 0.534344
vt 0.560128 0.542144
vt 0.536209 0.542164
vt 0.583625 0.532865
vt 0.650586 0.378851
vt 0.627127 0.348073
vt 0.278318 0.740857
vt 0.689945 0.102380
vt 0.084899 0.940712
vt 0.280949 0.530946
vt 0.259480 0.523803
vt 0.280949 0.490699
vt 0.099999 0.045466
vt 0.099999 0.085713
vt 0.084190 0.080567
vt 0.193039 0.742550
vt 0.362959 0.945145
vt 0.187971 0.079308
vt 0.362202 0.960068
vt 0.572568 0.951218
vt 0.522301 0.464717
vt 0.533744 0.467179
vt 0.613934 0.293894
vt 0.970820 0.557136
vt 0.882348 0.317181
vt 0.324530 0.763463
vt 0.310458 0.757676
vt 0.215180 0.121778
vt 0.204265 0.134563
vt 0.231808 0.789746
vt 0.450569 0.862950
vt 0.896183 0.965510
vt 0.897608 0.980940
vt 0.753492 0.549993
vt 0.251008 0.013433
vt 0.530300 0.645120
vt 0.684880 0.682622
vt 0.659077 0.683325
vt 0.480519 0.735837
vt 0.685706 0.660502
vt 0.767059 0.274826
vt 0.758835 0.298806
vt 0.665811 0.636065
vt 0.870440 0.480946
vt 0.873706 0.458758
vt 0.575635 0.911321
vt 0.706102 0.566700
vt 0.763167 0.450105
vt 0.792847 0.448053
vt 0.735705 0.569040
vt 0.089721 0.912635
vt 0.129571 0.918388
vt 0.826994 0.452576
vt 0.846117 0.474672
vt 0.552893 0.564362
vt 0.532764 0.585707
vt 0.314635 0.581424
vt 0.332139 0.566560
vt 0.153062 0.000394
vt 0.154760 0.021428
vt 0.142826 0.021428
vt 0.870205 0.172556
vt 0.870436 0.196347
vt 0.601633 0.481717
vt 0.583322 0.504057
vt 0.571015 0.482077
vt 0.634141 0.683325
vt 0.517791 0.219757
vt 0.504273 0.203890
vt 0.524562 0.162919
vt 0.566660 0.166300
vt 0.484518 0.757903
vt 0.482840 0.787434
vt 0.414463 0.623379
vt 0.998367 0.935477
vt 0.128092 0.431944
vt 0.154760 0.431944
vt 0.146808 0.459518
vt 0.609264 0.609751
vt 0.312307 0.085367
vt 0.172836 0.608732
vt 0.717939 0.571810
vt 0.707384 0.602048
vt 0.693115 0.576441
vt 0.735705 0.599054
vt 0.241810 0.422216
vt 0.422280 0.646038
vt 0.479873 0.741070
vt 0.069047 0.151858
vt 0.571663 0.286901
vt 0.595314 0.366225
vt 0.274952 0.741150
vt 0.297615 0.718132
vt 0.257124 0.131729
vt 0.250162 0.101587
vt 0.257910 0.840465
vt 0.839090 0.427499
vt 0.812091 0.426175
vt 0.854642 0.450917
vt 0.807728 0.002793
vt 0.516530 0.470635
vt 0.067783 0.858037
vt 0.011453 0.947995
vt 0.005436 0.961892
vt 0.002080 0.947706
vt 0.843107 0.600141
vt 0.075905 0.988963
vt 0.022420 0.316663
vt 0.022420 0.292971
vt 0.042857 0.308457
vt 0.903028 0.243918
vt 0.868837 0.675244
vt 0.898681 0.687769
vt 0.892733 0.690473
vt 0.079557 0.424957
vt 0.117001 0.059523
vt 0.117001 0.032181
vt 0.142855 0.046675
vt 0.477323 0.728562
vt 0.393632 0.145371
vt 0.867199 0.695229
vt 0.049045 0.956437
vt 0.030143 0.256330
vt 0.351363 0.067639
vt 0.024635 0.249750
vt 0.512431 0.332472
vt 0.217664 0.061182
vt 0.232626 0.038578
vt 0.208777 0.038586
vt 0.171388 0.501716
vt 0.032398 0.558035
vt 0.681357 0.735705
vt 0.681793 0.717435
vt 0.871698 0.150151
vt 0.357870 0.235934
vt 0.380948 0.267854
vt 0.878560 0.172217
vt 0.481582 0.191949
vt 0.391404 0.686583
vt 0.487647 0.072566
vt 0.302640 0.456898
vt 0.817359 0.564062
vt 0.549559 0.285361
vt 0.281895 0.458742
vt 0.786151 0.425349
vt 0.421543 0.035537
vt 0.747610 0.375495
vt 0.738613 0.375935
vt 0.953037 0.812577
vt 0.728777 0.298806
vt 0.112012 0.996726
vt 0.747732 0.424995
vt 0.937650 0.547175
vt 0.929330 0.533306
vt 0.945073 0.858757
vt 0.928267 0.873114
vt 0.634941 0.183891
vt 0.647834 0.188564
vt 0.802379 0.946886
vt 0.583864 0.541181
vt 0.857132 0.491082
vt 0.679632 0.605936
vt 0.910612 0.092894
vt 0.684999 0.279089
vt 0.559791 0.636388
vt 0.345824 0.285711
vt 0.363127 0.249327
vt 0.364281 0.285711
vt 0.133657 0.659047
vt 0.790068 0.343950
vt 0.212547 0.576549
vt 0.865218 0.297430
vt 0.905174 0.690163
vt 0.896440 0.326186
vt 0.683180 0.226578
vt 0.776099 0.909606
vt 0.423804 0.653303
vt 0.764429 0.828561
vt 0.356874 0.038398
vt 0.204759 0.033595
vt 0.189085 0.040476
vt 0.189085 0.000402
vt 0.242889 0.289204
vt 0.980940 0.300663
vt 0.953385 0.660685
vt 0.581764 0.100160
vt 0.516660 0.181250
vt 0.542023 0.859854
vt 0.384078 0.270895
vt 0.362135 0.971416
vt 0.075809 0.478097
vt 0.052190 0.490723
vt 0.837524 0.697830
vt 0.414259 0.013244
vt 0.674667 0.842273
vt 0.694668 0.856048
vt 0.674850 0.855525
vt 0.295035 0.685706
vt 0.295035 0.644672
vt 0.316663 0.652705
vt 0.002893 0.545590
vt 0.559994 0.959757
vt 0.867602 0.899989
vt 0.936891 0.048197
vt 0.962375 0.051021
vt 0.942192 0.084836
vt 0.348210 0.296900
vt 0.938083 0.129524
vt 0.183748 0.945226
vt 0.695120 0.876993
vt 0.061236 0.207188
vt 0.352068 0.880324
vt 0.050758 0.516660
vt 0.079447 0.505720
vt 0.001996 0.895475
vt 0.011054 0.883816
vt 0.184783 0.076190
vt 0.557753 0.001521
vt 0.858304 0.283942
vt 0.880941 0.284801
vt 0.737904 0.886233
vt 0.148948 0.369308
vt 0.390489 0.604754
vt 0.244527 0.815451
vt 0.228129 0.840465
vt 0.426892 0.980940
vt 0.590469 0.646080
vt 0.411900 0.167777
vt 0.406092 0.199997
vt 0.216664 0.842327
vt 0.129248 0.254672
vt 0.123649 0.276187
vt 0.099866 0.460046
vt 0.176313 0.648440
vt 0.949185 0.268868
vt 0.479834 0.806398
vt 0.706799 0.092105
vt 0.675413 0.092384
vt 0.324597 0.107142
vt 0.323469 0.070414
vt 0.342853 0.070414
vt 0.811754 0.602936
vt 0.949224 0.870746
vt 0.945298 0.898658
vt 0.267854 0.268449
vt 0.978559 0.603887
vt 0.296679 0.709613
vt 0.001442 0.385709
vt 0.001442 0.349391
vt 0.019047 0.350108
vt 0.273806 0.169195
vt 0.258097 0.176188
vt 0.258097 0.136448
vt 0.910879 0.335731
vt 0.999987 0.954915
vt 0.285711 0.220063
vt 0.270504 0.257140
vt 0.268581 0.220063
vt 0.556436 0.657135
vt 0.786151 0.515235
vt 0.827800 0.579873
vt 0.351903 0.432973
vt 0.733777 0.640468
vt 0.832226 0.894147
vt 0.976178 0.048197
vt 0.576450 0.113523
vt 0.825214 0.703330
vt 0.481582 0.266509
vt 0.892846 0.297376
vt 0.122300 0.442906
vt 0.013084 0.692848
vt 0.819568 0.617483
vt 0.334120 0.763910
vt 0.942984 0.323178
vt 0.584516 0.585707
vt 0.584280 0.563263
vt 0.337494 0.860834
vt 0.313498 0.861607
vt 0.477681 0.731578
vt 0.206257 0.489213
vt 0.914274 0.495789
vt 0.776181 0.224103
vt 0.666421 0.581497
vt 0.767052 0.197769
vt 0.323805 0.385709
vt 0.323805 0.064963
vt 0.418433 0.611372
vt 0.288818 0.860834
vt 0.925680 0.170255
s 1
usemtl Material_0
f 1/1/1 2/2/2 3/3/3
f 1/1/1 3/3/3 4/4/4
f 5/5/5 6/6/6 7/7/7
f 1/1/1 8/8/8 9/9/9
f 1/1/1 4/4/4 8/8/8
f 5/5/5 10/10/10 6/6/6
f 1/1/1 11/11/11 2/2/2
f 12/12/12 13/13/13 14/14/14
f 12/12/12 15/15/15 16/16/16
f 12/12/12 14/14/14 17/17/17
f 12/12/12 16/16/16 18/18/18
f 12/12/12 18/18/18 13/13/13
f 12/12/12 17/17/17 15/15/15
f 19/19/19 20/20/20 21/21/21
f 22/22/22 23/23/23 24/24/24
f 19/19/19 25/25/25 20/20/20
f 19/19/19 26/26/26 27/27/27
f 19/19/19 21/21/21 26/26/26
f 22/22/22 28/28/28 23/23/23
f 29/29/29 30/30/30 31/31/31
f 29/29/29 32/32/32 33/33/33
f 29/29/29 34/34/34 35/35/35
f 29/29/29 33/33/33 30/30/30
f 29/29/29 31/31/31 34/34/34
f 29/29/29 35/35/35 32/32/32
f 36/36/36 37/37/37 38/38/38
f 36/36/36 39/39/39 37/37/37
f 36/36/36 40/40/40 41/41/41
f 36/36/36 38/38/38 40/40/40
f 36/36/36 41/41/41 39/39/39
f 42/42/42 43/43/43 44/44/44
f 45/45/45 46/46/46 47/47/47
f 48/48/48 49/49/49 50/50/50
f 48/48/48 51/51/51 49/49/49
f 45/45/45 52/52/52 46/46/46
f 53/53/53 54/54/54 55/55/55
f 45/45/45 47/47/47 56/56/56
s 0
f 57/57/57 58/58/57 59/59/57
f 60/60/58 61/61/58 62/62/58
f 63/63/59 64/64/59 65/65/59
s 1
f 66/66/60 67/67/61 68/68/62
f 66/66/60 68/68/62 69/69/63
f 66/66/60 70/70/64 67/67/61
f 71/71/65 72/72/66 73/73/67
f 71/71/65 74/74/68 75/75/69
f 71/71/65 76/76/70 77/77/71
f 78/78/72 79/79/73 80/80/74
f 71/71/65 73/73/67 76/76/70
f 71/71/65 75/75/69 72/72/66
f 81/81/75 82/82/76 83/83/77
f 81/81/75 84/84/78 85/85/79
f 81/81/75 85/85/79 86/86/80
f 81/81/75 87/87/81 84/84/78
f 81/81/75 86/86/80 82/82/76
f 81/81/75 83/83/77 87/87/81
f 88/88/82 89/89/83 90/90/84
f 91/91/85 92/92/86 93/93/87
f 94/94/88 95/95/89 96/96/90
f 94/94/88 97/97/91 95/95/89
f 91/91/85 93/93/87 98/98/92
f 99/99/93 100/100/94 101/101/95
f 102/102/96 103/103/97 104/104/98
f 102/102/96 105/105/99 103/103/97
f 102/102/96 104/104/98 106/106/100
f 102/102/96 107/107/101 105/105/99
f 102/102/96 106/106/100 107/107/101
f 108/108/102 109/109/103 110/110/104
f 108/108/102 111/111/105 112/112/106
f 113/113/107 114/114/108 115/115/109
f 108/108/102 110/110/104 116/116/110
f 108/108/102 112/112/106 117/117/111
f 108/108/102 117/117/111 109/109/103
f 118/118/112 119/119/113 120/120/114
s 0
f 121/121/115 122/122/115 123/123/115
s 1
f 118/118/112 124/124/116 119/119/113
f 118/118/112 120/120/114 125/125/117
f 126/126/118 127/127/119 128/128/120
f 129/129/121 130/130/122 131/131/123
f 129/129/121 132/132/124 133/133/125
f 129/129/121 133/133/125 130/130/122
f 129/129/121 131/131/123 134/134/126
f 129/129/121 134/134/126 132/132/124
f 135/135/127 136/136/128 137/137/129
f 135/135/127 138/138/130 136/136/128
f 139/139/131 140/140/132 141/141/133
f 135/135/127 137/137/129 142/142/134
f 135/135/127 143/143/135 138/138/130
f 139/139/131 144/144/136 140/140/132
f 145/145/137 146/146/138 147/147/139
f 145/145/137 148/148/140 149/149/141
f 145/145/137 150/150/142 148/148/140
f 145/145/137 151/151/143 146/146/138
f 145/145/137 147/147/139 150/150/142
f 145/145/137 149/149/141 151/151/143
f 152/152/144 153/153/145 154/154/146
f 152/152/144 154/154/146 155/155/147
f 156/156/148 157/157/149 158/158/150
f 159/159/151 160/160/152 161/161/153
f 162/162/154 163/163/155 164/164/156
f 159/159/151 165/165/157 160/160/152
f 166/166/158 167/167/159 168/168/160
f 166/166/158 169/169/161 167/167/159
f 166/166/158 170/170/162 169/169/161
f 171/171/163 172/172/164 173/173/165
f 171/171/163 174/174/166 172/172/164
f 171/171/163 173/173/165 175/175/167
f 166/166/158 176/176/168 170/170/162
f 177/177/169 178/178/170 179/179/171
f 177/177/169 180/180/172 178/178/170
f 181/181/173 182/182/174 183/183/175
f 181/181/173 184/184/176 182/182/174
f 177/177/169 185/185/177 186/186/178
f 181/181/173 187/187/179 188/188/180
f 181/181/173 188/188/180 184/184/176
f 177/177/169 179/179/171 185/185/177
f 189/189/181 190/190/182 191/191/183
f 189/189/181 191/191/183 192/192/184
f 189/189/181 193/193/185 194/194/186
f 189/189/181 192/192/184 193/193/185
f 189/189/181 194/194/186 190/190/182
f 195/195/187 196/196/188 197/197/189
f 195/195/187 197/197/189 198/198/190
f 199/199/191 200/200/192 201/201/193
f 199/199/191 201/201/193 202/202/194
f 195/195/187 198/198/190 203/203/195
f 199/199/191 202/202/194 204/204/196
f 205/205/197 206/206/198 207/207/199
f 205/205/197 208/208/200 209/209/201
f 205/205/197 210/210/202 211/211/203
f 205/205/197 209/209/201 206/206/198
f 205/205/197 207/207/199 210/210/202
f 205/205/197 211/211/203 208/208/200
f 212/212/204 213/213/205 214/214/206
f 215/215/207 216/216/208 217/217/209
f 212/212/204 214/214/206 218/218/210
f 212/212/204 219/219/211 220/220/212
f 212/212/204 220/220/212 213/213/205
f 215/215/207 221/221/213 216/216/208
f 222/222/214 223/223/215 224/224/216
f 222/222/214 225/225/217 226/226/218
f 227/227/219 228/228/220 229/229/221
f 227/227/219 230/230/222 228/228/220
f 227/227/219 229/229/221 231/231/223
f 222/222/214 226/226/218 223/223/215
f 232/232/224 233/233/225 234/234/226
f 232/232/224 235/235/227 236/236/228
f 232/232/224 237/237/229 238/238/230
f 232/232/224 234/234/226 239/239/231
f 232/232/224 239/239/231 237/237/229
f 232/232/224 236/236/228 233/233/225
f 232/232/224 238/238/230 235/235/227
f 240/240/232 241/241/233 242/242/234
f 240/240/232 243/243/235 244/244/236
f 240/240/232 245/245/237 241/241/233
f 240/240/232 242/242/234 246/246/238
f 240/240/232 244/244/236 245/245/237
f 240/240/232 246/246/238 243/243/235
f 247/247/239 248/248/240 249/249/241
f 247/247/239 250/250/242 251/251/243
f 247/247/239 252/252/244 253/253/245
f 247/247/239 253/253/245 248/248/240
f 254/254/246 255/255/247 256/256/248
f 247/247/239 249/249/241 250/250/242
f 257/257/249 258/258/250 259/259/251
f 260/260/252 261/261/253 262/262/254
f 257/257/249 259/259/251 263/263/255
f 260/260/252 262/262/254 264/264/256
f 257/257/249 263/263/255 265/265/257
f 266/266/258 267/267/259 268/268/260
f 269/269/261 270/270/262 17/17/17
f 271/271/263 272/272/264 273/273/265
f 269/269/261 14/14/14 274/274/266
f 271/271/263 275/275/267 276/276/268
f 271/271/263 276/276/268 272/272/264
f 269/269/261 17/17/17 14/14/14
f 277/277/269 278/278/270 279/279/271
f 277/277/269 280/280/272 281/281/273
f 277/277/269 279/279/271 280/280/272
f 277/277/269 282/282/274 278/278/270
f 277/277/269 281/281/273 283/283/275
f 277/277/269 283/283/275 282/282/274
f 284/284/276 285/285/277 286/286/278
f 287/287/279 288/288/280 289/289/281
f 287/287/279 289/289/281 290/290/282
f 291/291/283 292/292/284 293/293/285
f 291/291/283 293/293/285 294/294/286
f 295/295/287 296/296/288 297/297/289
f 295/295/287 298/298/290 296/296/288
f 295/295/287 297/297/289 299/299/291
f 295/295/287 300/300/292 298/298/290
f 295/295/287 301/301/293 300/300/292
f 295/295/287 299/299/291 301/301/293
f 302/302/294 303/303/295 304/304/296
f 305/305/297 306/306/298 307/307/299
f 302/302/294 304/304/296 308/308/300
f 305/305/297 309/309/301 306/306/298
f 302/302/294 310/310/302 303/303/295
f 302/302/294 308/308/300 311/311/303
f 312/312/304 313/313/305 314/314/306
f 312/312/304 315/315/307 313/313/305
f 312/312/304 316/316/308 317/317/309
f 312/312/304 317/317/309 315/315/307
f 312/312/304 314/314/306 318/318/310
f 312/312/304 318/318/310 316/316/308
f 319/319/311 320/320/312 321/321/313
f 319/319/311 322/322/314 323/323/315
f 324/324/316 325/325/317 326/326/318
f 319/319/311 321/321/313 327/327/319
f 319/319/311 323/323/315 328/328/320
f 319/319/311 327/327/319 322/322/314
f 329/329/321 243/243/235 246/246/238
f 329/329/321 330/330/322 331/331/323
f 329/329/321 332/332/324 243/243/235
f 329/329/321 331/331/323 332/332/324
f 329/329/321 246/246/238 330/330/322
f 333/333/325 334/334/326 335/335/327
f 336/336/328 337/337/329 338/338/330
s 0
f 339/339/331 340/340/331 341/341/331
f 342/342/332 343/343/332 344/344/332
s 1
f 333/333/325 335/335/327 345/345/333
f 346/346/334 347/347/335 348/348/336
f 346/346/334 348/348/336 349/349/337
f 346/346/334 349/349/337 350/350/338
f 351/351/339 352/352/340 353/353/341
f 351/351/339 354/354/342 355/355/343
f 351/351/339 355/355/343 352/352/340
f 351/351/339 356/356/344 354/354/342
f 351/351/339 353/353/341 357/357/345
f 351/351/339 357/357/345 356/356/344
f 358/358/346 359/359/347 360/360/348
f 358/358/346 361/361/349 359/359/347
f 362/362/350 363/363/351 364/364/352
f 358/358/346 365/365/353 361/361/349
f 362/362/350 366/366/354 367/367/355
f 362/362/350 367/367/355 363/363/351
f 368/368/356 369/369/357 370/370/358
f 368/368/356 370/370/358 371/371/359
f 368/368/356 372/372/360 369/369/357
f 368/368/356 371/371/359 373/373/361
f 368/368/356 374/374/362 372/372/360
f 368/368/356 373/373/361 374/374/362
f 375/375/363 376/376/364 377/377/365
f 378/378/366 379/379/367 380/380/368
f 378/378/366 380/380/368 381/381/369
f 378/378/366 382/382/370 383/383/371
f 378/378/366 383/383/371 379/379/367
f 375/375/363 377/377/365 384/384/372
f 385/385/373 386/386/374 387/387/375
f 385/385/373 388/388/376 389/389/377
f 385/385/373 389/389/377 386/386/374
f 385/385/373 387/387/375 390/390/378
f 385/385/373 391/391/379 388/388/376
f 385/385/373 390/390/378 391/391/379
f 392/392/380 393/393/381 394/394/382
f 392/392/380 130/130/122 393/393/381
f 395/395/383 396/396/384 397/397/385
f 392/392/380 398/398/386 130/130/122
f 392/392/380 394/394/382 399/399/387
f 392/392/380 400/400/388 398/398/386
f 401/401/389 402/402/390 403/403/391
f 401/401/389 404/404/392 405/405/393
f 401/401/389 406/406/394 404/404/392
f 401/401/389 405/405/393 407/407/395
f 401/401/389 407/407/395 402/402/390
f 401/401/389 403/403/391 406/406/394
f 408/408/396 409/409/397 410/410/398
f 408/408/396 411/411/399 412/412/400
f 408/408/396 410/410/398 413/413/401
f 408/408/396 412/412/400 409/409/397
f 408/408/396 414/414/402 411/411/399
f 408/408/396 413/413/401 414/414/402
f 415/415/403 416/416/404 417/417/405
f 418/418/406 419/419/407 420/420/408
f 418/418/406 421/421/409 419/419/407
f 418/418/406 422/422/410 421/421/409
f 415/415/403 423/423/411 416/416/404
f 415/415/403 417/417/405 424/424/412
f 425/425/413 426/426/414 427/427/415
f 425/425/413 428/428/416 429/429/417
f 425/425/413 430/430/418 428/428/416
f 425/425/413 429/429/417 426/426/414
f 425/425/413 431/431/419 430/430/418
f 425/425/413 427/427/415 431/431/419
f 432/432/420 433/433/421 434/434/422
f 432/432/420 435/435/423 436/436/424
f 432/432/420 437/437/425 435/435/423
f 432/432/420 438/438/426 433/433/421
f 432/432/420 436/436/424 438/438/426
f 432/432/420 434/434/422 437/437/425
f 439/439/427 440/440/428 441/441/429
f 439/439/427 442/442/430 443/443/431
f 439/439/427 441/441/429 444/444/432
f 439/439/427 445/445/433 442/442/430
f 439/439/427 443/443/431 440/440/428
f 439/439/427 444/444/432 445/445/433
f 446/446/434 447/447/435 448/448/436
f 446/446/434 449/449/437 447/447/435
f 446/446/434 450/450/438 449/449/437
f 446/446/434 451/451/439 450/450/438
f 446/446/434 452/452/440 451/451/439
f 446/446/434 453/453/441 452/452/440
f 446/446/434 448/448/436 453/453/441
f 454/454/442 3/3/3 455/455/443
f 454/454/442 456/456/444 457/457/445
f 454/454/442 457/457/445 3/3/3
f 458/458/446 459/459/447 460/460/448
f 458/458/446 461/461/449 462/462/450
f 458/458/446 462/462/450 459/459/447
f 463/463/451 464/464/452 465/465/453
f 463/463/451 466/466/454 464/464/452
f 463/463/451 467/467/455 468/468/456
f 463/463/451 468/468/456 466/466/454
f 463/463/451 465/465/453 469/469/457
f 463/463/451 469/469/457 467/467/455
f 470/470/458 223/223/215 226/226/218
f 471/471/459 416/416/404 423/423/411
f 472/472/460 473/473/461 474/474/462
f 471/471/459 475/475/463 476/476/464
f 470/470/458 477/477/465 223/223/215
f 471/471/459 476/476/464 416/416/404
f 472/472/460 478/478/466 473/473/461
f 471/471/459 479/479/467 475/475/463
f 480/480/468 481/481/469 482/482/470
f 483/483/471 484/484/472 485/485/473
f 486/486/474 487/487/475 488/488/476
f 480/480/468 489/489/477 490/490/478
f 483/483/471 491/491/479 484/484/472
f 480/480/468 492/492/480 489/489/477
f 480/480/468 490/490/478 481/481/469
f 493/493/481 494/494/482 495/495/483
f 493/493/481 496/496/484 494/494/482
f 493/493/481 497/497/485 496/496/484
f 493/493/481 498/498/486 497/497/485
f 493/493/481 499/499/487 498/498/486
f 493/493/481 495/495/483 499/499/487
f 500/500/488 501/501/489 502/502/490
f 503/503/491 504/504/492 505/505/493
f 500/500/488 502/502/490 506/506/494
f 507/507/495 508/508/496 509/509/497
f 500/500/488 506/506/494 510/510/498
f 503/503/491 505/505/493 511/511/499
f 512/512/500 513/513/501 514/514/502
f 515/515/503 516/516/504 517/517/505
f 515/515/503 518/518/506 519/519/507
f 515/515/503 519/519/507 516/516/504
f 520/520/508 521/521/509 522/522/510
f 520/520/508 522/522/510 523/523/511
f 520/520/508 524/524/512 134/134/126
f 520/520/508 523/523/511 524/524/512
f 520/520/508 525/525/513 521/521/509
f 520/520/508 134/134/126 525/525/513
f 526/526/514 527/527/515 528/528/516
f 526/526/514 316/316/308 529/529/517
f 530/530/518 148/148/140 150/150/142
f 530/530/518 150/150/142 531/531/519
f 526/526/514 317/317/309 316/316/308
f 526/526/514 528/528/516 317/317/309
f 530/530/518 532/532/520 148/148/140
f 533/533/521 534/534/522 535/535/523
f 533/533/521 536/536/524 537/537/525
f 533/533/521 326/326/318 538/538/526
f 533/533/521 538/538/526 534/534/522
f 533/533/521 537/537/525 326/326/318
f 539/539/527 540/540/528 541/541/529
f 539/539/527 542/542/530 543/543/531
f 539/539/527 541/541/529 544/544/532
f 539/539/527 545/545/533 542/542/530
f 539/539/527 544/544/532 545/545/533
f 539/539/527 543/543/531 540/540/528
f 546/546/534 547/547/535 548/548/536
f 546/546/534 549/549/537 550/550/538
f 551/551/539 552/552/540 553/553/541
f 546/546/534 554/554/542 555/555/543
f 546/546/534 548/548/536 549/549/537
f 546/546/534 550/550/538 554/554/542
f 556/556/544 557/557/545 558/558/546
f 556/556/544 559/559/547 560/560/548
f 556/556/544 561/561/549 557/557/545
f 562/562/550 563/563/551 289/289/281
f 556/556/544 558/558/546 559/559/547
f 562/562/550 564/564/552 563/563/551
f 565/565/553 566/566/554 567/567/555
f 568/568/556 569/569/557 570/570/558
f 568/568/556 571/571/559 572/572/560
f 565/565/553 573/573/561 574/574/562
f 565/565/553 574/574/562 566/566/554
f 568/568/556 570/570/558 571/571/559
f 575/575/563 576/576/564 577/577/565
f 575/575/563 577/577/565 578/578/566
f 579/579/567 306/306/298 580/580/568
f 575/575/563 578/578/566 581/581/569
f 579/579/567 307/307/299 306/306/298
f 575/575/563 582/582/570 576/576/564
f 583/583/571 584/584/572 585/585/573
f 583/583/571 586/586/574 587/587/575
f 583/583/571 588/588/576 584/584/572
f 583/583/571 587/587/575 589/589/577
f 583/583/571 585/585/573 586/586/574
f 583/583/571 589/589/577 588/588/576
f 590/590/578 591/591/579 592/592/580
f 593/593/581 594/594/582 595/595/583
f 590/590/578 596/596/584 591/591/579
f 593/593/581 597/597/585 594/594/582
f 590/590/578 598/598/586 596/596/584
f 599/599/587 185/185/177 600/600/588
f 601/601/589 602/602/590 603/603/591
f 599/599/587 186/186/178 185/185/177
f 601/601/589 603/603/591 604/604/592
f 599/599/587 600/600/588 605/605/593
f 599/599/587 606/606/594 186/186/178
f 607/607/595 608/608/596 609/609/597
f 607/607/595 609/609/597 610/610/598
f 607/607/595 611/611/599 612/612/600
f 607/607/595 612/612/600 613/613/601
f 607/607/595 610/610/598 611/611/599
f 607/607/595 613/613/601 608/608/596
f 614/614/602 615/615/603 616/616/604
f 614/614/602 616/616/604 617/617/605
f 614/614/602 617/617/605 618/618/606
f 614/614/602 619/619/607 615/615/603
f 614/614/602 618/618/606 620/620/608
f 614/614/602 620/620/608 619/619/607
f 621/621/609 622/622/610 623/623/611
f 624/624/612 625/625/613 626/626/614
f 624/624/612 627/627/615 628/628/616
f 624/624/612 629/629/617 625/625/613
f 624/624/612 626/626/614 627/627/615
f 624/624/612 630/630/618 629/629/617
f 631/631/619 632/632/620 633/633/621
f 631/631/619 634/634/622 632/632/620
f 631/631/619 635/635/623 636/636/624
f 637/637/625 638/638/626 639/639/627
f 631/631/619 633/633/621 640/640/628
f 631/631/619 640/640/628 635/635/623
f 641/641/629 642/642/630 643/643/631
f 641/641/629 644/644/632 645/645/633
f 641/641/629 646/646/634 642/642/630
f 641/641/629 645/645/633 646/646/634
f 641/641/629 643/643/631 647/647/635
f 641/641/629 647/647/635 644/644/632
f 648/648/636 649/649/637 650/650/638
f 648/648/636 650/650/638 651/651/639
f 648/648/636 652/652/640 649/649/637
f 648/648/636 651/651/639 653/653/641
f 648/648/636 653/653/641 652/652/640
f 654/654/642 655/655/643 656/656/644
f 654/654/642 657/657/645 658/658/646
f 654/654/642 659/659/647 660/660/648
f 654/654/642 658/658/646 659/659/647
f 654/654/642 656/656/644 657/657/645
f 654/654/642 660/660/648 655/655/643
f 661/661/649 662/662/650 663/663/651
f 664/664/652 665/665/653 666/666/654
f 661/661/649 663/663/651 667/667/655
f 661/661/649 668/668/656 662/662/650
f 661/661/649 667/667/655 669/669/657
f 670/670/658 671/671/659 672/672/660
f 673/673/661 674/674/662 675/675/663
f 673/673/661 676/676/664 677/677/665
f 673/673/661 678/678/666 674/674/662
f 673/673/661 675/675/663 676/676/664
f 673/673/661 679/679/667 678/678/666
f 673/673/661 677/677/665 679/679/667
f 680/680/668 681/681/669 682/682/670
f 680/680/668 682/682/670 683/683/671
f 680/680/668 684/684/672 685/685/673
f 680/680/668 686/686/674 681/681/669
f 680/680/668 685/685/673 686/686/674
f 680/680/668 683/683/671 684/684/672
f 687/687/675 688/688/676 689/689/677
f 690/690/678 691/691/679 692/692/680
f 687/687/675 693/693/681 694/694/682
f 695/695/683 696/696/684 697/697/685
f 687/687/675 689/689/677 693/693/681
f 695/695/683 697/697/685 698/698/686
f 699/699/687 700/700/688 701/701/689
f 699/699/687 702/702/690 703/703/691
f 699/699/687 704/704/692 705/705/693
f 699/699/687 701/701/689 702/702/690
f 699/699/687 705/705/693 700/700/688
f 706/706/694 707/707/695 708/708/696
f 709/709/697 710/710/698 711/711/699
f 709/709/697 712/712/700 713/713/701
f 709/709/697 713/713/701 710/710/698
f 709/709/697 714/714/702 715/715/703
f 709/709/697 715/715/703 712/712/700
f 709/709/697 711/711/699 714/714/702
f 716/716/704 278/278/270 717/717/705
f 718/718/706 719/719/707 720/720/708
f 716/716/704 721/721/709 722/722/710
f 716/716/704 722/722/710 278/278/270
f 718/718/706 723/723/711 719/719/707
f 724/724/712 725/725/713 726/726/714
f 724/724/712 726/726/714 727/727/715
f 724/724/712 728/728/716 729/729/717
f 724/724/712 730/730/718 725/725/713
f 724/724/712 727/727/715 728/728/716
f 731/731/719 349/349/337 732/732/720
f 733/733/721 734/734/722 735/735/723
f 733/733/721 736/736/724 737/737/725
f 733/733/721 738/738/726 734/734/722
f 733/733/721 739/739/727 738/738/726
f 733/733/721 737/737/725 739/739/727
f 733/733/721 735/735/723 736/736/724
f 740/740/728 741/741/729 742/742/730
f 743/743/731 744/744/732 745/745/733
f 740/740/728 746/746/734 741/741/729
f 743/743/731 747/747/735 744/744/732
f 743/743/731 745/745/733 748/748/736
f 740/740/728 749/749/737 746/746/734
f 750/750/738 751/751/739 611/611/599
f 750/750/738 752/752/740 751/751/739
f 750/750/738 753/753/741 754/754/742
f 750/750/738 611/611/599 755/755/743
f 750/750/738 755/755/743 753/753/741
f 750/750/738 754/754/742 752/752/740
f 756/756/744 757/757/745 758/758/746
f 756/756/744 759/759/747 760/760/748
f 756/756/744 761/761/749 757/757/745
f 756/756/744 758/758/746 762/762/750
f 756/756/744 760/760/748 761/761/749
f 756/756/744 762/762/750 759/759/747
f 763/763/751 662/662/650 668/668/656
f 763/763/751 764/764/752 662/662/650
f 763/763/751 765/765/753 766/766/754
f 763/763/751 766/766/754 767/767/755
f 763/763/751 767/767/755 764/764/752
f 763/763/751 668/668/656 765/765/753
f 768/768/756 769/769/757 770/770/758
f 771/771/759 772/772/760 773/773/761
f 768/768/756 770/770/758 774/774/762
f 771/771/759 775/775/763 772/772/760
f 768/768/756 776/776/764 769/769/757
f 768/768/756 777/777/765 776/776/764
f 778/778/766 779/779/767 780/780/768
f 781/781/769 782/782/770 783/783/771
f 781/781/769 114/114/108 784/784/772
f 785/785/773 110/110/104 786/786/774
f 778/778/766 780/780/768 787/787/775
f 781/781/769 783/783/771 114/114/108
f 788/788/776 789/789/777 790/790/778
f 788/788/776 791/791/779 792/792/780
f 788/788/776 792/792/780 793/793/781
f 788/788/776 790/790/778 791/791/779
f 788/788/776 794/794/782 789/789/777
f 788/788/776 793/793/781 794/794/782
f 795/795/783 796/796/784 797/797/785
f 795/795/783 798/798/786 796/796/784
f 799/799/787 800/800/788 801/801/789
f 799/799/787 801/801/789 802/802/790
f 795/795/783 803/803/791 798/798/786
f 799/799/787 804/804/792 800/800/788
f 805/805/793 806/806/794 807/807/795
f 805/805/793 808/808/796 809/809/797
f 805/805/793 810/810/798 806/806/794
f 805/805/793 811/811/799 808/808/796
f 805/805/793 807/807/795 811/811/799
f 805/805/793 809/809/797 810/810/798
f 248/248/240 812/812/800 249/249/241
f 248/248/240 253/253/245 813/813/801
f 248/248/240 814/814/802 812/812/800
f 248/248/240 813/813/801 814/814/802
f 815/815/803 816/816/804 817/817/805
f 815/815/803 818/818/806 816/816/804
f 815/815/803 817/817/805 819/819/807
f 820/820/808 821/821/809 822/822/810
f 815/815/803 819/819/807 823/823/811
f 815/815/803 823/823/811 824/824/812
f 825/825/813 826/826/814 737/737/725
f 825/825/813 736/736/724 827/827/815
f 825/825/813 828/828/816 826/826/814
f 825/825/813 829/829/817 828/828/816
f 825/825/813 827/827/815 829/829/817
f 825/825/813 737/737/725 736/736/724
f 830/830/818 831/831/819 832/832/820
f 830/830/818 833/833/821 834/834/822
f 830/830/818 835/835/823 833/833/821
f 830/830/818 836/836/824 835/835/823
f 830/830/818 834/834/822 831/831/819
f 830/830/818 832/832/820 836/836/824
f 837/837/825 838/838/826 839/839/827
f 837/837/825 8/8/8 4/4/4
f 837/837/825 4/4/4 838/838/826
f 837/837/825 840/840/828 8/8/8
f 841/841/829 842/842/830 843/843/831
f 841/841/829 844/844/832 842/842/830
f 845/845/833 846/846/834 427/427/415
f 847/847/835 617/617/605 848/848/836
f 847/847/835 849/849/837 617/617/605
f 845/845/833 850/850/838 846/846/834
f 845/845/833 427/427/415 851/851/839
f 662/662/650 764/764/752 852/852/840
f 662/662/650 852/852/840 663/663/651
f 853/853/841 854/854/842 855/855/843
f 856/856/844 857/857/845 858/858/846
f 856/856/844 858/858/846 859/859/847
f 853/853/841 860/860/848 854/854/842
f 853/853/841 861/861/849 860/860/848
f 856/856/844 862/862/850 857/857/845
f 863/863/851 864/864/852 792/792/780
f 863/863/851 791/791/779 865/865/853
f 863/863/851 421/421/409 422/422/410
f 863/863/851 422/422/410 864/864/852
f 863/863/851 792/792/780 791/791/779
f 863/863/851 865/865/853 421/421/409
f 553/553/541 866/866/854 867/867/855
f 553/553/541 552/552/540 868/868/856
f 553/553/541 868/868/856 869/869/857
f 553/553/541 869/869/857 866/866/854
f 870/870/858 871/871/859 872/872/860
s 0
f 873/873/861 874/874/861 875/875/861
s 1
f 876/876/862 877/877/863 878/878/864
f 879/879/865 880/880/866 881/881/867
f 879/879/865 882/882/868 880/880/866
s 0
f 883/883/869 884/884/869 885/885/869
s 1
f 806/806/794 886/886/870 887/887/871
f 806/806/794 810/810/798 888/888/872
f 806/806/794 889/889/873 886/886/870
f 890/890/874 891/891/875 892/892/876
f 806/806/794 887/887/871 807/807/795
f 893/893/877 894/894/878 895/895/879
f 893/893/877 896/896/880 897/897/881
f 898/898/882 899/899/883 900/900/884
f 893/893/877 901/901/885 894/894/878
f 893/893/877 897/897/881 901/901/885
f 898/898/882 902/902/886 899/899/883
s 0
f 903/903/887 904/904/887 905/905/887
s 1
f 906/906/888 907/907/889 237/237/229
f 906/906/888 237/237/229 908/908/890
f 906/906/888 909/909/891 907/907/889
f 906/906/888 908/908/890 910/910/892
f 911/911/893 912/912/894 913/913/895
f 914/914/896 915/915/897 916/916/898
f 914/914/896 917/917/899 918/918/900
f 914/914/896 916/916/898 919/919/901
f 914/914/896 918/918/900 915/915/897
f 914/914/896 920/920/902 917/917/899
f 914/914/896 919/919/901 920/920/902
f 921/921/903 922/922/904 923/923/905
s 0
f 924/924/906 925/925/906 926/926/906
s 1
f 921/921/903 927/927/907 928/928/908
f 921/921/903 929/929/909 930/930/910
f 921/921/903 928/928/908 929/929/909
f 921/921/903 923/923/905 927/927/907
f 931/931/911 932/932/912 933/933/913
f 934/934/914 935/935/915 936/936/916
f 934/934/914 937/937/917 935/935/915
f 931/931/911 933/933/913 938/938/918
f 934/934/914 939/939/919 937/937/917
f 934/934/914 940/940/920 939/939/919
f 941/941/921 942/942/922 943/943/923
f 944/944/924 945/945/925 766/766/754
f 941/941/921 946/946/926 942/942/922
f 944/944/924 947/947/927 945/945/925
f 944/944/924 766/766/754 765/765/753
f 941/941/921 943/943/923 948/948/928
f 949/949/929 950/950/930 951/951/931
f 949/949/929 951/951/931 952/952/932
f 949/949/929 953/953/933 950/950/930
f 949/949/929 954/954/934 955/955/935
f 949/949/929 955/955/935 953/953/933
f 949/949/929 952/952/932 954/954/934
f 956/956/936 957/957/937 958/958/938
f 956/956/936 959/959/939 538/538/526
f 956/956/936 538/538/526 325/325/317
f 956/956/936 325/325/317 957/957/937
f 956/956/936 958/958/938 959/959/939
f 960/960/940 961/961/941 962/962/942
f 960/960/940 963/963/943 961/961/941
f 960/960/940 964/964/944 965/965/945
f 960/960/940 965/965/945 963/963/943
f 960/960/940 962/962/942 966/966/946
f 960/960/940 966/966/946 964/964/944
f 967/967/947 968/968/948 969/969/949
f 970/970/950 971/971/951 972/972/952
f 970/970/950 973/973/953 974/974/954
f 967/967/947 975/975/955 968/968/948
f 967/967/947 976/976/956 975/975/955
f 970/970/950 972/972/952 973/973/953
f 977/977/957 466/466/454 468/468/456
f 978/978/958 979/979/959 980/980/960
f 977/977/957 468/468/456 981/981/961
f 978/978/958 980/980/960 982/982/962
f 977/977/957 983/983/963 466/466/454
f 978/978/958 984/984/964 979/979/959
f 278/278/270 985/985/965 717/717/705
f 278/278/270 282/282/274 985/985/965
f 278/278/270 722/722/710 279/279/271
f 986/986/966 987/987/967 437/437/425
f 988/988/968 989/989/969 990/990/970
f 991/991/971 992/992/972 993/993/973
f 988/988/968 994/994/974 989/989/969
f 988/988/968 990/990/970 995/995/975
f 991/991/971 996/996/976 992/992/972
f 796/796/784 798/798/786 997/997/977
f 796/796/784 997/997/977 998/998/978
f 796/796/784 998/998/978 999/999/979
f 796/796/784 999/999/979 797/797/785
f 167/167/159 169/169/161 1000/1000/980
f 1001/1001/981 559/559/547 1002/1002/982
f 167/167/159 1000/1000/980 1003/1003/983
f 1001/1001/981 560/560/548 559/559/547
f 1004/1004/984 1005/1005/985 1006/1006/986
f 1004/1004/984 1007/1007/987 1008/1008/988
f 1004/1004/984 361/361/349 1005/1005/985
f 1004/1004/984 1006/1006/986 1007/1007/987
f 1004/1004/984 1009/1009/989 361/361/349
f 1004/1004/984 1008/1008/988 1009/1009/989
f 494/494/482 496/496/484 379/379/367
f 494/494/482 379/379/367 1010/1010/990
f 494/494/482 1010/1010/990 495/495/483
f 501/501/489 1011/1011/991 1012/1012/992
f 501/501/489 1013/1013/993 502/502/490
f 511/511/499 505/505/493 1014/1014/994
f 501/501/489 1012/1012/992 1013/1013/993
f 1015/1015/995 1016/1016/996 1017/1017/997
f 1015/1015/995 1018/1018/998 93/93/87
f 1015/1015/995 92/92/86 1016/1016/996
f 1019/1019/999 1020/1020/1000 1021/1021/1001
f 1019/1019/999 1021/1021/1001 1022/1022/1002
f 1015/1015/995 93/93/87 92/92/86
f 608/608/596 1023/1023/1003 1024/1024/1004
f 608/608/596 1025/1025/1005 1023/1023/1003
f 608/608/596 1024/1024/1004 609/609/597
f 608/608/596 613/613/601 1025/1025/1005
f 1026/1026/1006 1027/1027/1007 1028/1028/1008
f 1029/1029/1009 1030/1030/1010 1031/1031/1011
f 1032/1032/1012 409/409/397 1033/1033/1013
f 1034/1034/1014 1035/1035/1015 1036/1036/1016
f 1037/1037/1017 428/428/416 1038/1038/1018
f 649/649/637 652/652/640 1039/1039/1019
f 1026/1026/1006 1028/1028/1008 1040/1040/1020
f 1032/1032/1012 1041/1041/1021 410/410/398
f 1034/1034/1014 1036/1036/1016 1042/1042/1022
f 1043/1043/1023 300/300/292 301/301/293
f 1032/1032/1012 410/410/398 409/409/397
f 1044/1044/1024 770/770/758 1045/1045/1025
f 1037/1037/1017 429/429/417 428/428/416
f 1032/1032/1012 1033/1033/1013 1046/1046/1026
f 1029/1029/1009 1047/1047/1027 1030/1030/1010
f 1034/1034/1014 775/775/763 1048/1048/1028
f 1029/1029/1009 1049/1049/1029 1047/1047/1027
f 1043/1043/1023 1050/1050/1030 300/300/292
f 1034/1034/1014 1042/1042/1022 775/775/763
f 1051/1051/1031 1052/1052/1032 1053/1053/1033
f 1054/1054/1034 1055/1055/1035 1056/1056/1036
f 1054/1054/1034 1056/1056/1036 1057/1057/1037
f 1051/1051/1031 1058/1058/1038 1059/1059/1039
f 1051/1051/1031 1059/1059/1039 1052/1052/1032
f 1060/1060/1040 1061/1061/1041 1062/1062/1042
f 1060/1060/1040 1062/1062/1042 1063/1063/1043
f 1060/1060/1040 1064/1064/1044 623/623/611
f 1060/1060/1040 1063/1063/1043 1064/1064/1044
f 1060/1060/1040 623/623/611 667/667/655
f 1060/1060/1040 667/667/655 1061/1061/1041
f 1065/1065/1045 1066/1066/1046 1067/1067/1047
f 1068/1068/1048 1069/1069/1049 638/638/626
f 1070/1070/1050 635/635/623 1071/1071/1051
f 1070/1070/1050 636/636/624 635/635/623
f 1070/1070/1050 1071/1071/1051 1072/1072/1052
f 1068/1068/1048 1073/1073/1053 1069/1069/1049
s 0
f 1074/1074/1054 1075/1075/1054 1076/1076/1054
f 1077/1077/1055 1078/1078/1055 1079/1079/1055
s 1
f 1080/1080/1056 1081/1081/1057 1082/1082/1058
f 1083/1083/1059 387/387/375 1084/1084/1060
f 1083/1083/1059 1085/1085/1061 390/390/378
f 1083/1083/1059 390/390/378 387/387/375
f 1086/1086/1062 1087/1087/1063 1088/1088/1064
f 1086/1086/1062 1089/1089/1065 1090/1090/1066
f 1086/1086/1062 1088/1088/1064 1089/1089/1065
f 1086/1086/1062 1090/1090/1066 1091/1091/1067
f 1092/1092/1068 1093/1093/1069 1094/1094/1070
f 1092/1092/1068 1095/1095/1071 1093/1093/1069
f 1096/1096/1072 1097/1097/1073 1098/1098/1074
f 1099/1099/1075 1100/1100/1076 1101/1101/1077
f 1099/1099/1075 1101/1101/1077 1102/1102/1078
f 1096/1096/1072 1098/1098/1074 1103/1103/1079
f 1096/1096/1072 1103/1103/1079 1104/1104/1080
f 1099/1099/1075 1102/1102/1078 1105/1105/1081
f 1106/1106/1082 1107/1107/1083 1108/1108/1084
f 1106/1106/1082 1109/1109/1085 1110/1110/1086
f 1106/1106/1082 1111/1111/1087 1112/1112/1088
f 1106/1106/1082 1113/1113/1089 1114/1114/1090
f 1106/1106/1082 1114/1114/1090 1109/1109/1085
f 1106/1106/1082 1110/1110/1086 1107/1107/1083
f 1106/1106/1082 1108/1108/1084 1111/1111/1087
f 1106/1106/1082 1112/1112/1088 1113/1113/1089
f 1115/1115/1091 1116/1116/1092 1117/1117/1091
f 1115/1115/1091 1118/1118/1091 1119/1119/1093
s 0
f 1115/1115/1091 1120/1120/1091 1118/1118/1091
f 1115/1115/1091 1117/1117/1091 1120/1120/1091
s 1
f 1115/1115/1091 1121/1121/1094 1116/1116/1092
f 1115/1115/1091 1119/1119/1093 1121/1121/1094
f 2/2/2 455/455/443 3/3/3
f 1122/1122/1095 7/7/7 1123/1123/1096
f 2/2/2 1124/1124/1097 455/455/443
f 1125/1125/1098 1126/1126/1099 1127/1127/1100
f 1128/1128/1101 1129/1129/1102 1130/1130/1103
f 1128/1128/1101 1131/1131/1104 1132/1132/1105
f 1125/1125/1098 1133/1133/1106 1126/1126/1099
f 1128/1128/1101 1132/1132/1105 1129/1129/1102
f 1125/1125/1098 1134/1134/1107 1133/1133/1106
f 1135/1135/1108 1136/1136/1109 1137/1137/1110
f 1135/1135/1108 1138/1138/1111 1139/1139/1112
f 1135/1135/1108 1137/1137/1110 1140/1140/1113
f 1135/1135/1108 1141/1141/1114 1138/1138/1111
f 1135/1135/1108 1140/1140/1113 1141/1141/1114
f 1135/1135/1108 1139/1139/1112 1136/1136/1109
f 1142/1142/1115 1143/1143/1116 1144/1144/1117
f 1142/1142/1115 334/334/326 1143/1143/1116
f 1142/1142/1115 1144/1144/1117 1145/1145/1118
f 1142/1142/1115 1145/1145/1118 1146/1146/1119
f 1142/1142/1115 335/335/327 334/334/326
f 1142/1142/1115 1147/1147/1120 335/335/327
f 1142/1142/1115 1146/1146/1119 1147/1147/1120
f 1148/1148/1121 1149/1149/1122 1150/1150/1123
f 1151/1151/1124 1152/1152/1125 1153/1153/1126
f 1154/1154/1127 1155/1155/1128 1156/1156/1129
f 1157/1157/1130 1158/1158/1131 1159/1159/1132
f 1148/1148/1121 1150/1150/1123 1160/1160/1133
f 1154/1154/1127 1156/1156/1129 1161/1161/1134
f 1162/1162/1135 1163/1163/1136 1164/1164/1137
f 1162/1162/1135 1165/1165/1138 1166/1166/1139
f 1162/1162/1135 1164/1164/1137 1167/1167/1140
f 1162/1162/1135 1166/1166/1139 1163/1163/1136
f 1162/1162/1135 1167/1167/1140 1168/1168/1141
f 1162/1162/1135 1168/1168/1141 1165/1165/1138
f 1169/1169/1142 531/531/519 150/150/142
f 1170/1170/1143 1171/1171/1144 1172/1172/1145
f 1170/1170/1143 1172/1172/1145 1173/1173/1146
f 1170/1170/1143 1174/1174/1147 1171/1171/1144
f 1170/1170/1143 1173/1173/1146 1175/1175/1148
f 1176/1176/1149 1177/1177/1150 1178/1178/1151
f 1176/1176/1149 1179/1179/1152 1180/1180/1153
f 1176/1176/1149 1178/1178/1151 40/40/40
f 1176/1176/1149 40/40/40 1179/1179/1152
f 1176/1176/1149 1181/1181/1154 1177/1177/1150
f 1176/1176/1149 1180/1180/1153 1181/1181/1154
f 1182/1182/1155 1183/1183/1156 1184/1184/1157
f 1182/1182/1155 1184/1184/1157 1185/1185/1158
f 1182/1182/1155 1185/1185/1158 1186/1186/1159
f 1182/1182/1155 1187/1187/1160 1183/1183/1156
f 1182/1182/1155 1186/1186/1159 1187/1187/1160
f 1188/1188/1161 1189/1189/1162 1190/1190/1163
f 1191/1191/1164 192/192/184 1192/1192/1165
f 1188/1188/1161 1190/1190/1163 1193/1193/1166
f 1191/1191/1164 1192/1192/1165 1194/1194/1167
f 1188/1188/1161 1195/1195/1168 1189/1189/1162
f 1191/1191/1164 1196/1196/1169 1197/1197/1170
f 1191/1191/1164 1197/1197/1170 192/192/184
f 1198/1198/1171 1199/1199/1172 1200/1200/1173
f 1198/1198/1171 1201/1201/1174 1202/1202/1175
f 1203/1203/1176 352/352/340 1204/1204/1177
f 1203/1203/1176 1205/1205/1178 352/352/340
f 1198/1198/1171 1200/1200/1173 1201/1201/1174
f 1203/1203/1176 1206/1206/1179 1205/1205/1178
f 359/359/347 361/361/349 1009/1009/989
f 359/359/347 1207/1207/1180 1208/1208/1181
f 359/359/347 1009/1009/989 1207/1207/1180
f 359/359/347 1208/1208/1181 360/360/348
f 1209/1209/1182 1210/1210/1183 1211/1211/1184
f 1209/1209/1182 1212/1212/1185 1213/1213/1186
f 1209/1209/1182 1214/1214/1187 1212/1212/1185
f 1209/1209/1182 1211/1211/1184 1215/1215/1188
f 1209/1209/1182 1213/1213/1186 1210/1210/1183
f 1209/1209/1182 1215/1215/1188 1214/1214/1187
f 1216/1216/1189 1217/1217/1190 1218/1218/1191
f 1219/1219/1192 1220/1220/1193 1221/1221/1194
f 1219/1219/1192 1222/1222/1195 1223/1223/1196
f 1219/1219/1192 1224/1224/1197 1225/1225/1198
f 1219/1219/1192 1225/1225/1198 1220/1220/1193
f 1219/1219/1192 1221/1221/1194 1222/1222/1195
f 1226/1226/1199 1227/1227/1200 1228/1228/1201
f 1226/1226/1199 1228/1228/1201 1229/1229/1202
f 1226/1226/1199 1229/1229/1202 1230/1230/1203
f 1226/1226/1199 1231/1231/1204 1232/1232/1205
f 1226/1226/1199 1230/1230/1203 1231/1231/1204
f 1226/1226/1199 1232/1232/1205 1227/1227/1200
f 1233/1233/1206 1234/1234/1207 1235/1235/1208
f 1236/1236/1209 1237/1237/1210 1238/1238/1211
f 1236/1236/1209 1239/1239/1212 1240/1240/1213
f 1236/1236/1209 1240/1240/1213 1237/1237/1210
f 1233/1233/1206 1241/1241/1214 1234/1234/1207
f 1233/1233/1206 1242/1242/1215 1241/1241/1214
f 1243/1243/1216 1244/1244/1217 1245/1245/1218
f 1243/1243/1216 404/404/392 406/406/394
f 1243/1243/1216 406/406/394 1244/1244/1217
f 1246/1246/1219 1025/1025/1005 613/613/601
f 1246/1246/1219 613/613/601 1247/1247/1220
f 1248/1248/1221 1249/1249/1222 424/424/412
f 1248/1248/1221 1250/1250/1223 1251/1251/1224
f 1248/1248/1221 1251/1251/1224 1252/1252/1225
f 1248/1248/1221 1252/1252/1225 1249/1249/1222
f 1248/1248/1221 424/424/412 417/417/405
f 1248/1248/1221 417/417/405 1250/1250/1223
f 1143/1143/1116 334/334/326 1253/1253/1226
f 1143/1143/1116 1254/1254/1227 1144/1144/1117
f 1255/1255/1228 1063/1063/1043 1256/1256/1229
f 1255/1255/1228 1257/1257/1230 1063/1063/1043
f 1258/1258/1231 1259/1259/1232 1260/1260/1233
f 1261/1261/1234 467/467/455 469/469/457
f 1261/1261/1234 1262/1262/1235 175/175/167
f 1261/1261/1234 1263/1263/1236 1264/1264/1237
f 1261/1261/1234 469/469/457 1263/1263/1236
f 1261/1261/1234 175/175/167 467/467/455
f 43/43/43 1265/1265/1238 44/44/44
f 43/43/43 1266/1266/1239 1265/1265/1238
f 43/43/43 1267/1267/1240 1268/1268/1241
f 43/43/43 1268/1268/1241 1266/1266/1239
f 1269/1269/1242 1270/1270/1243 1271/1271/1244
f 1269/1269/1242 1272/1272/1245 1270/1270/1243
f 1269/1269/1242 1273/1273/1246 1272/1272/1245
f 1274/1274/1247 1275/1275/1248 1276/1276/1249
f 1274/1274/1247 1277/1277/1250 1275/1275/1248
f 1278/1278/1251 1279/1279/1252 1280/1280/1253
f 1281/1281/1254 72/72/66 1282/1282/1255
f 1281/1281/1254 1283/1283/1256 1284/1284/1257
f 1281/1281/1254 1285/1285/1258 1286/1286/1259
f 1281/1281/1254 1286/1286/1259 72/72/66
f 1281/1281/1254 1282/1282/1255 1283/1283/1256
f 1281/1281/1254 1284/1284/1257 1285/1285/1258
f 1287/1287/1260 900/900/884 899/899/883
f 1288/1288/1261 1289/1289/1262 1290/1290/1263
f 1287/1287/1260 899/899/883 1291/1291/1264
f 1288/1288/1261 1292/1292/1265 1289/1289/1262
f 1288/1288/1261 1290/1290/1263 1293/1293/1266
f 1287/1287/1260 1291/1291/1264 1294/1294/1267
f 1295/1295/1268 1296/1296/1269 1297/1297/1270
f 1295/1295/1268 1297/1297/1270 1298/1298/1271
f 1295/1295/1268 1299/1299/1272 1300/1300/1273
f 1295/1295/1268 1298/1298/1271 1301/1301/1274
f 1295/1295/1268 1300/1300/1273 1296/1296/1269
f 1295/1295/1268 1301/1301/1274 1299/1299/1272
f 103/103/97 1302/1302/1275 104/104/98
f 103/103/97 105/105/99 1303/1303/1276
f 103/103/97 1303/1303/1276 1304/1304/1277
f 103/103/97 1304/1304/1277 1302/1302/1275
f 1305/1305/1278 1306/1306/1279 563/563/551
f 1307/1307/1280 1308/1308/1281 1309/1309/1282
f 1310/1310/1283 1000/1000/980 1311/1311/1284
f 1305/1305/1278 563/563/551 564/564/552
f 1307/1307/1280 1309/1309/1282 1312/1312/1285
f 1310/1310/1283 1003/1003/983 1000/1000/980
f 280/280/272 279/279/271 1313/1313/1286
f 280/280/272 1314/1314/1287 1315/1315/1288
f 280/280/272 1313/1313/1286 1314/1314/1287
f 280/280/272 1315/1315/1288 281/281/273
f 1316/1316/1289 1317/1317/1290 1318/1318/1291
f 1319/1319/1292 514/514/502 1320/1320/1293
f 1319/1319/1292 1320/1320/1293 1321/1321/1294
f 1316/1316/1289 1318/1318/1291 1322/1322/1295
f 1319/1319/1292 1321/1321/1294 1323/1323/1296
f 1319/1319/1292 1324/1324/1297 514/514/502
f 1325/1325/1298 1326/1326/1299 1327/1327/1300
f 1325/1325/1298 1328/1328/1301 1326/1326/1299
f 1325/1325/1298 1329/1329/1302 1330/1330/1303
f 1325/1325/1298 1331/1331/1304 1328/1328/1301
f 1325/1325/1298 1327/1327/1300 1329/1329/1302
f 1325/1325/1298 1330/1330/1303 1331/1331/1304
f 698/698/686 1266/1266/1239 1268/1268/1241
f 688/688/676 1332/1332/1305 689/689/677
f 698/698/686 1268/1268/1241 1333/1333/1306
f 698/698/686 697/697/685 1266/1266/1239
f 700/700/688 303/303/295 1334/1334/1307
f 700/700/688 1334/1334/1307 701/701/689
f 700/700/688 304/304/296 303/303/295
f 700/700/688 705/705/693 304/304/296
f 1335/1335/1308 1177/1177/1150 1336/1336/1309
f 1335/1335/1308 1337/1337/1310 1177/1177/1150
f 433/433/421 1338/1338/1311 434/434/422
f 1335/1335/1308 1336/1336/1309 821/821/809
f 1339/1339/1312 1340/1340/1313 1341/1341/1314
f 1339/1339/1312 1342/1342/1315 1340/1340/1313
f 826/826/814 1343/1343/1316 737/737/725
f 1339/1339/1312 1341/1341/1314 1344/1344/1317
f 1149/1149/1122 1345/1345/1318 1346/1346/1319
f 1153/1153/1126 1152/1152/1125 134/134/126
f 1153/1153/1126 134/134/126 1347/1347/1320
f 1149/1149/1122 1346/1346/1319 1150/1150/1123
f 3/3/3 457/457/445 4/4/4
f 1348/1348/1321 411/411/399 414/414/402
f 1348/1348/1321 1349/1349/1322 411/411/399
f 1348/1348/1321 1350/1350/1323 1351/1351/1324
f 1348/1348/1321 1351/1351/1324 1352/1352/1325
f 1348/1348/1321 1352/1352/1325 1349/1349/1322
f 1348/1348/1321 414/414/402 1350/1350/1323
f 1353/1353/1326 1354/1354/1327 1355/1355/1328
f 1353/1353/1326 1356/1356/1329 1357/1357/1330
f 1353/1353/1326 1251/1251/1224 1358/1358/1331
f 1353/1353/1326 1357/1357/1330 1251/1251/1224
f 1359/1359/1332 1360/1360/1333 1361/1361/1334
f 1353/1353/1326 1358/1358/1331 1354/1354/1327
f 1362/1362/1335 1363/1363/1336 1364/1364/1337
f 1362/1362/1335 1365/1365/1338 1363/1363/1336
f 1362/1362/1335 1366/1366/1339 1365/1365/1338
f 1362/1362/1335 1367/1367/1340 1366/1366/1339
f 1362/1362/1335 1368/1368/1341 1367/1367/1340
f 1362/1362/1335 1364/1364/1337 1368/1368/1341
f 1066/1066/1046 1369/1369/1342 1370/1370/1343
f 1066/1066/1046 1370/1370/1343 1067/1067/1047
f 1371/1371/1344 1372/1372/1345 1373/1373/1346
f 1371/1371/1344 1373/1373/1346 1374/1374/1347
f 1375/1375/1348 1376/1376/1349 1377/1377/1350
f 1375/1375/1348 1378/1378/1351 1376/1376/1349
f 1379/1379/1352 1380/1380/1353 1381/1381/1354
f 1379/1379/1352 1133/1133/1106 1382/1382/1355
f 1379/1379/1352 1383/1383/1356 1133/1133/1106
f 1379/1379/1352 1381/1381/1354 1383/1383/1356
f 622/622/610 1384/1384/1357 667/667/655
f 622/622/610 1385/1385/1358 1384/1384/1357
f 622/622/610 667/667/655 623/623/611
f 1386/1386/1359 1387/1387/1360 1388/1388/1361
f 1116/1116/1092 1389/1389/1362 1390/1390/1363
f 1116/1116/1092 1391/1391/1364 1389/1389/1362
f 1116/1116/1092 1121/1121/1094 1391/1391/1364
f 1392/1392/1365 286/286/278 1275/1275/1248
f 1392/1392/1365 1393/1393/1366 1394/1394/1367
f 1392/1392/1365 1275/1275/1248 1395/1395/1368
f 1396/1396/1369 558/558/546 557/557/545
f 1392/1392/1365 1395/1395/1368 1393/1393/1366
f 1396/1396/1369 1397/1397/1370 558/558/546
f 1398/1398/1371 1235/1235/1208 1399/1399/1372
s 0
f 1400/1400/1373 1401/1401/1373 1402/1402/1373
s 1
f 1398/1398/1371 1403/1403/1374 1404/1404/1375
f 1398/1398/1371 1405/1405/1376 1235/1235/1208
f 1398/1398/1371 1399/1399/1372 1406/1406/1377
f 1398/1398/1371 1406/1406/1377 1403/1403/1374
f 1407/1407/1378 1408/1408/1379 230/230/222
f 1407/1407/1378 1214/1214/1187 1215/1215/1188
f 1107/1107/1083 1409/1409/1380 1108/1108/1084
f 1407/1407/1378 1215/1215/1188 1408/1408/1379
f 1410/1410/1381 1411/1411/1382 1412/1412/1383
f 1410/1410/1381 1413/1413/1384 1414/1414/1385
f 1410/1410/1381 1412/1412/1383 1413/1413/1384
f 233/233/225 236/236/228 1415/1415/1386
f 233/233/225 1415/1415/1386 1416/1416/1387
f 1417/1417/1388 1418/1418/1389 1419/1419/1390
f 1420/1420/1391 1421/1421/1392 1422/1422/1393
f 1417/1417/1388 1423/1423/1394 1418/1418/1389
f 1417/1417/1388 1419/1419/1390 1424/1424/1395
f 1417/1417/1388 1425/1425/1396 1423/1423/1394
f 1417/1417/1388 1426/1426/1397 1425/1425/1396
f 1045/1045/1025 769/769/757 1427/1427/1398
f 1045/1045/1025 770/770/758 769/769/757
f 1027/1027/1007 1428/1428/1399 1028/1028/1008
f 1429/1429/1400 1430/1430/1401 1431/1431/1402
f 1429/1429/1400 1302/1302/1275 1432/1432/1403
f 1429/1429/1400 1433/1433/1404 1430/1430/1401
f 1429/1429/1400 1432/1432/1403 1433/1433/1404
f 1429/1429/1400 1434/1434/1405 1302/1302/1275
f 1429/1429/1400 1431/1431/1402 1434/1434/1405
f 1435/1435/1406 1436/1436/1407 1437/1437/1408
f 1312/1312/1285 1309/1309/1282 1438/1438/1409
f 1306/1306/1279 1439/1439/1410 563/563/551
f 1435/1435/1406 1440/1440/1411 1436/1436/1407
f 1030/1030/1010 1441/1441/1412 1031/1031/1011
f 1030/1030/1010 1442/1442/1413 1441/1441/1412
f 1030/1030/1010 1047/1047/1027 1442/1442/1413
f 1443/1443/1414 1444/1444/1415 1445/1445/1416
f 1443/1443/1414 1445/1445/1416 1446/1446/1417
f 1447/1447/1418 577/577/565 1448/1448/1419
f 1443/1443/1414 1449/1449/1420 1444/1444/1415
f 1447/1447/1418 578/578/566 577/577/565
f 1447/1447/1418 1448/1448/1419 1450/1450/1421
f 1451/1451/1422 1452/1452/1423 1453/1453/1424
f 1451/1451/1422 1454/1454/1425 1455/1455/1426
f 1451/1451/1422 1455/1455/1426 1456/1456/1427
f 1451/1451/1422 1457/1457/1428 1452/1452/1423
f 1451/1451/1422 1453/1453/1424 1454/1454/1425
f 1451/1451/1422 1456/1456/1427 1457/1457/1428
f 1458/1458/1429 1259/1259/1232 1459/1459/1430
f 1458/1458/1429 1459/1459/1430 1460/1460/1431
f 1458/1458/1429 1461/1461/1432 1260/1260/1233
f 1458/1458/1429 1260/1260/1233 1259/1259/1232
f 1458/1458/1429 1462/1462/1433 1461/1461/1432
f 1458/1458/1429 1460/1460/1431 1462/1462/1433
f 1082/1082/1058 1463/1463/1434 1464/1464/1435
f 1465/1465/1436 1466/1466/1437 1467/1467/1438
f 1082/1082/1058 1081/1081/1057 1463/1463/1434
f 1465/1465/1436 1468/1468/1439 1469/1469/1440
s 0
f 1470/1470/1441 1471/1471/1441 1472/1472/1441
s 1
f 1465/1465/1436 1469/1469/1440 1466/1466/1437
f 1270/1270/1243 1272/1272/1245 1473/1473/1442
f 1270/1270/1243 1473/1473/1442 1474/1474/1443
f 1270/1270/1243 1474/1474/1443 1475/1475/1444
f 1270/1270/1243 1475/1475/1444 1271/1271/1244
f 1476/1476/1445 1477/1477/1446 1478/1478/1447
f 1476/1476/1445 1479/1479/1448 1102/1102/1078
f 1476/1476/1445 1480/1480/1449 1479/1479/1448
f 1476/1476/1445 1478/1478/1447 1480/1480/1449
f 1476/1476/1445 1481/1481/1450 1477/1477/1446
f 1476/1476/1445 1102/1102/1078 1481/1481/1450
f 1482/1482/1451 256/256/248 506/506/494
f 1482/1482/1451 1483/1483/1452 1484/1484/1453
f 1482/1482/1451 502/502/490 1485/1485/1454
f 1482/1482/1451 1484/1484/1453 256/256/248
f 1482/1482/1451 506/506/494 502/502/490
f 1482/1482/1451 1485/1485/1454 1483/1483/1452
s 0
f 1486/1486/1455 1487/1487/1455 1488/1488/1455
s 1
f 1016/1016/996 92/92/86 1489/1489/1456
s 0
f 1490/1490/1457 1491/1491/1457 1492/1492/1457
s 1
f 1493/1493/1458 1494/1494/1459 1495/1495/1460
f 109/109/103 1496/1496/1461 1497/1497/1462
f 109/109/103 1497/1497/1462 110/110/104
f 109/109/103 1498/1498/1463 1496/1496/1461
f 109/109/103 117/117/111 1498/1498/1463
f 1499/1499/1464 1500/1500/1465 445/445/433
f 1499/1499/1464 1501/1501/1466 1500/1500/1465
f 1499/1499/1464 445/445/433 444/444/432
f 1502/1502/1467 1503/1503/1468 1504/1504/1469
f 1505/1505/1470 1506/1506/1471 1507/1507/1472
f 1505/1505/1470 1508/1508/1473 1506/1506/1471
f 1509/1509/1474 1510/1510/1475 1511/1511/1476
f 1509/1509/1474 1512/1512/1477 1510/1510/1475
f 1513/1513/1478 964/964/944 966/966/946
f 1509/1509/1474 1511/1511/1476 1514/1514/1479
f 1509/1509/1474 1515/1515/1480 1516/1516/1481
f 1513/1513/1478 1517/1517/1482 964/964/944
f 1509/1509/1474 1516/1516/1481 1512/1512/1477
f 1513/1513/1478 966/966/946 1518/1518/1483
f 1519/1519/1484 1520/1520/1485 1521/1521/1486
f 1519/1519/1484 554/554/542 550/550/538
f 1519/1519/1484 550/550/538 1522/1522/1487
f 1519/1519/1484 1522/1522/1487 1523/1523/1488
f 1519/1519/1484 1521/1521/1486 554/554/542
f 1519/1519/1484 1523/1523/1488 1520/1520/1485
f 1524/1524/1489 169/169/161 1525/1525/1490
f 1524/1524/1489 1311/1311/1284 1000/1000/980
f 1524/1524/1489 1525/1525/1490 1526/1526/1491
f 1524/1524/1489 1526/1526/1491 1527/1527/1492
f 1524/1524/1489 1000/1000/980 169/169/161
f 1524/1524/1489 1527/1527/1492 1311/1311/1284
f 250/250/242 1528/1528/1493 251/251/243
f 1529/1529/1494 1530/1530/1495 1531/1531/1496
f 1529/1529/1494 1532/1532/1497 1530/1530/1495
f 258/258/250 1533/1533/1498 259/259/251
f 264/264/256 1534/1534/1499 1535/1535/1500
f 258/258/250 1536/1536/1501 1533/1533/1498
f 264/264/256 262/262/254 1534/1534/1499
f 273/273/265 272/272/264 1537/1537/1502
f 270/270/262 1538/1538/1503 1539/1539/1504
f 270/270/262 1539/1539/1504 17/17/17
f 273/273/265 1537/1537/1502 1540/1540/1505
f 178/178/170 180/180/172 1541/1541/1506
f 178/178/170 1541/1541/1506 1542/1542/1507
f 178/178/170 1542/1542/1507 179/179/171
f 1136/1136/1109 1543/1543/1508 1406/1406/1377
f 1136/1136/1109 1399/1399/1372 1137/1137/1110
f 1136/1136/1109 1406/1406/1377 1399/1399/1372
f 1136/1136/1109 1139/1139/1112 1543/1543/1508
f 513/513/501 1544/1544/1509 1545/1545/1510
f 517/517/505 516/516/504 1546/1546/1511
f 513/513/501 1545/1545/1510 514/514/502
f 1547/1547/1512 1548/1548/1513 1549/1549/1514
f 1550/1550/1515 1551/1551/1516 1552/1552/1517
f 1550/1550/1515 1553/1553/1518 1551/1551/1516
f 1550/1550/1515 1552/1552/1517 1554/1554/1519
f 521/521/509 1555/1555/1520 522/522/510
f 1556/1556/1521 1442/1442/1413 1557/1557/1522
f 1556/1556/1521 617/617/605 849/849/837
f 1556/1556/1521 1558/1558/1523 618/618/606
f 1556/1556/1521 849/849/837 1442/1442/1413
f 1556/1556/1521 1557/1557/1522 1558/1558/1523
f 1556/1556/1521 618/618/606 617/617/605
f 1559/1559/1524 213/213/205 220/220/212
f 1560/1560/1525 1561/1561/1526 1562/1562/1527
f 1560/1560/1525 1563/1563/1528 1561/1561/1526
f 1559/1559/1524 1564/1564/1529 1565/1565/1530
f 1560/1560/1525 1566/1566/1531 1563/1563/1528
f 1559/1559/1524 1565/1565/1530 213/213/205
f 527/527/515 1567/1567/1532 528/528/516
f 534/534/522 959/959/939 1568/1568/1533
f 534/534/522 538/538/526 959/959/939
f 1569/1569/1534 1570/1570/1535 38/38/38
f 534/534/522 1568/1568/1533 1571/1571/1536
f 1572/1572/1537 1573/1573/1538 1574/1574/1539
f 1572/1572/1537 1574/1574/1539 1575/1575/1540
f 789/789/777 794/794/782 1576/1576/1541
f 1572/1572/1537 1575/1575/1540 1577/1577/1542
f 1578/1578/1543 1579/1579/1544 1580/1580/1545
f 1581/1581/1546 1582/1582/1547 1583/1583/1548
f 1581/1581/1546 1584/1584/1549 1582/1582/1547
f 1578/1578/1543 1580/1580/1545 998/998/978
f 1578/1578/1543 998/998/978 1585/1585/1550
f 1581/1581/1546 1583/1583/1548 1586/1586/1551
f 838/838/826 4/4/4 457/457/445
f 1587/1587/1552 1588/1588/1553 1589/1589/1554
f 838/838/826 457/457/445 1590/1590/1555
f 1587/1587/1552 1591/1591/1556 1588/1588/1553
f 496/496/484 1592/1592/1557 380/380/368
f 496/496/484 380/380/368 379/379/367
f 496/496/484 497/497/485 1592/1592/1557
f 1227/1227/1200 1593/1593/1558 1594/1594/1559
f 1227/1227/1200 1595/1595/1560 1593/1593/1558
f 1227/1227/1200 1594/1594/1559 1228/1228/1201
f 1227/1227/1200 1232/1232/1205 1595/1595/1560
f 1596/1596/1561 1597/1597/1562 68/68/62
f 1596/1596/1561 1598/1598/1563 1599/1599/1564
f 1596/1596/1561 67/67/61 891/891/875
f 1596/1596/1561 1600/1600/1565 1597/1597/1562
f 1596/1596/1561 68/68/62 67/67/61
f 1596/1596/1561 1599/1599/1564 1600/1600/1565
f 1596/1596/1561 891/891/875 1598/1598/1563
f 1023/1023/1003 1601/1601/1566 1602/1602/1567
f 1023/1023/1003 1603/1603/1568 1024/1024/1004
f 1023/1023/1003 1025/1025/1005 1601/1601/1566
f 1023/1023/1003 1602/1602/1567 1603/1603/1568
f 409/409/397 412/412/400 1033/1033/1013
f 183/183/175 182/182/174 1604/1604/1569
f 1605/1605/1570 1606/1606/1571 1607/1607/1572
f 1608/1608/1573 1609/1609/1574 1610/1610/1575
f 1611/1611/1576 1612/1612/1577 1613/1613/1578
f 1611/1611/1576 193/193/185 1614/1614/1579
f 1615/1615/1580 1616/1616/1581 1617/1617/1582
f 1611/1611/1576 1614/1614/1579 1612/1612/1577
f 1611/1611/1576 194/194/186 193/193/185
f 1618/1618/1583 639/639/627 1619/1619/1584
f 632/632/620 1620/1620/1585 1621/1621/1586
f 632/632/620 1622/1622/1587 1620/1620/1585
f 632/632/620 1621/1621/1586 633/633/621
f 1623/1623/1588 1624/1624/1589 735/735/723
f 915/915/897 1625/1625/1590 916/916/898
f 1623/1623/1588 1626/1626/1591 1624/1624/1589
f 1623/1623/1588 735/735/723 1627/1627/1592
f 1628/1628/1593 1629/1629/1594 1630/1630/1595
s 0
f 1631/1631/1596 1632/1632/1596 1633/1633/1596
s 1
f 1628/1628/1593 1634/1634/1597 1635/1635/1598
f 1628/1628/1593 1630/1630/1595 1634/1634/1597
f 1636/1636/1599 657/657/645 1156/1156/1129
f 1636/1636/1599 1637/1637/1600 658/658/646
f 1636/1636/1599 1155/1155/1128 1638/1638/1601
f 1636/1636/1599 1156/1156/1129 1155/1155/1128
f 1636/1636/1599 658/658/646 657/657/645
f 1636/1636/1599 1638/1638/1601 1637/1637/1600
f 942/942/922 23/23/23 1639/1639/1602
f 942/942/922 946/946/926 1640/1640/1603
f 942/942/922 1640/1640/1603 23/23/23
f 942/942/922 1639/1639/1602 943/943/923
f 1641/1641/1604 1642/1642/1605 1643/1643/1606
f 1641/1641/1604 1644/1644/1607 1645/1645/1608
f 1641/1641/1604 1645/1645/1608 1646/1646/1609
f 1641/1641/1604 1647/1647/1610 1644/1644/1607
f 1641/1641/1604 1643/1643/1606 1647/1647/1610
f 1648/1648/1611 1649/1649/1612 1520/1520/1485
f 1650/1650/1613 1651/1651/1614 1652/1652/1615
f 1650/1650/1613 691/691/679 1653/1653/1616
f 1654/1654/1617 693/693/681 1655/1655/1618
f 1650/1650/1613 1656/1656/1619 691/691/679
f 1650/1650/1613 1652/1652/1615 1656/1656/1619
f 1654/1654/1617 1655/1655/1618 1657/1657/1620
f 46/46/46 1658/1658/1621 47/47/47
f 1659/1659/1622 50/50/50 1558/1558/1523
f 46/46/46 297/297/289 1658/1658/1621
f 46/46/46 1660/1660/1623 297/297/289
f 702/702/690 1661/1661/1624 703/703/691
f 702/702/690 1662/1662/1625 1663/1663/1626
f 702/702/690 701/701/689 1662/1662/1625
f 702/702/690 1663/1663/1626 1661/1661/1624
f 1664/1664/1627 973/973/953 715/715/703
f 1664/1664/1627 1665/1665/1628 974/974/954
f 1664/1664/1627 974/974/954 973/973/953
f 1664/1664/1627 79/79/73 1665/1665/1628
f 1664/1664/1627 714/714/702 79/79/73
f 1664/1664/1627 715/715/703 714/714/702
f 719/719/707 1666/1666/1629 1667/1667/1630
f 719/719/707 1668/1668/1631 720/720/708
f 719/719/707 1667/1667/1630 1668/1668/1631
f 719/719/707 723/723/711 1666/1666/1629
f 725/725/713 1669/1669/1632 726/726/714
f 725/725/713 1534/1534/1499 1669/1669/1632
f 725/725/713 1670/1670/1633 1534/1534/1499
f 1671/1671/1634 732/732/720 1672/1672/1635
f 1673/1673/1636 1674/1674/1637 1675/1675/1638
f 1676/1676/1639 1677/1677/1640 1678/1678/1641
f 1676/1676/1639 1679/1679/1642 1680/1680/1643
f 1676/1676/1639 1681/1681/1644 1677/1677/1640
f 1676/1676/1639 1682/1682/1645 1679/1679/1642
f 1676/1676/1639 1680/1680/1643 1681/1681/1644
f 1683/1683/1646 1684/1684/1647 1685/1685/1648
f 1683/1683/1646 1685/1685/1648 1686/1686/1649
f 1683/1683/1646 1687/1687/1650 1688/1688/1651
f 1683/1683/1646 1686/1686/1649 1687/1687/1650
f 1683/1683/1646 1688/1688/1651 1689/1689/1652
f 1683/1683/1646 1689/1689/1652 1684/1684/1647
f 734/734/722 1627/1627/1592 735/735/723
f 1690/1690/1653 1691/1691/1654 1692/1692/1655
f 734/734/722 738/738/726 1693/1693/1656
f 1690/1690/1653 1694/1694/1657 1691/1691/1654
f 1695/1695/1658 1696/1696/1659 1697/1697/1660
f 1695/1695/1658 1698/1698/1661 1696/1696/1659
f 1695/1695/1658 1697/1697/1660 1699/1699/1662
f 1700/1700/1663 610/610/598 1701/1701/1664
f 1700/1700/1663 1702/1702/1665 755/755/743
f 1700/1700/1663 755/755/743 610/610/598
f 1703/1703/1666 1354/1354/1327 1358/1358/1331
f 146/146/138 1704/1704/1667 1056/1056/1036
f 146/146/138 1056/1056/1036 1360/1360/1333
f 146/146/138 1360/1360/1333 1705/1705/1668
f 146/146/138 151/151/143 1704/1704/1667
f 1703/1703/1666 1358/1358/1331 1706/1706/1669
f 1707/1707/1670 1708/1708/1671 1709/1709/1672
f 1707/1707/1670 764/764/752 160/160/152
f 1707/1707/1670 160/160/152 165/165/157
f 1707/1707/1670 165/165/157 1708/1708/1671
f 1707/1707/1670 852/852/840 764/764/752
f 1707/1707/1670 1709/1709/1672 852/852/840
f 1710/1710/1673 1711/1711/1674 1712/1712/1675
f 1710/1710/1673 1576/1576/1541 1711/1711/1674
f 540/540/528 543/543/531 1573/1573/1538
f 1713/1713/1676 1714/1714/1677 1715/1715/1678
f 1713/1713/1676 1716/1716/1679 1714/1714/1677
f 1713/1713/1676 1617/1617/1582 1717/1717/1680
f 1713/1713/1676 1717/1717/1680 1716/1716/1679
f 1718/1718/1681 1719/1719/1682 1720/1720/1683
f 1718/1718/1681 1721/1721/1684 1719/1719/1682
f 1718/1718/1681 1722/1722/1685 1721/1721/1684
f 1723/1723/1686 1724/1724/1687 878/878/864
f 1725/1725/1688 1726/1726/1689 1727/1727/1690
f 1723/1723/1686 878/878/864 877/877/863
f 1723/1723/1686 1728/1728/1691 1729/1729/1692
f 1723/1723/1686 211/211/203 1724/1724/1687
f 1723/1723/1686 1729/1729/1692 211/211/203
f 1730/1730/1693 1731/1731/1694 1732/1732/1695
f 1730/1730/1693 1733/1733/1696 309/309/301
f 1730/1730/1693 1732/1732/1695 1734/1734/1697
f 1730/1730/1693 1735/1735/1698 1731/1731/1694
f 1730/1730/1693 309/309/301 1735/1735/1698
f 1730/1730/1693 1734/1734/1697 1733/1733/1696
f 1736/1736/1699 1737/1737/1700 1738/1738/1701
f 1739/1739/1702 1740/1740/1703 1741/1741/1704
f 1736/1736/1699 1742/1742/1705 1737/1737/1700
f 1736/1736/1699 1738/1738/1701 1743/1743/1706
f 1739/1739/1702 1744/1744/1707 1740/1740/1703
f 1736/1736/1699 1745/1745/1708 1742/1742/1705
f 1746/1746/1709 1747/1747/1710 990/990/970
f 1746/1746/1709 1748/1748/1711 1749/1749/1712
f 1750/1750/1713 1751/1751/1714 1752/1752/1715
f 1746/1746/1709 990/990/970 1753/1753/1716
f 1746/1746/1709 1749/1749/1712 1747/1747/1710
f 1750/1750/1713 1752/1752/1715 1754/1754/1717
f 1755/1755/1718 1756/1756/1719 1757/1757/1720
f 642/642/630 646/646/634 1758/1758/1721
f 1755/1755/1718 1757/1757/1720 1759/1759/1722
f 1755/1755/1718 1759/1759/1722 1760/1760/1723
f 1040/1040/1020 1138/1138/1111 1141/1141/1114
f 1040/1040/1020 1028/1028/1008 1138/1138/1111
f 6/6/6 1761/1761/1724 7/7/7
f 6/6/6 1762/1762/1725 1761/1761/1724
f 6/6/6 10/10/10 1763/1763/1726
f 6/6/6 1763/1763/1726 1762/1762/1725
f 1764/1764/1727 1765/1765/1728 1766/1766/1729
f 1764/1764/1727 1766/1766/1729 1767/1767/1730
f 1768/1768/1731 1769/1769/1732 660/660/648
f 1770/1770/1733 1771/1771/1734 1772/1772/1735
f 1764/1764/1727 274/274/266 1765/1765/1728
f 1764/1764/1727 1773/1773/1736 274/274/266
f 303/303/295 1774/1774/1737 1334/1334/1307
f 303/303/295 310/310/302 1774/1774/1737
f 313/313/305 315/315/307 1775/1775/1738
f 1452/1452/1423 1457/1457/1428 1776/1776/1739
f 1259/1259/1232 1777/1777/1740 1459/1459/1430
f 1264/1264/1237 1263/1263/1236 1778/1778/1741
f 1779/1779/1742 1265/1265/1238 1780/1780/1743
f 1779/1779/1742 1780/1780/1743 1781/1781/1744
f 1126/1126/1099 1133/1133/1106 1383/1383/1356
f 1126/1126/1099 1383/1383/1356 1782/1782/1745
f 1477/1477/1446 1783/1783/1746 1283/1283/1256
f 1477/1477/1446 1283/1283/1256 1282/1282/1255
f 1477/1477/1446 1481/1481/1450 1783/1783/1746
f 1477/1477/1446 1282/1282/1255 1478/1478/1447
f 1784/1784/1747 1785/1785/1748 1786/1786/1749
f 1784/1784/1747 1787/1787/1750 1788/1788/1751
f 1789/1789/1752 1790/1790/1753 1791/1791/1754
f 1784/1784/1747 1786/1786/1749 1792/1792/1755
f 1789/1789/1752 1531/1531/1496 1790/1790/1753
f 1784/1784/1747 1792/1792/1755 1787/1787/1750
f 1793/1793/1756 1669/1669/1632 1794/1794/1757
f 1793/1793/1756 726/726/714 1669/1669/1632
f 1793/1793/1756 1795/1795/1758 726/726/714
f 1793/1793/1756 1794/1794/1757 1796/1796/1759
f 625/625/613 1797/1797/1760 626/626/614
f 1798/1798/1761 681/681/669 686/686/674
f 1798/1798/1761 1799/1799/1762 1800/1800/1763
f 1798/1798/1761 686/686/674 1801/1801/1764
f 1798/1798/1761 1801/1801/1764 1802/1802/1765
f 1798/1798/1761 1800/1800/1763 681/681/669
f 1798/1798/1761 1802/1802/1765 1799/1799/1762
f 393/393/381 130/130/122 133/133/125
f 393/393/381 744/744/732 1803/1803/1766
f 393/393/381 133/133/125 744/744/732
f 393/393/381 1803/1803/1766 394/394/382
f 751/751/739 752/752/740 1804/1804/1767
f 751/751/739 612/612/600 611/611/599
f 751/751/739 1805/1805/1768 612/612/600
f 751/751/739 1804/1804/1767 1805/1805/1768
f 1806/1806/1769 1807/1807/1770 1808/1808/1771
f 1806/1806/1769 1809/1809/1772 476/476/464
f 1806/1806/1769 475/475/463 1807/1807/1770
f 1806/1806/1769 476/476/464 475/475/463
f 1806/1806/1769 1808/1808/1771 1810/1810/1773
f 1806/1806/1769 1810/1810/1773 1809/1809/1772
f 1811/1811/1774 1812/1812/1775 164/164/156
f 1811/1811/1774 1549/1549/1514 1548/1548/1513
f 1813/1813/1776 1814/1814/1777 1544/1544/1509
f 1811/1811/1774 1145/1145/1118 1815/1815/1778
f 1811/1811/1774 1548/1548/1513 1145/1145/1118
f 1811/1811/1774 163/163/155 1816/1816/1779
f 1811/1811/1774 164/164/156 163/163/155
f 1811/1811/1774 1815/1815/1778 1812/1812/1775
f 1817/1817/1780 1818/1818/1781 1819/1819/1782
f 1817/1817/1780 1820/1820/1783 1821/1821/1784
f 1817/1817/1780 1821/1821/1784 1818/1818/1781
f 1817/1817/1780 1822/1822/1785 1820/1820/1783
f 1817/1817/1780 1823/1823/1786 1822/1822/1785
f 1817/1817/1780 1819/1819/1782 1823/1823/1786
f 1824/1824/1787 55/55/55 1381/1381/1354
f 49/49/49 619/619/607 620/620/608
f 1824/1824/1787 1381/1381/1354 1825/1825/1788
f 49/49/49 620/620/608 50/50/50
f 1826/1826/1789 1827/1827/1790 1828/1828/1791
f 1826/1826/1789 1829/1829/1792 1827/1827/1790
f 1826/1826/1789 1830/1830/1793 1829/1829/1792
f 1826/1826/1789 1828/1828/1791 1831/1831/1794
f 1826/1826/1789 1831/1831/1794 1830/1830/1793
f 1832/1832/1795 1833/1833/1796 1834/1834/1797
f 1835/1835/1798 355/355/343 354/354/342
f 1836/1836/1799 207/207/199 1837/1837/1800
f 1836/1836/1799 1838/1838/1801 207/207/199
f 1022/1022/1002 1237/1237/1210 1240/1240/1213
f 1018/1018/998 1839/1839/1802 93/93/87
f 1022/1022/1002 1240/1240/1213 1840/1840/1803
f 1022/1022/1002 1021/1021/1001 1237/1237/1210
f 1841/1841/1804 1842/1842/1805 1843/1843/1806
f 1844/1844/1807 1738/1738/1701 1530/1530/1495
f 1844/1844/1807 1743/1743/1706 1738/1738/1701
f 1841/1841/1804 1843/1843/1806 1744/1744/1707
f 1844/1844/1807 1530/1530/1495 1532/1532/1497
f 1844/1844/1807 1532/1532/1497 1845/1845/1808
f 816/816/804 1846/1846/1809 817/817/805
f 1847/1847/1810 822/822/810 1503/1503/1468
f 816/816/804 1507/1507/1472 1506/1506/1471
f 816/816/804 1506/1506/1471 1846/1846/1809
f 440/440/428 1848/1848/1811 1849/1849/1812
f 440/440/428 1849/1849/1812 1850/1850/1813
f 440/440/428 1850/1850/1813 441/441/429
f 440/440/428 443/443/431 1848/1848/1811
f 447/447/435 449/449/437 1851/1851/1814
f 447/447/435 880/880/866 448/448/436
f 447/447/435 1851/1851/1814 880/880/866
f 1852/1852/1815 1853/1853/1816 1101/1101/1077
f 1852/1852/1815 1854/1854/1817 1855/1855/1818
f 1852/1852/1815 1100/1100/1076 1854/1854/1817
f 1852/1852/1815 1101/1101/1077 1100/1100/1076
f 1852/1852/1815 1855/1855/1818 1853/1853/1816
f 464/464/452 466/466/454 1856/1856/1819
f 464/464/452 1856/1856/1819 1857/1857/1820
f 464/464/452 1857/1857/1820 1858/1858/1821
f 464/464/452 1858/1858/1821 465/465/453
f 1791/1791/1754 1737/1737/1700 1859/1859/1822
f 1785/1785/1748 1860/1860/1823 1786/1786/1749
f 1791/1791/1754 1790/1790/1753 1737/1737/1700
s 0
f 1861/1861/1824 1862/1862/1824 1863/1863/1824
s 1
f 98/98/92 1839/1839/1802 1864/1864/1825
f 89/89/83 1865/1865/1826 90/90/84
f 98/98/92 93/93/87 1839/1839/1802
f 786/786/774 1497/1497/1462 1866/1866/1827
f 786/786/774 110/110/104 1497/1497/1462
f 779/779/767 1867/1867/1828 780/780/768
f 779/779/767 1868/1868/1829 1867/1867/1828
f 279/279/271 1869/1869/1830 1313/1313/1286
f 279/279/271 722/722/710 1869/1869/1830
f 968/968/948 975/975/955 1870/1870/1831
f 1871/1871/1832 1872/1872/1833 1873/1873/1834
f 1871/1871/1832 1873/1873/1834 1874/1874/1835
f 1871/1871/1832 1874/1874/1835 1387/1387/1360
f 1875/1875/1836 1876/1876/1837 1877/1877/1838
f 1875/1875/1836 1878/1878/1839 1879/1879/1840
f 1875/1875/1836 1880/1880/1841 653/653/641
f 1875/1875/1836 1879/1879/1840 1876/1876/1837
f 1875/1875/1836 1877/1877/1838 1880/1880/1841
f 1875/1875/1836 653/653/641 1878/1878/1839
f 1334/1334/1307 1881/1881/1842 701/701/689
f 1334/1334/1307 1882/1882/1843 1881/1881/1842
f 1334/1334/1307 1774/1774/1737 1882/1882/1843
f 1883/1883/1844 1884/1884/1845 1885/1885/1846
f 1883/1883/1844 1886/1886/1847 1887/1887/1848
f 1888/1888/1849 321/321/313 1889/1889/1850
f 1890/1890/1851 1891/1891/1852 1892/1892/1853
f 1883/1883/1844 1885/1885/1846 1886/1886/1847
f 1888/1888/1849 327/327/319 321/321/313
f 542/542/530 1893/1893/1854 543/543/531
f 542/542/530 1894/1894/1855 1895/1895/1856
f 542/542/530 545/545/533 1894/1894/1855
f 542/542/530 1895/1895/1856 1893/1893/1854
f 549/549/537 1896/1896/1857 550/550/538
f 1897/1897/1858 481/481/469 1898/1898/1859
f 1897/1897/1858 1899/1899/1860 481/481/469
f 1897/1897/1858 1898/1898/1859 777/777/765
f 549/549/537 773/773/761 1896/1896/1857
f 1204/1204/1177 352/352/340 355/355/343
f 1204/1204/1177 355/355/343 1900/1900/1861
f 1901/1901/1862 253/253/245 1902/1902/1863
f 1901/1901/1862 1903/1903/1864 1680/1680/1643
f 1904/1904/1865 1905/1905/1866 1906/1906/1867
f 1901/1901/1862 813/813/801 253/253/245
f 1904/1904/1865 1484/1484/1453 1905/1905/1866
f 1901/1901/1862 1680/1680/1643 813/813/801
f 1907/1907/1868 1908/1908/1869 364/364/352
f 1907/1907/1868 1909/1909/1870 1908/1908/1869
f 1907/1907/1868 1910/1910/1871 1909/1909/1870
f 1907/1907/1868 363/363/351 1910/1910/1871
f 1907/1907/1868 364/364/352 363/363/351
f 1911/1911/1872 1912/1912/1873 1697/1697/1660
f 1911/1911/1872 228/228/220 1912/1912/1873
f 1911/1911/1872 1696/1696/1659 1913/1913/1874
f 1911/1911/1872 1913/1913/1874 229/229/221
f 1911/1911/1872 229/229/221 228/228/220
f 1911/1911/1872 1697/1697/1660 1696/1696/1659
f 1914/1914/1875 119/119/113 1915/1915/1876
f 1914/1914/1875 1915/1915/1876 1916/1916/1877
f 386/386/374 1917/1917/1878 387/387/375
f 1914/1914/1875 125/125/117 120/120/114
f 1914/1914/1875 120/120/114 119/119/113
f 130/130/122 398/398/386 131/131/123
f 1918/1918/1879 8/8/8 840/840/828
f 1430/1430/1401 843/843/831 1431/1431/1402
f 1919/1919/1880 1920/1920/1881 10/10/10
f 1918/1918/1879 9/9/9 8/8/8
f 1052/1052/1032 1921/1921/1882 1922/1922/1883
f 1052/1052/1032 1922/1922/1883 1053/1053/1033
f 1052/1052/1032 1059/1059/1039 1923/1923/1884
f 1052/1052/1032 1923/1923/1884 1921/1921/1882
f 1924/1924/1885 1363/1363/1336 1925/1925/1886
f 1926/1926/1887 1927/1927/1888 1928/1928/1889
f 1929/1929/1890 1930/1930/1891 1931/1931/1892
f 1924/1924/1885 1932/1932/1893 1364/1364/1337
f 1926/1926/1887 1928/1928/1889 1933/1933/1894
f 1924/1924/1885 1364/1364/1337 1363/1363/1336
f 1934/1934/1895 1886/1886/1847 1885/1885/1846
f 1934/1934/1895 1935/1935/1896 436/436/424
f 1934/1934/1895 1936/1936/1897 1886/1886/1847
f 1934/1934/1895 1937/1937/1898 1936/1936/1897
f 1934/1934/1895 1885/1885/1846 1935/1935/1896
f 1934/1934/1895 436/436/424 1937/1937/1898
f 1938/1938/1899 241/241/233 1184/1184/1157
f 1939/1939/1900 1940/1940/1901 1895/1895/1856
f 1939/1939/1900 1894/1894/1855 1941/1941/1902
f 1939/1939/1900 1895/1895/1856 1894/1894/1855
f 1938/1938/1899 1184/1184/1157 1183/1183/1156
f 1938/1938/1899 242/242/234 241/241/233
f 1719/1719/1682 337/337/329 1942/1942/1903
f 1719/1719/1682 1721/1721/1684 338/338/330
f 1719/1719/1682 338/338/330 337/337/329
f 1719/1719/1682 1942/1942/1903 1720/1720/1683
f 1943/1943/1904 1944/1944/1905 1945/1945/1906
f 1946/1946/1907 208/208/200 1947/1947/1908
f 1946/1946/1907 209/209/201 208/208/200
s 0
f 1948/1948/1909 1949/1949/1909 1950/1950/1909
s 1
f 1943/1943/1904 1951/1951/1910 1944/1944/1905
f 1952/1952/1911 1953/1953/1912 1954/1954/1913
f 1952/1952/1911 1954/1954/1913 1955/1955/1914
f 1956/1956/1915 1957/1957/1916 1208/1208/1181
f 1952/1952/1911 1958/1958/1917 1953/1953/1912
f 1952/1952/1911 1959/1959/1918 1958/1958/1917
f 1952/1952/1911 1960/1960/1919 1959/1959/1918
f 812/812/800 814/814/802 1961/1961/1920
f 1842/1842/1805 1962/1962/1921 1843/1843/1806
f 1963/1963/1922 384/384/372 377/377/365
f 957/957/937 325/325/317 1964/1964/1923
f 1963/1963/1922 1965/1965/1924 1966/1966/1925
f 1963/1963/1922 377/377/365 1965/1965/1924
f 957/957/937 1967/1967/1926 958/958/938
f 681/681/669 1968/1968/1927 682/682/670
f 681/681/669 1800/1800/1763 1968/1968/1927
f 1969/1969/1928 1970/1970/1929 1971/1971/1930
f 1731/1731/1694 1735/1735/1698 1972/1972/1931
f 1969/1969/1928 1971/1971/1930 1973/1973/1932
f 1974/1974/1933 1975/1975/1934 1976/1976/1935
f 1977/1977/1936 1978/1978/1937 1979/1979/1938
f 1977/1977/1936 1980/1980/1939 1981/1981/1940
f 1977/1977/1936 975/975/955 1978/1978/1937
f 1977/1977/1936 1870/1870/1831 975/975/955
f 1977/1977/1936 1981/1981/1940 1870/1870/1831
f 1977/1977/1936 1979/1979/1938 1980/1980/1939
f 1055/1055/1035 1361/1361/1334 1056/1056/1036
f 1982/1982/1941 1983/1983/1942 1357/1357/1330
f 1055/1055/1035 1984/1984/1943 1361/1361/1334
f 1985/1985/1944 1986/1986/1945 1987/1987/1946
f 1363/1363/1336 1365/1365/1338 1988/1988/1947
f 1363/1363/1336 1988/1988/1947 1925/1925/1886
f 1038/1038/1018 428/428/416 430/430/418
f 1038/1038/1018 430/430/418 1989/1989/1948
f 1035/1035/1015 1990/1990/1949 1036/1036/1016
f 987/987/967 1991/1991/1950 1992/1992/1951
f 987/987/967 435/435/423 437/437/425
f 987/987/967 1993/1993/1952 1991/1991/1950
f 987/987/967 1992/1992/1951 435/435/423
f 1994/1994/1953 243/243/235 332/332/324
f 1848/1848/1811 1995/1995/1954 1849/1849/1812
f 1994/1994/1953 332/332/324 1996/1996/1955
f 1994/1994/1953 244/244/236 243/243/235
f 1094/1094/1070 1997/1997/1956 1196/1196/1169
f 1087/1087/1063 1193/1193/1166 1088/1088/1064
f 1094/1094/1070 1093/1093/1069 1997/1997/1956
f 1853/1853/1816 1998/1998/1957 1783/1783/1746
f 1853/1853/1816 1783/1783/1746 1481/1481/1450
f 1853/1853/1816 1855/1855/1818 1998/1998/1957
f 1853/1853/1816 1481/1481/1450 1101/1101/1077
f 1999/1999/1958 2000/2000/1959 2001/2001/1960
f 1999/1999/1958 2002/2002/1961 1292/1292/1265
f 1999/1999/1958 2003/2003/1962 2002/2002/1961
f 1999/1999/1958 1292/1292/1265 2004/2004/1963
f 1999/1999/1958 2001/2001/1960 2003/2003/1962
f 1999/1999/1958 2004/2004/1963 2000/2000/1959
f 1296/1296/1269 1910/1910/1871 363/363/351
f 1296/1296/1269 363/363/351 367/367/355
f 1296/1296/1269 1300/1300/1273 1910/1910/1871
f 1296/1296/1269 367/367/355 1297/1297/1270
f 1418/1418/1389 1423/1423/1394 2005/2005/1964
f 1418/1418/1389 2006/2006/1965 2007/2007/1966
f 1418/1418/1389 2007/2007/1966 1419/1419/1390
f 1418/1418/1389 2005/2005/1964 2006/2006/1965
f 2008/2008/1967 2009/2009/1968 2010/2010/1969
f 2008/2008/1967 136/136/128 2009/2009/1968
f 402/402/390 2011/2011/1970 403/403/391
f 2008/2008/1967 137/137/129 136/136/128
f 1326/1326/1299 1328/1328/1301 2012/2012/1971
s 0
f 2013/2013/1972 2014/2014/1972 2015/2015/1972
s 1
f 2016/2016/1973 2017/2017/1974 2018/2018/1975
s 0
f 2019/2019/1976 2020/2020/1976 2021/2021/1976
s 1
f 2022/2022/1977 1662/1662/1625 2023/2023/1978
f 2022/2022/1977 2024/2024/1979 1663/1663/1626
f 2022/2022/1977 1663/1663/1626 1662/1662/1625
f 2022/2022/1977 2023/2023/1978 2025/2025/1980
f 2026/2026/1981 2027/2027/1982 761/761/749
f 2026/2026/1981 761/761/749 760/760/748
f 2026/2026/1981 2028/2028/1983 2029/2029/1984
f 2026/2026/1981 760/760/748 2028/2028/1983
f 2030/2030/1985 2031/2031/1986 31/31/31
f 2030/2030/1985 31/31/31 30/30/30
f 2032/2032/1987 682/682/670 1968/1968/1927
f 2033/2033/1988 2034/2034/1989 2035/2035/1990
f 2032/2032/1987 2036/2036/1991 682/682/670
f 2033/2033/1988 2035/2035/1990 2037/2037/1992
f 2038/2038/1993 1344/1344/1317 128/128/120
f 2038/2038/1993 128/128/120 127/127/119
f 2039/2039/1994 739/739/727 1343/1343/1316
f 2039/2039/1994 2040/2040/1995 739/739/727
f 2039/2039/1994 2041/2041/1996 2040/2040/1995
f 132/132/124 524/524/512 745/745/733
f 132/132/124 2042/2042/1997 133/133/125
f 132/132/124 745/745/733 2042/2042/1997
f 132/132/124 134/134/126 524/524/512
f 757/757/745 761/761/749 2043/2043/1998
f 757/757/745 2043/2043/1998 2044/2044/1999
f 757/757/745 2044/2044/1999 2045/2045/2000
f 757/757/745 2045/2045/2000 758/758/746
f 158/158/150 2046/2046/2001 2047/2047/2002
f 158/158/150 157/157/149 2046/2046/2001
f 153/153/145 2048/2048/1091 154/154/146
s 0
f 2049/2049/1091 2050/2050/1091 1120/1120/1091
s 1
f 1369/1369/1342 2051/2051/2003 1370/1370/1343
f 1374/1374/1347 1820/1820/1783 1822/1822/1785
f 1369/1369/1342 2052/2052/2004 2051/2051/2003
f 1374/1374/1347 1373/1373/1346 1820/1820/1783
f 182/182/174 184/184/176 2053/2053/2005
f 182/182/174 2053/2053/2005 2054/2054/2006
f 182/182/174 2054/2054/2006 1604/1604/1569
f 1827/1827/1790 2055/2055/2007 1828/1828/1791
f 1827/1827/1790 1829/1829/1792 2056/2056/2008
f 1827/1827/1790 2057/2057/2009 1391/1391/1364
f 1827/1827/1790 1391/1391/1364 2055/2055/2007
f 1827/1827/1790 2056/2056/2008 2057/2057/2009
f 2058/2058/2010 2059/2059/2011 2060/2060/2012
f 2058/2058/2010 356/356/344 357/357/345
f 2058/2058/2010 2061/2061/2013 2059/2059/2011
f 2062/2062/2014 2063/2063/2015 2064/2064/2016
f 2058/2058/2010 357/357/345 2061/2061/2013
f 2062/2062/2014 2064/2064/2016 2065/2065/2017
f 566/566/554 574/574/562 1905/1905/1866
f 566/566/554 1905/1905/1866 1483/1483/1452
f 566/566/554 1483/1483/1452 567/567/555
f 2066/2066/2018 2067/2067/2019 1207/1207/1180
s 0
f 2068/2068/2020 2069/2069/2020 2070/2070/2020
s 1
f 2066/2066/2018 1207/1207/1180 1009/1009/989
f 2066/2066/2018 1009/1009/989 1008/1008/988
f 894/894/878 369/369/357 895/895/879
f 894/894/878 370/370/358 369/369/357
f 894/894/878 901/901/885 2071/2071/2021
f 894/894/878 2071/2071/2021 370/370/358
f 376/376/364 2072/2072/2022 377/377/365
f 381/381/369 380/380/368 2073/2073/2023
f 376/376/364 2074/2074/2024 2072/2072/2022
f 2075/2075/2025 2076/2076/2026 2077/2077/2027
f 2075/2075/2025 920/920/902 2078/2078/2028
f 2075/2075/2025 2077/2077/2027 2079/2079/2029
f 2075/2075/2025 2079/2079/2029 2080/2080/2030
f 2075/2075/2025 2078/2078/2028 2076/2076/2026
f 2075/2075/2025 2080/2080/2030 920/920/902
f 1761/1761/1724 2081/2081/2031 2082/2082/2032
f 1761/1761/1724 1762/1762/1725 2081/2081/2031
f 1761/1761/1724 2082/2082/2032 2083/2083/2033
f 1761/1761/1724 2083/2083/2033 7/7/7
f 2084/2084/2034 2085/2085/2035 1351/1351/1324
f 936/936/916 935/935/915 2086/2086/2036
f 932/932/912 2087/2087/2037 933/933/913
f 2084/2084/2034 1351/1351/1324 1350/1350/1323
f 2088/2088/2038 2089/2089/2039 2090/2090/2040
f 2088/2088/2038 459/459/447 462/462/450
f 2088/2088/2038 2091/2091/2041 2089/2089/2039
f 2088/2088/2038 2090/2090/2040 2092/2092/2042
f 2088/2088/2038 2092/2092/2042 459/459/447
f 2088/2088/2038 462/462/450 2091/2091/2041
f 1370/1370/1343 2051/2051/2003 2093/2093/2043
f 1370/1370/1343 2094/2094/2044 1067/1067/1047
f 1370/1370/1343 2093/2093/2043 2094/2094/2044
f 1265/1265/1238 1266/1266/1239 1780/1780/1743
f 1782/1782/1745 1383/1383/1356 54/54/54
s 0
f 2095/2095/2045 2096/2096/2045 2097/2097/2045
s 1
f 1272/1272/1245 2098/2098/2046 1473/1473/1442
f 1272/1272/1245 2099/2099/2047 2098/2098/2046
f 72/72/66 1286/1286/1259 73/73/67
f 72/72/66 75/75/69 1282/1282/1255
f 2100/2100/2048 571/571/559 2101/2101/2049
f 2100/2100/2048 572/572/560 571/571/559
f 2100/2100/2048 2101/2101/2049 2102/2102/2050
f 2103/2103/2051 1857/1857/1820 2104/2104/2052
f 2103/2103/2051 1858/1858/1821 1857/1857/1820
f 2105/2105/2053 1610/1610/1575 2106/2106/2054
f 2107/2107/2055 85/85/79 2108/2108/2056
f 2105/2105/2053 2106/2106/2054 1923/1923/1884
f 2107/2107/2055 2108/2108/2056 1606/1606/1571
f 2107/2107/2055 86/86/80 85/85/79
f 2105/2105/2053 1923/1923/1884 2109/2109/2057
f 1543/1543/1508 2110/2110/2058 1406/1406/1377
f 2111/2111/2059 2112/2112/2060 2113/2113/2061
f 2111/2111/2059 2113/2113/2061 2114/2114/2062
f 1543/1543/1508 1139/1139/1112 2115/2115/2063
f 2116/2116/2064 2117/2117/2065 2118/2118/2066
f 2116/2116/2064 992/992/972 996/996/976
f 2116/2116/2064 2118/2118/2066 2119/2119/2067
f 2116/2116/2064 2120/2120/2068 992/992/972
f 2116/2116/2064 996/996/976 2117/2117/2065
f 2121/2121/2069 117/117/111 112/112/106
f 736/736/724 1624/1624/1589 827/827/815
f 736/736/724 735/735/723 1624/1624/1589
f 871/871/859 746/746/734 749/749/737
f 871/871/859 2122/2122/2070 872/872/860
f 871/871/859 749/749/737 2122/2122/2070
s 0
f 2123/2123/2071 2124/2124/2071 2125/2125/2071
s 1
f 2126/2126/2072 2127/2127/2073 1913/1913/1874
f 2126/2126/2072 2128/2128/2074 2129/2129/2075
f 2126/2126/2072 2130/2130/2076 2128/2128/2074
f 2126/2126/2072 1913/1913/1874 2130/2130/2076
f 674/674/662 2131/2131/2077 2132/2132/2078
f 674/674/662 2132/2132/2078 675/675/663
f 2133/2133/2079 298/298/290 1050/1050/1030
f 2133/2133/2079 1222/1222/1195 298/298/290
f 2134/2134/2080 1033/1033/1013 412/412/400
f 2134/2134/2080 412/412/400 2135/2135/2081
f 2133/2133/2079 2136/2136/2082 1222/1222/1195
f 2133/2133/2079 1050/1050/1030 2137/2137/2083
f 759/759/747 2028/2028/1983 760/760/748
f 759/759/747 2138/2138/2084 2139/2139/2085
f 759/759/747 762/762/750 2138/2138/2084
f 759/759/747 2139/2139/2085 2028/2028/1983
f 1365/1365/1338 2140/2140/2086 1988/1988/1947
f 1365/1365/1338 1366/1366/1339 2141/2141/2087
f 1365/1365/1338 2141/2141/2087 2140/2140/2086
f 2142/2142/2088 2143/2143/2089 2144/2144/2090
f 2142/2142/2088 857/857/845 862/862/850
f 2142/2142/2088 2145/2145/2091 857/857/845
f 2142/2142/2088 2146/2146/2092 2143/2143/2089
f 2142/2142/2088 862/862/850 2146/2146/2092
f 2142/2142/2088 2144/2144/2090 2145/2145/2091
f 2147/2147/2093 1921/1921/1882 2148/2148/2094
f 2149/2149/2095 1711/1711/1674 2150/2150/2096
f 2147/2147/2093 2151/2151/2097 1921/1921/1882
f 2149/2149/2095 1712/1712/1675 1711/1711/1674
f 2149/2149/2095 2150/2150/2096 2152/2152/2098
f 2147/2147/2093 2148/2148/2094 2153/2153/2099
s 0
f 2154/2154/2100 2155/2155/2100 2156/2156/2100
s 1
f 1387/1387/1360 2157/2157/2101 1388/1388/1361
f 1387/1387/1360 1874/1874/1835 2157/2157/2101
f 2158/2158/2102 1089/1089/1065 1088/1088/1064
f 2158/2158/2102 979/979/959 2159/2159/2103
f 2158/2158/2102 1088/1088/1064 1190/1190/1163
f 2158/2158/2102 1190/1190/1163 980/980/960
f 2158/2158/2102 980/980/960 979/979/959
f 2158/2158/2102 2159/2159/2103 1089/1089/1065
f 808/808/796 2160/2160/2104 809/809/797
f 808/808/796 2161/2161/2105 2160/2160/2104
f 808/808/796 811/811/799 2162/2162/2106
f 808/808/796 2162/2162/2106 2161/2161/2105
f 2163/2163/2107 913/913/895 912/912/894
f 2163/2163/2107 2164/2164/2108 2165/2165/2109
f 2163/2163/2107 2165/2165/2109 2166/2166/2110
f 2163/2163/2107 2166/2166/2110 1749/1749/1712
f 2163/2163/2107 912/912/894 2164/2164/2108
f 2163/2163/2107 1749/1749/1712 913/913/895
f 2167/2167/2111 916/916/898 2168/2168/2112
f 2167/2167/2111 2169/2169/2113 919/919/901
f 2170/2170/2114 2171/2171/2115 600/600/588
f 2167/2167/2111 919/919/901 916/916/898
f 2170/2170/2114 179/179/171 2172/2172/2116
f 2170/2170/2114 600/600/588 179/179/171
f 2173/2173/2117 2174/2174/2118 2175/2175/2119
f 2173/2173/2117 2176/2176/2120 2177/2177/2121
f 2173/2173/2117 2175/2175/2119 2178/2178/2122
f 2173/2173/2117 2179/2179/2123 2174/2174/2118
f 2173/2173/2117 2177/2177/2121 2179/2179/2123
f 2173/2173/2117 2178/2178/2122 2176/2176/2120
f 2180/2180/2124 2181/2181/2125 2182/2182/2126
f 2180/2180/2124 2059/2059/2011 2181/2181/2125
f 2180/2180/2124 1159/1159/1132 1158/1158/1131
f 2180/2180/2124 1158/1158/1131 2059/2059/2011
f 2180/2180/2124 2182/2182/2126 1159/1159/1132
f 1441/1441/1412 1442/1442/1413 849/849/837
f 1441/1441/1412 849/849/837 2183/2183/2127
f 2184/2184/2128 2185/2185/2129 2186/2186/2130
f 2187/2187/2131 2188/2188/2132 1449/1449/1420
f 2184/2184/2128 1909/1909/1870 2189/2189/2133
f 2187/2187/2131 948/948/928 2188/2188/2132
f 2190/2190/2134 1450/1450/1421 2191/2191/2135
f 2184/2184/2128 2189/2189/2133 2185/2185/2129
f 2184/2184/2128 2192/2192/2136 1909/1909/1870
f 1854/1854/1817 1100/1100/1076 2193/2193/2137
f 950/950/930 2194/2194/2138 951/951/931
f 1463/1463/1434 2195/2195/2139 2196/2196/2140
f 1463/1463/1434 1081/1081/1057 2195/2195/2139
f 2197/2197/2141 2198/2198/2142 2199/2199/2143
f 2197/2197/2141 2199/2199/2143 2200/2200/2144
f 2201/2201/2145 2202/2202/2146 2203/2203/2147
f 2204/2204/2148 2205/2205/2149 2206/2206/2150
f 1661/1661/1624 1663/1663/1626 2207/2207/2151
f 2201/2201/2145 2208/2208/2152 2202/2202/2146
f 721/721/709 2209/2209/2153 2005/2005/1964
f 721/721/709 1869/1869/1830 722/722/710
f 720/720/708 1668/1668/1631 2210/2210/2154
f 721/721/709 2005/2005/1964 1869/1869/1830
f 2211/2211/2155 2212/2212/2155 2213/2213/2156
f 2214/2214/2157 1930/1930/1891 2215/2215/2158
f 2211/2211/2155 2216/2216/2159 2212/2212/2155
f 2214/2214/2157 487/487/475 2217/2217/2160
f 2214/2214/2157 2215/2215/2158 487/487/475
f 2214/2214/2157 2218/2218/2161 1930/1930/1891
f 1747/1747/1710 2219/2219/2162 995/995/975
f 1747/1747/1710 2220/2220/2163 2219/2219/2162
f 1747/1747/1710 2166/2166/2110 2220/2220/2163
f 1747/1747/1710 1749/1749/1712 2166/2166/2110
f 1747/1747/1710 995/995/975 990/990/970
f 1756/1756/1719 2221/2221/2164 2222/2222/2165
f 1756/1756/1719 2222/2222/2165 1757/1757/1720
f 1758/1758/1721 646/646/634 1422/1422/1393
f 1758/1758/1721 1422/1422/1393 1421/1421/1392
f 1715/1715/1678 1714/1714/1677 2223/2223/2166
f 191/191/183 2224/2224/2167 1192/1192/1165
f 191/191/183 1192/1192/1165 192/192/184
f 2225/2225/2168 2226/2226/2169 2227/2227/2170
f 2225/2225/2168 1579/1579/1544 2228/2228/2171
f 2225/2225/2168 1580/1580/1545 1579/1579/1544
f 2225/2225/2168 2228/2228/2171 2229/2229/2172
f 2230/2230/2173 2231/2231/2174 2232/2232/2175
f 2225/2225/2168 2227/2227/2170 1580/1580/1545
f 169/169/161 170/170/162 1525/1525/1490
f 2233/2233/2176 2234/2234/2177 1006/1006/986
f 2233/2233/2176 576/576/564 2234/2234/2177
f 2233/2233/2176 577/577/565 576/576/564
f 2233/2233/2176 1006/1006/986 2235/2235/2178
f 2233/2233/2176 2235/2235/2178 1448/1448/1419
f 2233/2233/2176 1448/1448/1419 577/577/565
f 369/369/357 372/372/360 2236/2236/2179
f 369/369/357 2236/2236/2179 895/895/879
f 2237/2237/2180 2238/2238/2181 594/594/582
f 2237/2237/2180 594/594/582 2239/2239/2182
f 2240/2240/2183 2241/2241/2184 2242/2242/2185
f 2243/2243/2186 1218/1218/1191 2244/2244/2187
f 2243/2243/2186 2245/2245/2188 1218/1218/1191
f 2237/2237/2180 2239/2239/2182 2246/2246/2189
f 1228/1228/1201 1594/1594/1559 2247/2247/2190
f 1228/1228/1201 2248/2248/2191 1229/1229/1202
f 1228/1228/1201 2247/2247/2190 2248/2248/2191
f 1234/1234/1207 2249/2249/2192 1137/1137/1110
f 1234/1234/1207 1137/1137/1110 1399/1399/1372
f 1234/1234/1207 1241/1241/1214 2249/2249/2192
f 1234/1234/1207 1399/1399/1372 1235/1235/1208
f 1244/1244/1217 406/406/394 2250/2250/2193
f 1244/1244/1217 2250/2250/2193 2251/2251/2194
f 1244/1244/1217 2251/2251/2194 1245/1245/1218
f 2252/2252/2195 1561/1561/1526 665/665/653
f 2252/2252/2195 1562/1562/1527 1561/1561/1526
f 1384/1384/1357 669/669/657 667/667/655
f 2253/2253/2196 2254/2254/2197 1333/1333/1306
f 2255/2255/2198 1658/1658/1621 1220/1220/1193
f 2253/2253/2196 1333/1333/1306 1268/1268/1241
f 2255/2255/2198 47/47/47 1658/1658/1621
f 2253/2253/2196 1268/1268/1241 1267/1267/1240
f 2256/2256/2199 2257/2257/2200 1150/1150/1123
f 2258/2258/2201 2259/2259/2202 2260/2260/2203
f 2256/2256/2199 1150/1150/1123 1346/1346/1319
f 2258/2258/2201 2261/2261/2204 2262/2262/2205
f 2258/2258/2201 2262/2262/2205 2259/2259/2202
f 2256/2256/2199 2064/2064/2016 2257/2257/2200
f 1105/1105/1081 1479/1479/1448 2263/2263/2206
f 1097/1097/1073 2232/2232/2175 1098/1098/1074
f 2264/2264/2207 2265/2265/2208 2227/2227/2170
f 1105/1105/1081 1102/1102/1078 1479/1479/1448
f 1097/1097/1073 2266/2266/2209 2232/2232/2175
f 2267/2267/2210 2268/2268/2211 2269/2269/2212
f 2267/2267/2210 2270/2270/2213 1667/1667/1630
f 2271/2271/2214 2272/2272/2215 1113/1113/1089
f 2267/2267/2210 2269/2269/2212 2273/2273/2216
f 2267/2267/2210 1666/1666/1629 2268/2268/2211
f 2267/2267/2210 1667/1667/1630 1666/1666/1629
f 2274/2274/2217 2275/2275/2218 2055/2055/2007
f 2274/2274/2217 2055/2055/2007 2276/2276/2219
f 1533/1533/1498 2277/2277/2220 259/259/251
f 1533/1533/1498 1536/1536/1501 2278/2278/2221
f 2279/2279/2222 2280/2280/2223 2281/2281/2224
f 591/591/579 1308/1308/1281 2282/2282/2225
f 591/591/579 596/596/584 1309/1309/1282
f 591/591/579 2282/2282/2225 592/592/580
f 591/591/579 1309/1309/1282 1308/1308/1281
f 2283/2283/2226 2009/2009/1968 2284/2284/2227
s 0
f 2285/2285/2228 2286/2286/2228 2287/2287/2228
s 1
f 1317/1317/1290 2288/2288/2229 1318/1318/1291
f 2289/2289/2230 655/655/643 1769/1769/1732
f 1328/1328/1301 1772/1772/1735 2012/2012/1971
f 2289/2289/2230 1552/1552/1517 655/655/643
f 184/184/176 2290/2290/2231 2053/2053/2005
f 184/184/176 188/188/180 2290/2290/2231
f 1171/1171/1144 1174/1174/1147 1706/1706/1669
f 1171/1171/1144 1810/1810/1773 1172/1172/1145
f 1171/1171/1144 1706/1706/1669 1810/1810/1773
f 1340/1340/1313 2291/2291/2232 1341/1341/1314
f 1340/1340/1313 1342/1342/1315 1504/1504/1469
f 1340/1340/1313 1504/1504/1469 1503/1503/1468
f 1340/1340/1313 1503/1503/1468 2291/2291/2232
f 294/294/286 2292/2292/2233 2293/2293/2234
f 285/285/277 1275/1275/1248 286/286/278
f 285/285/277 1276/1276/1249 1275/1275/1248
f 294/294/286 293/293/285 2292/2292/2233
f 676/676/664 675/675/663 2294/2294/2235
f 676/676/664 2295/2295/2236 955/955/935
f 676/676/664 955/955/935 677/677/665
f 676/676/664 2294/2294/2235 2295/2295/2236
f 2296/2296/2237 2297/2297/2238 87/87/81
f 2298/2298/2239 2268/2268/2211 1666/1666/1629
f 2298/2298/2239 1666/1666/1629 723/723/711
f 2298/2298/2239 2299/2299/2240 2268/2268/2211
f 1669/1669/1632 1534/1534/1499 262/262/254
f 1669/1669/1632 262/262/254 1794/1794/1757
f 1674/1674/1637 104/104/98 1434/1434/1405
f 1674/1674/1637 2300/2300/2241 106/106/100
f 1674/1674/1637 106/106/100 104/104/98
f 1674/1674/1637 1434/1434/1405 1675/1675/1638
f 272/272/264 2301/2301/2242 1537/1537/1502
f 272/272/264 276/276/268 2302/2302/2243
f 272/272/264 2302/2302/2243 2301/2301/2242
f 2303/2303/2244 2304/2304/2245 2305/2305/2246
f 2306/2306/2247 2307/2307/2248 2308/2308/2249
f 2306/2306/2247 1320/1320/1293 1545/1545/1510
f 2306/2306/2247 1545/1545/1510 2307/2307/2248
f 2303/2303/2244 1981/1981/1940 2304/2304/2245
f 2309/2309/2250 937/937/917 939/939/919
f 2309/2309/2250 2310/2310/2251 937/937/917
f 831/831/819 834/834/822 2311/2311/2252
f 1881/1881/1842 2312/2312/2253 2023/2023/1978
f 1881/1881/1842 1882/1882/1843 2312/2312/2253
f 1881/1881/1842 1662/1662/1625 701/701/689
f 1881/1881/1842 2023/2023/1978 1662/1662/1625
f 39/39/39 41/41/41 2313/2313/2254
f 2314/2314/2255 1894/1894/1855 545/545/533
f 2314/2314/2255 545/545/533 2315/2315/2256
f 2314/2314/2255 2316/2316/2257 2317/2317/2258
f 2314/2314/2255 1941/1941/1902 1894/1894/1855
f 2314/2314/2255 2317/2317/2258 1941/1941/1902
f 2314/2314/2255 2315/2315/2256 2316/2316/2257
f 2318/2318/2259 203/203/195 198/198/190
f 2318/2318/2259 732/732/720 349/349/337
f 2318/2318/2259 2319/2319/2260 732/732/720
f 2318/2318/2259 348/348/336 203/203/195
f 2318/2318/2259 198/198/190 2319/2319/2260
f 2318/2318/2259 349/349/337 348/348/336
f 2320/2320/2261 854/854/842 860/860/848
f 2320/2320/2261 2321/2321/2262 2061/2061/2013
f 2320/2320/2261 860/860/848 2321/2321/2262
f 2320/2320/2261 353/353/341 854/854/842
f 2320/2320/2261 2061/2061/2013 357/357/345
f 2320/2320/2261 357/357/345 353/353/341
f 2322/2322/2263 1005/1005/985 365/365/353
f 1908/1908/1869 1909/1909/1870 2192/2192/2136
f 2322/2322/2263 2235/2235/2178 1005/1005/985
f 2322/2322/2263 2191/2191/2135 2235/2235/2178
f 2323/2323/2264 2324/2324/2265 2325/2325/2266
f 2323/2323/2264 1211/1211/1184 2326/2326/2267
f 2323/2323/2264 2327/2327/2268 1211/1211/1184
f 2323/2323/2264 2325/2325/2266 2328/2328/2269
f 2323/2323/2264 2326/2326/2267 2324/2324/2265
f 2323/2323/2264 2328/2328/2269 2327/2327/2268
f 1217/1217/1190 1349/1349/1322 1218/1218/1191
f 1217/1217/1190 2329/2329/2270 2135/2135/2081
f 1217/1217/1190 2135/2135/2081 1349/1349/1322
f 2330/2330/2271 1780/1780/1743 697/697/685
f 1229/1229/1202 2248/2248/2191 2331/2331/2272
f 1229/1229/1202 2332/2332/2273 1230/1230/1203
f 2333/2333/2274 2334/2334/2275 2335/2335/2276
f 2333/2333/2274 2336/2336/2277 2337/2337/2278
f 2249/2249/2192 1140/1140/1113 1137/1137/1110
f 2333/2333/2274 2337/2337/2278 2334/2334/2275
f 1247/1247/1220 612/612/600 1805/1805/1768
f 1247/1247/1220 613/613/601 612/612/600
f 1249/1249/1222 1252/1252/1225 2338/2338/2279
f 864/864/852 2339/2339/2280 792/792/780
s 0
f 2340/2340/2281 2341/2341/2281 2342/2342/2281
s 1
f 1886/1886/1847 1936/1936/1897 2343/2343/2282
f 1886/1886/1847 2343/2343/2282 1887/1887/1848
f 2344/2344/2283 1314/1314/1287 1425/1425/1396
f 2345/2345/2284 2346/2346/2285 2347/2347/2286
f 2348/2348/2287 2079/2079/2029 2349/2349/2288
f 2348/2348/2287 2350/2350/2289 2079/2079/2029
f 2345/2345/2284 2351/2351/2290 2352/2352/2291
f 2345/2345/2284 2352/2352/2291 2346/2346/2285
f 1302/1302/1275 1304/1304/1277 1432/1432/1403
f 1302/1302/1275 1434/1434/1405 104/104/98
f 2353/2353/2292 2354/2354/2293 1767/1767/1730
f 2355/2355/2294 2356/2356/2295 2357/2357/2296
f 2353/2353/2292 1766/1766/1729 2358/2358/2297
f 2353/2353/2292 1767/1767/1730 1766/1766/1729
f 2355/2355/2294 2359/2359/2298 2356/2356/2295
f 2360/2360/2299 2188/2188/2132 943/943/923
f 2360/2360/2299 1444/1444/1415 2188/2188/2132
f 2360/2360/2299 943/943/923 1639/1639/1602
f 2360/2360/2299 2361/2361/2300 2362/2362/2301
f 2360/2360/2299 2362/2362/2301 1444/1444/1415
f 2360/2360/2299 1639/1639/1602 2361/2361/2300
f 2363/2363/2302 315/315/307 2364/2364/2303
f 2365/2365/2304 951/951/931 2194/2194/2138
f 2365/2365/2304 2366/2366/2305 2367/2367/2306
f 2363/2363/2302 1775/1775/1738 315/315/307
f 2363/2363/2302 2368/2368/2307 1775/1775/1738
f 2365/2365/2304 2367/2367/2306 951/951/931
f 2369/2369/2308 2370/2370/2308 2371/2371/2309
f 2369/2369/2308 2372/2372/2310 2370/2370/2308
f 1466/1466/1437 1469/1469/1440 2373/2373/2311
s 0
f 2374/2374/2312 2375/2375/2312 2376/2376/2312
s 1
f 1473/1473/1442 2377/2377/2313 1474/1474/1443
f 1473/1473/1442 2098/2098/2046 2378/2378/2314
f 1473/1473/1442 2378/2378/2314 2377/2377/2313
f 256/256/248 255/255/247 506/506/494
f 256/256/248 1484/1484/1453 2379/2379/2315
f 2380/2380/2316 1927/1927/1888 2381/2381/2317
f 2380/2380/2316 96/96/90 95/95/89
f 2380/2380/2316 95/95/89 1928/1928/1889
f 2380/2380/2316 1928/1928/1889 1927/1927/1888
f 1496/1496/1461 2382/2382/2318 1866/1866/1827
f 1496/1496/1461 2301/2301/2242 2302/2302/2243
f 1496/1496/1461 1498/1498/1463 2301/2301/2242
f 1496/1496/1461 1866/1866/1827 1497/1497/1462
f 1496/1496/1461 2302/2302/2243 2382/2382/2318
f 119/119/113 124/124/116 2383/2383/2319
f 119/119/113 2383/2383/2319 1915/1915/1876
f 1347/1347/1320 131/131/123 1975/1975/1934
f 1345/1345/1318 2384/2384/2320 1346/1346/1319
f 1347/1347/1320 134/134/126 131/131/123
f 1345/1345/1318 2385/2385/2321 2384/2384/2320
f 2386/2386/2322 2387/2387/2323 2388/2388/2324
f 2389/2389/2325 587/587/575 586/586/574
f 2390/2390/2326 2391/2391/2327 143/143/135
f 2389/2389/2325 141/141/133 587/587/575
f 2386/2386/2322 2388/2388/2324 2231/2231/2174
f 2386/2386/2322 2231/2231/2174 2392/2392/2328
f 411/411/399 1349/1349/1322 2135/2135/2081
f 411/411/399 2135/2135/2081 412/412/400
f 1708/1708/1671 2393/2393/2329 1709/1709/1672
f 1812/1812/1775 1815/1815/1778 2394/2394/2330
f 1818/1818/1781 2356/2356/2295 2359/2359/2298
f 1818/1818/1781 1821/1821/1784 1951/1951/1910
f 1818/1818/1781 1951/1951/1910 2356/2356/2295
f 1818/1818/1781 2359/2359/2298 1819/1819/1782
f 2053/2053/2005 2290/2290/2231 2395/2395/2331
f 2053/2053/2005 2396/2396/2332 2054/2054/2006
f 2053/2053/2005 2395/2395/2331 2396/2396/2332
f 2397/2397/2333 345/345/333 2398/2398/2334
s 0
f 2399/2399/2335 2400/2400/2335 2401/2401/2335
s 1
f 2402/2402/2336 979/979/959 2403/2403/2337
f 2402/2402/2336 2159/2159/2103 979/979/959
f 2402/2402/2336 2404/2404/2338 2405/2405/2339
f 2402/2402/2336 2403/2403/2337 2404/2404/2338
f 2402/2402/2336 2405/2405/2339 2159/2159/2103
f 1129/1129/1102 2406/2406/2340 2407/2407/2341
f 1129/1129/1102 1132/1132/1105 2406/2406/2340
f 1129/1129/1102 2408/2408/2342 1130/1130/1103
f 1129/1129/1102 2407/2407/2341 2408/2408/2342
f 1109/1109/1085 2409/2409/2343 2410/2410/2344
f 2411/2411/2345 899/899/883 2412/2412/2346
f 1109/1109/1085 1114/1114/1090 2413/2413/2347
f 1109/1109/1085 2410/2410/2344 1110/1110/1086
f 2411/2411/2345 1291/1291/1264 899/899/883
f 1846/1846/1809 236/236/228 817/817/805
f 1846/1846/1809 2414/2414/2348 236/236/228
f 1846/1846/1809 1506/1506/1471 1508/1508/1473
f 1846/1846/1809 1508/1508/1473 2414/2414/2348
f 2415/2415/2349 644/644/632 2416/2416/2350
f 917/917/899 920/920/902 2080/2080/2030
f 2415/2415/2349 2416/2416/2350 2417/2417/2351
f 917/917/899 2080/2080/2030 2418/2418/2352
f 1629/1629/1594 2419/2419/2353 1630/1630/1595
f 2086/2086/2036 935/935/915 1436/1436/1407
f 2086/2086/2036 1436/1436/1407 1440/1440/1411
f 2420/2420/2354 1438/1438/1409 2421/2421/2355
f 2420/2420/2354 2421/2421/2355 2422/2422/2356
f 2423/2423/2357 2424/2424/2358 1057/1057/1037
f 2423/2423/2357 1704/1704/1667 2425/2425/2359
s 0
f 2426/2426/2360 2427/2427/2360 2428/2428/2360
s 1
f 2429/2429/2361 2002/2002/1961 2430/2430/2362
f 2423/2423/2357 1057/1057/1037 1704/1704/1667
s 0
f 2431/2431/2363 2432/2432/2363 2433/2433/2363
s 1
f 2434/2434/2364 2435/2435/2365 2436/2436/2366
f 2434/2434/2364 2437/2437/2367 2435/2435/2365
f 2438/2438/2368 2439/2439/2369 2440/2440/2370
f 2434/2434/2364 2441/2441/2371 2437/2437/2367
f 2442/2442/2372 2443/2443/2373 2444/2444/2374
f 2442/2442/2372 954/954/934 952/952/932
f 2442/2442/2372 952/952/932 2445/2445/2375
f 2442/2442/2372 2446/2446/2376 2443/2443/2373
f 2442/2442/2372 2445/2445/2375 2446/2446/2376
f 2442/2442/2372 2444/2444/2374 954/954/934
f 959/959/939 1915/1915/1876 2383/2383/2319
f 959/959/939 958/958/938 1915/1915/1876
f 959/959/939 2383/2383/2319 1568/1568/1533
f 2447/2447/2377 2448/2448/2378 308/308/300
f 2447/2447/2377 304/304/296 705/705/693
f 961/961/941 2449/2449/2379 962/962/942
f 2447/2447/2377 308/308/300 304/304/296
f 973/973/953 2450/2450/2380 715/715/703
f 973/973/953 972/972/952 2450/2450/2380
f 1189/1189/1162 2451/2451/2381 982/982/962
f 1189/1189/1162 2452/2452/2382 2451/2451/2381
f 1189/1189/1162 980/980/960 1190/1190/1163
f 1189/1189/1162 1195/1195/1168 2452/2452/2382
f 1189/1189/1162 982/982/962 980/980/960
f 2453/2453/2383 2109/2109/2057 1059/1059/1039
f 2453/2453/2383 1059/1059/1039 1058/1058/1038
f 2454/2454/2384 2114/2114/2062 2113/2113/2061
f 2454/2454/2384 2113/2113/2061 776/776/764
f 2454/2454/2384 489/489/477 2114/2114/2062
f 2454/2454/2384 776/776/764 1898/1898/1859
f 2454/2454/2384 1898/1898/1859 490/490/478
f 2454/2454/2384 490/490/478 489/489/477
f 2455/2455/2385 2117/2117/2065 2456/2456/2386
f 2455/2455/2385 2457/2457/2387 2118/2118/2066
f 2455/2455/2385 2118/2118/2066 2117/2117/2065
f 1684/1684/1647 1689/1689/1652 2458/2458/2388
f 2459/2459/2389 388/388/376 391/391/379
f 2460/2460/2390 738/738/726 2040/2040/1995
f 2459/2459/2389 1694/1694/1657 2461/2461/2391
f 2459/2459/2389 391/391/379 2462/2462/2392
f 2459/2459/2389 2463/2463/2393 388/388/376
f 2459/2459/2389 2462/2462/2392 1694/1694/1657
f 2464/2464/2394 140/140/132 144/144/136
f 2464/2464/2394 589/589/577 140/140/132
f 2464/2464/2394 2465/2465/2395 589/589/577
f 846/846/834 1647/1647/1610 431/431/419
f 846/846/834 431/431/419 427/427/415
f 846/846/834 850/850/838 2466/2466/2396
f 846/846/834 2466/2466/2396 1647/1647/1610
f 2046/2046/2001 2467/2467/2397 2047/2047/2002
f 2046/2046/2001 157/157/149 2468/2468/2398
f 2046/2046/2001 2189/2189/2133 2467/2467/2397
f 2046/2046/2001 2468/2468/2398 2189/2189/2133
f 854/854/842 1205/1205/1178 855/855/843
f 854/854/842 353/353/341 1205/1205/1178
f 791/791/779 2469/2469/2399 865/865/853
f 791/791/779 790/790/778 2469/2469/2399
f 2470/2470/2400 2471/2471/2401 2472/2472/2402
f 2470/2470/2400 2473/2473/2403 2471/2471/2401
f 2474/2474/2404 482/482/470 1899/1899/1860
f 567/567/555 1483/1483/1452 1485/1485/1454
f 569/569/557 2475/2475/2405 570/570/558
f 567/567/555 1485/1485/1454 2476/2476/2406
f 1733/1733/1696 2161/2161/2105 580/580/568
f 1733/1733/1696 306/306/298 309/309/301
f 1733/1733/1696 1734/1734/1697 2161/2161/2105
f 1733/1733/1696 580/580/568 306/306/298
f 1293/1293/1266 1290/1290/1263 2477/2477/2407
f 1754/1754/1717 907/907/889 909/909/891
f 1754/1754/1717 909/909/891 2478/2478/2408
f 1754/1754/1717 1752/1752/1715 238/238/230
f 1754/1754/1717 238/238/230 907/907/889
f 1500/1500/1465 2479/2479/2409 2480/2480/2410
f 2481/2481/2411 2482/2482/2412 2483/2483/2413
f 1500/1500/1465 2480/2480/2410 2484/2484/2414
f 1500/1500/1465 2484/2484/2414 445/445/433
f 1089/1089/1065 2159/2159/2103 2405/2405/2339
f 1089/1089/1065 2485/2485/2415 1090/1090/1066
f 1454/1454/1425 1104/1104/1080 1103/1103/1079
f 1454/1454/1425 1453/1453/1424 2486/2486/2416
f 1454/1454/1425 1103/1103/1079 1455/1455/1426
f 1454/1454/1425 2486/2486/2416 1104/1104/1080
f 2487/2487/2417 473/473/461 2488/2488/2418
f 2487/2487/2417 474/474/462 473/473/461
f 2487/2487/2417 1668/1668/1631 1667/1667/1630
f 2489/2489/2419 2490/2490/2420 477/477/465
f 2487/2487/2417 2488/2488/2418 1668/1668/1631
f 2281/2281/2224 1672/1672/1635 732/732/720
f 2281/2281/2224 732/732/720 2319/2319/2260
f 2275/2275/2218 2491/2491/2421 2055/2055/2007
f 2281/2281/2224 2280/2280/2223 1672/1672/1635
f 2238/2238/2181 2492/2492/2422 595/595/583
f 2244/2244/2187 1218/1218/1191 1352/1352/1325
f 2238/2238/2181 595/595/583 594/594/582
f 2244/2244/2187 1352/1352/1325 2493/2493/2423
f 1607/1607/1572 1606/1606/1571 2108/2108/2056
f 1607/1607/1572 2108/2108/2056 2494/2494/2424
f 1607/1607/1572 2494/2494/2424 2495/2495/2425
f 1544/1544/1509 1814/1814/1777 2496/2496/2426
f 1544/1544/1509 2307/2307/2248 1545/1545/1510
f 1544/1544/1509 2496/2496/2426 2307/2307/2248
f 522/522/510 1555/1555/1520 523/523/511
f 20/20/20 2497/2497/2427 1563/1563/1528
f 20/20/20 1563/1563/1528 2498/2498/2428
f 20/20/20 25/25/25 2497/2497/2427
f 20/20/20 2498/2498/2428 21/21/21
f 2127/2127/2073 231/231/223 229/229/221
f 678/678/666 679/679/667 2499/2499/2429
f 2127/2127/2073 229/229/221 1913/1913/1874
f 682/682/670 2036/2036/1991 683/683/671
f 1893/1893/1854 2500/2500/2430 2501/2501/2431
f 1893/1893/1854 2501/2501/2431 1574/1574/1539
f 1893/1893/1854 1895/1895/1856 2500/2500/2430
f 1893/1893/1854 1574/1574/1539 543/543/531
f 997/997/977 1585/1585/1550 998/998/978
f 1720/1720/1683 1942/1942/1903 2502/2502/2432
f 559/559/547 558/558/546 2503/2503/2433
f 559/559/547 2503/2503/2433 1002/1002/982
f 2234/2234/2177 576/576/564 2504/2504/2434
f 2234/2234/2177 1007/1007/987 1006/1006/986
f 2234/2234/2177 2505/2505/2435 1007/1007/987
f 2506/2506/2436 2162/2162/2106 811/811/799
f 2507/2507/2437 843/843/831 842/842/830
f 2507/2507/2437 842/842/830 2508/2508/2438
f 2507/2507/2437 1675/1675/1638 1434/1434/1405
f 2507/2507/2437 2508/2508/2438 1675/1675/1638
f 2507/2507/2437 1434/1434/1405 1431/1431/1402
f 2507/2507/2437 1431/1431/1402 843/843/831
f 2509/2509/2439 2510/2510/2440 495/495/483
f 2511/2511/2441 2051/2051/2003 2052/2052/2004
f 2511/2511/2441 2512/2512/2442 2051/2051/2003
f 2511/2511/2441 2052/2052/2004 2513/2513/2443
f 2509/2509/2439 2514/2514/2444 2510/2510/2440
f 2509/2509/2439 495/495/483 1010/1010/990
f 1014/1014/994 2406/2406/2340 2515/2515/2445
f 2516/2516/2446 1799/1799/1762 1802/1802/1765
f 1014/1014/994 505/505/493 2406/2406/2340
s 0
f 2517/2517/2447 2518/2518/2447 2519/2519/2447
s 1
f 1597/1597/1562 2520/2520/2448 69/69/63
f 1597/1597/1562 69/69/63 68/68/62
f 2521/2521/2449 742/742/730 741/741/729
f 609/609/597 2522/2522/2450 1701/1701/1664
f 609/609/597 1701/1701/1664 610/610/598
f 609/609/597 1024/1024/1004 2522/2522/2450
f 1921/1921/1882 2151/2151/2097 1922/1922/1883
f 1921/1921/1882 2106/2106/2054 2148/2148/2094
f 1921/1921/1882 1923/1923/1884 2106/2106/2054
f 2523/2523/2451 115/115/109 1620/1620/1585
s 0
f 2524/2524/2452 2525/2525/2452 2526/2526/2452
s 1
f 2523/2523/2451 1620/1620/1585 2527/2527/2453
f 2523/2523/2451 2528/2528/2454 115/115/109
f 2500/2500/2430 1940/1940/1901 2529/2529/2455
f 2500/2500/2430 1895/1895/1856 1940/1940/1901
f 2500/2500/2430 2529/2529/2455 1759/1759/1722
f 2500/2500/2430 1759/1759/1722 2501/2501/2431
f 1896/1896/1857 772/772/760 2530/2530/2456
f 1896/1896/1857 2530/2530/2456 1522/1522/1487
f 1896/1896/1857 1522/1522/1487 550/550/538
f 1896/1896/1857 773/773/761 772/772/760
f 2531/2531/2457 2532/2532/2458 2533/2533/2459
s 0
f 2534/2534/2460 2535/2535/2460 2536/2536/2460
s 1
f 2531/2531/2457 2017/2017/1974 2537/2537/2461
f 2531/2531/2457 2533/2533/2459 2017/2017/1974
f 571/571/559 570/570/558 2101/2101/2049
f 2538/2538/2462 580/580/568 2162/2162/2106
f 370/370/358 2539/2539/2463 371/371/359
f 370/370/358 2071/2071/2021 2539/2539/2463
f 594/594/582 597/597/585 2540/2540/2464
f 594/594/582 2540/2540/2464 2239/2239/2182
f 185/185/177 179/179/171 600/600/588
f 2541/2541/2465 2542/2542/2466 1377/1377/1350
f 2541/2541/2465 2543/2543/2467 2544/2544/2468
f 2541/2541/2465 1377/1377/1350 2543/2543/2467
f 615/615/603 2545/2545/2469 616/616/604
f 1925/1925/1886 1988/1988/1947 2546/2546/2470
f 639/639/627 638/638/626 2343/2343/2282
f 639/639/627 1936/1936/1897 1619/1619/1584
f 639/639/627 2343/2343/2282 1936/1936/1897
f 2195/2195/2139 1081/1081/1057 2547/2547/2471
f 2548/2548/2472 1411/1411/1382 2549/2549/2473
f 2548/2548/2472 1412/1412/1383 1411/1411/1382
f 2548/2548/2472 2550/2550/2474 1412/1412/1383
f 2551/2551/2475 708/708/696 2552/2552/2476
f 2551/2551/2475 2553/2553/2477 2554/2554/2478
f 2555/2555/2479 1518/1518/1483 966/966/946
f 2555/2555/2479 962/962/942 2556/2556/2480
f 2551/2551/2475 2552/2552/2476 2553/2553/2477
f 2555/2555/2479 966/966/946 962/962/942
f 2557/2557/2481 2558/2558/2482 2559/2559/2483
f 2557/2557/2481 2559/2559/2483 2560/2560/2484
f 466/466/454 2561/2561/2485 1856/1856/1819
f 466/466/454 983/983/963 2561/2561/2485
f 223/223/215 477/477/465 2490/2490/2420
f 223/223/215 2490/2490/2420 224/224/216
f 2055/2055/2007 1391/1391/1364 1121/1121/1094
f 2055/2055/2007 2491/2491/2421 1828/1828/1791
f 2055/2055/2007 1121/1121/1094 2276/2276/2219
f 13/13/13 1765/1765/1728 14/14/14
f 13/13/13 1766/1766/1729 1765/1765/1728
f 13/13/13 18/18/18 2358/2358/2297
f 13/13/13 2358/2358/2297 1766/1766/1729
f 2406/2406/2340 1132/1132/1105 2515/2515/2445
f 2406/2406/2340 505/505/493 2407/2407/2341
f 516/516/504 2562/2562/2486 1546/1546/1511
f 516/516/504 519/519/507 2562/2562/2486
f 1152/1152/1125 525/525/513 134/134/126
f 1161/1161/1134 1156/1156/1129 2563/2563/2487
f 1161/1161/1134 2563/2563/2487 1553/1553/1518
f 2564/2564/2488 2437/2437/2367 2441/2441/2371
f 2377/2377/2313 2565/2565/2489 1474/1474/1443
f 2564/2564/2488 2566/2566/2490 2437/2437/2367
f 2377/2377/2313 2567/2567/2491 2565/2565/2489
f 2027/2027/1982 2043/2043/1998 761/761/749
f 30/30/30 33/33/33 2568/2568/2492
f 2291/2291/2232 822/822/810 1336/1336/1309
f 2291/2291/2232 1181/1181/1154 1341/1341/1314
f 2291/2291/2232 1336/1336/1309 1181/1181/1154
f 2291/2291/2232 1503/1503/1468 822/822/810
f 1595/1595/1560 1232/1232/1205 2569/2569/2493
f 833/833/821 835/835/823 2570/2570/2494
f 2292/2292/2233 2571/2571/2495 2293/2293/2234
f 753/753/741 2572/2572/2496 754/754/742
f 753/753/741 2573/2573/2497 2572/2572/2496
f 753/753/741 1702/1702/1665 2573/2573/2497
f 753/753/741 755/755/743 1702/1702/1665
f 1704/1704/1667 1057/1057/1037 1056/1056/1036
f 1704/1704/1667 151/151/143 2425/2425/2359
f 764/764/752 767/767/755 160/160/152
f 782/782/770 2574/2574/2498 783/783/771
f 787/787/775 780/780/768 2575/2575/2499
f 782/782/770 859/859/847 2574/2574/2498
f 787/787/775 2575/2575/2499 861/861/849
f 2576/2576/2500 2057/2057/2009 2056/2056/2008
f 2450/2450/2380 712/712/700 715/715/703
f 2576/2576/2500 2577/2577/2501 2057/2057/2009
f 2576/2576/2500 2056/2056/2008 2578/2578/2502
f 2579/2579/2503 892/892/876 221/221/213
f 2580/2580/2504 214/214/206 1959/1959/1918
f 2580/2580/2504 218/218/210 214/214/206
f 2580/2580/2504 1959/1959/1918 2581/2581/2505
f 907/907/889 238/238/230 237/237/229
f 916/916/898 1625/1625/1590 2168/2168/2112
f 1138/1138/1111 1028/1028/1008 1428/1428/1399
f 1138/1138/1111 1428/1428/1399 1139/1139/1112
f 2419/2419/2353 2582/2582/2506 1630/1630/1595
f 1762/1762/1725 1763/1763/1726 2583/2583/2507
f 655/655/643 1552/1552/1517 656/656/644
f 655/655/643 660/660/648 1769/1769/1732
f 2185/2185/2129 2189/2189/2133 2468/2468/2398
f 945/945/925 2584/2584/2508 766/766/754
f 675/675/663 2132/2132/2078 2294/2294/2235
f 684/684/672 2585/2585/2509 2102/2102/2050
f 684/684/672 2101/2101/2049 685/685/673
f 684/684/672 2102/2102/2050 2101/2101/2049
f 684/684/672 683/683/671 2585/2585/2509
f 2586/2586/2510 1916/1916/1877 1967/1967/1926
f 1084/1084/1060 387/387/375 1917/1917/1878
f 2587/2587/2511 2547/2547/2471 1081/1081/1057
f 2588/2588/2512 1966/1966/1925 2550/2550/2474
f 710/710/698 2589/2589/2513 711/711/699
f 710/710/698 800/800/788 2589/2589/2513
f 710/710/698 713/713/701 801/801/789
f 710/710/698 801/801/789 800/800/788
f 2297/2297/2238 84/84/78 87/87/81
f 2297/2297/2238 2590/2590/2514 84/84/78
f 726/726/714 1795/1795/1758 727/727/715
f 828/828/816 829/829/817 2482/2482/2412
f 524/524/512 523/523/511 748/748/736
f 524/524/512 748/748/736 745/745/733
f 2510/2510/2440 499/499/487 495/495/483
f 15/15/15 17/17/17 1539/1539/1504
f 1361/1361/1334 1360/1360/1333 1056/1056/1036
f 1256/1256/1229 1062/1062/1042 2393/2393/2329
f 1256/1256/1229 1063/1063/1043 1062/1062/1042
f 1254/1254/1227 2591/2591/2515 1144/1144/1117
f 1254/1254/1227 2394/2394/2330 2591/2591/2515
f 170/170/162 2592/2592/2516 1525/1525/1490
f 170/170/162 176/176/168 2592/2592/2516
f 1711/1711/1674 1576/1576/1541 794/794/782
f 1711/1711/1674 794/794/782 2150/2150/2096
f 1829/1829/1792 1830/1830/1793 2593/2593/2517
f 1829/1829/1792 2594/2594/2518 2056/2056/2008
f 1829/1829/1792 2593/2593/2517 2594/2594/2518
f 2595/2595/2519 1833/1833/1796 2596/2596/2520
f 2595/2595/2519 2597/2597/2521 1834/1834/1797
f 2595/2595/2519 2596/2596/2520 2597/2597/2521
f 2595/2595/2519 1834/1834/1797 1833/1833/1796
f 213/213/205 1958/1958/1917 214/214/206
f 213/213/205 1565/1565/1530 1958/1958/1917
f 2499/2499/2429 679/679/667 2598/2598/2522
f 2599/2599/2523 2600/2600/2524 479/479/467
f 1220/1220/1193 1658/1658/1621 1221/1221/1194
f 2601/2601/2525 2242/2242/2185 1332/1332/1305
f 1314/1314/1287 1313/1313/1286 1425/1425/1396
f 2349/2349/2288 2079/2079/2029 2077/2077/2027
f 2009/2009/1968 1582/1582/1547 2284/2284/2227
f 2009/2009/1968 136/136/128 1583/1583/1548
f 2009/2009/1968 1583/1583/1548 1582/1582/1547
f 935/935/915 937/937/917 1436/1436/1407
f 2188/2188/2132 1444/1444/1415 1449/1449/1420
f 2188/2188/2132 948/948/928 943/943/923
f 1520/1520/1485 1649/1649/1612 1521/1521/1486
f 1520/1520/1485 1523/1523/1488 2602/2602/2526
f 2603/2603/2527 2604/2604/2528 1460/1460/1431
f 2605/2605/2529 2606/2606/2530 2540/2540/2464
f 2603/2603/2527 1460/1460/1431 2607/2607/2531
f 2605/2605/2529 2540/2540/2464 2608/2608/2532
f 2609/2609/2533 2610/2610/2534 2611/2611/2535
f 2612/2612/2536 2613/2613/2537 1166/1166/1139
f 2609/2609/2533 2611/2611/2535 2205/2205/2149
f 2612/2612/2536 1166/1166/1139 1165/1165/1138
f 80/80/74 79/79/73 714/714/702
f 80/80/74 714/714/702 711/711/699
f 80/80/74 2614/2614/2538 2615/2615/2539
f 80/80/74 711/711/699 2614/2614/2538
f 1856/1856/1819 2561/2561/2485 2104/2104/2052
f 1856/1856/1819 2104/2104/2052 1857/1857/1820
f 2616/2616/2540 84/84/78 2590/2590/2514
f 2616/2616/2540 85/85/79 84/84/78
f 2616/2616/2540 2108/2108/2056 85/85/79
f 2616/2616/2540 2494/2494/2424 2108/2108/2056
f 2616/2616/2540 2590/2590/2514 2617/2617/2541
f 2616/2616/2540 2617/2617/2541 2494/2494/2424
f 2618/2618/2542 2619/2619/2543 2620/2620/2544
f 1953/1953/1912 1958/1958/1917 1565/1565/1530
f 1953/1953/1912 1565/1565/1530 2621/2621/2545
f 2618/2618/2542 2620/2620/2544 2622/2622/2546
f 105/105/99 107/107/101 2623/2623/2547
f 2624/2624/2548 2625/2625/2549 2626/2626/2550
f 115/115/109 114/114/108 1621/1621/1586
f 115/115/109 1621/1621/1586 1620/1620/1585
f 241/241/233 245/245/237 2627/2627/2551
f 241/241/233 2627/2627/2551 1184/1184/1157
f 2628/2628/2552 2629/2629/2553 2630/2630/2554
f 2628/2628/2552 449/449/437 2208/2208/2152
f 2628/2628/2552 2630/2630/2554 881/881/867
f 2628/2628/2552 2208/2208/2152 2629/2629/2553
f 2628/2628/2552 1851/1851/1814 449/449/437
f 2628/2628/2552 881/881/867 1851/1851/1814
f 927/927/907 2631/2631/2555 2471/2471/2401
f 927/927/907 2471/2471/2401 928/928/908
f 352/352/340 1205/1205/1178 353/353/341
f 1210/1210/1183 2326/2326/2267 1211/1211/1184
f 2072/2072/2022 1414/1414/1385 1413/1413/1384
f 2072/2072/2022 1413/1413/1384 1965/1965/1924
f 2072/2072/2022 2074/2074/2024 1414/1414/1385
f 2072/2072/2022 1965/1965/1924 377/377/365
f 810/810/798 2632/2632/2556 888/888/872
f 810/810/798 809/809/797 2633/2633/2557
f 810/810/798 2633/2633/2557 2632/2632/2556
f 1978/1978/1937 2634/2634/2558 1979/1979/1938
f 1978/1978/1937 975/975/955 976/976/956
f 1978/1978/1937 2635/2635/2559 2634/2634/2558
f 1978/1978/1937 976/976/956 2635/2635/2559
f 652/652/640 1880/1880/1841 1039/1039/1019
f 652/652/640 653/653/641 1880/1880/1841
f 416/416/404 1809/1809/1772 417/417/405
f 416/416/404 476/476/464 1809/1809/1772
f 2636/2636/2560 2174/2174/2118 2637/2637/2561
f 2636/2636/2560 2638/2638/2562 2175/2175/2119
f 2636/2636/2560 2175/2175/2119 2174/2174/2118
f 2636/2636/2560 1616/1616/1581 2638/2638/2562
f 2636/2636/2560 2637/2637/2561 1717/1717/1680
f 2636/2636/2560 1717/1717/1680 1616/1616/1581
f 2639/2639/2563 2640/2640/2564 1067/1067/1047
f 2639/2639/2563 2094/2094/2044 1892/1892/1853
f 2639/2639/2563 1067/1067/1047 2094/2094/2044
f 2641/2641/2565 1887/1887/1848 1069/1069/1049
f 2639/2639/2563 1892/1892/1853 1891/1891/1852
f 2295/2295/2236 953/953/933 955/955/935
f 1998/1998/1957 2642/2642/2566 1783/1783/1746
f 2467/2467/2397 1909/1909/1870 1910/1910/1871
f 2467/2467/2397 1910/1910/1871 1300/1300/1273
f 2467/2467/2397 2189/2189/2133 1909/1909/1870
f 2467/2467/2397 1300/1300/1273 2047/2047/2002
f 2643/2643/2567 2382/2382/2318 2302/2302/2243
f 2644/2644/2568 1637/1637/1600 2645/2645/2569
f 2644/2644/2568 659/659/647 658/658/646
f 2644/2644/2568 658/658/646 1637/1637/1600
f 2643/2643/2567 276/276/268 2646/2646/2570
f 2643/2643/2567 2302/2302/2243 276/276/268
f 2647/2647/2571 2648/2648/2572 2649/2649/2573
f 2647/2647/2571 281/281/273 1315/1315/1288
f 2076/2076/2026 2078/2078/2028 2650/2650/2574
f 2647/2647/2571 2649/2649/2573 281/281/273
f 2582/2582/2506 2651/2651/2575 2652/2652/2576
f 2653/2653/2577 1433/1433/1404 2654/2654/2578
f 2582/2582/2506 2652/2652/2576 1630/1630/1595
f 2583/2583/2507 1763/1763/1726 1920/1920/1881
f 1551/1551/1516 1553/1553/1518 2563/2563/2487
f 1551/1551/1516 656/656/644 1552/1552/1517
f 1551/1551/1516 2563/2563/2487 656/656/644
f 296/296/288 298/298/290 1222/1222/1195
f 296/296/288 1658/1658/1621 297/297/289
f 296/296/288 1222/1222/1195 1221/1221/1194
f 296/296/288 1221/1221/1194 1658/1658/1621
f 2655/2655/2579 1972/1972/1931 1735/1735/1698
f 2448/2448/2378 2656/2656/2580 308/308/300
f 2657/2657/2581 2658/2658/2582 1970/1970/1929
f 2659/2659/2583 1178/1178/1151 1337/1337/1310
f 1935/1935/1896 438/438/426 436/436/424
f 1935/1935/1896 1885/1885/1846 2660/2660/2584
f 2659/2659/2583 41/41/41 1178/1178/1151
f 2661/2661/2585 2662/2662/2586 2663/2663/2587
f 2661/2661/2585 1624/1624/1589 1626/1626/1591
f 2661/2661/2585 1626/1626/1591 2664/2664/2588
f 2661/2661/2585 2664/2664/2588 2662/2662/2586
f 2661/2661/2585 827/827/815 1624/1624/1589
f 2661/2661/2585 2663/2663/2587 827/827/815
f 2174/2174/2118 2179/2179/2123 2637/2637/2561
f 2181/2181/2125 2059/2059/2011 2665/2665/2589
f 2181/2181/2125 2666/2666/2590 2182/2182/2126
f 2181/2181/2125 2665/2665/2589 1867/1867/1828
f 2181/2181/2125 1867/1867/1828 2666/2666/2590
f 1442/1442/1413 1047/1047/1027 1557/1557/1522
f 23/23/23 1640/1640/1603 24/24/24
f 23/23/23 28/28/28 1639/1639/1602
f 315/315/307 317/317/309 2364/2364/2303
f 326/326/318 325/325/317 538/538/526
f 708/708/696 707/707/695 2552/2552/2476
f 2556/2556/2480 962/962/942 2449/2449/2379
f 2589/2589/2513 2558/2558/2482 2614/2614/2538
f 2589/2589/2513 800/800/788 2559/2559/2483
f 2589/2589/2513 2559/2559/2483 2558/2558/2482
f 2589/2589/2513 2614/2614/2538 711/711/699
f 1787/1787/1750 509/509/497 508/508/496
f 1787/1787/1750 2667/2667/2591 1788/1788/1751
f 1787/1787/1750 508/508/496 2667/2667/2591
f 1787/1787/1750 1792/1792/1755 509/509/497
f 728/728/716 727/727/715 2668/2668/2592
f 2220/2220/2163 2166/2166/2110 2165/2165/2109
f 602/602/590 1691/1691/1654 1694/1694/1657
f 602/602/590 1694/1694/1657 2462/2462/2392
f 602/602/590 2669/2669/2593 1691/1691/1654
f 605/605/593 600/600/588 2171/2171/2115
f 602/602/590 2462/2462/2392 603/603/591
s 0
f 2670/2670/2594 2671/2671/2594 2672/2672/2594
f 2673/2673/2595 2674/2674/2595 2675/2675/2595
s 1
f 2128/2128/2074 2130/2130/2076 1698/1698/1661
f 2522/2522/2450 1603/1603/1568 2676/2676/2596
f 2522/2522/2450 1024/1024/1004 1603/1603/1568
f 298/298/290 300/300/292 1050/1050/1030
f 2677/2677/2597 2425/2425/2359 151/151/143
f 1289/1289/1262 1292/1292/1265 2678/2678/2598
f 2677/2677/2597 151/151/143 149/149/141
f 2677/2677/2597 149/149/141 2679/2679/2599
f 1944/1944/1905 1821/1821/1784 2680/2680/2600
f 1944/1944/1905 1951/1951/1910 1821/1821/1784
f 1573/1573/1538 543/543/531 1574/1574/1539
f 2681/2681/2601 713/713/701 2682/2682/2602
f 2681/2681/2601 801/801/789 713/713/701
f 2683/2683/2603 2594/2594/2518 2593/2593/2517
f 2681/2681/2601 802/802/790 801/801/789
f 2684/2684/2604 201/201/193 1722/1722/1685
f 2684/2684/2604 202/202/194 201/201/193
f 979/979/959 984/984/964 2403/2403/2337
f 2160/2160/2104 2161/2161/2105 1734/1734/1697
f 2160/2160/2104 396/396/384 809/809/797
f 2160/2160/2104 397/397/385 396/396/384
f 2160/2160/2104 1734/1734/1697 397/397/385
f 1753/1753/1716 989/989/969 2685/2685/2605
f 1751/1751/1714 819/819/807 1752/1752/1715
f 1753/1753/1716 990/990/970 989/989/969
f 1751/1751/1714 823/823/811 819/819/807
f 1416/1416/1387 2686/2686/2606 2687/2687/2607
f 1416/1416/1387 1415/1415/1386 2686/2686/2606
f 2257/2257/2200 1160/1160/1133 1150/1150/1123
f 2257/2257/2200 2063/2063/2015 1160/1160/1133
f 2257/2257/2200 2064/2064/2016 2063/2063/2015
f 2232/2232/2175 2231/2231/2174 1098/1098/1074
f 2688/2688/2608 2003/2003/1962 2001/2001/1960
f 2688/2688/2608 2689/2689/2609 2003/2003/1962
f 1534/1534/1499 1670/1670/1633 1535/1535/1500
f 509/509/497 1792/1792/1755 2690/2690/2610
f 504/504/492 2407/2407/2341 505/505/493
f 2691/2691/2611 2157/2157/2101 1874/1874/1835
f 2691/2691/2611 155/155/147 2157/2157/2101
f 2691/2691/2611 1874/1874/1835 1873/1873/1834
f 2692/2692/2612 2122/2122/2070 749/749/737
f 2692/2692/2612 2693/2693/2613 2122/2122/2070
f 2497/2497/2427 1561/1561/1526 1563/1563/1528
f 2497/2497/2427 25/25/25 666/666/654
f 2497/2497/2427 665/665/653 1561/1561/1526
f 2497/2497/2427 666/666/654 665/665/653
f 2694/2694/2614 2568/2568/2492 33/33/33
f 1644/1644/1607 1647/1647/1610 2466/2466/2396
f 2694/2694/2614 33/33/33 32/32/32
f 1644/1644/1607 2466/2466/2396 2695/2695/2615
f 691/691/679 1656/1656/1619 2696/2696/2616
f 691/691/679 2696/2696/2616 692/692/680
f 2469/2469/2399 2697/2697/2617 2698/2698/2618
f 2699/2699/2619 2222/2222/2165 2221/2221/2164
f 2469/2469/2399 2698/2698/2618 865/865/853
f 2469/2469/2399 790/790/778 2700/2700/2620
f 1714/1714/1677 1716/1716/1679 2625/2625/2549
f 1714/1714/1677 2625/2625/2549 2223/2223/2166
f 2701/2701/2621 2702/2702/2622 2089/2089/2039
f 2701/2701/2621 2089/2089/2039 2091/2091/2041
f 552/552/540 2703/2703/2623 868/868/856
f 2704/2704/2624 1947/1947/1908 2705/2705/2625
f 2356/2356/2295 1951/1951/1910 2706/2706/2626
f 1005/1005/985 361/361/349 365/365/353
f 1005/1005/985 2235/2235/2178 1006/1006/986
f 2707/2707/2627 1740/1740/1703 1591/1591/1556
f 2708/2708/2628 34/34/34 31/31/31
f 2708/2708/2628 2709/2709/2629 34/34/34
f 2707/2707/2627 1591/1591/1556 2710/2710/2630
f 2707/2707/2627 1741/1741/1704 1740/1740/1703
f 2708/2708/2628 31/31/31 2031/2031/1986
f 1349/1349/1322 1352/1352/1325 1218/1218/1191
f 2711/2711/2631 603/603/591 2462/2462/2392
f 2711/2711/2631 2712/2712/2632 603/603/591
f 2711/2711/2631 391/391/379 390/390/378
f 2711/2711/2631 1085/1085/1061 2712/2712/2632
f 2711/2711/2631 390/390/378 1085/1085/1061
f 2711/2711/2631 2462/2462/2392 391/391/379
f 611/611/599 610/610/598 755/755/743
f 1376/1376/1349 1378/1378/1351 2713/2713/2633
f 1376/1376/1349 2713/2713/2633 2714/2714/2634
f 1376/1376/1349 2543/2543/2467 1377/1377/1350
f 1376/1376/1349 2714/2714/2634 2543/2543/2467
f 2483/2483/2413 829/829/817 2663/2663/2587
f 2483/2483/2413 2482/2482/2412 829/829/817
f 2483/2483/2413 2715/2715/2635 2716/2716/2636
f 2483/2483/2413 2663/2663/2587 2715/2715/2635
f 1088/1088/1064 1193/1193/1166 1190/1190/1163
f 2717/2717/2637 1297/1297/1270 367/367/355
f 2717/2717/2637 2718/2718/2638 265/265/257
f 2717/2717/2637 263/263/255 1297/1297/1270
f 2717/2717/2637 265/265/257 263/263/255
s 0
f 2719/2719/2639 2720/2720/2639 2721/2721/2639
s 1
f 2717/2717/2637 367/367/355 366/366/354
f 2645/2645/2569 2722/2722/2640 2723/2723/2641
f 2645/2645/2569 1637/1637/1600 2722/2722/2640
f 2724/2724/2642 2725/2725/2643 2726/2726/2644
f 419/419/407 421/421/409 2727/2727/2645
f 2724/2724/2642 2006/2006/1965 2725/2725/2643
f 2724/2724/2642 2007/2007/1966 2006/2006/1965
f 769/769/757 2112/2112/2060 1427/1427/1398
f 769/769/757 2113/2113/2061 2112/2112/2060
f 769/769/757 776/776/764 2113/2113/2061
f 2304/2304/2245 1980/1980/1939 2728/2728/2646
f 2304/2304/2245 2729/2729/2647 2305/2305/2246
f 2304/2304/2245 2728/2728/2646 2729/2729/2647
f 2304/2304/2245 1981/1981/1940 1980/1980/1939
f 2730/2730/2648 1329/1329/1302 1327/1327/1300
f 2730/2730/2648 1327/1327/1300 2731/2731/2649
f 2312/2312/2253 1882/1882/1843 2732/2732/2650
f 2312/2312/2253 2733/2733/2651 2023/2023/1978
f 2734/2734/2652 2362/2362/2301 2361/2361/2300
f 316/316/308 2735/2735/2653 529/529/517
f 316/316/308 318/318/310 2735/2735/2653
f 1459/1459/1430 2607/2607/2531 1460/1460/1431
f 2037/2037/1992 2035/2035/1990 1652/1652/1615
f 1721/1721/1684 200/200/192 338/338/330
f 1721/1721/1684 1722/1722/1685 201/201/193
f 1721/1721/1684 201/201/193 200/200/192
f 208/208/200 2705/2705/2625 1947/1947/1908
f 208/208/200 211/211/203 1729/1729/1692
f 208/208/200 1729/1729/1692 2705/2705/2625
s 0
f 2736/2736/2654 2737/2737/2654 2738/2738/2654
s 1
f 1737/1737/1700 1790/1790/1753 1738/1738/1701
f 1297/1297/1270 263/263/255 1298/1298/1271
f 1912/1912/1873 228/228/220 1408/1408/1379
f 1912/1912/1873 1408/1408/1379 2327/2327/2268
f 1912/1912/1873 2327/2327/2268 2328/2328/2269
f 1912/1912/1873 2328/2328/2269 1697/1697/1660
f 693/693/681 689/689/677 1655/1655/1618
f 686/686/674 685/685/673 2475/2475/2405
f 686/686/674 2475/2475/2405 1801/1801/1764
f 1970/1970/1929 2658/2658/2582 2262/2262/2205
f 1970/1970/1929 2262/2262/2205 1971/1971/1930
f 406/406/394 2728/2728/2646 2250/2250/2193
f 406/406/394 403/403/391 2728/2728/2646
f 1987/1987/1946 1986/1986/1945 2739/2739/2655
f 1983/1983/1942 1252/1252/1225 1357/1357/1330
f 1983/1983/1942 2338/2338/2279 1252/1252/1225
f 1987/1987/1946 2739/2739/2655 2339/2339/2280
f 430/430/418 431/431/419 2740/2740/2656
f 430/430/418 2740/2740/2656 1989/1989/1948
f 435/435/423 1992/1992/1951 2741/2741/2657
f 435/435/423 2741/2741/2657 436/436/424
f 2418/2418/2352 2080/2080/2030 2350/2350/2289
f 644/644/632 647/647/635 2416/2416/2350
f 2742/2742/2658 2743/2743/2659 2744/2744/2660
f 2742/2742/2658 2745/2745/2661 2743/2743/2659
f 2087/2087/2037 1876/1876/1837 933/933/913
f 2087/2087/2037 2746/2746/2662 1876/1876/1837
f 2747/2747/2663 1445/1445/1416 2362/2362/2301
f 1882/1882/1843 1774/1774/1737 2748/2748/2664
f 2051/2051/2003 2512/2512/2442 2093/2093/2043
f 1165/1165/1138 1168/1168/1141 2749/2749/2665
f 2750/2750/2666 2634/2634/2558 2635/2635/2559
f 2751/2751/2667 1665/1665/1628 79/79/73
f 2752/2752/2668 1601/1601/1566 2753/2753/2669
f 2752/2752/2668 1602/1602/1567 1601/1601/1566
f 2754/2754/2670 2451/2451/2381 2755/2755/2671
f 2754/2754/2670 982/982/962 2451/2451/2381
f 1860/1860/1823 2756/2756/2672 1786/1786/1749
f 2757/2757/2673 2713/2713/2633 2758/2758/2674
f 2757/2757/2673 2759/2759/2675 2713/2713/2633
f 2760/2760/2676 2139/2139/2085 2138/2138/2084
f 2110/2110/2058 1403/1403/1374 1406/1406/1377
f 2114/2114/2062 489/489/477 90/90/84
f 2114/2114/2062 90/90/84 1865/1865/1826
f 2761/2761/2677 2040/2040/1995 2041/2041/1996
f 388/388/376 2762/2762/2678 389/389/377
f 744/744/732 2042/2042/1997 745/745/733
f 744/744/732 133/133/125 2042/2042/1997
f 744/744/732 747/747/735 1803/1803/1766
f 1250/1250/1223 1809/1809/1772 1810/1810/1773
f 1250/1250/1223 1810/1810/1773 1358/1358/1331
f 1250/1250/1223 417/417/405 1809/1809/1772
f 1250/1250/1223 1358/1358/1331 1251/1251/1224
f 154/154/146 2048/2048/1091 1388/1388/1361
f 154/154/146 1388/1388/1361 2157/2157/2101
f 154/154/146 2157/2157/2101 155/155/147
f 1455/1455/1426 2387/2387/2323 1456/1456/1427
f 1455/1455/1426 1103/1103/1079 2388/2388/2324
f 1455/1455/1426 2388/2388/2324 2387/2387/2323
f 2290/2290/2231 2763/2763/2679 2764/2764/2680
f 2290/2290/2231 188/188/180 2763/2763/2679
f 2290/2290/2231 2765/2765/2681 2395/2395/2331
f 2290/2290/2231 2764/2764/2680 2765/2765/2681
f 481/481/469 1899/1899/1860 482/482/470
f 481/481/469 490/490/478 1898/1898/1859
f 2059/2059/2011 2321/2321/2262 2665/2665/2589
f 2059/2059/2011 1158/1158/1131 2060/2060/2012
f 2059/2059/2011 2061/2061/2013 2321/2321/2262
f 216/216/208 67/67/61 70/70/64
f 216/216/208 221/221/213 2766/2766/2682
f 216/216/208 70/70/64 217/217/209
f 216/216/208 2766/2766/2682 67/67/61
f 2409/2409/2343 2767/2767/2683 2410/2410/2344
f 2412/2412/2346 899/899/883 902/902/886
f 2768/2768/2684 2769/2769/2684 2770/2770/2684
f 2771/2771/2685 895/895/879 2236/2236/2179
f 235/235/227 817/817/805 236/236/228
f 235/235/227 819/819/807 817/817/805
f 235/235/227 1752/1752/1715 819/819/807
f 235/235/227 238/238/230 1752/1752/1715
f 1343/1343/1316 739/739/727 737/737/725
f 1344/1344/1317 1180/1180/1153 128/128/120
f 1344/1344/1317 1341/1341/1314 1180/1180/1153
f 584/584/572 2772/2772/2686 585/585/573
f 584/584/572 588/588/576 2773/2773/2687
f 584/584/572 2774/2774/2688 2772/2772/2686
f 584/584/572 2773/2773/2687 2774/2774/2688
f 1251/1251/1224 1357/1357/1330 1252/1252/1225
f 1144/1144/1117 2591/2591/2515 1815/1815/1778
f 1144/1144/1117 1815/1815/1778 1145/1145/1118
f 1990/1990/1949 2530/2530/2456 1036/1036/1016
f 1990/1990/1949 2775/2775/2689 1522/1522/1487
f 1990/1990/1949 1522/1522/1487 2530/2530/2456
f 1069/1069/1049 2343/2343/2282 638/638/626
f 1069/1069/1049 1887/1887/1848 2343/2343/2282
f 55/55/55 54/54/54 1383/1383/1356
f 55/55/55 1383/1383/1356 1381/1381/1354
f 1495/1495/1460 2435/2435/2365 2566/2566/2490
f 1495/1495/1460 1494/1494/1459 2435/2435/2365
s 0
f 2776/2776/2690 2777/2777/2690 2778/2778/2690
s 1
f 2779/2779/2691 2378/2378/2314 2098/2098/2046
f 1833/1833/1796 453/453/441 2596/2596/2520
f 892/892/876 891/891/875 2766/2766/2682
f 892/892/876 2766/2766/2682 221/221/213
f 814/814/802 1679/1679/1642 2780/2780/2692
f 814/814/802 2780/2780/2692 1961/1961/1920
f 814/814/802 813/813/801 1679/1679/1642
f 237/237/229 239/239/231 908/908/890
f 2012/2012/1971 1772/1772/1735 1771/1771/1734
f 1444/1444/1415 2362/2362/2301 1445/1445/1416
f 2772/2772/2686 2774/2774/2688 2781/2781/2693
f 467/467/455 173/173/165 468/468/456
f 467/467/455 175/175/167 173/173/165
f 2763/2763/2679 187/187/179 2782/2782/2694
f 2763/2763/2679 188/188/180 187/187/179
f 1783/1783/1746 2642/2642/2566 1283/1283/1256
f 2321/2321/2262 860/860/848 2575/2575/2499
f 2321/2321/2262 2575/2575/2499 2665/2665/2589
f 1906/1906/1867 1905/1905/1866 2783/2783/2695
f 1903/1903/1864 2784/2784/2696 1680/1680/1643
f 1906/1906/1867 2783/2783/2695 2785/2785/2697
f 228/228/220 230/230/222 1408/1408/1379
f 2241/2241/2184 1332/1332/1305 2242/2242/2185
f 2241/2241/2184 689/689/677 1332/1332/1305
f 2241/2241/2184 1655/1655/1618 689/689/677
f 2241/2241/2184 2786/2786/2698 1655/1655/1618
f 1915/1915/1876 958/958/938 1916/1916/1877
f 1976/1976/1935 398/398/386 400/400/388
f 1732/1732/1695 397/397/385 1734/1734/1697
f 1976/1976/1935 1975/1975/1934 398/398/386
f 1980/1980/1939 2250/2250/2193 2728/2728/2646
f 1980/1980/1939 1979/1979/1938 2250/2250/2193
f 2787/2787/2699 2788/2788/2700 850/850/838
f 616/616/604 848/848/836 617/617/605
f 2787/2787/2699 2789/2789/2701 2788/2788/2700
f 1930/1930/1891 2790/2790/2702 2215/2215/2158
f 1930/1930/1891 2218/2218/2161 1931/1931/1892
f 635/635/623 2791/2791/2703 1071/1071/1051
f 635/635/623 640/640/628 2791/2791/2703
f 2792/2792/2704 1996/1996/1955 2793/2793/2705
f 2200/2200/2144 2199/2199/2143 1995/1995/1954
f 2629/2629/2553 2794/2794/2706 2630/2630/2554
f 2795/2795/2707 2611/2611/2535 2796/2796/2708
f 2795/2795/2707 2206/2206/2150 2611/2611/2535
f 1101/1101/1077 1481/1481/1450 1102/1102/1078
f 2678/2678/2598 1292/1292/1265 2002/2002/1961
f 2722/2722/2640 1637/1637/1600 1638/1638/1601
f 2722/2722/2640 2797/2797/2709 2723/2723/2641
f 1313/1313/1286 1423/1423/1394 1425/1425/1396
f 1313/1313/1286 1869/1869/1830 1423/1423/1394
f 2729/2729/2647 2728/2728/2646 403/403/391
f 2729/2729/2647 2011/2011/1970 2798/2798/2710
f 2729/2729/2647 2798/2798/2710 2305/2305/2246
f 2729/2729/2647 403/403/391 2011/2011/1970
f 1876/1876/1837 1879/1879/1840 933/933/913
f 1876/1876/1837 2746/2746/2662 1877/1877/1838
f 1780/1780/1743 1266/1266/1239 697/697/685
f 1474/1474/1443 2565/2565/2489 2799/2799/2711
f 1474/1474/1443 2799/2799/2711 1475/1475/1444
f 2695/2695/2615 2466/2466/2396 2788/2788/2700
f 1177/1177/1150 1181/1181/1154 1336/1336/1309
f 1177/1177/1150 1337/1337/1310 1178/1178/1151
f 2501/2501/2431 1757/1757/1720 1575/1575/1540
f 2501/2501/2431 1759/1759/1722 1757/1757/1720
f 2501/2501/2431 1575/1575/1540 1574/1574/1539
f 1586/1586/1551 138/138/130 2391/2391/2327
f 1586/1586/1551 1583/1583/1548 138/138/130
f 468/468/456 173/173/165 981/981/961
f 2800/2800/2712 811/811/799 807/807/795
f 1007/1007/987 2801/2801/2713 1008/1008/988
f 1598/1598/1563 2802/2802/2714 1599/1599/1564
f 2634/2634/2558 2803/2803/2715 2251/2251/2194
f 2634/2634/2558 2251/2251/2194 1979/1979/1938
f 1039/1039/1019 1880/1880/1841 1877/1877/1838
f 1039/1039/1019 1877/1877/1838 2804/2804/2716
f 1378/1378/1351 2758/2758/2674 2713/2713/2633
f 1382/1382/1355 1133/1133/1106 1134/1134/1107
f 1378/1378/1351 2805/2805/2717 2758/2758/2674
f 1612/1612/1577 2806/2806/2718 2440/2440/2370
f 1612/1612/1577 1614/1614/1579 2806/2806/2718
f 1612/1612/1577 2439/2439/2369 1613/1613/1578
f 1612/1612/1577 2440/2440/2370 2439/2439/2369
f 2574/2574/2498 858/858/846 640/640/628
f 2574/2574/2498 633/633/621 783/783/771
f 2574/2574/2498 640/640/628 633/633/621
f 2574/2574/2498 859/859/847 858/858/846
f 2198/2198/2142 2807/2807/2719 2808/2808/2720
f 2198/2198/2142 2808/2808/2720 2199/2199/2143
f 964/964/944 2809/2809/2721 965/965/945
f 964/964/944 1517/1517/1482 2809/2809/2721
f 2702/2702/2622 2810/2810/2722 2089/2089/2039
f 2811/2811/2723 1113/1113/1089 2272/2272/2215
f 2811/2811/2723 1114/1114/1090 1113/1113/1089
f 2812/2812/2724 2273/2273/2216 2269/2269/2212
f 2811/2811/2723 2413/2413/2347 1114/1114/1090
s 0
f 1118/1118/1091 1120/1120/1091 2050/2050/1091
s 1
f 1299/1299/1272 2047/2047/2002 1300/1300/1273
f 596/596/584 598/598/586 2421/2421/2355
f 596/596/584 1438/1438/1409 1309/1309/1282
f 596/596/584 2421/2421/2355 1438/1438/1409
f 2813/2813/2725 1542/1542/1507 2814/2814/2726
f 2813/2813/2725 2172/2172/2116 1542/1542/1507
f 2650/2650/2574 2078/2078/2028 2169/2169/2113
f 2815/2815/2727 2494/2494/2424 2617/2617/2541
f 2654/2654/2578 1433/1433/1404 1432/1432/1403
f 2651/2651/2575 2816/2816/2728 2652/2652/2576
f 289/289/281 563/563/551 1439/1439/1410
f 289/289/281 1439/1439/1410 290/290/282
f 1563/1563/1528 1566/1566/1531 2498/2498/2428
f 1807/1807/1770 475/475/463 2600/2600/2524
f 2443/2443/2373 2598/2598/2522 2444/2444/2374
f 1179/1179/1152 40/40/40 38/38/38
f 1179/1179/1152 38/38/38 1570/1570/1535
f 1179/1179/1152 1570/1570/1535 2817/2817/2729
f 1179/1179/1152 2818/2818/2730 1180/1180/1153
f 2819/2819/2731 1568/1568/1533 2383/2383/2319
f 2662/2662/2586 2664/2664/2588 2820/2820/2732
f 2662/2662/2586 2715/2715/2635 2663/2663/2587
f 2662/2662/2586 2820/2820/2732 2715/2715/2635
f 1878/1878/1839 2334/2334/2275 1879/1879/1840
f 1878/1878/1839 651/651/639 2335/2335/2276
f 1878/1878/1839 2335/2335/2276 2334/2334/2275
f 1878/1878/1839 653/653/641 651/651/639
f 1696/1696/1659 2130/2130/2076 1913/1913/1874
f 1696/1696/1659 1698/1698/1661 2130/2130/2076
f 2821/2821/2733 2543/2543/2467 2714/2714/2634
f 2821/2821/2733 2544/2544/2468 2543/2543/2467
f 1061/1061/1041 663/663/651 852/852/840
f 1061/1061/1041 667/667/655 663/663/651
f 1061/1061/1041 852/852/840 1709/1709/1672
f 1061/1061/1041 1709/1709/1672 1062/1062/1042
f 2743/2743/2659 2745/2745/2661 869/869/857
f 2743/2743/2659 868/868/856 2822/2822/2734
f 2743/2743/2659 869/869/857 868/868/856
f 2743/2743/2659 2822/2822/2734 2744/2744/2660
f 857/857/845 2145/2145/2091 2791/2791/2703
f 857/857/845 2791/2791/2703 858/858/846
f 1610/1610/1575 1609/1609/1574 2106/2106/2054
f 1716/1716/1679 2626/2626/2550 2625/2625/2549
f 1716/1716/1679 2637/2637/2561 2626/2626/2550
f 1716/1716/1679 1717/1717/1680 2637/2637/2561
f 2057/2057/2009 1389/1389/1362 1391/1391/1364
f 2057/2057/2009 2577/2577/2501 1389/1389/1362
f 2823/2823/2735 2597/2597/2521 2596/2596/2520
f 2823/2823/2735 880/880/866 882/882/868
f 2823/2823/2735 2596/2596/2520 448/448/436
f 1724/1724/1687 211/211/203 210/210/202
f 2823/2823/2735 448/448/436 880/880/866
f 2161/2161/2105 2162/2162/2106 580/580/568
f 1740/1740/1703 1588/1588/1553 1591/1591/1556
f 1740/1740/1703 1744/1744/1707 1588/1588/1553
f 1592/1592/1557 2073/2073/2023 380/380/368
f 345/345/333 335/335/327 1147/1147/1120
f 345/345/333 1147/1147/1120 2398/2398/2334
f 657/657/645 656/656/644 2563/2563/2487
f 657/657/645 2563/2563/2487 1156/1156/1129
f 946/946/926 672/672/660 1640/1640/1603
f 2824/2824/2736 2092/2092/2042 2090/2090/2040
f 1656/1656/1619 2825/2825/2737 2696/2696/2616
f 1656/1656/1619 1652/1652/1615 2035/2035/1990
f 1656/1656/1619 2035/2035/1990 2825/2825/2737
s 0
f 2826/2826/2738 2827/2827/2738 2828/2828/2738
s 1
f 1480/1480/1449 1478/1478/1447 2829/2829/2739
f 2830/2830/2740 2210/2210/2154 2488/2488/2418
f 2830/2830/2740 473/473/461 478/478/466
f 2725/2725/2643 2006/2006/1965 2209/2209/2153
f 2830/2830/2740 2488/2488/2418 473/473/461
f 2831/2831/2741 437/437/425 434/434/422
f 989/989/969 2832/2832/2742 2685/2685/2605
f 829/829/817 827/827/815 2663/2663/2587
f 2334/2334/2275 2337/2337/2278 938/938/918
f 2334/2334/2275 938/938/918 1879/1879/1840
f 2833/2833/2743 588/588/576 2465/2465/2395
f 2834/2834/2744 374/374/362 373/373/361
f 2833/2833/2743 2773/2773/2687 588/588/576
f 379/379/367 383/383/371 1010/1010/990
f 1145/1145/1118 1548/1548/1513 1146/1146/1119
f 2835/2835/2745 460/460/448 459/459/447
f 2835/2835/2745 459/459/447 2092/2092/2042
f 193/193/185 192/192/184 1197/1197/1170
f 193/193/185 1197/1197/1170 1614/1614/1579
f 2836/2836/2746 2319/2319/2260 198/198/190
f 2836/2836/2746 198/198/190 197/197/189
f 210/210/202 207/207/199 1838/1838/1801
f 214/214/206 1958/1958/1917 1959/1959/1918
f 2767/2767/2683 1110/1110/1086 2410/2410/2344
f 234/234/226 908/908/890 239/239/231
f 1582/1582/1547 1584/1584/1549 2284/2284/2227
f 1436/1436/1407 937/937/917 1437/1437/1408
f 1445/1445/1416 2837/2837/2747 1446/1446/1417
f 1462/1462/1433 2604/2604/2528 2838/2838/2748
f 1462/1462/1433 1460/1460/1431 2604/2604/2528
f 50/50/50 618/618/606 1558/1558/1523
f 50/50/50 620/620/608 618/618/606
f 1283/1283/1256 2642/2642/2566 1284/1284/1257
f 2300/2300/2241 107/107/101 106/106/100
f 1677/1677/1640 1681/1681/1644 2839/2839/2749
s 0
f 2840/2840/2750 2841/2841/2750 2842/2842/2750
s 1
f 172/172/164 174/174/166 2843/2843/2751
f 172/172/164 981/981/961 173/173/165
f 172/172/164 2843/2843/2751 981/981/961
f 2002/2002/1961 2003/2003/1962 2430/2430/2362
f 2622/2622/2546 268/268/260 267/267/259
f 2622/2622/2546 267/267/259 2844/2844/2752
f 2622/2622/2546 2620/2620/2544 268/268/260
f 1408/1408/1379 1215/1215/1188 2327/2327/2268
f 1413/1413/1384 1412/1412/1383 2845/2845/2753
f 1413/1413/1384 2845/2845/2753 1965/1965/1924
f 396/396/384 2846/2846/2754 2633/2633/2557
f 396/396/384 2633/2633/2557 809/809/797
f 2638/2638/2562 1616/1616/1581 2847/2847/2755
f 1995/1995/1954 2199/2199/2143 1849/1849/1812
f 1996/1996/1955 332/332/324 2793/2793/2705
f 449/449/437 2202/2202/2146 2208/2208/2152
f 449/449/437 450/450/438 2202/2202/2146
f 1423/1423/1394 1869/1869/1830 2005/2005/1964
f 1920/1920/1881 1763/1763/1726 10/10/10
f 2017/2017/1974 2533/2533/2459 2848/2848/2756
f 2017/2017/1974 2848/2848/2756 2018/2018/1975
f 2849/2849/2757 1558/1558/1523 1557/1557/1522
f 148/148/140 2850/2850/2758 2679/2679/2599
f 148/148/140 2679/2679/2599 149/149/141
f 148/148/140 532/532/520 2850/2850/2758
f 1178/1178/1151 41/41/41 40/40/40
f 2222/2222/2165 1577/1577/1542 1575/1575/1540
f 2222/2222/2165 1575/1575/1540 1757/1757/1720
f 2755/2755/2671 2451/2451/2381 2452/2452/2382
f 2839/2839/2749 1681/1681/1644 2784/2784/2696
f 2755/2755/2671 2452/2452/2382 1195/1195/1168
f 2224/2224/2167 1194/1194/1167 1192/1192/1165
f 573/573/561 2785/2785/2697 2783/2783/2695
f 573/573/561 2783/2783/2695 574/574/562
f 574/574/562 2783/2783/2695 1905/1905/1866
f 1588/1588/1553 1744/1744/1707 1843/1843/1806
f 1588/1588/1553 1843/1843/1806 1589/1589/1554
f 603/603/591 2712/2712/2632 604/604/592
f 1237/1237/1210 1021/1021/1001 2851/2851/2759
f 1237/1237/1210 2851/2851/2759 2852/2852/2760
f 1237/1237/1210 2852/2852/2760 1238/1238/1211
f 1564/1564/1529 2621/2621/2545 1565/1565/1530
f 858/858/846 2791/2791/2703 640/640/628
f 1412/1412/1383 2550/2550/2474 2845/2845/2753
f 2853/2853/2761 1514/1514/1479 2064/2064/2016
f 2259/2259/2202 2262/2262/2205 2658/2658/2582
f 800/800/788 804/804/792 2559/2559/2483
f 2277/2277/2220 1298/1298/1271 259/259/251
f 2276/2276/2219 1121/1121/1094 1119/1119/1093
f 2277/2277/2220 1301/1301/1274 1298/1298/1271
f 1765/1765/1728 274/274/266 14/14/14
f 1542/1542/1507 2172/2172/2116 179/179/171
f 514/514/502 1545/1545/1510 1320/1320/1293
f 937/937/917 2310/2310/2251 1437/1437/1408
f 2806/2806/2718 1997/1997/1956 1093/1093/1069
f 2806/2806/2718 2854/2854/2762 2440/2440/2370
f 2806/2806/2718 1614/1614/1579 1997/1997/1956
f 2806/2806/2718 1093/1093/1069 2854/2854/2762
f 2855/2855/2763 2446/2446/2376 2445/2445/2375
f 1172/1172/1145 1810/1810/1773 1808/1808/1771
f 2855/2855/2763 2445/2445/2375 2856/2856/2764
f 2855/2855/2763 2856/2856/2764 2857/2857/2765
s 0
f 2858/2858/2766 2859/2859/2766 2860/2860/2766
s 1
f 1062/1062/1042 1709/1709/1672 2393/2393/2329
f 772/772/760 775/775/763 1042/1042/1022
f 772/772/760 1042/1042/1022 2530/2530/2456
f 2145/2145/2091 1071/1071/1051 2791/2791/2703
f 2145/2145/2091 2861/2861/2767 1071/1071/1051
f 2862/2862/2768 2680/2680/2600 1373/1373/1346
f 2152/2152/2098 2150/2150/2096 2739/2739/2655
f 2152/2152/2098 2739/2739/2655 1986/1986/1945
f 1932/1932/1893 2863/2863/2769 1364/1364/1337
f 1679/1679/1642 1682/1682/1645 2780/2780/2692
f 1679/1679/1642 813/813/801 1680/1680/1643
f 2864/2864/2770 2865/2865/2771 2866/2866/2772
f 1692/1692/1655 1691/1691/1654 2669/2669/2593
f 951/951/931 2367/2367/2306 952/952/932
f 465/465/453 2867/2867/2773 469/469/457
f 2199/2199/2143 2808/2808/2720 1849/1849/1812
f 2202/2202/2146 450/450/438 2868/2868/2774
f 2869/2869/2775 2552/2552/2476 707/707/695
f 2560/2560/2484 2559/2559/2483 804/804/792
f 2265/2265/2208 797/797/785 999/999/979
f 2265/2265/2208 999/999/979 2227/2227/2170
f 2210/2210/2154 1668/1668/1631 2488/2488/2418
f 2209/2209/2153 2006/2006/1965 2005/2005/1964
f 2631/2631/2555 2472/2472/2402 2471/2471/2401
f 24/24/24 1640/1640/1603 671/671/659
f 2364/2364/2303 317/317/309 528/528/516
f 2366/2366/2305 2870/2870/2776 2856/2856/2764
f 2366/2366/2305 2856/2856/2764 2367/2367/2306
f 2205/2205/2149 2611/2611/2535 2206/2206/2150
f 2613/2613/2537 2871/2871/2777 1166/1166/1139
f 835/835/823 836/836/824 2872/2872/2778
f 2873/2873/2779 2852/2852/2760 2874/2874/2780
f 2873/2873/2779 1238/1238/1211 2852/2852/2760
f 161/161/153 767/767/755 2584/2584/2508
f 161/161/153 160/160/152 767/767/755
f 928/928/908 2471/2471/2401 2473/2473/2403
f 1205/1205/1178 1206/1206/1179 855/855/843
f 2875/2875/2781 2876/2876/2782 2054/2054/2006
f 2875/2875/2781 2054/2054/2006 2396/2396/2332
f 1726/1726/1689 2877/2877/2783 1727/1727/1690
f 685/685/673 2101/2101/2049 570/570/558
f 685/685/673 570/570/558 2475/2475/2405
f 1735/1735/1698 309/309/301 2878/2878/2784
f 2879/2879/2785 1277/1277/1250 2880/2880/2786
f 2879/2879/2785 1395/1395/1368 1277/1277/1250
f 1098/1098/1074 2388/2388/2324 1103/1103/1079
f 1098/1098/1074 2231/2231/2174 2388/2388/2324
f 2881/2881/2787 1672/1672/1635 2280/2280/2223
f 2493/2493/2423 1351/1351/1324 2882/2882/2788
f 2493/2493/2423 1352/1352/1325 1351/1351/1324
f 2883/2883/2789 2421/2421/2355 598/598/586
f 2756/2756/2672 2884/2884/2790 1786/1786/1749
f 2756/2756/2672 2885/2885/2791 2884/2884/2790
f 2115/2115/2063 1139/1139/1112 1428/1428/1399
f 2307/2307/2248 2886/2886/2792 2308/2308/2249
f 2307/2307/2248 2496/2496/2426 2886/2886/2792
f 679/679/667 677/677/665 2444/2444/2374
f 679/679/667 2444/2444/2374 2598/2598/2522
f 2034/2034/1989 2825/2825/2737 2035/2035/1990
f 2034/2034/1989 2887/2887/2793 2825/2825/2737
f 1580/1580/1545 999/999/979 998/998/978
f 1580/1580/1545 2227/2227/2170 999/999/979
f 2888/2888/2794 2889/2889/2795 1961/1961/1920
f 2888/2888/2794 1961/1961/1920 2780/2780/2692
f 597/597/585 2890/2890/2796 2608/2608/2532
f 597/597/585 2608/2608/2532 2540/2540/2464
f 1801/1801/1764 2891/2891/2797 1802/1802/1765
f 2892/2892/2798 2476/2476/2406 1485/1485/1454
f 2892/2892/2798 1485/1485/1454 1013/1013/993
f 1280/1280/1253 1279/1279/1252 2874/2874/2780
f 1280/1280/1253 2851/2851/2759 2893/2893/2799
f 1280/1280/1253 2874/2874/2780 2851/2851/2759
f 2106/2106/2054 1609/1609/1574 2148/2148/2094
f 1036/1036/1016 2530/2530/2456 1042/1042/1022
f 2894/2894/2800 1619/1619/1584 1992/1992/1951
f 442/442/430 445/445/433 2484/2484/2414
f 1275/1275/1248 1277/1277/1250 1395/1395/1368
f 2003/2003/1962 2689/2689/2609 2430/2430/2362
f 261/261/253 1794/1794/1757 262/262/254
f 268/268/260 2620/2620/2544 2895/2895/2801
f 2626/2626/2550 2637/2637/2561 2179/2179/2123
f 114/114/108 783/783/771 1621/1621/1586
f 2025/2025/1980 2023/2023/1978 2896/2896/2802
f 1647/1647/1610 1643/1643/1606 431/431/419
f 822/822/810 821/821/809 1336/1336/1309
f 545/545/533 544/544/532 2315/2315/2256
f 1916/1916/1877 958/958/938 1967/1967/1926
f 398/398/386 1975/1975/1934 131/131/123
f 1064/1064/1044 2897/2897/2803 623/623/611
f 1064/1064/1044 1063/1063/1043 1257/1257/1230
f 1064/1064/1044 1257/1257/1230 2898/2898/2804
s 0
f 2899/2899/2805 2900/2900/2805 2901/2901/2805
s 1
f 322/322/314 2866/2866/2772 323/323/315
f 255/255/247 510/510/498 506/506/494
f 2301/2301/2242 1498/1498/1463 2902/2902/2806
f 2301/2301/2242 2902/2902/2806 1537/1537/1502
f 475/475/463 479/479/467 2600/2600/2524
f 2903/2903/2807 2904/2904/2808 2816/2816/2728
f 1820/1820/1783 1373/1373/1346 2680/2680/2600
f 1820/1820/1783 2680/2680/2600 1821/1821/1784
f 1511/1511/1476 2065/2065/2017 1514/1514/1479
f 2905/2905/2809 2404/2404/2338 2403/2403/2337
f 1688/1688/1651 2906/2906/2810 1689/1689/1652
f 67/67/61 2766/2766/2682 891/891/875
f 1601/1601/1566 1025/1025/1005 2907/2907/2811
f 2713/2713/2633 2759/2759/2675 2714/2714/2634
f 1616/1616/1581 1717/1717/1680 1617/1617/1582
f 633/633/621 1621/1621/1586 783/783/771
f 1849/1849/1812 2808/2808/2720 1850/1850/1813
f 450/450/438 451/451/439 2868/2868/2774
f 2089/2089/2039 2810/2810/2722 2090/2090/2040
f 2169/2169/2113 2078/2078/2028 919/919/901
f 2652/2652/2576 1634/1634/1597 1630/1630/1595
f 2652/2652/2576 2904/2904/2808 1634/1634/1597
f 2652/2652/2576 2816/2816/2728 2904/2904/2808
s 0
f 2908/2908/2812 2909/2909/2812 2910/2910/2812
f 2911/2911/2813 2912/2912/2813 2913/2913/2813
s 1
f 2914/2914/2814 2498/2498/2428 1566/1566/1531
f 1181/1181/1154 1180/1180/1153 1341/1341/1314
f 738/738/726 739/739/727 2040/2040/1995
f 588/588/576 589/589/577 2465/2465/2395
f 421/421/409 865/865/853 2727/2727/2645
f 712/712/700 2682/2682/2602 713/713/701
f 2578/2578/2502 2056/2056/2008 2594/2594/2518
f 880/880/866 1851/1851/1814 881/881/867
f 2735/2735/2653 2915/2915/2815 529/529/517
f 920/920/902 919/919/901 2078/2078/2028
s 0
f 2916/2916/2816 2917/2917/2816 2918/2918/2816
s 1
f 766/766/754 2584/2584/2508 767/767/755
f 954/954/934 677/677/665 955/955/935
f 954/954/934 2444/2444/2374 677/677/665
f 2696/2696/2616 2825/2825/2737 2919/2919/2817
f 487/487/475 101/101/95 488/488/476
f 487/487/475 2215/2215/2158 101/101/95
f 1681/1681/1644 1680/1680/1643 2784/2784/2696
f 128/128/120 1180/1180/1153 2818/2818/2730
f 587/587/575 140/140/132 589/589/577
f 587/587/575 141/141/133 140/140/132
f 2542/2542/2466 2920/2920/2818 1377/1377/1350
f 2596/2596/2520 453/453/441 448/448/436
f 2698/2698/2618 2727/2727/2645 865/865/853
f 136/136/128 138/138/130 1583/1583/1548
f 1450/1450/1421 1448/1448/1419 2191/2191/2135
f 456/456/444 1590/1590/1555 457/457/445
f 1997/1997/1956 1614/1614/1579 1197/1197/1170
f 1997/1997/1956 1197/1197/1170 1196/1196/1169
f 1478/1478/1447 1282/1282/1255 75/75/69
f 1478/1478/1447 75/75/69 2829/2829/2739
f 1498/1498/1463 2921/2921/2819 2902/2902/2806
f 1498/1498/1463 117/117/111 2921/2921/2819
f 1184/1184/1157 2627/2627/2551 1185/1185/1158
f 2665/2665/2589 780/780/768 1867/1867/1828
f 2665/2665/2589 2575/2575/2499 780/780/768
f 1905/1905/1866 1484/1484/1453 1483/1483/1452
f 1207/1207/1180 2922/2922/2820 1208/1208/1181
f 1211/1211/1184 2327/2327/2268 1215/1215/1188
f 2591/2591/2515 2394/2394/2330 1815/1815/1778
f 332/332/324 331/331/323 2793/2793/2705
f 259/259/251 1298/1298/1271 263/263/255
f 2646/2646/2570 275/275/267 2923/2923/2821
f 2646/2646/2570 276/276/268 275/275/267
f 933/933/913 1879/1879/1840 938/938/918
f 1790/1790/1753 1531/1531/1496 1530/1530/1495
f 1790/1790/1753 1530/1530/1495 1738/1738/1701
f 281/281/273 2649/2649/2573 283/283/275
f 1263/1263/1236 469/469/457 2867/2867/2773
f 203/203/195 348/348/336 347/347/335
f 1589/1589/1554 1843/1843/1806 1962/1962/1921
f 1964/1964/1923 325/325/317 2924/2924/2822
f 2925/2925/2823 323/323/315 2865/2865/2771
f 2846/2846/2754 2926/2926/2824 2633/2633/2557
f 394/394/382 1803/1803/1766 2927/2927/2825
f 405/405/393 2928/2928/2826 407/407/395
f 2863/2863/2769 1368/1368/1341 1364/1364/1337
f 431/431/419 1643/1643/1606 2740/2740/2656
f 2929/2929/2827 2685/2685/2605 2832/2832/2742
f 2079/2079/2029 2350/2350/2289 2080/2080/2030
f 138/138/130 143/143/135 2391/2391/2327
f 2866/2866/2772 2865/2865/2771 323/323/315
f 1786/1786/1749 2884/2884/2790 1792/1792/1755
f 2788/2788/2700 2466/2466/2396 850/850/838
f 868/868/856 2703/2703/2623 2822/2822/2734
f 1020/1020/1000 2930/2930/2828 2893/2893/2799
f 1020/1020/1000 2893/2893/2799 1021/1021/1001
f 236/236/228 2414/2414/2348 1415/1415/1386
f 1640/1640/1603 672/672/660 671/671/659
f 952/952/932 2367/2367/2306 2445/2445/2375
f 2931/2931/2829 2569/2569/2493 1232/1232/1205
f 2845/2845/2753 2550/2550/2474 1966/1966/1925
f 2845/2845/2753 1966/1966/1925 1965/1965/1924
f 2902/2902/2806 2932/2932/2830 1537/1537/1502
f 747/747/735 2927/2927/2825 1803/1803/1766
f 860/860/848 861/861/849 2575/2575/2499
f 792/792/780 2339/2339/2280 793/793/781
f 2933/2933/2831 2686/2686/2606 1415/1415/1386
f 2933/2933/2831 1415/1415/1386 2414/2414/2348
f 1850/1850/1813 2808/2808/2720 2807/2807/2719
f 502/502/490 1013/1013/993 1485/1485/1454
f 21/21/21 2498/2498/2428 2934/2934/2832
f 1936/1936/1897 1937/1937/1898 1619/1619/1584
f 2529/2529/2455 1760/1760/1723 1759/1759/1722
f 2935/2935/2833 2715/2715/2635 2936/2936/2834
f 1957/1957/1916 360/360/348 1208/1208/1181
f 2937/2937/2835 836/836/824 2938/2938/2836
f 2937/2937/2835 2872/2872/2778 836/836/824
f 2250/2250/2193 1979/1979/1938 2251/2251/2194
f 2339/2339/2280 2739/2739/2655 793/793/781
f 1604/1604/1569 2054/2054/2006 2876/2876/2782
f 2435/2435/2365 2437/2437/2367 2566/2566/2490
f 2435/2435/2365 1494/1494/1459 2436/2436/2366
f 1047/1047/1027 1049/1049/1029 1557/1557/1522
f 2939/2939/2837 1774/1774/1737 310/310/302
f 2940/2940/2838 101/101/95 2215/2215/2158
f 95/95/89 2941/2941/2839 1928/1928/1889
f 1697/1697/1660 2328/2328/2269 1699/1699/1662
f 2150/2150/2096 794/794/782 793/793/781
f 2150/2150/2096 793/793/781 2739/2739/2655
f 2942/2942/2840 2091/2091/2041 462/462/450
f 2822/2822/2734 2943/2943/2841 2744/2744/2660
f 2942/2942/2840 462/462/450 2944/2944/2842
f 1021/1021/1001 2893/2893/2799 2851/2851/2759
f 1318/1318/1291 2945/2945/2843 1322/1322/1295
f 1514/1514/1479 2065/2065/2017 2064/2064/2016
f 461/461/449 2944/2944/2842 462/462/450
f 489/489/477 492/492/480 90/90/84
f 1540/1540/1505 1537/1537/1502 2932/2932/2830
f 2235/2235/2178 2191/2191/2135 1448/1448/1419
f 2936/2936/2834 2715/2715/2635 2820/2820/2732
f 2367/2367/2306 2856/2856/2764 2445/2445/2375
f 558/558/546 1397/1397/1370 2503/2503/2433
f 7/7/7 2083/2083/2033 1123/1123/1096
f 1643/1643/1606 2946/2946/2844 2740/2740/2656
f 101/101/95 100/100/94 488/488/476
f 836/836/824 832/832/820 2938/2938/2836
f 1810/1810/1773 1706/1706/1669 1358/1358/1331
f 776/776/764 777/777/765 1898/1898/1859
f 1971/1971/1930 2262/2262/2205 2261/2261/2204
f 2109/2109/2057 1923/1923/1884 1059/1059/1039
f 1937/1937/1898 436/436/424 2741/2741/2657
f 1937/1937/1898 1992/1992/1951 1619/1619/1584
f 1937/1937/1898 2741/2741/2657 1992/1992/1951
f 2325/2325/2266 1699/1699/1662 2328/2328/2269
f 2851/2851/2759 2874/2874/2780 2852/2852/2760
f 2775/2775/2689 1523/1523/1488 1522/1522/1487
f 2884/2884/2790 2690/2690/2610 1792/1792/1755
f 2361/2361/2300 28/28/28 2947/2947/2845
f 2361/2361/2300 1639/1639/1602 28/28/28
f 832/832/820 2948/2948/2846 2938/2938/2836
f 2870/2870/2776 2857/2857/2765 2856/2856/2764
f 2606/2606/2530 2239/2239/2182 2540/2540/2464
f 2009/2009/1968 2949/2949/2847 2010/2010/1969
f 2283/2283/2226 2949/2949/2847 2009/2009/1968
