# Blender 5.2.0 LTS
# www.blender.org
mtllib hub_prop_tome.mtl
o Mesh_0
v -0.246086 -0.170744 -0.049535
v -0.246086 -0.170744 -0.046844
v -0.248043 -0.169765 -0.049535
v -0.232388 -0.168787 -0.049291
v -0.237280 -0.172701 -0.049780
v -0.244129 -0.166830 -0.050024
v 0.002874 0.121820 -0.017857
v 0.000275 0.125734 -0.024707
v -0.000010 0.119374 -0.024584
v 0.003043 0.127691 -0.017857
v 0.002874 0.121820 -0.017857
v 0.001177 -0.018958 -0.019202
v 0.008317 -0.020670 -0.005565
v 0.006819 0.123777 -0.008500
v 0.002874 0.121820 -0.017857
v 0.006819 0.123777 -0.008500
v 0.003043 0.127691 -0.017857
v -0.000010 0.119374 -0.024584
v 0.115460 -0.176614 -0.017979
v 0.117417 0.177593 -0.020792
v 0.131605 -0.173679 -0.021037
v 0.115460 -0.176614 -0.017979
v 0.129648 -0.180528 -0.020058
v 0.114971 -0.181507 -0.017245
v 0.115460 -0.176614 -0.017979
v 0.100783 -0.178571 -0.015716
v 0.102250 0.173679 -0.018224
v 0.100783 -0.178571 -0.015716
v 0.131605 -0.173679 -0.021037
v 0.115460 -0.176614 -0.017979
v 0.102250 0.173679 -0.018224
v 0.117417 0.177593 -0.020792
v -0.088063 0.152153 0.023973
v -0.076810 0.148239 0.024707
v -0.094423 -0.169765 0.025930
v -0.088063 0.152153 0.023973
v -0.107143 -0.167808 0.022016
v -0.100294 0.154110 0.020548
v -0.088063 0.152153 0.023973
v -0.094423 -0.169765 0.025930
v -0.107143 -0.167808 0.022016
v -0.088063 0.152153 0.023973
v -0.100294 0.154110 0.020548
v -0.089530 0.157045 0.023484
v -0.088063 0.152153 0.023973
v -0.089530 0.157045 0.023484
v -0.077299 0.154110 0.024829
v -0.076810 0.148239 0.024707
v -0.043787 -0.176614 0.000734
v -0.042074 0.137476 -0.001865
v -0.055284 -0.175636 0.003455
v -0.043787 -0.176614 0.000734
v -0.043787 -0.180528 0.000948
v -0.032779 -0.177593 -0.003959
v -0.055284 -0.175636 0.003455
v -0.055039 -0.179550 0.003486
v -0.043787 -0.176614 0.000734
v -0.032779 -0.177593 -0.003959
v -0.031311 0.132583 -0.006635
v -0.043787 -0.176614 0.000734
v -0.031311 0.132583 -0.006635
v -0.042074 0.137476 -0.001865
v 0.177593 0.217710 -0.049535
v 0.165851 0.228473 -0.049291
v 0.179550 0.223581 -0.049046
v 0.177593 0.217710 -0.049535
v 0.203033 -0.172701 -0.049046
v 0.184442 -0.177593 -0.048312
v 0.197162 0.208904 -0.049046
v 0.199120 0.201076 -0.049046
v 0.177593 0.217710 -0.049535
v 0.184442 -0.177593 -0.048312
v 0.165851 0.228473 -0.049291
v 0.177593 0.217710 -0.049535
v 0.199120 0.201076 -0.049046
v 0.203033 -0.172701 -0.049046
v 0.059687 -0.177593 0.026541
v 0.051859 -0.177593 0.023361
v 0.060665 -0.177593 0.024829
v 0.059687 -0.177593 0.026541
v 0.070939 -0.175636 0.029110
v 0.058953 -0.172701 0.026419
v 0.058953 -0.172701 0.026419
v 0.047945 -0.174657 0.021526
v 0.060665 -0.177593 0.024829
v -0.181507 0.171722 -0.026786
v -0.182485 0.177593 -0.026541
v -0.165851 0.174657 -0.020670
v -0.181507 0.171722 -0.026786
v -0.194227 0.172701 -0.031800
v -0.182485 0.177593 -0.026541
v -0.166830 0.168787 -0.021282
v -0.181507 0.171722 -0.026786
v -0.166830 0.168787 -0.021282
v -0.181507 0.018224 -0.024095
v -0.194227 0.172701 -0.031800
v -0.117417 -0.165851 0.050269
v -0.116928 -0.171722 0.050024
v -0.100294 -0.167808 0.049535
v -0.117417 -0.165851 0.050269
v -0.097358 -0.007614 0.049535
v -0.115460 -0.003516 0.049780
v -0.133562 -0.171722 0.050514
v -0.136497 -0.164873 0.050514
v -0.117417 -0.165851 0.050269
v -0.115460 -0.003516 0.049780
v -0.136497 -0.164873 0.050514
v -0.097358 -0.007614 0.049535
v 0.067515 0.160959 -0.009785
v 0.078767 -0.181507 -0.008042
v 0.092466 -0.178571 -0.009357
v 0.067515 0.160959 -0.009785
v 0.054795 0.157045 -0.010518
v 0.078767 -0.181507 -0.008042
v 0.067515 0.160959 -0.009785
v 0.092466 -0.178571 -0.009357
v 0.079745 0.166830 -0.010335
v 0.067515 0.160959 -0.009785
v 0.065558 0.167808 -0.010274
v 0.053816 0.162916 -0.011130
v 0.067515 0.160959 -0.009785
v 0.053816 0.162916 -0.011130
v 0.054795 0.157045 -0.010518
v 0.079745 0.166830 -0.010335
v 0.161938 -0.161938 0.000887
v 0.148239 -0.163894 0.004831
v 0.163894 -0.161938 -0.001078
v 0.148239 -0.164873 0.006727
v 0.177593 -0.160959 -0.004892
v 0.160959 -0.161938 0.003731
v 0.175636 -0.159980 -0.002041
v -0.003394 0.123288 -0.032167
v -0.003180 0.118395 -0.032657
v -0.004892 0.118395 -0.033145
v -0.003394 0.123288 -0.032167
v -0.004678 0.123777 -0.033390
v -0.005932 0.125734 -0.030210
v -0.003761 0.124266 -0.030332
v -0.003455 0.119374 -0.030455
v -0.003761 0.124266 -0.030332
v -0.004678 0.123777 -0.033390
v -0.043787 -0.196184 -0.017123
v -0.056752 -0.194227 -0.014432
v -0.044521 -0.190313 -0.017613
v -0.043787 -0.196184 -0.017123
v -0.041096 -0.197162 -0.015778
v -0.053816 -0.194227 -0.012292
v -0.043787 -0.196184 -0.017123
v -0.034736 -0.195205 -0.021037
v -0.033513 -0.199119 -0.021404
v -0.043787 -0.196184 -0.017123
v -0.053816 -0.194227 -0.012292
v -0.056752 -0.194227 -0.014432
v -0.041096 -0.197162 -0.015778
v -0.044521 -0.190313 -0.017613
v 0.118395 0.163894 0.011864
v 0.132583 0.160959 0.006789
v 0.119863 0.158023 0.012231
v 0.130626 0.165851 0.007889
v 0.118395 0.163894 0.011864
v 0.133562 0.167808 0.009173
v 0.130626 0.165851 0.007889
v 0.118884 0.164873 0.014555
v 0.107143 0.161938 0.015534
v 0.107143 0.161938 0.015534
v 0.004526 -0.180528 -0.028498
v 0.002691 0.118884 -0.032657
v 0.004403 -0.182485 -0.031433
v 0.004526 -0.180528 -0.028498
v 0.007461 -0.185421 -0.022994
v 0.007461 -0.180528 -0.023116
v 0.004526 -0.180528 -0.028498
v 0.004189 -0.186399 -0.028865
v 0.007461 -0.185421 -0.022994
v 0.004526 -0.180528 -0.028498
v 0.007461 -0.180528 -0.023116
v 0.002813 0.118884 -0.030577
v 0.004403 -0.182485 -0.031433
v 0.004526 -0.180528 -0.028498
v 0.002813 0.118884 -0.030577
v 0.002691 0.118884 -0.032657
v -0.175636 0.206947 -0.034369
v -0.178571 0.201076 -0.034858
v -0.169765 0.205968 -0.030822
v -0.177593 0.209883 -0.037060
v -0.180528 0.204012 -0.039506
v -0.181507 0.202055 -0.037060
v -0.173679 0.208904 -0.035103
v -0.205969 -0.153131 -0.021404
v -0.198141 0.017368 -0.018958
v -0.194227 -0.154110 -0.014677
v -0.205969 -0.153131 -0.021404
v -0.213796 -0.156067 -0.026297
v -0.215754 -0.152152 -0.027519
v -0.194227 -0.154110 -0.014677
v -0.204990 -0.157045 -0.020670
v -0.205969 -0.153131 -0.021404
v -0.205969 0.018102 -0.023850
v -0.198141 0.017368 -0.018958
v -0.205969 -0.153131 -0.021404
v -0.215754 -0.152152 -0.027519
v -0.205969 0.018102 -0.023850
v 0.067026 0.151174 0.044398
v 0.068982 0.150196 0.046600
v 0.080724 0.154110 0.045866
v 0.077789 0.153131 0.044153
v 0.063601 0.150196 0.041708
v 0.051125 0.147260 0.040484
v 0.057241 0.148239 0.044643
v 0.067026 0.151174 0.044398
v 0.051125 0.147260 0.040484
v 0.057241 0.148239 0.044643
v 0.172701 -0.171722 -0.031923
v 0.170744 -0.166830 -0.031923
v 0.184442 -0.168787 -0.036570
v 0.172701 -0.171722 -0.031923
v 0.171722 -0.171722 -0.029354
v 0.159002 -0.174657 -0.027275
v 0.185421 -0.168787 -0.034613
v 0.171722 -0.171722 -0.029354
v 0.157045 -0.169765 -0.027764
v 0.170744 -0.166830 -0.031923
v -0.045254 0.144325 0.014494
v -0.053327 0.148239 0.021282
v -0.044031 0.145304 0.015778
v -0.054794 0.143346 0.019937
v -0.054794 0.147260 0.020303
v -0.045254 0.144325 0.014494
v -0.037426 0.141389 0.007706
v -0.045499 0.139433 0.014310
v -0.044031 0.145304 0.015778
v -0.045499 0.139433 0.014310
v -0.021649 -0.181507 0.016145
v -0.015655 -0.179550 0.005871
v -0.021649 -0.177593 0.016267
v -0.027519 -0.179550 0.023850
v -0.025440 -0.182485 0.017735
v -0.021649 -0.181507 0.016145
v -0.018469 -0.182485 0.007002
v -0.016145 -0.182485 0.006299
v -0.018469 -0.182485 0.007002
v -0.015655 -0.179550 0.005871
v 0.222602 0.172701 -0.035347
v 0.222602 0.020181 -0.035592
v 0.221624 0.173679 -0.037549
v 0.222602 0.172701 -0.035347
v 0.219667 0.177593 -0.033145
v 0.219667 0.173679 -0.032167
v 0.222602 0.175636 -0.036326
v 0.219667 0.173679 -0.032167
v 0.222602 0.019692 -0.033635
v 0.221624 0.173679 -0.037549
v 0.088552 -0.174657 0.006024
v 0.088552 -0.169765 0.006085
v 0.076810 -0.171722 0.006268
v 0.078278 -0.176614 0.004312
v 0.089531 -0.174657 0.003883
v 0.088552 -0.174657 0.006024
v 0.098826 -0.172701 0.005229
v 0.088552 -0.169765 0.006085
v 0.077299 -0.176614 0.006299
v 0.098826 -0.172701 0.005229
v -0.129647 0.212818 -0.047823
v -0.147260 0.223581 -0.048557
v -0.129647 0.213796 -0.045621
v -0.129647 0.212818 -0.047823
v -0.129647 0.213796 -0.045621
v -0.112035 0.206947 -0.045132
v -0.112035 0.204990 -0.047334
v -0.130626 0.208904 -0.048068
v -0.129647 0.212818 -0.047823
v -0.130626 0.208904 -0.048068
v -0.148239 0.221624 -0.049291
v -0.147260 0.223581 -0.048557
v -0.127691 -0.169765 -0.002981
v -0.141389 -0.167808 -0.005015
v -0.143346 -0.166830 -0.007766
v -0.127691 -0.169765 -0.002981
v -0.128669 -0.169765 -0.001422
v -0.141389 -0.167808 -0.005015
v -0.115460 -0.171722 -0.001720
v -0.113503 -0.172701 0.000214
v -0.128669 -0.168787 -0.005443
v -0.143346 -0.166830 -0.007766
v 0.009112 0.136497 -0.036815
v 0.008317 0.130626 -0.037304
v 0.006544 0.134540 -0.036570
v 0.010641 0.140411 -0.033390
v 0.009112 0.136497 -0.036815
v 0.010641 0.140411 -0.033390
v 0.012842 0.140411 -0.034613
v 0.012842 0.134540 -0.034613
v 0.012842 0.140411 -0.034613
v 0.146282 -0.159980 0.010335
v 0.146282 0.013026 0.008439
v 0.133562 0.011314 0.014127
v 0.146282 -0.159980 0.010335
v 0.133562 -0.161938 0.015900
v 0.149217 -0.163894 0.008929
v 0.146282 -0.159980 0.010335
v 0.133562 0.011314 0.014127
v 0.133562 -0.161938 0.015900
v 0.159980 -0.158023 0.004648
v 0.146282 -0.159980 0.010335
v 0.159980 -0.158023 0.004648
v 0.146282 0.013026 0.008439
v -0.028865 0.169765 -0.042686
v -0.026297 -0.224560 -0.041952
v -0.018958 0.162916 -0.042441
v -0.028865 0.169765 -0.042686
v -0.040362 -0.217710 -0.041463
v -0.026297 -0.224560 -0.041952
v -0.028865 0.169765 -0.042686
v -0.017979 0.168787 -0.042931
v -0.028009 0.175636 -0.043175
v -0.040118 0.175636 -0.042441
v -0.028865 0.169765 -0.042686
v -0.040118 0.175636 -0.042441
v -0.054550 -0.210861 -0.042441
v -0.028865 0.169765 -0.042686
v -0.018958 0.162916 -0.042441
v -0.017979 0.168787 -0.042931
v -0.054550 -0.210861 -0.042441
v -0.085127 -0.200098 -0.042441
v -0.101761 -0.197162 -0.041952
v -0.107143 -0.202055 -0.042686
v -0.088063 -0.205969 -0.042686
v -0.085127 -0.200098 -0.042441
v -0.072407 0.187378 -0.041952
v -0.101761 -0.197162 -0.041952
v -0.071429 -0.205969 -0.042441
v -0.085127 -0.200098 -0.042441
v -0.071429 -0.205969 -0.042441
v -0.054305 0.181507 -0.041952
v -0.085127 -0.200098 -0.042441
v -0.054305 0.181507 -0.041952
v -0.072407 0.187378 -0.041952
v 0.122799 0.165851 -0.002500
v 0.109100 0.162916 0.002431
v 0.122799 0.164873 -0.000823
v 0.138454 0.169765 -0.007277
v 0.130626 0.166830 -0.007461
v 0.117906 0.163894 -0.004097
v 0.110078 0.163894 0.000176
v 0.138454 0.168787 -0.005901
v 0.005657 -0.233366 -0.041952
v 0.006605 -0.234344 -0.044887
v 0.013148 -0.233366 -0.041707
v 0.001651 -0.233366 -0.044887
v 0.004495 -0.234344 -0.044887
v 0.005657 -0.227495 -0.041952
v 0.002263 -0.231409 -0.041952
v 0.013210 -0.228473 -0.041463
v -0.213796 0.014800 0.047578
v -0.224560 -0.156067 0.048312
v -0.224560 -0.156067 0.049046
v -0.213796 0.014800 0.047578
v -0.212818 0.015656 0.046845
v -0.224560 -0.156067 0.048312
v -0.213796 0.014800 0.047578
v -0.210861 0.173679 0.047823
v -0.211839 0.172701 0.046845
v -0.211839 0.015044 0.049291
v -0.209883 0.171722 0.049535
v -0.212818 0.015656 0.046845
v -0.223581 -0.155088 0.050758
v -0.213796 0.014800 0.047578
v -0.223581 -0.155088 0.050758
v -0.211839 0.015044 0.049291
v -0.189335 -0.158023 -0.007277
v -0.175636 -0.160959 -0.004433
v -0.172701 -0.161938 -0.000304
v -0.190313 -0.159002 -0.010641
v -0.189335 -0.158023 -0.007277
v -0.167808 -0.158023 0.001078
v -0.180528 -0.155088 -0.004082
v -0.189335 -0.158023 -0.007277
v -0.172701 -0.161938 -0.000304
v -0.167808 -0.158023 0.001078
v -0.189335 -0.158023 -0.007277
v -0.195205 -0.154110 -0.010152
v -0.204012 -0.157045 -0.014616
v -0.195205 -0.154110 -0.010152
v -0.204012 -0.157045 -0.014616
v 0.004892 0.154110 -0.042441
v 0.004342 0.159980 -0.043175
v 0.000011 0.153131 -0.042931
v 0.004892 0.154110 -0.042441
v -0.000388 0.148239 -0.042931
v 0.005657 -0.227495 -0.041952
v 0.011375 0.157045 -0.042197
v 0.004892 0.154110 -0.042441
v 0.005657 -0.227495 -0.041952
v 0.013210 -0.228473 -0.041463
v 0.004892 0.154110 -0.042441
v 0.013210 -0.228473 -0.041463
v 0.011375 0.157045 -0.042197
v -0.000388 0.148239 -0.042931
v 0.100783 -0.173679 0.046845
v 0.089531 -0.173679 0.046355
v 0.080724 -0.173679 0.044398
v 0.097358 -0.172701 0.045377
v 0.100783 -0.173679 0.046845
v 0.116438 -0.172701 0.047578
v 0.116438 -0.171722 0.049780
v 0.101272 -0.172701 0.049046
v 0.097358 -0.172701 0.045377
v 0.089531 -0.173679 0.046355
v -0.034247 0.132583 -0.009295
v -0.047700 -0.175636 -0.002675
v -0.043542 0.137476 -0.005504
v -0.034247 0.132583 -0.009295
v -0.027153 0.135518 -0.013637
v -0.026174 0.128669 -0.013393
v -0.034981 0.138454 -0.009234
v -0.043542 0.137476 -0.005504
v -0.034247 0.132583 -0.009295
v -0.026174 0.128669 -0.013393
v -0.037916 -0.176614 -0.006176
v -0.034247 0.132583 -0.009295
v -0.037916 -0.176614 -0.006176
v -0.047700 -0.175636 -0.002675
v -0.008073 -0.229452 -0.049046
v -0.001927 0.148239 -0.048557
v -0.004235 -0.229452 -0.048557
v -0.008073 -0.229452 -0.049046
v -0.015289 -0.228473 -0.048801
v -0.006024 0.152153 -0.048801
v -0.008073 -0.229452 -0.049046
v -0.006024 0.152153 -0.048801
v -0.001927 0.148239 -0.048557
v -0.008073 -0.229452 -0.049046
v -0.004235 -0.229452 -0.048557
v -0.005504 -0.232388 -0.048557
v -0.008256 -0.233366 -0.048312
v -0.015289 -0.228473 -0.048801
v 0.189335 0.168787 -0.015472
v 0.202055 0.017613 -0.021160
v 0.192270 0.016145 -0.014616
v 0.189335 0.168787 -0.015472
v 0.174657 0.173679 -0.009112
v 0.188356 0.174657 -0.015044
v 0.174657 0.167808 -0.009357
v 0.201076 0.171722 -0.022260
v 0.174657 0.167808 -0.009357
v 0.201076 0.171722 -0.022260
v 0.037427 -0.176614 -0.004266
v 0.048434 -0.179550 -0.000281
v 0.035225 -0.181507 -0.004831
v 0.048679 -0.174657 -0.000564
v 0.028865 -0.177593 -0.009112
v 0.037427 -0.176614 -0.004266
v 0.034247 0.132583 -0.007950
v 0.048679 -0.174657 -0.000564
v 0.037427 -0.176614 -0.004266
v 0.028865 -0.177593 -0.009112
v 0.024829 0.127691 -0.012537
v 0.037427 -0.176614 -0.004266
v 0.024829 0.127691 -0.012537
v 0.034247 0.132583 -0.007950
v -0.125734 0.166830 0.012414
v -0.124755 0.164873 0.010886
v -0.139433 0.168787 0.006757
v -0.113992 0.163894 0.017490
v -0.113503 0.162916 0.015534
v -0.128669 0.165851 0.013637
v -0.115949 0.163894 0.018591
v -0.101761 -0.197162 -0.041952
v -0.072407 0.187378 -0.041952
v -0.088552 0.194227 -0.041952
v -0.121820 -0.192270 -0.041952
v -0.123288 -0.196184 -0.042686
v -0.101761 -0.197162 -0.041952
v -0.088552 0.194227 -0.041952
v -0.121820 -0.192270 -0.041952
v 0.077789 0.148239 0.024707
v 0.066536 0.146282 0.024095
v 0.065558 0.151174 0.024462
v 0.077789 0.148239 0.024707
v 0.083170 -0.169765 0.026052
v 0.066536 0.146282 0.024095
v 0.077789 0.148239 0.024707
v 0.077299 0.155088 0.024340
v 0.091487 0.152153 0.022994
v 0.077789 0.148239 0.024707
v 0.095891 -0.168787 0.025196
v 0.083170 -0.169765 0.026052
v 0.077789 0.148239 0.024707
v 0.091487 0.152153 0.022994
v 0.095891 -0.168787 0.025196
v 0.077789 0.148239 0.024707
v 0.065558 0.151174 0.024462
v 0.077299 0.155088 0.024340
v 0.249022 -0.167808 -0.049535
v 0.243151 0.182485 -0.050269
v 0.244129 0.181507 -0.047089
v 0.249022 -0.167808 -0.049535
v 0.248043 -0.169765 -0.049535
v 0.245107 -0.167808 -0.049291
v 0.250000 -0.166830 -0.046355
v 0.249022 -0.167808 -0.049535
v 0.244129 0.181507 -0.047089
v 0.250000 -0.166830 -0.046355
v 0.249022 -0.167808 -0.049535
v 0.245107 -0.167808 -0.049291
v 0.243151 0.182485 -0.050269
v -0.020303 0.134540 -0.009234
v -0.015655 0.131605 -0.017735
v -0.022016 0.134540 -0.008990
v -0.020303 0.134540 -0.009234
v -0.027397 0.137476 -0.000508
v -0.020181 0.134540 -0.006727
v -0.015472 0.131605 -0.014065
v -0.014066 0.131605 -0.018346
v -0.020181 0.134540 -0.006727
v -0.022016 0.134540 -0.008990
v -0.065558 -0.015472 0.047089
v -0.050881 0.141389 0.043175
v -0.064090 0.143346 0.046111
v -0.065558 -0.015472 0.047089
v -0.083170 -0.169765 0.048802
v -0.068004 -0.170744 0.046845
v -0.081702 -0.012292 0.048557
v -0.051859 -0.017490 0.043909
v -0.081702 -0.012292 0.048557
v -0.051859 -0.017490 0.043909
v 0.161938 0.230431 -0.042931
v 0.165851 0.233366 -0.043665
v 0.161938 0.234344 -0.043420
v 0.161938 0.230431 -0.042931
v 0.157045 0.227495 -0.042931
v 0.174657 -0.179550 -0.042931
v 0.157045 0.232388 -0.042931
v 0.166830 0.228473 -0.043665
v 0.166830 0.228473 -0.043665
v 0.157045 0.227495 -0.042931
v 0.036448 -0.180528 0.005810
v 0.041585 -0.179550 0.012537
v 0.039139 -0.180528 0.012842
v 0.036448 -0.180528 0.005810
v 0.028376 -0.182485 -0.006176
v 0.027642 -0.179550 -0.005993
v 0.032290 -0.181507 0.003425
v 0.036937 -0.176614 0.006207
v 0.028376 -0.182485 -0.006176
v 0.027642 -0.179550 -0.005993
v -0.213796 0.179550 -0.038772
v -0.208904 0.179550 -0.036081
v -0.213796 0.179550 -0.040484
v -0.216732 0.173679 -0.039995
v -0.213796 0.178571 -0.037794
v -0.210861 0.179550 -0.034613
v -0.141389 -0.165851 0.013271
v -0.156067 -0.163894 0.006177
v -0.137476 -0.166830 0.012537
v -0.141389 -0.165851 0.013271
v -0.126712 -0.169765 0.019447
v -0.127691 -0.163894 0.019325
v -0.141389 -0.161938 0.013087
v -0.127691 -0.163894 0.019325
v -0.124266 -0.169765 0.018102
v -0.137476 -0.166830 0.012537
v 0.015044 0.139433 -0.025807
v 0.022627 0.144325 -0.021037
v 0.015533 0.145304 -0.026541
v 0.015044 0.139433 -0.025807
v 0.028743 -0.194227 -0.018102
v 0.022627 0.144325 -0.021037
v 0.015044 0.139433 -0.025807
v 0.015533 0.145304 -0.026541
v 0.011069 0.141389 -0.030455
v 0.015044 0.139433 -0.025807
v 0.010213 0.134540 -0.030210
v 0.021160 -0.197162 -0.022994
v 0.015044 0.139433 -0.025807
v 0.021160 -0.197162 -0.022994
v 0.028743 -0.194227 -0.018102
v 0.010213 0.134540 -0.030210
v 0.149217 -0.160959 -0.005504
v 0.133562 0.160959 -0.003776
v 0.136497 -0.163894 -0.002255
v 0.149217 -0.160959 -0.005504
v 0.159002 -0.163894 -0.009418
v 0.158023 -0.159980 -0.009662
v 0.149217 -0.164873 -0.005106
v 0.149217 -0.160959 -0.005504
v 0.143346 0.162916 -0.006544
v 0.133562 0.160959 -0.003776
v 0.136497 -0.163894 -0.002255
v 0.149217 -0.160959 -0.005504
v 0.158023 -0.159980 -0.009662
v 0.143346 0.162916 -0.006544
v -0.081702 0.197162 -0.045132
v -0.097358 0.201076 -0.045376
v -0.088063 0.199120 -0.042441
v -0.081702 0.197162 -0.045132
v -0.068982 0.191291 -0.042441
v -0.067515 0.192270 -0.044887
v -0.096869 0.200098 -0.047578
v -0.081213 0.195205 -0.047089
v -0.081213 0.195205 -0.047089
v -0.088063 0.199120 -0.042441
v -0.008378 -0.180528 -0.015411
v -0.013637 -0.179550 -0.004862
v -0.011925 -0.021404 -0.005962
v -0.007186 -0.021282 -0.015594
v -0.008378 -0.180528 -0.015411
v -0.008623 -0.184442 -0.014983
v -0.013637 -0.179550 -0.004862
v -0.005748 -0.184442 -0.022260
v -0.005412 -0.180528 -0.022138
v -0.005412 -0.180528 -0.022138
v 0.197162 0.176615 0.048068
v 0.194227 0.175636 0.046600
v 0.169765 0.172701 0.047578
v 0.169765 0.171722 0.049046
v 0.197162 0.174657 0.049535
v 0.206947 0.175636 0.046845
v 0.206947 0.176615 0.047823
v 0.197162 0.176615 0.048068
v 0.206947 0.176615 0.047823
v 0.206947 0.175636 0.046845
v 0.056752 -0.213796 -0.042686
v 0.055528 -0.209883 -0.041952
v 0.039384 -0.216732 -0.041463
v 0.039873 -0.221624 -0.042441
v 0.040852 -0.220646 -0.044643
v 0.057486 -0.213796 -0.044887
v 0.072896 -0.207925 -0.042686
v -0.123288 0.160959 -0.001674
v -0.122309 0.167808 -0.001667
v -0.136497 0.163894 -0.005596
v -0.123288 0.160959 -0.001674
v -0.140411 -0.162916 -0.004525
v -0.127691 -0.164873 -0.001162
v -0.110078 0.158023 0.001590
v -0.107632 0.163894 0.001850
v -0.123288 0.160959 -0.001674
v -0.136497 0.163894 -0.005596
v -0.140411 -0.162916 -0.004525
v -0.123288 0.160959 -0.001674
v -0.127691 -0.164873 -0.001162
v -0.110078 0.158023 0.001590
v -0.193249 -0.156067 -0.028987
v -0.203033 -0.158023 -0.032901
v -0.204012 -0.155088 -0.034124
v -0.193249 -0.156067 -0.028987
v -0.181507 0.018224 -0.024095
v -0.166830 0.015656 -0.018713
v -0.193249 -0.156067 -0.028987
v -0.180528 -0.158023 -0.023973
v -0.188356 -0.159980 -0.027519
v -0.193249 -0.156067 -0.028987
v -0.166830 0.015656 -0.018713
v -0.180528 -0.158023 -0.023973
v -0.193249 -0.156067 -0.028987
v -0.204012 -0.155088 -0.034124
v -0.181507 0.018224 -0.024095
v -0.203033 -0.158023 -0.032901
v 0.067515 0.154110 0.016512
v 0.063601 0.152153 0.017490
v 0.076321 0.155088 0.018102
v 0.056018 0.151174 0.014188
v 0.055039 0.149217 0.015534
v 0.067515 0.154110 0.016512
v 0.076321 0.155088 0.018102
v 0.077789 0.157045 0.017246
v 0.068004 0.153131 0.014861
v 0.068004 0.153131 0.014861
v 0.169765 -0.162916 -0.014249
v 0.173679 -0.161938 -0.014677
v 0.157045 -0.164873 -0.010029
v 0.169765 -0.162916 -0.014249
v 0.170744 -0.161938 -0.016634
v 0.180528 -0.160959 -0.019080
v 0.158023 -0.163894 -0.011803
v 0.158023 -0.163894 -0.011803
v 0.173679 -0.161938 -0.014677
v -0.050881 0.141389 0.043175
v -0.039873 0.143346 0.038038
v -0.051859 0.147260 0.042931
v -0.040362 0.137476 0.038038
v -0.064090 0.143346 0.046111
v -0.040362 0.137476 0.038038
v -0.070939 -0.191291 -0.007797
v -0.058953 -0.185421 -0.009112
v -0.069471 -0.182485 -0.008103
v -0.081702 -0.189335 -0.008195
v -0.061155 -0.192270 -0.008929
v -0.067515 -0.191291 -0.010641
v 0.194227 0.018102 -0.028987
v 0.183464 0.016756 -0.023850
v 0.181507 0.170744 -0.024707
v 0.193249 0.172701 -0.030210
v 0.194227 0.018102 -0.028987
v 0.205968 -0.153131 -0.033635
v 0.195205 -0.154110 -0.028742
v 0.194227 0.018102 -0.028987
v 0.195205 -0.154110 -0.028742
v 0.183464 0.016756 -0.023850
v 0.203033 0.019569 -0.033635
v 0.194227 0.018102 -0.028987
v 0.203033 0.019569 -0.033635
v 0.205968 -0.153131 -0.033635
v 0.027642 -0.176614 0.026052
v 0.027764 -0.019447 0.027519
v 0.020181 -0.019814 0.016879
v 0.027642 -0.176614 0.026052
v 0.027642 -0.180528 0.026052
v 0.034491 -0.178571 0.032168
v 0.027642 -0.176614 0.026052
v 0.036693 -0.175636 0.035103
v 0.027764 -0.019447 0.027519
v 0.020426 -0.177593 0.017123
v 0.036693 -0.175636 0.035103
v 0.027642 -0.176614 0.026052
v 0.020181 -0.019814 0.016879
v 0.020426 -0.177593 0.017123
v -0.217710 0.177593 -0.034369
v -0.216732 0.177593 -0.036326
v -0.220646 0.177593 -0.038038
v -0.222602 0.176615 -0.036326
v -0.212818 0.178571 -0.027886
v -0.219667 0.177593 -0.033145
v -0.212818 0.015656 0.046845
v -0.208904 -0.158023 0.048068
v -0.224560 -0.159980 0.048312
v 0.012108 0.166830 -0.043175
v 0.009907 0.165851 -0.045621
v 0.002966 0.160959 -0.045866
v 0.101761 -0.172701 0.002966
v 0.118395 -0.169765 0.000765
v 0.113013 -0.170744 0.003486
v 0.101761 -0.172701 0.002966
v 0.098826 -0.172701 0.005229
v 0.089531 -0.174657 0.003883
v 0.104697 -0.171722 0.000390
v 0.101761 -0.172701 0.002966
v 0.090020 -0.174657 0.001865
v 0.098826 -0.172701 0.005229
v 0.101761 -0.172701 0.002966
v 0.090020 -0.174657 0.001865
v 0.104697 -0.171722 0.000390
v -0.015655 0.135518 -0.033145
v -0.011803 0.131605 -0.036081
v -0.018469 -0.199119 -0.031189
v -0.015655 0.135518 -0.033145
v -0.025073 -0.197162 -0.026297
v -0.022994 0.140411 -0.027886
v -0.015655 0.135518 -0.033145
v -0.022994 0.140411 -0.027886
v -0.016023 0.141389 -0.033145
v -0.015655 0.135518 -0.033145
v -0.018469 -0.199119 -0.031189
v -0.025073 -0.197162 -0.026297
v -0.015655 0.135518 -0.033145
v -0.010580 0.136497 -0.037060
v -0.011803 0.131605 -0.036081
v -0.016023 0.141389 -0.033145
v -0.015900 -0.233366 -0.042441
v -0.015778 -0.228473 -0.041952
v -0.026174 -0.229452 -0.042197
v -0.012537 -0.234344 -0.045132
v -0.008195 -0.235323 -0.045376
v -0.008439 -0.233366 -0.042197
v 0.211839 0.015166 0.048557
v 0.196184 0.011008 0.049291
v 0.222602 -0.157045 0.050024
v 0.211839 0.015166 0.048557
v 0.212818 0.014494 0.047334
v 0.207926 0.171722 0.049046
v 0.191291 0.169765 0.049046
v 0.196184 0.011008 0.049291
v 0.211839 0.015166 0.048557
v 0.223581 -0.157045 0.048557
v 0.212818 0.014494 0.047334
v 0.211839 0.015166 0.048557
v 0.222602 -0.157045 0.050024
v 0.223581 -0.157045 0.048557
v 0.023606 -0.198141 -0.027030
v 0.018102 0.137476 -0.030577
v 0.031066 -0.195205 -0.022260
v 0.023606 -0.198141 -0.027030
v 0.023116 -0.202055 -0.027275
v 0.017368 -0.200098 -0.032412
v 0.031066 -0.195205 -0.022260
v 0.032045 -0.199119 -0.022016
v 0.023606 -0.198141 -0.027030
v 0.012842 0.134540 -0.034613
v 0.018102 0.137476 -0.030577
v 0.023606 -0.198141 -0.027030
v 0.017368 -0.200098 -0.032412
v 0.012842 0.134540 -0.034613
v -0.139433 0.170744 -0.007002
v -0.122309 0.167808 -0.001667
v -0.132583 0.169765 -0.006849
v -0.141389 0.170744 -0.010029
v -0.149217 0.173679 -0.012598
v -0.150196 0.172701 -0.010335
v -0.147260 0.166830 -0.009112
v -0.136497 0.163894 -0.005596
v -0.139433 -0.187378 -0.041707
v -0.129647 0.208904 -0.041707
v -0.157045 -0.183464 -0.042197
v -0.139433 -0.187378 -0.041707
v -0.141389 -0.192270 -0.042686
v -0.139433 -0.187378 -0.041707
v -0.159002 -0.187378 -0.042686
v -0.141389 -0.192270 -0.042686
v -0.157045 -0.183464 -0.042197
v -0.139433 -0.187378 -0.041707
v -0.109589 0.201076 -0.041952
v -0.129647 0.208904 -0.041707
v -0.139433 -0.187378 -0.041707
v -0.121820 -0.192270 -0.041952
v -0.109589 0.201076 -0.041952
v 0.071918 0.148239 0.004953
v 0.070939 0.153131 0.004617
v 0.057730 0.149217 0.003241
v 0.071918 0.148239 0.004953
v 0.088552 -0.169765 0.006085
v 0.083660 0.151174 0.004587
v 0.058464 0.143346 0.003608
v 0.083660 0.151174 0.004587
v 0.071918 0.148239 0.004953
v 0.058464 0.143346 0.003608
v 0.076810 -0.171722 0.006268
v 0.071918 0.148239 0.004953
v 0.076810 -0.171722 0.006268
v 0.088552 -0.169765 0.006085
v 0.218689 -0.150196 -0.032657
v 0.222602 -0.149217 -0.036326
v 0.222602 -0.152152 -0.035347
v 0.218689 -0.150196 -0.032657
v 0.210861 0.019080 -0.026419
v 0.216732 0.019203 -0.032412
v 0.218689 -0.150196 -0.032657
v 0.212818 -0.151174 -0.026663
v 0.210861 0.019080 -0.026419
v 0.218689 -0.154110 -0.031311
v 0.212818 -0.151174 -0.026663
v 0.218689 -0.150196 -0.032657
v 0.216732 0.019203 -0.032412
v 0.222602 -0.149217 -0.036326
v -0.052104 0.148239 0.023850
v -0.062133 0.145304 0.027031
v -0.052104 0.142368 0.023484
v -0.063601 0.151174 0.025074
v -0.042808 0.145304 0.017979
v -0.062378 0.150196 0.027153
v -0.047700 -0.175636 -0.002675
v -0.051370 -0.179550 -0.001215
v -0.057486 -0.174657 -0.000231
v -0.037916 -0.176614 -0.006176
v -0.047700 -0.175636 -0.002675
v -0.057486 -0.174657 -0.000231
v -0.043542 0.137476 -0.005504
v 0.155088 0.224560 -0.048312
v 0.157045 0.232388 -0.048312
v 0.161938 0.229452 -0.049046
v 0.155088 0.224560 -0.048312
v 0.156067 -0.184442 -0.048557
v 0.134540 0.209883 -0.048312
v 0.134540 0.209883 -0.048312
v 0.147260 0.223581 -0.048068
v 0.155088 0.224560 -0.048312
v 0.168787 -0.181507 -0.048557
v 0.156067 -0.184442 -0.048557
v 0.155088 0.224560 -0.048312
v 0.161938 0.229452 -0.049046
v 0.168787 -0.181507 -0.048557
v 0.041585 -0.179550 0.012537
v 0.052837 -0.177593 0.017246
v 0.049902 -0.178571 0.017857
v 0.046967 -0.178571 0.017979
v 0.046967 -0.178571 0.017979
v -0.212818 0.173679 -0.035103
v -0.215754 0.021649 -0.035347
v -0.204990 0.173679 -0.031923
v -0.212818 0.173679 -0.035103
v -0.216732 0.173679 -0.038038
v -0.212818 0.173679 -0.035103
v -0.204990 0.173679 -0.031923
v -0.210861 0.179550 -0.034613
v -0.216732 0.173679 -0.038038
v -0.140411 -0.162916 -0.004525
v -0.154110 -0.165851 -0.008684
v -0.127691 -0.164873 -0.001162
v -0.127691 -0.164873 -0.001162
v 0.005840 0.128669 -0.034613
v 0.014188 -0.199119 -0.028620
v 0.010213 0.134540 -0.030210
v 0.005840 0.128669 -0.034613
v 0.006666 0.134540 -0.034369
v 0.006055 0.128669 -0.037060
v 0.005840 0.128669 -0.034613
v 0.009785 -0.201076 -0.033879
v 0.014188 -0.199119 -0.028620
v 0.005840 0.128669 -0.034613
v 0.006055 0.128669 -0.037060
v 0.009357 -0.201076 -0.036081
v 0.009357 -0.201076 -0.036081
v 0.138454 -0.164873 0.048312
v 0.107632 -0.007889 0.047334
v 0.132583 -0.002003 0.047823
v 0.138454 -0.164873 0.048312
v 0.134540 -0.171722 0.047089
v 0.112035 -0.166830 0.047089
v 0.138454 -0.164873 0.048312
v 0.132583 -0.002003 0.047823
v 0.166830 -0.163894 0.048312
v 0.138454 -0.164873 0.048312
v 0.153131 -0.171722 0.047823
v 0.134540 -0.171722 0.047089
v 0.171722 -0.170744 0.048312
v 0.153131 -0.171722 0.047823
v 0.107632 -0.007889 0.047334
v -0.048924 0.160959 -0.017735
v -0.054061 0.156067 -0.016634
v -0.060176 0.163894 -0.016511
v -0.048924 0.160959 -0.017735
v -0.051859 0.162916 -0.014921
v -0.040118 0.158023 -0.017613
v -0.039384 0.156067 -0.020915
v -0.054061 0.156067 -0.016634
v -0.051859 0.162916 -0.014921
v -0.000738 0.116928 -0.031923
v 0.001177 0.124266 -0.031066
v 0.001529 0.116928 -0.031311
v -0.000738 0.116928 -0.031923
v 0.001529 0.116928 -0.031311
v -0.000948 -0.017245 -0.030577
v -0.001334 -0.017490 -0.028865
v -0.000959 0.117906 -0.028865
v -0.000330 0.124266 -0.030088
v -0.000959 0.117906 -0.028865
v 0.196184 0.208904 -0.043665
v 0.206947 0.200098 -0.044398
v 0.204990 0.203033 -0.046355
v 0.196184 0.208904 -0.043665
v 0.204990 0.203033 -0.046355
v 0.187378 0.215754 -0.045621
v 0.179550 0.222602 -0.044153
v 0.178571 0.216732 -0.043420
v 0.202055 0.200098 -0.043175
v 0.202055 0.200098 -0.043175
v 0.093934 -0.186399 -0.009295
v 0.096379 -0.185421 -0.012292
v 0.110568 -0.183464 -0.012047
v 0.079745 -0.189335 -0.007736
v 0.080235 -0.189335 -0.010090
v 0.093934 -0.186399 -0.009295
v 0.078767 -0.181507 -0.008042
v 0.079745 -0.189335 -0.007736
v 0.092466 -0.178571 -0.009357
v 0.078767 -0.181507 -0.008042
v -0.101272 0.159980 0.019692
v -0.112525 0.158023 0.015778
v -0.101272 0.159980 0.019692
v -0.100294 0.160959 0.022016
v -0.089530 0.157045 0.023484
v -0.100294 0.160959 0.022016
v -0.100294 0.154110 0.020548
v -0.100294 0.154110 0.020548
v -0.159980 -0.164873 -0.016084
v -0.149217 -0.165851 -0.011925
v -0.156067 -0.165851 -0.011742
v -0.159980 -0.164873 -0.016084
v -0.172701 -0.161938 -0.021037
v -0.165851 -0.159002 -0.018469
v -0.165851 -0.159002 -0.018469
v -0.152152 -0.160959 -0.013637
v -0.170744 -0.162916 -0.017490
v -0.170744 -0.162916 -0.017490
v 0.076810 0.155088 0.027764
v 0.088552 0.151174 0.027031
v 0.089041 0.157045 0.025807
v 0.090509 0.159002 0.024218
v 0.075342 0.155088 0.026419
v 0.076810 0.155088 0.027764
v 0.065558 0.152153 0.027764
v 0.077299 0.148239 0.028498
v 0.088552 0.151174 0.027031
v 0.075342 0.155088 0.026419
v 0.201076 -0.177593 -0.045866
v 0.221624 -0.173679 -0.046600
v 0.219667 -0.173679 -0.043420
v 0.201076 -0.177593 -0.045866
v 0.182485 -0.182485 -0.045621
v 0.182485 -0.181507 -0.048801
v 0.201076 -0.177593 -0.045866
v 0.199120 -0.176614 -0.043175
v 0.182485 -0.182485 -0.045621
v 0.201076 -0.177593 -0.045866
v 0.202055 -0.176614 -0.048557
v 0.221624 -0.173679 -0.046600
v 0.182485 -0.181507 -0.048801
v 0.219667 -0.173679 -0.043420
v -0.011436 0.124755 -0.008867
v -0.011925 -0.021404 -0.005962
v -0.017245 -0.021160 0.003425
v -0.006941 0.122309 -0.019080
v -0.011436 0.124755 -0.008867
v -0.011130 0.129648 -0.010213
v -0.006941 0.122309 -0.019080
v -0.011436 0.124755 -0.008867
v -0.017245 -0.021160 0.003425
v -0.016389 0.127691 0.001200
v -0.016389 0.127691 0.001200
v -0.083660 -0.173679 0.048068
v -0.083170 -0.169765 0.048802
v -0.099804 -0.172701 0.049046
v -0.083660 -0.173679 0.048068
v -0.068004 -0.175636 0.044153
v -0.069471 -0.174657 0.046600
v -0.068004 -0.170744 0.046845
v -0.082681 -0.175636 0.046111
v -0.083170 -0.169765 0.048802
v -0.082681 -0.175636 0.046111
v 0.141389 0.169765 -0.010579
v 0.153131 0.171722 -0.014983
v 0.154110 0.165851 -0.014616
v 0.152153 0.171722 -0.011681
v 0.142368 0.163894 -0.010518
v 0.038405 -0.176614 0.014677
v 0.047945 -0.174657 0.021526
v 0.029232 0.132583 0.011253
v 0.038405 -0.176614 0.014677
v 0.046233 -0.178571 0.020426
v 0.038405 -0.176614 0.014677
v 0.031311 -0.176614 0.005596
v 0.038405 -0.179550 0.014249
v 0.046233 -0.178571 0.020426
v -0.199119 0.204990 -0.043909
v -0.220646 0.195205 -0.044643
v -0.200098 0.201076 -0.043420
v -0.201076 0.205968 -0.046844
v -0.221624 0.195205 -0.046600
v -0.199119 0.204990 -0.043909
v -0.180528 0.222602 -0.043665
v -0.201076 0.205968 -0.046844
v -0.178571 0.217710 -0.043665
v -0.200098 0.201076 -0.043420
v -0.210861 -0.158023 -0.031923
v -0.199119 -0.159002 -0.029354
v -0.198141 -0.159980 -0.027030
v -0.206947 -0.155088 -0.030822
v -0.215754 -0.153131 -0.034124
v -0.196184 -0.156067 -0.025685
v -0.220646 -0.157045 -0.036570
v -0.211839 -0.158023 -0.034613
v 0.030088 0.135518 0.024095
v 0.022750 0.131605 0.015166
v 0.022016 0.137476 0.014983
v 0.030088 0.135518 0.024095
v 0.038650 0.137476 0.030944
v 0.040852 -0.018469 0.032657
v 0.031311 -0.019203 0.024462
v 0.022750 0.131605 0.015166
v 0.029721 0.141389 0.023973
v 0.038650 0.137476 0.030944
v 0.181507 -0.163894 -0.036326
v 0.170744 -0.166830 -0.031923
v 0.157045 -0.169765 -0.027764
v 0.154110 0.192270 -0.029844
v 0.170744 -0.166830 -0.031923
v 0.163894 0.197162 -0.033635
v 0.181507 -0.163894 -0.036326
v 0.170744 -0.166830 -0.031923
v 0.154110 0.192270 -0.029844
v 0.163894 0.197162 -0.033635
v -0.092955 0.159980 0.003731
v -0.092955 0.159980 0.001590
v -0.106654 0.163894 0.000015
v -0.092955 0.159980 0.003731
v -0.106654 0.163894 0.000015
v -0.079745 0.156067 0.004587
v -0.110078 0.158023 0.001590
v -0.093933 0.155088 0.003517
v -0.039384 -0.180528 0.014066
v -0.030944 -0.181507 0.005840
v -0.030577 -0.177593 0.005198
v -0.043297 -0.179550 0.015289
v -0.035959 -0.180528 0.008684
v -0.048434 -0.179550 0.020426
v -0.038160 -0.175636 0.012842
v 0.209883 0.179550 -0.036081
v 0.209883 0.179550 -0.038038
v 0.200098 0.179550 -0.031800
v 0.214775 0.178571 -0.040729
v 0.200098 0.178571 -0.029476
v 0.211839 0.178571 -0.035347
v 0.214775 0.179550 -0.038527
v 0.052837 -0.194227 -0.011619
v 0.040118 -0.197162 -0.015961
v 0.041830 -0.197162 -0.017735
v 0.054305 -0.194227 -0.014249
v 0.050147 -0.194227 -0.009662
v 0.049658 -0.190313 -0.009540
v 0.066536 -0.192270 -0.010029
v -0.208904 0.020670 -0.036815
v -0.197162 0.018958 -0.031556
v -0.214775 -0.152152 -0.038527
v -0.208904 0.020670 -0.036815
v -0.216732 0.021037 -0.039016
v -0.210861 0.172701 -0.039506
v -0.208904 0.020670 -0.036815
v -0.221624 -0.152152 -0.039750
v -0.216732 0.021037 -0.039016
v -0.204012 0.173679 -0.036326
v -0.197162 0.018958 -0.031556
v -0.208904 0.020670 -0.036815
v -0.214775 -0.152152 -0.038527
v -0.221624 -0.152152 -0.039750
v -0.103718 -0.168787 0.004067
v -0.104697 -0.173679 0.003914
v -0.093444 -0.170744 0.005137
v -0.103718 -0.168787 0.004067
v -0.093444 -0.170744 0.005137
v -0.093933 0.155088 0.003517
v -0.103718 -0.168787 0.004067
v -0.118395 -0.171722 0.001498
v -0.104697 -0.173679 0.003914
v -0.103718 -0.168787 0.004067
v -0.110078 0.158023 0.001590
v -0.116928 -0.167808 0.001942
v -0.103718 -0.168787 0.004067
v -0.093933 0.155088 0.003517
v -0.110078 0.158023 0.001590
v -0.116928 -0.167808 0.001942
v 0.097847 0.201076 -0.047823
v 0.114481 0.205968 -0.047578
v 0.115949 0.202055 -0.048312
v 0.097358 0.202055 -0.045376
v 0.081702 0.197162 -0.045376
v 0.100294 0.195205 -0.048068
v 0.081702 0.196184 -0.047578
v 0.222602 -0.160959 0.047578
v 0.206947 -0.158023 0.048068
v 0.221624 -0.156067 0.047823
v 0.222602 -0.160959 0.047578
v 0.221624 -0.156067 0.047823
v 0.222602 -0.161938 0.048557
v 0.222602 -0.161938 0.048557
v 0.209883 -0.163894 0.047334
v -0.002477 0.124755 -0.027153
v -0.002997 0.123777 -0.030332
v -0.004021 0.124755 -0.026786
v -0.000082 0.123777 -0.029721
v -0.001181 0.123288 -0.031678
v -0.000745 0.124755 -0.026052
v -0.003761 0.126712 -0.023728
v -0.012659 0.156067 -0.042441
v -0.026297 -0.224560 -0.041952
v -0.015778 -0.228473 -0.041952
v -0.012659 0.156067 -0.042441
v -0.026297 -0.224560 -0.041952
v -0.040362 -0.217710 -0.041463
v -0.041096 -0.222602 -0.042441
v 0.137476 0.012476 0.006360
v 0.132583 0.160959 0.006789
v 0.145304 0.162916 0.002034
v 0.150196 0.013699 0.001261
v 0.132583 0.160959 0.006789
v 0.150196 0.013699 0.001261
v 0.137476 0.012476 0.006360
v 0.028376 -0.182485 -0.006176
v 0.020059 -0.179550 -0.015166
v 0.027642 -0.179550 -0.005993
v 0.019080 -0.184442 -0.014555
v 0.021404 -0.183464 -0.014555
v 0.024095 -0.183464 -0.007063
v 0.028376 -0.182485 -0.006176
v 0.032290 -0.181507 0.003425
v 0.024095 -0.183464 -0.007063
v -0.161938 0.169765 0.049046
v -0.164873 0.170744 0.047334
v -0.182485 0.173679 0.047334
v -0.162916 0.164873 0.048802
v -0.145303 0.166830 0.048557
v -0.190313 0.168787 0.048802
v -0.179550 0.172701 0.048557
v -0.221624 -0.155088 -0.039506
v -0.221624 -0.152152 -0.039750
v -0.214775 -0.152152 -0.038527
v -0.214775 -0.157045 -0.038038
v -0.221624 -0.155088 -0.039506
v -0.223581 -0.153131 -0.038772
v -0.221624 -0.152152 -0.039750
v -0.214775 -0.157045 -0.038038
v -0.221624 -0.156067 -0.038772
v 0.033024 0.140411 -0.005228
v 0.023361 0.135518 -0.007766
v 0.033268 0.140411 -0.003211
v 0.024951 0.136497 -0.009479
v 0.033024 0.140411 -0.005228
v 0.033268 0.140411 -0.003211
v 0.042808 0.144325 -0.001934
v 0.034247 0.139433 -0.007889
v 0.025196 0.135518 -0.012231
v 0.024951 0.136497 -0.009479
v 0.127691 -0.181507 -0.016879
v 0.143346 -0.177593 -0.018958
v 0.127691 -0.181507 -0.014738
v 0.143346 -0.178571 -0.020426
v 0.112525 -0.183464 -0.014371
v 0.127691 -0.181507 -0.016879
v 0.143346 -0.178571 -0.020426
v 0.143346 -0.177593 -0.018958
v -0.062133 0.145304 0.027031
v -0.072896 0.147260 0.028987
v -0.078767 -0.171722 0.029966
v -0.062133 0.145304 0.027031
v -0.062378 0.150196 0.027153
v -0.072896 0.147260 0.028987
v -0.062133 0.145304 0.027031
v -0.069471 -0.172701 0.028621
v -0.052104 0.142368 0.023484
v -0.062133 0.145304 0.027031
v -0.078767 -0.171722 0.029966
v -0.069471 -0.172701 0.028621
v -0.030944 -0.181507 0.005840
v -0.025195 -0.182485 -0.000510
v -0.025195 -0.179550 -0.000544
v -0.028376 -0.181507 0.000482
v -0.028376 -0.181507 0.000482
v -0.025195 -0.179550 -0.000544
v 0.219667 0.176615 -0.037304
v 0.221624 0.176615 -0.037549
v 0.218689 0.172701 -0.036815
v 0.215754 0.177593 -0.034369
v 0.219667 0.178571 -0.034858
v 0.073875 -0.014127 0.048068
v 0.090020 -0.168787 0.048557
v 0.087084 -0.012414 0.048557
v 0.073875 -0.014127 0.048068
v 0.059442 0.141389 0.045621
v 0.061644 -0.015778 0.046845
v 0.073875 -0.014127 0.048068
v 0.061644 -0.015778 0.046845
v 0.078767 -0.169765 0.048068
v 0.071918 0.144325 0.046845
v 0.073875 -0.014127 0.048068
v 0.078767 -0.169765 0.048068
v 0.090020 -0.168787 0.048557
v 0.087084 -0.012414 0.048557
v -0.157045 0.233366 -0.043665
v -0.162916 0.235323 -0.045866
v -0.162916 0.234344 -0.043665
v -0.161938 0.231409 -0.043175
v -0.157045 0.226517 -0.043420
v -0.156067 0.232388 -0.045866
v -0.146282 0.223581 -0.043909
v -0.152152 -0.172701 0.048557
v -0.153131 -0.171722 0.048068
v -0.132583 -0.172701 0.047578
v -0.152152 -0.172701 0.048557
v -0.172701 -0.171722 0.048802
v -0.153131 -0.171722 0.048068
v -0.152152 -0.172701 0.048557
v -0.173679 -0.170744 0.050024
v -0.172701 -0.171722 0.048802
v -0.153131 -0.171722 0.050024
v -0.129647 -0.171722 0.048557
v -0.153131 -0.171722 0.050024
v 0.012720 0.124755 -0.016756
v 0.011803 0.129648 -0.018224
v 0.008256 0.127691 -0.022382
v 0.012720 0.124755 -0.016756
v 0.017368 -0.179550 -0.011681
v 0.022994 -0.178571 -0.004953
v 0.016879 0.131605 -0.013209
v 0.020426 0.127691 -0.009723
v 0.012720 0.124755 -0.016756
v 0.008195 0.122799 -0.022260
v 0.017368 -0.179550 -0.011681
v 0.012720 0.124755 -0.016756
v 0.022994 -0.178571 -0.004953
v 0.020426 0.127691 -0.009723
v 0.012720 0.124755 -0.016756
v 0.008256 0.127691 -0.022382
v 0.008195 0.122799 -0.022260
v 0.149217 -0.159980 0.003792
v 0.135518 -0.165851 0.010274
v 0.136497 -0.161938 0.009724
v -0.012659 0.156067 -0.042441
v -0.015778 -0.228473 -0.041952
v -0.006268 0.152153 -0.041952
v -0.012659 0.156067 -0.042441
v -0.006268 0.152153 -0.041952
v -0.007430 0.160959 -0.042931
v -0.092466 -0.170744 0.001437
v -0.100783 -0.173679 0.000291
v -0.106165 -0.168787 -0.000315
v -0.092466 -0.170744 0.001437
v -0.078767 -0.172701 0.001728
v -0.089530 -0.174657 0.001185
v -0.089530 -0.174657 0.001185
v -0.092466 -0.170744 0.001437
v -0.106165 -0.168787 -0.000315
v -0.091976 0.153131 -0.000499
v -0.092466 -0.170744 0.001437
v -0.078767 0.148239 0.000138
v -0.078767 -0.172701 0.001728
v -0.092466 -0.170744 0.001437
v -0.091976 0.153131 -0.000499
v -0.078767 0.148239 0.000138
v 0.107143 0.161938 0.018347
v 0.110568 0.161938 0.019081
v 0.107143 0.161938 0.018347
v 0.099804 0.160959 0.022505
v 0.094423 0.159002 0.017246
v 0.089041 0.158023 0.022260
v 0.090020 0.159002 0.019569
v 0.110568 0.161938 0.019081
v 0.107143 0.161938 0.015534
v 0.001590 -0.229452 -0.047823
v 0.002569 -0.232388 -0.047823
v 0.001590 -0.229452 -0.047823
v -0.000306 0.147260 -0.048557
v 0.005565 -0.228473 -0.048557
v 0.000749 -0.229452 -0.045132
v 0.005565 -0.228473 -0.048557
v 0.000749 -0.229452 -0.045132
v -0.220646 0.173679 -0.032412
v -0.220646 0.019814 -0.028620
v -0.213796 0.172701 -0.024951
v -0.220646 0.173679 -0.032412
v -0.211839 0.177593 -0.024217
v -0.223581 0.020548 -0.033635
v -0.222602 0.172701 -0.036326
v -0.222602 0.172701 -0.036326
v -0.220646 0.173679 -0.032412
v -0.213796 0.172701 -0.024951
v -0.211839 0.177593 -0.024217
v -0.225538 -0.152152 -0.036081
v -0.225538 -0.150196 -0.035836
v -0.223581 -0.152152 -0.036081
v -0.225538 -0.152152 -0.034124
v -0.225538 -0.149217 -0.034124
v -0.225538 -0.152152 -0.036081
v -0.219667 -0.154110 -0.031433
v -0.220646 -0.154110 -0.031800
v -0.223581 -0.152152 -0.036081
v -0.220646 -0.154110 -0.031800
v 0.020181 0.137476 0.017001
v 0.018224 0.137476 0.019447
v 0.027397 0.141389 0.027397
v 0.016879 0.134540 0.005229
v 0.013699 0.134540 0.003333
v 0.014127 0.135518 0.010519
v 0.106654 -0.195205 -0.048557
v 0.089531 -0.199119 -0.048312
v 0.082681 0.190313 -0.048068
v 0.106654 -0.195205 -0.048557
v 0.126712 -0.196184 -0.048068
v 0.109589 -0.199119 -0.047578
v 0.106654 -0.195205 -0.048557
v 0.082681 0.190313 -0.048068
v 0.100294 0.195205 -0.048068
v 0.106654 -0.195205 -0.048557
v 0.100294 0.195205 -0.048068
v 0.123288 -0.190313 -0.048068
v 0.123288 -0.190313 -0.048068
v 0.089531 -0.199119 -0.048312
v -0.065558 0.144325 -0.000346
v -0.053327 0.147260 -0.002385
v -0.053571 0.141389 -0.002240
v -0.065558 0.144325 -0.000346
v -0.066047 0.151174 -0.000266
v -0.053327 0.147260 -0.002385
v -0.065558 0.144325 -0.000346
v -0.078767 -0.172701 0.001728
v -0.078767 0.148239 0.000138
v -0.065558 0.144325 -0.000346
v -0.067515 -0.173679 0.000910
v -0.078767 -0.172701 0.001728
v -0.065558 0.144325 -0.000346
v -0.053571 0.141389 -0.002240
v -0.067515 -0.173679 0.000910
v -0.078767 0.148239 0.000138
v -0.055284 -0.176614 0.039261
v -0.045499 -0.174657 0.033635
v -0.045010 -0.177593 0.033635
v -0.067515 -0.175636 0.042686
v -0.055284 -0.172701 0.039261
v -0.056018 -0.176614 0.040974
v 0.183464 0.177593 -0.024217
v 0.182485 0.177593 -0.025073
v 0.166830 0.173679 -0.019447
v 0.166830 0.174657 -0.017245
v 0.168787 0.174657 -0.016756
v 0.183464 0.177593 -0.024217
v 0.194227 0.178571 -0.030577
v 0.182485 0.177593 -0.025073
v 0.185421 0.176615 -0.022994
v 0.185421 0.176615 -0.022994
v 0.054795 -0.172701 0.016634
v 0.041340 0.140411 0.010213
v 0.065068 -0.170744 0.016634
v 0.054795 -0.172701 0.016634
v 0.066047 -0.175636 0.017246
v 0.057974 -0.176614 0.016634
v 0.054795 -0.172701 0.016634
v 0.058708 -0.172701 0.019569
v 0.047700 0.139433 0.014432
v 0.054795 -0.172701 0.016634
v 0.052837 -0.177593 0.017246
v 0.058708 -0.172701 0.019569
v 0.054795 -0.172701 0.016634
v 0.033024 0.133562 0.005932
v 0.041340 0.140411 0.010213
v 0.065068 -0.170744 0.016634
v -0.167808 0.233366 -0.049291
v -0.168787 0.233366 -0.046110
v -0.162916 0.234344 -0.048801
v -0.103718 -0.172701 0.014005
v -0.103229 -0.172701 0.012414
v -0.093933 -0.173679 0.014861
v -0.108121 -0.169765 0.012170
v -0.099315 -0.167808 0.016023
v -0.097358 -0.172701 0.016267
v 0.011681 0.122309 -0.025073
v 0.020059 -0.179550 -0.015166
v 0.013515 -0.180528 -0.022505
v 0.011681 0.122309 -0.025073
v 0.008378 0.119863 -0.029721
v 0.008378 0.125734 -0.028987
v 0.011681 0.127691 -0.024339
v 0.015778 0.124266 -0.018958
v 0.011681 0.122309 -0.025073
v 0.015778 0.124266 -0.018958
v 0.020059 -0.179550 -0.015166
v 0.011681 0.122309 -0.025073
v 0.013515 -0.180528 -0.022505
v 0.008378 0.119863 -0.029721
v 0.205968 -0.157045 0.050514
v 0.196184 0.011008 0.049291
v 0.176615 0.007828 0.049291
v 0.205968 -0.157045 0.050514
v 0.187378 -0.160959 0.050269
v 0.209883 -0.164873 0.050269
v 0.221624 -0.159980 0.050024
v 0.222602 -0.157045 0.050024
v 0.176615 0.007828 0.049291
v 0.196184 0.011008 0.049291
v -0.020548 0.133562 -0.013821
v -0.012720 0.128669 -0.024584
v -0.022872 0.134540 -0.013821
v -0.020548 0.133562 -0.013821
v -0.031800 0.138454 -0.006635
v -0.031311 0.132583 -0.006635
v -0.032779 0.139433 -0.008073
v -0.020548 0.133562 -0.013821
v -0.018958 0.126712 -0.013209
v -0.010457 0.128669 -0.020548
v -0.022872 0.134540 -0.013821
v -0.018958 0.126712 -0.013209
v -0.012353 -0.179550 -0.023239
v -0.017490 -0.183464 -0.015655
v -0.017490 -0.179550 -0.015472
v -0.011619 -0.184442 -0.023850
v -0.012353 -0.179550 -0.023239
v -0.011069 0.121820 -0.024829
v -0.007644 0.119374 -0.030577
v -0.012353 -0.179550 -0.023239
v -0.008806 -0.179550 -0.028620
v -0.011619 -0.184442 -0.023850
v -0.012353 -0.179550 -0.023239
v -0.007644 0.119374 -0.030577
v -0.008806 -0.179550 -0.028620
v -0.012353 -0.179550 -0.023239
v -0.017490 -0.179550 -0.015472
v -0.011069 0.121820 -0.024829
v 0.125734 0.188356 -0.020548
v 0.140411 0.193249 -0.026297
v 0.124755 0.186399 -0.022627
v 0.127691 0.188356 -0.018958
v 0.141389 0.195205 -0.024095
v 0.108121 0.182485 -0.017368
v 0.110568 0.181507 -0.015227
v 0.021037 -0.202055 -0.025929
v 0.016879 -0.203033 -0.032412
v 0.028865 -0.199119 -0.019325
v 0.020792 -0.202055 -0.023361
v 0.029721 -0.199119 -0.021282
v 0.013882 -0.204012 -0.032167
v 0.013821 -0.203033 -0.028865
v -0.180528 0.168787 0.046600
v -0.193249 0.174657 0.046600
v -0.163894 0.170744 0.046355
v -0.180528 0.168787 0.046600
v -0.160959 0.164873 0.046600
v -0.184442 0.010152 0.047578
v -0.160959 0.164873 0.046600
v -0.198141 0.170744 0.046355
v -0.198141 0.170744 0.046355
v -0.195205 -0.174657 -0.042686
v -0.198141 -0.179550 -0.043175
v -0.173679 -0.180528 -0.042441
v -0.217710 -0.175636 -0.043665
v -0.195205 -0.174657 -0.042686
v -0.173679 -0.180528 -0.042441
v -0.166830 0.229452 -0.043909
v -0.195205 -0.174657 -0.042686
v -0.214775 -0.171722 -0.043420
v -0.217710 -0.175636 -0.043665
v -0.195205 -0.174657 -0.042686
v -0.178571 0.217710 -0.043665
v -0.214775 -0.171722 -0.043420
v -0.195205 -0.174657 -0.042686
v -0.166830 0.229452 -0.043909
v -0.178571 0.217710 -0.043665
v 0.041340 0.140411 0.010213
v 0.046478 0.145304 0.011864
v 0.056507 0.144325 0.012781
v 0.041340 0.140411 0.010213
v 0.033024 0.133562 0.005932
v 0.023850 0.135518 -0.003471
v 0.041340 0.140411 0.010213
v 0.056507 0.144325 0.012781
v 0.065068 -0.170744 0.016634
v 0.041340 0.140411 0.010213
v 0.047700 0.139433 0.014432
v 0.046478 0.145304 0.011864
v 0.159002 -0.159002 -0.012353
v 0.147260 -0.160959 -0.009112
v 0.149217 0.013393 -0.011864
v 0.159002 -0.159002 -0.012353
v 0.170744 -0.161938 -0.016634
v 0.159002 -0.159002 -0.012353
v 0.160959 0.014616 -0.015227
v 0.170744 -0.158023 -0.017490
v 0.159002 -0.159002 -0.012353
v 0.170744 -0.158023 -0.017490
v 0.147260 -0.160959 -0.009112
v 0.159002 -0.159002 -0.012353
v 0.149217 0.013393 -0.011864
v 0.160959 0.014616 -0.015227
v -0.078278 0.153131 0.044153
v -0.089530 0.151174 0.045132
v -0.092955 0.156067 0.045132
v -0.090509 0.156067 0.046355
v -0.078278 0.153131 0.044153
v -0.090509 0.156067 0.046355
v -0.074364 0.152153 0.044643
v -0.064579 0.150196 0.041952
v -0.075342 0.147260 0.043420
v -0.089530 0.151174 0.045132
v -0.013637 -0.183464 -0.004648
v -0.020303 -0.178571 0.007583
v -0.017245 -0.021160 0.003425
v -0.013637 -0.179550 -0.004862
v -0.013637 -0.183464 -0.004648
v -0.019447 -0.182485 0.005260
v -0.020303 -0.178571 0.007583
v 0.243151 0.185421 -0.049780
v 0.240215 0.182485 -0.050269
v 0.240215 0.187378 -0.049780
v 0.241194 0.187378 -0.046844
v 0.243151 0.184442 -0.047334
v 0.243151 0.182485 -0.050269
v 0.083170 -0.174657 0.027642
v 0.083170 -0.173679 0.026297
v 0.095401 -0.172701 0.026419
v 0.094912 -0.172701 0.028987
v 0.082681 -0.174657 0.029721
v 0.071918 -0.175636 0.027275
v 0.071918 -0.175636 0.026052
v -0.120352 0.159980 -0.005290
v -0.118884 -0.165851 -0.002561
v -0.131605 -0.162916 -0.007308
v -0.120352 0.159980 -0.005290
v -0.117906 0.164873 -0.004923
v -0.105186 0.162916 -0.002117
v -0.120352 0.159980 -0.005290
v -0.131605 -0.162916 -0.007308
v -0.131605 0.163894 -0.009295
v -0.131605 0.163894 -0.009295
v -0.106165 0.157045 -0.002308
v -0.120352 0.159980 -0.005290
v -0.106165 0.157045 -0.002308
v -0.118884 -0.165851 -0.002561
v -0.130626 -0.000432 0.047823
v -0.153131 -0.164873 0.047823
v -0.150196 0.003027 0.047578
v -0.130626 -0.000432 0.047823
v -0.127691 0.159002 0.046111
v -0.116438 0.158023 0.045866
v -0.130626 -0.000432 0.047823
v -0.102740 0.154110 0.045621
v -0.110568 -0.004495 0.047089
v -0.130626 -0.000432 0.047823
v -0.110568 -0.004495 0.047089
v -0.133562 -0.165851 0.048068
v -0.130626 -0.000432 0.047823
v -0.133562 -0.165851 0.048068
v -0.153131 -0.164873 0.047823
v -0.130626 -0.000432 0.047823
v -0.150196 0.003027 0.047578
v -0.127691 0.159002 0.046111
v -0.102740 0.154110 0.045621
v 0.082681 0.195205 -0.042931
v 0.082192 0.190313 -0.042441
v 0.100294 0.195205 -0.041952
v 0.082681 0.195205 -0.042931
v 0.065558 0.191291 -0.042931
v 0.082192 0.190313 -0.042441
v 0.098337 0.202055 -0.043175
v 0.081702 0.197162 -0.045376
v 0.170744 -0.158023 -0.014738
v 0.188356 -0.159980 -0.021771
v 0.170744 -0.158023 -0.014738
v -0.001927 0.148239 -0.048557
v -0.000627 0.148239 -0.045866
v -0.003257 -0.229452 -0.045621
v -0.001927 0.148239 -0.048557
v -0.006024 0.152153 -0.048801
v -0.002263 0.154110 -0.048557
v -0.000627 0.148239 -0.045866
v -0.003257 -0.229452 -0.045621
v -0.070450 -0.190313 -0.013087
v -0.057730 -0.186399 -0.014677
v -0.067515 -0.191291 -0.010641
v -0.044521 -0.190313 -0.017613
v 0.100783 0.153131 0.045621
v 0.107632 -0.007889 0.047334
v 0.086106 0.149217 0.044643
v 0.132583 -0.002003 0.047823
v 0.100783 0.153131 0.045621
v 0.107632 0.159980 0.045377
v 0.118395 0.157045 0.046355
v 0.092466 0.156067 0.045132
v 0.118395 0.157045 0.046355
v 0.100783 0.153131 0.045621
v 0.086106 0.149217 0.044643
v 0.092466 0.156067 0.045132
v 0.001040 -0.184442 -0.028498
v -0.000424 -0.184442 -0.027275
v 0.000222 -0.180528 -0.028742
v 0.003104 -0.180528 -0.028009
v 0.002889 -0.185421 -0.027642
v 0.002202 -0.185421 -0.022872
v -0.190313 0.175636 -0.017368
v -0.188356 0.170744 -0.016756
v -0.202055 0.172701 -0.022749
v -0.190313 0.175636 -0.017368
v -0.192270 0.176615 -0.015227
v -0.180528 0.175636 -0.010824
v -0.202055 0.177593 -0.022994
v -0.177593 0.174657 -0.011252
v -0.188356 0.170744 -0.016756
v -0.203033 0.177593 -0.021771
v -0.192270 0.176615 -0.015227
v -0.193249 -0.167808 0.049535
v -0.159980 -0.163894 0.050269
v -0.186399 -0.160959 0.050024
v -0.209883 -0.164873 0.049780
v -0.193249 -0.168787 0.048557
v 0.011742 0.130626 -0.021282
v 0.017857 0.132583 -0.015044
v 0.108610 -0.166830 0.020670
v 0.122309 -0.163894 0.015044
v 0.122309 -0.167808 0.015656
v 0.108610 -0.166830 0.020670
v 0.108121 -0.170744 0.021649
v 0.095891 -0.168787 0.025196
v 0.108610 -0.166830 0.020670
v 0.105186 0.155088 0.017979
v 0.122309 -0.163894 0.015044
v 0.108610 -0.166830 0.020670
v 0.095891 -0.168787 0.025196
v 0.091487 0.152153 0.022994
v 0.108121 -0.170744 0.021649
v 0.108610 -0.166830 0.020670
v 0.091487 0.152153 0.022994
v 0.105186 0.155088 0.017979
v -0.068982 0.160959 -0.015716
v -0.082681 -0.182485 -0.013393
v -0.084638 0.166830 -0.016389
v -0.068982 0.160959 -0.015716
v -0.084638 0.166830 -0.016389
v -0.073386 0.168787 -0.015900
v -0.068982 0.160959 -0.015716
v -0.054061 0.156067 -0.016634
v -0.070450 -0.183464 -0.013271
v -0.068982 0.160959 -0.015716
v -0.073386 0.168787 -0.015900
v -0.068982 0.160959 -0.015716
v -0.070450 -0.183464 -0.013271
v -0.082681 -0.182485 -0.013393
v -0.013515 -0.179550 -0.015961
v -0.018591 -0.183464 -0.008623
v -0.016145 -0.184442 -0.014188
v -0.013515 -0.179550 -0.015961
v -0.006788 0.121331 -0.024707
v -0.010580 0.123777 -0.019814
v -0.013515 -0.179550 -0.015961
v -0.008500 -0.179550 -0.022749
v -0.006788 0.121331 -0.024707
v -0.019203 -0.179550 -0.007736
v -0.013515 -0.179550 -0.015961
v -0.010580 0.123777 -0.019814
v -0.021160 -0.179550 -0.010152
v -0.008500 -0.179550 -0.022749
v 0.168787 0.171722 0.046600
v 0.194227 0.169765 0.045866
v 0.055528 -0.209883 -0.041952
v 0.028376 0.168787 -0.042686
v 0.039384 -0.216732 -0.041463
v 0.055528 -0.209883 -0.041952
v 0.072407 -0.203033 -0.042441
v 0.041340 0.174657 -0.042441
v 0.055528 -0.209883 -0.041952
v 0.041340 0.174657 -0.042441
v 0.028376 0.168787 -0.042686
v 0.072407 -0.203033 -0.042441
v -0.120352 0.166830 -0.003333
v -0.132583 0.169765 -0.006849
v -0.104697 -0.197162 -0.048312
v -0.124266 -0.198141 -0.048068
v -0.122309 -0.193249 -0.048068
v -0.105186 -0.202055 -0.047334
v -0.104697 -0.197162 -0.048312
v -0.088552 -0.201076 -0.048068
v -0.105186 -0.202055 -0.047334
v -0.104697 -0.197162 -0.048312
v -0.082681 0.190313 -0.047578
v -0.088552 -0.201076 -0.048068
v -0.104697 -0.197162 -0.048312
v -0.096869 0.196184 -0.047578
v -0.082681 0.190313 -0.047578
v -0.104697 -0.197162 -0.048312
v -0.122309 -0.193249 -0.048068
v -0.096869 0.196184 -0.047578
v 0.095891 0.154110 0.004251
v 0.111546 -0.166830 0.004097
v 0.110078 0.157045 0.002003
v 0.095891 0.154110 0.004251
v 0.095401 0.159980 0.004189
v 0.082192 0.157045 0.004740
v 0.095891 0.154110 0.004251
v 0.083660 0.151174 0.004587
v 0.099315 -0.167808 0.005321
v 0.110078 0.157045 0.002003
v 0.095891 0.154110 0.004251
v 0.099315 -0.167808 0.005321
v 0.111546 -0.166830 0.004097
v 0.245107 -0.170744 -0.043420
v 0.240215 -0.171722 -0.046600
v 0.246086 -0.170744 -0.047089
v 0.244129 -0.167808 -0.043175
v 0.234344 -0.167808 -0.043420
v 0.238258 -0.171722 -0.043665
v 0.249022 -0.169765 -0.043909
v -0.011803 0.126712 0.001468
v -0.014738 -0.021160 0.004678
v -0.007705 0.123777 -0.008500
v -0.011803 0.126712 0.001468
v -0.011375 0.132583 0.000711
v -0.017001 0.129648 0.011375
v -0.007277 0.129648 -0.009234
v -0.011803 0.126712 0.001468
v -0.020058 -0.020548 0.014371
v -0.014738 -0.021160 0.004678
v -0.011803 0.126712 0.001468
v -0.017001 0.129648 0.011375
v -0.020058 -0.020548 0.014371
v -0.011803 0.126712 0.001468
v -0.007705 0.123777 -0.008500
v -0.007277 0.129648 -0.009234
v -0.039628 -0.179550 0.009540
v -0.039873 -0.175636 0.009479
v -0.033023 -0.176614 0.002706
v -0.048434 -0.178571 0.015900
v -0.032290 -0.180528 0.002370
v 0.211839 0.172701 -0.039016
v 0.203033 0.172701 -0.035347
v 0.202055 0.178571 -0.034613
v 0.056996 -0.171722 0.044887
v 0.046722 -0.173679 0.041463
v 0.054061 -0.176614 0.043420
v 0.056996 -0.171722 0.044887
v 0.066047 -0.171722 0.046845
v 0.048679 -0.017735 0.042931
v 0.066047 -0.174657 0.046111
v 0.046722 -0.173679 0.041463
v 0.066047 -0.171722 0.046845
v -0.178571 0.201076 -0.034858
v -0.188356 -0.162916 -0.033390
v -0.171722 0.199120 -0.031066
v -0.178571 0.201076 -0.034858
v -0.181507 0.202055 -0.037060
v -0.196184 -0.160959 -0.037794
v -0.178571 0.201076 -0.034858
v -0.196184 -0.160959 -0.037794
v -0.188356 -0.162916 -0.033390
v -0.171722 0.199120 -0.031066
v -0.167808 -0.159002 -0.013943
v -0.170744 -0.161938 -0.014738
v -0.154110 -0.160959 -0.008745
v -0.167808 -0.159002 -0.013943
v -0.154110 -0.160959 -0.008745
v -0.147260 0.166830 -0.009112
v -0.167808 -0.159002 -0.013943
v -0.147260 0.166830 -0.009112
v -0.156067 0.167808 -0.011925
v -0.167808 -0.159002 -0.013943
v -0.185421 -0.159980 -0.021037
v -0.170744 -0.161938 -0.014738
v -0.183464 -0.157045 -0.020426
v -0.167808 -0.159002 -0.013943
v -0.156067 0.167808 -0.011925
v -0.183464 -0.157045 -0.020426
v 0.022016 0.171722 -0.048557
v 0.017368 0.171722 -0.045866
v 0.027397 0.176615 -0.045866
v 0.019203 0.161938 -0.049046
v 0.013393 0.165851 -0.048557
v 0.033757 0.177593 -0.048312
v 0.031311 0.168787 -0.048801
v 0.108121 -0.170744 0.023116
v 0.122309 -0.168787 0.018224
v 0.095891 -0.172701 0.025563
v 0.109100 -0.169765 0.025074
v 0.108121 -0.170744 0.023116
v 0.122309 -0.168787 0.018224
v 0.123288 -0.168787 0.020059
v 0.109100 -0.169765 0.025074
v -0.020181 0.124755 -0.017613
v -0.021526 0.131605 -0.017245
v -0.012720 0.128669 -0.024584
v -0.005932 0.125734 -0.030210
v -0.008684 0.125734 -0.029110
v -0.009234 0.128669 -0.024584
v -0.004617 -0.233366 -0.045621
v -0.003257 -0.229452 -0.045621
v -0.005015 -0.232388 -0.042441
v 0.208904 0.018469 -0.019202
v 0.194227 0.170744 -0.013393
v 0.200098 0.017001 -0.013760
v 0.208904 0.018469 -0.019202
v 0.211839 -0.152152 -0.018713
v 0.218689 -0.151174 -0.023850
v 0.208904 0.018469 -0.019202
v 0.200098 0.017001 -0.013760
v 0.211839 -0.152152 -0.018713
v 0.208904 0.018469 -0.019202
v 0.215754 0.019325 -0.024462
v 0.206947 0.172701 -0.020058
v 0.208904 0.018469 -0.019202
v 0.218689 -0.151174 -0.023850
v 0.215754 0.019325 -0.024462
v 0.208904 0.018469 -0.019202
v 0.206947 0.172701 -0.020058
v 0.194227 0.170744 -0.013393
v 0.066536 -0.183464 -0.007369
v 0.066536 -0.183464 -0.007369
v 0.078767 -0.181507 -0.008042
v 0.054795 0.157045 -0.010518
v 0.066536 -0.183464 -0.007369
v 0.054795 0.157045 -0.010518
v 0.042564 0.153131 -0.013026
v 0.066536 -0.191291 -0.007919
v 0.053571 -0.186399 -0.008867
v 0.066536 -0.183464 -0.007369
v 0.042564 0.153131 -0.013026
v 0.053571 -0.186399 -0.008867
v -0.109589 0.160959 0.045377
v -0.113992 0.161938 0.046845
v -0.104207 0.159002 0.046845
v -0.102740 0.154110 0.045621
v -0.116438 0.158023 0.045866
v -0.109589 0.160959 0.045377
v -0.102740 0.154110 0.045621
v -0.126712 0.163894 0.046111
v -0.104207 0.159002 0.046845
v -0.139433 -0.167808 -0.009112
v -0.142368 -0.161938 -0.010457
v 0.080235 0.153131 0.047823
v 0.071918 0.144325 0.046845
v 0.083170 0.147260 0.047823
v 0.225538 -0.149217 -0.036081
v 0.222602 -0.149217 -0.036326
v 0.220646 0.019569 -0.035836
v 0.225538 -0.149217 -0.036081
v 0.222602 -0.149217 -0.036326
v 0.216732 0.019203 -0.032412
v 0.220646 0.019569 -0.035836
v -0.066047 0.153131 0.014983
v -0.077789 0.155088 0.013760
v -0.075832 0.156067 0.016023
v -0.065558 0.152153 0.016756
v -0.064090 0.151174 0.013148
v -0.062133 0.151174 0.015656
v -0.088063 -0.169765 0.030088
v -0.084149 -0.175636 0.029844
v -0.078767 -0.171722 0.029966
v -0.088063 -0.169765 0.030088
v -0.098826 -0.168787 0.028498
v -0.098336 -0.173679 0.028743
v -0.088063 -0.169765 0.030088
v -0.072896 0.147260 0.028987
v -0.083660 0.149217 0.028743
v -0.088063 -0.169765 0.030088
v -0.083660 0.149217 0.028743
v -0.098826 -0.168787 0.028498
v -0.084149 -0.175636 0.029844
v -0.088063 -0.169765 0.030088
v -0.078767 -0.171722 0.029966
v -0.072896 0.147260 0.028987
v 0.153131 0.200098 -0.029966
v 0.142368 0.186399 -0.026541
v 0.154110 0.192270 -0.029844
v 0.007828 -0.183464 -0.005259
v 0.004923 -0.185421 -0.015472
v 0.010824 -0.183464 -0.004587
v 0.002844 -0.180528 -0.015961
v 0.002691 -0.184442 -0.016023
v 0.013699 -0.182485 0.005871
v 0.008073 -0.179550 -0.005687
v -0.242172 0.182485 -0.047334
v -0.241194 0.185421 -0.047089
v -0.240215 0.183464 -0.050513
v -0.242172 0.182485 -0.047334
v -0.240215 0.183464 -0.050513
v -0.248043 -0.166830 -0.049046
v -0.241194 0.185421 -0.044643
v -0.242172 0.182485 -0.047334
v -0.248043 -0.166830 -0.049046
v -0.250000 -0.166830 -0.046355
v -0.240215 0.182485 -0.044887
v -0.242172 0.182485 -0.047334
v -0.250000 -0.166830 -0.046355
v -0.240215 0.182485 -0.044887
v -0.202055 -0.158023 -0.016511
v -0.190313 -0.158023 -0.013332
v -0.202055 -0.158023 -0.016511
v -0.190313 -0.159002 -0.010641
v -0.214775 -0.155088 -0.020303
v -0.210861 -0.157045 -0.022016
v -0.190313 -0.158023 -0.013332
v -0.000388 0.148239 -0.042931
v -0.001402 0.147260 -0.045621
v 0.001942 -0.228473 -0.042197
v -0.000388 0.148239 -0.042931
v 0.001942 -0.228473 -0.042197
v 0.005657 -0.227495 -0.041952
v -0.000388 0.148239 -0.042931
v -0.000967 0.154110 -0.046110
v -0.001402 0.147260 -0.045621
v 0.000011 0.153131 -0.042931
v 0.091976 -0.011619 0.046355
v 0.091976 -0.011619 0.046355
v -0.091487 0.175636 -0.014371
v -0.091976 0.175636 -0.011803
v -0.077299 0.170744 -0.010763
v -0.091487 0.175636 -0.014371
v -0.088552 0.173679 -0.016879
v -0.102740 0.177593 -0.018346
v -0.076810 0.170744 -0.013699
v -0.105186 0.180528 -0.015961
v -0.091976 0.175636 -0.011803
v -0.088552 0.173679 -0.016879
v -0.008134 -0.185421 -0.025929
v -0.008317 -0.185421 -0.029110
v -0.006544 -0.185421 -0.030332
v -0.013821 -0.185421 -0.018224
v -0.005106 -0.185421 -0.029232
v -0.006024 -0.184442 -0.026419
v -0.010396 -0.184442 -0.020792
v 0.159002 0.170744 -0.003119
v 0.145304 0.168787 0.001850
v 0.159980 0.170744 -0.000917
v 0.174657 0.173679 -0.009112
v 0.174657 0.167808 -0.009357
v 0.175636 0.173679 -0.008561
v 0.159980 0.164873 -0.003333
v 0.040118 -0.197162 -0.015961
v 0.038405 -0.197162 -0.014249
v 0.041830 -0.197162 -0.017735
v 0.038405 -0.197162 -0.014249
v -0.127691 0.158023 0.048557
v -0.127691 0.163894 0.048557
v -0.144325 0.161938 0.048312
v -0.110078 0.154110 0.048557
v -0.111546 0.160959 0.048557
v -0.127691 0.158023 0.048557
v -0.144325 0.161938 0.048312
v -0.152152 0.003853 0.050269
v -0.127691 0.158023 0.048557
v -0.152152 0.003853 0.050269
v -0.132583 -0.000357 0.050024
v -0.127691 0.158023 0.048557
v -0.132583 -0.000357 0.050024
v -0.110078 0.154110 0.048557
v -0.139433 -0.167808 -0.009112
v -0.131605 -0.162916 -0.007308
v -0.128669 -0.168787 -0.005443
v -0.131605 -0.162916 -0.007308
v 0.073386 0.145304 0.043175
v 0.221624 -0.173679 -0.046600
v 0.223581 -0.173679 -0.048801
v 0.240215 -0.171722 -0.046600
v 0.202055 -0.176614 -0.048557
v -0.015166 0.132583 -0.001399
v -0.013882 0.133562 0.000107
v -0.011130 0.129648 -0.010213
v -0.018713 0.135518 0.006299
v -0.016389 0.127691 0.001200
v -0.059687 -0.177593 0.022627
v -0.070450 -0.176614 0.025440
v -0.058708 -0.174657 0.021649
v -0.071429 -0.176614 0.027153
v -0.048924 -0.174657 0.016023
v -0.048434 -0.178571 0.015900
v -0.050391 -0.178571 0.019814
v -0.061155 -0.177593 0.024951
v 0.166830 0.167808 -0.019447
v 0.183464 0.016756 -0.023850
v 0.183464 -0.156067 -0.022872
v 0.170744 0.015166 -0.019202
v 0.170744 0.015166 -0.019202
v 0.183464 0.016756 -0.023850
v 0.195205 -0.154110 -0.028742
v 0.183464 -0.156067 -0.022872
v 0.029110 -0.182485 -0.002997
v 0.017368 -0.179550 -0.011681
v 0.022260 -0.183464 -0.006910
v 0.029110 -0.182485 -0.002997
v 0.036937 -0.181507 0.000704
v 0.033268 -0.177593 -0.001208
v 0.022994 -0.178571 -0.004953
v 0.031066 -0.182485 -0.004648
v -0.202055 0.200098 -0.049535
v -0.232388 -0.168787 -0.049291
v -0.222602 0.190313 -0.049535
v -0.202055 0.200098 -0.049535
v -0.180528 0.216732 -0.049535
v -0.214775 -0.171722 -0.048801
v -0.202055 0.200098 -0.049535
v -0.199119 0.205968 -0.049046
v -0.180528 0.216732 -0.049535
v -0.202055 0.200098 -0.049535
v -0.221624 0.195205 -0.049780
v -0.199119 0.205968 -0.049046
v -0.222602 0.190313 -0.049535
v -0.202055 0.200098 -0.049535
v -0.214775 -0.171722 -0.048801
v -0.232388 -0.168787 -0.049291
v -0.153131 -0.164873 0.047823
v -0.172701 -0.170744 0.047823
v -0.153131 -0.164873 0.047823
v -0.133562 -0.165851 0.048068
v -0.172701 -0.163894 0.048068
v -0.150196 0.003027 0.047578
v 0.022627 0.144325 -0.021037
v 0.031066 0.147260 -0.016756
v 0.021160 0.149217 -0.022382
v 0.022627 0.144325 -0.021037
v 0.028743 -0.194227 -0.018102
v 0.037671 -0.191291 -0.013760
v 0.022627 0.144325 -0.021037
v 0.021160 0.149217 -0.022382
v 0.015533 0.145304 -0.026541
v 0.022627 0.144325 -0.021037
v 0.037671 -0.191291 -0.013760
v 0.031066 0.147260 -0.016756
v 0.132583 -0.167808 -0.002117
v 0.136497 -0.167808 -0.001559
v 0.126712 -0.167808 0.001972
v 0.122799 -0.168787 -0.002568
v 0.134540 -0.166830 -0.005535
v 0.132583 -0.167808 -0.002117
v 0.134540 -0.166830 -0.005535
v 0.146282 -0.165851 -0.006482
v 0.136497 -0.167808 -0.001559
v -0.006391 0.124755 -0.032167
v -0.007644 0.119374 -0.030577
v -0.008684 0.125734 -0.029110
v -0.011619 -0.204012 -0.033390
v -0.015166 -0.203033 -0.029232
v -0.014738 -0.204012 -0.032901
v -0.011252 -0.204990 -0.035103
v -0.010396 -0.201076 -0.034613
v 0.194227 0.170744 -0.013393
v 0.174657 0.167808 -0.005993
v 0.200098 0.017001 -0.013760
v 0.194227 0.170744 -0.013393
v 0.174657 0.172701 -0.005626
v 0.174657 0.167808 -0.005993
v 0.190313 0.174657 -0.012414
v 0.206947 0.172701 -0.020058
v 0.089531 -0.199119 -0.048312
v 0.072896 -0.204012 -0.048312
v 0.063601 0.183464 -0.048068
v 0.090998 -0.204012 -0.048068
v 0.072896 -0.204012 -0.048312
v 0.089531 -0.199119 -0.048312
v 0.063601 0.183464 -0.048068
v 0.082681 0.190313 -0.048068
v -0.118884 0.185421 -0.018836
v -0.116438 0.183464 -0.020792
v -0.130626 0.187378 -0.023361
v -0.118884 0.185421 -0.018836
v -0.106165 0.180528 -0.013882
v -0.105186 0.180528 -0.015961
v -0.119863 0.185421 -0.017001
v -0.132583 0.190313 -0.021771
v -0.119863 0.185421 -0.017001
v -0.116438 0.183464 -0.020792
v -0.140411 -0.193249 -0.045132
v -0.120841 -0.198141 -0.044887
v -0.140411 -0.193249 -0.045132
v -0.159980 -0.188356 -0.045376
v -0.140411 -0.194227 -0.048068
v -0.140411 -0.194227 -0.048068
v 0.045010 0.138454 0.000933
v 0.053816 -0.175636 0.004770
v 0.066047 -0.173679 0.005687
v 0.045010 0.138454 0.000933
v 0.058464 0.143346 0.003608
v 0.045499 0.145304 0.000772
v 0.045010 0.138454 0.000933
v 0.032534 0.133562 -0.003272
v 0.053816 -0.175636 0.004770
v 0.032534 0.133562 -0.003272
v 0.045010 0.138454 0.000933
v 0.066047 -0.173679 0.005687
v 0.058464 0.143346 0.003608
v 0.220646 -0.156067 -0.036815
v 0.213796 -0.157045 -0.033145
v 0.213796 -0.157045 -0.035347
v 0.222602 -0.155088 -0.037794
v 0.213796 -0.153131 -0.032901
v 0.221624 -0.156067 -0.038283
v 0.220646 -0.156067 -0.036815
v 0.221624 -0.156067 -0.038283
v 0.222602 -0.155088 -0.037794
v -0.082192 -0.012781 0.045132
v -0.095891 -0.008561 0.046355
v -0.075342 0.147260 0.043420
v -0.082192 -0.012781 0.045132
v -0.101761 -0.168787 0.047089
v -0.095891 -0.008561 0.046355
v -0.088552 -0.168787 0.045621
v -0.062133 0.143346 0.040729
v -0.068982 -0.015655 0.043175
v -0.068982 -0.015655 0.043175
v 0.156067 0.232388 -0.045621
v 0.147260 0.223581 -0.045621
v 0.147260 0.223581 -0.043420
v 0.161938 0.235323 -0.045376
v 0.161938 0.235323 -0.048801
v 0.052348 -0.176614 0.038038
v 0.065558 -0.176614 0.043909
v 0.052104 -0.177593 0.039995
v 0.040362 -0.178571 0.031923
v 0.040852 -0.174657 0.031923
v 0.052348 -0.173679 0.038283
v 0.065068 -0.174657 0.041952
v -0.202055 0.179550 -0.030700
v -0.191291 0.177593 -0.025563
v -0.201076 0.179550 -0.032167
v -0.208904 0.179550 -0.036081
v -0.223581 -0.149217 -0.035836
v -0.225538 -0.150196 -0.035836
v -0.222602 0.020915 -0.036081
v -0.221624 0.020548 -0.036326
v -0.223581 0.020548 -0.033635
v -0.225538 -0.150196 -0.035836
v -0.225538 -0.149217 -0.034124
v -0.223581 0.020548 -0.033635
v -0.225538 -0.150196 -0.035836
v -0.221624 0.020548 -0.036326
v -0.223581 -0.149217 -0.035836
v 0.056262 0.150196 0.013026
v 0.047700 0.139433 0.014432
v 0.108121 -0.177593 -0.012231
v 0.107632 0.175636 -0.014555
v 0.093934 0.170744 -0.011925
v 0.108121 -0.177593 -0.012231
v 0.093934 0.170744 -0.011925
v 0.092466 -0.178571 -0.009357
v 0.108121 -0.177593 -0.012231
v 0.123288 -0.174657 -0.014677
v 0.108121 -0.177593 -0.012231
v 0.123288 -0.174657 -0.014677
v 0.107632 0.175636 -0.014555
v -0.089530 0.151174 0.045132
v -0.024829 -0.183464 -0.008439
v -0.033757 -0.181507 -0.003164
v -0.032534 -0.182485 -0.005962
v -0.021160 -0.179550 -0.010152
v -0.021526 -0.183464 -0.012047
v -0.024829 -0.183464 -0.008439
v -0.021526 -0.183464 -0.012047
v -0.016145 -0.184442 -0.014188
v 0.217710 0.171722 -0.040729
v 0.214775 0.178571 -0.040729
v 0.216732 0.175636 -0.039750
v 0.217710 0.171722 -0.040729
v 0.210861 0.020303 -0.038038
v 0.211839 0.172701 -0.039016
v 0.218689 0.020670 -0.037549
v 0.218689 0.020426 -0.039261
v 0.217710 0.171722 -0.040729
v 0.216732 0.172701 -0.037794
v 0.216732 0.172701 -0.037794
v 0.071918 -0.170744 0.026297
v 0.066536 0.146282 0.024095
v 0.083170 -0.169765 0.026052
v 0.071918 -0.170744 0.026297
v 0.071918 -0.170744 0.026297
v 0.060421 -0.172701 0.023973
v 0.054550 0.142368 0.020915
v 0.083170 -0.169765 0.026052
v 0.071918 -0.170744 0.026297
v 0.071918 -0.175636 0.026052
v 0.060421 -0.172701 0.023973
v 0.071918 -0.170744 0.026297
v 0.054550 0.142368 0.020915
v 0.066536 0.146282 0.024095
v -0.172701 0.206947 -0.037060
v -0.177593 0.200098 -0.039506
v -0.176614 0.206947 -0.039016
v -0.166830 0.205968 -0.031800
v -0.166830 0.204990 -0.034124
v -0.174657 0.198141 -0.037304
v -0.096869 -0.173679 0.027031
v -0.112035 -0.171722 0.024829
v -0.110568 -0.172701 0.023239
v -0.081702 -0.175636 0.026419
v -0.082681 -0.175636 0.028131
v -0.093933 -0.174657 0.025807
v 0.079745 0.149217 0.000321
v 0.092955 0.153131 -0.000254
v 0.090998 -0.169765 0.001865
v 0.079745 0.149217 0.000321
v 0.079257 -0.170744 0.001896
v 0.068493 0.146282 0.000199
v 0.079745 0.149217 0.000321
v 0.068493 0.146282 0.000199
v 0.067026 0.152153 0.000138
v 0.079745 0.155088 0.000321
v 0.092955 0.153131 -0.000254
v 0.079745 0.149217 0.000321
v 0.090998 -0.169765 0.001865
v 0.079257 -0.170744 0.001896
v 0.211839 -0.152152 -0.018713
v 0.218689 -0.155088 -0.024095
v 0.218689 -0.151174 -0.023850
v 0.203033 -0.152152 -0.012537
v 0.211839 -0.156067 -0.018836
v 0.211839 -0.152152 -0.018713
v 0.200098 0.017001 -0.013760
v 0.203033 -0.152152 -0.012537
v -0.005657 0.160959 -0.045866
v -0.006757 0.159980 -0.048557
v -0.016389 0.167808 -0.048312
v -0.002155 0.154110 -0.042931
v -0.001288 0.153131 -0.045621
v -0.011619 0.165851 -0.045621
v -0.038650 -0.181507 -0.005748
v -0.029110 -0.177593 -0.009785
v -0.027275 -0.182485 -0.010824
v -0.038650 -0.181507 -0.005748
v -0.032534 -0.182485 -0.005962
v -0.044276 -0.180528 -0.001170
v -0.037916 -0.176614 -0.006176
v 0.124266 0.163894 0.048312
v 0.127691 0.158023 0.048557
v 0.136497 0.165851 0.048557
v 0.109100 0.159980 0.048312
v 0.126712 0.163894 0.047334
v 0.012903 -0.233366 -0.047823
v 0.013576 -0.234344 -0.045132
v 0.005168 -0.233366 -0.047823
v -0.179550 0.015778 -0.004709
v -0.158023 0.164873 0.001697
v -0.172701 0.167808 -0.004357
v -0.179550 0.015778 -0.004709
v -0.172701 0.167808 -0.004357
v -0.191291 0.017001 -0.010641
v -0.179550 0.015778 -0.004709
v -0.191291 0.017001 -0.010641
v -0.195205 -0.154110 -0.010152
v -0.179550 0.015778 -0.004709
v -0.195205 -0.154110 -0.010152
v -0.180528 -0.155088 -0.004082
v -0.179550 0.015778 -0.004709
v -0.180528 -0.155088 -0.004082
v -0.164873 0.015105 0.001185
v -0.164873 0.015105 0.001185
v -0.198141 -0.179550 -0.045866
v -0.178571 -0.183464 -0.045376
v -0.198141 -0.179550 -0.043175
v -0.178571 -0.183464 -0.045376
v -0.177593 -0.184442 -0.042931
v -0.173679 -0.180528 -0.042441
v 0.024462 -0.019569 0.016145
v 0.017490 0.128669 0.005229
v 0.017490 0.128669 0.005229
v 0.191291 -0.166830 -0.039506
v 0.196184 -0.165851 -0.039261
v 0.190313 -0.161938 -0.039261
v 0.196184 -0.164873 -0.040729
v -0.067025 0.152153 0.002217
v -0.078278 0.154110 0.000260
v -0.051859 0.147260 0.001774
v -0.059687 0.150196 0.000948
v -0.080235 0.156067 0.002217
v -0.065558 0.152153 0.003944
v -0.040851 -0.018836 0.038772
v -0.056262 -0.171722 0.044398
v -0.045010 -0.174657 0.038283
v -0.040851 -0.018836 0.038772
v -0.030700 0.135518 0.030333
v -0.040362 0.137476 0.038038
v -0.040851 -0.018836 0.038772
v -0.051859 -0.017490 0.043909
v -0.056262 -0.171722 0.044398
v -0.032534 -0.019080 0.031434
v -0.040851 -0.018836 0.038772
v -0.045010 -0.174657 0.038283
v -0.032534 -0.019080 0.031434
v -0.051859 -0.017490 0.043909
v 0.206947 0.200098 -0.044398
v 0.223581 0.194227 -0.044643
v 0.224560 0.194227 -0.046844
v 0.204990 0.203033 -0.046355
v 0.202055 0.200098 -0.043175
v 0.066047 -0.175636 0.017246
v 0.077299 -0.173679 0.016634
v 0.071918 -0.175636 0.018102
v 0.060910 -0.176614 0.018102
v 0.066047 -0.175636 0.017246
v 0.071918 -0.175636 0.018102
v 0.060910 -0.176614 0.018102
v 0.077299 -0.173679 0.016634
v -0.157045 0.192270 -0.029966
v -0.144325 0.193249 -0.026786
v -0.145303 0.187378 -0.026419
v -0.157045 0.192270 -0.029966
v -0.159002 -0.170744 -0.028131
v -0.171722 -0.167808 -0.032657
v -0.157045 0.192270 -0.029966
v -0.171722 -0.167808 -0.032657
v -0.166830 0.197162 -0.033635
v -0.157045 0.192270 -0.029966
v -0.155088 0.200098 -0.030455
v -0.144325 0.193249 -0.026786
v -0.157045 0.192270 -0.029966
v -0.145303 0.187378 -0.026419
v -0.159002 -0.170744 -0.028131
v -0.166830 0.197162 -0.033635
v -0.150196 -0.160959 0.003669
v -0.164873 -0.161938 -0.001873
v -0.163894 -0.158023 -0.002132
v -0.137476 -0.161938 0.009602
v -0.139433 -0.165851 0.008745
v -0.150196 -0.160959 0.003669
v -0.163894 -0.158023 -0.002132
v -0.148239 0.013576 0.003486
v -0.151174 -0.164873 0.003853
v -0.137476 -0.161938 0.009602
v 0.028376 0.168787 -0.042686
v 0.018469 0.161938 -0.042441
v 0.039384 -0.216732 -0.041463
v 0.028376 0.168787 -0.042686
v 0.027031 0.174657 -0.042931
v 0.018224 0.169765 -0.043175
v 0.041340 0.174657 -0.042441
v 0.018469 0.161938 -0.042441
v 0.134540 -0.172701 0.048557
v 0.153131 -0.172701 0.049046
v 0.134540 -0.172701 0.048557
v 0.115460 -0.171722 0.046600
v 0.153131 -0.171722 0.050269
v 0.134540 -0.171722 0.050269
v 0.134540 -0.171722 0.050269
v -0.015533 0.124755 -0.017979
v -0.021894 0.128669 -0.008500
v -0.011742 0.128669 -0.024217
v -0.072896 -0.209883 -0.048068
v -0.100783 -0.203033 -0.045866
v -0.072896 -0.205969 -0.048068
v -0.056018 -0.210861 -0.048801
v -0.056996 -0.215754 -0.048312
v -0.072896 -0.210861 -0.045376
v -0.088552 -0.205969 -0.045132
v -0.072896 -0.209883 -0.048068
v -0.088552 -0.205969 -0.045132
v -0.100783 -0.203033 -0.045866
v 0.107632 0.175636 -0.014555
v 0.121331 0.179550 -0.017123
v 0.107632 0.175636 -0.014555
v 0.123288 -0.174657 -0.014677
v 0.121331 0.179550 -0.017123
v 0.094912 0.176615 -0.012414
v 0.093934 0.170744 -0.011925
v 0.005045 -0.017735 -0.018713
v 0.002584 -0.016756 -0.028620
v 0.004312 0.119863 -0.025318
v 0.005045 -0.017735 -0.018713
v 0.007828 -0.180528 -0.016206
v 0.005076 -0.181507 -0.022994
v 0.002584 -0.016756 -0.028620
v 0.009602 -0.019569 -0.009234
v 0.009602 -0.019569 -0.009234
v -0.201076 0.176615 -0.017613
v -0.203033 0.172701 -0.018346
v -0.184442 0.175636 -0.009968
v -0.201076 0.176615 -0.017613
v -0.184442 0.175636 -0.009968
v -0.200098 0.013210 0.047089
v -0.212818 0.015656 0.046845
v -0.200098 0.013210 0.047089
v -0.208904 -0.158023 0.048068
v 0.009907 0.165851 -0.045621
v 0.012108 0.166830 -0.043175
v 0.101761 -0.167808 0.049046
v 0.087084 -0.012414 0.048557
v 0.089531 -0.172701 0.048312
v 0.101272 -0.172701 0.049046
v -0.091487 0.158023 -0.000330
v -0.105186 0.162916 -0.002117
v -0.091487 0.158023 -0.000330
v -0.091976 0.153131 -0.000499
v -0.106165 0.157045 -0.002308
v -0.026541 -0.228473 -0.047823
v -0.026297 -0.223581 -0.048557
v -0.015289 -0.228473 -0.048801
v -0.012231 0.156067 -0.048557
v -0.006024 0.152153 -0.048801
v -0.015289 -0.228473 -0.048801
v -0.026297 -0.223581 -0.048557
v -0.012231 0.156067 -0.048557
v -0.015778 -0.232388 -0.048068
v 0.155088 0.165851 -0.010886
v 0.170744 -0.158023 -0.014738
v 0.169765 0.168787 -0.016634
v 0.155088 0.165851 -0.010886
v 0.169765 0.168787 -0.016634
v 0.154110 0.171722 -0.010641
v 0.155088 0.165851 -0.010886
v 0.143346 0.162916 -0.006544
v 0.158023 -0.159980 -0.009662
v 0.155088 0.165851 -0.010886
v 0.154110 0.171722 -0.010641
v 0.155088 0.165851 -0.010886
v 0.138454 0.168787 -0.005901
v 0.143346 0.162916 -0.006544
v 0.155088 0.165851 -0.010886
v 0.158023 -0.159980 -0.009662
v 0.170744 -0.158023 -0.014738
v 0.014005 -0.184442 -0.021771
v 0.012292 -0.185421 -0.019325
v 0.009785 -0.185421 -0.026786
v 0.014005 -0.184442 -0.021771
v 0.009785 -0.185421 -0.026786
v 0.009907 -0.180528 -0.027030
v 0.013515 -0.180528 -0.022505
v 0.009907 -0.180528 -0.027030
v -0.141389 0.168787 0.007950
v -0.151174 0.170744 0.001338
v -0.154110 0.170744 0.001880
v -0.158023 0.164873 0.001697
v -0.143346 0.162916 0.007644
v -0.128669 -0.181507 -0.019814
v -0.127691 -0.181507 -0.016389
v -0.144325 -0.178571 -0.020181
v -0.144325 -0.177593 -0.023605
v -0.129647 -0.175636 -0.020792
v -0.114481 -0.178571 -0.017857
v -0.128669 -0.181507 -0.019814
v -0.144325 -0.178571 -0.020181
v -0.144325 -0.177593 -0.023605
v -0.112525 -0.184442 -0.016511
v 0.054305 0.148239 0.021160
v 0.054550 0.142368 0.020915
v 0.223581 -0.152152 -0.038527
v 0.218689 0.020670 -0.037549
v 0.221624 -0.153131 -0.037060
v 0.223581 -0.152152 -0.038527
v 0.222602 -0.155088 -0.039506
v 0.221624 -0.153131 -0.040240
v 0.223581 -0.152152 -0.038527
v 0.218689 0.020426 -0.039261
v 0.218689 0.020670 -0.037549
v 0.223581 -0.152152 -0.038527
v 0.221624 -0.153131 -0.040240
v 0.218689 0.020426 -0.039261
v 0.221624 -0.153131 -0.037060
v -0.041340 0.158023 -0.014127
v -0.032290 0.154110 -0.017368
v -0.052593 0.162916 -0.011803
v -0.043787 0.153131 -0.013271
v -0.053571 0.157045 -0.011497
v -0.100294 -0.167808 0.049535
v 0.142368 0.187378 -0.021771
v 0.132583 0.183464 -0.019447
v 0.154110 0.192270 -0.025563
v 0.140411 0.194227 -0.022382
v 0.142368 0.187378 -0.021771
v 0.139433 -0.171722 -0.018713
v 0.154110 -0.169765 -0.022627
v 0.142368 0.187378 -0.021771
v 0.132583 0.183464 -0.019447
v 0.139433 -0.171722 -0.018713
v 0.142368 0.187378 -0.021771
v 0.154110 -0.169765 -0.022627
v 0.154110 0.192270 -0.025563
v 0.031066 -0.181507 0.004862
v -0.218689 0.173679 -0.037794
v -0.216732 0.171722 -0.035347
v -0.218689 0.173679 -0.037794
v -0.216732 0.171722 -0.035347
v -0.221624 0.020548 -0.036326
v -0.222602 0.020915 -0.036081
v -0.220646 0.173679 -0.037794
v -0.220646 0.173679 -0.037794
v -0.219667 0.176615 -0.038038
v 0.005504 0.120352 -0.025929
v 0.005871 0.126712 -0.026174
v 0.005504 0.120352 -0.025929
v 0.007461 -0.180528 -0.023116
v 0.011619 -0.180528 -0.017613
v 0.005504 0.120352 -0.025929
v 0.011619 -0.180528 -0.017613
v 0.008195 0.122799 -0.022260
v 0.003409 0.124755 -0.030088
v 0.002813 0.118884 -0.030577
v 0.005504 0.120352 -0.025929
v 0.002813 0.118884 -0.030577
v 0.007461 -0.180528 -0.023116
v 0.125734 -0.164873 0.001322
v 0.136497 -0.167808 -0.001559
v 0.136497 -0.163894 -0.002255
v 0.125734 -0.164873 0.001322
v -0.028498 0.168787 -0.048557
v -0.040851 -0.216732 -0.048557
v -0.039628 0.174657 -0.048312
v -0.028498 0.168787 -0.048557
v -0.018469 0.162916 -0.048801
v -0.026297 -0.223581 -0.048557
v -0.028498 0.168787 -0.048557
v -0.027275 0.174657 -0.048312
v -0.016389 0.167808 -0.048312
v -0.028498 0.168787 -0.048557
v -0.026297 -0.223581 -0.048557
v -0.040851 -0.216732 -0.048557
v -0.028498 0.168787 -0.048557
v -0.018469 0.162916 -0.048801
v -0.039628 0.174657 -0.048312
v -0.004082 -0.179550 -0.014371
v -0.004556 -0.184442 -0.013943
v -0.001364 -0.181507 -0.020670
v -0.004082 -0.179550 -0.014371
v -0.001364 -0.181507 -0.020670
v -0.002553 -0.021526 -0.016756
v -0.009112 -0.183464 -0.004831
v -0.009173 -0.179550 -0.004984
v -0.009173 -0.179550 -0.004984
v 0.205968 0.175636 0.049046
v 0.207926 0.171722 0.049046
v 0.208904 0.172701 0.048068
v 0.205968 0.175636 0.049046
v 0.207926 0.171722 0.049046
v 0.197162 0.174657 0.049535
v 0.089531 -0.204012 -0.043420
v 0.072407 -0.203033 -0.042441
v 0.072896 -0.207925 -0.042686
v 0.089041 -0.198141 -0.042931
v 0.073386 -0.208904 -0.045132
v 0.090509 -0.204012 -0.045376
v 0.108121 -0.199119 -0.042931
v -0.097847 0.157045 0.014066
v -0.076321 0.155088 0.017368
v -0.085616 0.159002 0.014432
v -0.097847 0.157045 0.014066
v -0.096379 0.159002 0.011436
v -0.108121 -0.169765 0.012170
v -0.097847 0.157045 0.014066
v -0.108121 -0.169765 0.012170
v -0.099315 -0.167808 0.016023
v -0.097847 0.157045 0.014066
v -0.099315 -0.167808 0.016023
v -0.079257 0.150196 0.017123
v -0.079257 0.150196 0.017123
v -0.096379 0.160959 0.012842
v -0.096379 0.159002 0.011436
v -0.188356 -0.162916 -0.033390
v -0.195205 -0.165851 -0.037549
v -0.185421 -0.168787 -0.032657
v -0.196184 -0.160959 -0.037794
v -0.188356 -0.162916 -0.033390
v -0.176614 -0.165851 -0.029232
v -0.171722 0.199120 -0.031066
v -0.176614 -0.165851 -0.029232
v 0.082681 0.157045 0.002798
v 0.071918 0.154110 0.002599
v 0.182485 -0.168787 -0.032412
v 0.157045 -0.175636 -0.024095
v 0.170744 -0.172701 -0.027030
v 0.170744 -0.172701 -0.027030
v -0.038650 0.137476 0.029354
v -0.045254 -0.018469 0.034858
v -0.048679 0.139433 0.035347
v -0.038650 0.137476 0.029354
v -0.048679 0.139433 0.035347
v -0.042074 0.144325 0.031923
v -0.038650 0.137476 0.029354
v -0.033023 0.141389 0.024462
v -0.031066 0.134540 0.022138
v -0.033023 0.141389 0.024462
v -0.031066 0.134540 0.022138
v -0.036693 -0.019203 0.027887
v -0.064579 -0.177593 0.000528
v -0.075342 -0.176614 0.001292
v -0.067515 -0.173679 0.000910
v -0.051370 -0.179550 -0.001215
v -0.066536 -0.177593 0.002675
v -0.057486 -0.174657 -0.000231
v 0.113503 0.206947 -0.045621
v 0.132583 0.213796 -0.047578
v 0.134540 0.209883 -0.048312
v 0.027764 -0.019447 0.027519
v 0.026541 0.135518 0.029599
v 0.018591 0.131605 0.019569
v 0.027764 -0.019447 0.027519
v 0.036693 -0.175636 0.035103
v 0.037671 -0.018836 0.036571
v 0.037671 -0.018836 0.036571
v 0.020181 -0.019814 0.016879
v -0.183464 0.220646 -0.046600
v -0.201076 0.205968 -0.046844
v -0.180528 0.222602 -0.043665
v -0.183464 0.220646 -0.046600
v -0.199119 0.205968 -0.049046
v -0.201076 0.205968 -0.046844
v -0.183464 0.220646 -0.046600
v -0.167808 0.233366 -0.043665
v -0.183464 0.220646 -0.046600
v -0.168787 0.233366 -0.046110
v -0.180528 0.221624 -0.049046
v -0.180528 0.222602 -0.043665
v -0.199119 0.205968 -0.049046
v -0.250000 -0.170744 -0.046600
v -0.249022 -0.166830 -0.044153
v -0.250000 -0.166830 -0.046355
v -0.249022 -0.169765 -0.043909
v 0.011130 0.132583 -0.003990
v 0.021526 0.136497 0.003486
v 0.016023 0.133562 -0.005810
v 0.011130 0.132583 -0.003990
v 0.011069 0.126712 0.000894
v 0.010641 0.133562 0.002079
v 0.011130 0.132583 -0.003990
v 0.010641 0.133562 0.002079
v 0.007064 0.130626 -0.009540
v 0.011069 0.126712 0.000894
v 0.135518 -0.162916 -0.005871
v 0.147260 -0.165851 -0.009051
v 0.135518 -0.162916 -0.005871
v -0.087084 0.157045 0.025440
v -0.073386 0.154110 0.028498
v -0.074853 0.154110 0.026419
v -0.087084 0.157045 0.025440
v -0.100294 0.160959 0.022016
v -0.091487 0.158023 0.027031
v -0.080724 0.155088 0.028498
v -0.091487 0.158023 0.027031
v -0.089530 0.157045 0.023484
v -0.039873 -0.175636 0.009479
v -0.029232 0.132583 -0.000300
v -0.033023 -0.176614 0.002706
v -0.039873 -0.175636 0.009479
v -0.048924 -0.174657 0.016023
v -0.036937 0.135518 0.007583
v -0.039873 -0.175636 0.009479
v -0.036937 0.135518 0.007583
v -0.029232 0.132583 -0.000300
v -0.048924 -0.174657 0.016023
v 0.224560 0.193249 -0.049046
v 0.204990 0.203033 -0.046355
v 0.206947 0.201076 -0.048557
v 0.187378 0.215754 -0.045621
v 0.206947 0.201076 -0.048557
v 0.078278 -0.174657 0.045132
v 0.078278 -0.173679 0.047578
v -0.142368 0.164873 -0.012781
v -0.131605 0.168787 -0.009723
v -0.131605 0.163894 -0.009295
v -0.142368 0.164873 -0.012781
v -0.145303 0.013148 -0.012231
v -0.155088 0.014677 -0.014860
v -0.142368 0.164873 -0.012781
v -0.131605 0.163894 -0.009295
v -0.145303 0.013148 -0.012231
v -0.156067 0.166830 -0.016511
v -0.142368 0.171722 -0.013760
v -0.156067 0.166830 -0.016511
v -0.114971 -0.166830 0.047823
v -0.095891 -0.008561 0.046355
v -0.114971 -0.166830 0.047823
v -0.110568 -0.004495 0.047089
v 0.093934 0.170744 -0.011925
v 0.079257 0.172701 -0.010824
v 0.094912 0.176615 -0.012414
v 0.093934 0.170744 -0.011925
v 0.203033 -0.157045 -0.013393
v 0.202055 -0.157045 -0.016145
v 0.203033 -0.157045 -0.013393
v 0.189335 -0.158023 -0.007461
v 0.190313 -0.158023 -0.010213
v 0.189335 -0.154110 -0.006880
v 0.189335 -0.154110 -0.006880
v 0.190313 -0.158023 -0.010213
v -0.002997 0.123777 -0.030332
v -0.003959 0.119374 -0.027030
v -0.004021 0.124755 -0.026786
v -0.001181 0.123288 -0.031678
v -0.002599 0.117906 -0.031066
v -0.015778 -0.228473 -0.041952
v -0.008439 -0.230430 -0.041952
v -0.006268 0.152153 -0.041952
v -0.008439 -0.230430 -0.041952
v 0.146282 0.013026 0.008439
v 0.126712 0.159980 0.014494
v 0.133562 0.011314 0.014127
v 0.146282 0.013026 0.008439
v 0.142368 0.162916 0.007644
v 0.126712 0.159980 0.014494
v 0.146282 0.013026 0.008439
v 0.159980 0.014249 0.003241
v 0.142368 0.162916 0.007644
v 0.146282 0.013026 0.008439
v 0.159980 -0.158023 0.004648
v 0.159980 0.014249 0.003241
v 0.013148 -0.202055 -0.035347
v 0.013026 -0.204012 -0.035592
v 0.011008 -0.202055 -0.036570
v 0.013148 -0.202055 -0.035347
v 0.008317 0.130626 -0.037304
v 0.017368 -0.200098 -0.032412
v 0.013148 -0.202055 -0.035347
v 0.006055 0.128669 -0.037060
v 0.008317 0.130626 -0.037304
v 0.013148 -0.202055 -0.035347
v 0.011008 -0.202055 -0.036570
v 0.006055 0.128669 -0.037060
v -0.177593 0.176615 -0.021771
v -0.187378 0.178571 -0.026786
v -0.177593 0.176615 -0.021771
v -0.164873 0.174657 -0.015961
v -0.159002 0.174657 -0.015655
v -0.178571 0.176615 -0.021282
v -0.178571 0.176615 -0.021282
v -0.199119 -0.159002 -0.029354
v -0.186399 -0.159980 -0.023973
v -0.198141 -0.159980 -0.027030
v 0.046722 0.146282 0.022872
v 0.036937 0.143346 0.017490
v 0.047945 0.140411 0.023361
v 0.055773 0.149217 0.026052
v 0.060421 0.150196 0.025318
v 0.058464 0.143346 0.026786
v 0.048190 0.146282 0.021282
v 0.143346 -0.191291 -0.045132
v 0.125734 -0.195205 -0.045132
v 0.145304 -0.191291 -0.047823
v -0.042074 0.137476 -0.001865
v -0.031800 0.138454 -0.006635
v -0.041830 0.142368 -0.001582
v -0.042074 0.137476 -0.001865
v -0.052837 0.142368 0.001682
v -0.055284 -0.175636 0.003455
v -0.052837 0.142368 0.001682
v -0.031311 0.132583 -0.006635
v -0.024707 -0.181507 0.014066
v -0.029232 -0.177593 0.019325
v -0.020303 -0.178571 0.007583
v -0.029110 -0.180528 0.019814
v -0.024707 -0.181507 0.014066
v -0.018469 -0.182485 0.007002
v 0.239237 0.182485 -0.044643
v 0.232388 0.186399 -0.044398
v 0.244129 -0.167808 -0.043175
v 0.239237 0.182485 -0.044643
v 0.244129 -0.167808 -0.043175
v 0.249022 -0.166830 -0.043665
v 0.239237 0.182485 -0.044643
v 0.249022 -0.166830 -0.043665
v 0.241194 0.183464 -0.044887
v 0.239237 0.182485 -0.044643
v 0.241194 0.183464 -0.044887
v 0.240215 0.187378 -0.044398
v 0.232388 0.186399 -0.044398
v 0.068493 -0.172701 0.002293
v 0.058219 -0.173679 0.001139
v 0.055773 0.142368 -0.001026
v 0.068493 -0.172701 0.002293
v 0.079257 -0.170744 0.001896
v 0.078767 -0.175636 0.002538
v 0.068493 -0.172701 0.002293
v 0.055773 0.142368 -0.001026
v 0.068493 0.146282 0.000199
v 0.068493 -0.175636 0.002049
v 0.058219 -0.173679 0.001139
v 0.068493 -0.172701 0.002293
v 0.068493 0.146282 0.000199
v 0.079257 -0.170744 0.001896
v -0.146282 0.223581 -0.046110
v -0.157045 0.233366 -0.048557
v -0.148239 0.221624 -0.049291
v -0.112525 -0.185421 -0.011436
v -0.095401 -0.188356 -0.011313
v -0.095401 -0.187378 -0.009112
v -0.094423 -0.180528 -0.009723
v -0.110568 -0.179550 -0.011619
v -0.127691 -0.182485 -0.014799
v -0.112035 -0.185421 -0.013454
v 0.006024 0.124755 -0.032167
v 0.005351 0.126712 -0.030332
v 0.006024 0.118884 -0.032412
v 0.004281 0.124266 -0.033390
v 0.133562 -0.161938 0.015900
v 0.122309 -0.164873 0.020793
v 0.136497 -0.165851 0.014494
v 0.133562 -0.161938 0.015900
v 0.133562 0.011314 0.014127
v 0.118395 0.005015 0.020426
v 0.133562 -0.161938 0.015900
v 0.118395 0.005015 0.020426
v 0.122309 -0.164873 0.020793
v 0.136497 -0.165851 0.014494
v -0.031066 0.151174 -0.024095
v -0.032290 0.145304 -0.023239
v -0.041340 0.152153 -0.020058
v -0.023973 0.150196 -0.024584
v -0.023239 0.147260 -0.028498
v -0.031556 0.154110 -0.021160
v -0.039384 0.156067 -0.020915
v -0.082681 -0.182485 -0.013393
v -0.098336 -0.179550 -0.015166
v -0.084638 0.166830 -0.016389
v -0.082681 -0.182485 -0.013393
v -0.096379 -0.187378 -0.013943
v -0.098336 -0.179550 -0.015166
v -0.083170 -0.189335 -0.013026
v -0.082681 -0.182485 -0.013393
v -0.070450 -0.183464 -0.013271
v -0.083170 -0.189335 -0.013026
v 0.006819 -0.184442 -0.016634
v 0.002202 -0.185421 -0.022872
v 0.007828 -0.180528 -0.016206
v 0.012292 -0.183464 -0.005535
v 0.004312 -0.185421 -0.023605
v 0.005076 -0.181507 -0.022994
v -0.210861 0.173679 0.047823
v -0.209883 0.177593 0.046845
v -0.211839 0.172701 0.046845
v -0.208904 0.175636 0.049291
v -0.209883 0.177593 0.048068
v -0.209883 0.171722 0.049535
v -0.215754 -0.156067 -0.025563
v -0.219667 -0.155088 -0.024951
v -0.223581 -0.154110 -0.030944
v 0.026541 0.135518 0.029599
v 0.018591 0.131605 0.019569
v 0.035470 0.137476 0.037060
v 0.035470 0.137476 0.037060
v 0.026052 0.140411 0.029844
v 0.145304 -0.172701 -0.024339
v 0.144325 -0.176614 -0.023728
v 0.131605 -0.173679 -0.021037
v 0.145304 -0.172701 -0.024339
v 0.131605 0.181507 -0.023973
v 0.142368 0.186399 -0.026541
v 0.145304 -0.172701 -0.024339
v 0.131605 -0.173679 -0.021037
v 0.131605 0.181507 -0.023973
v 0.159002 -0.174657 -0.027275
v 0.145304 -0.172701 -0.024339
v 0.142368 0.186399 -0.026541
v 0.157045 -0.169765 -0.027764
v 0.145304 -0.172701 -0.024339
v -0.079745 0.150196 0.013332
v -0.077789 0.155088 0.013760
v -0.079745 0.150196 0.013332
v -0.075832 0.156067 0.016023
v -0.045254 -0.018469 0.034858
v -0.045499 -0.174657 0.033635
v -0.055284 -0.172701 0.039261
v -0.055773 -0.017123 0.040484
v -0.045254 -0.018469 0.034858
v -0.055284 -0.172701 0.039261
v -0.055773 -0.017123 0.040484
v -0.045254 -0.018469 0.034858
v -0.036693 -0.019203 0.027887
v -0.045499 -0.174657 0.033635
v 0.165851 0.233366 -0.043665
v 0.168787 0.233366 -0.046110
v 0.166830 0.228473 -0.043665
v 0.168787 0.233366 -0.046110
v 0.054305 -0.178571 0.004862
v 0.055039 -0.178571 0.002722
v 0.066047 -0.176614 0.005657
v 0.054305 -0.178571 0.004862
v 0.043542 -0.176614 0.002844
v 0.044276 -0.179550 0.002828
v 0.053816 -0.175636 0.004770
v 0.043542 -0.176614 0.002844
v 0.044521 -0.179550 0.000596
v 0.044521 -0.179550 0.000596
v -0.177593 0.200098 -0.039506
v -0.196184 -0.160959 -0.040240
v -0.180528 0.202055 -0.040484
v -0.177593 0.200098 -0.039506
v -0.191291 -0.161938 -0.039750
v -0.196184 -0.160959 -0.040240
v -0.180528 0.202055 -0.040484
v -0.177593 0.200098 -0.039506
v -0.174657 0.198141 -0.037304
v -0.191291 -0.161938 -0.039750
v -0.100783 -0.173679 0.000291
v -0.106165 -0.168787 -0.000315
v -0.094912 -0.175636 0.002722
v -0.094912 -0.175636 0.002722
v 0.082681 0.190313 -0.048068
v 0.065068 0.190313 -0.047823
v 0.081702 0.196184 -0.047578
v 0.063601 0.183464 -0.048068
v 0.082681 0.190313 -0.048068
v 0.172701 -0.170744 0.049046
v 0.171722 -0.169765 0.050024
v 0.153131 -0.172701 0.049046
v 0.172701 -0.170744 0.049046
v 0.192270 -0.168787 0.049780
v 0.171722 -0.169765 0.050024
v 0.153131 -0.171722 0.047823
v 0.171722 -0.170744 0.048312
v 0.191291 -0.168787 0.048802
v 0.171722 -0.170744 0.048312
v -0.006941 0.122309 -0.019080
v -0.003959 0.119374 -0.027030
v -0.002599 0.117906 -0.031066
v -0.004266 -0.021282 -0.024951
v -0.007186 -0.021282 -0.015594
v -0.056507 -0.215754 -0.042197
v -0.054550 -0.210861 -0.042441
v 0.133562 0.160959 -0.003776
v 0.122309 0.159002 -0.000720
v 0.136497 -0.163894 -0.002255
v 0.133562 0.160959 -0.003776
v 0.143346 0.162916 -0.006544
v 0.122309 0.159002 -0.000720
v 0.017368 -0.179550 -0.011681
v 0.008195 0.122799 -0.022260
v 0.011619 -0.180528 -0.017613
v 0.011619 -0.180528 -0.017613
v 0.017490 -0.184442 -0.012476
v -0.145303 0.167808 0.047334
v -0.196184 -0.160959 -0.040240
v -0.191291 -0.161938 -0.039750
v -0.197162 -0.164873 -0.040484
v -0.188356 0.173679 -0.039261
v -0.196184 -0.160959 -0.040240
v -0.196184 -0.160959 -0.037794
v -0.188356 0.173679 -0.039261
v 0.052837 0.148239 0.000283
v 0.044765 0.143346 -0.004189
v 0.055284 0.147260 -0.001498
v 0.052837 0.148239 0.000283
v 0.061399 0.150196 0.002034
v 0.055284 0.147260 -0.001498
v 0.061399 0.150196 0.002034
v 0.192270 -0.166830 -0.036326
v -0.054794 0.143346 0.019937
v -0.058708 -0.174657 0.021649
v -0.069961 -0.172701 0.025196
v -0.065068 0.146282 0.023361
v -0.054794 0.143346 0.019937
v -0.069961 -0.172701 0.025196
v -0.065068 0.146282 0.023361
v -0.054794 0.143346 0.019937
v -0.045499 0.139433 0.014310
v -0.058708 -0.174657 0.021649
v -0.011191 -0.184442 -0.004372
v -0.004556 -0.184442 -0.013943
v -0.009112 -0.183464 -0.004831
v -0.006452 -0.184442 -0.014494
v -0.013637 -0.183464 -0.004648
v 0.222602 0.020181 -0.035592
v 0.225538 -0.149217 -0.036081
v 0.220646 0.019569 -0.035836
v 0.218689 0.172701 -0.036815
v 0.220646 0.019569 -0.035836
v 0.222602 0.019692 -0.033635
v 0.089531 -0.173679 0.046355
v 0.080724 -0.173679 0.044398
v 0.089531 -0.173679 0.046355
v 0.101272 -0.172701 0.049046
v 0.089531 -0.172701 0.048312
v 0.078278 -0.174657 0.045132
v -0.131605 0.182485 -0.022994
v -0.116438 0.176615 -0.020426
v -0.131605 0.182485 -0.022994
v -0.102740 0.177593 -0.018346
v -0.116928 -0.171722 0.050024
v -0.100783 -0.173679 0.047334
v -0.129647 -0.171722 0.048557
v -0.099804 -0.172701 0.049046
v -0.100783 -0.173679 0.047334
v 0.045010 0.137476 -0.003914
v 0.055773 0.142368 -0.001026
v 0.175636 -0.156067 -0.001636
v 0.175636 0.015166 -0.002813
v 0.159980 0.014249 0.003241
v 0.175636 -0.156067 -0.001636
v 0.175636 -0.156067 -0.001636
v 0.189335 -0.154110 -0.006880
v 0.175636 0.015166 -0.002813
v 0.175636 -0.156067 -0.001636
v 0.159980 0.014249 0.003241
v 0.159980 -0.158023 0.004648
v 0.175636 -0.156067 -0.001636
v 0.175636 -0.159980 -0.002041
v -0.027153 0.175636 -0.045866
v -0.017613 0.170744 -0.045621
v -0.038405 0.180528 -0.047823
v -0.039139 0.181507 -0.045132
v -0.058953 -0.185421 -0.009112
v -0.061155 -0.192270 -0.008929
v -0.049168 -0.187378 -0.011069
v -0.058953 -0.185421 -0.009112
v -0.043787 0.153131 -0.013271
v -0.053571 0.157045 -0.011497
v -0.058953 -0.185421 -0.009112
v -0.049168 -0.187378 -0.011069
v -0.043787 0.153131 -0.013271
v -0.058953 -0.185421 -0.009112
v -0.053571 0.157045 -0.011497
v -0.069471 -0.182485 -0.008103
v 0.121331 0.164873 0.015044
v 0.099804 0.160959 0.022505
v 0.112035 0.157045 0.018836
v -0.188356 0.170744 -0.016756
v -0.198141 0.017368 -0.018958
v -0.202055 0.172701 -0.022749
v -0.175636 0.168787 -0.010579
v -0.188356 0.170744 -0.016756
v -0.185421 0.016267 -0.012903
v -0.198141 0.017368 -0.018958
v -0.188356 0.170744 -0.016756
v -0.175636 0.168787 -0.010579
v -0.185421 0.016267 -0.012903
v -0.210861 -0.164873 0.047823
v -0.208904 -0.158023 0.048068
v -0.200098 0.013210 0.047089
v -0.184442 0.010152 0.047578
v -0.208904 -0.158023 0.048068
v -0.190313 -0.161938 0.048068
v -0.210861 -0.164873 0.047823
v -0.184442 0.010152 0.047578
v 0.017123 0.146282 -0.028742
v 0.017613 0.144325 -0.030822
v 0.022750 0.150196 -0.024584
v 0.011069 0.141389 -0.030455
v 0.023850 0.147260 -0.026908
v 0.124266 -0.164873 -0.003164
v 0.103229 -0.168787 0.000374
v 0.113013 -0.166830 -0.000480
v -0.009173 0.129648 -0.037794
v -0.011803 0.131605 -0.036081
v -0.014677 -0.201076 -0.035836
v -0.018469 -0.199119 -0.031189
v -0.011803 0.131605 -0.036081
v -0.009173 0.129648 -0.037794
v -0.014677 -0.201076 -0.035836
v -0.019325 -0.184442 -0.015533
v -0.024707 -0.181507 -0.006421
v -0.013821 -0.185421 -0.018224
v -0.020548 -0.182485 -0.008286
v 0.152153 0.164873 0.046111
v 0.177593 0.007583 0.047089
v 0.158023 0.004587 0.048068
v 0.152153 0.164873 0.046111
v 0.170744 0.167808 0.046111
v 0.170744 0.167808 0.046111
v 0.146282 0.168787 0.046111
v 0.152153 0.164873 0.046111
v 0.135518 0.160959 0.046600
v 0.146282 0.168787 0.046111
v 0.135518 0.160959 0.046600
v 0.001529 0.116928 -0.031311
v 0.003104 -0.180528 -0.028009
v -0.000948 -0.017245 -0.030577
v -0.000948 -0.017245 -0.030577
v -0.146282 0.195205 -0.022749
v -0.146282 0.195205 -0.024951
v -0.157045 0.202055 -0.028009
v -0.148239 0.189335 -0.022505
v -0.133562 0.189335 -0.019569
v -0.146282 0.195205 -0.022749
v -0.158023 0.201076 -0.026541
v -0.159980 0.194227 -0.027030
v -0.157045 0.202055 -0.028009
v -0.159980 0.194227 -0.027030
v 0.074364 0.146282 0.017857
v 0.062623 0.144325 0.017368
v 0.074364 0.146282 0.017857
v 0.094423 -0.166830 0.016512
v 0.085616 0.148239 0.016512
v 0.074364 0.146282 0.017857
v 0.080724 -0.168787 0.019203
v 0.094423 -0.166830 0.016512
v 0.074364 0.146282 0.017857
v 0.062623 0.144325 0.017368
v 0.080724 -0.168787 0.019203
v 0.074364 0.146282 0.017857
v 0.085616 0.148239 0.016512
v 0.076321 0.155088 0.018102
v 0.212818 -0.156067 -0.025195
v 0.205968 -0.152152 -0.020915
v 0.220646 -0.155088 -0.030332
v 0.214775 -0.155088 -0.024951
v 0.204012 -0.156067 -0.020058
v -0.039873 0.143346 0.038038
v -0.029599 0.141389 0.030210
v -0.031311 0.141389 0.027887
v -0.031311 0.141389 0.027887
v -0.042074 0.144325 0.035103
v -0.029599 0.141389 0.030210
v -0.067025 -0.173679 0.004892
v -0.080235 -0.172701 0.005565
v -0.079745 -0.176614 0.005504
v -0.067025 -0.177593 0.005107
v -0.067025 -0.173679 0.004892
v -0.066047 0.145304 0.004036
v -0.080235 -0.172701 0.005565
v -0.067025 -0.173679 0.004892
v -0.055284 -0.175636 0.003455
v -0.052837 0.142368 0.001682
v -0.067025 -0.173679 0.004892
v -0.052837 0.142368 0.001682
v -0.066047 0.145304 0.004036
v -0.055284 -0.175636 0.003455
v 0.166830 0.233366 -0.048801
v 0.165851 0.228473 -0.049291
v 0.165851 0.228473 -0.049291
v 0.184442 -0.177593 -0.048312
v 0.168787 -0.181507 -0.048557
v -0.198141 0.178571 -0.032657
v -0.147260 -0.164873 0.006941
v -0.129647 -0.168787 0.013393
v -0.161938 -0.162916 0.001544
v 0.002981 0.123777 -0.032167
v 0.008500 0.128669 -0.025073
v 0.116928 -0.166830 0.049780
v 0.116438 -0.171722 0.049780
v 0.100294 -0.010457 0.049046
v 0.134540 -0.171722 0.050269
v 0.137476 -0.164873 0.050758
v 0.116928 -0.166830 0.049780
v 0.115460 -0.005259 0.049780
v 0.100294 -0.010457 0.049046
v 0.116928 -0.166830 0.049780
v 0.137476 -0.164873 0.050758
v 0.115460 -0.005259 0.049780
v -0.064579 0.166830 -0.013576
v -0.064579 0.166830 -0.010702
v -0.052593 0.162916 -0.011803
v -0.064579 0.166830 -0.013576
v -0.064579 0.166830 -0.010702
v -0.010274 -0.202055 -0.036326
v -0.012292 -0.204990 -0.035836
v -0.010274 -0.202055 -0.036326
v -0.012231 -0.202055 -0.037060
v -0.006971 0.129648 -0.037060
v -0.010274 -0.202055 -0.036326
v -0.007094 0.129648 -0.034369
v -0.010396 -0.201076 -0.034613
v -0.012231 -0.202055 -0.037060
v -0.010274 -0.202055 -0.036326
v -0.006971 0.129648 -0.037060
v -0.007094 0.129648 -0.034369
v 0.208904 0.177593 -0.027519
v 0.203033 0.177593 -0.021160
v 0.211839 0.177593 -0.027275
v 0.209883 0.172701 -0.027764
v 0.201076 0.175636 -0.021893
v 0.215754 0.177593 -0.034369
v 0.214775 0.171722 -0.033145
v 0.024462 -0.224560 -0.041707
v 0.024462 -0.228473 -0.041707
v 0.024584 -0.229452 -0.044887
v -0.137476 0.011619 0.013271
v -0.155088 -0.159980 0.007186
v -0.141389 -0.161938 0.013087
v -0.137476 0.011619 0.013271
v -0.128669 0.160959 0.013393
v -0.151174 0.013699 0.006757
v -0.137476 0.011619 0.013271
v -0.117417 0.158023 0.018469
v -0.128669 0.160959 0.013393
v -0.137476 0.011619 0.013271
v -0.141389 -0.161938 0.013087
v -0.122309 0.005076 0.019937
v -0.137476 0.011619 0.013271
v -0.151174 0.013699 0.006757
v -0.155088 -0.159980 0.007186
v -0.137476 0.011619 0.013271
v -0.122309 0.005076 0.019937
v -0.117417 0.158023 0.018469
v -0.206947 -0.155088 -0.030822
v -0.196184 -0.156067 -0.025685
v -0.193249 0.172701 -0.026541
v -0.206947 -0.155088 -0.030822
v -0.193249 0.172701 -0.026541
v -0.204990 0.173679 -0.031923
v -0.206947 -0.155088 -0.030822
v -0.204990 0.173679 -0.031923
v -0.215754 -0.153131 -0.034124
v 0.203033 -0.172701 -0.049046
v 0.223581 -0.169765 -0.048801
v 0.203033 -0.172701 -0.049046
v 0.202055 -0.176614 -0.048557
v 0.184442 -0.177593 -0.048312
v 0.203033 -0.172701 -0.049046
v 0.199120 0.201076 -0.049046
v 0.223581 -0.169765 -0.048801
v -0.032779 0.139433 -0.008073
v -0.041340 0.142368 -0.004158
v -0.072896 -0.177593 0.029232
v -0.082681 -0.175636 0.028131
v -0.069471 -0.172701 0.028621
v 0.120352 0.159002 -0.004556
v 0.135518 -0.162916 -0.005871
v 0.124266 -0.164873 -0.003164
v 0.120352 0.159002 -0.004556
v 0.131605 0.159980 -0.007155
v 0.135518 -0.162916 -0.005871
v 0.120352 0.159002 -0.004556
v 0.124266 -0.164873 -0.003164
v 0.106654 0.157045 -0.001995
v 0.120352 0.159002 -0.004556
v 0.131605 0.159980 -0.007155
v 0.105186 0.161938 -0.001911
v 0.106654 0.157045 -0.001995
v 0.017735 -0.178571 0.004831
v 0.012842 -0.180528 -0.005596
v 0.014616 -0.019936 -0.000453
v 0.019814 -0.019814 0.007828
v 0.017735 -0.178571 0.004831
v 0.024706 -0.181507 0.016267
v 0.018469 -0.183464 0.005779
v 0.024829 -0.177593 0.016145
v 0.012842 -0.180528 -0.005596
v 0.024829 -0.177593 0.016145
v -0.240215 0.185421 -0.049780
v -0.237280 0.187378 -0.044398
v -0.238258 0.188356 -0.046600
v -0.223581 -0.161938 0.049046
v -0.224560 -0.159980 0.050269
v -0.223581 -0.161938 0.049046
v -0.210861 -0.164873 0.047823
v -0.209883 -0.164873 0.048802
v -0.220646 -0.161938 0.050514
v -0.224560 -0.159980 0.050269
v 0.002033 0.127691 -0.024584
v 0.000275 0.125734 -0.024707
v 0.002033 0.127691 -0.024584
v -0.000010 0.119374 -0.024584
v 0.090998 -0.166830 0.015166
v 0.078767 0.149217 0.015044
v 0.091487 0.152153 0.015534
v 0.090998 -0.166830 0.015166
v 0.086106 -0.172701 0.015044
v 0.068982 0.146282 0.014371
v 0.090998 -0.166830 0.015166
v 0.095401 -0.170744 0.013393
v 0.086106 -0.172701 0.015044
v 0.108121 -0.169765 0.010213
v 0.068982 0.146282 0.014371
v 0.090998 -0.166830 0.015166
v 0.091487 0.152153 0.015534
v 0.094912 -0.166830 0.014861
v 0.094912 -0.166830 0.014861
v 0.145304 0.168787 0.004587
v 0.024217 -0.229452 -0.047823
v 0.012231 -0.227495 -0.048557
v -0.172701 0.015533 -0.007553
v -0.160959 0.014983 -0.002217
v -0.178571 -0.156067 -0.008134
v -0.172701 0.015533 -0.007553
v -0.185421 0.016267 -0.012903
v -0.175636 0.168787 -0.010579
v -0.172701 0.015533 -0.007553
v -0.175636 0.168787 -0.010579
v -0.159980 0.166830 -0.004219
v -0.160959 0.014983 -0.002217
v -0.172701 0.015533 -0.007553
v -0.178571 -0.156067 -0.008134
v -0.185421 0.016267 -0.012903
v -0.191291 -0.161938 -0.039750
v -0.174657 0.198141 -0.037304
v -0.183464 -0.162916 -0.036326
v -0.192270 -0.165851 -0.039750
v -0.183464 -0.162916 -0.036326
v 0.093934 0.175636 -0.014555
v 0.079257 0.172701 -0.013087
v 0.204012 -0.158023 -0.028742
v 0.204990 -0.158023 -0.031189
v 0.203033 -0.155088 -0.028131
v -0.025318 0.138454 0.015656
v -0.025563 0.132583 0.014066
v -0.024462 0.138454 0.018224
v -0.071429 -0.176614 0.015166
v -0.083170 -0.174657 0.014188
v -0.070939 -0.170744 0.014555
v -0.071429 -0.176614 0.015166
v -0.070939 -0.170744 0.014555
v -0.063112 -0.173679 0.017613
v -0.082192 -0.174657 0.016390
v -0.070939 -0.176614 0.016879
v -0.070939 -0.176614 0.016879
v 0.181507 0.170744 -0.024707
v 0.193249 0.172701 -0.030210
v 0.166830 0.167808 -0.019447
v 0.036693 -0.175636 0.035103
v 0.044521 -0.177593 0.039995
v 0.046722 -0.173679 0.041463
v 0.048679 -0.017735 0.042931
v -0.193249 0.172701 -0.026541
v -0.175636 -0.160959 -0.004433
v -0.179550 -0.159980 -0.008286
v 0.018469 0.161938 -0.042441
v 0.024462 -0.224560 -0.041707
v 0.039384 -0.216732 -0.041463
v 0.018469 0.161938 -0.042441
v 0.011375 0.157045 -0.042197
v 0.024462 -0.224560 -0.041707
v 0.018469 0.161938 -0.042441
v -0.015533 0.124755 -0.017979
v -0.011069 0.121820 -0.024829
v -0.017490 -0.179550 -0.015472
v -0.015533 0.124755 -0.017979
v -0.024584 -0.178571 -0.006207
v -0.021894 0.128669 -0.008500
v -0.015533 0.124755 -0.017979
v -0.011742 0.128669 -0.024217
v -0.011069 0.121820 -0.024829
v -0.015533 0.124755 -0.017979
v -0.017490 -0.179550 -0.015472
v -0.024584 -0.178571 -0.006207
v -0.000180 -0.180528 -0.023483
v -0.000424 -0.184442 -0.027275
v -0.000403 -0.185421 -0.023483
v -0.000180 -0.180528 -0.023483
v -0.000403 -0.185421 -0.023483
v 0.175636 0.015166 -0.002813
v 0.190313 0.015656 -0.008745
v 0.174657 0.167808 -0.005993
v 0.174657 0.172701 -0.005626
v 0.159002 0.170744 0.001009
v 0.174657 0.167808 -0.005993
v 0.158023 0.165851 0.001483
v 0.175636 0.015166 -0.002813
v 0.158023 0.165851 0.001483
v 0.099315 -0.167808 0.005321
v 0.088552 -0.169765 0.006085
v 0.099315 -0.167808 0.005321
v 0.083660 0.151174 0.004587
v -0.093933 0.156067 0.048312
v -0.128669 0.164873 0.047089
v -0.127691 -0.181507 -0.016389
v -0.144325 -0.178571 -0.018836
v -0.144325 -0.178571 -0.020181
v -0.144325 -0.178571 -0.018836
v 0.047700 0.139433 0.042442
v 0.059442 0.141389 0.045621
v 0.059442 0.141389 0.045621
v 0.045744 0.145304 0.041708
v 0.047700 0.139433 0.042442
v 0.192270 -0.161938 -0.036081
v 0.196184 -0.160959 -0.038772
v -0.029354 0.137476 -0.001005
v -0.036937 0.135518 0.007583
v -0.035470 0.141389 0.008195
v -0.081702 -0.171722 0.026541
v -0.065068 0.146282 0.023361
v -0.069961 -0.172701 0.025196
v -0.081702 -0.171722 0.026541
v -0.081702 -0.175636 0.026419
v -0.093933 -0.174657 0.025807
v -0.069961 -0.172701 0.025196
v -0.081702 -0.171722 0.026541
v -0.076810 0.148239 0.024707
v -0.065068 0.146282 0.023361
v -0.081702 -0.171722 0.026541
v -0.094423 -0.169765 0.025930
v -0.076810 0.148239 0.024707
v -0.081702 -0.171722 0.026541
v -0.094423 -0.169765 0.025930
v 0.133562 0.207926 -0.042197
v 0.131605 0.212818 -0.043175
v 0.113013 0.205968 -0.042686
v 0.133562 0.207926 -0.042197
v 0.116438 0.200098 -0.042197
v 0.140411 -0.185421 -0.041952
v 0.149217 0.219667 -0.042197
v 0.133562 0.207926 -0.042197
v 0.140411 -0.185421 -0.041952
v 0.158023 -0.183464 -0.042197
v 0.116438 0.200098 -0.042197
v 0.133562 0.207926 -0.042197
v 0.158023 -0.183464 -0.042197
v 0.149217 0.219667 -0.042197
v -0.000403 -0.185421 -0.023483
v -0.236301 0.183464 -0.050758
v -0.240215 0.183464 -0.050513
v -0.244129 -0.166830 -0.050024
v -0.248043 -0.166830 -0.049046
v -0.240215 0.183464 -0.050513
v -0.236301 0.183464 -0.050758
v -0.244129 -0.166830 -0.050024
v -0.225538 -0.152152 -0.034124
v -0.223581 -0.151174 -0.028620
v -0.225538 -0.149217 -0.034124
v 0.036937 0.143346 0.017490
v 0.037427 0.143346 0.015044
v 0.028009 0.139433 0.010641
v 0.038650 0.137476 0.018469
v 0.047945 0.140411 0.023361
v 0.048190 0.146282 0.021282
v 0.143346 -0.191291 -0.045132
v 0.161938 -0.187378 -0.045132
v 0.162916 -0.187378 -0.043420
v 0.145304 -0.191291 -0.047823
v 0.144325 -0.190313 -0.043175
v 0.144325 -0.190313 -0.043175
v -0.050881 0.147260 -0.000764
v -0.043297 0.142368 -0.005473
v -0.059687 0.150196 0.000948
v -0.044276 -0.178571 0.035347
v -0.034002 -0.179550 0.027764
v -0.045010 -0.177593 0.038283
v -0.044276 -0.178571 0.035347
v -0.045010 -0.177593 0.038283
v -0.056996 -0.175636 0.043909
v -0.045010 -0.177593 0.033635
v -0.036203 -0.178571 0.026786
v 0.202055 0.017613 -0.021160
v 0.205968 -0.152152 -0.020915
v 0.192270 0.016145 -0.014616
v 0.202055 0.017613 -0.021160
v 0.210861 0.019080 -0.026419
v 0.212818 -0.151174 -0.026663
v 0.202055 0.017613 -0.021160
v 0.212818 -0.151174 -0.026663
v 0.205968 -0.152152 -0.020915
v 0.202055 0.017613 -0.021160
v 0.201076 0.171722 -0.022260
v 0.210861 0.019080 -0.026419
v 0.077299 -0.173679 0.016634
v 0.084149 -0.173679 0.017368
v 0.071918 -0.175636 0.018102
v 0.076810 -0.168787 0.016390
v 0.077299 -0.173679 0.016634
v 0.065068 -0.170744 0.016634
v 0.076810 -0.168787 0.016390
v -0.129647 0.208904 -0.041707
v -0.148239 0.220646 -0.042686
v -0.157045 -0.183464 -0.042197
v -0.129647 0.208904 -0.041707
v -0.110078 0.204990 -0.042686
v -0.129647 0.211839 -0.042931
v -0.109589 0.201076 -0.041952
v -0.148239 0.220646 -0.042686
v -0.098336 -0.173679 0.012353
v -0.083170 -0.174657 0.014188
v -0.098826 -0.166830 0.012842
v -0.084149 -0.168787 0.014432
v 0.062133 0.184442 -0.042197
v 0.082192 0.190313 -0.042441
v 0.089041 -0.198141 -0.042931
v 0.106165 -0.194227 -0.042686
v 0.082192 0.190313 -0.042441
v 0.106165 -0.194227 -0.042686
v 0.100294 0.195205 -0.041952
v 0.082192 0.190313 -0.042441
v 0.062133 0.184442 -0.042197
v 0.089041 -0.198141 -0.042931
v 0.167808 0.166830 0.048802
v 0.176615 0.007828 0.049291
v -0.017613 0.170744 -0.045621
v -0.006727 -0.179550 -0.030822
v 0.164873 0.196184 -0.029844
v 0.154110 0.200098 -0.026419
v 0.154110 0.192270 -0.025563
v 0.166830 -0.166830 -0.027030
v 0.164873 0.196184 -0.029844
v 0.154110 0.192270 -0.025563
v 0.154110 -0.169765 -0.022627
v 0.166830 -0.166830 -0.027030
v -0.142368 0.162916 0.003608
v -0.126712 0.159980 0.010152
v -0.148239 0.013576 0.003486
v -0.142368 0.162916 0.003608
v -0.126712 0.159980 0.010152
v -0.148239 0.169765 0.000474
v -0.135518 0.167808 0.005351
v -0.159980 0.166830 -0.004219
v -0.198141 -0.179550 -0.045866
v -0.217710 -0.175636 -0.043665
v -0.218689 -0.175636 -0.046110
v -0.198141 -0.179550 -0.045866
v -0.178571 -0.184442 -0.048068
v -0.178571 -0.183464 -0.045376
v -0.198141 -0.179550 -0.045866
v -0.198141 -0.178571 -0.048312
v -0.178571 -0.184442 -0.048068
v -0.218689 -0.175636 -0.046110
v 0.013699 0.132583 -0.001903
v 0.010090 0.130626 -0.010886
v 0.013821 0.126712 -0.002614
v 0.182485 -0.159980 -0.022016
v -0.083660 0.149217 0.028743
v -0.014738 -0.021160 0.004678
v -0.015655 -0.179550 0.005871
v -0.008317 -0.021526 -0.005381
v -0.014738 -0.021160 0.004678
v -0.020058 -0.020548 0.014371
v -0.021649 -0.177593 0.016267
v -0.014738 -0.021160 0.004678
v -0.008317 -0.021526 -0.005381
v -0.007705 0.123777 -0.008500
v -0.021649 -0.177593 0.016267
v 0.187378 0.215754 -0.045621
v 0.206947 0.201076 -0.048557
v 0.197162 0.208904 -0.049046
v 0.206947 0.201076 -0.048557
v 0.199120 0.201076 -0.049046
v -0.131605 0.182485 -0.022994
v -0.116438 0.176615 -0.020426
v -0.129647 -0.175636 -0.020792
v -0.131605 0.182485 -0.022994
v -0.129647 -0.175636 -0.020792
v -0.145303 -0.173679 -0.024339
v -0.131605 0.182485 -0.022994
v -0.145303 -0.173679 -0.024339
v -0.145303 0.187378 -0.026419
v -0.111057 -0.165851 0.025318
v -0.111057 -0.165851 0.025318
v -0.098826 -0.168787 0.028498
v -0.093933 0.153131 0.027397
v -0.111057 -0.165851 0.025318
v -0.093933 0.153131 0.027397
v -0.105186 0.155088 0.023484
v -0.126712 -0.169765 0.019447
v -0.111057 -0.165851 0.025318
v -0.105186 0.155088 0.023484
v -0.122309 0.005076 0.019937
v -0.111057 -0.165851 0.025318
v -0.122309 0.005076 0.019937
v -0.127691 -0.163894 0.019325
v -0.127691 -0.163894 0.019325
v 0.031066 0.147260 -0.016756
v 0.029110 0.153131 -0.017613
v 0.031066 0.147260 -0.016756
v 0.053571 -0.186399 -0.008867
v 0.042564 0.153131 -0.013026
v 0.031066 0.147260 -0.016756
v 0.042564 0.153131 -0.013026
v 0.029110 0.153131 -0.017613
v 0.031066 0.147260 -0.016756
v 0.037671 -0.191291 -0.013760
v 0.049658 -0.190313 -0.009540
v 0.053571 -0.186399 -0.008867
v 0.139433 -0.171722 -0.018713
v 0.143346 -0.177593 -0.018958
v 0.143346 -0.178571 -0.020426
v 0.157045 -0.174657 -0.022749
v 0.139433 -0.171722 -0.018713
v -0.003180 0.118395 -0.032657
v -0.003455 0.119374 -0.030455
v -0.004648 -0.179550 -0.028742
v -0.003180 0.118395 -0.032657
v -0.004648 -0.179550 -0.028742
v -0.004526 -0.180528 -0.030577
v -0.006727 -0.179550 -0.030822
v -0.003180 0.118395 -0.032657
v -0.006727 -0.179550 -0.030822
v -0.004892 0.118395 -0.033145
v -0.081213 -0.189335 -0.010579
v -0.095401 -0.188356 -0.011313
v -0.095401 -0.187378 -0.009112
v -0.081213 -0.189335 -0.010579
v -0.070450 -0.190313 -0.013087
v -0.081702 -0.189335 -0.008195
v 0.094423 0.157045 0.048312
v 0.093934 0.158023 0.046355
v 0.097358 0.151174 0.048068
v 0.094423 0.157045 0.048312
v 0.112035 0.154110 0.048312
v 0.109100 0.159980 0.048312
v 0.109100 0.160959 0.046845
v 0.093934 0.158023 0.046355
v 0.097358 0.151174 0.048068
v -0.000218 -0.181507 -0.025685
v -0.001143 -0.184442 -0.028498
v -0.000187 -0.180528 -0.028376
v -0.000218 -0.181507 -0.025685
v -0.000187 -0.180528 -0.028376
v 0.000658 -0.021282 -0.025318
v -0.001364 -0.181507 -0.020670
v -0.000309 -0.184442 -0.025929
v -0.000218 -0.181507 -0.025685
v 0.000658 -0.021282 -0.025318
v -0.249022 -0.166830 -0.044153
v -0.245107 -0.166830 -0.043665
v -0.237280 0.183464 -0.044398
v -0.249022 -0.166830 -0.044153
v -0.240215 0.182485 -0.044887
v -0.250000 -0.166830 -0.046355
v -0.245107 -0.166830 -0.043665
v -0.249022 -0.166830 -0.044153
v -0.237280 0.183464 -0.044398
v -0.240215 0.182485 -0.044887
v 0.029476 0.139433 0.007186
v 0.029232 0.132583 0.011253
v 0.088552 -0.186399 -0.013332
v 0.100294 -0.184442 -0.015105
v -0.077789 0.147260 0.047823
v -0.063601 0.149217 0.045866
v -0.077789 0.152153 0.047334
v -0.077789 0.147260 0.047823
v -0.097358 -0.007614 0.049535
v -0.093444 0.150196 0.048312
v -0.064090 0.143346 0.046111
v -0.077789 0.147260 0.047823
v -0.077789 0.152153 0.047334
v -0.093444 0.150196 0.048312
v -0.033757 -0.181507 -0.003164
v -0.032779 -0.177593 -0.003959
v 0.214775 0.179550 -0.038527
v 0.060421 -0.172701 0.023973
v 0.050147 -0.174657 0.017735
v 0.042808 0.138454 0.014983
v 0.060421 -0.172701 0.023973
v 0.042808 0.138454 0.014983
v 0.054550 0.142368 0.020915
v 0.060421 -0.172701 0.023973
v 0.071918 -0.175636 0.026052
v 0.062623 -0.176614 0.024462
v 0.050147 -0.174657 0.017735
v -0.161938 0.231409 -0.043175
v -0.173679 -0.180528 -0.042441
v -0.157045 0.226517 -0.043420
v -0.166830 0.229452 -0.043909
v -0.166830 0.229452 -0.043909
v -0.108121 -0.173679 0.022627
v -0.119374 -0.170744 0.018347
v -0.107143 -0.167808 0.022016
v -0.124266 -0.169765 0.018102
v 0.033757 0.145304 -0.022138
v 0.045499 0.151174 -0.018224
v 0.053082 -0.186399 -0.014432
v 0.033757 0.145304 -0.022138
v 0.030210 0.150196 -0.023605
v 0.045499 0.151174 -0.018224
v 0.033757 0.145304 -0.022138
v 0.053082 -0.186399 -0.014432
v 0.041096 -0.190313 -0.018224
v 0.033757 0.145304 -0.022138
v 0.030210 0.150196 -0.023605
v 0.033757 0.145304 -0.022138
v 0.041096 -0.190313 -0.018224
v 0.025318 0.141389 -0.026297
v 0.025318 0.141389 -0.026297
v 0.210861 -0.156067 -0.021282
v 0.222602 -0.154110 -0.030455
v -0.012231 0.156067 -0.048557
v 0.148239 0.169765 0.047578
v 0.148239 0.168787 0.048557
v 0.148239 0.169765 0.047578
v 0.148239 0.168787 0.048557
v 0.011008 -0.204990 -0.035836
v -0.164873 0.174657 -0.015961
v -0.166830 0.168787 -0.016206
v -0.179550 0.170744 -0.020915
v -0.166830 0.168787 -0.016206
v -0.159002 0.174657 -0.015655
v -0.197162 -0.165851 -0.039261
v -0.186399 -0.168787 -0.035347
v 0.042808 0.144325 0.014983
v 0.215754 -0.153131 -0.038038
v 0.210861 0.020303 -0.038038
v 0.221624 -0.153131 -0.040240
v 0.215754 -0.153131 -0.038038
v 0.216732 -0.157045 -0.038527
v 0.205968 -0.153131 -0.033635
v 0.222602 -0.155088 -0.039506
v 0.215754 -0.153131 -0.038038
v 0.205968 -0.153131 -0.033635
v 0.203033 0.019569 -0.033635
v 0.221624 -0.153131 -0.040240
v 0.215754 -0.153131 -0.038038
v 0.203033 0.019569 -0.033635
v 0.210861 0.020303 -0.038038
v -0.079745 0.164873 -0.010518
v -0.066536 0.160959 -0.010335
v -0.066536 0.160959 -0.010335
v -0.027031 -0.177593 0.023728
v -0.034002 -0.176614 0.031189
v -0.034247 -0.178571 0.030944
v -0.027031 -0.177593 0.023728
v -0.026052 -0.020058 0.023116
v -0.034002 -0.176614 0.031189
v -0.027031 -0.177593 0.023728
v -0.020058 -0.020548 0.014371
v -0.026052 -0.020058 0.023116
v -0.027031 -0.177593 0.023728
v -0.021649 -0.177593 0.016267
v -0.020058 -0.020548 0.014371
v 0.243151 0.185421 -0.044887
v 0.243151 0.182485 -0.045132
v 0.244129 0.181507 -0.047089
v 0.094912 -0.171722 0.014739
v 0.094912 -0.171722 0.016879
v 0.082681 -0.173679 0.019203
v -0.116438 0.176615 -0.020426
v -0.101272 0.171722 -0.018346
v -0.114481 -0.178571 -0.017857
v -0.101272 0.171722 -0.018346
v -0.116438 0.176615 -0.020426
v -0.114481 -0.178571 -0.017857
v -0.129647 -0.175636 -0.020792
v -0.118395 -0.165851 0.017857
v -0.129647 -0.168787 0.013393
v -0.118395 -0.165851 0.017857
v -0.129647 -0.168787 0.013393
v -0.127691 -0.163894 0.013210
v -0.118395 -0.165851 0.017857
v -0.112525 0.158023 0.015778
v -0.100294 0.154110 0.020548
v -0.118395 -0.165851 0.017857
v -0.127691 -0.163894 0.013210
v -0.112525 0.158023 0.015778
v -0.118395 -0.165851 0.017857
v -0.100294 0.154110 0.020548
v -0.107143 -0.167808 0.022016
v 0.065558 0.192270 -0.045621
v 0.049658 0.185421 -0.043175
v 0.164873 -0.163894 0.050269
v 0.164873 -0.163894 0.050269
v 0.153131 -0.171722 0.050269
v -0.010457 0.128669 -0.020548
v -0.009234 0.128669 -0.024584
v -0.014066 0.131605 -0.018346
v -0.010580 0.123777 -0.019814
v -0.010457 0.128669 -0.020548
v -0.010580 0.123777 -0.019814
v -0.006788 0.126712 -0.025440
v -0.010457 0.128669 -0.020548
v -0.006788 0.126712 -0.025440
v -0.027153 -0.230430 -0.045621
v -0.042074 -0.221624 -0.045376
v -0.017735 -0.233366 -0.045376
v 0.137476 0.012476 0.006360
v 0.149217 -0.159980 0.003792
v 0.136497 -0.161938 0.009724
v 0.137476 0.012476 0.006360
v 0.125734 0.009846 0.010763
v 0.119863 0.158023 0.012231
v 0.137476 0.012476 0.006360
v 0.136497 -0.161938 0.009724
v 0.125734 0.009846 0.010763
v 0.137476 0.012476 0.006360
v 0.150196 0.013699 0.001261
v 0.149217 -0.159980 0.003792
v 0.012292 -0.185421 -0.019325
v 0.007950 -0.186399 -0.026052
v 0.011864 -0.184442 -0.017857
v -0.193249 0.174657 0.046600
v -0.201076 0.177593 0.047823
v -0.201076 0.177593 0.047823
v -0.198141 0.170744 0.046355
v -0.173679 -0.171722 -0.028131
v -0.172701 -0.172701 -0.029232
v -0.159002 -0.175636 -0.024462
v -0.173679 -0.171722 -0.028131
v -0.161938 -0.169765 -0.024339
v -0.159980 -0.174657 -0.022872
v -0.161938 -0.169765 -0.024339
v -0.172701 -0.172701 -0.029232
v 0.002691 0.118884 -0.032657
v 0.003822 0.118395 -0.033879
v 0.002691 0.118884 -0.032657
v 0.003822 0.118395 -0.033879
v 0.004403 -0.182485 -0.031433
v 0.094423 -0.166830 0.016512
v 0.080724 -0.168787 0.019203
v 0.109100 -0.169765 0.011375
v -0.084638 0.166830 -0.016389
v -0.098336 -0.179550 -0.015166
v -0.101272 0.171722 -0.018346
v -0.101272 0.171722 -0.018346
v -0.003455 -0.181507 -0.027519
v -0.000531 -0.021160 -0.029844
v -0.001972 -0.181507 -0.028987
v -0.002339 -0.021160 -0.028865
v -0.003455 -0.181507 -0.027519
v -0.002828 -0.184442 -0.027642
v -0.005748 -0.184442 -0.022260
v -0.005412 -0.180528 -0.022138
v -0.004266 -0.021282 -0.024951
v -0.001972 -0.181507 -0.028987
v 0.164873 0.196184 -0.029844
v 0.174657 0.200098 -0.033879
v 0.164873 0.205968 -0.030332
v 0.164873 0.196184 -0.029844
v 0.180528 -0.163894 -0.031311
v 0.174657 0.200098 -0.033879
v 0.154110 0.200098 -0.026419
v 0.164873 0.196184 -0.029844
v 0.166830 -0.166830 -0.027030
v 0.180528 -0.163894 -0.031311
v 0.031066 -0.195205 -0.022260
v 0.041096 -0.190313 -0.018224
v -0.127691 0.159002 0.046111
v -0.143346 0.161938 0.046111
v -0.127691 0.159002 0.046111
v -0.150196 0.003027 0.047578
v -0.143346 0.161938 0.046111
v -0.118884 -0.165851 -0.002561
v -0.118884 -0.165851 -0.002561
v -0.106165 0.157045 -0.002308
v -0.106165 -0.168787 -0.000315
v 0.243151 -0.170744 -0.049291
v 0.243151 -0.170744 -0.049291
v -0.017613 0.135518 0.008562
v -0.011375 0.132583 0.000711
v -0.007277 0.129648 -0.009234
v -0.009357 0.130626 -0.009907
v -0.016267 0.134540 0.010824
v -0.009357 0.130626 -0.009907
v 0.193249 0.172701 -0.030210
v 0.014249 -0.020548 0.005596
v 0.011069 0.126712 0.000894
v 0.006819 0.123777 -0.008500
v 0.014249 -0.020548 0.005596
v 0.013699 -0.179550 0.005871
v 0.008317 -0.020670 -0.005565
v 0.014249 -0.020548 0.005596
v -0.162916 0.230431 -0.049535
v -0.167808 0.228473 -0.049780
v -0.167808 0.233366 -0.049291
v -0.167808 0.228473 -0.049780
v 0.053327 0.162916 -0.014249
v 0.060421 0.163894 -0.015716
v 0.050147 0.159002 -0.017613
v 0.053327 0.162916 -0.014249
v 0.039384 0.158023 -0.016879
v 0.040362 0.158023 -0.013637
v 0.065558 0.167808 -0.012965
v 0.053816 0.162916 -0.011130
v 0.050147 0.159002 -0.017613
v 0.053816 0.162916 -0.011130
v 0.108610 -0.169765 0.010029
v 0.109100 -0.169765 0.011375
v 0.108610 -0.169765 0.010029
v 0.126712 -0.167808 0.001972
v -0.032290 0.145304 -0.023239
v -0.034736 -0.195205 -0.021037
v -0.044521 -0.190313 -0.017613
v -0.032290 0.145304 -0.023239
v -0.023239 0.147260 -0.028498
v -0.032290 0.145304 -0.023239
v -0.022994 0.140411 -0.027886
v -0.034736 -0.195205 -0.021037
v -0.032290 0.145304 -0.023239
v -0.044521 -0.190313 -0.017613
v -0.041340 0.152153 -0.020058
v -0.008439 -0.230430 -0.041952
v -0.001651 0.148239 -0.042686
v -0.006268 0.152153 -0.041952
v -0.008439 -0.230430 -0.041952
v -0.004204 -0.228473 -0.042197
v -0.001651 0.148239 -0.042686
v -0.008439 -0.230430 -0.041952
v -0.005015 -0.232388 -0.042441
v -0.004204 -0.228473 -0.042197
v 0.212818 0.014494 0.046355
v 0.212818 0.014494 0.047334
v 0.221624 -0.156067 0.047823
v 0.212818 0.014494 0.046355
v 0.208904 0.172701 0.046355
v 0.197162 0.010947 0.046845
v 0.197162 0.010947 0.046845
v 0.194227 0.169765 0.045866
v 0.072407 -0.203033 -0.042441
v 0.089041 -0.198141 -0.042931
v 0.062133 0.184442 -0.042197
v 0.072407 -0.203033 -0.042441
v 0.062133 0.184442 -0.042197
v 0.041340 0.174657 -0.042441
v -0.160959 -0.188356 -0.048312
v -0.178571 -0.184442 -0.048068
v -0.157045 -0.184442 -0.048068
v -0.140411 -0.188356 -0.047823
v 0.020059 0.132583 -0.009173
v 0.022260 0.127691 -0.008378
v 0.015778 0.130626 -0.018713
v 0.020059 0.132583 -0.009173
v 0.022260 0.127691 -0.008378
v 0.020059 0.132583 -0.009173
v 0.007186 0.130626 -0.014065
v 0.016023 0.133562 -0.005810
v 0.204990 -0.158023 -0.033635
v 0.194227 -0.159002 -0.027519
v 0.195205 -0.154110 -0.028742
v -0.054794 0.147260 0.020303
v -0.065068 0.146282 0.023361
v -0.065068 0.150196 0.023728
v -0.063601 0.151174 0.025074
v -0.093933 -0.173679 0.014861
v -0.084149 -0.168787 0.014432
v 0.022994 -0.181507 0.017123
v 0.030822 -0.180528 0.025807
v 0.020181 -0.182485 0.017246
v 0.040362 -0.179550 0.034369
v -0.220646 0.019814 -0.028620
v -0.223581 -0.151174 -0.028620
v -0.212818 0.019080 -0.022382
v -0.220646 0.019814 -0.028620
v -0.223581 0.020548 -0.033635
v -0.225538 -0.149217 -0.034124
v -0.220646 0.019814 -0.028620
v -0.225538 -0.149217 -0.034124
v -0.223581 -0.151174 -0.028620
v -0.212818 0.019080 -0.022382
v -0.205969 -0.158023 0.050024
v -0.223581 -0.155088 0.050758
v 0.007186 0.130626 -0.014065
v -0.022138 -0.203033 -0.026541
v -0.022505 -0.202055 -0.023728
v -0.017735 -0.203033 -0.032167
v -0.030944 -0.199119 -0.018958
v -0.031189 -0.200098 -0.020548
v -0.024339 -0.202055 -0.026419
v 0.132583 0.166830 0.011253
v 0.126712 0.159980 0.014494
v 0.112035 0.157045 0.018836
v 0.133562 0.011314 0.014127
v 0.007583 -0.185421 -0.030088
v 0.005748 -0.186399 -0.030210
v 0.008073 -0.181507 -0.030088
v 0.006391 -0.182485 -0.031923
v -0.155088 0.200098 -0.030455
v -0.146282 0.195205 -0.024951
v -0.155088 0.200098 -0.030455
v -0.157045 0.202055 -0.028009
v 0.045010 0.137476 -0.003914
v 0.058219 -0.173679 0.001139
v 0.048679 -0.174657 -0.000564
v 0.045010 0.137476 -0.003914
v 0.055773 0.142368 -0.001026
v 0.058219 -0.173679 0.001139
v 0.045010 0.137476 -0.003914
v 0.048679 -0.174657 -0.000564
v 0.034247 0.132583 -0.007950
v 0.034247 0.132583 -0.007950
v 0.221624 -0.153131 -0.037060
v -0.034491 0.141389 0.010335
v -0.034981 0.136497 0.010641
v -0.026174 0.137476 0.001009
v -0.042808 0.145304 0.017979
v -0.044031 0.139433 0.017735
v -0.070939 -0.170744 0.014555
v -0.084149 -0.168787 0.014432
v -0.062378 0.143346 0.013454
v -0.063112 -0.173679 0.017613
v 0.040362 -0.178571 0.031923
v 0.031556 -0.179550 0.024218
v 0.031556 -0.176614 0.024340
v 0.040362 -0.179550 0.034369
v 0.040852 -0.174657 0.031923
v -0.216732 0.177593 -0.036326
v -0.212818 0.178571 -0.027886
v -0.210861 0.177593 -0.028620
v -0.210861 0.177593 -0.028620
v -0.156067 -0.165851 -0.011742
v -0.000306 0.147260 -0.048557
v 0.000157 0.153131 -0.048801
v 0.004403 0.153131 -0.049046
v -0.000306 0.147260 -0.048557
v 0.000157 0.153131 -0.048801
v -0.000306 0.147260 -0.048557
v 0.004403 0.153131 -0.049046
v 0.005565 -0.228473 -0.048557
v -0.000306 0.147260 -0.048557
v 0.000749 -0.229452 -0.045132
v -0.001402 0.147260 -0.045621
v 0.135518 0.160959 0.046600
v 0.158023 0.004587 0.048068
v 0.132583 -0.002003 0.047823
v 0.158023 0.004587 0.048068
v 0.166830 -0.163894 0.048312
v -0.072407 0.187378 -0.041952
v -0.052348 0.186399 -0.042197
v -0.088552 0.194227 -0.041952
v 0.203033 0.177593 -0.021160
v 0.190313 0.175636 -0.014065
v 0.203033 0.177593 -0.021160
v 0.201076 0.175636 -0.021893
v 0.190313 0.175636 -0.014065
v 0.204012 0.177593 -0.019814
v 0.190313 0.174657 -0.012414
v 0.067026 -0.191291 -0.012414
v 0.066536 -0.192270 -0.010029
v 0.054305 -0.194227 -0.014249
v 0.063112 -0.183464 -0.013087
v 0.077299 -0.188356 -0.012537
v 0.080235 -0.189335 -0.010090
v 0.053082 -0.186399 -0.014432
v 0.067026 -0.191291 -0.012414
v 0.053082 -0.186399 -0.014432
v -0.140411 -0.162916 -0.004525
v -0.136497 0.163894 -0.005596
v -0.154110 -0.160959 -0.008745
v 0.195205 -0.172701 -0.042931
v 0.195205 -0.172701 -0.042931
v 0.213796 -0.169765 -0.043175
v 0.178571 0.216732 -0.043420
v 0.195205 -0.172701 -0.042931
v 0.166830 0.228473 -0.043665
v 0.174657 -0.179550 -0.042931
v 0.174657 -0.179550 -0.042931
v 0.195205 -0.172701 -0.042931
v 0.178571 0.216732 -0.043420
v 0.166830 0.228473 -0.043665
v 0.195205 -0.172701 -0.042931
v 0.219667 -0.173679 -0.043420
v 0.213796 -0.169765 -0.043175
v -0.026541 0.132583 0.000871
v -0.019447 0.128669 -0.007491
v -0.026541 0.132583 0.000871
v -0.030577 -0.177593 0.005198
v -0.019447 0.128669 -0.007491
v -0.026541 0.132583 0.000871
v -0.038160 -0.175636 0.012842
v -0.030577 -0.177593 0.005198
v -0.026541 0.132583 0.000871
v -0.034981 0.136497 0.010641
v -0.038160 -0.175636 0.012842
v 0.160959 0.014616 -0.015227
v 0.170744 0.015166 -0.019202
v 0.170744 -0.158023 -0.017490
v 0.160959 0.014616 -0.015227
v 0.142368 0.163894 -0.010518
v 0.154110 0.165851 -0.014616
v 0.160959 0.014616 -0.015227
v 0.154110 0.165851 -0.014616
v 0.170744 0.015166 -0.019202
v 0.160959 0.014616 -0.015227
v 0.149217 0.013393 -0.011864
v 0.142368 0.163894 -0.010518
v 0.012842 -0.180528 -0.005596
v 0.018469 -0.183464 0.005779
v -0.237280 0.187378 -0.049780
v -0.238258 -0.171722 -0.044153
v -0.218689 -0.175636 -0.046110
v 0.014371 0.128669 0.010702
v 0.014371 0.128669 0.010702
v 0.156067 -0.184442 -0.048557
v 0.140411 -0.186399 -0.048312
v 0.164873 -0.186399 -0.048312
v 0.168787 -0.181507 -0.048557
v 0.156067 -0.184442 -0.048557
v 0.140411 -0.186399 -0.048312
v 0.134540 0.209883 -0.048312
v -0.045499 -0.174657 0.033635
v -0.036693 -0.175636 0.027275
v -0.036693 -0.175636 0.027275
v 0.179550 0.203033 -0.036815
v 0.171722 0.208904 -0.033635
v 0.179550 0.203033 -0.036815
v 0.192270 -0.161938 -0.036081
v 0.186399 0.171722 -0.038772
v 0.174657 0.200098 -0.033879
v 0.179550 0.203033 -0.036815
v 0.179550 0.204012 -0.038772
v 0.175636 0.209883 -0.036570
v 0.174657 0.209883 -0.036326
v 0.171722 0.208904 -0.033635
v 0.179550 0.203033 -0.036815
v 0.186399 0.171722 -0.038772
v 0.179550 0.204012 -0.038772
v 0.048434 -0.179550 -0.000281
v 0.057486 -0.177593 0.001651
v 0.055039 -0.178571 0.002722
v 0.067026 -0.177593 0.003700
v -0.207925 0.179550 -0.038772
v -0.204012 0.173679 -0.036326
v -0.210861 0.172701 -0.039506
v -0.207925 0.179550 -0.038772
v -0.210861 0.172701 -0.039506
v -0.098826 -0.166830 0.012842
v -0.079745 0.150196 0.013332
v -0.084149 -0.168787 0.014432
v -0.098826 -0.166830 0.012842
v -0.096379 0.159002 0.011436
v -0.079745 0.150196 0.013332
v -0.098826 -0.166830 0.012842
v -0.108121 -0.169765 0.012170
v -0.096379 0.159002 0.011436
v 0.100294 0.195205 -0.041952
v 0.123288 -0.189335 -0.042441
v 0.116438 0.200098 -0.042197
v 0.100294 0.195205 -0.041952
v 0.106165 -0.194227 -0.042686
v 0.123288 -0.189335 -0.042441
v 0.210861 -0.164873 0.048557
v 0.191291 -0.168787 0.048802
v 0.192270 -0.168787 0.047823
v 0.210861 -0.164873 0.048557
v 0.221624 -0.159980 0.050024
v 0.210861 -0.164873 0.048557
v 0.192270 -0.168787 0.047823
v -0.003471 0.121331 -0.018224
v -0.000449 0.118395 -0.026052
v -0.003486 0.126712 -0.018958
v -0.003471 0.121331 -0.018224
v -0.002553 -0.021526 -0.016756
v -0.007705 0.123777 -0.008500
v -0.000449 0.118395 -0.026052
v -0.040851 -0.216732 -0.048557
v -0.041096 -0.221624 -0.048068
v -0.040851 -0.216732 -0.048557
v -0.056018 -0.210861 -0.048801
v -0.039628 0.174657 -0.048312
v 0.166830 0.174657 -0.017245
v 0.166830 0.173679 -0.019447
v 0.168787 0.174657 -0.016756
v 0.020059 -0.179550 -0.015166
v 0.015778 0.124266 -0.018958
v 0.027642 -0.179550 -0.005993
v -0.163894 0.172701 -0.004235
v -0.223581 -0.149217 -0.035836
v -0.220646 -0.150196 -0.032901
v -0.223581 -0.149217 -0.035836
v -0.218689 0.020181 -0.035347
v -0.220646 -0.150196 -0.032901
v -0.223581 -0.149217 -0.035836
v -0.221624 0.020548 -0.036326
v -0.218689 0.020181 -0.035347
v 0.134540 -0.166830 -0.005535
v 0.124266 -0.164873 -0.003164
v 0.135518 -0.162916 -0.005871
v -0.055528 0.149217 0.041463
v -0.063601 0.149217 0.045866
v -0.055528 0.149217 0.041463
v -0.018591 -0.183464 -0.008623
v -0.025195 -0.182485 -0.000510
v -0.019203 -0.179550 -0.007736
v 0.232388 0.187378 -0.050024
v 0.240215 0.182485 -0.050269
v 0.243151 0.182485 -0.050269
v 0.245107 -0.167808 -0.049291
v 0.240215 0.182485 -0.050269
v 0.245107 -0.167808 -0.049291
v 0.241194 -0.167808 -0.049291
v 0.240215 0.182485 -0.050269
v 0.241194 -0.167808 -0.049291
v 0.232388 0.187378 -0.050024
v -0.119374 -0.170744 0.018347
v -0.129647 -0.168787 0.013393
v 0.011742 0.130626 -0.021282
v 0.011681 0.127691 -0.024339
v 0.011742 0.130626 -0.021282
v 0.017857 0.132583 -0.015044
v 0.192270 -0.153131 -0.013882
v 0.192270 -0.153131 -0.013882
v 0.204012 -0.156067 -0.020058
v 0.191291 -0.158023 -0.012598
v 0.192270 -0.153131 -0.013882
v 0.192270 0.016145 -0.014616
v 0.205968 -0.152152 -0.020915
v 0.178571 -0.156067 -0.007553
v 0.192270 -0.153131 -0.013882
v 0.178571 0.015289 -0.008990
v 0.192270 0.016145 -0.014616
v 0.192270 -0.153131 -0.013882
v 0.178571 -0.156067 -0.007553
v 0.178571 0.015289 -0.008990
v -0.052104 0.180528 -0.048068
v -0.051859 0.185421 -0.047823
v -0.069471 -0.182485 -0.008103
v -0.053571 0.157045 -0.011497
v -0.066536 0.160959 -0.010335
v -0.080235 -0.180528 -0.008317
v -0.069471 -0.182485 -0.008103
v -0.066536 0.160959 -0.010335
v -0.080235 -0.180528 -0.008317
v 0.107632 0.159980 0.045377
v 0.109100 0.160959 0.046845
v 0.124266 0.162916 0.045866
v 0.118395 0.157045 0.046355
v -0.204990 0.018591 -0.016634
v -0.216732 -0.151174 -0.022138
v -0.206947 -0.153131 -0.015105
v -0.204990 0.018591 -0.016634
v -0.188356 0.170744 -0.011069
v -0.203033 0.172701 -0.018346
v -0.204990 0.018591 -0.016634
v -0.191291 0.017001 -0.010641
v -0.188356 0.170744 -0.011069
v -0.204990 0.018591 -0.016634
v -0.212818 0.019080 -0.022382
v -0.216732 -0.151174 -0.022138
v -0.204990 0.018591 -0.016634
v -0.206947 -0.153131 -0.015105
v -0.191291 0.017001 -0.010641
v -0.239236 -0.172701 -0.046600
v -0.247065 -0.170744 -0.044643
v 0.149217 0.013393 -0.011864
v -0.024584 -0.178571 -0.006207
v -0.028376 -0.181507 0.000482
v -0.024707 -0.181507 -0.006421
v -0.028376 -0.181507 0.000482
v -0.032290 -0.180528 0.002370
v -0.024584 -0.178571 -0.006207
v 0.217710 0.191291 -0.049291
v 0.217710 0.191291 -0.049291
v 0.052837 -0.177593 0.017246
v 0.069961 -0.175636 0.019937
v -0.215754 0.021649 -0.035347
v -0.215754 -0.153131 -0.034124
v -0.204990 0.173679 -0.031923
v -0.215754 0.021649 -0.035347
v -0.222602 -0.154110 -0.037304
v -0.215754 -0.153131 -0.034124
v -0.215754 0.021649 -0.035347
v -0.217710 0.021282 -0.038038
v -0.222602 -0.154110 -0.037304
v -0.217710 0.021282 -0.038038
v -0.110568 -0.004495 0.047089
v -0.114971 -0.166830 0.047823
v -0.133562 -0.165851 0.048068
v 0.093934 0.175636 -0.014555
v 0.106165 0.180528 -0.019325
v 0.091976 0.174657 -0.017001
v 0.091976 0.174657 -0.017001
v 0.191291 -0.158023 -0.012598
v 0.202055 -0.157045 -0.016145
v -0.000627 0.148239 -0.045866
v -0.001651 0.148239 -0.042686
v -0.004204 -0.228473 -0.042197
v -0.000627 0.148239 -0.045866
v -0.004204 -0.228473 -0.042197
v -0.003257 -0.229452 -0.045621
v -0.001651 0.148239 -0.042686
v -0.039384 -0.197162 -0.014494
v -0.050147 -0.194227 -0.010457
v -0.039384 -0.197162 -0.014494
v 0.112035 0.154110 0.048312
v 0.112035 0.154110 0.048312
v 0.142368 0.001406 0.050024
v 0.127691 0.158023 0.048557
v 0.115460 -0.005259 0.049780
v 0.130626 -0.001873 0.050269
v 0.097358 0.151174 0.048068
v -0.162916 0.172701 -0.005687
v -0.162916 0.172701 -0.005687
v -0.163894 0.172701 -0.004235
v -0.162916 0.172701 -0.005687
v -0.159980 0.166830 -0.004219
v -0.175636 0.168787 -0.010579
v -0.196184 -0.156067 -0.025685
v -0.179550 0.170744 -0.020915
v -0.193249 0.172701 -0.026541
v -0.196184 -0.156067 -0.025685
v -0.196184 -0.156067 -0.025685
v -0.183464 -0.157045 -0.020426
v -0.179550 0.170744 -0.020915
v 0.067026 0.145304 0.028253
v 0.065558 0.152153 0.027764
v 0.180528 -0.181507 -0.042931
v -0.029232 0.132583 -0.000300
v -0.021894 0.128669 -0.008500
v -0.029232 0.132583 -0.000300
v -0.021894 0.128669 -0.008500
v -0.033023 -0.176614 0.002706
v -0.034002 -0.176614 0.031189
v -0.026052 -0.020058 0.023116
v -0.045010 -0.174657 0.038283
v 0.219667 0.177593 -0.033145
v 0.212818 0.177593 -0.025318
v 0.219667 0.173679 -0.032167
v 0.219667 0.178571 -0.034858
v 0.076810 -0.013515 0.044887
v 0.095401 -0.168787 0.045621
v 0.080235 -0.169765 0.044643
v 0.076810 -0.013515 0.044887
v 0.060665 0.143346 0.040974
v 0.073386 0.145304 0.043175
v 0.063601 -0.015533 0.042442
v 0.076810 -0.013515 0.044887
v 0.091976 -0.011619 0.046355
v 0.095401 -0.168787 0.045621
v 0.076810 -0.013515 0.044887
v 0.080235 -0.169765 0.044643
v 0.063601 -0.015533 0.042442
v 0.008378 0.119863 -0.029721
v 0.013515 -0.180528 -0.022505
v 0.009907 -0.180528 -0.027030
v 0.008378 0.119863 -0.029721
v 0.009907 -0.180528 -0.027030
v 0.006024 0.118884 -0.032412
v 0.189335 -0.160959 0.047578
v 0.177593 0.007583 0.047089
v 0.189335 -0.160959 0.047578
v 0.158023 0.004587 0.048068
v 0.192270 -0.168787 0.047823
v 0.189335 -0.160959 0.047578
v 0.158023 0.004587 0.048068
v 0.177593 0.007583 0.047089
v -0.024951 0.144325 -0.020670
v -0.038894 -0.191291 -0.014310
v -0.029966 -0.194227 -0.018346
v -0.024951 0.144325 -0.020670
v -0.017123 0.146282 -0.026419
v -0.023850 0.150196 -0.021893
v -0.024951 0.144325 -0.020670
v -0.034247 0.149217 -0.016511
v -0.038894 -0.191291 -0.014310
v -0.034247 0.149217 -0.016511
v -0.024951 0.144325 -0.020670
v -0.029966 -0.194227 -0.018346
v -0.017857 0.140411 -0.025195
v -0.017857 0.140411 -0.025195
v -0.008806 -0.179550 -0.028620
v -0.004892 0.118395 -0.033145
v -0.006727 -0.179550 -0.030822
v -0.008806 -0.179550 -0.028620
v -0.007644 0.119374 -0.030577
v -0.004892 0.118395 -0.033145
v 0.154110 0.201076 -0.027886
v 0.014188 -0.199119 -0.028620
v 0.009785 -0.201076 -0.033879
v 0.021160 -0.197162 -0.022994
v 0.014188 -0.199119 -0.028620
v 0.021160 -0.197162 -0.022994
v 0.010213 0.134540 -0.030210
v -0.172701 0.167808 -0.004357
v -0.143346 0.162916 0.007644
v -0.216732 -0.151174 -0.022138
v -0.206947 -0.153131 -0.015105
v -0.216732 -0.151174 -0.022138
v -0.212818 0.019080 -0.022382
v -0.223581 -0.151174 -0.028620
v 0.004556 0.159980 -0.048557
v -0.000967 0.154110 -0.046110
v 0.004556 0.159980 -0.048557
v 0.011314 0.157045 -0.048801
v 0.002966 0.160959 -0.045866
v 0.013393 0.165851 -0.048557
v 0.011314 0.157045 -0.048801
v 0.093934 -0.167808 0.028621
v 0.081213 -0.169765 0.029844
v -0.027153 0.135518 -0.013637
v -0.026174 0.128669 -0.013393
v -0.022872 0.134540 -0.013821
v 0.175636 0.015166 -0.002813
v 0.189335 -0.154110 -0.006880
v 0.190313 0.015656 -0.008745
v 0.048679 -0.174657 -0.000564
v -0.145303 0.167808 0.047334
v -0.145303 0.166830 0.048557
v -0.098336 -0.179550 -0.015166
v -0.112525 -0.184442 -0.016511
v -0.098336 -0.179550 -0.015166
v -0.114481 -0.178571 -0.017857
v -0.101272 0.171722 -0.018346
v 0.100294 0.155088 0.023239
v 0.088552 0.151174 0.027031
v 0.093934 -0.167808 0.028621
v 0.106654 -0.165851 0.025807
v 0.088552 0.151174 0.027031
v 0.077299 0.148239 0.028498
v 0.093934 -0.167808 0.028621
v 0.088552 0.151174 0.027031
v 0.106654 -0.165851 0.025807
v 0.100294 0.155088 0.023239
v 0.225538 -0.149217 -0.036081
v 0.225538 -0.149217 -0.034858
v 0.224560 -0.152152 -0.035347
v 0.225538 -0.149217 -0.036081
v 0.222602 0.019692 -0.033635
v 0.225538 -0.149217 -0.034858
v 0.222602 -0.152152 -0.035347
v -0.034247 0.149217 -0.016511
v -0.031556 0.154110 -0.021160
v -0.032290 0.154110 -0.017368
v -0.034247 0.149217 -0.016511
v -0.023850 0.150196 -0.021893
v -0.058708 -0.174657 0.021649
v -0.045499 0.139433 0.014310
v -0.048924 -0.174657 0.016023
v 0.173679 0.207926 -0.038772
v 0.179550 0.202055 -0.040484
v 0.175636 0.201076 -0.039750
v 0.169765 0.209883 -0.034613
v 0.169765 0.206947 -0.037060
v 0.028743 -0.194227 -0.018102
v 0.028865 -0.199119 -0.019325
v 0.038405 -0.197162 -0.014249
v 0.028743 -0.194227 -0.018102
v -0.215754 0.171722 -0.040973
v -0.215754 0.171722 -0.040973
v -0.216732 0.173679 -0.039995
v -0.193249 -0.168787 0.048557
v 0.006085 0.127691 -0.021404
v 0.006085 0.127691 -0.021404
v 0.010090 0.130626 -0.010886
v 0.009968 0.123777 -0.011130
v 0.003226 0.125734 -0.027397
v 0.004312 0.119863 -0.025318
v 0.007186 0.130626 -0.014065
v 0.009968 0.123777 -0.011130
v 0.122309 -0.163894 0.015044
v 0.125734 0.009846 0.010763
v 0.136497 -0.161938 0.009724
v 0.135518 -0.165851 0.010274
v 0.125734 0.009846 0.010763
v 0.136497 -0.161938 0.009724
v -0.054305 0.181507 -0.041952
v 0.001177 -0.018958 -0.019202
v 0.002844 -0.180528 -0.015961
v 0.008073 -0.179550 -0.005687
v -0.000180 -0.180528 -0.023483
v -0.001334 -0.017490 -0.028865
v 0.001177 -0.018958 -0.019202
v -0.000010 0.119374 -0.024584
v 0.175636 0.173679 -0.008561
v 0.057241 -0.208904 -0.048557
v 0.072896 -0.204012 -0.048312
v 0.074364 -0.207925 -0.048068
v 0.059198 -0.212818 -0.047823
v 0.057241 -0.208904 -0.048557
v 0.047456 0.177593 -0.048312
v 0.072896 -0.204012 -0.048312
v 0.040362 -0.215754 -0.048312
v 0.057241 -0.208904 -0.048557
v 0.040362 -0.215754 -0.048312
v 0.031311 0.168787 -0.048801
v 0.057241 -0.208904 -0.048557
v 0.031311 0.168787 -0.048801
v 0.047456 0.177593 -0.048312
v -0.131605 0.168787 -0.009723
v 0.057730 0.149217 0.003241
v 0.061399 0.150196 0.002034
v 0.045499 0.145304 0.000772
v 0.058464 0.143346 0.003608
v 0.061399 0.150196 0.002034
v 0.144325 -0.176614 -0.023728
v 0.157045 -0.175636 -0.024095
v 0.144325 -0.176614 -0.023728
v 0.157045 -0.174657 -0.022749
v -0.025563 0.132583 0.014066
v -0.022994 -0.020792 0.012414
v -0.029476 -0.020058 0.020426
v -0.016389 0.127691 0.001200
v -0.082192 -0.174657 0.016390
v -0.072407 -0.175636 0.017979
v -0.084149 -0.174657 0.017857
v -0.082192 -0.174657 0.016390
v -0.072407 -0.175636 0.017979
v -0.082192 -0.174657 0.016390
v -0.084149 -0.174657 0.017857
v 0.117417 0.177593 -0.020792
v 0.131605 0.181507 -0.023973
v 0.131605 -0.173679 -0.021037
v 0.117417 0.177593 -0.020792
v 0.131605 0.181507 -0.023973
v 0.102250 0.173679 -0.018224
v 0.034491 -0.178571 0.032168
v -0.221624 0.191291 -0.044153
v -0.210861 -0.164873 0.047823
v -0.192270 -0.168787 0.047578
v -0.209883 -0.164873 0.048802
v -0.210861 -0.164873 0.047823
v -0.190313 -0.161938 0.048068
v -0.192270 -0.168787 0.047578
v 0.001177 0.124266 -0.031066
v 0.001529 0.116928 -0.031311
v -0.000330 0.124266 -0.030088
v -0.092955 0.159980 0.001590
v -0.105186 0.162916 -0.002117
v -0.106654 0.163894 0.000015
v 0.000489 -0.021037 -0.028620
v -0.000531 -0.021160 -0.029844
v -0.000711 0.117906 -0.031923
v 0.000489 -0.021037 -0.028620
v -0.002339 -0.021160 -0.028865
v 0.164873 0.205968 -0.030332
v 0.028743 -0.194227 -0.018102
v 0.037671 -0.191291 -0.013760
v -0.167808 0.006757 0.047823
v -0.143346 0.161938 0.046111
v -0.144325 0.166830 0.046111
v -0.144325 0.166830 0.046111
v -0.138454 -0.173679 -0.018224
v -0.125244 -0.176614 -0.014738
v -0.138454 -0.173679 -0.018224
v -0.119863 0.179550 -0.016511
v -0.133562 0.184442 -0.019447
v -0.138454 -0.173679 -0.018224
v -0.149217 -0.171722 -0.021037
v -0.138454 -0.173679 -0.018224
v -0.133562 0.184442 -0.019447
v -0.149217 -0.171722 -0.021037
v -0.138454 -0.173679 -0.018224
v -0.125244 -0.176614 -0.014738
v -0.119863 0.179550 -0.016511
v 0.077299 0.155088 0.024340
v 0.089041 0.158023 0.022260
v 0.075342 0.155088 0.026419
v -0.007125 0.126712 -0.020058
v -0.011130 0.129648 -0.010213
v 0.166830 0.167808 -0.019447
v 0.043297 -0.176614 0.012781
v 0.049902 -0.178571 0.017857
v 0.043297 -0.176614 0.012781
v 0.033024 0.133562 0.005932
v 0.050147 -0.174657 0.017735
v 0.036937 -0.176614 0.006207
v 0.052837 -0.177593 0.017246
v -0.167808 0.006757 0.047823
v -0.172701 -0.163894 0.048068
v -0.167808 0.006757 0.047823
v -0.150196 0.003027 0.047578
v -0.172701 -0.163894 0.048068
v -0.167808 0.006757 0.047823
v -0.190313 -0.161938 0.048068
v -0.184442 0.010152 0.047578
v 0.038405 0.179550 -0.042931
v 0.047211 0.184442 -0.045376
v -0.014799 -0.199119 -0.029354
v 0.208904 0.172701 0.048068
v 0.212818 0.014494 0.047334
v 0.106165 -0.194227 -0.042686
v -0.173679 -0.180528 -0.042441
v -0.157045 -0.183464 -0.042197
v -0.157045 0.226517 -0.043420
v 0.078767 0.149217 0.015044
v 0.080235 0.157045 0.015778
v 0.091487 0.152153 0.015534
v 0.078767 0.149217 0.015044
v 0.068982 0.146282 0.014371
v 0.080235 0.157045 0.015778
v -0.052593 0.147260 0.038038
v -0.064579 0.150196 0.041952
v -0.081213 -0.176614 0.003394
v -0.093444 -0.174657 0.005046
v -0.094912 -0.175636 0.002722
v 0.130626 0.214775 -0.046110
v 0.147260 0.223581 -0.048068
v -0.216732 0.171722 -0.035347
v -0.209883 0.172701 -0.028498
v -0.218689 0.020181 -0.035347
v -0.209883 0.172701 -0.028498
v -0.213796 0.019203 -0.029599
v -0.232388 -0.168787 -0.049291
v -0.244129 -0.166830 -0.050024
v -0.236301 0.183464 -0.050758
v -0.214775 -0.171722 -0.048801
v -0.236301 0.183464 -0.050758
v 0.023361 0.135518 -0.007766
v 0.016879 0.131605 -0.013209
v 0.020426 0.127691 -0.009723
v 0.020426 0.127691 -0.009723
v 0.032534 0.133562 -0.003272
v 0.016879 0.131605 -0.013209
v 0.129648 -0.180528 -0.020058
v 0.144325 -0.176614 -0.023728
v -0.025195 -0.179550 -0.000544
v 0.061644 -0.015778 0.046845
v 0.047700 0.139433 0.042442
v 0.048679 -0.017735 0.042931
v 0.061644 -0.015778 0.046845
v 0.066047 -0.171722 0.046845
v 0.078767 -0.169765 0.048068
v 0.061644 -0.015778 0.046845
v 0.048679 -0.017735 0.042931
v 0.066047 -0.171722 0.046845
v -0.148239 0.220646 -0.042686
v -0.157045 0.226517 -0.043420
v -0.129647 0.211839 -0.042931
v -0.095891 -0.173679 0.045866
v -0.081702 -0.174657 0.044887
v -0.100783 -0.173679 0.047334
v -0.129647 -0.171722 0.048557
v -0.113992 -0.171722 0.047334
v -0.113992 -0.171722 0.047334
v 0.092955 0.153131 -0.000254
v 0.103229 -0.168787 0.000374
v 0.090998 -0.169765 0.001865
v 0.092955 0.153131 -0.000254
v 0.113013 -0.166830 -0.000480
v 0.103229 -0.168787 0.000374
v 0.092466 0.158023 -0.000193
v 0.092955 0.153131 -0.000254
v 0.106654 0.157045 -0.001995
v 0.113013 -0.166830 -0.000480
v 0.106654 0.157045 -0.001995
v 0.177593 -0.160959 -0.004892
v -0.029110 -0.177593 -0.009785
v -0.020181 0.124755 -0.017613
v -0.023483 -0.179550 -0.013393
v -0.029110 -0.177593 -0.009785
v -0.023483 -0.179550 -0.013393
v -0.027275 -0.182485 -0.010824
v -0.029110 -0.177593 -0.009785
v -0.026174 0.128669 -0.013393
v -0.020181 0.124755 -0.017613
v -0.029110 -0.177593 -0.009785
v -0.037916 -0.176614 -0.006176
v -0.026174 0.128669 -0.013393
v 0.144325 0.168787 0.007002
v 0.024095 -0.223581 -0.048557
v 0.037427 -0.222602 -0.048068
v -0.166830 0.168787 -0.016206
v -0.179550 0.170744 -0.020915
v -0.183464 -0.157045 -0.020426
v -0.156067 0.167808 -0.011925
v -0.156067 0.167808 -0.011925
v 0.035470 0.143346 0.037305
v 0.035470 0.137476 0.037060
v 0.047700 0.139433 0.042442
v 0.035470 0.137476 0.037060
v 0.048679 -0.017735 0.042931
v 0.192270 -0.161938 -0.036081
v 0.174657 0.200098 -0.033879
v 0.180528 -0.163894 -0.031311
v 0.180528 -0.163894 -0.031311
v 0.192270 -0.161938 -0.036081
v 0.196184 -0.160959 -0.038772
v 0.186399 0.171722 -0.038772
v -0.076321 0.155088 0.017368
v -0.029232 -0.177593 0.019325
v -0.022994 -0.020792 0.012414
v -0.020303 -0.178571 0.007583
v -0.029232 -0.177593 0.019325
v -0.036693 -0.175636 0.027275
v -0.029476 -0.020058 0.020426
v -0.029232 -0.177593 0.019325
v -0.029476 -0.020058 0.020426
v -0.022994 -0.020792 0.012414
v 0.232388 0.186399 -0.044398
v 0.221624 0.192270 -0.043909
v 0.234344 -0.167808 -0.043420
v 0.221624 0.192270 -0.043909
v 0.232388 0.186399 -0.044398
v 0.234344 -0.167808 -0.043420
v 0.244129 -0.167808 -0.043175
v -0.197162 0.018958 -0.031556
v -0.194227 0.172701 -0.031800
v -0.181507 0.018224 -0.024095
v -0.194227 0.172701 -0.031800
v -0.197162 0.018958 -0.031556
v -0.181507 0.018224 -0.024095
v -0.204012 -0.155088 -0.034124
v -0.197162 0.018958 -0.031556
v -0.204012 -0.155088 -0.034124
v -0.214775 -0.152152 -0.038527
v -0.154110 -0.160959 -0.008745
v -0.136497 0.163894 -0.005596
v -0.147260 0.166830 -0.009112
v 0.047945 0.183464 -0.047578
v 0.135518 -0.166830 0.012537
v -0.011742 0.134540 -0.030332
v -0.007094 0.129648 -0.034369
v -0.007522 0.135518 -0.034369
v -0.011742 0.134540 -0.030332
v -0.014799 -0.199119 -0.029354
v -0.007094 0.129648 -0.034369
v -0.011742 0.134540 -0.030332
v -0.011925 0.141389 -0.030577
v -0.011742 0.134540 -0.030332
v -0.022138 -0.197162 -0.023361
v -0.014799 -0.199119 -0.029354
v -0.011925 0.141389 -0.030577
v -0.011742 0.134540 -0.030332
v -0.017857 0.140411 -0.025195
v -0.022138 -0.197162 -0.023361
v -0.056262 -0.214775 -0.045376
v -0.072896 -0.210861 -0.042441
v 0.110078 0.157045 0.002003
v 0.122309 0.159002 -0.000720
v 0.110078 0.157045 0.002003
v 0.125734 -0.164873 0.001322
v 0.122309 0.159002 -0.000720
v 0.125734 -0.164873 0.001322
v 0.136497 -0.163894 -0.002255
v -0.000180 -0.180528 -0.023483
v 0.037916 0.144325 0.034858
v 0.027397 0.141389 0.027397
v 0.038405 0.143346 0.031189
v 0.029721 0.141389 0.023973
v 0.037916 0.144325 0.034858
v 0.123288 -0.189335 -0.042441
v 0.125734 -0.195205 -0.043175
v 0.123288 -0.189335 -0.042441
v 0.140411 -0.185421 -0.041952
v 0.116438 0.200098 -0.042197
v 0.140411 -0.185421 -0.041952
v -0.080235 0.149217 0.004434
v -0.080235 -0.172701 0.005565
v -0.066047 0.145304 0.004036
v -0.080235 0.149217 0.004434
v -0.066047 0.145304 0.004036
v -0.080235 0.149217 0.004434
v -0.093444 -0.170744 0.005137
v -0.080235 -0.172701 0.005565
v -0.080235 0.149217 0.004434
v -0.093933 0.155088 0.003517
v -0.093444 -0.170744 0.005137
v -0.050391 -0.178571 0.019814
v 0.216732 0.019203 -0.032412
v 0.214775 0.171722 -0.033145
v 0.218689 0.172701 -0.036815
v 0.043542 -0.176614 0.002844
v 0.053816 -0.175636 0.004770
v 0.032534 0.133562 -0.003272
v 0.043542 -0.176614 0.002844
v 0.032534 0.133562 -0.003272
v 0.033268 -0.177593 -0.001208
v -0.180528 0.216732 -0.049535
v -0.180528 0.216732 -0.049535
v -0.196184 -0.175636 -0.048801
v -0.214775 -0.171722 -0.048801
v -0.180528 0.216732 -0.049535
v -0.167808 0.228473 -0.049780
v -0.196184 -0.175636 -0.048801
v -0.094912 -0.175636 0.002722
v -0.093444 -0.174657 0.005046
v 0.018102 0.137476 -0.030577
v 0.017613 0.144325 -0.030822
v 0.025318 0.141389 -0.026297
v 0.018102 0.137476 -0.030577
v 0.018102 0.137476 -0.030577
v 0.018102 0.137476 -0.030577
v 0.025318 0.141389 -0.026297
v 0.031066 -0.195205 -0.022260
v 0.206947 -0.158023 0.048068
v 0.177593 0.007583 0.047089
v 0.197162 0.010947 0.046845
v 0.197162 0.010947 0.046845
v -0.017123 0.146282 -0.026419
v -0.017490 0.146282 -0.029110
v -0.025073 -0.197162 -0.026297
v -0.034736 -0.195205 -0.021037
v -0.022994 0.140411 -0.027886
v -0.025073 -0.197162 -0.026297
v -0.018469 -0.199119 -0.031189
v -0.195205 0.011375 0.050024
v -0.190313 0.168787 0.048802
v -0.195205 0.011375 0.050024
v 0.022260 0.127691 -0.008378
v 0.033024 0.133562 0.005932
v 0.036937 -0.176614 0.006207
v 0.022260 0.127691 -0.008378
v 0.036937 -0.176614 0.006207
v 0.027642 -0.179550 -0.005993
v 0.015778 0.124266 -0.018958
v 0.022260 0.127691 -0.008378
v 0.027642 -0.179550 -0.005993
v 0.015778 0.124266 -0.018958
v 0.194227 -0.159002 -0.027519
v 0.193249 -0.159002 -0.025685
v 0.183464 -0.156067 -0.022872
v 0.195205 -0.154110 -0.028742
v 0.204990 -0.158023 -0.031189
v -0.009173 -0.179550 -0.004984
v 0.065068 -0.171722 0.042197
v 0.080235 -0.169765 0.044643
v 0.080235 -0.169765 0.044643
v -0.133562 -0.165851 0.048068
v -0.132583 -0.172701 0.047578
v 0.060421 0.163894 -0.015716
v 0.065558 0.167808 -0.012965
v 0.070450 0.166830 -0.015655
v 0.073386 0.161938 -0.015227
v 0.059687 0.157045 -0.015839
v 0.073386 0.161938 -0.015227
v -0.007644 0.119374 -0.030577
v 0.109100 0.162916 0.002431
v 0.095401 0.159980 0.004189
v 0.000195 0.117906 -0.030332
v -0.000187 -0.180528 -0.028376
v 0.000658 -0.021282 -0.025318
v 0.000489 -0.021037 -0.028620
v 0.000658 -0.021282 -0.025318
v -0.000187 -0.180528 -0.028376
v 0.111546 -0.166830 0.004097
v 0.125734 -0.164873 0.001322
v 0.110078 0.157045 0.002003
v 0.111546 -0.166830 0.004097
v 0.099315 -0.167808 0.005321
v -0.113013 0.202055 -0.047823
v -0.096869 0.196184 -0.047578
v -0.024584 -0.178571 -0.006207
v -0.033023 -0.176614 0.002706
v -0.021894 0.128669 -0.008500
v -0.033023 -0.176614 0.002706
v 0.191291 0.169765 0.049046
v 0.167808 0.166830 0.048802
v 0.024462 -0.224560 -0.041707
v 0.011375 0.157045 -0.042197
v 0.013210 -0.228473 -0.041463
v -0.126712 0.159980 0.010152
v -0.137476 -0.161938 0.009602
v -0.148239 0.013576 0.003486
v -0.126712 0.159980 0.010152
v -0.112525 0.158023 0.015778
v -0.128669 0.010152 0.011130
v -0.128669 0.010152 0.011130
v -0.159002 -0.170744 -0.028131
v -0.159980 -0.174657 -0.027642
v -0.172701 -0.171722 -0.031923
v -0.159002 -0.170744 -0.028131
v -0.145303 0.187378 -0.026419
v -0.145303 -0.173679 -0.024339
v -0.145303 -0.173679 -0.024339
v -0.171722 -0.167808 -0.032657
v 0.095401 0.159980 0.002156
v 0.110078 0.163894 0.000176
v 0.204012 -0.158023 -0.028742
v 0.193249 -0.159002 -0.025685
v 0.189335 -0.156067 -0.021893
v 0.189335 -0.156067 -0.021893
v -0.021771 0.137476 0.020303
v -0.030700 0.135518 0.030333
v -0.022994 0.132583 0.020426
v -0.038894 -0.191291 -0.014310
v -0.029966 -0.194227 -0.018346
v -0.029966 -0.194227 -0.018346
v 0.210861 0.020303 -0.038038
v 0.218689 0.020426 -0.039261
v 0.221624 -0.153131 -0.040240
v 0.203033 0.019569 -0.033635
v 0.068004 -0.170744 0.020181
v 0.068004 -0.170744 0.020181
v -0.194227 -0.154110 -0.014677
v -0.178571 -0.156067 -0.008134
v -0.179550 -0.159980 -0.008286
v 0.209883 0.172701 -0.027764
v 0.201076 0.171722 -0.022260
v 0.058219 -0.173679 0.001139
v 0.068493 -0.175636 0.002049
v -0.144325 -0.177593 -0.023605
v 0.047945 0.140411 0.023361
v 0.058953 -0.172701 0.026419
v 0.070450 -0.171722 0.028987
v 0.047945 0.140411 0.023361
v 0.070450 -0.171722 0.028987
v 0.058464 0.143346 0.026786
v 0.047945 0.140411 0.023361
v 0.038650 0.137476 0.018469
v 0.058953 -0.172701 0.026419
v 0.216732 -0.157045 -0.038527
v -0.051859 0.147260 0.001774
v -0.115460 -0.003516 0.049780
v 0.147260 0.223581 -0.043420
v 0.149217 0.219667 -0.042197
v 0.147260 0.223581 -0.045621
v 0.013699 -0.179550 0.005871
v 0.013699 -0.182485 0.005871
v 0.013699 -0.179550 0.005871
v -0.237280 0.183464 -0.044398
v -0.245107 -0.166830 -0.043665
v -0.234344 -0.168787 -0.043909
v -0.221624 0.191291 -0.044153
v -0.234344 -0.168787 -0.043909
v -0.245107 -0.166830 -0.043665
v -0.221624 0.191291 -0.044153
v -0.237280 0.183464 -0.044398
v 0.181507 -0.163894 -0.036326
v 0.171722 0.199120 -0.037304
v 0.190313 -0.161938 -0.039261
v 0.181507 -0.163894 -0.036326
v 0.163894 0.197162 -0.033635
v 0.171722 0.199120 -0.037304
v -0.091976 0.175636 -0.011803
v -0.106165 0.173679 -0.013515
v -0.091976 0.169765 -0.011803
v -0.091976 0.169765 -0.011803
v -0.056262 -0.171722 0.044398
v -0.056262 -0.171722 0.044398
v -0.045010 -0.174657 0.038283
v -0.137476 -0.161938 0.009602
v -0.128669 0.010152 0.011130
v -0.127691 -0.163894 0.013210
v -0.127691 -0.163894 0.013210
v 0.187378 -0.160959 0.050269
v 0.192270 -0.168787 0.049780
v -0.007125 0.126712 -0.020058
v -0.011130 0.129648 -0.010213
v -0.009357 0.130626 -0.009907
v -0.007125 0.126712 -0.020058
v -0.005167 0.127691 -0.019202
v -0.009357 0.130626 -0.009907
v 0.131605 0.159980 -0.007155
v 0.142368 0.163894 -0.010518
v 0.149217 0.013393 -0.011864
v -0.168787 0.173679 -0.003807
v -0.188356 0.170744 -0.011069
v -0.172701 0.167808 -0.004357
v -0.168787 0.173679 -0.003807
v -0.172701 0.167808 -0.004357
v -0.154110 0.170744 0.001880
v -0.163894 0.172701 -0.004235
v 0.033024 0.140411 0.006789
v -0.048679 0.139433 0.035347
v -0.055773 -0.017123 0.040484
v -0.062133 0.143346 0.040729
v -0.006452 -0.184442 -0.014494
v -0.002018 -0.184442 -0.020548
v 0.080724 -0.168787 0.019203
v 0.062623 0.144325 0.017368
v 0.068004 -0.170744 0.020181
v 0.068004 -0.170744 0.020181
v -0.146282 0.223581 -0.046110
v 0.015778 0.130626 -0.018713
v 0.017857 0.132583 -0.015044
v 0.024829 0.127691 -0.012537
v 0.170744 -0.158023 -0.014738
v 0.189335 -0.156067 -0.021893
v 0.169765 0.168787 -0.016634
v -0.012231 0.156067 -0.048557
v 0.010397 -0.204012 -0.034613
v 0.009357 -0.201076 -0.036081
v 0.010519 -0.203033 -0.032901
v -0.188356 0.170744 -0.011069
v -0.191291 0.017001 -0.010641
v -0.172701 0.167808 -0.004357
v -0.203033 0.172701 -0.018346
v -0.162916 0.164873 0.048802
v -0.173679 0.007583 0.049780
v -0.195205 0.011375 0.050024
v -0.195205 0.011375 0.050024
v -0.205969 -0.158023 0.050024
v -0.173679 0.007583 0.049780
v 0.029599 0.153131 -0.020792
v 0.039139 0.156067 -0.019936
v 0.108121 -0.169765 0.010213
v -0.016023 0.141389 -0.033145
v -0.014371 -0.204012 -0.035592
v 0.072896 -0.204012 -0.048312
v 0.047456 0.177593 -0.048312
v 0.063601 0.183464 -0.048068
v 0.074364 -0.207925 -0.048068
v -0.148239 0.189335 -0.022505
v -0.161938 -0.169765 -0.024339
v -0.149217 -0.171722 -0.021037
v -0.148239 0.189335 -0.022505
v -0.149217 -0.171722 -0.021037
v -0.133562 0.184442 -0.019447
v -0.133562 0.184442 -0.019447
v -0.148239 0.189335 -0.022505
v -0.159980 0.194227 -0.027030
v -0.161938 -0.169765 -0.024339
v -0.100783 -0.203033 -0.045866
v 0.225538 -0.152152 -0.034613
v 0.224560 -0.152152 -0.035347
v 0.225538 -0.149217 -0.034858
v 0.223581 -0.150196 -0.029476
v 0.225538 -0.152152 -0.034613
v -0.042074 0.144325 0.035103
v -0.048924 -0.174657 0.016023
v -0.045499 0.139433 0.014310
v -0.036937 0.135518 0.007583
v 0.179550 0.202055 -0.040484
v -0.198141 0.017368 -0.018958
v -0.185421 0.016267 -0.012903
v -0.194227 -0.154110 -0.014677
v -0.198141 0.017368 -0.018958
v -0.205969 0.018102 -0.023850
v -0.202055 0.172701 -0.022749
v -0.159980 -0.174657 -0.022872
v 0.118395 0.005015 0.020426
v 0.106654 -0.165851 0.025807
v -0.054061 0.156067 -0.016634
v -0.041340 0.152153 -0.020058
v -0.057730 -0.186399 -0.014677
v -0.041340 0.152153 -0.020058
v -0.054061 0.156067 -0.016634
v -0.057730 -0.186399 -0.014677
v -0.070450 -0.183464 -0.013271
v -0.000180 -0.180528 -0.023483
v -0.001334 -0.017490 -0.028865
v 0.000222 -0.180528 -0.028742
v 0.201076 0.175636 -0.021893
v -0.110078 0.154110 0.048557
v -0.093933 0.156067 0.048312
v -0.110078 0.154110 0.048557
v -0.132583 -0.000357 0.050024
v 0.063601 0.150196 0.041708
v 0.050147 0.147260 0.037060
v 0.060665 0.143346 0.040974
v 0.060665 0.143346 0.040974
v 0.199120 -0.176614 -0.043175
v -0.019447 0.128669 -0.007491
v -0.030577 -0.177593 0.005198
v -0.025195 -0.179550 -0.000544
v -0.019447 0.128669 -0.007491
v -0.019203 -0.179550 -0.007736
v -0.015472 0.131605 -0.014065
v -0.019447 0.128669 -0.007491
v -0.019203 -0.179550 -0.007736
v 0.014616 -0.019936 -0.000453
v 0.013821 0.126712 -0.002614
v 0.019814 -0.019814 0.007828
v 0.014616 -0.019936 -0.000453
v 0.009968 0.123777 -0.011130
v 0.014616 -0.019936 -0.000453
v 0.009968 0.123777 -0.011130
v 0.013821 0.126712 -0.002614
v -0.112035 -0.185421 -0.013454
v 0.083170 0.147260 0.047823
v 0.249022 -0.166830 -0.043665
v -0.013882 0.133562 0.000107
v 0.157045 0.227495 -0.042931
v 0.157045 0.227495 -0.042931
v 0.158023 -0.183464 -0.042197
v 0.174657 -0.179550 -0.042931
v -0.133562 -0.171722 0.050514
v -0.136497 -0.164873 0.050514
v 0.024951 0.136497 -0.009479
v 0.163894 -0.158023 -0.001506
v 0.149217 -0.159980 0.003792
v 0.150196 0.013699 0.001261
v 0.163894 -0.158023 -0.001506
v -0.052104 0.186399 -0.045132
v -0.039628 0.180528 -0.042686
v 0.208904 0.172701 0.046355
v 0.194227 0.169765 0.045866
v 0.073386 -0.208904 -0.045132
v -0.145303 0.013148 -0.012231
v -0.131605 -0.162916 -0.007308
v -0.142368 -0.161938 -0.010457
v -0.145303 0.013148 -0.012231
v -0.145303 0.013148 -0.012231
v -0.142368 -0.161938 -0.010457
v -0.155088 0.014677 -0.014860
v 0.079257 0.172701 -0.015594
v -0.050147 -0.194227 -0.010457
v 0.203033 0.172701 -0.035347
v 0.203033 0.172701 -0.035347
v 0.040852 -0.174657 0.031923
v 0.040852 -0.018469 0.032657
v 0.052348 -0.173679 0.038283
v 0.031311 -0.019203 0.024462
v 0.040852 -0.174657 0.031923
v 0.031556 -0.176614 0.024340
v 0.031311 -0.019203 0.024462
v -0.214775 -0.171722 -0.043420
v -0.178571 0.217710 -0.043665
v -0.200098 0.201076 -0.043420
v -0.214775 -0.171722 -0.043420
v -0.200098 0.201076 -0.043420
v -0.234344 -0.168787 -0.043909
v 0.124266 -0.164873 -0.003164
v 0.113013 -0.166830 -0.000480
v 0.106654 0.157045 -0.001995
v -0.022994 -0.020792 0.012414
v -0.017245 -0.021160 0.003425
v -0.020303 -0.178571 0.007583
v -0.022994 -0.020792 0.012414
v -0.016389 0.127691 0.001200
v -0.017245 -0.021160 0.003425
v 0.071918 -0.175636 0.027275
v 0.082681 -0.174657 0.029721
v 0.070450 -0.171722 0.028987
v -0.165851 0.174657 -0.020670
v -0.154110 0.172701 -0.016634
v -0.165851 0.174657 -0.020670
v -0.154110 0.172701 -0.016634
v -0.166830 0.168787 -0.021282
v -0.098826 -0.168787 0.028498
v -0.083660 0.149217 0.028743
v -0.093933 0.153131 0.027397
v 0.087573 0.167808 -0.016023
v 0.100783 -0.178571 -0.015716
v 0.088552 -0.179550 -0.013760
v 0.087573 0.167808 -0.016023
v 0.088552 -0.179550 -0.013760
v 0.073386 0.161938 -0.015227
v 0.087573 0.167808 -0.016023
v 0.102250 0.173679 -0.018224
v 0.087573 0.167808 -0.016023
v 0.102250 0.173679 -0.018224
v 0.100783 -0.178571 -0.015716
v -0.000711 0.117906 -0.031923
v 0.000195 0.117906 -0.030332
v -0.049168 -0.187378 -0.011069
v -0.038894 -0.191291 -0.014310
v -0.034247 0.149217 -0.016511
v -0.049168 -0.187378 -0.011069
v 0.127691 0.158023 0.048557
v 0.158023 0.005045 0.049780
v 0.146282 0.161938 0.048312
v 0.158023 0.005045 0.049780
v 0.146282 0.161938 0.048312
v 0.005076 -0.181507 -0.022994
v 0.003104 -0.180528 -0.028009
v 0.000222 -0.180528 -0.028742
v -0.000948 -0.017245 -0.030577
v -0.222602 -0.154110 -0.037304
v 0.042808 0.144325 0.014983
v 0.042808 0.138454 0.014983
v 0.037427 0.143346 0.015044
v 0.042808 0.138454 0.014983
v 0.140411 -0.186399 -0.048312
v 0.220646 0.019325 -0.029110
v 0.214775 0.172701 -0.025440
v 0.220646 0.019325 -0.029110
v 0.215754 0.019325 -0.024462
v 0.223581 -0.150196 -0.029476
v 0.220646 0.019325 -0.029110
v 0.225538 -0.149217 -0.034858
v 0.222602 0.019692 -0.033635
v 0.220646 0.019325 -0.029110
v 0.223581 -0.150196 -0.029476
v 0.225538 -0.149217 -0.034858
v 0.066047 -0.176614 0.005657
v 0.066047 -0.173679 0.005687
v 0.067026 -0.177593 0.003700
v 0.066047 -0.173679 0.005687
v -0.139433 -0.165851 0.008745
v 0.158023 0.005045 0.049780
v 0.187378 -0.160959 0.050269
v 0.176615 0.007828 0.049291
v 0.158023 0.005045 0.049780
v 0.142368 0.001406 0.050024
v 0.164873 -0.163894 0.050269
v 0.158023 0.005045 0.049780
v -0.088552 -0.201076 -0.048068
v -0.082681 0.190313 -0.047578
v -0.067515 0.186399 -0.047578
v -0.072896 -0.205969 -0.048068
v -0.088552 -0.201076 -0.048068
v -0.067515 0.186399 -0.047578
v -0.072896 -0.205969 -0.048068
v 0.001942 -0.228473 -0.042197
v -0.248043 -0.166830 -0.049046
v 0.029599 0.153131 -0.020792
v 0.088552 -0.179550 -0.013760
v -0.093933 0.153131 0.027397
v -0.080724 0.155088 0.028498
v -0.091487 0.158023 0.027031
v -0.105186 0.155088 0.023484
v -0.093933 0.153131 0.027397
v 0.221624 -0.153131 -0.037060
v 0.078767 -0.169765 0.048068
v -0.101761 -0.168787 0.047089
v -0.088552 -0.168787 0.045621
v -0.113992 -0.171722 0.047334
v 0.045499 0.151174 -0.018224
v 0.063112 -0.183464 -0.013087
v 0.053082 -0.186399 -0.014432
v 0.045499 0.151174 -0.018224
v 0.059687 0.157045 -0.015839
v 0.063112 -0.183464 -0.013087
v 0.059687 0.157045 -0.015839
v 0.203033 -0.152152 -0.012537
v 0.200098 0.017001 -0.013760
v 0.190313 0.015656 -0.008745
v 0.203033 -0.152152 -0.012537
v 0.190313 0.015656 -0.008745
v 0.189335 -0.154110 -0.006880
v -0.019325 -0.184442 -0.015533
v -0.013821 -0.185421 -0.018224
v -0.021526 -0.183464 -0.012047
v -0.019325 -0.184442 -0.015533
v -0.021526 -0.183464 -0.012047
v 0.005565 -0.228473 -0.048557
v 0.004403 0.153131 -0.049046
v 0.012231 -0.227495 -0.048557
v -0.202055 0.172701 -0.022749
v -0.205969 0.018102 -0.023850
v -0.172701 -0.171722 -0.031923
v 0.038650 0.137476 0.030944
v 0.049413 0.140411 0.036815
v 0.038650 0.137476 0.030944
v 0.049413 0.140411 0.036815
v 0.051859 -0.017245 0.038527
v 0.051859 -0.017245 0.038527
v 0.195205 -0.161938 -0.040729
v -0.059687 0.141389 0.016267
v -0.062378 0.143346 0.013454
v -0.026052 -0.020058 0.023116
v -0.022994 0.132583 0.020426
v -0.113013 0.202055 -0.047823
v -0.096869 0.196184 -0.047578
v -0.122309 -0.193249 -0.048068
v -0.113013 0.202055 -0.047823
v -0.122309 -0.193249 -0.048068
v -0.140411 -0.188356 -0.047823
v -0.113013 0.202055 -0.047823
v -0.140411 -0.188356 -0.047823
v -0.130626 0.208904 -0.048068
v -0.006788 0.121331 -0.024707
v -0.006788 0.121331 -0.024707
v -0.008500 -0.179550 -0.022749
v -0.003455 0.119374 -0.030455
v -0.200098 0.175636 0.049291
v -0.200098 0.175636 0.049291
v -0.209883 0.171722 0.049535
v 0.100294 -0.010457 0.049046
v -0.101272 0.171722 -0.018346
v -0.012231 -0.202055 -0.037060
v -0.014677 -0.201076 -0.035836
v -0.009173 0.129648 -0.037794
v -0.012231 -0.202055 -0.037060
v -0.009173 0.129648 -0.037794
v -0.006971 0.129648 -0.037060
v -0.014677 -0.201076 -0.035836
v 0.211839 0.172701 -0.034613
v 0.201076 0.172701 -0.029354
v -0.112525 0.158023 0.015778
v -0.127691 -0.163894 0.013210
v -0.128669 0.010152 0.011130
v 0.248043 -0.169765 -0.046355
v -0.007277 0.129648 -0.009234
v -0.005167 0.127691 -0.019202
v 0.169765 0.168787 -0.016634
v 0.185421 0.170744 -0.022749
v 0.169765 0.168787 -0.016634
v 0.189335 -0.156067 -0.021893
v 0.185421 0.170744 -0.022749
v 0.168787 0.174657 -0.016756
v 0.050147 -0.174657 0.017735
v 0.033024 0.133562 0.005932
v 0.042808 0.138454 0.014983
v 0.039139 0.156067 -0.019936
v -0.014799 -0.199119 -0.029354
v -0.006971 0.129648 -0.037060
v -0.008623 -0.184442 -0.014983
v -0.008623 -0.184442 -0.014983
v -0.003868 -0.185421 -0.020915
v -0.003868 -0.185421 -0.020915
v 0.074853 -0.181507 -0.012842
v 0.063112 -0.183464 -0.013087
v 0.059687 0.157045 -0.015839
v 0.074853 -0.181507 -0.012842
v -0.119863 0.179550 -0.016511
v 0.033024 0.133562 0.005932
v -0.093444 -0.170744 0.005137
v -0.000082 0.123777 -0.029721
v 0.000195 0.117906 -0.030332
v 0.103229 -0.168787 0.000374
v 0.104697 -0.171722 0.000390
v 0.090998 -0.169765 0.001865
v -0.082681 0.190313 -0.047578
v -0.066536 0.191291 -0.047334
v -0.082681 0.190313 -0.047578
v -0.067515 0.186399 -0.047578
v -0.021160 -0.179550 -0.010152
v -0.018958 0.126712 -0.013209
v -0.032779 -0.177593 -0.003959
v -0.021160 -0.179550 -0.010152
v -0.010580 0.123777 -0.019814
v -0.018958 0.126712 -0.013209
v -0.171722 -0.167808 -0.032657
v -0.184442 -0.168787 -0.036815
v -0.171722 -0.167808 -0.032657
v -0.183464 -0.162916 -0.036326
v -0.166830 0.197162 -0.033635
v 0.094423 0.159002 0.017246
v 0.090020 0.159002 0.019569
v 0.077789 0.157045 0.017246
v -0.040362 0.137476 0.038038
v -0.055284 -0.179550 0.001605
v -0.055284 -0.179550 0.001605
v -0.055039 -0.179550 0.003486
v 0.179550 0.202055 -0.040484
v 0.195205 -0.161938 -0.040729
v 0.175636 0.201076 -0.039750
v 0.179550 0.202055 -0.040484
v 0.196184 -0.160959 -0.038772
v 0.195205 -0.161938 -0.040729
v 0.179550 0.202055 -0.040484
v 0.186399 0.171722 -0.038772
v 0.196184 -0.160959 -0.038772
v 0.051859 -0.017245 0.038527
v 0.137476 -0.164873 0.050758
v 0.214775 0.172701 -0.025440
v 0.206947 0.172701 -0.020058
v -0.103229 0.160959 0.023116
v -0.100294 0.160959 0.022016
v -0.103229 0.160959 0.023116
v -0.091487 0.158023 0.027031
v -0.159002 -0.175636 -0.024462
v -0.144325 -0.177593 -0.023605
v -0.145303 -0.173679 -0.024339
v -0.129647 -0.175636 -0.020792
v 0.062623 0.144325 0.017368
v 0.047700 0.139433 0.014432
v 0.068004 -0.170744 0.020181
v -0.043787 0.153131 -0.013271
v -0.049168 -0.187378 -0.011069
v -0.034247 0.149217 -0.016511
v -0.080235 -0.169765 0.044887
v -0.080235 -0.169765 0.044887
v -0.067515 -0.170744 0.042686
v -0.080235 -0.169765 0.044887
v -0.067515 -0.170744 0.042686
v -0.081702 -0.174657 0.044887
v 0.016023 -0.183464 0.006024
v 0.010824 -0.183464 -0.004587
v 0.016023 -0.183464 0.006024
v 0.035470 0.143346 0.037305
v 0.026052 0.140411 0.029844
v 0.111546 -0.198141 -0.045132
v -0.059687 0.141389 0.016267
v -0.071429 -0.170744 0.018591
v -0.063112 -0.173679 0.017613
v -0.059687 0.141389 0.016267
v -0.063112 -0.173679 0.017613
v -0.062378 0.143346 0.013454
v -0.059687 0.141389 0.016267
v -0.065068 0.144325 0.017368
v -0.071429 -0.170744 0.018591
v -0.065068 0.144325 0.017368
v -0.047700 -0.174657 0.019814
v -0.048434 -0.179550 0.020426
v -0.059931 -0.177593 0.026297
v -0.047700 -0.174657 0.019814
v 0.216732 0.172701 -0.037794
v 0.211839 0.172701 -0.034613
v 0.211839 0.172701 -0.034613
v 0.213796 -0.153131 -0.032901
v 0.221624 -0.153131 -0.037060
v 0.211839 0.172701 -0.034613
v 0.201076 0.172701 -0.029354
v 0.213796 -0.153131 -0.032901
v -0.162916 0.230431 -0.049535
v -0.174657 -0.180528 -0.048312
v -0.167808 0.228473 -0.049780
v -0.157045 0.226517 -0.049046
v -0.157045 0.226517 -0.049046
v -0.080235 -0.180528 -0.008317
v -0.080235 -0.180528 -0.008317
v 0.008317 0.130626 -0.037304
v 0.012842 0.134540 -0.034613
v 0.017368 -0.200098 -0.032412
v 0.162916 0.205968 -0.031556
v 0.162916 0.205968 -0.031556
v -0.217710 -0.174657 -0.048557
v 0.013821 0.126712 -0.002614
v 0.170744 -0.158023 -0.017490
v 0.170744 0.015166 -0.019202
v 0.183464 -0.156067 -0.022872
v -0.079257 0.150196 0.017123
v 0.062623 -0.176614 0.024462
v 0.071918 -0.175636 0.026052
v -0.136497 -0.164873 0.050514
v -0.132583 -0.000357 0.050024
v -0.152152 0.003853 0.050269
v -0.159980 -0.163894 0.050269
v -0.132583 -0.000357 0.050024
v -0.152152 0.003853 0.050269
v 0.054795 0.157045 -0.010518
v 0.135518 -0.166830 0.012537
v -0.006788 0.126712 -0.025440
v -0.003761 0.124266 -0.030332
v -0.088063 -0.205969 -0.042686
v -0.071429 -0.205969 -0.042441
v -0.072896 -0.210861 -0.045376
v 0.133562 0.011314 0.014127
v 0.112035 0.157045 0.018836
v 0.118395 0.005015 0.020426
v -0.219667 0.177593 -0.033145
v -0.079745 0.150196 0.013332
v -0.062378 0.143346 0.013454
v -0.084149 -0.168787 0.014432
v -0.188356 0.173679 -0.039261
v 0.019203 0.161938 -0.049046
v 0.040362 -0.215754 -0.048312
v 0.024095 -0.223581 -0.048557
v 0.019203 0.161938 -0.049046
v 0.031311 0.168787 -0.048801
v 0.040362 -0.215754 -0.048312
v 0.019203 0.161938 -0.049046
v 0.024095 -0.223581 -0.048557
v 0.011314 0.157045 -0.048801
v -0.071429 -0.205969 -0.042441
v -0.040118 0.175636 -0.042441
v -0.054305 0.181507 -0.041952
v -0.071429 -0.205969 -0.042441
v -0.054550 -0.210861 -0.042441
v -0.040118 0.175636 -0.042441
v -0.144325 0.161938 0.048312
v -0.178571 -0.184442 -0.048068
v -0.198141 -0.178571 -0.048312
v -0.174657 -0.180528 -0.048312
v -0.157045 -0.184442 -0.048068
v 0.020426 0.127691 -0.009723
v 0.022994 -0.178571 -0.004953
v 0.031311 -0.176614 0.005596
v 0.020426 0.127691 -0.009723
v 0.033268 -0.177593 -0.001208
v 0.032534 0.133562 -0.003272
v 0.166830 -0.166830 -0.027030
v 0.070450 -0.171722 0.028987
v -0.119863 0.179550 -0.016511
v -0.119863 0.179550 -0.016511
v -0.125244 -0.176614 -0.014738
v -0.106165 0.173679 -0.013515
v -0.136497 -0.164873 0.050514
v -0.115460 -0.003516 0.049780
v -0.132583 -0.000357 0.050024
v 0.055284 0.147260 -0.001498
v 0.055773 0.142368 -0.001026
v -0.003455 0.119374 -0.030455
v -0.008500 -0.179550 -0.022749
v -0.004648 -0.179550 -0.028742
v -0.057730 -0.186399 -0.014677
v 0.118395 0.005015 0.020426
v 0.112035 0.157045 0.018836
v 0.100294 0.155088 0.023239
v 0.106654 -0.165851 0.025807
v 0.118395 0.005015 0.020426
v -0.155088 -0.159980 0.007186
v -0.010396 -0.184442 -0.020792
v -0.160959 0.014983 -0.002217
v -0.163894 -0.158023 -0.002132
v -0.178571 -0.156067 -0.008134
v -0.160959 0.014983 -0.002217
v -0.148239 0.013576 0.003486
v -0.163894 -0.158023 -0.002132
v -0.149217 -0.171722 -0.021037
v -0.161938 -0.169765 -0.024339
v -0.159980 0.194227 -0.027030
v -0.176614 -0.165851 -0.029232
v 0.105186 0.155088 0.017979
v 0.107143 0.161938 0.015534
v 0.058953 -0.172701 0.026419
v 0.038650 0.137476 0.018469
v 0.047945 -0.174657 0.021526
v -0.188356 0.173679 -0.039261
v -0.155088 -0.159980 0.007186
v -0.151174 0.013699 0.006757
v -0.167808 -0.158023 0.001078
v -0.043542 0.137476 -0.005504
v -0.057486 -0.174657 -0.000231
v -0.053571 0.141389 -0.002240
v 0.079257 -0.170744 0.001896
v 0.090998 -0.169765 0.001865
v 0.090020 -0.174657 0.001865
v 0.078767 -0.175636 0.002538
v 0.223581 -0.169765 -0.048801
v 0.217710 0.191291 -0.049291
v 0.241194 -0.167808 -0.049291
v 0.241194 -0.167808 -0.049291
v 0.223581 -0.169765 -0.048801
v 0.199120 0.201076 -0.049046
v 0.217710 0.191291 -0.049291
v -0.079745 0.164873 -0.010518
v -0.094423 -0.180528 -0.009723
v -0.080235 -0.180528 -0.008317
v -0.079745 0.164873 -0.010518
v -0.091976 0.169765 -0.011803
v -0.094423 -0.180528 -0.009723
v -0.079745 0.164873 -0.010518
v -0.080235 -0.180528 -0.008317
v -0.066536 0.160959 -0.010335
v -0.004526 -0.180528 -0.030577
v 0.162916 0.205968 -0.031556
v -0.128669 0.160959 0.013393
v -0.117417 0.158023 0.018469
v -0.128669 0.160959 0.013393
v -0.151174 0.013699 0.006757
v 0.105186 0.155088 0.017979
v 0.241194 -0.167808 -0.049291
v 0.031311 -0.019203 0.024462
v 0.031556 -0.176614 0.024340
v 0.024462 -0.019569 0.016145
v -0.173679 0.007583 0.049780
v -0.186399 -0.160959 0.050024
v -0.152152 0.003853 0.050269
v -0.173679 0.007583 0.049780
v -0.205969 -0.158023 0.050024
v -0.186399 -0.160959 0.050024
v -0.006452 -0.184442 -0.014494
v -0.002018 -0.184442 -0.020548
v 0.074853 -0.181507 -0.012842
v 0.088552 -0.179550 -0.013760
v 0.074853 -0.181507 -0.012842
v 0.073386 0.161938 -0.015227
v 0.056507 0.144325 0.012781
v 0.076810 -0.168787 0.016390
v 0.065068 -0.170744 0.016634
v 0.068982 0.146282 0.014371
v 0.056507 0.144325 0.012781
v 0.068982 0.146282 0.014371
v 0.076810 -0.168787 0.016390
v 0.134540 0.209883 -0.048312
v 0.140411 -0.186399 -0.048312
v 0.115949 0.202055 -0.048312
v 0.215754 0.178571 -0.037060
v 0.215754 0.178571 -0.037060
v 0.089531 -0.172701 0.048312
v -0.166830 0.204990 -0.034124
v 0.012231 -0.227495 -0.048557
v 0.004403 0.153131 -0.049046
v 0.011314 0.157045 -0.048801
v 0.012231 -0.227495 -0.048557
v 0.011314 0.157045 -0.048801
v 0.024095 -0.223581 -0.048557
v -0.179550 0.170744 -0.020915
v -0.038160 -0.175636 0.012842
v -0.034981 0.136497 0.010641
v -0.047700 -0.174657 0.019814
v 0.221624 0.192270 -0.043909
v 0.213796 -0.169765 -0.043175
v 0.234344 -0.167808 -0.043420
v 0.221624 0.192270 -0.043909
v 0.202055 0.200098 -0.043175
v 0.213796 -0.169765 -0.043175
v 0.066536 -0.191291 -0.007919
v 0.053571 -0.186399 -0.008867
v -0.178571 -0.156067 -0.008134
v 0.125734 0.009846 0.010763
v 0.105186 0.155088 0.017979
v 0.119863 0.158023 0.012231
v 0.199120 0.201076 -0.049046
v 0.062623 -0.176614 0.024462
v -0.166830 0.168787 -0.021282
v -0.166830 0.015656 -0.018713
v -0.166830 0.168787 -0.021282
v -0.166830 0.015656 -0.018713
v -0.181507 0.018224 -0.024095
v -0.166830 0.168787 -0.021282
v -0.001402 0.147260 -0.045621
v 0.000749 -0.229452 -0.045132
v 0.001942 -0.228473 -0.042197
v -0.221624 -0.156067 -0.038772
v -0.018958 0.126712 -0.013209
v -0.031311 0.132583 -0.006635
v -0.032779 -0.177593 -0.003959
v 0.076810 -0.168787 0.016390
v -0.000948 -0.017245 -0.030577
v 0.154110 0.201076 -0.027886
v 0.161938 0.204990 -0.033879
v 0.153131 0.200098 -0.029966
v 0.154110 0.201076 -0.027886
v 0.161938 0.204990 -0.033879
v 0.004312 -0.185421 -0.023605
v -0.194227 -0.154110 -0.014677
v -0.185421 0.016267 -0.012903
v -0.178571 -0.156067 -0.008134
v 0.002966 0.160959 -0.045866
v -0.041340 0.152153 -0.020058
v -0.044521 -0.190313 -0.017613
v -0.057730 -0.186399 -0.014677
v 0.057486 -0.177593 0.001651
v -0.094423 -0.180528 -0.009723
v -0.091976 0.169765 -0.011803
v -0.110568 -0.179550 -0.011619
v 0.249022 -0.166830 -0.043665
v 0.250000 -0.166830 -0.046355
v 0.243151 0.182485 -0.045132
v 0.243151 0.182485 -0.045132
v -0.058708 -0.173679 0.025807
v -0.058708 -0.173679 0.025807
v -0.052104 0.142368 0.023484
v -0.069471 -0.172701 0.028621
v -0.058708 -0.173679 0.025807
v -0.047700 -0.174657 0.019814
v -0.044031 0.139433 0.017735
v -0.058708 -0.173679 0.025807
v -0.044031 0.139433 0.017735
v -0.052104 0.142368 0.023484
v -0.217710 0.021282 -0.038038
v -0.196184 -0.175636 -0.048801
v -0.198141 -0.178571 -0.048312
v -0.217710 -0.174657 -0.048557
v -0.196184 -0.175636 -0.048801
v -0.167808 0.228473 -0.049780
v -0.174657 -0.180528 -0.048312
v -0.174657 -0.180528 -0.048312
v -0.196184 -0.175636 -0.048801
v 0.174657 -0.179550 -0.042931
v -0.034981 0.136497 0.010641
v -0.044031 0.139433 0.017735
v -0.047700 -0.174657 0.019814
v 0.048679 -0.017735 0.042931
v -0.178571 0.217710 -0.043665
v 0.113013 -0.170744 0.003486
v -0.022138 -0.197162 -0.023361
v 0.008073 -0.181507 -0.030088
v 0.006024 0.118884 -0.032412
v 0.009907 -0.180528 -0.027030
v 0.008073 -0.181507 -0.030088
v 0.006391 -0.182485 -0.031923
v 0.003822 0.118395 -0.033879
v 0.008073 -0.181507 -0.030088
v 0.003822 0.118395 -0.033879
v 0.006024 0.118884 -0.032412
v 0.058464 0.143346 0.003608
v 0.066047 -0.173679 0.005687
v 0.076810 -0.171722 0.006268
v -0.071429 -0.170744 0.018591
v -0.084149 -0.174657 0.017857
v -0.083660 -0.169765 0.018102
v -0.071429 -0.170744 0.018591
v -0.065068 0.144325 0.017368
v -0.083660 -0.169765 0.018102
v 0.130626 -0.001873 0.050269
v 0.077299 -0.188356 -0.012537
v -0.165851 -0.159002 -0.018469
v -0.155088 0.014677 -0.014860
v -0.152152 -0.160959 -0.013637
v -0.165851 -0.159002 -0.018469
v -0.165851 -0.159002 -0.018469
v -0.166830 0.015656 -0.018713
v -0.155088 0.014677 -0.014860
v 0.213796 -0.169765 -0.043175
v 0.178571 0.216732 -0.043420
v 0.166830 0.167808 -0.019447
v 0.170744 0.015166 -0.019202
v 0.154110 0.165851 -0.014616
v 0.022994 -0.178571 -0.004953
v 0.022260 -0.183464 -0.006910
v 0.140411 -0.185421 -0.041952
v 0.158023 -0.183464 -0.042197
v -0.166830 0.197162 -0.033635
v -0.174657 0.198141 -0.037304
v -0.166830 0.197162 -0.033635
v -0.183464 -0.162916 -0.036326
v -0.099315 -0.167808 0.016023
v -0.083660 -0.169765 0.018102
v -0.079257 0.150196 0.017123
v -0.083660 -0.169765 0.018102
v 0.192270 -0.168787 0.047823
v -0.222602 -0.154110 -0.037304
v -0.217710 0.021282 -0.038038
v -0.223581 -0.153131 -0.038772
v -0.222602 -0.154110 -0.037304
v -0.220646 -0.157045 -0.036570
v 0.121331 0.179550 -0.017123
v 0.139433 -0.171722 -0.018713
v 0.121331 0.179550 -0.017123
v 0.123288 -0.174657 -0.014677
v 0.154110 -0.169765 -0.022627
v 0.069961 -0.175636 0.019937
v -0.166830 0.204990 -0.034124
v -0.209883 -0.164873 0.049780
v -0.209883 -0.164873 0.049780
v 0.146282 0.161938 0.048312
v 0.031066 -0.195205 -0.022260
v 0.025318 0.141389 -0.026297
v 0.041096 -0.190313 -0.018224
v 0.175636 0.201076 -0.039750
v 0.190313 -0.161938 -0.039261
v 0.171722 0.199120 -0.037304
v 0.175636 0.201076 -0.039750
v 0.195205 -0.161938 -0.040729
v 0.190313 -0.161938 -0.039261
v 0.171722 0.199120 -0.037304
v 0.047945 -0.174657 0.021526
v 0.038650 0.137476 0.018469
v 0.029232 0.132583 0.011253
v -0.167808 -0.158023 0.001078
v -0.151174 0.013699 0.006757
v -0.164873 0.015105 0.001185
v -0.167808 -0.158023 0.001078
v -0.164873 0.015105 0.001185
v -0.180528 -0.155088 -0.004082
v 0.215754 0.019325 -0.024462
v 0.218689 -0.151174 -0.023850
v 0.223581 -0.150196 -0.029476
v 0.058464 0.143346 0.026786
v 0.070450 -0.171722 0.028987
v 0.081213 -0.169765 0.029844
v 0.058464 0.143346 0.026786
v 0.081213 -0.169765 0.029844
v 0.067026 0.145304 0.028253
v -0.053571 0.157045 -0.011497
v -0.066047 0.145304 0.004036
v 0.019814 -0.019814 0.007828
v 0.013821 0.126712 -0.002614
v 0.024462 -0.019569 0.016145
v -0.011069 0.140411 -0.034124
v -0.017490 0.146282 -0.029110
v -0.011069 0.140411 -0.034124
v -0.008500 -0.179550 -0.022749
v -0.004648 -0.179550 -0.028742
v 0.021404 -0.183464 -0.014555
v -0.198141 -0.178571 -0.048312
v -0.142368 -0.161938 -0.010457
v 0.177593 -0.159980 -0.006482
v -0.007400 0.134540 -0.036570
v -0.016023 0.141389 -0.033145
v 0.105186 0.155088 0.017979
v 0.004403 -0.182485 -0.031433
v -0.221624 -0.152152 -0.039750
v -0.079257 0.150196 0.017123
v -0.083660 -0.169765 0.018102
v -0.065068 0.144325 0.017368
v 0.065068 -0.171722 0.042197
v 0.063601 -0.015533 0.042442
v 0.080235 -0.169765 0.044643
v 0.065068 -0.171722 0.042197
v 0.052348 -0.173679 0.038283
v 0.051859 -0.017245 0.038527
v 0.065068 -0.171722 0.042197
v 0.051859 -0.017245 0.038527
v 0.063601 -0.015533 0.042442
v -0.144325 -0.178571 -0.020181
v 0.049413 0.140411 0.036815
v 0.049413 0.140411 0.036815
v 0.063601 -0.015533 0.042442
v 0.051859 -0.017245 0.038527
v 0.047456 0.177593 -0.048312
v -0.056018 -0.210861 -0.048801
v -0.072896 -0.205969 -0.048068
v -0.052104 0.180528 -0.048068
v -0.056018 -0.210861 -0.048801
v -0.052104 0.180528 -0.048068
v -0.039628 0.174657 -0.048312
v 0.115460 -0.005259 0.049780
v 0.137476 -0.164873 0.050758
v 0.130626 -0.001873 0.050269
v 0.185421 0.170744 -0.022749
v -0.105186 0.155088 0.023484
v -0.117417 0.158023 0.018469
v -0.122309 0.005076 0.019937
v -0.105186 0.155088 0.023484
v 0.076321 0.155088 0.018102
v 0.178571 0.015289 -0.008990
v -0.141389 -0.161938 0.013087
v -0.022138 -0.197162 -0.023361
v -0.017857 0.140411 -0.025195
v -0.029966 -0.194227 -0.018346
v 0.203033 -0.155088 -0.028131
v 0.185421 0.170744 -0.022749
v 0.189335 -0.156067 -0.021893
v 0.203033 -0.155088 -0.028131
v 0.213796 -0.153131 -0.032901
v 0.201076 0.172701 -0.029354
v 0.203033 -0.155088 -0.028131
v 0.201076 0.172701 -0.029354
v 0.185421 0.170744 -0.022749
v -0.062133 0.143346 0.040729
v 0.002966 0.160959 -0.045866
v 0.145304 0.162916 0.002034
v 0.159980 0.164873 -0.003333
v 0.164873 0.014983 -0.003547
v 0.150196 0.013699 0.001261
v 0.077299 0.148239 0.028498
v 0.077299 0.148239 0.028498
v 0.250000 -0.166830 -0.046355
v 0.244129 0.181507 -0.047089
v 0.243151 0.182485 -0.045132
v -0.055773 -0.017123 0.040484
v -0.055284 -0.172701 0.039261
v 0.024095 -0.183464 -0.007063
v 0.024095 -0.183464 -0.007063
v 0.031066 -0.181507 0.004862
v 0.022260 -0.183464 -0.006910
v 0.024951 0.136497 -0.009479
v 0.025196 0.135518 -0.012231
v 0.046233 -0.217710 -0.047823
v -0.106165 0.157045 -0.002308
v -0.091976 0.153131 -0.000499
v -0.106165 -0.168787 -0.000315
v -0.220646 -0.150196 -0.032901
v -0.218689 0.020181 -0.035347
v -0.213796 0.019203 -0.029599
v -0.220646 -0.150196 -0.032901
v -0.213796 0.019203 -0.029599
v -0.215754 -0.152152 -0.027519
v 0.075342 0.155088 0.026419
v 0.184442 -0.177593 -0.048312
v 0.137476 -0.164873 0.050758
v 0.130626 -0.001873 0.050269
v -0.072896 -0.205969 -0.048068
v -0.067515 0.186399 -0.047578
v -0.052104 0.180528 -0.048068
v -0.191291 0.017001 -0.010641
v -0.206947 -0.153131 -0.015105
v -0.195205 -0.154110 -0.010152
v -0.234344 -0.168787 -0.043909
v -0.200098 0.201076 -0.043420
v -0.221624 0.191291 -0.044153
v -0.091976 0.169765 -0.011803
v -0.106165 0.173679 -0.013515
v -0.110568 -0.179550 -0.011619
v 0.177593 -0.159980 -0.006482
v -0.067515 -0.173679 0.000910
v -0.053571 0.141389 -0.002240
v -0.057486 -0.174657 -0.000231
v -0.140411 -0.188356 -0.047823
v 0.009357 -0.201076 -0.036081
v 0.093934 -0.167808 0.028621
v 0.093934 -0.167808 0.028621
v 0.077299 0.148239 0.028498
v 0.081213 -0.169765 0.029844
v -0.186399 -0.160959 0.050024
v 0.074853 -0.181507 -0.012842
v 0.059687 0.157045 -0.015839
v 0.073386 0.161938 -0.015227
v -0.044031 0.139433 0.017735
v -0.109589 0.201076 -0.041952
v -0.121820 -0.192270 -0.041952
v -0.088552 0.194227 -0.041952
v -0.088552 0.194227 -0.041952
v 0.105186 0.161938 -0.001911
v -0.106165 0.173679 -0.013515
v -0.125244 -0.176614 -0.014738
v -0.110568 -0.179550 -0.011619
v 0.178571 -0.156067 -0.007553
v -0.140411 -0.188356 -0.047823
v -0.157045 -0.184442 -0.048068
v -0.130626 0.208904 -0.048068
v -0.003257 -0.229452 -0.045621
v 0.178571 0.015289 -0.008990
v 0.174657 0.167808 -0.009357
v 0.104697 -0.171722 0.000390
v 0.163894 0.197162 -0.033635
v -0.205969 0.018102 -0.023850
v -0.215754 -0.152152 -0.027519
v -0.213796 0.019203 -0.029599
v -0.105186 0.155088 0.023484
v -0.176614 -0.165851 -0.029232
v -0.159980 0.194227 -0.027030
v -0.171722 0.199120 -0.031066
v 0.202055 -0.176614 -0.048557
v 0.031556 -0.176614 0.024340
v -0.029476 -0.020058 0.020426
v 0.100294 0.195205 -0.048068
v 0.115949 0.202055 -0.048312
v 0.123288 -0.190313 -0.048068
v 0.164873 0.014983 -0.003547
v 0.163894 -0.158023 -0.001506
v 0.150196 0.013699 0.001261
v 0.164873 0.014983 -0.003547
v 0.178571 0.015289 -0.008990
v 0.178571 -0.156067 -0.007553
v 0.164873 0.014983 -0.003547
v 0.178571 -0.156067 -0.007553
v 0.163894 -0.158023 -0.001506
v -0.129647 -0.171722 0.048557
v 0.034247 0.132583 -0.007950
v 0.024829 0.127691 -0.012537
v 0.025196 0.135518 -0.012231
v 0.153131 0.200098 -0.029966
v -0.127691 -0.164873 -0.001162
v 0.115949 0.202055 -0.048312
v 0.140411 -0.186399 -0.048312
v 0.123288 -0.190313 -0.048068
v -0.174657 -0.180528 -0.048312
v -0.157045 0.226517 -0.049046
v -0.157045 -0.184442 -0.048068
v -0.157045 0.226517 -0.049046
v -0.148239 0.221624 -0.049291
v -0.157045 -0.184442 -0.048068
v 0.154110 -0.169765 -0.022627
v 0.166830 -0.166830 -0.027030
v 0.142368 0.186399 -0.026541
v 0.154110 0.192270 -0.029844
v 0.157045 -0.169765 -0.027764
v 0.163894 0.197162 -0.033635
v -0.130626 0.208904 -0.048068
v 0.029110 -0.182485 -0.002997
v 0.022260 -0.183464 -0.006910
v 0.022994 -0.178571 -0.004953
v -0.011619 -0.184442 -0.023850
v 0.052837 -0.194227 -0.011619
v -0.015351 -0.183620 -0.018187
v -0.011619 -0.184442 -0.023850
v -0.011619 -0.184442 -0.023850
v -0.013821 -0.185421 -0.018224
v -0.015351 -0.183620 -0.018187
v 0.033024 0.140411 0.006789
v 0.033024 0.133562 0.005932
v 0.047700 0.139433 0.014432
v 0.052837 -0.177593 0.017246
v 0.043909 -0.178280 0.011787
v 0.043297 -0.176614 0.012781
v 0.043909 -0.178280 0.011787
vn -0.0597 -0.2917 -0.9547
vn -0.2180 -0.9734 -0.0710
vn -0.5358 -0.2878 -0.7938
vn 0.0297 0.0257 -0.9992
vn -0.0499 -0.4753 -0.8784
vn -0.0202 -0.0875 -0.9960
vn -0.9269 0.0381 0.3735
vn -0.9284 0.1456 0.3420
vn -0.9243 0.0487 0.3786
vn -0.8651 0.4366 0.2467
vn -0.9052 0.0040 0.4250
vn -0.8973 0.0066 0.4414
vn -0.8950 0.0022 0.4460
vn -0.9010 -0.0005 0.4338
vn -0.9231 0.0265 0.3836
vn -0.9169 0.0729 0.3924
vn -0.9159 0.1929 0.3521
vn -0.9200 0.0073 0.3918
vn -0.1849 -0.0068 -0.9827
vn -0.1617 -0.1146 -0.9802
vn -0.1468 -0.3508 -0.9249
vn -0.0877 -0.4447 -0.8914
vn -0.1515 -0.0064 -0.9884
vn -0.1359 -0.1047 -0.9852
vn -0.1947 -0.0840 -0.9773
vn -0.1652 -0.0069 -0.9862
vn 0.0626 -0.0073 -0.9980
vn 0.2681 -0.0101 -0.9633
vn 0.2924 -0.0116 -0.9562
vn 0.2672 -0.0162 -0.9635
vn 0.0827 -0.0189 -0.9964
vn 0.1655 0.2529 -0.9532
vn 0.0926 0.2632 -0.9603
vn -0.0319 0.0388 -0.9987
vn 0.2309 0.0068 0.9730
vn 0.2860 0.0420 0.9573
vn 0.2950 -0.2818 0.9130
vn 0.3907 0.0695 0.9179
vn 0.2321 0.0221 0.9725
vn 0.1678 -0.4272 0.8885
vn 0.3927 0.0061 0.9197
vn 0.4072 0.0053 0.9133
vn 0.0414 0.0440 -0.9982
vn 0.0367 0.0813 -0.9960
vn 0.4056 0.4838 -0.7755
vn -0.0385 -0.0038 -0.9993
vn 0.3327 0.3937 -0.8569
vn 0.0281 0.0070 -0.9996
vn -0.0240 -0.0035 -0.9997
vn 0.0229 0.0002 -0.9997
vn -0.3861 -0.1940 0.9018
vn -0.2063 -0.7894 0.5782
vn 0.0622 -0.9976 0.0305
vn -0.1495 -0.3526 0.9237
vn -0.0999 -0.3946 0.9134
vn -0.2198 -0.0035 0.9755
vn -0.4004 -0.0372 0.9156
vn -0.4594 -0.0018 0.8882
vn 0.1835 -0.9811 -0.0612
vn 0.3519 0.0681 -0.9336
vn 0.3650 0.5078 -0.7803
vn 0.3594 0.4746 -0.8035
vn 0.3716 0.1004 -0.9230
vn 0.3845 0.1185 -0.9155
vn 0.3756 0.3348 -0.8642
vn 0.3575 0.0377 -0.9332
vn 0.3563 -0.0164 -0.9342
vn 0.3482 -0.0164 -0.9373
vn 0.3562 -0.0164 -0.9343
vn 0.3656 -0.0163 -0.9306
vn 0.0409 -0.0030 0.9992
vn 0.0252 -0.3226 0.9462
vn 0.0488 -0.0017 0.9988
vn 0.0141 0.0028 0.9999
vn 0.0199 -0.1480 0.9888
vn 0.0131 0.0056 0.9999
vn 0.0130 0.0029 0.9999
vn 0.0520 -0.0010 0.9986
vn 0.0938 0.0081 0.9956
vn -0.0585 0.0032 0.9983
vn 0.0428 0.0044 0.9991
vn 0.0785 0.0057 0.9969
vn 0.0786 0.0057 0.9969
vn -0.0396 0.0599 0.9974
vn -0.1485 0.3972 0.9056
vn -0.2161 0.3597 0.9077
vn -0.0847 0.0893 0.9924
vn 0.0346 0.0823 0.9960
vn 0.1644 -0.9828 0.0844
vn -0.2916 -0.4290 -0.8549
vn -0.2818 -0.4056 -0.8695
vn 0.1380 -0.9867 -0.0855
vn 0.1089 -0.9911 0.0763
vn 0.4034 -0.4949 0.7696
vn 0.3646 -0.4779 0.7992
vn 0.9093 0.0396 -0.4143
vn 0.8651 0.0872 -0.4940
vn -0.1687 0.0079 -0.9856
vn 0.5398 0.7908 -0.2885
vn -0.2035 0.4891 -0.8482
vn 0.2808 0.8821 -0.3783
vn 0.5184 0.7933 -0.3193
vn 0.9308 0.0436 0.3630
vn 0.8872 0.0559 0.4580
vn -0.3259 -0.0298 -0.9449
vn -0.2176 -0.1081 -0.9700
vn -0.2641 -0.9506 -0.1631
vn -0.1927 -0.9724 0.1312
vn -0.1985 -0.9753 0.0969
vn -0.4248 -0.3129 -0.8495
vn -0.4172 -0.0837 -0.9049
vn -0.5041 -0.4361 -0.7455
vn -0.1152 -0.9807 0.1580
vn -0.1546 -0.9675 0.2002
vn -0.2456 -0.5106 -0.8240
vn -0.2786 -0.9604 -0.0000
vn -0.3825 -0.1241 -0.9156
vn -0.3265 -0.0735 -0.9423
vn -0.3882 -0.0127 -0.9215
vn -0.3842 -0.0293 -0.9228
vn -0.3201 0.0842 -0.9436
vn -0.2828 0.8890 -0.3603
vn -0.2023 0.9678 -0.1495
vn -0.3831 0.4230 -0.8212
vn -0.2101 0.9776 0.0086
vn -0.3022 -0.1947 -0.9331
vn -0.2514 0.9566 -0.1477
vn -0.9990 -0.0055 0.0453
vn -0.8778 0.0120 0.4788
vn -0.8001 -0.1126 0.5892
vn -0.8139 -0.0163 0.5808
vn -0.9361 0.0317 0.3502
vn -0.8939 -0.3708 0.2517
vn -0.7148 -0.5066 0.4821
vn -0.8779 -0.0017 0.4788
vn -0.8447 -0.2090 -0.4928
vn -0.9983 -0.0053 0.0587
vn -0.5792 0.3480 0.7372
vn -0.4868 0.1458 0.8613
vn -0.3222 0.2956 0.8993
vn -0.6312 0.7642 0.1328
vn -0.9207 0.3592 -0.1525
vn -0.9253 0.3629 0.1104
vn 0.2384 0.9704 0.0397
vn 0.4964 -0.0103 -0.8680
vn 0.5183 -0.0223 -0.8549
vn 0.5069 -0.2876 -0.8126
vn 0.6275 0.0102 -0.7786
vn 0.4726 0.0619 -0.8791
vn 0.4055 -0.4379 -0.8024
vn 0.5292 -0.0121 -0.8484
vn 0.5291 -0.0121 -0.8485
vn -0.2246 0.9581 0.1779
vn -0.1668 0.2335 0.9579
vn -0.2506 0.9658 0.0661
vn 0.0555 0.2814 -0.9580
vn 0.0897 0.3301 -0.9397
vn -0.2218 0.9725 -0.0713
vn -0.1579 0.1537 0.9754
vn -0.2780 0.9422 0.1871
vn -0.2555 0.9644 0.0686
vn -0.3339 0.5734 0.7482
vn -0.1024 -0.7220 -0.6843
vn -0.3364 -0.1450 -0.9305
vn -0.2655 -0.3705 -0.8901
vn -0.2179 -0.3488 -0.9115
vn 0.1901 -0.9710 -0.1452
vn -0.0937 -0.6653 -0.7407
vn 0.2609 -0.9630 0.0671
vn 0.2576 -0.9647 0.0553
vn -0.2597 -0.1658 -0.9514
vn -0.2677 -0.1071 -0.9575
vn -0.4083 0.3330 -0.8500
vn 0.1075 0.9343 -0.3400
vn 0.0991 0.9378 -0.3328
vn -0.4390 0.0748 -0.8954
vn -0.3156 0.3418 -0.8852
vn -0.5452 0.3292 -0.7710
vn -0.5835 0.2690 -0.7662
vn -0.6343 0.0076 -0.7730
vn 0.1667 0.9436 -0.2861
vn -0.4992 0.0574 -0.8646
vn 0.7379 -0.4108 0.5355
vn 0.8650 -0.0157 0.5016
vn 0.8298 -0.0434 0.5563
vn 0.5905 -0.5410 0.5989
vn -0.0046 -0.9869 0.1613
vn 0.7238 -0.5178 0.4561
vn -0.1353 -0.9888 0.0633
vn 0.7597 -0.4078 0.5065
vn -0.0000 -1.0000 -0.0000
vn 0.8617 -0.0704 0.5024
vn 0.9661 0.0045 0.2580
vn 0.5290 -0.0072 -0.8486
vn 0.3511 -0.0097 -0.9363
vn 0.8601 0.1365 0.4915
vn 0.7750 0.2683 0.5722
vn 0.7494 0.1606 0.6423
vn 0.9230 0.3470 0.1665
vn 0.8273 0.0138 0.5616
vn 0.8921 0.0093 0.4517
vn 0.2616 -0.0732 -0.9624
vn 0.1060 -0.4884 0.8661
vn 0.0177 -0.0125 0.9998
vn -0.0036 -0.0012 1.0000
vn 0.1236 -0.9546 -0.2711
vn 0.1540 -0.9872 -0.0424
vn 0.0795 -0.0125 0.9968
vn 0.0971 -0.0243 0.9950
vn 0.0775 -0.0195 0.9968
vn 0.0100 -0.3962 0.9181
vn 0.1930 -0.9772 0.0882
vn 0.4987 0.7921 -0.3520
vn 0.5277 0.7311 -0.4324
vn 0.5015 0.8193 -0.2781
vn 0.2401 0.5200 -0.8197
vn 0.3603 0.8604 0.3603
vn 0.3429 0.9186 -0.1964
vn 0.1735 0.4247 -0.8886
vn 0.0582 0.0899 -0.9942
vn 0.1341 0.1192 -0.9838
vn 0.0966 0.0381 -0.9946
vn 0.1342 0.1193 -0.9837
vn 0.1963 0.2567 -0.9463
vn -0.0965 -0.9575 -0.2718
vn -0.3065 -0.4954 0.8128
vn -0.1055 -0.9911 -0.0812
vn -0.1180 -0.9593 -0.2564
vn -0.3200 -0.4093 0.8544
vn -0.3034 -0.3321 0.8931
vn 0.1304 -0.3132 -0.9407
vn -0.1426 -0.9802 -0.1374
vn 0.2333 -0.3379 -0.9118
vn -0.0704 -0.9363 -0.3441
vn 0.2431 0.1553 -0.9575
vn 0.1811 0.0548 -0.9819
vn -0.7089 0.3978 -0.5825
vn -0.7750 0.6108 -0.1623
vn -0.3513 0.6905 -0.6323
vn -0.3531 0.7846 -0.5096
vn 0.2902 0.4060 -0.8666
vn 0.5523 0.0008 -0.8337
vn 0.5701 -0.0000 -0.8216
vn 0.4070 0.0100 0.9134
vn 0.4025 -0.0551 0.9138
vn 0.4040 -0.0256 0.9144
vn 0.4207 -0.4145 0.8070
vn 0.3996 0.0094 0.9167
vn 0.3842 -0.1101 0.9167
vn 0.3822 0.0101 0.9240
vn -0.0235 0.0017 0.9997
vn -0.0136 0.0015 0.9999
vn -0.0138 0.0015 0.9999
vn -0.0154 0.0036 0.9999
vn -0.0156 0.0036 0.9999
vn 0.0358 0.0021 0.9994
vn 0.0456 0.0763 0.9960
vn 0.2925 0.5142 0.8063
vn 0.2279 0.4034 0.8862
vn 0.0577 0.0547 0.9968
vn 0.0213 -0.0008 0.9998
vn 0.0295 0.0782 0.9965
vn 0.0451 0.0661 0.9968
vn 0.1627 0.2344 0.9584
vn -0.0663 0.0051 0.9978
vn -0.0067 -0.0716 0.9974
vn -0.0258 -0.1397 0.9899
vn -0.1225 -0.4896 0.8633
vn -0.0976 -0.3799 0.9199
vn 0.0290 -0.0022 0.9996
vn -0.0147 -0.0343 0.9993
vn -0.0005 -0.0012 1.0000
vn -0.0004 -0.0012 1.0000
vn -0.1826 0.9811 0.0634
vn 0.1416 0.3693 0.9185
vn 0.2287 0.1969 0.9534
vn -0.2104 0.9776 -0.0066
vn -0.3282 0.2885 -0.8995
vn -0.2634 0.3502 -0.8989
vn -0.1824 0.9804 -0.0745
vn 0.2161 0.3185 0.9229
vn -0.0979 -0.3678 0.9247
vn -0.0024 -1.0000 -0.0022
vn 0.1119 -0.5965 0.7948
vn -0.7721 -0.6282 0.0959
vn -0.2278 -0.9706 -0.0783
vn -0.0507 0.0110 0.9987
vn -0.4933 -0.2201 0.8415
vn -0.0106 -0.0254 0.9996
vn -0.9348 0.0619 0.3497
vn -0.0626 -0.0044 -0.9980
vn -0.9383 0.0574 0.3409
vn -0.6192 0.0356 -0.7844
vn -0.8666 0.0118 0.4988
vn -0.8062 0.0140 0.5914
vn -0.0744 -0.0014 -0.9972
vn -0.0441 0.0034 0.9990
vn -0.1197 0.0004 0.9928
vn -0.0358 0.0002 -0.9994
vn -0.8813 0.0615 0.4685
vn -0.6613 0.0521 0.7483
vn -0.1272 0.0173 0.9917
vn -0.1273 0.0173 0.9917
vn -0.2316 -0.9538 0.1913
vn -0.1861 -0.9818 0.0379
vn -0.1892 -0.9771 -0.0971
vn -0.1214 -0.9925 0.0160
vn -0.3665 0.0914 0.9259
vn -0.3609 0.0704 0.9299
vn -0.3591 0.1223 0.9252
vn -0.4021 -0.2856 0.8699
vn -0.3774 0.1492 0.9139
vn -0.4480 -0.0155 0.8939
vn -0.4257 -0.0920 0.9002
vn -0.4369 -0.4550 0.7760
vn -0.3729 0.1166 0.9205
vn -0.2272 -0.9154 0.3324
vn -0.1027 0.0872 0.9909
vn -0.3171 0.3305 0.8889
vn -0.3344 0.2144 0.9177
vn -0.0935 0.0011 0.9956
vn -0.0713 0.1067 0.9917
vn -0.0645 0.0011 0.9979
vn -0.0385 0.0017 0.9993
vn -0.1014 0.0083 0.9948
vn 0.0550 -0.8908 -0.4511
vn 0.0651 -0.3719 -0.9260
vn 0.0688 -0.1898 -0.9794
vn 0.0397 -0.9806 0.1918
vn 0.0331 -0.9991 -0.0272
vn 0.0204 -0.9146 0.4038
vn 0.0152 -0.9150 0.4033
vn 0.0717 -0.1413 -0.9874
vn -0.0178 -0.9122 0.4094
vn -0.3792 -0.0033 -0.9253
vn -0.4632 -0.0662 -0.8838
vn -0.3768 0.2433 -0.8938
vn -0.4887 -0.1007 -0.8666
vn -0.3250 0.2715 -0.9059
vn -0.3659 0.0005 -0.9306
vn -0.4540 -0.0036 -0.8910
vn -0.3374 -0.0055 -0.9414
vn 0.1265 -0.0008 -0.9920
vn 0.5795 -0.0035 -0.8149
vn 0.5795 -0.0040 -0.8149
vn -0.0338 0.0008 -0.9994
vn 0.0599 0.0003 -0.9982
vn -0.0094 -0.1542 -0.9880
vn 0.7211 -0.2792 -0.6341
vn 0.3719 -0.5276 -0.7638
vn -0.0717 -0.5114 -0.8563
vn -0.0747 -0.1652 -0.9834
vn -0.4719 -0.0123 -0.8816
vn -0.5247 -0.0121 -0.8512
vn -0.4312 -0.0132 -0.9022
vn -0.4254 0.0077 -0.9050
vn -0.3947 0.0932 -0.9141
vn -0.4548 0.2577 -0.8525
vn -0.3817 -0.0123 -0.9242
vn -0.4895 0.0219 -0.8717
vn -0.3865 0.0384 -0.9215
vn -0.4987 -0.0094 -0.8667
vn 0.3761 -0.0744 -0.9236
vn 0.3421 -0.4323 -0.8343
vn 0.4857 -0.4602 -0.7432
vn 0.3228 -0.0708 -0.9438
vn 0.5477 -0.0248 -0.8363
vn 0.3138 -0.0081 -0.9495
vn 0.4929 -0.0032 -0.8701
vn 0.4405 -0.0062 -0.8978
vn 0.2102 0.9749 -0.0729
vn 0.4290 0.2166 -0.8769
vn 0.1823 0.9832 0.0051
vn 0.2603 0.9598 -0.1051
vn 0.4009 0.2924 -0.8682
vn -0.3122 0.3144 0.8965
vn -0.2913 0.3142 0.9036
vn -0.0000 -0.0000 1.0000
vn -0.0383 -0.1743 0.9839
vn -0.1328 -0.4893 0.8619
vn 0.0398 0.0827 -0.9958
vn 0.1844 0.0831 -0.9793
vn 0.0447 0.4033 -0.9140
vn 0.0549 -0.0033 -0.9985
vn -0.1067 -0.0608 -0.9924
vn -0.1168 -0.1124 -0.9868
vn -0.1784 -0.1568 -0.9714
vn -0.0667 -0.0054 -0.9978
vn -0.1216 -0.0085 -0.9925
vn 0.0073 -0.0529 -0.9986
vn -0.0815 0.2142 -0.9734
vn 0.9570 0.0154 -0.2897
vn 0.5347 -0.2673 -0.8017
vn 0.4063 -0.5451 -0.7333
vn -0.0311 0.0779 -0.9965
vn 0.8469 -0.5272 0.0691
vn 0.9543 0.0155 -0.2984
vn -0.0623 -0.0031 -0.9981
vn 0.3229 0.9400 -0.1099
vn -0.7986 0.1376 -0.5860
vn -0.7793 0.1346 -0.6120
vn 0.2001 0.9662 -0.1623
vn 0.1721 0.9582 -0.2287
vn 0.7910 0.2859 0.5410
vn 0.8122 0.4512 0.3698
vn 0.4330 0.9012 -0.0217
vn 0.8568 0.2576 0.4467
vn -0.7029 0.1688 -0.6910
vn 0.1741 0.0042 0.9847
vn 0.2885 0.0029 0.9575
vn 0.1413 0.0037 0.9900
vn 0.1447 -0.0025 0.9895
vn 0.0855 -0.0006 0.9963
vn 0.1832 -0.0038 0.9831
vn 0.0648 0.0003 0.9979
vn 0.3253 0.0024 0.9456
vn 0.0918 0.0034 0.9958
vn 0.2155 -0.0040 0.9765
vn 0.0741 0.0622 0.9953
vn 0.1747 0.2706 0.9467
vn 0.0980 0.5921 0.7999
vn 0.0745 0.0023 0.9972
vn -0.2906 0.4264 0.8566
vn 0.1609 0.0322 0.9865
vn 0.1502 0.0047 0.9886
vn -0.0767 0.0928 0.9927
vn 0.6980 -0.5606 -0.4456
vn 0.5147 -0.7146 -0.4737
vn 0.1080 -0.9905 0.0857
vn 0.7886 0.2327 -0.5691
vn 0.1797 -0.9837 0.0118
vn 0.7502 -0.0955 -0.6543
vn 0.2249 -0.9744 0.0076
vn 0.7993 -0.0390 -0.5996
vn -0.5485 0.8227 0.1496
vn -0.0000 1.0000 -0.0000
vn 0.0638 0.3414 -0.9378
vn -0.8772 0.4229 -0.2274
vn -0.8048 0.4507 0.3863
vn -0.6185 0.4689 0.6306
vn -0.4392 -0.2448 0.8644
vn -0.3770 -0.6551 0.6547
vn -0.1836 -0.9827 0.0244
vn -0.4291 -0.6226 0.6544
vn -0.4450 -0.4239 0.7889
vn -0.3981 -0.0473 0.9161
vn -0.4174 -0.0155 0.9086
vn -0.4090 0.0427 0.9115
vn -0.1901 -0.9763 -0.1035
vn -0.2313 -0.9714 0.0544
vn -0.5934 0.1483 0.7912
vn -0.5314 -0.0023 0.8471
vn -0.7262 0.1288 0.6753
vn -0.7210 0.1448 0.6776
vn -0.7854 0.1989 0.5862
vn -0.6703 -0.0060 0.7421
vn -0.5414 -0.0028 0.8408
vn -0.7470 0.1059 0.6563
vn 0.2460 0.0068 0.9692
vn 0.3339 0.1149 0.9356
vn 0.3861 -0.2255 0.8945
vn 0.3423 0.1876 0.9207
vn 0.3275 -0.2242 0.9179
vn 0.2707 0.0080 0.9626
vn 0.2266 0.1347 0.9646
vn 0.4260 0.0106 0.9047
vn 0.2475 0.8887 -0.3859
vn 0.2797 0.8737 -0.3979
vn 0.1907 0.6528 0.7332
vn 0.3502 0.9343 0.0665
vn 0.1471 0.4253 0.8930
vn 0.3166 0.9486 0.0031
vn 0.1358 0.4192 -0.8977
vn 0.0887 0.2194 -0.9716
vn 0.1485 0.5250 -0.8380
vn 0.1948 0.4749 0.8582
vn -0.9008 0.0064 -0.4342
vn -0.8825 0.0057 -0.4703
vn -0.8878 0.0063 -0.4602
vn -0.9242 0.0047 -0.3819
vn -0.9105 0.0331 -0.4121
vn -0.9063 -0.0016 -0.4227
vn -0.8976 -0.0081 -0.4408
vn -0.9217 0.0534 -0.3843
vn -0.9112 0.0908 -0.4017
vn -0.9393 0.0029 -0.3432
vn -0.0952 0.8996 0.4262
vn -0.0350 0.3726 -0.9273
vn -0.1436 0.9864 0.0798
vn -0.0444 0.2104 0.9766
vn -0.0096 0.1236 0.9923
vn 0.0183 0.2988 -0.9541
vn 0.0200 0.5998 0.7999
vn -0.0177 0.7068 -0.7072
vn 0.2985 0.9515 0.0746
vn 0.1361 0.3527 -0.9258
vn 0.2322 -0.5293 0.8160
vn 0.0666 -0.1174 0.9908
vn 0.0929 -0.1768 0.9798
vn 0.2746 -0.5435 0.7932
vn 0.4379 -0.8960 -0.0740
vn 0.3419 -0.9396 0.0146
vn 0.1653 -0.4442 0.8806
vn -0.2434 0.0399 0.9691
vn -0.1645 0.3303 0.9295
vn -0.2765 0.0384 0.9602
vn -0.2549 0.0050 0.9670
vn -0.1744 0.0291 0.9842
vn -0.1108 0.3209 0.9406
vn -0.2833 0.0065 0.9590
vn -0.2389 0.0048 0.9710
vn 0.4011 -0.2353 -0.8853
vn 0.2829 -0.6104 -0.7399
vn 0.3732 -0.1773 -0.9106
vn 0.3447 0.0031 -0.9387
vn 0.3665 0.1117 -0.9237
vn 0.3744 0.0724 -0.9244
vn 0.2509 -0.5492 -0.7972
vn 0.3667 -0.0007 -0.9304
vn 0.3584 -0.0000 -0.9336
vn 0.3585 -0.0000 -0.9335
vn 0.4305 -0.0037 -0.9026
vn 0.2632 -0.4177 -0.8696
vn -0.2853 0.8981 0.3346
vn -0.1203 0.1022 0.9875
vn -0.0724 0.1071 0.9916
vn -0.3526 0.9351 -0.0369
vn -0.3324 0.2467 0.9103
vn -0.2816 0.9477 0.1501
vn -0.2074 0.5185 0.8295
vn -0.2784 0.9546 -0.1061
vn 0.0597 0.3594 -0.9313
vn -0.0127 0.2693 -0.9630
vn 0.0872 -0.9778 -0.1904
vn 0.3549 -0.0425 0.9339
vn 0.1566 -0.9861 0.0551
vn 0.0597 -0.9643 -0.2579
vn -0.2484 -0.5877 -0.7700
vn 0.0538 -0.9751 -0.2152
vn -0.0022 -0.9248 -0.3803
vn -0.2546 -0.2067 -0.9447
vn 0.4513 -0.1171 0.8847
vn 0.3521 0.0514 0.9346
vn 0.5305 0.3651 0.7650
vn 0.3721 0.4492 0.8123
vn 0.4393 0.0014 0.8984
vn 0.2362 0.0503 0.9704
vn 0.5198 -0.0433 0.8532
vn 0.0251 -0.1970 0.9801
vn 0.1060 0.0062 0.9943
vn 0.0179 0.0248 0.9995
vn -0.0749 -0.2996 0.9511
vn 0.0730 -0.3497 0.9340
vn -0.1429 -0.9784 -0.1494
vn -0.4375 -0.0101 -0.8991
vn -0.3655 -0.0100 -0.9308
vn -0.3918 -0.0099 -0.9200
vn -0.4491 -0.0099 -0.8934
vn -0.4135 -0.0036 -0.9105
vn -0.4304 -0.0037 -0.9027
vn -0.4654 -0.0099 -0.8850
vn -0.4657 -0.0079 -0.8849
vn -0.8143 -0.0048 0.5804
vn -0.7193 -0.0579 0.6922
vn -0.5588 -0.5554 0.6158
vn -0.6130 -0.2908 0.7346
vn -0.7067 -0.0061 0.7074
vn -0.8093 0.0403 0.5860
vn -0.6836 -0.1915 0.7043
vn -0.7777 -0.0002 0.6286
vn -0.8382 -0.0004 0.5453
vn -0.8456 0.0011 0.5338
vn -0.1189 0.9925 -0.0288
vn 0.7020 0.2264 -0.6752
vn -0.3178 0.8296 -0.4590
vn -0.8046 0.5886 -0.0785
vn -0.0893 0.9926 -0.0824
vn -0.7063 0.5177 0.4829
vn -0.0165 -0.0074 -0.9998
vn -0.0167 -0.0055 -0.9998
vn -0.0809 -0.0378 -0.9960
vn -0.1720 0.2220 0.9597
vn -0.5756 0.7127 0.4009
vn -0.6129 0.5884 0.5274
vn 0.1598 -0.9868 -0.0244
vn 0.1616 -0.9867 -0.0191
vn 0.1914 -0.6495 0.7359
vn 0.1702 -0.9603 0.2208
vn 0.0325 -0.7837 -0.6203
vn 0.1607 -0.9862 0.0389
vn 0.1260 -0.9916 0.0305
vn 0.1585 -0.9657 0.2056
vn 0.1773 -0.9700 -0.1664
vn -0.6058 0.0004 -0.7956
vn -0.5826 -0.0002 -0.8128
vn -0.5985 -0.0374 -0.8003
vn -0.5529 -0.0782 -0.8296
vn -0.5949 -0.0671 -0.8010
vn -0.5952 0.0003 -0.8036
vn -0.6076 -0.0238 -0.7939
vn -0.3136 0.1928 -0.9298
vn -0.5908 -0.0136 -0.8067
vn -0.4272 0.2253 -0.8756
vn -0.1228 -0.5712 0.8116
vn -0.0209 -0.0814 0.9965
vn -0.1928 -0.4917 0.8491
vn -0.2333 -0.9601 -0.1539
vn 0.1073 -0.9930 0.0502
vn 0.0822 -0.4838 0.8713
vn 0.0438 0.0113 0.9990
vn 0.0583 0.0007 0.9983
vn 0.9282 0.0216 0.3714
vn 0.1182 -0.0003 0.9930
vn 0.0087 0.0004 1.0000
vn 0.0079 0.0023 1.0000
vn 0.7941 0.0541 0.6053
vn 0.8305 0.0566 0.5541
vn 0.8284 0.0450 0.5583
vn 0.9239 0.0506 -0.3792
vn 0.5387 -0.0001 -0.8425
vn 0.5578 0.0125 -0.8299
vn 0.5860 -0.5886 -0.5570
vn 0.6414 -0.0732 -0.7637
vn 0.4512 0.0571 -0.8906
vn 0.5049 -0.4705 -0.7237
vn 0.6083 0.0016 -0.7937
vn 0.6526 0.0038 -0.7577
vn -0.1907 0.4319 0.8815
vn -0.2249 0.3446 0.9114
vn 0.1623 0.9840 -0.0740
vn 0.2467 0.9689 -0.0213
vn 0.1647 0.9862 0.0153
vn -0.2856 0.2834 0.9155
vn -0.2921 0.0596 0.9545
vn -0.2875 0.0728 0.9550
vn -0.0276 0.0007 0.9996
vn -0.0368 -0.1818 0.9826
vn -0.1113 -0.4854 0.8672
vn -0.0494 -0.1428 0.9885
vn -0.1240 -0.4978 0.8584
vn -0.1340 -0.4826 0.8655
vn -0.0370 -0.1007 0.9942
vn 0.0121 -0.0003 0.9999
vn 0.0138 -0.0004 0.9999
vn -0.0797 0.0535 0.9954
vn -0.1313 0.3351 0.9330
vn -0.1932 0.2984 0.9347
vn 0.0299 0.0051 0.9995
vn -0.1165 0.0475 0.9921
vn 0.0149 0.0050 0.9999
vn -0.1004 0.0026 0.9949
vn 0.0149 0.0043 0.9999
vn -0.6510 -0.2452 -0.7184
vn -0.3943 -0.2906 -0.8718
vn -0.4514 -0.4030 -0.7961
vn -0.7143 -0.0072 -0.6998
vn -0.7137 -0.0072 -0.7004
vn -0.5327 -0.4750 -0.7004
vn -0.6477 -0.2268 -0.7274
vn -0.6830 -0.0068 -0.7304
vn 0.4485 0.3922 0.8031
vn 0.3116 -0.0361 0.9495
vn 0.4624 -0.0864 0.8825
vn 0.1889 0.9721 -0.1388
vn 0.5954 0.3394 0.7282
vn 0.3476 0.3736 0.8600
vn -0.2969 -0.0768 -0.9518
vn -0.3288 -0.3601 -0.8731
vn -0.2520 -0.1219 -0.9600
vn -0.3398 -0.0315 -0.9400
vn -0.2429 -0.0055 -0.9700
vn -0.0566 0.0349 -0.9978
vn -0.3795 0.3739 -0.8463
vn -0.0784 0.0490 -0.9957
vn -0.0004 0.0006 -1.0000
vn -0.0378 0.0529 -0.9979
vn -0.1699 0.1849 -0.9680
vn -0.0001 0.0006 -1.0000
vn -0.1045 -0.0029 -0.9945
vn -0.0896 -0.0027 -0.9960
vn -0.0897 -0.0027 -0.9960
vn 0.1564 -0.9857 -0.0632
vn 0.2622 -0.9352 -0.2379
vn 0.1690 -0.9801 -0.1040
vn 0.0125 -0.9874 0.1575
vn 0.2649 -0.9636 -0.0365
vn -0.4619 0.0075 0.8869
vn -0.5410 0.0071 0.8410
vn -0.3764 0.0058 0.9264
vn -0.5947 0.1321 0.7930
vn -0.7341 0.3170 0.6005
vn -0.3760 0.0482 0.9254
vn -0.4097 0.0164 0.9121
vn -0.3829 0.2180 0.8977
vn -0.7911 0.0082 0.6117
vn -0.2794 -0.0232 0.9599
vn -0.3418 -0.3945 0.8530
vn -0.2740 0.0038 0.9617
vn -0.2617 -0.0441 0.9641
vn -0.7062 -0.0050 0.7080
vn -0.8878 0.1062 0.4479
vn -0.8994 0.2464 0.3611
vn -0.9094 0.1323 -0.3942
vn -0.8384 -0.0088 0.5450
vn -0.8383 -0.0088 0.5451
vn -0.7653 -0.0077 0.6436
vn -0.9961 -0.0102 -0.0873
vn -0.9815 -0.0113 0.1909
vn 0.0201 -0.0023 -0.9998
vn 0.0456 0.0090 -0.9989
vn 0.0310 0.0368 -0.9988
vn 0.0610 0.0092 -0.9981
vn 0.0007 0.0005 -1.0000
vn 0.0001 -0.0030 -1.0000
vn -0.0145 -0.0040 -0.9999
vn 0.0390 0.1540 -0.9873
vn 0.0394 -0.0197 -0.9990
vn 0.0373 -0.1811 -0.9827
vn -0.0010 0.0283 -0.9996
vn 0.0201 0.1140 -0.9933
vn 0.0519 0.0030 -0.9986
vn -0.0388 0.2541 -0.9664
vn -0.0999 -0.0625 -0.9930
vn 0.0150 0.2680 -0.9633
vn -0.0222 0.5328 -0.8460
vn 0.3906 0.9205 0.0092
vn 0.3681 0.9212 -0.1260
vn -0.1286 0.3335 -0.9339
vn -0.2800 0.0122 -0.9599
vn 0.2417 0.9263 -0.2891
vn -0.6109 0.1462 -0.7781
vn -0.0959 0.1400 -0.9855
vn 0.2603 0.0446 -0.9645
vn -0.8238 -0.0032 -0.5668
vn 0.2606 -0.0101 -0.9654
vn -0.3826 -0.0085 -0.9239
vn -0.9913 0.0023 0.1313
vn -0.9823 0.0020 0.1875
vn -0.9599 0.2371 -0.1495
vn -0.9935 0.0840 0.0771
vn 0.4167 0.4431 0.7937
vn 0.4167 0.4432 0.7937
vn 0.5877 0.6820 0.4352
vn 0.2668 0.3685 0.8905
vn 0.5818 0.7959 0.1675
vn 0.6328 0.7685 0.0953
vn 0.2993 0.3546 0.8858
vn 0.0672 0.1043 0.9923
vn 0.0546 0.0916 0.9943
vn 0.2371 0.2108 0.9484
vn 0.2056 -0.4219 0.8830
vn 0.1512 -0.9734 -0.1719
vn 0.1959 -0.2465 0.9491
vn 0.2069 -0.9774 0.0430
vn 0.1822 -0.9514 -0.2481
vn 0.0986 0.0512 0.9938
vn 0.0752 0.0483 0.9960
vn 0.0790 -0.1703 0.9822
vn 0.1399 0.0515 0.9888
vn 0.0902 0.0247 0.9956
vn 0.3794 0.2825 -0.8811
vn 0.3475 -0.0131 -0.9376
vn 0.3455 0.1967 -0.9176
vn 0.3564 0.7979 -0.4861
vn 0.3455 0.1966 -0.9176
vn 0.2491 0.9595 -0.1318
vn 0.3398 -0.0800 -0.9371
vn 0.2852 -0.0916 -0.9541
vn 0.2242 -0.5258 -0.8205
vn 0.2111 -0.5330 -0.8194
vn -0.1297 -0.9908 -0.0387
vn 0.2181 -0.4844 -0.8472
vn 0.2108 -0.5659 -0.7971
vn 0.3552 -0.0110 -0.9347
vn 0.3245 -0.0590 -0.9440
vn 0.3232 -0.1031 -0.9407
vn -0.2133 -0.9741 0.0751
vn -0.1698 -0.9831 -0.0685
vn 0.0407 0.4850 0.8736
vn 0.1859 0.1855 0.9649
vn 0.1748 0.2576 0.9503
vn -0.2006 0.9738 0.1071
vn -0.2547 0.9663 -0.0364
vn 0.0109 0.1968 0.9804
vn -0.0708 0.2712 0.9599
vn 0.0363 0.1090 0.9934
vn 0.0995 0.1130 0.9886
vn -0.2434 0.9329 0.2655
vn 0.1899 -0.9748 0.1168
vn 0.1360 -0.9870 0.0853
vn 0.1263 -0.7890 0.6013
vn 0.2404 -0.9278 -0.2855
vn 0.2479 -0.9672 0.0556
vn 0.1088 -0.4109 -0.9052
vn 0.1806 -0.8749 0.4495
vn 0.0895 -0.4079 0.9086
vn 0.2297 -0.8490 0.4759
vn 0.2034 -0.9416 -0.2684
vn 0.1698 -0.9443 -0.2818
vn 0.2375 -0.9374 -0.2547
vn 0.0743 -0.4460 0.8920
vn -0.8945 -0.0059 -0.4471
vn -0.8953 -0.0070 -0.4453
vn -0.8700 -0.0069 -0.4929
vn -0.9159 -0.0070 -0.4013
vn -0.9105 -0.0557 -0.4097
vn -0.9107 -0.0557 -0.4094
vn -0.9185 -0.0504 -0.3922
vn -0.8974 -0.0014 -0.4411
vn -0.9025 -0.0608 -0.4263
vn 0.0300 -0.4144 0.9096
vn 0.0388 -0.1375 0.9897
vn 0.0118 -0.4677 0.8838
vn 0.0869 -0.4368 0.8954
vn 0.0032 -0.9405 0.3398
vn 0.1111 -0.5067 0.8549
vn 0.1301 -0.1444 0.9809
vn -0.0642 -0.9372 0.3428
vn 0.1130 -0.1968 0.9739
vn 0.0075 -0.9762 0.2167
vn -0.3549 0.3008 -0.8852
vn -0.3686 0.3184 -0.8734
vn -0.3300 -0.0978 -0.9389
vn -0.1482 0.9858 0.0785
vn -0.2850 -0.0670 -0.9562
vn -0.5820 -0.0083 0.8131
vn -0.5869 0.0292 0.8091
vn -0.4954 -0.2405 0.8347
vn -0.7079 -0.1019 0.6989
vn -0.7812 -0.0621 0.6211
vn -0.6892 -0.2912 0.6635
vn -0.3143 -0.7470 0.5858
vn -0.3252 0.6344 0.7013
vn -0.2316 0.4829 0.8445
vn -0.1009 0.1483 0.9838
vn -0.4478 0.8884 0.1009
vn -0.4292 0.8974 0.1022
vn -0.2309 0.2446 0.9417
vn -0.2747 0.2772 0.9207
vn -0.5668 0.5903 0.5747
vn -0.0432 0.0506 0.9978
vn -0.1039 0.1490 0.9834
vn -0.3993 -0.3860 0.8316
vn -0.0089 -0.9741 -0.2261
vn -0.3714 -0.5571 0.7428
vn -0.3720 0.1526 0.9156
vn -0.3957 0.0078 0.9183
vn -0.3920 0.0074 0.9199
vn -0.4232 -0.5260 0.7377
vn -0.0337 -0.9814 -0.1889
vn 0.7142 0.0439 -0.6985
vn 0.8333 0.0861 -0.5461
vn 0.5821 0.5226 -0.6229
vn 0.6852 0.0028 -0.7283
vn 0.5452 -0.0015 -0.8383
vn 0.5833 0.0002 -0.8123
vn 0.7306 0.0042 -0.6828
vn 0.8123 0.0054 -0.5832
vn 0.4143 0.6162 -0.6698
vn 0.6214 0.0225 -0.7832
vn -0.3339 -0.1154 -0.9355
vn -0.2889 -0.0078 -0.9573
vn -0.3759 -0.0114 -0.9266
vn -0.3565 -0.0111 -0.9342
vn 0.0105 0.3383 0.9410
vn 0.3076 0.9146 -0.2626
vn 0.2747 0.9615 -0.0000
vn -0.0469 0.2842 0.9576
vn 0.2469 0.9520 -0.1809
vn 0.0673 0.3127 0.9475
vn -0.1219 -0.0190 0.9924
vn -0.0898 -0.0210 0.9957
vn 0.6145 -0.2911 0.7332
vn 0.6129 -0.4401 0.6563
vn 0.7130 0.0272 0.7006
vn -0.2656 -0.9438 -0.1966
vn -0.2903 -0.9414 -0.1719
vn 0.5523 -0.2231 0.8032
vn 0.6279 0.0231 0.7780
vn 0.1262 0.9663 0.2244
vn -0.3982 0.2791 -0.8738
vn -0.0245 0.9909 0.1324
vn -0.3671 0.1836 -0.9119
vn 0.3860 0.3366 0.8589
vn 0.4415 0.2839 0.8512
vn 0.0623 0.9879 0.1424
vn 0.1119 -0.8842 0.4535
vn 0.1638 -0.9692 0.1840
vn 0.3775 -0.4059 -0.8323
vn 0.2744 -0.2546 -0.9273
vn -0.1439 -0.4697 0.8710
vn -0.1216 -0.2429 0.9624
vn 0.1326 -0.9884 0.0740
vn 0.4082 -0.0048 -0.9129
vn 0.3734 -0.0112 -0.9276
vn 0.1934 -0.0136 -0.9810
vn 0.3314 -0.0127 -0.9434
vn 0.2706 -0.0036 -0.9627
vn 0.1378 0.0003 -0.9905
vn 0.1375 0.0003 -0.9905
vn 0.4151 -0.0100 -0.9097
vn 0.4127 -0.0098 -0.9108
vn 0.1758 0.0038 -0.9844
vn -0.1055 -0.0100 0.9944
vn -0.1194 -0.2314 0.9655
vn -0.1039 -0.0161 0.9945
vn -0.1027 0.0048 0.9947
vn -0.1685 -0.0199 0.9855
vn -0.2349 -0.3227 0.9169
vn -0.2240 -0.6687 0.7090
vn -0.1585 0.0044 0.9873
vn -0.2122 0.0055 0.9772
vn -0.1175 0.0052 0.9931
vn -0.2368 -0.0177 0.9714
vn -0.1171 0.3638 -0.9241
vn -0.1480 0.4270 -0.8921
vn -0.0430 0.1102 -0.9930
vn -0.3091 0.9500 -0.0436
vn -0.2975 0.9546 0.0163
vn -0.0251 0.0469 -0.9986
vn -0.0679 0.2012 -0.9772
vn 0.0043 0.0055 -1.0000
vn 0.0075 0.0008 -1.0000
vn -0.0158 -0.0066 -0.9999
vn 0.6688 0.0186 -0.7432
vn 0.3593 0.0187 -0.9330
vn 0.4542 -0.4646 0.7602
vn 0.1741 -0.6963 -0.6963
vn 0.0241 -0.0760 -0.9968
vn 0.0747 0.9375 -0.3398
vn -0.0099 0.9562 -0.2926
vn -0.3265 0.8367 -0.4396
vn 0.9474 0.3126 0.0689
vn 0.0613 0.9545 -0.2920
vn 0.9259 0.3060 0.2216
vn -0.0586 0.9344 -0.3513
vn 0.0013 0.0012 1.0000
vn 0.0005 0.0013 1.0000
vn -0.0411 -0.1028 0.9939
vn -0.0542 -0.1006 0.9934
vn -0.2793 -0.6163 0.7363
vn -0.3914 -0.0102 -0.9202
vn -0.3496 -0.0041 -0.9369
vn -0.3502 -0.0062 -0.9367
vn -0.3492 -0.0066 -0.9370
vn -0.3713 -0.0096 -0.9285
vn 0.7576 -0.3229 -0.5672
vn 0.7437 0.1742 -0.6454
vn 0.7507 0.2265 -0.6206
vn 0.2394 -0.9669 -0.0881
vn 0.7379 -0.1745 -0.6520
vn 0.1405 -0.9892 0.0428
vn 0.2210 -0.9752 0.0093
vn 0.0369 0.2202 0.9748
vn 0.1542 0.9703 0.1864
vn 0.1737 0.9759 -0.1319
vn 0.0077 -0.0493 0.9988
vn 0.0608 0.2211 0.9733
vn 0.0110 -0.0053 0.9999
vn 0.0594 0.2946 0.9538
vn 0.1793 -0.0918 -0.9795
vn 0.1752 -0.0817 -0.9811
vn 0.2698 -0.0928 -0.9584
vn 0.2580 -0.4233 -0.8685
vn -0.2876 -0.4168 -0.8623
vn -0.7413 -0.3901 -0.5462
vn -0.4155 -0.0755 -0.9065
vn -0.0000 -0.6001 -0.8000
vn -0.6425 -0.6803 -0.3527
vn -0.4642 0.8834 0.0643
vn -0.5506 0.3067 0.7764
vn -0.5091 0.2699 0.8173
vn -0.4932 0.8691 0.0387
vn -0.2502 0.9129 -0.3225
vn -0.3941 0.2540 0.8833
vn -0.2729 0.9184 -0.2863
vn 0.2285 0.3353 -0.9140
vn 0.1652 0.5255 -0.8346
vn -0.2570 0.9032 -0.3438
vn 0.1004 -0.9652 -0.2415
vn 0.2592 -0.0169 0.9657
vn 0.2156 -0.1736 0.9609
vn 0.1324 -0.9673 -0.2162
vn 0.0995 -0.9716 -0.2148
vn 0.2711 -0.8009 0.5339
vn 0.1788 -0.0003 0.9839
vn 0.1761 -0.0158 0.9842
vn 0.2513 0.3845 0.8883
vn 0.0989 0.0519 0.9937
vn 0.3326 -0.0030 0.9430
vn 0.1434 0.0016 0.9897
vn 0.5525 -0.5881 0.5907
vn 0.5525 -0.5880 0.5908
vn 0.7419 0.0078 0.6704
vn -0.2889 -0.9448 -0.1544
vn -0.3357 -0.9281 -0.1609
vn 0.7361 0.0418 0.6756
vn -0.3774 0.2914 -0.8790
vn 0.4240 0.5607 -0.7112
vn -0.4722 0.0079 -0.8815
vn -0.5055 0.3475 -0.7898
vn 0.2837 0.9043 -0.3191
vn -0.0369 -0.0007 0.9993
vn -0.0782 0.0067 0.9969
vn -0.1534 0.0056 0.9881
vn -0.1814 0.0051 0.9834
vn -0.0991 -0.0031 0.9951
vn -0.0737 0.0055 0.9973
vn -0.0433 -0.0014 0.9991
vn -0.0432 -0.0027 0.9991
vn -0.0426 -0.0023 0.9991
vn -0.0527 0.0045 0.9986
vn 0.2623 0.4086 0.8742
vn 0.0430 0.9972 -0.0607
vn -0.0775 0.6972 0.7127
vn 0.0055 0.0527 0.9986
vn 0.0820 0.1099 0.9906
vn 0.5569 0.8297 -0.0389
vn 0.3723 0.5073 0.7772
vn 0.0206 -0.9435 0.3306
vn -0.0082 -0.0197 -0.9998
vn -0.0203 -0.1621 -0.9866
vn -0.0330 -0.4734 -0.8802
vn -0.0531 -0.6460 -0.7615
vn -0.0000 -0.1948 -0.9808
vn -0.0357 -0.8204 0.5707
vn -0.0275 -0.2107 0.9772
vn -0.0912 -0.7776 0.6221
vn -0.0108 -0.1207 0.9926
vn 0.0230 -0.9143 0.4043
vn -0.0110 -0.4296 0.9030
vn -0.7144 0.0498 0.6979
vn -0.7335 0.4276 0.5283
vn -0.7914 0.2850 0.5408
vn -0.7670 -0.0010 0.6416
vn -0.7234 0.3139 0.6149
vn -0.6809 0.0345 0.7316
vn -0.7722 -0.0012 0.6354
vn -0.6753 0.0058 0.7375
vn -0.7766 0.0254 0.6295
vn -0.8206 0.2470 0.5154
vn -0.8131 0.0399 0.5807
vn -0.3499 -0.1362 -0.9268
vn -0.2461 -0.5816 -0.7754
vn -0.3955 -0.0869 -0.9144
vn -0.0751 0.0019 0.9972
vn 0.0242 0.0739 0.9970
vn 0.0986 0.1059 0.9895
vn 0.2693 0.3116 0.9112
vn 0.1130 0.0670 -0.9913
vn 0.0910 -0.1343 -0.9868
vn 0.1296 0.0198 -0.9914
vn 0.0339 0.0895 -0.9954
vn 0.0009 0.0939 -0.9956
vn -0.0153 -0.3294 -0.9441
vn 0.0521 -0.2778 -0.9592
vn 0.1260 -0.0061 -0.9920
vn 0.0205 -0.0050 -0.9998
vn 0.0459 -0.0060 -0.9989
vn -0.1842 0.9667 0.1779
vn 0.2460 0.2503 0.9364
vn -0.1996 0.9755 -0.0926
vn 0.1986 0.4572 0.8669
vn -0.2222 0.9745 -0.0310
vn -0.3287 0.8702 -0.3671
vn -0.2589 0.9275 -0.2698
vn -0.0360 0.9851 0.1682
vn -0.2249 0.9744 -0.0000
vn -0.7199 -0.2103 -0.6614
vn -0.3785 -0.4717 -0.7964
vn -0.5791 -0.0044 -0.8153
vn -0.5784 -0.0045 -0.8157
vn -0.1809 -0.0028 -0.9835
vn -0.9730 -0.1794 0.1452
vn -0.0368 -0.1285 -0.9910
vn -0.9545 -0.0054 -0.2982
vn -0.8123 0.0149 0.5830
vn -0.7273 0.0129 0.6862
vn -0.6232 0.0122 0.7820
vn -0.7701 0.2983 0.5639
vn -0.7179 0.2974 0.6294
vn -0.9452 0.0109 0.3262
vn -0.9456 0.1455 0.2909
vn -0.9923 0.0070 -0.1239
vn -0.7121 0.1831 0.6777
vn -0.5840 0.1193 0.8029
vn -0.4877 0.5610 0.6689
vn -0.7893 -0.5659 -0.2383
vn -0.3289 0.0939 -0.9397
vn -0.0249 0.0995 -0.9947
vn -0.7071 -0.7071 -0.0000
vn -1.0000 -0.0000 -0.0000
vn 0.0558 -0.8930 -0.4465
vn 0.6642 -0.1843 -0.7245
vn -0.0578 -0.9420 -0.3306
vn 0.6593 -0.2611 -0.7050
vn -0.3714 -0.9285 -0.0000
vn -0.1478 0.9711 -0.1875
vn -0.8193 0.3641 0.4430
vn -0.2907 0.9528 -0.0870
vn 0.7537 0.4332 -0.4942
vn -0.0344 0.9738 -0.2246
vn -0.8704 0.3844 0.3075
vn -0.0144 0.0004 -0.9999
vn 0.0248 -0.1255 -0.9918
vn 0.1233 -0.5296 -0.8392
vn 0.1274 -0.6103 -0.7818
vn -0.0003 0.0012 -1.0000
vn 0.0289 0.0017 -0.9996
vn 0.0146 -0.0205 -0.9997
vn 0.0287 -0.0952 -0.9950
vn -0.1603 -0.0177 -0.9869
vn -0.1130 0.2573 -0.9597
vn -0.2473 -0.0047 -0.9689
vn -0.0985 0.0046 -0.9951
vn -0.0095 0.2750 -0.9614
vn -0.0723 0.2830 -0.9564
vn -0.0380 -0.0050 -0.9993
vn -0.0728 -0.0035 -0.9973
vn -0.1568 -0.0029 -0.9876
vn -0.0057 0.0161 -0.9999
vn -0.4046 -0.3616 -0.8400
vn -0.4929 -0.0352 -0.8694
vn -0.4274 -0.6392 -0.6393
vn -0.2235 -0.2545 -0.9409
vn -0.3365 -0.0000 -0.9417
vn -0.0823 -0.9874 0.1351
vn -0.1287 0.9844 0.1202
vn -0.3967 0.1012 -0.9124
vn -0.3746 0.2448 -0.8943
vn -0.2408 0.9552 -0.1723
vn 0.3031 0.2763 0.9120
vn -0.0109 0.9771 0.2126
vn -0.4460 0.2708 -0.8531
vn -0.4291 0.2161 -0.8770
vn 0.3401 0.3332 0.8794
vn 0.3075 0.2826 0.9086
vn 0.0039 -0.0203 -0.9998
vn 0.0108 -0.0570 -0.9983
vn 0.0218 -0.1474 -0.9888
vn 0.0431 -0.2912 -0.9557
vn -0.6000 -0.0080 0.8000
vn -0.2603 0.0067 0.9655
vn -0.5681 0.3220 0.7574
vn -0.2926 -0.1006 0.9509
vn -0.1700 -0.1828 0.9683
vn -0.5539 -0.0103 0.8325
vn 0.4567 0.0014 -0.8896
vn -0.0054 -0.1251 -0.9921
vn -0.1125 0.6152 -0.7803
vn -0.4793 0.8576 0.1865
vn 0.1499 0.7559 -0.6373
vn -0.3841 -0.4940 0.7800
vn -0.2295 -0.9563 -0.1812
vn -0.1153 -0.9676 0.2246
vn -0.3718 -0.1177 -0.9208
vn -0.2495 -0.0274 0.9680
vn -0.1892 -0.3404 0.9210
vn 0.7464 -0.0011 -0.6655
vn 0.8031 0.0784 -0.5907
vn 0.7804 0.0625 -0.6221
vn 0.7146 0.3110 -0.6266
vn 0.7146 0.2966 -0.6335
vn 0.8165 0.0780 -0.5720
vn 0.8300 0.0047 -0.5577
vn 0.8152 -0.0000 -0.5792
vn -0.0012 0.0072 1.0000
vn 0.0065 0.0052 1.0000
vn -0.0137 -0.0003 0.9999
vn 0.0431 -0.1993 0.9790
vn 0.0775 -0.1335 0.9880
vn 0.0294 0.0086 0.9995
vn -0.0142 0.0049 0.9999
vn 0.0294 0.0090 0.9995
vn 0.3844 0.9132 -0.1355
vn -0.4842 0.3731 -0.7914
vn 0.0264 0.8506 -0.5251
vn 0.5810 0.3054 0.7544
vn 0.6009 0.2854 0.7466
vn 0.5425 0.1286 0.8301
vn 0.4713 0.8752 0.1089
vn 0.6108 0.2100 0.7635
vn 0.6224 0.1655 0.7650
vn 0.3854 0.9155 -0.1150
vn 0.5319 0.1970 0.8236
vn -0.8236 -0.0175 -0.5669
vn -0.8156 -0.2336 -0.5294
vn -0.8017 0.0423 -0.5962
vn -0.7859 0.1962 -0.5864
vn -0.8589 0.0010 -0.5121
vn -0.8336 -0.0564 -0.5494
vn -0.8204 -0.0329 -0.5709
vn -0.7980 -0.3463 -0.4933
vn -0.8350 -0.0004 -0.5503
vn -0.8341 0.0006 -0.5517
vn -0.3804 0.9218 -0.0743
vn -0.3426 0.2220 -0.9129
vn -0.2693 0.1880 -0.9445
vn 0.0954 0.2980 0.9498
vn -0.4447 0.8881 -0.1164
vn -0.3567 0.9320 -0.0646
vn 0.0508 0.3749 0.9257
vn 0.1861 -0.9756 0.1169
vn 0.5344 -0.6970 -0.4782
vn -0.1925 -0.6774 0.7100
vn -0.4636 -0.3484 0.8147
vn 0.1517 -0.9709 0.1853
vn 0.0574 -0.9842 0.1678
vn -0.5309 -0.5583 0.6375
vn -0.0031 -0.0157 -0.9999
vn 0.0384 0.2479 -0.9680
vn 0.0189 0.1689 -0.9855
vn 0.0057 -0.0063 -1.0000
vn -0.0059 -0.0069 -1.0000
vn 0.0129 -0.0065 -0.9999
vn -0.0198 -0.0371 -0.9991
vn 0.0183 0.0396 -0.9990
vn 0.0045 -0.0053 -1.0000
vn -0.0364 -0.0778 0.9963
vn -0.1122 -0.4698 0.8756
vn -0.0331 -0.0798 0.9963
vn -0.1195 -0.4897 0.8637
vn -0.0103 0.0038 0.9999
vn -0.0421 -0.0309 0.9986
vn -0.0350 -0.0369 0.9987
vn -0.0844 -0.2947 0.9518
vn -0.0369 0.0041 0.9993
vn 0.0191 0.0017 0.9998
vn 0.1096 0.2127 -0.9710
vn -0.4147 0.6615 -0.6249
vn 0.1092 0.0953 -0.9894
vn 0.5957 0.0997 -0.7970
vn 0.7209 0.0026 -0.6931
vn 0.3531 0.6255 -0.6958
vn 0.1688 -0.0075 -0.9856
vn -0.4516 0.4318 0.7808
vn -0.4768 0.0722 0.8760
vn -0.5071 0.2546 0.8234
vn -0.2642 -0.0123 -0.9644
vn -0.3065 -0.0457 -0.9508
vn -0.3501 -0.0353 -0.9361
vn -0.4000 -0.0107 -0.9164
vn -0.3790 -0.1977 -0.9040
vn -0.3781 -0.1676 -0.9105
vn -0.2559 -0.0272 -0.9663
vn -0.2741 -0.0128 -0.9616
vn -0.0169 0.2393 -0.9708
vn -0.0615 -0.0431 -0.9972
vn 0.0226 0.2515 -0.9676
vn 0.2181 0.9712 0.0963
vn -0.0733 0.2648 -0.9615
vn 0.2530 0.9349 0.2488
vn 0.2155 0.9510 0.2219
vn -0.1146 0.2875 -0.9509
vn -0.1389 0.0815 -0.9869
vn -0.0993 0.0743 -0.9923
vn -0.9003 -0.0238 -0.4346
vn -0.8813 0.0046 -0.4725
vn -0.8764 0.0052 -0.4815
vn -0.8712 0.0366 -0.4895
vn -0.8021 -0.4150 -0.4294
vn -0.8592 -0.2082 -0.4673
vn -0.8632 0.1045 -0.4940
vn 0.6160 0.4553 -0.6428
vn 0.0349 0.1087 -0.9935
vn 0.2483 0.6363 -0.7304
vn 0.4488 0.8917 0.0592
vn 0.8953 0.4451 -0.0198
vn 0.8272 0.2127 -0.5201
vn 0.1304 -0.9782 -0.1613
vn 0.0142 -0.2552 -0.9668
vn 0.1787 -0.9837 0.0182
vn 0.1985 -0.3441 0.9177
vn 0.0458 -0.3958 0.9172
vn 0.0862 -0.9962 0.0127
vn 0.0673 -0.3672 -0.9277
vn 0.3484 -0.0063 -0.9373
vn 0.2385 -0.0360 -0.9705
vn 0.3326 0.2960 -0.8954
vn 0.1995 0.1166 -0.9729
vn 0.3336 -0.0057 -0.9427
vn 0.2995 -0.0058 -0.9541
vn 0.2996 -0.0058 -0.9540
vn 0.3084 -0.0829 -0.9476
vn 0.1695 0.0038 -0.9855
vn 0.2042 -0.0073 -0.9789
vn 0.0122 -0.0017 -0.9999
vn -0.0216 -0.0104 -0.9997
vn -0.0227 -0.0103 -0.9997
vn -0.0218 -0.0104 -0.9997
vn -0.0381 -0.0074 -0.9992
vn -0.0386 -0.0073 -0.9992
vn -0.0423 -0.0068 -0.9991
vn -0.0367 -0.0008 -0.9993
vn 0.0124 -0.0017 -0.9999
vn 0.0106 -0.0109 -0.9999
vn -0.0208 -0.0105 -0.9997
vn -0.1419 0.3744 0.9163
vn -0.0552 0.1049 0.9930
vn -0.0477 0.1479 0.9879
vn -0.0885 0.3870 0.9178
vn -0.1254 0.4122 0.9024
vn -0.0227 0.1111 0.9936
vn -0.1336 0.3968 0.9081
vn -0.2560 0.9236 0.2853
vn 0.3238 0.2570 0.9105
vn 0.4128 -0.2327 0.8806
vn 0.3794 0.1164 0.9179
vn 0.9005 -0.0066 -0.4349
vn 0.4934 0.0283 -0.8693
vn 0.0193 0.0254 -0.9995
vn 0.5910 0.2043 -0.7804
vn 0.9839 0.1056 -0.1443
vn 0.9487 -0.0058 -0.3162
vn -0.1936 -0.3643 -0.9109
vn -0.1717 -0.0522 -0.9838
vn -0.2187 -0.9696 0.1099
vn -0.2333 -0.0595 -0.9706
vn 0.0403 -0.0079 -0.9992
vn 0.0465 -0.0087 -0.9989
vn 0.0813 -0.0075 -0.9967
vn 0.0220 -0.0078 -0.9997
vn 0.0502 -0.0857 -0.9951
vn 0.0023 0.1209 -0.9927
vn 0.0633 -0.0988 -0.9931
vn -0.0164 0.1259 -0.9919
vn 0.0296 -0.0066 -0.9995
vn 0.0631 0.0127 -0.9979
vn 0.0736 0.0328 -0.9967
vn 0.0115 0.2112 -0.9774
vn -0.1105 -0.5984 -0.7936
vn -0.7731 -0.5381 -0.3359
vn -0.7702 0.0460 -0.6362
vn 0.7112 -0.0637 -0.7001
vn 0.7472 -0.4553 -0.4841
vn -0.1346 -0.9837 -0.1189
vn 0.4288 0.3647 -0.8265
vn 0.4061 0.0484 -0.9125
vn 0.4642 -0.0080 -0.8857
vn 0.3870 0.5634 -0.7299
vn 0.0552 0.9979 0.0324
vn 0.1542 0.9855 -0.0704
vn 0.5153 0.2167 -0.8292
vn 0.4141 0.2095 -0.8858
vn 0.4394 0.0528 -0.8968
vn 0.0564 0.9965 0.0619
vn 0.0906 0.9959 -0.0001
vn -0.0295 -0.1408 0.9896
vn -0.0100 -0.0008 0.9999
vn -0.0092 -0.0040 0.9999
vn -0.0157 -0.1710 0.9851
vn -0.1109 -0.7026 0.7029
vn -0.5876 0.7672 0.2573
vn -0.5349 0.8215 0.1976
vn -0.3494 -0.1655 -0.9222
vn -0.3502 -0.1115 -0.9300
vn -0.2473 -0.5229 -0.8157
vn -0.3019 -0.1956 -0.9331
vn -0.2177 -0.4724 -0.8541
vn -0.2204 -0.1280 -0.9670
vn -0.3777 -0.0118 -0.9258
vn -0.3977 -0.0129 -0.9174
vn -0.3976 -0.0129 -0.9175
vn -0.3337 -0.0110 -0.9426
vn -0.2225 -0.5575 -0.7998
vn -0.3416 -0.0115 -0.9398
vn 0.0398 -0.0083 -0.9992
vn 0.0433 0.0009 -0.9991
vn 0.0704 -0.0144 -0.9974
vn 0.1392 0.2809 -0.9496
vn -0.0636 -0.0068 -0.9980
vn -0.0724 -0.0525 -0.9960
vn 0.0661 0.2976 -0.9524
vn 0.0094 -0.0071 -0.9999
vn 0.8264 -0.1687 0.5372
vn 0.8480 -0.1429 0.5103
vn 0.7469 -0.3401 0.5713
vn 0.7904 0.0001 0.6125
vn 0.8043 -0.0007 0.5942
vn 0.8225 -0.0003 0.5687
vn 0.6051 0.0043 0.7962
vn 0.7738 -0.1208 0.6218
vn -0.0297 0.2398 -0.9704
vn -0.0104 0.1211 -0.9926
vn 0.0286 0.0040 0.9996
vn 0.0280 0.0023 0.9996
vn -0.0191 0.0006 0.9998
vn 0.0472 -0.0451 0.9979
vn 0.3016 0.9142 -0.2708
vn 0.2864 0.9332 -0.2170
vn -0.0076 -0.0976 -0.9952
vn -0.1373 -0.6223 -0.7707
vn -0.0050 0.0171 -0.9998
vn -0.1506 -0.8021 -0.5779
vn -0.0319 -0.1929 -0.9807
vn -0.0611 -0.3759 -0.9247
vn -0.0173 -0.3944 -0.9188
vn 0.0154 0.0010 -0.9999
vn 0.0008 0.0019 -1.0000
vn -0.0134 0.0021 -0.9999
vn 0.1550 0.0071 0.9879
vn 0.0769 0.0069 0.9970
vn 0.0541 0.2193 0.9742
vn -0.0592 0.3020 0.9515
vn 0.0266 0.0036 0.9996
vn 0.1448 -0.0128 0.9894
vn 0.0992 0.0044 0.9951
vn 0.1052 -0.6260 0.7727
vn 0.1287 -0.9911 0.0343
vn 0.2320 -0.9705 -0.0654
vn 0.0472 -0.0773 0.9959
vn -0.0000 -0.0632 0.9980
vn 0.0661 -0.5587 0.8267
vn 0.4725 -0.5547 0.6848
vn 0.9238 -0.0100 0.3827
vn 0.9044 -0.0109 0.4266
vn 0.8892 0.2999 0.3456
vn 0.8697 -0.0465 0.4914
vn 0.9226 -0.0176 0.3853
vn 0.8764 -0.0069 0.4815
vn 0.8844 -0.0087 0.4666
vn 0.8490 -0.0071 0.5284
vn 0.8569 -0.0072 0.5155
vn 0.9227 -0.0191 0.3849
vn -0.6180 -0.4617 -0.6363
vn -0.6260 -0.0509 -0.7782
vn -0.7039 -0.0631 -0.7075
vn -0.5537 -0.4658 -0.6902
vn -0.5980 -0.6058 -0.5248
vn -0.3874 -0.0290 -0.9215
vn -0.4280 0.0303 -0.9033
vn -0.4283 0.2641 -0.8642
vn -0.2314 -0.1652 0.9587
vn -0.3835 -0.0978 0.9184
vn -0.1858 -0.4807 0.8570
vn -0.2679 -0.0022 0.9634
vn -0.2114 0.0010 0.9774
vn -0.1045 -0.5515 0.8276
vn -0.3154 -0.0050 0.9490
vn -0.1154 -0.1862 0.9757
vn -0.4806 0.0165 0.8768
vn -0.5951 0.0224 0.8033
vn -0.4479 0.0163 0.8939
vn -0.4870 0.0166 0.8732
vn -0.3523 0.0543 0.9343
vn -0.3423 0.0889 0.9354
vn -0.3857 -0.2230 0.8953
vn -0.3245 0.0303 0.9454
vn -0.3537 0.0084 0.9353
vn -0.3038 0.0050 0.9527
vn -0.3764 0.0929 0.9218
vn -0.3947 -0.4937 0.7749
vn -0.3893 -0.6357 0.6666
vn -0.3952 0.0016 0.9186
vn -0.3817 0.0080 0.9242
vn -0.1380 0.2728 -0.9521
vn -0.5154 0.8405 -0.1672
vn -0.4113 0.9114 -0.0159
vn -0.0317 0.0524 -0.9981
vn -0.2012 0.2715 -0.9412
vn -0.1204 0.3460 -0.9305
vn -0.0054 0.0552 -0.9985
vn 0.1847 -0.9718 0.1466
vn 0.1366 -0.9906 -0.0000
vn -0.0959 -0.3226 -0.9417
vn 0.3110 -0.5103 0.8018
vn 0.1595 -0.9727 0.1687
vn 0.1184 -0.9851 -0.1250
vn 0.3584 -0.4554 0.8150
vn 0.2920 -0.2454 0.9244
vn -0.6372 -0.0841 -0.7661
vn -0.5671 0.1005 -0.8175
vn -0.2199 0.8059 -0.5496
vn 0.2247 0.9024 -0.3678
vn -0.3723 -0.8943 0.2481
vn 0.4980 0.8661 -0.0421
vn 0.7311 -0.6820 0.0182
vn 0.9439 -0.3281 -0.0372
vn 0.5874 -0.5595 0.5848
vn 0.5235 0.0180 0.8518
vn 0.5988 0.0126 0.8008
vn 0.5243 0.0115 0.8514
vn 0.6080 0.0121 0.7938
vn 0.6153 0.0101 0.7882
vn 0.5865 0.0104 0.8099
vn 0.6079 0.0133 0.7939
vn 0.4628 0.0108 0.8864
vn -0.0192 -0.0331 0.9993
vn 0.0532 0.0111 0.9985
vn -0.2015 0.0021 0.9795
vn -0.0163 -0.2942 0.9556
vn -0.0989 -0.0698 0.9927
vn -0.1166 0.0084 0.9931
vn 0.0119 0.1982 -0.9801
vn 0.2309 0.9729 0.0154
vn 0.2868 0.9559 0.0637
vn -0.0391 -0.0747 -0.9964
vn -0.0383 -0.0420 -0.9984
vn 0.0622 0.2596 -0.9637
vn -0.0389 -0.0549 -0.9977
vn 0.0136 0.1574 -0.9874
vn 0.2378 0.9629 0.1273
vn 0.1690 -0.5138 -0.8411
vn 0.2736 -0.1069 -0.9559
vn -0.1090 0.2164 0.9702
vn -0.1220 0.0268 0.9922
vn -0.0616 -0.0181 0.9979
vn 0.0788 -0.3152 -0.9457
vn 0.0830 0.0039 -0.9965
vn -0.6582 -0.0054 -0.7528
vn 0.2862 0.9081 -0.3055
vn 0.0839 0.4495 -0.8893
vn 0.2790 0.9568 0.0815
vn 0.1189 0.2018 0.9722
vn 0.2031 0.1617 -0.9657
vn 0.6747 0.3579 0.6455
vn 0.0051 -0.0382 0.9993
vn 0.0227 -0.3207 0.9469
vn 0.0603 -0.1139 0.9917
vn -0.1125 -0.0460 0.9926
vn -0.2334 0.0021 0.9724
vn -0.2071 -0.4100 0.8883
vn -0.0219 0.0045 0.9998
vn -0.1456 0.0062 0.9893
vn -0.1274 -0.4166 0.9001
vn 0.0137 0.0028 0.9999
vn -0.3989 0.2168 -0.8910
vn -0.2280 -0.0327 -0.9731
vn -0.2781 -0.0468 -0.9594
vn -0.8018 -0.3899 0.4529
vn 0.0058 -0.9949 0.1004
vn -0.0822 -0.9879 0.1314
vn -0.9057 0.0569 0.4201
vn -0.8834 -0.2240 0.4116
vn -0.7971 -0.4304 0.4236
vn -0.8913 0.0751 0.4472
vn -0.9909 0.1288 0.0396
vn -0.8033 0.5909 -0.0739
vn -0.6902 0.3236 -0.6472
vn -0.8538 0.0169 -0.5202
vn -0.5585 0.2071 0.8032
vn -0.8086 0.0165 -0.5881
vn -0.4673 -0.2270 0.8545
vn -0.7808 0.0192 0.6245
vn 0.0921 -0.9358 -0.3403
vn 0.3244 -0.4200 -0.8475
vn -0.1516 -0.9855 0.0758
vn -0.2117 -0.9402 0.2667
vn -0.5140 -0.5567 0.6526
vn -0.1952 -0.9751 0.1056
vn 0.3907 -0.3907 -0.8335
vn -0.9351 -0.0051 0.3544
vn -0.0661 0.0015 0.9978
vn -0.9438 0.0805 0.3205
vn -0.9626 0.2021 0.1804
vn -0.9877 0.0607 -0.1442
vn -0.8754 0.3153 0.3664
vn 0.0911 -0.0078 -0.9958
vn 0.0747 0.0049 -0.9972
vn 0.3180 0.9451 -0.0751
vn 0.0669 0.3953 0.9161
vn 0.0910 0.4398 0.8935
vn 0.3274 0.8848 -0.3316
vn 0.2029 0.4004 -0.8936
vn 0.2510 0.5241 -0.8138
vn 0.3102 0.9397 -0.1439
vn 0.3514 0.8819 -0.3144
vn 0.3292 0.9422 0.0627
vn 0.1867 0.3209 -0.9285
vn 0.0826 -0.9906 0.1090
vn -0.7611 -0.2760 -0.5870
vn -0.0236 -0.5252 -0.8506
vn 0.8785 -0.4721 0.0737
vn 0.8227 -0.1851 0.5374
vn 0.7195 -0.4189 0.5539
vn -0.3871 0.3080 -0.8691
vn -0.3812 0.3634 -0.8501
vn -0.1555 0.9878 -0.0098
vn -0.3816 0.1862 -0.9054
vn -0.3692 0.0055 -0.9293
vn -0.1078 0.9849 0.1352
vn -0.3515 -0.0268 -0.9358
vn 0.1132 -0.9815 0.1542
vn 0.1416 -0.9849 0.0992
vn 0.4307 -0.4759 -0.7668
vn -0.3068 -0.3076 0.9007
vn -0.0047 -0.0000 1.0000
vn 0.0316 0.2011 0.9791
vn -0.0119 -0.0238 0.9996
vn 0.0074 0.0016 1.0000
vn 0.0553 0.2249 0.9728
vn -0.0117 0.0130 0.9998
vn -0.0023 0.0102 0.9999
vn -0.0166 0.0132 0.9998
vn 0.0144 0.0088 0.9999
vn 0.0020 0.0092 1.0000
vn 0.3074 -0.1451 -0.9405
vn 0.3129 -0.1419 -0.9391
vn -0.1635 -0.9610 0.2232
vn 0.2729 -0.0832 -0.9584
vn 0.1419 0.0452 -0.9888
vn 0.1210 -0.9868 0.1075
vn 0.0627 -0.5284 -0.8467
vn 0.1259 -0.9894 -0.0721
vn 0.0730 -0.6016 -0.7955
vn -0.8359 0.2679 -0.4791
vn 0.1720 0.9642 -0.2020
vn -0.8383 0.2698 -0.4738
vn -0.6599 0.4825 -0.5760
vn -0.8507 0.0860 -0.5185
vn -0.3862 -0.6133 -0.6890
vn -0.2271 -0.4405 -0.8685
vn -0.3507 -0.1126 -0.9297
vn -0.1367 -0.9571 -0.2553
vn -0.5075 -0.0711 -0.8587
vn -0.4723 -0.5155 -0.7150
vn -0.1608 -0.9811 -0.1072
vn -0.1011 -0.9860 -0.1324
vn -0.3386 -0.0099 -0.9409
vn -0.3426 -0.0053 -0.9395
vn -0.3421 -0.0103 -0.9396
vn -0.4465 -0.0051 -0.8948
vn -0.6148 -0.2117 0.7597
vn -0.6689 -0.1714 0.7233
vn -0.6312 -0.0258 0.7752
vn -0.3402 -0.4336 0.8344
vn -0.1883 -0.5858 0.7883
vn -0.3992 0.0721 0.9140
vn -0.5660 -0.6039 0.5612
vn 0.2103 -0.9755 -0.0644
vn 0.0003 -0.0007 -1.0000
vn 0.0366 -0.0017 -0.9993
vn 0.0365 -0.0017 -0.9993
vn 0.0016 -0.0020 -1.0000
vn -0.1034 0.1338 -0.9856
vn 0.0075 0.0200 -0.9998
vn -0.2363 0.4939 -0.8368
vn -0.1790 0.4345 -0.8827
vn 0.0109 0.0261 -0.9996
vn 0.0273 -0.0029 -0.9996
vn -0.0116 -0.0012 -0.9999
vn -0.0070 -0.1207 -0.9927
vn 0.0107 -0.0357 -0.9993
vn -0.0053 0.0175 -0.9998
vn -0.0114 0.0015 -0.9999
vn -0.0126 -0.0012 -0.9999
vn -0.4769 0.0972 0.8736
vn -0.4373 -0.0001 0.8993
vn -0.6096 0.0349 0.7919
vn -0.6440 0.4653 0.6072
vn -0.7090 0.6205 0.3351
vn -0.4521 -0.0009 0.8920
vn 0.1189 -0.9928 -0.0111
vn 0.3243 -0.2960 0.8984
vn 0.2368 -0.4435 0.8644
vn -0.0864 -0.4983 -0.8627
vn -0.1055 -0.5855 -0.8038
vn 0.0538 -0.9633 -0.2631
vn -0.0948 -0.7620 -0.6406
vn 0.1382 -0.9902 0.0207
vn 0.3065 -0.6567 0.6891
vn -0.6604 0.2193 -0.7182
vn -0.8068 -0.0266 -0.5902
vn -0.8002 0.1401 -0.5831
vn 0.6002 -0.5479 0.5828
vn 0.5451 -0.5090 0.6662
vn -0.1074 -0.9868 0.1212
vn 0.6713 -0.7093 0.2153
vn 0.8118 -0.0924 0.5766
vn 0.3522 0.0112 0.9359
vn 0.3829 0.0191 0.9236
vn 0.3873 0.0179 0.9218
vn 0.3879 0.0733 0.9188
vn 0.3197 0.3141 0.8940
vn 0.3620 -0.0697 0.9296
vn 0.3504 0.3954 0.8491
vn 0.4285 0.2088 0.8791
vn -0.0002 0.0006 -1.0000
vn 0.1482 -0.5373 -0.8303
vn 0.0135 -0.0510 -0.9986
vn 0.3562 0.8386 -0.4122
vn 0.2428 0.2684 -0.9322
vn 0.2813 0.1994 -0.9387
vn 0.3449 0.9371 -0.0529
vn -0.0569 0.3528 0.9340
vn 0.3782 0.9022 -0.2074
vn -0.0752 0.3778 0.9228
vn 0.3703 0.9108 -0.1827
vn -0.0646 0.3766 0.9241
vn 0.2604 0.2427 -0.9345
vn -0.2331 -0.9317 0.2786
vn -0.2143 -0.9214 0.3242
vn -0.2386 -0.9128 0.3314
vn -0.2378 -0.9540 0.1828
vn -0.1924 -0.7474 -0.6359
vn -0.0642 -0.2352 -0.9698
vn -0.0764 0.0100 0.9970
vn -0.2863 0.0368 0.9574
vn -0.2081 0.0377 0.9774
vn -0.3408 0.3261 0.8818
vn -0.3203 0.0026 0.9473
vn -0.3287 0.0268 0.9441
vn -0.1957 0.0018 0.9807
vn 0.4599 -0.4865 0.7428
vn 0.4210 -0.4687 0.7766
vn 0.1366 -0.9886 0.0638
vn 0.4697 -0.0837 0.8789
vn 0.4481 -0.0640 0.8917
vn 0.1777 -0.9726 0.1496
vn 0.5571 -0.7427 0.3715
vn 0.7489 -0.6537 0.1089
vn 0.6338 -0.2716 -0.7243
vn -0.1463 -0.0058 -0.9892
vn -0.0873 -0.0050 -0.9962
vn -0.1368 -0.0038 -0.9906
vn -0.1145 0.0006 -0.9934
vn -0.0846 -0.0000 -0.9964
vn -0.0730 -0.0019 -0.9973
vn -0.1189 0.0005 -0.9929
vn -0.2343 -0.0078 -0.9721
vn -0.1576 0.0006 -0.9875
vn -0.1745 -0.0076 -0.9846
vn -0.6198 0.7848 -0.0000
vn -0.6912 0.7168 -0.0922
vn -0.4077 0.4395 0.8004
vn -0.0499 0.9927 0.1098
vn -0.1775 0.6422 -0.7457
vn 0.4041 -0.3633 -0.8395
vn 0.1294 -0.9914 -0.0178
vn 0.1133 -0.9891 0.0944
vn 0.4433 -0.5704 -0.6915
vn 0.4693 -0.0020 -0.8830
vn 0.3485 0.0778 -0.9341
vn 0.2496 -0.2742 -0.9287
vn -0.3607 0.4066 0.8394
vn -0.3319 0.3393 0.8802
vn 0.0762 0.9970 0.0132
vn -0.0415 0.0831 -0.9957
vn -0.8089 0.0130 -0.5878
vn -0.8086 0.0130 -0.5883
vn -0.2415 0.0028 -0.9704
vn -0.9292 0.0154 -0.3693
vn -0.9999 0.0115 -0.0066
vn 0.0014 -0.0029 -1.0000
vn 0.0802 0.1624 -0.9835
vn -0.3130 0.1289 0.9410
vn 0.1862 0.0067 0.9825
vn 0.1802 0.0065 0.9836
vn 0.1526 0.0917 0.9840
vn 0.1976 0.1102 0.9741
vn 0.1580 0.0067 0.9874
vn -0.0710 -0.0052 -0.9975
vn 0.3096 -0.6488 0.6951
vn 0.4513 -0.1773 0.8746
vn -0.1491 -0.9856 -0.0801
vn 0.4860 -0.0087 0.8739
vn -0.1936 -0.9614 -0.1957
vn -0.2667 -0.9323 -0.2441
vn 0.9581 0.2661 -0.1063
vn 0.8210 0.4174 -0.3896
vn 0.9470 0.3157 -0.0602
vn 0.1328 -0.0047 -0.9911
vn -0.3231 -0.0058 -0.9463
vn -0.3987 -0.0060 -0.9171
vn 0.9984 0.0107 0.0548
vn 0.0628 -0.0093 -0.9980
vn -0.2972 -0.1274 -0.9463
vn 0.6796 0.0123 0.7335
vn 0.9616 0.1523 0.2285
vn -0.0211 -0.0073 -0.9998
vn -0.0000 -0.0000 -1.0000
vn 0.1991 -0.0058 -0.9800
vn -0.0440 -0.0731 -0.9964
vn 0.1899 0.0490 -0.9806
vn 0.2571 -0.0023 -0.9664
vn 0.5111 0.1968 -0.8367
vn 0.4620 -0.0351 -0.8862
vn 0.2684 0.3222 -0.9078
vn 0.3520 0.9319 0.0880
vn 0.4844 0.1829 -0.8555
vn 0.4519 -0.0712 -0.8892
vn -0.1413 -0.9780 0.1535
vn -0.3156 -0.3258 0.8912
vn -0.2008 -0.9415 0.2707
vn -0.1196 -0.9787 0.1668
vn -0.1285 -0.9869 -0.0979
vn 0.0744 -0.4902 -0.8684
vn -0.0417 -0.0063 -0.9991
vn 0.0122 -0.0049 -0.9999
vn -0.0063 -0.0023 -1.0000
vn 0.0881 -0.0200 -0.9959
vn -0.0632 0.3402 -0.9382
vn -0.0994 0.3311 -0.9383
vn -0.0704 0.0024 -0.9975
vn -0.0022 -0.0049 -1.0000
vn 0.5948 -0.0328 0.8032
vn 0.6010 -0.6103 0.5160
vn 0.7429 -0.1403 0.6546
vn 0.4851 -0.1219 0.8659
vn 0.5118 -0.5609 0.6507
vn 0.5742 0.0159 0.8186
vn 0.7404 0.6599 -0.1278
vn 0.2545 0.2295 -0.9394
vn 0.2769 0.3741 -0.8851
vn 0.6097 0.3134 0.7280
vn 0.9276 0.3696 -0.0543
vn 0.6311 0.7728 -0.0670
vn -0.4017 -0.2344 -0.8853
vn -0.3942 0.0131 -0.9189
vn -0.3850 -0.5501 -0.7410
vn -0.3425 -0.6639 -0.6648
vn -0.0922 -0.9803 0.1745
vn -0.1032 -0.9935 0.0472
vn -0.3813 -0.0236 -0.9241
vn -0.0507 0.1955 0.9794
vn -0.0060 0.0075 1.0000
vn -0.0373 0.1556 0.9871
vn -0.0505 0.2002 0.9785
vn -0.2235 0.9734 -0.0510
vn 0.1459 -0.6270 -0.7652
vn 0.2968 -0.9525 0.0682
vn -0.0251 -0.4276 -0.9036
vn -0.3754 0.0144 0.9267
vn -0.3750 0.0142 0.9269
vn -0.3787 0.0149 0.9254
vn -0.4494 0.0182 0.8932
vn -0.4498 0.0128 0.8930
vn -0.3818 0.0056 0.9242
vn -0.3724 0.0055 0.9280
vn -0.3738 0.0140 0.9274
vn -0.1961 -0.9806 -0.0000
vn -0.1450 -0.5684 0.8099
vn -0.2377 -0.9708 -0.0330
vn -0.1321 -0.5625 0.8162
vn -0.0325 -0.0919 0.9952
vn 0.8453 0.0056 -0.5342
vn 0.8866 0.0063 -0.4625
vn 0.8865 0.0857 -0.4548
vn -0.1871 -0.4167 -0.8896
vn 0.6312 -0.6570 0.4121
vn -0.2877 -0.0242 -0.9574
vn 0.0871 -0.1355 -0.9869
vn 0.2593 0.9291 -0.2636
vn 0.1012 0.3124 -0.9445
vn 0.2683 0.3966 0.8779
vn 0.2432 0.9537 -0.1770
vn 0.2742 0.8944 -0.3533
vn 0.1581 0.2793 0.9471
vn 0.4743 -0.0154 0.8802
vn 0.5712 0.0008 0.8208
vn 0.6964 -0.0019 0.7177
vn 0.5280 0.0023 0.8492
vn 0.4219 -0.0092 0.9066
vn 0.7501 -0.0042 0.6613
vn 0.6612 -0.0200 0.7500
vn 0.5974 -0.0126 0.8019
vn 0.6606 -0.0122 0.7506
vn 0.4232 0.0029 0.9060
vn 0.3059 0.7478 0.5892
vn 0.2820 0.7029 0.6530
vn 0.3792 0.9243 0.0443
vn 0.4090 0.9124 0.0146
vn 0.1604 0.3583 0.9197
vn 0.0952 -0.7515 -0.6528
vn 0.1406 -0.9493 -0.2813
vn 0.0757 -0.8514 -0.5190
vn 0.0878 -0.9879 -0.1277
vn -0.0553 -0.6674 0.7426
vn -0.0312 -0.1302 -0.9910
vn 0.2486 -0.1016 -0.9633
vn 0.3762 0.2910 -0.8796
vn 0.2176 -0.1028 -0.9706
vn 0.3338 -0.0066 -0.9426
vn 0.3480 -0.0072 -0.9375
vn 0.2685 -0.1268 -0.9549
vn 0.2708 -0.1047 -0.9569
vn 0.2496 -0.1224 -0.9606
vn 0.2867 -0.0064 -0.9580
vn 0.2823 -0.0950 -0.9546
vn 0.3774 -0.1087 -0.9196
vn 0.2652 -0.5065 -0.8205
vn 0.3698 -0.1207 -0.9212
vn 0.3909 0.0059 -0.9204
vn 0.3405 -0.2542 -0.9052
vn 0.4052 -0.0055 -0.9142
vn 0.3890 -0.0053 -0.9212
vn 0.4051 -0.0055 -0.9143
vn 0.2064 -0.6519 -0.7297
vn 0.4223 -0.0057 -0.9064
vn 0.0220 0.0038 0.9997
vn -0.0388 0.0540 0.9978
vn -0.1906 0.3976 0.8975
vn -0.1701 0.3224 0.9312
vn -0.0394 0.0626 0.9973
vn -0.0414 0.0920 0.9949
vn -0.0000 -0.9762 0.2168
vn 0.0096 -0.9701 -0.2425
vn 0.0061 -0.9710 -0.2391
vn 0.0538 -0.0973 -0.9938
vn -0.0027 -0.3625 0.9320
vn -0.0181 -0.8942 0.4472
vn -0.0000 -0.2708 0.9626
vn -0.8400 0.0044 -0.5426
vn -0.8244 -0.0267 -0.5654
vn -0.8166 0.1450 -0.5587
vn -0.1464 -0.3009 -0.9423
vn -0.0787 -0.0000 -0.9969
vn -0.0654 -0.0000 -0.9979
vn -0.0374 -0.0660 -0.9971
vn -0.1891 -0.5816 -0.7912
vn -0.2818 -0.9582 -0.0495
vn -0.2865 -0.9004 -0.3274
vn -0.2354 -0.9711 0.0393
vn -0.2377 -0.9713 -0.0026
vn -0.2540 -0.9671 0.0127
vn 0.1716 0.0358 0.9845
vn 0.1805 0.0598 0.9818
vn 0.1821 0.0078 0.9832
vn 0.0060 0.4188 0.9081
vn 0.1697 0.0538 0.9840
vn 0.9397 -0.0114 -0.3418
vn 0.8986 -0.0065 -0.4387
vn 0.9314 -0.0083 -0.3638
vn 0.9372 0.0083 -0.3488
vn 0.9091 0.0090 -0.4164
vn 0.9493 0.0065 -0.3142
vn 0.9046 0.0036 -0.4262
vn 0.9053 -0.0102 -0.4247
vn 0.8928 0.0079 -0.4503
vn -0.4325 0.3516 0.8303
vn -0.4587 0.0632 0.8863
vn -0.4155 0.0374 0.9088
vn -0.0804 0.9516 0.2967
vn -0.3090 0.4938 0.8128
vn 0.0052 -0.0033 -1.0000
vn 0.0179 -0.0066 -0.9998
vn -0.5569 0.7362 -0.3845
vn -0.2967 0.4783 0.8266
vn -0.0427 -0.0003 0.9991
vn -0.0391 -0.0005 0.9992
vn -0.0507 -0.0560 0.9971
vn -0.0501 -0.0108 0.9987
vn 0.2006 0.3907 -0.8984
vn 0.3460 0.7765 -0.5267
vn 0.1329 0.0101 -0.9911
vn 0.0796 0.0217 -0.9966
vn 0.1322 0.0209 -0.9910
vn -0.2192 -0.4475 -0.8670
vn -0.0590 -0.1276 -0.9901
vn -0.0388 0.0009 -0.9992
vn -0.0218 0.0008 -0.9998
vn -0.1676 -0.5980 -0.7838
vn 0.3635 0.0065 0.9316
vn 0.3609 0.0213 0.9324
vn 0.3654 0.0513 0.9294
vn 0.3654 0.0512 0.9294
vn 0.3454 0.0066 0.9384
vn 0.2883 0.0082 0.9575
vn 0.1560 0.5323 0.8321
vn 0.3085 0.1544 0.9386
vn 0.3697 0.0068 0.9291
vn 0.6293 -0.5803 -0.5170
vn 0.0886 -0.9947 0.0514
vn 0.3575 -0.9261 -0.1202
vn 0.7690 -0.0511 -0.6372
vn 0.7818 -0.3363 -0.5251
vn 0.8048 -0.0497 -0.5915
vn 0.7327 0.0341 -0.6797
vn 0.7818 -0.0191 -0.6233
vn -0.3224 0.3634 0.8740
vn 0.1583 0.9873 -0.0116
vn -0.3136 0.4054 0.8586
vn -0.3649 0.1681 0.9157
vn -0.3761 0.0413 0.9257
vn 0.0949 -0.4863 -0.8686
vn -0.1660 -0.9682 -0.1871
vn -0.1852 -0.9813 0.0529
vn 0.2031 -0.1279 -0.9708
vn 0.1833 -0.1318 -0.9742
vn 0.1609 -0.1587 -0.9741
vn -0.1713 -0.9473 -0.2706
vn -0.1425 -0.9517 -0.2719
vn 0.0463 -0.5599 -0.8273
vn 0.1773 0.4597 -0.8702
vn 0.3877 0.0355 -0.9211
vn 0.5960 0.0123 0.8029
vn 0.9389 -0.2864 0.1909
vn 0.6902 -0.5586 -0.4600
vn 0.6471 0.0380 -0.7614
vn 0.9996 0.0283 -0.0041
vn 0.6540 0.0153 -0.7563
vn 0.8793 -0.1832 0.4397
vn 0.3838 0.4308 0.8167
vn 0.4575 0.4041 0.7921
vn 0.3473 0.3949 0.8505
vn 0.2912 0.0328 0.9561
vn 0.2070 0.0396 0.9775
vn 0.0316 -0.0964 0.9948
vn 0.2125 0.1350 0.9678
vn 0.1842 0.0863 0.9791
vn 0.2705 0.1206 0.9551
vn 0.1516 0.2857 0.9462
vn 0.2569 0.0061 0.9664
vn 0.2286 0.0064 0.9735
vn 0.2136 0.0061 0.9769
vn 0.2134 0.0061 0.9769
vn 0.3044 0.0077 0.9525
vn -0.7054 -0.3671 0.6064
vn 0.5507 -0.0447 -0.8335
vn 0.7780 -0.1033 -0.6198
vn 0.4041 -0.0171 -0.9146
vn 0.6927 -0.0121 -0.7211
vn 0.4712 -0.0124 -0.8819
vn -0.5765 -0.0044 -0.8171
vn -0.3498 -0.0060 -0.9368
vn -0.4468 -0.0430 -0.8936
vn 0.2791 0.0797 -0.9570
vn -0.8531 0.0618 0.5181
vn -0.8509 0.2864 0.4404
vn -0.7979 0.0004 0.6029
vn -0.8064 -0.0000 0.5914
vn -0.9042 0.2005 0.3771
vn -0.9393 0.0587 0.3381
vn -0.8653 -0.0009 0.5013
vn 0.2227 0.2809 0.9335
vn 0.2973 0.1671 0.9401
vn -0.0216 0.0007 -0.9998
vn -0.0244 -0.0001 -0.9997
vn -0.0005 -0.0006 -1.0000
vn -0.0000 -0.0006 -1.0000
vn 0.0117 0.0392 -0.9992
vn 0.1639 0.3251 -0.9314
vn 0.1952 0.3102 -0.9304
vn 0.0272 0.0879 -0.9958
vn 0.0282 0.0498 -0.9984
vn 0.0064 0.0684 -0.9976
vn 0.8936 -0.0224 0.4484
vn 0.8884 -0.2047 0.4109
vn 0.9154 -0.1045 0.3887
vn 0.8951 -0.0019 0.4458
vn 0.9463 -0.0009 0.3233
vn 0.9151 -0.0028 0.4033
vn 0.8864 -0.0110 0.4628
vn 0.8786 0.0323 0.4765
vn 0.8768 -0.0029 0.4808
vn 0.3014 0.5841 0.7536
vn 0.5345 0.2673 0.8018
vn 0.7867 0.4419 0.4311
vn 0.0526 0.0263 0.9983
vn 0.0270 -0.0674 0.9974
vn -0.0559 0.8011 0.5960
vn 0.1106 -0.3749 0.9204
vn 0.0533 -0.0631 0.9966
vn 0.1329 -0.3946 0.9092
vn 0.0150 -0.0721 0.9973
vn 0.2641 -0.9607 0.0856
vn 0.2613 -0.9652 0.0069
vn 0.0986 -0.4235 0.9005
vn -0.1555 0.2383 0.9587
vn -0.1092 0.2595 0.9595
vn 0.1271 0.9381 0.3223
vn -0.8822 0.0305 -0.4698
vn -0.4022 0.0073 0.9155
vn -0.1599 0.0067 0.9871
vn -0.1480 0.0393 0.9882
vn -0.1491 0.8313 0.5354
vn 0.1307 0.2949 -0.9465
vn -0.4315 -0.0813 0.8985
vn -0.5241 -0.3276 0.7861
vn -0.4379 -0.3607 0.8235
vn -0.7035 -0.0000 0.7107
vn -0.3318 0.0092 0.9433
vn -0.3374 -0.0104 0.9413
vn -0.2519 0.9376 -0.2399
vn -0.2842 0.9556 -0.0776
vn 0.3871 -0.1503 0.9097
vn 0.1652 -0.9797 -0.1139
vn 0.4198 -0.0114 0.9076
vn 0.3343 -0.1115 0.9358
vn -0.6109 -0.0038 -0.7917
vn -0.5387 -0.0057 -0.8425
vn -0.4932 -0.0080 -0.8699
vn -0.5725 0.0211 -0.8196
vn -0.4326 0.0995 -0.8961
vn -0.4030 0.4045 -0.8210
vn -0.6769 0.0557 -0.7340
vn -0.4764 0.5948 -0.6475
vn -0.7418 0.0787 -0.6659
vn -0.5063 0.3916 -0.7683
vn -0.7461 -0.0013 -0.6659
vn -0.6796 -0.0007 -0.7336
vn -0.1384 -0.2954 -0.9453
vn -0.0759 -0.4175 -0.9055
vn -0.0812 0.0382 -0.9960
vn -0.1965 -0.6041 -0.7723
vn -0.1198 -0.9878 -0.0994
vn -0.1192 0.0315 -0.9924
vn -0.3433 0.9178 -0.1996
vn -0.2036 0.3691 -0.9068
vn -0.0821 0.1466 -0.9858
vn -0.7579 -0.0163 0.6522
vn -0.7019 -0.0139 0.7122
vn -0.8289 -0.0169 0.5591
vn -0.6744 -0.0027 0.7384
vn -0.6113 -0.0036 0.7914
vn -0.5753 -0.0030 0.8179
vn -0.6071 -0.0123 0.7945
vn -0.8865 -0.0157 0.4624
vn -0.6359 0.7610 0.1286
vn -0.5533 0.6722 -0.4919
vn -0.6402 0.7429 0.1955
vn -0.4161 0.5229 0.7439
vn -0.5841 0.6922 -0.4239
vn -0.6305 0.7093 -0.3152
vn -0.3804 0.4271 -0.8203
vn -0.1803 0.2253 0.9575
vn -0.3318 0.3940 -0.8571
vn -0.8005 -0.5988 -0.0269
vn -0.7066 0.0372 0.7066
vn -0.9463 0.0401 -0.3208
vn -0.2911 -0.5018 0.8145
vn -0.2487 0.9561 -0.1547
vn -0.5487 0.8197 0.1645
vn -0.2073 0.9515 -0.2272
vn -0.9961 -0.0497 -0.0722
vn -0.9772 -0.0940 0.1905
vn -0.9486 0.2600 0.1803
vn -0.7700 -0.1551 0.6189
vn 0.2256 -0.9588 0.1727
vn -0.8726 0.3036 0.3827
vn -0.8815 0.2167 0.4196
vn -0.1992 -0.3908 -0.8987
vn -0.2647 -0.0142 -0.9642
vn 0.2307 0.9703 -0.0733
vn 0.1326 0.4014 0.9062
vn 0.2526 0.9349 -0.2492
vn 0.3050 0.9478 -0.0932
vn 0.2548 0.9602 0.1147
vn 0.0172 0.3897 0.9208
vn 0.2494 0.9634 0.0978
vn 0.3588 0.8186 -0.4485
vn -0.7030 0.0017 -0.7112
vn -0.5858 0.0006 -0.8104
vn -0.7146 0.0025 -0.6995
vn -0.5886 -0.0484 -0.8070
vn 0.1727 0.4946 -0.8518
vn 0.5675 0.7976 -0.2045
vn 0.1138 0.2919 -0.9496
vn 0.1431 -0.9677 -0.2074
vn -0.0258 -0.5124 0.8583
vn 0.2811 -0.1234 -0.9517
vn 0.3717 0.3385 -0.8644
vn 0.3002 -0.0831 -0.9502
vn 0.2602 -0.0087 -0.9655
vn 0.2583 -0.0085 -0.9660
vn 0.2775 -0.0086 -0.9607
vn 0.3073 -0.0094 -0.9516
vn 0.3217 -0.0107 -0.9468
vn 0.3289 0.2456 -0.9119
vn 0.2799 -0.1278 -0.9515
vn -0.0516 0.0075 -0.9986
vn -0.0508 -0.0031 -0.9987
vn 0.0851 0.0792 0.9932
vn -0.0439 0.4402 0.8968
vn -0.0289 0.4733 0.8804
vn 0.1095 0.0068 0.9940
vn 0.4089 -0.5717 0.7113
vn 0.0448 -0.9921 -0.1173
vn 0.3648 -0.5491 0.7519
vn 0.3853 -0.4827 0.7865
vn 0.1305 -0.9905 -0.0435
vn 0.3961 -0.1583 0.9045
vn 0.3866 -0.1354 0.9122
vn 0.0704 -0.9972 -0.0250
vn -0.9030 0.0042 -0.4297
vn -0.9456 -0.0037 -0.3252
vn -0.9357 -0.0404 -0.3504
vn 0.2295 0.0918 -0.9690
vn -0.7784 0.0056 -0.6277
vn 0.0151 -0.0830 0.9964
vn 0.4063 0.0165 0.9136
vn 0.3984 0.0153 0.9171
vn 0.3956 0.0166 0.9183
vn 0.3895 0.0286 0.9206
vn 0.3536 0.0142 0.9353
vn 0.3592 0.0151 0.9331
vn 0.3590 0.0149 0.9332
vn 0.3542 0.0076 0.9351
vn 0.5935 -0.0178 -0.8046
vn 0.5342 -0.5733 -0.6213
vn 0.1099 -0.1523 -0.9822
vn 0.5700 0.0034 -0.8217
vn -0.1012 -0.0073 -0.9948
vn 0.4960 0.0061 -0.8683
vn 0.1904 0.0014 -0.9817
vn 0.1889 0.0014 -0.9820
vn 0.1665 0.9843 0.0592
vn 0.0648 0.9934 0.0947
vn 0.1269 0.9918 0.0132
vn -0.3023 0.3032 0.9037
vn 0.1122 0.9934 -0.0233
vn -0.3114 0.2682 0.9117
vn -0.3212 0.2407 0.9159
vn -0.0236 -0.9837 -0.1782
vn -0.0927 -0.9940 -0.0574
vn -0.3515 -0.5646 0.7467
vn -0.4430 0.3266 0.8349
vn -0.5275 0.3031 0.7937
vn -0.3964 -0.0061 0.9180
vn -0.2784 0.2057 0.9382
vn -0.2571 0.9471 -0.1922
vn -0.2769 0.0073 0.9609
vn -0.2473 0.9628 -0.1087
vn 0.2195 -0.9286 0.2992
vn 0.2045 -0.9462 0.2508
vn 0.0671 -0.2602 -0.9632
vn 0.3795 -0.0317 0.9246
vn 0.4899 0.2652 0.8305
vn 0.4578 0.2842 0.8424
vn 0.3142 0.0029 0.9494
vn 0.2388 -0.0643 0.9689
vn 0.4181 0.0349 0.9077
vn -0.7562 -0.3757 -0.5357
vn -0.7647 -0.1020 -0.6363
vn -0.7950 -0.1204 -0.5945
vn -0.6761 -0.5814 -0.4527
vn -0.8286 -0.3202 -0.4593
vn -0.0902 -0.9946 0.0506
vn 0.0384 0.0047 0.9992
vn 0.0984 0.0055 0.9951
vn 0.1209 0.0062 0.9926
vn 0.1240 0.0062 0.9923
vn 0.1239 0.0062 0.9923
vn 0.0364 -0.0572 0.9977
vn 0.1187 -0.0890 0.9889
vn 0.2015 0.3239 0.9244
vn 0.0076 -0.0611 0.9981
vn 0.1122 -0.0059 -0.9937
vn 0.0348 -0.0151 -0.9993
vn -0.0132 -0.1289 -0.9916
vn 0.0518 -0.5375 -0.8417
vn 0.0978 -0.0065 -0.9952
vn 0.0976 -0.4243 -0.9002
vn 0.1035 0.0826 -0.9912
vn -0.0357 -0.0066 -0.9993
vn 0.6152 0.7825 -0.0956
vn 0.3442 0.4480 -0.8251
vn 0.0877 0.1275 -0.9879
vn -0.1866 -0.2234 0.9567
vn -0.1668 -0.9646 0.2045
vn -0.1313 -0.0633 0.9893
vn -0.1116 0.0931 0.9894
vn -0.1678 0.0786 0.9827
vn -0.2627 -0.2104 0.9417
vn -0.1689 -0.9609 -0.2196
vn 0.6904 0.1962 -0.6963
vn -0.2065 0.9107 -0.3577
vn 0.6444 0.0292 -0.7641
vn 0.1296 0.2923 -0.9475
vn 0.4042 -0.0255 0.9143
vn 0.3086 0.0044 0.9512
vn 0.4217 -0.4544 0.7846
vn 0.3802 0.0095 0.9249
vn 0.3963 0.0111 0.9181
vn 0.4186 -0.3949 0.8178
vn -0.2623 0.2762 -0.9246
vn -0.4314 -0.0416 -0.9012
vn -0.3688 -0.0426 -0.9285
vn 0.2559 0.8787 -0.4030
vn -0.1753 0.5186 -0.8368
vn 0.3001 0.8763 -0.3769
vn -0.1688 0.3192 -0.9325
vn 0.1111 -0.0079 -0.9938
vn 0.0755 -0.0999 -0.9921
vn 0.0400 -0.3973 -0.9168
vn 0.1113 -0.1262 -0.9857
vn -0.0087 -0.5845 -0.8113
vn 0.0057 -0.0539 -0.9985
vn -0.0398 -0.0356 -0.9986
vn -0.0138 -0.2196 -0.9755
vn 0.7878 -0.5407 -0.2951
vn 0.1531 -0.9881 -0.0115
vn 0.8969 -0.1848 -0.4018
vn 0.7481 -0.5742 -0.3327
vn 0.7865 -0.5840 -0.2009
vn 0.9287 -0.1664 -0.3313
vn -0.8044 0.2285 0.5484
vn -0.0525 0.2168 -0.9748
vn -0.1050 0.0420 -0.9936
vn -0.1737 0.2389 0.9554
vn -0.1729 0.6655 0.7261
vn -0.1522 0.0995 0.9833
vn -0.1138 -0.9833 -0.1419
vn -0.6239 -0.5916 0.5106
vn -0.5113 -0.8568 0.0674
vn -0.7372 -0.0787 0.6711
vn -0.8602 -0.0341 0.5088
vn -0.5686 -0.0106 0.8225
vn -0.6248 -0.1011 0.7742
vn -0.7391 0.3344 0.5847
vn -0.2242 -0.0955 -0.9699
vn -0.2244 -0.0954 -0.9698
vn -0.2269 -0.0946 -0.9693
vn -0.2287 -0.0078 -0.9735
vn -0.2338 -0.0080 -0.9722
vn -0.2217 -0.0964 -0.9703
vn -0.2781 -0.0082 -0.9605
vn -0.2314 -0.1880 -0.9545
vn -0.0123 0.0099 -0.9999
vn 0.1934 0.3172 -0.9284
vn 0.1311 0.0343 -0.9908
vn 0.3035 0.9448 -0.1234
vn -0.4973 0.0076 -0.8675
vn -0.4724 -0.0075 -0.8814
vn -0.4711 0.0055 -0.8821
vn -0.6311 0.0071 -0.7757
vn -0.6455 0.0044 -0.7637
vn -0.6086 0.0051 -0.7935
vn 0.2925 0.3315 0.8970
vn 0.5902 0.6717 0.4478
vn 0.0696 0.0679 0.9953
vn 0.5705 0.8206 -0.0345
vn -0.0235 -0.5840 0.8114
vn 0.1264 -0.9919 0.0137
vn -0.0000 -0.5037 0.8639
vn -0.0961 -0.6251 0.7746
vn -0.2946 0.0143 0.9555
vn -0.0810 -0.6228 0.7782
vn -0.1062 0.0031 0.9943
vn -0.1843 -0.0000 0.9829
vn 0.0866 -0.9958 0.0297
vn 0.1642 -0.9853 0.0465
vn 0.3078 -0.0139 -0.9513
vn -0.0238 0.0003 -0.9997
vn -0.0235 0.0004 -0.9997
vn 0.0989 -0.0031 -0.9951
vn -0.4644 0.2276 -0.8559
vn 0.5905 -0.0218 -0.8067
vn 0.0437 -0.5030 -0.8632
vn 0.1520 -0.0084 -0.9883
vn -0.0229 -0.8050 -0.5928
vn -0.1351 -0.9800 -0.1459
vn -0.0139 0.0581 -0.9982
vn -0.1185 0.3014 -0.9461
vn -0.1428 0.4704 -0.8708
vn -0.0246 0.0653 -0.9976
vn -0.0221 0.0794 -0.9966
vn 0.0890 -0.9959 0.0170
vn 0.0385 -0.2664 0.9631
vn 0.1004 -0.9516 0.2906
vn 0.0825 -0.9463 0.3125
vn 0.0182 -0.1544 0.9878
vn 0.0191 -0.1546 0.9878
vn 0.0735 -0.8768 -0.4752
vn 0.0543 -0.9959 -0.0724
vn 0.1008 -0.9942 -0.0366
vn 0.0995 -0.9950 -0.0000
vn -0.9302 -0.0757 -0.3592
vn -0.9469 -0.0041 -0.3214
vn -0.8630 -0.0079 -0.5052
vn -0.9414 -0.0039 -0.3372
vn -0.9301 -0.0062 -0.3672
vn -0.2476 -0.5554 0.7939
vn -0.0119 0.0376 0.9992
vn 0.2610 0.0069 0.9653
vn 0.2719 0.0626 0.9603
vn 0.2513 0.1042 0.9623
vn 0.2379 -0.0136 0.9712
vn -0.7183 0.0025 0.6957
vn -0.7248 -0.1059 0.6807
vn -0.5563 -0.5650 0.6094
vn 0.1619 0.9819 0.0985
vn -0.3427 0.1437 -0.9284
vn 0.2484 -0.0452 -0.9676
vn -0.2716 -0.0522 -0.9610
vn -0.1794 0.0071 -0.9838
vn -0.9997 0.0234 -0.0000
vn -0.2617 0.9280 -0.2650
vn 0.1592 0.3005 -0.9404
vn 0.1384 0.2810 -0.9497
vn -0.0750 0.8269 -0.5573
vn -0.2895 0.8091 0.5114
vn 0.4415 -0.1971 0.8754
vn -0.3009 -0.0014 -0.9537
vn -0.2919 0.0892 -0.9523
vn -0.3164 -0.0006 -0.9486
vn -0.5173 0.0018 -0.8558
vn 0.0038 -0.9955 0.0952
vn 0.2324 -0.9592 0.1611
vn 0.7582 -0.4124 0.5051
vn -0.1225 -0.9925 -0.0044
vn -0.2629 -0.9631 -0.0578
vn 0.7469 0.0149 -0.6647
vn 0.1224 0.0050 -0.9925
vn -0.5095 -0.0126 -0.8604
vn -0.4746 -0.0117 -0.8801
vn 0.9998 0.0173 0.0043
vn 0.1339 -0.7867 -0.6026
vn 0.1607 -0.1525 -0.9751
vn -0.0000 -0.8944 0.4472
vn -0.0279 -0.8941 0.4470
vn 0.0292 -0.8940 0.4470
vn 0.1762 -0.1086 -0.9784
vn 0.1494 -0.0267 -0.9884
vn 0.1468 -0.0529 -0.9878
vn 0.2281 0.1744 -0.9579
vn -0.0205 -0.8630 0.5048
vn -0.0902 -0.9955 0.0280
vn -0.0312 -0.9623 0.2703
vn 0.0514 -0.0943 0.9942
vn -0.0455 -0.9178 0.3944
vn 0.3226 -0.0169 -0.9464
vn 0.2719 -0.0482 -0.9611
vn 0.3604 0.0064 0.9328
vn 0.3746 -0.1159 0.9199
vn 0.3567 0.0064 0.9342
vn 0.3717 0.0076 0.9283
vn 0.3810 -0.0951 0.9197
vn 0.3861 -0.3991 0.8317
vn 0.4667 0.8843 0.0126
vn 0.4788 0.8660 -0.1441
vn 0.1623 0.4022 -0.9010
vn 0.3871 0.9217 0.0256
vn 0.1893 -0.0346 0.9813
vn 0.0887 -0.3324 0.9390
vn 0.1686 0.0180 0.9855
vn 0.1799 0.0040 0.9837
vn 0.1967 0.0032 0.9805
vn 0.0970 0.0054 0.9953
vn 0.2063 0.4655 0.8607
vn 0.2995 0.0421 0.9532
vn 0.2864 0.0380 0.9574
vn 0.3993 -0.0123 -0.9167
vn 0.3970 0.0272 -0.9174
vn 0.4287 -0.0144 -0.9033
vn 0.4350 -0.0142 -0.9003
vn -0.0533 -0.0495 -0.9974
vn 0.0298 -0.0072 -0.9995
vn -0.0003 -0.0013 -1.0000
vn 0.0071 0.0336 -0.9994
vn -0.0006 -0.0028 -1.0000
vn -0.3004 0.8315 -0.4674
vn 0.3463 0.3622 -0.8654
vn -0.1965 0.8598 -0.4714
vn -0.5992 0.7890 -0.1356
vn 0.3664 0.2588 -0.8937
vn -0.2282 -0.0624 -0.9716
vn -0.1483 0.0768 -0.9860
vn -0.1855 0.1144 -0.9760
vn -0.0423 0.0869 -0.9953
vn -0.7735 0.0062 -0.6337
vn -0.5435 0.0041 -0.8394
vn 0.3787 -0.8473 0.3724
vn -0.7447 -0.4258 -0.5139
vn -0.5260 -0.8384 -0.1429
vn -0.3771 -0.9188 -0.1166
vn -0.0247 -0.0110 -0.9996
vn -0.0198 -0.0089 -0.9998
vn -0.0379 -0.0136 -0.9992
vn 0.0026 0.0650 -0.9979
vn -0.0192 0.1145 -0.9932
vn -0.0071 -0.0063 -1.0000
vn -0.0151 0.2762 -0.9610
vn -0.0217 -0.0326 -0.9992
vn 0.0225 -0.0945 -0.9953
vn -0.0633 0.2122 -0.9752
vn -0.0263 -0.0132 -0.9996
vn 0.7845 -0.0063 -0.6202
vn 0.7849 0.0002 -0.6196
vn 0.4848 -0.0017 -0.8746
vn 0.4860 -0.0138 -0.8738
vn -0.0809 0.4028 0.9117
vn 0.4417 0.8962 -0.0420
vn 0.5369 0.8437 -0.0000
vn -0.2332 0.0935 0.9679
vn -0.0603 0.3786 0.9236
vn -0.2099 0.1986 0.9573
vn -0.2323 0.2167 0.9482
vn -0.3079 0.0200 0.9512
vn 0.2897 0.9059 0.3090
vn -0.3045 0.1407 0.9421
vn -0.0422 -0.0148 0.9990
vn -0.1565 0.0188 0.9875
vn 0.1181 0.0033 0.9930
vn 0.1916 0.0081 0.9814
vn -0.0422 0.0034 0.9991
vn 0.1281 -0.0560 0.9902
vn -0.5282 -0.4533 -0.7180
vn -0.5228 -0.0392 -0.8515
vn 0.1479 -0.9755 -0.1631
vn 0.1577 -0.9859 0.0565
vn -0.3136 -0.6272 -0.7129
vn 0.1206 0.9887 -0.0889
vn 0.7202 0.3376 0.6061
vn 0.2395 0.9657 -0.1003
vn 0.3125 0.9465 0.0811
vn 0.3441 0.9363 0.0700
vn 0.5992 -0.0500 0.7990
vn 0.0704 0.0323 0.9970
vn -0.0077 -0.0177 0.9998
vn -0.0339 -0.4951 0.8682
vn 0.0212 -0.4665 0.8843
vn 0.0511 0.0025 0.9987
vn 0.1222 0.0046 0.9925
vn 0.1759 0.0021 0.9844
vn 0.1334 0.0351 0.9904
vn 0.2448 0.4770 -0.8441
vn -0.0629 -0.0022 -0.9980
vn 0.0160 -0.0017 -0.9999
vn 0.4222 0.3431 -0.8391
vn -0.1444 -0.9883 -0.0491
vn -0.1532 -0.9731 -0.1720
vn -0.1003 -0.9899 -0.1006
vn -0.9147 0.2733 -0.2976
vn -0.0699 0.9383 -0.3387
vn -0.0473 -0.0028 0.9989
vn -0.0405 0.0040 0.9992
vn -0.0430 -0.0004 0.9991
vn -0.0364 -0.0310 0.9989
vn -0.0424 -0.0531 0.9977
vn -0.0482 -0.0004 0.9988
vn -0.0475 -0.0004 0.9989
vn 0.2881 0.9301 -0.2279
vn 0.2168 0.4156 0.8834
vn 0.2150 0.4271 0.8782
vn 0.3024 0.9399 -0.1584
vn 0.1241 0.4241 0.8971
vn 0.7405 -0.4186 -0.5258
vn -0.0426 -0.7702 -0.6364
vn 0.3511 -0.0056 -0.9363
vn 0.9970 -0.0100 0.0769
vn 0.8370 -0.0088 0.5472
vn 0.8371 -0.0088 0.5470
vn -0.1792 -0.2965 -0.9381
vn 0.9989 -0.0098 0.0456
vn -0.6493 0.2999 -0.6989
vn -0.1988 0.9744 -0.1045
vn -0.0084 0.9996 0.0268
vn -0.6138 -0.0358 -0.7887
vn -0.5794 0.1524 -0.8007
vn -0.6458 0.4283 -0.6321
vn -0.7118 -0.0570 -0.7000
vn 0.0565 -0.0808 0.9951
vn 0.2449 -0.5155 0.8212
vn 0.4251 -0.9051 0.0049
vn -0.3947 0.0079 0.9188
vn -0.4263 0.0244 0.9043
vn -0.4060 0.0232 0.9136
vn -0.3994 0.0080 0.9167
vn -0.4279 0.0119 0.9037
vn -0.3945 0.0214 0.9186
vn -0.4303 0.0062 0.9027
vn -0.4163 0.0055 0.9092
vn -0.3501 0.0052 0.9367
vn 0.0089 -0.0635 -0.9979
vn -0.0113 -0.0045 -0.9999
vn -0.0070 -0.1224 -0.9925
vn 0.0119 0.0001 -0.9999
vn 0.1355 0.9018 -0.4103
vn 0.3283 0.9283 -0.1744
vn 0.1361 -0.3675 0.9200
vn -0.0917 -0.9939 -0.0612
vn 0.1469 -0.0412 0.9883
vn -0.2327 -0.0070 -0.9725
vn -0.2245 -0.0066 -0.9745
vn -0.2794 -0.0072 -0.9601
vn -0.1829 -0.0064 -0.9831
vn -0.1892 -0.0168 -0.9818
vn -0.2457 -0.0643 -0.9672
vn -0.2046 0.2201 -0.9538
vn -0.1786 -0.0366 -0.9832
vn 0.8679 0.0005 -0.4967
vn 0.8942 0.0062 -0.4477
vn 0.8763 0.0031 -0.4817
vn 0.8549 -0.0002 -0.5188
vn 0.8706 0.0148 -0.4917
vn 0.7981 -0.3582 -0.4845
vn 0.7710 -0.5316 -0.3506
vn 0.8332 0.0007 -0.5530
vn 0.9004 0.0514 -0.4321
vn 0.8028 -0.0261 -0.5956
vn -0.4874 0.5409 -0.6855
vn -0.1886 0.3395 0.9215
vn -0.4481 0.8933 0.0352
vn -0.5355 -0.4156 -0.7352
vn -0.2272 -0.8925 0.3896
vn -0.2018 -0.9584 0.2018
vn -0.2116 -0.9470 0.2418
vn -0.0388 -0.2455 0.9686
vn -0.0052 -0.0637 0.9980
vn -0.1717 0.9526 -0.2511
vn -0.9759 0.1964 0.0947
vn -0.7371 0.6684 -0.0994
vn -0.9785 0.0477 0.2007
vn 0.0513 0.0016 -0.9987
vn 0.0509 0.0016 -0.9987
vn 0.0382 0.0011 -0.9993
vn 0.0258 -0.0007 -0.9997
vn -0.0850 -0.0067 -0.9964
vn -0.0848 -0.0067 -0.9964
vn -0.2124 0.2710 -0.9389
vn -0.2051 -0.0754 -0.9758
vn -0.1158 -0.3587 -0.9263
vn -0.2126 0.3271 -0.9208
vn 0.0679 0.0022 -0.9977
vn -0.0778 0.0013 -0.9970
vn -0.0491 0.7755 -0.6295
vn -0.1645 0.9837 -0.0720
vn 0.2546 -0.5541 -0.7925
vn 0.0295 -0.1261 -0.9916
vn 0.4133 -0.0111 -0.9105
vn 0.3872 -0.0108 -0.9219
vn 0.3916 -0.0127 -0.9201
vn 0.3752 -0.0111 -0.9269
vn 0.3962 -0.0134 -0.9181
vn 0.4075 -0.0148 -0.9131
vn 0.3872 -0.0101 -0.9219
vn 0.3995 -0.0122 -0.9166
vn 0.2077 -0.3669 -0.9068
vn 0.3415 -0.0014 -0.9399
vn -0.2253 0.9575 -0.1799
vn -0.2649 0.9634 -0.0403
vn 0.3949 -0.4979 0.7721
vn 0.1058 -0.9942 0.0173
vn 0.4147 -0.0528 0.9084
vn -0.5767 0.5468 -0.6070
vn -0.7753 0.1839 -0.6042
vn 0.3519 0.9349 -0.0472
vn -0.0368 -0.6096 -0.7919
vn -0.0047 -0.3513 -0.9362
vn 0.0394 -0.0296 -0.9988
vn 0.3741 -0.3414 -0.8623
vn 0.3202 -0.1246 -0.9391
vn 0.5987 -0.7867 0.1503
vn -0.1421 -0.9883 0.0555
vn -0.1732 -0.9836 0.0495
vn 0.1206 -0.8804 0.4586
vn -0.3646 0.0029 -0.9312
vn -0.4261 0.0124 -0.9046
vn -0.3373 -0.0000 -0.9414
vn -0.5525 -0.1695 0.8161
vn -0.3421 -0.5990 0.7240
vn -0.5171 -0.0032 0.8559
vn -0.5001 -0.0019 0.8660
vn -0.3680 0.0249 0.9295
vn -0.0424 -0.9756 -0.2154
vn 0.3332 -0.3194 -0.8871
vn -0.0172 0.0016 0.9999
vn 0.0328 0.0024 0.9995
vn -0.0362 0.1021 0.9941
vn -0.8376 0.0009 -0.5463
vn -0.8298 0.0031 -0.5581
vn -0.8441 -0.0351 -0.5351
vn -0.7675 0.2110 -0.6053
vn -0.8538 -0.0330 -0.5195
vn -0.7940 0.0001 -0.6079
vn -0.9880 0.1347 -0.0754
vn -0.9988 0.0456 0.0173
vn 0.0586 -0.9665 -0.2497
vn 0.3740 0.0217 0.9272
vn 0.4068 0.0253 0.9132
vn 0.4034 -0.0303 0.9145
vn 0.3329 0.3309 0.8830
vn 0.3363 0.3056 0.8908
vn 0.4077 0.0216 0.9128
vn 0.3781 0.0177 0.9256
vn 0.3850 0.0187 0.9227
vn 0.3853 -0.0013 0.9228
vn 0.1044 -0.0291 0.9941
vn 0.0698 0.0057 0.9975
vn 0.1153 0.3591 0.9262
vn 0.1804 0.9836 -0.0000
vn -0.1738 -0.9848 -0.0000
vn -0.2711 -0.1178 0.9553
vn -0.2075 -0.9782 -0.0000
vn -0.2522 -0.0291 0.9672
vn -0.2620 0.0038 0.9651
vn -0.1209 0.1022 0.9874
vn -0.2629 0.0438 0.9638
vn -0.3562 0.4075 0.8409
vn -0.3520 -0.0075 0.9360
vn 0.4771 -0.0526 0.8773
vn 0.8701 -0.0000 0.4928
vn -0.6550 0.2344 -0.7184
vn -0.7033 -0.0643 -0.7080
vn 0.1977 0.9489 -0.2459
vn -0.1141 -0.0040 -0.9935
vn -0.0281 0.0312 -0.9991
vn -0.0596 -0.1255 -0.9903
vn 0.0524 0.0312 -0.9981
vn -0.1715 -0.0135 -0.9851
vn -0.1145 -0.0039 -0.9934
vn 0.0470 -0.0064 -0.9989
vn 0.0526 0.0303 -0.9982
vn 0.1929 -0.0306 -0.9807
vn -0.0587 0.1281 0.9900
vn -0.2279 0.4479 0.8645
vn -0.1499 0.4087 0.9003
vn -0.0003 0.0006 1.0000
vn -0.1269 0.1871 0.9741
vn 0.0138 0.0009 0.9999
vn -0.0370 0.0977 0.9945
vn 0.0307 0.0007 0.9995
vn -0.7689 -0.5357 0.3491
vn -0.0513 0.2422 -0.9689
vn -0.2425 0.0014 -0.9701
vn -0.0625 -0.0007 -0.9980
vn -0.8862 -0.4347 0.1605
vn -0.8244 -0.1520 0.5452
vn -0.9422 -0.0000 0.3350
vn -0.5893 0.3336 0.7358
vn -0.2685 0.9515 -0.1500
vn -0.6950 0.3321 0.6377
vn -0.5603 -0.0234 0.8280
vn -0.4684 0.0106 0.8835
vn -0.2372 0.9703 -0.0475
vn 0.1899 -0.9692 0.1567
vn 0.2372 -0.9698 0.0575
vn 0.1095 -0.4971 0.8608
vn 0.1216 -0.6115 -0.7818
vn 0.0900 -0.4160 0.9049
vn 0.0817 -0.4429 0.8928
vn 0.3724 0.9183 -0.1347
vn -0.1721 0.3234 -0.9305
vn 0.2961 0.9494 -0.1045
vn -0.1677 -0.9818 -0.0888
vn -0.0375 -0.9865 0.1594
vn 0.4146 -0.5849 0.6971
vn -0.1094 -0.9873 0.1150
vn 0.2834 -0.5409 0.7919
vn 0.2383 -0.5525 0.7987
vn -0.5970 -0.2848 -0.7500
vn -0.6213 -0.5083 -0.5963
vn -0.5544 -0.0140 -0.8321
vn -0.5122 -0.0047 -0.8589
vn -0.6415 -0.0159 -0.7670
vn -0.5116 -0.0094 -0.8592
vn -0.5204 -0.0101 -0.8539
vn -0.5800 -0.0103 -0.8146
vn -0.0743 -0.4729 -0.8780
vn 0.1318 -0.9750 -0.1791
vn 0.1478 -0.9823 -0.1148
vn -0.1702 -0.0661 -0.9832
vn -0.0123 -0.0511 -0.9986
vn -0.0511 0.0023 0.9987
vn -0.0608 0.0025 0.9981
vn 0.1304 0.3103 0.9416
vn 0.1751 0.5438 0.8208
vn 0.2591 0.5977 0.7587
vn 0.0501 0.1538 0.9868
vn 0.1908 0.3776 0.9061
vn 0.0809 -0.1001 -0.9917
vn 0.0976 -0.2787 -0.9554
vn 0.0906 0.0774 -0.9929
vn 0.1206 0.0710 -0.9902
vn -0.0474 0.1177 0.9919
vn -0.0140 -0.0015 0.9999
vn -0.0264 -0.0023 0.9996
vn 0.0125 -0.0010 0.9999
vn -0.0117 0.0020 0.9999
vn -0.0009 0.0051 1.0000
vn 0.5946 0.7608 0.2600
vn -0.4754 -0.0542 -0.8781
vn 0.3353 0.1024 0.9365
vn 0.2149 0.2395 0.9468
vn 0.3667 0.0092 0.9303
vn 0.3255 0.0077 0.9455
vn 0.3978 -0.0147 -0.9174
vn 0.3833 -0.0143 -0.9235
vn 0.3943 -0.0147 -0.9189
vn 0.3777 -0.1146 -0.9188
vn 0.3786 -0.0005 -0.9256
vn 0.4047 0.1918 -0.8941
vn 0.4357 0.3623 -0.8240
vn 0.3847 -0.0667 -0.9206
vn -0.1875 -0.9794 0.0750
vn -0.1928 -0.9221 0.3354
vn -0.2167 -0.9064 -0.3626
vn -0.2166 -0.9064 -0.3626
vn -0.2642 -0.8955 -0.3582
vn -0.1699 -0.9150 -0.3660
vn 0.8565 0.2712 -0.4392
vn 0.5692 0.7049 -0.4232
vn 0.9097 0.0685 -0.4095
vn -0.3127 -0.4581 -0.8321
vn -0.0388 0.0701 0.9968
vn 0.8548 -0.0010 0.5189
vn 0.8561 -0.0018 0.5168
vn 0.8657 -0.0027 0.5005
vn 0.8765 -0.0031 0.4813
vn 0.8430 0.0080 0.5378
vn 0.8848 0.0079 0.4658
vn 0.8808 0.0065 0.4734
vn 0.8663 -0.0013 0.4996
vn 0.6421 0.7431 0.1886
vn 0.6071 0.7709 0.1927
vn 0.0624 0.0156 -0.9979
vn 0.1650 -0.0052 -0.9863
vn 0.2204 -0.0048 -0.9754
vn 0.2407 -0.0056 -0.9706
vn -0.3208 -0.0316 0.9466
vn -0.2500 0.0071 0.9682
vn -0.3267 0.0114 0.9451
vn -0.3706 -0.3157 0.8735
vn -0.2929 0.0108 0.9561
vn -0.3382 0.0074 0.9410
vn -0.3730 0.0085 0.9278
vn -0.3426 -0.0376 0.9387
vn -0.4994 -0.0403 0.8654
vn -0.6019 0.3449 0.7203
vn -0.3094 0.0016 0.9509
vn -0.3225 0.0305 0.9461
vn -0.2875 0.0118 0.9577
vn -0.4475 0.3672 0.8154
vn -0.2949 0.0042 0.9555
vn -0.3322 0.0019 0.9432
vn -0.2953 0.0042 0.9554
vn -0.1802 0.0111 0.9836
vn 0.2226 0.1080 0.9689
vn 0.2815 -0.0783 0.9564
vn 0.1843 -0.9680 -0.1704
vn 0.2820 -0.0845 0.9557
vn 0.2408 0.1204 0.9631
vn 0.9921 -0.0032 0.1254
vn 0.7064 -0.0081 -0.7077
vn 0.9976 -0.0040 0.0686
vn 0.7071 -0.0081 -0.7071
vn 0.1074 -0.0074 -0.9942
vn 0.2746 -0.0092 -0.9615
vn -0.1001 -0.9837 0.1494
vn -0.1073 -0.9923 -0.0611
vn -0.1023 -0.4079 0.9073
vn -0.1209 -0.9903 -0.0680
vn -0.0929 -0.3591 -0.9287
vn -0.0986 -0.2373 0.9664
vn -0.0887 0.1996 0.9758
vn -0.2784 0.9560 0.0928
vn -0.0177 -0.0296 0.9994
vn -0.0499 0.2071 0.9770
vn -0.0038 -0.0227 0.9997
vn -0.0387 0.1936 0.9803
vn -0.1874 0.9466 0.2624
vn -0.1969 0.9482 -0.2494
vn -0.0076 -0.0454 0.9989
vn 0.9949 -0.1012 0.0032
vn 0.7228 -0.3845 -0.5741
vn 0.8658 -0.1970 -0.4600
vn 0.9999 -0.0055 0.0094
vn 0.9565 -0.1269 0.2627
vn 0.7576 -0.6470 0.0866
vn 0.9522 -0.0031 0.3055
vn 0.9364 -0.0059 0.3510
vn -0.1240 0.0048 0.9923
vn -0.9136 0.0239 0.4060
vn -0.0070 -0.1961 0.9806
vn -0.1665 0.0063 0.9860
vn -0.2596 0.9483 -0.1825
vn -0.6561 -0.0499 0.7530
vn -0.0245 -0.3423 -0.9393
vn -0.0725 -0.4045 -0.9116
vn 0.1280 0.0617 0.9899
vn 0.1885 0.4656 0.8647
vn 0.2180 0.6261 0.7486
vn 0.0717 0.0039 0.9974
vn 0.0361 0.0059 0.9993
vn 0.0210 0.0072 0.9998
vn 0.1325 0.0303 0.9907
vn 0.0497 0.0994 0.9938
vn 0.0920 0.1943 0.9766
vn 0.0415 0.0311 0.9987
vn 0.2019 -0.6669 0.7173
vn 0.4772 0.0588 0.8768
vn 0.8417 0.4910 -0.2245
vn 0.5183 0.0046 -0.8552
vn 0.4510 -0.0003 -0.8925
vn 0.3589 0.0857 -0.9294
vn 0.1713 -0.0268 -0.9849
vn 0.4021 0.0310 -0.9151
vn 0.5090 0.0250 -0.8604
vn -0.0490 0.0032 0.9988
vn -0.0487 0.0032 0.9988
vn 0.0503 0.0003 0.9987
vn 0.0089 -0.0281 0.9996
vn -0.1507 0.0061 0.9886
vn 0.2139 -0.3427 -0.9148
vn 0.3158 -0.2460 -0.9164
vn 0.3001 -0.1500 -0.9420
vn -0.1986 -0.9782 -0.0602
vn 0.3178 -0.0035 -0.9481
vn 0.3340 -0.0403 -0.9417
vn 0.3303 0.0278 -0.9435
vn 0.2665 -0.0054 -0.9638
vn 0.3029 -0.0045 -0.9530
vn 0.4385 0.0308 -0.8982
vn 0.1503 0.5122 -0.8456
vn 0.4423 -0.0008 -0.8969
vn 0.4722 0.0263 -0.8811
vn 0.0287 -0.9850 -0.1700
vn 0.7003 -0.5882 0.4045
vn -0.1260 0.9762 -0.1763
vn -0.0406 0.1555 0.9870
vn -0.2527 0.9366 0.2427
vn -0.0249 0.0995 0.9947
vn -0.2383 -0.8622 -0.4471
vn -0.2637 0.4618 0.8469
vn -0.3514 0.0968 0.9312
vn -0.3410 0.0950 0.9353
vn -0.3363 0.0730 0.9389
vn 0.2169 0.9321 -0.2901
vn -0.4826 -0.8737 -0.0609
vn -0.2177 -0.9639 -0.1533
vn 0.2989 0.4531 -0.8399
vn -0.3512 -0.0099 -0.9363
vn -0.3321 -0.0513 -0.9419
vn -0.3182 -0.2569 -0.9125
vn -0.4053 0.0626 -0.9120
vn -0.2408 -0.1205 -0.9631
vn -0.4103 -0.0070 -0.9119
vn -0.3107 -0.4661 -0.8284
vn -0.4892 -0.0138 -0.8720
vn -0.0213 0.0576 0.9981
vn 0.0042 0.0610 0.9981
vn 0.1002 0.0318 0.9945
vn 0.7392 -0.1578 0.6548
vn 0.5872 -0.0948 0.8039
vn 0.4858 -0.6046 0.6312
vn 0.7305 -0.0019 0.6829
vn 0.8248 -0.0029 0.5654
vn 0.8110 -0.0011 0.5850
vn 0.7515 0.3180 0.5781
vn 0.5691 -0.0683 0.8194
vn 0.9749 0.2225 -0.0000
vn 0.0956 -0.9697 -0.2248
vn 0.2809 -0.2431 0.9284
vn 0.1439 -0.2669 0.9529
vn 0.1338 -0.0064 -0.9910
vn 0.1474 0.0369 -0.9884
vn 0.1889 -0.0061 -0.9820
vn 0.3591 -0.1637 -0.9188
vn 0.4015 -0.1703 -0.8999
vn 0.4053 -0.1956 -0.8930
vn 0.3902 -0.1899 -0.9009
vn 0.3903 -0.1899 -0.9009
vn 0.3598 -0.0125 -0.9329
vn 0.4448 -0.0138 -0.8955
vn 0.3449 -0.0116 -0.9386
vn -0.3380 0.9250 -0.1736
vn -0.2392 0.5582 0.7945
vn 0.0004 -0.0008 1.0000
vn 0.0177 0.0017 0.9998
vn 0.0243 -0.0909 0.9956
vn 0.6757 0.7082 0.2048
vn 0.3536 0.9188 -0.1756
vn 0.3826 0.9142 -0.1339
vn 0.6372 0.0987 0.7644
vn 0.8109 0.0669 0.5814
vn 0.8088 0.0737 0.5835
vn 0.8277 0.0720 0.5566
vn 0.6944 0.6825 0.2281
vn 0.6536 0.7305 0.1980
vn -0.4069 -0.8774 -0.2541
vn -0.4372 -0.8570 -0.2726
vn -0.3175 -0.9355 0.1552
vn -0.4207 -0.0151 -0.9071
vn -0.3502 -0.0046 -0.9367
vn -0.3479 -0.0161 -0.9374
vn -0.3711 -0.0114 -0.9285
vn 0.1145 -0.9909 0.0702
vn 0.1180 -0.9927 0.0236
vn -0.7198 -0.2229 0.6575
vn 0.0244 0.2194 -0.9753
vn 0.0773 0.9770 -0.1987
vn 0.1842 0.9485 0.2578
vn -0.0175 0.0414 -0.9990
vn -0.3980 -0.3749 0.8373
vn -0.1712 -0.9765 -0.1308
vn -0.2242 -0.9728 0.0586
vn -0.3581 -0.1030 0.9280
vn -0.3107 0.0228 0.9502
vn -0.3447 -0.2095 0.9150
vn -0.2743 0.1740 0.9458
vn -0.2582 -0.9660 -0.0108
vn -0.9491 0.0866 -0.3029
vn -0.1817 0.0953 -0.9787
vn -0.7354 -0.0069 -0.6775
vn 0.2678 0.0987 0.9584
vn 0.1429 0.0640 0.9877
vn 0.3746 -0.4898 0.7872
vn 0.1145 -0.0080 -0.9934
vn 0.1154 -0.0051 -0.9933
vn -0.8531 0.0009 -0.5217
vn -0.2729 -0.0044 -0.9620
vn 0.0853 -0.0038 -0.9963
vn -0.7949 0.0004 -0.6068
vn -0.8904 -0.0370 -0.4537
vn -0.4720 -0.7763 -0.4177
vn -0.7801 -0.5170 -0.3522
vn -0.9304 0.0910 -0.3550
vn -0.9394 0.0016 -0.3428
vn -0.2802 -0.1627 -0.9461
vn 0.3413 0.0469 0.9388
vn 0.3968 0.0854 0.9139
vn 0.3189 0.1298 0.9389
vn 0.3770 0.0126 0.9261
vn 0.2297 0.2122 0.9499
vn 0.2965 0.0090 0.9550
vn 0.3836 -0.0248 -0.9232
vn 0.3148 -0.0112 -0.9491
vn -0.0090 0.0018 -1.0000
vn -0.0017 -0.0092 -1.0000
vn -0.0091 -0.0088 -0.9999
vn -0.0159 -0.0078 -0.9998
vn 0.2557 -0.0543 -0.9652
vn 0.1725 -0.0060 -0.9850
vn 0.0268 -0.3434 -0.9388
vn 0.1040 -0.7629 -0.6381
vn 0.3894 0.9210 -0.0133
vn 0.4454 0.8918 -0.0797
vn 0.4455 0.8917 -0.0800
vn 0.4456 0.8916 -0.0802
vn 0.8552 0.3219 0.4062
vn 0.3820 0.9191 -0.0968
vn -0.4438 0.0180 -0.8960
vn -0.8967 -0.0052 0.4425
vn -0.9138 -0.0110 0.4060
vn -0.9103 -0.0064 0.4139
vn -0.8757 0.0024 0.4829
vn -0.8806 0.0028 0.4739
vn -0.8893 0.0019 0.4574
vn -0.8830 0.0004 0.4693
vn 0.0780 0.1226 -0.9894
vn 0.0100 0.0995 -0.9950
vn -0.4531 0.4751 -0.7543
vn -0.1103 0.0989 -0.9890
vn -0.3018 0.8584 -0.4148
vn -0.0070 0.2672 -0.9636
vn 0.0350 0.2964 -0.9544
vn -0.2838 0.9278 -0.2423
vn -0.2835 0.9084 -0.3072
vn -0.3642 0.4360 0.8230
vn -0.3303 0.9002 -0.2836
vn -0.3191 0.4502 0.8339
vn 0.0921 0.2874 -0.9534
vn -0.3761 0.9247 0.0590
vn 0.0124 -0.9333 -0.3590
vn 0.0926 -0.9951 -0.0337
vn 0.0782 -0.9948 -0.0658
vn 0.0782 -0.9948 -0.0659
vn -0.3320 -0.0037 -0.9433
vn -0.4847 -0.0950 -0.8695
vn -0.5343 -0.0941 -0.8401
vn -0.4483 -0.0026 -0.8939
vn -0.3340 -0.0036 -0.9426
vn 0.1561 -0.0009 0.9877
vn 0.0572 0.0009 0.9984
vn 0.0950 -0.0816 0.9921
vn 0.5906 -0.1716 0.7885
vn 0.0327 -0.0069 -0.9994
vn 0.9987 0.0516 -0.0000
vn 0.0326 -0.0069 -0.9994
vn 0.0327 -0.0023 -0.9995
vn 0.2107 0.0052 -0.9775
vn -0.0290 -0.0101 -0.9995
vn -0.0157 -0.0065 -0.9999
vn -0.0040 -0.0045 -1.0000
vn 0.0294 0.0001 0.9996
vn -0.0113 -0.0009 0.9999
vn -0.1238 -0.4960 -0.8594
vn -0.1289 -0.5278 -0.8395
vn 0.0116 0.0508 -0.9986
vn 0.0238 0.0406 -0.9989
vn 0.8430 0.3076 -0.4414
vn 0.8562 0.1433 -0.4963
vn 0.8044 0.2075 -0.5566
vn 0.6205 0.4286 -0.6567
vn 0.7321 0.2249 -0.6429
vn -0.0271 0.9507 -0.3090
vn -0.2212 0.9611 -0.1654
vn -0.1407 0.9707 -0.1946
vn -0.3722 -0.3710 -0.8508
vn -0.3931 -0.5001 -0.7717
vn -0.4537 -0.0206 -0.8909
vn -0.1947 0.3755 -0.9061
vn -0.1914 0.0916 -0.9772
vn -0.0647 0.3245 -0.9437
vn 0.1619 0.9270 -0.3382
vn -0.0880 -0.9953 0.0391
vn 0.0158 0.0442 -0.9989
vn 0.1423 -0.9880 0.0602
vn 0.1829 -0.9819 -0.0494
vn -0.7200 -0.4476 0.5303
vn 0.1044 -0.9936 0.0432
vn -0.6226 0.0107 0.7825
vn -0.8625 0.0085 0.5061
vn -0.9403 0.0161 0.3401
vn -0.5751 0.0121 0.8180
vn 0.0385 -0.0065 0.9992
vn 0.0407 -0.0055 0.9992
vn -0.1998 0.9647 -0.1714
vn -0.1129 -0.9806 0.1604
vn 0.4753 -0.3419 0.8107
vn -0.6847 -0.3614 -0.6329
vn 0.3541 -0.4196 0.8358
vn -0.2024 -0.9677 0.1504
vn -0.5997 -0.3177 -0.7345
vn 0.2938 0.3303 0.8970
vn 0.2817 0.0106 0.9594
vn 0.6678 -0.4692 -0.5779
vn -0.0273 -0.7648 -0.6437
vn 0.8290 -0.0783 -0.5537
vn 0.3240 -0.3147 -0.8922
vn 0.5764 0.7860 -0.2235
vn 0.5650 0.8029 -0.1903
vn 0.5060 0.8241 -0.2545
vn 0.1766 -0.0085 -0.9843
vn 0.2611 -0.0046 -0.9653
vn 0.3534 -0.0059 -0.9354
vn 0.3864 0.0082 -0.9223
vn 0.4670 -0.0962 0.8790
vn 0.7219 0.3152 0.6160
vn 0.7028 -0.0405 0.7102
vn 0.7849 0.3027 0.5406
vn 0.7144 0.2213 0.6638
vn 0.6222 -0.0946 0.7771
vn 0.1478 -0.0075 -0.9890
vn 0.0087 -0.0037 -1.0000
vn 0.1477 -0.0075 -0.9890
vn 0.3596 -0.0131 -0.9330
vn 0.6431 -0.2503 -0.7237
vn 0.6963 -0.3826 -0.6073
vn 0.6846 -0.0163 -0.7287
vn 0.0049 -0.9809 0.1947
vn 0.6401 -0.0800 -0.7641
vn 0.3494 0.8984 -0.2662
vn 0.0351 0.9989 0.0324
vn 0.5589 0.4827 -0.6743
vn 0.7914 -0.1005 -0.6030
vn -0.3045 -0.8975 0.3191
vn -0.0576 -0.0370 -0.9977
vn -0.3016 0.1883 -0.9346
vn -0.0332 0.0449 -0.9984
vn -0.9351 0.0591 -0.3494
vn -0.9266 0.0439 -0.3734
vn -0.1014 -0.0016 -0.9948
vn -0.9367 -0.0058 -0.3500
vn 0.0135 -0.0077 -0.9999
vn 0.0116 -0.0077 -0.9999
vn 0.0099 -0.0009 -1.0000
vn 0.0231 0.0791 0.9966
vn 0.1659 0.4361 0.8845
vn 0.0389 0.0933 0.9949
vn 0.1503 0.8505 0.5041
vn -0.0598 0.9884 0.1396
vn -0.4391 0.6653 -0.6038
vn 0.4080 0.5113 0.7563
vn 0.3439 0.4594 0.8189
vn 0.1471 -0.3980 -0.9055
vn 0.1874 -0.9818 0.0307
vn 0.2567 -0.9115 -0.3212
vn 0.0590 -0.0443 -0.9973
vn 0.0520 -0.1800 -0.9823
vn 0.2151 -0.9293 -0.3002
vn 0.1376 -0.0162 -0.9904
vn 0.1429 -0.0009 -0.9897
vn 0.2190 0.0114 -0.9756
vn -0.2935 0.0066 0.9559
vn 0.0168 -0.0456 0.9988
vn 0.0129 0.0018 0.9999
vn -0.0006 0.0018 1.0000
vn 0.0156 -0.0468 0.9988
vn -0.0205 0.0004 0.9998
vn 0.0186 -0.0345 0.9992
vn 0.7591 -0.0447 0.6494
vn 0.7653 0.0119 0.6436
vn 0.7624 -0.0009 0.6471
vn 0.7100 0.0006 0.7042
vn 0.7561 -0.0031 0.6544
vn -0.3759 -0.0092 -0.9266
vn -0.3278 -0.0110 -0.9447
vn -0.3757 -0.0133 -0.9267
vn -0.2750 -0.0039 -0.9614
vn 0.8771 -0.1738 -0.4478
vn 0.6960 -0.6092 -0.3800
vn -0.2506 0.5745 -0.7792
vn -0.1025 -0.4868 0.8675
vn -0.1646 -0.9818 -0.0948
vn -0.9206 -0.0546 0.3868
vn -0.9255 -0.0205 0.3781
vn 0.0033 -0.0961 -0.9954
vn -0.0028 -0.1023 -0.9948
vn 0.1486 -0.6451 -0.7495
vn -0.0084 0.0097 -0.9999
vn -0.0156 -0.0002 -0.9999
vn -0.5898 -0.0983 -0.8015
vn -0.6459 -0.0254 -0.7630
vn -0.6530 0.0030 -0.7574
vn 0.4534 0.1266 0.8823
vn 0.4205 0.1152 0.9000
vn 0.4182 0.0164 0.9082
vn 0.4181 0.0164 0.9083
vn 0.3310 0.0134 0.9435
vn 0.5059 0.0194 0.8624
vn 0.6434 0.3779 0.6657
vn 0.5798 0.6132 -0.5365
vn 0.6678 0.6813 -0.2998
vn 0.3828 0.7656 0.5170
vn 0.3643 0.5747 0.7328
vn 0.9730 0.2064 0.1032
vn 0.9767 0.2072 -0.0553
vn 0.9767 0.2072 -0.0552
vn 0.2648 -0.3301 -0.9061
vn 0.1774 -0.3087 -0.9345
vn 0.0477 -0.9759 0.2130
vn 0.0742 -0.9937 0.0841
vn 0.4752 0.3375 -0.8126
vn 0.4687 0.0293 -0.8829
vn 0.4298 -0.0879 -0.8986
vn 0.2600 0.3714 -0.8913
vn 0.2846 -0.0150 -0.9585
vn 0.1071 -0.0049 -0.9942
vn 0.1106 -0.0051 -0.9939
vn 0.0737 -0.0049 -0.9973
vn 0.0153 -0.0004 0.9999
vn -0.0137 -0.0021 0.9999
vn 0.2504 -0.9540 0.1648
vn 0.2037 -0.9775 0.0543
vn 0.1947 -0.9613 0.1948
vn 0.1373 -0.5493 0.8243
vn 0.2336 -0.5060 0.8303
vn 0.1741 -0.6964 -0.6962
vn 0.0163 -0.1573 -0.9874
vn 0.9308 0.0499 0.3621
vn 0.9659 0.0414 0.2556
vn 0.9286 0.1844 0.3219
vn 0.9124 0.0083 0.4092
vn 0.9182 0.0099 0.3961
vn 0.9258 0.0153 0.3778
vn 0.9630 0.0084 0.2693
vn -0.0288 -0.0970 -0.9949
vn -0.2320 -0.5499 -0.8023
vn 0.0163 0.0006 -0.9999
vn -0.1893 0.9811 -0.0396
vn -0.3337 0.2886 -0.8974
vn -0.0716 0.9553 0.2867
vn 0.7708 0.0029 -0.6371
vn 0.1579 0.9872 0.0242
vn 0.7155 0.0581 -0.6962
vn 0.7329 -0.0414 -0.6791
vn 0.7039 -0.0183 -0.7100
vn 0.3155 -0.0064 -0.9489
vn -0.2294 -0.0262 -0.9730
vn 0.1831 0.9635 0.1952
vn 0.2790 0.3120 0.9082
vn 0.2644 0.9643 -0.0157
vn 0.3620 -0.7901 0.4947
vn 0.6064 -0.5681 0.5564
vn 0.7717 -0.0102 0.6359
vn 0.0152 0.1556 -0.9877
vn -0.0000 -0.0028 -1.0000
vn -0.0330 -0.0029 -0.9995
vn -0.0446 -0.0032 -0.9990
vn -0.2294 -0.9715 0.0603
vn -0.2554 -0.9547 0.1525
vn 0.3941 0.6791 -0.6193
vn 0.7279 0.2253 -0.6476
vn -0.1840 0.9287 -0.3220
vn 0.3774 0.7111 -0.5931
vn -0.4584 0.0349 -0.8880
vn -0.4365 -0.1458 -0.8878
vn -0.4868 -0.1293 -0.8639
vn -0.3714 -0.3811 -0.8466
vn -0.4565 -0.0039 -0.8897
vn -0.3849 -0.1575 -0.9094
vn -0.3797 -0.0040 -0.9251
vn -0.4181 -0.0076 -0.9084
vn 0.0075 0.0604 -0.9981
vn 0.1432 0.4259 -0.8934
vn 0.0910 0.0057 0.9958
vn -0.0168 0.0167 0.9997
vn -0.0187 0.0067 0.9998
vn 0.0053 0.1360 -0.9907
vn -0.1651 0.9842 -0.0635
vn -0.0120 0.1529 -0.9882
vn 0.0480 -0.1306 -0.9903
vn -0.5817 0.0139 0.8133
vn -0.4996 0.0160 0.8661
vn -0.4425 0.0156 0.8966
vn -0.5072 0.0143 0.8617
vn -0.3998 0.0102 0.9166
vn -0.5913 0.0148 0.8063
vn -0.3995 0.0127 0.9166
vn -0.1501 -0.9887 -0.0000
vn -0.0937 -0.5083 0.8561
vn -0.3169 -0.0076 -0.9484
vn -0.7876 0.0775 -0.6112
vn -0.3184 -0.9306 -0.1804
vn -0.7192 -0.3866 -0.5774
vn -0.3142 -0.9346 -0.1670
vn -0.7356 -0.2331 -0.6360
vn -0.7424 -0.0124 -0.6698
vn 0.0237 0.1229 -0.9921
vn -0.0508 -0.0033 -0.9987
vn -0.0337 -0.3966 -0.9174
vn -0.0659 -0.4182 0.9060
vn -0.3849 0.0065 0.9229
vn -0.4218 0.0063 0.9066
vn -0.8101 0.0250 0.5857
vn -1.0000 0.0026 -0.0009
vn -0.0134 -0.0042 -0.9999
vn -0.4392 0.8762 -0.1985
vn -0.2695 0.2632 -0.9263
vn -0.1746 0.3411 -0.9237
vn -0.2989 0.3750 -0.8775
vn 0.0099 -0.9712 -0.2379
vn 0.1044 -0.9936 0.0428
vn 0.9519 -0.0061 0.3065
vn 0.9633 -0.0065 0.2685
vn 0.7243 0.0967 0.6827
vn 0.3183 -0.2117 0.9240
vn 0.2277 -0.3404 0.9123
vn 0.2425 -0.6008 0.7617
vn -0.0139 -0.0070 0.9999
vn -0.0152 0.0096 0.9998
vn 0.0030 0.0106 0.9999
vn -0.0022 0.0092 1.0000
vn -0.0345 0.0074 0.9994
vn -0.0119 0.0111 0.9999
vn -0.0295 0.0065 0.9995
vn 0.3754 0.4860 -0.7892
vn 0.4186 0.2767 -0.8650
vn 0.1686 0.9856 0.0135
vn 0.3710 -0.0464 -0.9275
vn -0.3792 0.0058 0.9253
vn -0.3872 -0.1206 0.9141
vn -0.3817 0.0059 0.9243
vn -0.1294 0.0456 0.9905
vn -0.1986 0.3513 0.9150
vn 0.1415 -0.4850 0.8630
vn -0.7486 -0.0974 -0.6558
vn -0.7597 -0.0697 -0.6465
vn -0.7446 0.0026 -0.6675
vn 0.6604 -0.0073 0.7509
vn 0.7882 -0.0083 0.6153
vn 0.5417 -0.0000 0.8406
vn 0.5609 0.6348 0.5314
vn 0.6019 0.4828 0.6361
vn 0.7504 0.2271 0.6207
vn -0.0303 0.9948 0.0971
vn 0.0642 0.0030 -0.9979
vn 0.0757 0.0095 -0.9971
vn 0.0640 0.0052 -0.9979
vn 0.1482 -0.0072 -0.9889
vn 0.2314 -0.0050 -0.9728
vn 0.1268 -0.0074 -0.9919
vn 0.2614 -0.0041 -0.9652
vn 0.0955 0.0067 -0.9954
vn 0.1812 0.0055 -0.9834
vn 0.7819 -0.0016 -0.6234
vn 0.7530 -0.0021 -0.6580
vn 0.0251 0.0018 -0.9997
vn 0.0279 -0.0010 -0.9996
vn -0.0320 -0.0049 -0.9995
vn -0.0322 -0.0031 -0.9995
vn -0.0250 -0.0300 -0.9992
vn -0.0490 -0.0063 -0.9988
vn 0.4119 0.0002 0.9112
vn 0.5297 0.0876 0.8436
vn 0.6516 0.1682 0.7397
vn 0.5097 0.0829 0.8564
vn 0.4085 0.0003 0.9128
vn 0.4499 0.1005 0.8874
vn 0.5370 -0.0022 0.8436
vn 0.6342 0.0716 0.7699
vn -0.7270 -0.0009 -0.6866
vn -0.6827 -0.0021 -0.7307
vn -0.3408 0.9074 0.2459
vn -0.6639 0.0066 0.7478
vn -0.8380 -0.0362 0.5444
vn -0.5138 -0.0925 0.8529
vn -0.6274 -0.0038 0.7787
vn -0.3397 0.1978 0.9195
vn -0.3707 0.0139 0.9286
vn -0.6424 0.0364 0.7655
vn -0.4870 -0.1217 0.8649
vn -0.6873 0.0168 0.7262
vn -0.3807 0.3682 -0.8482
vn -0.7174 0.4552 -0.5273
vn -0.0219 0.0329 -0.9992
vn -0.0383 0.0368 -0.9986
vn -0.5801 0.5930 -0.5584
vn -0.4682 0.7047 -0.5331
vn -0.0051 0.0714 -0.9974
vn 0.1676 0.1070 0.9800
vn 0.0282 0.0157 0.9995
vn -0.4379 0.1822 -0.8804
vn -0.5993 -0.0945 -0.7950
vn 0.1828 0.8816 -0.4352
vn 0.3745 0.0080 0.9272
vn 0.2075 -0.1108 -0.9719
vn 0.1654 0.9545 0.2481
vn 0.0282 0.1689 0.9852
vn 0.1518 -0.1725 -0.9733
vn 0.0674 -0.4210 -0.9046
vn 0.1639 -0.0076 -0.9864
vn 0.3405 0.0373 0.9395
vn 0.2147 0.0085 0.9766
vn 0.1275 0.0071 0.9918
vn 0.3032 0.0136 0.9528
vn 0.4940 -0.3621 -0.7905
vn 0.8729 -0.2182 -0.4364
vn 0.5345 -0.2673 -0.8018
vn 0.9998 0.0174 -0.0000
vn -0.0000 -0.2426 -0.9701
vn 0.3331 0.0317 0.9424
vn 0.3452 0.9206 -0.1825
vn 0.5679 0.3809 0.7297
vn 0.4617 -0.0295 0.8865
vn 0.5913 0.6407 0.4898
vn -0.4985 0.0007 -0.8669
vn -0.1184 0.4191 -0.9002
vn 0.0171 0.2957 -0.9551
vn -0.3846 -0.0096 -0.9230
vn -0.3829 0.9031 -0.1943
vn -0.4724 0.2068 -0.8568
vn -0.4650 -0.2257 0.8561
vn -0.4199 -0.2300 0.8779
vn 0.0896 0.0398 -0.9952
vn -0.0750 -0.0124 -0.9971
vn -0.9483 0.0020 -0.3174
vn -0.1580 -0.9291 -0.3344
vn 0.8696 0.2251 -0.4394
vn 0.8973 0.1948 -0.3961
vn 0.9074 0.1143 -0.4045
vn 0.9246 -0.0029 -0.3808
vn 0.8459 0.2065 -0.4918
vn 0.9187 -0.0091 -0.3949
vn 0.4273 0.8155 -0.3903
vn 0.9313 -0.0294 -0.3632
vn -0.3491 -0.0162 -0.9369
vn -0.3079 -0.3089 -0.8999
vn -0.4187 -0.0141 -0.9080
vn -0.3452 -0.0455 -0.9374
vn 0.0369 0.0398 0.9985
vn -0.9170 0.0003 0.3990
vn -0.9072 -0.0009 0.4207
vn -0.8918 0.0007 0.4525
vn -0.9518 -0.0001 0.3066
vn -0.9678 0.0015 0.2517
vn -0.9705 0.0019 0.2409
vn -0.9763 -0.0000 0.2165
vn -0.1069 0.9936 0.0375
vn 0.0405 -0.1277 -0.9910
vn 0.0314 -0.0506 -0.9982
vn 0.1181 -0.3710 -0.9211
vn 0.1848 -0.5699 -0.8007
vn 0.0153 0.0010 -0.9999
vn 0.0479 -0.0993 -0.9939
vn -0.0138 -0.0016 -0.9999
vn 0.0295 0.0014 -0.9996
vn 0.3956 0.5316 -0.7489
vn -0.2871 0.3297 0.8994
vn -0.2858 0.9535 -0.0958
vn -0.2871 0.3298 0.8993
vn -0.2085 0.0351 0.9774
vn -0.3511 0.9267 -0.1343
vn 0.0668 -0.9645 -0.2556
vn 0.1626 -0.9719 -0.1704
vn 0.0828 -0.8679 -0.4898
vn 0.3080 -0.0830 0.9478
vn -0.8081 -0.0057 -0.5890
vn -0.8009 -0.0070 -0.5987
vn -0.7751 -0.0027 -0.6318
vn -0.8155 -0.0074 -0.5787
vn -0.0814 -0.9907 -0.1086
vn -0.1682 -0.8374 0.5201
vn 0.0132 -0.2822 0.9593
vn -0.1282 -0.9871 0.0961
vn -0.1649 -0.3695 0.9145
vn -0.2166 -0.0081 -0.9762
vn -0.1688 -0.0619 -0.9837
vn -0.2140 -0.0311 -0.9763
vn -0.1379 -0.0799 -0.9872
vn -0.4711 -0.5682 0.6747
vn -0.0590 0.0983 0.9934
vn -0.1994 -0.9594 0.1994
vn -0.0513 -0.3390 -0.9394
vn -0.2208 -0.9753 -0.0000
vn 0.0018 0.0708 -0.9975
vn 0.0002 0.0042 -1.0000
vn 0.0041 0.0701 -0.9975
vn 0.6028 0.5173 -0.6075
vn 0.8879 0.0328 -0.4589
vn -0.2732 0.8650 -0.4209
vn 0.2916 0.9295 -0.2258
vn 0.5492 -0.0065 -0.8357
vn 0.0868 -0.0154 -0.9961
vn 0.1715 -0.0142 -0.9851
vn 0.9904 0.0020 -0.1381
vn -0.7147 -0.0121 -0.6993
vn -0.1289 0.8008 0.5849
vn -0.4001 -0.1257 0.9078
vn -0.3540 -0.1084 0.9289
vn -0.0109 -0.0078 -0.9999
vn -0.0287 -0.0057 -0.9996
vn -0.0012 0.0874 -0.9962
vn 0.0543 0.3259 -0.9439
vn -0.2220 0.1458 0.9641
vn -0.2110 0.0963 0.9727
vn -0.2074 0.0062 0.9782
vn -0.2246 0.1491 0.9630
vn -0.2152 0.1561 0.9640
vn -0.2517 0.0067 0.9678
vn -0.2533 0.0086 0.9673
vn -0.2767 0.9257 -0.2580
vn -0.2174 -0.2097 -0.9533
vn -0.3056 0.9077 -0.2876
vn -0.9247 -0.1189 -0.3616
vn -0.9316 -0.1155 -0.3446
vn -0.3239 -0.0565 -0.9444
vn 0.5058 0.6067 -0.6132
vn 0.5429 0.1775 -0.8208
vn 0.6571 0.0051 -0.7538
vn 0.6569 0.0051 -0.7539
vn 0.5857 0.0015 -0.8105
vn 0.7187 0.0085 -0.6953
vn 0.1465 0.9844 -0.0974
vn -0.0002 -0.0014 -1.0000
vn 0.0002 0.0014 -1.0000
vn -0.0141 -0.0010 -0.9999
vn 0.0140 -0.0033 -0.9999
vn -0.1242 0.2619 0.9571
vn -0.3821 0.9129 -0.1437
vn 0.6461 -0.0673 0.7603
vn 0.9370 0.0216 0.3486
vn 0.3580 0.0158 -0.9336
vn 0.0136 -0.0726 0.9973
vn -0.0142 0.0030 0.9999
vn 0.0175 0.0901 -0.9958
vn 0.0043 0.4165 -0.9091
vn 0.0728 0.1624 -0.9840
vn 0.0466 0.0815 -0.9956
vn 0.0452 0.0776 -0.9960
vn -0.0139 0.2691 -0.9630
vn -0.3272 0.2507 -0.9111
vn -0.2115 0.3519 -0.9118
vn -0.0926 -0.9911 -0.0961
vn -0.0790 -0.4477 0.8907
vn -0.0677 -0.9953 -0.0686
vn -0.4362 0.8921 0.1179
vn -0.3278 0.5124 -0.7937
vn 0.6932 0.1209 -0.7105
vn 0.6094 0.0572 -0.7908
vn 0.6509 -0.0084 -0.7591
vn 0.6317 -0.0105 -0.7751
vn 0.6833 -0.0108 -0.7300
vn 0.0618 -0.0035 -0.9981
vn 0.0259 -0.0315 -0.9992
vn 0.0905 -0.0031 -0.9959
vn -0.6636 0.0625 0.7454
vn -0.4487 -0.0547 0.8920
vn -0.4422 -0.0128 0.8968
vn -0.5201 0.8541 0.0053
vn 0.1112 -0.8690 -0.4821
vn -0.2230 -0.0751 -0.9719
vn 0.7682 0.0074 0.6402
vn -0.2892 0.0012 0.9573
vn -0.0953 -0.0027 0.9954
vn -0.2879 -0.0081 0.9576
vn 0.1428 0.2980 0.9438
vn -0.0811 0.0030 0.9967
vn 0.3731 0.5883 0.7174
vn -0.0901 -0.0346 -0.9953
vn -0.0961 -0.3479 -0.9326
vn -0.0690 -0.4655 -0.8824
vn -0.0879 -0.0673 -0.9939
vn -0.1205 -0.0058 -0.9927
vn -0.0860 -0.0047 -0.9963
vn -0.1821 0.3657 -0.9127
vn -0.1241 -0.0071 -0.9922
vn -0.1267 -0.0106 -0.9919
vn 0.2275 -0.9692 0.0946
vn -0.5412 -0.0058 -0.8409
vn -0.5462 -0.0269 -0.8372
vn -0.5324 -0.0515 -0.8449
vn -0.5532 -0.3118 -0.7725
vn -0.5775 -0.0041 -0.8164
vn -0.3799 -0.0073 -0.9250
vn 0.3054 0.3131 0.8993
vn 0.0422 -0.0970 -0.9944
vn 0.2140 -0.3946 -0.8936
vn -0.3570 0.0061 0.9341
vn -0.3464 0.0055 0.9381
vn -0.3569 0.0061 0.9341
vn -0.3690 0.0068 0.9294
vn -0.3312 0.0922 0.9390
vn -0.5068 0.2979 0.8089
vn -0.5039 -0.0360 0.8630
vn -0.4028 0.0003 0.9153
vn 0.3746 0.0126 0.9271
vn 0.3552 -0.0650 0.9325
vn 0.5637 0.0166 0.8258
vn 0.0919 0.1315 0.9870
vn -0.7958 0.0050 -0.6055
vn -0.7287 0.0037 -0.6848
vn -0.7772 0.0032 -0.6292
vn 0.0470 0.0030 0.9989
vn 0.0772 0.1378 0.9874
vn -0.0250 0.0026 0.9997
vn 0.4298 -0.0096 -0.9029
vn 0.4190 -0.0094 -0.9079
vn 0.4301 -0.0036 -0.9028
vn 0.3783 -0.0012 -0.9257
vn -0.3087 0.0075 0.9511
vn -0.1007 0.2853 -0.9531
vn 0.1897 -0.9776 0.0907
vn 0.6848 0.0469 0.7273
vn 0.8346 0.0609 0.5475
vn 0.8718 0.2136 0.4408
vn 0.6534 -0.0038 0.7570
vn 0.6672 0.0444 0.7435
vn 0.7602 0.3144 0.5685
vn 0.6320 -0.0035 0.7750
vn 0.8035 0.2553 0.5378
vn 0.6410 -0.0040 0.7676
vn -0.3247 -0.9458 -0.0016
vn -0.1489 -0.4945 0.8563
vn 0.2223 -0.0340 0.9744
vn 0.2160 0.0084 0.9764
vn 0.3146 0.0093 0.9492
vn -0.9260 0.0370 0.3757
vn -0.2004 0.9794 -0.0248
vn -0.3120 0.9477 0.0670
vn 0.3610 0.4795 -0.7998
vn 0.4993 0.4696 -0.7282
vn -0.1837 0.9751 -0.1246
vn 0.0242 -0.1476 0.9888
vn 0.0900 -0.3779 0.9214
vn -0.0283 -0.0011 0.9996
vn 0.0235 -0.2247 0.9741
vn 0.0290 0.0035 0.9996
vn -0.0010 -0.0103 0.9999
vn 0.0941 0.0066 0.9955
vn -0.0319 0.0035 0.9995
vn -0.0647 0.0049 0.9979
vn -0.2603 -0.9437 -0.2041
vn -0.7045 -0.0123 -0.7096
vn -0.7167 -0.0126 -0.6973
vn -0.6781 -0.0399 -0.7339
vn -0.1854 0.0128 0.9826
vn -0.3673 0.0053 0.9301
vn -0.0944 0.0991 -0.9906
vn -0.0004 -0.0019 -1.0000
vn -0.0182 -0.0011 -0.9998
vn -0.1222 -0.8848 0.4497
vn -0.1264 -0.4084 0.9040
vn 0.5079 0.0055 -0.8614
vn 0.6088 -0.0000 -0.7933
vn 0.6142 0.0156 -0.7890
vn 0.5108 -0.0016 -0.8597
vn -0.0111 -0.0079 -0.9999
vn -0.0156 -0.0081 -0.9998
vn 0.4867 0.8725 -0.0442
vn 0.1722 0.8078 -0.5637
vn -0.4783 -0.0012 -0.8782
vn -0.5267 -0.0640 -0.8477
vn -0.6632 -0.0026 -0.7484
vn -0.0062 0.0073 1.0000
vn 0.0008 0.0051 1.0000
vn -0.0415 0.0115 0.9991
vn 0.7973 0.0095 -0.6036
vn 0.7943 0.0092 -0.6074
vn 0.8333 0.0212 -0.5524
vn 0.8511 0.0108 -0.5250
vn -0.3713 -0.3897 -0.8428
vn 0.0478 -0.9876 -0.1493
vn -0.4058 -0.1155 -0.9066
vn -0.4243 -0.1388 -0.8948
vn 0.1102 -0.9922 0.0588
vn 0.8517 -0.0088 0.5240
vn 0.1845 0.0808 -0.9795
vn 0.1486 0.0801 -0.9856
vn 0.0545 0.0690 -0.9961
vn -0.0094 0.0699 -0.9975
vn -0.0083 -0.0060 -0.9999
vn -0.0737 0.2717 -0.9596
vn -0.3509 0.8697 -0.3472
vn -0.0848 0.1426 -0.9861
vn 0.0397 0.0136 -0.9991
vn 0.1013 0.0069 -0.9948
vn 0.0012 -0.0864 -0.9963
vn -0.6835 -0.0061 -0.7300
vn 0.1375 -0.0492 0.9893
vn -0.1560 0.9291 0.3354
vn 0.9990 0.0016 -0.0447
vn 0.3256 -0.0028 -0.9455
vn 0.9685 0.0090 0.2487
vn 0.9987 -0.0043 -0.0512
vn 0.1910 0.0072 0.9816
vn 0.1313 0.0006 0.9913
vn 0.1079 -0.1138 0.9876
vn 0.0390 0.0934 -0.9949
vn 0.0283 0.0342 -0.9990
vn -0.7260 0.0012 -0.6877
vn -0.7325 -0.0792 -0.6762
vn -0.0016 -0.0807 0.9967
vn -0.0124 -0.0400 0.9991
vn 0.0210 0.0020 0.9998
vn 0.3622 -0.0105 -0.9320
vn 0.3623 -0.0105 -0.9320
vn 0.3599 -0.0104 -0.9329
vn 0.3673 -0.0109 -0.9300
vn 0.3750 -0.0110 -0.9270
vn 0.2585 -0.2019 -0.9447
vn 0.1133 -0.5836 -0.8041
vn 0.2024 -0.4353 -0.8773
vn 0.2657 -0.0056 -0.9640
vn 0.2265 -0.1504 -0.9623
vn 0.2748 -0.2431 -0.9302
vn -0.2626 0.9431 -0.2040
vn -0.2718 0.9535 -0.1301
vn 0.4076 -0.4689 0.7836
vn 0.1019 -0.9940 0.0408
vn 0.4169 -0.0500 0.9076
vn 0.3871 -0.0680 0.9195
vn 0.8161 0.3375 0.4691
vn 0.7067 -0.1313 0.6952
vn 0.7992 -0.1437 0.5836
vn 0.3453 -0.0217 0.9382
vn 0.4481 -0.1986 0.8716
vn 0.3943 -0.0615 0.9169
vn -0.1544 0.0030 -0.9880
vn -0.4364 -0.0065 -0.8997
vn -0.0508 -0.0701 0.9962
vn -0.0686 0.0140 0.9975
vn 0.3927 0.0778 -0.9164
vn 0.4032 0.0118 -0.9150
vn 0.2009 -0.7103 -0.6746
vn -0.6529 -0.0114 -0.7574
vn -0.5346 0.0789 -0.8414
vn 0.1219 -0.1512 -0.9810
vn 0.0607 -0.1408 -0.9882
vn 0.0927 -0.5991 -0.7953
vn -0.2182 0.0019 0.9759
vn -0.3083 -0.0051 0.9513
vn -0.4638 -0.0077 0.8859
vn 0.1929 -0.8357 -0.5141
vn 0.3321 0.2479 0.9101
vn 0.0152 0.0074 0.9999
vn -0.3424 0.5159 0.7852
vn -0.1404 0.2306 0.9629
vn -0.4843 0.8300 0.2767
vn -0.8644 0.0348 0.5016
vn -0.7782 -0.4447 0.4435
vn -0.8991 -0.0000 0.4377
vn -0.0361 -0.0139 0.9993
vn 0.0227 -0.0001 0.9997
vn -0.0329 -0.0972 0.9947
vn -0.0168 0.0025 0.9999
vn -0.3140 -0.0110 -0.9494
vn -0.4215 -0.0138 -0.9067
vn -0.0651 0.1941 0.9788
vn -0.1473 0.0369 0.9884
vn -0.0730 0.0360 0.9967
vn -0.1198 -0.0000 0.9928
vn 0.2771 -0.1623 0.9470
vn 0.2037 -0.0027 0.9790
vn 0.4297 -0.1100 0.8963
vn 0.3443 -0.0093 -0.9388
vn 0.3510 0.0293 -0.9359
vn 0.0123 -0.1783 0.9839
vn -0.3873 0.8284 -0.4046
vn -0.3855 0.8267 -0.4098
vn -0.3854 0.8267 -0.4099
vn -0.3440 0.8538 -0.3908
vn 0.1875 0.9612 -0.2022
vn -0.2655 0.8785 -0.3971
vn -0.2966 -0.0050 -0.9550
vn -0.2811 0.4456 0.8499
vn -0.3809 0.1264 0.9159
vn -0.3642 0.1567 0.9180
vn -0.2505 0.4291 0.8678
vn -0.3343 0.1354 0.9327
vn -0.2504 0.4292 0.8678
vn 0.1961 0.9806 -0.0000
vn 0.3360 0.6421 -0.6891
vn -0.3747 -0.0134 -0.9270
vn -0.2916 -0.0101 -0.9565
vn -0.3133 0.1156 -0.9426
vn 0.7067 -0.6533 0.2716
vn 0.0751 0.0102 0.9971
vn 0.0669 0.0018 0.9978
vn 0.4167 0.7352 0.5346
vn 0.5893 0.5251 -0.6140
vn 0.3677 0.4038 -0.8377
vn 0.4680 0.2296 -0.8534
vn 0.3586 0.0065 0.9335
vn 0.0376 -0.0014 -0.9993
vn -0.7463 -0.5944 0.2994
vn -0.8984 -0.3320 -0.2876
vn -0.6345 -0.6050 0.4810
vn -0.3924 0.0101 0.9197
vn -0.4250 0.1388 0.8945
vn 0.0119 0.0061 0.9999
vn 0.0053 0.0078 1.0000
vn 0.0412 -0.0026 0.9991
vn 0.0112 -0.0007 0.9999
vn -0.3307 0.8967 -0.2942
vn 0.1586 0.3207 -0.9338
vn -0.3002 -0.5189 -0.8004
vn 0.0275 0.6410 -0.7671
vn -0.5804 -0.5087 -0.6358
vn 0.0148 0.0010 -0.9999
vn 0.1966 -0.7588 -0.6210
vn -0.2506 0.0046 0.9681
vn -0.2025 0.0045 0.9793
vn -0.1849 0.0456 0.9817
vn -0.3564 0.0088 0.9343
vn -0.0787 -0.4867 -0.8700
vn 0.8479 -0.4700 0.2452
vn 0.0036 -0.8743 -0.4853
vn 0.9377 0.0288 0.3462
vn 0.8344 -0.2465 0.4929
vn 0.5987 -0.0665 -0.7982
vn 0.1991 0.9749 -0.0996
vn -0.6171 0.0024 -0.7869
vn 0.9518 0.2019 -0.2307
vn 0.4288 -0.0128 -0.9033
vn 0.5295 -0.0074 -0.8483
vn -0.2652 -0.0692 0.9617
vn 0.3045 0.0091 0.9525
vn 0.3037 0.0061 0.9528
vn -0.2608 -0.0027 -0.9654
vn -0.2793 -0.0698 -0.9577
vn -0.1109 -0.0045 -0.9938
vn -0.9971 -0.0096 -0.0761
vn -0.9936 -0.0096 -0.1126
vn -0.9936 -0.0096 -0.1125
vn -0.4580 0.4013 -0.7932
vn 0.0150 0.0013 0.9999
vn 0.0936 0.2456 0.9648
vn 0.0159 0.0072 0.9998
vn 0.0156 0.0072 0.9999
vn 0.0153 0.0073 0.9999
vn 0.0161 0.0072 0.9998
vn 0.2152 0.4140 -0.8845
vn 0.2920 0.2810 -0.9142
vn 0.3407 -0.0242 -0.9399
vn 0.1652 0.0348 -0.9856
vn 0.1316 -0.4560 0.8802
vn 0.7509 0.0009 0.6604
vn 0.7300 0.0018 0.6835
vn 0.7509 0.0009 0.6605
vn 0.8557 0.0003 0.5175
vn 0.8477 0.0371 0.5292
vn 0.7682 0.0001 0.6402
vn 0.8470 -0.0032 -0.5316
vn 0.8682 -0.0088 -0.4961
vn 0.9073 -0.0079 -0.4203
vn 0.9112 -0.0011 -0.4119
vn -0.1276 -0.9475 -0.2931
vn -0.0451 0.0041 0.9990
vn 0.7308 -0.2714 0.6264
vn -0.3836 0.8249 -0.4151
vn 0.0914 0.0020 0.9958
vn 0.0436 0.0019 0.9990
vn -0.0238 -0.2966 0.9547
vn -0.0250 -0.0107 0.9996
vn -0.5592 0.8175 0.1378
vn -0.3451 -0.1225 -0.9305
vn -0.3381 -0.0118 -0.9410
vn 0.3660 0.9283 -0.0649
vn 0.2009 0.3993 0.8945
vn 0.0996 0.2279 -0.9686
vn -0.0000 0.1645 -0.9864
vn 0.2986 -0.9544 0.0053
vn 0.2804 -0.0050 -0.9599
vn 0.2707 -0.0059 -0.9626
vn 0.2587 -0.0054 -0.9659
vn -0.1864 0.3843 -0.9042
vn 0.0925 -0.2355 0.9675
vn -0.3846 -0.0103 -0.9230
vn -0.4648 -0.0099 -0.8854
vn 0.5687 0.0039 -0.8225
vn 0.5373 0.0035 -0.8434
vn 0.4772 0.0035 -0.8788
vn 0.6514 0.0036 -0.7587
vn 0.6319 0.0016 -0.7750
vn 0.0117 -0.0005 0.9999
vn -0.0249 0.0010 0.9997
vn -0.2306 -0.0091 -0.9730
vn -0.8424 0.0021 -0.5388
vn -0.8425 -0.0032 -0.5387
vn 0.1462 -0.9871 -0.0650
vn -0.0139 -0.4052 0.9141
vn -0.1367 0.0139 0.9905
vn 0.2774 0.8829 -0.3789
vn 0.3288 0.3451 -0.8791
vn 0.3312 0.0430 -0.9426
vn -0.1279 0.0053 0.9918
vn -0.1574 -0.0069 -0.9875
vn -0.0532 -0.0067 -0.9986
vn -0.0621 -0.0452 -0.9970
vn -0.1238 -0.0619 -0.9904
vn -0.1458 -0.0064 -0.9893
vn 0.2535 0.0660 -0.9651
vn 0.8610 0.0952 -0.4997
vn 0.3144 0.0398 0.9485
vn 0.3016 0.0020 0.9534
vn 0.0110 0.0102 0.9999
vn 0.0178 0.0107 0.9998
vn 0.0027 0.0074 1.0000
vn 0.0132 0.0106 0.9999
vn 0.0142 -0.0270 0.9995
vn 0.9289 -0.0933 -0.3584
vn 0.2466 -0.0091 -0.9691
vn -0.4148 -0.0493 0.9086
vn 0.4365 0.4895 -0.7549
vn 0.6472 0.0512 -0.7606
vn -0.1785 0.9725 -0.1497
vn 0.4509 -0.0000 -0.8926
vn 0.0070 -0.0927 -0.9957
vn 0.8039 0.0136 0.5946
vn 0.6890 0.0117 0.7247
vn 0.6888 0.0104 0.7249
vn 0.9174 0.0131 0.3977
vn 0.9388 0.0155 0.3442
vn -0.0505 -0.4624 0.8853
vn -0.0552 -0.0034 0.9985
vn 0.0919 -0.9469 -0.3081
vn -0.0731 -0.0104 0.9973
vn 0.3760 -0.1844 -0.9081
vn 0.0252 0.0074 0.9997
vn 0.0148 0.0035 0.9999
vn 0.0170 0.0038 0.9998
vn 0.0169 0.0038 0.9998
vn -0.0004 0.0029 1.0000
vn 0.0003 0.0012 -1.0000
vn -0.1106 -0.3539 -0.9287
vn 0.0004 0.0012 -1.0000
vn -0.5466 0.0100 0.8374
vn -0.5248 0.1399 -0.8397
vn -0.2249 0.8616 -0.4550
vn -0.1116 -0.0703 -0.9913
vn -0.1979 0.1713 0.9651
vn -0.1007 0.1243 0.9871
vn -0.1978 0.1713 0.9652
vn -0.2875 0.2137 0.9336
vn -0.0958 0.0893 0.9914
vn 0.5819 0.0106 0.8132
vn -0.0668 -0.1155 0.9911
vn -0.0832 0.1465 -0.9857
vn -0.0970 0.0959 -0.9907
vn -0.0223 -0.0309 -0.9993
vn 0.1353 -0.0081 -0.9908
vn 0.1683 -0.0063 -0.9857
vn 0.1771 -0.0283 -0.9838
vn 0.4545 0.0143 0.8906
vn 0.3807 0.0080 0.9247
vn -0.2252 -0.9682 -0.1089
vn -0.0680 -0.9953 0.0682
vn -0.0856 -0.9756 0.2023
vn -0.5291 -0.5002 -0.6854
vn -0.1241 -0.9729 0.1948
vn 0.0002 -0.0013 -1.0000
vn 0.5919 -0.0092 -0.8060
vn 0.5911 -0.0093 -0.8066
vn 0.0790 -0.7476 -0.6594
vn 0.5470 0.0576 -0.8351
vn 0.4221 0.0098 -0.9065
vn 0.4793 -0.0021 -0.8776
vn 0.4709 -0.0030 -0.8822
vn 0.0787 0.0262 -0.9966
vn 0.9593 0.2445 0.1413
vn 0.1415 -0.0077 -0.9899
vn 0.8159 -0.0059 0.5782
vn 0.8031 -0.0056 0.5958
vn 0.0152 0.0003 -0.9999
vn -0.0133 0.0009 -0.9999
vn 0.0135 -0.0010 -0.9999
vn 0.8471 0.0640 0.5276
vn 0.8648 -0.0017 0.5020
vn 0.0065 0.3540 0.9352
vn 0.0504 0.1000 0.9937
vn 0.0341 -0.0226 0.9992
vn -0.0358 0.0049 0.9993
vn 0.1104 0.0276 -0.9935
vn -0.4467 0.0021 -0.8947
vn 0.3162 -0.0050 -0.9487
vn -0.7121 -0.0596 -0.6995
vn 0.4606 0.1023 0.8817
vn 0.4018 0.0692 0.9131
vn 0.3534 -0.0092 -0.9354
vn 0.8112 -0.5842 -0.0260
vn 0.9304 0.2129 0.2985
vn 0.4456 0.8916 -0.0803
vn 0.4457 0.8915 -0.0807
vn 0.4455 0.8917 -0.0801
vn 0.3542 0.0785 0.9319
vn 0.3505 0.0584 0.9347
vn 0.3631 0.0068 0.9317
vn 0.3695 0.0809 0.9257
vn 0.6765 0.0094 -0.7364
vn -0.1406 0.6696 -0.7293
vn 0.7652 -0.0081 0.6437
vn 0.9432 0.1089 -0.3138
vn -0.0238 -0.9941 0.1055
vn -0.3718 -0.9166 -0.1468
vn 0.0065 -0.9996 -0.0288
vn -0.0312 -0.9899 0.1383
vn 0.0266 -0.0351 -0.9990
vn 0.0221 -0.0079 -0.9997
vn -0.1927 0.0659 0.9790
vn 0.6502 0.0942 -0.7539
vn -0.0358 -0.0234 0.9991
vn 0.8580 0.0931 -0.5051
vn 0.9889 0.0315 0.1452
vn -0.1158 -0.0631 -0.9913
vn 0.0107 0.0721 -0.9973
vn 0.1327 0.4295 -0.8933
vn 0.0367 0.0886 -0.9954
vn -0.0041 0.0501 -0.9987
vn 0.4710 0.0054 0.8821
vn 0.6198 0.0034 0.7847
vn 0.3156 -0.0868 -0.9449
vn 0.2582 -0.2752 -0.9261
vn 0.2958 -0.0065 -0.9552
vn 0.0344 0.1768 -0.9836
vn -0.1737 0.9800 0.0975
vn -0.2171 0.8955 0.3886
vn 0.6083 -0.0976 0.7877
vn -0.1096 -0.9903 -0.0855
vn -0.1767 -0.9789 -0.1030
vn 0.0524 -0.4267 0.9029
vn -0.1826 -0.0072 -0.9832
vn 0.8859 0.0384 -0.4622
vn 0.2762 0.0081 -0.9611
vn 0.4704 0.0029 -0.8825
vn -0.0000 -0.0713 0.9975
vn 0.6064 0.2540 0.7535
vn 0.4712 0.2403 0.8487
vn -0.2553 0.3692 0.8936
vn 0.1239 0.9357 0.3303
vn -0.2012 0.3921 0.8976
vn -0.1115 -0.9555 -0.2730
vn 0.2034 -0.1311 -0.9703
vn -0.1947 0.0054 0.9808
vn 0.3220 0.0010 0.9467
vn -0.0723 0.0402 -0.9966
vn -0.1383 -0.0009 -0.9904
vn -0.2126 0.0031 -0.9771
vn -0.1666 0.0500 -0.9848
vn -0.1947 0.0164 -0.9807
vn -0.1654 -0.0796 -0.9830
vn -0.3915 -0.9000 0.1918
vn 0.0038 -0.9963 0.0861
vn -0.3969 0.9065 0.1443
vn -0.6143 -0.0329 0.7884
vn 0.2404 -0.9688 0.0597
vn 0.1179 0.0030 0.9930
vn 0.7188 -0.0108 -0.6951
vn 0.2003 -0.0002 0.9797
vn 0.1287 0.0942 0.9872
vn 0.5908 0.0122 0.8067
vn 0.3997 -0.2750 0.8744
vn 0.3415 -0.3397 0.8763
vn 0.4670 0.0068 0.8842
vn 0.4852 0.0404 0.8734
vn 0.5450 0.0101 0.8384
vn 0.4692 0.0075 0.8831
vn 0.4390 0.0074 0.8984
vn 0.0672 -0.0049 -0.9977
vn 0.0518 -0.0045 -0.9986
vn 0.0795 -0.0052 -0.9968
vn 0.0593 0.0711 -0.9957
vn -0.0981 0.1023 0.9899
vn -0.0633 0.0244 0.9977
vn 0.5103 0.0012 -0.8600
vn -0.2891 0.8382 0.4624
vn -0.2251 0.8107 0.5405
vn -0.0797 -0.6996 -0.7101
vn 0.9113 -0.0016 -0.4117
vn -0.3885 -0.0091 -0.9214
vn 0.0233 0.0243 0.9994
vn 0.1963 -0.9243 -0.3272
vn 0.1047 -0.9945 -0.0000
vn -0.0104 0.0012 0.9999
vn -0.0103 0.0032 0.9999
vn -0.0092 0.0004 1.0000
vn 0.0124 -0.0006 0.9999
vn -0.2077 0.0496 0.9769
vn 0.0829 -0.9847 -0.1534
vn 0.5864 0.8078 -0.0605
vn 0.5561 0.8282 -0.0701
vn -0.1657 -0.4704 0.8668
vn -0.0071 0.0021 1.0000
vn -0.2969 -0.9531 0.0593
vn 0.3744 0.0254 0.9269
vn -0.3779 0.8645 0.3313
vn 0.0056 -0.0035 -1.0000
vn -0.9338 0.2388 -0.2663
vn 0.0155 -0.0011 -0.9999
vn 0.0207 -0.0008 -0.9998
vn -0.0300 -0.0016 -0.9995
vn 0.0333 -0.0027 0.9994
vn 0.0190 -0.0462 0.9988
vn -0.0026 -0.0598 -0.9982
vn -0.0048 -0.0576 -0.9983
vn -0.0025 -0.0599 -0.9982
vn -0.0000 -0.0623 -0.9981
vn -0.7856 0.0030 0.6188
vn -0.4720 0.0047 0.8816
vn 0.3335 0.0859 0.9388
vn -0.0709 -0.0462 0.9964
vn -0.1809 0.0817 0.9801
vn -0.2104 0.0080 0.9776
vn 0.0148 0.0026 0.9999
vn 0.0357 0.1880 -0.9815
vn 0.1209 -0.0833 -0.9892
vn 0.8412 -0.0003 0.5407
vn -0.1159 -0.0267 -0.9929
vn 0.3475 0.0243 0.9374
vn 0.3468 0.0288 0.9375
vn 0.2564 0.0128 0.9665
vn -0.3982 -0.0312 0.9168
vn 0.7427 -0.1748 0.6464
vn 0.3777 -0.0069 -0.9259
vn 0.4084 -0.0074 -0.9128
vn -0.2173 0.1996 0.9555
vn -0.3141 0.0087 0.9493
vn 0.0429 -0.0688 -0.9967
vn -0.0528 -0.3224 -0.9451
vn -0.4057 -0.0031 0.9140
vn -0.3519 0.0123 0.9360
vn -0.4313 0.0119 0.9021
vn -0.3103 -0.0022 -0.9506
vn -0.0253 -0.0617 -0.9978
vn -0.0588 0.0118 -0.9982
vn -0.0556 -0.0301 -0.9980
vn -0.0484 -0.1253 -0.9909
vn -0.0276 -0.0018 -0.9996
vn -0.0259 -0.0172 -0.9995
vn -0.0140 -0.0016 -0.9999
vn -0.0986 0.0065 0.9951
vn -0.1018 0.0066 0.9948
vn -0.0120 0.0064 0.9999
vn 0.6559 -0.1777 -0.7336
vn -0.5001 0.8322 -0.2395
vn -0.3781 -0.0028 0.9258
vn -0.3505 0.1044 0.9307
vn -0.3631 0.0135 0.9316
vn -0.3691 0.0138 0.9293
vn -0.2890 -0.2364 -0.9277
vn -0.0300 0.0199 -0.9994
vn 0.7719 0.0017 -0.6357
vn -0.0222 0.0031 0.9997
vn 0.0002 0.0014 1.0000
vn 0.4009 -0.8678 0.2936
vn 0.6824 -0.6757 0.2788
vn -0.0585 -0.0639 -0.9962
vn -0.0658 -0.0072 -0.9978
vn -0.0187 -0.0127 -0.9997
vn 0.1260 0.0692 -0.9896
vn 0.1269 -0.0032 -0.9919
vn 0.3921 0.2081 0.8961
vn 0.9593 0.2789 0.0445
vn -0.0113 -0.5136 0.8579
vn 0.4470 0.8380 -0.3129
vn 0.0357 -0.0006 -0.9994
vn 0.0002 -0.0006 -1.0000
vn -0.3628 0.1183 0.9243
vn 0.5900 -0.0003 0.8074
vn 0.0117 0.0018 0.9999
vn 0.0380 0.0012 0.9993
vn 0.0116 0.0004 0.9999
vn 0.0115 0.0004 0.9999
vn -0.1089 -0.3206 0.9409
vn -0.0994 -0.0712 0.9925
vn 0.3714 -0.0567 -0.9268
vn -0.3638 -0.0052 -0.9315
vn 0.0618 0.1421 -0.9879
vn 0.3442 -0.8431 -0.4131
vn 0.4028 -0.0154 -0.9152
vn 0.3564 -0.0118 -0.9343
vn 0.3418 -0.0158 -0.9397
vn 0.3787 -0.1453 -0.9140
vn -0.9259 -0.0048 0.3777
vn -0.0708 -0.9564 -0.2834
vn 0.4718 0.0054 0.8817
vn -0.1474 -0.0100 -0.9890
vn -0.9752 -0.0095 -0.2210
vn -0.5289 0.8363 -0.1446
vn -0.5233 0.8415 -0.1340
vn -0.4340 0.0909 -0.8963
vn 0.7715 -0.5752 -0.2718
vn 0.3845 -0.0103 -0.9231
vn -0.4665 0.6896 -0.5540
vn -0.2183 -0.0049 -0.9759
vn 0.1498 -0.7007 -0.6975
vn -0.1162 0.0067 0.9932
vn 0.9397 0.0172 0.3417
vn 0.1271 0.0063 0.9919
vn 0.3131 -0.0141 0.9496
vn 0.2531 0.0018 0.9674
vn 0.4782 0.0002 0.8783
vn 0.5786 -0.0061 0.8156
vn -0.7041 0.0229 -0.7098
vn -0.0152 -0.1545 -0.9879
vn -0.0155 -0.1543 -0.9879
vn -0.0182 -0.1525 -0.9881
vn 0.0218 -0.0040 -0.9998
vn -0.0130 -0.1558 -0.9877
vn -0.0144 -0.0686 -0.9975
vn 0.0158 0.0475 0.9987
vn 0.6165 -0.0020 0.7874
vn -0.4995 -0.0097 0.8663
vn 0.0149 0.0059 0.9999
vn 0.1261 -0.0312 0.9915
vn 0.5175 -0.1366 0.8447
vn 0.8573 0.0019 -0.5149
vn 0.7366 0.0019 -0.6763
vn 0.3450 -0.0032 -0.9386
vn 0.3449 -0.0032 -0.9386
vn 0.5551 -0.0026 -0.8318
vn -0.0549 0.0052 0.9985
vn -0.0051 -0.0972 0.9953
vn -0.0321 -0.0823 0.9961
vn -0.0435 -0.0456 0.9980
vn -0.0396 0.0047 0.9992
vn 0.0197 0.0042 0.9998
vn -0.0080 -0.3365 -0.9416
vn 0.3325 -0.0010 -0.9431
vn 0.3229 -0.0012 -0.9464
vn 0.3227 -0.0012 -0.9465
vn 0.3512 0.0007 -0.9363
vn 0.3118 0.0004 -0.9501
vn 0.0167 -0.0416 0.9990
vn -0.0106 -0.0003 0.9999
vn -0.3536 -0.0106 -0.9353
vn -0.7823 -0.0912 0.6161
vn -0.7843 -0.1254 0.6076
vn 0.0438 -0.2265 0.9730
vn 0.0427 -0.1699 0.9845
vn 0.4179 -0.0567 -0.9067
vn 0.4231 -0.0128 -0.9060
vn -0.1311 0.0048 0.9914
vn -0.1287 -0.0193 0.9915
vn 0.0966 -0.9906 0.0967
vn -0.8239 0.0254 0.5661
vn -0.9370 0.0330 -0.3477
vn -0.9368 0.0330 -0.3483
vn -0.8306 -0.5339 0.1582
vn -0.8397 -0.5248 0.1399
vn 0.2003 0.0059 0.9797
vn 0.2412 0.0080 0.9705
vn 0.1033 -0.3179 0.9425
vn 0.2749 -0.0600 -0.9596
vn -0.2291 -0.9734 -0.0000
vn 0.0031 -0.0899 0.9959
vn -0.0156 -0.0313 0.9994
vn 0.3753 -0.0047 -0.9269
vn -0.5219 -0.0223 -0.8527
vn -0.2873 -0.0129 -0.9577
vn -0.4046 -0.0952 -0.9095
vn -0.6048 -0.0102 0.7963
vn -0.3763 0.0058 0.9265
vn -0.3747 0.0058 0.9271
vn 0.7532 0.0153 0.6576
vn -0.0800 0.0039 0.9968
vn -0.1683 -0.0026 0.9857
vn -0.0912 0.0009 0.9958
vn -0.0908 0.0009 0.9959
vn 0.0998 0.0351 0.9944
vn 0.1642 -0.0513 0.9851
vn 0.8888 0.0059 -0.4583
vn 0.9051 0.0067 -0.4251
vn 0.8235 0.0019 -0.5674
vn 0.3231 0.7937 -0.5154
vn 0.4344 0.8082 -0.3975
vn 0.5327 0.6792 -0.5049
vn 0.8160 -0.0201 0.5777
vn 0.9065 -0.0315 0.4210
vn 0.5640 -0.4036 -0.7204
vn -0.1725 -0.8889 -0.4245
vn 0.3090 -0.0015 -0.9511
vn -0.3252 -0.2763 -0.9044
vn 0.5976 0.3671 -0.7129
vn -0.0286 0.6310 -0.7753
vn -0.3123 -0.2391 -0.9194
vn -0.2391 -0.0084 -0.9710
vn -0.4547 0.0191 -0.8904
vn -0.0159 0.0033 0.9999
vn 0.1589 0.0030 -0.9873
vn 0.2937 0.0024 -0.9559
vn 0.3157 0.0045 -0.9489
vn -0.2847 -0.8846 0.3693
vn 0.3472 -0.0022 -0.9378
vn 0.3169 -0.0054 -0.9484
vn -0.0098 0.0968 -0.9953
vn -0.0427 0.0023 -0.9991
vn -0.0186 0.0021 -0.9998
vn -0.0326 0.0016 0.9995
vn 0.3843 0.0385 0.9224
vn -0.3385 0.1707 0.9254
vn -0.3750 0.0209 0.9268
vn -0.2395 0.5343 0.8106
vn -0.3792 -0.0120 -0.9252
vn -0.4132 0.0099 0.9106
vn 0.5388 -0.0023 0.8424
vn 0.4140 0.0073 0.9103
vn 0.4043 0.0058 0.9146
vn 0.3881 0.0058 0.9216
vn -0.1652 0.1159 -0.9794
vn -0.8058 0.4490 0.3861
vn -0.3267 -0.0077 -0.9451
vn -0.3631 -0.0108 -0.9317
vn -0.3408 -0.0081 -0.9401
vn -0.3109 -0.0053 -0.9504
vn -0.0249 0.0039 0.9997
vn -0.0415 0.0623 0.9972
vn 0.8975 0.0161 0.4407
vn -0.2332 0.0039 -0.9724
vn -0.2686 0.0067 -0.9632
vn 0.1130 -0.9889 0.0962
vn 0.0129 -0.9879 0.1546
vn -0.2319 0.9098 -0.3443
vn 0.2264 0.3167 -0.9211
vn 0.3131 -0.7045 -0.6369
vn 0.1249 -0.0061 -0.9922
vn 0.7599 -0.0181 -0.6498
vn 0.7368 -0.0166 -0.6759
vn -0.2815 0.9200 -0.2726
vn -0.0197 0.1336 -0.9908
vn 0.0178 0.0024 0.9998
vn 0.0177 0.0037 0.9998
vn -0.0311 0.0017 -0.9995
vn -0.3879 0.0115 0.9216
vn -0.0349 0.0019 0.9994
vn -0.1180 0.0068 0.9930
vn -0.2076 -0.6517 -0.7295
vn -0.1135 -0.0049 -0.9935
vn -0.0023 0.0417 -0.9991
vn -0.2870 -0.0057 -0.9579
vn 0.2222 -0.0437 0.9740
vn 0.0949 0.0054 0.9955
vn -0.0049 -0.0329 0.9994
vn 0.0470 -0.0067 -0.9989
vn 0.5379 -0.1466 0.8302
vn 0.0314 0.0963 0.9949
vn -0.2737 0.6060 -0.7469
vn -0.2063 0.0078 0.9784
vn -0.3573 -0.1622 -0.9198
vn 0.0145 -0.0010 -0.9999
vn 0.9249 -0.2112 0.3163
vn -0.3735 -0.0113 -0.9276
vn -0.3776 -0.0119 -0.9259
vn -0.1041 0.0208 -0.9943
vn -0.3700 -0.1213 -0.9211
vn 0.5903 -0.0165 -0.8070
vn -0.2782 0.1520 0.9484
vn -0.3217 0.0091 0.9468
vn -0.0212 0.1344 -0.9907
vn 0.7728 0.0018 -0.6346
vn -0.7186 0.0027 -0.6954
vn -0.0152 -0.0009 -0.9999
vn -0.3105 -0.0095 -0.9505
vn -0.3691 -0.0078 -0.9294
vn -0.3799 -0.0088 -0.9250
vn 0.0491 -0.7762 0.6285
vn 0.4315 0.0150 -0.9020
vn -0.3487 -0.1162 -0.9300
vn -0.2753 0.0068 0.9613
vn -0.0141 -0.0009 -0.9999
vn 0.0134 -0.0024 -0.9999
vn -0.0291 -0.0024 -0.9996
vn 0.0345 -0.0038 -0.9994
vn 0.0344 -0.0038 -0.9994
vn 0.2798 0.1673 0.9454
vn 0.2822 0.1882 0.9407
vn -0.2672 -0.0077 -0.9636
vn -0.3360 -0.0567 -0.9402
vn 0.0661 -0.0044 -0.9978
vn 0.4475 0.2735 -0.8515
vn -0.2971 -0.9143 -0.2752
vn 0.0805 -0.9043 0.4193
vn 0.2180 -0.9478 0.2327
vn 0.4362 -0.8040 0.4041
vn -0.7085 -0.5944 -0.3805
vn -0.4616 0.0061 0.8871
vn -0.4649 -0.1098 0.8785
vn -0.4996 -0.0052 0.8662
vn 0.3247 -0.8450 -0.4248
vn 0.4925 -0.5533 -0.6718
vn 0.5946 0.5616 -0.5753
vn 0.3948 0.5733 -0.7179
vt 0.051116 0.949979
vt 0.049125 0.950084
vt 0.051103 0.948028
vt 0.053872 0.959156
vt 0.050680 0.957040
vt 0.054561 0.949678
vt 0.045550 0.270443
vt 0.051608 0.272232
vt 0.046880 0.273543
vt 0.049357 0.269205
vt 0.968847 0.779064
vt 0.977265 0.846727
vt 0.969946 0.848367
vt 0.963855 0.778662
vt 0.727904 0.897988
vt 0.721112 0.892307
vt 0.726729 0.892645
vt 0.972500 0.779850
vt 0.682213 0.178733
vt 0.682213 0.001386
vt 0.690428 0.177208
vt 0.640288 0.954974
vt 0.642302 0.944362
vt 0.643688 0.955772
vt 0.044683 0.711031
vt 0.037254 0.712049
vt 0.037254 0.535684
vt 0.640933 0.966444
vt 0.637565 0.942545
vt 0.691869 0.178733
vt 0.684179 0.003397
vt 0.691869 0.001387
vt 0.797188 0.448891
vt 0.802857 0.450736
vt 0.797188 0.609710
vt 0.801415 0.642888
vt 0.795054 0.802856
vt 0.795054 0.642034
vt 0.519441 0.196030
vt 0.519441 0.000311
vt 0.527550 0.001362
vt 0.125401 0.000211
vt 0.125401 0.010090
vt 0.121864 0.001958
vt 0.074877 0.247278
vt 0.076899 0.243855
vt 0.082290 0.251281
vt 0.078883 0.254830
vt 0.726251 0.837450
vt 0.726251 0.678653
vt 0.732228 0.836997
vt 0.223370 0.212010
vt 0.220384 0.211815
vt 0.223416 0.202842
vt 0.223416 0.221062
vt 0.220450 0.220654
vt 0.688699 0.689729
vt 0.694752 0.689283
vt 0.694752 0.846098
vt 0.128574 0.433002
vt 0.135491 0.614111
vt 0.128574 0.616917
vt 0.418743 0.935842
vt 0.415806 0.947106
vt 0.414559 0.936717
vt 0.582323 0.389176
vt 0.573144 0.197230
vt 0.582323 0.194985
vt 0.418161 0.920020
vt 0.422329 0.916002
vt 0.409628 0.393749
vt 0.415121 0.200550
vt 0.415121 0.399266
vt 0.210559 0.428540
vt 0.220533 0.437340
vt 0.210559 0.619799
vt 0.096603 0.245437
vt 0.095746 0.239086
vt 0.098119 0.245253
vt 0.110081 0.089109
vt 0.110845 0.080158
vt 0.113870 0.089366
vt 0.092862 0.246141
vt 0.093081 0.236458
vt 0.108673 0.088554
vt 0.198861 0.094966
vt 0.203300 0.093840
vt 0.202513 0.107565
vt 0.176577 0.311153
vt 0.176364 0.321734
vt 0.172060 0.312018
vt 0.197928 0.107191
vt 0.648792 0.934285
vt 0.640810 0.931996
vt 0.655834 0.854643
vt 0.655834 0.935465
vt 0.697554 0.942080
vt 0.697142 0.945640
vt 0.687105 0.942950
vt 0.912402 0.923934
vt 0.903336 0.844786
vt 0.912402 0.842848
vt 0.707254 0.945952
vt 0.709166 0.941846
vt 0.915285 0.061225
vt 0.910399 0.185940
vt 0.900596 0.061225
vt 0.688297 0.845567
vt 0.706367 0.364673
vt 0.706367 0.188437
vt 0.713490 0.189717
vt 0.000848 0.403590
vt 0.002880 0.396100
vt 0.200354 0.403590
vt 0.729345 0.043393
vt 0.716092 0.213326
vt 0.723228 0.040426
vt 0.981589 0.491131
vt 0.976745 0.491525
vt 0.977006 0.482851
vt 0.096573 0.088767
vt 0.096573 0.099456
vt 0.092199 0.098034
vt 0.980756 0.500335
vt 0.950860 0.106289
vt 0.952486 0.095401
vt 0.951638 0.108263
vt 0.951022 0.094678
vt 0.950067 0.119054
vt 0.949148 0.104752
vt 0.948441 0.116836
vt 0.300512 0.061419
vt 0.296816 0.059697
vt 0.297704 0.058600
vt 0.271220 0.316045
vt 0.272034 0.316914
vt 0.270880 0.319851
vt 0.270328 0.317729
vt 0.296888 0.061384
vt 0.300540 0.062955
vt 0.301251 0.060255
vt 0.041560 0.012973
vt 0.044109 0.003003
vt 0.046125 0.012973
vt 0.147734 0.236349
vt 0.149603 0.234792
vt 0.147884 0.245037
vt 0.929042 0.726238
vt 0.926137 0.719053
vt 0.928797 0.717238
vt 0.217488 0.230605
vt 0.213180 0.235315
vt 0.209853 0.234744
vt 0.930810 0.724508
vt 0.924707 0.727904
vt 0.418565 0.909385
vt 0.410170 0.905305
vt 0.422402 0.905220
vt 0.408887 0.908694
vt 0.066725 0.130752
vt 0.074405 0.131742
vt 0.072676 0.133879
vt 0.068471 0.128454
vt 0.424154 0.915768
vt 0.064240 0.126610
vt 0.556352 0.842248
vt 0.557820 0.693053
vt 0.557820 0.843216
vt 0.481426 0.991679
vt 0.475819 0.988659
vt 0.478830 0.988160
vt 0.254595 0.210220
vt 0.252494 0.207348
vt 0.255280 0.202987
vt 0.543406 0.830153
vt 0.540353 0.830243
vt 0.540353 0.680994
vt 0.250422 0.210443
vt 0.360781 0.715493
vt 0.361790 0.860498
vt 0.360781 0.860512
vt 0.297956 0.955218
vt 0.293953 0.956682
vt 0.299079 0.950338
vt 0.299843 0.956521
vt 0.298745 0.960201
vt 0.296072 0.960039
vt 0.300323 0.954022
vt 0.236105 0.883930
vt 0.246478 0.753110
vt 0.246478 0.885016
vt 0.936173 0.964299
vt 0.931791 0.958842
vt 0.933336 0.955839
vt 0.942672 0.971116
vt 0.934223 0.966624
vt 0.312587 0.206119
vt 0.312587 0.122203
vt 0.317107 0.122598
vt 0.384636 0.774976
vt 0.393501 0.775796
vt 0.384636 0.906637
vt 0.692144 0.958353
vt 0.694370 0.959430
vt 0.694394 0.969117
vt 0.692812 0.966820
vt 0.688711 0.956542
vt 0.682490 0.950177
vt 0.696900 0.951729
vt 0.965437 0.673297
vt 0.974330 0.681964
vt 0.969360 0.678709
vt 0.980467 0.206568
vt 0.984472 0.206531
vt 0.979313 0.216357
vt 0.147445 0.314184
vt 0.148792 0.315189
vt 0.149336 0.326229
vt 0.977650 0.216302
vt 0.979069 0.205015
vt 0.145446 0.326602
vt 0.143460 0.314622
vt 0.254013 0.154961
vt 0.263110 0.155408
vt 0.253790 0.156473
vt 0.262438 0.151329
vt 0.263729 0.153839
vt 0.980980 0.199458
vt 0.980088 0.191764
vt 0.984472 0.198317
vt 0.979283 0.199651
vt 0.252507 0.151898
vt 0.197384 0.948820
vt 0.200173 0.939976
vt 0.200354 0.949328
vt 0.197800 0.956413
vt 0.195493 0.951465
vt 0.426653 0.925243
vt 0.426070 0.931650
vt 0.424318 0.932438
vt 0.195338 0.941620
vt 0.421586 0.931784
vt 0.958439 0.124763
vt 0.957063 0.204787
vt 0.957183 0.124231
vt 0.991679 0.090407
vt 0.992941 0.095365
vt 0.990298 0.094058
vt 0.993691 0.091558
vt 0.960716 0.124278
vt 0.958087 0.205058
vt 0.994454 0.089178
vt 0.113276 0.101403
vt 0.117550 0.100117
vt 0.118348 0.108594
vt 0.112748 0.109628
vt 0.111366 0.100907
vt 0.116753 0.205707
vt 0.116506 0.213768
vt 0.113037 0.206292
vt 0.114490 0.110062
vt 0.113108 0.095101
vt 0.969309 0.896547
vt 0.967033 0.882503
vt 0.970900 0.895774
vt 0.777793 0.947669
vt 0.778979 0.947053
vt 0.779829 0.962220
vt 0.777877 0.962818
vt 0.775902 0.948627
vt 0.158553 0.192007
vt 0.155662 0.193147
vt 0.155662 0.176418
vt 0.157419 0.176169
vt 0.208474 0.307017
vt 0.209439 0.299963
vt 0.211696 0.298779
vt 0.970776 0.380693
vt 0.972270 0.380316
vt 0.978707 0.389176
vt 0.970274 0.370733
vt 0.971753 0.368794
vt 0.968701 0.381210
vt 0.965441 0.388803
vt 0.290670 0.353954
vt 0.293667 0.351076
vt 0.292932 0.354034
vt 0.288247 0.356867
vt 0.307293 0.959048
vt 0.306855 0.962836
vt 0.305892 0.962593
vt 0.289082 0.351036
vt 0.286605 0.354308
vt 0.485986 0.918168
vt 0.485986 0.831544
vt 0.492957 0.832432
vt 0.945680 0.092843
vt 0.945442 0.082119
vt 0.949038 0.094816
vt 0.026808 0.331414
vt 0.037476 0.199763
vt 0.037476 0.332962
vt 0.946075 0.103994
vt 0.893799 0.554528
vt 0.905195 0.556080
vt 0.893799 0.687545
vt 0.403590 0.403590
vt 0.203749 0.403502
vt 0.400089 0.398591
vt 0.451449 0.269583
vt 0.458475 0.463537
vt 0.451449 0.467012
vt 0.037476 0.961143
vt 0.035363 0.968136
vt 0.033610 0.960210
vt 0.036659 0.952700
vt 0.433912 0.400976
vt 0.439625 0.398263
vt 0.439625 0.590972
vt 0.270982 0.285151
vt 0.270121 0.294116
vt 0.266281 0.291837
vt 0.465570 0.460060
vt 0.315652 0.974341
vt 0.316254 0.962795
vt 0.320981 0.961154
vt 0.322800 0.973115
vt 0.513329 0.296927
vt 0.513329 0.100933
vt 0.521785 0.295720
vt 0.315701 0.981589
vt 0.513136 0.468677
vt 0.506088 0.471336
vt 0.506088 0.275257
vt 0.596737 0.194588
vt 0.587626 0.004050
vt 0.596737 0.001422
vt 0.462267 0.933392
vt 0.462936 0.921855
vt 0.463692 0.932889
vt 0.461841 0.946479
vt 0.460434 0.940407
vt 0.459727 0.929942
vt 0.461379 0.923203
vt 0.463079 0.946038
vt 0.971368 0.071833
vt 0.973288 0.072675
vt 0.970657 0.076638
vt 0.973437 0.069369
vt 0.973446 0.071317
vt 0.967605 0.071274
vt 0.971117 0.069307
vt 0.967510 0.076218
vt 0.276748 0.285396
vt 0.162417 0.264970
vt 0.163367 0.264610
vt 0.263775 0.116299
vt 0.263202 0.116753
vt 0.263202 0.032409
vt 0.629686 0.942122
vt 0.540913 0.943173
vt 0.541461 0.942401
vt 0.629547 0.943574
vt 0.542008 0.944273
vt 0.629197 0.941445
vt 0.164232 0.264034
vt 0.368997 0.204881
vt 0.368997 0.288279
vt 0.367728 0.204721
vt 0.800675 0.971970
vt 0.802771 0.984470
vt 0.802075 0.988796
vt 0.801881 0.969209
vt 0.018908 0.801990
vt 0.020031 0.784274
vt 0.021621 0.794948
vt 0.237329 0.281044
vt 0.242236 0.290166
vt 0.239037 0.293391
vt 0.924044 0.981589
vt 0.925232 0.977251
vt 0.931280 0.971774
vt 0.021621 0.807181
vt 0.789751 0.961759
vt 0.227975 0.187109
vt 0.224089 0.189373
vt 0.226375 0.183677
vt 0.096573 0.618358
vt 0.094001 0.615520
vt 0.096573 0.433551
vt 0.229062 0.192388
vt 0.232064 0.618358
vt 0.228304 0.428257
vt 0.232064 0.427688
vt 0.361524 0.615511
vt 0.364673 0.430212
vt 0.364673 0.616917
vt 0.229182 0.181243
vt 0.009394 0.057656
vt 0.007496 0.049208
vt 0.007179 0.042280
vt 0.010090 0.054777
vt 0.169165 0.294577
vt 0.162767 0.285438
vt 0.163032 0.283808
vt 0.168570 0.291773
vt 0.169434 0.299131
vt 0.170767 0.283713
vt 0.197471 0.433448
vt 0.191548 0.614034
vt 0.191548 0.430676
vt 0.005861 0.979519
vt 0.008644 0.984388
vt 0.004056 0.986637
vt 0.009782 0.977161
vt 0.006694 0.970864
vt 0.064863 0.821595
vt 0.060245 0.819680
vt 0.064863 0.664877
vt 0.846605 0.157112
vt 0.846605 0.000779
vt 0.851864 0.001196
vt 0.610548 0.616909
vt 0.613631 0.427813
vt 0.612486 0.616909
vt 0.222680 0.428741
vt 0.226299 0.429212
vt 0.222680 0.619799
vt 0.597529 0.596737
vt 0.597529 0.403341
vt 0.599620 0.405315
vt 0.542388 0.964579
vt 0.543133 0.965963
vt 0.541839 0.966079
vt 0.540937 0.965300
vt 0.541285 0.961831
vt 0.960518 0.291228
vt 0.965749 0.365259
vt 0.959983 0.365860
vt 0.924602 0.007140
vt 0.936738 0.009823
vt 0.923706 0.010833
vt 0.952736 0.291529
vt 0.916594 0.000758
vt 0.938279 0.006268
vt 0.967175 0.289932
vt 0.984024 0.124517
vt 0.981020 0.132754
vt 0.979702 0.122883
vt 0.984472 0.132942
vt 0.984472 0.117980
vt 0.704693 0.850422
vt 0.704693 0.696344
vt 0.710607 0.849527
vt 0.860512 0.290758
vt 0.855603 0.291162
vt 0.855603 0.139028
vt 0.862613 0.715078
vt 0.867719 0.862542
vt 0.862613 0.864836
vt 0.929458 0.565173
vt 0.932138 0.565824
vt 0.930348 0.575040
vt 0.928731 0.556692
vt 0.930609 0.556829
vt 0.927725 0.566851
vt 0.927263 0.557782
vt 0.533316 0.275306
vt 0.525140 0.082860
vt 0.533316 0.079712
vt 0.316935 0.949574
vt 0.320833 0.950027
vt 0.521780 0.533316
vt 0.521780 0.337722
vt 0.531874 0.531211
vt 0.047769 0.313267
vt 0.050882 0.306325
vt 0.056563 0.306732
vt 0.175958 0.834567
vt 0.175958 0.675330
vt 0.181616 0.833683
vt 0.102339 0.038918
vt 0.096703 0.037938
vt 0.101184 0.028676
vt 0.768263 0.590972
vt 0.761699 0.427783
vt 0.768263 0.427388
vt 0.806006 0.103493
vt 0.812946 0.101633
vt 0.812675 0.262334
vt 0.999970 0.005708
vt 0.990298 0.005708
vt 0.998370 0.000669
vt 0.385992 0.601061
vt 0.385992 0.417221
vt 0.387735 0.417745
vt 0.172254 0.959102
vt 0.172074 0.957912
vt 0.173716 0.957877
vt 0.170077 0.959539
vt 0.681588 0.465570
vt 0.681588 0.293975
vt 0.683221 0.465085
vt 0.740393 0.319437
vt 0.742318 0.319468
vt 0.740393 0.491515
vt 0.317438 0.267815
vt 0.316177 0.260905
vt 0.318842 0.268179
vt 0.978509 0.173739
vt 0.978468 0.182016
vt 0.976802 0.175007
vt 0.313559 0.263464
vt 0.315099 0.260213
vt 0.316469 0.269541
vt 0.979804 0.174642
vt 0.745313 0.899553
vt 0.741437 0.978170
vt 0.734609 0.978155
vt 0.668772 0.849750
vt 0.676656 0.943820
vt 0.667346 0.944132
vt 0.678679 0.848119
vt 0.752408 0.899576
vt 0.737070 0.899954
vt 0.660190 0.850719
vt 0.404439 0.952777
vt 0.406163 0.948069
vt 0.406771 0.950724
vt 0.001290 0.386777
vt 0.002680 0.384358
vt 0.201795 0.389176
vt 0.407449 0.954968
vt 0.402669 0.949917
vt 0.002292 0.389176
vt 0.404637 0.957969
vt 0.763685 0.974223
vt 0.755951 0.977184
vt 0.756895 0.975476
vt 0.045238 0.049007
vt 0.045238 0.037796
vt 0.047566 0.037903
vt 0.765446 0.970163
vt 0.762895 0.976747
vt 0.769625 0.969384
vt 0.772587 0.983031
vt 0.995813 0.024026
vt 0.998854 0.026361
vt 0.994633 0.024428
vt 0.992467 0.020170
vt 0.995974 0.023139
vt 0.999271 0.023973
vt 0.246014 0.312177
vt 0.245737 0.302176
vt 0.248711 0.313051
vt 0.143390 0.177291
vt 0.142719 0.164703
vt 0.147022 0.166262
vt 0.241369 0.312380
vt 0.237329 0.321431
vt 0.140940 0.163502
vt 0.141547 0.174734
vt 0.990298 0.085107
vt 0.998146 0.085107
vt 0.992477 0.089117
vt 0.761056 0.507100
vt 0.756672 0.668807
vt 0.756672 0.504816
vt 0.289353 0.363231
vt 0.285203 0.363231
vt 0.287828 0.359010
vt 0.759615 0.763939
vt 0.756404 0.761630
vt 0.759615 0.600897
vt 0.224857 0.583223
vt 0.224857 0.750966
vt 0.220332 0.749593
vt 0.296273 0.358223
vt 0.205301 0.776933
vt 0.211885 0.615702
vt 0.211885 0.778353
vt 0.143126 0.017975
vt 0.140685 0.010621
vt 0.143346 0.010946
vt 0.140487 0.020336
vt 0.779011 0.785560
vt 0.779011 0.623380
vt 0.784118 0.624273
vt 0.143042 0.031357
vt 0.779236 0.165016
vt 0.784118 0.165433
vt 0.779236 0.327196
vt 0.780734 0.986632
vt 0.779388 0.974354
vt 0.782524 0.981188
vt 0.033476 0.921384
vt 0.034177 0.930891
vt 0.030217 0.931782
vt 0.777189 0.975183
vt 0.778817 0.987845
vt 0.027789 0.922622
vt 0.034111 0.917110
vt 0.952754 0.887254
vt 0.958662 0.887691
vt 0.958509 0.966876
vt 0.953134 0.966985
vt 0.189786 0.216428
vt 0.193021 0.217111
vt 0.189460 0.224546
vt 0.192980 0.211758
vt 0.189460 0.211587
vt 0.949074 0.887288
vt 0.801776 0.955221
vt 0.800555 0.952877
vt 0.801332 0.933873
vt 0.802687 0.933758
vt 0.803649 0.954995
vt 0.800113 0.962681
vt 0.802566 0.962729
vt 0.063421 0.155669
vt 0.058389 0.161264
vt 0.057586 0.160567
vt 0.970017 0.106812
vt 0.966306 0.105467
vt 0.963573 0.094431
vt 0.966865 0.095173
vt 0.973323 0.096972
vt 0.971331 0.107542
vt 0.967746 0.117709
vt 0.603862 0.891219
vt 0.608841 0.892525
vt 0.597339 0.898612
vt 0.066929 0.605510
vt 0.073511 0.767369
vt 0.066929 0.768263
vt 0.604920 0.879467
vt 0.610236 0.879732
vt 0.292914 0.615064
vt 0.299810 0.613670
vt 0.299810 0.776911
vt 0.188823 0.615597
vt 0.188823 0.778353
vt 0.182009 0.616978
vt 0.296727 0.113193
vt 0.291991 0.108353
vt 0.294478 0.107233
vt 0.018685 0.152788
vt 0.010975 0.067504
vt 0.018738 0.067504
vt 0.906096 0.031291
vt 0.904250 0.021177
vt 0.907690 0.026999
vt 0.127356 0.858126
vt 0.149905 0.726235
vt 0.137859 0.859691
vt 0.870051 0.001150
vt 0.879250 0.001234
vt 0.870051 0.135491
vt 0.909257 0.038918
vt 0.158839 0.058056
vt 0.160349 0.055011
vt 0.159315 0.064863
vt 0.158676 0.048893
vt 0.160402 0.047992
vt 0.233573 0.021745
vt 0.234947 0.028528
vt 0.233582 0.029979
vt 0.157339 0.058015
vt 0.232052 0.021815
vt 0.145195 0.003009
vt 0.148129 0.001011
vt 0.139036 0.010917
vt 0.099374 0.866146
vt 0.101515 0.867159
vt 0.100621 0.874682
vt 0.094814 0.859577
vt 0.137884 0.008946
vt 0.098425 0.869231
vt 0.986946 0.746738
vt 0.983143 0.755825
vt 0.982146 0.744815
vt 0.747508 0.977088
vt 0.988796 0.737337
vt 0.987522 0.754934
vt 0.253318 0.179944
vt 0.247252 0.188334
vt 0.246422 0.179909
vt 0.253226 0.171493
vt 0.252755 0.187564
vt 0.255000 0.182940
vt 0.284227 0.967469
vt 0.278384 0.967996
vt 0.279401 0.892718
vt 0.285760 0.891905
vt 0.309455 0.758389
vt 0.318548 0.890071
vt 0.309455 0.890781
vt 0.259451 0.030723
vt 0.259451 0.115312
vt 0.253591 0.031359
vt 0.289109 0.966860
vt 0.163743 0.156521
vt 0.168643 0.155875
vt 0.168643 0.240713
vt 0.402637 0.945554
vt 0.402637 0.864714
vt 0.409356 0.864958
vt 0.928291 0.846285
vt 0.931037 0.845499
vt 0.931508 0.852333
vt 0.494398 0.908078
vt 0.488025 0.907545
vt 0.494398 0.829765
vt 0.926672 0.838035
vt 0.930125 0.855470
vt 0.971500 0.209428
vt 0.968249 0.287709
vt 0.965766 0.209134
vt 0.167002 0.274044
vt 0.165969 0.272478
vt 0.168990 0.271206
vt 0.170358 0.272000
vt 0.163162 0.276466
vt 0.168059 0.275744
vt 0.047654 0.285396
vt 0.154410 0.253478
vt 0.162337 0.255878
vt 0.223335 0.197175
vt 0.221010 0.194980
vt 0.221812 0.188600
vt 0.973821 0.902431
vt 0.982702 0.895540
vt 0.982049 0.899770
vt 0.999848 0.009593
vt 0.997497 0.011203
vt 0.990298 0.009593
vt 0.973802 0.899435
vt 0.107917 0.093270
vt 0.110153 0.100759
vt 0.972386 0.904321
vt 0.066304 0.210072
vt 0.064540 0.219092
vt 0.064540 0.207529
vt 0.748492 0.190750
vt 0.750966 0.192707
vt 0.748492 0.360349
vt 0.710338 0.344931
vt 0.714931 0.176293
vt 0.714931 0.347376
vt 0.162878 0.006340
vt 0.162693 0.014233
vt 0.158961 0.008602
vt 0.581081 0.755290
vt 0.581081 0.587740
vt 0.585206 0.588677
vt 0.185632 0.274122
vt 0.180680 0.274970
vt 0.181825 0.271157
vt 0.185940 0.278670
vt 0.537089 0.968876
vt 0.537261 0.970868
vt 0.533898 0.969217
vt 0.538773 0.965708
vt 0.540085 0.967180
vt 0.540117 0.968700
vt 0.247317 0.000289
vt 0.255127 0.001851
vt 0.247317 0.085042
vt 0.122936 0.899806
vt 0.123818 0.899416
vt 0.122383 0.988253
vt 0.112971 0.987323
vt 0.114042 0.897624
vt 0.043242 0.860774
vt 0.043242 0.945554
vt 0.042487 0.861136
vt 0.100004 0.000271
vt 0.126324 0.131942
vt 0.125017 0.132604
vt 0.514463 0.749525
vt 0.514463 0.582269
vt 0.518902 0.748148
vt 0.977774 0.338487
vt 0.974713 0.337783
vt 0.977158 0.332234
vt 0.978707 0.345280
vt 0.975529 0.345632
vt 0.045770 0.601372
vt 0.049007 0.762579
vt 0.045770 0.763939
vt 0.751173 0.247840
vt 0.755290 0.246926
vt 0.755290 0.413680
vt 0.070465 0.973033
vt 0.073089 0.985913
vt 0.069731 0.977965
vt 0.068456 0.971383
vt 0.067719 0.964530
vt 0.069871 0.964375
vt 0.074078 0.967738
vt 0.075702 0.975560
vt 0.432222 0.397825
vt 0.432222 0.199838
vt 0.441067 0.396088
vt 0.315652 0.937842
vt 0.319638 0.937613
vt 0.305362 0.335490
vt 0.309456 0.322413
vt 0.309323 0.335057
vt 0.306122 0.322628
vt 0.428071 0.000927
vt 0.438184 0.195253
vt 0.428071 0.198912
vt 0.484088 0.199115
vt 0.492957 0.196947
vt 0.492957 0.393501
vt 0.967785 0.029890
vt 0.971399 0.029671
vt 0.971170 0.039691
vt 0.616779 0.805800
vt 0.622682 0.646477
vt 0.622682 0.807181
vt 0.966917 0.040263
vt 0.967689 0.021125
vt 0.008648 0.618358
vt 0.000733 0.615633
vt 0.008648 0.432043
vt 0.757884 0.503047
vt 0.757884 0.338461
vt 0.763939 0.339374
vt 0.094052 0.110882
vt 0.095132 0.114946
vt 0.093099 0.114626
vt 0.439832 0.903754
vt 0.439832 0.820466
vt 0.443949 0.820647
vt 0.356024 0.888647
vt 0.349568 0.889340
vt 0.349568 0.758448
vt 0.091344 0.110262
vt 0.092398 0.104492
vt 0.229375 0.895106
vt 0.229375 0.764864
vt 0.233506 0.894392
vt 0.262923 0.157741
vt 0.269754 0.164319
vt 0.261502 0.161635
vt 0.270982 0.158750
vt 0.253920 0.158255
vt 0.270782 0.160819
vt 0.213869 0.214238
vt 0.217507 0.217167
vt 0.213924 0.221975
vt 0.213262 0.206290
vt 0.026605 0.679136
vt 0.031711 0.679554
vt 0.026605 0.837450
vt 0.417742 0.956389
vt 0.412416 0.954086
vt 0.415580 0.950104
vt 0.380556 0.394942
vt 0.380556 0.194998
vt 0.390618 0.387792
vt 0.422329 0.974382
vt 0.416092 0.962109
vt 0.374762 0.201795
vt 0.368511 0.002331
vt 0.374762 0.000904
vt 0.359421 0.369417
vt 0.361790 0.372800
vt 0.160872 0.374762
vt 0.100898 0.229291
vt 0.100202 0.235080
vt 0.098898 0.234320
vt 0.097484 0.233626
vt 0.750333 0.979199
vt 0.943454 0.780237
vt 0.946555 0.859369
vt 0.939056 0.780329
vt 0.997756 0.019262
vt 0.993921 0.019331
vt 0.163513 0.335845
vt 0.164572 0.329408
vt 0.167973 0.334646
vt 0.946002 0.780180
vt 0.205928 0.299387
vt 0.209624 0.288920
vt 0.976163 0.380981
vt 0.203023 0.306859
vt 0.063421 0.621000
vt 0.060382 0.779794
vt 0.060382 0.618193
vt 0.296927 0.352288
vt 0.293958 0.355184
vt 0.295765 0.351025
vt 0.269328 0.592413
vt 0.270445 0.428105
vt 0.273865 0.429073
vt 0.233506 0.798532
vt 0.232316 0.798532
vt 0.232649 0.638831
vt 0.269328 0.428103
vt 0.948437 0.625565
vt 0.935844 0.546462
vt 0.948437 0.543968
vt 0.152958 0.272179
vt 0.156626 0.270107
vt 0.160907 0.293805
vt 0.239353 0.147277
vt 0.185397 0.263775
vt 0.221461 0.133427
vt 0.125065 0.325270
vt 0.134728 0.317408
vt 0.128561 0.330314
vt 0.229706 0.132470
vt 0.242154 0.140963
vt 0.054894 0.324677
vt 0.221418 0.050703
vt 0.226299 0.053353
vt 0.222010 0.059729
vt 0.114885 0.244119
vt 0.113058 0.247055
vt 0.113667 0.237110
vt 0.116290 0.235665
vt 0.119636 0.246894
vt 0.219511 0.053627
vt 0.158453 0.119991
vt 0.152945 0.122012
vt 0.157395 0.118529
vt 0.757528 0.896661
vt 0.758717 0.896625
vt 0.759615 0.964629
vt 0.758729 0.964790
vt 0.755954 0.896228
vt 0.153609 0.123224
vt 0.158553 0.122463
vt 0.005960 0.028466
vt 0.008283 0.038918
vt 0.005960 0.036862
vt 0.432870 0.965659
vt 0.428268 0.971500
vt 0.432503 0.957492
vt 0.433201 0.950342
vt 0.435249 0.952631
vt 0.439625 0.971500
vt 0.010090 0.035487
vt 0.648714 0.973300
vt 0.646453 0.971164
vt 0.647697 0.959868
vt 0.644295 0.984071
vt 0.643366 0.983499
vt 0.076252 0.309900
vt 0.075939 0.300017
vt 0.081565 0.299358
vt 0.655130 0.972342
vt 0.660159 0.980683
vt 0.930690 0.547815
vt 0.933980 0.554985
vt 0.990577 0.042514
vt 0.992355 0.041436
vt 0.999167 0.047128
vt 0.928798 0.546840
vt 0.934328 0.545673
vt 0.990298 0.047128
vt 0.215552 0.283436
vt 0.212845 0.292104
vt 0.210938 0.286109
vt 0.899586 0.006947
vt 0.905372 0.014526
vt 0.899342 0.011683
vt 0.220533 0.279924
vt 0.217063 0.289573
vt 0.907005 0.011733
vt 0.219705 0.277664
vt 0.874535 0.297764
vt 0.869749 0.307727
vt 0.866242 0.308601
vt 0.864933 0.308581
vt 0.874926 0.296161
vt 0.108974 0.255686
vt 0.113870 0.248205
vt 0.113870 0.257737
vt 0.108844 0.265216
vt 0.108674 0.254184
vt 0.174409 0.925243
vt 0.170674 0.938839
vt 0.168704 0.937296
vt 0.671980 0.946223
vt 0.672075 0.956594
vt 0.669107 0.955884
vt 0.337286 0.930907
vt 0.334953 0.929617
vt 0.337286 0.916126
vt 0.031711 0.161228
vt 0.029560 0.160341
vt 0.031225 0.145144
vt 0.029560 0.175850
vt 0.335768 0.945554
vt 0.486785 0.916151
vt 0.487063 0.990238
vt 0.481593 0.990238
vt 0.492468 0.917260
vt 0.111409 0.151213
vt 0.115312 0.151425
vt 0.111409 0.159995
vt 0.299810 0.826849
vt 0.293215 0.912403
vt 0.293215 0.825236
vt 0.111787 0.142305
vt 0.975456 0.870780
vt 0.973301 0.870388
vt 0.979603 0.859324
vt 0.205581 0.001500
vt 0.206110 0.013336
vt 0.204479 0.011862
vt 0.201474 0.012395
vt 0.977225 0.871847
vt 0.202665 0.001291
vt 0.207403 0.002622
vt 0.460082 0.949433
vt 0.459764 0.959303
vt 0.455130 0.959054
vt 0.461967 0.957777
vt 0.456757 0.949397
vt 0.831381 0.041245
vt 0.837450 0.042066
vt 0.831381 0.200354
vt 0.088587 0.229291
vt 0.095278 0.234042
vt 0.753999 0.973906
vt 0.761063 0.966596
vt 0.755867 0.974798
vt 0.748983 0.978598
vt 0.375861 0.862357
vt 0.376185 0.880572
vt 0.373424 0.864322
vt 0.378468 0.863430
vt 0.377715 0.881278
vt 0.055702 0.003470
vt 0.053762 0.023062
vt 0.053024 0.002605
vt 0.057656 0.021946
vt 0.057656 0.001032
vt 0.287875 0.102892
vt 0.289283 0.111492
vt 0.287929 0.112829
vt 0.285021 0.104590
vt 0.283648 0.099164
vt 0.284627 0.113870
vt 0.286755 0.096334
vt 0.289960 0.101790
vt 0.919960 0.952429
vt 0.918904 0.961696
vt 0.914725 0.959828
vt 0.936206 0.603299
vt 0.942672 0.602791
vt 0.935373 0.693309
vt 0.928044 0.693016
vt 0.929287 0.604911
vt 0.916439 0.950624
vt 0.923934 0.946492
vt 0.983589 0.215607
vt 0.423800 0.435634
vt 0.430977 0.434207
vt 0.430977 0.615475
vt 0.642892 0.550613
vt 0.642892 0.371794
vt 0.648627 0.549259
vt 0.488633 0.674572
vt 0.483466 0.498909
vt 0.488633 0.496600
vt 0.968812 0.975251
vt 0.970853 0.975547
vt 0.968786 0.983031
vt 0.607527 0.870542
vt 0.611944 0.879205
vt 0.971214 0.964873
vt 0.956065 0.981841
vt 0.964874 0.974014
vt 0.174930 0.975249
vt 0.174964 0.966299
vt 0.177966 0.966020
vt 0.173426 0.978063
vt 0.173774 0.970562
vt 0.174983 0.983654
vt 0.178733 0.974267
vt 0.149817 0.217133
vt 0.148492 0.217795
vt 0.149402 0.209057
vt 0.148359 0.222085
vt 0.151138 0.208261
vt 0.151199 0.218201
vt 0.149991 0.221270
vt 0.976705 0.050690
vt 0.976567 0.062558
vt 0.974421 0.061699
vt 0.974098 0.050062
vt 0.978731 0.052730
vt 0.981635 0.051801
vt 0.973650 0.043947
vt 0.125401 0.224857
vt 0.119071 0.224240
vt 0.125401 0.140119
vt 0.953254 0.859735
vt 0.949016 0.859621
vt 0.950422 0.780589
vt 0.191359 0.112429
vt 0.191359 0.027503
vt 0.195345 0.112308
vt 0.954346 0.780015
vt 0.959969 0.860512
vt 0.220965 0.753218
vt 0.226299 0.886054
vt 0.220965 0.886457
vt 0.990298 0.059835
vt 0.990298 0.055998
vt 0.998380 0.059934
vt 0.434790 0.002057
vt 0.441067 0.000856
vt 0.441067 0.198912
vt 0.978707 0.362695
vt 0.973742 0.371553
vt 0.974197 0.362346
vt 0.385590 0.774029
vt 0.385590 0.610765
vt 0.392261 0.773402
vt 0.132085 0.808622
vt 0.156067 0.648574
vt 0.164319 0.648574
vt 0.976844 0.372589
vt 0.971880 0.635966
vt 0.971492 0.648066
vt 0.967753 0.647646
vt 0.974037 0.635969
vt 0.973795 0.624569
vt 0.966783 0.635539
vt 0.971862 0.624140
vt 0.264144 0.121827
vt 0.246854 0.130393
vt 0.256217 0.122071
vt 0.133220 0.133237
vt 0.125486 0.133743
vt 0.135219 0.132816
vt 0.266087 0.122514
vt 0.258234 0.128411
vt 0.173831 0.252411
vt 0.174005 0.255059
vt 0.172417 0.252298
vt 0.175826 0.254887
vt 0.175275 0.256432
vt 0.175018 0.251534
vt 0.172840 0.249137
vt 0.396598 0.395419
vt 0.384852 0.609229
vt 0.379572 0.611151
vt 0.379389 0.418619
vt 0.533148 0.971061
vt 0.529883 0.971500
vt 0.530890 0.969715
vt 0.428094 0.803993
vt 0.072372 0.140143
vt 0.082023 0.140390
vt 0.044895 0.266658
vt 0.236711 0.273865
vt 0.236711 0.199560
vt 0.243596 0.199805
vt 0.468107 0.970719
vt 0.465764 0.979217
vt 0.465516 0.970721
vt 0.470740 0.979281
vt 0.468949 0.978764
vt 0.471188 0.972566
vt 0.012973 0.006717
vt 0.010767 0.014414
vt 0.010767 0.004072
vt 0.955983 0.675042
vt 0.954485 0.672754
vt 0.953762 0.658963
vt 0.959842 0.674856
vt 0.956334 0.688107
vt 0.958659 0.653245
vt 0.954902 0.661270
vt 0.294887 0.094983
vt 0.296927 0.094759
vt 0.294870 0.098351
vt 0.291615 0.098833
vt 0.992459 0.096814
vt 0.990298 0.097230
vt 0.990671 0.095425
vt 0.997875 0.095425
vt 0.992986 0.097593
vt 0.123731 0.052561
vt 0.125247 0.044144
vt 0.125091 0.053332
vt 0.123466 0.044934
vt 0.140815 0.232404
vt 0.141772 0.233590
vt 0.137967 0.240911
vt 0.138960 0.231717
vt 0.140185 0.223254
vt 0.141804 0.224598
vt 0.644931 0.946089
vt 0.651837 0.936236
vt 0.646749 0.946625
vt 0.640343 0.936525
vt 0.646073 0.958054
vt 0.057745 0.085042
vt 0.057745 0.072496
vt 0.059097 0.072606
vt 0.827644 0.569434
vt 0.833126 0.568557
vt 0.833126 0.727904
vt 0.092249 0.260799
vt 0.088559 0.260448
vt 0.090573 0.252835
vt 0.837450 0.505607
vt 0.837450 0.664483
vt 0.832104 0.506949
vt 0.432462 0.400504
vt 0.438184 0.593394
vt 0.432462 0.593854
vt 0.990298 0.126485
vt 0.996552 0.124289
vt 0.997072 0.126485
vt 0.173398 0.962083
vt 0.993942 0.123729
vt 0.177019 0.959955
vt 0.995761 0.092521
vt 0.994686 0.091936
vt 0.996696 0.090245
vt 0.997803 0.095365
vt 0.994654 0.094918
vt 0.292996 0.930388
vt 0.299810 0.850701
vt 0.299810 0.931141
vt 0.381538 0.988019
vt 0.373511 0.910227
vt 0.387735 0.987628
vt 0.887899 0.152788
vt 0.881553 0.152138
vt 0.887899 0.072699
vt 0.367069 0.910011
vt 0.318548 0.315665
vt 0.282415 0.211969
vt 0.287187 0.205437
vt 0.374879 0.988467
vt 0.968595 0.871635
vt 0.965897 0.868278
vt 0.967815 0.867800
vt 0.970591 0.868425
vt 0.973350 0.873083
vt 0.967236 0.873221
vt 0.971204 0.880445
vt 0.228869 0.233485
vt 0.229685 0.232706
vt 0.229713 0.248525
vt 0.861129 0.579068
vt 0.877248 0.575499
vt 0.862700 0.579743
vt 0.171729 0.135611
vt 0.179303 0.128891
vt 0.181864 0.132388
vt 0.169469 0.134382
vt 0.228694 0.250803
vt 0.227502 0.232752
vt 0.303912 0.086939
vt 0.300829 0.085490
vt 0.302563 0.081100
vt 0.657276 0.698761
vt 0.657276 0.850422
vt 0.652897 0.850033
vt 0.299213 0.091408
vt 0.304134 0.095132
vt 0.782677 0.857629
vt 0.779206 0.856760
vt 0.782677 0.710220
vt 0.198161 0.856292
vt 0.203237 0.709288
vt 0.203237 0.857629
vt 0.196668 0.334403
vt 0.198599 0.328814
vt 0.200999 0.332268
vt 0.955293 0.096911
vt 0.952874 0.084718
vt 0.955644 0.086076
vt 0.567528 0.374762
vt 0.567528 0.179876
vt 0.570792 0.372804
vt 0.270982 0.301020
vt 0.270155 0.306574
vt 0.265652 0.301638
vt 0.008212 0.244404
vt 0.011353 0.250477
vt 0.008212 0.255127
vt 0.969314 0.309812
vt 0.969691 0.299055
vt 0.972108 0.307223
vt 0.010912 0.241779
vt 0.484308 0.475660
vt 0.475915 0.474476
vt 0.484308 0.278791
vt 0.318828 0.777363
vt 0.325755 0.616100
vt 0.325755 0.778353
vt 0.008648 0.620913
vt 0.008648 0.782677
vt 0.002041 0.780241
vt 0.064535 0.125633
vt 0.066092 0.125069
vt 0.848913 0.308837
vt 0.858001 0.313702
vt 0.857518 0.303927
vt 0.864524 0.305934
vt 0.863153 0.307062
vt 0.844699 0.307243
vt 0.847289 0.307002
vt 0.976215 0.067841
vt 0.975499 0.069714
vt 0.305005 0.616904
vt 0.303599 0.429208
vt 0.307017 0.616412
vt 0.972343 0.067002
vt 0.978521 0.071259
vt 0.303599 0.616917
vt 0.959522 0.390450
vt 0.958965 0.470604
vt 0.954253 0.391019
vt 0.171513 0.275417
vt 0.172967 0.283955
vt 0.961987 0.470179
vt 0.172967 0.271271
vt 0.961808 0.390926
vt 0.453735 0.961663
vt 0.452322 0.966949
vt 0.449299 0.967992
vt 0.995092 0.101545
vt 0.996489 0.100954
vt 0.995679 0.102931
vt 0.994682 0.100098
vt 0.996854 0.099483
vt 0.929940 0.947540
vt 0.930066 0.952831
vt 0.929565 0.952443
vt 0.931379 0.948162
vt 0.990298 0.099483
vt 0.912513 0.959518
vt 0.910101 0.958575
vt 0.913152 0.949550
vt 0.914248 0.968726
vt 0.912435 0.971055
vt 0.910112 0.966321
vt 0.380335 0.141698
vt 0.389176 0.139842
vt 0.389176 0.340169
vt 0.178400 0.943286
vt 0.181489 0.928156
vt 0.181801 0.941512
vt 0.541964 0.196030
vt 0.533108 0.002844
vt 0.541964 0.000537
vt 0.536476 0.295486
vt 0.536476 0.099994
vt 0.544847 0.293173
vt 0.176628 0.930071
vt 0.179394 0.956752
vt 0.001449 0.953634
vt 0.009857 0.960299
vt 0.005906 0.962029
vt 0.981589 0.952783
vt 0.977088 0.953819
vt 0.980486 0.944487
vt 0.630493 0.815316
vt 0.637096 0.656971
vt 0.637096 0.817270
vt 0.802916 0.161436
vt 0.802916 0.000666
vt 0.808622 0.001124
vt 0.026036 0.430713
vt 0.033152 0.432383
vt 0.026036 0.616917
vt 0.979069 0.963054
vt 0.207604 0.023182
vt 0.211885 0.030350
vt 0.209992 0.031410
vt 0.207056 0.013949
vt 0.210430 0.022795
vt 0.206498 0.022394
vt 0.728961 0.015079
vt 0.728053 0.014662
vt 0.727243 0.001548
vt 0.729022 0.001031
vt 0.729966 0.002261
vt 0.148577 0.195161
vt 0.148103 0.204643
vt 0.147658 0.194807
vt 0.151138 0.196023
vt 0.730663 0.015984
vt 0.258452 0.791325
vt 0.258452 0.630100
vt 0.263775 0.790547
vt 0.073289 0.286417
vt 0.069411 0.293487
vt 0.069662 0.287955
vt 0.814388 0.531818
vt 0.811873 0.531874
vt 0.814388 0.371234
vt 0.195132 0.057753
vt 0.198451 0.056342
vt 0.196366 0.060968
vt 0.629889 0.593854
vt 0.624261 0.415068
vt 0.629889 0.411345
vt 0.073511 0.294201
vt 0.962321 0.866064
vt 0.964672 0.864027
vt 0.963811 0.869234
vt 0.180821 0.317948
vt 0.181667 0.317244
vt 0.185387 0.322862
vt 0.178144 0.314116
vt 0.178541 0.320995
vt 0.182507 0.322631
vt 0.522645 0.715378
vt 0.527550 0.865840
vt 0.522645 0.866278
vt 0.200982 0.320372
vt 0.206010 0.320871
vt 0.202787 0.324321
vt 0.198089 0.324156
vt 0.195946 0.318940
vt 0.079277 0.866836
vt 0.075695 0.867719
vt 0.075695 0.720559
vt 0.712049 0.721051
vt 0.712049 0.867719
vt 0.709276 0.722207
vt 0.315844 0.085042
vt 0.307179 0.001205
vt 0.317107 0.001205
vt 0.043583 0.144183
vt 0.054021 0.137287
vt 0.053999 0.147475
vt 0.051355 0.155010
vt 0.050496 0.156419
vt 0.000982 0.001191
vt 0.000982 0.296927
vt 0.059097 0.121565
vt 0.059097 0.132608
vt 0.057593 0.120303
vt 0.288823 0.119873
vt 0.288217 0.130788
vt 0.284192 0.128711
vt 0.289703 0.131167
vt 0.011132 0.053752
vt 0.015855 0.056424
vt 0.011132 0.063806
vt 0.289720 0.121591
vt 0.284192 0.117045
vt 0.031711 0.988558
vt 0.023168 0.983234
vt 0.025571 0.982925
vt 0.031276 0.990238
vt 0.854230 0.152788
vt 0.854230 0.000055
vt 0.857629 0.001272
vt 0.234473 0.090437
vt 0.236389 0.094808
vt 0.230228 0.093078
vt 0.867719 0.000181
vt 0.867719 0.149905
vt 0.864494 0.000273
vt 0.524333 0.714019
vt 0.528992 0.713844
vt 0.528992 0.864836
vt 0.930616 0.421560
vt 0.932826 0.409026
vt 0.932744 0.422504
vt 0.929016 0.420455
vt 0.930618 0.408101
vt 0.930355 0.436084
vt 0.928077 0.434793
vt 0.972860 0.337220
vt 0.974755 0.331900
vt 0.971845 0.345066
vt 0.971090 0.338215
vt 0.973689 0.344700
vt 0.972899 0.330441
vt 0.970784 0.331952
vt 0.949870 0.661198
vt 0.952484 0.650683
vt 0.953772 0.673551
vt 0.543349 0.924866
vt 0.545348 0.913897
vt 0.632003 0.925537
vt 0.949732 0.676632
vt 0.948797 0.647533
vt 0.542423 0.934723
vt 0.905195 0.925840
vt 0.901051 0.927324
vt 0.904000 0.908727
vt 0.901051 0.942672
vt 0.364673 0.363413
vt 0.354078 0.366114
vt 0.354078 0.165189
vt 0.028936 0.983031
vt 0.042092 0.973428
vt 0.046088 0.972953
vt 0.598620 0.193147
vt 0.598620 0.000710
vt 0.608268 0.192117
vt 0.473232 0.198912
vt 0.473232 0.001339
vt 0.478543 0.007453
vt 0.160105 0.034819
vt 0.160105 0.040340
vt 0.154308 0.045361
vt 0.814622 0.965877
vt 0.814884 0.958588
vt 0.822297 0.953762
vt 0.148094 0.433972
vt 0.157112 0.431951
vt 0.157112 0.615475
vt 0.120403 0.280745
vt 0.123960 0.285369
vt 0.119233 0.286837
vt 0.885016 0.535958
vt 0.875810 0.538240
vt 0.866604 0.404494
vt 0.134342 0.008283
vt 0.128419 0.001011
vt 0.895106 0.763046
vt 0.895106 0.896547
vt 0.885267 0.763965
vt 0.108105 0.859577
vt 0.104718 0.867495
vt 0.135293 0.017377
vt 0.128284 0.797208
vt 0.124439 0.883575
vt 0.118292 0.883575
vt 0.941661 0.979222
vt 0.946124 0.973569
vt 0.949004 0.976867
vt 0.947182 0.979470
vt 0.213909 0.046535
vt 0.209630 0.053332
vt 0.213850 0.043283
vt 0.215965 0.037229
vt 0.218763 0.044290
vt 0.218586 0.051335
vt 0.193147 0.224857
vt 0.965734 0.888115
vt 0.963910 0.966946
vt 0.161217 0.065723
vt 0.164611 0.065552
vt 0.164284 0.073655
vt 0.161217 0.075754
vt 0.150701 0.036986
vt 0.148318 0.036262
vt 0.150909 0.034894
vt 0.152631 0.035553
vt 0.151117 0.038500
vt 0.149131 0.037810
vt 0.230745 0.310372
vt 0.229478 0.310163
vt 0.230661 0.300765
vt 0.232602 0.301314
vt 0.232311 0.310887
vt 0.229709 0.319033
vt 0.228769 0.318952
vt 0.776911 0.609841
vt 0.776911 0.772587
vt 0.770142 0.771072
vt 0.616786 0.890069
vt 0.612782 0.889281
vt 0.613893 0.878368
vt 0.763678 0.724718
vt 0.763678 0.563343
vt 0.769707 0.726463
vt 0.619799 0.899217
vt 0.618147 0.877868
vt 0.645745 0.775470
vt 0.638511 0.773958
vt 0.645745 0.612723
vt 0.010090 0.210288
vt 0.000285 0.292603
vt 0.000285 0.208731
vt 0.904681 0.833126
vt 0.904681 0.710527
vt 0.913347 0.711118
vt 0.865235 0.973846
vt 0.865235 0.895405
vt 0.875461 0.974060
vt 0.330079 0.934023
vt 0.320019 0.932173
vt 0.330079 0.851390
vt 0.190496 0.783831
vt 0.194588 0.910961
vt 0.179524 0.910961
vt 0.448558 0.881762
vt 0.458363 0.883310
vt 0.448558 0.961410
vt 0.923934 0.713930
vt 0.976433 0.624816
vt 0.980192 0.622895
vt 0.981589 0.635741
vt 0.255437 0.910832
vt 0.257685 0.923745
vt 0.252193 0.912584
vt 0.975802 0.636691
vt 0.257886 0.910798
vt 0.151346 0.002628
vt 0.100895 0.880660
vt 0.095333 0.869196
vt 0.495840 0.464129
vt 0.494326 0.464129
vt 0.494794 0.272718
vt 0.266461 0.314224
vt 0.259494 0.307985
vt 0.263667 0.310830
vt 0.268221 0.312847
vt 0.614034 0.616917
vt 0.203939 0.244825
vt 0.204623 0.234652
vt 0.206714 0.244050
vt 0.203939 0.227309
vt 0.220190 0.980194
vt 0.228276 0.899904
vt 0.227761 0.979307
vt 0.215490 0.901040
vt 0.154229 0.146948
vt 0.150074 0.140765
vt 0.153932 0.133068
vt 0.150766 0.152788
vt 0.211176 0.980872
vt 0.692544 0.984472
vt 0.690168 0.973574
vt 0.694730 0.978390
vt 0.994239 0.065561
vt 0.994070 0.067161
vt 0.991761 0.064444
vt 0.992971 0.062141
vt 0.995619 0.064742
vt 0.998321 0.066596
vt 0.442334 0.985163
vt 0.437688 0.987355
vt 0.442587 0.976647
vt 0.194248 0.279440
vt 0.195379 0.280801
vt 0.187605 0.286962
vt 0.446937 0.975757
vt 0.185967 0.286126
vt 0.192286 0.278247
vt 0.448321 0.975582
vt 0.445144 0.984875
vt 0.190633 0.120806
vt 0.162228 0.126912
vt 0.182189 0.117856
vt 0.214768 0.117668
vt 0.192163 0.121381
vt 0.299727 0.083275
vt 0.297888 0.090612
vt 0.584264 0.890781
vt 0.572828 0.890714
vt 0.573594 0.887813
vt 0.225109 0.289969
vt 0.228207 0.290460
vt 0.227042 0.299894
vt 0.792767 0.170333
vt 0.792767 0.331521
vt 0.785343 0.171752
vt 0.755543 0.171691
vt 0.762497 0.170757
vt 0.762497 0.335845
vt 0.585470 0.887949
vt 0.120660 0.830243
vt 0.143898 0.672004
vt 0.151346 0.672004
vt 0.550613 0.556406
vt 0.542804 0.727904
vt 0.542804 0.553427
vt 0.990238 0.766877
vt 0.988572 0.777245
vt 0.984798 0.769672
vt 0.351700 0.250803
vt 0.342933 0.247979
vt 0.351700 0.049128
vt 0.226299 0.065521
vt 0.221587 0.070628
vt 0.569351 0.552335
vt 0.569351 0.726463
vt 0.563165 0.725995
vt 0.079689 0.234281
vt 0.082154 0.229756
vt 0.083966 0.233626
vt 0.850423 0.821595
vt 0.847267 0.669043
vt 0.850423 0.667853
vt 0.860614 0.078439
vt 0.864836 0.078594
vt 0.860614 0.229182
vt 0.078984 0.228694
vt 0.861954 0.374302
vt 0.857152 0.526109
vt 0.857152 0.374075
vt 0.078984 0.240713
vt 0.800338 0.933023
vt 0.795997 0.952661
vt 0.386800 0.607969
vt 0.394942 0.418985
vt 0.394942 0.611151
vt 0.616813 0.217650
vt 0.608282 0.214544
vt 0.616917 0.025920
vt 0.010915 0.619799
vt 0.010915 0.433446
vt 0.017297 0.436055
vt 0.964466 0.117130
vt 0.610673 0.891131
vt 0.614514 0.900871
vt 0.330079 0.959588
vt 0.326015 0.948462
vt 0.329081 0.947844
vt 0.326974 0.961019
vt 0.059506 0.843216
vt 0.060051 0.831655
vt 0.063429 0.842709
vt 0.441522 0.446416
vt 0.449715 0.250383
vt 0.449715 0.448274
vt 0.500228 0.197471
vt 0.500228 0.000970
vt 0.507371 0.003763
vt 0.416378 0.307988
vt 0.425211 0.309768
vt 0.416378 0.504488
vt 0.206119 0.621964
vt 0.198923 0.782677
vt 0.198923 0.620518
vt 0.967488 0.012019
vt 0.971688 0.011277
vt 0.972071 0.021073
vt 0.792767 0.161436
vt 0.786624 0.160031
vt 0.792767 0.000254
vt 0.966917 0.001421
vt 0.036035 0.622934
vt 0.036035 0.784118
vt 0.029874 0.783691
vt 0.168525 0.954580
vt 0.171148 0.951686
vt 0.170599 0.955809
vt 0.166298 0.955294
vt 0.164490 0.949547
vt 0.168664 0.949882
vt 0.168773 0.957713
vt 0.270393 0.890782
vt 0.270393 0.804162
vt 0.276748 0.889237
vt 0.134636 0.089936
vt 0.139976 0.090131
vt 0.135502 0.098369
vt 0.136881 0.083476
vt 0.520343 0.967175
vt 0.514733 0.892353
vt 0.520343 0.892202
vt 0.945554 0.542289
vt 0.938884 0.543465
vt 0.943715 0.455619
vt 0.990298 0.019202
vt 0.997778 0.014984
vt 0.999512 0.019202
vt 0.172196 0.973050
vt 0.169228 0.973004
vt 0.169337 0.966087
vt 0.170989 0.981216
vt 0.172243 0.965250
vt 0.143593 0.220171
vt 0.143445 0.212097
vt 0.147916 0.211309
vt 0.469518 0.937142
vt 0.469709 0.928796
vt 0.472821 0.934132
vt 0.475875 0.914594
vt 0.468791 0.915285
vt 0.470916 0.796132
vt 0.472935 0.943568
vt 0.484308 0.915285
vt 0.470694 0.944067
vt 0.112915 0.678897
vt 0.112915 0.501311
vt 0.116753 0.678024
vt 0.693000 0.000509
vt 0.694809 0.000110
vt 0.693000 0.177291
vt 0.661600 0.178733
vt 0.657179 0.001171
vt 0.661600 0.000308
vt 0.293045 0.950906
vt 0.199538 0.278557
vt 0.202807 0.277664
vt 0.205690 0.288078
vt 0.400578 0.606789
vt 0.407915 0.605952
vt 0.407915 0.769704
vt 0.620383 0.184849
vt 0.625565 0.367194
vt 0.620383 0.367555
vt 0.911814 0.009982
vt 0.910962 0.023095
vt 0.909658 0.011089
vt 0.913272 0.022609
vt 0.460120 0.801415
vt 0.460120 0.641169
vt 0.468453 0.800753
vt 0.262379 0.959573
vt 0.259168 0.962703
vt 0.259950 0.954321
vt 0.268099 0.964587
vt 0.261846 0.967688
vt 0.262488 0.949499
vt 0.268099 0.953393
vt 0.229331 0.290597
vt 0.226923 0.279166
vt 0.230047 0.300316
vt 0.230615 0.289903
vt 0.585861 0.887463
vt 0.574498 0.885937
vt 0.574462 0.884363
vt 0.585812 0.885648
vt 0.052365 0.127391
vt 0.056442 0.123783
vt 0.992838 0.113580
vt 0.991086 0.116537
vt 0.990843 0.112402
vt 0.997147 0.112402
vt 0.541733 0.967382
vt 0.543406 0.967190
vt 0.542204 0.968659
vt 0.080718 0.869730
vt 0.075263 0.949879
vt 0.075263 0.869143
vt 0.531050 0.909520
vt 0.531050 0.778319
vt 0.537640 0.778992
vt 0.325755 0.327196
vt 0.320661 0.326543
vt 0.325755 0.243379
vt 0.968738 0.205823
vt 0.964211 0.205331
vt 0.970058 0.124893
vt 0.292681 0.341240
vt 0.296927 0.257854
vt 0.296927 0.341610
vt 0.311519 0.967175
vt 0.311519 0.891771
vt 0.318548 0.892667
vt 0.078163 0.289222
vt 0.710043 0.000606
vt 0.716373 0.001397
vt 0.710043 0.175850
vt 0.430977 0.234036
vt 0.430977 0.432418
vt 0.423630 0.430398
vt 0.083238 0.287928
vt 0.075946 0.281320
vt 0.412685 0.725180
vt 0.419446 0.551727
vt 0.419446 0.726463
vt 0.915486 0.416144
vt 0.916371 0.412750
vt 0.916882 0.420286
vt 0.911458 0.422068
vt 0.912388 0.411573
vt 0.958527 0.970171
vt 0.952265 0.971077
vt 0.915210 0.403289
vt 0.955498 0.974657
vt 0.214161 0.300089
vt 0.216316 0.296217
vt 0.695933 0.968436
vt 0.699817 0.958640
vt 0.700891 0.967467
vt 0.095015 0.116894
vt 0.444568 0.892157
vt 0.446832 0.762402
vt 0.446832 0.892223
vt 0.121404 0.016546
vt 0.123960 0.099304
vt 0.121404 0.099456
vt 0.224280 0.260903
vt 0.225409 0.269541
vt 0.222716 0.268523
vt 0.222902 0.260419
vt 0.226031 0.258672
vt 0.224037 0.257807
vt 0.978108 0.732729
vt 0.975453 0.729684
vt 0.978424 0.727303
vt 0.013372 0.028404
vt 0.016044 0.021534
vt 0.019124 0.022893
vt 0.402523 0.673792
vt 0.407915 0.832224
vt 0.402523 0.833126
vt 0.502191 0.588089
vt 0.502191 0.394178
vt 0.508812 0.587580
vt 0.017428 0.030503
vt 0.579534 0.001747
vt 0.585206 0.000661
vt 0.585206 0.194588
vt 0.932852 0.397530
vt 0.938277 0.409737
vt 0.937847 0.399306
vt 0.976391 0.597715
vt 0.974708 0.607248
vt 0.974412 0.595713
vt 0.978277 0.607995
vt 0.975939 0.608331
vt 0.982829 0.589493
vt 0.979676 0.597621
vt 0.377595 0.900871
vt 0.377562 0.898427
vt 0.380640 0.898991
vt 0.229182 0.616378
vt 0.227246 0.616917
vt 0.227246 0.434440
vt 0.376073 0.898105
vt 0.745201 0.676014
vt 0.743570 0.504825
vt 0.745201 0.504800
vt 0.373703 0.898409
vt 0.312593 0.625531
vt 0.314224 0.443571
vt 0.314224 0.625565
vt 0.812946 0.961759
vt 0.804444 0.968863
vt 0.933601 0.970712
vt 0.935236 0.977238
vt 0.928101 0.963091
vt 0.931496 0.963251
vt 0.942201 0.975008
vt 0.396366 0.417352
vt 0.397825 0.417843
vt 0.396366 0.608268
vt 0.308041 0.615475
vt 0.308041 0.427772
vt 0.309900 0.428247
vt 0.145273 0.046866
vt 0.147617 0.042278
vt 0.147501 0.047566
vt 0.145080 0.043097
vt 0.236315 0.899179
vt 0.061831 0.340169
vt 0.981287 0.783505
vt 0.979154 0.783781
vt 0.980057 0.772514
vt 0.252029 0.080661
vt 0.255127 0.079446
vt 0.250494 0.089831
vt 0.982611 0.772434
vt 0.247172 0.090808
vt 0.250161 0.079920
vt 0.984466 0.781527
vt 0.230304 0.096160
vt 0.232622 0.096505
vt 0.232926 0.097750
vt 0.226164 0.090437
vt 0.232214 0.098429
vt 0.230321 0.098197
vt 0.226679 0.093930
vt 0.102488 0.135951
vt 0.087286 0.135742
vt 0.100704 0.134224
vt 0.121077 0.135993
vt 0.120342 0.138625
vt 0.121023 0.135345
vt 0.101414 0.139429
vt 0.976388 0.352825
vt 0.974125 0.352653
vt 0.978110 0.353142
vt 0.978204 0.063695
vt 0.922477 0.403409
vt 0.917239 0.402476
vt 0.921785 0.390791
vt 0.922492 0.416750
vt 0.917781 0.414596
vt 0.549454 0.990238
vt 0.547308 0.980936
vt 0.635655 0.976961
vt 0.517460 0.099456
vt 0.507625 0.022108
vt 0.517460 0.020309
vt 0.912402 0.260143
vt 0.912402 0.381969
vt 0.898776 0.262732
vt 0.963265 0.385880
vt 0.963840 0.381138
vt 0.217253 0.305574
vt 0.219213 0.303341
vt 0.686307 0.964301
vt 0.962851 0.108581
vt 0.960834 0.107452
vt 0.962813 0.097103
vt 0.961339 0.121077
vt 0.144215 0.090042
vt 0.142827 0.090601
vt 0.145652 0.083613
vt 0.143703 0.096618
vt 0.147712 0.090706
vt 0.972953 0.715260
vt 0.973809 0.721599
vt 0.971119 0.714969
vt 0.974722 0.722261
vt 0.969415 0.708741
vt 0.969906 0.708384
vt 0.971999 0.709758
vt 0.974176 0.716248
vt 0.271747 0.893973
vt 0.170642 0.223416
vt 0.170642 0.138529
vt 0.177291 0.222623
vt 0.271747 0.968617
vt 0.902313 0.833126
vt 0.892224 0.701789
vt 0.902313 0.700259
vt 0.474871 0.967513
vt 0.476012 0.977155
vt 0.472693 0.972935
vt 0.975951 0.119751
vt 0.976223 0.125951
vt 0.972326 0.123895
vt 0.478876 0.971153
vt 0.977673 0.120195
vt 0.399469 0.605385
vt 0.399469 0.412625
vt 0.409715 0.599429
vt 0.334403 0.193623
vt 0.323996 0.203237
vt 0.323997 0.000146
vt 0.030269 0.135491
vt 0.028046 0.130946
vt 0.030269 0.114579
vt 0.383411 0.866163
vt 0.380163 0.881355
vt 0.380332 0.862137
vt 0.383221 0.883589
vt 0.468453 0.437497
vt 0.468453 0.619799
vt 0.459774 0.618657
vt 0.866215 0.583883
vt 0.878034 0.576310
vt 0.234947 0.232440
vt 0.234947 0.247505
vt 0.882273 0.580439
vt 0.893664 0.699076
vt 0.992405 0.048399
vt 0.999185 0.051870
vt 0.990298 0.051870
vt 0.747433 0.531874
vt 0.747433 0.363155
vt 0.752408 0.364518
vt 0.308458 0.975840
vt 0.305253 0.976330
vt 0.307072 0.970362
vt 0.733383 0.758291
vt 0.737994 0.595620
vt 0.737994 0.759615
vt 0.986574 0.885397
vt 0.988144 0.883382
vt 0.986842 0.890845
vt 0.982751 0.891527
vt 0.986485 0.883076
vt 0.136822 0.031711
vt 0.135489 0.028960
vt 0.138626 0.021081
vt 0.138772 0.029240
vt 0.272088 0.318899
vt 0.275849 0.319610
vt 0.271191 0.322074
vt 0.928983 0.697024
vt 0.930452 0.701111
vt 0.928062 0.699316
vt 0.928669 0.696057
vt 0.931023 0.695310
vt 0.387570 0.887165
vt 0.397842 0.888224
vt 0.387570 0.962378
vt 0.921946 0.018068
vt 0.937719 0.012181
vt 0.939789 0.015489
vt 0.922326 0.013809
vt 0.915917 0.027386
vt 0.003314 0.415121
vt 0.001007 0.406506
vt 0.200354 0.406560
vt 0.183288 0.956219
vt 0.181131 0.969966
vt 0.268099 0.616917
vt 0.258802 0.431445
vt 0.268099 0.428291
vt 0.131195 0.890420
vt 0.128865 0.891983
vt 0.131349 0.880619
vt 0.206766 0.248726
vt 0.207813 0.260048
vt 0.206155 0.260602
vt 0.208323 0.248244
vt 0.134134 0.879194
vt 0.133010 0.890429
vt 0.204254 0.250493
vt 0.322724 0.937874
vt 0.323697 0.950558
vt 0.311797 0.335726
vt 0.311977 0.321724
vt 0.314375 0.335845
vt 0.324939 0.937672
vt 0.784990 0.792767
vt 0.784990 0.631145
vt 0.791325 0.631969
vt 0.143708 0.243550
vt 0.147022 0.252227
vt 0.138639 0.244252
vt 0.537640 0.616917
vt 0.529891 0.614303
vt 0.537640 0.433957
vt 0.147022 0.233656
vt 0.095132 0.434928
vt 0.087076 0.616917
vt 0.087076 0.432277
vt 0.232552 0.985845
vt 0.238842 0.984468
vt 0.238145 0.986054
vt 0.230772 0.985501
vt 0.237401 0.981720
vt 0.231392 0.986809
vt 0.992493 0.119692
vt 0.993845 0.119793
vt 0.993866 0.120921
vt 0.890180 0.975600
vt 0.883045 0.974751
vt 0.879365 0.896324
vt 0.935022 0.291372
vt 0.922610 0.386141
vt 0.926674 0.288766
vt 0.930689 0.386179
vt 0.886340 0.897044
vt 0.943130 0.293158
vt 0.896999 0.975824
vt 0.409936 0.955196
vt 0.413216 0.962818
vt 0.410598 0.963439
vt 0.408147 0.950421
vt 0.410930 0.950543
vt 0.476360 0.931706
vt 0.474974 0.942583
vt 0.474700 0.931688
vt 0.477178 0.921141
vt 0.479984 0.922397
vt 0.478582 0.931947
vt 0.476991 0.941891
vt 0.169286 0.327323
vt 0.168510 0.318025
vt 0.170614 0.327020
vt 0.169736 0.333720
vt 0.997765 0.102050
vt 0.331175 0.200098
vt 0.331674 0.283955
vt 0.331175 0.283787
vt 0.332962 0.283758
vt 0.017297 0.885016
vt 0.015990 0.884247
vt 0.017297 0.753768
vt 0.338682 0.885016
vt 0.338682 0.753673
vt 0.340169 0.884230
vt 0.157520 0.048738
vt 0.165726 0.040357
vt 0.664483 0.519339
vt 0.664483 0.696193
vt 0.657498 0.693744
vt 0.587112 0.622133
vt 0.595296 0.443012
vt 0.595296 0.622682
vt 0.653205 0.960065
vt 0.653313 0.947846
vt 0.694752 0.687545
vt 0.687061 0.686078
vt 0.694752 0.510693
vt 0.871993 0.895673
vt 0.316783 0.250283
vt 0.315667 0.242247
vt 0.317357 0.244041
vt 0.313615 0.253233
vt 0.318383 0.253685
vt 0.998339 0.084073
vt 0.994707 0.085046
vt 0.990298 0.084073
vt 0.990298 0.126545
vt 0.996042 0.126545
vt 0.993368 0.127447
vt 0.370863 0.720064
vt 0.373050 0.640544
vt 0.374083 0.720510
vt 0.367999 0.640832
vt 0.368896 0.640690
vt 0.143445 0.224857
vt 0.369248 0.720607
vt 0.991082 0.128921
vt 0.775470 0.166996
vt 0.775470 0.330079
vt 0.769673 0.167400
vt 0.225109 0.318003
vt 0.589244 0.627242
vt 0.595296 0.626357
vt 0.595296 0.788443
vt 0.226480 0.309747
vt 0.998675 0.011263
vt 0.999559 0.014924
vt 0.990298 0.014924
vt 0.841774 0.276748
vt 0.835532 0.119843
vt 0.841774 0.117997
vt 0.302347 0.954524
vt 0.304126 0.959659
vt 0.301503 0.957262
vt 0.301673 0.949077
vt 0.304289 0.949859
vt 0.305518 0.958981
vt 0.021139 0.023143
vt 0.020650 0.013059
vt 0.022464 0.013396
vt 0.021852 0.031711
vt 0.019626 0.030987
vt 0.022755 0.024562
vt 0.788443 0.590411
vt 0.781835 0.592413
vt 0.781835 0.430743
vt 0.181750 0.795650
vt 0.181750 0.635455
vt 0.187381 0.794173
vt 0.979463 0.025055
vt 0.978657 0.033604
vt 0.974320 0.032985
vt 0.975474 0.023560
vt 0.980416 0.015242
vt 0.605113 0.595047
vt 0.611151 0.759101
vt 0.605113 0.759615
vt 0.080961 0.103076
vt 0.086174 0.107271
vt 0.083941 0.109228
vt 0.077375 0.095730
vt 0.083918 0.101510
vt 0.311341 0.153539
vt 0.311341 0.283955
vt 0.303094 0.154147
vt 0.263261 0.302566
vt 0.260984 0.302295
vt 0.261522 0.293030
vt 0.266964 0.307967
vt 0.265927 0.309950
vt 0.263668 0.296811
vt 0.319064 0.239593
vt 0.322872 0.247207
vt 0.319292 0.249196
vt 0.217054 0.206229
vt 0.218624 0.201765
vt 0.218724 0.211836
vt 0.322872 0.239852
vt 0.972015 0.918657
vt 0.977012 0.920221
vt 0.972647 0.928176
vt 0.972355 0.906600
vt 0.971295 0.920553
vt 0.974810 0.076961
vt 0.972917 0.077181
vt 0.975388 0.071982
vt 0.084081 0.141704
vt 0.084554 0.225942
vt 0.075541 0.226299
vt 0.350259 0.251813
vt 0.343820 0.325755
vt 0.343820 0.251587
vt 0.351700 0.337286
vt 0.345226 0.337286
vt 0.351390 0.253644
vt 0.320736 0.913844
vt 0.320736 0.782614
vt 0.332962 0.783050
vt 0.294044 0.250738
vt 0.290822 0.334403
vt 0.286288 0.250738
vt 0.092882 0.142593
vt 0.898983 0.927375
vt 0.898983 0.912028
vt 0.309841 0.295354
vt 0.312264 0.308636
vt 0.309664 0.309530
vt 0.305362 0.310683
vt 0.921779 0.692616
vt 0.922607 0.605981
vt 0.919148 0.970305
vt 0.978815 0.222193
vt 0.976888 0.225459
vt 0.982572 0.222747
vt 0.978900 0.226304
vt 0.974900 0.954645
vt 0.975002 0.963610
vt 0.976923 0.943183
vt 0.977247 0.949058
vt 0.972946 0.965361
vt 0.973536 0.953637
vt 0.057656 0.916727
vt 0.049835 0.823589
vt 0.057656 0.821977
vt 0.924820 0.455047
vt 0.924941 0.545753
vt 0.917635 0.546288
vt 0.886065 0.574019
vt 0.892223 0.573507
vt 0.892223 0.651510
vt 0.931304 0.455447
vt 0.269541 0.201890
vt 0.265263 0.280577
vt 0.263938 0.201608
vt 0.917668 0.455239
vt 0.155677 0.013947
vt 0.154729 0.024415
vt 0.153365 0.024861
vt 0.155292 0.012219
vt 0.157112 0.011308
vt 0.999091 0.061177
vt 0.990298 0.061177
vt 0.994686 0.059994
vt 0.068053 0.289629
vt 0.201795 0.065401
vt 0.201388 0.069187
vt 0.200147 0.061567
vt 0.068053 0.301251
vt 0.126861 0.861552
vt 0.134620 0.868759
vt 0.130405 0.869083
vt 0.673717 0.188823
vt 0.673717 0.010938
vt 0.680338 0.012354
vt 0.350900 0.636211
vt 0.356024 0.460524
vt 0.356024 0.638538
vt 0.060539 0.249140
vt 0.054532 0.251131
vt 0.054294 0.241508
vt 0.448274 0.661600
vt 0.442282 0.659236
vt 0.448274 0.484551
vt 0.060251 0.258318
vt 0.252843 0.302089
vt 0.246507 0.294127
vt 0.249275 0.293314
vt 0.257538 0.309197
vt 0.253317 0.309859
vt 0.106041 0.857563
vt 0.094791 0.854512
vt 0.116753 0.723803
vt 0.250356 0.302722
vt 0.116753 0.859071
vt 0.349691 0.430138
vt 0.354583 0.433318
vt 0.349690 0.616917
vt 0.252978 0.955840
vt 0.257409 0.955061
vt 0.256609 0.962538
vt 0.253244 0.945221
vt 0.251127 0.964637
vt 0.129803 0.330858
vt 0.135830 0.317893
vt 0.157407 0.269180
vt 0.162319 0.287196
vt 0.136932 0.318378
vt 0.157771 0.267923
vt 0.131191 0.331467
vt 0.320568 0.257414
vt 0.322872 0.265797
vt 0.315477 0.255832
vt 0.536301 0.937741
vt 0.533097 0.926486
vt 0.537683 0.936954
vt 0.539351 0.943903
vt 0.537416 0.944537
vt 0.534817 0.938184
vt 0.533845 0.931545
vt 0.329777 0.980115
vt 0.325336 0.972298
vt 0.325541 0.963807
vt 0.924403 0.438313
vt 0.924070 0.427363
vt 0.330300 0.669758
vt 0.337286 0.494343
vt 0.337286 0.671690
vt 0.927979 0.447626
vt 0.923867 0.449700
vt 0.968835 0.586221
vt 0.963947 0.585340
vt 0.971179 0.519548
vt 0.947245 0.695403
vt 0.946488 0.776533
vt 0.942825 0.776911
vt 0.942176 0.694769
vt 0.973840 0.587518
vt 0.952454 0.696476
vt 0.450616 0.978767
vt 0.453162 0.977749
vt 0.462687 0.987355
vt 0.200354 0.274945
vt 0.190995 0.288048
vt 0.630444 0.934316
vt 0.197471 0.210444
vt 0.191265 0.209103
vt 0.197471 0.125314
vt 0.257953 0.969603
vt 0.256363 0.967594
vt 0.277629 0.199630
vt 0.318548 0.095873
vt 0.282796 0.206168
vt 0.275159 0.201985
vt 0.973435 0.974551
vt 0.972811 0.982612
vt 0.619799 0.869468
vt 0.976847 0.974083
vt 0.981589 0.982959
vt 0.538992 0.957856
vt 0.540794 0.956960
vt 0.567628 0.570792
vt 0.567628 0.375905
vt 0.570792 0.377864
vt 0.605386 0.583765
vt 0.599854 0.581359
vt 0.605386 0.391233
vt 0.539775 0.962444
vt 0.828801 0.165976
vt 0.821093 0.324314
vt 0.821093 0.164546
vt 0.118194 0.049480
vt 0.118194 0.061806
vt 0.113615 0.049550
vt 0.102465 0.431442
vt 0.109546 0.433049
vt 0.102465 0.615475
vt 0.467848 0.958884
vt 0.463213 0.958968
vt 0.222425 0.291162
vt 0.222425 0.277621
vt 0.226299 0.282065
vt 0.771489 0.164319
vt 0.771489 0.001178
vt 0.778353 0.002110
vt 0.470315 0.985951
vt 0.472825 0.985292
vt 0.469815 0.989082
vt 0.245909 0.199190
vt 0.250495 0.202478
vt 0.247271 0.203891
vt 0.466851 0.986832
vt 0.465516 0.989482
vt 0.928522 0.577033
vt 0.931379 0.584053
vt 0.930242 0.586584
vt 0.924366 0.588542
vt 0.923037 0.577511
vt 0.846324 0.968978
vt 0.848951 0.968660
vt 0.843617 0.976466
vt 0.838511 0.977118
vt 0.841802 0.968565
vt 0.841224 0.957681
vt 0.041800 0.957086
vt 0.039176 0.945121
vt 0.041800 0.944341
vt 0.844754 0.954883
vt 0.054980 0.298005
vt 0.050565 0.297607
vt 0.282513 0.005443
vt 0.280624 0.138374
vt 0.280624 0.004713
vt 0.997159 0.120402
vt 0.995059 0.119056
vt 0.996674 0.118322
vt 0.026546 0.103901
vt 0.027386 0.188699
vt 0.026546 0.188823
vt 0.553495 0.875634
vt 0.551489 0.876368
vt 0.551489 0.742921
vt 0.995513 0.121581
vt 0.111125 0.238356
vt 0.112447 0.230512
vt 0.110759 0.247920
vt 0.106891 0.238074
vt 0.106356 0.246707
vt 0.975959 0.858615
vt 0.923992 0.410055
vt 0.924262 0.418004
vt 0.924054 0.399819
vt 0.929460 0.409342
vt 0.110987 0.454413
vt 0.110987 0.634213
vt 0.103392 0.633158
vt 0.249361 0.631331
vt 0.244345 0.629320
vt 0.249361 0.451530
vt 0.025686 0.673607
vt 0.031711 0.499026
vt 0.031711 0.676014
vt 0.765234 0.968617
vt 0.168957 0.268590
vt 0.167495 0.267531
vt 0.964091 0.390373
vt 0.965725 0.391388
vt 0.963883 0.470141
vt 0.963354 0.469959
vt 0.963072 0.390390
vt 0.171391 0.269247
vt 0.168929 0.270462
vt 0.205390 0.331814
vt 0.201977 0.327999
vt 0.861401 0.426555
vt 0.864836 0.576440
vt 0.861401 0.576558
vt 0.623339 0.853603
vt 0.625565 0.707823
vt 0.625565 0.854747
vt 0.206087 0.327548
vt 0.209791 0.329512
vt 0.044683 0.859071
vt 0.042073 0.858390
vt 0.044683 0.713349
vt 0.988796 0.891749
vt 0.990298 0.054921
vt 0.990931 0.051931
vt 0.999157 0.054921
vt 0.514788 0.556353
vt 0.520343 0.364246
vt 0.520343 0.559261
vt 0.197534 0.415121
vt 0.200538 0.410054
vt 0.396383 0.415121
vt 0.026632 0.963315
vt 0.030216 0.961516
vt 0.031154 0.970058
vt 0.505868 0.270982
vt 0.505868 0.074536
vt 0.513136 0.078004
vt 0.256814 0.285261
vt 0.257630 0.293913
vt 0.025465 0.954802
vt 0.174076 0.087557
vt 0.170517 0.087048
vt 0.174409 0.082513
vt 0.959720 0.001457
vt 0.963159 0.000489
vt 0.960855 0.080580
vt 0.170666 0.094506
vt 0.174409 0.095132
vt 0.954374 0.001439
vt 0.058311 0.162682
vt 0.055007 0.163307
vt 0.055103 0.162007
vt 0.803963 0.961833
vt 0.807181 0.962851
vt 0.063421 0.167202
vt 0.186985 0.956878
vt 0.189185 0.969898
vt 0.188725 0.970058
vt 0.189327 0.956824
vt 0.186665 0.970057
vt 0.185386 0.956355
vt 0.185416 0.942668
vt 0.265216 0.315093
vt 0.260859 0.331521
vt 0.260299 0.323375
vt 0.635655 0.454475
vt 0.634170 0.455481
vt 0.634170 0.291170
vt 0.213487 0.404995
vt 0.412239 0.404995
vt 0.410868 0.410797
vt 0.469894 0.620422
vt 0.469894 0.782677
vt 0.460472 0.623809
vt 0.265216 0.330675
vt 0.261836 0.314921
vt 0.259976 0.314697
vt 0.971013 0.151686
vt 0.975284 0.147437
vt 0.974754 0.155040
vt 0.973670 0.143357
vt 0.642508 0.329884
vt 0.648627 0.328512
vt 0.648627 0.507371
vt 0.971778 0.160785
vt 0.973786 0.020936
vt 0.973029 0.028977
vt 0.977059 0.213576
vt 0.152643 0.326933
vt 0.977866 0.203347
vt 0.150946 0.315648
vt 0.937206 0.120436
vt 0.935469 0.029005
vt 0.944113 0.121077
vt 0.971156 0.757512
vt 0.973289 0.749378
vt 0.977084 0.755025
vt 0.152788 0.117342
vt 0.147563 0.114580
vt 0.150322 0.110500
vt 0.971983 0.761950
vt 0.930966 0.119175
vt 0.928991 0.029055
vt 0.972401 0.287663
vt 0.972463 0.296089
vt 0.969593 0.290248
vt 0.972718 0.276972
vt 0.973617 0.289211
vt 0.969594 0.282360
vt 0.973582 0.647907
vt 0.971267 0.661863
vt 0.967452 0.661924
vt 0.832296 0.856627
vt 0.840689 0.946474
vt 0.833068 0.944856
vt 0.959968 0.474379
vt 0.959968 0.554937
vt 0.953063 0.474581
vt 0.840110 0.856280
vt 0.824699 0.857073
vt 0.052839 0.187313
vt 0.054773 0.169792
vt 0.054773 0.190264
vt 0.040359 0.210444
vt 0.038401 0.193954
vt 0.040359 0.192817
vt 0.968416 0.850828
vt 0.967354 0.864435
vt 0.309900 0.933375
vt 0.309154 0.946595
vt 0.307305 0.935067
vt 0.971712 0.853883
vt 0.308598 0.918771
vt 0.048634 0.947369
vt 0.045582 0.946703
vt 0.047191 0.944458
vt 0.047000 0.948186
vt 0.829620 0.946324
vt 0.827470 0.956989
vt 0.826696 0.947955
vt 0.908950 0.976678
vt 0.904992 0.974937
vt 0.910549 0.972990
vt 0.712854 0.887355
vt 0.708296 0.886237
vt 0.719970 0.886223
vt 0.711787 0.890898
vt 0.866604 0.540523
vt 0.137282 0.018795
vt 0.134347 0.027301
vt 0.080298 0.244306
vt 0.085763 0.252183
vt 0.084119 0.252450
vt 0.033172 0.116022
vt 0.034593 0.126843
vt 0.031553 0.119324
vt 0.085310 0.246089
vt 0.077803 0.241669
vt 0.034593 0.117967
vt 0.417452 0.829825
vt 0.422328 0.673908
vt 0.422329 0.830243
vt 0.801415 0.828802
vt 0.795764 0.828369
vt 0.801415 0.671488
vt 0.441799 0.629889
vt 0.441799 0.447689
vt 0.448274 0.449338
vt 0.168008 0.981401
vt 0.149693 0.024998
vt 0.053332 0.209592
vt 0.051871 0.211885
vt 0.051871 0.192946
vt 0.148956 0.013536
vt 0.475938 0.952399
vt 0.473998 0.952881
vt 0.061763 0.971546
vt 0.066868 0.978199
vt 0.063062 0.979499
vt 0.936906 0.733928
vt 0.936906 0.818712
vt 0.931230 0.817958
vt 0.309900 0.913844
vt 0.301170 0.913844
vt 0.301859 0.797451
vt 0.928955 0.732976
vt 0.065885 0.969699
vt 0.060462 0.961119
vt 0.914575 0.384910
vt 0.894920 0.687157
vt 0.902313 0.607877
vt 0.902313 0.688986
vt 0.981589 0.510376
vt 0.976885 0.501432
vt 0.978067 0.512405
vt 0.716092 0.038431
vt 0.081520 0.094067
vt 0.084219 0.094146
vt 0.389116 0.965111
vt 0.398362 0.974150
vt 0.396628 0.975556
vt 0.070904 0.088807
vt 0.397983 0.971276
vt 0.081545 0.087226
vt 0.014837 0.221991
vt 0.010965 0.220456
vt 0.015065 0.219257
vt 0.014971 0.223652
vt 0.010749 0.223636
vt 0.611151 0.417045
vt 0.607472 0.418004
vt 0.607472 0.226456
vt 0.540459 0.969847
vt 0.245217 0.275306
vt 0.245217 0.201019
vt 0.252244 0.275198
vt 0.044895 0.001335
vt 0.080341 0.127148
vt 0.071501 0.124401
vt 0.919930 0.121988
vt 0.928219 0.122492
vt 0.919930 0.206674
vt 0.543406 0.832547
vt 0.536073 0.918168
vt 0.536073 0.831913
vt 0.975764 0.328403
vt 0.974588 0.328448
vt 0.974285 0.325846
vt 0.349124 0.758173
vt 0.349123 0.592392
vt 0.351700 0.757237
vt 0.765705 0.088229
vt 0.766822 0.248429
vt 0.765705 0.249361
vt 0.759615 0.165760
vt 0.758386 0.165736
vt 0.759615 0.000936
vt 0.170191 0.307027
vt 0.170717 0.315633
vt 0.205226 0.098784
vt 0.205753 0.109627
vt 0.204197 0.113870
vt 0.169536 0.307560
vt 0.205859 0.098230
vt 0.910230 0.034939
vt 0.909314 0.024596
vt 0.911475 0.033355
vt 0.057341 0.292745
vt 0.058076 0.286237
vt 0.061669 0.290881
vt 0.058972 0.300307
vt 0.057579 0.303174
vt 0.063560 0.299072
vt 0.055682 0.292884
vt 0.184192 0.914912
vt 0.183904 0.928777
vt 0.179947 0.913458
vt 0.017298 0.971056
vt 0.012957 0.978508
vt 0.013683 0.969452
vt 0.035139 0.434956
vt 0.041800 0.432150
vt 0.041800 0.618358
vt 0.018042 0.961654
vt 0.017338 0.980322
vt 0.194147 0.948811
vt 0.191909 0.954945
vt 0.190898 0.943253
vt 0.194196 0.954799
vt 0.164530 0.080718
vt 0.165760 0.074299
vt 0.056214 0.616187
vt 0.052689 0.618358
vt 0.052689 0.432386
vt 0.739897 0.743759
vt 0.739897 0.571687
vt 0.742318 0.572134
vt 0.159368 0.616431
vt 0.159368 0.433057
vt 0.160415 0.616917
vt 0.155380 0.039766
vt 0.154070 0.039696
vt 0.153641 0.036826
vt 0.156329 0.032970
vt 0.251026 0.619140
vt 0.256347 0.618674
vt 0.256568 0.781236
vt 0.110302 0.117468
vt 0.108673 0.111019
vt 0.111090 0.109392
vt 0.057421 0.431192
vt 0.064863 0.614643
vt 0.057421 0.616917
vt 0.112324 0.117235
vt 0.107917 0.123960
vt 0.608268 0.000254
vt 0.608268 0.164319
vt 0.602730 0.001261
vt 0.969354 0.881336
vt 0.965083 0.873304
vt 0.964370 0.882687
vt 0.848767 0.953466
vt 0.852083 0.940448
vt 0.853554 0.940126
vt 0.857384 0.940428
vt 0.853216 0.953305
vt 0.850097 0.966943
vt 0.847215 0.953555
vt 0.206081 0.324678
vt 0.204544 0.326153
vt 0.209187 0.322078
vt 0.207218 0.325517
vt 0.565441 0.880356
vt 0.574952 0.881296
vt 0.563404 0.883629
vt 0.878246 0.312782
vt 0.878246 0.226038
vt 0.886457 0.229223
vt 0.010090 0.786704
vt 0.000613 0.915285
vt 0.000613 0.784640
vt 0.949357 0.084014
vt 0.874061 0.555982
vt 0.878156 0.553746
vt 0.879250 0.562760
vt 0.869934 0.552302
vt 0.871568 0.548859
vt 0.872193 0.558605
vt 0.875916 0.563585
vt 0.699770 0.000686
vt 0.707724 0.002222
vt 0.699770 0.177291
vt 0.017636 0.037963
vt 0.025922 0.045476
vt 0.021304 0.049719
vt 0.022454 0.035794
vt 0.262334 0.170771
vt 0.262248 0.180244
vt 0.257025 0.170771
vt 0.973171 0.607754
vt 0.974041 0.613859
vt 0.971195 0.605906
vt 0.973406 0.596371
vt 0.972599 0.613680
vt 0.970902 0.612480
vt 0.001044 0.317766
vt 0.002848 0.318779
vt 0.000296 0.318159
vt 0.002446 0.317078
vt 0.003013 0.318192
vt 0.000521 0.316483
vt 0.930369 0.958675
vt 0.927822 0.957736
vt 0.927348 0.952266
vt 0.906673 0.949417
vt 0.905291 0.959625
vt 0.847540 0.946996
vt 0.904225 0.942364
vt 0.910655 0.948656
vt 0.036035 0.160889
vt 0.033078 0.159841
vt 0.036035 0.150030
vt 0.337286 0.203237
vt 0.331019 0.003135
vt 0.337286 0.000413
vt 0.268099 0.675510
vt 0.261046 0.676014
vt 0.261046 0.498178
vt 0.033772 0.171526
vt 0.472409 0.638538
vt 0.472409 0.458739
vt 0.478543 0.637105
vt 0.140065 0.332962
vt 0.230623 0.269541
vt 0.257736 0.329698
vt 0.253891 0.328082
vt 0.259520 0.331373
vt 0.006115 0.952761
vt 0.006115 0.857821
vt 0.012973 0.859026
vt 0.942493 0.029282
vt 0.720436 0.173688
vt 0.726463 0.095753
vt 0.726463 0.174409
vt 0.094363 0.634568
vt 0.099957 0.634580
vt 0.099711 0.713350
vt 0.434015 0.938331
vt 0.431956 0.940242
vt 0.435112 0.941120
vt 0.408295 0.945813
vt 0.107999 0.285327
vt 0.107157 0.287039
vt 0.098199 0.282095
vt 0.973536 0.136122
vt 0.974111 0.131424
vt 0.976695 0.131225
vt 0.107766 0.283109
vt 0.113870 0.279570
vt 0.112644 0.285861
vt 0.979126 0.131198
vt 0.688608 0.533877
vt 0.688608 0.357554
vt 0.690162 0.534757
vt 0.490530 0.676014
vt 0.490530 0.498486
vt 0.492957 0.498875
vt 0.299833 0.961248
vt 0.704464 0.097173
vt 0.706283 0.098071
vt 0.704464 0.273865
vt 0.970207 0.359681
vt 0.967436 0.363983
vt 0.012973 0.245630
vt 0.972408 0.354724
vt 0.264140 0.910777
vt 0.261936 0.923736
vt 0.259684 0.910765
vt 0.266796 0.925671
vt 0.967277 0.622895
vt 0.867497 0.893190
vt 0.867999 0.891895
vt 0.882056 0.890215
vt 0.801651 0.912203
vt 0.787259 0.911847
vt 0.802262 0.911114
vt 0.882065 0.891396
vt 0.867999 0.893664
vt 0.787530 0.912849
vt 0.802226 0.913015
vt 0.011636 0.214152
vt 0.496805 0.918644
vt 0.498981 0.919336
vt 0.497465 0.989932
vt 0.492499 0.990051
vt 0.531996 0.947687
vt 0.529883 0.948047
vt 0.024504 0.779794
vt 0.018657 0.778858
vt 0.024504 0.617144
vt 0.468453 0.940764
vt 0.468297 0.948933
vt 0.468082 0.931572
vt 0.863395 0.647778
vt 0.859272 0.798532
vt 0.859272 0.647369
vt 0.476426 0.983850
vt 0.472732 0.978638
vt 0.955124 0.688045
vt 0.976934 0.143435
vt 0.982666 0.145458
vt 0.977152 0.145201
vt 0.693310 0.520738
vt 0.761298 0.000300
vt 0.762497 0.000294
vt 0.762497 0.164319
vt 0.132439 0.247599
vt 0.135408 0.240534
vt 0.129859 0.247369
vt 0.990298 0.121642
vt 0.997183 0.121642
vt 0.991664 0.123669
vt 0.127946 0.252244
vt 0.976314 0.221709
vt 0.014202 0.807181
vt 0.014202 0.646401
vt 0.020180 0.647310
vt 0.266481 0.145369
vt 0.674572 0.676603
vt 0.669140 0.834567
vt 0.669140 0.675228
vt 0.044056 0.433584
vt 0.050449 0.435790
vt 0.044056 0.619799
vt 0.423907 0.940590
vt 0.422992 0.948188
vt 0.422207 0.941174
vt 0.424743 0.948162
vt 0.425999 0.940300
vt 0.122995 0.713879
vt 0.123960 0.797091
vt 0.122024 0.714173
vt 0.955593 0.124737
vt 0.956027 0.205098
vt 0.123960 0.714106
vt 0.476404 0.961004
vt 0.476991 0.954186
vt 0.119636 0.183856
vt 0.119636 0.193147
vt 0.118001 0.184252
vt 0.118743 0.175168
vt 0.127601 0.880594
vt 0.199030 0.251880
vt 0.197300 0.241753
vt 0.202363 0.262021
vt 0.973301 0.849571
vt 0.981504 0.858954
vt 0.704806 0.946996
vt 0.686704 0.945927
vt 0.687205 0.946923
vt 0.132608 0.237215
vt 0.126789 0.244758
vt 0.039157 0.000818
vt 0.047566 0.086137
vt 0.039157 0.086484
vt 0.411873 0.970615
vt 0.088183 0.776435
vt 0.099456 0.777967
vt 0.088183 0.908078
vt 0.425219 0.883472
vt 0.438184 0.752568
vt 0.438184 0.885016
vt 0.945442 0.116971
vt 0.412239 0.972259
vt 0.031911 0.961032
vt 0.033127 0.968095
vt 0.029153 0.953202
vt 0.030834 0.952166
vt 0.215624 0.246478
vt 0.211699 0.242241
vt 0.219092 0.240529
vt 0.143942 0.383411
vt 0.342299 0.377551
vt 0.344493 0.383411
vt 0.745201 0.316201
vt 0.740140 0.317107
vt 0.740140 0.144937
vt 0.520343 0.561952
vt 0.520343 0.735111
vt 0.514978 0.563349
vt 0.069661 0.127764
vt 0.062661 0.124626
vt 0.066281 0.123002
vt 0.204678 0.861559
vt 0.196927 0.941230
vt 0.196927 0.860284
vt 0.182536 0.283727
vt 0.961763 0.547730
vt 0.961763 0.472354
vt 0.968617 0.473082
vt 0.925249 0.209230
vt 0.932582 0.210454
vt 0.925249 0.289720
vt 0.160281 0.240933
vt 0.167960 0.086484
vt 0.167960 0.000844
vt 0.175850 0.001969
vt 0.714764 0.872375
vt 0.729345 0.873217
vt 0.714061 0.877809
vt 0.714061 0.741722
vt 0.304471 0.969657
vt 0.302635 0.967652
vt 0.302983 0.975515
vt 0.308458 0.965204
vt 0.300603 0.973266
vt 0.982114 0.888787
vt 0.971359 0.898276
vt 0.975283 0.892446
vt 0.179369 0.269682
vt 0.752408 0.404223
vt 0.752408 0.570792
vt 0.749400 0.569829
vt 0.602346 0.585244
vt 0.603944 0.586224
vt 0.602346 0.753849
vt 0.022932 0.984194
vt 0.023472 0.973391
vt 0.018905 0.985440
vt 0.022149 0.976089
vt 0.156307 0.985251
vt 0.144367 0.896057
vt 0.155474 0.894661
vt 0.796863 0.919584
vt 0.797117 0.934100
vt 0.145764 0.986621
vt 0.800081 0.915514
vt 0.966877 0.939789
vt 0.966712 0.926626
vt 0.970834 0.936107
vt 0.165760 0.983296
vt 0.967874 0.520702
vt 0.940156 0.776344
vt 0.940156 0.694953
vt 0.961980 0.585424
vt 0.139341 0.868619
vt 0.137529 0.867943
vt 0.140195 0.861552
vt 0.143337 0.870815
vt 0.136279 0.879444
vt 0.297143 0.932801
vt 0.298268 0.942116
vt 0.291379 0.941776
vt 0.300465 0.941272
vt 0.149905 0.864583
vt 0.165760 0.062571
vt 0.165760 0.052466
vt 0.844657 0.540652
vt 0.838958 0.697635
vt 0.838958 0.539830
vt 0.347376 0.619152
vt 0.347374 0.781236
vt 0.340178 0.780365
vt 0.504488 0.828802
vt 0.498585 0.827942
vt 0.504488 0.671024
vt 0.996454 0.038480
vt 0.990298 0.032134
vt 0.999258 0.032134
vt 0.088827 0.103847
vt 0.090437 0.097580
vt 0.089719 0.110931
vt 0.087882 0.105085
vt 0.087558 0.096086
vt 0.144747 0.123519
vt 0.142201 0.116990
vt 0.144459 0.115968
vt 0.982160 0.761488
vt 0.980034 0.754884
vt 0.988796 0.762497
vt 0.978550 0.289756
vt 0.978707 0.300294
vt 0.975750 0.299526
vt 0.975505 0.289602
vt 0.504488 0.200527
vt 0.504488 0.361790
vt 0.497800 0.201000
vt 0.799751 0.568070
vt 0.805739 0.567130
vt 0.805739 0.727904
vt 0.347376 0.615475
vt 0.339514 0.430394
vt 0.347376 0.428703
vt 0.977555 0.280484
vt 0.411045 0.947142
vt 0.361299 0.374712
vt 0.082578 0.357466
vt 0.282089 0.349762
vt 0.283955 0.357466
vt 0.171966 0.325016
vt 0.250065 0.306046
vt 0.251874 0.317429
vt 0.245819 0.297083
vt 0.207686 0.326782
vt 0.199717 0.326579
vt 0.265387 0.195715
vt 0.263250 0.197940
vt 0.307384 0.091861
vt 0.242165 0.197274
vt 0.238601 0.196264
vt 0.848562 0.939789
vt 0.848562 0.858894
vt 0.856188 0.861427
vt 0.040359 0.913844
vt 0.024473 0.913844
vt 0.029718 0.790081
vt 0.220011 0.063963
vt 0.217812 0.064294
vt 0.217200 0.054522
vt 0.981786 0.763513
vt 0.979215 0.763788
vt 0.925215 0.694923
vt 0.927693 0.696253
vt 0.754245 0.590655
vt 0.755291 0.590640
vt 0.755291 0.756732
vt 0.505961 0.756732
vt 0.505899 0.590650
vt 0.506818 0.756237
vt 0.925040 0.696580
vt 0.578556 0.753849
vt 0.578075 0.585738
vt 0.579440 0.585738
vt 0.978366 0.255504
vt 0.977382 0.261829
vt 0.976593 0.253936
vt 0.982391 0.254948
vt 0.979705 0.262162
vt 0.978598 0.248479
vt 0.982988 0.249709
vt 0.966142 0.083817
vt 0.968803 0.084407
vt 0.973097 0.084986
vt 0.895106 0.315665
vt 0.883609 0.183465
vt 0.895106 0.182203
vt 0.156673 0.234947
vt 0.162845 0.160484
vt 0.164319 0.234947
vt 0.199847 0.203237
vt 0.207678 0.120998
vt 0.214768 0.120998
vt 0.880692 0.399043
vt 0.880692 0.485750
vt 0.872351 0.402136
vt 0.570792 0.869710
vt 0.563197 0.870602
vt 0.563197 0.783834
vt 0.021621 0.948277
vt 0.013261 0.951320
vt 0.013385 0.874887
vt 0.213245 0.639306
vt 0.219092 0.638868
vt 0.219092 0.799974
vt 0.051354 0.655485
vt 0.057656 0.815378
vt 0.051354 0.815829
vt 0.477101 0.638870
vt 0.477101 0.799974
vt 0.472489 0.639808
vt 0.957268 0.119908
vt 0.957348 0.107101
vt 0.099456 0.018738
vt 0.096719 0.017232
vt 0.099456 0.003949
vt 0.145562 0.616917
vt 0.145562 0.433319
vt 0.155671 0.615582
vt 0.011378 0.978288
vt 0.011841 0.970400
vt 0.975995 0.723163
vt 0.974569 0.728745
vt 0.979211 0.721958
vt 0.327158 0.617627
vt 0.332962 0.778876
vt 0.327158 0.779794
vt 0.237844 0.632855
vt 0.243642 0.632636
vt 0.237844 0.794208
vt 0.301472 0.781236
vt 0.301472 0.619069
vt 0.308458 0.780332
vt 0.455864 0.931763
vt 0.455047 0.940268
vt 0.458505 0.919858
vt 0.454664 0.920880
vt 0.958098 0.775914
vt 0.952332 0.776712
vt 0.957484 0.696816
vt 0.962356 0.696906
vt 0.937468 0.829481
vt 0.933335 0.838592
vt 0.933807 0.829345
vt 0.964763 0.775632
vt 0.938347 0.821002
vt 0.936196 0.838823
vt 0.380470 0.897445
vt 0.376152 0.894730
vt 0.377639 0.895130
vt 0.163033 0.252190
vt 0.163636 0.256610
vt 0.865452 0.317039
vt 0.874734 0.313633
vt 0.875748 0.314161
vt 0.868545 0.317377
vt 0.865628 0.318809
vt 0.053616 0.271686
vt 0.153897 0.127528
vt 0.152019 0.128284
vt 0.158553 0.126018
vt 0.478795 0.670541
vt 0.485166 0.828763
vt 0.478795 0.830243
vt 0.579440 0.360275
vt 0.576851 0.363231
vt 0.572069 0.199003
vt 0.116437 0.018542
vt 0.112733 0.021366
vt 0.112770 0.014067
vt 0.111294 0.031214
vt 0.490074 0.827286
vt 0.762497 0.566725
vt 0.762497 0.730787
vt 0.760479 0.566727
vt 0.116066 0.021491
vt 0.085597 0.133640
vt 0.974995 0.084716
vt 0.978669 0.076969
vt 0.105222 0.125401
vt 0.098775 0.125336
vt 0.105222 0.039644
vt 0.061006 0.000485
vt 0.067746 0.000406
vt 0.067746 0.074952
vt 0.085793 0.000380
vt 0.100898 0.084693
vt 0.091400 0.085042
vt 0.078625 0.001165
vt 0.077835 0.182793
vt 0.071097 0.266658
vt 0.071097 0.182114
vt 0.693439 0.230232
vt 0.697635 0.053648
vt 0.697635 0.230623
vt 0.978819 0.147951
vt 0.983031 0.152910
vt 0.972075 0.511269
vt 0.973878 0.501193
vt 0.247541 0.982306
vt 0.246631 0.984556
vt 0.247207 0.980044
vt 0.145159 0.106018
vt 0.148786 0.102969
vt 0.143449 0.106703
vt 0.293826 0.208550
vt 0.294010 0.199370
vt 0.298369 0.208232
vt 0.113875 0.036018
vt 0.112470 0.031687
vt 0.119312 0.031552
vt 0.292362 0.200215
vt 0.292534 0.209002
vt 0.115160 0.036490
vt 0.722998 0.012982
vt 0.722795 0.023062
vt 0.722795 0.000787
vt 0.470004 0.919671
vt 0.472391 0.926419
vt 0.953802 0.554394
vt 0.946500 0.474510
vt 0.164509 0.318907
vt 0.243318 0.287358
vt 0.243795 0.284132
vt 0.566468 0.401255
vt 0.566468 0.593854
vt 0.558973 0.590070
vt 0.328638 0.615475
vt 0.325164 0.613158
vt 0.328638 0.428277
vt 0.229182 0.198912
vt 0.665924 0.846098
vt 0.661766 0.844656
vt 0.665924 0.691874
vt 0.664483 0.698068
vt 0.658677 0.851864
vt 0.658677 0.696149
vt 0.276748 0.331521
vt 0.270929 0.327737
vt 0.275507 0.325294
vt 0.857629 0.706706
vt 0.857629 0.859071
vt 0.851783 0.858642
vt 0.990298 0.068038
vt 0.993313 0.137896
vt 0.994063 0.140811
vt 0.990298 0.140811
vt 0.997083 0.068038
vt 0.400708 0.962806
vt 0.392964 0.962851
vt 0.118487 0.129097
vt 0.121022 0.133201
vt 0.104343 0.132482
vt 0.939789 0.209002
vt 0.929468 0.208120
vt 0.937708 0.122798
vt 0.099033 0.127892
vt 0.112847 0.214721
vt 0.559461 0.595966
vt 0.565027 0.596890
vt 0.559461 0.761056
vt 0.918502 0.428094
vt 0.915971 0.401688
vt 0.766737 0.936985
vt 0.767746 0.950067
vt 0.766737 0.950294
vt 0.857316 0.978707
vt 0.379676 0.909994
vt 0.703400 0.950592
vt 0.963536 0.679829
vt 0.972604 0.687232
vt 0.968049 0.688250
vt 0.972778 0.222878
vt 0.977225 0.229182
vt 0.980000 0.182731
vt 0.984274 0.189778
vt 0.978632 0.191110
vt 0.492972 0.587608
vt 0.500164 0.394172
vt 0.500164 0.588089
vt 0.971420 0.728232
vt 0.973655 0.728083
vt 0.973573 0.735111
vt 0.971553 0.721449
vt 0.824325 0.629889
vt 0.824325 0.470061
vt 0.830243 0.470944
vt 0.571683 0.387811
vt 0.579440 0.388884
vt 0.571683 0.582323
vt 0.028828 0.029918
vt 0.028266 0.024150
vt 0.980978 0.661141
vt 0.976573 0.661483
vt 0.976257 0.647619
vt 0.481426 0.237830
vt 0.472787 0.234061
vt 0.481426 0.040866
vt 0.979283 0.674330
vt 0.474034 0.484308
vt 0.474034 0.287346
vt 0.482867 0.288172
vt 0.981586 0.647665
vt 0.010434 0.354596
vt 0.201795 0.366114
vt 0.004712 0.362262
vt 0.975253 0.615475
vt 0.383367 0.895565
vt 0.743225 0.331355
vt 0.745201 0.503003
vt 0.743225 0.503047
vt 0.036035 0.621195
vt 0.033992 0.621241
vt 0.033992 0.438764
vt 0.926467 0.949372
vt 0.924830 0.953125
vt 0.924044 0.949006
vt 0.825771 0.972858
vt 0.823885 0.971715
vt 0.826208 0.964222
vt 0.830477 0.973411
vt 0.831684 0.980148
vt 0.824718 0.979320
vt 0.674589 0.986933
vt 0.673674 0.972568
vt 0.675042 0.971916
vt 0.672142 0.985697
vt 0.185820 0.914048
vt 0.676527 0.986199
vt 0.012141 0.961683
vt 0.010261 0.969358
vt 0.011601 0.955772
vt 0.194668 0.971653
vt 0.195726 0.961857
vt 0.196072 0.973930
vt 0.208798 0.031711
vt 0.206722 0.030681
vt 0.204462 0.021191
vt 0.193105 0.971174
vt 0.193865 0.962591
vt 0.443922 0.083601
vt 0.443922 0.000195
vt 0.449715 0.082987
vt 0.305576 0.247253
vt 0.300530 0.247920
vt 0.300530 0.164292
vt 0.269541 0.131167
vt 0.262655 0.001248
vt 0.269541 0.000611
vt 0.943511 0.206119
vt 0.943511 0.125248
vt 0.948894 0.205359
vt 0.113033 0.007258
vt 0.111277 0.012168
vt 0.112345 0.002836
vt 0.116753 0.007474
vt 0.990298 0.028289
vt 0.999431 0.031466
vt 0.990298 0.032073
vt 0.288336 0.384437
vt 0.294064 0.393516
vt 0.096978 0.397825
vt 0.784597 0.947447
vt 0.782122 0.962564
vt 0.782291 0.946875
vt 0.785069 0.964442
vt 0.795650 0.934137
vt 0.184659 0.318464
vt 0.191529 0.324474
vt 0.185623 0.314049
vt 0.194588 0.319907
vt 0.253926 0.928085
vt 0.400708 0.108634
vt 0.400708 0.308458
vt 0.391867 0.306600
vt 0.556378 0.156133
vt 0.547276 0.348817
vt 0.547276 0.153819
vt 0.279630 0.618358
vt 0.269866 0.615687
vt 0.279630 0.430205
vt 0.099677 0.985916
vt 0.102959 0.896035
vt 0.263912 0.291032
vt 0.236332 0.098046
vt 0.923922 0.390348
vt 0.929782 0.397464
vt 0.687545 0.513418
vt 0.681878 0.688986
vt 0.681878 0.511518
vt 0.631801 0.639979
vt 0.631801 0.458715
vt 0.638538 0.460202
vt 0.080426 0.084507
vt 0.070806 0.084322
vt 0.070806 0.001565
vt 0.937258 0.577322
vt 0.935390 0.565406
vt 0.933436 0.583370
vt 0.932978 0.575604
vt 0.939789 0.590433
vt 0.010090 0.298369
vt 0.008213 0.283049
vt 0.010090 0.282288
vt 0.180174 0.213581
vt 0.180174 0.229182
vt 0.178011 0.228776
vt 0.055637 0.099777
vt 0.057656 0.099614
vt 0.057064 0.115312
vt 0.055637 0.083694
vt 0.914325 0.974642
vt 0.914439 0.981589
vt 0.918790 0.976538
vt 0.102724 0.876626
vt 0.089667 0.244825
vt 0.948494 0.080718
vt 0.948045 0.001415
vt 0.954470 0.080557
vt 0.461246 0.547507
vt 0.455652 0.547730
vt 0.455652 0.468326
vt 0.520343 0.989822
vt 0.514294 0.990009
vt 0.512785 0.916368
vt 0.942033 0.002374
vt 0.414486 0.928301
vt 0.418676 0.911351
vt 0.999938 0.009532
vt 0.990298 0.009532
vt 0.995008 0.005768
vt 0.643846 0.148323
vt 0.651510 0.151306
vt 0.643846 0.327196
vt 0.639175 0.227740
vt 0.639175 0.048868
vt 0.647186 0.049898
vt 0.351700 0.002816
vt 0.343815 0.201795
vt 0.343815 0.000072
vt 0.014993 0.012717
vt 0.519844 0.198038
vt 0.527550 0.196360
vt 0.527550 0.392059
vt 0.824477 0.161436
vt 0.818512 0.001996
vt 0.824477 0.001110
vt 0.019401 0.001992
vt 0.440765 0.817270
vt 0.440765 0.656945
vt 0.448274 0.732003
vt 0.733294 0.897988
vt 0.733294 0.766231
vt 0.746743 0.895504
vt 0.015124 0.000803
vt 0.306320 0.984562
vt 0.302345 0.983184
vt 0.448328 0.195740
vt 0.455481 0.001108
vt 0.455481 0.198912
vt 0.289122 0.993120
vt 0.280904 0.988351
vt 0.288810 0.987839
vt 0.283955 0.582241
vt 0.283955 0.750966
vt 0.277614 0.750614
vt 0.275595 0.748703
vt 0.658342 0.937573
vt 0.019561 0.195986
vt 0.020902 0.195616
vt 0.023240 0.205871
vt 0.013629 0.197541
vt 0.227740 0.823988
vt 0.226613 0.824477
vt 0.226613 0.672983
vt 0.864241 0.285396
vt 0.864241 0.136210
vt 0.865168 0.135734
vt 0.866278 0.136227
vt 0.317107 0.679234
vt 0.317107 0.830243
vt 0.316205 0.679244
vt 0.023555 0.033654
vt 0.027525 0.043850
vt 0.029236 0.043146
vt 0.255118 0.172258
vt 0.256972 0.180620
vt 0.025374 0.033215
vt 0.698055 0.979557
vt 0.696406 0.979541
vt 0.703400 0.979212
vt 0.147483 0.151172
vt 0.142610 0.138339
vt 0.147479 0.139665
vt 0.148826 0.139517
vt 0.149192 0.151393
vt 0.142610 0.149847
vt 0.141599 0.073443
vt 0.138810 0.073444
vt 0.139671 0.071132
vt 0.560073 0.770496
vt 0.562144 0.771244
vt 0.560073 0.893664
vt 0.142372 0.077792
vt 0.139881 0.074825
vt 0.965734 0.000499
vt 0.965432 0.080718
vt 0.236389 0.710607
vt 0.234456 0.710543
vt 0.236389 0.538862
vt 0.625565 0.558126
vt 0.624385 0.729345
vt 0.624385 0.558108
vt 0.044502 0.949560
vt 0.626915 0.366114
vt 0.626915 0.183581
vt 0.628448 0.184141
vt 0.823420 0.962918
vt 0.831684 0.964166
vt 0.642994 0.976735
vt 0.644635 0.967845
vt 0.205870 0.044074
vt 0.211614 0.034816
vt 0.211519 0.044219
vt 0.727505 0.979092
vt 0.728982 0.901133
vt 0.719551 0.979413
vt 0.205870 0.035319
vt 0.937441 0.987771
vt 0.937753 0.983959
vt 0.949248 0.985045
vt 0.220347 0.203505
vt 0.312609 0.243050
vt 0.996777 0.128251
vt 0.789445 0.476856
vt 0.795649 0.476002
vt 0.795649 0.637096
vt 0.182557 0.431991
vt 0.190264 0.613357
vt 0.182557 0.615475
vt 0.109079 0.869126
vt 0.112990 0.861559
vt 0.112674 0.868210
vt 0.110543 0.877889
vt 0.332962 0.366599
vt 0.131990 0.368997
vt 0.330616 0.364170
vt 0.970614 0.864631
vt 0.331969 0.368997
vt 0.023724 0.014733
vt 0.023709 0.005983
vt 0.027855 0.013771
vt 0.021908 0.002856
vt 0.763642 0.003478
vt 0.769704 0.000785
vt 0.769704 0.164319
vt 0.287691 0.968092
vt 0.289720 0.972384
vt 0.280290 0.974756
vt 0.309357 0.589456
vt 0.315665 0.754934
vt 0.309357 0.756732
vt 0.293865 0.977934
vt 0.298095 0.978716
vt 0.432142 0.759615
vt 0.432142 0.597030
vt 0.436742 0.757833
vt 0.296815 0.970752
vt 0.086196 0.101229
vt 0.088933 0.112389
vt 0.256214 0.300695
vt 0.801334 0.917114
vt 0.802213 0.917002
vt 0.972068 0.937719
vt 0.972456 0.937493
vt 0.973203 0.327297
vt 0.069643 0.954478
vt 0.076394 0.952911
vt 0.210444 0.098274
vt 0.210444 0.108810
vt 0.067569 0.957453
vt 0.976216 0.145975
vt 0.976503 0.153765
vt 0.052049 0.288626
vt 0.652951 0.750274
vt 0.648141 0.883575
vt 0.648141 0.749973
vt 0.235550 0.990695
vt 0.235041 0.987976
vt 0.245020 0.989844
vt 0.231206 0.990475
vt 0.895529 0.319425
vt 0.903754 0.320063
vt 0.895529 0.452598
vt 0.231699 0.992049
vt 0.181616 0.220533
vt 0.177196 0.135565
vt 0.181616 0.135312
vt 0.974805 0.771951
vt 0.973887 0.763057
vt 0.213030 0.064648
vt 0.199353 0.956335
vt 0.198831 0.964210
vt 0.197323 0.963957
vt 0.082808 0.713490
vt 0.082808 0.634616
vt 0.087925 0.713036
vt 0.442253 0.371880
vt 0.440026 0.292299
vt 0.445391 0.292299
vt 0.530163 0.618792
vt 0.534757 0.619132
vt 0.530163 0.697635
vt 0.152472 0.039292
vt 0.151078 0.040359
vt 0.149776 0.039773
vt 0.111615 0.020678
vt 0.110026 0.020362
vt 0.110113 0.010822
vt 0.180174 0.674572
vt 0.172545 0.672079
vt 0.180174 0.497165
vt 0.197300 0.263834
vt 0.666866 0.688986
vt 0.666866 0.511578
vt 0.674572 0.513097
vt 0.028091 0.006060
vt 0.028828 0.000126
vt 0.061224 0.224752
vt 0.061980 0.234299
vt 0.058410 0.232380
vt 0.166381 0.792767
vt 0.166381 0.630976
vt 0.172967 0.632834
vt 0.616038 0.630975
vt 0.621241 0.631883
vt 0.616038 0.792767
vt 0.799974 0.151387
vt 0.793965 0.311341
vt 0.793965 0.150519
vt 0.259762 0.923248
vt 0.258273 0.936381
vt 0.805739 0.904113
vt 0.871494 0.885020
vt 0.882086 0.889031
vt 0.267219 0.328218
vt 0.269727 0.326901
vt 0.266124 0.331521
vt 0.014787 0.064863
vt 0.301251 0.072070
vt 0.296619 0.071266
vt 0.300877 0.067550
vt 0.312630 0.258730
vt 0.267867 0.325163
vt 0.537790 0.958080
vt 0.537515 0.951045
vt 0.538371 0.962321
vt 0.883574 0.810063
vt 0.872805 0.677597
vt 0.883575 0.675951
vt 0.276748 0.278570
vt 0.270420 0.279630
vt 0.270420 0.205382
vt 0.086484 0.816414
vt 0.086484 0.903754
vt 0.080223 0.817806
vt 0.338728 0.907392
vt 0.331874 0.908078
vt 0.331874 0.821113
vt 0.256568 0.199190
vt 0.252408 0.203566
vt 0.473960 0.984603
vt 0.002579 0.327196
vt 0.007207 0.319496
vt 0.953711 0.644264
vt 0.000296 0.325062
vt 0.542639 0.978314
vt 0.542127 0.979384
vt 0.528295 0.979416
vt 0.975451 0.164196
vt 0.971013 0.171526
vt 0.528960 0.977957
vt 0.532075 0.976102
vt 0.977026 0.164412
vt 0.210272 0.327057
vt 0.210443 0.324987
vt 0.151981 0.717443
vt 0.152788 0.717681
vt 0.151981 0.863395
vt 0.106302 0.020615
vt 0.106227 0.009924
vt 0.110096 0.031711
vt 0.716373 0.353172
vt 0.708031 0.526109
vt 0.708031 0.350649
vt 0.990238 0.788443
vt 0.946204 0.886822
vt 0.945015 0.967115
vt 0.945158 0.886829
vt 0.946043 0.967106
vt 0.135933 0.073547
vt 0.137916 0.074352
vt 0.136685 0.079199
vt 0.134531 0.077500
vt 0.948227 0.967027
vt 0.137291 0.072004
vt 0.204678 0.077324
vt 0.204232 0.086160
vt 0.197550 0.080499
vt 0.012099 0.642454
vt 0.017297 0.466337
vt 0.017297 0.644303
vt 0.197314 0.071176
vt 0.144139 0.484731
vt 0.144139 0.663041
vt 0.137087 0.661620
vt 0.968195 0.068492
vt 0.969245 0.061466
vt 0.911521 0.403265
vt 0.911458 0.391488
vt 0.548308 0.895252
vt 0.635655 0.906336
vt 0.546817 0.904027
vt 0.965775 0.373253
vt 0.007207 0.621408
vt 0.000757 0.782677
vt 0.000757 0.619934
vt 0.960427 0.095129
vt 0.171962 0.954268
vt 0.141960 0.097556
vt 0.019809 0.093691
vt 0.019809 0.085119
vt 0.021621 0.085443
vt 0.139811 0.098469
vt 0.141419 0.083697
vt 0.143680 0.203734
vt 0.817267 0.857265
vt 0.821129 0.942982
vt 0.815004 0.941776
vt 0.961889 0.287557
vt 0.959204 0.208378
vt 0.955592 0.287710
vt 0.963855 0.848981
vt 0.961320 0.870327
vt 0.959037 0.867485
vt 0.306611 0.946996
vt 0.304018 0.944582
vt 0.061761 0.118258
vt 0.062568 0.112697
vt 0.065471 0.121077
vt 0.270503 0.981066
vt 0.282177 0.981767
vt 0.280861 0.983948
vt 0.059333 0.108376
vt 0.269285 0.983244
vt 0.274344 0.978247
vt 0.059333 0.118257
vt 0.111185 0.031594
vt 0.019035 0.249833
vt 0.020133 0.249910
vt 0.020133 0.265216
vt 0.747197 0.753849
vt 0.747197 0.583361
vt 0.752408 0.585765
vt 0.162862 0.023062
vt 0.157928 0.016529
vt 0.654868 0.566863
vt 0.660158 0.569292
vt 0.654868 0.739435
vt 0.730787 0.361723
vt 0.725886 0.531874
vt 0.725886 0.358307
vt 0.588089 0.389176
vt 0.585708 0.197257
vt 0.588089 0.195286
vt 0.234284 0.428741
vt 0.236389 0.429758
vt 0.234284 0.618358
vt 0.990298 0.136160
vt 0.992074 0.133673
vt 0.993890 0.136160
vt 0.284838 0.093691
vt 0.284357 0.093689
vt 0.284357 0.009801
vt 0.124368 0.899417
vt 0.124139 0.988796
vt 0.292603 0.092300
vt 0.133266 0.897653
vt 0.132476 0.987365
vt 0.409356 0.361790
vt 0.400733 0.359501
vt 0.409356 0.162429
vt 0.280969 0.616917
vt 0.280969 0.429201
vt 0.291162 0.433673
vt 0.314527 0.320942
vt 0.314707 0.308785
vt 0.318432 0.322642
vt 0.318548 0.334768
vt 0.043966 0.089348
vt 0.047566 0.088846
vt 0.042697 0.097829
vt 0.822840 0.947671
vt 0.819613 0.944771
vt 0.727904 0.875687
vt 0.723402 0.887279
vt 0.724439 0.877755
vt 0.245851 0.986268
vt 0.253685 0.992086
vt 0.252569 0.994562
vt 0.085799 0.268099
vt 0.082823 0.262556
vt 0.084866 0.260278
vt 0.086491 0.260623
vt 0.293015 0.191105
vt 0.298369 0.197966
vt 0.931933 0.838174
vt 0.932910 0.846880
vt 0.930097 0.837009
vt 0.934072 0.856188
vt 0.330079 0.203039
vt 0.330079 0.286837
vt 0.325171 0.203332
vt 0.700549 0.735855
vt 0.703400 0.735519
vt 0.703400 0.818712
vt 0.520343 0.880692
vt 0.515843 0.750696
vt 0.520343 0.749217
vt 0.953756 0.471035
vt 0.881412 0.319641
vt 0.867927 0.322306
vt 0.050707 0.264647
vt 0.929420 0.706865
vt 0.931246 0.708142
vt 0.927363 0.701976
vt 0.931533 0.716060
vt 0.930124 0.715632
vt 0.928653 0.708746
vt 0.075990 0.130045
vt 0.916727 0.252244
vt 0.904870 0.250517
vt 0.916727 0.137826
vt 0.250733 0.206115
vt 0.251423 0.207136
vt 0.248623 0.206772
vt 0.249279 0.209010
vt 0.136593 0.862081
vt 0.038171 0.154229
vt 0.036438 0.145566
vt 0.038918 0.144189
vt 0.353917 0.639412
vt 0.358907 0.799537
vt 0.353917 0.799974
vt 0.111681 0.435683
vt 0.118194 0.432894
vt 0.118194 0.616917
vt 0.615948 0.629889
vt 0.615948 0.448132
vt 0.622682 0.627141
vt 0.135913 0.227500
vt 0.231011 0.983595
vt 0.976831 0.191827
vt 0.972748 0.190859
vt 0.976848 0.182248
vt 0.977217 0.200354
vt 0.972472 0.199618
vt 0.160075 0.814335
vt 0.153397 0.813349
vt 0.164319 0.655543
vt 0.164319 0.815829
vt 0.935472 0.854870
vt 0.934287 0.846385
vt 0.936430 0.846325
vt 0.475264 0.921717
vt 0.938347 0.854984
vt 0.444267 0.961438
vt 0.446811 0.965919
vt 0.445635 0.967211
vt 0.160893 0.267114
vt 0.913844 0.001314
vt 0.223135 0.001416
vt 0.226348 0.004611
vt 0.224237 0.007109
vt 0.149905 0.047406
vt 0.149905 0.042875
vt 0.100898 0.614080
vt 0.098597 0.616917
vt 0.098597 0.432111
vt 0.469747 0.281070
vt 0.471336 0.090155
vt 0.471336 0.281072
vt 0.202410 0.981589
vt 0.202410 0.902490
vt 0.232144 0.003205
vt 0.245037 0.000574
vt 0.245037 0.085042
vt 0.037476 0.929750
vt 0.033061 0.942423
vt 0.037281 0.918033
vt 0.915917 0.012276
vt 0.922560 0.012091
vt 0.006823 0.000233
vt 0.008648 0.001463
vt 0.006823 0.011531
vt 0.975905 0.261831
vt 0.974399 0.272423
vt 0.087441 0.288963
vt 0.085122 0.288193
vt 0.088472 0.283766
vt 0.094300 0.290491
vt 0.086605 0.298390
vt 0.083622 0.299698
vt 0.099456 0.287186
vt 0.968195 0.043711
vt 0.968333 0.050100
vt 0.423807 0.775470
vt 0.423809 0.612229
vt 0.430977 0.774569
vt 0.331419 0.927239
vt 0.201795 0.619799
vt 0.192611 0.618749
vt 0.201795 0.428346
vt 0.386294 0.004518
vt 0.376138 0.201795
vt 0.376138 0.001348
vt 0.333562 0.910726
vt 0.498722 0.197471
vt 0.493401 0.006995
vt 0.498722 0.000865
vt 0.109601 0.190264
vt 0.109601 0.171440
vt 0.112429 0.176073
vt 0.973092 0.180829
vt 0.972437 0.172708
vt 0.686275 0.844657
vt 0.686275 0.687436
vt 0.691869 0.842779
vt 0.843518 0.693585
vt 0.848981 0.849537
vt 0.843518 0.850422
vt 0.299810 0.610393
vt 0.292224 0.612593
vt 0.292224 0.429819
vt 0.754321 0.766726
vt 0.759615 0.766726
vt 0.754781 0.853305
vt 0.812946 0.909520
vt 0.803329 0.794208
vt 0.812946 0.793126
vt 0.298963 0.340169
vt 0.299597 0.266164
vt 0.304134 0.340169
vt 0.102613 0.142771
vt 0.109546 0.142771
vt 0.104986 0.227740
vt 0.971396 0.597045
vt 0.964230 0.588147
vt 0.380280 0.894735
vt 0.046746 0.956899
vt 0.047993 0.972439
vt 0.904225 0.967406
vt 0.827228 0.943628
vt 0.668708 0.976597
vt 0.669000 0.988796
vt 0.671004 0.970300
vt 0.667831 0.967132
vt 0.365250 0.418801
vt 0.366114 0.426653
vt 0.167689 0.426653
vt 0.190898 0.971817
vt 0.191715 0.963465
vt 0.105222 0.713490
vt 0.204678 0.090808
vt 0.197237 0.086928
vt 0.478470 0.477332
vt 0.481426 0.655834
vt 0.475743 0.492792
vt 0.481320 0.478639
vt 0.571802 0.771146
vt 0.569418 0.769367
vt 0.572737 0.766280
vt 0.573463 0.765668
vt 0.576558 0.764269
vt 0.004324 0.928075
vt 0.004324 0.952761
vt 0.002769 0.927433
vt 0.109955 0.289010
vt 0.104328 0.287913
vt 0.982709 0.136932
vt 0.097097 0.284088
vt 0.171828 0.333955
vt 0.176104 0.330087
vt 0.177291 0.335845
vt 0.996474 0.028229
vt 0.990298 0.026037
vt 0.574777 0.584135
vt 0.583765 0.391295
vt 0.583765 0.585206
vt 0.539081 0.614167
vt 0.539081 0.776911
vt 0.530689 0.772573
vt 0.400875 0.002370
vt 0.406473 0.000386
vt 0.406473 0.200354
vt 0.566468 0.375210
vt 0.558343 0.567909
vt 0.558343 0.372903
vt 0.553534 0.433860
vt 0.553534 0.238863
vt 0.562144 0.241182
vt 0.054747 0.149420
vt 0.070492 0.142433
vt 0.070628 0.143424
vt 0.157112 0.131113
vt 0.132978 0.131379
vt 0.260406 0.127857
vt 0.269541 0.135891
vt 0.177243 0.245598
vt 0.179688 0.253102
vt 0.173327 0.244929
vt 0.507408 0.917603
vt 0.507832 0.990005
vt 0.180174 0.236691
vt 0.503154 0.919086
vt 0.540301 0.950443
vt 0.538511 0.951337
vt 0.514181 0.298443
vt 0.521785 0.301358
vt 0.514181 0.494398
vt 0.461256 0.970182
vt 0.459427 0.970611
vt 0.462109 0.971500
vt 0.043242 0.714988
vt 0.037321 0.866278
vt 0.037321 0.714645
vt 0.933017 0.594053
vt 0.932698 0.947415
vt 0.932232 0.950444
vt 0.498722 0.760527
vt 0.495533 0.890782
vt 0.495533 0.759769
vt 0.080718 0.677862
vt 0.080718 0.761056
vt 0.079201 0.760890
vt 0.998038 0.041376
vt 0.990298 0.038540
vt 0.999321 0.038540
vt 0.214872 0.032224
vt 0.984392 0.736772
vt 0.979389 0.741524
vt 0.021048 0.976160
vt 0.021433 0.968323
vt 0.018768 0.973524
vt 0.148718 0.030775
vt 0.077736 0.431640
vt 0.079277 0.431661
vt 0.077736 0.615475
vt 0.744720 0.172967
vt 0.744720 0.000895
vt 0.746642 0.000922
vt 0.249361 0.433459
vt 0.237867 0.616917
vt 0.245427 0.430629
vt 0.139460 0.159958
vt 0.139460 0.168855
vt 0.042902 0.101338
vt 0.045592 0.103780
vt 0.195946 0.326432
vt 0.040091 0.097072
vt 0.095132 0.088227
vt 0.396197 0.981097
vt 0.389125 0.990238
vt 0.395107 0.977704
vt 0.592108 0.393501
vt 0.592108 0.263361
vt 0.603944 0.392726
vt 0.408020 0.977331
vt 0.012066 0.771748
vt 0.014414 0.854747
vt 0.007128 0.854747
vt 0.765318 0.777194
vt 0.776911 0.774897
vt 0.776911 0.906637
vt 0.024386 0.945385
vt 0.027268 0.943824
vt 0.360349 0.203237
vt 0.352706 0.004352
vt 0.360349 0.002130
vt 0.246333 0.171462
vt 0.719569 0.726463
vt 0.719569 0.552824
vt 0.725021 0.725519
vt 0.969746 0.905478
vt 0.971002 0.906723
vt 0.970091 0.918486
vt 0.966249 0.913362
vt 0.903754 0.258010
vt 0.894484 0.127445
vt 0.903754 0.125979
vt 0.948702 0.471336
vt 0.939152 0.392144
vt 0.947677 0.391072
vt 0.443949 0.949879
vt 0.436616 0.949879
vt 0.443324 0.875183
vt 0.413680 0.497125
vt 0.408918 0.497281
vt 0.408918 0.413831
vt 0.768139 0.906637
vt 0.768139 0.822482
vt 0.775470 0.905907
vt 0.048539 0.956049
vt 0.047474 0.949682
vt 0.249361 0.706371
vt 0.025178 0.973270
vt 0.022919 0.966284
vt 0.055808 0.060654
vt 0.057656 0.066373
vt 0.056472 0.069586
vt 0.053582 0.061073
vt 0.146758 0.021930
vt 0.237867 0.428077
vt 0.070071 0.284250
vt 0.199304 0.068139
vt 0.812946 0.328491
vt 0.809906 0.413680
vt 0.809906 0.254204
vt 0.371875 0.859071
vt 0.371875 0.723842
vt 0.377645 0.724825
vt 0.073511 0.872043
vt 0.071887 0.871812
vt 0.073511 0.785849
vt 0.948291 0.859515
vt 0.266379 0.783276
vt 0.269541 0.908078
vt 0.255227 0.908078
vt 0.930687 0.448421
vt 0.932370 0.437749
vt 0.970376 0.509652
vt 0.932862 0.449715
vt 0.084776 0.089121
vt 0.390291 0.978080
vt 0.338476 0.000775
vt 0.340169 0.000796
vt 0.338476 0.191705
vt 0.257670 0.429257
vt 0.259451 0.617871
vt 0.257670 0.618358
vt 0.270036 0.311130
vt 0.151065 0.234039
vt 0.150400 0.243135
vt 0.932247 0.723649
vt 0.977265 0.907797
vt 0.346391 0.909123
vt 0.346364 0.987073
vt 0.338321 0.908726
vt 0.360234 0.987726
vt 0.352452 0.987543
vt 0.353885 0.909133
vt 0.171633 0.286427
vt 0.935498 0.593815
vt 0.172428 0.287233
vt 0.141257 0.185805
vt 0.137058 0.188823
vt 0.137058 0.175745
vt 0.818712 0.425211
vt 0.811483 0.265766
vt 0.818712 0.264864
vt 0.913844 0.032655
vt 0.810520 0.001214
vt 0.817270 0.000805
vt 0.817270 0.161436
vt 0.067182 0.304467
vt 0.060196 0.306348
vt 0.674856 0.958323
vt 0.983809 0.181281
vt 0.984472 0.173028
vt 0.843373 0.161833
vt 0.848981 0.163730
vt 0.843373 0.318548
vt 0.258586 0.281072
vt 0.258586 0.201718
vt 0.198285 0.974382
vt 0.974792 0.246922
vt 0.974837 0.254333
vt 0.971318 0.247294
vt 0.976094 0.246054
vt 0.276748 0.340169
vt 0.169138 0.304693
vt 0.175900 0.300262
vt 0.244003 0.899332
vt 0.240923 0.978247
vt 0.234385 0.978287
vt 0.250803 0.899300
vt 0.757525 0.866948
vt 0.765380 0.866138
vt 0.765380 0.946996
vt 0.914120 0.938347
vt 0.914120 0.857963
vt 0.921051 0.937456
vt 0.118194 0.869161
vt 0.118194 0.719423
vt 0.121077 0.719508
vt 0.831389 0.854747
vt 0.831389 0.709263
vt 0.833126 0.854290
vt 0.254521 0.141773
vt 0.215291 0.260892
vt 0.234362 0.121233
vt 0.185397 0.001055
vt 0.240781 0.122212
vt 0.860434 0.841076
vt 0.863395 0.925375
vt 0.853469 0.925375
vt 0.747478 0.019300
vt 0.752408 0.187433
vt 0.747478 0.188823
vt 0.920656 0.437912
vt 0.915708 0.443702
vt 0.916105 0.436792
vt 0.732797 0.309801
vt 0.737994 0.307400
vt 0.737994 0.479984
vt 0.921051 0.429235
vt 0.357494 0.714931
vt 0.357494 0.543337
vt 0.361790 0.713017
vt 0.920159 0.445029
vt 0.273791 0.817270
vt 0.273791 0.668070
vt 0.275306 0.817241
vt 0.858600 0.157112
vt 0.858600 0.005618
vt 0.860512 0.006099
vt 0.931027 0.396915
vt 0.967495 0.332632
vt 0.970369 0.327426
vt 0.967647 0.339876
vt 0.500012 0.590470
vt 0.504488 0.591391
vt 0.500012 0.756732
vt 0.921386 0.598179
vt 0.093467 0.226121
vt 0.925209 0.960537
vt 0.927144 0.969925
vt 0.872019 0.147950
vt 0.879250 0.017226
vt 0.879250 0.148464
vt 0.228207 0.010590
vt 0.228663 0.004130
vt 0.262394 0.975586
vt 0.266795 0.972285
vt 0.230623 0.009880
vt 0.228569 0.018738
vt 0.223135 0.013117
vt 0.236389 0.300555
vt 0.236201 0.311533
vt 0.055168 0.117887
vt 0.052063 0.120927
vt 0.008949 0.987355
vt 0.394380 0.392059
vt 0.394380 0.308619
vt 0.402149 0.391647
vt 0.108858 0.292513
vt 0.915346 0.389214
vt 0.916506 0.389293
vt 0.832466 0.951728
vt 0.029733 0.057656
vt 0.708204 0.542355
vt 0.716373 0.542924
vt 0.708204 0.717814
vt 0.861550 0.318994
vt 0.000492 0.596737
vt 0.000492 0.432649
vt 0.007207 0.433552
vt 0.627067 0.673396
vt 0.632772 0.674775
vt 0.627067 0.833126
vt 0.678454 0.800999
vt 0.684662 0.642137
vt 0.684662 0.802856
vt 0.993539 0.140872
vt 0.993748 0.141788
vt 0.991346 0.141952
vt 0.151848 0.893664
vt 0.151848 0.763691
vt 0.152788 0.893651
vt 0.990298 0.140872
vt 0.108397 0.229928
vt 0.115255 0.229565
vt 0.870602 0.561253
vt 0.866689 0.562515
vt 0.868328 0.553615
vt 0.836008 0.344075
vt 0.836008 0.503047
vt 0.830308 0.344350
vt 0.571129 0.764969
vt 0.566359 0.768991
vt 0.566155 0.765736
vt 0.574344 0.762554
vt 0.571481 0.761656
vt 0.967495 0.346197
vt 0.990298 0.074045
vt 0.998441 0.076272
vt 0.990298 0.077923
vt 0.990298 0.020872
vt 0.947772 0.781147
vt 0.947020 0.780150
vt 0.887424 0.565054
vt 0.055555 0.267729
vt 0.028122 0.058537
vt 0.033152 0.065930
vt 0.028122 0.067501
vt 0.055968 0.273374
vt 0.060476 0.272149
vt 0.032670 0.062654
vt 0.061980 0.261330
vt 0.448201 0.880692
vt 0.448201 0.747049
vt 0.459805 0.878872
vt 0.562712 0.887106
vt 0.782357 0.258730
vt 0.561287 0.889841
vt 0.036586 0.942435
vt 0.947956 0.288821
vt 0.947047 0.208303
vt 0.952804 0.208596
vt 0.943009 0.208440
vt 0.943009 0.289720
vt 0.753704 0.965734
vt 0.753704 0.895574
vt 0.936145 0.010343
vt 0.975589 0.109828
vt 0.973891 0.119636
vt 0.971201 0.119279
vt 0.972756 0.109337
vt 0.605386 0.195098
vt 0.605386 0.387735
vt 0.597525 0.197337
vt 0.978707 0.097928
vt 0.608428 0.222359
vt 0.616917 0.219143
vt 0.616917 0.410797
vt 0.322872 0.616917
vt 0.314945 0.433746
vt 0.322872 0.429681
vt 0.616682 0.900372
vt 0.033442 0.137035
vt 0.034593 0.134196
vt 0.034593 0.147022
vt 0.029068 0.138314
vt 0.972415 0.037089
vt 0.158553 0.332962
vt 0.024504 0.205807
vt 0.022983 0.196438
vt 0.153647 0.326590
vt 0.925176 0.118459
vt 0.916844 0.029023
vt 0.922894 0.029005
vt 0.915738 0.116290
vt 0.991785 0.047188
vt 0.999355 0.048339
vt 0.990298 0.048339
vt 0.112470 0.044857
vt 0.115793 0.037958
vt 0.184819 0.330408
vt 0.182725 0.330410
vt 0.673062 0.191693
vt 0.680338 0.189720
vt 0.680338 0.367555
vt 0.936657 0.430556
vt 0.938348 0.419068
vt 0.936584 0.442218
vt 0.472042 0.916747
vt 0.373749 0.882537
vt 0.893664 0.552705
vt 0.887630 0.566183
vt 0.893223 0.553261
vt 0.597497 0.877809
vt 0.605307 0.862598
vt 0.606851 0.867548
vt 0.056815 0.277184
vt 0.061980 0.278189
vt 0.055943 0.277165
vt 0.055837 0.187893
vt 0.057656 0.197809
vt 0.055837 0.198912
vt 0.944215 0.967175
vt 0.500716 0.989802
vt 0.500032 0.919320
vt 0.501523 0.989741
vt 0.499674 0.989818
vt 0.574751 0.756889
vt 0.983779 0.070628
vt 0.982681 0.063187
vt 0.633741 0.916211
vt 0.950463 0.690428
vt 0.954034 0.688985
vt 0.914322 0.390117
vt 0.861954 0.975737
vt 0.855212 0.966343
vt 0.513136 0.650069
vt 0.506109 0.473539
vt 0.513136 0.471184
vt 0.772587 0.946706
vt 0.771839 0.955358
vt 0.338926 0.635655
vt 0.338926 0.456771
vt 0.344493 0.634746
vt 0.666289 0.333716
vt 0.673131 0.332342
vt 0.673131 0.510253
vt 0.872535 0.297038
vt 0.096009 0.028613
vt 0.996270 0.000030
vt 0.015855 0.213915
vt 0.015061 0.206418
vt 0.454664 0.969740
vt 0.109079 0.883747
vt 0.113314 0.878524
vt 0.824098 0.633176
vt 0.828802 0.792767
vt 0.819741 0.634139
vt 0.828802 0.633220
vt 0.115312 0.880256
vt 0.597497 0.739446
vt 0.619799 0.861109
vt 0.177092 0.005539
vt 0.185940 0.007149
vt 0.177092 0.090808
vt 0.622969 0.902343
vt 0.631331 0.817753
vt 0.631331 0.903754
vt 0.257475 0.945821
vt 0.259970 0.938301
vt 0.933497 0.700666
vt 0.123173 0.988793
vt 0.100004 0.265216
vt 0.189419 0.943321
vt 0.371880 0.200359
vt 0.363728 0.201795
vt 0.363761 0.000898
vt 0.116753 0.701959
vt 0.110525 0.699361
vt 0.116330 0.692868
vt 0.226783 0.028869
vt 0.226783 0.020999
vt 0.232236 0.031711
vt 0.977724 0.744757
vt 0.977947 0.736774
vt 0.974100 0.300654
vt 0.975694 0.310241
vt 0.973710 0.311341
vt 0.973347 0.661213
vt 0.970745 0.674137
vt 0.439481 0.963382
vt 0.442335 0.968811
vt 0.965497 0.470316
vt 0.970767 0.390847
vt 0.969430 0.470805
vt 0.733681 0.132958
vt 0.739435 0.133973
vt 0.733966 0.305576
vt 0.053699 0.973570
vt 0.416563 0.595288
vt 0.990298 0.102991
vt 0.997467 0.102991
vt 0.995270 0.107332
vt 0.129725 0.039296
vt 0.129725 0.050769
vt 0.123739 0.037136
vt 0.024504 0.186268
vt 0.635912 0.935187
vt 0.019841 0.966779
vt 0.260892 0.816214
vt 0.252981 0.906637
vt 0.253001 0.815128
vt 0.906864 0.572233
vt 0.906864 0.452301
vt 0.916727 0.453529
vt 0.914062 0.295964
vt 0.921051 0.296783
vt 0.914062 0.376204
vt 0.974382 0.880291
vt 0.296927 0.397825
vt 0.973612 0.890341
vt 0.981704 0.862235
vt 0.978861 0.871905
vt 0.000520 0.955644
vt 0.000520 0.933380
vt 0.001441 0.945418
vt 0.986382 0.853095
vt 0.439625 0.761056
vt 0.433292 0.595521
vt 0.439625 0.594975
vt 0.789263 0.314405
vt 0.794208 0.474835
vt 0.789263 0.475660
vt 0.977004 0.014227
vt 0.197471 0.777965
vt 0.190520 0.779794
vt 0.190520 0.617609
vt 0.981589 0.004918
vt 0.409663 0.973801
vt 0.580401 0.840850
vt 0.583765 0.689395
vt 0.583765 0.841774
vt 0.990298 0.071517
vt 0.993773 0.068098
vt 0.993794 0.072042
vt 0.845239 0.709166
vt 0.845239 0.553938
vt 0.848981 0.555867
vt 0.043242 0.334403
vt 0.038471 0.333979
vt 0.043242 0.181053
vt 0.087176 0.131576
vt 0.978707 0.085681
vt 0.975462 0.094348
vt 0.824589 0.830802
vt 0.817965 0.831684
vt 0.817965 0.671809
vt 0.830243 0.830383
vt 0.076394 0.961770
vt 0.974243 0.696571
vt 0.970780 0.698696
vt 0.716373 0.514578
vt 0.709675 0.513644
vt 0.716373 0.435887
vt 0.214298 0.634771
vt 0.220533 0.456844
vt 0.220533 0.635655
vt 0.973193 0.212233
vt 0.230623 0.761056
vt 0.228286 0.760598
vt 0.230623 0.597139
vt 0.221272 0.268343
vt 0.118036 0.694007
vt 0.125401 0.615710
vt 0.125401 0.694752
vt 0.639979 0.595296
vt 0.634527 0.594283
vt 0.639979 0.516422
vt 0.046683 0.250803
vt 0.046683 0.171158
vt 0.051890 0.171562
vt 0.256568 0.615080
vt 0.251027 0.618358
vt 0.251027 0.429290
vt 0.156212 0.025661
vt 0.722138 0.562144
vt 0.717332 0.388229
vt 0.722138 0.388071
vt 0.063684 0.948717
vt 0.072070 0.874191
vt 0.072070 0.949879
vt 0.959969 0.780431
vt 0.190264 0.109546
vt 0.181758 0.109546
vt 0.190225 0.024186
vt 0.881754 0.134050
vt 0.881754 0.000133
vt 0.890782 0.002012
vt 0.668807 0.492067
vt 0.632870 0.670248
vt 0.626334 0.670248
vt 0.261833 0.938046
vt 0.951186 0.083876
vt 0.175706 0.279573
vt 0.175706 0.270758
vt 0.177731 0.275456
vt 0.397567 0.729345
vt 0.397567 0.560244
vt 0.400708 0.726894
vt 0.921051 0.452598
vt 0.916459 0.450009
vt 0.493969 0.589673
vt 0.498722 0.755794
vt 0.493969 0.756732
vt 0.180803 0.281072
vt 0.601061 0.733631
vt 0.596974 0.736552
vt 0.596974 0.565460
vt 0.537217 0.944611
vt 0.532686 0.939217
vt 0.467577 0.921717
vt 0.779794 0.162878
vt 0.773513 0.161953
vt 0.779794 0.000713
vt 0.779794 0.438897
vt 0.779794 0.601061
vt 0.774111 0.600618
vt 0.978250 0.615474
vt 0.976326 0.694866
vt 0.976094 0.702636
vt 0.979223 0.694277
vt 0.984472 0.699593
vt 0.916628 0.942827
vt 0.190264 0.929603
vt 0.185409 0.928798
vt 0.552054 0.553495
vt 0.543444 0.551687
vt 0.552054 0.358492
vt 0.190264 0.916096
vt 0.801415 0.000652
vt 0.801415 0.161436
vt 0.794326 0.002605
vt 0.966319 0.962110
vt 0.968123 0.950776
vt 0.585731 0.612724
vt 0.592413 0.774479
vt 0.585731 0.775470
vt 0.052244 0.621440
vt 0.059097 0.618494
vt 0.059097 0.781236
vt 0.173590 0.984472
vt 0.953297 0.205290
vt 0.952778 0.125251
vt 0.983031 0.245923
vt 0.826293 0.000331
vt 0.831684 0.000626
vt 0.826293 0.159995
vt 0.670510 0.832664
vt 0.676014 0.678086
vt 0.676014 0.833126
vt 0.304018 0.932683
vt 0.368467 0.611151
vt 0.368467 0.418733
vt 0.377645 0.420285
vt 0.472777 0.429154
vt 0.466990 0.435301
vt 0.466990 0.237729
vt 0.997956 0.054981
vt 0.998969 0.056982
vt 0.997416 0.107392
vt 0.995570 0.112342
vt 0.990298 0.107392
vt 0.284149 0.349875
vt 0.302168 0.963181
vt 0.379309 0.612796
vt 0.383411 0.610986
vt 0.383411 0.774029
vt 0.923493 0.209839
vt 0.923934 0.294044
vt 0.913991 0.294044
vt 0.215291 0.000323
vt 0.866689 0.546974
vt 0.868344 0.545695
vt 0.652952 0.746642
vt 0.647436 0.745703
vt 0.652952 0.577624
vt 0.925139 0.710370
vt 0.924707 0.703775
vt 0.631558 0.952884
vt 0.543599 0.955221
vt 0.359484 0.206082
vt 0.459805 0.638090
vt 0.449351 0.641420
vt 0.449351 0.460812
vt 0.852847 0.472453
vt 0.860512 0.624231
vt 0.852847 0.625565
vt 0.047566 0.099349
vt 0.760788 0.864836
vt 0.760788 0.716015
vt 0.766822 0.863273
vt 0.103984 0.885646
vt 0.102796 0.884743
vt 0.106259 0.877085
vt 0.107374 0.886185
vt 0.106363 0.892223
vt 0.419250 0.939849
vt 0.479212 0.942132
vt 0.479984 0.954022
vt 0.010090 0.041410
vt 0.903273 0.384299
vt 0.903867 0.388475
vt 0.973324 0.486844
vt 0.974923 0.491347
vt 0.971966 0.493826
vt 0.065112 0.102936
vt 0.067746 0.113814
vt 0.968082 0.494105
vt 0.299596 0.056407
vt 0.971222 0.001066
vt 0.461393 0.910978
vt 0.500959 0.919324
vt 0.944215 0.887322
vt 0.503198 0.989874
vt 0.384852 0.498722
vt 0.383204 0.498598
vt 0.384852 0.419255
vt 0.272423 0.781236
vt 0.265183 0.780278
vt 0.272423 0.619077
vt 0.984854 0.900882
vt 0.988796 0.908078
vt 0.776303 0.963426
vt 0.775335 0.976552
vt 0.851864 0.286837
vt 0.845706 0.285927
vt 0.851864 0.133002
vt 0.053582 0.070628
vt 0.806706 0.949941
vt 0.806167 0.931650
vt 0.612593 0.423867
vt 0.606975 0.614034
vt 0.606975 0.421944
vt 0.458363 0.640579
vt 0.454829 0.801415
vt 0.447853 0.713812
vt 0.024504 0.318548
vt 0.015967 0.317538
vt 0.024504 0.234830
vt 0.458363 0.715420
vt 0.532173 0.983754
vt 0.530998 0.981189
vt 0.543516 0.980857
vt 0.639979 0.002757
vt 0.632882 0.181616
vt 0.632882 0.001280
vt 0.524305 0.993121
vt 0.544847 0.983379
vt 0.975756 0.011682
vt 0.978271 0.000882
vt 0.101071 0.891981
vt 0.252181 0.980870
vt 0.253685 0.970592
vt 0.097708 0.882177
vt 0.140683 0.107194
vt 0.137144 0.116876
vt 0.136593 0.106861
vt 0.155449 0.235185
vt 0.935465 0.716016
vt 0.155671 0.227324
vt 0.024504 0.170084
vt 0.020616 0.169899
vt 0.024504 0.084727
vt 0.377753 0.640056
vt 0.195132 0.067807
vt 0.807061 0.530968
vt 0.806653 0.967063
vt 0.805400 0.979895
vt 0.803424 0.979850
vt 0.948961 0.124742
vt 0.983031 0.262122
vt 0.104889 0.291395
vt 0.101411 0.296927
vt 0.521967 0.991433
vt 0.286531 0.797091
vt 0.286531 0.635941
vt 0.292603 0.636222
vt 0.180174 0.434798
vt 0.173673 0.616917
vt 0.173673 0.433337
vt 0.377645 0.624124
vt 0.371473 0.622633
vt 0.377645 0.441697
vt 0.990298 0.118322
vt 0.014327 0.960448
vt 0.719738 0.901854
vt 0.975759 0.674572
vt 0.406823 0.964453
vt 0.973461 0.674240
vt 0.925332 0.828457
vt 0.927386 0.827849
vt 0.985914 0.589034
vt 0.373424 0.896013
vt 0.704842 0.515246
vt 0.699535 0.516019
vt 0.699535 0.339465
vt 0.043661 0.957937
vt 0.330857 0.616917
vt 0.330857 0.430008
vt 0.338728 0.434611
vt 0.663041 0.181981
vt 0.663041 0.360349
vt 0.658460 0.182828
vt 0.683299 0.181380
vt 0.687545 0.358048
vt 0.683299 0.358907
vt 0.212999 0.269475
vt 0.212870 0.262393
vt 0.974743 0.782067
vt 0.217650 0.270982
vt 0.200762 0.021137
vt 0.660042 0.944506
vt 0.201752 0.030661
vt 0.407118 0.863257
vt 0.415121 0.731019
vt 0.415121 0.864836
vt 0.262334 0.313592
vt 0.787532 0.905168
vt 0.068964 0.141630
vt 0.018391 0.229182
vt 0.017170 0.220793
vt 0.018738 0.220650
vt 0.170612 0.245835
vt 0.171727 0.244869
vt 0.162170 0.242752
vt 0.455330 0.804951
vt 0.464129 0.802345
vt 0.464129 0.918168
vt 0.176089 0.288201
vt 0.192007 0.293238
vt 0.177505 0.293496
vt 0.191970 0.004234
vt 0.196030 0.000612
vt 0.196030 0.015855
vt 0.191537 0.008060
vt 0.820620 0.964678
vt 0.893810 0.897660
vt 0.903754 0.975340
vt 0.972816 0.738831
vt 0.169151 0.086324
vt 0.171384 0.082265
vt 0.789884 0.001698
vt 0.783306 0.162878
vt 0.783306 0.000800
vt 0.106227 0.000154
vt 0.767680 0.934137
vt 0.081534 0.125401
vt 0.081537 0.121813
vt 0.087925 0.119516
vt 0.812946 0.791325
vt 0.803161 0.790371
vt 0.812946 0.630801
vt 0.204027 0.406910
vt 0.972229 0.327372
vt 0.972087 0.324676
vt 0.971476 0.328379
vt 0.363777 0.908078
vt 0.363777 0.822167
vt 0.373321 0.906595
vt 0.200354 0.304134
vt 0.545717 0.970538
vt 0.633622 0.964922
vt 0.890781 0.446832
vt 0.495012 0.915285
vt 0.504404 0.831028
vt 0.505929 0.915285
vt 0.289720 0.985495
vt 0.284039 0.979506
vt 0.020180 0.249511
vt 0.870075 0.540989
vt 0.927032 0.698159
vt 0.301251 0.615475
vt 0.293365 0.430426
vt 0.301251 0.427771
vt 0.184283 0.969317
vt 0.641420 0.452598
vt 0.634854 0.273229
vt 0.641420 0.272263
vt 0.233506 0.343052
vt 0.031783 0.343052
vt 0.230787 0.334671
vt 0.139275 0.882531
vt 0.674195 0.372572
vt 0.680338 0.370201
vt 0.680338 0.547730
vt 0.064863 0.839079
vt 0.090418 0.116406
vt 0.091579 0.115939
vt 0.088622 0.118194
vt 0.086269 0.114514
vt 0.991728 0.142811
vt 0.150045 0.123220
vt 0.137736 0.615475
vt 0.137736 0.431556
vt 0.144139 0.433770
vt 0.001509 0.928985
vt 0.069187 0.273865
vt 0.062304 0.273110
vt 0.069187 0.189792
vt 0.429373 0.887047
vt 0.433860 0.887558
vt 0.429373 0.962851
vt 0.767435 0.962851
vt 0.561287 0.753300
vt 0.587398 0.880446
vt 0.273045 0.000878
vt 0.279630 0.002750
vt 0.273045 0.171526
vt 0.119636 0.236362
vt 0.731508 0.739435
vt 0.731508 0.566288
vt 0.737994 0.567700
vt 0.643105 0.879250
vt 0.644868 0.797596
vt 0.645745 0.879222
vt 0.916071 0.002891
vt 0.958527 0.991679
vt 0.950581 0.979962
vt 0.711047 0.980148
vt 0.711047 0.902180
vt 0.980574 0.674827
vt 0.977270 0.683174
vt 0.984472 0.676339
vt 0.683933 0.955364
vt 0.681779 0.946948
vt 0.853305 0.468453
vt 0.844680 0.315127
vt 0.848618 0.314143
vt 0.739901 0.794071
vt 0.743759 0.637918
vt 0.743759 0.795650
vt 0.312630 0.268581
vt 0.853305 0.314139
vt 0.009692 0.335517
vt 0.014414 0.264645
vt 0.014414 0.335845
vt 0.978707 0.588089
vt 0.978707 0.518261
vt 0.049304 0.031359
vt 0.054773 0.115130
vt 0.049304 0.116753
vt 0.031711 0.056134
vt 0.361236 0.909672
vt 0.167687 0.959968
vt 0.017170 0.212048
vt 0.000893 0.366114
vt 0.341610 0.141198
vt 0.341610 0.343052
vt 0.333428 0.341147
vt 0.227179 0.247798
vt 0.221962 0.245430
vt 0.291500 0.095132
vt 0.954578 0.108922
vt 0.277741 0.889340
vt 0.277741 0.755797
vt 0.289720 0.887713
vt 0.030789 0.942825
vt 0.033501 0.951780
vt 0.054852 0.160715
vt 0.058554 0.149814
vt 0.969425 0.118153
vt 0.866395 0.761056
vt 0.866395 0.625248
vt 0.874926 0.626706
vt 0.774029 0.650972
vt 0.018074 0.905492
vt 0.023062 0.818169
vt 0.023062 0.906637
vt 0.972179 0.501027
vt 0.215938 0.235859
vt 0.379087 0.720406
vt 0.291162 0.892024
vt 0.949934 0.638510
vt 0.956405 0.558438
vt 0.956711 0.638538
vt 0.949928 0.558314
vt 0.387522 0.612966
vt 0.393501 0.611995
vt 0.393501 0.690428
vt 0.322872 0.034141
vt 0.322872 0.237830
vt 0.312512 0.228167
vt 0.618808 0.183057
vt 0.618808 0.000241
vt 0.628448 0.181998
vt 0.608225 0.619925
vt 0.614034 0.619051
vt 0.614034 0.781236
vt 0.132608 0.128284
vt 0.127225 0.127910
vt 0.132608 0.048471
vt 0.808984 0.954203
vt 0.808984 0.878664
vt 0.814388 0.953916
vt 0.109344 0.079616
vt 0.110867 0.071104
vt 0.113870 0.080295
vt 0.066334 0.953254
vt 0.065227 0.960695
vt 0.148464 0.154120
vt 0.144380 0.162878
vt 0.144361 0.152041
vt 0.807181 0.501605
vt 0.801976 0.342680
vt 0.807181 0.340801
vt 0.654393 0.178733
vt 0.648023 0.000564
vt 0.654393 0.000072
vt 0.726463 0.180669
vt 0.726463 0.354583
vt 0.719341 0.183591
vt 0.967065 0.505158
vt 0.967292 0.516019
vt 0.698868 0.534336
vt 0.706283 0.531359
vt 0.706283 0.707724
vt 0.010950 0.225056
vt 0.011590 0.226299
vt 0.155671 0.243994
vt 0.571083 0.737994
vt 0.571083 0.565831
vt 0.576558 0.736097
vt 0.076927 0.981371
vt 0.092428 0.894661
vt 0.087467 0.983383
vt 0.338321 0.986811
vt 0.977265 0.934850
vt 0.997773 0.061237
vt 0.046722 0.766656
vt 0.049007 0.766720
vt 0.046722 0.892223
vt 0.284296 0.094857
vt 0.821330 0.973792
vt 0.818976 0.972775
vt 0.051441 0.285437
vt 0.047769 0.288433
vt 0.175642 0.916604
vt 0.960669 0.205293
vt 0.965074 0.124848
vt 0.060110 0.850812
vt 0.063421 0.850634
vt 0.063421 0.934023
vt 0.468453 0.815157
vt 0.466028 0.897988
vt 0.466028 0.815009
vt 0.544763 0.906637
vt 0.544763 0.776284
vt 0.549171 0.777001
vt 0.117239 0.117996
vt 0.119636 0.117207
vt 0.115026 0.117884
vt 0.097680 0.279570
vt 0.058410 0.242154
vt 0.294044 0.000639
vt 0.294044 0.085042
vt 0.284633 0.000887
vt 0.127409 0.135881
vt 0.135317 0.137385
vt 0.127409 0.220533
vt 0.786811 0.784170
vt 0.557443 0.196030
vt 0.557443 0.000995
vt 0.565026 0.002832
vt 0.059506 0.820301
vt 0.002898 0.421587
vt 0.198912 0.429535
vt 0.000533 0.429535
vt 0.969292 0.068710
vt 0.051600 0.946458
vt 0.300279 0.981461
vt 0.638134 0.975509
vt 0.057060 0.180097
vt 0.057060 0.169798
vt 0.060539 0.177717
vt 0.060224 0.188823
vt 0.092249 0.238451
vt 0.366188 0.549634
vt 0.471148 0.953863
vt 0.988796 0.861573
vt 0.983297 0.867437
vt 0.915169 0.387900
vt 0.729345 0.730787
vt 0.724107 0.558494
vt 0.729345 0.557109
vt 0.418239 0.084682
vt 0.426653 0.081359
vt 0.426653 0.279630
vt 0.269693 0.973828
vt 0.594211 0.876368
vt 0.594211 0.793270
vt 0.599620 0.793865
vt 0.194588 0.136309
vt 0.183209 0.265217
vt 0.183209 0.134696
vt 0.087925 0.234659
vt 0.085056 0.236926
vt 0.087381 0.232054
vt 0.998780 0.068098
vt 0.997993 0.071520
vt 0.554496 0.608268
vt 0.554496 0.418130
vt 0.557819 0.607791
vt 0.975824 0.390806
vt 0.974491 0.471336
vt 0.979560 0.163465
vt 0.984277 0.694478
vt 0.982254 0.684366
vt 0.670248 0.318636
vt 0.664083 0.319989
vt 0.664083 0.241043
vt 0.942672 0.693310
vt 0.981250 0.226398
vt 0.225906 0.252040
vt 0.230054 0.254327
vt 0.937505 0.455390
vt 0.932407 0.544651
vt 0.461764 0.138354
vt 0.469894 0.141095
vt 0.461764 0.335845
vt 0.457915 0.198912
vt 0.457915 0.001420
vt 0.467012 0.003650
vt 0.420887 0.003640
vt 0.412009 0.198912
vt 0.412009 0.000437
vt 0.296768 0.066371
vt 0.491022 0.823036
vt 0.491022 0.670548
vt 0.494398 0.822073
vt 0.005270 0.313717
vt 0.955490 0.645217
vt 0.959968 0.637986
vt 0.368197 0.988796
vt 0.255127 0.089405
vt 0.753918 0.416245
vt 0.755290 0.416721
vt 0.753918 0.582323
vt 0.746642 0.357466
vt 0.745466 0.189360
vt 0.746642 0.189345
vt 0.924819 0.698841
vt 0.155671 0.217925
vt 0.155644 0.208359
vt 0.797091 0.284424
vt 0.797091 0.445391
vt 0.792194 0.358593
vt 0.170395 0.957756
vt 0.175724 0.236847
vt 0.021341 0.077292
vt 0.734542 0.002201
vt 0.735111 0.015198
vt 0.817693 0.467580
vt 0.825919 0.308677
vt 0.825919 0.468453
vt 0.113621 0.061980
vt 0.629889 0.183057
vt 0.622064 0.003363
vt 0.629889 0.000696
vt 0.295217 0.985914
vt 0.510253 0.755259
vt 0.177577 0.269833
vt 0.426653 0.947980
vt 0.134471 0.083601
vt 0.138873 0.079989
vt 0.425679 0.952761
vt 0.092618 0.299988
vt 0.482582 0.707724
vt 0.482582 0.532577
vt 0.488633 0.706781
vt 0.212345 0.250056
vt 0.817203 0.966008
vt 0.978707 0.310685
vt 0.015855 0.225166
vt 0.180174 0.256568
vt 0.045485 0.054150
vt 0.047566 0.052723
vt 0.047566 0.063421
vt 0.022991 0.923502
vt 0.028521 0.932789
vt 0.774954 0.988796
vt 0.022394 0.934543
vt 0.696799 0.854747
vt 0.696799 0.701400
vt 0.703400 0.853840
vt 0.844998 0.379537
vt 0.850422 0.533335
vt 0.844998 0.534757
vt 0.982854 0.162773
vt 0.978213 0.154347
vt 0.291162 0.634213
vt 0.285106 0.631889
vt 0.291162 0.455358
vt 0.111379 0.689059
vt 0.108296 0.691797
vt 0.108949 0.700834
vt 0.134636 0.125401
vt 0.219007 0.220532
vt 0.974403 0.280324
vt 0.975841 0.280079
vt 0.070105 0.644303
vt 0.070105 0.466199
vt 0.072070 0.643906
vt 0.539439 0.433646
vt 0.540523 0.612133
vt 0.539439 0.612592
vt 0.050449 0.652951
vt 0.047674 0.637981
vt 0.050449 0.475301
vt 0.962851 0.558314
vt 0.136932 0.331521
vt 0.970961 0.253759
vt 0.971645 0.261207
vt 0.926973 0.548558
vt 0.063421 0.038646
vt 0.062777 0.040968
vt 0.058589 0.032131
vt 0.039570 0.933158
vt 0.049007 0.026170
vt 0.046099 0.027386
vt 0.046099 0.014953
vt 0.171526 0.616917
vt 0.162621 0.614233
vt 0.171526 0.433439
vt 0.551238 0.739435
vt 0.551238 0.566846
vt 0.556378 0.737540
vt 0.981221 0.873485
vt 0.935760 0.386798
vt 0.943605 0.387432
vt 0.211885 0.004808
vt 0.210616 0.014159
vt 0.208384 0.003545
vt 0.982959 0.588147
vt 0.933333 0.819960
vt 0.932220 0.828508
vt 0.911151 0.942245
vt 0.971051 0.706283
vt 0.183752 0.939913
vt 0.213399 0.673833
vt 0.217650 0.831690
vt 0.213399 0.833126
vt 0.069187 0.433879
vt 0.066917 0.618358
vt 0.066917 0.432714
vt 0.510363 0.655517
vt 0.513136 0.654107
vt 0.513136 0.811505
vt 0.219760 0.254611
vt 0.178733 0.983241
vt 0.978745 0.708384
vt 0.977933 0.715809
vt 0.981589 0.708587
vt 0.155644 0.222342
vt 0.366188 0.720697
vt 0.471308 0.634093
vt 0.475660 0.794078
vt 0.471308 0.794208
vt 0.736035 0.000658
vt 0.742318 0.000408
vt 0.742318 0.171526
vt 0.351700 0.347353
vt 0.151203 0.344980
vt 0.350706 0.344980
vt 0.349839 0.350259
vt 0.961160 0.875485
vt 0.861954 0.929615
vt 0.031711 0.030586
vt 0.012973 0.762082
vt 0.010396 0.763939
vt 0.010396 0.601860
vt 0.196015 0.079565
vt 0.932283 0.388743
vt 0.050624 0.972734
vt 0.032660 0.073511
vt 0.279107 0.340169
vt 0.279107 0.207016
vt 0.289720 0.338623
vt 0.218377 0.266862
vt 0.108009 0.086987
vt 0.108412 0.079722
vt 0.168089 0.141857
vt 0.117520 0.262334
vt 0.117520 0.001286
vt 0.305576 0.085042
vt 0.295713 0.002812
vt 0.305576 0.001168
vt 0.270009 0.988211
vt 0.563563 0.885444
vt 0.995668 0.115290
vt 0.990298 0.118261
vt 0.531011 0.932834
vt 0.530611 0.939184
vt 0.327127 0.980617
vt 0.927138 0.283972
vt 0.935465 0.210651
vt 0.935465 0.286837
vt 0.446244 0.960935
vt 0.174409 0.834567
vt 0.165688 0.831266
vt 0.174409 0.675234
vt 0.291379 0.978707
vt 0.421381 0.419048
vt 0.429535 0.607353
vt 0.421381 0.611151
vt 0.024504 0.615182
vt 0.018562 0.618358
vt 0.018562 0.432079
vt 0.360349 0.428757
vt 0.360349 0.615475
vt 0.356495 0.431080
vt 0.589541 0.069083
vt 0.596737 0.259725
vt 0.589541 0.262334
vt 0.539081 0.431707
vt 0.530461 0.433860
vt 0.530461 0.238330
vt 0.959968 0.689418
vt 0.091878 0.016659
vt 0.095132 0.001290
vt 0.095132 0.019408
vt 0.093250 0.033152
vt 0.852362 0.779794
vt 0.852362 0.627172
vt 0.859071 0.628031
vt 0.373869 0.857705
vt 0.380528 0.709821
vt 0.380528 0.860512
vt 0.972778 0.201647
vt 0.235735 0.319989
vt 0.136684 0.893664
vt 0.315830 0.657276
vt 0.315830 0.479364
vt 0.322872 0.654441
vt 0.049068 0.861920
vt 0.057656 0.942738
vt 0.049068 0.944113
vt 0.974370 0.042268
vt 0.977811 0.043242
vt 0.291162 0.702132
vt 0.291162 0.851864
vt 0.287595 0.851754
vt 0.260721 0.190264
vt 0.874926 0.449715
vt 0.854827 0.320122
vt 0.799345 0.357466
vt 0.799345 0.196747
vt 0.807181 0.282179
vt 0.242551 0.302579
vt 0.083164 0.239744
vt 0.890101 0.161436
vt 0.890101 0.028406
vt 0.902313 0.029722
vt 0.347376 0.895106
vt 0.340404 0.894509
vt 0.347376 0.808684
vt 0.526392 0.972414
vt 0.657276 0.216574
vt 0.657276 0.394942
vt 0.649690 0.218471
vt 0.116415 0.682485
vt 0.111425 0.679746
vt 0.746184 0.812133
vt 0.752408 0.652328
vt 0.752408 0.812946
vt 0.697635 0.014105
vt 0.893664 0.320479
vt 0.893664 0.454039
vt 0.882790 0.321775
vt 0.078836 0.616151
vt 0.085042 0.433286
vt 0.085042 0.618358
vt 0.222191 0.085520
vt 0.222058 0.076765
vt 0.225844 0.078325
vt 0.226299 0.086484
vt 0.658696 0.474219
vt 0.658696 0.296854
vt 0.667365 0.473398
vt 0.957268 0.095826
vt 0.544098 0.196030
vt 0.544098 0.001008
vt 0.553495 0.006774
vt 0.717814 0.544479
vt 0.717814 0.719256
vt 0.710612 0.718953
vt 0.723580 0.383889
vt 0.717422 0.386294
vt 0.717422 0.211330
vt 0.731392 0.549171
vt 0.731392 0.376654
vt 0.737994 0.547224
vt 0.234675 0.100210
vt 0.573301 0.755449
vt 0.922823 0.566422
vt 0.922051 0.557737
vt 0.102339 0.226299
vt 0.101172 0.142996
vt 0.102339 0.018260
vt 0.174409 0.956059
vt 0.784118 0.860314
vt 0.781390 0.941230
vt 0.778575 0.860314
vt 0.710607 0.856078
vt 0.699698 0.939789
vt 0.699698 0.855713
vt 0.904411 0.707725
vt 0.904411 0.578013
vt 0.919609 0.578678
vt 0.142698 0.083601
vt 0.140584 0.079508
vt 0.635912 0.985913
vt 0.696335 0.232245
vt 0.703400 0.231265
vt 0.703400 0.407915
vt 0.785560 0.491515
vt 0.779496 0.330239
vt 0.785560 0.329394
vt 0.152127 0.057324
vt 0.844657 0.378268
vt 0.838338 0.379087
vt 0.838338 0.221291
vt 0.417288 0.305576
vt 0.417288 0.107151
vt 0.426653 0.301795
vt 0.151515 0.221366
vt 0.995803 0.129463
vt 0.474982 0.961410
vt 0.036438 0.135391
vt 0.170084 0.620373
vt 0.082616 0.782677
vt 0.078768 0.782677
vt 0.203086 0.619799
vt 0.203086 0.428200
vt 0.209002 0.617864
vt 0.164935 0.307382
vt 0.843216 0.379830
vt 0.843216 0.537640
vt 0.837236 0.380249
vt 0.663061 0.178733
vt 0.663061 0.000868
vt 0.673131 0.002048
vt 0.021621 0.191285
vt 0.011760 0.196309
vt 0.000280 0.002467
vt 0.984745 0.043578
vt 0.985913 0.049473
vt 0.246530 0.283726
vt 0.922492 0.923934
vt 0.910293 0.811686
vt 0.922492 0.809922
vt 0.146758 0.009413
vt 0.099041 0.246478
vt 0.922362 0.731988
vt 0.924319 0.817530
vt 0.961001 0.671690
vt 0.961001 0.596996
vt 0.968617 0.598292
vt 0.055989 0.955987
vt 0.311203 0.616917
vt 0.311203 0.429213
vt 0.312782 0.429696
vt 0.288199 0.094759
vt 0.837540 0.004270
vt 0.844657 0.001353
vt 0.844657 0.158553
vt 0.572069 0.361106
vt 0.645745 0.797466
vt 0.998232 0.073985
vt 0.990298 0.072102
vt 0.998607 0.072102
vt 0.576558 0.749847
vt 0.571066 0.754816
vt 0.998806 0.064547
vt 0.387749 0.884337
vt 0.400708 0.753811
vt 0.400708 0.886457
vt 0.256729 0.975824
vt 0.728249 0.243596
vt 0.728249 0.070450
vt 0.735111 0.072357
vt 0.117538 0.123835
vt 0.689414 0.356024
vt 0.689414 0.178928
vt 0.697635 0.355581
vt 0.680338 0.707710
vt 0.678932 0.707724
vt 0.678932 0.536115
vt 0.161436 0.616376
vt 0.980290 0.715661
vt 0.250933 0.811505
vt 0.250933 0.651688
vt 0.256568 0.811135
vt 0.841774 0.802448
vt 0.835433 0.802857
vt 0.835433 0.644055
vt 0.076394 0.616917
vt 0.070557 0.433413
vt 0.076394 0.431819
vt 0.196030 0.112386
vt 0.180174 0.882625
vt 0.177771 0.881314
vt 0.179528 0.866071
vt 0.003571 0.369938
vt 0.201795 0.380528
vt 0.001350 0.380528
vt 0.177771 0.899430
vt 0.063421 0.983031
vt 0.677021 0.961632
vt 0.126843 0.613846
vt 0.120086 0.615475
vt 0.120086 0.431551
vt 0.847540 0.856236
vt 0.974382 0.853253
vt 0.116753 0.224857
vt 0.933861 0.708561
vt 0.815829 0.712274
vt 0.815829 0.861954
vt 0.814048 0.712744
vt 0.234124 0.713956
vt 0.235366 0.713475
vt 0.236389 0.863395
vt 0.370438 0.867719
vt 0.369154 0.722459
vt 0.370438 0.722236
vt 0.549171 0.610922
vt 0.549171 0.774029
vt 0.543604 0.773156
vt 0.119636 0.038367
vt 0.113810 0.046797
vt 0.117516 0.047566
vt 0.362800 0.820153
vt 0.362800 0.660837
vt 0.368997 0.819782
vt 0.141257 0.138788
vt 0.641080 0.985193
vt 0.886457 0.157249
vt 0.867607 0.289720
vt 0.875436 0.154900
vt 0.149905 0.860512
vt 0.592413 0.780483
vt 0.592413 0.867719
vt 0.586243 0.867195
vt 0.163260 0.934799
vt 0.000280 0.206119
vt 0.171526 0.836254
vt 0.171526 0.922492
vt 0.163817 0.837178
vt 0.763316 0.956763
vt 0.765280 0.954926
vt 0.680244 0.987699
vt 0.679041 0.973792
vt 0.307017 0.952112
vt 0.092249 0.700518
vt 0.088024 0.700129
vt 0.092249 0.524376
vt 0.582323 0.193525
vt 0.572708 0.194588
vt 0.572708 0.000082
vt 0.178144 0.331521
vt 0.786811 0.913844
vt 0.247785 0.863395
vt 0.247785 0.728518
vt 0.249151 0.862659
vt 0.991178 0.098507
vt 0.993793 0.099422
vt 0.238613 0.627305
vt 0.669118 0.673132
vt 0.677455 0.497227
vt 0.677455 0.674572
vt 0.018779 0.207561
vt 0.111205 0.001156
vt 0.054296 0.260892
vt 0.893000 0.553029
vt 0.876469 0.314791
vt 0.807181 0.914647
vt 0.755290 0.000896
vt 0.755290 0.168643
vt 0.749856 0.003224
vt 0.653547 0.528992
vt 0.653547 0.351385
vt 0.655834 0.528112
vt 0.650446 0.497281
vt 0.650446 0.318719
vt 0.652952 0.318850
vt 0.565513 0.761796
vt 0.630106 0.368997
vt 0.630106 0.187174
vt 0.637096 0.189817
vt 0.173358 0.922492
vt 0.172754 0.836277
vt 0.180174 0.836277
vt 0.459805 0.201285
vt 0.459805 0.334403
vt 0.449217 0.203373
vt 0.638565 0.906637
vt 0.638565 0.775538
vt 0.644303 0.776241
vt 0.409533 0.763939
vt 0.409533 0.601768
vt 0.415121 0.602562
vt 0.837450 0.209218
vt 0.827926 0.366114
vt 0.833088 0.208294
vt 0.212606 0.054142
vt 0.024504 0.953634
vt 0.916244 0.692224
vt 0.917478 0.606632
vt 0.967104 0.696931
vt 0.914879 0.452446
vt 0.913922 0.444785
vt 0.181956 0.278560
vt 0.226541 0.098952
vt 0.233129 0.102339
vt 0.980438 0.110794
vt 0.054056 0.982037
vt 0.867607 0.153550
vt 0.951376 0.119625
vt 0.178092 0.273622
vt 0.912242 0.449499
vt 0.428094 0.916727
vt 0.236389 0.713473
vt 0.250803 0.861844
vt 0.292685 0.821595
vt 0.292685 0.661772
vt 0.299810 0.818760
vt 0.205826 0.900871
vt 0.205826 0.780792
vt 0.217651 0.899474
vt 0.896547 0.547692
vt 0.886312 0.549171
vt 0.886312 0.428909
vt 0.522619 0.868102
vt 0.528992 0.947612
vt 0.522619 0.948437
vt 0.521967 0.970142
vt 0.247078 0.977660
vt 0.159980 0.819150
vt 0.167202 0.910094
vt 0.159980 0.910961
vt 0.265802 0.940013
vt 0.446832 0.291162
vt 0.438267 0.288773
vt 0.446832 0.093284
vt 0.564547 0.237830
vt 0.564547 0.042808
vt 0.570792 0.045670
vt 0.907624 0.575182
vt 0.915285 0.494877
vt 0.915285 0.576558
vt 0.155545 0.195409
vt 0.921386 0.548790
vt 0.896419 0.908078
vt 0.896419 0.790432
vt 0.906637 0.906087
vt 0.107445 0.701959
vt 0.952736 0.366114
vt 0.758173 0.893157
vt 0.073161 0.719256
vt 0.073161 0.550230
vt 0.077835 0.717850
vt 0.814388 0.533185
vt 0.806988 0.693310
vt 0.806988 0.532777
vt 0.792767 0.784118
vt 0.786980 0.783180
vt 0.792767 0.623113
vt 0.814726 0.709166
vt 0.814726 0.548921
vt 0.823036 0.549844
vt 0.220533 0.035832
vt 0.146193 0.036372
vt 0.924805 0.859792
vt 0.933664 0.858973
vt 0.933546 0.943675
vt 0.924805 0.944113
vt 0.827926 0.206888
vt 0.070628 0.309565
vt 0.470195 0.435020
vt 0.471336 0.617831
vt 0.470195 0.618358
vt 0.951320 0.294091
vt 0.951320 0.388660
vt 0.771295 0.967028
vt 0.024504 0.172399
vt 0.023300 0.183057
vt 0.023300 0.171655
vt 0.081534 0.114314
vt 0.083359 0.115604
vt 0.975506 0.100878
vt 0.776911 0.487191
vt 0.769769 0.485232
vt 0.776911 0.324450
vt 0.467012 0.027485
vt 0.467012 0.110987
vt 0.463314 0.110494
vt 0.072070 0.772073
vt 0.066480 0.902313
vt 0.066480 0.770562
vt 0.060862 0.314224
vt 0.665747 0.955308
vt 0.892223 0.880691
vt 0.867497 0.759518
vt 0.541449 0.550613
vt 0.541449 0.355094
vt 0.549171 0.357913
vt 0.899695 0.533316
vt 0.899695 0.401922
vt 0.909520 0.402099
vt 0.586038 0.585206
vt 0.586038 0.391762
vt 0.596737 0.397870
vt 0.528992 0.711618
vt 0.521832 0.713490
vt 0.521831 0.537050
vt 0.408950 0.974822
vt 0.340169 0.673762
vt 0.335060 0.833126
vt 0.335060 0.673333
vt 0.327957 0.935966
vt 0.757537 0.165229
vt 0.596737 0.880951
vt 0.763122 0.389690
vt 0.769704 0.227045
vt 0.769704 0.390618
vt 0.890781 0.304626
vt 0.394942 0.210444
vt 0.386946 0.013285
vt 0.394942 0.010472
vt 0.252507 0.162845
vt 0.485231 0.197471
vt 0.485231 0.000917
vt 0.495840 0.194378
vt 0.785078 0.982016
vt 0.979975 0.004979
vt 0.695890 0.522636
vt 0.703400 0.697692
vt 0.695890 0.699076
vt 0.954220 0.121077
vt 0.084038 0.420887
vt 0.085788 0.412531
vt 0.282513 0.420887
vt 0.995655 0.133944
vt 0.941874 0.943769
vt 0.942672 0.857603
vt 0.226299 0.067715
vt 0.564113 0.755079
vt 0.031711 0.227894
vt 0.026950 0.311341
vt 0.026950 0.227364
vt 0.058589 0.043242
vt 0.671690 0.328638
vt 0.665608 0.152938
vt 0.671690 0.150620
vt 0.656432 0.946223
vt 0.970058 0.775309
vt 0.105222 0.634677
vt 0.504488 0.390218
vt 0.496587 0.393501
vt 0.496587 0.197020
vt 0.885938 0.759615
vt 0.885938 0.672989
vt 0.893664 0.758902
vt 0.030097 0.002306
vt 0.037476 0.002130
vt 0.037476 0.087925
vt 0.506714 0.759203
vt 0.518902 0.890599
vt 0.506713 0.892223
vt 0.905708 0.389176
vt 0.998115 0.079782
vt 0.990298 0.084013
vt 0.990298 0.077984
vt 0.566896 0.748864
vt 0.397825 0.771819
vt 0.485788 0.299359
vt 0.494398 0.494040
vt 0.485788 0.495840
vt 0.002336 0.343071
vt 0.201795 0.351700
vt 0.000419 0.351700
vt 0.379087 0.380528
vt 0.374791 0.378143
vt 0.379087 0.180100
vt 0.157056 0.325371
vt 0.154959 0.314051
vt 0.691655 0.360599
vt 0.697635 0.357765
vt 0.697635 0.534757
vt 0.937994 0.390379
vt 0.366183 0.371937
vt 0.995863 0.131089
vt 0.990298 0.133613
vt 0.990298 0.129523
vt 0.086724 0.240544
vt 0.083506 0.281220
vt 0.019710 0.985599
vt 0.014925 0.990238
vt 0.990298 0.137829
vt 0.994720 0.136220
vt 0.995551 0.137836
vt 0.118753 0.275524
vt 0.123960 0.272948
vt 0.614068 0.412759
vt 0.749214 0.983031
vt 0.755147 0.978853
vt 0.755496 0.979869
vt 0.109916 0.885016
s 1
usemtl Material_0
f 1/1/1 2/2/2 3/3/3
f 1/1/1 4/4/4 5/5/5
f 1/1/1 5/5/5 2/2/2
f 1/1/1 6/6/6 4/4/4
f 1/1/1 3/3/3 6/6/6
f 7/7/7 8/8/8 9/9/9
f 7/7/7 10/10/10 8/8/8
f 11/11/11 12/12/12 13/13/13
f 11/11/11 13/13/13 14/14/14
f 15/15/15 16/16/16 17/17/17
f 11/11/11 18/18/18 12/12/12
s 0
f 19/19/19 20/20/19 21/21/19
s 1
f 22/22/20 23/23/21 24/24/22
s 0
f 25/25/23 26/26/23 27/27/23
s 1
f 22/22/20 24/24/22 28/28/24
f 22/22/20 29/29/25 23/23/21
s 0
f 30/30/26 31/31/26 32/32/26
f 33/33/27 34/34/27 35/35/27
f 36/36/28 37/37/28 38/38/28
f 39/39/29 40/40/29 41/41/29
f 42/42/30 43/43/30 44/44/30
s 1
f 45/45/31 46/46/32 47/47/33
f 45/45/31 47/47/33 48/48/34
s 0
f 49/49/35 50/50/35 51/51/35
s 1
f 52/52/36 53/53/37 54/54/38
f 52/52/36 55/55/39 56/56/40
s 0
f 57/57/41 58/58/41 59/59/41
s 1
f 52/52/36 56/56/40 53/53/37
s 0
f 60/60/42 61/61/42 62/62/42
s 1
f 63/63/43 64/64/44 65/65/45
s 0
f 66/66/46 67/67/46 68/68/46
s 1
f 63/63/43 69/69/47 70/70/48
f 63/63/43 65/65/45 69/69/47
s 0
f 71/71/49 72/72/49 73/73/49
f 74/74/50 75/75/50 76/76/50
s 1
f 77/77/51 78/78/52 79/79/53
f 80/80/54 81/81/55 82/82/56
f 77/77/51 83/83/57 84/84/58
f 80/80/54 85/85/59 81/81/55
f 77/77/51 84/84/58 78/78/52
f 86/86/60 87/87/61 88/88/62
f 89/89/63 90/90/64 91/91/65
f 86/86/60 88/88/62 92/92/66
f 93/93/67 94/94/68 95/95/69
f 93/93/67 95/95/69 96/96/70
f 97/97/71 98/98/72 99/99/73
s 0
f 100/100/74 101/101/74 102/102/74
s 1
f 97/97/71 103/103/75 98/98/72
f 97/97/71 104/104/76 103/103/75
s 0
f 105/105/77 106/106/77 107/107/77
s 1
f 97/97/71 99/99/73 108/108/78
s 0
f 109/109/79 110/110/79 111/111/79
f 112/112/80 113/113/80 114/114/80
s 1
f 115/115/81 116/116/82 117/117/83
f 118/118/84 119/119/85 120/120/86
s 0
f 121/121/87 122/122/87 123/123/87
s 1
f 118/118/84 124/124/88 119/119/85
f 125/125/89 126/126/90 127/127/91
f 125/125/89 128/128/92 126/126/90
f 125/125/89 127/127/91 129/129/93
f 125/125/89 130/130/94 128/128/92
f 125/125/89 129/129/93 131/131/95
f 125/125/89 131/131/95 130/130/94
f 132/132/96 133/133/97 134/134/98
f 135/135/99 136/136/100 137/137/101
f 135/135/99 137/137/101 138/138/102
f 132/132/96 139/139/103 133/133/97
f 132/132/96 140/140/104 139/139/103
f 132/132/96 134/134/98 141/141/105
s 0
f 142/142/106 143/143/106 144/144/106
s 1
f 145/145/107 146/146/108 147/147/109
f 148/148/110 149/149/111 150/150/112
f 151/151/113 152/152/114 153/153/115
f 148/148/110 150/150/112 154/154/116
f 148/148/110 155/155/117 149/149/111
f 156/156/118 157/157/119 158/158/120
f 156/156/118 159/159/121 157/157/119
f 160/160/122 161/161/123 162/162/124
f 160/160/122 163/163/125 161/161/123
f 156/156/118 158/158/120 164/164/126
f 160/160/122 165/165/127 163/163/125
s 0
f 166/166/128 167/167/128 168/168/128
s 1
f 169/169/129 170/170/130 171/171/131
f 172/172/132 173/173/133 174/174/134
s 0
f 175/175/135 176/176/135 177/177/135
s 1
f 172/172/132 178/178/136 173/173/133
s 0
f 179/179/137 180/180/137 181/181/137
s 1
f 182/182/138 183/183/139 184/184/140
f 182/182/138 185/185/141 186/186/142
f 182/182/138 187/187/143 183/183/139
f 182/182/138 186/186/142 187/187/143
f 182/182/138 184/184/140 188/188/144
f 182/182/138 188/188/144 185/185/141
s 0
f 189/189/145 190/190/145 191/191/145
s 1
f 192/192/146 193/193/147 194/194/148
f 192/192/146 195/195/149 196/196/150
s 0
f 197/197/151 198/198/151 199/199/151
s 1
f 192/192/146 196/196/150 193/193/147
s 0
f 200/200/152 201/201/152 202/202/152
s 1
f 203/203/153 204/204/154 205/205/155
f 203/203/153 206/206/156 207/207/157
f 203/203/153 207/207/157 208/208/158
f 203/203/153 209/209/159 204/204/154
f 203/203/153 205/205/155 206/206/156
f 210/210/160 211/211/161 212/212/162
f 213/213/163 214/214/164 215/215/165
f 216/216/166 217/217/167 218/218/168
f 213/213/163 219/219/169 220/220/170
f 213/213/163 215/215/165 219/219/169
f 216/216/166 218/218/168 221/221/171
f 216/216/166 221/221/171 222/222/172
f 223/223/173 224/224/174 225/225/175
f 223/223/173 226/226/176 227/227/177
f 228/228/178 229/229/179 230/230/180
f 223/223/173 227/227/177 224/224/174
f 228/228/178 231/231/181 229/229/179
f 223/223/173 232/232/182 226/226/176
f 233/233/183 234/234/184 235/235/185
f 233/233/183 236/236/186 237/237/187
f 233/233/183 235/235/185 236/236/186
f 238/238/188 239/239/189 240/240/190
f 233/233/183 237/237/187 241/241/191
f 238/238/188 240/240/190 242/242/192
f 243/243/193 244/244/194 245/245/195
f 246/246/196 247/247/197 248/248/198
f 246/246/196 249/249/199 247/247/197
f 243/243/193 250/250/200 251/251/201
f 243/243/193 251/251/201 244/244/194
f 246/246/196 252/252/202 249/249/199
f 253/253/203 254/254/204 255/255/205
f 253/253/203 256/256/206 257/257/207
f 258/258/208 259/259/209 260/260/210
f 253/253/203 261/261/211 256/256/206
f 253/253/203 257/257/207 262/262/212
f 253/253/203 255/255/205 261/261/211
f 263/263/213 264/264/214 265/265/215
f 266/266/216 267/267/217 268/268/218
f 266/266/216 268/268/218 269/269/219
f 266/266/216 269/269/219 270/270/220
f 271/271/221 272/272/222 273/273/223
f 271/271/221 273/273/223 274/274/224
f 275/275/225 276/276/226 277/277/227
f 278/278/228 279/279/229 280/280/230
f 278/278/228 281/281/231 282/282/232
f 278/278/228 283/283/233 281/281/231
f 278/278/228 282/282/232 279/279/229
f 278/278/228 284/284/234 283/283/233
f 285/285/235 286/286/236 287/287/237
f 285/285/235 287/287/237 288/288/238
f 289/289/239 290/290/240 291/291/241
f 285/285/235 292/292/242 286/286/236
f 285/285/235 293/293/243 292/292/242
s 0
f 294/294/244 295/295/244 296/296/244
s 1
f 297/297/245 298/298/246 299/299/247
f 297/297/245 299/299/247 130/130/94
s 0
f 300/300/248 301/301/248 302/302/248
s 1
f 297/297/245 130/130/94 303/303/249
f 304/304/250 305/305/250 306/306/250
f 307/307/251 308/308/252 309/309/253
f 310/310/254 311/311/255 312/312/256
f 313/313/257 314/314/258 315/315/259
f 313/313/257 315/315/259 316/316/260
s 0
f 317/317/261 318/318/261 319/319/261
s 1
f 320/320/262 321/321/263 322/322/264
f 310/310/254 323/323/265 311/311/255
f 324/324/266 325/325/267 326/326/268
f 324/324/266 326/326/268 327/327/269
s 0
f 328/328/270 329/329/270 330/330/270
s 1
f 324/324/266 327/327/269 331/331/271
s 0
f 332/332/272 333/333/272 334/334/272
f 335/335/273 336/336/273 337/337/273
s 1
f 338/338/274 339/339/275 340/340/276
f 338/338/274 341/341/277 342/342/278
f 338/338/274 343/343/279 344/344/280
f 338/338/274 342/342/278 343/343/279
f 338/338/274 340/340/276 345/345/281
f 338/338/274 345/345/281 341/341/277
f 338/338/274 344/344/280 339/339/275
f 346/346/282 347/347/283 348/348/284
f 346/346/282 349/349/285 350/350/286
f 346/346/282 351/351/287 352/352/288
f 346/346/282 350/350/286 347/347/283
f 346/346/282 352/352/288 349/349/285
f 346/346/282 348/348/284 353/353/289
f 346/346/282 353/353/289 351/351/287
f 354/354/290 355/355/291 356/356/292
s 0
f 357/357/293 358/358/293 359/359/293
s 1
f 360/360/294 361/361/295 362/362/296
f 360/360/294 363/363/297 364/364/298
f 360/360/294 362/362/296 365/365/299
f 354/354/290 356/356/292 366/366/300
f 367/367/301 368/368/302 369/369/303
f 360/360/294 364/364/298 361/361/295
f 370/370/304 371/371/305 372/372/306
f 370/370/304 373/373/307 371/371/305
f 374/374/308 375/375/309 376/376/308
f 377/377/310 378/378/311 379/379/312
f 380/380/313 381/381/314 382/382/315
f 374/374/308 376/376/308 383/383/316
f 370/370/304 384/384/317 373/373/307
f 385/385/318 386/386/319 387/387/320
s 0
f 388/388/321 389/389/321 390/390/321
s 1
f 385/385/318 391/391/322 386/386/319
s 0
f 392/392/323 393/393/323 394/394/323
f 395/395/324 396/396/324 397/397/324
s 1
f 385/385/318 387/387/320 398/398/325
f 399/399/326 400/400/191 401/401/327
f 399/399/326 401/401/327 402/402/328
f 403/403/329 404/404/330 405/405/331
f 403/403/329 405/405/331 406/406/332
f 403/403/329 407/407/333 404/404/330
f 403/403/329 406/406/332 408/408/334
s 0
f 409/409/335 410/410/335 411/411/335
s 1
f 412/412/336 413/413/337 414/414/338
f 412/412/336 415/415/339 413/413/337
f 412/412/336 416/416/340 415/415/339
s 0
f 417/417/341 418/418/341 419/419/341
f 420/420/342 421/421/342 422/422/342
s 1
f 423/423/343 424/424/344 425/425/345
s 0
f 426/426/346 427/427/346 428/428/346
f 429/429/347 430/430/347 431/431/347
s 1
f 432/432/348 433/433/349 434/434/350
f 432/432/348 434/434/350 435/435/351
f 432/432/348 435/435/351 436/436/352
f 437/437/353 438/438/354 439/439/355
f 440/440/356 441/441/357 442/442/358
f 437/437/353 439/439/355 443/443/359
f 440/440/356 442/442/358 444/444/360
f 440/440/356 445/445/361 441/441/357
f 437/437/353 446/446/362 438/438/354
f 447/447/363 448/448/364 449/449/365
f 447/447/363 450/450/366 448/448/364
f 447/447/363 449/449/365 451/451/367
s 0
f 452/452/368 453/453/368 454/454/368
f 455/455/369 456/456/369 457/457/369
f 458/458/370 459/459/370 460/460/370
s 1
f 461/461/371 462/462/372 463/463/373
f 461/461/371 464/464/374 465/465/375
f 461/461/371 465/465/375 462/462/372
f 461/461/371 463/463/373 466/466/376
f 461/461/371 466/466/376 467/467/377
f 461/461/371 467/467/377 464/464/374
s 0
f 468/468/378 469/469/378 470/470/378
s 1
f 325/325/267 471/471/379 472/472/380
f 325/325/267 472/472/380 326/326/268
s 0
f 473/473/378 474/474/378 475/475/378
s 1
f 476/476/381 477/477/382 478/478/383
s 0
f 479/479/384 480/480/384 481/481/384
s 1
f 482/482/385 483/483/386 484/484/387
s 0
f 485/485/388 486/486/388 487/487/388
f 488/488/389 489/489/389 490/490/389
s 1
f 491/491/390 492/492/391 493/493/391
s 0
f 494/494/392 495/495/392 496/496/392
s 1
f 497/497/393 498/498/394 499/499/395
f 497/497/393 500/500/396 498/498/394
s 0
f 501/501/397 502/502/397 503/503/397
f 504/504/398 505/505/398 506/506/398
s 1
f 507/507/399 508/508/400 509/509/401
f 510/510/402 511/511/403 512/512/404
f 507/507/399 513/513/405 514/514/406
f 507/507/399 514/514/406 508/508/400
f 507/507/399 515/515/407 513/513/405
f 510/510/402 516/516/408 511/511/403
f 517/517/409 518/518/410 519/519/411
f 520/520/412 521/521/413 522/522/414
f 520/520/412 523/523/415 521/521/413
f 517/517/409 524/524/416 518/518/410
f 517/517/409 519/519/411 525/525/417
f 520/520/412 522/522/414 526/526/418
f 527/527/419 528/528/420 529/529/421
f 530/530/422 531/531/378 532/532/422
f 527/527/419 529/529/421 533/533/423
f 527/527/419 534/534/424 528/528/420
f 530/530/422 532/532/422 535/535/425
f 527/527/419 533/533/423 536/536/426
f 537/537/427 538/538/428 539/539/429
s 0
f 540/540/430 541/541/430 542/542/430
s 1
f 537/537/427 539/539/429 543/543/431
f 537/537/427 544/544/432 538/538/428
f 537/537/427 543/543/431 545/545/433
f 537/537/427 546/546/434 544/544/432
f 547/547/435 548/548/436 549/549/437
f 547/547/435 550/550/438 551/551/439
f 547/547/435 552/552/440 548/548/436
f 547/547/435 551/551/439 552/552/440
f 547/547/435 549/549/437 550/550/438
f 553/553/441 554/554/442 555/555/443
f 556/556/444 557/557/445 558/558/446
f 553/553/441 559/559/447 554/554/442
f 553/553/441 560/560/448 559/559/447
f 556/556/444 561/561/449 557/557/445
f 556/556/444 562/562/450 561/561/449
s 0
f 563/563/451 564/564/451 565/565/451
f 566/566/452 567/567/452 568/568/452
s 1
f 569/569/453 570/570/454 571/571/455
s 0
f 572/572/456 573/573/456 574/574/456
f 575/575/457 576/576/457 577/577/457
s 1
f 569/569/453 571/571/455 578/578/458
s 0
f 579/579/459 580/580/459 581/581/459
s 1
f 582/582/460 583/583/461 584/584/462
f 582/582/460 585/585/463 583/583/461
s 0
f 586/586/464 587/587/464 588/588/464
s 1
f 582/582/460 589/589/465 585/585/463
s 0
f 590/590/466 591/591/466 592/592/466
s 1
f 593/593/467 594/594/468 595/595/469
f 596/596/470 597/597/471 598/598/472
f 593/593/467 599/599/473 594/594/468
f 593/593/467 600/600/474 599/599/473
f 596/596/470 598/598/472 601/601/475
f 596/596/470 602/602/476 597/597/471
f 603/603/477 604/604/478 605/605/479
f 603/603/477 605/605/479 606/606/480
f 607/607/481 608/608/482 609/609/483
f 607/607/481 610/610/484 608/608/482
f 607/607/481 611/611/485 610/610/484
f 603/603/477 606/606/480 612/612/486
f 613/613/487 614/614/488 615/615/489
f 613/613/487 616/616/490 617/617/491
f 613/613/487 615/615/489 616/616/490
f 613/613/487 618/618/492 614/614/488
f 613/613/487 617/617/491 619/619/493
f 620/620/494 621/621/495 622/622/496
f 623/623/497 624/624/498 625/625/499
f 623/623/497 626/626/500 627/627/501
f 623/623/497 625/625/499 626/626/500
f 623/623/497 627/627/501 628/628/502
f 623/623/497 629/629/503 624/624/498
f 623/623/497 628/628/502 629/629/503
f 630/630/504 631/631/505 632/632/506
s 0
f 633/633/507 634/634/507 635/635/507
s 1
f 630/630/504 636/636/508 637/637/509
s 0
f 638/638/510 639/639/510 640/640/510
f 641/641/511 642/642/511 643/643/511
s 1
f 630/630/504 637/637/509 631/631/505
f 644/644/512 645/645/513 646/646/514
s 0
f 647/647/515 648/648/515 649/649/515
s 1
f 650/650/516 651/651/517 652/652/518
f 653/653/519 654/654/520 655/655/521
s 0
f 656/656/522 657/657/522 658/658/522
s 1
f 650/650/516 652/652/518 659/659/523
f 660/660/524 661/661/525 662/662/526
f 660/660/524 663/663/527 664/664/528
f 660/660/524 664/664/528 661/661/525
f 665/665/529 666/666/530 667/667/531
f 660/660/524 668/668/532 663/663/527
f 665/665/529 667/667/531 669/669/533
f 670/670/534 671/671/535 672/672/536
f 673/673/537 674/674/538 675/675/539
f 673/673/537 676/676/540 674/674/538
f 670/670/534 672/672/536 677/677/541
f 673/673/537 675/675/539 678/678/542
f 679/679/543 680/680/544 681/681/545
f 518/518/410 524/524/416 682/682/546
f 679/679/543 681/681/545 683/683/547
f 679/679/543 684/684/548 680/680/544
f 685/685/549 686/686/550 687/687/551
f 685/685/549 687/687/551 688/688/552
f 685/685/549 689/689/553 686/686/550
f 685/685/549 688/688/552 690/690/554
f 685/685/549 690/690/554 689/689/553
f 691/691/555 692/692/556 693/693/557
f 691/691/555 693/693/557 694/694/558
s 0
f 695/695/559 696/696/559 697/697/559
f 698/698/560 699/699/560 700/700/560
s 1
f 691/691/555 694/694/558 701/701/561
s 0
f 702/702/562 703/703/562 704/704/562
f 705/705/563 706/706/563 707/707/563
s 1
f 708/708/564 709/709/565 710/710/566
s 0
f 711/711/567 712/712/567 713/713/567
s 1
f 708/708/564 714/714/568 709/709/565
f 708/708/564 710/710/566 715/715/569
f 716/716/570 717/717/571 718/718/572
f 719/719/573 720/720/574 721/721/575
f 719/719/573 721/721/575 722/722/576
f 719/719/573 723/723/577 720/720/574
f 719/719/573 724/724/578 723/723/577
f 719/719/573 722/722/576 724/724/578
f 355/355/291 725/725/579 726/726/580
f 355/355/291 726/726/580 727/727/581
f 355/355/291 727/727/581 356/356/292
f 386/386/319 391/391/322 728/728/582
f 386/386/319 728/728/582 729/729/583
f 386/386/319 730/730/584 387/387/320
f 386/386/319 729/729/583 730/730/584
f 731/731/585 732/732/586 733/733/587
s 0
f 734/734/588 735/735/588 736/736/588
s 1
f 731/731/585 737/737/589 732/732/586
f 738/738/590 257/257/207 739/739/591
f 731/731/585 733/733/587 740/740/592
s 0
f 741/741/593 742/742/593 743/743/593
f 744/744/594 745/745/594 746/746/594
f 747/747/595 748/748/595 749/749/595
s 1
f 750/750/596 751/751/597 752/752/598
s 0
f 753/753/599 754/754/599 755/755/599
s 1
f 756/756/600 757/757/601 758/758/602
f 756/756/600 759/759/603 757/757/601
f 760/760/604 761/761/605 762/762/606
f 760/760/604 763/763/607 764/764/608
f 760/760/604 764/764/608 765/765/609
f 760/760/604 765/765/609 761/761/605
f 760/760/604 762/762/606 763/763/607
s 0
f 766/766/610 767/767/610 768/768/610
s 1
f 769/769/611 770/770/612 771/771/613
f 769/769/611 772/772/614 773/773/615
f 769/769/611 771/771/613 772/772/614
s 0
f 774/774/616 775/775/616 776/776/616
s 1
f 777/777/617 778/778/618 779/779/619
s 0
f 780/780/620 781/781/620 782/782/620
s 1
f 783/783/621 784/784/622 785/785/623
f 783/783/621 786/786/624 787/787/625
f 783/783/621 787/787/625 784/784/622
s 0
f 788/788/626 789/789/626 790/790/626
f 791/791/627 792/792/627 793/793/627
s 1
f 794/794/628 795/795/629 796/796/630
f 794/794/628 797/797/631 798/798/632
f 794/794/628 796/796/630 797/797/631
f 794/794/628 798/798/632 799/799/633
f 794/794/628 800/800/634 801/801/635
f 794/794/628 799/799/633 800/800/634
f 794/794/628 801/801/635 795/795/629
s 0
f 802/802/636 803/803/636 804/804/636
s 1
f 805/805/637 806/806/638 471/471/379
f 807/807/639 808/808/640 809/809/641
f 807/807/639 810/810/642 808/808/640
s 0
f 811/811/643 812/812/643 813/813/643
f 814/814/644 815/815/644 816/816/644
s 1
f 817/817/645 818/818/646 819/819/647
s 0
f 820/820/648 821/821/648 822/822/648
s 1
f 817/817/645 819/819/647 823/823/649
f 817/817/645 824/824/650 818/818/646
s 0
f 825/825/651 826/826/651 827/827/651
f 828/828/652 829/829/652 830/830/652
s 1
f 831/831/653 832/832/654 833/833/655
s 0
f 834/834/656 835/835/656 836/836/656
f 837/837/657 838/838/657 839/839/657
s 1
f 831/831/653 840/840/658 841/841/659
s 0
f 842/842/660 843/843/660 844/844/660
s 1
f 831/831/653 833/833/655 840/840/658
f 845/845/661 846/846/662 847/847/663
f 845/845/661 224/224/174 848/848/664
f 845/845/661 849/849/665 224/224/174
f 845/845/661 850/850/666 846/846/662
f 845/845/661 848/848/664 850/850/666
f 845/845/661 847/847/663 849/849/665
f 851/851/667 852/852/668 853/853/669
f 851/851/667 854/854/670 852/852/668
s 0
f 855/855/671 856/856/671 857/857/671
s 1
f 858/858/672 859/859/673 860/860/674
s 0
f 861/861/675 862/862/675 863/863/675
s 1
f 858/858/672 864/864/676 865/865/677
f 858/858/672 865/865/677 859/859/673
s 0
f 866/866/678 867/867/678 868/868/678
s 1
f 869/869/679 870/870/680 871/871/681
f 872/872/682 873/873/683 874/874/684
f 872/872/682 874/874/684 875/875/685
f 538/538/428 876/876/686 539/539/429
f 877/877/687 878/878/688 879/879/689
f 880/880/690 552/552/440 881/881/691
f 882/882/692 883/883/693 884/884/694
f 877/877/687 885/885/695 878/878/688
f 276/276/226 886/886/696 887/887/697
f 280/280/230 279/279/229 888/888/698
f 276/276/226 887/887/697 277/277/227
f 276/276/226 889/889/699 886/886/696
s 0
f 890/890/700 891/891/700 892/892/700
s 1
f 893/893/701 894/894/702 895/895/703
f 896/896/704 897/897/705 898/898/706
f 893/893/701 578/578/458 894/894/702
s 0
f 899/899/707 900/900/707 901/901/707
s 1
f 896/896/704 902/902/708 897/897/705
s 0
f 903/903/709 904/904/709 905/905/709
s 1
f 906/906/710 907/907/711 908/908/712
f 909/909/713 910/910/714 911/911/715
f 912/912/716 913/913/717 914/914/718
f 909/909/713 911/911/715 915/915/719
f 909/909/713 915/915/719 916/916/720
f 906/906/710 908/908/712 917/917/721
f 918/918/722 919/919/723 920/920/724
f 921/921/725 922/922/726 923/923/727
f 921/921/725 924/924/728 925/925/729
f 918/918/722 920/920/724 926/926/730
f 921/921/725 923/923/727 924/924/728
f 927/927/731 928/928/732 929/929/733
f 930/930/734 931/931/735 932/932/736
f 930/930/734 933/933/737 934/934/738
f 930/930/734 932/932/736 933/933/737
f 927/927/731 935/935/739 928/928/732
f 927/927/731 936/936/740 935/935/739
f 937/937/741 938/938/742 939/939/743
f 940/940/744 941/941/745 942/942/746
f 940/940/744 942/942/746 943/943/747
f 940/940/744 943/943/747 944/944/748
f 940/940/744 944/944/748 945/945/749
f 937/937/741 946/946/750 938/938/742
f 947/947/751 948/948/752 949/949/753
f 947/947/751 950/950/754 951/951/755
f 952/952/756 953/953/757 954/954/758
f 947/947/751 951/951/755 948/948/752
f 947/947/751 955/955/759 956/956/760
f 947/947/751 949/949/753 955/955/759
f 957/957/761 958/958/762 465/465/375
f 959/959/763 960/960/764 961/961/765
f 957/957/761 464/464/374 962/962/766
f 957/957/761 465/465/375 464/464/374
f 957/957/761 963/963/767 958/958/762
f 959/959/763 961/961/765 964/964/768
f 965/965/769 966/966/770 967/967/771
f 968/968/772 969/969/773 970/970/774
f 965/965/769 971/971/775 972/972/776
f 965/965/769 972/972/776 966/966/770
f 968/968/772 973/973/777 969/969/773
f 965/965/769 967/967/771 974/974/778
f 975/975/779 976/976/780 977/977/781
f 975/975/779 978/978/782 979/979/783
f 975/975/779 977/977/781 978/978/782
f 980/980/784 981/981/785 982/982/786
f 980/980/784 982/982/786 983/983/787
f 980/980/784 984/984/788 981/981/785
f 985/985/789 986/986/790 987/987/791
f 988/988/792 989/989/793 990/990/794
f 991/991/795 992/992/796 993/993/797
f 994/994/798 995/995/798 996/996/799
f 994/994/798 997/997/800 995/995/798
f 991/991/795 998/998/801 992/992/796
f 999/999/802 1000/1000/803 1001/1001/804
f 999/999/802 1002/1002/805 1000/1000/803
f 1003/1003/806 1004/1004/807 1005/1005/808
s 0
f 1006/1006/809 1007/1007/809 1008/1008/809
s 1
f 1003/1003/806 1009/1009/810 1004/1004/807
f 1010/1010/811 1011/1011/812 1012/1012/813
f 1013/1013/814 1014/1014/815 1015/1015/816
f 1013/1013/814 1015/1015/816 1016/1016/817
f 1010/1010/811 1012/1012/813 1017/1017/818
f 1013/1013/814 1016/1016/817 1018/1018/819
f 1013/1013/814 1019/1019/820 1014/1014/815
f 1020/1020/821 1021/1021/822 1022/1022/823
f 1020/1020/821 341/341/277 1023/1023/824
f 1020/1020/821 342/342/278 341/341/277
f 1020/1020/821 1024/1024/825 342/342/278
f 1020/1020/821 1022/1022/823 1024/1024/825
f 1020/1020/821 1023/1023/824 1021/1021/822
s 0
f 1025/1025/826 1026/1026/826 1027/1027/826
s 1
f 1028/1028/827 1029/1029/828 84/84/58
f 1030/1030/829 1031/1031/830 1032/1032/831
f 1030/1030/829 1032/1032/831 1033/1033/832
f 1034/1034/833 1035/1035/834 1036/1036/835
f 1034/1034/833 1037/1037/836 1038/1038/837
f 1039/1039/838 1040/1040/839 1041/1041/840
f 1039/1039/838 1042/1042/841 1040/1040/839
f 1039/1039/838 1043/1043/842 1042/1042/841
f 1034/1034/833 1038/1038/837 1035/1035/834
f 1044/1044/843 1045/1045/844 1046/1046/845
f 1044/1044/843 1047/1047/846 1048/1048/847
f 1044/1044/843 1049/1049/848 1047/1047/846
f 1044/1044/843 1048/1048/847 1050/1050/849
f 1044/1044/843 1046/1046/845 1049/1049/848
f 1044/1044/843 1051/1051/850 1045/1045/844
f 1044/1044/843 1050/1050/849 1051/1051/850
f 1052/1052/851 1053/1053/852 1054/1054/853
f 1055/1055/854 1056/1056/855 1057/1057/856
f 1055/1055/854 1057/1057/856 1058/1058/857
f 1055/1055/854 1058/1058/857 1059/1059/858
f 1052/1052/851 1054/1054/853 1060/1060/859
f 1052/1052/851 1060/1060/859 1061/1061/860
f 214/214/164 1062/1062/861 215/215/165
s 0
f 1063/1063/862 1064/1064/862 1065/1065/862
f 1066/1066/863 1067/1067/863 1068/1068/863
f 1069/1069/864 1070/1070/864 1071/1071/864
s 1
f 1072/1072/865 1073/1073/866 1074/1074/867
f 1075/1075/868 1076/1076/869 637/637/509
f 1072/1072/865 1077/1077/870 1073/1073/866
f 1072/1072/865 1078/1078/871 1079/1079/872
f 1072/1072/865 1079/1079/872 1077/1077/870
f 1075/1075/868 637/637/509 636/636/508
f 1080/1080/873 1081/1081/874 1082/1082/875
f 1080/1080/873 1083/1083/876 1084/1084/877
f 1080/1080/873 1085/1085/878 1083/1083/876
f 1080/1080/873 1082/1082/875 1086/1086/879
f 1080/1080/873 1084/1084/877 1081/1081/874
f 1080/1080/873 1086/1086/879 1085/1085/878
f 1087/1087/880 1088/1088/881 1089/1089/882
f 1087/1087/880 1090/1090/883 1088/1088/881
f 1087/1087/880 1091/1091/884 1092/1092/885
f 1087/1087/880 1089/1089/882 1091/1091/884
f 1087/1087/880 1092/1092/885 1093/1093/886
f 1087/1087/880 1093/1093/886 1090/1090/883
f 1094/1094/887 1095/1095/888 1096/1096/889
f 1094/1094/887 1096/1096/889 1097/1097/890
f 1094/1094/887 1098/1098/891 1095/1095/888
f 1094/1094/887 1099/1099/892 1098/1098/891
f 1094/1094/887 1097/1097/890 1100/1100/893
s 0
f 1101/1101/894 1102/1102/894 1103/1103/894
s 1
f 1104/1104/895 1105/1105/896 1106/1106/897
f 1107/1107/898 1108/1108/899 1109/1109/900
f 1104/1104/895 1110/1110/901 1111/1111/902
s 0
f 1112/1112/903 1113/1113/903 1114/1114/903
s 1
f 1104/1104/895 1106/1106/897 1110/1110/901
f 1115/1115/904 1116/1116/905 1117/1117/906
s 0
f 1118/1118/907 1119/1119/907 1120/1120/907
s 1
f 1121/1121/908 1122/1122/909 1123/1123/910
f 1124/1124/911 1125/1125/912 1126/1126/912
s 0
f 1127/1127/913 1128/1128/913 1129/1129/913
s 1
f 1121/1121/908 1130/1130/914 1122/1122/909
f 1131/1131/915 1132/1132/916 1133/1133/917
f 1131/1131/915 1134/1134/918 1132/1132/916
f 1131/1131/915 1135/1135/919 1134/1134/918
f 1131/1131/915 1136/1136/920 1137/1137/921
f 1131/1131/915 1133/1133/917 1136/1136/920
f 1131/1131/915 1137/1137/921 1135/1135/919
f 1138/1138/922 1139/1139/923 1140/1140/924
f 1141/1141/925 1142/1142/926 779/779/619
f 1141/1141/925 779/779/619 1143/1143/927
f 1138/1138/922 1144/1144/928 1145/1145/929
f 1138/1138/922 1145/1145/929 1139/1139/923
f 1146/1146/930 1147/1147/931 1148/1148/932
f 1146/1146/930 1149/1149/933 1150/1150/934
f 1146/1146/930 1151/1151/935 1149/1149/933
f 1146/1146/930 1150/1150/934 1147/1147/931
f 1146/1146/930 1148/1148/932 1152/1152/936
f 1146/1146/930 1152/1152/936 1151/1151/935
f 308/308/252 1153/1153/937 309/309/253
s 0
f 1154/1154/938 1155/1155/938 1156/1156/938
s 1
f 1157/1157/939 1158/1158/940 1159/1159/941
f 1157/1157/939 1159/1159/941 762/762/606
f 1157/1157/939 762/762/606 761/761/605
f 157/157/119 1160/1160/942 158/158/120
f 1161/1161/943 162/162/124 1162/1162/944
f 1161/1161/943 1162/1162/944 1163/1163/945
s 0
f 1164/1164/946 1165/1165/946 1166/1166/946
s 1
f 1167/1167/947 1168/1168/948 1169/1169/949
f 1167/1167/947 1170/1170/950 1171/1171/951
f 1167/1167/947 1172/1172/952 1170/1170/950
f 1167/1167/947 1171/1171/951 1168/1168/948
s 0
f 1173/1173/953 1174/1174/953 1175/1175/953
s 1
f 1176/1176/954 1177/1177/955 1178/1178/956
f 1176/1176/954 1179/1179/957 1180/1180/958
f 1176/1176/954 1180/1180/958 1177/1177/955
f 1176/1176/954 1181/1181/959 1179/1179/957
f 1176/1176/954 1178/1178/956 1182/1182/960
f 1176/1176/954 1182/1182/960 1181/1181/959
f 1183/1183/961 1184/1184/962 1185/1185/963
f 1183/1183/961 1185/1185/963 1186/1186/964
f 1187/1187/965 1188/1188/966 1189/1189/967
f 1187/1187/965 1190/1190/968 1191/1191/969
f 1187/1187/965 1191/1191/969 1188/1188/966
f 1192/1192/970 1193/1193/971 1194/1194/972
f 1192/1192/970 1195/1195/973 1193/1193/971
f 1196/1196/974 1197/1197/975 1198/1198/976
f 1196/1196/974 1199/1199/977 1200/1200/978
f 1196/1196/974 1198/1198/976 1199/1199/977
f 1196/1196/974 1200/1200/978 1201/1201/979
f 1202/1202/980 1203/1203/981 1204/1204/982
f 1202/1202/980 23/23/21 1205/1205/983
f 1202/1202/980 24/24/22 23/23/21
f 1202/1202/980 1204/1204/982 1206/1206/984
s 0
f 1207/1207/985 1208/1208/985 1209/1209/985
s 1
f 1202/1202/980 1206/1206/984 24/24/22
s 0
f 1210/1210/986 1211/1211/986 1212/1212/986
s 1
f 1213/1213/987 1214/1214/988 1215/1215/989
s 0
f 1216/1216/990 1217/1217/990 1218/1218/990
f 1219/1219/991 1220/1220/991 1221/1221/991
s 1
f 1222/1222/992 1223/1223/993 1224/1224/994
f 1081/1081/874 1084/1084/877 1225/1225/995
f 1222/1222/992 1226/1226/996 1223/1223/993
f 1081/1081/874 1227/1227/997 1082/1082/875
f 1228/1228/998 1229/1229/999 252/252/202
f 1228/1228/998 1230/1230/1000 1231/1231/1001
f 1228/1228/998 1232/1232/1002 1229/1229/999
f 1228/1228/998 252/252/202 1230/1230/1000
f 1228/1228/998 1231/1231/1001 1232/1232/1002
f 1233/1233/1003 1234/1234/1003 1235/1235/1003
f 1236/1236/1004 1237/1237/1005 1238/1238/1006
s 0
f 1239/1239/1007 1240/1240/1007 1241/1241/1007
s 1
f 1236/1236/1004 1242/1242/1008 1237/1237/1005
f 1243/1243/1009 1244/1244/1010 1245/1245/1011
f 1236/1236/1004 1246/1246/1012 1242/1242/1008
f 1247/1247/1013 1248/1248/1014 1249/1249/1015
f 1247/1247/1013 1250/1250/1016 1251/1251/1017
f 1247/1247/1013 1252/1252/1018 1248/1248/1014
f 1247/1247/1013 1253/1253/1019 1252/1252/1018
f 1247/1247/1013 1251/1251/1017 1253/1253/1019
f 1247/1247/1013 1249/1249/1015 1250/1250/1016
f 1254/1254/1020 1255/1255/1021 1256/1256/1022
f 1257/1257/1023 1258/1258/1024 1259/1259/1025
f 1260/1260/1026 1261/1261/1027 1262/1262/1028
f 1260/1260/1026 1263/1263/1029 1261/1261/1027
f 1254/1254/1020 1264/1264/1030 1265/1265/1031
f 1254/1254/1020 1256/1256/1022 1264/1264/1030
f 1266/1266/1032 1267/1267/1033 1268/1268/1034
s 0
f 1269/1269/1035 1270/1270/1035 1271/1271/1035
s 1
f 1266/1266/1032 1272/1272/1036 1267/1267/1033
f 1266/1266/1032 1273/1273/1037 1272/1272/1036
s 0
f 1274/1274/1038 1275/1275/1038 1276/1276/1038
f 1277/1277/1039 1278/1278/1039 1279/1279/1039
s 1
f 1280/1280/1040 1281/1281/1041 1282/1282/1042
f 126/126/90 1283/1283/1043 127/127/91
f 126/126/90 128/128/92 1284/1284/1044
f 126/126/90 1284/1284/1044 1285/1285/1045
f 126/126/90 1285/1285/1045 1283/1283/1043
s 0
f 1286/1286/1046 1287/1287/1046 1288/1288/1046
s 1
f 1289/1289/1047 1290/1290/1048 1291/1291/1049
f 1289/1289/1047 1291/1291/1049 321/321/263
f 1292/1292/1050 1293/1293/1051 1294/1294/1052
f 1295/1295/1053 1296/1296/1054 1297/1297/1055
f 1292/1292/1050 1298/1298/1056 1293/1293/1051
s 0
f 1299/1299/1057 1300/1300/1057 1301/1301/1057
f 1302/1302/1058 1303/1303/1058 1304/1304/1058
f 1305/1305/1059 1306/1306/1059 1307/1307/1059
s 1
f 1308/1308/1060 1309/1309/1061 163/163/125
f 1310/1310/1062 978/978/782 1311/1311/1063
f 1310/1310/1062 1312/1312/1064 1313/1313/1065
f 1310/1310/1062 1313/1313/1065 1314/1314/1066
f 1310/1310/1062 1314/1314/1066 978/978/782
f 1308/1308/1060 163/163/125 165/165/127
f 1310/1310/1062 1311/1311/1063 1315/1315/1067
f 1310/1310/1062 1316/1316/1068 1312/1312/1064
f 1317/1317/1069 1318/1318/1070 349/349/285
f 1319/1319/1071 1320/1320/1072 1321/1321/1073
f 1317/1317/1069 349/349/285 1322/1322/1074
f 1317/1317/1069 1323/1323/1075 1318/1318/1070
f 1319/1319/1071 1324/1324/1076 1320/1320/1072
f 1325/1325/1077 1326/1326/1078 1327/1327/1079
f 1328/1328/1080 1329/1329/1081 724/724/578
f 1325/1325/1077 1330/1330/1082 1326/1326/1078
f 1328/1328/1080 724/724/578 1331/1331/1083
f 1325/1325/1077 1332/1332/1084 1330/1330/1082
f 1333/1333/1085 1334/1334/1086 1335/1335/1087
f 1336/1336/1088 1337/1337/1089 1338/1338/1090
f 1336/1336/1088 1339/1339/1091 1340/1340/1092
f 1341/1341/1093 1342/1342/1094 1343/1343/1095
f 1341/1341/1093 1344/1344/1096 1342/1342/1094
f 1336/1336/1088 1340/1340/1092 1337/1337/1089
f 1336/1336/1088 1345/1345/1097 1339/1339/1091
f 1346/1346/1098 1347/1347/1099 1348/1348/1100
f 1346/1346/1098 1349/1349/1101 1350/1350/1102
f 1346/1346/1098 1348/1348/1100 1054/1054/853
f 1346/1346/1098 1351/1351/1103 1347/1347/1099
f 1346/1346/1098 1054/1054/853 1349/1349/1101
f 1346/1346/1098 1350/1350/1102 1351/1351/1103
s 0
f 1352/1352/1104 1353/1353/1104 1354/1354/1104
s 1
f 1355/1355/1105 1356/1356/1106 1357/1357/1107
s 0
f 1358/1358/1108 1359/1359/1108 1360/1360/1108
f 1361/1361/1109 1362/1362/1109 1363/1363/1109
s 1
f 1355/1355/1105 1364/1364/1110 1356/1356/1106
f 1355/1355/1105 1357/1357/1107 1365/1365/1111
f 1366/1366/1112 1367/1367/1113 1368/1368/1114
f 1369/1369/1115 1370/1370/1116 1371/1371/1117
s 0
f 1372/1372/1118 1373/1373/1118 1374/1374/1118
f 1375/1375/1119 1376/1376/1119 1377/1377/1119
f 1378/1378/1120 1379/1379/1120 1380/1380/1120
s 1
f 1369/1369/1115 1381/1381/1121 1370/1370/1116
f 1382/1382/1122 1383/1383/1123 1384/1384/1124
f 1382/1382/1122 1014/1014/815 1385/1385/1125
f 1382/1382/1122 1385/1385/1125 1386/1386/1126
f 1382/1382/1122 1387/1387/1127 1014/1014/815
f 1382/1382/1122 1386/1386/1126 1383/1383/1123
f 1382/1382/1122 1384/1384/1124 1387/1387/1127
f 1388/1388/1128 1389/1389/1129 1390/1390/1130
f 1388/1388/1128 1391/1391/1131 1392/1392/1132
f 1388/1388/1128 1390/1390/1130 1391/1391/1131
f 1393/1393/1133 1394/1394/1134 1395/1395/1135
f 1393/1393/1133 1396/1396/1136 1089/1089/882
f 1393/1393/1133 1089/1089/882 1394/1394/1134
f 1388/1388/1128 1392/1392/1132 1397/1397/1137
s 0
f 1398/1398/1138 1399/1399/1138 1400/1400/1138
s 1
f 1401/1401/1139 1402/1402/1140 1403/1403/1141
f 1404/1404/1142 1405/1405/1143 1406/1406/1143
f 1407/1407/1144 1408/1408/1145 1409/1409/1146
f 1410/1410/1147 1411/1411/1147 1412/1412/1148
f 1401/1401/1139 1413/1413/1149 1402/1402/1140
f 1248/1248/1014 1414/1414/1150 1415/1415/1151
f 1248/1248/1014 1252/1252/1018 1416/1416/1152
f 1248/1248/1014 1415/1415/1151 1249/1249/1015
f 1248/1248/1014 1416/1416/1152 1414/1414/1150
f 1417/1417/1153 1418/1418/1154 1419/1419/1155
f 1417/1417/1153 1420/1420/1156 1418/1418/1154
f 1417/1417/1153 1421/1421/1157 1420/1420/1156
f 1417/1417/1153 1422/1422/1158 1421/1421/1157
f 1417/1417/1153 1419/1419/1155 1422/1422/1158
s 0
f 1423/1423/1159 1424/1424/1159 1425/1425/1159
s 1
f 1426/1426/1160 1427/1427/1161 1428/1428/1162
f 1426/1426/1160 1429/1429/1163 1430/1430/1164
s 0
f 1431/1431/1165 1432/1432/1165 1433/1433/1165
s 1
f 1426/1426/1160 1428/1428/1162 1429/1429/1163
s 0
f 1434/1434/1166 1435/1435/1166 1436/1436/1166
f 1437/1437/1167 1438/1438/1167 1439/1439/1167
s 1
f 1440/1440/1168 1441/1441/1169 1442/1442/1170
f 1440/1440/1168 1443/1443/1171 1444/1444/1172
f 1440/1440/1168 1442/1442/1170 1443/1443/1171
f 1440/1440/1168 1445/1445/1173 1441/1441/1169
f 1440/1440/1168 1444/1444/1172 1446/1446/1174
f 1447/1447/1175 1448/1448/1176 1449/1449/1177
f 1450/1450/1178 1451/1451/1179 1452/1452/1180
f 1450/1450/1178 1453/1453/1181 1451/1451/1179
f 1454/1454/1182 1455/1455/1183 1456/1456/1183
f 1450/1450/1178 1457/1457/1184 1453/1453/1181
f 1450/1450/1178 1452/1452/1180 1458/1458/1185
f 1459/1459/1186 1460/1460/1187 1461/1461/1188
f 1459/1459/1186 1462/1462/1189 1460/1460/1187
s 0
f 1463/1463/1190 1464/1464/1190 1465/1465/1190
s 1
f 1466/1466/1191 1467/1467/1192 1468/1468/1193
s 0
f 1469/1469/1194 1470/1470/1194 1471/1471/1194
s 1
f 1472/1472/1195 1473/1473/1195 1474/1474/1195
f 1475/1475/1196 1476/1476/1197 1477/1477/1198
f 1475/1475/1196 1478/1478/1199 1479/1479/1200
f 1475/1475/1196 1479/1479/1200 1476/1476/1197
f 1475/1475/1196 1480/1480/1201 1481/1481/1202
f 1475/1475/1196 1477/1477/1198 1480/1480/1201
f 1475/1475/1196 1481/1481/1202 1478/1478/1199
f 1482/1482/1203 1483/1483/1204 784/784/622
f 1482/1482/1203 1484/1484/1205 1485/1485/1206
f 1482/1482/1203 1486/1486/1207 1484/1484/1205
f 1482/1482/1203 1487/1487/1208 1483/1483/1204
f 1482/1482/1203 784/784/622 1486/1486/1207
f 1482/1482/1203 1485/1485/1206 1488/1488/1209
f 1482/1482/1203 1488/1488/1209 1487/1487/1208
f 1489/1489/1210 1490/1490/1211 1491/1491/1212
f 1492/1492/1213 1493/1493/1214 1494/1494/1215
f 1489/1489/1210 1491/1491/1212 1495/1495/1216
f 1489/1489/1210 1496/1496/1217 1490/1490/1211
f 1492/1492/1213 1494/1494/1215 1497/1497/1218
f 1498/1498/1219 1499/1499/1220 1500/1500/1221
f 1498/1498/1219 1501/1501/1222 1499/1499/1220
s 0
f 1502/1502/1223 1503/1503/1223 1504/1504/1223
s 1
f 1505/1505/1224 1506/1506/1225 1507/1507/1226
s 0
f 1508/1508/1227 1509/1509/1227 1510/1510/1227
f 1511/1511/1228 1512/1512/1228 1513/1513/1228
s 1
f 1514/1514/1229 1515/1515/1230 1516/1516/1231
f 1517/1517/1232 1518/1518/1233 1519/1519/1234
s 0
f 1520/1520/1235 1521/1521/1235 1522/1522/1235
s 1
f 1523/1523/1236 1524/1524/1237 1525/1525/1238
s 0
f 1526/1526/1239 1527/1527/1239 1528/1528/1239
s 1
f 1529/1529/1240 1530/1530/1241 677/677/541
s 0
f 1531/1531/1242 1532/1532/1242 1533/1533/1242
s 1
f 1534/1534/1243 1535/1535/1244 674/674/538
f 1529/1529/1240 677/677/541 1536/1536/1245
s 0
f 1537/1537/1246 1538/1538/1246 1539/1539/1246
s 1
f 1540/1540/1247 1541/1541/1248 1542/1542/1249
f 1540/1540/1247 1542/1542/1249 1543/1543/1250
f 1544/1544/1251 1545/1545/1252 1546/1546/1253
f 1544/1544/1251 1547/1547/1254 1548/1548/1255
f 1544/1544/1251 1548/1548/1255 1549/1549/1256
f 1544/1544/1251 1546/1546/1253 1547/1547/1254
f 609/609/483 608/608/482 1550/1550/1257
f 604/604/478 1551/1551/1258 1552/1552/1259
f 1553/1553/1260 1554/1554/1261 1555/1555/1262
f 1553/1553/1260 1555/1555/1262 1556/1556/1263
f 604/604/478 1552/1552/1259 605/605/479
f 1557/1557/1264 1558/1558/1265 1559/1559/1266
f 1557/1557/1264 1560/1560/1267 1561/1561/1268
f 1557/1557/1264 1562/1562/1269 1558/1558/1265
f 1557/1557/1264 1561/1561/1268 1562/1562/1269
f 1557/1557/1264 1559/1559/1266 1560/1560/1267
f 1563/1563/1270 1564/1564/1271 1565/1565/1272
f 1563/1563/1270 1566/1566/1273 1567/1567/1274
f 1563/1563/1270 1568/1568/1275 1569/1569/1276
f 1563/1563/1270 1567/1567/1274 1568/1568/1275
f 1563/1563/1270 1565/1565/1272 1566/1566/1273
f 1563/1563/1270 1569/1569/1276 1564/1564/1271
s 0
f 1570/1570/1277 1571/1571/1277 1572/1572/1277
s 1
f 1573/1573/1278 1574/1574/1279 1575/1575/1280
f 1576/1576/1281 1577/1577/1282 1578/1578/1283
f 1573/1573/1278 1579/1579/1284 1574/1574/1279
f 1573/1573/1278 1575/1575/1280 1580/1580/1285
s 0
f 1581/1581/1286 1582/1582/1286 1583/1583/1286
f 1584/1584/1287 1585/1585/1287 1586/1586/1287
s 1
f 1587/1587/1288 1588/1588/1289 1589/1589/1290
f 1590/1590/1291 1591/1591/1292 1592/1592/1293
s 0
f 1593/1593/1294 1594/1594/1294 1595/1595/1294
f 1596/1596/1295 1597/1597/1295 1598/1598/1295
f 1599/1599/1296 1600/1600/1296 1601/1601/1296
s 1
f 1587/1587/1288 1589/1589/1290 1602/1602/1297
f 1603/1603/1298 1604/1604/1299 1605/1605/1300
f 1606/1606/1301 1607/1607/1302 1608/1608/1303
f 1603/1603/1298 1134/1134/918 1135/1135/919
f 1603/1603/1298 1605/1605/1300 1609/1609/1304
f 1606/1606/1301 1610/1610/1305 1607/1607/1302
f 1603/1603/1298 1609/1609/1304 1134/1134/918
f 671/671/535 583/583/461 672/672/536
f 671/671/535 1611/1611/1306 584/584/462
f 678/678/542 1612/1612/1307 1613/1613/1308
f 671/671/535 584/584/462 583/583/461
f 678/678/542 675/675/539 1612/1612/1307
s 0
f 1614/1614/1309 1615/1615/1309 1616/1616/1309
s 1
f 1617/1617/1310 1618/1618/1311 1619/1619/1312
f 1617/1617/1310 1619/1619/1312 1620/1620/1313
f 424/424/344 1621/1621/1314 425/425/345
f 153/153/115 1622/1622/1315 1623/1623/1316
f 153/153/115 152/152/114 1624/1624/1317
f 153/153/115 1623/1623/1316 1625/1625/1318
f 153/153/115 1624/1624/1317 1622/1622/1315
f 1626/1626/1319 1627/1627/1320 1628/1628/1321
f 1626/1626/1319 1629/1629/1322 1627/1627/1320
f 1630/1630/1323 1631/1631/1324 1632/1632/1325
f 1630/1630/1323 1633/1633/1326 1631/1631/1324
f 1626/1626/1319 1634/1634/1327 1629/1629/1322
f 1635/1635/1328 1636/1636/1329 1637/1637/1330
f 1638/1638/1331 1639/1639/1332 1640/1640/1333
f 1638/1638/1331 1641/1641/1334 1642/1642/1335
f 1638/1638/1331 1642/1642/1335 1643/1643/1336
f 1638/1638/1331 1640/1640/1333 1641/1641/1334
f 1638/1638/1331 1643/1643/1336 1639/1639/1332
f 1644/1644/1337 1645/1645/1338 1646/1646/1339
f 1647/1647/1340 1648/1648/1341 1649/1649/1342
f 1644/1644/1337 1646/1646/1339 1650/1650/1343
f 1647/1647/1340 1651/1651/1344 1652/1652/1345
f 1647/1647/1340 1649/1649/1342 1651/1651/1344
f 1644/1644/1337 1653/1653/1346 1654/1654/1347
f 1644/1644/1337 1650/1650/1343 1653/1653/1346
f 1655/1655/1348 1262/1262/1028 1261/1261/1027
f 1655/1655/1348 1656/1656/1349 1657/1657/1350
f 1655/1655/1348 1261/1261/1027 1656/1656/1349
f 1655/1655/1348 1657/1657/1350 1658/1658/1351
f 1655/1655/1348 1659/1659/1352 1262/1262/1028
f 1655/1655/1348 1658/1658/1351 1659/1659/1352
f 1267/1267/1033 1660/1660/1353 1268/1268/1034
f 1267/1267/1033 1272/1272/1036 1661/1661/1354
f 1267/1267/1033 1661/1661/1354 1660/1660/1353
f 1662/1662/1355 1663/1663/1356 1664/1664/1357
f 1665/1665/1358 1666/1666/1359 1667/1667/1360
f 1668/1668/1361 1669/1669/1362 1670/1670/1363
s 0
f 1671/1671/1364 1672/1672/1364 1673/1673/1364
s 1
f 1662/1662/1355 1664/1664/1357 1674/1674/1365
s 0
f 1675/1675/1366 1676/1676/1366 1677/1677/1366
f 1678/1678/1367 1679/1679/1367 1680/1680/1367
s 1
f 1681/1681/1368 1682/1682/1369 1683/1683/1370
s 0
f 1684/1684/1371 1685/1685/1371 1686/1686/1371
s 1
f 1687/1687/1372 920/920/724 919/919/723
f 1687/1687/1372 1688/1688/1373 920/920/724
s 0
f 1689/1689/1374 1690/1690/1374 1691/1691/1374
s 1
f 1692/1692/1375 1693/1693/1376 1694/1694/1377
s 0
f 1695/1695/1378 1696/1696/1378 1697/1697/1378
f 1698/1698/1379 1699/1699/1379 1700/1700/1379
s 1
f 1692/1692/1375 1701/1701/1380 1693/1693/1376
s 0
f 1702/1702/1381 1703/1703/1381 1704/1704/1381
s 1
f 1692/1692/1375 1694/1694/1377 1705/1705/1382
f 614/614/488 1706/1706/1383 615/615/489
f 614/614/488 618/618/492 1707/1707/1384
f 614/614/488 1707/1707/1384 1706/1706/1383
s 0
f 1708/1708/1385 1709/1709/1385 1710/1710/1385
f 1711/1711/1386 1712/1712/1386 1713/1713/1386
f 1714/1714/1387 1715/1715/1387 1716/1716/1387
s 1
f 624/624/498 629/629/503 1717/1717/1388
f 631/631/505 1718/1718/1389 1719/1719/1390
f 631/631/505 637/637/509 1718/1718/1389
f 1720/1720/1391 1721/1721/1392 1722/1722/1393
f 1720/1720/1391 1723/1723/1394 1721/1721/1392
f 1724/1724/1395 1725/1725/1396 1726/1726/1397
s 0
f 1727/1727/1398 1728/1728/1398 1729/1729/1398
f 1730/1730/1399 1731/1731/1399 1732/1732/1399
f 1733/1733/1400 1734/1734/1400 1735/1735/1400
f 1736/1736/1401 1737/1737/1401 1738/1738/1401
s 1
f 1739/1739/1402 1740/1740/1403 1741/1741/1404
s 0
f 1742/1742/1405 1743/1743/1405 1744/1744/1405
s 1
f 1739/1739/1402 1745/1745/1406 1740/1740/1403
s 0
f 1746/1746/1407 1747/1747/1407 1748/1748/1407
s 1
f 1739/1739/1402 1741/1741/1404 824/824/650
f 1749/1749/1408 1750/1750/1409 1751/1751/1410
f 1749/1749/1408 1752/1752/1411 1753/1753/1412
f 1749/1749/1408 1753/1753/1412 1754/1754/1413
f 1749/1749/1408 1754/1754/1413 1750/1750/1409
f 1749/1749/1408 1751/1751/1410 1755/1755/1414
f 1749/1749/1408 1755/1755/1414 1752/1752/1411
s 0
f 1756/1756/1415 1757/1757/1415 1758/1758/1415
s 1
f 1759/1759/1416 1760/1760/1417 1761/1761/1418
f 1759/1759/1416 1762/1762/1419 1760/1760/1417
s 0
f 1763/1763/1420 1764/1764/1420 1765/1765/1420
s 1
f 1766/1766/1421 1767/1767/1422 1768/1768/1423
s 0
f 1769/1769/1424 1770/1770/1424 1771/1771/1424
s 1
f 1772/1772/1425 1773/1773/1426 1774/1774/1427
f 1772/1772/1425 1083/1083/876 1775/1775/1428
f 1772/1772/1425 1084/1084/877 1083/1083/876
f 1772/1772/1425 1774/1774/1427 1776/1776/1429
f 1772/1772/1425 1775/1775/1428 1773/1773/1426
f 1772/1772/1425 1776/1776/1429 1084/1084/877
f 1088/1088/881 1090/1090/883 1777/1777/1430
f 1088/1088/881 1778/1778/1431 1779/1779/1432
f 1088/1088/881 1777/1777/1430 1778/1778/1431
f 1088/1088/881 1779/1779/1432 1089/1089/882
f 1780/1780/1433 1781/1781/1434 1782/1782/1435
f 1783/1783/1436 1784/1784/1437 1785/1785/1436
f 1780/1780/1433 1782/1782/1435 1786/1786/1438
f 1783/1783/1436 1785/1785/1436 1787/1787/1439
f 1780/1780/1433 1786/1786/1438 1788/1788/1440
s 0
f 1789/1789/1441 1790/1790/1441 1791/1791/1441
s 1
f 1792/1792/1442 1793/1793/1443 1794/1794/1443
s 0
f 1795/1795/1444 1796/1796/1444 1797/1797/1444
s 1
f 183/183/139 1798/1798/1445 184/184/140
f 1799/1799/1446 1800/1800/1447 1801/1801/1448
s 0
f 1802/1802/1449 1803/1803/1449 1804/1804/1449
f 1805/1805/1450 1806/1806/1450 1807/1807/1450
s 1
f 1808/1808/1451 1809/1809/1452 1810/1810/1453
f 1808/1808/1451 1811/1811/1454 1809/1809/1452
s 0
f 1812/1812/1455 1813/1813/1455 1814/1814/1455
s 1
f 1815/1815/1456 1816/1816/1457 1817/1817/1458
f 1815/1815/1456 1818/1818/1459 1819/1819/1460
f 1815/1815/1456 1819/1819/1460 1816/1816/1457
f 1815/1815/1456 1817/1817/1458 1820/1820/1461
f 1815/1815/1456 1820/1820/1461 1821/1821/1462
f 1815/1815/1456 1821/1821/1462 1818/1818/1459
f 1822/1822/1463 1666/1666/1359 1823/1823/1464
f 1822/1822/1463 1565/1565/1272 1824/1824/1465
f 1822/1822/1463 1824/1824/1465 1666/1666/1359
f 1822/1822/1463 1825/1825/1466 1565/1565/1272
f 1826/1826/1467 1827/1827/1468 1828/1828/1469
f 1826/1826/1467 1828/1828/1469 1829/1829/1470
f 1448/1448/1176 1830/1830/1471 1831/1831/1472
f 1448/1448/1176 1831/1831/1472 1449/1449/1177
f 1832/1832/1473 1833/1833/1474 1834/1834/1475
f 1832/1832/1473 1835/1835/1476 1833/1833/1474
f 1836/1836/1477 433/433/349 1837/1837/1478
f 1836/1836/1477 434/434/350 433/433/349
f 1836/1836/1477 764/764/608 434/434/350
f 1836/1836/1477 765/765/609 764/764/608
f 1836/1836/1477 1838/1838/1479 765/765/609
f 1836/1836/1477 1837/1837/1478 1838/1838/1479
s 0
f 1839/1839/1480 1840/1840/1480 1841/1841/1480
f 1842/1842/1481 1843/1843/1481 1844/1844/1481
f 1845/1845/1482 1846/1846/1482 1847/1847/1482
s 1
f 1848/1848/1483 1849/1849/1484 1850/1850/1485
s 0
f 1851/1851/1486 1852/1852/1486 1853/1853/1486
f 1854/1854/1487 1855/1855/1487 1856/1856/1487
s 1
f 1857/1857/1488 954/954/758 953/953/757
s 0
f 1858/1858/1489 1859/1859/1489 1860/1860/1489
f 1861/1861/1490 1862/1862/1490 1863/1863/1490
s 1
f 1857/1857/1488 1864/1864/1491 954/954/758
f 1857/1857/1488 1865/1865/1492 1864/1864/1491
s 0
f 1866/1866/1493 1867/1867/1493 1868/1868/1493
s 1
f 1869/1869/1494 1870/1870/1495 1871/1871/1496
f 1869/1869/1494 1872/1872/1497 1873/1873/1498
f 1874/1874/1499 1542/1542/1249 1875/1875/1500
f 1869/1869/1494 1876/1876/1501 1870/1870/1495
f 1869/1869/1494 1873/1873/1498 1876/1876/1501
f 1874/1874/1499 1877/1877/1502 1542/1542/1249
f 966/966/770 1878/1878/1503 277/277/227
f 966/966/770 972/972/776 1879/1879/1504
f 966/966/770 1879/1879/1504 1878/1878/1503
f 966/966/770 277/277/227 967/967/771
f 204/204/154 1880/1880/1505 205/205/155
f 204/204/154 1881/1881/1506 1882/1882/1507
f 204/204/154 1882/1882/1507 1880/1880/1505
f 204/204/154 209/209/159 1881/1881/1506
f 832/832/654 1883/1883/1508 833/833/655
s 0
f 1884/1884/1509 1885/1885/1509 1886/1886/1509
f 1887/1887/1510 1888/1888/1510 1889/1889/1510
s 1
f 1890/1890/1511 1891/1891/1512 1892/1892/1513
f 1890/1890/1511 1892/1892/1513 1893/1893/1514
f 1890/1890/1511 1894/1894/1515 1891/1891/1512
f 1890/1890/1511 1893/1893/1514 1895/1895/1516
f 1890/1890/1511 1895/1895/1516 1894/1894/1515
f 1896/1896/1517 1897/1897/1518 1898/1898/1519
f 1899/1899/1520 1900/1900/1521 1901/1901/1522
s 0
f 1902/1902/1523 1903/1903/1523 1904/1904/1523
f 1905/1905/1524 1906/1906/1524 1907/1907/1524
s 1
f 1899/1899/1520 1901/1901/1522 1908/1908/1525
s 0
f 1909/1909/1526 1910/1910/1526 1911/1911/1526
s 1
f 1476/1476/1197 1479/1479/1200 1912/1912/1527
f 1476/1476/1197 1913/1913/1528 1477/1477/1198
f 1476/1476/1197 1912/1912/1527 1914/1914/1529
f 1476/1476/1197 1914/1914/1529 1913/1913/1528
f 1915/1915/1530 1916/1916/1531 1917/1917/1532
f 1915/1915/1530 1918/1918/1533 1919/1919/1534
f 1915/1915/1530 1917/1917/1532 1920/1920/1535
f 1915/1915/1530 1920/1920/1535 1921/1921/1536
f 1915/1915/1530 1919/1919/1534 1916/1916/1531
f 1915/1915/1530 1921/1921/1536 1918/1918/1533
f 1922/1922/1537 1923/1923/1538 1924/1924/1539
s 0
f 1925/1925/1540 1926/1926/1540 1927/1927/1540
s 1
f 1922/1922/1537 1928/1928/1541 1923/1923/1538
f 1929/1929/1542 1930/1930/1542 1931/1931/1542
f 1922/1922/1537 1932/1932/1543 1928/1928/1541
s 0
f 1933/1933/1544 1934/1934/1544 1935/1935/1544
s 1
f 1936/1936/1545 1937/1937/1546 373/373/307
f 1938/1938/1547 1939/1939/1548 382/382/315
f 1938/1938/1547 1940/1940/1549 1941/1941/1550
f 1938/1938/1547 1941/1941/1550 196/196/150
f 1938/1938/1547 196/196/150 1942/1942/1551
f 1938/1938/1547 382/382/315 1940/1940/1549
s 0
f 1943/1943/1552 1944/1944/1552 1945/1945/1552
f 1946/1946/1553 1947/1947/1553 1948/1948/1553
s 1
f 1949/1949/1554 1950/1950/1555 1951/1951/1556
f 1949/1949/1554 1952/1952/1557 1950/1950/1555
f 1627/1627/1320 1953/1953/1558 1628/1628/1321
f 917/917/721 908/908/712 1954/1954/1559
f 1955/1955/1560 1956/1956/1561 1957/1957/1562
f 1958/1958/1563 1959/1959/1564 1960/1960/1565
f 1955/1955/1560 1957/1957/1562 1961/1961/1566
f 1958/1958/1563 1960/1960/1565 1962/1962/1567
f 1958/1958/1563 1962/1962/1567 1963/1963/1568
f 1955/1955/1560 1961/1961/1566 1964/1964/1569
f 1965/1965/1570 1468/1468/1193 1966/1966/1571
f 1965/1965/1570 1966/1966/1571 1967/1967/1572
f 1965/1965/1570 1968/1968/191 1468/1468/1193
f 1965/1965/1570 1967/1967/1572 1969/1969/1573
f 1965/1965/1570 1970/1970/1574 1971/1971/1575
f 1965/1965/1570 1971/1971/1575 1968/1968/191
f 1965/1965/1570 1969/1969/1573 1970/1970/1574
f 1972/1972/1576 1973/1973/1577 1974/1974/1578
f 1972/1972/1576 1975/1975/1579 1976/1976/1580
f 1972/1972/1576 1974/1974/1578 1977/1977/1581
f 1972/1972/1576 1977/1977/1581 1975/1975/1579
f 1972/1972/1576 1978/1978/1582 1973/1973/1577
f 1972/1972/1576 1976/1976/1580 1978/1978/1582
f 1979/1979/1583 1486/1486/1207 787/787/625
f 1979/1979/1583 1980/1980/1584 1486/1486/1207
f 1979/1979/1583 787/787/625 1981/1981/1585
f 1095/1095/888 1098/1098/891 1982/1982/1586
f 1983/1983/1587 1984/1984/1588 1985/1985/1589
f 1983/1983/1587 1986/1986/1590 1987/1987/1591
f 1988/1988/1592 1989/1989/1593 1990/1990/1594
s 0
f 1991/1991/1595 1992/1992/1595 1993/1993/1595
f 1994/1994/1596 1995/1995/1596 1996/1996/1596
s 1
f 1983/1983/1587 1987/1987/1591 1984/1984/1588
f 1997/1997/1597 1998/1998/1598 283/283/233
f 1878/1878/1503 1999/1999/1599 277/277/227
f 1878/1878/1503 1879/1879/1504 2000/2000/1600
f 206/206/156 205/205/155 1637/1637/1330
f 206/206/156 1637/1637/1330 1636/1636/1329
f 206/206/156 2001/2001/1601 207/207/157
f 206/206/156 1636/1636/1329 2001/2001/1601
f 986/986/790 1750/1750/1409 1754/1754/1413
f 2002/2002/1602 2003/2003/1603 2004/2004/1604
f 986/986/790 1754/1754/1413 987/987/791
f 2002/2002/1602 2005/2005/1605 2003/2003/1603
f 2006/2006/1606 2007/2007/1607 2008/2008/1608
f 2006/2006/1606 2009/2009/1609 2007/2007/1607
f 2006/2006/1606 2008/2008/1608 2010/2010/1610
f 2006/2006/1606 2010/2010/1610 2009/2009/1609
f 2011/2011/1611 2012/2012/1612 2013/2013/1613
f 2011/2011/1611 2014/2014/1614 2012/2012/1612
f 2011/2011/1611 2013/2013/1613 2015/2015/1615
f 2011/2011/1611 2015/2015/1615 2016/2016/1616
f 2011/2011/1611 2017/2017/1617 2018/2018/1618
f 2011/2011/1611 2018/2018/1618 2014/2014/1614
f 2011/2011/1611 2016/2016/1616 2017/2017/1617
f 692/692/556 2019/2019/1619 693/693/557
s 0
f 2020/2020/1620 2021/2021/1620 2022/2022/1620
s 1
f 692/692/556 2023/2023/1621 2019/2019/1619
s 0
f 2024/2024/1622 2025/2025/1622 2026/2026/1622
s 1
f 2027/2027/1623 2028/2028/1624 2029/2029/1625
f 2030/2030/1626 2031/2031/1627 2032/2032/1628
f 2027/2027/1623 2033/2033/1629 2028/2028/1624
f 2030/2030/1626 2034/2034/1630 2031/2031/1627
f 2035/2035/1631 2036/2036/1632 2037/2037/1633
s 0
f 2038/2038/1634 2039/2039/1634 2040/2040/1634
f 2041/2041/1635 2042/2042/1635 2043/2043/1635
s 1
f 2044/2044/1636 2045/2045/1637 2046/2046/1638
f 2044/2044/1636 2047/2047/1639 2045/2045/1637
s 0
f 2048/2048/1640 2049/2049/1640 2050/2050/1640
s 1
f 2051/2051/1641 1259/1259/1025 2052/2052/1642
f 2053/2053/1643 2054/2054/1644 1255/1255/1021
f 2051/2051/1641 2055/2055/1645 2056/2056/1646
f 2051/2051/1641 2052/2052/1642 2055/2055/1645
s 0
f 2057/2057/1647 2058/2058/1647 2059/2059/1647
f 2060/2060/1648 2061/2061/1648 2062/2062/1648
s 1
f 2063/2063/1649 2064/2064/1650 2065/2065/1651
f 2066/2066/1652 2067/2067/1652 2068/2068/1652
f 2069/2069/1653 2070/2070/1654 2071/2071/1655
f 2069/2069/1653 2072/2072/1656 2073/2073/1657
f 2074/2074/1658 2075/2075/1659 2076/2076/1660
f 2074/2074/1658 2076/2076/1660 2077/2077/1661
f 2069/2069/1653 732/732/586 2072/2072/1656
f 2069/2069/1653 2071/2071/1655 732/732/586
f 2078/2078/1662 136/136/100 2079/2079/1663
f 2078/2078/1662 137/137/101 136/136/100
f 2078/2078/1662 2080/2080/1664 137/137/101
f 2078/2078/1662 2079/2079/1663 2080/2080/1664
f 2081/2081/1665 2082/2082/1666 2083/2083/1667
f 2081/2081/1665 2083/2083/1667 2084/2084/1668
f 2081/2081/1665 2084/2084/1668 2085/2085/1669
f 2081/2081/1665 2085/2085/1669 2082/2082/1666
f 2086/2086/1670 2087/2087/1671 2088/2088/1672
f 2089/2089/1673 2090/2090/1674 2091/2091/1675
f 2089/2089/1673 2092/2092/1676 2090/2090/1674
f 2089/2089/1673 2093/2093/1677 2092/2092/1676
s 0
f 2094/2094/1678 2095/2095/1678 2096/2096/1678
s 1
f 1365/1365/1111 2097/2097/1679 2098/2098/1680
s 0
f 2099/2099/1678 2100/2100/1678 2101/2101/1678
s 1
f 1365/1365/1111 1357/1357/1107 2097/2097/1679
f 2102/2102/1681 2103/2103/1682 2104/2104/1683
f 2105/2105/1684 2106/2106/1685 2107/2107/1686
f 2105/2105/1684 2108/2108/1687 2106/2106/1685
f 2102/2102/1681 2109/2109/1688 2110/2110/1689
f 2105/2105/1684 2107/2107/1686 2111/2111/1690
f 2102/2102/1681 2104/2104/1683 2109/2109/1688
f 2112/2112/1691 1721/1721/1392 2113/2113/1692
f 2114/2114/1693 809/809/641 808/808/640
f 2114/2114/1693 808/808/640 2115/2115/1694
f 2114/2114/1693 2115/2115/1694 2116/2116/1695
f 2112/2112/1691 2117/2117/1696 1721/1721/1392
f 2112/2112/1691 2113/2113/1692 806/806/638
s 0
f 2118/2118/1697 2119/2119/1697 2120/2120/1697
s 1
f 2121/2121/1698 2122/2122/1699 2123/2123/1700
f 2121/2121/1698 2123/2123/1700 1197/1197/975
s 0
f 2124/2124/1701 2125/2125/1701 2126/2126/1701
s 1
f 2121/2121/1698 1197/1197/975 2127/2127/1702
s 0
f 2128/2128/1703 2129/2129/1703 2130/2130/1703
s 1
f 2131/2131/1704 2132/2132/1705 2133/2133/1706
f 2131/2131/1704 2134/2134/1707 2135/2135/1708
f 2131/2131/1704 2133/2133/1706 2136/2136/1709
f 2131/2131/1704 2135/2135/1708 2132/2132/1705
f 2137/2137/1710 2138/2138/1711 2139/2139/1712
f 224/224/174 227/227/177 848/848/664
f 224/224/174 849/849/665 225/225/175
f 2140/2140/1713 2141/2141/1714 2142/2142/1715
f 2143/2143/1716 2144/2144/1717 2145/2145/1718
f 2143/2143/1716 2146/2146/1719 2144/2144/1717
f 2140/2140/1713 2142/2142/1715 2147/2147/1720
f 2143/2143/1716 2148/2148/1721 2146/2146/1719
f 2140/2140/1713 2147/2147/1720 2149/2149/1722
f 2150/2150/1723 859/859/673 2151/2151/1724
f 2150/2150/1723 2152/2152/1725 533/533/423
f 2150/2150/1723 2153/2153/1726 2154/2154/1727
f 2150/2150/1723 2151/2151/1724 2152/2152/1725
f 2150/2150/1723 533/533/423 2153/2153/1726
f 2150/2150/1723 2154/2154/1727 859/859/673
f 2155/2155/1728 2156/2156/1729 2157/2157/1730
f 2155/2155/1728 2158/2158/1731 2159/2159/1732
f 2155/2155/1728 2157/2157/1730 2158/2158/1731
f 2155/2155/1728 2159/2159/1732 2160/2160/1733
f 2155/2155/1728 2160/2160/1733 2161/2161/1734
f 2155/2155/1728 2161/2161/1734 2156/2156/1729
f 2162/2162/1735 2163/2163/1736 2164/2164/1737
f 2162/2162/1735 2165/2165/436 884/884/694
f 2162/2162/1735 884/884/694 883/883/693
f 2162/2162/1735 883/883/693 2163/2163/1736
f 2162/2162/1735 2164/2164/1737 2165/2165/436
f 1337/1337/1089 2166/2166/1738 1338/1338/1090
f 2167/2167/1739 2168/2168/1740 2169/2169/1741
f 2167/2167/1739 2170/2170/1742 2168/2168/1740
s 0
f 2171/2171/1743 2172/2172/1743 2173/2173/1743
f 2174/2174/1744 2175/2175/1744 2176/2176/1744
s 1
f 1515/1515/1230 663/663/527 2177/2177/1745
f 1515/1515/1230 664/664/528 663/663/527
f 1515/1515/1230 2178/2178/1746 664/664/528
f 1515/1515/1230 2177/2177/1745 1516/1516/1231
s 0
f 2179/2179/1747 2180/2180/1747 2181/2181/1747
f 2182/2182/1748 2183/2183/1748 2184/2184/1748
s 1
f 2185/2185/1749 955/955/759 949/949/753
f 2185/2185/1749 1204/1204/982 2186/2186/1750
s 0
f 2187/2187/1751 2188/2188/1751 2189/2189/1751
s 1
f 2185/2185/1749 949/949/753 1204/1204/982
f 2190/2190/1752 2141/2141/1714 1592/1592/1293
f 1541/1541/1248 1875/1875/1500 1542/1542/1249
f 2190/2190/1752 1592/1592/1293 1591/1591/1292
f 2190/2190/1752 2142/2142/1715 2141/2141/1714
f 2191/2191/1753 2192/2192/1754 2193/2193/1755
f 2191/2191/1753 2194/2194/1756 2192/2192/1754
f 2191/2191/1753 2193/2193/1755 2195/2195/1757
s 0
f 2196/2196/1758 2197/2197/1758 2198/2198/1758
s 1
f 2199/2199/1759 2200/2200/1760 2201/2201/1761
f 2202/2202/1762 2203/2203/1763 2204/2204/1764
f 2202/2202/1762 2205/2205/1765 2206/2206/1766
f 2207/2207/1767 1777/1777/1430 1090/1090/883
f 2202/2202/1762 2208/2208/1768 2205/2205/1765
f 2202/2202/1762 2206/2206/1766 2203/2203/1763
f 2199/2199/1759 2201/2201/1761 2209/2209/1769
s 0
f 2210/2210/1770 2211/2211/1770 2212/2212/1770
s 1
f 2213/2213/1771 1564/1564/1271 1569/1569/1276
s 0
f 2214/2214/1772 2215/2215/1772 2216/2216/1772
s 1
f 2213/2213/1771 2217/2217/1773 1564/1564/1271
s 0
f 2218/2218/1774 2219/2219/1774 2220/2220/1774
f 2221/2221/1775 2222/2222/1775 2223/2223/1775
s 1
f 2224/2224/1776 2225/2225/1777 2226/2226/1778
f 2224/2224/1776 2226/2226/1778 188/188/144
f 2224/2224/1776 2227/2227/1779 2228/2228/1780
f 2224/2224/1776 2229/2229/1781 2225/2225/1777
f 2224/2224/1776 2228/2228/1780 2229/2229/1781
f 2224/2224/1776 188/188/144 2227/2227/1779
f 2230/2230/1782 2231/2231/1783 2232/2232/1784
f 2230/2230/1782 2233/2233/1785 2234/2234/1786
f 2230/2230/1782 2232/2232/1784 2235/2235/1787
f 2230/2230/1782 2234/2234/1786 1901/1901/1522
f 2230/2230/1782 2235/2235/1787 2233/2233/1785
f 2230/2230/1782 1901/1901/1522 2231/2231/1783
s 0
f 2236/2236/1788 2237/2237/1788 2238/2238/1788
f 2239/2239/1789 2240/2240/1789 2241/2241/1789
s 1
f 2242/2242/1790 2243/2243/1791 2244/2244/1792
f 2242/2242/1790 2244/2244/1792 2245/2245/1793
f 2242/2242/1790 2245/2245/1793 2246/2246/1794
s 0
f 2247/2247/1795 2248/2248/1795 2249/2249/1795
s 1
f 2250/2250/1796 2251/2251/1797 2252/2252/1798
f 2250/2250/1796 2253/2253/1799 2254/2254/1800
f 2250/2250/1796 2254/2254/1800 2251/2251/1797
s 0
f 2255/2255/1801 2256/2256/1801 2257/2257/1801
s 1
f 2258/2258/1802 2259/2259/1803 2260/2260/1804
f 2258/2258/1802 2261/2261/1805 2262/2262/1806
f 2258/2258/1802 1291/1291/1049 2261/2261/1805
f 2258/2258/1802 2260/2260/1804 2263/2263/1807
f 2258/2258/1802 2262/2262/1806 2259/2259/1803
f 2258/2258/1802 2263/2263/1807 1291/1291/1049
f 2264/2264/1808 2265/2265/1809 2266/2266/1810
f 2267/2267/1811 852/852/668 854/854/670
f 2264/2264/1808 2266/2266/1810 2193/2193/1755
f 2267/2267/1811 2268/2268/1812 2269/2269/1813
f 2264/2264/1808 2270/2270/1814 2265/2265/1809
f 2267/2267/1811 2269/2269/1813 852/852/668
f 2271/2271/1815 2272/2272/1816 2273/2273/1817
f 2271/2271/1815 2274/2274/1818 2272/2272/1816
f 2271/2271/1815 2273/2273/1817 2275/2275/1819
f 2271/2271/1815 2275/2275/1819 2274/2274/1818
f 347/347/283 2276/2276/1820 2277/2277/1821
f 347/347/283 350/350/286 2278/2278/1822
f 347/347/283 2277/2277/1821 348/348/284
f 347/347/283 2278/2278/1822 2276/2276/1820
f 2279/2279/1823 2280/2280/1824 2281/2281/1825
s 0
f 2282/2282/1826 2283/2283/1826 2284/2284/1826
f 2285/2285/1827 2286/2286/1827 2287/2287/1827
f 2288/2288/1828 2289/2289/1828 2290/2290/1828
f 2291/2291/1829 2292/2292/1829 2293/2293/1829
s 1
f 2279/2279/1823 2294/2294/1830 2280/2280/1824
f 1499/1499/1220 2295/2295/1831 2296/2296/1831
f 1499/1499/1220 1501/1501/1222 2295/2295/1831
f 2297/2297/1832 2298/2298/1833 2299/2299/1834
f 2297/2297/1832 2299/2299/1834 2300/2300/1835
f 1053/1053/852 1349/1349/1101 1054/1054/853
f 1059/1059/858 1058/1058/857 2301/2301/1836
f 1059/1059/858 2301/2301/1836 2302/2302/1837
f 1053/1053/852 2303/2303/1838 1349/1349/1101
f 2304/2304/1839 219/219/169 215/215/165
f 2304/2304/1839 2305/2305/1840 219/219/169
f 2304/2304/1839 1062/1062/861 2306/2306/1841
f 2304/2304/1839 2307/2307/1842 2305/2305/1840
f 2304/2304/1839 215/215/165 1062/1062/861
f 2304/2304/1839 2306/2306/1841 2307/2307/1842
f 2308/2308/1843 1370/1370/1116 2309/2309/1844
f 2308/2308/1843 2310/2310/1845 2311/2311/1846
f 2308/2308/1843 2312/2312/1847 2313/2313/1848
f 2308/2308/1843 2313/2313/1848 2310/2310/1845
f 2308/2308/1843 2311/2311/1846 1370/1370/1116
f 2308/2308/1843 2309/2309/1844 2312/2312/1847
s 0
f 2314/2314/1849 2315/2315/1849 2316/2316/1849
s 1
f 2317/2317/1850 2318/2318/1851 2319/2319/1852
s 0
f 2320/2320/1853 2321/2321/1853 2322/2322/1853
s 1
f 2317/2317/1850 2323/2323/1854 2318/2318/1851
f 2324/2324/1855 2325/2325/1856 2326/2326/1857
f 2317/2317/1850 2319/2319/1852 2327/2327/1858
f 2328/2328/1859 2329/2329/1860 2330/2330/1861
f 2328/2328/1859 2330/2330/1861 2331/2331/1862
f 2328/2328/1859 2332/2332/1863 2329/2329/1860
s 0
f 2333/2333/1864 2334/2334/1864 2335/2335/1864
s 1
f 1402/1402/1140 2336/2336/1865 1403/1403/1141
f 2337/2337/1866 2338/2338/1867 2339/2339/1868
f 1402/1402/1140 1413/1413/1149 2340/2340/1869
f 2341/2341/1870 2342/2342/1871 2343/2343/1872
s 0
f 2344/2344/1873 2345/2345/1873 2346/2346/1873
f 2347/2347/1874 2348/2348/1874 2349/2349/1874
s 1
f 2350/2350/1875 2351/2351/1876 2352/2352/1877
s 0
f 2353/2353/1878 2354/2354/1878 2355/2355/1878
s 1
f 2350/2350/1875 2356/2356/1879 2351/2351/1876
f 2357/2357/1880 2358/2358/1881 2359/2359/1882
f 2357/2357/1880 2360/2360/1883 2361/2361/1884
f 2362/2362/1885 2363/2363/1886 2364/2364/1887
f 2357/2357/1880 2361/2361/1884 2365/2365/1888
f 2357/2357/1880 2365/2365/1888 2358/2358/1881
f 2362/2362/1885 2364/2364/1887 2366/2366/1889
s 0
f 2367/2367/1890 2368/2368/1890 2369/2369/1890
s 1
f 2370/2370/1891 2371/2371/1892 2372/2372/1893
f 2370/2370/1891 2373/2373/1894 2371/2371/1892
f 2370/2370/1891 2372/2372/1893 2374/2374/1895
f 2375/2375/1896 914/914/718 2376/2376/1897
f 2377/2377/1898 404/404/330 2378/2378/1899
f 2375/2375/1896 2376/2376/1897 2379/2379/1900
f 2377/2377/1898 2380/2380/1901 404/404/330
f 2377/2377/1898 2378/2378/1899 907/907/711
f 2375/2375/1896 2379/2379/1900 2381/2381/1902
f 508/508/400 2382/2382/1903 2383/2383/1904
f 508/508/400 2384/2384/1905 2382/2382/1903
f 508/508/400 514/514/406 2384/2384/1905
f 508/508/400 2383/2383/1904 509/509/401
f 2385/2385/1906 2386/2386/1907 2387/2387/1908
f 2385/2385/1906 2388/2388/1909 2389/2389/1910
f 2385/2385/1906 2387/2387/1908 2388/2388/1909
f 2385/2385/1906 2390/2390/1911 2391/2391/1912
f 2385/2385/1906 2389/2389/1910 2390/2390/1911
f 2392/2392/1913 2393/2393/1914 2394/2394/1915
f 2395/2395/1916 2396/2396/1917 1481/1481/1202
s 0
f 2397/2397/1918 2398/2398/1918 2399/2399/1918
s 1
f 2395/2395/1916 2400/2400/1919 2401/2401/1920
f 2395/2395/1916 1481/1481/1202 2400/2400/1919
f 2402/2402/1921 2403/2403/1922 2404/2404/1923
f 2405/2405/1924 2406/2406/1925 2407/2407/1926
f 2405/2405/1924 2407/2407/1926 2408/2408/1927
f 2402/2402/1921 2404/2404/1923 2409/2409/1928
f 2405/2405/1924 2410/2410/1929 2406/2406/1925
f 2411/2411/1930 1654/1654/1347 1653/1653/1346
f 2411/2411/1930 1335/1335/1087 1334/1334/1086
f 2411/2411/1930 2412/2412/1931 2413/2413/1932
f 2411/2411/1930 1334/1334/1086 2412/2412/1931
f 2414/2414/1933 2415/2415/1934 1648/1648/1341
f 2411/2411/1930 1653/1653/1346 1335/1335/1087
f 365/365/299 362/362/296 2416/2416/1935
s 0
f 2417/2417/1936 2418/2418/1936 2419/2419/1936
s 1
f 1816/1816/1457 2372/2372/1893 1817/1817/1458
f 1816/1816/1457 1819/1819/1460 2420/2420/1937
f 1816/1816/1457 2421/2421/1938 2372/2372/1893
f 1816/1816/1457 2420/2420/1937 2421/2421/1938
f 1245/1245/1011 2422/2422/1939 2423/2423/1940
f 1245/1245/1011 1244/1244/1010 2424/2424/1941
f 1245/1245/1011 2425/2425/1942 2422/2422/1939
f 1245/1245/1011 2424/2424/1941 2425/2425/1942
f 2426/2426/1943 1073/1073/866 2312/2312/1847
f 2426/2426/1943 2427/2427/1944 1073/1073/866
f 2428/2428/1945 1580/1580/1285 1575/1575/1280
f 2426/2426/1943 2312/2312/1847 2309/2309/1844
f 2426/2426/1943 2309/2309/1844 2429/2429/1946
f 2426/2426/1943 2429/2429/1946 2430/2430/1947
f 436/436/352 2431/2431/1948 2432/2432/1949
s 0
f 2433/2433/1950 2434/2434/1950 2435/2435/1950
f 2436/2436/1951 2437/2437/1951 2438/2438/1951
s 1
f 436/436/352 435/435/351 2439/2439/1952
f 436/436/352 2439/2439/1952 2431/2431/1948
s 0
f 2440/2440/1953 2441/2441/1953 2442/2442/1953
s 1
f 2443/2443/1954 2444/2444/1955 2445/2445/1956
s 0
f 2446/2446/1957 2447/2447/1957 2448/2448/1957
s 1
f 2449/2449/1958 2450/2450/1959 345/345/281
s 0
f 2451/2451/1960 2452/2452/1960 2453/2453/1960
f 2454/2454/1961 2455/2455/1961 2456/2456/1961
s 1
f 2457/2457/1962 2458/2458/1963 2459/2459/1964
f 2457/2457/1962 1170/1170/950 2458/2458/1963
f 2460/2460/1965 2461/2461/1966 2462/2462/1967
f 2457/2457/1962 2463/2463/1968 1171/1171/951
f 2457/2457/1962 1171/1171/951 1170/1170/950
f 2457/2457/1962 2464/2464/1969 2463/2463/1968
f 2465/2465/1970 2466/2466/1971 2467/2467/1972
f 2465/2465/1970 2468/2468/1973 2469/2469/1974
f 2465/2465/1970 2467/2467/1972 2468/2468/1973
f 2465/2465/1970 2469/2469/1974 466/466/376
f 2465/2465/1970 463/463/373 2466/2466/1971
f 2465/2465/1970 466/466/376 463/463/373
f 2470/2470/1975 2471/2471/1976 2472/2472/1977
f 2470/2470/1975 2473/2473/1978 2474/2474/1979
f 2470/2470/1975 2474/2474/1979 2475/2475/1980
f 2476/2476/1981 2477/2477/1982 2478/2478/1982
f 2470/2470/1975 2479/2479/1983 2471/2471/1976
f 2470/2470/1975 2475/2475/1980 2479/2479/1983
f 477/477/382 2480/2480/1984 478/478/383
f 477/477/382 2481/2481/1985 2480/2480/1984
s 0
f 2482/2482/1986 2483/2483/1986 2484/2484/1986
s 1
f 2485/2485/1987 2486/2486/1988 2487/2487/1989
s 0
f 2488/2488/1990 2489/2489/1990 2490/2490/1990
f 2491/2491/1991 2492/2492/1991 2493/2493/1991
s 1
f 2485/2485/1987 2494/2494/1992 2138/2138/1711
f 2485/2485/1987 2138/2138/1711 2486/2486/1988
f 2495/2495/1993 2496/2496/1994 923/923/727
f 2495/2495/1993 922/922/726 2497/2497/1995
f 2495/2495/1993 2498/2498/1996 2496/2496/1994
f 2495/2495/1993 2497/2497/1995 2499/2499/1997
f 2495/2495/1993 2499/2499/1997 2498/2498/1996
f 2495/2495/1993 923/923/727 922/922/726
f 521/521/413 523/523/415 99/99/73
f 1011/1011/812 2500/2500/1998 1012/1012/813
f 2501/2501/1999 1478/1478/1199 2502/2502/2000
f 2501/2501/1999 2503/2503/2001 2504/2504/2002
s 0
f 2505/2505/2003 2506/2506/2003 2507/2507/2003
s 1
f 2508/2508/2004 2509/2509/2005 2510/2510/2006
s 0
f 2511/2511/2007 2512/2512/2007 2513/2513/2007
s 1
f 2501/2501/1999 2504/2504/2002 1478/1478/1199
f 539/539/429 1033/1033/832 1032/1032/831
f 539/539/429 1032/1032/831 2514/2514/2008
f 539/539/429 2514/2514/2008 543/543/431
f 539/539/429 876/876/686 1033/1033/832
f 2515/2515/2009 720/720/574 2516/2516/2010
f 2517/2517/2011 2518/2518/2012 2519/2519/2013
f 2517/2517/2011 2520/2520/2014 2521/2521/2015
f 2515/2515/2009 2522/2522/2016 2523/2523/2017
f 2515/2515/2009 2523/2523/2017 720/720/574
f 2517/2517/2011 2519/2519/2013 2520/2520/2014
f 1259/1259/1025 1258/1258/1024 2052/2052/1642
f 1255/1255/1021 2054/2054/1644 1256/1256/1022
f 2524/2524/2018 1282/1282/1042 2525/2525/2019
s 0
f 2526/2526/2020 2527/2527/2020 2528/2528/2020
f 2529/2529/2021 2530/2530/2021 2531/2531/2021
s 1
f 2524/2524/2018 2532/2532/2022 2533/2533/2023
f 2524/2524/2018 2525/2525/2019 2532/2532/2022
s 0
f 2534/2534/2024 2535/2535/2024 2536/2536/2024
s 1
f 2077/2077/1661 2076/2076/1660 585/585/463
f 2070/2070/1654 2537/2537/2025 2071/2071/1655
f 2077/2077/1661 585/585/463 589/589/465
s 0
f 2538/2538/2026 2539/2539/2026 2540/2540/2026
f 2541/2541/2027 2542/2542/2027 2543/2543/2027
s 1
f 2544/2544/2028 2545/2545/2029 2546/2546/2030
f 2547/2547/2031 2548/2548/2032 2549/2549/2033
s 0
f 2550/2550/1771 2551/2551/1771 2552/2552/1771
s 1
f 2553/2553/2034 2260/2260/1804 2554/2554/2035
f 2547/2547/2031 2555/2555/2036 2548/2548/2032
f 2556/2556/2037 2557/2557/2038 2558/2558/2039
f 2559/2559/2040 2560/2560/2041 2561/2561/2042
f 2556/2556/2037 2562/2562/2043 2557/2557/2038
f 2556/2556/2037 2563/2563/2044 2562/2562/2043
f 2559/2559/2040 2561/2561/2042 2564/2564/2045
f 2565/2565/2046 2566/2566/2047 2567/2567/2048
f 2568/2568/2049 617/617/491 2569/2569/2050
f 2565/2565/2046 621/621/495 2570/2570/2051
f 2565/2565/2046 2567/2567/2048 621/621/495
f 2571/2571/2052 2572/2572/2053 2573/2573/2054
f 2571/2571/2052 2574/2574/2055 2572/2572/2053
f 2571/2571/2052 2575/2575/2056 2576/2576/2057
f 2571/2571/2052 2577/2577/2058 2574/2574/2055
f 2571/2571/2052 2573/2573/2054 2575/2575/2056
f 2571/2571/2052 2576/2576/2057 2577/2577/2058
f 2578/2578/2059 2579/2579/2060 2580/2580/2061
s 0
f 2581/2581/2062 2582/2582/2062 2583/2583/2062
f 2584/2584/2063 2585/2585/2063 2586/2586/2063
f 2587/2587/2064 2588/2588/2064 2589/2589/2064
s 1
f 2578/2578/2059 2590/2590/2065 2579/2579/2060
f 2578/2578/2059 2580/2580/2061 2591/2591/2066
f 2578/2578/2059 2591/2591/2066 2592/2592/2067
f 2593/2593/2068 2594/2594/2069 2595/2595/2070
f 2593/2593/2068 2596/2596/2071 2594/2594/2069
s 0
f 2597/2597/2072 2598/2598/2072 2599/2599/2072
s 1
f 2593/2593/2068 2595/2595/2070 2600/2600/2073
f 818/818/646 824/824/650 1741/1741/1404
f 818/818/646 1741/1741/1404 2601/2601/2074
f 818/818/646 2602/2602/2075 819/819/647
f 818/818/646 2601/2601/2074 2602/2602/2075
f 220/220/170 219/219/169 2603/2603/2076
f 217/217/167 2604/2604/2077 218/218/168
f 220/220/170 2603/2603/2076 2605/2605/2078
f 217/217/167 2606/2606/2079 2604/2604/2077
f 2607/2607/2080 2608/2608/2081 2609/2609/2082
f 2610/2610/2083 2611/2611/2084 2612/2612/2085
f 2613/2613/2086 2614/2614/2087 2615/2615/2088
f 2610/2610/2083 2612/2612/2085 2616/2616/2089
f 2607/2607/2080 2617/2617/2090 2618/2618/2091
f 2607/2607/2080 2618/2618/2091 2608/2608/2081
f 2619/2619/2092 2620/2620/2093 2621/2621/2094
f 2619/2619/2092 2622/2622/2095 2623/2623/2096
f 2619/2619/2092 2621/2621/2094 2624/2624/2097
f 2619/2619/2092 2624/2624/2097 2622/2622/2095
f 2619/2619/2092 2623/2623/2096 2620/2620/2093
f 1132/1132/916 1134/1134/918 2625/2625/2098
f 1132/1132/916 2626/2626/2099 2627/2627/2100
f 1132/1132/916 2627/2627/2100 1133/1133/917
f 1132/1132/916 2625/2625/2098 2626/2626/2099
f 2628/2628/2101 2629/2629/2102 2630/2630/2103
f 2631/2631/2104 2632/2632/2105 2633/2633/2106
f 2628/2628/2101 2634/2634/2107 2629/2629/2102
f 2628/2628/2101 2630/2630/2103 2635/2635/2108
s 0
f 2636/2636/2109 2637/2637/2109 2638/2638/2109
f 2639/2639/2110 2640/2640/2110 2641/2641/2110
s 1
f 2642/2642/2111 2643/2643/2112 1415/1415/1151
f 2644/2644/2113 2645/2645/2114 2646/2646/2115
f 2642/2642/2111 2647/2647/2116 2643/2643/2112
f 2644/2644/2113 2646/2646/2115 2648/2648/2117
f 2649/2649/2118 2650/2650/2119 2651/2651/2120
f 2649/2649/2118 2/2/2 2652/2652/2121
f 2649/2649/2118 2652/2652/2121 2650/2650/2119
f 2649/2649/2118 2651/2651/2120 3/3/3
f 2649/2649/2118 3/3/3 2/2/2
f 2653/2653/2122 2654/2654/2123 2655/2655/2124
f 2656/2656/2125 2657/2657/2126 2658/2658/2127
f 2659/2659/2128 2660/2660/2129 2661/2661/2130
f 2659/2659/2128 2661/2661/2130 2662/2662/2131
s 0
f 1527/1527/1239 2663/2663/1239 1528/1528/1239
s 1
f 1536/1536/1245 677/677/541 2664/2664/2132
f 1536/1536/1245 2664/2664/2132 2665/2665/2133
f 2666/2666/2134 2667/2667/2135 2668/2668/2136
f 2669/2669/2137 2670/2670/2137 2671/2671/2138
f 2666/2666/2134 2668/2668/2136 47/47/33
f 2666/2666/2134 2672/2672/2139 2667/2667/2135
f 2666/2666/2134 2673/2673/2140 2672/2672/2139
f 2669/2669/2137 2674/2674/2141 2670/2670/2137
f 2666/2666/2134 47/47/33 46/46/32
s 0
f 2675/2675/2142 2676/2676/2142 2677/2677/2142
f 2678/2678/2143 2679/2679/2143 2680/2680/2143
f 2681/2681/2144 2682/2682/2144 2683/2683/2144
s 1
f 1773/1773/1426 1775/1775/1428 2684/2684/2145
f 2331/2331/1862 2330/2330/1861 2685/2685/2146
s 0
f 2686/2686/2147 2687/2687/2147 2688/2688/2147
s 1
f 2331/2331/1862 2685/2685/2146 2689/2689/2148
f 2156/2156/1729 2690/2690/2149 2691/2691/2150
f 2156/2156/1729 1786/1786/1438 2157/2157/1730
f 2156/2156/1729 2691/2691/2150 1786/1786/1438
f 2156/2156/1729 2161/2161/1734 2690/2690/2149
f 2692/2692/2151 2693/2693/2152 2694/2694/2153
f 2695/2695/2154 2696/2696/2155 2697/2697/2156
s 0
f 2698/2698/2157 2699/2699/2157 2700/2700/2157
s 1
f 2695/2695/2154 2697/2697/2156 2701/2701/2158
f 2692/2692/2151 2702/2702/2159 2693/2693/2152
f 2692/2692/2151 2703/2703/2160 2702/2702/2159
f 2145/2145/1718 2144/2144/1717 2704/2704/2161
s 0
f 2705/2705/2162 2706/2706/2162 2707/2707/2162
s 1
f 2708/2708/2163 2709/2709/2164 124/124/88
f 2708/2708/2163 2710/2710/2165 2709/2709/2164
f 2711/2711/2166 117/117/83 116/116/82
f 2712/2712/2167 2713/2713/2168 2254/2254/1800
f 2714/2714/2169 2715/2715/2170 2716/2716/2171
f 2712/2712/2167 2253/2253/1799 2717/2717/2172
f 2712/2712/2167 2254/2254/1800 2253/2253/1799
f 2714/2714/2169 2718/2718/2173 2715/2715/2170
f 2712/2712/2167 2719/2719/2174 2713/2713/2168
f 2720/2720/2175 2721/2721/2176 2722/2722/2177
f 2720/2720/2175 2723/2723/2178 2724/2724/2179
f 2720/2720/2175 2724/2724/2179 2721/2721/2176
s 0
f 2725/2725/378 2726/2726/378 2727/2727/378
s 1
f 761/761/605 765/765/609 2728/2728/2180
s 0
f 2729/2729/2181 2730/2730/2181 2731/2731/2181
s 1
f 2732/2732/2182 2733/2733/2183 2734/2734/2184
f 2735/2735/2185 2736/2736/2186 2737/2737/2187
s 0
f 2738/2738/2188 2739/2739/2188 2740/2740/2188
s 1
f 2741/2741/2189 1483/1483/1204 2742/2742/2190
f 2741/2741/2189 2742/2742/2190 2743/2743/2191
s 0
f 2744/2744/2192 2745/2745/2192 2746/2746/2192
f 2747/2747/2193 2748/2748/2193 2749/2749/2193
s 1
f 2741/2741/2189 785/785/623 1483/1483/1204
f 2750/2750/2194 2751/2751/2195 2752/2752/2196
f 2753/2753/2197 91/91/65 2754/2754/2198
f 2755/2755/2199 2756/2756/2200 2757/2757/2201
f 2755/2755/2199 88/88/62 87/87/61
f 2753/2753/2197 2754/2754/2198 2758/2758/2202
f 2755/2755/2199 2757/2757/2201 88/88/62
f 2755/2755/2199 2759/2759/2203 2756/2756/2200
f 2760/2760/2204 2761/2761/2205 2762/2762/2206
f 1045/1045/844 1051/1051/850 645/645/513
f 2760/2760/2204 659/659/523 652/652/518
f 2760/2760/2204 652/652/518 2761/2761/2205
f 2763/2763/2207 2764/2764/2208 2765/2765/2209
f 2763/2763/2207 2766/2766/2210 2767/2767/2211
f 2763/2763/2207 2765/2765/2209 2768/2768/2212
f 2763/2763/2207 2768/2768/2212 2766/2766/2210
f 2763/2763/2207 2767/2767/2211 2769/2769/2213
f 2763/2763/2207 2769/2769/2213 2764/2764/2208
f 1356/1356/1106 2770/2770/2214 2771/2771/2215
f 1356/1356/1106 2772/2772/2216 2770/2770/2214
f 1356/1356/1106 2771/2771/2215 1357/1357/1107
f 1356/1356/1106 1364/1364/1110 2772/2772/2216
f 2773/2773/2217 2774/2774/2218 2775/2775/2219
s 0
f 2776/2776/2220 2777/2777/2220 2778/2778/2220
s 1
f 2773/2773/2217 2775/2775/2219 2779/2779/2221
f 2773/2773/2217 2780/2780/2222 2774/2774/2218
f 2781/2781/2223 2782/2782/2224 2783/2783/2225
f 2781/2781/2223 2784/2784/2226 2782/2782/2224
f 2785/2785/2227 1556/1556/1263 1555/1555/1262
f 2781/2781/2223 241/241/191 237/237/187
f 2785/2785/2227 1555/1555/1262 2786/2786/2228
f 2781/2781/2223 237/237/187 2784/2784/2226
s 0
f 2787/2787/2229 2788/2788/2229 2789/2789/2229
f 2790/2790/2230 2791/2791/2230 2792/2792/2230
s 1
f 2793/2793/2231 2794/2794/2232 2795/2795/2233
f 2796/2796/2234 2797/2797/2235 2798/2798/2236
f 2796/2796/2234 2798/2798/2236 2799/2799/2237
s 0
f 2800/2800/2238 2801/2801/2238 2802/2802/2238
s 1
f 2803/2803/2239 2804/2804/2240 2805/2805/2241
s 0
f 2806/2806/2242 2807/2807/2242 2808/2808/2242
s 1
f 2803/2803/2239 2809/2809/2243 2810/2810/2244
s 0
f 2811/2811/2245 2812/2812/2245 2813/2813/2245
s 1
f 2803/2803/2239 2805/2805/2241 2809/2809/2243
f 264/264/214 2814/2814/2246 265/265/215
f 264/264/214 2815/2815/2247 2814/2814/2246
f 264/264/214 2816/2816/2248 2815/2815/2247
f 2817/2817/2249 2818/2818/2250 2819/2819/2251
f 2817/2817/2249 2819/2819/2251 2820/2820/2252
f 2817/2817/2249 2820/2820/2252 2821/2821/2253
f 2817/2817/2249 2821/2821/2253 2822/2822/2254
f 2817/2817/2249 2823/2823/2255 2818/2818/2250
f 2817/2817/2249 2822/2822/2254 2823/2823/2255
f 2824/2824/2256 2825/2825/2257 1428/1428/1162
f 2824/2824/2256 1427/1427/1161 2826/2826/2258
f 2824/2824/2256 2826/2826/2258 2827/2827/2259
f 2824/2824/2256 2827/2827/2259 2825/2825/2257
f 2824/2824/2256 1428/1428/1162 1427/1427/1161
f 2828/2828/2260 2829/2829/2261 2830/2830/2262
s 0
f 2831/2831/2263 2832/2832/2263 2833/2833/2263
f 2834/2834/2264 2835/2835/2264 2836/2836/2264
s 1
f 298/298/246 2837/2837/2265 299/299/247
f 2838/2838/2266 2839/2839/2267 2840/2840/2268
f 2838/2838/2266 2841/2841/2269 2842/2842/2270
f 2838/2838/2266 2842/2842/2270 2839/2839/2267
f 2838/2838/2266 2843/2843/2271 2841/2841/2269
f 2838/2838/2266 2840/2840/2268 2844/2844/2272
f 2838/2838/2266 2844/2844/2272 2843/2843/2271
s 0
f 2845/2845/2273 2846/2846/2273 2847/2847/2273
s 1
f 2848/2848/2274 2849/2849/2275 2850/2850/2276
f 2848/2848/2274 2851/2851/2277 2849/2849/2275
f 2852/2852/2278 2853/2853/2279 2854/2854/2280
f 1478/1478/1199 2396/2396/1917 2502/2502/2000
f 1478/1478/1199 1481/1481/1202 2396/2396/1917
f 1478/1478/1199 2504/2504/2002 1479/1479/1200
f 2855/2855/2281 1916/1916/1531 2856/2856/2282
f 2855/2855/2281 2857/2857/2283 2858/2858/2284
f 2855/2855/2281 2859/2859/2285 2860/2860/2286
f 2855/2855/2281 2860/2860/2286 2857/2857/2283
f 2855/2855/2281 2856/2856/2282 2859/2859/2285
f 2855/2855/2281 2858/2858/2284 1916/1916/1531
f 2861/2861/2287 2862/2862/2288 2863/2863/2289
f 2861/2861/2287 2864/2864/2290 2865/2865/2291
f 2861/2861/2287 2865/2865/2291 2862/2862/2288
f 2861/2861/2287 2866/2866/2292 2864/2864/2290
f 2867/2867/2293 2868/2868/2294 2869/2869/2295
f 2867/2867/2293 193/193/147 196/196/150
f 2867/2867/2293 2869/2869/2295 1343/1343/1095
f 2867/2867/2293 1941/1941/1550 2868/2868/2294
f 2867/2867/2293 196/196/150 1941/1941/1550
f 2867/2867/2293 1343/1343/1095 193/193/147
f 2870/2870/2296 1347/1347/1099 2871/2871/2297
f 2629/2629/2102 2634/2634/2107 2872/2872/2298
f 2870/2870/2296 2873/2873/2299 2874/2874/2300
f 2870/2870/2296 2874/2874/2300 1347/1347/1099
f 2875/2875/2301 2876/2876/2302 2877/2877/2303
s 0
f 2878/2878/2304 2879/2879/2304 2880/2880/2304
f 2881/2881/2305 2882/2882/2305 2883/2883/2305
s 1
f 2875/2875/2301 2884/2884/2306 2876/2876/2302
s 0
f 2885/2885/2307 2886/2886/2307 2887/2887/2307
s 1
f 2888/2888/2308 221/221/171 218/218/168
f 1891/1891/1512 1894/1894/1515 2889/2889/2309
f 2890/2890/2310 2891/2891/2311 2592/2592/2067
f 2890/2890/2310 2592/2592/2067 2580/2580/2061
f 2890/2890/2310 2580/2580/2061 2892/2892/2312
s 0
f 2893/2893/2313 2894/2894/2313 2895/2895/2313
s 1
f 2608/2608/2081 2896/2896/2314 2609/2609/2082
s 0
f 2897/2897/2315 2898/2898/2315 2899/2899/2315
s 1
f 2900/2900/2316 2901/2901/2317 2902/2902/2318
f 2903/2903/2319 943/943/747 2904/2904/2320
f 2903/2903/2319 2905/2905/2321 943/943/747
f 528/528/420 2906/2906/2322 529/529/421
f 2907/2907/2323 2908/2908/2324 2909/2909/2325
f 2910/2910/2326 2911/2911/2327 2912/2912/2328
f 2907/2907/2323 2909/2909/2325 2913/2913/2329
f 2907/2907/2323 2913/2913/2329 2914/2914/2330
f 2907/2907/2323 2915/2915/2331 2908/2908/2324
f 2910/2910/2326 2912/2912/2328 2916/2916/2332
f 2917/2917/2333 2918/2918/2334 2919/2919/2335
s 0
f 2920/2920/2336 2921/2921/2336 2922/2922/2336
s 1
f 2225/2225/1777 2923/2923/2337 2226/2226/1778
s 0
f 2924/2924/2338 2925/2925/2338 2926/2926/2338
s 1
f 2927/2927/2339 281/281/231 2928/2928/2340
f 1293/1293/1051 1298/1298/1056 2929/2929/2341
f 2927/2927/2339 2930/2930/2342 282/282/232
f 2927/2927/2339 282/282/232 281/281/231
f 2931/2931/2343 2932/2932/2344 2933/2933/2345
f 2931/2931/2343 2934/2934/2346 2932/2932/2344
f 2935/2935/2347 1137/1137/921 1136/1136/920
f 2936/2936/2348 2937/2937/2349 2938/2938/2350
f 2939/2939/2351 2940/2940/2352 2941/2941/2353
f 2936/2936/2348 2938/2938/2350 2942/2942/2354
f 2936/2936/2348 2942/2942/2354 2943/2943/2355
f 2939/2939/2351 2944/2944/2356 2940/2940/2352
f 2939/2939/2351 2945/2945/2357 2944/2944/2356
f 2721/2721/2176 2946/2946/2358 2722/2722/2177
f 2947/2947/2359 2948/2948/2360 2949/2949/2361
f 2947/2947/2359 2949/2949/2361 2950/2950/2362
f 2947/2947/2359 2950/2950/2362 1002/1002/805
f 1158/1158/940 2951/2951/2363 1159/1159/941
f 1158/1158/940 2952/2952/2364 2951/2951/2363
s 0
f 2953/2953/2365 2954/2954/2365 2955/2955/2365
s 1
f 2956/2956/2366 2957/2957/2367 345/345/281
f 2956/2956/2366 340/340/276 2958/2958/2368
f 2956/2956/2366 345/345/281 340/340/276
s 0
f 2959/2959/2369 2960/2960/2369 2961/2961/2369
s 1
f 2028/2028/1624 2962/2962/2370 2963/2963/2371
f 2028/2028/1624 2963/2963/2371 2029/2029/1625
f 1177/1177/955 1490/1490/1211 1178/1178/956
f 1177/1177/955 2964/2964/2372 1491/1491/1212
f 1177/1177/955 1180/1180/958 2964/2964/2372
f 1177/1177/955 1491/1491/1212 1490/1490/1211
f 2965/2965/2373 2966/2966/2374 2967/2967/2375
f 2965/2965/2373 2967/2967/2375 2596/2596/2071
f 2918/2918/2334 2968/2968/2376 2919/2919/2335
s 0
f 2969/2969/2377 2970/2970/2377 2971/2971/2377
s 1
f 2972/2972/2378 2973/2973/2379 1198/1198/976
f 2972/2972/2378 2974/2974/2380 2973/2973/2379
s 0
f 2975/2975/2381 2976/2976/2381 2977/2977/2381
s 1
f 2972/2972/2378 2123/2123/1700 2978/2978/2382
f 2972/2972/2378 1198/1198/976 2123/2123/1700
f 219/219/169 2305/2305/1840 2979/2979/2383
f 219/219/169 2979/2979/2383 2603/2603/2076
s 0
f 2980/2980/2384 2981/2981/2384 2982/2982/2384
s 1
f 226/226/176 2983/2983/2385 227/227/177
s 0
f 2984/2984/2386 2985/2985/2386 2986/2986/2386
f 2987/2987/2387 2988/2988/2387 2989/2989/2387
s 1
f 2990/2990/2388 2991/2991/2389 2992/2992/2390
f 2990/2990/2388 2993/2993/2391 2991/2991/2389
f 2990/2990/2388 2992/2992/2390 240/240/190
f 2990/2990/2388 2994/2994/2392 2993/2993/2391
f 2990/2990/2388 239/239/189 2994/2994/2392
f 2990/2990/2388 240/240/190 239/239/189
f 2995/2995/2393 2996/2996/2393 2997/2997/2394
f 244/244/194 2998/2998/2395 245/245/195
f 244/244/194 2999/2999/2396 2998/2998/2395
f 2995/2995/2393 3000/3000/2397 2996/2996/2393
f 3001/3001/2398 2690/2690/2149 3002/3002/2399
f 3003/3003/2400 3004/3004/2401 3005/3005/2400
f 3003/3003/2400 3005/3005/2400 3006/3006/2402
f 2103/2103/1682 3007/3007/2403 2104/2104/1683
f 2111/2111/1690 3008/3008/2404 3009/3009/2405
f 2111/2111/1690 3010/3010/2406 3008/3008/2404
f 2111/2111/1690 2107/2107/1686 3010/3010/2406
f 3011/3011/2407 3012/3012/2408 1012/1012/813
f 98/98/72 103/103/75 3013/3013/2409
f 98/98/72 3014/3014/2410 99/99/73
f 98/98/72 3013/3013/2409 3015/3015/2411
f 2973/2973/2379 3016/3016/2412 1199/1199/977
f 2973/2973/2379 2974/2974/2380 3017/3017/2413
f 2973/2973/2379 3017/3017/2413 3016/3016/2412
f 2973/2973/2379 1199/1199/977 1198/1198/976
s 0
f 3018/3018/2414 3019/3019/2414 3020/3020/2414
s 1
f 3021/3021/2415 2715/2715/2170 2718/2718/2173
s 0
f 3022/3022/2416 3023/3023/2416 3024/3024/2416
f 3025/3025/2417 3026/3026/2417 3027/3027/2417
s 1
f 3028/3028/2418 303/303/249 131/131/95
f 3021/3021/2415 3029/3029/2419 2715/2715/2170
f 3030/3030/2420 314/314/258 3031/3031/2421
f 3030/3030/2420 3032/3032/2422 3033/3033/2423
f 3030/3030/2420 3033/3033/2423 315/315/259
f 3030/3030/2420 2548/2548/2032 3032/3032/2422
f 3030/3030/2420 315/315/259 314/314/258
f 3030/3030/2420 3031/3031/2421 2548/2548/2032
f 3034/3034/2424 3035/3035/2425 3036/3036/2426
s 0
f 3037/3037/2427 3038/3038/2427 3039/3039/2427
f 3040/3040/2428 3041/3041/2428 3042/3042/2428
f 3043/3043/2429 3044/3044/2429 3045/3045/2429
s 1
f 1309/1309/1061 2734/2734/2184 3046/3046/2430
f 1309/1309/1061 3046/3046/2430 163/163/125
f 1309/1309/1061 3047/3047/2431 3048/3048/2432
f 1309/1309/1061 3048/3048/2432 2734/2734/2184
f 1318/1318/1070 1323/1323/1075 2278/2278/1822
f 1318/1318/1070 350/350/286 349/349/285
f 1318/1318/1070 2278/2278/1822 350/350/286
s 0
f 3049/3049/2433 3050/3050/2433 3051/3051/2433
s 1
f 1652/1652/1345 1651/1651/1344 3052/3052/2434
s 0
f 3053/3053/2435 3054/3054/2435 3055/3055/2435
f 3056/3056/2436 3057/3057/2436 3058/3058/2436
s 1
f 726/726/580 3059/3059/2437 727/727/581
s 0
f 3060/3060/2438 3061/3061/2438 3062/3062/2438
s 1
f 3063/3063/2439 3064/3064/2439 3065/3065/2440
f 3063/3063/2439 3066/3066/2441 3064/3064/2439
f 3067/3067/2442 3068/3068/2443 290/290/240
f 3067/3067/2442 2065/2065/1651 3069/3069/2444
f 3067/3067/2442 290/290/240 3070/3070/2445
f 3067/3067/2442 3071/3071/2446 3068/3068/2443
f 3067/3067/2442 3070/3070/2445 2065/2065/1651
f 3067/3067/2442 3069/3069/2444 3071/3071/2446
f 2072/2072/1656 3072/3072/2447 2073/2073/1657
f 2072/2072/1656 732/732/586 737/737/589
f 2072/2072/1656 3073/3073/2448 3074/3074/2449
f 2072/2072/1656 3074/3074/2449 3072/3072/2447
f 2072/2072/1656 737/737/589 3073/3073/2448
f 758/758/602 757/757/601 3075/3075/2450
s 0
f 3076/3076/2451 3077/3077/2451 3078/3078/2451
f 3079/3079/2452 3080/3080/2452 3081/3081/2452
s 1
f 1460/1460/1187 1462/1462/1189 3082/3082/2453
f 1460/1460/1187 3083/3083/2454 1461/1461/1188
f 1460/1460/1187 3084/3084/2455 3085/3085/2456
f 1460/1460/1187 3085/3085/2456 3083/3083/2454
f 3086/3086/2457 3087/3087/2458 3088/3088/2459
f 3089/3089/2460 1706/1706/1383 3090/3090/2461
f 3086/3086/2457 3091/3091/2462 3087/3087/2458
f 3089/3089/2460 3092/3092/2463 1706/1706/1383
f 3093/3093/2464 3094/3094/2465 3095/3095/2466
f 3086/3086/2457 3088/3088/2459 3096/3096/2467
f 2403/2403/1922 3097/3097/2468 2404/2404/1923
f 2408/2408/1927 3098/3098/2469 3099/3099/2470
f 2408/2408/1927 2407/2407/1926 3098/3098/2469
f 2403/2403/1922 3100/3100/2471 3097/3097/2468
f 3101/3101/2472 3102/3102/2473 3103/3103/2474
f 3101/3101/2472 3104/3104/2475 3105/3105/2476
f 3106/3106/2477 3107/3107/2478 3108/3108/2479
f 3106/3106/2477 3109/3109/2480 3107/3107/2478
f 3101/3101/2472 3105/3105/2476 3102/3102/2473
f 3101/3101/2472 3110/3110/2481 3104/3104/2475
f 326/326/268 2394/2394/1915 2393/2393/1914
f 326/326/268 2393/2393/1914 327/327/269
f 326/326/268 472/472/380 2394/2394/1915
f 3111/3111/2482 661/661/525 3112/3112/2483
s 0
f 3113/3113/2484 3114/3114/2484 3115/3115/2484
f 3116/3116/2485 3117/3117/2485 3118/3118/2485
f 3119/3119/2486 3120/3120/2486 3121/3121/2486
s 1
f 3111/3111/2482 662/662/526 661/661/525
s 0
f 3122/3122/2487 3123/3123/2487 3124/3124/2487
s 1
f 3125/3125/2488 3126/3126/2489 841/841/659
f 3125/3125/2488 3127/3127/2490 3128/3128/2491
f 3125/3125/2488 841/841/659 840/840/658
f 3125/3125/2488 3129/3129/2492 3126/3126/2489
f 3125/3125/2488 840/840/658 3127/3127/2490
f 3125/3125/2488 3128/3128/2491 3129/3129/2492
f 3130/3130/2493 3131/3131/2494 3132/3132/2495
f 680/680/544 3133/3133/2496 3134/3134/2497
f 680/680/544 684/684/548 3135/3135/2498
f 680/680/544 3134/3134/2497 681/681/545
f 3136/3136/2499 3137/3137/2500 3138/3138/2501
f 3136/3136/2499 3138/3138/2501 3139/3139/2502
s 0
f 3140/3140/2503 3141/3141/2503 3142/3142/2503
f 3143/3143/2504 3144/3144/2504 3145/3145/2504
f 3146/3146/2505 3147/3147/2505 3148/3148/2505
s 1
f 3136/3136/2499 3139/3139/2502 3149/3149/2506
f 64/64/44 3150/3150/2507 65/65/45
f 3151/3151/2508 871/871/681 870/870/680
f 64/64/44 860/860/674 3150/3150/2507
s 0
f 3152/3152/2509 3153/3153/2509 3154/3154/2509
s 1
f 78/78/52 84/84/58 1029/1029/828
f 78/78/52 1029/1029/828 875/875/685
f 78/78/52 875/875/685 79/79/53
f 91/91/65 90/90/64 3155/3155/2510
f 91/91/65 3155/3155/2510 2754/2754/2198
f 3156/3156/2511 3157/3157/2512 555/555/443
f 3156/3156/2511 554/554/442 3158/3158/2513
f 3156/3156/2511 2361/2361/1884 3157/3157/2512
f 3156/3156/2511 2365/2365/1888 2361/2361/1884
f 3156/3156/2511 555/555/443 554/554/442
f 3156/3156/2511 3158/3158/2513 2365/2365/1888
f 2825/2825/2257 2827/2827/2259 3159/3159/2514
f 2825/2825/2257 2532/2532/2022 2525/2525/2019
f 2825/2825/2257 3159/3159/2514 2532/2532/2022
f 2825/2825/2257 2525/2525/2019 3160/3160/2515
f 2825/2825/2257 3160/3160/2515 1428/1428/1162
f 3161/3161/2516 2422/2422/1939 3162/3162/2517
f 3161/3161/2516 3163/3163/2518 2422/2422/1939
f 3161/3161/2516 3164/3164/2519 3165/3165/2520
f 3161/3161/2516 3162/3162/2517 3164/3164/2519
s 0
f 3166/3166/2521 3167/3167/2521 3168/3168/2521
f 3169/3169/2522 3170/3170/2522 3171/3171/2522
s 1
f 3172/3172/2523 3173/3173/2524 3174/3174/2525
f 3172/3172/2523 926/926/730 920/920/724
f 3172/3172/2523 3174/3174/2525 926/926/730
f 3172/3172/2523 920/920/724 1688/1688/1373
f 3175/3175/2526 1683/1683/1370 1961/1961/1566
f 3175/3175/2526 1961/1961/1566 3176/3176/2527
f 3177/3177/2528 2084/2084/1668 3178/3178/2529
s 0
f 3179/3179/2530 3180/3180/2530 3181/3181/2530
s 1
f 3182/3182/2531 3183/3183/2532 3184/3184/2533
f 3177/3177/2528 2085/2085/1669 2084/2084/1668
f 3177/3177/2528 3178/3178/2529 3185/3185/2534
s 0
f 3186/3186/2535 3187/3187/2535 3188/3188/2535
s 1
f 3189/3189/2536 3190/3190/2537 3191/3191/2538
f 3189/3189/2536 3192/3192/2539 3193/3193/2540
f 3189/3189/2536 3193/3193/2540 3190/3190/2537
f 3189/3189/2536 3191/3191/2538 3194/3194/2541
f 3189/3189/2536 3194/3194/2541 3195/3195/2542
f 3189/3189/2536 3195/3195/2542 3192/3192/2539
f 626/626/500 3196/3196/2543 3197/3197/2544
f 626/626/500 3197/3197/2544 3198/3198/2545
f 626/626/500 625/625/499 3196/3196/2543
f 626/626/500 3198/3198/2545 627/627/501
s 0
f 3199/3199/2546 3200/3200/2546 3201/3201/2546
f 3202/3202/2547 3203/3203/2547 3204/3204/2547
f 3205/3205/2548 3206/3206/2548 3207/3207/2548
f 3208/3208/2549 3209/3209/2549 3210/3210/2549
f 3211/3211/2550 3212/3212/2550 3213/3213/2550
f 3214/3214/2551 3215/3215/2551 3216/3216/2551
f 3217/3217/2552 3218/3218/2552 3219/3219/2552
f 3220/3220/2553 3221/3221/2553 3222/3222/2553
f 3223/3223/2554 3224/3224/2554 3225/3225/2554
s 1
f 661/661/525 664/664/528 3112/3112/2483
f 3226/3226/2555 2003/2003/1603 2005/2005/1605
f 3226/3226/2555 3227/3227/2556 2003/2003/1603
s 0
f 3228/3228/2557 3229/3229/2557 3230/3230/2557
f 3231/3231/2558 3232/3232/2558 3233/3233/2558
s 1
f 2774/2774/2218 3234/3234/2559 3235/3235/2560
f 2774/2774/2218 3235/3235/2560 2775/2775/2219
f 1897/1897/1518 2014/2014/1614 3236/3236/2561
f 1897/1897/1518 3237/3237/2562 2014/2014/1614
f 1897/1897/1518 3236/3236/2561 3238/3238/2563
f 1908/1908/1525 1901/1901/1522 2234/2234/1786
f 1897/1897/1518 3238/3238/2563 1898/1898/1519
s 0
f 3239/3239/2564 3240/3240/2564 3241/3241/2564
s 1
f 3242/3242/2565 3243/3243/2566 3244/3244/2566
s 0
f 3245/3245/2567 3246/3246/2567 3247/3247/2567
s 1
f 3248/3248/2568 343/343/279 3249/3249/2569
f 3248/3248/2568 3250/3250/2570 343/343/279
f 3248/3248/2568 3251/3251/2571 3250/3250/2570
f 3252/3252/2572 3253/3253/2573 3254/3254/2574
f 3252/3252/2572 3254/3254/2574 3255/3255/2575
f 3256/3256/2576 3257/3257/2577 3258/3258/2578
f 3252/3252/2572 3255/3255/2575 3259/3259/2579
f 3256/3256/2576 3258/3258/2578 3260/3260/2580
f 3256/3256/2576 3261/3261/2581 3257/3257/2577
f 1923/1923/1538 3262/3262/2582 1924/1924/1539
f 1923/1923/1538 1928/1928/1541 3263/3263/2583
f 1923/1923/1538 3264/3264/2584 3262/3262/2582
f 1923/1923/1538 3263/3263/2583 3264/3264/2584
f 3265/3265/2585 3266/3266/1092 356/356/292
f 3267/3267/2586 3268/3268/2587 3269/3269/2588
f 3265/3265/2585 727/727/581 3059/3059/2437
f 3265/3265/2585 356/356/292 727/727/581
f 3267/3267/2586 3269/3269/2588 3270/3270/2589
f 3267/3267/2586 3270/3270/2589 3271/3271/2590
f 8/8/8 10/10/10 3272/3272/2591
f 3273/3273/2592 3274/3274/2593 935/935/739
f 3273/3273/2592 935/935/739 936/936/740
f 3273/3273/2592 936/936/740 3275/3275/2594
f 3276/3276/2595 3277/3277/2596 3278/3278/2597
f 3279/3279/2598 3280/3280/2599 3281/3281/2600
f 3282/3282/2601 3283/3283/2602 3284/3284/2603
f 3282/3282/2601 3285/3285/2604 3283/3283/2602
f 3276/3276/2595 3286/3286/2605 3277/3277/2596
s 0
f 3287/3287/2606 3288/3288/2606 3289/3289/2606
s 1
f 3282/3282/2601 3290/3290/2607 3285/3285/2604
f 594/594/468 599/599/473 269/269/219
f 594/594/468 268/268/218 595/595/469
f 594/594/468 269/269/219 268/268/218
f 1468/1468/1193 1467/1467/1192 1966/1966/1571
f 1973/1973/1577 162/162/124 3291/3291/2608
f 1973/1973/1577 3291/3291/2608 1974/1974/1578
f 1973/1973/1577 1162/1162/944 162/162/124
f 1973/1973/1577 1978/1978/1582 1162/1162/944
f 2276/2276/1820 3292/3292/2609 3198/3198/2545
f 2276/2276/1820 3198/3198/2545 2277/2277/1821
f 2276/2276/1820 3293/3293/2610 3292/3292/2609
f 2276/2276/1820 2278/2278/1822 3293/3293/2610
s 0
f 3294/3294/2611 3295/3295/2611 3296/3296/2611
f 3297/3297/2612 3298/3298/2612 3299/3299/2612
s 1
f 3300/3300/2613 3301/3301/2614 3302/3302/2615
f 3300/3300/2613 3302/3302/2615 3303/3303/2616
s 0
f 3304/3304/2617 3305/3305/2617 3306/3306/2617
f 3307/3307/2618 3308/3308/2618 3309/3309/2618
s 1
f 2966/2966/2374 3310/3310/2619 2967/2967/2375
f 2966/2966/2374 3311/3311/2620 3310/3310/2619
f 2709/2709/2164 3312/3312/2621 3313/3313/2622
f 2709/2709/2164 3313/3313/2622 119/119/85
f 2709/2709/2164 119/119/85 124/124/88
f 2709/2709/2164 2710/2710/2165 3312/3312/2621
f 2132/2132/1705 3314/3314/2623 3315/3315/2624
f 2132/2132/1705 3316/3316/2625 3314/3314/2623
f 2132/2132/1705 3315/3315/2624 2133/2133/1706
f 2132/2132/1705 2135/2135/1708 3316/3316/2625
f 3317/3317/2626 3318/3318/2627 2615/2615/2088
f 3317/3317/2626 2614/2614/2087 3132/3132/2495
f 3317/3317/2626 2009/2009/1609 3318/3318/2627
f 3317/3317/2626 3319/3319/2628 2009/2009/1609
f 3317/3317/2626 2615/2615/2088 2614/2614/2087
f 3317/3317/2626 3132/3132/2495 3319/3319/2628
f 3320/3320/2629 3321/3321/2630 3322/3322/2631
f 3323/3323/2632 3324/3324/2633 3325/3325/2634
f 3320/3320/2629 3326/3326/2635 3321/3321/2630
f 3320/3320/2629 3327/3327/2636 3326/3326/2635
f 3323/3323/2632 3325/3325/2634 3328/3328/2637
f 3329/3329/2638 1389/1389/1129 3330/3330/2639
f 3329/3329/2638 1390/1390/1130 1389/1389/1129
f 3329/3329/2638 3331/3331/2640 1390/1390/1130
f 1781/1781/1434 3332/3332/2641 3333/3333/2642
f 3334/3334/2643 2633/2633/2106 2632/2632/2105
f 1781/1781/1434 3333/3333/2642 1782/1782/1435
f 3334/3334/2643 3335/3335/2644 2633/2633/2106
f 2163/2163/1736 2754/2754/2198 2164/2164/1737
f 2163/2163/1736 3336/3336/2645 2758/2758/2202
f 2163/2163/1736 883/883/693 3336/3336/2645
f 2163/2163/1736 2758/2758/2202 2754/2754/2198
f 2358/2358/1881 3337/3337/2646 3338/3338/2647
f 2358/2358/1881 3338/3338/2647 2359/2359/1882
f 2358/2358/1881 2365/2365/1888 3158/3158/2513
f 2358/2358/1881 3158/3158/2513 3337/3337/2646
s 0
f 3339/3339/2648 3340/3340/2648 3341/3341/2648
f 3342/3342/2649 3343/3343/2649 3344/3344/2649
s 1
f 2374/2374/1895 2372/2372/1893 2421/2421/1938
f 3345/3345/2650 728/728/582 391/391/322
f 914/914/718 913/913/717 2376/2376/1897
f 907/907/711 2378/2378/1899 908/908/712
s 0
f 3346/3346/2651 3347/3347/2651 3348/3348/2651
f 3349/3349/2652 3350/3350/2652 3351/3351/2652
s 1
f 3352/3352/2653 3353/3353/2654 3354/3354/2655
s 0
f 3355/3355/2656 3356/3356/2656 3357/3357/2656
s 1
f 1639/1639/1332 3358/3358/2657 1640/1640/1333
s 0
f 3359/3359/2658 3360/3360/2658 3361/3361/2658
s 1
f 1639/1639/1332 1643/1643/1336 3362/3362/2659
f 2087/2087/1671 3363/3363/2660 3364/3364/2661
f 3365/3365/2662 3366/3366/2663 3367/3367/2664
f 3368/3368/2665 3369/3369/2666 3370/3370/2667
f 2087/2087/1671 3364/3364/2661 2088/2088/1672
f 3365/3365/2662 3367/3367/2664 3371/3371/2668
f 260/260/210 259/259/209 3372/3372/2669
s 0
f 3373/3373/2670 3374/3374/2670 3375/3375/2670
s 1
f 1870/1870/1495 3376/3376/2671 1871/1871/1496
f 1870/1870/1495 1876/1876/1501 3377/3377/2672
f 1870/1870/1495 3377/3377/2672 1987/1987/1591
f 1870/1870/1495 1987/1987/1591 3376/3376/2671
f 3378/3378/2673 3379/3379/2674 3380/3380/2675
f 2471/2471/1976 2479/2479/1983 2823/2823/2255
f 2471/2471/1976 2823/2823/2255 2822/2822/2254
f 2471/2471/1976 2822/2822/2254 3381/3381/2676
f 1237/1237/1005 3382/3382/2677 1238/1238/1006
f 3383/3383/2678 1881/1881/1506 209/209/159
f 3384/3384/2679 212/212/162 3385/3385/2680
f 3384/3384/2679 3385/3385/2680 3386/3386/2681
f 2305/2305/1840 3387/3387/2682 2979/2979/2383
f 2305/2305/1840 2307/2307/1842 3388/3388/2683
f 2305/2305/1840 3388/3388/2683 3387/3387/2682
f 229/229/179 3389/3389/2684 3390/3390/2685
f 229/229/179 231/231/181 3391/3391/2686
f 229/229/179 3390/3390/2685 230/230/180
f 229/229/179 3391/3391/2686 3389/3389/2684
s 0
f 3392/3392/2687 3393/3393/2687 3394/3394/2687
s 1
f 3395/3395/2688 3396/3396/2689 3397/3397/2690
f 3395/3395/2688 3398/3398/2691 3396/3396/2689
s 0
f 3399/3399/2692 3400/3400/2692 3401/3401/2692
f 3402/3402/2693 3403/3403/2693 3404/3404/2693
s 1
f 3405/3405/2694 2235/2235/1787 3406/3406/2695
f 3407/3407/2696 3408/3408/2697 3409/3409/2698
s 0
f 3410/3410/2699 3411/3411/2699 3412/3412/2699
s 1
f 3407/3407/2696 3413/3413/2700 3408/3408/2697
s 0
f 3414/3414/2701 3415/3415/2701 3416/3416/2701
s 1
f 3407/3407/2696 3409/3409/2698 3417/3417/2702
f 3418/3418/378 3419/3419/2703 3420/3420/2703
f 1916/1916/1531 3421/3421/2704 2856/2856/2282
f 1916/1916/1531 1919/1919/1534 3421/3421/2704
f 1916/1916/1531 2858/2858/2284 1917/1917/1532
f 1924/1924/1539 3262/3262/2582 3422/3422/2705
s 0
f 3423/3423/2706 3424/3424/2706 3425/3425/2706
f 3426/3426/2707 3427/3427/2707 3428/3428/2707
s 1
f 3429/3429/2708 3430/3430/2709 3431/3431/2710
f 3429/3429/2708 2869/2869/2295 3430/3430/2709
f 3429/3429/2708 1343/1343/1095 2869/2869/2295
f 3432/3432/2711 3433/3433/2712 3434/3434/2713
f 3432/3432/2711 3435/3435/2714 3436/3436/2715
f 3432/3432/2711 3437/3437/2716 3433/3433/2712
f 3432/3432/2711 3434/3434/2713 3435/3435/2714
f 3438/3438/2717 3439/3439/2718 3440/3440/2719
f 3438/3438/2717 3441/3441/2720 3439/3439/2718
f 2770/2770/2214 3442/3442/2721 2771/2771/2215
f 3438/3438/2717 3440/3440/2719 3443/3443/2722
f 1371/1371/1117 1370/1370/1116 2311/2311/1846
f 1367/1367/1113 3444/3444/2723 3445/3445/2724
f 1367/1367/1113 3445/3445/2724 1368/1368/1114
f 1367/1367/1113 3446/3446/2725 3444/3444/2723
f 3447/3447/2726 3448/3448/2727 3449/3449/2728
f 3450/3450/2729 1387/1387/1127 1384/1384/1124
f 3450/3450/2729 3451/3451/2730 3452/3452/2731
f 3450/3450/2729 3452/3452/2731 1387/1387/1127
f 3447/3447/2726 3453/3453/2732 3454/3454/2733
f 3447/3447/2726 3454/3454/2733 3448/3448/2727
s 0
f 3455/3455/2734 3456/3456/2734 3457/3457/2734
f 3458/3458/2735 3459/3459/2735 3460/3460/2735
s 1
f 3461/3461/2736 3462/3462/2736 3463/3463/2736
f 3464/3464/2737 3465/3465/2738 3466/3466/2739
f 3467/3467/2740 3468/3468/2741 3469/3469/2742
f 3467/3467/2740 3470/3470/2743 3284/3284/2603
f 3467/3467/2740 3284/3284/2603 3468/3468/2741
s 0
f 3471/3471/2744 3472/3472/2744 3473/3473/2744
s 1
f 3474/3474/2745 3475/3475/2746 3476/3476/2746
f 3477/3477/2747 3478/3478/2748 3479/3479/2749
f 3477/3477/2747 3480/3480/2750 3478/3478/2748
f 3477/3477/2747 3479/3479/2749 3481/3481/2751
f 3482/3482/2752 3483/3483/2753 1419/1419/1155
f 3482/3482/2752 3484/3484/2754 3485/3485/2755
f 3482/3482/2752 1418/1418/1154 1420/1420/1156
f 3482/3482/2752 1420/1420/1156 3484/3484/2754
f 3482/3482/2752 3485/3485/2755 3483/3483/2753
f 3482/3482/2752 1419/1419/1155 1418/1418/1154
f 1608/1608/1303 1607/1607/1302 3486/3486/2756
s 0
f 3487/3487/2757 3488/3488/2757 3489/3489/2757
f 3490/3490/2758 3491/3491/2758 3492/3492/2758
f 3493/3493/2759 3494/3494/2759 3495/3495/2759
s 1
f 773/773/615 772/772/614 3496/3496/2760
f 773/773/615 3496/3496/2760 3497/3497/2761
f 322/322/264 1291/1291/1049 3498/3498/2762
f 322/322/264 321/321/263 1291/1291/1049
f 1966/1966/1571 1467/1467/1192 3499/3499/2763
f 1966/1966/1571 3499/3499/2763 1967/1967/1572
f 2503/2503/2001 3500/3500/2764 3501/3501/2765
f 2503/2503/2001 3501/3501/2765 2504/2504/2002
s 0
f 3502/3502/2766 3503/3503/2766 3504/3504/2766
f 3505/3505/2767 3506/3506/2767 3507/3507/2767
s 1
f 1483/1483/1204 1487/1487/1208 2742/2742/2190
f 1483/1483/1204 785/785/623 784/784/622
f 3508/3508/2768 3509/3509/2769 3510/3510/2770
f 3511/3511/2771 462/462/372 3512/3512/2772
f 3508/3508/2768 3303/3303/2616 3302/3302/2615
f 3511/3511/2771 3513/3513/2773 3514/3514/2774
f 3511/3511/2771 3515/3515/2775 3513/3513/2773
f 3508/3508/2768 3510/3510/2770 3303/3303/2616
f 3511/3511/2771 3514/3514/2774 462/462/372
s 0
f 3516/3516/2776 3517/3517/2776 3518/3518/2776
s 1
f 3519/3519/2777 3520/3520/2777 3521/3521/2777
f 3522/3522/2778 3523/3523/2779 3524/3524/2780
f 3522/3522/2778 3525/3525/2781 3523/3523/2779
f 3526/3526/2782 1349/1349/1101 2303/2303/1838
f 3526/3526/2782 3527/3527/2783 1350/1350/1102
f 3526/3526/2782 3528/3528/2784 3527/3527/2783
f 3526/3526/2782 1350/1350/1102 1349/1349/1101
f 3526/3526/2782 2303/2303/1838 3528/3528/2784
f 674/674/538 1535/1535/1244 3529/3529/2785
f 674/674/538 3529/3529/2785 675/675/539
f 2667/2667/2135 1215/1215/989 1214/1214/988
f 2667/2667/2135 2672/2672/2139 3530/3530/2786
f 2667/2667/2135 1214/1214/988 2668/2668/2136
f 2667/2667/2135 3530/3530/2786 1215/1215/989
f 3531/3531/2787 3532/3532/2788 3533/3533/2789
s 0
f 3534/3534/2790 3535/3535/2790 3536/3536/2790
s 1
f 3537/3537/2791 3538/3538/2792 3539/3539/2793
f 3531/3531/2787 3540/3540/2794 3532/3532/2788
f 69/69/47 3541/3541/2795 3542/3542/2796
s 0
f 3543/3543/2797 3544/3544/2797 3545/3545/2797
s 1
f 69/69/47 65/65/45 3541/3541/2795
f 1564/1564/1271 2217/2217/1773 1824/1824/1465
f 1564/1564/1271 1824/1824/1465 1565/1565/1272
f 3546/3546/2798 3547/3547/2798 3548/3548/2798
s 0
f 3549/3549/2799 3550/3550/2799 3551/3551/2799
s 1
f 3007/3007/2403 2343/2343/1872 2104/2104/1683
s 0
f 3552/3552/2800 3553/3553/2800 3554/3554/2800
s 1
f 3555/3555/2801 2231/2231/1783 1900/1900/1521
s 0
f 3556/3556/2802 3557/3557/2802 3558/3558/2802
f 3559/3559/2803 3560/3560/2803 3561/3561/2803
s 1
f 3555/3555/2801 3562/3562/2804 2231/2231/1783
s 0
f 3563/3563/2805 3564/3564/2805 3565/3565/2805
s 1
f 3566/3566/2806 3567/3567/2807 3568/3568/2807
f 3555/3555/2801 3569/3569/2808 3562/3562/2804
f 3570/3570/2809 3571/3571/2810 2064/2064/1650
s 0
f 3572/3572/2811 3573/3573/2811 3574/3574/2811
s 1
f 3575/3575/2812 3576/3576/2813 3577/3577/2814
f 3578/3578/2815 3579/3579/2816 3580/3580/2817
f 3578/3578/2815 3580/3580/2817 3581/3581/2818
f 1203/1203/981 3582/3582/2819 2186/2186/1750
f 3583/3583/2820 3584/3584/2821 3585/3585/2822
f 1203/1203/981 2186/2186/1750 1204/1204/982
f 3583/3583/2820 3585/3585/2822 3586/3586/2823
s 0
f 3587/3587/2824 3588/3588/2824 3589/3589/2824
s 1
f 3590/3590/2825 3591/3591/2826 3592/3592/2827
f 3590/3590/2825 3592/3592/2827 3593/3593/2828
s 0
f 3594/3594/2829 3595/3595/2829 3596/3596/2829
s 1
f 3597/3597/2830 3598/3598/2831 2851/2851/2277
f 3597/3597/2830 3599/3599/2832 3598/3598/2831
f 3600/3600/2833 3601/3601/2834 690/690/554
f 3597/3597/2830 3602/3602/2835 3599/3599/2832
f 3600/3600/2833 2854/2854/2280 3601/3601/2834
f 3600/3600/2833 690/690/554 688/688/552
f 3603/3603/2836 3604/3604/2837 1880/1880/1505
f 3603/3603/2836 1880/1880/1505 3605/3605/2838
f 3606/3606/2839 3607/3607/2840 3608/3608/2841
f 3606/3606/2839 3609/3609/2842 3610/3610/2843
f 3606/3606/2839 3608/3608/2841 3609/3609/2842
f 3606/3606/2839 3611/3611/2844 3607/3607/2840
f 3612/3612/2845 3613/3613/2846 3614/3614/2847
s 0
f 3615/3615/2848 3616/3616/2848 3617/3617/2848
s 1
f 3612/3612/2845 3618/3618/2849 3619/3619/2850
f 3620/3620/2851 3621/3621/2852 2561/2561/2042
f 3612/3612/2845 3619/3619/2850 3613/3613/2846
f 3620/3620/2851 2561/2561/2042 2560/2560/2041
f 1648/1648/1341 2415/2415/1934 1649/1649/1342
s 0
f 3622/3622/2853 3623/3623/2853 3624/3624/2853
f 3625/3625/2854 3626/3626/2854 3627/3627/2854
s 1
f 2650/2650/2119 2652/2652/2121 3628/3628/2855
s 0
f 3629/3629/2856 3630/3630/2856 3631/3631/2856
s 1
f 2654/2654/2123 3632/3632/2857 2655/2655/2124
f 2654/2654/2123 3633/3633/2858 3434/3434/2713
f 2654/2654/2123 3434/3434/2713 3632/3632/2857
f 948/948/752 951/951/755 3634/3634/2859
f 948/948/752 3634/3634/2859 3635/3635/2860
f 948/948/752 1206/1206/984 949/949/753
f 948/948/752 3635/3635/2860 1206/1206/984
f 3636/3636/2861 3637/3637/2862 3638/3638/2863
f 3639/3639/2864 3640/3640/2865 525/525/417
f 3639/3639/2864 525/525/417 519/519/411
f 3639/3639/2864 3641/3641/2866 3640/3640/2865
f 3636/3636/2861 3642/3642/2867 3637/3637/2862
f 3643/3643/2868 3644/3644/2869 3645/3645/2870
f 3646/3646/2871 53/53/37 2269/2269/1813
f 2192/2192/1754 2194/2194/1756 3647/3647/2872
f 3646/3646/2871 54/54/38 53/53/37
f 3646/3646/2871 2269/2269/1813 2268/2268/1812
f 2200/2200/1760 3648/3648/2873 2201/2201/1761
f 3649/3649/2874 3650/3650/2874 3651/3651/2874
s 0
f 3652/3652/2875 3653/3653/2875 3654/3654/2875
s 1
f 3655/3655/2876 3656/3656/2877 3657/3657/2878
f 3655/3655/2876 3657/3657/2878 3658/3658/2879
f 3659/3659/2880 3660/3660/2881 3661/3661/2882
f 1250/1250/1016 2643/2643/2112 3662/3662/2883
f 1250/1250/1016 1249/1249/1015 2643/2643/2112
f 3659/3659/2880 3663/3663/2884 3660/3660/2881
f 3664/3664/2885 3665/3665/2886 3666/3666/2887
f 3664/3664/2885 3666/3666/2887 3406/3406/2695
f 3664/3664/2885 3406/3406/2695 2235/2235/1787
f 3664/3664/2885 2232/2232/1784 3667/3667/2888
f 3664/3664/2885 2235/2235/1787 2232/2232/1784
f 3664/3664/2885 3667/3667/2888 3665/3665/2886
s 0
f 3668/3668/2889 3669/3669/2889 3670/3670/2889
s 1
f 3671/3671/2890 3672/3672/2891 3673/3673/2892
s 0
f 3674/3674/2893 3675/3675/2893 3676/3676/2893
s 1
f 3677/3677/2894 3071/3071/2446 3678/3678/2895
s 0
f 3679/3679/2896 3680/3680/2896 3681/3681/2896
s 1
f 3677/3677/2894 3682/3682/2897 3071/3071/2446
f 2251/2251/1797 3683/3683/2898 3128/3128/2491
f 2251/2251/1797 2254/2254/1800 3683/3683/2898
f 2251/2251/1797 3128/3128/2491 3684/3684/2899
f 2251/2251/1797 3684/3684/2899 2252/2252/1798
f 2259/2259/1803 1618/1618/1311 3685/3685/1771
f 2259/2259/1803 2554/2554/2035 2260/2260/1804
f 2259/2259/1803 3685/3685/1771 2554/2554/2035
f 2259/2259/1803 1619/1619/1312 1618/1618/1311
f 2259/2259/1803 2262/2262/1806 1619/1619/1312
f 1000/1000/803 1002/1002/805 2950/2950/2362
f 3686/3686/2900 615/615/489 1706/1706/1383
f 3686/3686/2900 1706/1706/1383 3092/3092/2463
f 3686/3686/2900 3687/3687/2901 615/615/489
f 3688/3688/2902 2273/2273/1817 3689/3689/2903
f 3688/3688/2902 3095/3095/2466 2275/2275/1819
f 3688/3688/2902 2275/2275/1819 2273/2273/1817
f 2742/2742/2190 1487/1487/1208 3690/3690/2904
f 2742/2742/2190 3690/3690/2904 2743/2743/2191
f 3691/3691/2905 3692/3692/2906 799/799/633
f 2756/2756/2200 3693/3693/2907 3694/3694/2908
f 3691/3691/2905 798/798/632 3695/3695/2909
f 3691/3691/2905 799/799/633 798/798/632
f 2756/2756/2200 2759/2759/2203 3693/3693/2907
f 2594/2594/2069 3696/3696/2910 3697/3697/2911
f 2594/2594/2069 2596/2596/2071 3696/3696/2910
f 2594/2594/2069 3697/3697/2911 2595/2595/2070
f 2480/2480/1984 3698/3698/2912 2769/2769/2213
f 2480/2480/1984 2767/2767/2211 478/478/383
f 2480/2480/1984 2769/2769/2213 2767/2767/2211
f 2480/2480/1984 2481/2481/1985 3698/3698/2912
s 0
f 3699/3699/2913 3700/3700/2913 3701/3701/2913
s 1
f 3702/3702/2914 3703/3703/2915 3704/3704/2916
f 3702/3702/2914 3705/3705/2917 3703/3703/2915
s 0
f 3706/3706/2918 3707/3707/2918 3708/3708/2918
s 1
f 3702/3702/2914 3709/3709/2919 3705/3705/2917
s 0
f 3710/3710/2920 3711/3711/2920 3712/3712/2920
s 1
f 3176/3176/2527 3713/3713/2921 3714/3714/2922
f 3176/3176/2527 1957/1957/1562 3713/3713/2921
f 3176/3176/2527 1961/1961/1566 1957/1957/1562
f 3173/3173/2524 3715/3715/2923 3174/3174/2525
f 3716/3716/2924 3717/3717/2925 3718/3718/2926
s 0
f 3719/3719/2927 3720/3720/2927 3721/3721/2927
f 3722/3722/2928 3723/3723/2928 3724/3724/2928
s 1
f 3716/3716/2924 236/236/186 235/235/185
s 0
f 3725/3725/2929 3726/3726/2929 3727/3727/2929
s 1
f 3716/3716/2924 3718/3718/2926 236/236/186
f 3728/3728/2930 2797/2797/2235 3729/3729/2931
f 3728/3728/2930 2798/2798/2236 2797/2797/2235
f 3728/3728/2930 1561/1561/1268 2798/2798/2236
f 3728/3728/2930 3730/3730/2932 1561/1561/1268
f 3728/3728/2930 3729/3729/2931 3730/3730/2932
f 3468/3468/2741 3731/3731/2933 3732/3732/2934
f 3468/3468/2741 3732/3732/2934 3733/3733/2935
f 3468/3468/2741 3733/3733/2935 3469/3469/2742
f 3468/3468/2741 3284/3284/2603 3731/3731/2933
s 0
f 3734/3734/2936 3735/3735/2936 3736/3736/2936
s 1
f 3008/3008/2404 3010/3010/2406 3737/3737/2937
s 0
f 3738/3738/2938 3739/3739/2938 3740/3740/2938
s 1
f 3741/3741/2939 3665/3665/2886 3742/3742/2940
f 3743/3743/2941 3744/3744/2942 3745/3745/2943
s 0
f 3746/3746/2944 3747/3747/2944 3748/3748/2944
s 1
f 3741/3741/2939 3666/3666/2887 3665/3665/2886
s 0
f 3749/3749/2945 3750/3750/2945 3751/3751/2945
f 3752/3752/2946 3753/3753/2946 3754/3754/2946
s 1
f 1607/1607/1302 1610/1610/1305 3755/3755/2947
f 1607/1607/1302 3756/3756/2948 3486/3486/2756
f 1607/1607/1302 3755/3755/2947 3756/3756/2948
f 2941/2941/2353 2940/2940/2352 3757/3757/2949
f 2937/2937/2349 3758/3758/2950 3759/3759/2951
f 2937/2937/2349 3759/3759/2951 2938/2938/2350
f 3760/3760/2952 3761/3761/2953 3762/3762/2954
f 1456/1456/1183 1455/1455/1183 3763/3763/2955
f 3764/3764/2956 3765/3765/2957 3766/3766/2958
f 3767/3767/2959 514/514/406 513/513/405
f 3760/3760/2952 3768/3768/2960 3761/3761/2953
f 3769/3769/2961 2431/2431/1948 2439/2439/1952
f 3769/3769/2961 3770/3770/2962 2431/2431/1948
f 3769/3769/2961 1159/1159/941 3770/3770/2962
f 3769/3769/2961 3771/3771/2963 1159/1159/941
f 3769/3769/2961 2439/2439/1952 3771/3771/2963
s 0
f 3772/3772/2964 3773/3773/2964 3774/3774/2964
f 3775/3775/2965 3776/3776/2965 3777/3777/2965
f 3778/3778/2966 3779/3779/2966 3780/3780/2966
f 3781/3781/2967 3782/3782/2967 3783/3783/2967
s 1
f 3784/3784/2968 3785/3785/2969 2461/2461/1966
f 3784/3784/2968 174/174/134 3785/3785/2969
f 2458/2458/1963 1170/1170/950 2963/2963/2371
f 2458/2458/1963 3786/3786/2970 170/170/130
f 2458/2458/1963 2963/2963/2371 3786/3786/2970
f 3787/3787/2971 2862/2862/2288 3788/3788/2972
f 1490/1490/1211 3789/3789/2973 1178/1178/956
f 3787/3787/2971 3790/3790/2974 2862/2862/2288
f 3791/3791/2975 3792/3792/2976 3793/3793/2977
f 3794/3794/2978 3795/3795/2979 2600/2600/2073
f 3791/3791/2975 3796/3796/2980 3797/3797/2981
f 3791/3791/2975 3793/3793/2977 3796/3796/2980
f 3794/3794/2978 2600/2600/2073 2595/2595/2070
f 3794/3794/2978 2595/2595/2070 3798/3798/2982
f 3799/3799/2983 3159/3159/2514 3800/3800/2984
s 0
f 3801/3801/2985 3802/3802/2985 3803/3803/2985
s 1
f 3799/3799/2983 2533/2533/2023 3159/3159/2514
f 3804/3804/2986 3805/3805/2987 3732/3732/2934
f 3804/3804/2986 3732/3732/2934 3806/3806/2988
s 0
f 3807/3807/2989 3808/3808/2989 3809/3809/2989
s 1
f 1682/1682/1369 1964/1964/1569 1683/1683/1370
f 1682/1682/1369 3810/3810/2990 1964/1964/1569
f 3811/3811/2991 3812/3812/2992 3813/3813/2993
f 3811/3811/2991 3814/3814/2994 3812/3812/2992
f 3815/3815/2995 3816/3816/2996 3817/3817/2997
f 3815/3815/2995 3817/3817/2997 3818/3818/2998
f 3811/3811/2991 612/612/486 3819/3819/2999
f 3815/3815/2995 3820/3820/3000 3816/3816/2996
f 3811/3811/2991 3819/3819/2999 3814/3814/2994
f 3821/3821/3001 3822/3822/3002 3823/3823/3003
s 0
f 3824/3824/3004 3825/3825/3004 3826/3826/3004
s 1
f 3821/3821/3001 3823/3823/3003 3827/3827/3005
s 0
f 3828/3828/3006 3829/3829/3006 3830/3830/3006
s 1
f 1096/1096/889 3831/3831/3007 3832/3832/3008
f 1981/1981/1585 787/787/625 786/786/624
f 1096/1096/889 3832/3832/3008 1097/1097/890
f 3833/3833/3009 3834/3834/1771 1876/1876/1501
f 3835/3835/3010 3836/3836/3011 3837/3837/3012
f 3833/3833/3009 1876/1876/1501 1873/1873/1498
f 3838/3838/3013 281/281/231 283/283/233
f 3838/3838/3013 283/283/233 1998/1998/1598
s 0
f 3839/3839/3014 3840/3840/3014 3841/3841/3014
s 1
f 3838/3838/3013 2928/2928/2340 281/281/231
f 3610/3610/2843 1631/1631/1324 1633/1633/1326
f 3610/3610/2843 3609/3609/2842 1631/1631/1324
f 3604/3604/2837 205/205/155 1880/1880/1505
f 3604/3604/2837 1637/1637/1330 205/205/155
f 2004/2004/1604 2003/2003/1603 3842/3842/3015
f 1750/1750/1409 3843/3843/3016 1751/1751/1410
f 1760/1760/1417 2007/2007/1607 3844/3844/3017
s 0
f 3845/3845/3018 3846/3846/3019 3847/3847/3020
s 1
f 1760/1760/1417 3844/3844/3017 3848/3848/3021
f 1760/1760/1417 3849/3849/3022 2007/2007/1607
f 1760/1760/1417 3848/3848/3021 1761/1761/1418
f 2012/2012/1612 2014/2014/1614 3237/3237/2562
f 2012/2012/1612 3396/3396/2689 3398/3398/2691
f 2012/2012/1612 3398/3398/2691 2013/2013/1613
f 2012/2012/1612 3237/3237/2562 3396/3396/2689
f 1395/1395/1135 1394/1394/1134 3850/3850/3023
f 3851/3851/3024 3852/3852/3025 3853/3853/3026
f 3854/3854/3027 3855/3855/3028 718/718/572
f 3854/3854/3027 3856/3856/3029 3855/3855/3028
f 3857/3857/3030 14/14/14 13/13/13
f 3854/3854/3027 718/718/572 717/717/571
f 3851/3851/3024 2635/2635/2108 3852/3852/3025
f 1414/1414/1150 3858/3858/3031 3859/3859/3032
f 1414/1414/1150 1416/1416/1152 3858/3858/3031
f 3860/3860/3033 2646/2646/2115 2645/2645/2114
f 3860/3860/3033 3861/3861/3034 2646/2646/2115
f 3862/3862/3035 3863/3863/3036 3864/3864/3037
f 3865/3865/3038 3866/3866/3039 3867/3867/3040
f 3862/3862/3035 3868/3868/3041 3863/3863/3036
f 3865/3865/3038 3867/3867/3040 3869/3869/3042
f 3865/3865/3038 3870/3870/3043 3866/3866/3039
f 3862/3862/3035 3871/3871/3044 3868/3868/3041
f 3806/3806/2988 3731/3731/2933 3872/3872/3045
f 3873/3873/3046 3874/3874/3047 3875/3875/3048
f 3806/3806/2988 3732/3732/2934 3731/3731/2933
s 0
f 3876/3876/3049 3877/3877/3049 3878/3878/3049
s 1
f 3879/3879/3050 3880/3880/3051 751/751/597
s 0
f 3881/3881/3052 3882/3882/3052 3883/3883/3052
f 3884/3884/3053 3885/3885/3053 3886/3886/3053
f 3887/3887/3054 3888/3888/3054 3889/3889/3054
s 1
f 2728/2728/2180 765/765/609 1838/1838/1479
s 0
f 3890/3890/3055 3891/3891/3055 3892/3892/3055
s 1
f 3893/3893/3056 3894/3894/3057 3895/3895/3057
f 3896/3896/3058 3897/3897/3059 3898/3898/3060
f 3899/3899/3061 3900/3900/3062 770/770/612
f 3896/3896/3058 3898/3898/3060 3901/3901/3063
f 3899/3899/3061 3902/3902/3064 3903/3903/3065
f 3899/3899/3061 3903/3903/3065 3900/3900/3062
s 0
f 3904/3904/3066 3905/3905/3066 3906/3906/3066
f 3907/3907/3067 3908/3908/3067 3909/3909/3067
s 1
f 797/797/631 2693/2693/2152 2702/2702/2159
f 797/797/631 796/796/630 2693/2693/2152
f 797/797/631 2702/2702/2159 798/798/632
f 3910/3910/3068 2298/2298/1833 3911/3911/3069
f 3910/3910/3068 3911/3911/3069 3912/3912/3070
f 3910/3910/3068 2115/2115/1694 2298/2298/1833
f 3910/3910/3068 2116/2116/1695 2115/2115/1694
f 3910/3910/3068 3913/3913/3071 2116/2116/1695
f 3910/3910/3068 3912/3912/3070 3913/3913/3071
f 3914/3914/3072 3915/3915/3073 3916/3916/3074
f 3917/3917/3075 1518/1518/1233 3918/3918/3076
f 3917/3917/3075 2655/2655/2124 1519/1519/1234
f 3917/3917/3075 1519/1519/1234 1518/1518/1233
f 3919/3919/3077 3920/3920/3078 3921/3921/3079
f 3922/3922/3080 3923/3923/3081 3924/3924/3082
f 3922/3922/3080 3703/3703/2915 2133/2133/1706
f 3922/3922/3080 2133/2133/1706 3315/3315/2624
f 3922/3922/3080 3704/3704/2916 3703/3703/2915
f 3922/3922/3080 3315/3315/2624 3923/3923/3081
f 3922/3922/3080 3924/3924/3082 3704/3704/2916
f 3925/3925/3083 3926/3926/3084 3927/3927/3085
f 3925/3925/3083 3927/3927/3085 3928/3928/3086
f 3321/3321/2630 3326/3326/2635 3929/3929/3087
f 3321/3321/2630 3930/3930/3088 3322/3322/2631
f 1134/1134/918 1609/1609/1304 2625/2625/2098
f 709/709/565 3931/3931/3089 3932/3932/3090
f 709/709/565 3933/3933/3091 3931/3931/3089
f 709/709/565 3934/3934/3092 710/710/566
f 709/709/565 3932/3932/3090 3934/3934/3092
f 709/709/565 714/714/568 3933/3933/3091
s 0
f 3935/3935/3093 3936/3936/3093 3937/3937/3093
f 3938/3938/3094 3939/3939/3094 3940/3940/3094
f 3941/3941/3095 3942/3942/3095 3943/3943/3095
s 1
f 1326/1326/1078 3944/3944/3096 1327/1327/1079
f 3266/3266/1092 366/366/300 356/356/292
f 3271/3271/2590 3945/3945/3097 3946/3946/3098
f 3271/3271/2590 3270/3270/2589 3945/3945/3097
f 17/17/17 16/16/16 2661/2661/2130
f 10/10/10 3947/3947/3099 3272/3272/2591
f 17/17/17 2661/2661/2130 3920/3920/3078
f 3731/3731/2933 3284/3284/2603 3283/3283/2602
f 3731/3731/2933 3283/3283/2602 3872/3872/3045
f 3354/3354/2655 2080/2080/1664 2079/2079/1663
f 3354/3354/2655 3353/3353/2654 2080/2080/1664
f 3948/3948/3100 2082/2082/1666 3949/3949/3101
f 3948/3948/3100 2083/2083/1667 2082/2082/1666
f 3948/3948/3100 3950/3950/3102 2083/2083/1667
f 3948/3948/3100 3951/3951/3103 3952/3952/3104
f 3948/3948/3100 3952/3952/3104 3953/3953/3105
f 3948/3948/3100 3953/3953/3105 3950/3950/3102
f 3948/3948/3100 3949/3949/3101 3951/3951/3103
f 2734/2734/2184 3954/3954/3106 3046/3046/2430
f 2734/2734/2184 2733/2733/2183 3954/3954/3106
s 0
f 3955/3955/3107 3956/3956/3107 3957/3957/3107
s 1
f 3958/3958/3108 3785/3785/2969 3959/3959/3109
f 3958/3958/3108 3960/3960/3110 2461/2461/1966
f 3958/3958/3108 2461/2461/1966 3785/3785/2969
f 3958/3958/3108 3961/3961/3111 3960/3960/3110
f 3958/3958/3108 3959/3959/3109 3961/3961/3111
f 3102/3102/2473 2342/2342/1871 3962/3962/3112
f 3963/3963/3113 3964/3964/3114 3965/3965/3114
f 3102/3102/2473 2109/2109/1688 2342/2342/1871
f 3102/3102/2473 3105/3105/2476 2109/2109/1688
f 1721/1721/1392 1723/1723/1394 2113/2113/1692
f 1721/1721/1392 2117/2117/1696 1722/1722/1393
s 0
f 3966/3966/3115 3967/3967/3115 3968/3968/3115
f 3969/3969/3116 3970/3970/3116 3971/3971/3116
f 3972/3972/3117 3973/3973/3117 3974/3974/3117
s 1
f 3016/3016/2412 3975/3975/3118 1199/1199/977
f 2134/2134/1707 3976/3976/3119 2135/2135/1708
f 2139/2139/1712 2138/2138/1711 2494/2494/1992
f 3977/3977/3120 3978/3978/3121 3979/3979/3122
f 3977/3977/3120 231/231/181 3980/3980/3123
f 3977/3977/3120 3979/3979/3122 3391/3391/2686
f 3977/3977/3120 3980/3980/3123 3981/3981/3124
f 3977/3977/3120 3391/3391/2686 231/231/181
f 3977/3977/3120 3981/3981/3124 3978/3978/3121
f 3982/3982/3125 3983/3983/3126 3984/3984/3127
f 3982/3982/3125 3984/3984/3127 3985/3985/3128
f 859/859/673 865/865/677 2151/2151/1724
f 859/859/673 2154/2154/1727 860/860/674
f 3986/3986/3129 3987/3987/3130 3988/3988/3131
f 2158/2158/1731 2157/2157/1730 3989/3989/3132
f 3986/3986/3129 3934/3934/3092 3987/3987/3130
f 3986/3986/3129 3988/3988/3131 3990/3990/3133
f 3991/3991/3134 3992/3992/3135 3993/3993/3136
f 720/720/574 3994/3994/3137 2516/2516/2010
f 720/720/574 2523/2523/2017 721/721/575
f 1800/1800/1447 887/887/697 1801/1801/1448
f 1810/1810/1453 973/973/777 3995/3995/3138
f 1810/1810/1453 1809/1809/1452 973/973/777
f 1800/1800/1447 967/967/771 887/887/697
f 3996/3996/3139 3997/3997/3140 3998/3998/3141
f 3999/3999/3142 1951/1951/1556 4000/4000/3143
s 0
f 4001/4001/3144 4002/4002/3144 4003/4003/3144
f 4004/4004/3145 4005/4005/3145 4006/4006/3145
s 1
f 1629/1629/1322 4007/4007/3146 4008/4008/3147
f 1629/1629/1322 1634/1634/1327 4007/4007/3146
s 0
f 4009/4009/3148 4010/4010/3148 4011/4011/3148
s 1
f 597/597/471 4012/4012/3149 4013/4013/3150
f 597/597/471 602/602/476 4014/4014/3151
f 597/597/471 4013/4013/3150 598/598/472
f 597/597/471 4014/4014/3151 4012/4012/3149
f 3613/3613/2846 3816/3816/2996 3820/3820/3000
f 3613/3613/2846 3820/3820/3000 3614/3614/2847
f 3613/3613/2846 3619/3619/2850 3816/3816/2996
f 4015/4015/3152 4016/4016/3153 2092/2092/1676
f 4017/4017/3154 4018/4018/3154 4019/4019/3154
f 3190/3190/2537 4020/4020/3155 3191/3191/2538
f 3190/3190/2537 4021/4021/3156 4020/4020/3155
f 4022/4022/3157 4023/4023/3158 4024/4024/3159
f 4022/4022/3157 4025/4025/3160 4026/4026/3161
f 4022/4022/3157 4027/4027/3162 4023/4023/3158
f 4022/4022/3157 4028/4028/3163 4025/4025/3160
f 4022/4022/3157 4026/4026/3161 4027/4027/3162
f 4029/4029/3164 1097/1097/890 4030/4030/3165
f 886/886/696 1801/1801/1448 887/887/697
s 0
f 4031/4031/3166 4032/4032/3166 4033/4033/3166
s 1
f 1880/1880/1505 1882/1882/1507 3605/3605/2838
f 4034/4034/3167 992/992/796 998/998/801
s 0
f 4035/4035/3168 4036/4036/3168 4037/4037/3168
f 4038/4038/3169 4039/4039/3169 4040/4040/3169
s 1
f 4034/4034/3167 4041/4041/3170 992/992/796
s 0
f 4042/4042/3171 4043/4043/3171 4044/4044/3171
f 4045/4045/3172 4046/4046/3172 4047/4047/3172
s 1
f 4048/4048/3173 4049/4049/3174 512/512/404
s 0
f 4050/4050/3175 4051/4051/3175 4052/4052/3175
f 4053/4053/3176 4054/4054/3176 4055/4055/3176
f 4056/4056/3177 4057/4057/3177 4058/4058/3177
s 1
f 4048/4048/3173 3979/3979/3122 3978/3978/3121
f 4048/4048/3173 512/512/404 3979/3979/3122
f 2014/2014/1614 2018/2018/1618 3236/3236/2561
s 0
f 4059/4059/3178 4060/4060/3178 4061/4061/3178
f 4062/4062/3179 4063/4063/3179 4064/4064/3179
f 4065/4065/3180 4066/4066/3180 4067/4067/3180
f 4068/4068/3181 4069/4069/3181 4070/4070/3181
s 1
f 3253/3253/2573 2406/2406/1925 2410/2410/1929
f 3253/3253/2573 2410/2410/1929 3254/3254/2574
f 4071/4071/3182 4072/4072/3183 2858/2858/2284
f 4071/4071/3182 2858/2858/2284 2857/2857/2283
f 3262/3262/2582 3264/3264/2584 4073/4073/3184
f 3262/3262/2582 4073/4073/3184 3422/3422/2705
f 1507/1507/1226 1506/1506/1225 4074/4074/3185
f 1507/1507/1226 4074/4074/3185 4075/4075/3186
f 2657/2657/2126 4076/4076/3187 2658/2658/2127
f 2662/2662/2131 2661/2661/2130 16/16/16
f 3852/3852/3025 2635/2635/2108 4077/4077/3188
f 4078/4078/3189 3441/3441/2720 4079/4079/3190
f 4078/4078/3189 4080/4080/3191 3441/3441/2720
f 4078/4078/3189 4081/4081/3192 4080/4080/3191
s 0
f 4082/4082/3193 4083/4083/3193 4084/4084/3193
s 1
f 1370/1370/1116 1381/1381/1121 2309/2309/1844
f 4085/4085/3194 4086/4086/3195 3453/3453/2732
f 2902/2902/2318 2901/2901/2317 4087/4087/3196
f 4088/4088/3197 4089/4089/3198 3822/3822/3002
f 4090/4090/3199 4091/4091/3200 4092/4092/3201
f 4090/4090/3199 4093/4093/3202 4091/4091/3200
f 4094/4094/3203 4095/4095/3204 4096/4096/3205
f 4094/4094/3203 4097/4097/3206 4098/4098/3207
f 4099/4099/3208 4100/4100/3209 4101/4101/3210
f 4094/4094/3203 4096/4096/3205 4097/4097/3206
f 2908/2908/2324 4102/4102/3211 4103/4103/3212
f 4104/4104/3213 2916/2916/2332 448/448/364
f 2908/2908/2324 4103/4103/3212 4105/4105/3214
f 2908/2908/2324 4105/4105/3214 2909/2909/2325
f 4106/4106/3215 2165/2165/436 2164/2164/1737
f 4106/4106/3215 4107/4107/3216 4108/4108/3217
f 4106/4106/3215 2164/2164/1737 3155/3155/2510
f 4109/4109/3218 549/549/437 548/548/436
f 4106/4106/3215 3155/3155/2510 4107/4107/3216
f 4109/4109/3218 4110/4110/3219 549/549/437
s 0
f 4111/4111/3220 4112/4112/3220 4113/4113/3220
f 4114/4114/3221 4115/4115/3221 4116/4116/3221
f 4117/4117/3222 4118/4118/3222 4119/4119/3222
f 4120/4120/3223 4121/4121/3223 4122/4122/3223
f 4123/4123/3224 4124/4124/3224 4125/4125/3224
s 1
f 1605/1605/1300 3417/3417/2702 1609/1609/1304
f 4126/4126/3225 4127/4127/3226 4128/4128/3227
f 4126/4126/3225 1443/1443/1171 1442/1442/1170
f 4126/4126/3225 1442/1442/1170 4127/4127/3226
f 4129/4129/3228 1143/1143/927 4130/4130/3229
f 4131/4131/3230 4132/4132/3231 1145/1145/929
f 4131/4131/3230 1145/1145/929 1144/1144/928
f 4133/4133/3232 4134/4134/3233 1151/1151/935
f 4133/4133/3232 1151/1151/935 4135/4135/3234
f 4136/4136/3235 3538/3538/2792 4137/4137/3236
f 4133/4133/3232 4135/4135/3234 4138/4138/3237
f 4136/4136/3235 3539/3539/2793 3538/3538/2792
f 4136/4136/3235 4137/4137/3236 4139/4139/3238
f 4140/4140/3239 2432/2432/1949 4141/4141/3240
s 0
f 4142/4142/3241 4143/4143/3241 4144/4144/3241
s 1
f 4140/4140/3239 4141/4141/3240 2389/2389/1910
f 4140/4140/3239 2389/2389/1910 2388/2388/1909
f 4145/4145/3242 1021/1021/822 1023/1023/824
f 4145/4145/3242 4146/4146/3243 1021/1021/822
f 4145/4145/3242 2450/2450/1959 4147/4147/3244
f 4145/4145/3242 1023/1023/824 2450/2450/1959
s 0
f 4148/4148/3245 4149/4149/3245 4150/4150/3245
s 1
f 1168/1168/948 1171/1171/951 2463/2463/1968
f 2466/2466/1971 4151/4151/3246 2467/2467/1972
f 2466/2466/1971 3513/3513/2773 4151/4151/3246
f 2466/2466/1971 463/463/373 3514/3514/2774
f 2466/2466/1971 3514/3514/2774 3513/3513/2773
f 4152/4152/3247 4153/4153/3248 1344/1344/1096
s 0
f 4154/4154/3249 4155/4155/3249 4156/4156/3249
f 4157/4157/3250 4158/4158/3250 4159/4159/3250
s 1
f 663/663/527 668/668/532 2177/2177/1745
f 2075/2075/1659 2665/2665/2133 2664/2664/2132
s 0
f 4160/4160/3251 4161/4161/3251 4162/4162/3251
s 1
f 2075/2075/1659 2664/2664/2132 2076/2076/1660
f 3637/3637/2862 4163/4163/3252 1546/1546/1253
f 4164/4164/3253 683/683/547 681/681/545
f 3637/3637/2862 1546/1546/1253 3638/3638/2863
f 4164/4164/3253 681/681/545 4165/4165/3254
f 4166/4166/3255 4167/4167/3256 3085/3085/2456
f 4166/4166/3255 3085/3085/2456 3084/3084/2455
f 4166/4166/3255 4168/4168/3257 4167/4167/3256
f 1558/1558/1265 4169/4169/3258 1559/1559/1266
s 0
f 4170/4170/3259 4171/4171/3259 4172/4172/3259
f 4173/4173/3259 4174/4174/3259 4175/4175/3259
s 1
f 4176/4176/3260 4177/4177/3261 4178/4178/3261
f 2217/2217/1773 1667/1667/1360 1824/1824/1465
f 2342/2342/1871 2109/2109/1688 2104/2104/1683
f 2342/2342/1871 2104/2104/1683 2343/2343/1872
f 4179/4179/3262 561/561/449 562/562/450
f 4179/4179/3262 562/562/450 4180/4180/3263
f 4181/4181/3264 3916/3916/3074 4182/4182/3265
f 4183/4183/3266 1429/1429/1163 3160/3160/2515
f 4181/4181/3264 4184/4184/3267 3916/3916/3074
f 4183/4183/3266 3160/3160/2515 1281/1281/1041
f 4185/4185/3268 3126/3126/2489 3129/3129/2492
f 4186/4186/3269 4187/4187/3270 4188/4188/3271
s 0
f 4189/4189/3272 4190/4190/3272 4191/4191/3272
s 1
f 4186/4186/3269 4188/4188/3271 4192/4192/3273
s 0
f 4193/4193/3274 4194/4194/3274 4195/4195/3274
f 4196/4196/3275 4197/4197/3275 4198/4198/3275
s 1
f 3032/3032/2422 2548/2548/2032 2555/2555/2036
f 3032/3032/2422 4199/4199/3276 4200/4200/3277
f 3032/3032/2422 2555/2555/2036 4199/4199/3276
f 3032/3032/2422 4200/4200/3277 3033/3033/2423
s 0
f 4201/4201/3278 4202/4202/3278 4203/4203/3278
s 1
f 687/687/551 4204/4204/3279 688/688/552
s 0
f 4205/4205/3280 4206/4206/3280 4207/4207/3280
s 1
f 4208/4208/3281 4209/4209/3282 4210/4210/3283
f 4208/4208/3281 4210/4210/3283 4211/4211/3284
f 349/349/285 352/352/288 1322/1322/1074
s 0
f 4212/4212/3285 4213/4213/3285 4214/4214/3285
s 1
f 4215/4215/3286 4216/4216/3287 4217/4217/3288
f 4215/4215/3286 4217/4217/3288 3944/3944/3096
s 0
f 4218/4218/3289 4219/4219/3289 4220/4220/3289
f 4221/4221/3290 4222/4222/3290 4223/4223/3290
f 4224/4224/3291 4225/4225/3291 4226/4226/3291
s 1
f 2/2/2 5/5/5 4227/4227/3292
f 2/2/2 4227/4227/3292 4228/4228/3293
f 2/2/2 4228/4228/3293 2652/2652/2121
f 2658/2658/2127 1351/1351/1103 1350/1350/1102
f 2658/2658/2127 1350/1350/1102 3527/3527/2783
f 2658/2658/2127 4076/4076/3187 1351/1351/1103
f 3244/3244/2566 3243/3243/2566 4229/4229/3294
f 1542/1542/1249 1877/1877/1502 1543/1543/1250
f 3083/3083/2454 4230/4230/3295 1461/1461/1188
f 3083/3083/2454 3085/3085/2456 4231/4231/3296
f 4232/4232/3297 4233/4233/3298 4234/4234/3299
f 4232/4232/3297 4234/4234/3299 4235/4235/3300
f 4169/4169/3258 4236/4236/3301 2685/2685/2146
f 4169/4169/3258 2685/2685/2146 1559/1559/1266
f 4178/4178/3261 4177/4177/3261 4237/4237/3302
f 2339/2339/1868 1409/1409/1146 1408/1408/1145
f 2336/2336/1865 4238/4238/3303 1403/1403/1141
f 2339/2339/1868 4239/4239/3304 1409/1409/1146
f 2339/2339/1868 2338/2338/1867 4239/4239/3304
s 0
f 4240/4240/3305 4241/4241/3305 4242/4242/3305
f 4243/4243/3306 4244/4244/3306 4245/4245/3306
f 4246/4246/3307 4247/4247/3307 4248/4248/3307
s 1
f 878/878/688 885/885/695 4249/4249/3308
s 0
f 4250/4250/3309 4251/4251/3309 4252/4252/3309
s 1
f 4253/4253/3310 1480/1480/1201 4254/4254/3311
f 3312/3312/2621 4255/4255/3312 3313/3313/2622
f 4253/4253/3310 2400/2400/1919 1480/1480/1201
f 4253/4253/3310 4254/4254/3311 4256/4256/3313
f 2713/2713/2168 3683/3683/2898 2254/2254/1800
f 2713/2713/2168 3129/3129/2492 3683/3683/2898
f 2713/2713/2168 4257/4257/3314 3129/3129/2492
f 4258/4258/3315 2716/2716/2171 4188/4188/3271
s 0
f 4259/4259/3316 4260/4260/3316 4261/4261/3316
s 1
f 1620/1620/1313 1619/1619/1312 2262/2262/1806
s 0
f 4262/4262/3317 4263/4263/3317 4264/4264/3317
s 1
f 1620/1620/1313 2262/2262/1806 4265/4265/3318
f 146/146/108 4266/4266/3319 4267/4267/3320
f 154/154/116 3952/3952/3104 4268/4268/3321
f 154/154/116 150/150/112 3952/3952/3104
f 146/146/108 4267/4267/3320 147/147/109
f 4269/4269/3322 2272/2272/1816 2274/2274/1818
f 4270/4270/3323 4271/4271/3324 4272/4272/3325
f 4270/4270/3323 4273/4273/3326 4274/4274/3327
f 4270/4270/3323 4275/4275/3328 4273/4273/3326
f 4270/4270/3323 4274/4274/3327 4271/4271/3324
f 3785/3785/2969 174/174/134 173/173/133
f 3785/3785/2969 173/173/133 3959/3959/3109
f 4276/4276/3329 1651/1651/1344 1649/1649/1342
f 4277/4277/3330 4151/4151/3246 3513/3513/2773
f 4277/4277/3330 3513/3513/2773 3515/3515/2775
f 4276/4276/3329 3052/3052/2434 1651/1651/1344
f 4276/4276/3329 1649/1649/1342 4278/4278/3331
s 0
f 4279/4279/3332 4280/4280/3332 4281/4281/3332
f 4282/4282/3333 4283/4283/3333 4284/4284/3333
s 1
f 4285/4285/3334 2762/2762/2206 1811/1811/1454
s 0
f 4286/4286/3335 4287/4287/3335 4288/4288/3335
s 1
f 2766/2766/2210 2768/2768/2212 4289/4289/3336
f 2766/2766/2210 4289/4289/3336 4290/4290/3337
f 2766/2766/2210 4290/4290/3337 2767/2767/2211
f 3439/3439/2718 989/989/793 4291/4291/3338
f 3439/3439/2718 3441/3441/2720 4080/4080/3191
f 3439/3439/2718 4080/4080/3191 989/989/793
f 3439/3439/2718 4291/4291/3338 3440/3440/2719
f 4292/4292/3339 3389/3389/2684 516/516/408
f 4292/4292/3339 3390/3390/2685 3389/3389/2684
f 4292/4292/3339 516/516/408 4293/4293/3340
s 0
f 4294/4294/3341 4295/4295/3341 4296/4296/3341
s 1
f 4297/4297/3342 4298/4298/3343 2326/2326/1857
f 3717/3717/2925 3449/3449/2728 3718/3718/2926
f 4297/4297/3342 2326/2326/1857 2325/2325/1856
f 3717/3717/2925 4299/4299/3344 3449/3449/2728
f 247/247/197 249/249/199 1232/1232/1002
f 4300/4300/3345 4301/4301/3346 4302/4302/3347
f 4300/4300/3345 4303/4303/3348 3191/3191/2538
f 4300/4300/3345 3191/3191/2538 4301/4301/3346
f 4304/4304/3349 4305/4305/3350 4306/4306/3351
f 4307/4307/3352 4308/4308/3353 4309/4309/3354
f 4307/4307/3352 4310/4310/3355 4308/4308/3353
s 0
f 4311/4311/3356 4312/4312/3356 4313/4313/3356
s 1
f 4307/4307/3352 4309/4309/3354 1953/1953/1558
s 0
f 4314/4314/3357 4315/4315/3357 4316/4316/3357
s 1
f 1252/1252/1018 2814/2814/2246 2815/2815/2247
f 1252/1252/1018 1253/1253/1019 2814/2814/2246
f 1252/1252/1018 2815/2815/2247 1416/1416/1152
s 0
f 4317/4317/3358 4318/4318/3358 4319/4319/3358
f 4320/4320/3359 4321/4321/3359 4322/4322/3359
s 1
f 4323/4323/3360 1139/1139/923 1145/1145/929
f 4323/4323/3360 4324/4324/3361 1139/1139/923
f 4325/4325/3362 911/911/715 4326/4326/3363
f 4325/4325/3362 4327/4327/3364 911/911/715
s 0
f 4328/4328/3365 4329/4329/3365 4330/4330/3365
s 1
f 4323/4323/3360 1145/1145/929 4132/4132/3231
s 0
f 4331/4331/3366 4332/4332/3366 4333/4333/3366
s 1
f 4334/4334/3367 4335/4335/3368 4336/4336/3369
s 0
f 4337/4337/3370 4338/4338/3370 4339/4339/3370
s 1
f 4334/4334/3367 4336/4336/3369 4340/4340/3371
s 0
f 4341/4341/3372 4342/4342/3372 4343/4343/3372
s 1
f 4334/4334/3367 4344/4344/3373 4335/4335/3368
s 0
f 4345/4345/3374 4346/4346/3374 4347/4347/3374
s 1
f 4348/4348/3375 4349/4349/3375 4350/4350/3375
f 1479/1479/1200 4351/4351/3376 1912/1912/1527
f 1479/1479/1200 2504/2504/2002 4351/4351/3376
f 4352/4352/3377 4353/4353/3378 1488/1488/1209
f 4352/4352/3377 1485/1485/1206 4354/4354/3379
s 0
f 4355/4355/3380 4356/4356/3380 4357/4357/3380
s 1
f 4352/4352/3377 1488/1488/1209 1485/1485/1206
f 2468/2468/1973 2467/2467/1972 4358/4358/3381
f 2280/2280/1824 2294/2294/1830 4359/4359/3382
f 4360/4360/3383 3430/3430/2709 2868/2868/2294
f 4360/4360/3383 2868/2868/2294 1940/1940/1549
f 4360/4360/3383 1940/1940/1549 4361/4361/3384
s 0
f 4362/4362/3385 4363/4363/3385 4364/4364/3385
s 1
f 4365/4365/3386 3997/3997/3140 4366/4366/3387
f 4367/4367/3388 1819/1819/1460 4368/4368/3389
f 4365/4365/3386 4366/4366/3387 4369/4369/3390
f 4365/4365/3386 4369/4369/3390 4370/4370/3391
f 4365/4365/3386 3998/3998/3141 3997/3997/3140
f 4365/4365/3386 4371/4371/3392 3998/3998/3141
f 1566/1566/1273 1565/1565/1272 1825/1825/1466
f 1566/1566/1273 4372/4372/3393 4373/4373/3394
f 1566/1566/1273 1825/1825/1466 4372/4372/3393
f 1566/1566/1273 4373/4373/3394 1567/1567/1274
f 4374/4374/3395 1831/1831/1472 4375/4375/3396
f 413/413/337 415/415/339 3234/3234/2559
f 413/413/337 3234/3234/2559 4376/4376/3397
f 4374/4374/3395 1449/1449/1177 1831/1831/1472
f 763/763/607 435/435/351 764/764/608
f 763/763/607 3771/3771/2963 2439/2439/1952
f 763/763/607 2439/2439/1952 435/435/351
f 763/763/607 762/762/606 3771/3771/2963
f 3370/3370/2667 3369/3369/2666 2736/2736/2186
s 0
f 4377/4377/3398 4378/4378/3398 4379/4379/3398
s 1
f 448/448/364 2916/2916/2332 449/449/365
f 4102/4102/3211 4380/4380/3399 4103/4103/3212
f 1984/1984/1588 4381/4381/3400 4382/4382/3401
f 1984/1984/1588 4382/4382/3401 1985/1985/1589
f 1984/1984/1588 3377/3377/2672 4381/4381/3400
f 1984/1984/1588 1987/1987/1591 3377/3377/2672
f 4383/4383/3402 2479/2479/1983 2475/2475/1980
f 2850/2850/2276 2849/2849/2275 4384/4384/3403
s 0
f 4385/4385/3404 4386/4386/3404 4387/4387/3404
s 1
f 976/976/780 4388/4388/3405 977/977/781
s 0
f 4389/4389/3406 4390/4390/3406 4391/4391/3406
f 4392/4392/3407 4393/4393/3407 4394/4394/3407
f 4395/4395/3408 4396/4396/3408 4397/4397/3408
s 1
f 4398/4398/3409 4399/4399/3410 4400/4400/3411
s 0
f 4401/4401/3412 4402/4402/3412 4403/4403/3412
s 1
f 4398/4398/3409 4400/4400/3411 4404/4404/3413
f 2496/2496/1994 2498/2498/1996 4405/4405/3414
f 2496/2496/1994 4406/4406/3415 923/923/727
f 4407/4407/3416 4408/4408/3417 4409/4409/3418
f 4407/4407/3416 4409/4409/3418 2843/2843/2271
s 0
f 4410/4410/3419 4411/4411/3419 4412/4412/3419
s 1
f 4413/4413/3420 4095/4095/3204 4414/4414/3421
f 4413/4413/3420 4414/4414/3421 4415/4415/3422
f 4413/4413/3420 4416/4416/3423 4097/4097/3206
f 4413/4413/3420 4097/4097/3206 4096/4096/3205
f 4413/4413/3420 4415/4415/3422 4417/4417/3424
f 4413/4413/3420 4417/4417/3424 4416/4416/3423
f 4413/4413/3420 4096/4096/3205 4095/4095/3204
f 1484/1484/1205 4418/4418/3425 4354/4354/3379
f 1484/1484/1205 1486/1486/1207 1980/1980/1584
s 0
f 4419/4419/3426 4420/4420/3426 4421/4421/3426
s 1
f 1484/1484/1205 4354/4354/3379 1485/1485/1206
f 4422/4422/3427 550/550/438 549/549/437
f 4423/4423/3428 1105/1105/896 4249/4249/3308
f 4423/4423/3428 4249/4249/3308 4424/4424/3429
f 4422/4422/3427 549/549/437 4110/4110/3219
f 4423/4423/3428 1106/1106/897 1105/1105/896
f 1258/1258/1024 4425/4425/3430 2052/2052/1642
f 4426/4426/3431 3272/3272/2591 3947/3947/3099
f 4427/4427/3432 4428/4428/3433 4429/4429/3434
f 4426/4426/3431 4430/4430/3435 3272/3272/2591
f 4426/4426/3431 4431/4431/3436 4430/4430/3435
f 4427/4427/3432 4432/4432/3437 4428/4428/3433
f 4426/4426/3431 4433/4433/3438 4431/4431/3436
s 0
f 4434/4434/3439 4435/4435/3439 4436/4436/3439
s 1
f 1663/1663/1356 4437/4437/3440 1664/1664/1357
f 1670/1670/1363 1669/1669/1362 4438/4438/3441
f 1663/1663/1356 4439/4439/3442 4437/4437/3440
f 4012/4012/3149 4440/4440/3443 4013/4013/3150
f 4441/4441/3444 4442/4442/3445 4443/4443/3446
f 4441/4441/3444 4444/4444/3447 4442/4442/3445
f 4441/4441/3444 4445/4445/3448 4444/4444/3447
f 4441/4441/3444 4443/4443/3446 3856/3856/3029
f 4446/4446/3449 934/934/738 933/933/737
f 4446/4446/3449 4447/4447/3450 934/934/738
f 2090/2090/1674 4016/4016/3153 4448/4448/3451
f 2090/2090/1674 2092/2092/1676 4016/4016/3153
f 3366/3366/2663 1977/1977/1581 3367/3367/2664
f 4449/4449/3452 4450/4450/3453 4451/4451/3454
f 4449/4449/3452 4451/4451/3454 4452/4452/3455
f 4453/4453/3456 4454/4454/3456 4455/4455/3456
f 4449/4449/3452 4452/4452/3455 4456/4456/3457
s 0
f 4457/4457/3458 4458/4458/3458 4459/4459/3458
f 4460/4460/3459 4461/4461/3459 4462/4462/3459
s 1
f 4463/4463/3460 1718/1718/1389 1574/1574/1279
f 4463/4463/3460 1574/1574/1279 1579/1579/1284
f 4463/4463/3460 1719/1719/1390 1718/1718/1389
f 2967/2967/2375 3696/3696/2910 2596/2596/2071
f 2967/2967/2375 3310/3310/2619 3696/3696/2910
f 4464/4464/3461 4465/4465/3462 4466/4466/3463
f 4464/4464/3461 4466/4466/3463 4467/4467/3464
f 819/819/647 2602/2602/2075 4468/4468/3465
f 2604/2604/2077 4469/4469/3466 218/218/168
f 4470/4470/3467 3584/3584/2821 4471/4471/3468
f 4470/4470/3467 3585/3585/2822 3584/3584/2821
f 2604/2604/2077 2606/2606/2079 4472/4472/3469
f 3318/3318/2627 2009/2009/1609 2010/2010/1610
f 4473/4473/3470 4474/4474/3471 4475/4475/3472
f 4473/4473/3470 4475/4475/3472 2617/2617/2090
f 4473/4473/3470 4476/4476/3473 4474/4474/3471
s 0
f 4477/4477/3474 4478/4478/3474 4479/4479/3474
s 1
f 4480/4480/3475 3328/3328/2637 4481/4481/3476
f 4482/4482/3477 4483/4483/3478 1422/1422/1158
f 4482/4482/3477 1422/1422/1158 1419/1419/1155
s 0
f 4484/4484/3479 4485/4485/3479 4486/4486/3479
s 1
f 4487/4487/3480 1477/1477/1198 4488/4488/3481
f 4487/4487/3480 4489/4489/3482 4254/4254/3311
f 4487/4487/3480 4254/4254/3311 1477/1477/1198
f 3332/3332/2641 4490/4490/3483 3333/3333/2642
f 1035/1035/834 3264/3264/2584 3263/3263/2583
f 1035/1035/834 3263/3263/2583 4491/4491/3484
f 1035/1035/834 4491/4491/3484 1036/1036/835
f 1035/1035/834 1038/1038/837 3264/3264/2584
f 4492/4492/3485 4493/4493/3486 4494/4494/3487
f 4495/4495/3488 4496/4496/3489 4497/4497/3490
f 4498/4498/3491 3272/3272/2591 4430/4430/3435
f 4498/4498/3491 4430/4430/3435 4499/4499/3492
f 4498/4498/3491 4500/4500/3493 3272/3272/2591
f 2422/2422/1939 3163/3163/2518 2423/2423/1940
f 2422/2422/1939 2425/2425/1942 3162/3162/2517
s 0
f 4501/4501/3494 4502/4502/3494 4503/4503/3494
s 1
f 1073/1073/866 1077/1077/870 2312/2312/1847
f 3812/3812/2992 4504/4504/3495 3813/3813/2993
f 4505/4505/3496 4506/4506/3497 4507/4507/3498
f 4505/4505/3496 4508/4508/3499 4506/4506/3497
f 4098/4098/3207 4416/4416/3423 4509/4509/3500
f 4098/4098/3207 4097/4097/3206 4416/4416/3423
f 4089/4089/3198 3823/3823/3003 3822/3822/3002
f 4510/4510/3501 1982/1982/1586 4511/4511/3502
f 3837/3837/3012 4512/4512/3503 1493/1493/1214
f 3837/3837/3012 3836/3836/3011 4512/4512/3503
f 4513/4513/3504 1495/1495/1216 4514/4514/3505
f 3834/3834/1771 4515/4515/3506 1876/1876/1501
f 4516/4516/3507 3381/3381/2676 4517/4517/3508
s 0
f 4518/4518/3509 4519/4519/3509 4520/4520/3509
s 1
f 4521/4521/3510 4522/4522/3511 3379/3379/2674
s 0
f 4523/4523/3512 4524/4524/3512 4525/4525/3512
f 4526/4526/3513 4527/4527/3513 4528/4528/3513
s 1
f 4529/4529/3514 978/978/782 1313/1313/1065
f 483/483/386 4530/4530/3515 484/484/387
f 4529/4529/3514 979/979/783 978/978/782
f 493/493/391 492/492/391 4531/4531/3516
f 2003/2003/1603 3227/3227/2556 3842/3842/3015
f 2946/2946/2358 4532/4532/3517 2722/2722/2177
f 2946/2946/2358 4533/4533/3518 4532/4532/3517
f 1014/1014/815 1387/1387/1127 1015/1015/816
f 1014/1014/815 1019/1019/820 1385/1385/1125
f 1021/1021/822 4146/4146/3243 4534/4534/3519
f 1021/1021/822 4534/4534/3519 1022/1022/823
f 4535/4535/3520 3658/3658/2879 4536/4536/3521
f 4537/4537/3522 4538/4538/3523 4539/4539/3524
f 4537/4537/3522 4540/4540/3525 4538/4538/3523
f 4535/4535/3520 4536/4536/3521 4541/4541/3526
f 1037/1037/836 2046/2046/1638 2045/2045/1637
f 1037/1037/836 2045/2045/1637 1038/1038/837
f 4542/4542/3527 4543/4543/3528 4496/4496/3489
s 0
f 4544/4544/3529 4545/4545/3529 4546/4546/3529
f 4547/4547/3530 4548/4548/3530 4549/4549/3530
s 1
f 4512/4512/3503 1494/1494/1215 1493/1493/1214
f 2371/2371/1892 2373/2373/1894 4550/4550/3531
f 2371/2371/1892 4550/4550/3531 4551/4551/3532
f 2371/2371/1892 4551/4551/3532 1817/1817/1458
f 2371/2371/1892 1817/1817/1458 2372/2372/1893
f 2076/2076/1660 583/583/461 585/585/463
f 2076/2076/1660 2664/2664/2132 672/672/536
f 2076/2076/1660 672/672/536 583/583/461
f 2082/2082/1666 2085/2085/1669 4552/4552/3533
f 2082/2082/1666 4552/4552/3533 3949/3949/3101
f 770/770/612 3900/3900/3062 4553/4553/3534
f 4554/4554/3535 779/779/619 1142/1142/926
f 770/770/612 4553/4553/3534 771/771/613
f 2574/2574/2055 2577/2577/2058 4555/4555/3536
f 1718/1718/1389 1076/1076/869 1574/1574/1279
f 1718/1718/1389 637/637/509 1076/1076/869
s 0
f 4556/4556/3537 4557/4557/3537 4558/4558/3537
s 1
f 2300/2300/1835 2299/2299/1834 810/810/642
f 4559/4559/3538 4560/4560/3539 4561/4561/3540
f 4562/4562/3541 4563/4563/3542 669/669/533
f 4562/4562/3541 669/669/533 4564/4564/3543
f 4165/4165/3254 4565/4565/3544 4566/4566/3545
f 4165/4165/3254 2612/2612/2085 4565/4565/3544
f 4163/4163/3252 1547/1547/1254 1546/1546/1253
f 4165/4165/3254 681/681/545 3134/3134/2497
f 4165/4165/3254 3134/3134/2497 2612/2612/2085
f 4567/4567/3546 2620/2620/2093 2623/2623/2096
f 4567/4567/3546 3138/3138/2501 4568/4568/3547
f 4567/4567/3546 1297/1297/1055 2620/2620/2093
f 4567/4567/3546 4569/4569/3548 1297/1297/1055
f 4567/4567/3546 4568/4568/3547 4569/4569/3548
f 4567/4567/3546 2623/2623/2096 3138/3138/2501
f 2626/2626/2099 4570/4570/3549 4571/4571/3550
f 2626/2626/2099 4571/4571/3550 2627/2627/2100
f 2626/2626/2099 2625/2625/2098 4570/4570/3549
f 3987/3987/3130 3257/3257/2577 3261/3261/2581
f 3987/3987/3130 3934/3934/3092 3932/3932/3090
f 3987/3987/3130 3932/3932/3090 3257/3257/2577
f 3987/3987/3130 3261/3261/2581 3988/3988/3131
f 4572/4572/3551 3993/3993/3136 4573/4573/3552
f 2518/2518/2012 4574/4574/3553 2519/2519/2013
f 2518/2518/2012 4575/4575/3554 4576/4576/3555
f 2518/2518/2012 4576/4576/3555 4574/4574/3553
s 0
f 4577/4577/3556 4578/4578/3556 4579/4579/3556
s 1
f 4/4/4 4580/4580/3557 5/5/5
f 2036/2036/1632 4581/4581/3558 2037/2037/1633
s 0
f 4582/4582/3559 4583/4583/3559 4584/4584/3559
s 1
f 1193/1193/971 4585/4585/3560 4586/4586/3561
f 1193/1193/971 4586/4586/3561 1194/1194/972
f 1193/1193/971 1195/1195/973 4587/4587/3562
f 4588/4588/3563 4471/4471/3468 3584/3584/2821
f 23/23/21 29/29/25 4589/4589/3564
f 3926/3926/3084 48/48/34 3927/3927/3085
f 4167/4167/3256 4231/4231/3296 3085/3085/2456
f 4167/4167/3256 4168/4168/3257 4590/4590/3565
f 1229/1229/999 249/249/199 252/252/202
f 1229/1229/999 1232/1232/1002 249/249/199
s 0
f 4591/4591/3566 4592/4592/3566 4593/4593/3566
f 4594/4594/3567 4595/4595/3567 4596/4596/3567
f 4597/4597/3568 4598/4598/3568 4599/4599/3568
s 1
f 4600/4600/3569 1253/1253/1019 1251/1251/1017
f 3475/3475/2746 4601/4601/3570 3476/3476/2746
f 4600/4600/3569 4602/4602/3571 1253/1253/1019
f 3012/3012/2408 4603/4603/3572 4604/4604/3573
f 4605/4605/3574 4606/4606/3574 4607/4607/3574
f 3012/3012/2408 1017/1017/818 1012/1012/813
f 3012/3012/2408 4608/4608/3575 4603/4603/3572
f 3012/3012/2408 4604/4604/3573 1017/1017/818
s 0
f 4609/4609/3576 4610/4610/3576 4611/4611/3576
f 4612/4612/3577 4613/4613/3577 4614/4614/3577
s 1
f 2246/2246/1794 2245/2245/1793 4615/4615/3578
s 0
f 4616/4616/3579 4617/4617/3579 4618/4618/3579
s 1
f 2246/2246/1794 4615/4615/3578 4619/4619/3580
f 2715/2715/2170 4620/4620/3581 2716/2716/2171
f 2715/2715/2170 3029/3029/2419 4620/4620/3581
f 4265/4265/3318 2261/2261/1805 1290/1290/1048
f 4265/4265/3318 2262/2262/1806 2261/2261/1805
s 0
f 4621/4621/3582 4622/4622/3582 4623/4623/3582
s 1
f 4624/4624/3583 4625/4625/3584 4626/4626/3585
s 0
f 4627/4627/3586 4628/4628/3586 4629/4629/3586
f 4630/4630/3587 4631/4631/3587 4632/4632/3587
s 1
f 3954/3954/3106 161/161/123 3046/3046/2430
f 3954/3954/3106 3291/3291/2608 161/161/123
f 3954/3954/3106 2733/2733/2183 4633/4633/3588
f 3954/3954/3106 4633/4633/3588 3291/3291/2608
f 3292/3292/2609 3293/3293/2610 4634/4634/3589
f 3292/3292/2609 627/627/501 3198/3198/2545
f 3292/3292/2609 4635/4635/3590 627/627/501
f 3292/3292/2609 4634/4634/3589 4635/4635/3590
f 4636/4636/3591 4637/4637/3592 4638/4638/3593
f 4636/4636/3591 4638/4638/3593 4639/4639/3594
f 3692/3692/2906 4640/4640/3595 799/799/633
f 2761/2761/2205 969/969/773 973/973/777
f 2761/2761/2205 973/973/777 1809/1809/1452
f 2761/2761/2205 1809/1809/1452 2762/2762/2206
f 2761/2761/2205 652/652/518 969/969/773
f 3386/3386/2681 4641/4641/3596 4642/4642/3597
s 0
f 4643/4643/3598 4644/4644/3598 4645/4645/3598
s 1
f 3386/3386/2681 3385/3385/2680 4641/4641/3596
s 0
f 4646/4646/3599 4647/4647/3599 4648/4648/3599
s 1
f 3387/3387/2682 4649/4649/3600 2979/2979/2383
s 0
f 4650/4650/3601 4651/4651/3601 4652/4652/3601
s 1
f 1892/1892/1513 4653/4653/3602 1893/1893/1514
f 2892/2892/2312 2580/2580/2061 2579/2579/2060
s 0
f 4654/4654/3603 4655/4655/3603 4656/4656/3603
s 1
f 2782/2782/2224 2784/2784/2226 3454/3454/2733
s 0
f 4657/4657/3604 4658/4658/3604 4659/4659/3604
s 1
f 2782/2782/2224 3454/3454/2733 4086/4086/3195
s 0
f 4660/4660/3605 4661/4661/3605 4662/4662/3605
f 4663/4663/3606 4664/4664/3606 4665/4665/3606
s 1
f 2799/2799/2237 2798/2798/2236 4666/4666/3607
s 0
f 4667/4667/3608 4668/4668/3608 4669/4669/3608
s 1
f 954/954/758 4023/4023/3158 4027/4027/3162
f 954/954/758 1864/1864/1491 4023/4023/3158
s 0
f 4670/4670/3609 4671/4671/3609 4672/4672/3609
s 1
f 1111/1111/902 1110/1110/901 4673/4673/3610
s 0
f 4674/4674/3611 4675/4675/3611 4676/4676/3611
f 4677/4677/3612 4678/4678/3612 4679/4679/3612
f 4680/4680/3613 4681/4681/3613 4682/4682/3613
s 1
f 2932/2932/2344 4551/4551/3532 3755/3755/2947
f 2932/2932/2344 3755/3755/2947 2933/2933/2345
f 2932/2932/2344 2934/2934/2346 4683/4683/3614
f 2932/2932/2344 4683/4683/3614 4551/4551/3532
f 299/299/247 4684/4684/3615 128/128/92
f 299/299/247 128/128/92 130/130/94
f 299/299/247 2837/2837/2265 4684/4684/3615
f 4685/4685/3616 4686/4686/3617 4687/4687/3618
s 0
f 4688/4688/3619 4689/4689/3619 4690/4690/3619
s 1
f 4691/4691/3620 4692/4692/3621 4344/4344/3373
s 0
f 4693/4693/3622 4694/4694/3622 4695/4695/3622
s 1
f 4685/4685/3616 4687/4687/3618 4696/4696/3623
s 0
f 4697/4697/3624 4698/4698/3624 4699/4699/3624
s 1
f 4700/4700/3625 2951/2951/2363 4701/4701/3626
f 4700/4700/3625 3770/3770/2962 2951/2951/2363
f 4700/4700/3625 4701/4701/3626 2390/2390/1911
f 4700/4700/3625 4141/4141/3240 3770/3770/2962
f 4700/4700/3625 2390/2390/1911 2389/2389/1910
f 4700/4700/3625 2389/2389/1910 4141/4141/3240
f 2958/2958/2368 339/339/275 4702/4702/3627
s 0
f 4703/4703/3628 4704/4704/3628 4705/4705/3628
f 4706/4706/3629 4707/4707/3629 4708/4708/3629
s 1
f 2958/2958/2368 340/340/276 339/339/275
f 1918/1918/1533 4709/4709/3630 1919/1919/1534
f 2862/2862/2288 2865/2865/2291 3788/3788/2972
f 2862/2862/2288 3790/3790/2974 2863/2863/2289
f 3430/3430/2709 2869/2869/2295 2868/2868/2294
f 4710/4710/3631 4641/4641/3596 3385/3385/2680
f 4710/4710/3631 4711/4711/3632 4641/4641/3596
f 4710/4710/3631 4712/4712/3633 4713/4713/3634
f 4714/4714/3635 1060/1060/859 1348/1348/1100
f 4710/4710/3631 3385/3385/2680 211/211/161
f 4710/4710/3631 211/211/161 4712/4712/3633
f 4715/4715/3636 4555/4555/3536 4716/4716/3637
s 0
f 4717/4717/3638 4718/4718/3638 4719/4719/3638
s 1
f 4715/4715/3636 3442/3442/2721 4720/4720/3639
f 4715/4715/3636 4716/4716/3637 3442/3442/2721
s 0
f 4721/4721/3640 4722/4722/3640 4723/4723/3640
s 1
f 4724/4724/3641 1077/1077/870 1079/1079/872
f 4724/4724/3641 4725/4725/3642 2313/2313/1848
s 0
f 4726/4726/3643 4727/4727/3643 4728/4728/3643
s 1
f 4724/4724/3641 2313/2313/1848 1077/1077/870
s 0
f 4729/4729/3644 4730/4730/3644 4731/4731/3644
s 1
f 1083/1083/876 1085/1085/878 4732/4732/3645
f 1083/1083/876 4732/4732/3645 1775/1775/1428
f 2998/2998/2395 2999/2999/2396 4733/4733/3646
f 2998/2998/2395 4733/4733/3646 4734/4734/3647
f 4735/4735/3648 3195/3195/2542 3194/3194/2541
f 2911/2911/2327 2031/2031/1627 2912/2912/2328
s 0
f 4736/4736/3649 4737/4737/3649 4738/4738/3649
f 4739/4739/3650 4740/4740/3650 4741/4741/3650
s 1
f 2911/2911/2327 2032/2032/1628 2031/2031/1627
f 4742/4742/3651 2648/2648/2117 2646/2646/2115
s 0
f 4743/4743/3652 4744/4744/3652 4745/4745/3652
s 1
f 4742/4742/3651 2646/2646/2115 3861/3861/3034
s 0
f 4746/4746/3653 4747/4747/3653 4748/4748/3653
s 1
f 1116/1116/905 4749/4749/3654 4750/4750/3655
f 1123/1123/910 1122/1122/909 282/282/232
f 1116/1116/905 4750/4750/3655 1117/1117/906
f 1123/1123/910 282/282/232 2930/2930/2342
s 0
f 4751/4751/3656 4752/4752/3656 4753/4753/3656
s 1
f 4754/4754/3657 292/292/242 293/293/243
f 4755/4755/3658 291/291/241 3068/3068/2443
s 0
f 4756/4756/3659 4757/4757/3659 4758/4758/3659
f 4759/4759/3660 4760/4760/3660 4761/4761/3660
s 1
f 1139/1139/923 4762/4762/3661 1140/1140/924
f 2841/2841/2269 2843/2843/2271 4409/4409/3418
f 2841/2841/2269 4763/4763/3662 4764/4764/3663
f 2841/2841/2269 4409/4409/3418 4763/4763/3662
f 2841/2841/2269 4764/4764/3663 2842/2842/2270
s 0
f 4765/4765/3664 4766/4766/3664 4767/4767/3664
s 1
f 4768/4768/3665 4769/4769/3666 3953/3953/3105
f 4768/4768/3665 150/150/112 149/149/111
f 4768/4768/3665 3953/3953/3105 150/150/112
f 162/162/124 161/161/123 3291/3291/2608
f 1486/1486/1207 784/784/622 787/787/625
f 363/363/297 4770/4770/3667 4771/4771/3668
f 369/369/303 368/368/302 4772/4772/3669
f 363/363/297 4771/4771/3668 364/364/298
f 2298/2298/1833 2115/2115/1694 2299/2299/1834
s 0
f 4773/4773/3670 4774/4774/3670 4775/4775/3670
f 4776/4776/3671 4777/4777/3671 4778/4778/3671
s 1
f 3915/3915/3073 4779/4779/3672 3916/3916/3074
s 0
f 4780/4780/3673 4781/4781/3673 4782/4782/3673
s 1
f 4783/4783/3674 4784/4784/3675 3529/3529/2785
f 4783/4783/3674 4785/4785/3676 4786/4786/3677
f 4783/4783/3674 4787/4787/3678 4784/4784/3675
f 4783/4783/3674 3529/3529/2785 4785/4785/3676
f 3927/3927/3085 48/48/34 47/47/33
f 3927/3927/3085 2668/2668/2136 3928/3928/3086
f 3927/3927/3085 47/47/33 2668/2668/2136
f 3532/3532/2788 2564/2564/2045 3533/3533/2789
f 242/242/192 240/240/190 4788/4788/3679
f 1560/1560/1267 2329/2329/1860 2798/2798/2236
f 1560/1560/1267 2330/2330/1861 2329/2329/1860
f 1560/1560/1267 2798/2798/2236 1561/1561/1268
f 1560/1560/1267 1559/1559/1266 2330/2330/1861
f 3002/3002/2399 2690/2690/2149 2161/2161/1734
f 3002/3002/2399 4789/4789/3680 4790/4790/3681
f 3002/3002/2399 2161/2161/1734 4789/4789/3680
f 401/401/327 4791/4791/3682 402/402/328
f 1574/1574/1279 1076/1076/869 1575/1575/1280
f 4792/4792/3683 2704/2704/2161 4793/4793/3684
f 4794/4794/3685 4795/4795/3686 4796/4796/3687
f 3863/3863/3036 4797/4797/3688 4798/4798/3689
f 4794/4794/3685 4796/4796/3687 4799/4799/3690
f 3863/3863/3036 4798/4798/3689 3864/3864/3037
f 141/141/105 134/134/98 4800/4800/3691
f 4801/4801/3692 1740/1740/1403 1745/1745/1406
f 339/339/275 344/344/280 4802/4802/3693
f 4507/4507/3498 4506/4506/3497 4803/4803/3694
f 4504/4504/3495 4804/4804/3695 3813/3813/2993
f 4507/4507/3498 4803/4803/3694 4139/4139/3238
f 4507/4507/3498 4139/4139/3238 4805/4805/3696
s 0
f 4806/4806/3697 4807/4807/3697 4808/4808/3697
s 1
f 185/185/141 2226/2226/1778 186/186/142
f 185/185/141 188/188/144 2226/2226/1778
s 0
f 4809/4809/3698 4810/4810/3698 4811/4811/3698
s 1
f 4812/4812/3699 4813/4813/3700 733/733/587
f 4812/4812/3699 2071/2071/1655 2537/2537/2025
f 4812/4812/3699 733/733/587 2071/2071/1655
f 599/599/473 4814/4814/3701 269/269/219
f 599/599/473 600/600/474 4815/4815/3702
f 599/599/473 4815/4815/3702 4814/4814/3701
s 0
f 4816/4816/3703 4817/4817/3703 4818/4818/3703
s 1
f 4235/4235/3300 4234/4234/3299 4819/4819/3704
f 616/616/490 4820/4820/3705 617/617/491
f 616/616/490 615/615/489 3687/3687/2901
f 616/616/490 3687/3687/2901 4821/4821/3706
f 616/616/490 4821/4821/3706 4820/4820/3705
s 0
f 4822/4822/3707 4823/4823/3707 4824/4824/3707
s 1
f 3196/3196/2543 353/353/289 3197/3197/2544
f 3512/3512/2772 462/462/372 465/465/375
f 4825/4825/3708 4826/4826/3709 4827/4827/3710
f 4828/4828/3711 4829/4829/3711 4830/4830/3711
f 3512/3512/2772 465/465/375 958/958/762
f 4825/4825/3708 4831/4831/3712 4826/4826/3709
f 4832/4832/3713 4833/4833/3714 4834/4834/3715
s 0
f 4835/4835/3716 4836/4836/3716 4837/4837/3716
s 1
f 4832/4832/3713 4838/4838/3717 4833/4833/3714
f 4832/4832/3713 4834/4834/3715 4839/4839/3718
f 1740/1740/1403 4840/4840/3719 1741/1741/1404
f 1740/1740/1403 4841/4841/3720 4840/4840/3719
f 4842/4842/3721 1612/1612/1307 4784/4784/3675
f 3314/3314/2623 4843/4843/3722 3315/3315/2624
f 3314/3314/2623 3316/3316/2625 4844/4844/3723
f 4842/4842/3721 4845/4845/3724 1612/1612/1307
f 4846/4846/3725 4847/4847/3726 4848/4848/3727
f 4846/4846/3725 3131/3131/2494 4847/4847/3726
f 4846/4846/3725 3319/3319/2628 3132/3132/2495
f 4846/4846/3725 4848/4848/3727 3848/3848/3021
f 4846/4846/3725 3848/3848/3021 3319/3319/2628
f 4846/4846/3725 3132/3132/2495 3131/3131/2494
f 4266/4266/3319 4849/4849/3728 4267/4267/3320
f 4268/4268/3321 3951/3951/3103 4850/4850/3729
f 4268/4268/3321 3952/3952/3104 3951/3951/3103
f 4266/4266/3319 4851/4851/3730 4849/4849/3728
s 0
f 4852/4852/3731 4853/4853/3731 4854/4854/3731
s 1
f 2203/2203/1763 4855/4855/3732 2204/2204/1764
f 1409/1409/1146 4239/4239/3304 4856/4856/3733
f 1405/1405/1143 4857/4857/3734 1406/1406/1143
f 1937/1937/1546 4858/4858/3735 4859/4859/3736
f 1937/1937/1546 4860/4860/3737 373/373/307
f 1942/1942/1551 196/196/150 195/195/149
f 1937/1937/1546 4859/4859/3736 4860/4860/3737
f 404/404/330 2380/2380/1901 405/405/331
f 404/404/330 407/407/333 2378/2378/1899
f 1830/1830/1471 4375/4375/3396 1831/1831/1472
f 4861/4861/3738 3466/3466/2739 3465/3465/2738
f 4861/4861/3738 4733/4733/3646 3466/3466/2739
f 3192/3192/2539 4862/4862/3739 3193/3193/2540
f 4861/4861/3738 4734/4734/3647 4733/4733/3646
f 4863/4863/3740 4864/4864/3741 4103/4103/3212
f 4863/4863/3740 4103/4103/3212 4380/4380/3399
f 462/462/372 3514/3514/2774 463/463/373
f 4833/4833/3714 3792/3792/2976 4834/4834/3715
f 4833/4833/3714 4865/4865/3742 3793/3793/2977
f 4833/4833/3714 3793/3793/2977 3792/3792/2976
f 4833/4833/3714 4838/4838/3717 4865/4865/3742
f 4866/4866/3743 4867/4867/3743 4868/4868/3743
s 0
f 4869/4869/3744 4870/4870/3744 4871/4871/3744
f 4872/4872/3745 4873/4873/3745 4874/4874/3745
s 1
f 4875/4875/3746 2486/2486/1988 2138/2138/1711
f 3703/3703/2915 2136/2136/1709 2133/2133/1706
f 3444/3444/2723 4876/4876/3747 2775/2775/2219
f 3444/3444/2723 3235/3235/2560 3445/3445/2724
f 3444/3444/2723 2775/2775/2219 3235/3235/2560
f 3444/3444/2723 3446/3446/2725 4876/4876/3747
f 3640/3640/2865 3641/3641/2866 4877/4877/3748
f 108/108/78 99/99/73 523/523/415
f 2152/2152/1725 536/536/426 533/533/423
f 4878/4878/3749 3408/3408/2697 3413/3413/2700
f 2152/2152/1725 4879/4879/3750 536/536/426
f 4878/4878/3749 4880/4880/3751 3408/3408/2697
f 3855/3855/3028 3856/3856/3029 4443/4443/3446
f 4881/4881/3752 4882/4882/3753 3933/3933/3091
f 4881/4881/3752 3933/3933/3091 714/714/568
f 4883/4883/3754 1921/1921/1536 1920/1920/1535
f 1928/1928/1541 1932/1932/1543 4884/4884/3755
f 1928/1928/1541 4884/4884/3755 3263/3263/2583
f 3628/3628/2855 2652/2652/2121 4228/4228/3293
s 0
f 4885/4885/3756 4886/4886/3756 4887/4887/3756
s 1
f 3628/3628/2855 4228/4228/3293 4888/4888/3757
s 0
f 4889/4889/3758 4890/4890/3758 4891/4891/3758
s 1
f 1347/1347/1099 1351/1351/1103 2871/2871/2297
f 1347/1347/1099 2874/2874/2300 1348/1348/1100
s 0
f 4892/4892/3759 4893/4893/3759 4894/4894/3759
s 1
f 4895/4895/3760 4896/4896/3760 4897/4897/3760
f 4898/4898/3761 2106/2106/1685 4899/4899/3762
f 1956/1956/1561 4900/4900/3763 1957/1957/1562
f 4898/4898/3761 4899/4899/3762 4901/4901/3764
f 4898/4898/3761 2107/2107/1686 2106/2106/1685
f 4902/4902/3765 1015/1015/816 3452/3452/2731
f 4903/4903/3766 526/526/418 522/522/414
f 4902/4902/3765 3452/3452/2731 4904/4904/3767
f 4902/4902/3765 1016/1016/817 1015/1015/816
f 90/90/64 4107/4107/3216 3155/3155/2510
s 0
f 4905/4905/3768 4906/4906/3768 4907/4907/3768
s 1
f 2360/2360/1883 4908/4908/3769 2361/2361/1884
f 1610/1610/1305 2933/2933/2345 3755/3755/2947
f 2940/2940/2352 4909/4909/378 3757/3757/2949
f 4910/4910/3770 4127/4127/3226 1442/1442/1170
f 4910/4910/3770 1442/1442/1170 1441/1441/1169
f 4911/4911/3771 4912/4912/3772 4913/4913/3773
f 4914/4914/3774 4915/4915/3775 1152/1152/936
f 4914/4914/3774 4916/4916/3776 4915/4915/3775
f 4914/4914/3774 1152/1152/936 1148/1148/932
f 2431/2431/1948 3770/3770/2962 4141/4141/3240
f 2431/2431/1948 4141/4141/3240 2432/2432/1949
f 3249/3249/2569 343/343/279 342/342/278
f 3249/3249/2569 342/342/278 1024/1024/825
s 0
f 4917/4917/3777 4918/4918/3777 4919/4919/3777
s 1
f 170/170/130 3786/3786/2970 171/171/131
f 4920/4920/3778 4921/4921/3779 4922/4922/3780
f 4923/4923/3781 4924/4924/3782 4925/4925/3783
f 4920/4920/3778 4278/4278/3331 1649/1649/1342
f 4923/4923/3781 4925/4925/3783 4926/4926/3784
f 4920/4920/3778 1649/1649/1342 2415/2415/1934
f 4920/4920/3778 2415/2415/1934 4921/4921/3779
f 3696/3696/2910 3310/3310/2619 3697/3697/2911
f 3632/3632/2857 1519/1519/1234 2655/2655/2124
f 3632/3632/2857 3433/3433/2712 4927/4927/3785
f 3632/3632/2857 4927/4927/3785 1519/1519/1234
f 3632/3632/2857 3434/3434/2713 3433/3433/2712
f 2611/2611/2084 4565/4565/3544 2612/2612/2085
f 4928/4928/3786 4929/4929/3787 2147/2147/1720
f 2611/2611/2084 4930/4930/3788 4565/4565/3544
f 2557/2557/2038 4931/4931/191 4932/4932/3789
f 2557/2557/2038 4932/4932/3789 2558/2558/2039
f 1562/1562/1269 1561/1561/1268 3730/3730/2932
s 0
f 4933/4933/3790 4934/4934/3790 4935/4935/3790
s 1
f 3805/3805/2987 3733/3733/2935 3732/3732/2934
f 3805/3805/2987 4936/4936/3791 3733/3733/2935
f 267/267/217 4937/4937/3792 3479/3479/2749
f 267/267/217 3478/3478/2748 268/268/218
f 267/267/217 3479/3479/2749 3478/3478/2748
f 2231/2231/1783 3562/3562/2804 2232/2232/1784
f 2231/2231/1783 1901/1901/1522 1900/1900/1521
f 4938/4938/3793 4939/4939/3794 4940/4940/3795
f 3916/3916/3074 4779/4779/3672 4182/4182/3265
f 1613/1613/1308 1612/1612/1307 4845/4845/3724
s 0
f 4941/4941/3796 4942/4942/3796 4943/4943/3796
s 1
f 2545/2545/2029 4944/4944/3797 2546/2546/2030
f 1296/1296/1054 2620/2620/2093 1297/1297/1055
f 1296/1296/1054 2621/2621/2094 2620/2620/2093
f 4209/4209/3282 2274/2274/1818 2275/2275/1819
f 4209/4209/3282 2275/2275/1819 4210/4210/3283
f 4945/4945/3798 4353/4353/3378 4946/4946/3799
f 4945/4945/3798 1487/1487/1208 4947/4947/3800
f 4945/4945/3798 3690/3690/2904 1487/1487/1208
f 4945/4945/3798 4946/4946/3799 3690/3690/2904
f 4945/4945/3798 4947/4947/3800 4353/4353/3378
s 0
f 4948/4948/3801 4949/4949/3801 4950/4950/3801
s 1
f 4921/4921/3779 2415/2415/1934 4951/4951/3802
f 4770/4770/3667 4952/4952/3803 4771/4771/3668
f 4770/4770/3667 4953/4953/3804 4952/4952/3803
f 4954/4954/3805 3946/3946/3098 3945/3945/3097
s 0
f 4955/4955/3806 4956/4956/3806 4957/4957/3806
s 1
f 3866/3866/3039 3577/3577/2814 3867/3867/3040
f 3866/3866/3039 4958/4958/3807 3577/3577/2814
f 3866/3866/3039 4959/4959/3808 4958/4958/3807
f 3866/3866/3039 3870/3870/3043 4959/4959/3808
f 3872/3872/3045 3283/3283/2602 3285/3285/2604
f 3874/3874/3047 4960/4960/3809 3875/3875/3048
f 2842/2842/2270 4764/4764/3663 4961/4961/3810
f 3880/3880/3051 752/752/598 751/751/597
f 2083/2083/1667 3950/3950/3102 4962/4962/3811
f 2083/2083/1667 3178/3178/2529 2084/2084/1668
f 2083/2083/1667 4962/4962/3811 3178/3178/2529
f 3369/3369/2666 2737/2737/2187 2736/2736/2186
f 3371/3371/2668 4633/4633/3588 2733/2733/2183
f 3371/3371/2668 3367/3367/2664 4633/4633/3588
f 4963/4963/3812 4964/4964/3812 4965/4965/3812
f 2098/2098/1680 2097/2097/1679 4966/4966/3813
s 0
f 4967/4967/3814 4968/4968/3814 4969/4969/3814
f 4970/4970/3815 4971/4971/3815 4972/4972/3815
s 1
f 3104/3104/2475 4973/4973/3816 3105/3105/2476
s 0
f 4974/4974/3817 4975/4975/3817 4976/4976/3817
s 1
f 1726/1726/1397 1725/1725/1396 4977/4977/3818
f 1723/1723/1394 2394/2394/1915 2113/2113/1692
f 4978/4978/3819 3127/3127/2490 4979/4979/3820
f 4978/4978/3819 4980/4980/3821 4981/4981/3822
f 4978/4978/3819 4981/4981/3822 3684/3684/2899
f 4982/4982/3823 4400/4400/3411 4399/4399/3410
f 4978/4978/3819 3684/3684/2899 3127/3127/2490
f 2616/2616/2089 2612/2612/2085 3134/3134/2497
f 2614/2614/2087 4983/4983/3824 3132/3132/2495
s 0
f 4984/4984/3825 4985/4985/3825 4986/4986/3825
s 1
f 4101/4101/3210 4100/4100/3209 4987/4987/3826
f 2157/2157/1730 1782/1782/1435 3333/3333/2642
f 2157/2157/1730 3333/3333/2642 3989/3989/3132
f 2157/2157/1730 1786/1786/1438 1782/1782/1435
s 0
f 4988/4988/3827 4989/4989/3827 4990/4990/3827
f 4991/4991/3828 4992/4992/3828 4993/4993/3828
s 1
f 3379/3379/2674 4522/4522/3511 4994/4994/3829
f 3379/3379/2674 4994/4994/3829 3380/3380/2675
f 3381/3381/2676 2822/2822/2254 4517/4517/3508
f 4499/4499/3492 4430/4430/3435 4431/4431/3436
f 2829/2829/2261 4995/4995/3830 4996/4996/3831
f 2829/2829/2261 4996/4996/3831 1828/1828/1469
f 2829/2829/2261 1828/1828/1469 2830/2830/2262
s 0
f 4997/4997/3832 4998/4998/3832 4999/4999/3832
s 1
f 925/925/729 924/924/728 5000/5000/3833
s 0
f 5001/5001/3834 5002/5002/3834 5003/5003/3834
s 1
f 4709/4709/3630 3421/3421/2704 1919/1919/1534
f 5004/5004/3835 5005/5005/3836 5006/5006/3837
f 4016/4016/3153 5007/5007/3838 442/442/358
f 4016/4016/3153 442/442/358 4448/4448/3451
f 1986/1986/1590 3376/3376/2671 1987/1987/1591
f 5008/5008/3839 3645/3645/2870 5009/5009/3840
s 0
f 5010/5010/3841 5011/5011/3842 4877/4877/3843
s 1
f 5010/5010/3844 4877/4877/3748 3641/3641/2866
f 969/969/773 651/651/517 970/970/774
f 969/969/773 652/652/518 651/651/517
f 5012/5012/3845 5013/5013/3846 211/211/161
f 5012/5012/3845 5014/5014/3847 5013/5013/3846
f 207/207/157 2001/2001/1601 5015/5015/3848
f 989/989/793 4080/4080/3191 990/990/794
f 989/989/793 5016/5016/3849 4291/4291/3338
f 5017/5017/3850 5018/5018/3851 5019/5019/3852
s 0
f 5020/5020/3853 5021/5021/3853 5022/5022/3853
s 1
f 5023/5023/3854 513/513/405 515/515/407
f 5017/5017/3850 5019/5019/3852 5024/5024/3855
f 4488/4488/3481 1477/1477/1198 1913/1913/1528
f 2868/2868/2294 1941/1941/1550 1940/1940/1549
f 4000/4000/3143 1951/1951/1556 1950/1950/1555
f 441/441/357 4448/4448/3451 442/442/358
s 0
f 5025/5025/3856 5026/5026/3856 5027/5027/3856
s 1
f 5028/5028/3857 2409/2409/1928 5029/5029/3858
s 0
f 5030/5030/3859 5031/5031/3859 5032/5032/3859
s 1
f 4381/4381/3400 3377/3377/2672 4515/4515/3506
f 2964/2964/2372 4514/4514/3505 1491/1491/1212
f 3598/3598/2831 2849/2849/2275 2851/2851/2277
f 3598/3598/2831 5033/5033/3860 2849/2849/2275
f 1242/1242/1008 1246/1246/1012 5034/5034/3861
f 1752/1752/1411 1755/1755/1414 5035/5035/3862
f 2007/2007/1607 2009/2009/1609 3844/3844/3017
f 5036/5036/3863 4913/4913/3773 4912/4912/3772
f 5037/5037/3864 3420/3420/2703 3419/3419/2703
s 0
f 5038/5038/3865 5039/5039/3865 5040/5040/3865
s 1
f 2031/2031/1627 2916/2916/2332 2912/2912/2328
f 2031/2031/1627 2034/2034/1630 2916/2916/2332
f 4424/4424/3429 4249/4249/3308 885/885/695
f 550/550/438 881/881/691 551/551/439
f 5041/5041/3866 5042/5042/3867 1265/1265/1031
f 5041/5041/3866 1265/1265/1031 1264/1264/1030
f 1272/1272/1036 5043/5043/3868 1661/1661/1354
f 1283/1283/1043 5044/5044/3869 127/127/91
s 0
f 5045/5045/3870 5046/5046/3870 5047/5047/3870
s 1
f 3033/3033/2423 5048/5048/3871 5049/5049/3872
f 3033/3033/2423 5049/5049/3872 315/315/259
f 3033/3033/2423 4200/4200/3277 5048/5048/3871
f 5050/5050/3873 622/622/496 2567/2567/2048
f 5050/5050/3873 5051/5051/3874 622/622/496
f 2575/2575/2056 4966/4966/3813 2576/2576/2057
f 5052/5052/3875 4452/4452/3455 4451/4451/3454
f 5052/5052/3875 629/629/503 628/628/502
f 5052/5052/3875 628/628/502 4452/4452/3455
s 0
f 5053/5053/3876 5054/5054/3876 5055/5055/3876
s 1
f 5056/5056/3877 1578/1578/1283 1577/1577/1282
s 0
f 5057/5057/3878 5058/5058/3878 5059/5059/3878
s 1
f 3313/3313/2622 5060/5060/3879 4795/4795/3686
f 3313/3313/2622 4795/4795/3686 119/119/85
f 3313/3313/2622 4255/4255/3312 5060/5060/3879
f 2009/2009/1609 3319/3319/2628 3844/3844/3017
f 3035/3035/2425 152/152/114 5061/5061/3880
f 3035/3035/2425 5061/5061/3880 3036/3036/2426
f 3035/3035/2425 1624/1624/1317 152/152/114
f 5062/5062/3881 2204/2204/1764 4855/4855/3732
f 1778/1778/1431 1394/1394/1134 1779/1779/1432
f 1778/1778/1431 3850/3850/3023 1394/1394/1134
f 5063/5063/3882 701/701/561 694/694/558
f 5064/5064/3883 5065/5065/3884 5066/5066/3885
f 5064/5064/3883 5067/5067/3886 5065/5065/3884
s 0
f 5068/5068/3887 5069/5069/3887 5070/5070/3887
s 1
f 552/552/440 551/551/439 881/881/691
s 0
f 5071/5071/3888 5072/5072/3888 5073/5073/3888
s 1
f 1506/1506/1225 4888/4888/3757 4074/4074/3185
s 0
f 5074/5074/3889 5075/5075/3889 5076/5076/3889
f 5077/5077/3890 5078/5078/3890 5079/5079/3890
s 1
f 5009/5009/3840 1543/1543/1250 1877/1877/1502
f 5009/5009/3840 3645/3645/2870 3644/3644/2869
f 5009/5009/3840 3644/3644/2869 1543/1543/1250
s 0
f 5080/5080/3891 5081/5081/3891 5082/5082/3891
f 5083/5083/3892 5084/5084/3892 5085/5085/3892
s 1
f 3150/3150/2507 2153/2153/1726 2906/2906/2322
f 3150/3150/2507 860/860/674 2154/2154/1727
f 3150/3150/2507 2154/2154/1727 2153/2153/1726
f 3150/3150/2507 2906/2906/2322 65/65/45
f 81/81/55 5086/5086/3893 5087/5087/3894
f 81/81/55 5087/5087/3894 5088/5088/3895
f 81/81/55 85/85/59 5086/5086/3893
f 81/81/55 5088/5088/3895 82/82/56
f 5089/5089/3896 3695/3695/2909 5090/5090/3897
s 0
f 5091/5091/3898 5092/5092/3898 5093/5093/3898
f 5094/5094/3899 5095/5095/3899 5096/5096/3899
f 5097/5097/3900 5098/5098/3900 5099/5099/3900
f 5100/5100/3901 5101/5101/3901 5102/5102/3901
s 1
f 5103/5103/3902 5060/5060/3879 4255/4255/3312
f 5103/5103/3902 4255/4255/3312 5104/5104/3903
s 0
f 5105/5105/3904 5106/5106/3904 5107/5107/3904
s 1
f 5103/5103/3902 4799/4799/3690 4796/4796/3687
f 5103/5103/3902 4796/4796/3687 5060/5060/3879
f 3683/3683/2898 3129/3129/2492 3128/3128/2491
f 4506/4506/3497 4508/4508/3499 2948/2948/2360
f 5108/5108/3905 2723/2723/2178 5109/5109/3906
f 5108/5108/3905 2724/2724/2179 2723/2723/2178
f 4849/4849/3728 5110/5110/3907 4267/4267/3320
s 0
f 5111/5111/3908 5112/5112/3908 5113/5113/3908
s 1
f 5114/5114/3909 5115/5115/3910 5116/5116/3911
f 4272/4272/3325 4271/4271/3324 5117/5117/3912
f 2272/2272/1816 5118/5118/3913 2273/2273/1817
f 1641/1641/1334 5119/5119/3914 1642/1642/1335
s 0
f 5120/5120/3915 5121/5121/3915 5122/5122/3915
s 1
f 3107/3107/2478 3109/3109/2480 2227/2227/1779
f 3107/3107/2478 2227/2227/1779 184/184/140
f 3107/3107/2478 184/184/140 1798/1798/1445
f 3107/3107/2478 1798/1798/1445 3108/3108/2479
f 1048/1048/847 5123/5123/3916 1050/1050/849
f 5124/5124/3917 5125/5125/3918 4927/4927/3785
f 3698/3698/2912 5126/5126/3919 2769/2769/2213
f 5124/5124/3917 4927/4927/3785 3433/3433/2712
f 3698/3698/2912 2481/2481/1985 5127/5127/3920
f 2772/2772/2216 1364/1364/1110 5128/5128/3921
f 3445/3445/2724 415/415/339 416/416/340
f 3445/3445/2724 416/416/340 1368/1368/1114
f 3445/3445/2724 3235/3235/2560 415/415/339
f 3448/3448/2727 236/236/186 3718/3718/2926
f 3448/3448/2727 2784/2784/2226 237/237/187
f 3448/3448/2727 3454/3454/2733 2784/2784/2226
f 3448/3448/2727 237/237/187 236/236/186
f 3448/3448/2727 3718/3718/2926 3449/3449/2728
f 5129/5129/3922 5130/5130/3923 1849/1849/1484
s 0
f 5131/5131/3924 5132/5132/3924 5133/5133/3924
s 1
f 5129/5129/3922 250/250/200 5130/5130/3923
s 0
f 5134/5134/3925 5135/5135/3925 5136/5136/3925
f 5137/5137/3926 5138/5138/3926 5139/5139/3926
s 1
f 5129/5129/3922 251/251/201 250/250/200
f 5140/5140/3927 261/261/211 5141/5141/3928
f 5140/5140/3927 5142/5142/3929 261/261/211
f 2909/2909/2325 5143/5143/3930 2913/2913/2329
f 268/268/218 3478/3478/2748 595/595/469
f 3744/3744/2942 5144/5144/3931 3745/3745/2943
f 3068/3068/2443 3071/3071/2446 3682/3682/2897
f 3068/3068/2443 291/291/241 290/290/240
s 0
f 5145/5145/3932 5146/5146/3932 5147/5147/3932
s 1
f 5148/5148/3933 5149/5149/3934 5150/5150/3935
f 5151/5151/3936 3757/3757/2949 4909/4909/378
f 5115/5115/3910 3497/3497/2761 5116/5116/3911
s 0
f 5152/5152/3937 5153/5153/3937 5154/5154/3937
s 1
f 1725/1725/1396 5155/5155/3938 4977/4977/3818
s 0
f 5156/5156/3939 5157/5157/3939 5158/5158/3939
s 1
f 1480/1480/1201 1477/1477/1198 4254/4254/3311
f 1480/1480/1201 2400/2400/1919 1481/1481/1202
f 351/351/287 5159/5159/3940 352/352/288
f 362/362/296 1497/1497/1218 2416/2416/1935
f 5160/5160/3941 6/6/6 3/3/3
f 5160/5160/3941 3/3/3 2651/2651/2120
f 3571/3571/2810 5161/5161/3942 2064/2064/1650
f 3577/3577/2814 3576/3576/2813 3867/3867/3040
f 28/28/24 24/24/22 3635/3635/2860
f 28/28/24 3635/3635/2860 5162/5162/3943
f 5163/5163/3944 5164/5164/3945 5165/5165/3946
f 5163/5163/3944 5165/5165/3946 5166/5166/3947
f 5167/5167/3948 3530/3530/2786 2672/2672/2139
f 53/53/37 56/56/40 2269/2269/1813
f 2205/2205/1765 2208/2208/1768 5168/5168/3949
f 1788/1788/1440 1786/1786/1438 2691/2691/2150
f 1788/1788/1440 2691/2691/2150 5169/5169/3950
f 2754/2754/2198 3155/3155/2510 2164/2164/1737
f 5170/5170/3951 4603/4603/3572 4608/4608/3575
f 5170/5170/3951 5171/5171/3952 4603/4603/3572
f 2144/2144/1717 5172/5172/3953 2704/2704/2161
s 0
f 5173/5173/3954 5174/5174/3954 5175/5175/3954
s 1
f 3673/3673/2892 3672/3672/2891 4959/4959/3808
f 3673/3673/2892 4959/4959/3808 3870/3870/3043
s 0
f 5176/5176/3955 5177/5177/3955 5178/5178/3955
s 1
f 3673/3673/2892 3870/3870/3043 5179/5179/3956
s 0
f 5180/5180/3957 5181/5181/3957 5182/5182/3957
f 5183/5183/3958 5184/5184/3958 5185/5185/3958
s 1
f 2548/2548/2032 3031/3031/2421 2549/2549/2033
f 5186/5186/3959 5187/5187/3960 5188/5188/3961
f 5189/5189/3962 4626/4626/3585 4625/4625/3584
f 5189/5189/3962 5190/5190/3963 4626/4626/3585
f 161/161/123 163/163/125 3046/3046/2430
f 1323/1323/1075 3293/3293/2610 2278/2278/1822
s 0
f 5191/5191/3964 5192/5192/3964 5193/5193/3964
s 1
f 5194/5194/3965 5195/5195/3966 4575/4575/3554
f 1646/1646/1339 4573/4573/3552 1650/1650/1343
f 3798/3798/2982 3697/3697/2911 5196/5196/3967
f 3798/3798/2982 2595/2595/2070 3697/3697/2911
f 5197/5197/3968 4712/4712/3633 5198/5198/3969
s 0
f 5199/5199/3970 5200/5200/3970 5201/5201/3970
s 1
f 5197/5197/3968 4713/4713/3634 4712/4712/3633
f 1056/1056/855 5202/5202/3971 1057/1057/856
f 2307/2307/1842 2306/2306/1841 5203/5203/3972
f 2307/2307/1842 5203/5203/3972 3388/3388/2683
f 1894/1894/1515 5204/5204/3973 5205/5205/3974
f 1894/1894/1515 5205/5205/3974 2889/2889/2309
f 1894/1894/1515 1895/1895/1516 5204/5204/3973
f 5206/5206/3975 1768/1768/1423 1767/1767/1422
f 5206/5206/3975 5207/5207/3976 2323/2323/1854
f 5206/5206/3975 1767/1767/1422 5207/5207/3976
f 2329/2329/1860 4666/4666/3607 2798/2798/2236
f 2329/2329/1860 2332/2332/1863 4666/4666/3607
f 256/256/206 2809/2809/2243 2805/2805/2241
f 256/256/206 261/261/211 5142/5142/3929
f 256/256/206 2805/2805/2241 257/257/207
f 256/256/206 5142/5142/3929 2809/2809/2243
s 0
f 5208/5208/3977 5209/5209/3977 5210/5210/3977
f 5211/5211/3978 5212/5212/3978 5213/5213/3978
f 5214/5214/3979 5215/5215/3979 5216/5216/3979
s 1
f 4814/4814/3701 270/270/220 269/269/219
f 279/279/229 1122/1122/909 1130/1130/914
f 279/279/229 282/282/232 1122/1122/909
f 279/279/229 1130/1130/914 888/888/698
f 2373/2373/1894 3486/3486/2756 4550/4550/3531
f 5217/5217/3980 139/139/103 140/140/104
s 0
f 5218/5218/3981 5219/5219/3981 5220/5220/3981
s 1
f 5217/5217/3980 140/140/104 3766/3766/2958
f 5217/5217/3980 3766/3766/2958 3765/3765/2957
f 2951/2951/2363 3770/3770/2962 1159/1159/941
f 2951/2951/2363 2952/2952/2364 4701/4701/3626
f 5221/5221/3982 2864/2864/2290 2866/2866/2292
f 5221/5221/3982 3788/3788/2972 2865/2865/2291
f 5221/5221/3982 2865/2865/2291 2864/2864/2290
f 5222/5222/3983 1181/1181/959 1182/1182/960
f 5222/5222/3983 5223/5223/3984 1181/1181/959
f 5222/5222/3983 1182/1182/960 3789/3789/2973
f 371/371/305 373/373/307 4860/4860/3737
f 3337/3337/2646 3158/3158/2513 378/378/311
f 894/894/702 287/287/237 895/895/703
f 894/894/702 578/578/458 571/571/455
f 894/894/702 288/288/238 287/287/237
f 894/894/702 571/571/455 288/288/238
f 5224/5224/3985 5034/5034/3861 1246/1246/1012
f 5224/5224/3985 4273/4273/3326 4275/4275/3328
f 5224/5224/3985 4275/4275/3328 5034/5034/3861
f 1959/1959/1564 5225/5225/3986 1960/1960/1565
f 1964/1964/1569 1961/1961/1566 1683/1683/1370
f 3185/3185/2534 3178/3178/2529 4962/4962/3811
s 0
f 5226/5226/3987 5227/5227/3987 5228/5228/3987
f 5229/5229/3988 5230/5230/3988 5231/5231/3988
s 1
f 3185/3185/2534 4962/4962/3811 5232/5232/3989
f 1091/1091/884 5233/5233/3990 1092/1092/885
f 1091/1091/884 1396/1396/1136 5234/5234/3991
f 1091/1091/884 1089/1089/882 1396/1396/1136
f 1091/1091/884 5234/5234/3991 5233/5233/3990
f 3197/3197/2544 348/348/284 2277/2277/1821
f 3197/3197/2544 2277/2277/1821 3198/3198/2545
f 3197/3197/2544 353/353/289 348/348/284
s 0
f 5235/5235/3992 5236/5236/3992 5237/5237/3992
s 1
f 978/978/782 977/977/781 1311/1311/1063
f 978/978/782 1314/1314/1066 1313/1313/1065
f 5238/5238/3993 5035/5035/3862 1755/1755/1414
f 5238/5238/3993 498/498/394 500/500/396
f 5238/5238/3993 500/500/396 5035/5035/3862
f 5238/5238/3993 1751/1751/1410 498/498/394
f 5238/5238/3993 1755/1755/1414 1751/1751/1410
f 5239/5239/3994 4135/4135/3234 4915/4915/3775
f 3846/3846/3995 5240/5240/3996 3847/3847/3997
f 5239/5239/3994 4138/4138/3237 4135/4135/3234
f 1015/1015/816 1387/1387/1127 3452/3452/2731
f 5241/5241/3998 5242/5242/3999 1392/1392/1132
s 0
f 5243/5243/4000 5244/5244/4000 5245/5245/4000
s 1
f 2444/2444/1955 5246/5246/4001 2445/2445/1956
s 0
f 5247/5247/4002 5248/5248/4002 5249/5249/4002
s 1
f 3658/3658/2879 3657/3657/2878 4536/4536/3521
f 2226/2226/1778 2923/2923/2337 186/186/142
f 4543/4543/3528 4497/4497/3490 4496/4496/3489
f 2055/2055/1645 2052/2052/1642 4493/4493/3486
f 5161/5161/3942 3678/3678/2895 3069/3069/2444
f 5161/5161/3942 5250/5250/4003 3678/3678/2895
f 5161/5161/3942 3069/3069/2444 2064/2064/1650
f 732/732/586 2071/2071/1655 733/733/587
f 3183/3183/2532 5251/5251/4004 3184/3184/2533
f 4686/4686/3617 5252/5252/4005 4687/4687/3618
f 5253/5253/4006 2993/2993/2391 2994/2994/2392
f 5254/5254/4007 3817/3817/2997 5255/5255/4008
f 5253/5253/4006 5256/5256/4009 2993/2993/2391
f 4820/4820/3705 2569/2569/2050 617/617/491
f 4025/4025/3160 5257/5257/4010 4026/4026/3161
s 0
f 5258/5258/4011 5259/5259/4011 5260/5260/4011
s 1
f 2106/2106/1685 5261/5261/4012 4899/4899/3762
f 2106/2106/1685 2108/2108/1687 5261/5261/4012
f 806/806/638 472/472/380 471/471/379
f 806/806/638 2113/2113/1692 472/472/380
f 5262/5262/4013 4927/4927/3785 5125/5125/3918
f 1612/1612/1307 675/675/539 4784/4784/3675
f 4565/4565/3544 4930/4930/3788 4566/4566/3545
f 3137/3137/2500 5263/5263/4014 4568/4568/3547
f 3137/3137/2500 4568/4568/3547 3138/3138/2501
f 4570/4570/3549 3408/3408/2697 4880/4880/3751
f 4570/4570/3549 4880/4880/3751 4571/4571/3550
f 4570/4570/3549 3409/3409/2698 3408/3408/2697
f 4570/4570/3549 2625/2625/2098 3409/3409/2698
f 3257/3257/2577 3931/3931/3089 3258/3258/2578
f 3257/3257/2577 3932/3932/3090 3931/3931/3089
f 721/721/575 2522/2522/2016 722/722/576
f 721/721/575 2523/2523/2017 2522/2522/2016
f 4493/4493/3486 4425/4425/3430 4494/4494/3487
f 4493/4493/3486 2052/2052/1642 4425/4425/3430
f 5264/5264/4015 5109/5109/3906 2723/2723/2178
f 1149/1149/933 4134/4134/3233 5265/5265/4016
f 1149/1149/933 1151/1151/935 4134/4134/3233
s 0
f 5266/5266/4017 5267/5267/4017 5268/5268/4017
s 1
f 5269/5269/4018 601/601/475 5270/5270/4019
f 5271/5271/4020 4815/4815/3702 600/600/474
f 5269/5269/4018 5270/5270/4019 5272/5272/4021
s 0
f 5273/5273/4022 5274/5274/4022 5275/5275/4022
f 5276/5276/4023 5277/5277/4023 5278/5278/4023
s 1
f 5279/5279/4024 5280/5280/4025 3311/3311/2620
s 0
f 5281/5281/4026 5282/5282/4026 5283/5283/4026
s 1
f 5279/5279/4024 5196/5196/3967 5280/5280/4025
f 4560/4560/3539 5284/5284/4027 4561/4561/3540
f 4560/4560/3539 5285/5285/4028 5284/5284/4027
f 4564/4564/3543 669/669/533 667/667/531
f 4560/4560/3539 5286/5286/4029 5285/5285/4028
f 4784/4784/3675 675/675/539 3529/3529/2785
f 4847/4847/3726 3131/3131/2494 5287/5287/4030
f 2318/2318/1851 2323/2323/1854 5207/5207/3976
f 5288/5288/4031 852/852/668 2269/2269/1813
f 5289/5289/4032 3139/3139/2502 2623/2623/2096
f 5289/5289/4032 2623/2623/2096 2622/2622/2095
f 5288/5288/4031 2269/2269/1813 56/56/40
f 5289/5289/4032 5290/5290/4033 3139/3139/2502
s 0
f 5291/5291/4034 5292/5292/4034 5293/5293/4034
f 5294/5294/4035 5295/5295/4035 5296/5296/4035
f 5297/5297/4036 5298/5298/4036 5299/5299/4036
s 1
f 5065/5065/3884 5300/5300/4037 5066/5066/3885
f 2643/2643/2112 2647/2647/2116 3662/3662/2883
f 2643/2643/2112 1249/1249/1015 1415/1415/1151
f 4550/4550/3531 3756/3756/2948 4551/4551/3532
f 4550/4550/3531 3486/3486/2756 3756/3756/2948
f 2381/2381/1902 2379/2379/1900 5301/5301/4038
f 415/415/339 3235/3235/2560 3234/3234/2559
f 434/434/350 764/764/608 435/435/351
f 5302/5302/4039 4020/4020/3155 5303/5303/4040
f 5302/5302/4039 4302/4302/3347 4301/4301/3346
f 5302/5302/4039 4301/4301/3346 4020/4020/3155
f 5130/5130/3923 1850/1850/1485 1849/1849/1484
f 962/962/766 464/464/374 5304/5304/4041
f 5305/5305/4042 5306/5306/4043 5307/5307/4043
f 2478/2478/1982 2477/2477/1982 5308/5308/4044
s 0
f 5309/5309/4045 5310/5310/4045 5311/5311/4045
s 1
f 3112/3112/2483 664/664/528 2178/2178/1746
s 0
f 5312/5312/4046 5313/5313/4046 5314/5314/4046
f 5315/5315/4047 5316/5316/4047 5317/5317/4047
s 1
f 5318/5318/4048 4603/4603/3572 5171/5171/3952
f 5319/5319/4049 2146/2146/1719 2148/2148/1721
f 5319/5319/4049 2148/2148/1721 5320/5320/4050
f 5321/5321/4051 5322/5322/4052 5323/5323/4053
f 5318/5318/4048 4604/4604/3573 4603/4603/3572
f 1917/1917/1532 5324/5324/4054 1920/1920/1535
f 5325/5325/191 3258/3258/2578 5326/5326/4055
f 1917/1917/1532 2858/2858/2284 4072/4072/3183
f 2520/2520/2014 1330/1330/1082 1332/1332/1084
f 2520/2520/2014 1332/1332/1084 2521/2521/2015
f 193/193/147 1342/1342/1094 194/194/148
f 193/193/147 1343/1343/1095 1342/1342/1094
f 5327/5327/4056 1348/1348/1100 2874/2874/2300
f 4641/4641/3596 5328/5328/4057 4642/4642/3597
f 2577/2577/2058 5329/5329/4058 4716/4716/3637
f 2577/2577/2058 2576/2576/2057 5329/5329/4058
f 2577/2577/2058 4716/4716/3637 4555/4555/3536
s 0
f 5330/5330/4059 5331/5331/4059 5332/5332/4059
f 5333/5333/4060 5334/5334/4060 5335/5335/4060
f 5336/5336/4061 5337/5337/4061 5338/5338/4061
s 1
f 5204/5204/3973 1895/1895/1516 5339/5339/4062
f 1085/1085/878 1086/1086/879 5340/5340/4063
f 5341/5341/4064 5342/5342/4065 2017/2017/1617
f 5341/5341/4064 5343/5343/4066 5342/5342/4065
f 5233/5233/3990 5344/5344/4067 1092/1092/885
f 5345/5345/4068 5168/5168/3949 2208/2208/1768
s 0
f 5346/5346/4069 5347/5347/4069 5348/5348/4069
f 5349/5349/4070 5350/5350/4070 5351/5351/4070
s 1
f 3858/3858/3031 1416/1416/1152 2815/2815/2247
f 5352/5352/4071 5353/5353/4071 5354/5354/4072
f 5352/5352/4071 5355/5355/4073 5353/5353/4071
f 3858/3858/3031 2815/2815/2247 5356/5356/4074
f 2819/2819/2251 5357/5357/4075 2820/2820/2252
f 3599/3599/2832 3602/3602/2835 5358/5358/4076
s 0
f 5359/5359/4077 5360/5360/4077 5361/5361/4077
s 1
f 286/286/236 895/895/703 287/287/237
f 1290/1290/1048 2261/2261/1805 1291/1291/1049
f 4508/4508/3499 2949/2949/2361 2948/2948/2360
f 3501/3501/2765 4351/4351/3376 2504/2504/2002
f 3827/3827/3005 3823/3823/3003 5362/5362/4078
f 3501/3501/2765 5363/5363/4079 4351/4351/3376
f 1170/1170/950 1172/1172/952 2963/2963/2371
f 1495/1495/1216 1491/1491/1212 4514/4514/3505
f 5/5/5 4580/4580/3557 5364/5364/4080
f 5/5/5 5364/5364/4080 4227/4227/3292
f 4428/4428/3433 5365/5365/4081 4429/4429/3434
f 1535/1535/1244 4785/4785/3676 3529/3529/2785
s 0
f 5366/5366/4082 5367/5367/4082 5368/5368/4082
s 1
f 4653/4653/3602 5369/5369/4083 1893/1893/1514
f 2330/2330/1861 1559/1559/1266 2685/2685/2146
f 5086/5086/3893 85/85/59 5370/5370/4084
f 5086/5086/3893 5370/5370/4084 5371/5371/4085
f 1656/1656/1349 5372/5372/4086 5373/5373/4087
f 1656/1656/1349 1261/1261/1027 1263/1263/1029
f 1656/1656/1349 5374/5374/4088 1657/1657/1350
f 1656/1656/1349 1263/1263/1029 5372/5372/4086
s 0
f 5375/5375/4089 5376/5376/4089 5377/5377/4089
s 1
f 5378/5378/4090 3867/3867/3040 3576/3576/2813
f 5378/5378/4090 3869/3869/3042 3867/3867/3040
f 4684/4684/3615 1284/1284/1044 128/128/92
f 5379/5379/4091 1664/1664/1357 4437/4437/3440
f 5379/5379/4091 1827/1827/1468 1664/1664/1357
f 5379/5379/4091 2830/2830/2262 1827/1827/1468
f 1833/1833/1474 1835/1835/1476 5380/5380/4092
f 1833/1833/1474 5380/5380/4092 5381/5381/4093
f 5382/5382/4094 4701/4701/3626 5383/5383/4095
f 5382/5382/4094 2390/2390/1911 4701/4701/3626
f 327/327/269 2393/2393/1914 5384/5384/4096
s 0
f 5385/5385/4097 5386/5386/4097 5387/5387/4097
s 1
f 4353/4353/3378 4947/4947/3800 1488/1488/1209
f 1335/1335/1087 3992/3992/3135 5388/5388/4098
f 1335/1335/1087 1653/1653/1346 3992/3992/3135
f 1348/1348/1100 1060/1060/859 1054/1054/853
s 0
f 5389/5389/4099 5390/5390/4099 5391/5391/4099
s 1
f 2017/2017/1617 5342/5342/4065 2018/2018/1618
f 2916/2916/2332 2034/2034/1630 449/449/365
f 2923/2923/2337 5392/5392/4100 186/186/142
s 0
f 5393/5393/4101 5394/5394/4101 5395/5395/4101
f 5396/5396/4102 5397/5397/4102 5398/5398/4102
s 1
f 1818/1818/1459 4368/4368/3389 1819/1819/1460
s 0
f 5399/5399/4103 5400/5400/4103 5401/5401/4103
s 1
f 3087/3087/2458 3091/3091/2462 3902/3902/3064
f 315/315/259 5049/5049/3872 316/316/260
s 0
f 5402/5402/4104 5403/5403/4104 5404/5404/4104
s 1
f 5383/5383/4095 4701/4701/3626 2952/2952/2364
s 0
f 5405/5405/378 5406/5406/378 5407/5407/378
s 1
f 341/341/277 345/345/281 1023/1023/824
f 1487/1487/1208 1488/1488/1209 4947/4947/3800
f 4952/4952/3803 4953/4953/3804 1989/1989/1593
f 1179/1179/957 5408/5408/4105 1180/1180/958
f 5409/5409/4106 5410/5410/4107 5411/5411/4108
f 5409/5409/4106 5411/5411/4108 5412/5412/4109
s 0
f 5413/5413/4110 5414/5414/4110 5415/5415/4110
f 5416/5416/4111 5417/5417/4111 5418/5418/4111
s 1
f 4649/4649/3600 2603/2603/2076 2979/2979/2383
f 4649/4649/3600 5419/5419/4112 2603/2603/2076
f 1893/1893/1514 5369/5369/4083 5339/5339/4062
f 1893/1893/1514 5339/5339/4062 1895/1895/1516
f 3541/3541/2795 65/65/45 2906/2906/2322
f 942/942/746 2904/2904/2320 943/943/747
f 1567/1567/1274 4373/4373/3394 5420/5420/4113
f 5421/5421/4114 2110/2110/1689 4973/4973/3816
s 0
f 5422/5422/4115 5423/5423/4115 5424/5424/4115
f 5425/5425/4116 5426/5426/4116 5427/5427/4116
s 1
f 5428/5428/4117 4468/4468/3465 2244/2244/1792
f 5428/5428/4117 2243/2243/1791 5429/5429/4118
f 5428/5428/4117 2244/2244/1792 2243/2243/1791
s 0
f 5430/5430/4119 5431/5431/4119 5432/5432/4119
s 1
f 3601/3601/2834 2854/2854/2280 2853/2853/2279
f 3601/3601/2834 2853/2853/2279 5433/5433/4120
f 4388/4388/3405 5434/5434/4121 5435/5435/4122
s 0
f 5436/5436/4123 5437/5437/4123 5438/5438/4123
s 1
f 4388/4388/3405 1311/1311/1063 977/977/781
f 4388/4388/3405 5435/5435/4122 1311/1311/1063
f 3992/3992/3135 1653/1653/1346 3993/3993/3136
f 554/554/442 5439/5439/4124 378/378/311
f 554/554/442 378/378/311 3158/3158/2513
f 554/554/442 559/559/447 5439/5439/4124
f 601/601/475 598/598/472 5270/5270/4019
f 5187/5187/3960 1694/1694/1377 5188/5188/3961
f 5187/5187/3960 5440/5440/4125 1694/1694/1377
f 1706/1706/1383 1707/1707/1384 3090/3090/2461
s 0
f 5441/5441/4126 5442/5442/4126 5443/5443/4126
f 5444/5444/4127 5445/5445/4127 5446/5446/4127
s 1
f 3797/3797/2981 3796/3796/2980 5447/5447/4128
s 0
f 5448/5448/4129 5449/5449/4129 5450/5450/4129
s 1
f 5284/5284/4027 5451/5451/4130 4561/4561/3540
f 5284/5284/4027 5452/5452/4131 5451/5451/4130
f 3127/3127/2490 840/840/658 4979/4979/3820
f 3127/3127/2490 3684/3684/2899 3128/3128/2491
s 0
f 5453/5453/4132 5454/5454/4132 5455/5455/4132
s 1
f 1793/1793/1443 5456/5456/4133 1794/1794/1443
f 187/187/143 186/186/142 5392/5392/4100
f 5439/5439/4124 379/379/312 378/378/311
s 0
f 5457/5457/4134 5458/5458/4134 5459/5459/4134
f 5460/5460/4135 5461/5461/4135 5462/5462/4135
s 1
f 5007/5007/3838 444/444/360 442/442/358
f 5463/5463/4136 5464/5464/4137 5465/5465/4138
f 5463/5463/4136 5465/5465/4138 5466/5466/4139
f 464/464/374 467/467/377 5304/5304/4041
f 808/808/640 810/810/642 2299/2299/1834
f 808/808/640 2299/2299/1834 2115/2115/1694
s 0
f 5467/5467/4140 5468/5468/4140 5469/5469/4140
s 1
f 3227/3227/2556 5470/5470/4141 3842/3842/3015
s 0
f 5471/5471/4142 5472/5472/4142 5473/5473/4142
s 1
f 4882/4882/3753 5326/5326/4055 3933/3933/3091
f 4305/4305/3350 2378/2378/1899 407/407/333
f 4305/4305/3350 407/407/333 4306/4306/3351
f 4305/4305/3350 1954/1954/1559 908/908/712
f 4305/4305/3350 908/908/712 2378/2378/1899
s 0
f 5474/5474/4143 5475/5475/4143 5476/5476/4143
s 1
f 3713/3713/2921 1957/1957/1562 4900/4900/3763
s 0
f 5477/5477/4144 5478/5478/4144 5479/5479/4144
f 5480/5480/4145 5481/5481/4145 5482/5482/4145
s 1
f 1967/1967/1572 5483/5483/4146 1969/1969/1573
f 1967/1967/1572 3499/3499/2763 5483/5483/4146
f 4416/4416/3423 4417/4417/3424 5484/5484/4147
f 4416/4416/3423 5484/5484/4147 4509/4509/3500
f 5485/5485/4148 5486/5486/4149 467/467/377
f 5487/5487/4150 4359/4359/3382 5488/5488/4151
f 5485/5485/4148 466/466/376 2469/2469/1974
f 5485/5485/4148 467/467/377 466/466/376
f 4530/4530/3515 5489/5489/4152 484/484/387
f 3843/3843/3016 498/498/394 1751/1751/1410
f 3843/3843/3016 5490/5490/4153 498/498/394
f 1385/1385/1125 1019/1019/820 5323/5323/4053
f 1385/1385/1125 5322/5322/4052 1386/1386/1126
f 1385/1385/1125 5323/5323/4053 5322/5322/4052
s 0
f 5491/5491/4154 5492/5492/4154 5493/5493/4154
s 1
f 4953/4953/3804 1990/1990/1594 1989/1989/1593
s 0
f 5494/5494/4155 5495/5495/4155 5496/5496/4155
f 5497/5497/4156 5498/5498/4156 5499/5499/4156
s 1
f 3756/3756/2948 3755/3755/2947 4551/4551/3532
f 5500/5500/4157 5255/5255/4008 5501/5501/4158
f 5162/5162/3943 3634/3634/2859 5502/5502/4159
s 0
f 5503/5503/4160 5504/5504/4160 5505/5505/4160
s 1
f 5162/5162/3943 3635/3635/2860 3634/3634/2859
s 0
f 5506/5506/4161 5507/5507/4161 5508/5508/4161
s 1
f 1516/1516/1231 2177/2177/1745 5509/5509/4162
s 0
f 5510/5510/4163 5511/5511/4163 5512/5512/4163
f 5513/5513/1771 5514/5514/1771 5515/5515/1771
s 1
f 3931/3931/3089 5326/5326/4055 3258/3258/2578
f 3931/3931/3089 3933/3933/3091 5326/5326/4055
f 3921/3921/3079 3920/3920/3078 2661/2661/2130
f 24/24/22 1206/1206/984 3635/3635/2860
f 1084/1084/877 1776/1776/1429 1225/1225/995
f 5344/5344/4067 5516/5516/4164 1092/1092/885
f 2209/2209/1769 2201/2201/1761 5517/5517/4165
f 5169/5169/3950 2691/2691/2150 5518/5518/4166
f 3965/3965/3114 3964/3964/3114 5519/5519/4167
f 3109/3109/2480 2228/2228/1780 2227/2227/1779
f 3291/3291/2608 4633/4633/3588 1974/1974/1578
s 0
f 5520/5520/4168 5521/5521/4168 5522/5522/4168
f 5523/5523/4169 5524/5524/4169 5525/5525/4169
s 1
f 5526/5526/4170 2758/2758/2202 3336/3336/2645
f 2762/2762/2206 1809/1809/1452 1811/1811/1454
f 4712/4712/3633 5013/5013/3846 5198/5198/3969
f 4712/4712/3633 211/211/161 5013/5013/3846
f 2592/2592/2067 2591/2591/2066 2580/2580/2061
s 0
f 5527/5527/4171 5528/5528/4171 5529/5529/4171
f 5530/5530/4172 5531/5531/4172 5532/5532/4172
s 1
f 5533/5533/4173 5534/5534/4174 5535/5535/4175
f 5536/5536/4176 5537/5537/4177 1099/1099/892
f 2359/2359/1882 3338/3338/2647 5538/5538/4178
f 4551/4551/3532 1820/1820/1461 1817/1817/1458
f 4551/4551/3532 4683/4683/3614 1820/1820/1461
f 3761/3761/2953 2080/2080/1664 3353/3353/2654
f 3761/3761/2953 3353/3353/2654 3762/3762/2954
s 0
f 5539/5539/4179 5540/5540/4179 5541/5541/4179
s 1
f 1351/1351/1103 4076/4076/3187 2871/2871/2297
f 1545/1545/1252 3638/3638/2863 1546/1546/1253
f 2689/2689/2148 4236/4236/3301 5542/5542/4180
f 2689/2689/2148 2685/2685/2146 4236/4236/3301
f 79/79/53 874/874/684 5543/5543/4181
f 79/79/53 875/875/685 874/874/684
f 5544/5544/4182 2701/2701/2158 5545/5545/4183
s 0
f 5546/5546/4184 5547/5547/4184 5548/5548/4184
s 1
f 5549/5549/4185 5090/5090/3897 2703/2703/2160
f 5060/5060/3879 4796/4796/3687 4795/4795/3686
s 0
f 5550/5550/4186 5551/5551/4186 5552/5552/4186
s 1
f 1159/1159/941 3771/3771/2963 762/762/606
f 3902/3902/3064 3091/3091/2462 3903/3903/3065
f 173/173/133 178/178/136 3959/3959/3109
f 1051/1051/850 1050/1050/849 5553/5553/4187
f 1051/1051/850 1186/1186/964 645/645/513
f 1051/1051/850 5553/5553/4187 1186/1186/964
f 4080/4080/3191 4081/4081/3192 990/990/794
f 5554/5554/4188 5555/5555/4188 5556/5556/4188
f 5557/5557/4189 3281/3281/2600 3280/3280/2599
f 2814/2814/2246 1253/1253/1019 4602/4602/3571
f 1429/1429/1163 1428/1428/1162 3160/3160/2515
f 4406/4406/3415 924/924/728 923/923/727
f 5005/5005/3836 5558/5558/4190 5006/5006/3837
s 0
f 5559/5559/4191 5560/5560/4191 5561/5561/4191
s 1
f 5562/5562/4192 5484/5484/4147 5563/5563/4193
f 5564/5564/4194 1642/1642/1335 5119/5119/3914
f 5564/5564/4194 1643/1643/1336 1642/1642/1335
s 0
f 5565/5565/4195 5566/5566/4195 5567/5567/4195
s 1
f 1819/1819/1460 5568/5568/4196 2420/2420/1937
f 1674/1674/1365 1664/1664/1357 1827/1827/1468
f 1666/1666/1359 1824/1824/1465 1667/1667/1360
s 0
f 5569/5569/4197 5570/5570/4197 5571/5571/4197
s 1
f 2809/2809/2243 5142/5142/3929 5572/5572/4198
f 1876/1876/1501 4515/4515/3506 3377/3377/2672
s 0
f 5573/5573/4199 5574/5574/4199 5575/5575/4199
f 5576/5576/4200 5577/5577/4200 5578/5578/4200
s 1
f 2794/2794/2232 5579/5579/4201 2795/2795/2233
f 3844/3844/3017 3319/3319/2628 3848/3848/3021
f 5580/5580/4202 3236/3236/2561 5342/5342/4065
f 5580/5580/4202 5342/5342/4065 5343/5343/4066
s 0
f 5581/5581/4203 5582/5582/4203 5583/5583/4203
s 1
f 5580/5580/4202 3238/3238/2563 3236/3236/2561
s 0
f 5584/5584/4204 5585/5585/4204 5586/5586/4204
f 5587/5587/4205 5588/5588/4205 5589/5589/4205
s 1
f 1394/1394/1134 1089/1089/882 1779/1779/1432
f 1982/1982/1586 1098/1098/891 4511/4511/3502
f 1109/1109/900 1108/1108/899 5590/5590/4206
f 1282/1282/1042 1281/1281/1041 2525/2525/2019
f 316/316/260 5049/5049/3872 4440/4440/3443
f 3618/3618/2849 5501/5501/4158 3619/3619/2850
f 622/622/496 621/621/495 2567/2567/2048
f 4966/4966/3813 2097/2097/1679 2576/2576/2057
f 5591/5591/4207 5592/5592/4208 5593/5593/4209
s 0
f 5594/5594/4210 5595/5595/4210 5596/5596/4210
s 1
f 5591/5591/4207 5597/5597/4211 5592/5592/4208
f 5598/5598/4212 5364/5364/4080 4580/4580/3557
f 4468/4468/3465 2602/2602/2075 2244/2244/1792
f 5016/5016/3849 5599/5599/4213 4291/4291/3338
s 0
f 5600/5600/4214 5601/5601/4214 5602/5602/4214
s 1
f 3138/3138/2501 2623/2623/2096 3139/3139/2502
f 3417/3417/2702 3409/3409/2698 1609/1609/1304
f 2634/2634/2107 5603/5603/4215 2872/2872/2298
f 2647/2647/2116 5604/5604/4216 3662/3662/2883
f 2065/2065/1651 2064/2064/1650 3069/3069/2444
f 259/259/209 5605/5605/4217 3372/3372/2669
f 4552/4552/3533 5606/5606/4218 3949/3949/3101
s 0
f 5607/5607/4219 5608/5608/4219 5609/5609/4219
s 1
f 5610/5610/4220 5611/5611/4221 5612/5612/4222
f 5613/5613/4223 5614/5614/4223 5615/5615/4223
f 3960/3960/3110 2462/2462/1967 2461/2461/1966
f 2227/2227/1779 188/188/144 184/184/140
f 2394/2394/1915 472/472/380 2113/2113/1692
s 0
f 5616/5616/4224 5617/5617/4224 5618/5618/4224
s 1
f 840/840/658 833/833/655 4979/4979/3820
f 5619/5619/4225 4481/4481/3476 3325/3325/2634
f 5619/5619/4225 5620/5620/4226 4481/4481/3476
f 5619/5619/4225 5621/5621/4227 5620/5620/4226
s 0
f 5622/5622/4228 5623/5623/4228 5624/5624/4228
s 1
f 887/887/697 967/967/771 277/277/227
f 5149/5149/3934 5625/5625/4229 5150/5150/3935
f 4440/4440/3443 5049/5049/3872 4013/4013/3150
f 3816/3816/2996 5255/5255/4008 3817/3817/2997
f 3816/3816/2996 3619/3619/2850 5255/5255/4008
f 4020/4020/3155 4021/4021/3156 5303/5303/4040
f 4020/4020/3155 4301/4301/3346 3191/3191/2538
f 951/951/755 5626/5626/4230 3634/3634/2859
f 5627/5627/4231 5628/5628/4232 5629/5629/4233
f 5630/5630/4234 655/655/521 654/654/520
s 0
f 5631/5631/4235 5632/5632/4235 5633/5633/4235
s 1
f 5634/5634/4236 1754/1754/1413 1753/1753/1412
f 5535/5535/4175 5534/5534/4174 5635/5635/4237
f 5634/5634/4236 987/987/791 1754/1754/1413
f 3389/3389/2684 511/511/403 516/516/408
f 3389/3389/2684 3391/3391/2686 511/511/403
f 4481/4481/3476 3328/3328/2637 3325/3325/2634
s 0
f 5636/5636/4238 5637/5637/4238 5638/5638/4238
s 1
f 5639/5639/4239 5640/5640/4240 2514/2514/2008
f 5639/5639/4239 2514/2514/2008 1031/1031/830
f 2045/2045/1637 2047/2047/1639 4073/4073/3184
f 2045/2045/1637 4073/4073/3184 1038/1038/837
f 4074/4074/3185 4888/4888/3757 4228/4228/3293
f 4074/4074/3185 4227/4227/3292 4075/4075/3186
f 4074/4074/3185 4228/4228/3293 4227/4227/3292
f 2630/2630/2103 4077/4077/3188 2635/2635/2108
f 5641/5641/4241 3443/3443/2722 3440/3440/2719
f 5641/5641/4241 3440/3440/2719 5642/5642/4242
f 1077/1077/870 2313/2313/1848 2312/2312/1847
f 2229/2229/1781 2228/2228/1780 5643/5643/4243
s 0
f 5644/5644/4244 5645/5645/4244 5646/5646/4244
f 5647/5647/4245 5648/5648/4245 5649/5649/4245
s 1
f 1421/1421/1157 1422/1422/1158 5650/5650/4246
f 2944/2944/2356 2945/2945/2357 5651/5651/4247
f 4139/4139/3238 4137/4137/3236 4805/4805/3696
f 171/171/131 3786/3786/2970 2962/2962/2370
f 5652/5652/4248 5653/5653/4249 5654/5654/4250
f 5655/5655/4251 1188/1188/966 1191/1191/969
f 5655/5655/4251 1191/1191/969 5656/5656/4252
f 2123/2123/1700 1198/1198/976 1197/1197/975
f 2510/2510/2006 2509/2509/2005 5657/5657/4253
s 0
f 5658/5658/4254 5659/5659/4254 5660/5660/4254
s 1
f 3586/3586/2823 3585/3585/2822 5661/5661/2823
f 3733/3733/2935 5662/5662/4255 3469/3469/2742
f 3733/3733/2935 4936/4936/3791 5662/5662/4255
f 2351/2351/1876 2356/2356/1879 5663/5663/4256
f 3562/3562/2804 3667/3667/2888 2232/2232/1784
f 3678/3678/2895 3071/3071/2446 3069/3069/2444
f 5048/5048/3871 598/598/472 4013/4013/3150
f 5048/5048/3871 5270/5270/4019 598/598/472
f 5048/5048/3871 4200/4200/3277 5270/5270/4019
f 5048/5048/3871 4013/4013/3150 5049/5049/3872
f 5159/5159/3940 1322/1322/1074 352/352/288
f 4217/4217/3288 1327/1327/1079 3944/3944/3096
f 4494/4494/3487 4425/4425/3430 5664/5664/4257
f 3269/3269/2588 5665/5665/4258 3270/3270/2589
f 1151/1151/935 4915/4915/3775 4135/4135/3234
f 1151/1151/935 1152/1152/936 4915/4915/3775
f 3533/3533/2789 2564/2564/2045 2561/2561/2042
f 3689/3689/2903 2273/2273/1817 5118/5118/3913
f 3687/3687/2901 5666/5666/4259 4821/4821/3706
s 0
f 5667/5667/4260 5668/5668/4260 5669/5669/4260
s 1
f 5280/5280/4025 3697/3697/2911 3310/3310/2619
f 5280/5280/4025 3310/3310/2619 3311/3311/2620
f 5280/5280/4025 5196/5196/3967 3697/3697/2911
f 1741/1741/1404 4840/4840/3719 2601/2601/2074
f 2603/2603/2076 5419/5419/4112 2605/2605/2078
f 4848/4848/3727 1761/1761/1418 3848/3848/3021
s 0
f 5670/5670/4261 5671/5671/4261 5672/5672/4261
f 5673/5673/4262 5674/5674/4262 5675/5675/4262
s 1
f 4415/4415/3422 5676/5676/4263 4417/4417/3424
s 0
f 5677/5677/4264 5678/5678/4264 5679/5679/4264
f 5680/5680/4265 5681/5681/4265 5682/5682/4265
f 5683/5683/4266 5684/5684/4266 5685/5685/4266
f 5686/5686/4267 5687/5687/4267 5688/5688/4267
s 1
f 3634/3634/2859 5626/5626/4230 5502/5502/4159
s 0
f 5689/5689/4268 5690/5690/4268 5691/5691/4268
s 1
f 5692/5692/4269 5693/5693/4270 5694/5694/4271
f 3174/3174/2525 3715/3715/2923 5695/5695/4272
f 2522/2522/2016 1331/1331/1083 722/722/576
f 1342/1342/1094 4153/4153/3248 194/194/148
f 1342/1342/1094 1344/1344/1096 4153/4153/3248
f 5013/5013/3846 5014/5014/3847 5198/5198/3969
f 2771/2771/2215 5329/5329/4058 1357/1357/1107
f 2771/2771/2215 3442/3442/2721 4716/4716/3637
f 2771/2771/2215 4716/4716/3637 5329/5329/4058
f 4725/4725/3642 2310/2310/1845 2313/2313/1848
f 5696/5696/4273 2779/2779/2221 4876/4876/3747
f 5517/5517/4165 2201/2201/1761 3648/3648/2873
f 5516/5516/4164 1093/1093/886 1092/1092/885
f 5697/5697/4274 5698/5698/4275 2302/2302/1837
f 3255/3255/2575 5699/5699/4276 3259/3259/2579
f 5697/5697/4274 2302/2302/1837 2301/2301/1836
f 2826/2826/2258 3800/3800/2984 2827/2827/2259
f 4130/4130/3229 1143/1143/927 778/778/618
f 4692/4692/3621 5700/5700/4277 5701/5701/4278
f 4692/4692/3621 4335/4335/3368 4344/4344/3373
f 4696/4696/3623 4687/4687/3618 5702/5702/4279
f 4692/4692/3621 5701/5701/4278 4335/4335/3368
f 5703/5703/4280 1970/1970/1574 5704/5704/4281
f 1705/1705/1382 1694/1694/1377 5440/5440/4125
f 5703/5703/4280 1971/1971/1575 1970/1970/1574
f 1974/1974/1578 4633/4633/3588 3367/3367/2664
f 1974/1974/1578 3367/3367/2664 1977/1977/1581
f 2034/2034/1630 5705/5705/4282 449/449/365
f 5706/5706/4283 4075/4075/3186 5364/5364/4080
f 2668/2668/2136 1214/1214/988 3928/3928/3086
f 2690/2690/2149 5518/5518/4166 2691/2691/2150
f 5628/5628/4232 5707/5707/4284 5629/5629/4233
f 2697/2697/2156 5545/5545/4183 2701/2701/2158
f 4795/4795/3686 120/120/86 119/119/85
f 127/127/91 5708/5708/4285 129/129/93
f 127/127/91 5044/5044/3869 5708/5708/4285
f 5702/5702/4279 5709/5709/4286 757/757/601
f 5702/5702/4279 757/757/601 759/759/603
f 5702/5702/4279 4687/4687/3618 5709/5709/4286
f 5700/5700/4277 5710/5710/4287 5701/5701/4278
f 5711/5711/4288 164/164/126 158/158/120
f 178/178/136 3961/3961/3111 3959/3959/3109
f 5712/5712/4289 5612/5612/4222 5611/5611/4221
f 724/724/578 722/722/576 1331/1331/1083
f 5713/5713/4290 5654/5654/4250 5653/5653/4249
s 0
f 5714/5714/4291 5715/5715/4291 5716/5716/4291
f 5717/5717/4292 5718/5718/4292 5719/5719/4292
f 5720/5720/4293 5721/5721/4293 5722/5722/4293
s 1
f 4789/4789/3680 2161/2161/1734 2160/2160/1733
s 0
f 5723/5723/4294 5724/5724/4294 5725/5725/4294
s 1
f 1291/1291/1049 2263/2263/1807 3498/3498/2762
f 2266/2266/1810 2195/2195/1757 2193/2193/1755
f 5726/5726/4295 3796/3796/2980 3793/3793/2977
f 5727/5727/4296 4308/4308/3353 4310/4310/3355
s 0
f 5728/5728/4297 5729/5729/4297 5730/5730/4297
s 1
f 4876/4876/3747 2779/2779/2221 2775/2775/2219
f 5731/5731/4298 1820/1820/1461 4683/4683/3614
f 5731/5731/4298 1821/1821/1462 1820/1820/1461
f 5731/5731/4298 4683/4683/3614 2934/2934/2346
f 130/130/94 131/131/95 303/303/249
s 0
f 5732/5732/4299 5733/5733/4299 5734/5734/4299
f 5735/5735/4300 5736/5736/4300 5737/5737/4300
s 1
f 343/343/279 3250/3250/2570 344/344/280
f 2962/2962/2370 3786/3786/2970 2963/2963/2371
f 3789/3789/2973 1182/1182/960 1178/1178/956
s 0
f 5738/5738/4301 5739/5739/4301 5740/5740/4301
s 1
f 1970/1970/1574 1969/1969/1573 5704/5704/4281
f 1396/1396/1136 5741/5741/4302 5234/5234/3991
f 1397/1397/1137 1392/1392/1132 5242/5242/3999
f 5486/5486/4149 5742/5742/4303 5304/5304/4041
s 0
f 5743/5743/4304 5744/5744/4304 5745/5745/4304
s 1
f 5486/5486/4149 5304/5304/4041 467/467/377
f 5285/5285/4028 5286/5286/4029 5746/5746/4305
f 498/498/394 5490/5490/4153 499/499/395
f 439/439/355 5747/5747/4306 443/443/359
f 5748/5748/4307 3568/3568/2807 3567/3567/2807
f 1204/1204/982 949/949/753 1206/1206/984
f 5606/5606/4218 3951/3951/3103 3949/3949/3101
f 5606/5606/4218 4850/4850/3729 3951/3951/3103
s 0
f 5749/5749/4308 5750/5750/4308 5751/5751/4308
s 1
f 4030/4030/3165 1097/1097/890 3832/3832/3008
f 2110/2110/1689 2109/2109/1688 3105/3105/2476
f 2110/2110/1689 3105/3105/2476 4973/4973/3816
s 0
f 5752/5752/4309 5753/5753/4309 5754/5754/4309
f 5755/5755/4310 5756/5756/4310 5757/5757/4310
f 5758/5758/4311 5759/5759/4311 5760/5760/4311
s 1
f 1547/1547/1254 5761/5761/4312 1548/1548/1255
f 1940/1940/1549 382/382/315 4361/4361/3384
f 1950/1950/1555 1952/1952/1557 5762/5762/4313
f 3950/3950/3102 4769/4769/3666 5232/5232/3989
f 3950/3950/3102 5232/5232/3989 4962/4962/3811
f 3950/3950/3102 3953/3953/3105 4769/4769/3666
f 5763/5763/4314 5764/5764/4315 5765/5765/4316
f 5763/5763/4314 5765/5765/4316 5766/5766/4317
f 4384/4384/3403 2849/2849/2275 5033/5033/3860
f 5694/5694/4271 5693/5693/4270 5767/5767/4318
f 4289/4289/3336 5768/5768/4319 4290/4290/3337
s 0
f 5769/5769/4320 5770/5770/4320 5771/5771/4320
s 1
f 511/511/403 3979/3979/3122 512/512/404
f 511/511/403 3391/3391/2686 3979/3979/3122
f 5772/5772/4321 5773/5773/4322 5320/5320/4050
f 4929/4929/3787 2149/2149/1722 2147/2147/1720
f 5772/5772/4321 5320/5320/4050 2148/2148/1721
f 2153/2153/1726 529/529/421 2906/2906/2322
f 2153/2153/1726 533/533/423 529/529/421
f 1172/1172/952 2029/2029/1625 2963/2963/2371
f 5774/5774/4323 543/543/431 2514/2514/2008
s 0
f 5775/5775/4324 5776/5776/4324 5777/5777/4324
s 1
f 2047/2047/1639 3422/3422/2705 4073/4073/3184
f 4939/4939/3794 5778/5778/4325 5779/5779/4326
f 4939/4939/3794 5779/5779/4326 4940/4940/3795
f 4452/4452/3455 5780/5780/4327 4456/4456/3457
f 4452/4452/3455 628/628/502 5780/5780/4327
s 0
f 5781/5781/4328 5782/5782/4328 5783/5783/4328
s 1
f 2602/2602/2075 2601/2601/2074 2245/2245/1793
f 2602/2602/2075 2245/2245/1793 2244/2244/1792
f 2617/2617/2090 4475/4475/3472 2618/2618/2091
f 3333/3333/2642 4490/4490/3483 3989/3989/3132
f 3993/3993/3136 1653/1653/1346 1650/1650/1343
f 3993/3993/3136 1650/1650/1343 4573/4573/3552
f 4075/4075/3186 4227/4227/3292 5364/5364/4080
f 677/677/541 672/672/536 2664/2664/2132
f 4256/4256/3313 4254/4254/3311 4489/4489/3482
s 0
f 5784/5784/4329 5785/5785/4329 5786/5786/4329
f 5787/5787/4330 5788/5788/4330 5789/5789/4330
s 1
f 2767/2767/2211 4290/4290/3337 5790/5790/4331
f 2767/2767/2211 5790/5790/4331 478/478/383
f 4081/4081/3192 5791/5791/4332 990/990/794
f 3451/3451/2730 4904/4904/3767 3452/3452/2731
f 3478/3478/2748 3480/3480/2750 595/595/469
f 3758/3758/2950 5792/5792/4333 3759/3759/2951
f 3758/3758/2950 5793/5793/4334 5792/5792/4333
s 0
f 5794/5794/4335 5795/5795/4335 5796/5796/4335
f 5797/5797/4336 5798/5798/4336 5799/5799/4336
f 5800/5800/4337 5801/5801/4337 5802/5802/4337
f 5803/5803/4338 5804/5804/4338 5805/5805/4338
s 1
f 1609/1609/1304 3409/3409/2698 2625/2625/2098
f 645/645/513 1186/1186/964 646/646/514
f 2177/2177/1745 668/668/532 5509/5509/4162
f 2992/2992/2390 4788/4788/3679 240/240/190
f 4188/4188/3271 5806/5806/4339 4192/4192/3273
f 4188/4188/3271 2716/2716/2171 5806/5806/4339
s 0
f 5807/5807/4340 5808/5808/4340 5809/5809/4340
s 1
f 4210/4210/3283 3095/3095/2466 3094/3094/2465
f 4210/4210/3283 3094/3094/2465 4211/4211/3284
f 4210/4210/3283 2275/2275/1819 3095/3095/2466
f 3690/3690/2904 4946/4946/3799 2743/2743/2191
f 4456/4456/3457 5780/5780/4327 4635/4635/3590
f 4456/4456/3457 4635/4635/3590 4634/4634/3589
f 798/798/632 2702/2702/2159 5090/5090/3897
f 798/798/632 5090/5090/3897 3695/3695/2909
f 1722/1722/1393 2117/2117/1696 5810/5810/4341
f 3149/3149/2506 3139/3139/2502 5290/5290/4033
f 2827/2827/2259 3800/3800/2984 3159/3159/2514
f 5704/5704/4281 1969/1969/1573 5483/5483/4146
f 212/212/162 211/211/161 3385/3385/2680
f 4291/4291/3338 5599/5599/4213 5642/5642/4242
f 4291/4291/3338 5642/5642/4242 3440/3440/2719
f 3264/3264/2584 1038/1038/837 4073/4073/3184
f 2752/2752/2196 2751/2751/2195 5811/5811/4342
f 5812/5812/4343 1829/1829/1470 4996/4996/3831
s 0
f 5813/5813/4344 5814/5814/4344 5815/5815/4344
s 1
f 2450/2450/1959 1023/1023/824 345/345/281
f 5488/5488/4151 4359/4359/3382 2294/2294/1830
f 2018/2018/1618 5342/5342/4065 3236/3236/2561
f 1031/1031/830 2514/2514/2008 1032/1032/831
f 5816/5816/4345 3945/3945/3097 5665/5665/4258
f 5255/5255/4008 3619/3619/2850 5501/5501/4158
s 0
f 5817/5817/4346 5818/5818/4346 5819/5819/4346
s 1
f 849/849/665 847/847/663 5820/5820/4347
f 4981/4981/3822 2252/2252/1798 3684/3684/2899
f 2260/2260/1804 3498/3498/2762 2263/2263/1807
f 800/800/634 799/799/633 4640/4640/3595
f 3633/3633/2858 3435/3435/2714 3434/3434/2713
f 943/943/747 2905/2905/2321 944/944/748
f 261/261/211 255/255/205 5141/5141/3928
s 0
f 5821/5821/378 5822/5822/378 5823/5823/378
s 1
f 3480/3480/2750 5824/5824/4348 595/595/469
f 5825/5825/4349 4619/4619/3580 4615/4615/3578
f 5825/5825/4349 4840/4840/3719 4841/4841/3720
f 5825/5825/4349 4615/4615/3578 4840/4840/3719
f 5329/5329/4058 2097/2097/1679 1357/1357/1107
f 5329/5329/4058 2576/2576/2057 2097/2097/1679
f 779/779/619 778/778/618 1143/1143/927
s 0
f 5826/5826/4350 5827/5827/4350 5828/5828/4350
s 1
f 5806/5806/4339 2716/2716/2171 4620/4620/3581
f 5708/5708/4285 5044/5044/3869 5829/5829/4351
f 5709/5709/4286 5252/5252/4005 3075/3075/2450
f 5709/5709/4286 3075/3075/2450 757/757/601
f 5709/5709/4286 4687/4687/3618 5252/5252/4005
f 2404/2404/1923 5029/5029/3858 2409/2409/1928
f 4199/4199/3276 5272/5272/4021 4200/4200/3277
f 612/612/486 606/606/480 3819/3819/2999
f 5780/5780/4327 627/627/501 4635/4635/3590
f 5780/5780/4327 628/628/502 627/627/501
f 2702/2702/2159 2703/2703/2160 5090/5090/3897
s 0
f 5830/5830/4352 5831/5831/4352 5832/5832/4352
s 1
f 2601/2601/2074 4840/4840/3719 4615/4615/3578
f 2601/2601/2074 4615/4615/3578 2245/2245/1793
f 381/381/314 4361/4361/3384 382/382/315
f 1829/1829/1470 1828/1828/1469 4996/4996/3831
f 3895/3895/3057 3894/3894/3057 5833/5833/4353
f 5764/5764/4315 5834/5834/4354 5765/5765/4316
f 5764/5764/4315 5835/5835/4355 5834/5834/4354
f 2805/2805/2241 739/739/591 257/257/207
f 4483/4483/3478 5650/5650/4246 1422/1422/1158
f 2416/2416/1935 1497/1497/1218 1494/1494/1215
f 5836/5836/4356 5465/5465/4138 5464/5464/4137
f 5272/5272/4021 5270/5270/4019 4200/4200/3277
f 3952/3952/3104 150/150/112 3953/3953/3105
f 5676/5676/4263 5563/5563/4193 4417/4417/3424
f 5676/5676/4263 5837/5837/4357 5563/5563/4193
s 0
f 5838/5838/4358 5839/5839/4358 5840/5840/4358
s 1
f 5195/5195/3966 4576/4576/3555 4575/4575/3554
f 2532/2532/2022 3159/3159/2514 2533/2533/2023
f 5841/5841/4359 5307/5307/4043 5306/5306/4043
s 0
f 5842/5842/4360 5843/5843/4360 5844/5844/4360
s 1
f 5845/5845/4361 990/990/794 5791/5791/4332
f 5699/5699/4276 5846/5846/4362 3259/3259/2579
f 4087/4087/3196 2901/2901/2317 5847/5847/4363
f 4086/4086/3195 3454/3454/2733 3453/3453/2732
f 1098/1098/891 1099/1099/892 4511/4511/3502
s 0
f 5848/5848/4364 5849/5849/4364 5850/5850/4364
f 5851/5851/4365 5852/5852/4365 5853/5853/4365
f 5854/5854/4366 5855/5855/4366 5856/5856/4366
f 5857/5857/4367 5858/5858/4367 5859/5859/4367
s 1
f 449/449/365 5705/5705/4282 451/451/367
f 1554/1554/1261 2786/2786/2228 1555/1555/1262
f 5860/5860/4368 4793/4793/3684 5172/5172/3953
s 0
f 5861/5861/4369 5862/5862/4369 5863/5863/4369
s 1
f 3975/3975/3118 1200/1200/978 1199/1199/977
f 2704/2704/2161 5172/5172/3953 4793/4793/3684
f 3497/3497/2761 3496/3496/2760 5116/5116/3911
f 5563/5563/4193 5837/5837/4357 5864/5864/4370
f 5563/5563/4193 5484/5484/4147 4417/4417/3424
f 1281/1281/1041 3160/3160/2515 2525/2525/2019
f 1125/1125/912 5865/5865/4371 1126/1126/912
f 1185/1185/963 646/646/514 1186/1186/964
s 0
f 5866/5866/4372 5867/5867/4372 5868/5868/4372
s 1
f 3263/3263/2583 4884/4884/3755 4491/4491/3484
f 4303/4303/3348 3194/3194/2541 3191/3191/2538
f 911/911/715 4327/4327/3364 915/915/719
f 2821/2821/2253 4517/4517/3508 2822/2822/2254
f 3945/3945/3097 3270/3270/2589 5665/5665/4258
s 0
f 5869/5869/4373 5870/5870/4373 5871/5871/4373
s 1
f 1953/1953/1558 4309/4309/3354 1628/1628/1321
f 1827/1827/1468 2830/2830/2262 1828/1828/1469
f 2309/2309/1844 1381/1381/1121 2429/2429/1946
f 5356/5356/4074 2815/2815/2247 2816/2816/2248
f 5872/5872/4374 5873/5873/4375 5874/5874/4376
f 4472/4472/3469 2606/2606/2079 5875/5875/4377
f 2606/2606/2079 5876/5876/4378 5875/5875/4377
s 0
f 5877/5877/4379 5878/5878/4379 5879/5879/4379
s 1
f 1912/1912/1527 5880/5880/4380 1914/1914/1529
f 5881/5881/4381 5874/5874/4376 5873/5873/4375
f 1401/1401/1139 1403/1403/1141 4238/4238/3303
f 1832/1832/1473 1834/1834/1475 1835/1835/1476
s 0
f 5882/5882/4382 5883/5883/4382 5884/5884/4382
s 1
f 5885/5885/4383 5187/5187/3960 5186/5186/3959
f 5886/5886/4384 4023/4023/3158 1864/1864/1491
f 1094/1094/887 5536/5536/4176 1099/1099/892
f 3084/3084/2455 1460/1460/1187 5887/5887/4385
f 1460/1460/1187 3082/3082/2453 5887/5887/4385
f 3082/3082/2453 5888/5888/4386 5887/5887/4385
s 0
f 5889/5889/4387 5890/5890/4387 5891/5891/4387
s 1
f 1517/1517/1232 1519/1519/1234 4927/4927/3785
f 1524/1524/1237 1523/1523/1236 5892/5892/4388
f 1524/1524/1237 5892/5892/4388 5893/5893/4389
f 1410/1410/1147 5894/5894/4390 1411/1411/1147
f 5895/5895/4391 538/538/428 5896/5896/4392
f 538/538/428 544/544/432 5896/5896/4392
f 544/544/432 5897/5897/4393 5896/5896/4392
f 4535/4535/3520 4541/4541/3526 5898/5898/4394
