# Blender 5.2.0 LTS
# www.blender.org
mtllib hub_prop_deckbox.mtl
o Mesh_0
v -0.117187 -0.250000 -0.051636
v -0.116211 -0.250000 -0.050903
v -0.117187 -0.250000 -0.050415
v -0.116211 -0.249023 -0.052856
v -0.116699 -0.250000 -0.052124
v -0.118164 -0.249023 -0.050415
v -0.117675 -0.249023 -0.051880
v 0.029663 -0.022217 0.023682
v 0.041748 -0.082031 0.022827
v 0.014893 -0.090332 0.023071
v 0.029663 -0.022217 0.023682
v -0.002578 0.042969 0.022217
v 0.154297 0.127929 0.022095
v 0.066895 -0.035156 0.023682
v -0.038086 -0.042969 0.023316
v 0.029663 -0.022217 0.023682
v 0.169922 0.137696 0.022705
v 0.066895 -0.035156 0.023682
v -0.002578 0.042969 0.022217
v 0.029663 -0.022217 0.023682
v 0.154297 0.127929 0.022095
v 0.169922 0.137696 0.022705
v 0.093262 -0.238281 -0.050415
v 0.091797 -0.226562 -0.053345
v 0.092285 -0.239258 -0.052856
v 0.092774 -0.240234 -0.049682
v 0.092285 -0.224609 -0.049927
v -0.107910 0.037597 0.044800
v -0.108886 0.039795 0.045777
v -0.063965 0.039795 0.045532
v -0.062500 0.037597 0.044068
v -0.107910 0.037597 0.044800
v -0.110351 0.037842 0.044800
v -0.108886 0.039795 0.045777
v -0.061523 0.029785 0.043823
v -0.108398 0.031250 0.044800
v -0.108398 0.031250 0.044800
v -0.060547 -0.125000 0.023438
v -0.067871 -0.122070 0.023804
v -0.064941 -0.122558 0.021729
v -0.059326 -0.123535 0.021362
v -0.040039 -0.119629 0.023560
v -0.060547 -0.124512 0.030884
v 0.108399 0.040283 -0.050659
v 0.105957 0.040283 -0.050415
v 0.106446 0.039795 -0.046997
v 0.108399 0.039062 -0.051880
v 0.107910 0.039551 -0.052124
v 0.108399 0.040039 -0.046997
v 0.109375 0.039551 -0.050659
v 0.071778 -0.244141 0.053345
v 0.057129 -0.245117 0.053101
v 0.054688 -0.249023 0.053101
v 0.071778 -0.244141 0.053345
v 0.091797 -0.243164 0.053589
v 0.078125 -0.238281 0.053833
v 0.094727 -0.247071 0.053589
v 0.075684 -0.249023 0.053345
v 0.075684 -0.249023 0.053345
v 0.063965 -0.235352 0.053589
v 0.063965 -0.235352 0.053589
v -0.115234 0.023438 -0.038452
v -0.117675 0.018189 -0.037964
v -0.115234 0.008056 -0.037475
v -0.118164 0.026611 -0.037964
v -0.115234 0.023438 -0.038452
v -0.115234 0.026489 -0.038452
v -0.118164 0.026611 -0.037964
v -0.107422 -0.207031 0.054077
v -0.107910 -0.206054 0.053589
v -0.113281 -0.195312 0.053833
v -0.111328 -0.210938 0.053833
v -0.107422 -0.222656 0.053833
v -0.101562 -0.212891 0.054077
v 0.102539 0.039795 -0.000892
v 0.101563 0.037110 0.043823
v 0.102539 0.039062 0.044312
v 0.102539 0.039795 -0.000892
v 0.102539 0.039062 0.044312
v 0.105469 0.039795 -0.000923
v 0.102539 0.039795 -0.000892
v 0.101563 0.038086 -0.001114
v 0.101563 0.037110 0.043823
v 0.102539 0.039795 -0.000892
v 0.102539 0.039306 -0.044067
v 0.101563 0.038086 -0.001114
v 0.105469 0.039795 -0.000923
v 0.108399 -0.249023 0.043579
v 0.107910 -0.250000 0.024780
v 0.107910 -0.249023 0.025269
v 0.108399 -0.249023 0.043579
v 0.108399 -0.246094 0.042847
v 0.108399 -0.246094 0.047486
v 0.108399 -0.246094 0.042847
v 0.108399 -0.250000 0.047241
v 0.107422 -0.250000 0.043579
v 0.107422 -0.250000 0.043579
v -0.011841 0.010254 -0.048706
v -0.012207 0.007935 -0.049438
v -0.019897 0.013366 -0.048950
v -0.011841 0.010254 -0.048706
v -0.019897 0.013366 -0.048950
v -0.020019 0.013733 -0.047241
v -0.002700 0.007996 -0.049194
v -0.011902 0.010376 -0.046997
v -0.002533 0.009887 -0.048462
v -0.002533 0.009887 -0.048462
v -0.109863 -0.244141 -0.045044
v -0.109863 -0.244141 -0.043823
v -0.108886 -0.244141 -0.044555
v -0.109863 -0.244141 -0.045044
v -0.108398 -0.243164 -0.045532
v -0.110351 -0.243164 -0.045288
v -0.108886 -0.244141 -0.044555
v -0.107910 -0.244141 -0.045776
v -0.110351 -0.243164 -0.045288
v 0.104004 0.034180 0.051392
v 0.104004 0.037354 0.050903
v 0.060791 0.038330 0.050659
v 0.060547 0.031983 0.050415
v 0.104004 0.021729 0.050903
v 0.104004 0.034180 0.051392
v 0.106446 0.035156 0.051148
v 0.104004 0.037354 0.050903
v 0.104004 0.034180 0.051392
v 0.104004 0.021729 0.050903
v 0.105957 0.021240 0.050903
v 0.105957 0.021240 0.050903
v 0.015503 -0.090820 -0.055542
v 0.015381 -0.090820 -0.054321
v 0.026490 -0.105469 -0.054809
v 0.025513 -0.105469 -0.055298
v 0.002442 -0.109863 -0.056030
v 0.015503 -0.090820 -0.055542
v 0.000161 -0.069824 -0.055786
v 0.001358 -0.069824 -0.054809
v 0.002442 -0.109863 -0.056030
v 0.015381 -0.090820 -0.054321
v -0.180664 0.175781 -0.019287
v -0.172852 0.173828 -0.019409
v -0.177734 0.177734 -0.020141
v -0.182617 0.175781 -0.021850
v -0.182617 0.172852 -0.019653
v -0.179688 0.170898 -0.018921
v -0.179688 0.178711 -0.022217
v -0.109375 -0.094727 -0.002228
v -0.109863 -0.025024 -0.044311
v -0.108398 -0.009522 -0.002197
v -0.109375 -0.094727 -0.002228
v -0.109863 -0.093750 0.043579
v -0.109863 -0.173828 -0.001427
v -0.109375 -0.094727 -0.002228
v -0.109375 -0.025024 0.043335
v -0.109863 -0.093750 0.043579
v -0.108398 -0.009522 -0.002197
v -0.109863 -0.093750 -0.044555
v -0.109375 -0.094727 -0.002228
v -0.109863 -0.173828 -0.001427
v -0.109863 -0.093750 -0.044555
v 0.106446 -0.246094 -0.047973
v 0.106446 -0.249023 -0.047973
v 0.106446 -0.246094 -0.049927
v 0.106446 -0.246094 -0.047973
v 0.106446 -0.176758 -0.000900
v 0.106446 -0.247071 -0.001114
v 0.106446 -0.246094 -0.047973
v 0.106446 -0.247071 -0.001114
v 0.106446 -0.249023 -0.047973
v 0.106446 -0.246094 -0.047973
v 0.106446 -0.176758 -0.050171
v 0.106446 -0.175781 -0.048462
v 0.106446 -0.176758 -0.000900
v 0.106446 -0.246094 -0.049927
v -0.067871 0.034424 0.050415
v -0.067871 0.034180 0.052857
v -0.072754 0.027954 0.050171
v -0.062988 0.037597 0.050659
v -0.064453 -0.249023 0.051392
v -0.003799 -0.246094 0.051148
v -0.063965 -0.246094 0.051392
v -0.064453 -0.249023 0.051392
v -0.112793 -0.249023 0.051148
v -0.113281 -0.250000 0.049439
v -0.064453 -0.249023 0.051392
v -0.064453 -0.250000 0.049927
v -0.003814 -0.249023 0.051148
v -0.064453 -0.250000 0.049927
v -0.064453 -0.249023 0.051392
v -0.003814 -0.249023 0.051148
v -0.003799 -0.246094 0.051148
v -0.063965 -0.246094 0.051392
v 0.109864 0.018432 -0.038452
v 0.108399 0.017944 -0.037720
v 0.109864 0.005951 -0.038208
v 0.109864 0.018432 -0.038452
v 0.109864 0.015991 -0.043823
v 0.109375 0.026856 -0.038696
v 0.108399 0.026245 -0.038208
v 0.109864 0.015991 -0.043823
v 0.108399 0.017944 -0.037720
v 0.083008 -0.158203 0.010803
v 0.081543 -0.159179 0.010376
v 0.082520 -0.160156 0.008972
v 0.083008 -0.158203 0.010803
v 0.084473 -0.158203 0.010498
v 0.082520 -0.156250 0.011658
v 0.084961 -0.158203 0.008972
v 0.081055 -0.158203 0.010864
v 0.081543 -0.159179 0.010376
v 0.084961 -0.158203 0.008972
v -0.113769 0.039306 -0.053345
v -0.107910 0.039062 -0.053833
v -0.113769 0.037597 -0.053589
v -0.116699 0.039306 -0.052124
v -0.113769 0.040039 -0.052856
v -0.107910 0.039795 -0.052856
v -0.113769 0.039306 -0.053345
v -0.107910 0.039795 -0.052856
v -0.107910 0.039062 -0.053833
v -0.117675 -0.245117 0.008972
v -0.117187 -0.249023 0.007843
v -0.118652 -0.249023 0.008240
v -0.118164 -0.245117 0.009155
v -0.117675 -0.234375 0.015442
v -0.115234 -0.249023 0.008362
v -0.114746 -0.243164 0.009033
v -0.117187 -0.234375 0.015686
v 0.074707 0.027588 -0.053589
v 0.062989 0.027466 -0.053833
v 0.057862 0.033691 -0.054077
v 0.079590 0.033448 -0.053345
v 0.074707 0.027588 -0.053589
v 0.093750 0.027099 -0.052612
v 0.075196 0.026977 -0.052856
v 0.079590 0.033448 -0.053345
v 0.094239 0.027954 -0.053589
v 0.062989 0.027466 -0.053833
v 0.106446 -0.177734 0.050415
v 0.106446 -0.096192 0.047730
v 0.106446 -0.095703 0.049195
v 0.104981 -0.176758 0.051392
v 0.106446 -0.177734 0.050415
v 0.106446 -0.247071 0.050415
v 0.106446 -0.247071 0.049195
v 0.105957 -0.174804 0.048218
v 0.104981 -0.176758 0.051392
v 0.105957 -0.174804 0.048218
v -0.024780 0.247071 -0.031860
v -0.015136 0.234375 -0.032104
v -0.039795 0.243164 -0.032104
v -0.021118 0.249023 -0.031128
v -0.019287 0.246094 -0.031372
v -0.024048 0.250000 -0.031128
v -0.028686 0.250000 -0.031372
v -0.102050 -0.225586 -0.050659
v -0.102539 -0.237304 -0.052856
v -0.101562 -0.227539 -0.053345
v -0.102050 -0.225586 -0.050659
v -0.100586 -0.211914 -0.053589
v -0.101074 -0.212891 -0.050415
v -0.101562 -0.227539 -0.053345
v -0.103027 -0.238281 -0.050659
v 0.106446 0.039306 0.046997
v 0.107910 0.037842 0.047486
v 0.107910 0.038574 -0.000732
v 0.106446 0.039306 0.046997
v 0.107422 0.037842 0.049683
v 0.107910 0.037842 0.047486
v 0.106446 0.039306 0.046997
v 0.102539 0.039062 0.044312
v 0.102539 0.039062 0.045532
v 0.106446 0.039306 0.046997
v 0.107910 0.038574 -0.000732
v 0.105469 0.039795 -0.000923
v 0.106446 0.039306 0.046997
v 0.104981 0.039551 0.048706
v 0.107422 0.037842 0.049683
v 0.104981 0.039551 0.048706
v 0.106446 0.039306 0.046997
v 0.105469 0.039795 -0.000923
v 0.102539 0.039062 0.044312
v 0.058594 -0.250000 -0.043579
v 0.080078 -0.250000 -0.045288
v 0.079102 -0.249023 -0.044311
v 0.058594 -0.250000 -0.043579
v 0.055176 -0.250000 -0.050171
v 0.080078 -0.250000 -0.045288
v 0.079102 -0.249023 -0.044311
v 0.058594 -0.250000 -0.042602
v -0.119140 -0.011169 0.050171
v -0.118164 -0.001900 0.044800
v -0.117675 -0.011963 0.049439
v -0.117675 -0.011536 0.052368
v -0.117187 0.006165 0.051880
v -0.118164 0.005768 0.050415
v -0.116211 -0.012207 0.050903
v -0.118164 -0.226562 0.037720
v -0.117187 -0.226562 0.037476
v -0.117187 -0.238281 0.038208
v -0.118164 -0.226562 0.037720
v -0.118164 -0.212891 0.037720
v -0.117187 -0.226562 0.037476
v -0.118652 -0.240234 0.042359
v -0.118164 -0.222656 0.043091
v -0.118164 -0.238281 0.038696
v -0.118164 -0.222656 0.043091
v 0.022950 0.036621 -0.047485
v 0.023682 0.038330 -0.045288
v 0.023438 0.038574 -0.047973
v 0.022950 0.032959 -0.047485
v 0.023316 0.036133 -0.045044
v 0.023438 0.036621 -0.049438
v 0.023560 0.038086 -0.049194
v 0.104004 -0.250000 0.052612
v 0.103516 -0.250000 0.051148
v 0.105957 -0.249023 0.051880
v 0.104004 -0.250000 0.053101
v 0.099121 -0.250000 0.053101
v 0.101563 -0.250000 0.051392
v -0.085937 0.012390 0.021973
v -0.086914 -0.009399 0.023926
v -0.087402 0.011596 0.023926
v -0.086425 0.017578 0.022095
v -0.082031 0.015869 0.021362
v -0.084961 -0.019531 0.021973
v -0.085937 0.012390 0.021973
v -0.084961 -0.019531 0.021973
v -0.086914 -0.009399 0.023926
v -0.077148 -0.245117 -0.053589
v -0.086425 -0.249023 -0.053100
v -0.104980 -0.246094 -0.053589
v -0.077148 -0.245117 -0.053589
v -0.067871 -0.246094 -0.053589
v -0.064941 -0.249023 -0.053589
v -0.064941 -0.249023 -0.053589
v -0.088867 -0.238281 -0.053345
v -0.074707 -0.235352 -0.053833
v -0.074707 -0.235352 -0.053833
v 0.110352 0.027099 0.026612
v 0.110352 0.026977 0.013001
v 0.110352 0.032959 0.023194
v 0.110352 0.032959 0.040650
v 0.109375 0.027222 0.038452
v 0.108399 0.026245 0.026245
v 0.108399 0.026489 0.038208
v 0.048096 -0.133789 -0.030762
v 0.045166 -0.128906 -0.031372
v 0.083496 -0.109375 -0.030884
v 0.048096 -0.133789 -0.030762
v 0.083496 -0.109375 -0.030884
v 0.048584 -0.134766 -0.028564
v 0.001007 -0.163086 -0.031372
v -0.001438 -0.160156 -0.031616
v 0.045166 -0.128906 -0.031372
v -0.114257 0.040283 0.049927
v -0.117187 0.040528 0.049927
v -0.116699 0.040283 0.051392
v -0.114257 0.040283 0.049927
v -0.106933 0.040283 0.053101
v -0.110840 0.040283 0.049195
v -0.115722 0.040283 0.046997
v -0.113769 0.040283 0.052124
v -0.113769 0.040283 0.052124
v -0.115722 0.040283 0.046997
v -0.112304 -0.249023 -0.048218
v -0.114257 -0.250000 -0.050171
v -0.112304 -0.250000 -0.050171
v -0.112304 -0.249023 -0.048218
v -0.063965 -0.250000 -0.048462
v -0.063965 -0.250000 -0.003006
v -0.112304 -0.250000 -0.050171
v -0.114746 -0.249023 -0.049682
v -0.112304 -0.249023 -0.048218
v -0.063965 -0.250000 -0.003006
v -0.112793 -0.250000 -0.002014
v -0.114746 -0.250000 -0.048218
v -0.114746 -0.250000 -0.048218
v 0.095703 0.021363 0.050171
v 0.094239 0.019043 0.052368
v 0.095215 0.026734 0.052368
v 0.095215 0.026489 0.049927
v 0.095703 0.021363 0.050171
v 0.094727 0.014771 0.049927
v 0.094239 0.019043 0.052368
v 0.105957 -0.208984 -0.053100
v 0.106446 -0.193359 -0.052612
v 0.107910 -0.208984 -0.051636
v 0.106934 -0.223633 -0.052856
v 0.104981 -0.222656 -0.053589
v 0.103516 -0.208984 -0.053833
v 0.104493 -0.194336 -0.054077
v -0.026977 0.048828 -0.018555
v -0.023925 -0.113770 -0.018310
v -0.003540 -0.098633 -0.018310
v -0.026977 0.048828 -0.018555
v -0.065918 0.208984 -0.018188
v -0.157227 0.147461 -0.018677
v -0.026977 0.048828 -0.018555
v 0.055420 -0.064453 -0.018555
v 0.015259 0.070312 -0.019043
v -0.026977 0.048828 -0.018555
v 0.015259 0.070312 -0.019043
v -0.065918 0.208984 -0.018188
v -0.026977 0.048828 -0.018555
v -0.157227 0.147461 -0.018677
v -0.095215 0.021972 -0.019775
v -0.026977 0.048828 -0.018555
v -0.095215 0.021972 -0.019775
v -0.023925 -0.113770 -0.018310
v -0.026977 0.048828 -0.018555
v -0.003540 -0.098633 -0.018310
v 0.055420 -0.064453 -0.018555
v -0.029297 -0.070801 0.053589
v -0.029907 -0.068847 0.053589
v -0.055908 -0.104004 0.053833
v -0.029297 -0.070801 0.053589
v -0.001812 -0.034180 0.053101
v -0.001934 -0.031983 0.053101
v -0.054443 -0.103515 0.053833
v -0.001812 -0.034180 0.053101
v -0.001934 -0.031983 0.053101
v 0.085450 0.224609 0.007233
v 0.085450 0.228516 0.006714
v 0.085450 0.229492 0.009644
v 0.085450 0.224609 0.007233
v 0.085450 0.223633 0.010010
v 0.085450 -0.156250 0.006378
v 0.083985 0.229492 0.005646
v 0.085450 0.223633 0.010010
v 0.084473 0.224609 0.005860
v 0.084473 0.224609 0.005860
v 0.076660 -0.236328 0.049927
v 0.076172 -0.236328 0.052368
v 0.090332 -0.238281 0.050415
v 0.063477 -0.235352 0.052612
v 0.063477 -0.234375 0.049927
v -0.115722 0.030517 -0.051147
v -0.113281 -0.029663 -0.050903
v -0.115722 -0.029541 -0.050903
v -0.115722 0.030517 -0.051147
v -0.112793 0.030396 -0.051147
v -0.113281 -0.029663 -0.050903
v -0.115722 0.030517 -0.051147
v -0.116211 0.037597 -0.050415
v -0.114746 0.037354 -0.051147
v -0.115722 0.030517 -0.051147
v -0.115722 -0.029541 -0.050903
v -0.116699 0.030274 -0.049438
v -0.117187 0.036621 -0.049682
v -0.112793 0.030396 -0.051147
v -0.116699 0.030274 -0.049438
v -0.118652 -0.242188 0.045777
v -0.118164 -0.242188 0.049439
v -0.118164 -0.222656 0.049683
v -0.118652 -0.242188 0.045777
v -0.118652 -0.240234 0.042359
v -0.118164 -0.248047 0.046753
v -0.118652 -0.242188 0.045777
v -0.118164 -0.248047 0.046753
v -0.118164 -0.247071 0.050171
v -0.118164 -0.222656 0.043091
v -0.118164 -0.222656 0.043091
v -0.118164 -0.242188 0.049439
v 0.024048 0.035889 -0.043579
v 0.023438 0.027466 -0.043823
v 0.025635 0.027588 -0.043091
v 0.023804 0.037597 -0.043823
v 0.025391 0.036865 -0.043335
v 0.089356 -0.098145 -0.018432
v 0.090332 -0.099121 -0.020752
v 0.091309 -0.039795 -0.018555
v 0.083496 -0.103515 -0.017944
v 0.088868 -0.103028 -0.018799
v 0.083008 -0.034912 -0.018310
v -0.008362 -0.165039 -0.018555
v -0.005920 -0.166016 -0.018432
v -0.007446 -0.160156 -0.017578
v -0.011902 -0.161133 -0.018310
v -0.008362 -0.165039 -0.018555
v -0.011902 -0.161133 -0.018310
v -0.012207 -0.163086 -0.020874
v -0.008667 -0.166016 -0.020752
v -0.012207 -0.163086 -0.020874
v 0.098633 -0.250000 -0.053345
v 0.104004 -0.248047 -0.052856
v 0.099121 -0.250000 -0.053100
v 0.097168 -0.247071 -0.053345
v 0.099610 -0.247071 -0.053589
v 0.098633 -0.250000 -0.053345
v 0.078125 -0.250000 -0.053100
v 0.077637 -0.250000 -0.053345
v 0.098633 -0.250000 -0.053345
v 0.099121 -0.250000 -0.053100
v 0.078125 -0.250000 -0.053100
v 0.098633 -0.250000 -0.053345
v 0.077637 -0.250000 -0.053345
v 0.097168 -0.247071 -0.053345
v -0.115234 0.022949 0.038941
v -0.114746 0.008056 0.037720
v -0.118164 0.019898 0.038208
v -0.115234 0.022949 0.038941
v -0.118164 0.019898 0.038208
v -0.115234 0.026734 0.038941
v -0.109863 -0.168946 -0.045044
v -0.109375 -0.092773 -0.045288
v -0.109863 -0.169922 -0.043823
v -0.109863 -0.168946 -0.045044
v -0.108398 -0.243164 -0.045532
v -0.107910 -0.169922 -0.045044
v -0.109863 -0.243164 -0.043579
v -0.110351 -0.243164 -0.045288
v -0.109863 -0.169922 -0.043823
v -0.109863 -0.168946 -0.045044
v -0.107910 -0.169922 -0.045044
v -0.108398 -0.091308 -0.045044
v -0.109863 -0.168946 -0.045044
v -0.108398 -0.091308 -0.045044
v -0.109375 -0.092773 -0.045288
v 0.031006 0.224609 0.031250
v 0.028809 0.222656 0.033081
v 0.031494 0.223633 0.033081
v 0.028443 0.224609 0.031250
v 0.035889 0.223633 0.031250
v 0.035889 0.223633 0.022827
v 0.031739 0.224609 0.023071
v 0.108399 -0.247071 -0.008484
v 0.108399 -0.244141 -0.024170
v 0.108399 -0.244141 -0.009094
v 0.108887 -0.248047 -0.026123
v 0.107422 -0.249023 -0.007080
v 0.108399 -0.249023 -0.008911
v -0.067871 0.034180 0.053589
v -0.072754 0.027832 0.052857
v -0.079101 0.032959 0.053589
v -0.073242 0.028443 0.053589
v -0.087890 0.037110 0.053833
v -0.064941 0.037597 0.054321
v -0.111816 -0.249023 0.041870
v -0.109863 -0.249023 0.044312
v -0.112304 -0.250000 0.042603
v -0.111816 -0.249023 0.041870
v -0.114257 -0.250000 0.026978
v -0.113281 -0.250000 0.026367
v -0.114257 -0.250000 0.026978
v 0.100098 -0.000900 -0.053100
v 0.093750 0.005707 -0.052856
v 0.094239 0.006012 -0.053589
v 0.100098 -0.000900 -0.053100
v 0.106446 -0.010559 -0.053345
v 0.105469 -0.011719 -0.052856
v 0.104981 -0.010315 -0.050659
v 0.099610 -0.000366 -0.050415
v 0.100586 0.001098 -0.053833
v 0.100586 0.001098 -0.053833
v 0.099610 -0.000366 -0.050415
v 0.002808 -0.145508 0.054077
v 0.023316 -0.138672 0.053589
v 0.048828 -0.103515 0.054321
v -0.054443 -0.103515 0.053833
v 0.002808 -0.145508 0.054077
v -0.027343 -0.138672 0.053345
v 0.002808 -0.145508 0.054077
v -0.002884 -0.170898 0.053589
v 0.023316 -0.138672 0.053589
v 0.002808 -0.145508 0.054077
v -0.027343 -0.138672 0.053345
v -0.002884 -0.170898 0.053589
v -0.119629 0.037110 -0.041138
v -0.119629 0.033691 -0.023559
v -0.120117 0.037354 -0.024170
v -0.120117 0.039551 -0.027099
v -0.119629 0.039062 -0.041382
v -0.119629 0.037110 -0.041138
v -0.119629 0.039062 -0.041382
v -0.119140 0.036133 -0.046753
v -0.119629 0.032959 -0.040405
v -0.119629 0.032959 -0.040405
v -0.116211 -0.184571 0.050659
v -0.116211 -0.184571 0.048950
v -0.115722 -0.247071 0.049927
v -0.116211 -0.184571 0.050659
v -0.115722 -0.247071 0.049927
v -0.115234 -0.246094 0.051148
v -0.116211 -0.184571 0.050659
v -0.115234 -0.246094 0.051148
v -0.115234 -0.185547 0.051392
v -0.116211 -0.184571 0.050659
v -0.115234 -0.185547 0.051392
v -0.116699 -0.095703 0.049439
v -0.116211 -0.184571 0.050659
v -0.116699 -0.095703 0.047730
v -0.116211 -0.184571 0.048950
v -0.116211 -0.184571 0.050659
v -0.116699 -0.095703 0.049439
v -0.116699 -0.095703 0.047730
v 0.014344 0.197266 0.020142
v 0.029053 0.220703 0.020386
v 0.032471 0.190429 0.020996
v 0.014344 0.197266 0.020142
v -0.002578 0.042969 0.022217
v -0.055908 0.054688 0.020752
v -0.002578 0.042969 0.022217
v 0.014344 0.197266 0.020142
v -0.068847 0.052002 0.021240
v 0.010743 0.199219 0.020874
v 0.014344 0.197266 0.020142
v 0.010743 0.199219 0.020874
v 0.025269 0.221679 0.020752
v -0.068847 0.052002 0.021240
v 0.014344 0.197266 0.020142
v 0.025269 0.221679 0.020752
v 0.029053 0.220703 0.020386
v 0.106934 -0.244141 0.008118
v 0.108399 -0.245117 0.008667
v 0.107910 -0.249023 0.007843
v 0.104981 -0.234375 0.015259
v 0.107422 -0.234375 0.015076
v 0.104493 -0.250000 0.007477
v 0.104493 -0.244141 0.008606
v 0.106934 -0.250000 0.007141
v -0.104004 0.027099 -0.052856
v -0.085449 0.026856 -0.052612
v -0.104492 0.026856 -0.050659
v -0.104004 0.027099 -0.052856
v -0.105468 0.027099 -0.053833
v -0.104004 0.027954 -0.053589
v -0.104004 0.027954 -0.053589
v -0.085937 0.027588 -0.053589
v -0.104980 0.026489 -0.052368
v -0.104492 0.026856 -0.050659
v -0.088867 -0.250000 -0.045288
v -0.085937 -0.250000 -0.049194
v -0.065918 -0.250000 -0.049438
v -0.068359 -0.250000 -0.042847
v -0.068847 -0.250000 -0.041870
v -0.088867 -0.250000 -0.045288
v -0.106445 -0.249023 -0.044800
v -0.106445 -0.250000 -0.045532
v -0.106445 -0.249023 -0.044800
v -0.088867 -0.250000 -0.045288
v -0.106445 -0.250000 -0.045532
v -0.085937 -0.250000 -0.049194
v 0.105957 -0.011719 0.053345
v 0.108399 -0.011963 0.052612
v 0.107910 0.005127 0.052124
v 0.104981 -0.012207 0.052857
v 0.106934 -0.012634 0.050659
v 0.100586 -0.000592 0.053589
v 0.099610 -0.001641 0.052368
v 0.105957 -0.011719 0.053345
v 0.104004 0.008362 0.053345
v 0.100586 -0.000592 0.053589
v 0.107910 0.005127 0.052124
v 0.091797 -0.226562 -0.053345
v 0.092285 -0.212891 -0.054077
v 0.092285 -0.227539 -0.054321
v 0.092285 -0.224609 -0.049927
v 0.091309 -0.212891 -0.053345
v 0.092285 -0.227539 -0.054321
v -0.117187 0.036621 0.047241
v -0.116699 0.036621 0.049195
v -0.116699 0.038574 0.048706
v -0.117187 0.036621 0.047241
v -0.116699 0.038574 0.046997
v -0.116699 0.038574 -0.000847
v -0.116211 0.024781 0.047241
v -0.116211 0.031128 -0.000725
v -0.116211 0.024781 0.047241
v -0.116699 0.038574 0.046997
v -0.112793 -0.247071 -0.051147
v -0.062988 -0.245117 -0.050903
v -0.063965 -0.248047 -0.051147
v -0.112793 -0.247071 -0.051147
v -0.114746 -0.246094 -0.051391
v -0.113281 -0.175781 -0.051147
v -0.063965 -0.249023 -0.050659
v -0.112304 -0.249023 -0.051391
v -0.057129 -0.184571 -0.050659
v -0.057129 -0.184571 -0.050659
v -0.112793 -0.247071 -0.051147
v -0.112304 -0.249023 -0.051391
v -0.114746 -0.246094 -0.051391
v 0.099610 0.030762 0.045532
v 0.059082 0.009399 0.044068
v 0.059571 0.029175 0.044068
v 0.062012 0.036865 0.044312
v 0.099610 0.036621 0.045288
v 0.099610 0.030762 0.045532
v 0.099610 0.036621 0.045288
v 0.101563 0.036621 0.044800
v 0.099610 0.030762 0.045532
v 0.099121 -0.024781 0.045532
v 0.059082 0.009399 0.044068
v 0.101075 0.029907 0.045044
v 0.101075 0.029907 0.045044
v 0.089844 -0.103028 -0.020996
v 0.092285 -0.040771 -0.021118
v 0.090332 -0.103028 -0.028564
v 0.090821 -0.098633 -0.028686
v -0.083007 -0.217773 0.011414
v -0.084961 -0.223633 0.010376
v -0.082031 -0.220703 0.011353
v -0.083007 -0.217773 0.011414
v -0.084961 0.226562 0.010742
v -0.085937 -0.219727 0.010803
v -0.085937 -0.219727 0.010803
v -0.076172 -0.179688 0.010925
v -0.083007 -0.217773 0.011414
v -0.082031 -0.220703 0.011353
v 0.078125 -0.156250 0.011475
v -0.076172 -0.179688 0.010925
v 0.054444 -0.249023 0.051392
v -0.004120 -0.250000 0.050171
v 0.054444 -0.250000 0.050415
v 0.054444 -0.249023 0.051392
v 0.054444 -0.250000 0.050415
v 0.103028 -0.249023 0.051148
v -0.003799 -0.246094 0.051148
v -0.003814 -0.249023 0.051148
v 0.053955 -0.246094 0.051636
v 0.053955 -0.246094 0.051636
v -0.119140 0.015747 -0.043823
v -0.118652 0.006103 -0.049438
v -0.119140 -0.001122 -0.044555
v -0.119140 0.005799 -0.038208
v -0.119140 0.019165 -0.038452
v -0.120117 0.031494 -0.044555
v -0.118652 0.017090 -0.049682
v -0.118164 -0.249023 0.043335
v -0.118164 -0.244141 0.042114
v -0.118652 -0.249023 0.025757
v -0.118164 -0.249023 0.043335
v -0.118164 -0.248047 0.047241
v -0.118164 -0.249023 0.043335
v -0.118164 -0.244141 0.042114
v -0.118164 -0.249023 0.043335
v -0.118164 -0.250000 0.026367
v -0.118164 -0.249023 0.043579
v -0.118164 -0.250000 0.026367
v -0.118164 -0.249023 0.043579
v 0.062500 0.026977 -0.052612
v 0.075196 0.026977 -0.052856
v 0.063477 0.027344 -0.049682
v 0.057129 0.033691 -0.050415
v 0.056641 0.033448 -0.053345
v 0.075196 0.027099 -0.050171
v 0.062500 0.026977 -0.052612
v 0.075196 0.027099 -0.050171
v 0.104493 -0.194336 0.052857
v 0.097168 -0.205078 0.053101
v 0.098633 -0.204102 0.053833
v 0.105957 -0.194336 0.053589
v 0.106446 -0.193359 0.050903
v 0.103516 -0.196289 0.050903
v -0.067382 0.038574 -0.044311
v -0.030029 0.036377 -0.043091
v -0.029785 0.039306 -0.044800
v -0.067382 0.038574 -0.044311
v -0.067871 0.040039 -0.045288
v -0.107910 0.037597 -0.044800
v -0.066406 0.036865 -0.043823
v -0.067871 0.040039 -0.045288
v -0.066406 0.036865 -0.043823
v -0.002426 -0.032226 -0.052856
v 0.025147 -0.068360 -0.050171
v 0.025269 -0.068847 -0.053589
v -0.002411 -0.033935 -0.053100
v -0.029663 -0.069336 -0.053833
v -0.002670 -0.031739 -0.050171
v 0.181641 0.159179 0.024292
v 0.181641 0.159179 0.032349
v 0.183594 0.157227 0.024048
v 0.176758 0.163086 0.024536
v 0.176758 0.163086 0.032349
v 0.182618 0.156250 0.021729
v 0.180664 0.159179 0.022095
v 0.099121 -0.243164 -0.045532
v 0.100098 -0.244141 -0.045044
v 0.100586 -0.243164 -0.044800
v 0.099121 -0.243164 -0.045532
v 0.056397 -0.243164 -0.045532
v 0.098633 -0.244141 -0.045532
v 0.099121 -0.243164 -0.045532
v 0.099610 -0.168946 -0.044800
v 0.098145 -0.168946 -0.045044
v 0.056397 -0.243164 -0.045532
v 0.100586 -0.243164 -0.044800
v 0.098633 -0.244141 -0.045532
v -0.114746 0.027222 0.050659
v -0.115722 0.036621 0.050415
v -0.116699 0.036621 0.049195
v -0.116211 0.022339 0.049195
v -0.114746 0.027222 0.050659
v -0.116211 0.024781 0.047241
v -0.114257 -0.224609 -0.038208
v -0.117187 -0.211914 -0.037475
v -0.116699 -0.226562 -0.037475
v -0.114257 -0.224609 -0.038208
v -0.114257 -0.211914 -0.037964
v -0.117187 -0.211914 -0.037475
v -0.113769 -0.237304 -0.039184
v 0.078614 0.036377 0.053833
v 0.058106 0.033691 0.053833
v 0.083985 0.033203 0.053833
v 0.097168 0.032470 0.053589
v 0.078614 0.036377 0.053833
v 0.075684 0.038330 0.053833
v 0.055176 0.037110 0.053833
v 0.078614 0.036377 0.053833
v 0.099121 0.037354 0.053589
v 0.075684 0.038330 0.053833
v 0.078614 0.036377 0.053833
v 0.097168 0.032470 0.053589
v 0.099121 0.037354 0.053589
v 0.058106 0.033691 0.053833
v 0.106934 -0.250000 -0.050903
v 0.107422 -0.250000 -0.051636
v 0.107910 -0.250000 -0.050659
v 0.106934 -0.250000 -0.050903
v 0.102539 -0.250000 -0.049682
v 0.104004 -0.250000 -0.051636
v 0.106446 -0.250000 -0.052368
v 0.107422 -0.250000 -0.051636
v 0.106934 -0.250000 -0.047973
v 0.104493 -0.250000 -0.047485
v 0.104493 -0.250000 -0.047485
v -0.012695 0.008423 0.042847
v -0.003997 -0.088867 0.044068
v -0.059814 -0.089844 0.044312
v -0.012695 0.008423 0.042847
v -0.012268 0.011048 0.043579
v -0.001999 0.007538 0.042847
v -0.012695 0.008423 0.042847
v -0.059814 -0.089844 0.044312
v -0.063476 -0.022461 0.044068
v -0.063476 -0.022461 0.044068
v -0.024780 0.015991 0.043335
v -0.020996 0.014771 0.043579
v -0.012695 0.008423 0.042847
v -0.001999 0.007538 0.042847
v -0.003997 -0.088867 0.044068
v -0.102050 -0.238281 0.053589
v -0.100586 -0.240234 0.053345
v -0.101562 -0.238281 0.052612
v -0.102050 -0.237304 0.052368
v -0.101562 -0.226562 0.054077
v -0.102050 -0.238281 0.053589
v -0.109375 -0.244141 0.053101
v -0.104492 -0.246094 0.053101
v -0.104492 -0.246094 0.053101
v -0.102050 -0.238281 0.053589
v -0.101562 -0.226562 0.054077
v -0.105957 -0.239258 0.053345
v -0.109375 -0.244141 0.053101
v 0.106446 0.027099 -0.014465
v 0.106446 0.026856 -0.025024
v 0.109375 0.026856 -0.014221
v 0.106446 0.034668 -0.008606
v 0.037354 -0.084961 0.033814
v 0.011414 -0.097656 0.032593
v 0.038086 -0.086426 0.031861
v 0.041748 -0.083008 0.034058
v 0.042237 -0.078613 0.034058
v 0.014466 -0.089355 0.033814
v 0.037354 -0.084961 0.033814
v -0.024658 -0.108887 0.033081
v 0.011414 -0.097656 0.032593
v 0.014466 -0.089355 0.033814
v -0.183593 0.168946 -0.033081
v -0.164062 0.142578 -0.033081
v -0.166992 0.141602 -0.032348
v -0.183593 0.166992 -0.030517
v -0.180664 0.169922 -0.033569
v -0.183593 0.170898 -0.030517
v -0.183593 0.171875 -0.032837
v -0.181641 0.175781 -0.033569
v -0.118652 -0.249023 -0.025268
v -0.118652 -0.249023 -0.008179
v -0.119140 -0.245117 -0.024536
v -0.118652 -0.249023 -0.043335
v -0.118652 -0.250000 -0.025879
v -0.118652 -0.246094 -0.042847
v -0.118652 -0.249023 -0.025268
v -0.118652 -0.246094 -0.042847
v -0.118652 -0.249023 -0.043335
v 0.022950 0.019043 0.049195
v 0.015992 0.013427 0.048462
v 0.018555 0.012634 0.049439
v 0.056153 -0.022094 0.050171
v 0.022950 0.019043 0.049195
v 0.060303 0.008606 0.050415
v 0.026245 0.026734 0.049683
v 0.056153 -0.022094 0.050171
v 0.023438 0.025269 0.047730
v 0.020996 0.018921 0.047486
v 0.026245 0.026734 0.049683
v 0.023926 0.025635 0.049195
v 0.103516 -0.175781 -0.051391
v 0.049317 -0.173828 -0.050903
v 0.104493 -0.095703 -0.050903
v 0.106446 -0.095703 -0.050659
v 0.105469 -0.176758 -0.050659
v 0.103516 -0.175781 -0.051391
v 0.103516 -0.246094 -0.050903
v 0.053711 -0.245117 -0.051147
v 0.049317 -0.173828 -0.050903
v 0.105469 -0.247071 -0.050903
v 0.105469 -0.176758 -0.050659
v -0.110840 0.039551 0.045288
v -0.111328 0.040039 0.043823
v -0.112793 0.040039 0.048462
v -0.114746 0.040283 0.047241
v -0.073242 -0.234375 0.050171
v -0.085937 -0.237304 0.050171
v -0.073242 -0.235352 0.053101
v -0.066894 -0.244141 0.050659
v 0.110352 0.036133 -0.046753
v 0.110352 0.038086 -0.047241
v 0.110352 0.037110 -0.041382
v 0.109864 0.038086 -0.050659
v 0.110352 0.036133 -0.046753
v 0.110352 0.037110 -0.041382
v 0.109864 0.032715 -0.040893
v 0.109864 0.035645 -0.050415
v 0.110352 0.031250 -0.044800
v 0.110352 0.031250 -0.044800
v 0.104981 -0.250000 -0.001427
v 0.102539 -0.250000 -0.001236
v 0.103028 -0.250000 -0.046020
v 0.104981 -0.250000 -0.001427
v 0.103028 -0.250000 -0.046020
v 0.104493 -0.250000 -0.048218
v 0.104981 -0.250000 -0.001427
v 0.105957 -0.248047 0.048706
v 0.104981 -0.250000 0.048706
v 0.106446 -0.250000 -0.001304
v 0.102539 -0.250000 -0.001236
v 0.104981 -0.250000 -0.001427
v 0.104493 -0.250000 -0.048218
v 0.106446 -0.250000 -0.001304
v -0.115722 -0.010315 -0.053345
v -0.114746 0.006836 -0.053100
v -0.109863 0.000458 -0.053589
v -0.109863 -0.000931 -0.052612
v -0.115234 -0.011657 -0.052612
v -0.117675 -0.011536 -0.052612
v -0.117187 0.006378 -0.052612
v -0.115722 -0.010315 -0.053345
v -0.117187 0.006378 -0.052612
v -0.114746 0.006836 -0.053100
v -0.076172 -0.117188 0.024170
v -0.082031 -0.110840 0.023804
v -0.076660 -0.116211 0.022217
v -0.067871 -0.122070 0.030396
v -0.075683 -0.117188 0.030274
v 0.107910 -0.242188 0.050415
v 0.108399 -0.242188 0.046753
v 0.107910 -0.222656 0.048950
v 0.107910 -0.242188 0.050415
v 0.107422 -0.248047 0.051880
v 0.107910 -0.247071 0.050171
v 0.107910 -0.242188 0.050415
v 0.107422 -0.222656 0.051392
v 0.107422 -0.242188 0.051880
v 0.107422 -0.242188 0.051880
v 0.107910 -0.222656 0.048950
v 0.108399 -0.242188 0.046753
v -0.026001 0.019287 -0.045044
v -0.025879 0.019043 -0.043579
v -0.020263 0.013855 -0.044800
v -0.026001 0.019287 -0.045044
v -0.028442 0.028076 -0.043579
v -0.025879 0.019043 -0.043579
v -0.025757 0.019043 -0.047241
v -0.028320 0.028321 -0.045288
v -0.025757 0.019043 -0.047241
v -0.106933 -0.250000 -0.049438
v -0.107422 -0.250000 -0.051636
v -0.086425 -0.250000 -0.051880
v -0.106933 -0.250000 -0.049438
v -0.113281 -0.250000 -0.049438
v -0.107422 -0.250000 -0.051636
v -0.110840 -0.250000 -0.045776
v -0.106445 -0.250000 -0.045532
v 0.107910 0.020508 0.047730
v 0.107910 0.034912 0.047486
v 0.108399 0.021484 0.050171
v 0.107910 0.020508 0.047730
v 0.108399 0.021484 0.050171
v 0.107910 -0.028931 0.049195
v 0.107910 0.020508 0.047730
v 0.107422 -0.029419 0.048218
v 0.105957 -0.020141 -0.001076
v 0.107910 0.020508 0.047730
v 0.105957 -0.020141 -0.001076
v 0.106934 0.031494 -0.000345
v 0.107910 0.034912 0.047486
v 0.107910 -0.028931 0.049195
v 0.048096 -0.134766 -0.020996
v 0.000824 -0.163086 -0.018432
v -0.000095 -0.165039 -0.020996
v 0.047364 -0.133789 -0.017700
v 0.083985 -0.110352 -0.021240
v 0.000214 -0.165039 -0.028686
v 0.048096 -0.134766 -0.020996
v 0.083985 -0.110352 -0.021240
v 0.082520 -0.108887 -0.018310
v 0.082520 -0.108887 -0.018310
v -0.116699 0.038086 0.052124
v -0.113769 0.038086 0.053101
v -0.116699 0.039306 0.052124
v -0.118164 0.037842 0.051148
v -0.116211 0.035889 0.052368
v -0.117675 0.039306 0.051392
v -0.113769 0.035889 0.052857
v -0.116211 -0.193359 -0.052124
v -0.114257 -0.194336 -0.052368
v -0.116211 -0.194336 -0.053589
v -0.118164 -0.194336 -0.049927
v -0.117675 -0.194336 -0.049438
v -0.115234 -0.195312 -0.049682
v 0.025391 0.038574 0.044800
v 0.024292 0.038330 0.048218
v 0.025513 0.038574 0.048218
v 0.062012 0.036865 0.044312
v 0.025513 0.036377 0.043579
v 0.025391 0.038574 0.044800
v 0.024170 0.037597 0.044312
v 0.024170 0.038086 0.045532
v 0.024292 0.038330 0.048218
v 0.061280 0.039306 0.045532
v 0.025513 0.036377 0.043579
v 0.102051 -0.249023 -0.042602
v 0.103028 -0.250000 -0.042847
v 0.104004 -0.250000 -0.030762
v 0.104004 -0.249023 -0.026611
v 0.102051 -0.249023 -0.042602
v 0.100098 -0.249023 -0.044800
v 0.103028 -0.250000 -0.042847
v -0.083984 0.027222 0.050171
v -0.086914 0.027099 0.052124
v -0.065918 -0.245117 0.052857
v -0.063476 -0.249023 0.050415
v 0.107910 0.035156 -0.047241
v 0.107422 0.024170 -0.047973
v 0.107910 0.035400 -0.049682
v 0.107422 0.037842 -0.047973
v 0.107910 0.035156 -0.047241
v 0.107422 0.037842 -0.047973
v 0.107910 0.038574 -0.000732
v 0.107910 0.035156 -0.047241
v 0.107910 0.038574 -0.000732
v 0.106934 0.031494 -0.000345
v 0.107910 0.035156 -0.047241
v 0.106934 0.031494 -0.000345
v 0.107422 0.024170 -0.047973
v 0.025513 -0.069336 0.053833
v 0.052491 -0.103028 0.050171
v 0.025147 -0.068847 0.050171
v 0.050293 -0.103515 0.054077
v 0.051514 -0.103028 0.053833
v 0.048828 -0.103515 0.054321
v 0.026734 -0.079102 0.053833
v 0.052246 -0.104004 0.052857
v 0.025513 -0.069336 0.053833
v 0.026734 -0.079102 0.053833
v 0.025147 -0.068847 0.050171
v -0.085937 0.231446 0.004700
v -0.083984 0.230469 0.003937
v -0.084472 0.226562 0.003235
v -0.085937 0.226562 0.004608
v -0.086425 0.229492 0.006317
v -0.085449 0.232422 0.006073
v -0.113769 -0.250000 0.052612
v -0.116699 -0.250000 0.051636
v -0.116211 -0.250000 0.051148
v -0.112304 -0.250000 0.052368
v -0.109375 -0.250000 0.052857
v -0.113769 -0.250000 0.051392
v -0.113769 -0.248047 0.052612
v 0.092774 0.010071 -0.020874
v 0.092285 0.017700 -0.018432
v 0.092285 0.010498 -0.018188
v 0.092774 0.010071 -0.020874
v 0.092285 0.010498 -0.018188
v 0.092285 -0.040771 -0.021118
v 0.092774 0.010071 -0.020874
v 0.092285 -0.040771 -0.021118
v 0.092774 -0.040283 -0.028808
v 0.093750 0.009826 -0.028320
v 0.093262 0.016479 -0.020752
v 0.092774 0.010071 -0.020874
v 0.092774 -0.040283 -0.028808
v 0.093750 0.009826 -0.028320
v 0.107910 -0.226562 0.037964
v 0.108399 -0.222656 0.043091
v 0.108399 -0.241211 0.042603
v 0.107910 -0.226562 0.037964
v 0.108399 -0.213867 0.037964
v 0.108399 -0.222656 0.043091
v 0.107910 -0.226562 0.037964
v 0.107422 -0.238281 0.039429
v 0.107422 -0.237304 0.038208
v 0.106934 -0.226562 0.037720
v 0.106934 -0.226562 0.037720
v 0.108399 -0.241211 0.042603
v -0.062988 0.037597 -0.050415
v -0.067382 0.034180 -0.053345
v -0.062256 0.038086 -0.053100
v -0.064453 0.039795 -0.052612
v -0.064941 0.039551 -0.049927
v -0.066894 0.034180 -0.050659
v -0.035400 -0.116699 -0.032104
v -0.107422 0.021606 -0.033081
v -0.026855 -0.117188 -0.032837
v -0.012329 -0.161133 -0.031616
v -0.037109 -0.116211 -0.028808
v -0.035400 -0.116699 -0.032104
v -0.110840 0.020386 -0.029785
v -0.109863 0.020752 -0.032593
v -0.107422 0.021606 -0.033081
v -0.037109 -0.116211 -0.028808
v 0.103516 0.039795 0.049927
v 0.099121 0.039795 0.053101
v 0.104493 0.039795 0.051880
v 0.107910 0.039795 0.050171
v 0.105957 0.039551 0.047241
v 0.078614 0.039551 0.050171
v 0.101075 0.039306 0.048218
v -0.004471 -0.246094 -0.051147
v -0.062988 -0.245117 -0.050903
v -0.004440 -0.198242 -0.049927
v -0.004471 -0.246094 -0.051147
v -0.004440 -0.198242 -0.049927
v 0.053711 -0.245117 -0.051147
v 0.055909 -0.248047 -0.051147
v -0.004562 -0.248047 -0.050903
v -0.004471 -0.246094 -0.051147
v -0.004562 -0.248047 -0.050903
v -0.063965 -0.248047 -0.051147
v -0.062988 -0.245117 -0.050903
v -0.118164 0.027099 0.026001
v -0.115234 0.027588 0.038696
v -0.117675 0.027466 0.038208
v -0.118164 0.027099 0.026001
v -0.118652 0.027466 0.013611
v -0.115722 0.027588 0.025025
v -0.117675 0.027466 0.038208
v -0.119629 0.028076 0.026612
v -0.119629 0.027832 0.013611
v -0.115234 0.027588 0.038696
v -0.118652 -0.205078 -0.044067
v -0.118164 -0.208008 -0.049927
v -0.118164 -0.222656 -0.048218
v -0.117187 -0.211914 -0.037475
v -0.117675 -0.204102 -0.044311
v -0.118164 -0.221679 -0.042358
v -0.118164 -0.212891 -0.037231
v -0.118652 -0.205078 -0.044067
v -0.118164 -0.212891 -0.037231
v -0.117187 -0.211914 -0.037475
v 0.023926 0.036377 0.047974
v 0.024292 0.037597 0.049439
v 0.025513 0.038574 0.048218
v 0.104004 -0.248047 -0.052856
v 0.099610 -0.247071 -0.053589
v 0.104004 -0.247071 -0.053100
v 0.106446 -0.250000 -0.052612
v 0.104004 -0.250000 -0.052612
v 0.104004 -0.250000 -0.052612
v -0.086914 0.017456 0.023926
v -0.087402 0.017090 0.030396
v -0.084961 0.023193 0.023804
v -0.087402 0.011841 0.030884
v -0.085937 -0.238281 0.053833
v -0.085937 -0.238281 0.053833
v -0.085449 -0.237304 0.052857
v -0.099609 -0.238281 0.052124
v -0.099609 -0.238281 0.052124
v -0.074218 -0.235352 0.053589
v -0.104492 -0.246094 0.053101
v -0.082031 -0.243164 0.053101
v 0.110840 0.033203 -0.028076
v 0.110352 0.034668 -0.009521
v 0.110352 0.027466 -0.026733
v 0.110840 0.033203 -0.028076
v 0.110352 0.027466 -0.026733
v 0.109864 0.027710 -0.037964
v 0.109864 0.032715 -0.040893
v 0.111328 0.037110 -0.026245
v 0.110352 0.037110 -0.041382
v 0.111328 0.037110 -0.026245
v 0.044678 -0.082520 0.031861
v 0.043701 -0.081543 0.033814
v 0.042481 -0.084472 0.032105
v 0.045166 -0.083496 0.025147
v 0.047608 -0.078613 0.031861
v 0.043213 -0.084961 0.025025
v -0.175781 0.173828 -0.033325
v -0.083007 0.218750 -0.032104
v -0.061767 0.209961 -0.031616
v -0.175781 0.173828 -0.033325
v -0.178711 0.177734 -0.033081
v -0.061767 0.209961 -0.031616
v -0.157227 0.146484 -0.032837
v -0.085937 0.221679 -0.032348
v -0.085937 0.221679 -0.032348
v -0.114746 -0.250000 0.046997
v -0.116699 -0.250000 0.049927
v -0.117187 -0.250000 0.047486
v -0.114746 -0.250000 0.046997
v -0.117675 -0.250000 0.043823
v -0.113769 -0.250000 0.049439
v -0.112304 -0.250000 0.042603
v -0.111328 -0.250000 0.045777
v -0.117675 -0.250000 0.043823
v 0.093262 0.005981 -0.050415
v 0.094727 0.014709 -0.050171
v 0.105957 -0.222656 0.052857
v 0.103516 -0.222656 0.053345
v 0.106446 -0.242188 0.052857
v 0.105957 -0.222656 0.052857
v 0.107422 -0.222656 0.051392
v 0.107422 -0.208008 0.052124
v 0.105469 -0.208008 0.053101
v 0.103516 -0.222656 0.053345
v -0.030029 0.036377 -0.043091
v -0.028930 0.037842 -0.043823
v -0.029785 0.039306 -0.044800
v -0.028686 0.035889 -0.043335
v -0.029907 0.026856 -0.043335
v -0.063965 0.029052 -0.043579
v -0.029907 0.026856 -0.043335
v -0.030639 -0.109863 -0.055054
v -0.023803 -0.096680 -0.054565
v -0.017334 -0.087890 -0.054565
v -0.020019 -0.093262 -0.055542
v -0.001896 -0.144531 -0.053833
v -0.031250 -0.110352 -0.053833
v -0.001850 -0.143554 -0.055054
v -0.029419 -0.109863 -0.055298
v 0.109375 0.039551 0.025879
v 0.109864 0.039551 0.007355
v 0.106446 0.039062 0.008728
v 0.109375 0.039551 0.025879
v 0.110840 0.039306 0.024780
v 0.109864 0.039551 0.007355
v 0.109375 0.039551 0.042114
v 0.109864 0.039306 0.042114
v 0.106446 0.039062 0.008728
v 0.106446 0.039306 0.027100
v 0.056153 -0.244141 -0.044311
v 0.099121 -0.245117 -0.042847
v 0.098633 -0.244141 -0.044555
v 0.056153 -0.244141 -0.044311
v 0.056153 -0.244141 -0.045044
v -0.004501 -0.244141 -0.045288
v 0.056153 -0.244141 -0.045044
v -0.004684 -0.244141 -0.044555
v 0.056153 -0.244141 -0.042847
v 0.056153 -0.244141 -0.042847
v -0.114746 0.027222 0.050659
v -0.116211 0.022339 0.049195
v -0.115722 -0.026977 0.050659
v -0.113769 0.037110 0.051392
v -0.114746 0.027222 0.050659
v -0.115722 -0.026977 0.050659
v -0.113281 -0.026123 0.050659
v -0.114746 0.027222 0.050659
v -0.113281 -0.026123 0.050659
v -0.113769 0.037110 0.051392
v -0.116699 -0.246094 -0.049927
v -0.116211 -0.248047 -0.049927
v -0.115722 -0.249023 -0.048218
v -0.116699 -0.246094 -0.049927
v -0.116211 -0.246094 -0.048462
v -0.116211 -0.178711 -0.050171
v -0.116699 -0.246094 -0.049927
v -0.115234 -0.176758 -0.050903
v -0.114746 -0.246094 -0.051391
v -0.116211 -0.246094 -0.048462
v -0.114746 -0.248047 -0.051391
v -0.116211 -0.249023 -0.050415
v -0.116699 -0.246094 -0.049927
v -0.116211 -0.178711 -0.050171
v -0.115234 -0.176758 -0.050903
v 0.023926 0.030396 0.045532
v 0.023926 0.035645 0.045532
v 0.024292 0.035645 0.043823
v 0.021851 0.021729 0.045288
v 0.024170 0.029175 0.044068
v 0.023926 0.032226 0.047730
v 0.088379 -0.104980 -0.018677
v 0.085938 -0.106933 -0.018799
v 0.087403 -0.107910 -0.020874
v 0.089356 -0.105469 -0.021240
v -0.003051 -0.166016 -0.018432
v -0.006042 -0.166992 -0.020996
v 0.108887 0.037597 -0.051880
v 0.107910 0.038086 -0.052856
v 0.109375 0.035400 -0.052124
v 0.107910 0.035400 -0.052856
v 0.102539 -0.250000 0.049195
v 0.101563 -0.250000 0.046021
v 0.104493 -0.250000 0.047241
v 0.102539 -0.250000 0.049195
v 0.096680 -0.250000 0.049927
v 0.101563 -0.250000 0.046021
v 0.106934 -0.250000 0.050659
v 0.101563 -0.250000 0.051392
v -0.115234 0.000042 -0.043335
v -0.118164 0.005310 -0.037475
v -0.118652 -0.001488 -0.044067
v -0.115234 0.000042 -0.043335
v -0.118652 -0.001488 -0.044067
v -0.115722 -0.010315 -0.049194
v -0.109375 -0.024658 0.044556
v -0.109375 0.030884 0.044312
v -0.107422 -0.023559 0.045044
v -0.109375 -0.024658 0.044556
v -0.109863 -0.093262 0.044800
v -0.109375 -0.024658 0.044556
v -0.109375 -0.025024 0.043335
v -0.109863 0.030884 0.042847
v -0.109375 -0.024658 0.044556
v -0.109863 0.030884 0.042847
v -0.109375 0.030884 0.044312
v -0.107422 -0.023559 0.045044
v -0.108398 -0.092773 0.045044
v 0.080078 0.229492 0.004975
v 0.082520 0.229492 0.005066
v 0.082520 0.227539 0.004547
v 0.080078 0.229492 0.004975
v -0.082031 0.231446 0.004303
v 0.080567 0.231446 0.006348
v 0.079590 0.227539 0.004486
v 0.080567 0.231446 0.006348
v 0.079590 0.227539 0.004486
v 0.108399 -0.234375 0.015137
v 0.108399 -0.244141 0.023071
v -0.064453 0.037597 -0.054077
v -0.087402 0.038086 -0.054077
v -0.064941 0.039551 -0.054077
v -0.068359 0.034424 -0.054077
v -0.109863 -0.244141 -0.043823
v -0.107910 -0.244141 -0.001617
v -0.108398 -0.244141 -0.043335
v -0.109863 -0.244141 -0.001503
v -0.109375 -0.244141 -0.002014
v -0.109863 -0.243164 -0.043579
v -0.109863 -0.243164 -0.043579
v -0.108398 -0.244141 -0.043335
v 0.093750 0.005402 0.052368
v 0.094239 0.005737 0.053345
v 0.095703 0.027099 0.053833
v 0.095215 0.018432 0.053589
v 0.095215 0.018432 0.053589
v 0.017823 -0.116699 -0.055298
v 0.018677 -0.116211 -0.055298
v -0.001850 -0.143554 -0.055054
v -0.001560 -0.140625 -0.055298
v 0.000428 -0.142578 -0.054809
v -0.120117 0.038086 0.024780
v -0.119140 0.038819 0.006439
v -0.119629 0.035400 0.007996
v -0.120117 0.033935 0.024536
v -0.119629 0.038330 0.042359
v -0.119629 0.040039 0.024414
v -0.117675 -0.249023 0.051392
v -0.117187 -0.250000 0.051148
v -0.116211 -0.247071 0.052124
v 0.017334 0.012024 0.042847
v 0.049561 -0.089844 0.044312
v 0.008118 0.007751 0.042847
v 0.055664 -0.022339 0.044068
v 0.017334 0.012024 0.042847
v 0.022461 0.018432 0.043335
v 0.055664 -0.022339 0.044068
v 0.016114 0.014160 0.043335
v 0.008118 0.007751 0.042847
v 0.007447 0.011048 0.043335
v 0.104493 -0.206054 0.044312
v 0.105469 -0.196289 0.049439
v 0.107422 -0.205078 0.044556
v 0.107422 -0.212891 0.037964
v 0.104493 -0.213867 0.038208
v -0.109375 0.040039 -0.050415
v -0.114257 0.040039 -0.050171
v -0.113769 0.040039 -0.047729
v -0.109375 0.040039 -0.050415
v -0.084961 0.040039 -0.051636
v -0.107910 0.039795 -0.052856
v -0.109375 0.040039 -0.050415
v -0.113769 0.040039 -0.047729
v -0.086914 0.039551 -0.050415
v -0.086914 0.039551 -0.050415
v -0.109375 0.040039 -0.050415
v -0.107910 0.039795 -0.052856
v -0.114257 0.040039 -0.050171
v -0.007446 -0.160156 -0.017578
v -0.033691 -0.116699 -0.018799
v -0.095215 0.021972 -0.019775
v 0.182618 0.155273 0.034546
v 0.183594 0.153321 0.032349
v 0.183594 0.157227 0.032349
v 0.182618 0.155273 0.034546
v 0.181641 0.159179 0.032349
v 0.180664 0.158203 0.034546
v 0.181641 0.152344 0.034302
v 0.183594 0.153321 0.032349
v 0.183594 0.157227 0.032349
v 0.091797 -0.240234 -0.053345
v 0.093262 -0.240234 -0.053833
v 0.088868 -0.238281 -0.052368
v 0.093262 -0.241211 -0.054077
v 0.081055 -0.238281 -0.053833
v 0.091797 -0.240234 -0.053345
v 0.081055 -0.238281 -0.053833
v 0.088868 -0.238281 -0.052368
v -0.102050 -0.227539 -0.054321
v -0.102050 -0.239258 -0.052368
v -0.102539 -0.239258 -0.053833
v -0.103027 -0.238281 -0.050415
v 0.101563 0.037110 0.043823
v 0.101563 0.038086 -0.001114
v 0.101563 0.032226 -0.001007
v 0.101563 0.037110 0.043823
v 0.101563 0.031006 0.043335
v 0.101563 0.031006 0.043335
v 0.108399 -0.250000 -0.043823
v 0.108399 -0.250000 -0.027588
v 0.107422 -0.250000 -0.029663
v 0.108399 -0.250000 -0.043823
v 0.107910 -0.250000 -0.044067
v 0.107910 -0.250000 -0.047729
v 0.107910 -0.250000 -0.044067
v 0.108399 -0.250000 -0.047973
v 0.108399 -0.249023 -0.043335
v 0.108399 -0.249023 -0.043335
v -0.002411 -0.028198 0.050171
v -0.061767 -0.090332 0.050415
v -0.003235 -0.099121 0.050171
v -0.002411 -0.028198 0.050171
v 0.007630 0.007935 0.049195
v -0.002426 0.007873 0.049439
v -0.002411 -0.028198 0.050171
v -0.003235 -0.099121 0.050171
v 0.053711 -0.090332 0.050659
v -0.013122 0.008301 0.049439
v -0.013122 0.008301 0.049439
v 0.053711 -0.090332 0.050659
v -0.086425 -0.250000 0.048706
v -0.106933 -0.250000 0.048706
v -0.106933 -0.250000 0.044800
v -0.086425 -0.250000 0.048706
v -0.084961 -0.250000 0.050171
v -0.106933 -0.250000 0.048706
v -0.086914 -0.250000 0.044800
v -0.065429 -0.250000 0.049439
v -0.106933 -0.250000 0.044800
v 0.106934 0.024658 -0.050903
v 0.107422 -0.029297 -0.049438
v 0.106446 -0.029419 -0.050903
v 0.106934 0.024658 -0.050903
v 0.104004 0.024170 -0.051391
v 0.104004 0.034668 -0.050903
v 0.106934 0.024658 -0.050903
v 0.107910 0.024048 -0.049927
v 0.107422 -0.029297 -0.049438
v 0.106934 0.024658 -0.050903
v 0.106446 -0.029419 -0.050903
v 0.104004 0.024170 -0.051391
v 0.106934 0.024658 -0.050903
v 0.106446 0.035400 -0.051147
v 0.107910 0.024048 -0.049927
v 0.106934 0.024658 -0.050903
v 0.104004 0.034668 -0.050903
v 0.106446 0.035400 -0.051147
v 0.026368 -0.108887 0.054810
v 0.025269 -0.105469 0.055054
v 0.017578 -0.116211 0.055786
v 0.026734 -0.108887 0.053833
v 0.016236 -0.090820 0.055542
v -0.002014 -0.144531 0.053833
v -0.002105 -0.143554 0.055298
v -0.163086 0.143554 -0.019287
v -0.107910 0.021851 -0.020630
v -0.163086 0.143554 -0.019287
v -0.182617 0.168946 -0.019775
v -0.167968 0.143554 -0.020019
v -0.157227 0.147461 -0.018677
v -0.167968 0.143554 -0.020019
v -0.085449 -0.100097 0.023682
v -0.081054 -0.110352 0.021729
v -0.082519 -0.110840 0.030396
v 0.105957 -0.250000 0.049927
v 0.104493 -0.250000 0.050171
v 0.105957 -0.248047 0.048706
v 0.104493 -0.249023 0.051148
v 0.106446 -0.247071 0.050415
v 0.105469 -0.247071 0.051148
v -0.072754 0.027588 -0.050415
v -0.072754 0.027344 -0.052856
v -0.085449 0.026734 -0.050415
v -0.065918 -0.250000 -0.053100
v -0.086425 -0.249023 -0.053100
v -0.064941 -0.249023 -0.053589
v -0.064941 -0.250000 -0.052368
v -0.086425 -0.250000 -0.051880
v -0.065918 -0.250000 -0.053100
v -0.086425 -0.250000 -0.052856
v 0.110352 -0.001220 0.044556
v 0.109375 -0.011475 0.050171
v 0.108399 -0.002136 0.044312
v 0.110352 -0.001220 0.044556
v 0.109375 0.005096 0.050415
v 0.109375 -0.011475 0.050171
v 0.110352 -0.001220 0.044556
v 0.108399 -0.002136 0.044312
v 0.109375 0.005249 0.037964
v 0.110352 0.005737 0.038696
v 0.109864 0.015747 0.044068
v 0.109864 0.015747 0.044068
v 0.104493 -0.237304 -0.038940
v 0.107422 -0.226562 -0.037475
v 0.104981 -0.224609 -0.038208
v 0.104493 -0.238281 -0.038452
v 0.107422 -0.238281 -0.037720
v 0.107422 -0.237304 -0.037964
v -0.113769 0.038086 0.053101
v -0.108886 0.037597 0.053589
v -0.108398 0.039062 0.053345
v -0.113281 0.039306 0.052857
v -0.108886 0.037597 0.053589
v -0.108398 0.039062 0.053345
v -0.118164 -0.234375 -0.013367
v -0.117675 -0.233398 -0.013733
v -0.117187 -0.237304 -0.027466
v -0.118164 -0.237304 -0.027344
v -0.118164 -0.234375 -0.013367
v -0.118164 -0.244141 -0.008545
v -0.117187 -0.244141 -0.008484
v -0.118164 -0.244141 -0.008545
v -0.117675 -0.233398 -0.013733
v 0.056885 0.033448 0.052857
v 0.063477 0.027222 0.053589
v 0.075684 0.027344 0.053833
v 0.075684 0.027344 0.053833
v 0.106934 -0.095703 -0.049682
v 0.107422 -0.029297 -0.049438
v 0.106934 -0.095703 -0.047973
v 0.106934 -0.095703 -0.049682
v 0.107422 -0.029297 -0.049438
v 0.107910 0.024048 -0.049927
v 0.106934 -0.029541 -0.047973
v 0.106934 -0.095703 -0.047973
v -0.081543 0.232422 0.008667
v -0.083496 0.230469 0.010315
v -0.081543 0.230469 0.010254
v -0.081543 0.232422 0.008667
v 0.080078 0.230469 0.010925
v 0.080567 0.231446 0.009216
v -0.081543 0.232422 0.008667
v 0.080567 0.231446 0.009216
v -0.082031 0.232422 0.005615
v -0.083984 0.231446 0.008789
v -0.081543 0.232422 0.008667
v -0.081543 0.230469 0.010254
v 0.080078 0.230469 0.010925
v -0.082031 0.232422 0.005615
v -0.101074 -0.212891 0.053345
v -0.108398 -0.205078 0.050659
v -0.112793 -0.196289 0.050903
v -0.113769 -0.195312 0.052857
v 0.108887 0.040039 -0.029297
v 0.105957 0.039551 -0.041382
v 0.106446 0.040039 -0.021972
v 0.110352 0.039795 -0.029175
v 0.109864 0.040039 -0.041870
v 0.108887 0.040039 -0.029297
v 0.109864 0.039795 -0.016846
v 0.110352 0.039795 -0.029175
v 0.106446 0.040039 -0.021972
v -0.004837 -0.245117 0.043091
v 0.055420 -0.245117 0.043579
v -0.005066 -0.243164 -0.001770
v -0.004837 -0.245117 0.043091
v -0.005066 -0.243164 -0.001770
v -0.063965 -0.244141 0.043335
v -0.004562 -0.244141 0.045044
v -0.004562 -0.244141 0.045044
v -0.118164 0.006256 -0.051147
v -0.118164 0.006256 -0.051147
v -0.119140 -0.010987 -0.049927
v -0.118652 0.006103 -0.049438
v -0.118164 0.017212 -0.051636
v -0.118164 -0.237304 0.026489
v -0.118164 -0.245117 0.009155
v -0.118164 -0.244141 0.024292
v -0.118164 -0.239258 0.037720
v -0.117187 -0.238281 0.037232
v -0.117675 -0.236328 0.026245
v -0.117675 -0.234375 0.015442
v -0.118164 -0.237304 0.026489
v 0.023560 0.034180 -0.049438
v 0.023194 0.027466 -0.048950
v 0.022583 0.027344 -0.047241
v 0.023560 0.034180 -0.049438
v 0.024903 0.037597 -0.049927
v 0.025635 0.034668 -0.050171
v 0.023194 0.027466 -0.048950
v 0.022583 0.027344 -0.047241
v 0.049561 -0.089844 0.044312
v 0.047119 -0.179688 0.044800
v -0.003997 -0.088867 0.044068
v 0.049561 -0.089844 0.044312
v 0.099121 -0.093262 0.045532
v 0.099121 -0.169922 0.046021
v 0.055664 -0.022339 0.044068
v 0.049561 -0.089844 0.044312
v 0.099121 -0.169922 0.046021
v 0.047119 -0.179688 0.044800
v -0.085449 0.220703 -0.018799
v -0.065918 0.208984 -0.018188
v -0.032226 0.247071 -0.017700
v -0.085449 0.220703 -0.018799
v -0.085937 0.222656 -0.019653
v -0.085449 0.220703 -0.018799
v -0.085937 0.222656 -0.019653
v -0.008484 -0.164062 -0.031372
v -0.008606 -0.166016 -0.028808
v -0.012146 -0.163086 -0.028686
v -0.012329 -0.161133 -0.031616
v -0.010498 -0.159179 -0.032104
v -0.006164 -0.165039 -0.031372
v -0.001438 -0.160156 -0.031616
v 0.109864 0.039551 0.046997
v 0.109375 0.039306 0.050171
v 0.110352 0.038086 0.046997
v 0.108399 0.039795 0.046509
v 0.109375 0.039551 0.042114
v 0.109864 0.039306 0.042114
v 0.104981 -0.249023 -0.007690
v 0.107422 -0.243164 -0.008911
v 0.104981 -0.244141 -0.009033
v 0.104493 -0.250000 -0.010742
v -0.113281 0.006500 0.053101
v -0.111328 -0.003052 0.052612
v -0.113281 0.006500 0.053101
v -0.108398 0.001412 0.053589
v -0.109375 0.015747 0.053101
v -0.115722 0.017944 0.052368
v -0.117187 0.006165 0.051880
v -0.111328 -0.003052 0.052612
v -0.085937 -0.218750 0.002609
v -0.083007 -0.216797 0.002411
v -0.083496 -0.221679 0.002411
v -0.085937 -0.218750 0.002609
v -0.087402 -0.219727 0.003937
v -0.085937 0.226562 0.004608
v -0.084961 -0.223633 0.003296
v -0.087402 -0.219727 0.003937
v -0.085937 -0.218750 0.002609
v -0.085937 0.226562 0.004608
v -0.084472 0.226562 0.003235
v -0.085937 -0.218750 0.002609
v -0.084472 0.226562 0.003235
v -0.083007 -0.216797 0.002411
v 0.099610 0.038574 0.053833
v 0.104493 0.038819 0.052857
v 0.099121 0.039795 0.053101
v 0.077149 0.039306 0.053589
v 0.099610 0.038574 0.053833
v 0.099121 0.039795 0.053101
v 0.078614 0.039551 0.050171
v 0.069336 0.039795 0.052857
v 0.077149 0.039306 0.053589
v 0.108399 -0.247071 -0.050171
v 0.108399 -0.249023 -0.050171
v 0.107910 -0.250000 -0.051880
v 0.108399 -0.247071 -0.047485
v 0.107910 -0.247071 -0.051880
v 0.108399 -0.243164 -0.050171
v 0.108887 -0.242188 -0.046753
v -0.011963 0.010803 0.044800
v -0.002289 0.010132 0.044800
v -0.002243 0.010071 0.043579
v -0.020630 0.014344 0.044800
v -0.020385 0.014344 0.046997
v -0.012024 0.010681 0.046997
v -0.106933 -0.250000 0.048706
v -0.106933 -0.250000 0.051880
v -0.113769 -0.250000 0.049439
v -0.106933 -0.250000 0.051880
v -0.106933 -0.250000 0.048706
v -0.111328 -0.250000 0.045777
v 0.106934 -0.010681 -0.049194
v 0.108887 -0.012085 -0.049927
v 0.108887 -0.002212 -0.044311
v 0.105957 -0.000408 -0.043823
v 0.107422 -0.012634 -0.050903
v 0.045655 -0.129883 -0.017334
v 0.005005 -0.155273 -0.017944
v 0.000824 -0.163086 -0.018432
v -0.003112 -0.166992 -0.020996
v -0.003051 -0.166016 -0.018432
v -0.000095 -0.165039 -0.020996
v -0.118164 0.035156 -0.051880
v -0.118164 0.037597 -0.051636
v -0.117187 0.035645 -0.052856
v -0.119140 0.035645 -0.049438
v -0.118164 0.029907 -0.051391
v -0.118652 0.030151 -0.049438
v -0.115234 -0.207031 0.053101
v -0.115722 -0.221679 0.052368
v -0.111328 -0.210938 0.053833
v -0.115234 -0.207031 0.053101
v -0.116211 -0.192383 0.052857
v -0.117187 -0.207031 0.051880
v -0.117187 -0.207031 0.051880
v 0.060303 0.039795 -0.044800
v 0.099610 0.037110 -0.044555
v 0.100098 0.039062 -0.045532
v 0.060303 0.039795 -0.044800
v 0.024903 0.039062 -0.048950
v 0.025025 0.038819 -0.045044
v 0.059571 0.037842 -0.043823
v 0.060303 0.039795 -0.044800
v 0.100098 0.039062 -0.045532
v 0.062989 0.039551 -0.048218
v 0.060303 0.039795 -0.044800
v 0.059571 0.037842 -0.043823
v 0.099610 0.037110 -0.044555
v 0.062989 0.039551 -0.048218
v 0.103516 -0.250000 0.042847
v 0.103516 -0.250000 0.025635
v 0.107422 -0.250000 0.023804
v 0.103516 -0.250000 0.042847
v 0.107422 -0.250000 0.047486
v 0.101563 -0.250000 0.042603
v 0.101563 -0.250000 0.042603
v -0.021606 0.011596 -0.049438
v -0.012207 0.007935 -0.049438
v -0.063476 -0.091797 -0.050415
v -0.021606 0.011596 -0.049438
v -0.063476 -0.026001 -0.049927
v -0.025757 0.018799 -0.048950
v -0.063476 -0.026001 -0.049927
v -0.028198 0.018554 -0.049682
v -0.057129 -0.184571 -0.050659
v 0.110352 0.030762 0.045044
v 0.109375 0.016968 0.049439
v 0.109864 0.015747 0.044068
v 0.110352 0.030762 0.045044
v 0.110352 0.032959 0.040650
v 0.110352 0.035889 0.046997
v 0.109864 0.035400 0.049927
v 0.110352 0.029907 0.049683
v 0.109375 0.016968 0.049439
v 0.110352 0.030762 0.045044
v 0.109864 0.026611 0.039185
v 0.110352 0.030762 0.045044
v 0.109864 0.026611 0.039185
v 0.050782 -0.103028 -0.054077
v 0.049805 -0.103028 -0.054321
v 0.026490 -0.073730 -0.054077
v 0.025269 -0.068847 -0.053589
v 0.051514 -0.103515 -0.053589
v 0.023072 -0.137696 -0.053589
v -0.087402 0.224609 0.006500
v -0.087402 -0.219727 0.003937
v -0.087402 -0.219727 0.005188
v -0.087402 0.224609 0.006500
v -0.086425 0.226562 0.008972
v -0.087402 -0.219727 0.008118
v -0.087402 0.224609 0.006500
v -0.087402 -0.219727 0.008118
v -0.086425 0.226562 0.008972
v -0.087402 0.224609 0.006500
v -0.085937 0.226562 0.004608
v -0.087402 -0.219727 0.003937
v -0.113769 -0.249023 -0.053345
v -0.114257 -0.247071 -0.053589
v -0.109375 -0.245117 -0.054077
v -0.113769 -0.250000 -0.053100
v -0.108398 -0.250000 -0.053345
v -0.108398 -0.249023 -0.053345
v 0.059082 0.009399 0.044068
v 0.055664 -0.022339 0.044068
v 0.022461 0.018432 0.043335
v 0.059082 0.009399 0.044068
v 0.099121 -0.024781 0.045532
v 0.055664 -0.022339 0.044068
v 0.026001 0.027466 0.043579
v 0.059571 0.029175 0.044068
v 0.107422 -0.205078 -0.044067
v 0.107422 -0.211914 -0.037231
v 0.108399 -0.205078 -0.044067
v 0.108887 -0.194336 -0.050415
v 0.105957 -0.195312 -0.049682
v 0.104981 -0.205078 -0.044555
v 0.107910 -0.194336 -0.049682
v -0.064453 0.039795 0.052857
v -0.083496 0.040039 0.052857
v -0.064941 0.039551 0.053589
v -0.062988 0.038086 0.053101
v -0.086914 0.040039 0.049439
v -0.088867 0.040039 0.050659
v -0.065429 0.039795 0.049927
v -0.055420 -0.100097 0.032593
v -0.055908 -0.119140 0.032837
v -0.024658 -0.108887 0.033081
v -0.055420 -0.100097 0.032593
v -0.078125 -0.106933 0.031861
v -0.055908 -0.119140 0.032837
v -0.034424 -0.011292 0.032837
v -0.079590 -0.099121 0.031861
v -0.079590 -0.099121 0.031861
v 0.014466 -0.089355 0.033814
v 0.082520 0.231446 0.006348
v 0.056397 -0.245117 0.052368
v 0.052735 -0.249023 0.052368
v -0.119140 0.027710 -0.013916
v -0.119629 0.035400 -0.008423
v -0.119140 0.027588 -0.026245
v -0.116699 -0.029541 -0.049927
v -0.116699 -0.029785 -0.048462
v -0.116699 0.030151 -0.047729
v -0.116211 -0.095215 -0.049438
v -0.116699 -0.029541 -0.049927
v -0.116699 0.030151 -0.047729
v -0.116699 0.030274 -0.049438
v -0.116699 0.030274 -0.049438
v 0.023560 0.220703 0.030640
v 0.023194 0.219727 0.032837
v 0.026245 0.223633 0.033081
v 0.026612 0.223633 0.023071
v 0.024414 0.221679 0.022705
v 0.009400 0.200196 0.030029
v 0.025879 0.223633 0.030762
v 0.105469 -0.236328 -0.026977
v 0.104493 -0.234375 -0.014160
v 0.107422 -0.234375 -0.013977
v 0.107910 -0.237304 -0.026977
v 0.105469 -0.236328 -0.026977
v 0.107910 -0.237304 -0.026977
v -0.093750 0.033448 0.053589
v -0.085937 0.027710 0.053345
v -0.063965 -0.244141 -0.003204
v -0.107910 -0.244141 -0.001617
v -0.063965 -0.244141 0.043335
v -0.063965 -0.244141 -0.003204
v -0.107910 -0.244141 -0.001617
v -0.109863 -0.244141 0.043823
v -0.108886 -0.245117 0.043579
v -0.107910 -0.244141 -0.001617
v -0.109375 -0.244141 -0.002014
v -0.109863 -0.244141 0.043823
v -0.063965 -0.244141 0.043335
v 0.106446 0.006469 -0.053100
v 0.108887 0.017456 -0.051636
v 0.108887 0.006012 -0.051880
v 0.106446 -0.010559 -0.053345
v 0.100586 0.001098 -0.053833
v 0.106934 0.017456 -0.053100
v 0.052491 -0.103028 0.050171
v 0.052246 -0.104004 0.052857
v 0.023438 -0.138672 0.050415
v -0.119140 0.039795 -0.042114
v -0.115722 0.039795 -0.041870
v -0.117187 0.040039 -0.047241
v -0.119629 0.038574 -0.047485
v -0.119629 0.039062 -0.041382
v -0.119140 0.039795 -0.042114
v -0.119140 0.039795 -0.028076
v -0.115722 0.039795 -0.041870
v -0.118652 0.039795 -0.047485
v -0.113281 -0.246094 0.051148
v -0.115234 -0.246094 0.051148
v -0.114746 -0.248047 0.051148
v -0.113281 -0.246094 0.051148
v -0.115234 -0.185547 0.051392
v -0.115234 -0.246094 0.051148
v -0.113281 -0.246094 0.051148
v -0.113281 -0.246094 0.051148
v -0.112304 -0.184571 0.051148
v -0.115234 -0.185547 0.051392
v -0.112793 -0.249023 0.051148
v -0.113281 -0.246094 0.051148
v -0.063965 -0.246094 0.051392
v -0.112304 -0.184571 0.051148
v 0.091309 0.023193 -0.030639
v 0.093750 0.016601 -0.028198
v 0.093262 0.014344 -0.031372
v 0.087891 0.022461 -0.031372
v 0.090332 0.028076 -0.028442
v 0.092774 0.021972 -0.028198
v 0.091309 0.023193 -0.030639
v 0.061280 0.088867 -0.031860
v 0.090332 0.028076 -0.028442
v 0.087891 0.022461 -0.031372
v 0.085450 -0.155273 0.009278
v 0.085450 -0.155273 0.009278
v 0.084961 -0.158203 0.008972
v 0.084961 -0.158203 0.006561
v 0.085450 -0.155273 0.009278
v 0.085450 0.223633 0.010010
v 0.084961 -0.155273 0.010559
v 0.084961 -0.155273 0.010559
v 0.085450 -0.156250 0.006378
v 0.085450 -0.156250 0.006378
v 0.027100 0.065918 -0.031860
v -0.061767 0.209961 -0.031616
v -0.009094 0.235352 -0.031372
v -0.015136 0.234375 -0.032104
v -0.009094 0.235352 -0.031372
v 0.061280 0.088867 -0.031860
v -0.015136 0.234375 -0.032104
v 0.061280 0.088867 -0.031860
v 0.087891 0.022461 -0.031372
v 0.027100 0.065918 -0.031860
v -0.085449 -0.224609 0.005097
v -0.082031 -0.224609 0.004700
v -0.081543 -0.223633 0.008362
v -0.086914 -0.223633 0.005280
v -0.086914 -0.223633 0.004151
v -0.085449 -0.225586 0.008179
v 0.105469 0.035400 0.052857
v 0.104981 0.037842 0.053345
v 0.099121 0.037354 0.053589
v 0.105469 0.035400 0.052857
v 0.101563 0.029663 0.053345
v 0.107422 0.030029 0.052612
v 0.107910 0.035156 0.052612
v 0.107422 0.037597 0.052612
v 0.104981 0.037842 0.053345
v 0.097168 0.032470 0.053589
v 0.105469 0.035400 0.052857
v 0.097168 0.032470 0.053589
v 0.101563 0.029663 0.053345
v 0.055909 -0.249023 -0.049927
v -0.004715 -0.249023 -0.049927
v 0.055909 -0.249023 -0.049927
v 0.103028 -0.250000 -0.049682
v 0.056153 -0.250000 -0.047485
v 0.056153 -0.250000 -0.047485
v -0.004654 -0.250000 -0.047729
v 0.055909 -0.249023 -0.049927
v 0.103028 -0.248047 -0.051147
v 0.103028 -0.250000 -0.049682
v 0.055909 -0.249023 -0.049927
v 0.055909 -0.248047 -0.051147
v 0.103028 -0.248047 -0.051147
v -0.115234 -0.010071 0.048950
v -0.114746 0.000263 0.043335
v -0.117675 -0.250000 -0.044067
v -0.117675 -0.250000 -0.047729
v -0.117187 -0.250000 -0.047973
v -0.114746 -0.250000 -0.044800
v -0.116211 -0.250000 -0.032104
v -0.118652 -0.250000 -0.044067
v -0.117675 -0.250000 -0.032104
v 0.007630 0.007935 0.049195
v 0.015381 0.013611 0.047486
v 0.007202 0.010376 0.048706
v 0.098633 -0.205078 -0.054077
v 0.098145 -0.204102 -0.053100
v 0.098633 -0.221679 -0.053833
v -0.116211 0.039795 0.008484
v -0.119140 0.040039 0.007996
v -0.115722 0.040039 0.025879
v -0.116211 0.038574 0.006500
v -0.019043 -0.092285 0.055298
v -0.029663 -0.109375 0.055298
v -0.002212 -0.129883 0.056030
v -0.001476 -0.066406 0.055298
v -0.019775 -0.091308 0.055542
v -0.019043 -0.092285 0.055298
v -0.002212 -0.129883 0.056030
v 0.003998 -0.106933 0.056030
v -0.001476 -0.066406 0.055298
v 0.183594 0.153321 0.022217
v 0.179688 0.153321 0.021485
v 0.181641 0.150391 0.022461
v 0.184570 0.153321 0.024292
v 0.098633 -0.244141 0.046021
v 0.098633 -0.245117 0.045532
v 0.055664 -0.244141 0.045777
v 0.098633 -0.244141 0.046021
v 0.100586 -0.244141 0.045777
v 0.100586 -0.245117 0.045288
v 0.055176 -0.243164 0.046021
v 0.099121 -0.243164 0.046265
v 0.100586 -0.243164 0.046021
v 0.098633 -0.245117 0.045532
v 0.099121 -0.243164 0.046265
v -0.104980 0.026611 -0.049927
v -0.104492 0.021363 -0.050171
v -0.116211 -0.184571 0.048950
v -0.115722 -0.178711 -0.000900
v -0.115722 -0.246094 -0.001396
v -0.116211 -0.184571 0.048950
v -0.115722 -0.246094 -0.001396
v -0.116211 -0.246094 0.048462
v -0.115722 -0.178711 -0.000900
v -0.116211 -0.184571 0.048950
v -0.116211 -0.246094 0.048462
v -0.115722 -0.247071 0.049927
v 0.054932 0.039551 -0.052856
v 0.053955 0.037354 -0.050415
v 0.055176 0.039306 -0.049927
v 0.054932 0.039551 -0.052856
v 0.075196 0.039551 -0.049927
v 0.076172 0.039551 -0.051147
v 0.054932 0.039551 -0.052856
v 0.052979 0.037597 -0.053100
v 0.053955 0.037354 -0.050415
v 0.067871 0.039795 -0.053345
v 0.054932 0.039551 -0.052856
v 0.055420 0.039062 -0.053589
v 0.052979 0.037597 -0.053100
v 0.055176 0.039306 -0.049927
v 0.054932 0.039551 -0.052856
v 0.067871 0.039795 -0.053345
v 0.055420 0.039062 -0.053589
v 0.106934 -0.250000 0.052368
v 0.105957 -0.247071 0.052612
v 0.104004 -0.247071 0.053345
v 0.107910 -0.249023 0.051636
v 0.107422 -0.250000 0.051392
v -0.025512 0.016724 -0.043091
v -0.019775 0.013306 -0.043335
v -0.025512 0.016724 -0.043091
v -0.102050 -0.227539 -0.054321
v -0.107910 -0.221679 -0.054077
v -0.101562 -0.213867 -0.054077
v -0.102050 -0.227539 -0.054321
v -0.107422 -0.241211 -0.053833
v -0.107910 -0.221679 -0.054077
v -0.107422 -0.241211 -0.053833
v 0.105957 0.034424 0.007324
v 0.109375 0.034180 0.006928
v 0.105957 0.026856 0.012818
v 0.105957 0.034424 0.007324
v 0.106446 0.038330 0.006561
v 0.109375 0.034180 0.006928
v 0.007263 0.011108 -0.044555
v -0.002258 0.009826 -0.043091
v 0.007080 0.011292 -0.043335
v 0.015259 0.014160 -0.044800
v 0.006958 0.011048 -0.046997
v -0.002334 0.010010 -0.044800
v -0.118164 -0.001900 0.044800
v -0.118652 -0.000694 0.044312
v -0.118164 0.005768 0.037964
v -0.118164 0.005768 0.050415
v -0.114746 0.000263 0.043335
v -0.008545 0.235352 -0.028930
v 0.062500 0.089355 -0.029419
v -0.008545 0.235352 -0.028930
v -0.019653 0.248047 -0.020386
v -0.007904 0.234375 -0.020874
v -0.019165 0.248047 -0.028564
v -0.007904 0.234375 -0.020874
v 0.092774 -0.229492 0.053833
v 0.091797 -0.230469 0.053101
v 0.092774 -0.238281 0.053589
v 0.096680 -0.240234 0.053589
v 0.092774 -0.229492 0.053833
v 0.098145 -0.219727 0.054077
v 0.092285 -0.213867 0.054077
v 0.091797 -0.230469 0.053101
v 0.098145 -0.219727 0.054077
v -0.118164 0.035156 -0.007995
v -0.115722 0.035400 -0.008179
v -0.115722 0.038819 -0.008362
v -0.117675 0.027466 -0.013794
v -0.118652 0.038819 -0.007507
v -0.108398 -0.249023 -0.053345
v 0.109375 0.026611 0.012512
v 0.110352 0.034180 0.007508
v 0.084961 -0.103515 -0.031616
v -0.001438 -0.160156 -0.031616
v 0.031006 -0.081543 -0.032104
v -0.117675 0.040039 0.046753
v -0.117675 0.040039 0.046753
v -0.115234 0.040283 0.042603
v -0.118164 0.039795 0.049927
v -0.118164 0.040283 0.042847
v -0.118164 0.040283 0.042847
v -0.118652 0.040039 0.047486
v -0.118164 -0.240234 -0.038696
v -0.118164 -0.238281 -0.038940
v -0.118652 -0.241211 -0.043335
v -0.117187 -0.238281 -0.037964
v -0.118164 -0.240234 -0.038696
v -0.118652 -0.241211 -0.043335
v -0.118652 -0.246094 -0.042847
v -0.118164 -0.240234 -0.038696
v -0.119140 -0.245117 -0.024536
v -0.118164 -0.237304 -0.027344
v -0.119140 -0.245117 -0.024536
v -0.118164 -0.240234 -0.038696
v -0.117187 -0.238281 -0.037964
v 0.083985 0.033203 0.053833
v 0.094727 0.027832 0.053589
v 0.094727 0.027832 0.053589
v 0.106934 -0.095703 -0.049682
v 0.106446 -0.095703 -0.050659
v 0.106446 -0.029419 -0.050903
v 0.106934 -0.095703 -0.049682
v 0.106934 -0.095703 -0.047973
v 0.106446 -0.175781 -0.048462
v 0.106446 -0.176758 -0.050171
v -0.022827 0.250000 -0.017700
v -0.021972 0.250000 -0.020508
v -0.024414 0.250000 -0.020141
v -0.022705 0.246094 -0.017090
v -0.019043 0.247071 -0.017944
v -0.026489 0.249023 -0.017700
v -0.101562 -0.226562 0.050415
v -0.100097 -0.211914 0.050415
v -0.101562 -0.226562 0.053101
v -0.101074 -0.212891 0.053345
v -0.101562 -0.226562 0.053101
v -0.101562 -0.226562 0.050415
v 0.109375 0.038574 0.005768
v 0.109864 0.037842 0.006287
v 0.054932 -0.250000 0.049195
v 0.076660 -0.250000 0.048462
v 0.072754 -0.250000 0.051880
v 0.053467 -0.248047 0.050171
v 0.053955 -0.250000 0.047974
v 0.054200 -0.250000 0.051880
v 0.057862 -0.250000 0.043823
v -0.119140 -0.001122 -0.044555
v -0.118164 -0.250000 0.050171
v 0.057129 0.010864 -0.043091
v 0.021851 0.018066 -0.042847
v 0.056153 -0.021851 -0.043335
v 0.057862 0.029907 -0.043823
v 0.057129 0.010864 -0.043091
v 0.056153 -0.021851 -0.043335
v 0.096680 -0.022705 -0.044800
v 0.057129 0.010864 -0.043091
v 0.096680 -0.022705 -0.044800
v 0.099610 0.030884 -0.044800
v 0.057862 0.029907 -0.043823
v 0.104493 -0.237304 0.026856
v -0.087402 0.038086 -0.054077
v -0.068359 0.034424 -0.054077
v -0.089355 0.033691 -0.053833
v -0.107910 0.039062 -0.053833
v -0.084472 0.039795 -0.053589
v -0.107422 0.037354 -0.053833
v -0.084472 0.039795 -0.053589
v 0.005005 -0.155273 -0.017944
v -0.007446 -0.160156 -0.017578
v 0.005005 -0.155273 -0.017944
v -0.003540 -0.098633 -0.018310
v -0.033691 -0.116699 -0.018799
v 0.097168 -0.247071 -0.053345
v 0.075196 -0.245117 -0.053345
v 0.099610 -0.247071 -0.053589
v 0.097168 -0.247071 -0.053345
v 0.077637 -0.250000 -0.053345
v 0.075196 -0.245117 -0.053345
v -0.109375 0.030884 0.044312
v -0.109863 0.030884 0.042847
v -0.110351 0.037842 0.043091
v -0.109375 0.030884 0.044312
v -0.108398 0.031250 0.044800
v -0.107422 -0.023559 0.045044
v -0.112793 -0.196289 -0.050659
v -0.107910 -0.205078 -0.053100
v -0.114257 -0.195312 -0.053833
v 0.067383 0.039306 0.047974
v 0.100586 0.038819 0.046265
v 0.061280 0.039306 0.045532
v 0.067383 0.039306 0.047974
v 0.060791 0.038330 0.050659
v 0.067383 0.039306 0.047974
v 0.103516 0.038574 0.050171
v 0.104981 0.039551 0.048706
v 0.067383 0.039306 0.047974
v 0.103516 0.038574 0.050171
v 0.108399 -0.250000 -0.027588
v 0.107910 -0.250000 -0.010315
v 0.107422 -0.250000 -0.029663
v 0.108399 -0.250000 -0.010742
v 0.108887 -0.248047 -0.026123
v -0.020141 0.013794 0.048462
v -0.022216 0.012757 0.049195
v -0.012207 0.010559 0.048706
v -0.025390 0.019165 0.048706
v -0.109375 -0.243164 -0.001671
v -0.110351 -0.243164 0.043823
v -0.109863 -0.244141 -0.001503
v -0.109375 -0.243164 -0.001671
v -0.109863 -0.173828 -0.001427
v -0.110351 -0.243164 0.043823
v -0.109375 -0.243164 -0.001671
v -0.109375 -0.243164 -0.001671
v -0.109863 -0.243164 -0.043579
v -0.109863 -0.169922 -0.043823
v -0.109375 -0.243164 -0.001671
v -0.109863 -0.169922 -0.043823
v -0.109863 -0.173828 -0.001427
v 0.096680 0.032470 -0.054077
v 0.099121 0.037354 -0.054077
v 0.104981 0.035645 -0.053345
v 0.102051 0.030884 -0.053589
v 0.096680 0.032470 -0.054077
v 0.099121 0.037354 -0.054077
v 0.095703 0.027099 -0.053833
v 0.094239 0.027954 -0.053589
v 0.002594 -0.072265 0.053345
v 0.026734 -0.079102 0.053833
v 0.002594 -0.072265 0.053345
v 0.002594 -0.072265 0.053345
v -0.184570 0.173828 -0.030517
v -0.184570 0.170898 -0.022095
v -0.184570 0.173828 -0.022095
v -0.182617 0.175781 -0.030639
v -0.117187 -0.243164 -0.051880
v -0.117675 -0.223633 -0.051147
v -0.116211 -0.222656 -0.052612
v -0.117187 -0.243164 -0.051880
v -0.116211 -0.242188 -0.052856
v -0.116211 -0.247071 -0.052856
v -0.116211 -0.242188 -0.052856
v -0.117675 -0.248047 -0.051880
v -0.118164 -0.242188 -0.050659
v -0.118164 -0.242188 -0.050659
v 0.091797 -0.042236 -0.031128
v 0.089356 -0.021972 -0.032104
v 0.093262 0.007996 -0.031372
v 0.091797 -0.042236 -0.031128
v 0.092774 -0.040283 -0.028808
v 0.090821 -0.098633 -0.031128
v 0.072754 -0.056885 -0.031860
v 0.072754 -0.056885 -0.031860
v 0.092774 -0.040283 -0.028808
v -0.084961 0.230469 0.009766
v -0.084961 0.228516 0.010315
v -0.081543 0.228516 0.011170
v -0.040527 -0.119629 0.032593
v -0.059814 -0.123047 0.032349
v -0.040527 -0.119629 0.032593
v 0.011414 -0.097656 0.032593
v -0.059814 -0.123047 0.032349
v -0.039795 -0.119629 0.030640
v 0.110352 0.038086 -0.047241
v 0.110352 0.039062 -0.041626
v 0.110352 0.037110 -0.041382
v 0.110352 0.039551 -0.047241
v 0.110352 0.039062 -0.041626
v 0.091797 -0.243164 0.053589
v 0.097168 -0.243164 0.053589
v 0.091797 -0.239258 0.053589
v 0.094727 -0.247071 0.053589
v 0.091797 -0.239258 0.053589
v -0.168945 0.142578 -0.022461
v -0.109863 0.020752 -0.022705
v -0.107910 0.021851 -0.020630
v -0.036377 -0.116699 -0.020019
v -0.033691 -0.116699 -0.018799
v -0.107910 0.021851 -0.020630
v -0.109863 0.020752 -0.022705
v -0.036377 -0.116699 -0.020019
v -0.107910 0.021851 -0.020630
v -0.033691 -0.116699 -0.018799
v -0.095215 0.021972 -0.019775
v -0.061767 -0.090332 0.050415
v -0.022216 0.012757 0.049195
v -0.067382 -0.023316 0.050415
v -0.113281 -0.095703 0.050415
v -0.013122 0.008301 0.049439
v -0.061767 -0.090332 0.050415
v -0.113281 -0.095703 0.050415
v -0.059814 -0.170898 0.050659
v -0.059814 -0.170898 0.050659
v 0.083008 0.223633 0.004700
v 0.082032 -0.155273 0.004242
v 0.080078 0.222656 0.004273
v 0.083008 0.223633 0.004700
v 0.083008 0.223633 0.004700
v 0.084473 -0.156250 0.004914
v 0.082032 -0.155273 0.004242
v 0.080078 0.222656 0.004273
v 0.083008 0.223633 0.004700
v 0.084473 0.224609 0.005860
v 0.084473 -0.156250 0.004914
v 0.108399 -0.239258 0.038452
v 0.108399 -0.237304 0.026978
v 0.107422 -0.239258 0.037964
v 0.108399 -0.239258 0.038452
v 0.108399 -0.237304 0.026978
v 0.108399 -0.239258 0.038452
v 0.108399 -0.241211 0.042603
v 0.108399 -0.246094 0.042847
v -0.002304 0.009887 -0.047241
v 0.006958 0.010987 -0.048462
v -0.002533 0.009887 -0.048462
v -0.002304 0.009887 -0.047241
v -0.011779 0.010315 -0.044555
v -0.002334 0.010010 -0.044800
v -0.085937 -0.250000 -0.049194
v -0.064941 -0.250000 -0.052368
v -0.065918 -0.250000 -0.049438
v -0.064941 -0.250000 -0.052368
v 0.104493 -0.010254 0.050415
v 0.099610 -0.000618 0.049927
v 0.049317 -0.173828 -0.050903
v -0.004440 -0.198242 -0.049927
v -0.004501 -0.093750 -0.050415
v 0.049317 -0.173828 -0.050903
v 0.049317 -0.173828 -0.050903
v -0.004501 -0.093750 -0.050415
v 0.055909 -0.090820 -0.050415
v 0.104493 -0.095703 -0.050903
v -0.118652 0.035400 0.007324
v -0.114746 -0.233398 -0.013977
v -0.114257 -0.236328 -0.027832
v -0.114746 -0.233398 -0.013977
v -0.114746 -0.244141 -0.008911
v 0.052979 0.037597 0.053101
v 0.053467 0.037354 0.050415
v 0.054688 0.039551 0.052368
v 0.104981 -0.250000 -0.049682
v 0.105469 -0.249023 -0.050659
v 0.106446 -0.249023 -0.049682
v 0.104493 -0.250000 -0.048218
v 0.104981 -0.250000 -0.049682
v 0.102539 -0.250000 -0.047973
v 0.103028 -0.250000 -0.049682
v 0.103028 -0.250000 -0.049682
v 0.103028 -0.248047 -0.051147
v 0.104493 -0.250000 -0.048218
v -0.081054 -0.015564 0.032349
v -0.082031 0.018066 0.032837
v -0.086425 -0.009094 0.032593
v -0.081054 -0.015564 0.032349
v -0.034424 -0.011292 0.032837
v -0.057373 0.054931 0.032593
v -0.081054 -0.015564 0.032349
v -0.086425 -0.009094 0.032593
v -0.084472 -0.099610 0.032105
v -0.079590 -0.099121 0.031861
v -0.034424 -0.011292 0.032837
v -0.081054 -0.015564 0.032349
v -0.057373 0.054931 0.032593
v -0.082031 0.018066 0.032837
v -0.064453 -0.250000 0.051880
v -0.065429 -0.250000 0.049439
v -0.062744 -0.249023 0.052612
v -0.063476 -0.249023 0.050415
v -0.064941 -0.250000 0.047974
v 0.107422 0.024170 -0.047973
v 0.107910 0.024048 -0.049927
v 0.107910 0.035400 -0.049682
v 0.107422 0.024170 -0.047973
v 0.105957 -0.020141 -0.001076
v 0.106934 -0.029541 -0.047973
v 0.107422 0.024170 -0.047973
v 0.106934 -0.029541 -0.047973
v 0.107910 0.024048 -0.049927
v 0.107422 0.024170 -0.047973
v 0.106934 0.031494 -0.000345
v 0.105957 -0.020141 -0.001076
v 0.082032 -0.155273 0.004242
v 0.083985 -0.158203 0.004914
v 0.079102 -0.156250 0.003403
v 0.084473 -0.156250 0.004914
v 0.082032 -0.155273 0.004242
v 0.079102 -0.156250 0.003403
v 0.080078 0.222656 0.004273
v -0.117187 -0.250000 0.009766
v -0.118164 -0.250000 0.009644
v 0.107910 -0.194336 0.049683
v 0.108399 -0.194336 0.050415
v -0.068359 0.039795 -0.049438
v -0.108886 0.039551 -0.045532
v -0.029785 0.039062 -0.048950
v -0.068359 0.039795 -0.049438
v -0.056640 -0.103515 -0.053345
v -0.027221 -0.138672 -0.053345
v -0.056884 -0.103515 -0.050903
v -0.030029 -0.069336 -0.050171
v -0.029663 -0.069336 -0.053833
v -0.055420 -0.103515 -0.053833
v 0.083496 0.224609 0.012085
v 0.084961 0.224609 0.010987
v 0.084473 0.229492 0.011109
v 0.083496 0.228516 0.011963
v 0.083496 0.224609 0.012085
v 0.082520 -0.156250 0.011658
v 0.084961 -0.155273 0.010559
v 0.080567 0.223633 0.012512
v 0.083496 0.224609 0.012085
v 0.084961 -0.155273 0.010559
v 0.084961 0.224609 0.010987
v 0.083496 0.224609 0.012085
v 0.080567 0.223633 0.012512
v 0.082520 -0.156250 0.011658
v -0.004150 -0.243164 -0.045288
v -0.063476 -0.243164 -0.045532
v -0.063476 -0.244141 -0.045532
v -0.004150 -0.243164 -0.045288
v 0.056397 -0.243164 -0.045532
v -0.004150 -0.243164 -0.045288
v -0.003921 -0.199219 -0.043579
v -0.055664 -0.183594 -0.043579
v 0.047364 -0.177734 -0.044067
v -0.004150 -0.243164 -0.045288
v -0.063476 -0.244141 -0.045532
v -0.004501 -0.244141 -0.045288
v -0.063476 -0.243164 -0.045532
v -0.004150 -0.243164 -0.045288
v 0.047364 -0.177734 -0.044067
v -0.003921 -0.199219 -0.043579
v -0.117675 0.030396 0.051392
v -0.118164 0.035889 0.051880
v -0.118164 0.030151 0.049195
v -0.117675 0.030396 0.051392
v -0.118164 0.030151 0.049195
v -0.118164 0.017212 0.049439
v -0.115722 0.030639 0.052368
v -0.117675 0.017578 0.051392
v -0.115722 0.030639 0.052368
v -0.117675 -0.248047 -0.007355
v -0.118652 -0.249023 -0.008179
v -0.117675 -0.250000 -0.009033
v -0.114746 -0.248047 -0.007873
v -0.002426 0.007873 0.049439
v 0.018555 0.012634 0.049439
v 0.103516 -0.195312 -0.050659
v 0.104493 -0.194336 -0.052856
v 0.099121 -0.204102 -0.050171
v -0.065429 0.039795 0.048462
v -0.108886 0.039795 0.045777
v -0.112793 0.040039 0.048462
v -0.065429 0.039795 0.048462
v -0.002090 -0.031739 0.050171
v -0.029663 -0.068847 0.050171
v -0.056884 -0.104004 0.053345
v -0.029907 -0.068847 0.053589
v -0.002090 -0.031739 0.050171
v 0.083496 0.230469 0.006561
v 0.083985 0.230469 0.009766
v 0.055420 -0.245117 0.043579
v 0.099610 -0.245117 0.044068
v 0.099610 -0.245117 0.044068
v -0.106445 0.032715 -0.053833
v -0.109375 0.030396 -0.053833
v -0.106445 0.032715 -0.053833
v -0.106445 0.032715 -0.053833
v -0.113769 0.037597 -0.053589
v -0.107422 0.037354 -0.053833
v -0.114746 0.035156 -0.053345
v -0.106445 0.032715 -0.053833
v -0.114746 0.035156 -0.053345
v -0.086914 -0.223633 0.008362
v -0.086425 -0.223633 0.009583
v -0.086914 -0.218750 0.009400
v -0.087402 -0.219727 0.008118
v 0.074707 0.037354 -0.054077
v 0.104981 0.038086 -0.053589
v 0.071289 0.038819 -0.053833
v 0.099121 0.039062 -0.053833
v 0.099121 0.039062 -0.053833
v 0.107910 -0.250000 0.050171
v 0.107910 -0.250000 0.047730
v 0.107910 -0.249023 0.049927
v -0.011657 0.010193 -0.043091
v -0.019775 0.010742 -0.042602
v -0.002258 0.009826 -0.043091
v -0.011413 0.007660 -0.042602
v -0.101562 -0.239258 -0.050415
v -0.099609 -0.239258 -0.052368
v -0.087402 -0.237304 -0.050415
v -0.086425 -0.237304 -0.052856
v 0.108887 0.025757 0.038696
v 0.105957 0.025879 0.038941
v 0.106446 0.026734 0.038452
v 0.108887 0.018189 0.037964
v 0.105469 0.020874 0.038941
v 0.108399 0.026489 0.038208
v 0.109375 0.027222 0.038452
v 0.045655 -0.129883 -0.017334
v 0.083496 -0.103515 -0.017944
v 0.055420 -0.064453 -0.018555
v -0.003540 -0.098633 -0.018310
v 0.047364 -0.133789 -0.017700
v 0.082520 -0.108887 -0.018310
v 0.005005 -0.155273 -0.017944
v -0.116699 -0.208008 -0.051880
v -0.114746 -0.208008 -0.053345
v 0.038330 0.216797 0.020752
v 0.036377 0.222656 0.020874
v 0.032471 0.190429 0.020996
v 0.038330 0.216797 0.020752
v 0.173828 0.163086 0.022461
v 0.169922 0.159179 0.021607
v 0.038330 0.216797 0.020752
v 0.036377 0.222656 0.020874
v 0.173828 0.163086 0.022461
v 0.038330 0.216797 0.020752
v 0.169922 0.159179 0.021607
v 0.032471 0.190429 0.020996
v 0.106446 -0.249023 -0.047973
v 0.106446 -0.247071 -0.001114
v 0.106446 -0.250000 -0.001304
v 0.106446 -0.249023 -0.047973
v 0.106446 -0.250000 -0.001304
v 0.104493 -0.250000 -0.048218
v -0.028930 0.024781 0.049439
v -0.067382 -0.023316 0.050415
v -0.028930 0.024781 0.049439
v -0.027832 0.026977 0.048950
v -0.029907 0.034424 0.050171
v -0.027832 0.026977 0.048950
v -0.067382 0.032959 0.050415
v -0.063965 0.014099 0.050171
v -0.067382 -0.023316 0.050415
v -0.004440 -0.250000 0.047974
v -0.004120 -0.250000 0.050171
v -0.004440 -0.250000 0.047974
v 0.054688 -0.250000 0.048462
v -0.063965 -0.250000 -0.003006
v -0.004562 -0.249023 -0.004150
v -0.064453 -0.250000 0.047974
v -0.004562 -0.249023 -0.004150
v 0.109375 -0.011413 -0.050171
v 0.109375 -0.011413 -0.050171
v 0.109375 0.005951 -0.050171
v 0.108399 -0.011841 -0.053100
v 0.109864 -0.001068 -0.044555
v 0.109864 -0.001068 -0.044555
v 0.108887 0.006012 -0.051880
v 0.092774 -0.239258 0.050415
v 0.092285 -0.225586 0.050415
v 0.092774 -0.238281 0.050171
v 0.091309 -0.211914 0.053101
v 0.092285 -0.225586 0.050415
v -0.116211 0.040039 -0.022217
v -0.119140 0.040039 -0.015076
v -0.112304 -0.242188 0.053101
v -0.115722 -0.221679 0.052368
v -0.116699 -0.242188 0.051880
v -0.112304 -0.242188 0.053101
v -0.111328 -0.210938 0.053833
v -0.116699 -0.242188 0.051880
v -0.109375 -0.244141 0.053101
v -0.107422 -0.222656 0.053833
v 0.089844 0.027466 -0.018310
v 0.092285 0.021851 -0.020630
v 0.089844 0.027466 -0.018310
v 0.062012 0.089355 -0.020508
v 0.060547 0.087890 -0.018066
v 0.087403 0.023804 -0.017700
v 0.090332 0.028686 -0.021118
v 0.060547 0.087890 -0.018066
v 0.062012 0.089355 -0.020508
v 0.106446 -0.096192 0.047730
v 0.106446 -0.095703 0.049195
v 0.106446 -0.096192 -0.001564
v 0.106446 -0.096192 -0.001564
v -0.022705 0.250000 -0.028564
v -0.083007 -0.216797 0.002411
v 0.078614 -0.159179 0.004242
v -0.083496 -0.221679 0.002411
v -0.083007 -0.216797 0.002411
v 0.078614 -0.159179 0.004242
v -0.083007 -0.216797 0.002411
v -0.082031 0.225586 0.003540
v 0.079102 -0.156250 0.003403
v -0.083007 -0.216797 0.002411
v -0.084472 0.226562 0.003235
v -0.082031 0.225586 0.003540
v 0.105957 0.038819 0.050171
v 0.104004 0.037354 0.050903
v 0.106446 0.037597 0.050659
v 0.103516 0.038574 0.050171
v 0.105957 0.038819 0.050171
v 0.106446 0.037597 0.050659
v 0.052491 -0.249023 -0.052856
v 0.055176 -0.246094 -0.052856
v 0.054200 -0.249023 -0.053833
v 0.054444 -0.250000 -0.052368
v 0.052979 -0.249023 -0.050903
v -0.119629 0.007141 0.038941
v -0.118652 0.016479 0.043823
v -0.118652 0.020141 0.038696
v -0.119140 0.006347 0.038208
v -0.117675 -0.194336 0.050415
v -0.115234 -0.193359 0.051148
v -0.117187 -0.195312 0.049683
v -0.116211 -0.192383 0.052857
v -0.117187 -0.206054 0.044556
v -0.117187 -0.207031 0.051880
v -0.117675 -0.194336 0.050415
v -0.117187 -0.206054 0.044556
v -0.117675 -0.207031 0.050659
v 0.106446 -0.250000 0.008911
v 0.104004 -0.250000 0.009461
v -0.085449 0.026856 -0.052612
v -0.085449 0.026734 -0.050415
v -0.072754 0.028076 -0.053833
v -0.085937 0.027588 -0.053589
v -0.063476 -0.243164 -0.045532
v -0.108398 -0.243164 -0.045532
v -0.107910 -0.244141 -0.045776
v -0.063476 -0.244141 -0.045532
v -0.063476 -0.243164 -0.045532
v -0.055664 -0.183594 -0.043579
v 0.108887 0.035156 0.051636
v 0.108887 0.037354 0.051636
v 0.109375 0.029907 0.051636
v 0.099610 -0.023926 -0.045288
v 0.101563 0.030639 -0.044800
v 0.099610 0.030884 -0.044800
v 0.099610 -0.023926 -0.045288
v 0.101075 -0.025757 -0.045288
v 0.101563 0.030639 -0.044800
v 0.098633 -0.092285 -0.044555
v 0.099610 0.030884 -0.044800
v -0.085449 0.231446 0.008850
v -0.083984 0.231446 0.005768
v -0.086425 0.229492 0.009033
v 0.094239 0.006043 0.049927
v 0.099610 -0.000618 0.049927
v 0.107910 -0.236328 0.027222
v -0.029785 0.037110 0.050659
v -0.028198 0.034912 0.049439
v -0.028442 0.037597 0.049683
v -0.067871 0.038330 0.050659
v -0.029419 0.038574 0.049195
v -0.071777 -0.117188 0.032593
v 0.089844 -0.238281 0.052612
v -0.118164 0.027099 -0.037475
v -0.118652 0.027954 -0.037964
v -0.118164 0.027099 -0.037475
v -0.115234 0.027344 -0.037964
v -0.118164 0.026977 -0.026123
v -0.118652 0.027954 -0.037964
v -0.115234 0.027344 -0.037964
v -0.118164 -0.238281 0.038696
v -0.118164 -0.239258 0.037720
v 0.025269 0.027466 -0.049682
v 0.020996 0.019898 -0.048950
v 0.020752 0.019898 -0.047241
v 0.025269 0.027466 -0.049682
v 0.103028 -0.174804 0.051636
v 0.103516 -0.096680 0.051148
v 0.053711 -0.090332 0.050659
v 0.103028 -0.174804 0.051636
v 0.103028 -0.246094 0.051392
v 0.105469 -0.096680 0.050659
v 0.049805 -0.172852 0.050903
v 0.049805 -0.172852 0.050903
v -0.065918 0.208984 -0.018188
v -0.016967 0.233398 -0.017212
v -0.027710 0.243164 -0.017212
v 0.015259 0.070312 -0.019043
v -0.032226 0.247071 -0.017700
v -0.004501 -0.093750 -0.050415
v 0.110840 0.037110 0.023926
v 0.110352 0.038819 0.007904
v 0.110840 0.037110 0.023926
v 0.110352 0.038819 0.007904
v 0.110352 0.037597 0.041626
v 0.109864 0.037842 0.006287
v 0.101075 -0.250000 -0.046020
v 0.102539 -0.250000 -0.049682
v 0.104493 -0.250000 -0.047485
v 0.098145 -0.250000 -0.045532
v 0.097168 -0.250000 -0.049682
v -0.113769 -0.009705 0.050415
v -0.109375 -0.000370 0.052368
v -0.114746 -0.011475 0.052612
v -0.108886 0.000399 0.049683
v -0.109375 -0.092773 -0.045288
v -0.109375 -0.024781 -0.045288
v -0.109375 -0.092773 -0.045288
v -0.109863 -0.093750 -0.044555
v -0.109863 -0.169922 -0.043823
v -0.108398 -0.091308 -0.045044
v -0.107422 -0.024292 -0.045532
v 0.027100 0.219727 0.033325
v 0.033203 0.217773 0.033081
v 0.106446 -0.241211 -0.052856
v 0.106934 -0.223633 -0.052856
v 0.107910 -0.242188 -0.051391
v 0.106934 -0.247071 -0.052612
v 0.106446 -0.241211 -0.052856
v 0.104493 -0.242188 -0.053345
v 0.104981 -0.222656 -0.053589
v 0.104493 -0.242188 -0.053345
v 0.106934 -0.223633 -0.052856
v -0.029297 0.027588 0.043579
v -0.028198 0.035400 0.044068
v -0.027343 0.023559 0.043823
v -0.062011 0.011719 0.043579
v -0.061523 0.029785 0.043823
v -0.029419 0.036621 0.043823
v -0.029297 0.027588 0.043579
v -0.027343 0.023559 0.043823
v -0.024780 0.015991 0.043335
v -0.109375 -0.249023 0.052857
v -0.085449 -0.249023 0.053101
v -0.113769 -0.248047 0.052612
v -0.109375 -0.249023 0.052857
v -0.085449 -0.250000 0.052857
v -0.085449 -0.249023 0.053101
v -0.109375 -0.249023 0.052857
v -0.113769 -0.248047 0.052612
v -0.109375 -0.250000 0.052857
v -0.085449 -0.250000 0.052857
v 0.011414 -0.097656 0.032593
v 0.012268 -0.097168 0.024292
v 0.038086 -0.086426 0.031861
v -0.040039 -0.119629 0.023560
v -0.040039 -0.119629 0.023560
v -0.119140 0.038330 -0.049927
v -0.117187 0.040283 -0.050171
v -0.119140 0.036133 -0.046753
v -0.117675 0.039062 -0.051636
v -0.117675 -0.247071 0.051880
v -0.117675 -0.241211 0.051148
v 0.023438 0.027466 -0.043823
v 0.021851 0.018066 -0.042847
v 0.025635 0.027588 -0.043091
v 0.023316 0.036133 -0.045044
v 0.022950 0.027710 -0.045288
v 0.020630 0.019043 -0.044800
v 0.047364 -0.080078 0.025147
v 0.049073 -0.076172 0.023438
v 0.071289 -0.035889 0.026734
v 0.047364 -0.080078 0.025147
v 0.046143 -0.081055 0.023071
v 0.047608 -0.078613 0.031861
v 0.049073 -0.076172 0.023438
v -0.005981 -0.166992 -0.028686
v 0.107910 0.039795 0.050171
v 0.108887 0.038819 0.051636
v 0.109375 0.037842 0.050171
v 0.077637 -0.250000 -0.052368
v 0.054932 -0.250000 -0.053589
v 0.098633 -0.250000 -0.052124
v 0.098633 -0.250000 -0.052124
v -0.112793 0.030396 -0.051147
v -0.113281 -0.095215 -0.050903
v 0.080078 0.230469 0.010925
v 0.080078 0.228516 0.011902
v 0.082520 0.230469 0.011292
v -0.081543 0.228516 0.011170
v 0.080078 0.230469 0.010925
v -0.081543 0.228516 0.011170
v 0.080078 0.228516 0.011902
v 0.080567 0.231446 0.009216
v 0.107910 -0.238281 -0.038696
v 0.108399 -0.240234 -0.043335
v 0.108399 -0.226562 -0.037720
v 0.108399 -0.239258 -0.038208
v 0.108399 -0.245117 -0.042114
v -0.027710 0.029175 0.047241
v -0.027588 0.035400 0.047730
v -0.107910 -0.245117 0.045777
v -0.063476 -0.244141 0.045777
v -0.063476 -0.245117 0.045044
v -0.107910 -0.245117 0.045777
v -0.109863 -0.245117 0.045777
v -0.108398 -0.244141 0.046021
v -0.108398 -0.244141 0.046021
v -0.108886 -0.245117 0.043579
v -0.107910 -0.245117 0.045777
v -0.108886 -0.245117 0.043579
v -0.109863 -0.245117 0.045777
v 0.104004 0.024170 -0.051391
v 0.104493 -0.029541 -0.050415
v 0.061280 -0.026001 -0.049927
v 0.106446 -0.029419 -0.050903
v 0.104004 0.024170 -0.051391
v 0.061524 0.015747 -0.049927
v 0.104004 0.034668 -0.050903
v 0.061280 -0.026001 -0.049927
v -0.168945 0.142578 -0.022461
v -0.183593 0.166992 -0.022705
v -0.167968 0.141602 -0.029907
v -0.167968 0.141602 -0.029907
v -0.114746 -0.217773 0.037720
v -0.117675 -0.212891 0.037964
v -0.114257 -0.208008 0.044068
v -0.114746 -0.217773 0.037720
v -0.114257 -0.227539 0.038208
v -0.117187 -0.226562 0.037476
v 0.056641 0.033448 -0.053345
v 0.057129 0.033691 -0.050415
v 0.102051 -0.250000 0.050171
v 0.102539 -0.250000 0.048706
v 0.104981 -0.250000 0.048706
v -0.062988 -0.022583 -0.043823
v -0.025512 0.016724 -0.043091
v -0.064941 0.009033 -0.043823
v -0.062988 -0.022583 -0.043823
v -0.064941 0.009033 -0.043823
v -0.067382 -0.245117 -0.050659
v -0.066406 -0.245117 -0.052856
v -0.073242 -0.234375 -0.052856
v -0.074218 -0.235352 -0.050659
v -0.063965 -0.250000 -0.050415
v 0.107910 0.035156 0.049927
v 0.055420 -0.064453 -0.018555
v 0.082520 -0.108887 -0.018310
v -0.117187 -0.250000 -0.023804
v -0.118652 -0.250000 -0.025879
v -0.117675 -0.250000 -0.032104
v -0.113281 -0.250000 -0.030273
v -0.114746 -0.250000 -0.010559
v -0.117675 -0.250000 -0.009033
v -0.116211 -0.250000 -0.032104
v -0.117187 -0.250000 -0.023804
v -0.114746 -0.250000 -0.010559
v 0.099610 -0.001641 0.052368
v 0.108399 -0.223633 -0.050903
v 0.108399 -0.209961 -0.049438
v 0.108887 -0.223633 -0.047973
v 0.108399 -0.223633 -0.050903
v 0.107910 -0.242188 -0.051391
v 0.108399 -0.223633 -0.050903
v 0.108887 -0.223633 -0.047973
v 0.108887 -0.242188 -0.046753
v 0.108399 -0.223633 -0.050903
v 0.107910 -0.242188 -0.051391
v 0.106934 -0.223633 -0.052856
v -0.063965 0.039795 0.045532
v -0.065429 0.039795 0.048462
v -0.029297 0.038819 0.045288
v -0.062500 0.037597 0.044068
v -0.081543 -0.109375 0.032105
v -0.076172 -0.116211 0.032105
v 0.105957 0.039551 -0.041382
v 0.106446 0.039795 -0.046997
v 0.102539 0.039551 -0.045288
v 0.108399 0.040039 -0.046997
v 0.109864 0.040039 -0.041870
v 0.056397 -0.244141 -0.002090
v 0.056397 -0.244141 -0.002090
v 0.055664 -0.244141 0.045777
v -0.116211 0.017700 -0.052856
v -0.114746 0.029663 -0.053100
v -0.108886 0.016358 -0.054077
v -0.116211 0.017700 -0.052856
v -0.116211 0.030029 -0.052612
v -0.114746 0.029663 -0.053100
v -0.116211 0.030029 -0.052612
v -0.116699 -0.095703 -0.048462
v -0.116211 -0.095703 -0.001091
v -0.115234 -0.021118 -0.001022
v -0.116699 -0.095703 -0.048462
v -0.115234 -0.178711 -0.048218
v -0.115722 -0.178711 -0.000900
v -0.116699 -0.095703 -0.048462
v -0.115722 -0.178711 -0.000900
v -0.116211 -0.095703 -0.001091
v -0.116699 -0.095703 -0.048462
v -0.116211 -0.095215 -0.049438
v -0.116211 -0.178711 -0.050171
v -0.116211 -0.178711 -0.050171
v 0.023194 0.219727 0.032837
v 0.010376 0.200196 0.032593
v 0.012696 0.199219 0.033570
v 0.012696 0.199219 0.033570
v 0.009400 0.200196 0.030029
v 0.098145 -0.241211 -0.054077
v 0.098145 -0.241211 -0.054077
v -0.086425 0.017212 0.032593
v -0.084961 0.023071 0.030518
v -0.087402 0.017090 0.030396
v -0.084961 0.023071 0.030518
v -0.084961 0.023193 0.023804
v -0.065429 -0.250000 0.052857
v -0.063965 -0.249023 0.053345
v -0.065429 -0.250000 0.052857
v -0.085449 -0.250000 0.051880
v -0.064453 -0.250000 0.051880
v -0.085449 -0.250000 0.052857
v 0.108887 0.005127 -0.037964
v 0.105957 0.021851 -0.038696
v 0.105469 0.006928 -0.037475
v 0.105957 0.021851 -0.038696
v 0.078125 -0.158203 0.011292
v 0.079102 -0.160156 0.010132
v 0.079102 -0.160156 0.010132
v -0.117675 0.038086 -0.049194
v -0.115722 0.039551 -0.047485
v -0.115722 0.039795 -0.048950
v -0.117187 0.036377 -0.047485
v -0.117187 0.038330 -0.046997
v 0.104493 0.037597 -0.051147
v 0.105957 0.038086 -0.051147
v 0.104493 0.037597 -0.051147
v 0.060547 0.035156 -0.050415
v 0.060059 0.038574 -0.050415
v 0.104004 0.039062 -0.049927
v 0.104493 0.037597 -0.051147
v 0.060059 0.038574 -0.050415
v 0.104004 0.039062 -0.049927
v 0.104493 0.037597 -0.051147
v 0.060547 0.035156 -0.050415
v 0.109375 0.005096 0.050415
v 0.108399 -0.012390 0.049683
v -0.027221 -0.138672 -0.053345
v -0.002838 -0.172852 -0.053345
v -0.003051 -0.171875 -0.050903
v -0.002578 -0.170898 -0.053589
v -0.027588 -0.139648 -0.050171
v -0.027588 -0.139648 -0.050171
v -0.055420 -0.103515 -0.053833
v -0.002334 -0.168946 -0.053589
v 0.110840 0.039306 0.024780
v 0.077149 -0.250000 -0.049927
v 0.080078 -0.250000 -0.045288
v 0.055176 -0.250000 -0.050171
v 0.098145 -0.250000 -0.045532
v 0.077149 -0.250000 -0.049927
v 0.077637 -0.250000 -0.052368
v 0.097168 -0.250000 -0.049682
v 0.054444 -0.250000 -0.052368
v 0.077149 -0.250000 -0.049927
v 0.055176 -0.250000 -0.050171
v 0.054444 -0.250000 -0.052368
v 0.077149 -0.250000 -0.049927
v 0.097168 -0.250000 -0.049682
v 0.098145 -0.250000 -0.045532
v -0.116211 0.022339 0.049195
v -0.116211 0.024781 0.047241
v -0.116699 -0.027222 0.049195
v -0.116211 0.022339 0.049195
v -0.116699 -0.027222 0.049195
v -0.115722 -0.026977 0.050659
v 0.015747 0.014160 0.045288
v 0.006684 0.010681 0.047241
v 0.022217 0.021729 0.044068
v 0.007141 0.010864 0.045044
v 0.107422 -0.226562 -0.037475
v 0.108399 -0.212891 -0.037475
v 0.104981 -0.224609 -0.038208
v 0.104981 -0.212891 -0.037475
v -0.083496 0.040039 0.052857
v -0.106933 0.040283 0.053101
v -0.108398 0.039062 0.053345
v -0.106933 0.040283 0.053101
v -0.084472 0.039062 0.053589
v -0.108398 0.039062 0.053345
v -0.040771 -0.115235 0.022095
v -0.078125 -0.101074 0.021485
v -0.038086 -0.042969 0.023316
v -0.040771 -0.115235 0.022095
v 0.014893 -0.090332 0.023071
v 0.013672 -0.095215 0.022583
v -0.040771 -0.115235 0.022095
v 0.013672 -0.095215 0.022583
v -0.040283 -0.120605 0.021729
v 0.014893 -0.090332 0.023071
v -0.040771 -0.115235 0.022095
v -0.040283 -0.120605 0.021729
v -0.067382 -0.119140 0.021485
v -0.078125 -0.101074 0.021485
v 0.090332 -0.238281 0.050415
v 0.091797 -0.239258 0.052368
v -0.109863 0.031128 -0.043579
v -0.110351 0.037354 -0.044800
v -0.110351 0.038086 -0.043335
v -0.109863 0.031128 -0.043579
v -0.109375 -0.024781 -0.045288
v -0.109375 0.030639 -0.044800
v -0.109863 0.031128 -0.043579
v -0.109375 0.033203 -0.001526
v -0.109863 -0.025024 -0.044311
v -0.109863 0.031128 -0.043579
v -0.109375 0.030639 -0.044800
v -0.109863 0.031128 -0.043579
v -0.109863 0.039062 -0.001106
v -0.109375 0.033203 -0.001526
v -0.110351 0.038086 -0.043335
v -0.117187 -0.222656 0.051636
v -0.117187 -0.222656 0.051636
v 0.057862 0.029907 -0.043823
v 0.099610 0.037110 -0.044555
v 0.099610 0.037110 -0.044555
v 0.099610 0.030884 -0.044800
v 0.101075 0.037110 -0.044311
v 0.100098 0.039062 -0.045532
v 0.107910 -0.250000 0.008179
v -0.012207 0.007935 -0.049438
v -0.002700 0.007996 -0.049194
v -0.001384 -0.027954 -0.050415
v -0.001384 -0.027954 -0.050415
v 0.099610 0.015442 0.053345
v 0.024170 -0.112305 -0.053589
v -0.118652 0.039795 0.042603
v -0.119629 0.038330 0.042359
v -0.119140 0.038086 0.046997
v -0.118652 0.039795 0.042603
v -0.118164 0.040283 0.042847
v -0.118652 0.040283 0.026001
v -0.117675 -0.223633 -0.051147
v -0.005920 0.045655 0.032593
v -0.034424 -0.011292 0.032837
v 0.028687 -0.020874 0.034058
v -0.005920 0.045655 0.032593
v 0.082032 0.111817 0.032837
v 0.020020 0.188477 0.033325
v -0.005920 0.045655 0.032593
v 0.020020 0.188477 0.033325
v -0.057373 0.054931 0.032593
v -0.005920 0.045655 0.032593
v -0.005920 0.045655 0.032593
v 0.028687 -0.020874 0.034058
v 0.082032 0.111817 0.032837
v 0.104004 -0.249023 -0.026611
v 0.104004 -0.250000 -0.030762
v -0.103027 0.006531 0.053101
v -0.103027 0.019898 0.052612
v -0.104004 0.020752 0.053345
v -0.103027 0.006103 0.052368
v -0.088379 -0.250000 0.044068
v -0.066894 -0.249023 0.042603
v -0.067871 -0.250000 0.043579
v -0.107422 -0.249023 0.044312
v 0.106934 0.030396 -0.053100
v 0.108887 0.017456 -0.051636
v 0.106934 0.017456 -0.053100
v 0.102051 0.030884 -0.053589
v 0.106934 0.030396 -0.053100
v 0.104981 0.035645 -0.053345
v 0.102051 0.030884 -0.053589
v 0.108887 0.030274 -0.052124
v 0.107910 0.035400 -0.052856
v -0.164062 0.142578 -0.033081
v -0.107422 0.021606 -0.033081
v -0.166992 0.141602 -0.032348
v -0.092773 0.019776 -0.033081
v -0.157227 0.146484 -0.032837
v -0.114257 -0.250000 0.048462
v -0.115722 -0.249023 -0.001526
v -0.114746 -0.250000 -0.001602
v -0.114257 -0.250000 0.048462
v -0.114746 -0.250000 0.049927
v -0.116211 -0.248047 0.048462
v -0.114257 -0.250000 0.048462
v -0.114746 -0.250000 -0.001602
v -0.112793 -0.250000 0.047730
v -0.114257 -0.250000 0.048462
v -0.116211 -0.248047 0.048462
v -0.115722 -0.249023 -0.001526
v -0.112793 -0.250000 0.047730
v -0.113281 -0.250000 0.049439
v 0.095215 0.021484 -0.049682
v 0.095215 0.026489 -0.049927
v 0.094727 0.026611 -0.053100
v 0.093750 0.018799 -0.052856
v 0.106446 -0.176758 -0.000900
v 0.106446 -0.096192 -0.001564
v 0.106446 -0.176758 -0.000900
v 0.105957 -0.174804 0.048218
v 0.106446 -0.247071 -0.001114
v 0.106446 -0.176758 -0.000900
v -0.062988 -0.022583 -0.043823
v -0.064941 0.009033 -0.043823
v -0.102539 -0.078125 -0.044800
v -0.060547 -0.089355 -0.043823
v -0.019775 0.010742 -0.042602
v 0.173828 0.163086 0.034302
v 0.035889 0.223633 0.031250
v 0.037842 0.221679 0.032837
v 0.173828 0.163086 0.034302
v 0.176758 0.163086 0.032349
v 0.165039 0.161133 0.033570
v 0.037842 0.221679 0.032837
v 0.035889 0.223633 0.031250
v 0.075196 -0.236328 -0.052856
v 0.070801 -0.236328 -0.053589
v 0.089356 -0.239258 -0.050171
v 0.064453 -0.235352 -0.052856
v 0.076660 -0.236328 -0.049927
v -0.119629 0.033448 0.041870
v -0.118652 0.028321 0.038208
v -0.119140 0.028198 0.039429
v -0.119629 0.033448 0.041870
v -0.118652 0.028321 0.038208
v -0.119629 0.033448 0.041870
v -0.119140 0.036133 0.046753
v -0.119140 0.030884 0.045044
v -0.119140 0.030884 0.045044
v -0.117187 -0.237304 -0.038452
v -0.117675 -0.226562 -0.037964
v 0.057129 0.033691 0.050415
v 0.063965 0.026856 0.049927
v 0.063477 0.026611 0.051636
v 0.106446 -0.095703 -0.050659
v 0.106446 -0.095703 -0.050659
v 0.104493 -0.095703 -0.050903
v 0.104493 -0.029541 -0.050415
v -0.082031 0.231446 0.004303
v -0.081543 0.228516 0.003617
v -0.082031 0.231446 0.004303
v 0.079590 0.227539 0.004486
v -0.081543 0.228516 0.003617
v -0.082031 0.231446 0.004303
v -0.082031 0.232422 0.005615
v 0.080567 0.231446 0.006348
v -0.002868 -0.141602 0.055542
v -0.030883 -0.109863 0.055054
v -0.002105 -0.143554 0.055298
v -0.002868 -0.141602 0.055542
v 0.172852 0.136719 0.022705
v 0.169922 0.137696 0.022705
v 0.182618 0.149414 0.024414
v 0.172852 0.136719 0.022705
v 0.174805 0.137696 0.024903
v 0.071289 -0.036133 0.024536
v 0.169922 0.137696 0.022705
v 0.174805 0.137696 0.024903
v 0.100586 -0.249023 0.044556
v 0.097657 -0.250000 0.045777
v 0.100586 -0.249023 0.044556
v 0.101075 -0.249023 0.042603
v 0.097657 -0.249023 0.044556
v -0.104492 0.015381 -0.049927
v -0.103515 0.005951 -0.052612
v -0.104004 0.019287 -0.052856
v -0.104492 0.021363 -0.050171
v -0.104004 0.006409 -0.050659
v -0.109375 -0.169922 0.045777
v -0.109863 -0.093262 0.044800
v -0.108398 -0.092773 0.045044
v -0.109375 -0.169922 0.045777
v -0.108398 -0.243164 0.046265
v -0.109863 -0.242188 0.045777
v -0.109375 -0.169922 0.045777
v -0.108398 -0.170898 0.046021
v -0.108398 -0.243164 0.046265
v -0.109375 -0.169922 0.045777
v -0.109863 -0.169922 0.044556
v -0.109863 -0.093262 0.044800
v -0.109375 -0.169922 0.045777
v -0.109863 -0.242188 0.045777
v -0.109863 -0.169922 0.044556
v -0.109375 -0.169922 0.045777
v -0.108398 -0.092773 0.045044
v -0.108398 -0.170898 0.046021
v 0.075196 0.039551 -0.049927
v 0.100098 0.039795 -0.048706
v 0.076172 0.039551 -0.051147
v 0.106446 -0.242188 0.052857
v 0.103516 -0.242188 0.053345
v -0.108398 -0.250000 -0.053345
v -0.113769 -0.250000 -0.051636
v 0.105469 0.000016 0.042603
v 0.105957 -0.010620 0.048950
v 0.105469 0.000016 0.042603
v 0.106446 0.012939 0.037964
v 0.108399 0.005188 0.037964
v -0.003235 -0.166992 -0.028686
v -0.003128 -0.165039 -0.031372
v 0.000214 -0.165039 -0.028686
v -0.118652 0.035889 0.049927
v -0.115722 -0.249023 -0.001526
v -0.116211 -0.246094 -0.048462
v -0.115722 -0.249023 -0.048218
v -0.114746 -0.250000 -0.001602
v -0.115722 -0.246094 -0.001396
v -0.115722 -0.249023 -0.001526
v -0.116211 -0.248047 0.048462
v -0.115722 -0.246094 -0.001396
v 0.007202 0.008240 -0.049438
v 0.017090 0.011413 -0.049438
v 0.055909 -0.090820 -0.050415
v 0.007202 0.008240 -0.049438
v -0.002700 0.007996 -0.049194
v 0.017090 0.011413 -0.049438
v 0.091309 -0.211914 0.050659
v -0.107910 0.037597 -0.044800
v -0.108886 0.039551 -0.045532
v -0.108398 0.031250 -0.045044
v -0.110840 0.039551 -0.044800
v 0.182618 0.149414 0.032349
v 0.182618 0.149414 0.032349
v 0.099121 -0.245117 -0.042847
v 0.099121 -0.244141 -0.001350
v 0.100098 -0.245117 -0.043335
v 0.099121 -0.245117 -0.042847
v 0.100098 -0.245117 -0.043335
v 0.098633 -0.244141 -0.044555
v 0.056153 -0.244141 -0.042847
v -0.104492 0.027832 0.053345
v -0.105957 0.032470 0.053345
v -0.109375 0.030396 0.053589
v -0.104004 0.020752 0.053345
v -0.103515 0.027099 0.052124
v -0.104004 0.028321 0.053345
v -0.087402 -0.219727 0.005188
v 0.099610 0.038574 0.053833
v 0.077149 0.039306 0.053589
v 0.075684 0.038330 0.053833
v 0.099610 0.038574 0.053833
v 0.075684 0.038330 0.053833
v 0.099121 0.037354 0.053589
v 0.108399 -0.250000 -0.047973
v 0.108399 -0.249023 -0.050171
v 0.107910 -0.250000 -0.051880
v -0.002289 0.010132 0.044800
v -0.002380 0.009949 0.046997
v -0.002243 0.010071 0.043579
v -0.002380 0.009949 0.046997
v -0.101562 -0.238281 0.050171
v -0.099121 -0.238281 0.050171
v -0.102539 -0.238281 0.050415
v 0.101563 0.030762 -0.043335
v 0.101075 -0.025635 -0.043823
v 0.100586 -0.008728 -0.002167
v 0.101563 0.030762 -0.043335
v 0.101563 0.030639 -0.044800
v 0.101075 -0.025757 -0.045288
v 0.101563 0.030762 -0.043335
v 0.101563 0.037354 -0.043335
v 0.101563 0.030639 -0.044800
v 0.101563 0.037354 -0.043335
v 0.101563 0.030762 -0.043335
v 0.101075 -0.025757 -0.045288
v 0.101075 -0.025635 -0.043823
v 0.101563 0.032226 -0.001007
v 0.046143 -0.081055 0.023071
v 0.041748 -0.082031 0.022827
v 0.042725 -0.084472 0.022949
v 0.039063 -0.085938 0.022949
v 0.044190 -0.083496 0.023194
v 0.014893 -0.090332 0.023071
v -0.115722 -0.095215 0.050659
v -0.115722 -0.026977 0.050659
v -0.116699 -0.095703 0.049439
v -0.115722 -0.095215 0.050659
v -0.113281 -0.026123 0.050659
v -0.115722 -0.095215 0.050659
v -0.115234 -0.185547 0.051392
v -0.112304 -0.184571 0.051148
v -0.115722 -0.095215 0.050659
v -0.112304 -0.184571 0.051148
v -0.113281 -0.095703 0.050415
v -0.115722 -0.095215 0.050659
v -0.115722 -0.095215 0.050659
v -0.116699 -0.095703 0.049439
v -0.115234 -0.185547 0.051392
v 0.028076 0.224609 0.020752
v 0.031250 0.223633 0.020752
v 0.100586 -0.243164 0.045288
v 0.100586 -0.244141 0.044068
v -0.063965 -0.250000 -0.048462
v -0.004715 -0.249023 -0.049927
v -0.004654 -0.250000 -0.047729
v -0.064453 -0.250000 -0.050415
v -0.004562 -0.249023 -0.004150
v -0.063965 -0.250000 -0.003006
v -0.064453 -0.250000 -0.050415
v 0.109375 0.016968 0.049439
v 0.108887 0.017090 0.051392
v 0.108399 -0.011963 0.052612
v -0.115234 0.040283 0.042603
v -0.113769 -0.241211 -0.053345
v 0.100586 -0.168946 -0.043823
v 0.101075 -0.243164 -0.043579
v 0.100586 -0.168946 -0.043823
v 0.100586 -0.172852 -0.001472
v 0.100586 -0.093750 -0.043579
v 0.100586 -0.172852 -0.001472
v 0.100586 -0.093750 -0.045044
v 0.099610 -0.168946 -0.044800
v -0.065429 0.039795 0.048462
v -0.112304 0.039306 0.050415
v -0.067871 0.038330 0.050659
v -0.112304 0.039306 0.050415
v -0.081543 -0.222656 0.010254
v 0.105957 0.039551 -0.049927
v 0.106934 0.037842 -0.050903
v -0.117675 -0.241211 0.051148
v -0.118164 -0.222656 0.049683
v 0.154297 0.127929 0.022095
v -0.002578 0.042969 0.022217
v -0.038086 -0.042969 0.023316
v -0.055908 0.054688 0.020752
v -0.109375 0.030639 -0.044800
v -0.107910 -0.244141 -0.045044
v -0.107910 -0.244141 -0.045044
v -0.063476 -0.244141 -0.042847
v -0.063476 -0.244141 -0.044555
v -0.107910 -0.244141 -0.045044
v -0.108398 -0.244141 -0.043335
v 0.108399 0.021484 0.050171
v 0.106446 0.035156 0.051148
v 0.105957 0.021240 0.050903
v 0.108399 0.021484 0.050171
v 0.106934 -0.029175 0.050415
v 0.108399 0.021484 0.050171
v 0.105957 0.021240 0.050903
v 0.106934 -0.029175 0.050415
v 0.091309 -0.039795 -0.018555
v 0.092285 0.010498 -0.018188
v 0.087403 0.023804 -0.017700
v 0.083008 -0.034912 -0.018310
v 0.083008 -0.034912 -0.018310
v 0.108399 -0.222656 -0.042114
v -0.028198 0.038330 0.048218
v -0.028198 0.038330 0.045532
v -0.028320 0.037842 0.044556
v 0.100098 0.039795 -0.048706
v 0.104981 0.040039 -0.052612
v 0.099121 0.039551 -0.053100
v 0.105957 0.040283 -0.050415
v 0.099121 0.039551 -0.053100
v 0.063477 -0.235352 0.052612
v 0.057373 -0.244141 0.050415
v -0.119140 0.027222 -0.038696
v -0.118652 -0.249023 0.025757
v 0.057862 0.033691 -0.054077
v 0.055176 0.037354 -0.054077
v 0.074707 0.037354 -0.054077
v 0.055176 0.037354 -0.054077
v 0.100586 -0.093750 0.045288
v 0.101075 -0.026367 0.045288
v 0.101075 -0.025879 0.044068
v 0.099121 -0.093262 0.045532
v 0.100586 -0.093750 0.045288
v 0.100586 -0.168946 0.046021
v 0.099121 -0.093262 0.045532
v 0.100586 -0.093750 0.044312
v 0.100586 -0.168946 0.044556
v 0.100586 -0.093750 0.044312
v -0.031616 0.249023 -0.029297
v -0.085937 0.223633 -0.030395
v -0.085937 0.222656 -0.019653
v -0.031616 0.249023 -0.029297
v -0.031982 0.250000 -0.020263
v -0.026123 0.250000 -0.028808
v -0.085937 0.223633 -0.030395
v -0.085937 0.222656 -0.019653
v -0.002838 -0.172852 -0.053345
v 0.023438 -0.138672 -0.050171
v -0.003051 -0.171875 -0.050903
v -0.002578 -0.170898 -0.053589
v 0.023072 -0.137696 -0.053589
v 0.174805 0.138672 0.032105
v 0.182618 0.149414 0.032349
v 0.180664 0.149414 0.033814
v 0.174805 0.138672 0.032105
v 0.070801 -0.035400 0.033325
v 0.071289 -0.035889 0.026734
v 0.174805 0.138672 0.032105
v 0.071289 -0.035889 0.026734
v 0.174805 0.137696 0.024903
v 0.174805 0.138672 0.032105
v 0.174805 0.138672 0.032105
v 0.169922 0.133789 0.034058
v 0.070313 -0.035156 0.035767
v 0.169922 0.133789 0.034058
v 0.174805 0.138672 0.032105
v 0.070313 -0.035156 0.035767
v 0.070801 -0.035400 0.033325
v -0.103027 0.019898 0.052612
v -0.104492 0.022461 0.049927
v -0.103515 0.013977 0.049683
v -0.104492 0.022461 0.049927
v -0.072265 -0.119140 0.021485
v 0.108399 -0.247071 -0.047485
v 0.108399 -0.240234 -0.043335
v 0.108399 -0.245117 -0.042114
v 0.108887 -0.242188 -0.046753
v -0.026367 0.021606 0.045288
v -0.027710 0.029175 0.047241
v -0.025512 0.019898 0.047241
v -0.027832 0.030517 0.045288
v -0.106933 -0.250000 0.051880
v -0.112304 -0.250000 0.052368
v -0.113769 -0.250000 0.051392
v -0.106933 -0.250000 0.051880
v 0.100586 -0.093750 -0.045044
v 0.101075 -0.025635 -0.043823
v 0.100586 -0.093750 -0.045044
v 0.100586 -0.093750 -0.043579
v 0.101075 -0.025635 -0.043823
v 0.100586 -0.094727 -0.003097
v 0.100586 -0.008728 -0.002167
v 0.100586 -0.094727 -0.003097
v -0.116699 0.037842 -0.052612
v -0.118164 -0.249023 -0.047241
v -0.117187 -0.250000 -0.050415
v -0.002487 0.009766 0.048462
v 0.098633 -0.221679 -0.053833
v 0.154297 0.127929 0.022095
v 0.169922 0.159179 0.021607
v 0.099610 -0.245117 0.044068
v 0.099121 -0.244141 -0.001350
v 0.056397 -0.244141 -0.002090
v 0.100586 -0.245117 -0.001388
v 0.100586 -0.244141 0.044068
v -0.104492 0.019043 -0.053833
v -0.108886 0.016358 -0.054077
v 0.100098 0.039795 -0.048706
v 0.002671 0.007354 -0.042602
v 0.002671 0.007354 -0.042602
v -0.101562 -0.239258 -0.053833
v 0.025147 -0.068360 -0.050171
v 0.052002 -0.103028 -0.050659
v 0.028809 0.224609 0.023194
v 0.108399 -0.234375 -0.014404
v -0.087890 0.037110 0.053833
v -0.108886 0.037597 0.053589
v -0.093750 0.033448 0.053589
v -0.108886 0.037597 0.053589
v 0.109375 0.017334 -0.050171
v 0.109375 0.017334 -0.050171
v 0.099121 -0.203125 0.050659
v -0.115722 -0.247071 0.049927
v -0.116211 -0.248047 0.049439
v -0.115722 -0.248047 0.050659
v -0.116211 -0.246094 0.048462
v -0.082031 -0.223633 0.003250
v 0.107910 0.039306 0.052124
v 0.107910 0.039306 0.052124
v -0.118164 -0.247071 -0.050415
v -0.118164 -0.247071 -0.047241
v -0.118164 -0.242188 -0.046997
v -0.118164 -0.247071 -0.050415
v -0.118164 -0.242188 -0.046997
v -0.118164 -0.247071 -0.047241
v 0.084473 -0.110352 -0.028686
v 0.087891 -0.107422 -0.028808
v 0.083985 -0.110352 -0.021240
v -0.106933 0.040283 0.053101
v -0.088867 0.040039 0.050659
v -0.110840 0.040283 0.049195
v -0.113281 0.039306 0.052857
v -0.113281 0.039306 0.052857
v -0.082031 -0.224609 0.004700
v 0.079590 -0.161133 0.005249
v 0.080078 -0.161133 0.006867
v -0.082031 -0.224609 0.004700
v 0.080078 -0.161133 0.006867
v -0.081543 -0.223633 0.008362
v -0.082031 -0.224609 0.004700
v -0.082031 -0.223633 0.003250
v 0.079590 -0.161133 0.005249
v 0.104981 0.038086 -0.053589
v 0.096680 -0.250000 0.049927
v 0.076660 -0.250000 0.048462
v 0.097657 -0.250000 0.045777
v 0.096192 -0.250000 0.052368
v 0.096680 -0.250000 0.049927
v 0.096192 -0.250000 0.052368
v 0.072754 -0.250000 0.051880
v 0.096680 -0.250000 0.049927
v 0.072754 -0.250000 0.051880
v 0.076660 -0.250000 0.048462
v -0.118164 -0.011780 -0.049682
v -0.116699 -0.012207 -0.050903
v -0.084472 -0.099610 0.032105
v 0.107910 -0.236328 0.027222
v -0.028808 0.034912 -0.049194
v -0.028320 0.036377 -0.047729
v -0.028320 0.032470 -0.047485
v -0.028808 0.027588 -0.049438
v -0.028686 0.038086 -0.049682
v -0.030883 0.028809 -0.049927
v -0.030151 0.037110 -0.050171
v -0.112793 -0.249023 -0.026367
v -0.111328 -0.249023 -0.043091
v 0.099610 0.015442 0.053345
v 0.101563 0.029663 0.053345
v 0.023438 -0.138672 -0.050171
v -0.115234 0.040283 -0.000992
v -0.114746 0.040283 0.047241
v -0.114746 0.040283 0.047241
v -0.114257 -0.205078 -0.044555
v -0.114257 -0.205078 -0.044555
v -0.116699 -0.226562 -0.037475
v 0.055664 0.039062 0.053589
v 0.077149 0.039306 0.053589
v 0.069336 0.039795 0.052857
v 0.105469 -0.247071 -0.050903
v -0.082031 0.018066 0.032837
v -0.068847 0.052246 0.032837
v -0.084472 0.021851 0.032593
v -0.082031 0.018066 0.032837
v -0.084472 0.021851 0.032593
v -0.086425 0.012939 0.032837
v -0.057373 0.054931 0.032593
v -0.086425 -0.009094 0.032593
v -0.002639 -0.201172 0.050415
v -0.003235 -0.099121 0.050171
v -0.059814 -0.170898 0.050659
v -0.002639 -0.201172 0.050415
v -0.003799 -0.246094 0.051148
v 0.049805 -0.172852 0.050903
v -0.002639 -0.201172 0.050415
v 0.049805 -0.172852 0.050903
v -0.003235 -0.099121 0.050171
v 0.110352 0.034180 0.007508
v 0.101075 0.029907 0.045044
v 0.101563 0.031006 0.043335
v 0.101075 -0.026367 0.045288
v 0.101075 0.029907 0.045044
v 0.101563 0.031006 0.043335
v -0.085937 0.223633 -0.030395
v -0.180664 0.177734 -0.030639
v -0.085937 0.223633 -0.030395
v -0.039795 0.243164 -0.032104
v -0.085937 0.221679 -0.032348
v -0.117675 -0.250000 0.043823
v -0.117675 -0.250000 0.026367
v -0.118164 -0.250000 0.047730
v -0.117675 -0.250000 0.043823
v -0.118164 -0.249023 0.043579
v -0.117675 -0.250000 0.026367
v 0.107910 -0.208008 0.050171
v 0.108399 -0.206054 0.044800
v 0.107910 -0.222656 0.048950
v -0.028198 0.036133 -0.045288
v -0.028564 0.038574 -0.045288
v -0.048828 -0.102539 -0.053833
v 0.001847 -0.070801 -0.054077
v 0.019165 -0.111817 -0.054321
v -0.029663 -0.069336 -0.053833
v -0.002411 -0.033935 -0.053100
v -0.002334 -0.168946 -0.053589
v -0.055420 -0.103515 -0.053833
v 0.085450 0.223633 0.010010
v -0.117675 -0.207031 0.044800
v 0.060059 0.038574 -0.050415
v 0.103028 -0.246094 0.051392
v 0.103028 -0.249023 0.051148
v -0.109863 0.020752 -0.032593
v -0.107422 0.021606 -0.033081
v -0.092773 0.019776 -0.033081
v -0.026855 -0.117188 -0.032837
v -0.063476 -0.250000 -0.052856
v -0.063476 -0.250000 -0.052856
v -0.112304 0.039306 0.050415
v -0.115234 0.039062 0.050415
v -0.111816 0.036621 0.051636
v -0.111816 0.036621 0.051636
v -0.114257 -0.238281 -0.039184
v -0.113769 -0.237304 -0.039184
v -0.117187 -0.237304 -0.038452
v -0.114257 -0.238281 -0.039184
v -0.117187 -0.237304 -0.038452
v 0.094239 0.027099 0.052612
v 0.094239 0.027099 0.052612
v 0.075684 0.026734 0.052612
v 0.094239 0.026734 0.049927
v 0.094239 0.026734 0.049927
v 0.106934 -0.095703 -0.047973
v 0.105957 -0.020141 -0.001076
v 0.106446 -0.096192 -0.001564
v 0.105957 -0.020141 -0.001076
v -0.010498 0.233398 -0.017212
v -0.056152 -0.184571 0.044800
v -0.063965 -0.244141 0.046265
v -0.108398 -0.243164 0.046265
v -0.056152 -0.184571 0.044800
v -0.003997 -0.088867 0.044068
v -0.003814 -0.197266 0.044556
v -0.056152 -0.184571 0.044800
v -0.108398 -0.243164 0.046265
v -0.108398 -0.170898 0.046021
v -0.004120 -0.244141 0.046021
v -0.063965 -0.244141 0.046265
v -0.056152 -0.184571 0.044800
v -0.108398 -0.170898 0.046021
v -0.059814 -0.089844 0.044312
v -0.056152 -0.184571 0.044800
v 0.106446 0.039062 -0.047485
v 0.107910 0.038330 -0.049438
v 0.106446 0.039062 -0.047485
v 0.106446 0.039062 -0.047485
v 0.104981 0.039795 -0.048218
v 0.105469 0.039795 -0.000923
v 0.104981 0.039795 -0.048218
v 0.106446 0.039062 -0.047485
v 0.105469 0.039795 -0.000923
v 0.107910 0.038574 -0.000732
v 0.055420 -0.249023 -0.003647
v 0.102539 -0.250000 0.048706
v 0.055420 -0.249023 -0.003647
v -0.109863 0.000458 -0.053589
v -0.117675 -0.249023 0.049927
v 0.016114 0.014038 -0.043335
v 0.017334 0.011596 -0.042602
v 0.056153 -0.021851 -0.043335
v -0.084961 0.040039 -0.051636
v -0.086914 0.039551 -0.050415
v -0.001529 -0.064942 -0.054321
v -0.001213 -0.066406 -0.055542
v -0.020019 -0.093262 -0.055542
v -0.001529 -0.064942 -0.054321
v -0.109375 0.033203 -0.001526
v -0.109863 0.030884 0.042847
v -0.108398 -0.009522 -0.002197
v -0.109375 0.033203 -0.001526
v -0.109863 0.039062 -0.001106
v -0.114257 -0.223633 -0.053589
v -0.107910 -0.221679 -0.054077
v -0.113769 -0.241211 -0.053345
v -0.114257 -0.223633 -0.053589
v -0.107910 -0.206054 -0.054077
v 0.107910 -0.250000 -0.044067
v 0.105469 -0.250000 -0.044800
v 0.106934 -0.250000 -0.047973
v 0.105469 -0.250000 -0.044800
v -0.013122 0.008301 0.049439
v -0.109863 -0.244141 0.045777
v -0.110351 -0.244141 0.044068
v -0.110351 -0.243164 0.043823
v -0.108398 -0.243164 0.046265
v -0.108398 -0.244141 0.046021
v -0.109863 -0.242188 0.045777
v 0.093750 0.027099 -0.052612
v 0.094727 0.026977 -0.049682
v -0.001358 -0.064942 0.055054
v -0.019775 -0.091308 0.055542
v 0.015503 0.014465 -0.046997
v 0.102051 -0.208008 0.054077
v -0.115234 0.040283 -0.000992
v -0.113281 0.040039 -0.045532
v -0.115722 0.039551 -0.047485
v -0.116699 0.038574 -0.000847
v -0.111328 0.040771 -0.001007
v -0.111328 0.040771 -0.001007
v 0.176758 0.163086 0.024536
v 0.173828 0.163086 0.022461
v 0.035889 0.223633 0.022827
v 0.176758 0.163086 0.024536
v 0.035889 0.223633 0.022827
v 0.035889 0.223633 0.031250
v -0.113769 0.035889 0.052857
v -0.085937 0.027710 0.053345
v -0.034424 -0.011292 0.032837
v 0.014466 -0.089355 0.033814
v 0.028687 -0.020874 0.034058
v 0.109375 0.026611 -0.026733
v 0.105957 0.026856 -0.038208
v 0.039063 -0.086914 0.024903
v 0.012268 -0.097168 0.024292
v 0.013672 -0.095215 0.022583
v -0.109863 -0.093262 0.044800
v -0.109863 -0.169922 0.044556
v -0.109863 -0.093750 0.043579
v 0.062500 0.089355 -0.029419
v 0.062012 0.089355 -0.020508
v 0.062012 0.089355 -0.020508
v 0.106446 -0.247071 -0.001114
v 0.105957 -0.174804 0.048218
v 0.106446 -0.247071 0.049195
v -0.089355 0.033691 -0.053833
v -0.068359 -0.250000 -0.042847
v -0.064941 -0.250000 -0.048950
v -0.068847 -0.250000 -0.041870
v 0.091309 -0.211914 -0.050171
v -0.116211 -0.246094 -0.048462
v -0.115234 -0.178711 -0.048218
v -0.116211 -0.178711 -0.050171
v -0.116211 -0.246094 -0.048462
v -0.115722 -0.246094 -0.001396
v -0.115234 -0.178711 -0.048218
v 0.100586 0.038819 0.046265
v 0.104981 0.039795 -0.048218
v 0.107910 0.038330 -0.049438
v -0.119140 0.019165 -0.038452
v -0.120117 0.031494 -0.044555
v -0.119140 0.027222 -0.038696
v -0.116211 -0.222656 -0.052612
v 0.103028 -0.250000 -0.046020
v 0.055420 -0.249023 -0.003647
v 0.102539 -0.250000 -0.047973
v 0.103028 -0.250000 -0.046020
v -0.104004 0.027344 0.050171
v -0.063965 -0.244141 0.046265
v -0.004379 -0.244141 0.045777
v -0.063476 -0.244141 0.045777
v -0.004379 -0.244141 0.045777
v 0.107910 0.035400 -0.049682
v 0.107910 0.024048 -0.049927
v 0.106446 0.035400 -0.051147
v 0.106934 0.037842 -0.050903
v 0.107910 0.038330 -0.049438
v 0.050293 -0.103515 0.054077
v 0.051514 -0.103028 0.053833
v 0.108399 -0.222656 0.043091
v 0.108399 -0.242188 0.046753
v 0.108399 -0.222656 0.043091
v 0.107910 -0.222656 0.048950
v 0.108399 -0.242188 0.046753
v -0.028808 0.038819 -0.047973
v -0.011902 -0.161133 -0.018310
v -0.036377 -0.116699 -0.020019
v -0.036377 -0.116699 -0.020019
v -0.037109 -0.116211 -0.028808
v -0.012207 -0.163086 -0.020874
v 0.105957 0.039551 0.047241
v 0.075196 -0.245117 -0.053345
v 0.064942 -0.236328 -0.053589
v 0.075196 -0.245117 -0.053345
v 0.055909 -0.246094 -0.053833
v 0.064942 -0.236328 -0.053589
v 0.055909 -0.246094 -0.053833
v 0.093262 -0.241211 -0.054077
v -0.118652 0.026611 0.038452
v -0.118652 0.020141 0.038696
v -0.118652 -0.250000 -0.025879
v -0.119140 -0.245117 -0.024536
v 0.063477 0.026611 0.052612
v 0.089844 -0.103028 -0.031372
v 0.089844 -0.105469 -0.028564
v 0.084961 -0.103515 -0.031616
v 0.087403 -0.106445 -0.031128
v -0.068847 0.052246 0.032837
v 0.020020 0.188477 0.033325
v 0.012696 0.199219 0.033570
v -0.070312 0.052979 0.031006
v -0.068847 0.052246 0.032837
v -0.068847 0.052246 0.032837
v 0.012696 0.199219 0.033570
v -0.070312 0.052979 0.031006
v -0.003006 -0.171875 0.053833
v -0.002929 -0.172852 0.050659
v -0.003006 -0.171875 0.053833
v -0.027588 -0.138672 0.050171
v -0.002929 -0.172852 0.050659
v 0.110840 0.039551 -0.028686
v 0.110840 0.039551 -0.028686
v 0.110352 0.039062 -0.041626
v 0.110840 0.039551 -0.017212
v 0.102539 -0.250000 0.025391
v 0.101075 -0.249023 0.042603
v -0.109863 -0.000931 -0.052612
v -0.109375 0.000050 -0.050415
v -0.114257 -0.010010 -0.050903
v -0.109375 0.000050 -0.050415
v -0.085449 -0.100097 0.023682
v -0.086914 -0.009399 0.023926
v -0.084961 -0.019531 0.021973
v -0.084961 -0.100586 0.030274
v -0.084961 -0.100586 0.030274
v -0.083984 -0.100097 0.021607
v -0.083984 -0.100097 0.021607
v 0.108399 -0.246094 0.047486
v -0.028198 0.027344 -0.047729
v 0.001007 -0.163086 -0.031372
v -0.118652 0.038330 0.049927
v -0.116211 -0.095703 -0.001091
v -0.115722 -0.178711 -0.000900
v -0.116699 -0.095703 0.047730
v -0.116211 -0.095703 -0.001091
v -0.116699 -0.095703 0.047730
v -0.115234 -0.021118 -0.001022
v 0.010376 0.200196 0.032593
v -0.070312 0.052979 0.031006
v 0.012696 0.199219 0.033570
v 0.009400 0.200196 0.030029
v 0.103516 -0.246094 -0.050903
v 0.053711 -0.245117 -0.051147
v 0.103516 -0.246094 -0.050903
v -0.084961 0.023071 0.030518
v 0.109375 0.017334 -0.050171
v 0.110352 0.031250 -0.044800
v 0.079590 -0.161133 0.005249
v 0.081543 -0.159179 0.004608
v 0.082520 -0.161133 0.006317
v -0.082031 -0.223633 0.003250
v 0.082520 -0.161133 0.006317
v -0.109863 -0.244141 0.043823
v -0.110351 -0.244141 0.044068
v -0.109863 -0.244141 -0.001503
v -0.110351 -0.243164 0.043823
v -0.110351 -0.244141 0.044068
v -0.109863 -0.244141 0.043823
v -0.109375 -0.244141 -0.002014
v -0.110351 -0.244141 0.044068
v -0.109375 -0.244141 -0.002014
v -0.109863 -0.244141 -0.001503
v 0.094727 0.026977 -0.049682
v -0.074218 -0.235352 -0.050659
v -0.079590 -0.235352 -0.052856
v -0.073242 -0.234375 -0.052856
v 0.055420 -0.249023 -0.003647
v 0.102539 -0.250000 0.048706
v 0.054688 -0.250000 0.048462
v 0.055420 -0.249023 -0.003647
v 0.055420 -0.249023 -0.003647
v 0.056153 -0.250000 -0.047485
v 0.102539 -0.250000 -0.047973
v 0.055420 -0.249023 -0.003647
v -0.004562 -0.249023 -0.004150
v -0.114257 -0.250000 -0.047485
v -0.117187 -0.250000 -0.047973
v 0.049073 -0.076172 0.023438
v 0.071289 -0.036133 0.024536
v 0.066895 -0.035156 0.023682
v 0.071289 -0.036133 0.024536
v 0.049073 -0.076172 0.023438
v 0.108399 -0.226562 -0.037720
v -0.067871 0.038330 0.050659
v -0.112304 0.039306 0.050415
v -0.111816 0.036621 0.051636
v -0.067871 0.038330 0.050659
v -0.111816 0.036621 0.051636
v -0.067382 0.032959 0.050415
v -0.003997 -0.088867 0.044068
v 0.047119 -0.179688 0.044800
v -0.003814 -0.197266 0.044556
v 0.103516 -0.242188 0.053345
v 0.097168 -0.243164 0.053589
v 0.094727 -0.247071 0.053589
v 0.099121 -0.249023 0.053345
v 0.097168 -0.243164 0.053589
v 0.104004 -0.247071 0.053345
v -0.110840 0.020386 -0.029785
v -0.113769 -0.195312 0.052857
v -0.113281 -0.195312 0.053833
v -0.112793 -0.196289 0.050903
v -0.008239 0.234375 -0.018066
v 0.060547 0.087890 -0.018066
v -0.025757 0.019043 -0.047241
v -0.019409 -0.094727 -0.055786
v 0.022950 0.027710 -0.045288
v 0.022950 0.032959 -0.047485
v 0.071289 -0.035889 0.026734
v -0.083007 0.218750 -0.032104
v -0.061767 0.209961 -0.031616
v 0.080078 -0.250000 -0.045288
v 0.097657 -0.249023 -0.045044
v 0.097657 -0.249023 -0.045044
v -0.104492 0.027099 0.049927
v 0.082032 0.111817 0.032837
v 0.165039 0.161133 0.033570
v 0.033203 0.217773 0.033081
v 0.178711 0.153321 0.034058
v 0.082032 0.111817 0.032837
v 0.028687 -0.020874 0.034058
v 0.169922 0.138672 0.034058
v 0.033203 0.217773 0.033081
v 0.169922 0.138672 0.034058
v 0.108399 -0.244141 -0.024170
v -0.002487 0.009766 0.048462
v -0.002426 0.007873 0.049439
v -0.114257 -0.250000 0.010254
v -0.113281 -0.250000 0.026367
v 0.063477 -0.234375 0.049927
v -0.114257 -0.227539 0.038208
v 0.055420 0.039062 -0.053589
v -0.064941 0.009033 -0.043823
v -0.108398 0.031250 -0.045044
v -0.064941 0.009033 -0.043823
v -0.108398 0.031250 -0.045044
v -0.107422 -0.024292 -0.045532
v 0.110840 0.037110 -0.008484
v 0.110352 0.027222 -0.014343
v 0.108887 0.034668 -0.008606
v 0.083496 -0.109375 -0.030884
v 0.083496 -0.109375 -0.030884
v 0.084473 -0.110352 -0.028686
v 0.048584 -0.134766 -0.028564
v -0.111328 0.040283 0.048218
v -0.118164 -0.249023 -0.047241
v -0.118652 -0.249023 -0.043335
v -0.118652 -0.250000 -0.025879
v 0.076172 0.026734 0.050171
v 0.075684 0.026734 0.052612
v -0.070312 0.052735 0.023316
v -0.070312 0.052735 0.023316
v 0.010254 0.201172 0.022949
v 0.010743 0.199219 0.020874
v -0.070312 0.052735 0.023316
v -0.070312 0.052979 0.031006
v 0.010254 0.201172 0.022949
v -0.070312 0.052735 0.023316
v -0.068847 0.052002 0.021240
v -0.084961 0.023193 0.023804
v -0.070312 0.052735 0.023316
v -0.070312 0.052735 0.023316
v 0.010743 0.199219 0.020874
v -0.068847 0.052002 0.021240
v -0.109375 -0.000370 0.052368
v -0.108886 0.000399 0.049683
v -0.108398 0.001412 0.053589
v 0.047119 -0.179688 0.044800
v 0.099121 -0.169922 0.046021
v 0.055176 -0.243164 0.046021
v 0.047119 -0.179688 0.044800
v 0.055176 -0.243164 0.046021
v -0.003814 -0.197266 0.044556
v -0.119140 0.035645 -0.049438
v -0.118652 0.030151 -0.049438
v -0.120117 0.031494 -0.044555
v -0.120117 0.031494 -0.044555
v 0.024414 0.036377 0.049683
v 0.025513 0.037597 0.049683
v 0.026245 0.035645 0.050171
v 0.024536 0.033448 0.049439
v -0.030883 -0.109863 0.055054
v -0.031006 -0.109375 0.053589
v -0.002105 -0.143554 0.055298
v -0.019775 -0.091308 0.055542
v -0.019775 -0.090820 0.054321
v 0.076660 -0.250000 0.048462
v 0.079102 -0.250000 0.045044
v 0.097657 -0.250000 0.045777
v 0.057862 -0.250000 0.043823
v -0.112793 0.030396 -0.051147
v -0.111816 0.037354 -0.051147
v -0.067871 0.027344 -0.050171
v -0.112793 0.030396 -0.051147
v -0.065429 0.009094 -0.050171
v -0.063476 -0.026001 -0.049927
v -0.067871 0.027344 -0.050171
v -0.111816 0.037354 -0.051147
v 0.099121 0.039551 -0.053100
v 0.105957 0.026489 0.024536
v -0.118164 -0.222656 -0.048218
v -0.067382 -0.023316 0.050415
v -0.063965 0.014099 0.050171
v -0.113281 -0.026123 0.050659
v -0.005066 -0.243164 -0.001770
v -0.063965 -0.244141 -0.003204
v -0.063965 -0.244141 0.043335
v -0.005066 -0.243164 -0.001770
v 0.056397 -0.244141 -0.002090
v -0.005218 -0.244141 -0.042847
v -0.005066 -0.243164 -0.001770
v -0.005218 -0.244141 -0.042847
v -0.063965 -0.244141 -0.003204
v 0.099610 0.015869 -0.053833
v 0.106934 0.017456 -0.053100
v 0.099610 0.015869 -0.053833
v 0.047364 -0.076660 0.033814
v 0.089356 -0.021972 -0.032104
v 0.093262 0.007996 -0.031372
v 0.084961 -0.158203 0.006561
v -0.078125 -0.101074 0.021485
v -0.076660 -0.024292 0.021973
v -0.038086 -0.042969 0.023316
v -0.076660 -0.024292 0.021973
v 0.064453 -0.235352 -0.052856
v 0.056641 -0.245117 -0.050659
v -0.116699 -0.095703 0.049439
v 0.100586 -0.243164 0.045288
v 0.100586 -0.168946 0.046021
v 0.100586 -0.168946 0.044556
v 0.100586 -0.243164 0.046021
v 0.100586 -0.244141 0.044068
v -0.068847 0.037110 -0.050659
v -0.112793 0.039551 -0.050415
v -0.112793 0.039551 -0.050415
v 0.109375 0.016968 0.049439
v 0.109375 0.029907 0.051636
v 0.108887 0.017090 0.051392
v 0.001847 -0.070801 -0.054077
v 0.019165 -0.111817 -0.054321
v -0.116699 0.034912 0.007416
v -0.104980 -0.246094 -0.053589
v -0.102539 -0.239258 -0.053833
v -0.027588 0.036133 0.045532
v -0.099121 -0.238281 0.050171
v 0.075196 -0.250000 0.052857
v 0.075684 -0.249023 0.053345
v 0.055176 -0.250000 0.052857
v 0.075196 -0.250000 0.052857
v 0.099121 -0.250000 0.053101
v 0.099121 -0.249023 0.053345
v 0.075196 -0.250000 0.052857
v 0.055176 -0.250000 0.052857
v 0.099121 -0.249023 0.053345
v 0.075196 -0.250000 0.052857
v 0.072754 -0.250000 0.051880
v 0.096192 -0.250000 0.052368
v -0.115234 0.027222 -0.022705
v -0.117675 -0.250000 0.026367
v -0.118164 -0.250000 0.026367
v -0.118164 -0.250000 0.009644
v -0.117675 -0.250000 0.026367
v -0.117187 -0.250000 0.009766
v -0.118164 -0.249023 0.043579
v 0.015381 0.014038 -0.048462
v 0.021973 0.017944 -0.049438
v 0.061280 -0.026001 -0.049927
v 0.061280 -0.026001 -0.049927
v 0.103516 -0.242188 0.053345
v 0.096680 -0.240234 0.053589
v 0.096680 -0.240234 0.053589
v -0.108398 0.031250 -0.045044
v -0.001896 -0.144531 -0.053833
v -0.001850 -0.143554 -0.055054
v 0.000428 -0.142578 -0.054809
v -0.001896 -0.144531 -0.053833
v 0.181641 0.152344 0.034302
v -0.109375 0.015747 0.053101
v 0.102051 -0.250000 0.050171
v -0.104004 0.019287 -0.052856
v 0.110352 0.037597 0.041626
v 0.055420 -0.064453 -0.018555
v 0.083008 -0.034912 -0.018310
v 0.049317 0.070312 -0.018066
v 0.055420 -0.064453 -0.018555
v 0.049317 0.070312 -0.018066
v 0.015259 0.070312 -0.019043
v -0.114746 -0.250000 -0.001602
v -0.112793 -0.250000 -0.002014
v -0.112793 -0.250000 0.047730
v -0.027832 0.030517 0.045288
v -0.002014 -0.144531 0.053833
v -0.004379 -0.244141 0.045777
v -0.004120 -0.244141 0.046021
v -0.114746 0.029663 -0.053100
v -0.116211 0.030029 -0.052612
v -0.114746 0.029663 -0.053100
v -0.109375 0.030396 -0.053833
v 0.049317 0.070312 -0.018066
v 0.087403 0.023804 -0.017700
v 0.060547 0.087890 -0.018066
v 0.049317 0.070312 -0.018066
v -0.112304 0.040039 -0.047729
v -0.030151 0.037110 -0.050171
v -0.068847 0.037110 -0.050659
v -0.024780 -0.085938 -0.043823
v -0.003921 -0.199219 -0.043579
v -0.001934 -0.086914 -0.043579
v -0.024780 -0.085938 -0.043823
v -0.001934 -0.086914 -0.043579
v 0.098633 -0.250000 -0.052124
v 0.104004 -0.250000 -0.051636
v -0.087402 -0.008484 0.030640
v -0.086914 -0.009399 0.023926
v -0.087402 -0.008484 0.030640
v -0.087402 0.011596 0.023926
v -0.113281 -0.095215 -0.050903
v -0.063476 -0.091797 -0.050415
v -0.057129 -0.184571 -0.050659
v -0.113281 -0.095215 -0.050903
v -0.113281 -0.175781 -0.051147
v -0.115234 -0.095215 -0.051147
v -0.057129 -0.184571 -0.050659
v -0.115234 -0.095215 -0.051147
v 0.080567 0.231446 0.009216
v 0.080567 0.231446 0.006348
v -0.082031 0.232422 0.005615
v 0.108399 -0.240234 -0.043335
v 0.108887 -0.223633 -0.047973
v 0.108399 -0.222656 -0.042114
v 0.108887 -0.223633 -0.047973
v 0.108399 -0.222656 -0.042114
v -0.109863 -0.249023 0.044312
v -0.107422 -0.249023 0.044312
v -0.106933 -0.250000 0.044800
v -0.106933 -0.250000 0.044800
v -0.111328 -0.250000 0.045777
v 0.023438 -0.138672 0.050415
v -0.120117 0.039795 -0.015076
v -0.118652 -0.241211 -0.043335
v -0.118164 -0.249023 -0.050415
v 0.089844 -0.238281 0.052612
v 0.102539 0.039306 -0.044067
v 0.106934 0.017090 0.052368
v 0.101563 0.029663 0.053345
v 0.106934 0.017090 0.052368
v 0.107422 0.030029 0.052612
v 0.026490 -0.073730 -0.054077
v 0.001847 -0.070801 -0.054077
v -0.115234 -0.178711 -0.048218
v -0.115722 -0.246094 -0.001396
v -0.115722 -0.178711 -0.000900
v 0.012696 0.199219 0.033570
v -0.083984 0.021606 0.021607
v -0.068847 0.052002 0.021240
v 0.108887 -0.002212 -0.044311
v 0.105957 -0.000408 -0.043823
v 0.104004 -0.225586 0.038208
v 0.104004 -0.225586 0.038208
v 0.104493 -0.237304 0.039429
v -0.115234 0.039062 -0.050415
v 0.103516 -0.096680 0.051148
v 0.056153 -0.022094 0.050171
v 0.053711 -0.090332 0.050659
v 0.103516 -0.096680 0.051148
v 0.105469 -0.096680 0.050659
v 0.104493 -0.081055 0.050903
v 0.056153 -0.022094 0.050171
v -0.027710 0.250000 -0.019775
v -0.004501 -0.244141 -0.045288
v -0.063476 -0.244141 -0.044555
v -0.004684 -0.244141 -0.044555
v -0.004501 -0.244141 -0.045288
v -0.063476 -0.244141 -0.045532
v -0.063476 -0.244141 -0.044555
v -0.117675 0.017578 0.051392
v -0.118164 0.017212 0.049439
v -0.115234 -0.176758 -0.050903
v -0.116211 -0.095215 -0.049438
v -0.115234 -0.095215 -0.051147
v -0.115234 -0.176758 -0.050903
v -0.115234 -0.176758 -0.050903
v -0.116211 -0.178711 -0.050171
v -0.116211 -0.095215 -0.049438
v -0.115234 -0.176758 -0.050903
v -0.115234 -0.095215 -0.051147
v -0.113281 -0.175781 -0.051147
v 0.010254 0.201172 0.022949
v 0.010254 0.201172 0.022949
v 0.010254 0.201172 0.022949
v 0.009400 0.200196 0.030029
v 0.024414 0.221679 0.022705
v 0.010254 0.201172 0.022949
v 0.101075 -0.243164 -0.043579
v -0.103027 0.027588 0.052368
v -0.086914 0.027099 0.052124
v -0.103027 0.027588 0.052368
v -0.104004 0.027344 0.050171
v -0.086914 -0.250000 0.044800
v -0.119629 0.038819 -0.008056
v -0.037109 -0.116211 -0.028808
v -0.026855 -0.117188 -0.032837
v 0.105957 0.039551 0.043091
v 0.108399 0.039795 0.046509
v 0.105957 0.039551 0.043091
v 0.077637 -0.250000 -0.053345
v 0.054932 -0.250000 -0.053589
v -0.116211 0.027344 0.013672
v -0.118652 -0.250000 -0.044067
v 0.056153 -0.022094 0.050171
v 0.049805 -0.172852 0.050903
v -0.114257 -0.236328 0.038696
v -0.114746 -0.238281 0.038208
v 0.060547 0.035156 -0.050415
v 0.061524 0.015747 -0.049927
v -0.011413 0.007660 -0.042602
v -0.024780 -0.085938 -0.043823
v -0.001934 -0.086914 -0.043579
v 0.002671 0.007354 -0.042602
v -0.011413 0.007660 -0.042602
v -0.024780 -0.085938 -0.043823
v 0.021973 0.017944 -0.049438
v 0.099121 -0.169922 0.046021
v -0.081543 0.228516 0.003617
v 0.079590 0.227539 0.004486
v 0.080078 0.222656 0.004273
v -0.081543 0.228516 0.003617
v 0.080078 0.222656 0.004273
v -0.082031 0.225586 0.003540
v -0.082031 0.225586 0.003540
v -0.002334 -0.168946 -0.053589
v -0.103027 0.006744 0.049927
v 0.037842 0.221679 0.032837
v -0.115234 -0.197266 0.048706
v 0.027100 0.065918 -0.031860
v 0.072754 -0.056885 -0.031860
v -0.024292 0.049316 -0.032348
v 0.027100 0.065918 -0.031860
v 0.087891 0.022461 -0.031372
v 0.072754 -0.056885 -0.031860
v 0.027100 0.065918 -0.031860
v -0.024292 0.049316 -0.032348
v -0.061767 0.209961 -0.031616
v -0.063965 -0.244141 -0.003204
v -0.063965 -0.244141 -0.003204
v -0.005218 -0.244141 -0.042847
v -0.063476 -0.244141 -0.042847
v 0.031006 -0.081543 -0.032104
v -0.084961 0.226562 0.010742
v -0.086425 0.226562 0.008972
v -0.087402 -0.219727 0.008118
v -0.086914 -0.218750 0.009400
v -0.086425 0.226562 0.008972
v -0.086914 -0.218750 0.009400
v -0.084961 0.226562 0.010742
v 0.070801 -0.035400 0.033325
v 0.047364 -0.076660 0.033814
v 0.047608 -0.078613 0.031861
v 0.070801 -0.035400 0.033325
v 0.047608 -0.078613 0.031861
v 0.071289 -0.035889 0.026734
v 0.070801 -0.035400 0.033325
v 0.070313 -0.035156 0.035767
v 0.047364 -0.076660 0.033814
v 0.104981 0.039306 -0.053345
v 0.104981 0.040039 -0.052612
v 0.104981 0.039306 -0.053345
v 0.099121 0.039551 -0.053100
v -0.004379 -0.244141 0.045777
v -0.004562 -0.244141 0.045044
v -0.063476 -0.244141 0.045777
v -0.107910 0.039062 -0.053833
v 0.178711 0.153321 0.034058
v 0.089356 -0.239258 -0.050171
v -0.108398 -0.204102 -0.050659
v 0.100586 0.038819 0.046265
v 0.102539 0.039062 0.045532
v -0.114746 -0.236328 0.026367
v -0.114746 -0.233398 0.015686
v -0.109863 -0.093750 0.043579
v -0.109863 -0.169922 0.044556
v -0.109863 -0.173828 -0.001427
v -0.010498 0.233398 -0.017212
v -0.008239 0.234375 -0.018066
v -0.083984 0.021606 0.021607
v -0.068847 0.052002 0.021240
v -0.055908 0.054688 0.020752
v -0.083984 0.021606 0.021607
v -0.055908 0.054688 0.020752
v -0.082031 0.015869 0.021362
v 0.110352 0.018432 0.038941
v 0.083985 -0.110352 -0.021240
v -0.112304 0.039306 0.050415
v -0.114746 0.039795 0.048706
v -0.114746 0.039795 0.048706
v -0.016967 0.233398 -0.017212
v 0.015259 0.070312 -0.019043
v 0.049317 0.070312 -0.018066
v 0.106934 0.038574 -0.008484
v 0.109375 0.038819 -0.007995
v 0.025513 0.037597 0.049683
v 0.024292 0.037597 0.049439
v 0.026245 0.035645 0.050171
v 0.102539 -0.250000 -0.047973
v 0.056153 -0.250000 -0.047485
v 0.103028 -0.250000 -0.049682
v -0.086425 -0.009094 0.032593
v -0.086425 0.012939 0.032837
v -0.087402 -0.008484 0.030640
v -0.085449 -0.237304 0.052857
v 0.108887 0.026977 -0.037720
v 0.094727 0.018921 -0.053589
v -0.029785 0.039062 -0.048950
v -0.002670 -0.031739 -0.050171
v 0.047364 -0.177734 -0.044067
v -0.109375 0.030396 0.053589
v -0.115722 0.017944 0.052368
v -0.109375 0.030396 0.053589
v 0.026001 0.027466 0.043579
v -0.084961 0.226562 0.010742
v -0.076172 -0.179688 0.010925
v -0.082031 0.224609 0.011475
v -0.086914 -0.218750 0.009400
v -0.082031 0.224609 0.011475
v 0.094727 -0.247071 0.053589
v 0.075684 -0.249023 0.053345
v 0.099121 -0.249023 0.053345
v 0.032471 0.190429 0.020996
v 0.106446 -0.247071 0.049195
v -0.025757 0.018799 -0.048950
v -0.111816 -0.250000 -0.043091
v -0.114257 -0.250000 -0.047485
v -0.113281 -0.250000 -0.030273
v -0.110840 -0.250000 -0.045776
v -0.109863 -0.249023 -0.044800
v -0.111328 -0.249023 -0.043091
v -0.001560 -0.140625 -0.055298
v -0.081543 -0.223633 0.008362
v -0.116211 -0.248047 0.048462
v 0.105957 0.039551 0.043091
v 0.098633 -0.092285 -0.044555
v 0.098145 -0.168946 -0.045044
v -0.086914 0.040039 0.049439
v -0.111328 0.040283 0.048218
v -0.001506 -0.063965 0.054077
v 0.015747 -0.090332 0.054077
v -0.001506 -0.063965 0.054077
v -0.019409 -0.094727 -0.055786
v 0.084473 -0.156250 0.004914
v 0.084473 0.224609 0.005860
v 0.085450 -0.156250 0.006378
v 0.077637 -0.250000 -0.052368
v 0.054444 -0.250000 -0.052368
v 0.054932 -0.250000 -0.053589
v 0.077637 -0.250000 -0.052368
v 0.098633 -0.250000 -0.052124
v 0.097168 -0.250000 -0.049682
v -0.108398 -0.009522 -0.002197
v -0.004501 -0.093750 -0.050415
v -0.001384 -0.027954 -0.050415
v 0.080078 0.228516 0.011902
v -0.081543 0.228516 0.011170
v -0.082031 0.224609 0.011475
v 0.080078 0.228516 0.011902
v -0.082031 0.224609 0.011475
v 0.080567 0.223633 0.012512
v -0.117187 -0.195312 0.049683
v -0.115234 -0.197266 0.048706
v 0.099121 -0.249023 0.053345
v 0.104004 -0.250000 0.053101
v 0.087891 0.022461 -0.031372
v 0.060547 0.031983 0.050415
v 0.060303 0.008606 0.050415
v 0.104493 -0.028321 0.050903
v 0.060303 0.008606 0.050415
v 0.104493 -0.028321 0.050903
v 0.104004 0.021729 0.050903
v 0.060547 0.031983 0.050415
v -0.057373 -0.103028 0.050171
v -0.027588 -0.138672 0.050171
v -0.118652 0.017090 -0.049682
v -0.118652 0.030151 -0.049438
v -0.118164 0.029907 -0.051391
v -0.118652 0.017090 -0.049682
v -0.118164 -0.250000 0.026367
v -0.118652 -0.249023 0.008240
v -0.113281 0.040039 -0.045532
v -0.112304 0.040039 -0.047729
v -0.110840 0.039551 -0.044800
v -0.113281 0.040039 -0.045532
v -0.112304 0.040039 -0.047729
v -0.019409 -0.094727 -0.055786
v -0.116211 0.024781 0.047241
v -0.116699 -0.027466 0.047730
v -0.115234 -0.021118 -0.001022
v -0.115234 -0.021118 -0.001022
v 0.107910 -0.247071 -0.051880
v 0.108887 0.026977 -0.037720
v 0.042237 -0.078613 0.034058
v 0.047364 -0.076660 0.033814
v 0.065918 -0.033691 0.035523
v 0.104981 -0.238281 0.039673
v 0.104981 -0.238281 0.039673
v -0.030883 0.028809 -0.049927
v -0.063476 -0.244141 -0.042847
v -0.005218 -0.244141 -0.042847
v -0.004684 -0.244141 -0.044555
v -0.063476 -0.244141 -0.042847
v -0.004684 -0.244141 -0.044555
v -0.063476 -0.244141 -0.044555
v 0.098145 -0.168946 -0.045044
v 0.049317 -0.088867 -0.043579
v 0.047364 -0.177734 -0.044067
v 0.098145 -0.168946 -0.045044
v 0.098633 -0.092285 -0.044555
v 0.049317 -0.088867 -0.043579
v 0.076172 0.026734 0.050171
v -0.063476 -0.244141 0.045777
v -0.004562 -0.244141 0.045044
v -0.063476 -0.245117 0.045044
v 0.093262 0.007996 -0.031372
v -0.024780 -0.085938 -0.043823
v -0.060547 -0.089355 -0.043823
v -0.055664 -0.183594 -0.043579
v 0.165039 0.161133 0.033570
v 0.037842 0.221679 0.032837
v 0.033203 0.217773 0.033081
v 0.104493 -0.095703 -0.050903
v 0.110352 0.039062 -0.041626
v 0.110352 0.039551 -0.047241
v 0.109864 0.040039 -0.041870
v -0.104492 0.019043 -0.053833
v -0.104004 0.006684 -0.053589
v 0.071289 0.038819 -0.053833
v 0.105469 -0.247071 0.051148
v -0.113281 -0.250000 -0.049438
v -0.118164 -0.242188 -0.046997
v -0.076172 -0.179688 0.010925
v 0.078125 -0.156250 0.011475
v -0.082031 0.224609 0.011475
v -0.108398 -0.170898 0.046021
v -0.108398 -0.092773 0.045044
v -0.059814 -0.089844 0.044312
v -0.028198 0.018554 -0.049682
v 0.064453 -0.234375 -0.050171
v 0.064453 -0.234375 -0.050171
v -0.118164 -0.221679 -0.042358
v -0.118164 -0.212891 -0.037231
v 0.054932 0.039306 0.049927
v -0.082031 0.015869 0.021362
v -0.076660 -0.024292 0.021973
v -0.084961 -0.019531 0.021973
v -0.076660 -0.024292 0.021973
v -0.067382 -0.245117 0.053589
v 0.103028 -0.246094 0.051392
v 0.053955 -0.246094 0.051636
v -0.063965 -0.249023 -0.050659
v -0.082031 -0.223633 0.003250
v 0.110352 0.038819 -0.008850
v 0.078614 -0.249023 0.044312
v 0.097657 -0.249023 0.044556
v 0.079102 -0.250000 0.045044
v -0.012512 -0.111817 -0.032348
v -0.010498 -0.159179 -0.032104
v -0.026855 -0.117188 -0.032837
v -0.012512 -0.111817 -0.032348
v -0.092773 0.019776 -0.033081
v -0.024292 0.049316 -0.032348
v -0.012512 -0.111817 -0.032348
v -0.012512 -0.111817 -0.032348
v -0.092773 0.019776 -0.033081
v -0.012512 -0.111817 -0.032348
v -0.024292 0.049316 -0.032348
v 0.031006 -0.081543 -0.032104
v -0.110351 0.037842 0.043091
v 0.107910 -0.250000 -0.047729
v -0.110351 -0.243164 0.043823
v -0.109863 -0.169922 0.044556
v -0.109863 -0.242188 0.045777
v -0.110351 -0.243164 0.043823
v -0.109863 -0.173828 -0.001427
v -0.109863 -0.169922 0.044556
v 0.071289 -0.035889 0.026734
v 0.071289 -0.036133 0.024536
v 0.174805 0.137696 0.024903
v -0.039795 -0.119629 0.030640
v -0.102539 -0.078125 -0.044800
v -0.107910 -0.169922 -0.045044
v -0.060547 -0.089355 -0.043823
v -0.108398 -0.091308 -0.045044
v 0.105957 0.026489 -0.038452
v 0.013672 -0.095215 0.022583
v 0.012268 -0.097168 0.024292
v -0.040283 -0.120605 0.021729
v -0.111328 0.040039 0.043823
v 0.035889 0.223633 0.022827
v 0.104004 0.039062 -0.049927
v 0.060059 0.038574 -0.050415
v 0.062989 0.039551 -0.048218
v 0.104004 0.039062 -0.049927
v 0.062989 0.039551 -0.048218
v 0.104981 0.039795 -0.048218
v 0.049317 -0.088867 -0.043579
v 0.002671 0.007354 -0.042602
v 0.049317 -0.088867 -0.043579
v 0.017334 0.011596 -0.042602
v -0.063965 -0.250000 -0.003006
v -0.064453 -0.250000 0.047974
v -0.112793 -0.250000 0.047730
v -0.063965 -0.250000 -0.003006
v -0.117187 0.038330 -0.046997
v -0.118652 0.016479 0.043823
v 0.082520 -0.156250 0.011658
v 0.080567 0.223633 0.012512
v 0.078125 -0.156250 0.011475
v 0.078125 -0.156250 0.011475
v -0.038086 -0.042969 0.023316
v -0.076660 -0.024292 0.021973
v -0.055908 0.054688 0.020752
v -0.114746 -0.233398 0.015686
v -0.101562 -0.212891 0.054077
v -0.107422 -0.222656 0.053833
v -0.118164 0.029907 -0.051391
v 0.078614 0.039551 0.050171
v 0.075684 0.039306 0.049683
v 0.099121 -0.244141 -0.001350
v 0.056153 -0.244141 -0.042847
v 0.056397 -0.244141 -0.002090
v 0.099121 -0.244141 -0.001350
v 0.100586 -0.245117 -0.001388
v 0.100098 -0.245117 -0.043335
v -0.109375 0.015747 0.053101
v 0.109864 0.030274 -0.050171
v -0.059814 -0.170898 0.050659
v -0.065429 0.009094 -0.050171
v -0.106445 -0.250000 -0.045532
v 0.109864 0.030274 -0.050171
v 0.110352 0.031250 -0.044800
v 0.052979 -0.249023 -0.050903
v 0.099121 0.039062 -0.053833
v 0.106446 0.026734 0.038452
v -0.001934 -0.086914 -0.043579
v 0.047364 -0.177734 -0.044067
v 0.049317 -0.088867 -0.043579
v 0.105957 0.021240 0.050903
v 0.105957 0.021240 0.050903
v -0.060547 -0.089355 -0.043823
v -0.107910 -0.169922 -0.045044
v -0.055664 -0.183594 -0.043579
v -0.001999 0.007538 0.042847
v 0.078125 -0.158203 0.011292
v -0.082031 -0.220703 0.011353
v -0.081543 -0.222656 0.010254
v -0.082031 -0.220703 0.011353
v -0.081543 -0.222656 0.010254
v -0.028198 0.018554 -0.049682
v 0.100586 -0.172852 -0.001472
v 0.100586 -0.094727 -0.003097
v 0.100586 -0.172852 -0.001472
v 0.101075 -0.243164 -0.043579
v 0.101075 -0.243164 -0.001365
v 0.100586 -0.094727 -0.003097
v 0.100586 -0.172852 -0.001472
v 0.101075 -0.243164 -0.001365
v -0.063965 -0.246094 0.051392
v -0.116211 0.030029 -0.052612
v -0.118164 0.017212 -0.051636
v -0.118164 0.029907 -0.051391
v 0.100586 -0.094727 -0.003097
v 0.169922 0.133789 0.034058
v 0.065918 -0.033691 0.035523
v 0.070313 -0.035156 0.035767
v 0.169922 0.133789 0.034058
v 0.169922 0.138672 0.034058
v 0.065918 -0.033691 0.035523
v -0.087402 -0.008484 0.030640
v 0.101075 -0.025757 -0.045288
v 0.098633 -0.092285 -0.044555
v 0.100586 -0.093750 -0.045044
v -0.118164 -0.249023 -0.047241
v -0.108886 0.037597 0.053589
v -0.084472 0.039062 0.053589
v -0.108398 0.039062 0.053345
v -0.040283 -0.120605 0.021729
v 0.012268 -0.097168 0.024292
v -0.040039 -0.119629 0.023560
v 0.099121 -0.243164 0.046265
v -0.109375 0.030639 -0.044800
v 0.104981 0.039795 -0.048218
v 0.056153 -0.021851 -0.043335
v 0.056153 -0.021851 -0.043335
v -0.109863 -0.093750 -0.044555
v -0.109863 -0.173828 -0.001427
v -0.109863 -0.169922 -0.043823
v 0.104493 -0.095703 -0.050903
v 0.055909 -0.090820 -0.050415
v 0.061280 -0.026001 -0.049927
v -0.059814 -0.170898 0.050659
v -0.112304 -0.184571 0.051148
v -0.063965 -0.246094 0.051392
v 0.078614 -0.249023 0.044312
v 0.057373 -0.250000 0.042603
v -0.107422 -0.023559 0.045044
v -0.062011 0.011719 0.043579
v -0.063476 -0.022461 0.044068
v -0.062011 0.011719 0.043579
v -0.063965 -0.244141 0.043335
v -0.063965 -0.244141 0.043335
v 0.109375 0.035400 -0.052124
v 0.108887 0.030274 -0.052124
v 0.065918 -0.033691 0.035523
v 0.100586 -0.008728 -0.002167
v -0.060547 -0.124512 0.030884
v 0.061280 -0.026001 -0.049927
v -0.004501 -0.093750 -0.050415
v -0.001384 -0.027954 -0.050415
v 0.055909 -0.090820 -0.050415
v 0.101075 -0.243164 -0.043579
v 0.100098 -0.245117 -0.043335
v 0.100586 -0.245117 -0.001388
v 0.100586 -0.245117 -0.001388
v 0.104493 -0.250000 -0.047485
v -0.063476 -0.022461 0.044068
v 0.105957 0.026856 -0.038208
v 0.079102 -0.160156 0.010132
v -0.081543 -0.222656 0.010254
v -0.081543 -0.223633 0.008362
v -0.117187 0.036377 -0.047485
v 0.109375 0.026611 -0.026733
v 0.080078 0.222656 0.004273
v 0.079102 -0.156250 0.003403
v -0.082031 0.225586 0.003540
v 0.107422 -0.237304 0.038208
v 0.104981 -0.238281 0.039673
v 0.104493 -0.237304 0.039429
v -0.116699 -0.027466 0.047730
v -0.116699 -0.095703 0.049439
v -0.118164 -0.244141 -0.008545
v -0.106445 -0.249023 -0.044800
v 0.019165 -0.111817 -0.054321
v 0.100586 -0.008728 -0.002167
v -0.001213 -0.066406 -0.055542
v 0.078614 0.039551 0.050171
v 0.101075 0.039306 0.048218
v 0.075684 0.039306 0.049683
v 0.028687 -0.020874 0.034058
v 0.065918 -0.033691 0.035523
v 0.169922 0.138672 0.034058
v 0.101075 -0.025879 0.044068
v 0.101563 0.031006 0.043335
v 0.100586 -0.008728 -0.002167
v -0.062011 0.011719 0.043579
v -0.063965 0.014099 0.050171
v -0.063965 0.014099 0.050171
v 0.109864 0.040039 -0.041870
v -0.116211 0.031128 -0.000725
v -0.116699 0.030151 -0.047729
v -0.115234 -0.021118 -0.001022
v -0.117675 -0.236328 0.026245
v -0.024292 0.049316 -0.032348
v 0.072754 -0.056885 -0.031860
v 0.031006 -0.081543 -0.032104
v -0.024292 0.049316 -0.032348
v -0.116699 0.030151 -0.047729
v -0.024292 0.049316 -0.032348
v 0.101075 -0.243164 -0.001365
v 0.080567 0.223633 0.012512
v -0.082031 0.224609 0.011475
v 0.078125 -0.156250 0.011475
v 0.067871 0.039795 -0.053345
v -0.076660 -0.024292 0.021973
v -0.001970 -0.101317 0.053664
v -0.019775 -0.090820 0.054321
v -0.001970 -0.101317 0.053664
v 0.025147 -0.068847 0.050171
v -0.002321 -0.103211 0.050134
v -0.002321 -0.103211 0.050134
v -0.002929 -0.172852 0.050659
v -0.002321 -0.103211 0.050134
v -0.002321 -0.103211 0.050134
v -0.002455 -0.103272 -0.050332
v -0.002455 -0.103272 -0.050332
v -0.030029 -0.069336 -0.050171
v -0.002455 -0.103272 -0.050332
v -0.003051 -0.171875 -0.050903
v -0.002455 -0.103272 -0.050332
v -0.004362 -0.097170 -0.054357
v -0.004362 -0.097170 -0.054357
v -0.017334 -0.087890 -0.054565
v -0.004362 -0.097170 -0.054357
vn -0.5901 -0.7289 -0.3471
vn -0.0000 -1.0000 -0.0000
vn -0.4788 -0.8779 -0.0000
vn -0.3596 -0.1936 -0.9128
vn -0.1537 -0.8740 -0.4610
vn -0.9409 -0.3263 -0.0911
vn -0.7737 -0.1354 -0.6189
vn 0.0042 -0.0000 -1.0000
vn -0.0000 0.0125 -0.9999
vn -0.0016 0.0093 -1.0000
vn 0.0090 -0.0180 -0.9998
vn 0.0155 0.0103 -0.9998
vn 0.0071 -0.0055 -1.0000
vn -0.0016 -0.0047 -1.0000
vn 0.0156 -0.0150 -0.9998
vn 0.0156 -0.0149 -0.9998
vn 0.0107 -0.0172 -0.9998
vn 0.0941 -0.0886 -0.9916
vn -0.9634 -0.0277 0.2665
vn -0.9836 -0.0547 0.1717
vn -0.9986 0.0197 -0.0499
vn -0.0107 0.9888 0.1489
vn -0.9800 -0.0766 0.1837
vn -0.0163 0.1395 -0.9901
vn -0.0027 0.8709 -0.4915
vn -0.0069 0.7710 -0.6368
vn -0.0159 0.1645 -0.9862
vn 0.0114 0.1142 -0.9934
vn 0.5627 0.2201 -0.7968
vn 0.0284 0.7307 -0.6821
vn -0.0195 0.0152 -0.9997
vn -0.0205 0.0108 -0.9997
vn 0.1400 0.0414 -0.9893
vn 0.0763 -0.9932 -0.0878
vn -0.4237 -0.9040 -0.0566
vn -0.2370 -0.6171 -0.7504
vn 0.0523 -0.2571 -0.9650
vn 0.2374 -0.9712 0.0186
vn -0.0188 -0.9641 0.2650
vn 0.1408 0.9878 -0.0668
vn -0.0128 0.9999 0.0070
vn -0.0437 0.9906 0.1295
vn 0.6844 0.3476 -0.6409
vn 0.2660 0.7108 -0.6512
vn 0.2081 0.9780 -0.0166
vn 0.7529 0.6160 -0.2317
vn -0.0138 -0.0198 0.9997
vn -0.0751 0.0202 0.9970
vn -0.0367 -0.0348 0.9987
vn -0.0151 -0.0387 0.9991
vn -0.0039 -0.0364 0.9993
vn 0.0140 0.1234 0.9923
vn -0.0118 -0.0090 0.9999
vn -0.0119 -0.0095 0.9999
vn -0.0116 -0.0503 0.9987
vn -0.1243 0.0399 0.9914
vn 0.0151 0.2175 0.9759
vn 0.1064 0.0429 0.9934
vn -0.1016 0.0352 0.9942
vn 0.1717 -0.1338 0.9760
vn -0.1330 0.0055 0.9911
vn 0.1643 -0.0000 0.9864
vn 0.1649 -0.2140 0.9628
vn 0.0025 -0.1718 0.9851
vn 0.0011 0.0122 0.9999
vn 0.8294 0.5526 0.0819
vn -0.0817 0.0378 0.9959
vn -0.0984 -0.0155 0.9950
vn -0.0281 -0.0156 0.9995
vn 0.1554 0.0551 0.9863
vn -0.8951 0.4458 0.0072
vn 0.0002 0.9999 0.0162
vn -0.8688 0.4950 0.0108
vn -0.4004 0.9163 -0.0115
vn -0.4813 0.8765 -0.0064
vn -0.9926 0.1212 -0.0017
vn -0.0943 0.9955 -0.0049
vn 0.9794 -0.2014 -0.0156
vn 0.8253 -0.5648 -0.0000
vn 0.9979 -0.0647 -0.0101
vn 0.9933 -0.1120 -0.0299
vn 1.0000 -0.0000 -0.0000
vn 0.9961 0.0022 0.0885
vn 0.9993 -0.0367 -0.0087
vn 0.9746 -0.2195 0.0447
vn 0.1536 -0.9873 -0.0409
vn 0.1720 -0.9851 0.0045
vn 0.0653 0.3101 -0.9485
vn 0.0767 0.2570 -0.9634
vn 0.2370 0.3329 -0.9127
vn 0.2606 0.9604 -0.0985
vn 0.5176 0.8435 -0.1438
vn 0.5360 0.8430 -0.0447
vn 0.0298 0.3250 -0.9452
vn 0.2310 0.9728 -0.0145
vn 0.0451 0.9980 -0.0442
vn 0.0385 0.3578 -0.9330
vn 0.5547 0.8320 -0.0000
vn 0.6340 0.7661 -0.1057
vn -0.0000 1.0000 -0.0000
vn 0.2129 0.4790 0.8516
vn 0.2408 0.1204 0.9631
vn 0.1186 0.2962 0.9477
vn 0.2348 0.7435 0.6261
vn 0.9577 0.2394 -0.1596
vn -0.0179 -0.0110 0.9998
vn 0.0006 0.2677 0.9635
vn -0.0108 0.2912 0.9566
vn -0.0205 -0.0385 0.9990
vn -0.0205 -0.0392 0.9990
vn 0.0949 0.0115 0.9954
vn 0.3217 0.0446 0.9458
vn 0.0556 0.1711 0.9837
vn -0.0098 -0.0392 0.9992
vn 0.1078 -0.0212 0.9939
vn 0.0928 0.0500 -0.9944
vn 0.0566 0.0675 0.9961
vn 0.7457 0.1818 0.6410
vn 0.0509 -0.0041 -0.9987
vn 0.0103 -0.0180 -0.9998
vn 0.1029 0.0609 -0.9928
vn 0.0173 0.0197 -0.9997
vn 0.1133 0.0758 0.9907
vn 0.0065 0.0065 -1.0000
vn 0.0429 0.0519 0.9977
vn -0.1895 0.3170 0.9293
vn -0.0188 0.0353 0.9992
vn -0.1631 0.3268 0.9309
vn -0.7130 0.6840 0.1542
vn -0.5777 0.1380 0.8045
vn -0.0510 -0.0191 0.9985
vn -0.4353 0.8944 0.1028
vn 0.9997 -0.0063 -0.0221
vn 0.9998 0.0001 -0.0189
vn 0.9994 0.0002 -0.0348
vn 0.9999 -0.0061 0.0108
vn 0.9998 -0.0095 0.0146
vn 0.9999 -0.0094 0.0142
vn 0.9999 -0.0071 0.0105
vn 0.9998 -0.0115 0.0175
vn 0.9999 -0.0000 0.0110
vn 0.9999 -0.0063 -0.0117
vn 0.9656 -0.2601 -0.0000
vn 0.9566 -0.0290 -0.2899
vn 0.9738 -0.0008 -0.2275
vn 0.8674 -0.0000 -0.4976
vn 0.7027 -0.7080 -0.0708
vn 0.7126 -0.6996 0.0533
vn 0.5335 -0.8444 -0.0483
vn 0.8951 -0.4426 -0.0534
vn 0.0041 -0.0007 1.0000
vn -0.0051 -0.5453 0.8382
vn -0.0048 -0.2403 0.9707
vn -0.0028 -0.9287 0.3707
vn 0.0022 -0.8321 0.5546
vn -0.0000 -0.9585 0.2849
vn -0.0000 -0.7809 0.6247
vn -0.0019 -0.9822 0.1877
vn 0.0040 -0.0000 1.0000
vn -0.0050 0.0001 1.0000
vn 0.9727 0.0045 0.2320
vn 0.0741 0.0275 0.9969
vn 0.9801 -0.0307 0.1962
vn 0.9418 0.0646 0.3300
vn 0.9998 -0.0129 0.0150
vn 0.9917 -0.0158 0.1273
vn 0.0507 -0.0000 0.9987
vn 0.9992 0.0010 -0.0404
vn -0.0108 0.0587 0.9982
vn 0.4376 -0.6708 0.5988
vn 0.2412 -0.7099 0.6617
vn 0.4124 -0.8317 0.3717
vn 0.0748 -0.5551 0.8284
vn 0.6665 -0.2988 0.6830
vn 0.1567 -0.2864 0.9452
vn 0.8040 -0.5360 0.2573
vn 0.0445 -0.3126 0.9488
vn 0.0962 -0.4431 0.8913
vn 0.6004 -0.7504 0.2764
vn -0.1602 0.2837 -0.9454
vn -0.0763 0.1409 -0.9871
vn -0.1677 0.0452 -0.9848
vn -0.2847 0.7127 -0.6411
vn -0.0734 0.9692 -0.2350
vn 0.0406 0.9749 -0.2187
vn -0.0167 0.7998 -0.6000
vn -0.1616 0.4022 -0.9012
vn 0.0395 -0.2190 -0.9749
vn -0.9947 0.0016 -0.1030
vn -0.9937 0.0988 -0.0523
vn -0.9849 0.1442 -0.0960
vn 0.0708 -0.1525 -0.9858
vn -0.2413 0.4584 -0.8554
vn -0.2924 0.7558 -0.5859
vn 0.0292 0.0006 -0.9996
vn -0.1067 -0.2872 -0.9519
vn 0.0111 -0.0444 -0.9990
vn 0.0331 -0.0499 -0.9982
vn 0.0049 -0.2382 -0.9712
vn 0.0107 -0.9440 -0.3298
vn 0.0031 -0.9945 -0.1043
vn -0.0199 -0.0478 -0.9987
vn -0.0168 -0.0995 -0.9949
vn 0.0214 -0.7609 -0.6485
vn 0.9776 0.0012 0.2105
vn 0.9999 -0.0061 -0.0096
vn 0.8496 0.0048 0.5275
vn 0.5245 0.0074 0.8514
vn 0.9767 0.0019 0.2145
vn 0.7677 0.0004 0.6409
vn 0.9902 0.0024 -0.1393
vn 1.0000 -0.0031 -0.0002
vn 0.3034 -0.0017 0.9529
vn 0.9772 0.0037 -0.2123
vn 0.0272 0.0724 -0.9970
vn -0.0062 -0.0024 -1.0000
vn -0.0580 0.1194 -0.9911
vn 0.4105 0.6081 -0.6795
vn 0.3961 0.3531 -0.8476
vn 0.0965 0.7990 -0.5936
vn -0.1759 0.5980 -0.7819
vn 0.9742 -0.0801 0.2109
vn 0.9936 -0.0494 0.1016
vn 0.9940 -0.0968 0.0516
vn 0.9822 -0.0677 0.1750
vn 0.9593 0.2698 -0.0834
vn 0.9336 0.2759 0.2285
vn 0.9853 -0.0551 -0.1618
vn 0.9800 -0.0716 0.1859
vn 0.7053 0.7089 0.0108
vn 0.9485 0.3167 0.0048
vn 0.9991 0.0426 -0.0046
vn 0.6737 0.7237 0.1497
vn 0.8241 0.4082 0.3928
vn 0.9547 0.2729 0.1189
vn -0.0262 0.9950 -0.0960
vn -0.6164 0.7856 0.0542
vn -0.2841 0.9063 -0.3128
vn 0.4469 0.8946 -0.0000
vn 0.4709 0.8351 0.2842
vn 0.3452 0.8877 0.3048
vn 0.5043 0.8385 0.2065
vn -0.0066 0.9891 -0.1472
vn -0.0703 0.9975 0.0116
vn 0.0584 -0.6761 0.7345
vn 0.0444 -0.6838 0.7283
vn 0.0057 -1.0000 -0.0000
vn 0.0476 -0.9989 -0.0000
vn 0.0408 -0.9992 -0.0000
vn -0.9912 -0.0421 0.1256
vn -0.7632 -0.2340 -0.6022
vn -0.1170 -0.5224 -0.8446
vn -0.3004 -0.0405 0.9530
vn -0.6076 0.0391 0.7933
vn -0.9957 0.0563 0.0732
vn 0.1691 -0.9819 -0.0849
vn -0.9774 0.0033 -0.2114
vn 0.1084 -0.0620 -0.9922
vn 0.0316 -0.0172 -0.9994
vn -0.9852 -0.0000 -0.1713
vn -0.9939 0.0364 -0.1043
vn -0.0166 0.0289 -0.9994
vn -0.9982 0.0162 -0.0575
vn -0.9994 0.0286 -0.0208
vn -0.9359 0.0093 -0.3522
vn -0.9996 0.0211 0.0172
vn -0.9947 0.1030 -0.0018
vn -0.7594 0.6263 0.1762
vn -0.7849 0.6195 -0.0142
vn -0.9979 0.0220 -0.0611
vn -0.9716 0.0542 0.2304
vn -0.8637 0.0243 -0.5035
vn -0.7410 0.3923 -0.5449
vn 0.1135 -0.9931 -0.0284
vn 0.0892 -0.9870 0.1338
vn 0.1110 -0.3441 0.9324
vn -0.3656 -0.0106 -0.9307
vn -0.7962 -0.0185 -0.6048
vn -0.9854 0.0103 -0.1698
vn -0.5945 0.1024 -0.7975
vn -0.1543 -0.0045 -0.9880
vn -0.1504 -0.0046 -0.9886
vn -0.7650 -0.0234 -0.6436
vn -0.0111 -0.0291 -0.9995
vn -0.0024 -0.1239 -0.9923
vn 0.0099 -0.0395 -0.9992
vn -0.0020 -0.0193 -0.9998
vn 0.1200 0.0656 -0.9906
vn 0.1569 0.1177 -0.9806
vn -0.0227 -0.0709 -0.9972
vn -0.0128 0.0771 -0.9969
vn 0.0905 0.0350 -0.9953
vn -0.0575 0.1219 -0.9909
vn 0.9653 -0.2598 0.0250
vn 0.9762 -0.2144 -0.0318
vn 0.9995 -0.0328 0.0033
vn 0.9985 -0.0538 0.0043
vn 0.9552 -0.2935 0.0368
vn 0.1120 -0.9937 0.0050
vn 0.2622 -0.9646 0.0295
vn 0.0582 -0.0893 -0.9943
vn 0.0137 -0.0214 -0.9997
vn 0.0708 -0.1142 -0.9909
vn 0.2146 -0.3179 -0.9235
vn 0.5084 -0.7394 -0.4414
vn 0.5385 -0.8322 -0.1321
vn 0.3484 -0.5449 -0.7627
vn 0.0550 -0.0711 -0.9960
vn 0.0631 -0.0863 -0.9943
vn 0.0565 0.9983 0.0126
vn -0.1742 0.9842 0.0330
vn -0.1591 0.9319 0.3258
vn -0.0265 0.9822 0.1858
vn 0.0041 0.9967 -0.0810
vn -0.0471 0.9428 0.3300
vn -0.1176 0.8524 0.5095
vn -0.0247 0.9997 -0.0027
vn -0.0000 -0.9796 0.2009
vn -0.2622 -0.9330 -0.2466
vn -0.0161 -0.9997 0.0206
vn -0.0193 -0.9996 0.0198
vn -0.0202 -0.9998 -0.0000
vn -0.0038 -0.9841 -0.1778
vn -0.2655 -0.9532 0.1448
vn 0.0187 -0.9996 -0.0209
vn -0.0004 -0.9998 -0.0211
vn 0.0179 -0.9996 -0.0202
vn -0.0017 -0.9999 -0.0102
vn -0.1651 -0.8529 -0.4953
vn -0.9570 0.0310 -0.2884
vn -0.9917 0.1003 0.0806
vn -0.9907 -0.1138 -0.0745
vn -0.9647 -0.2619 0.0262
vn -0.8878 0.1477 -0.4359
vn -0.9587 0.0673 -0.2764
vn -0.9969 0.0661 0.0432
vn 0.4662 0.0040 -0.8847
vn 0.6177 0.1646 -0.7690
vn 0.7917 0.0050 -0.6109
vn 0.6146 0.0109 -0.7888
vn 0.1592 -0.0032 -0.9872
vn 0.0947 -0.0149 -0.9954
vn 0.0793 0.0871 -0.9930
vn -0.0011 0.0015 1.0000
vn -0.0167 -0.0002 0.9999
vn -0.0033 0.0045 1.0000
vn -0.0033 -0.0031 1.0000
vn -0.0051 -0.0003 1.0000
vn -0.0053 -0.0001 1.0000
vn 0.0084 0.0061 0.9999
vn 0.0113 0.0005 0.9999
vn -0.0121 -0.0147 0.9998
vn -0.0175 -0.0174 0.9997
vn -0.0235 -0.0203 0.9995
vn -0.0183 0.0012 0.9998
vn 0.0029 0.0021 1.0000
vn 0.0511 -0.0292 0.9983
vn -0.7110 0.5409 0.4494
vn -0.1378 -0.0070 0.9904
vn 0.0165 0.0009 0.9999
vn -0.0200 0.0023 0.9998
vn 0.4214 0.8077 0.4123
vn -0.0033 -0.0075 1.0000
vn 0.0078 0.0046 1.0000
vn 0.0124 0.0039 0.9999
vn 0.9643 -0.0075 -0.2646
vn 0.8749 0.3814 -0.2985
vn 0.9761 0.1530 0.1542
vn 0.9734 0.0005 -0.2290
vn 0.9735 0.0005 -0.2287
vn 0.6320 0.1598 -0.7583
vn 0.9916 0.0081 0.1290
vn 0.6684 0.0400 -0.7427
vn 0.8148 0.0013 -0.5798
vn 0.1219 0.9825 0.1407
vn 0.1197 0.9461 0.3008
vn 0.1406 0.9896 0.0296
vn 0.1069 0.9813 0.1603
vn 0.1379 0.9308 0.3385
vn -0.0002 -0.0041 -1.0000
vn 0.0156 0.0011 -0.9999
vn -0.3320 -0.0016 -0.9433
vn -0.4414 -0.0000 -0.8973
vn -0.5400 0.1861 -0.8208
vn -0.0997 0.0831 -0.9915
vn -0.8681 -0.0020 -0.4963
vn -0.9107 -0.0704 -0.4071
vn -0.0000 -0.0000 -1.0000
vn -0.9801 -0.0826 -0.1802
vn -0.9987 0.0155 0.0476
vn -0.9838 -0.0022 0.1793
vn -0.9905 0.0127 0.1366
vn -1.0000 -0.0000 -0.0000
vn -0.9985 -0.0346 -0.0419
vn -0.9961 -0.0711 -0.0517
vn -0.9967 -0.0336 0.0734
vn -0.9931 -0.1122 0.0345
vn -0.9921 -0.0593 0.1107
vn -0.9997 0.0250 -0.0000
vn -0.9995 0.0271 0.0155
vn -0.9790 0.0284 0.2021
vn -0.5057 0.0206 0.8625
vn -0.5992 0.0202 0.8003
vn 0.0105 0.0298 0.9995
vn -0.5737 0.4366 0.6930
vn 0.0099 0.1048 0.9944
vn 0.1956 -0.0053 0.9807
vn 0.9816 -0.0411 0.1866
vn 0.4406 -0.0125 0.8976
vn 0.0061 0.0026 1.0000
vn 0.5309 -0.1051 0.8409
vn 0.0067 0.0046 1.0000
vn -0.2778 -0.4067 0.8703
vn -0.1343 -0.5340 0.8348
vn -0.0842 -0.0851 0.9928
vn -0.1465 -0.0718 0.9866
vn -0.6151 -0.5902 0.5228
vn -0.7864 -0.4427 0.4309
vn -0.5570 -0.8267 0.0793
vn -0.8641 -0.5033 0.0029
vn 0.0751 -0.1448 -0.9866
vn 0.1342 -0.1629 -0.9775
vn 0.0874 -0.7635 -0.6399
vn -0.0993 -0.0497 -0.9938
vn 0.0565 -0.1016 -0.9932
vn 0.1566 0.0858 -0.9839
vn 0.1160 -0.1185 -0.9862
vn -0.0591 0.0479 -0.9971
vn 0.2426 -0.0000 -0.9701
vn 0.0750 0.0255 -0.9969
vn 0.1746 -0.0211 -0.9844
vn 1.0000 -0.0064 -0.0051
vn 0.6795 -0.0066 0.7336
vn 0.0049 -0.0066 1.0000
vn -0.0172 -0.0171 0.9997
vn 0.9862 -0.0033 -0.1655
vn 0.8000 -0.0072 0.6000
vn -0.0000 -0.0000 1.0000
vn -0.2490 0.0047 0.9685
vn 0.1394 0.9838 0.1128
vn 0.0228 0.2555 0.9665
vn 0.0697 0.3457 0.9358
vn -0.1024 0.9877 0.1185
vn 0.2142 0.9555 0.2030
vn 0.2108 0.9769 -0.0338
vn 0.1122 0.9881 -0.1055
vn 0.9976 0.0502 0.0471
vn 0.9993 0.0353 -0.0095
vn 0.9954 0.0369 0.0884
vn 0.9997 -0.0123 0.0210
vn 0.1935 -0.4201 0.8866
vn 0.9910 -0.1257 0.0469
vn 0.0515 -0.1385 0.9890
vn 0.3043 -0.9423 0.1397
vn -0.0033 -0.0361 0.9993
vn 0.0271 -0.2161 0.9760
vn -0.0093 -0.0306 0.9995
vn 0.0468 0.0014 0.9989
vn 0.8205 -0.5434 -0.1775
vn 0.2811 -0.8508 -0.4439
vn 0.1640 -0.9857 -0.0377
vn 0.0371 -0.9975 0.0593
vn 0.0039 -1.0000 0.0063
vn 0.0172 -0.9995 0.0275
vn 0.1580 -0.9872 -0.0197
vn -0.6296 -0.6147 -0.4751
vn -0.9516 -0.3043 -0.0423
vn -0.1776 -0.0450 -0.9831
vn -0.7980 -0.4241 -0.4281
vn -0.0946 -0.0856 -0.9918
vn -0.7252 -0.5736 -0.3808
vn -0.8690 -0.4932 0.0402
vn -0.7142 -0.6994 -0.0257
vn -0.3876 -0.2322 -0.8921
vn -0.0737 -0.0457 -0.9962
vn -0.8787 -0.4728 -0.0656
vn 0.0003 -0.0062 1.0000
vn 0.2530 -0.2217 0.9417
vn -0.0016 0.0048 1.0000
vn -0.0047 0.0099 0.9999
vn -0.0332 -0.0395 0.9987
vn -0.1551 -0.1429 0.9775
vn 0.0326 -0.0265 0.9991
vn 0.0156 -0.0127 0.9998
vn 0.3666 -0.2867 0.8851
vn -0.0273 -0.0131 0.9995
vn -0.1403 -0.0958 0.9855
vn -0.0172 -0.0054 0.9998
vn -0.9985 -0.0509 -0.0186
vn -0.9968 -0.0795 0.0009
vn -0.9965 -0.0830 0.0036
vn -0.9430 0.3314 -0.0283
vn -0.9017 0.4311 -0.0331
vn -0.9963 -0.0136 -0.0843
vn -0.9963 -0.0106 -0.0848
vn -0.9961 0.0803 -0.0370
vn -0.9958 -0.0907 -0.0106
vn -0.9962 0.0516 0.0698
vn -1.0000 -0.0078 -0.0000
vn -0.9253 -0.0117 0.3791
vn -0.6021 -0.0032 0.7984
vn -0.5951 0.0078 0.8036
vn -1.0000 -0.0055 -0.0000
vn -0.9999 -0.0056 -0.0101
vn 0.0405 -0.0174 -0.9990
vn 0.0413 -0.0155 -0.9990
vn 0.0095 -0.0105 -0.9999
vn 0.0133 -0.0108 -0.9999
vn 0.0239 -0.0161 -0.9996
vn 0.0089 -0.0104 -0.9999
vn -0.1559 0.0818 -0.9844
vn -0.1504 0.0919 -0.9843
vn -0.3815 0.2419 -0.8922
vn -0.0410 0.0159 -0.9990
vn -0.0806 0.0610 -0.9949
vn -0.3826 0.2924 -0.8764
vn 0.0065 0.0164 -0.9998
vn 0.0599 0.4395 -0.8962
vn 0.9892 0.0457 -0.1396
vn 0.9936 -0.0844 -0.0748
vn -0.0812 0.8334 -0.5467
vn -0.0095 0.9612 -0.2758
vn -0.1651 -0.1227 -0.9786
vn -0.1758 0.4433 -0.8790
vn 0.1033 -0.1583 -0.9820
vn -0.0101 -0.9066 -0.4219
vn -0.0075 -0.9800 -0.1989
vn -0.0086 -0.9964 -0.0840
vn 0.4617 -0.8093 -0.3632
vn 0.1382 0.0009 -0.9904
vn 0.2085 -0.0789 -0.9748
vn -0.0006 -0.1042 -0.9946
vn -0.0029 -0.2502 -0.9682
vn 0.9922 0.0271 -0.1220
vn 0.5238 -0.8512 0.0327
vn -0.0108 -0.9979 0.0631
vn -0.0358 -0.9771 0.2097
vn -0.0111 -0.6000 0.7999
vn -0.0460 -0.9620 0.2692
vn -0.0682 -0.2139 0.9745
vn 0.6761 -0.1390 0.7236
vn 0.2904 0.0356 0.9562
vn -0.8164 -0.5635 0.1264
vn -0.2098 -0.9703 -0.1207
vn -0.5985 -0.3051 0.7408
vn -0.8642 -0.4378 0.2481
vn 0.1827 0.0178 0.9830
vn 0.1527 0.0152 0.9882
vn -0.0403 -0.0393 0.9984
vn 0.4811 0.0195 0.8765
vn -0.9835 -0.0265 -0.1789
vn -0.1273 0.0468 -0.9908
vn -0.0830 0.0166 -0.9964
vn -0.9937 -0.0543 0.0977
vn -0.9576 0.2775 -0.0770
vn -0.1058 -0.0172 -0.9942
vn -0.9758 -0.0269 0.2170
vn -0.9153 -0.0481 0.3999
vn -0.8193 0.4763 0.3191
vn -0.9989 -0.0461 -0.0106
vn -0.8085 0.5885 0.0026
vn -0.9915 0.1301 -0.0085
vn -0.9670 -0.0798 0.2418
vn -0.9994 -0.0341 -0.0049
vn -0.9995 -0.0305 -0.0040
vn -0.8321 0.5547 -0.0000
vn 0.0047 0.0033 -1.0000
vn 0.0046 0.0072 -1.0000
vn -0.0012 -0.0621 -0.9981
vn 0.0126 0.0001 -0.9999
vn -0.0000 0.0035 -1.0000
vn 0.0081 0.0003 -1.0000
vn 0.0057 -0.3291 -0.9443
vn 0.0144 -0.3140 -0.9493
vn 0.0087 0.0001 -1.0000
vn 0.0048 0.0036 -1.0000
vn 0.2063 0.1719 -0.9633
vn -0.0316 -0.3161 -0.9482
vn -0.1770 0.0492 -0.9830
vn 0.0346 -0.0028 -0.9994
vn 0.0366 -0.0009 -0.9993
vn 0.0364 0.0050 -0.9993
vn 0.0311 0.0706 -0.9970
vn 0.0257 0.1851 -0.9824
vn -0.2807 -0.0264 -0.9594
vn -0.2409 0.1168 -0.9635
vn -0.6900 0.1469 -0.7087
vn 0.0232 -0.0002 -0.9997
vn 0.0235 -0.0002 -0.9997
vn 0.0363 -0.0003 -0.9993
vn -0.7487 0.0304 -0.6622
vn -0.3146 0.0028 -0.9492
vn 0.9744 -0.1716 0.1450
vn 0.9937 -0.0327 0.1067
vn 0.9893 -0.1449 0.0146
vn 0.9994 -0.0344 0.0031
vn -0.1671 -0.1177 0.9789
vn -0.0294 -0.4554 0.8898
vn -0.0712 -0.2506 0.9655
vn -0.0184 0.0014 0.9998
vn -0.1442 0.0016 0.9895
vn -0.4585 0.0011 0.8887
vn -0.4317 -0.1431 0.8906
vn 0.0614 0.0018 0.9981
vn -0.0046 0.0111 0.9999
vn 0.0067 -0.0186 0.9998
vn -0.0047 0.0113 0.9999
vn -0.0057 0.0138 0.9999
vn -0.0056 -0.2721 0.9622
vn -0.0013 -0.9528 0.3035
vn -0.0013 -0.9487 0.3161
vn 0.0048 -0.2977 0.9546
vn 0.0023 -0.8937 0.4487
vn 0.0048 -0.2963 0.9551
vn -0.0082 0.0097 0.9999
vn -0.0041 -0.2423 0.9702
vn -0.0119 0.0096 0.9999
vn 0.0050 -0.0827 0.9966
vn -0.9990 -0.0220 -0.0381
vn -0.9939 0.0007 -0.1106
vn -0.9990 -0.0433 0.0099
vn -0.9807 -0.0248 0.1937
vn -0.9715 -0.0270 0.2356
vn -0.9975 -0.0633 -0.0317
vn -0.9896 -0.0289 -0.1406
vn -0.9968 -0.0744 0.0277
vn -0.9993 0.0358 0.0092
vn -1.0000 -0.0006 0.0084
vn -0.9919 0.1104 0.0629
vn -0.9949 -0.0644 -0.0780
vn -0.8975 -0.4409 0.0125
vn -0.9845 -0.1708 -0.0402
vn -0.4466 -0.8932 0.0523
vn -0.0072 -0.9274 -0.3741
vn -0.3366 -0.9140 0.2264
vn -0.7157 -0.6533 0.2469
vn -0.7185 -0.6539 -0.2370
vn -0.0153 -0.9915 0.1291
vn 0.0009 -0.9990 0.0454
vn -0.0042 -0.9990 0.0454
vn -0.7326 0.6112 0.2995
vn -0.7832 0.5711 0.2458
vn -0.1042 0.0877 0.9907
vn 0.3225 0.0764 0.9435
vn -0.2256 0.9477 -0.2256
vn -0.7980 0.5663 -0.2059
vn -0.0033 0.4615 0.8871
vn -0.0119 0.1022 0.9947
vn 0.0110 0.8566 0.5159
vn -0.0209 0.4110 0.9114
vn -0.0164 0.8775 0.4792
vn -0.0212 0.1638 0.9863
vn -0.0230 0.0289 0.9993
vn 0.0177 0.9946 0.1019
vn -0.0255 0.0457 0.9986
vn 0.3971 0.8185 -0.4153
vn 0.1093 0.0830 0.9905
vn 0.6179 0.4797 -0.6230
vn 0.0164 0.0466 -0.9988
vn -0.7090 0.5326 -0.4622
vn -0.0001 0.0355 0.9994
vn 0.6479 0.7585 -0.0701
vn 0.6647 0.7471 -0.0000
vn 0.8606 0.4956 -0.1172
vn 0.3959 0.8054 -0.4411
vn 0.6247 0.7808 -0.0000
vn 0.4615 0.2697 -0.8452
vn 0.1869 0.3107 -0.9320
vn -0.3835 0.0767 0.9204
vn -0.6209 0.5091 0.5961
vn -0.6963 0.1741 0.6963
vn 0.0056 0.2407 0.9706
vn 0.0046 0.5981 0.8014
vn -0.0214 -0.0060 0.9998
vn -0.4472 -0.0081 0.8944
vn 0.0087 -0.0131 0.9999
vn 0.0117 -0.0132 0.9998
vn -0.7071 -0.0070 0.7071
vn -0.0000 0.8247 0.5656
vn -0.5951 -0.0410 0.8026
vn -0.6181 0.0074 0.7861
vn -0.9105 -0.0311 0.4124
vn -0.6677 -0.0228 0.7440
vn -0.9985 -0.0341 -0.0426
vn 0.3042 -0.0232 0.9523
vn 0.2805 0.0094 0.9598
vn 0.1368 -0.0538 0.9891
vn 0.1644 -0.0190 0.9862
vn 0.1565 0.3053 0.9393
vn 0.1566 0.3053 0.9393
vn 0.2668 -0.0800 0.9604
vn 0.0066 0.0112 0.9999
vn 0.0058 -0.0019 1.0000
vn 0.0204 0.0345 0.9992
vn -0.0034 0.0984 0.9951
vn -0.0562 0.0135 0.9983
vn 0.0111 0.0167 0.9998
vn 0.0121 -0.0048 0.9999
vn -0.0646 -0.0736 0.9952
vn 0.6305 -0.7093 -0.3152
vn 0.3574 -0.9291 -0.0953
vn -0.0000 -0.8797 -0.4755
vn 0.0787 -0.9844 0.1575
vn -0.0041 -0.0129 -0.9999
vn -0.0042 -0.0098 -0.9999
vn -0.0042 -0.0092 -0.9999
vn -0.0224 0.0353 -0.9991
vn 0.1535 0.5973 -0.7872
vn 0.0245 0.2723 -0.9619
vn -0.0211 -0.0048 -0.9998
vn -0.0182 -0.0046 -0.9998
vn -0.0195 -0.0031 -0.9998
vn -0.0321 0.0133 -0.9994
vn -0.0194 0.0236 -0.9995
vn 0.4380 0.5197 -0.7335
vn -0.0010 -0.0126 -0.9999
vn -0.0004 -0.0127 -0.9999
vn 0.0031 -0.0130 -0.9999
vn 0.7348 -0.0000 0.6783
vn -0.0150 0.1461 0.9892
vn 0.4879 0.7692 0.4127
vn 0.9922 0.0438 -0.1167
vn 0.4051 -0.0123 0.9142
vn -0.0222 -0.0555 0.9982
vn -0.0324 -0.0526 0.9981
vn -0.0157 -0.0598 0.9981
vn -0.0151 -0.0316 0.9994
vn -0.0546 -0.0312 0.9980
vn -0.0610 -0.0365 0.9975
vn -0.0437 -0.0328 0.9985
vn -0.0389 -0.0227 0.9990
vn -0.1104 -0.8974 0.4271
vn -0.0791 -0.9968 0.0144
vn -0.0073 -0.9163 0.4003
vn -0.0549 -0.5223 0.8510
vn 0.1262 -0.3138 0.9411
vn 0.3123 -0.7000 0.6422
vn 0.3556 -0.8916 0.2803
vn 0.1966 -0.4105 0.8904
vn 0.0135 -0.0386 0.9992
vn 0.0087 -0.0451 0.9989
vn 0.0516 -0.1638 0.9851
vn 0.0516 -0.1639 0.9851
vn 0.1124 -0.3202 0.9407
vn 0.0117 -0.0608 0.9981
vn -0.4333 -0.2323 -0.8708
vn -0.0530 -0.0519 -0.9972
vn -0.6383 -0.4069 -0.6535
vn -0.8652 -0.4904 -0.1047
vn 0.0047 -0.0114 -0.9999
vn -0.9849 -0.1594 -0.0671
vn -0.8847 0.0654 -0.4616
vn -0.3072 0.2642 -0.9142
vn -0.9952 -0.0980 -0.0083
vn -0.9950 -0.0997 -0.0000
vn -0.9925 -0.1221 -0.0102
vn -0.9925 -0.1202 -0.0200
vn -0.9990 -0.0000 -0.0437
vn -0.9995 0.0033 -0.0326
vn -0.0779 0.0733 0.9943
vn -0.3029 0.4541 0.8379
vn -0.0169 0.0624 0.9979
vn 0.0096 0.0315 0.9995
vn -0.0360 -0.0121 0.9993
vn -0.0310 -0.0078 0.9995
vn -0.0249 -0.0215 0.9995
vn -0.0336 -0.0034 0.9994
vn -0.9360 0.1986 0.2907
vn -0.7271 0.5414 0.4221
vn -0.2521 -0.0129 0.9676
vn -0.6875 0.0563 0.7240
vn 0.0088 0.0073 -0.9999
vn -0.0088 0.0062 -0.9999
vn -0.0041 0.0061 -1.0000
vn 0.4066 -0.0024 -0.9136
vn 0.5394 -0.0043 -0.8421
vn 0.0044 -0.0018 -1.0000
vn 0.0044 -0.0069 -1.0000
vn -0.0024 -0.0018 -1.0000
vn -0.0089 0.0029 -1.0000
vn 0.3292 -0.0007 -0.9443
vn 0.4904 0.0005 -0.8715
vn 0.2455 0.9541 -0.1714
vn 0.6738 0.7351 0.0754
vn 0.0132 0.9996 0.0265
vn 0.1707 0.9792 0.1095
vn 0.3154 0.9003 0.3001
vn -0.1531 0.9798 0.1287
vn 0.3504 0.8900 0.2917
vn 0.8181 0.5742 0.0321
vn 0.9947 -0.0286 -0.0989
vn 0.9955 0.0397 -0.0860
vn 0.9514 0.0786 -0.2979
vn 0.9974 -0.0362 0.0619
vn 0.9939 -0.1082 0.0197
vn 0.9974 -0.0362 0.0620
vn 0.9859 -0.0080 -0.1674
vn 0.9932 0.0432 0.1079
vn 0.9943 -0.0223 -0.1040
vn -0.0197 -0.9998 -0.0002
vn -0.0194 -0.9998 -0.0002
vn 0.3707 -0.9287 0.0109
vn 0.7036 -0.7103 0.0207
vn 0.3168 -0.9485 -0.0000
vn 0.8934 -0.4489 0.0197
vn -0.0188 -0.9998 -0.0000
vn -0.0134 -0.0635 -0.9979
vn -0.0756 0.0185 -0.9970
vn 0.0343 -0.0413 -0.9986
vn 0.8439 -0.4268 -0.3250
vn 0.7177 -0.5628 -0.4100
vn -0.7318 -0.0868 -0.6760
vn -0.6049 0.0165 -0.7962
vn -0.2008 0.0253 -0.9793
vn -0.3964 0.0108 -0.9180
vn -0.1618 -0.0041 -0.9868
vn -0.5952 -0.8034 -0.0139
vn -0.8273 -0.5495 -0.1168
vn -0.6094 -0.7037 -0.3654
vn -0.4429 -0.8667 0.2295
vn -0.6443 -0.7628 0.0552
vn 0.9912 0.0099 0.1322
vn 0.9771 -0.0066 0.2127
vn 0.8128 -0.0034 0.5825
vn 0.9836 0.0150 0.1797
vn 0.9701 0.0121 0.2426
vn 0.9103 0.0145 0.4138
vn 0.7999 0.0150 0.5999
vn 0.8575 -0.0000 0.5145
vn 0.9805 0.0147 0.1960
vn 0.9881 0.0085 0.1533
vn 0.6837 0.7293 0.0262
vn 0.6067 0.6622 0.4399
vn 0.5205 0.8525 0.0482
vn 0.9649 0.2566 0.0563
vn 0.7431 0.1248 0.6575
vn 0.6484 0.2106 0.7316
vn 0.9631 0.2690 -0.0057
vn 0.9894 0.1328 0.0584
vn 0.6784 0.7330 -0.0509
vn 0.9808 -0.0033 -0.1949
vn 0.9955 0.0141 -0.0937
vn 0.9886 0.0234 0.1488
vn 0.9810 -0.0057 -0.1940
vn 0.9991 -0.0102 -0.0406
vn 0.9991 -0.0127 -0.0403
vn 0.9998 -0.0051 -0.0194
vn 0.9996 -0.0146 -0.0236
vn 0.9995 -0.0186 -0.0245
vn 0.9994 -0.0266 -0.0224
vn 0.9991 -0.0404 -0.0150
vn 0.9754 -0.0208 0.2194
vn 0.5369 -0.8333 0.1320
vn 0.2723 -0.4504 0.8503
vn 0.5275 -0.8398 0.1285
vn 0.3797 -0.5860 0.7158
vn 0.5623 -0.8262 0.0363
vn 0.5307 -0.8464 -0.0453
vn 0.4645 -0.6771 0.5708
vn 0.5461 -0.7624 0.3473
vn -0.3753 -0.0151 0.9268
vn -0.1888 0.0227 0.9818
vn -0.2850 0.3445 0.8945
vn -0.7273 0.1245 0.6749
vn -0.3000 -0.0049 0.9539
vn -0.7250 0.3715 0.5800
vn -0.1915 -0.0355 0.9808
vn 0.1470 0.9742 0.1715
vn 0.7521 0.6474 -0.1233
vn -0.6633 0.0317 -0.7477
vn -0.9709 0.0658 -0.2305
vn 0.1233 0.5727 0.8104
vn 0.2840 0.5553 0.7816
vn -0.0052 0.7885 -0.6150
vn -0.1965 0.9805 0.0070
vn -0.0227 0.9816 0.1897
vn 0.0162 0.2098 -0.9776
vn 0.0164 0.0786 -0.9968
vn -0.3286 0.8214 -0.4661
vn -0.7281 0.3430 -0.5935
vn -0.9255 0.3746 -0.0549
vn -0.8323 0.5463 0.0937
vn -0.0120 0.9554 -0.2951
vn -0.2282 0.0549 -0.9721
vn -0.8030 -0.5901 0.0838
vn -0.0964 -0.9953 0.0078
vn -0.4131 -0.9097 0.0431
vn -0.8824 -0.4580 0.1078
vn -0.5517 -0.6745 0.4905
vn -0.3082 -0.7706 0.5578
vn -0.1403 -0.9848 0.1020
vn 0.0328 -0.9987 -0.0379
vn 0.0142 -0.9788 0.2043
vn 0.7849 0.5849 0.2045
vn 0.9253 0.3023 -0.2291
vn 0.9990 -0.0441 -0.0044
vn 0.9993 -0.0032 0.0378
vn 0.9653 0.1706 0.1976
vn 0.9844 0.1753 -0.0129
vn 0.9365 0.3503 -0.0151
vn 0.9906 -0.1361 0.0100
vn 0.9988 -0.0455 0.0172
vn 0.5643 0.4474 0.6939
vn 0.7810 0.6116 0.1262
vn 0.7809 0.6247 0.0052
vn 0.1563 0.1203 0.9804
vn 0.5536 0.4272 0.7148
vn 0.0152 0.0246 0.9996
vn -0.0256 -0.0032 0.9997
vn 0.7775 0.5937 0.2073
vn 0.3955 0.3075 0.8655
vn -0.0216 0.0025 0.9998
vn 0.1246 0.0915 -0.9880
vn -0.7098 0.2204 -0.6690
vn -0.0037 0.3550 -0.9348
vn -0.2690 0.1300 -0.9543
vn -0.8464 0.0629 -0.5288
vn -0.9826 0.1651 -0.0851
vn -0.5961 0.8016 -0.0460
vn -0.1435 -0.4880 0.8610
vn -0.2969 -0.2194 0.9294
vn -0.0547 -0.1642 0.9849
vn -0.1470 -0.0490 0.9879
vn 0.9780 -0.0584 0.2001
vn 0.6599 0.0709 0.7480
vn 0.5607 0.0280 0.8276
vn 0.9835 -0.0103 0.1805
vn 0.4845 -0.0131 0.8747
vn 0.9620 -0.0156 0.2726
vn 0.9980 -0.0099 0.0628
vn 0.9994 -0.0270 0.0236
vn 0.9898 0.0257 0.1399
vn 0.9912 -0.0206 0.1307
vn 0.9985 -0.0200 0.0503
vn 0.9985 -0.0200 0.0504
vn 0.9953 0.0025 -0.0968
vn 0.9707 -0.0374 -0.2374
vn 0.9768 0.0239 -0.2126
vn 0.9998 -0.0127 0.0145
vn 0.8947 -0.0727 -0.4407
vn 0.9748 0.0341 -0.2204
vn 0.0403 -0.0504 -0.9979
vn -0.2229 -0.0794 -0.9716
vn -0.0464 0.0161 -0.9988
vn 0.9621 0.0266 -0.2715
vn 0.9063 -0.4162 0.0739
vn 0.6711 -0.6703 -0.3168
vn 0.8760 -0.3342 -0.3477
vn 0.1041 0.9893 0.1022
vn 0.0810 0.9912 0.1048
vn 0.7418 -0.6679 -0.0607
vn -0.1745 -0.0987 -0.9797
vn -0.0883 -0.0530 -0.9947
vn -0.0883 -0.0539 -0.9946
vn -0.3747 -0.2045 -0.9043
vn -0.8251 -0.4324 -0.3638
vn -0.7069 -0.3849 -0.5934
vn -0.8800 -0.4733 -0.0391
vn -0.5940 -0.3244 -0.7362
vn -0.1640 -0.0923 -0.9821
vn -0.8776 -0.4742 -0.0709
vn -0.0130 0.9955 -0.0939
vn 0.0144 0.9946 0.1032
vn 0.0615 0.9585 0.2785
vn 0.0326 0.9992 0.0217
vn -0.0802 0.9940 -0.0741
vn -0.0108 0.9945 -0.1037
vn -0.0441 0.9745 -0.2199
vn -0.0037 0.0255 -0.9997
vn 0.0061 0.0132 -0.9999
vn 0.0092 0.0047 -0.9999
vn -0.0005 0.0183 -0.9998
vn -0.0114 0.0119 -0.9999
vn -0.0111 0.0116 -0.9999
vn -0.0016 -0.3399 -0.9405
vn -0.0037 -0.3844 -0.9232
vn 0.0069 -0.3726 -0.9280
vn 0.0007 -0.0836 -0.9965
vn -0.0028 0.0839 -0.9965
vn 0.0443 -0.9986 0.0282
vn 0.0632 -0.9972 -0.0404
vn 0.0618 -0.9822 -0.1771
vn -0.1427 -0.9898 -0.0015
vn -0.0462 -0.9255 -0.3760
vn 0.1180 -0.9930 -0.0077
vn -0.5899 -0.8055 0.0570
vn -0.9496 -0.3102 0.0445
vn -0.9696 -0.2305 -0.0824
vn 0.1935 -0.9811 -0.0069
vn -0.9996 0.0164 0.0240
vn -0.9736 -0.0030 -0.2281
vn -0.9981 -0.0193 -0.0589
vn 0.0830 0.6592 0.7474
vn 0.0849 0.5439 0.8348
vn -0.9994 -0.0269 0.0239
vn -0.9988 -0.0250 0.0428
vn -0.4110 0.5856 0.6986
vn -0.0498 0.2888 0.9561
vn -0.9912 0.0378 0.1267
vn -0.8042 0.3244 0.4981
vn -0.1689 0.8452 0.5071
vn 0.0202 -0.2425 -0.9699
vn 0.1101 -0.0825 -0.9905
vn 0.1170 -0.0708 -0.9906
vn 0.1815 -0.1739 -0.9679
vn 0.0845 -0.5283 -0.8449
vn -0.9859 0.1495 -0.0752
vn -0.9807 0.1853 0.0619
vn -0.8250 0.3569 -0.4382
vn -0.9953 0.0131 0.0957
vn -0.0538 0.1569 0.9861
vn 0.0056 0.0067 1.0000
vn -0.1271 0.9668 0.2218
vn -0.0854 0.7256 0.6829
vn -0.0657 0.8854 0.4601
vn -0.0010 0.0456 0.9990
vn 0.0088 -0.0676 0.9977
vn -0.0050 -0.0515 0.9987
vn 0.9942 -0.1024 0.0342
vn 0.9915 -0.1119 0.0667
vn 0.9902 -0.1394 0.0111
vn 0.9942 -0.0865 -0.0635
vn 0.9717 -0.2316 -0.0473
vn 0.9858 -0.1524 -0.0706
vn 0.9958 -0.0765 -0.0504
vn 0.9992 -0.0252 0.0312
vn 0.9972 -0.0417 -0.0628
vn 0.9979 -0.0062 -0.0644
vn 0.7072 -0.6661 0.2370
vn 0.4478 -0.3618 0.8177
vn 0.4769 -0.8462 0.2376
vn 0.7756 -0.6299 0.0414
vn 0.7857 -0.5601 0.2627
vn 0.5363 -0.8433 0.0343
vn 0.0217 -0.0178 -0.9996
vn 0.0217 -0.0177 -0.9996
vn 0.0184 -0.0109 -0.9998
vn 0.0150 0.0012 -0.9999
vn -0.2243 0.4840 -0.8458
vn 0.0100 0.0041 -0.9999
vn 0.0105 0.0043 -0.9999
vn -0.1301 0.2905 -0.9480
vn 0.0360 -0.0472 -0.9982
vn -0.2479 -0.9683 -0.0310
vn -0.9407 -0.3022 -0.1542
vn -0.9753 0.0577 0.2131
vn 0.5145 0.0129 0.8574
vn 0.0995 0.0010 0.9950
vn 0.2941 0.0055 0.9558
vn 0.4472 -0.0149 0.8943
vn 0.9228 -0.0218 0.3845
vn 0.7661 -0.0148 0.6425
vn 0.3154 -0.0253 0.9486
vn 0.1568 -0.0287 0.9872
vn 0.1576 0.0601 0.9857
vn 0.6649 0.3872 0.6387
vn 0.3597 0.8771 0.3183
vn 0.8809 0.0331 0.4721
vn -0.0001 0.0186 0.9998
vn -0.0216 -0.0045 0.9998
vn -0.0082 -0.0163 0.9998
vn -0.6061 -0.2365 -0.7594
vn -0.0600 0.0697 0.9958
vn -0.3655 0.2458 0.8978
vn -0.3927 0.2515 -0.8846
vn -0.0520 -0.0449 0.9976
vn -0.0277 0.0026 0.9996
vn -0.3196 -0.2753 -0.9067
vn -0.0433 -0.0257 -0.9987
vn -0.1430 0.9897 -0.0038
vn 0.0443 0.9948 -0.0917
vn -0.1565 0.9869 -0.0386
vn 0.0248 0.9997 -0.0022
vn 0.8875 0.4606 0.0158
vn 0.1674 0.9859 0.0044
vn -0.0020 1.0000 -0.0076
vn 0.6845 0.7282 0.0345
vn -0.0886 0.9960 -0.0132
vn -0.0577 0.9983 -0.0099
vn 0.0108 0.9704 0.2414
vn 0.0118 0.9562 0.2924
vn 0.0016 0.9618 0.2739
vn -0.0000 0.5302 0.8479
vn -0.0022 0.8328 0.5535
vn 0.0047 0.9136 0.4066
vn 0.0227 0.9997 -0.0000
vn -0.7285 0.0131 0.6850
vn -0.3252 0.1392 0.9353
vn -0.5061 -0.0139 0.8623
vn 0.0047 -0.0160 0.9999
vn -0.2776 -0.0133 0.9606
vn -0.9186 -0.0889 -0.3852
vn -0.8136 -0.5793 0.0493
vn -0.9387 -0.3129 0.1444
vn -0.9487 0.0080 0.3160
vn -0.5999 0.0014 -0.8001
vn -0.9406 -0.1308 0.3133
vn -0.3518 -0.2173 -0.9105
vn -0.7170 -0.4514 -0.5311
vn -0.6019 0.0015 -0.7985
vn -0.9929 0.1138 -0.0354
vn -0.9974 0.0202 -0.0685
vn -0.8565 0.0136 -0.5159
vn -0.9098 0.4046 0.0924
vn -0.6329 0.0942 -0.7685
vn -0.9906 0.0376 0.1317
vn 0.5163 -0.3160 0.7959
vn 0.3307 -0.4420 0.8338
vn 0.6555 -0.7412 0.1447
vn 0.8452 -0.5230 0.1103
vn 0.1093 -0.2866 0.9518
vn -0.2013 -0.9750 0.0939
vn 0.7508 0.1319 -0.6472
vn 0.3498 0.0886 -0.9326
vn 0.7818 0.0510 -0.6214
vn 0.3105 0.0157 -0.9504
vn -0.1537 -0.9881 -0.0000
vn 0.0058 -0.9957 -0.0921
vn -0.0065 -0.9947 0.1030
vn 0.3306 -0.6136 0.7170
vn -0.0281 -0.4016 0.9154
vn -0.0174 -0.6954 0.7184
vn 0.0345 -0.4933 0.8691
vn -0.1064 -0.4846 0.8683
vn 0.0831 -0.5038 0.8598
vn 0.2449 -0.0043 -0.9695
vn 0.4981 -0.0057 -0.8671
vn 0.8797 -0.0079 -0.4755
vn 1.0000 0.0087 -0.0026
vn 0.9997 0.0089 0.0237
vn 0.9997 0.0089 0.0238
vn 0.9487 -0.0014 -0.3160
vn -0.0106 0.0001 -0.9999
vn -0.0099 -0.0022 -0.9999
vn 0.0291 0.3645 -0.9307
vn 0.1216 0.4505 -0.8845
vn 0.2508 0.0790 -0.9648
vn 0.0089 0.4284 -0.9035
vn 0.0089 0.4285 -0.9035
vn 0.0103 0.5733 -0.8193
vn 0.0207 0.1021 -0.9946
vn 0.0125 0.7992 -0.6009
vn 0.0069 0.2410 -0.9705
vn 0.9952 0.0939 -0.0280
vn 0.9993 -0.0367 -0.0007
vn 0.0590 -0.0510 -0.9970
vn -0.0047 0.0713 -0.9974
vn 0.0322 0.6616 -0.7492
vn 0.0140 -0.0483 -0.9987
vn 0.2784 0.9605 -0.0000
vn 1.0000 0.0015 -0.0058
vn 0.9702 -0.2423 -0.0056
vn 0.9592 0.0687 -0.2742
vn -0.9510 -0.3091 -0.0052
vn -0.1931 -0.0255 0.9808
vn -0.0844 -0.0022 0.9964
vn -0.1821 -0.0049 0.9833
vn -0.1899 -0.0170 0.9817
vn 0.0461 -0.0362 -0.9983
vn 0.4401 -0.3085 -0.8433
vn 0.1356 -0.1083 -0.9848
vn 0.0037 -0.0265 -0.9996
vn 0.5697 -0.4353 -0.6971
vn -0.9958 0.0903 -0.0135
vn -0.9732 0.1439 -0.1794
vn -0.9971 -0.0073 -0.0760
vn -0.9984 -0.0546 0.0115
vn -0.9926 0.1177 0.0314
vn -0.8773 0.4800 0.0050
vn -0.7648 -0.2425 0.5969
vn -0.5853 -0.7561 0.2927
vn -0.2349 -0.0299 0.9716
vn 0.0207 -0.0078 -0.9998
vn 0.0113 -0.0109 -0.9999
vn 0.0038 -0.0129 -0.9999
vn 0.0265 -0.0060 -0.9996
vn 0.0380 0.0489 -0.9981
vn 0.0284 0.0479 -0.9984
vn 0.0582 0.0295 -0.9979
vn -0.3580 0.6012 -0.7144
vn -0.0379 0.1771 -0.9835
vn -0.1222 0.5396 -0.8330
vn -0.1647 0.5698 -0.8051
vn -0.1820 0.4568 -0.8708
vn 0.0853 0.5156 -0.8526
vn -0.0407 0.3266 -0.9443
vn -0.1774 0.2976 -0.9381
vn -0.0020 0.9992 -0.0389
vn 0.0030 0.9998 0.0210
vn 0.0035 0.9976 0.0697
vn 0.0009 1.0000 0.0018
vn -0.0078 0.9748 -0.2230
vn 0.0217 0.9991 0.0355
vn 0.0199 0.9170 0.3984
vn -0.0051 0.9947 -0.1025
vn -0.0212 0.0083 0.9997
vn -0.0468 -0.0104 0.9988
vn -0.0460 -0.0134 0.9989
vn 0.9138 -0.0000 0.4061
vn 0.9693 -0.2209 0.1082
vn 0.9611 0.2635 0.0827
vn 0.5458 0.1955 0.8148
vn 0.5797 0.5797 0.5725
vn 0.0621 0.0993 0.9931
vn 0.2921 -0.1492 0.9447
vn 0.7435 -0.2348 0.6261
vn 0.5145 0.5146 0.6860
vn 0.1743 0.8807 -0.4405
vn -0.1580 -0.0357 -0.9868
vn 0.4215 0.9057 0.0456
vn 0.0032 -0.0551 -0.9985
vn 0.1638 0.7372 -0.6555
vn 0.1462 0.6091 -0.7795
vn -0.0000 0.0729 -0.9973
vn 0.1512 0.9173 -0.3683
vn 0.3552 -0.0629 -0.9327
vn 0.5287 0.8488 -0.0000
vn 0.2494 -0.0183 -0.9682
vn 0.7973 0.5900 0.1276
vn -0.9998 0.0184 0.0005
vn -0.9919 0.1135 0.0567
vn -0.9998 0.0207 0.0006
vn -0.9870 0.0406 -0.1555
vn 0.5674 -0.8234 -0.0000
vn 0.8979 -0.4400 -0.0089
vn 0.7283 -0.6853 -0.0000
vn 0.9931 -0.1172 -0.0000
vn 0.9979 -0.0620 -0.0209
vn -0.0028 0.0066 1.0000
vn 0.0002 0.0052 1.0000
vn 0.0044 0.0013 1.0000
vn 0.0154 0.0221 0.9996
vn 0.0048 0.0167 0.9998
vn 0.0123 0.0203 0.9997
vn -0.0086 0.0001 1.0000
vn -0.0088 0.0015 1.0000
vn -0.0089 0.0020 1.0000
vn -0.0129 0.0163 0.9998
vn 0.0008 0.0203 0.9998
vn -0.0031 0.0128 0.9999
vn -0.0024 -1.0000 0.0047
vn 0.0051 -1.0000 0.0017
vn 0.8324 -0.0075 -0.5542
vn 0.8323 -0.0059 -0.5543
vn 0.8323 -0.0057 -0.5543
vn 0.1567 0.0459 -0.9866
vn 0.7030 -0.0129 -0.7111
vn 0.1646 -0.0015 -0.9864
vn 0.7121 0.0164 -0.7019
vn -0.0915 -0.0268 -0.9954
vn -0.0889 -0.0356 -0.9954
vn -0.0579 -0.0267 -0.9980
vn 0.5974 -0.3516 0.7207
vn 0.0556 0.0124 0.9984
vn 0.0653 -0.0329 0.9973
vn 0.0542 0.0011 -0.9985
vn 0.0529 0.0451 0.9976
vn 0.0765 -0.0621 -0.9951
vn 0.4012 -0.3234 0.8570
vn -0.0845 -0.0495 0.9952
vn -0.2693 -0.1384 0.9531
vn -0.1211 -0.0845 0.9890
vn -0.3921 -0.2116 0.8952
vn -0.5459 -0.3246 0.7724
vn -0.0158 0.0157 0.9998
vn -0.4361 -0.2196 0.8727
vn -0.9505 -0.2723 -0.1496
vn -0.2164 -0.1000 -0.9712
vn -0.8910 -0.4406 0.1096
vn 0.7727 -0.5115 0.3759
vn 0.1802 -0.9749 0.1311
vn 0.8390 -0.4565 -0.2961
vn 0.1507 -0.3421 0.9275
vn 0.9427 -0.2428 0.2286
vn 0.3692 -0.1670 0.9142
vn 0.3719 -0.9237 0.0917
vn 0.3841 -0.9157 -0.1181
vn 0.0530 -0.9982 0.0263
vn 0.0068 -0.7809 -0.6246
vn -0.0205 -0.4308 -0.9022
vn -0.0089 -0.4861 -0.8739
vn 0.0124 -0.9923 -0.1233
vn -0.0074 -0.7809 -0.6247
vn 0.0044 -0.8133 -0.5819
vn 0.3259 -0.4778 -0.8158
vn 0.9338 -0.3012 -0.1933
vn 0.2034 -0.4793 -0.8537
vn 0.9889 0.0155 0.1481
vn 0.9701 0.0145 0.2421
vn 0.9860 -0.0025 0.1670
vn 0.9795 -0.1360 -0.1486
vn 0.1208 -0.6592 -0.7422
vn 0.4000 -0.3805 -0.8338
vn 0.9889 -0.0117 -0.1481
vn 0.9994 0.0095 0.0333
vn 0.9932 0.0226 0.1144
vn -0.3142 -0.0098 0.9493
vn -0.2436 -0.0438 0.9689
vn -0.3181 -0.0424 0.9471
vn 0.0208 0.9963 -0.0831
vn 0.2909 0.9557 -0.0438
vn -0.0046 -0.0370 0.9993
vn -0.0789 0.1896 0.9787
vn -0.1474 0.3275 0.9333
vn -0.1098 -0.1097 0.9879
vn -0.0855 0.2281 0.9699
vn -0.9922 0.1207 -0.0314
vn -0.3200 0.9163 -0.2409
vn -0.3002 0.9356 -0.1857
vn -0.9790 0.2002 -0.0382
vn -0.1047 0.4364 0.8937
vn -0.9535 0.1683 0.2500
vn 0.0870 0.3781 0.9217
vn 0.0852 0.4331 0.8973
vn -0.7081 -0.6723 0.2159
vn -0.1216 -0.3686 0.9216
vn -0.0174 -0.2152 0.9764
vn 0.0087 -0.1490 0.9888
vn 0.8322 -0.0041 -0.5544
vn 1.0000 -0.0074 -0.0000
vn 0.9488 -0.0029 0.3158
vn 0.9489 -0.0058 0.3155
vn 0.9993 -0.0002 0.0376
vn 0.9995 -0.0000 0.0303
vn -0.2546 0.8660 0.4303
vn -0.1742 0.5014 0.8475
vn 0.0263 0.5393 0.8417
vn 0.0035 0.8678 0.4969
vn 0.0060 1.0000 -0.0010
vn -0.2895 0.9289 0.2308
vn -0.0032 0.6306 0.7761
vn -0.0035 0.5394 0.8420
vn -0.4171 0.9052 -0.0811
vn 0.8524 0.3839 0.3550
vn 0.7425 0.6386 0.2022
vn 0.8811 0.4647 0.0881
vn 0.8782 0.4781 -0.0130
vn -0.0562 0.9983 -0.0121
vn -0.0971 0.9951 -0.0167
vn -0.0699 0.9973 -0.0233
vn 0.5223 0.8527 -0.0133
vn 0.1256 0.9920 -0.0081
vn 0.0859 0.9962 0.0128
vn 0.0445 0.9970 0.0630
vn 0.2398 0.9708 0.0095
vn -0.0299 0.9973 0.0674
vn -0.0002 0.9998 0.0208
vn 0.0078 0.9999 0.0106
vn 0.0080 0.9994 0.0324
vn 0.0166 0.9997 0.0205
vn 0.0167 0.9989 0.0434
vn 0.0166 0.9996 0.0207
vn 0.0129 0.8936 -0.4486
vn 0.0038 0.9283 -0.3718
vn -0.9341 -0.0139 -0.3568
vn -0.8933 0.0229 -0.4488
vn -0.9897 -0.0369 -0.1381
vn -0.9932 0.0316 -0.1118
vn -0.8013 0.0052 -0.5983
vn -0.9946 0.1017 0.0201
vn -0.9991 0.0418 -0.0027
vn -0.9993 0.0372 -0.0011
vn -0.9978 0.0663 0.0052
vn -0.4388 0.8975 0.0443
vn -0.2119 0.9568 0.1991
vn -0.8829 0.4622 0.0835
vn -0.9977 0.0616 -0.0278
vn -0.9420 0.0270 -0.3346
vn -0.8413 0.1741 -0.5118
vn -0.9841 0.1551 -0.0870
vn -0.6373 -0.0137 -0.7705
vn -0.0477 0.2522 -0.9665
vn -0.0222 -0.0235 -0.9995
vn -0.3273 -0.0490 -0.9436
vn -0.9619 0.0511 -0.2685
vn 0.0045 -0.0056 -1.0000
vn 0.0242 -0.0064 -0.9997
vn 0.0242 -0.0058 -0.9997
vn 0.0246 -0.0061 -0.9997
vn -0.0427 0.0445 0.9981
vn -0.0254 0.0097 0.9996
vn -0.0332 0.0509 0.9982
vn -0.4082 0.8565 0.3159
vn -0.0190 0.0203 0.9996
vn -0.1934 0.3523 0.9157
vn -0.1823 -0.3545 -0.9171
vn -0.4835 -0.8605 -0.1608
vn -0.8508 -0.5183 -0.0867
vn -0.6479 -0.3764 -0.6622
vn 0.0076 -0.0314 -0.9995
vn -0.0856 -0.4980 -0.8630
vn 0.0479 -0.0178 -0.9987
vn 0.6331 0.7730 0.0407
vn 0.7048 0.6730 0.2244
vn 0.9851 0.1462 0.0904
vn 0.0627 0.9980 -0.0090
vn 0.0914 0.9948 -0.0457
vn 0.9191 0.3931 -0.0254
vn -0.2078 0.0204 0.9780
vn 0.0028 0.4246 0.9054
vn -0.2010 0.3901 0.8986
vn -0.0082 -0.9994 0.0329
vn -0.1353 -0.0073 0.9908
vn 0.0501 -0.0563 0.9972
vn -0.1504 0.0060 0.9886
vn 0.0246 -0.0524 0.9983
vn -0.0306 0.0214 0.9993
vn -0.2323 0.0231 0.9724
vn -0.4718 0.0013 0.8817
vn -0.1905 -0.0890 0.9776
vn -0.3022 -0.1262 -0.9449
vn -0.0722 0.0072 -0.9974
vn -0.1405 -0.1496 -0.9787
vn -0.6727 0.0033 -0.7399
vn -0.2937 -0.4539 -0.8412
vn -0.6555 -0.1750 -0.7346
vn -0.6838 0.0033 -0.7296
vn -0.0685 0.0016 -0.9976
vn 0.1204 0.2852 0.9509
vn 0.1284 0.5989 0.7905
vn 0.0075 0.5167 0.8562
vn -0.0006 0.9975 0.0710
vn 0.0007 0.9961 -0.0880
vn -0.0048 0.8077 0.5896
vn 0.9909 -0.0278 -0.1315
vn 0.9927 -0.0683 -0.0993
vn 0.9615 -0.0000 -0.2748
vn 0.9987 -0.0518 -0.0000
vn 0.9535 0.0125 -0.3011
vn 0.9775 -0.0040 -0.2110
vn 0.9925 -0.0176 -0.1209
vn 0.2453 0.9684 0.0439
vn 0.0717 0.9964 0.0458
vn 0.0693 0.7978 -0.5989
vn 0.6002 0.7982 0.0518
vn 0.5442 0.8351 0.0807
vn 0.2187 0.9704 0.1023
vn -0.1069 -0.4960 0.8617
vn 0.1659 -0.5437 0.8227
vn 0.1369 -0.4825 0.8651
vn -0.1439 -0.4692 0.8713
vn -0.1041 -0.9902 0.0932
vn 0.0348 -0.0800 0.9962
vn 0.0393 -0.0833 0.9958
vn 0.5446 -0.7688 0.3352
vn 0.2850 -0.9525 0.1069
vn 0.0786 -0.1040 0.9915
vn 0.5196 -0.8518 0.0663
vn -0.9027 -0.0349 -0.4289
vn -0.8021 0.0886 -0.5906
vn -0.4465 -0.0289 -0.8943
vn -0.9732 0.0257 -0.2285
vn -0.7593 -0.0820 -0.6455
vn -0.9500 -0.0571 -0.3071
vn -0.3375 -0.0358 0.9406
vn -0.3597 -0.0312 0.9325
vn -0.2238 -0.0412 0.9738
vn -0.3316 -0.0184 0.9432
vn -0.4166 -0.0126 0.9090
vn -0.5298 -0.0212 0.8478
vn -0.6979 -0.0131 0.7161
vn 0.0246 0.4419 0.8967
vn -0.0218 0.9769 0.2127
vn -0.0296 0.9744 -0.2228
vn -0.0305 0.8510 0.5243
vn 0.0042 0.2225 0.9749
vn 0.0173 0.9982 -0.0577
vn 0.0245 0.4397 0.8978
vn 0.0199 0.0934 0.9954
vn -0.0085 0.9772 -0.2121
vn -0.0824 -0.9966 -0.0047
vn -0.3675 -0.9291 -0.0423
vn -0.2256 -0.9740 -0.0205
vn 0.0044 0.0077 -1.0000
vn -0.0145 0.0173 -0.9997
vn 0.0037 0.0086 -1.0000
vn 0.0369 0.0078 -0.9993
vn 0.0151 0.0036 -0.9999
vn 0.3678 0.3681 -0.8539
vn 0.0233 -0.0130 -0.9996
vn 0.0318 -0.0050 -0.9995
vn 0.0134 -0.0018 -0.9999
vn 0.9943 -0.0388 0.0992
vn 0.9996 -0.0250 0.0162
vn 0.9980 0.0037 0.0636
vn 0.9783 0.0567 0.1993
vn 0.9849 -0.0215 0.1718
vn 0.9877 -0.0771 0.1363
vn 0.9970 -0.0687 -0.0344
vn 0.9915 -0.0484 -0.1210
vn 0.9976 -0.0283 -0.0630
vn 0.9892 0.0076 -0.1466
vn 0.3069 0.0458 -0.9506
vn 0.0071 -0.0035 -1.0000
vn 0.0290 0.0311 -0.9991
vn 0.7297 0.5619 -0.3896
vn 0.9091 -0.2683 -0.3186
vn 0.1542 -0.1462 -0.9772
vn -0.9755 0.1910 -0.1092
vn -0.9350 0.1058 0.3385
vn -0.9304 0.0013 0.3666
vn -0.7924 0.0035 -0.6099
vn -0.0585 -0.1845 -0.9811
vn -0.1807 -0.0000 -0.9835
vn -0.0129 -0.0355 -0.9993
vn -0.0728 -0.8659 -0.4949
vn -0.0106 -0.8858 -0.4640
vn 0.0277 -0.1553 -0.9875
vn 0.0188 0.0016 -0.9998
vn 0.0195 -0.0021 -0.9998
vn 0.0206 0.0025 -0.9998
vn 0.0335 -0.0036 -0.9994
vn 0.0252 -0.0012 -0.9997
vn 0.0336 -0.0013 -0.9994
vn 0.0172 0.0048 -0.9998
vn 0.0157 0.0058 -0.9999
vn -0.0538 0.5508 0.8329
vn -0.1010 0.3248 0.9404
vn 0.9949 0.0526 0.0866
vn 0.9897 0.0719 -0.1237
vn -0.2485 0.5974 0.7625
vn -0.2177 0.6041 0.7666
vn 0.0055 0.5895 0.8077
vn 0.0946 0.9949 0.0352
vn 0.0045 0.9542 0.2992
vn 0.0095 0.5663 0.8242
vn 0.7773 -0.4731 0.4146
vn 0.0105 0.9999 0.0025
vn 0.0106 0.9998 -0.0167
vn 0.1032 0.9941 -0.0344
vn -0.0201 0.0024 0.9998
vn -0.0062 -0.0049 1.0000
vn -0.0052 -0.0169 0.9998
vn -0.0346 0.0079 0.9994
vn -0.0194 0.0223 0.9996
vn -0.0251 0.0010 0.9997
vn -0.0206 0.0021 0.9998
vn -0.0301 0.0044 0.9995
vn -0.0169 -0.0032 0.9999
vn -0.0175 0.0004 0.9998
vn 0.3157 0.8901 -0.3287
vn -0.7692 0.6134 0.1791
vn -0.7971 0.3448 0.4957
vn -0.9509 -0.2872 0.1151
vn -0.9891 -0.1071 0.1008
vn -0.9772 -0.2122 -0.0113
vn -0.9284 -0.0036 -0.3715
vn -0.9997 -0.0003 0.0244
vn -0.9996 -0.0004 0.0299
vn -0.9026 -0.0061 -0.4304
vn -0.7071 0.0058 -0.7071
vn -0.8076 0.5897 0.0110
vn -0.5057 0.3553 0.7861
vn -0.4066 0.5438 0.7341
vn -0.6479 0.7598 -0.0538
vn -0.8053 0.5874 -0.0809
vn -0.8230 0.5680 0.0104
vn -0.5748 0.8180 -0.0219
vn 0.1819 0.9680 -0.1728
vn -0.0942 0.8225 0.5609
vn 0.1335 0.9741 0.1826
vn 0.9004 0.4177 -0.1219
vn 0.1957 0.9705 -0.1409
vn 0.9197 0.3922 -0.0171
vn -0.0017 -0.0523 0.9986
vn -0.0056 -0.2447 0.9696
vn 0.0003 0.9998 0.0216
vn 0.7106 0.7029 0.0305
vn 0.0002 0.9998 0.0216
vn -0.0216 0.9995 0.0211
vn 0.2682 0.0059 -0.9633
vn 0.6495 -0.0000 -0.7603
vn 0.7494 0.0097 -0.6620
vn 0.2212 0.0140 -0.9751
vn 0.1100 0.0066 -0.9939
vn 0.1784 -0.0018 -0.9840
vn 0.0255 -0.0238 -0.9994
vn 0.7666 -0.6304 0.1220
vn 0.1043 -0.0928 -0.9902
vn -0.3495 0.9369 -0.0033
vn 0.0014 0.9990 0.0450
vn -0.0197 0.9990 0.0394
vn -0.9607 0.2576 -0.1037
vn -1.0000 0.0002 -0.0000
vn -0.1844 0.9829 -0.0000
vn -0.1258 0.9920 -0.0132
vn -0.0310 0.9995 -0.0077
vn -0.5080 0.8584 -0.0711
vn -0.4190 0.0175 0.9078
vn -0.1349 -0.3371 0.9317
vn -0.0000 -0.0040 1.0000
vn -0.0049 -0.0008 1.0000
vn 0.0834 -0.0013 0.9965
vn -0.1965 -0.3931 0.8982
vn -0.0049 0.0001 1.0000
vn 0.7305 0.2246 -0.6449
vn 0.9913 0.1216 -0.0513
vn 0.2694 0.0467 -0.9619
vn 0.0460 0.0304 -0.9985
vn 0.9080 0.4165 -0.0446
vn 0.9587 0.2807 -0.0454
vn 0.5059 0.2158 -0.8352
vn 0.6183 0.2686 -0.7386
vn 0.9010 0.4071 -0.1501
vn 0.1945 0.0707 -0.9783
vn 0.9299 -0.1752 0.3234
vn 0.9798 -0.1968 0.0362
vn 0.9864 -0.1645 -0.0000
vn 0.9195 -0.3119 -0.2394
vn 0.9932 -0.0002 0.1161
vn 0.9932 -0.0002 0.1160
vn 0.9344 -0.0007 0.3562
vn 0.6503 -0.1240 0.7495
vn 0.9546 -0.2534 -0.1569
vn -0.0086 -0.0036 -1.0000
vn -0.0081 -0.0046 -1.0000
vn 0.3649 0.3462 -0.8643
vn 0.1111 0.0567 -0.9922
vn 0.5309 0.2592 -0.8068
vn 0.3637 0.1777 -0.9144
vn 0.0015 -0.0027 -1.0000
vn -0.0456 -0.0256 -0.9986
vn 0.0017 -0.0026 -1.0000
vn 0.0085 0.0007 -1.0000
vn 0.0264 -0.9840 -0.1761
vn -0.0019 -0.9923 -0.1239
vn 0.2924 -0.9299 0.2233
vn -0.9370 -0.3476 -0.0351
vn -0.7802 -0.3615 -0.5106
vn -0.0865 -0.9848 0.1507
vn 0.0887 -0.0839 0.9925
vn 0.0853 0.0199 0.9962
vn 0.0851 -0.1008 0.9913
vn 0.1323 -0.0146 0.9911
vn 0.1240 -0.0001 0.9923
vn 0.1841 -0.0107 0.9828
vn 0.3875 0.0112 0.9218
vn 0.3410 0.0334 0.9395
vn 0.2873 -0.0000 0.9578
vn 0.1021 -0.0408 0.9939
vn 0.0764 0.0328 0.9965
vn 0.0358 0.0143 0.9993
vn 0.0821 0.0067 0.9966
vn 0.0006 -0.8944 -0.4472
vn -0.0007 -0.8321 -0.5547
vn -0.0173 -0.9289 -0.3698
vn -0.0024 -0.9999 0.0107
vn -0.0000 -0.9998 -0.0204
vn -0.0083 -0.6000 -0.7999
vn -0.0000 -0.7808 -0.6247
vn -0.0000 -0.2983 -0.9545
vn 0.0025 -0.1592 -0.9872
vn 0.0490 -0.4772 -0.8774
vn -0.0766 -0.4732 -0.8776
vn -0.5649 -0.8148 -0.1304
vn -0.8395 -0.5412 -0.0477
vn -0.0720 0.2741 0.9590
vn -0.4515 0.8576 0.2463
vn -0.1023 0.5749 0.8118
vn -0.0372 0.0274 -0.9989
vn -0.8292 0.5462 -0.1190
vn 0.0379 -0.0065 -0.9993
vn 0.0956 0.9924 -0.0776
vn -0.1040 0.9920 -0.0720
vn 0.0831 0.9964 -0.0163
vn 0.0562 0.2372 -0.9698
vn -0.0026 0.0012 1.0000
vn -0.0352 -0.0106 0.9993
vn -0.0304 -0.0051 0.9995
vn 0.1711 -0.1161 0.9784
vn 0.0809 -0.0622 0.9948
vn -0.0135 0.0141 0.9998
vn -0.0014 -0.0056 1.0000
vn 0.0040 0.0143 0.9999
vn -0.0068 0.0140 0.9999
vn 0.6077 -0.1013 -0.7877
vn 0.0471 -0.0506 -0.9976
vn 0.3268 -0.2477 -0.9120
vn 0.9922 -0.1182 -0.0404
vn 0.0053 0.3157 -0.9488
vn 0.0108 0.9064 -0.4223
vn 0.0134 0.7068 -0.7073
vn -0.1229 0.3686 -0.9214
vn -0.7435 0.2348 -0.6261
vn -0.4626 0.7930 -0.3965
vn 0.0055 0.2426 -0.9701
vn -0.1561 0.3122 -0.9371
vn -0.3248 0.2598 -0.9094
vn -0.0587 0.8808 -0.4699
vn 0.0054 0.2399 -0.9708
vn 1.0000 -0.0001 -0.0000
vn 0.9924 0.1141 0.0456
vn -1.0000 0.0001 -0.0098
vn -0.9999 -0.0056 -0.0105
vn -0.9491 -0.0025 0.3149
vn -0.8549 0.5061 0.1136
vn -0.0095 0.9963 0.0851
vn -0.0083 0.9983 0.0573
vn 0.0005 0.9964 0.0848
vn -0.6913 0.6523 0.3107
vn -0.9199 -0.2833 -0.2710
vn -0.8554 -0.4511 0.2546
vn 0.0006 0.9941 0.1082
vn -0.4708 0.5562 -0.6849
vn -0.0122 0.9964 0.0842
vn -0.0370 0.8198 -0.5714
vn -0.0114 0.5180 -0.8553
vn -0.0155 0.4445 -0.8956
vn 0.3538 -0.2335 0.9057
vn 0.3227 -0.0134 0.9464
vn 0.1357 -0.0170 0.9906
vn 0.8657 -0.0193 0.5002
vn 0.4037 -0.8971 0.1794
vn -0.0381 0.0444 0.9983
vn 0.3382 0.6260 0.7026
vn -0.0112 0.0193 0.9998
vn 0.1266 0.0132 -0.9919
vn -0.0551 0.0073 -0.9985
vn 0.1277 0.0463 -0.9907
vn -0.0555 -0.0139 -0.9984
vn -0.0656 0.0013 -0.9978
vn -0.0667 -0.0141 -0.9977
vn 0.0169 -0.0423 -0.9990
vn -0.1347 -0.5821 -0.8019
vn -0.0494 -0.5903 -0.8057
vn -0.1158 -0.8214 -0.5585
vn -0.1258 -0.1750 -0.9765
vn -0.2453 0.1992 -0.9488
vn -0.0419 -0.2214 -0.9743
vn -0.2144 0.9765 -0.0239
vn -0.0854 0.7405 0.6667
vn -0.1335 0.5159 0.8462
vn -0.4464 0.8894 0.0980
vn -0.2492 0.9681 -0.0277
vn -0.1177 0.9930 0.0068
vn -0.2791 -0.7173 -0.6384
vn -0.9956 -0.0650 0.0681
vn -0.0190 -0.3764 -0.9263
vn -0.9881 -0.0079 0.1535
vn 0.2090 -0.6134 -0.7616
vn 0.8974 0.4369 -0.0611
vn 0.8978 0.4349 -0.0696
vn 0.7580 0.6501 -0.0530
vn 0.7476 0.6627 0.0447
vn 0.7589 0.6498 0.0426
vn 0.7142 0.6952 -0.0813
vn 0.8997 0.4355 0.0298
vn -0.0498 -0.0249 0.9984
vn -0.9978 -0.0665 0.0002
vn -0.4893 0.0001 0.8721
vn -0.0000 -0.0194 0.9998
vn -0.1202 -0.0193 0.9926
vn 0.0451 -0.0131 0.9989
vn -0.1762 0.0392 0.9836
vn -0.9647 -0.0290 0.2616
vn -0.0025 -0.0236 0.9997
vn -0.0292 -0.4427 0.8962
vn 0.1111 -0.4444 0.8889
vn 0.1861 0.9133 0.3624
vn -0.0154 -0.9190 0.3940
vn -0.0016 0.7513 0.6600
vn 0.0133 -0.1071 -0.9942
vn 0.0455 -0.9403 -0.3372
vn 0.9963 -0.0448 -0.0739
vn 0.0099 -0.0252 -0.9996
vn 0.0135 -0.0118 -0.9998
vn 0.0103 -0.0126 -0.9999
vn -0.1607 0.9866 -0.0292
vn -0.0499 0.9983 0.0294
vn -0.0252 0.9996 0.0148
vn -0.7983 0.5693 0.1963
vn 0.0051 0.9981 0.0617
vn -0.3110 0.9502 0.0173
vn -0.7882 0.6121 0.0635
vn -0.9684 0.0309 0.2473
vn -0.9598 0.0262 0.2793
vn -0.9996 0.0171 0.0214
vn -0.9961 0.0883 -0.0075
vn -0.9947 0.0103 0.1026
vn -0.9931 0.1136 -0.0293
vn -0.9914 0.1300 0.0168
vn -0.9939 0.1056 -0.0321
vn -0.8682 0.4805 -0.1240
vn -0.3515 0.9338 -0.0665
vn 0.0180 -0.0095 0.9998
vn -0.0189 -0.0336 0.9993
vn 0.0169 -0.1686 0.9855
vn 0.8943 -0.0016 -0.4474
vn 0.9577 -0.0058 -0.2877
vn 0.9999 -0.0062 0.0101
vn 1.0000 -0.0032 0.0050
vn 0.9143 -0.0031 -0.4050
vn 0.2470 0.7053 0.6645
vn 0.4188 0.9080 0.0134
vn -0.0200 0.9987 0.0471
vn 0.0354 0.0545 0.9979
vn 0.5580 0.4941 0.6667
vn -0.1063 0.3890 0.9151
vn 0.9535 -0.0954 0.2860
vn 0.8805 0.2759 0.3854
vn 0.8313 -0.0396 0.5544
vn 0.9994 -0.0357 -0.0000
vn 0.9981 -0.0445 -0.0424
vn 0.9983 -0.0576 -0.0000
vn -0.0677 0.0852 -0.9941
vn 0.9112 -0.2682 -0.3128
vn -0.0305 -0.9995 0.0019
vn -0.9659 0.2565 -0.0345
vn -0.1281 -0.9864 0.1025
vn -0.1233 -0.9923 -0.0092
vn 0.0077 -1.0000 -0.0031
vn -1.0000 -0.0000 0.0001
vn -0.8076 -0.5582 0.1901
vn 0.0106 0.0103 0.9999
vn 0.0068 -0.0008 1.0000
vn 0.0054 -0.0076 1.0000
vn 0.0189 0.0256 0.9995
vn 0.0359 -0.0085 0.9993
vn 0.0361 0.0004 0.9993
vn 0.0466 0.0004 0.9989
vn 0.0363 0.0083 0.9993
vn 0.0413 -0.0023 0.9991
vn 0.0354 0.0045 0.9994
vn 0.0229 0.0187 0.9996
vn -0.2124 0.9649 0.1545
vn -0.0086 0.0062 -0.9999
vn -0.0098 -0.0511 -0.9986
vn -0.0036 -0.0392 -0.9992
vn -0.0093 0.3500 -0.9367
vn -0.0066 0.7927 -0.6096
vn -0.0065 -0.0225 -0.9997
vn -0.0057 0.7836 -0.6212
vn 0.0665 -0.0950 0.9933
vn 0.0254 0.0103 0.9996
vn -0.1486 -0.0620 0.9869
vn -0.0209 -0.1377 -0.9903
vn -0.0117 -0.1316 -0.9912
vn -0.0299 -0.0822 -0.9962
vn 0.0120 0.0060 -0.9999
vn 0.9157 0.1251 -0.3819
vn 0.9458 0.0774 -0.3154
vn 0.9790 0.1581 -0.1287
vn 0.4458 0.0040 -0.8951
vn -0.0174 -0.0048 -0.9998
vn -0.0175 -0.0048 -0.9998
vn 0.8323 0.5542 -0.0093
vn 0.7439 0.5437 -0.3886
vn 0.1145 0.1145 -0.9868
vn 0.0130 0.9994 -0.0325
vn 0.0208 0.8208 -0.5708
vn 0.0236 0.6955 -0.7181
vn -0.0161 0.9825 0.1856
vn -0.0213 0.4298 0.9027
vn -0.0160 0.8392 0.5436
vn -0.0015 0.9410 0.3385
vn 0.0014 0.8400 0.5426
vn 0.8253 -0.5646 0.0077
vn -0.1112 -0.9935 0.0245
vn 0.8518 -0.5198 0.0653
vn 0.9998 0.0100 -0.0172
vn 0.3991 0.6859 0.6085
vn 0.0472 0.0210 0.9987
vn 0.1482 0.6855 0.7129
vn 0.6666 0.4130 0.6205
vn 0.8957 -0.4443 0.0192
vn 0.9997 0.0070 0.0215
vn 0.8938 -0.4484 -0.0104
vn 0.9999 -0.0000 -0.0116
vn 1.0000 0.0070 0.0006
vn 0.0684 -0.0372 -0.9970
vn 0.0976 -0.0311 -0.9947
vn 0.0985 -0.0429 -0.9942
vn 0.0722 -0.0038 -0.9974
vn -0.0444 -0.0288 -0.9986
vn -0.0137 -0.0126 -0.9998
vn -0.0334 -0.0128 -0.9994
vn -0.2661 -0.1406 -0.9536
vn -0.0067 0.0213 0.9998
vn -0.0196 0.0023 0.9998
vn -0.0190 0.0042 0.9998
vn 0.0048 0.0070 1.0000
vn -0.9747 0.1688 -0.1466
vn -0.9782 -0.1755 0.1113
vn -0.8717 0.4691 0.1416
vn -0.7071 0.7058 -0.0434
vn -0.7322 0.0073 -0.6811
vn -0.8823 0.0137 -0.4705
vn -0.6158 0.0098 -0.7878
vn -0.6797 0.0471 -0.7320
vn -0.3767 0.0275 -0.9259
vn -0.5134 0.0141 -0.8580
vn -0.4195 -0.0011 -0.9078
vn -0.7839 0.0364 -0.6198
vn -0.9827 0.0086 -0.1851
vn -0.9713 0.0148 -0.2373
vn 0.2931 -0.0346 -0.9555
vn 0.0271 -0.0052 -0.9996
vn 0.6299 -0.0221 -0.7764
vn 0.2720 -0.0067 -0.9623
vn 0.9985 -0.0335 -0.0438
vn 0.1793 -0.0026 -0.9838
vn 0.0229 -0.0007 -0.9997
vn -0.0060 -0.0041 -1.0000
vn 0.9297 -0.0289 -0.3671
vn -0.3914 0.4529 0.8011
vn -0.4556 0.1621 0.8753
vn -0.1791 0.1879 0.9657
vn 0.0115 -0.1353 0.9907
vn -0.0100 -0.3325 0.9430
vn 0.1418 -0.3981 0.9063
vn 0.3635 -0.8495 0.3824
vn 0.1733 -0.9827 0.0650
vn 0.3467 -0.9378 0.0174
vn 0.7055 0.7007 -0.1063
vn 0.0089 0.0015 1.0000
vn -0.0000 0.1182 0.9930
vn 0.0323 0.2084 0.9775
vn -0.8702 -0.4243 0.2504
vn -0.8890 -0.4261 0.1679
vn -0.4050 -0.2051 0.8910
vn -0.4053 -0.2013 0.8917
vn -0.4053 -0.2014 0.8917
vn -0.6053 -0.3093 0.7335
vn -0.8331 -0.4388 0.3368
vn -0.8644 -0.4606 0.2016
vn -0.0669 -0.0227 0.9975
vn 0.0079 0.0035 1.0000
vn 0.0143 0.0064 0.9999
vn 0.0100 -0.0004 0.9999
vn 0.0050 -0.0017 1.0000
vn -0.0177 0.0186 0.9997
vn -0.0003 0.0030 1.0000
vn 0.0046 0.0031 1.0000
vn 0.1439 0.0008 -0.9896
vn 0.3375 0.0054 -0.9413
vn 0.2654 0.0005 -0.9641
vn 0.0804 0.0158 -0.9966
vn 0.6201 0.0019 -0.7845
vn 0.3081 0.9377 0.1606
vn 0.5216 0.8309 0.1940
vn 0.5040 0.8564 0.1120
vn 0.9995 0.0303 0.0075
vn -0.1210 0.9922 -0.0307
vn -0.1385 0.6113 -0.7792
vn -0.0577 0.5313 -0.8452
vn 0.0432 0.9990 -0.0125
vn 0.1921 0.9806 0.0385
vn 0.0343 0.9989 0.0314
vn -0.8451 -0.4867 -0.2213
vn -0.8720 -0.4515 -0.1891
vn -0.0160 -0.0047 -0.9999
vn -0.0192 0.0022 -0.9998
vn -0.0043 0.0062 -1.0000
vn -0.0003 0.0059 -1.0000
vn -0.0044 0.0062 -1.0000
vn -0.0094 0.0066 -0.9999
vn -0.2011 -0.4884 -0.8491
vn -0.0173 0.9781 -0.2074
vn -0.2281 0.9488 -0.2187
vn 0.0751 0.4253 0.9019
vn 0.1195 0.4090 0.9047
vn -0.8667 -0.2789 0.4135
vn -0.9227 -0.3534 -0.1541
vn -0.1077 0.9937 -0.0301
vn 0.1631 -0.7744 -0.6113
vn 0.3977 -0.3289 -0.8565
vn 0.8338 -0.5003 -0.2335
vn 0.4907 -0.8681 0.0755
vn -0.0000 -0.6001 -0.8000
vn 0.0285 -0.3353 -0.9417
vn 0.0289 -0.0137 0.9995
vn -0.0105 0.0001 0.9999
vn -0.0049 0.0020 1.0000
vn 0.0002 -0.0058 1.0000
vn -0.2714 -0.0111 0.9624
vn -0.2880 -0.0123 0.9575
vn -0.0042 -0.0059 1.0000
vn -0.0099 -0.0060 0.9999
vn 0.0303 -0.0136 0.9994
vn 0.4877 -0.8722 0.0375
vn 0.5185 -0.8296 -0.2074
vn 0.8627 0.2995 0.4074
vn 0.3906 -0.9113 0.1301
vn 0.3174 -0.9390 -0.1322
vn 0.9701 -0.0052 0.2427
vn 0.9997 -0.0091 0.0226
vn 0.9700 -0.0088 0.2429
vn 0.9997 -0.0191 0.0132
vn 0.2705 -0.0401 -0.9619
vn 0.4090 -0.2753 -0.8700
vn 0.1204 -0.2843 -0.9511
vn 0.6228 -0.1708 -0.7635
vn 0.2750 0.0015 -0.9615
vn 0.0149 -0.9969 -0.0775
vn -0.5011 -0.8624 -0.0720
vn -0.0231 0.4747 -0.8798
vn 0.9803 0.0691 0.1852
vn 0.0053 0.9051 -0.4252
vn -0.0045 0.9572 0.2895
vn 0.0217 0.9677 -0.2512
vn 0.0200 0.8014 -0.5978
vn -0.9140 0.2526 -0.3176
vn -0.7314 -0.6050 -0.3147
vn -0.0855 -0.0266 0.9960
vn -0.1954 0.1283 0.9723
vn -0.7830 0.5921 -0.1905
vn -0.3713 -0.0196 -0.9283
vn 0.4117 0.0339 0.9107
vn 0.7819 0.0476 0.6215
vn 0.6629 0.2461 0.7071
vn 0.1226 0.1532 0.9806
vn 0.4110 -0.0021 0.9116
vn 0.0323 0.1323 0.9907
vn 0.5999 -0.0009 0.8001
vn 0.7280 -0.0008 0.6856
vn 0.1447 -0.0015 0.9895
vn -0.0041 -0.0000 1.0000
vn 0.0039 -0.0139 0.9999
vn 0.0040 -0.0140 0.9999
vn -0.0072 -0.0348 0.9994
vn -0.0029 -0.0097 0.9999
vn -0.0033 -0.0167 0.9999
vn 0.0040 -0.0218 0.9998
vn -0.0041 0.0015 1.0000
vn -0.0041 -0.0322 0.9995
vn 0.0258 -0.0390 0.9989
vn 0.0142 -0.0111 0.9998
vn -0.6343 -0.0957 0.7672
vn -0.8221 -0.0544 0.5667
vn -0.9691 -0.1094 0.2213
vn -0.8689 0.0016 0.4950
vn -0.9743 0.0042 0.2251
vn -0.9850 -0.0157 0.1717
vn -0.2420 -0.0244 0.9700
vn -0.6651 -0.0000 0.7467
vn -0.2960 -0.0000 0.9552
vn -0.0568 -0.0590 0.9966
vn -0.9885 -0.0995 0.1140
vn -0.1622 -0.9689 0.1868
vn 0.2255 -0.2111 0.9511
vn -0.0109 0.3191 0.9477
vn -0.0162 0.0063 0.9998
vn -0.8127 0.5685 0.1281
vn -0.7304 0.6816 0.0445
vn -0.7925 0.6018 0.0991
vn 0.0051 0.9965 -0.0831
vn 0.0051 0.9941 0.1085
vn 0.0051 0.9941 0.1084
vn -0.0648 0.0482 -0.9967
vn -0.0930 0.0717 -0.9931
vn -0.9792 -0.0193 0.2019
vn -0.7926 0.6027 0.0925
vn 0.0011 0.0837 -0.9965
vn 0.5527 0.8327 -0.0347
vn 0.4599 0.8876 0.0265
vn 0.0007 1.0000 0.0004
vn -0.0002 0.9998 0.0207
vn -0.2901 0.9284 0.2321
vn 0.0044 0.0308 -0.9995
vn -0.0618 0.0191 -0.9979
vn 0.0015 -0.0254 -0.9997
vn -0.0387 -0.0082 -0.9992
vn -0.0388 -0.0091 -0.9992
vn -0.0388 -0.0094 -0.9992
vn -0.0428 0.0540 -0.9976
vn -0.0785 -0.0680 -0.9946
vn -0.1672 -0.0367 -0.9852
vn -0.9483 -0.2670 0.1714
vn -0.7432 -0.2692 0.6126
vn -0.8895 -0.0756 0.4507
vn -0.9895 -0.1186 0.0822
vn -0.0000 -0.0905 -0.9959
vn 0.0811 0.0453 -0.9957
vn -0.0007 0.1513 -0.9885
vn -0.0012 0.1413 -0.9900
vn 0.0334 0.6479 -0.7610
vn 0.5575 -0.8197 0.1312
vn 0.9878 -0.0332 0.1520
vn 0.1007 0.6331 0.7675
vn -0.0341 0.0559 0.9979
vn 0.0147 0.4246 0.9053
vn 0.0232 0.1968 0.9802
vn -0.0986 0.9909 -0.0917
vn -0.1119 0.9794 -0.1679
vn -0.1667 0.9827 0.0804
vn -0.1768 0.9362 -0.3038
vn -0.0496 0.0022 -0.9988
vn -0.0857 -0.0686 -0.9940
vn -0.1235 -0.5201 -0.8451
vn 0.1535 0.0493 -0.9869
vn -0.1775 0.0755 -0.9812
vn 0.0854 -0.5126 -0.8544
vn 0.5449 -0.3114 -0.7785
vn -0.0043 0.0108 0.9999
vn 0.0086 0.0108 0.9999
vn -0.0031 0.0191 0.9998
vn -0.0117 0.0128 0.9998
vn 0.0637 -0.0656 0.9958
vn 0.0680 -0.0732 0.9950
vn -0.0174 0.0038 0.9998
vn -0.7585 -0.0101 -0.6516
vn -0.2131 -0.0107 -0.9770
vn 0.0360 -0.0082 -0.9993
vn 0.0961 0.3026 -0.9482
vn 0.0325 -0.0165 -0.9993
vn 0.0702 0.1457 -0.9868
vn 0.0240 0.0288 -0.9993
vn 0.1571 0.3378 -0.9280
vn 0.0022 -0.0097 -1.0000
vn 0.4490 -0.8933 -0.0187
vn 0.0438 0.0027 0.9990
vn 0.0299 -0.0036 0.9995
vn 0.0217 -0.0117 0.9997
vn 0.6909 -0.0084 0.7229
vn 0.0273 -0.0808 0.9964
vn 0.8185 0.2131 0.5335
vn 0.0170 -0.0335 0.9993
vn 0.0209 -0.0000 0.9998
vn 0.0195 0.0047 0.9998
vn 0.0077 -0.9999 -0.0090
vn -0.0012 -0.9557 0.2944
vn 0.0001 -0.9998 -0.0180
vn 0.0002 -0.9998 -0.0180
vn 0.0081 -0.9999 -0.0094
vn 0.0161 -0.9997 -0.0188
vn 0.0002 -0.9998 -0.0187
vn 0.9785 -0.1989 -0.0542
vn 0.9912 -0.0000 -0.1322
vn 0.9936 0.0011 -0.1131
vn 0.7084 -0.1221 -0.6952
vn 0.6289 -0.3936 0.6705
vn 0.9992 -0.0379 -0.0087
vn 0.7380 0.0259 -0.6743
vn -0.9888 0.1491 0.0003
vn -0.9712 -0.0328 -0.2362
vn -0.9722 -0.0347 -0.2315
vn -0.9624 0.2300 0.1446
vn -0.9897 -0.0440 -0.1361
vn 0.0253 0.9996 0.0142
vn -0.0050 0.9983 0.0574
vn -0.1532 -0.0201 0.9880
vn -0.3004 -0.0106 0.9537
vn -0.3627 -0.0073 0.9319
vn -0.1763 -0.0246 0.9840
vn -0.1758 -0.0176 0.9843
vn -0.2981 0.0397 0.9537
vn -0.0475 -0.0712 0.9963
vn -0.0512 -0.0284 0.9983
vn 0.5550 0.2360 0.7976
vn 0.9631 0.2229 0.1507
vn 0.7033 0.3385 0.6251
vn 0.1556 0.0601 0.9860
vn 0.9114 0.4059 0.0683
vn 0.1462 0.0669 0.9870
vn 0.9043 0.4214 0.0689
vn 0.9999 -0.0035 -0.0149
vn 0.9614 -0.0184 0.2746
vn 1.0000 -0.0030 0.0050
vn 1.0000 0.0064 -0.0000
vn 0.2207 0.9749 -0.0294
vn 0.0117 -0.0012 -0.9999
vn 0.0552 -0.1141 -0.9919
vn 0.0551 -0.1139 -0.9920
vn 0.1146 -0.2913 -0.9498
vn 0.1363 -0.3370 -0.9316
vn 0.0052 0.0025 -1.0000
vn 0.1248 0.0023 -0.9922
vn 0.1138 0.7395 0.6635
vn -0.0000 0.4472 0.8944
vn 0.0531 0.3893 0.9196
vn -0.0721 0.7211 0.6891
vn 0.5518 0.4904 0.6746
vn 0.4506 0.2272 0.8633
vn -0.9159 0.1240 -0.3817
vn -0.7542 0.6532 -0.0668
vn -0.0607 -0.0555 -0.9966
vn -0.4745 -0.8583 -0.1954
vn -0.8429 0.4937 0.2139
vn -0.9982 0.0157 0.0584
vn -0.9944 0.0189 0.1043
vn -0.9894 0.0733 -0.1255
vn -0.6736 -0.1565 -0.7223
vn -0.9433 0.2627 0.2030
vn 0.3976 0.7771 -0.4879
vn -0.1035 0.5108 -0.8535
vn -0.8076 0.3719 0.4576
vn -0.4417 0.3865 -0.8097
vn -0.8658 0.0244 0.4998
vn -0.6388 0.3983 -0.6583
vn -0.9952 0.0233 0.0951
vn 0.0287 -0.9315 -0.3626
vn -0.0057 -0.9984 -0.0554
vn 0.0853 -0.3069 -0.9479
vn -0.0109 -0.0946 -0.9955
vn -0.0027 -0.1247 0.9922
vn -0.0000 -0.2424 0.9702
vn -0.0000 0.2401 0.9707
vn -0.0027 0.8682 0.4962
vn -0.0175 -0.0173 0.9997
vn -0.0354 -0.0281 0.9990
vn 0.8365 0.0552 0.5452
vn 0.7896 0.0544 0.6112
vn 0.8106 -0.0212 0.5852
vn -0.0011 -0.0089 1.0000
vn 0.1105 0.0011 0.9939
vn 0.0024 0.0019 1.0000
vn -0.0107 -0.0086 0.9999
vn 0.0444 0.0050 0.9990
vn 0.1607 -0.0088 0.9870
vn -0.2491 0.8922 0.3766
vn -0.0556 0.9852 -0.1619
vn -0.9189 0.2273 0.3224
vn -0.9202 -0.2920 -0.2607
vn -0.7422 -0.6083 -0.2814
vn -0.1271 0.9824 0.1370
vn 0.0397 0.2184 0.9751
vn 0.8151 -0.0248 0.5788
vn 0.8046 0.2384 0.5439
vn 0.0104 0.2534 0.9673
vn 0.0353 0.9165 0.3984
vn -0.0717 -0.1168 0.9906
vn 0.1076 0.8692 0.4827
vn 0.0115 -0.5963 0.8027
vn -0.8491 -0.0143 0.5280
vn -0.2688 -0.9630 -0.0206
vn 0.0876 -0.9961 -0.0091
vn -0.0607 -0.9981 0.0093
vn -0.9630 -0.2650 -0.0484
vn 0.1830 -0.4875 0.8537
vn -0.9905 -0.0693 -0.1188
vn -0.3201 0.0894 -0.9432
vn -0.6099 0.3512 -0.7104
vn -0.9107 0.4130 -0.0076
vn -0.0270 -0.0397 -0.9988
vn -0.0042 0.0049 1.0000
vn 0.0008 0.0063 1.0000
vn -0.0115 0.0048 0.9999
vn -0.0091 -0.0034 1.0000
vn -0.0001 0.0030 1.0000
vn 0.4128 0.0023 0.9108
vn -0.0047 0.0032 1.0000
vn -0.0136 0.0036 0.9999
vn -0.0147 -0.0120 0.9998
vn -0.0129 -0.0138 0.9998
vn -0.0290 0.0066 0.9996
vn -0.0131 -0.0138 0.9998
vn -0.1746 0.3266 0.9289
vn 0.0127 -0.0047 -0.9999
vn 0.9994 -0.0332 -0.0056
vn 0.9995 0.0114 -0.0293
vn 0.9322 -0.3559 -0.0664
vn 0.9955 0.0444 -0.0834
vn 0.9997 -0.0064 0.0225
vn 0.9920 0.1155 -0.0501
vn -0.0402 -0.9965 0.0731
vn 0.0138 -0.7474 0.6643
vn 0.8837 -0.4679 0.0102
vn 0.8841 -0.4362 0.1674
vn 0.5865 -0.4338 0.6840
vn 0.9008 -0.4325 0.0401
vn 0.2097 0.0030 0.9778
vn 0.5168 -0.0037 0.8561
vn 0.8289 0.0054 0.5594
vn -0.0468 0.0098 0.9989
vn -0.0332 0.0042 0.9994
vn -0.0179 0.0294 0.9994
vn 0.0359 -0.0024 0.9994
vn 0.6266 -0.0100 -0.7793
vn 0.7006 -0.0194 -0.7133
vn 0.6938 0.0022 -0.7202
vn 0.3885 -0.0160 -0.9213
vn 0.2982 -0.0141 -0.9544
vn 0.1002 -0.0041 -0.9950
vn 0.1367 -0.0138 -0.9905
vn 0.1509 -0.0530 -0.9871
vn 0.3469 -0.0096 -0.9378
vn -0.0022 0.0183 -0.9998
vn 0.6671 0.0588 -0.7426
vn 0.6996 0.0651 -0.7115
vn -0.0059 -0.0011 -1.0000
vn -0.0064 0.0210 -0.9998
vn 0.0017 0.1040 -0.9946
vn 0.6276 0.2599 -0.7339
vn 0.6756 0.3254 -0.6616
vn -0.0059 -0.0057 -1.0000
vn -0.0227 -0.0598 0.9980
vn -0.0102 -0.0661 0.9978
vn -0.0665 -0.0498 0.9965
vn -0.0099 -0.2424 0.9701
vn -0.0049 -0.2424 0.9702
vn -0.0061 -0.0642 0.9979
vn -0.0086 -0.0000 1.0000
vn -0.0556 -0.0000 0.9985
vn -0.0061 -0.7040 0.7101
vn -0.0000 -0.7071 0.7071
vn 0.3923 -0.9197 -0.0137
vn 0.3921 -0.9198 -0.0137
vn 0.3877 -0.9217 -0.0143
vn 0.3947 -0.9187 -0.0134
vn 0.3499 -0.9367 -0.0121
vn -0.9400 0.2085 -0.2702
vn -0.3529 0.9125 -0.2068
vn -0.9985 -0.0450 -0.0309
vn -0.6613 0.4793 -0.5770
vn -0.7833 0.0202 0.6213
vn -0.8557 0.0642 0.5135
vn -0.7462 0.1761 0.6420
vn -0.0514 0.0600 0.9969
vn -0.3201 0.1512 0.9352
vn -0.9466 0.0318 0.3207
vn -0.9637 0.1897 0.1879
vn -0.7963 0.5007 0.3394
vn 0.8791 -0.4765 0.0148
vn 0.8662 -0.4622 -0.1901
vn 0.8791 -0.4765 0.0147
vn 0.8460 -0.5300 -0.0583
vn 0.7084 -0.4798 -0.5176
vn 0.8760 -0.4769 0.0722
vn 0.8355 -0.4815 -0.2650
vn -0.1244 -0.9836 -0.1304
vn 0.1532 0.9845 0.0848
vn 0.7304 0.3602 0.5803
vn 0.9575 0.0679 0.2803
vn 0.0199 -0.0042 -0.9998
vn 0.0135 0.0002 -0.9999
vn -0.1086 0.6815 0.7237
vn 0.0591 0.2297 0.9715
vn 0.0595 0.5050 0.8611
vn -0.0038 0.4244 0.9055
vn -0.0041 0.4473 0.8944
vn 0.2268 0.9593 0.1684
vn 0.9900 -0.0025 0.1411
vn 0.9983 -0.0134 0.0567
vn 0.9868 -0.0276 0.1594
vn 0.9950 0.0999 -0.0071
vn 0.9990 0.0443 -0.0107
vn 0.9929 -0.0031 0.1189
vn 0.9932 0.0220 0.1139
vn -0.0057 0.8515 -0.5243
vn -0.0101 0.5986 -0.8010
vn -0.0103 0.9999 0.0046
vn -0.0000 0.2424 -0.9702
vn 0.0009 0.4462 -0.8949
vn -0.0079 0.9694 0.2453
vn 0.3237 0.9351 0.1439
vn 0.5136 0.8561 -0.0572
vn -0.0231 -0.0184 -0.9996
vn -0.0219 -0.0044 -0.9997
vn -0.0116 -0.0043 -0.9999
vn -0.2419 -0.0108 -0.9702
vn -0.0363 0.0095 -0.9993
vn -0.0295 -0.0002 -0.9996
vn -0.0217 -0.0080 -0.9997
vn -0.0345 0.0002 -0.9994
vn -0.8538 -0.5176 0.0555
vn -0.8710 -0.4467 0.2045
vn -0.8447 -0.5226 -0.1153
vn -0.9007 -0.4292 -0.0673
vn 0.3606 0.2611 -0.8955
vn 0.2890 0.3978 -0.8708
vn 0.3992 0.4888 -0.7757
vn 0.2307 -0.0371 -0.9723
vn -0.7459 -0.6356 -0.1991
vn -0.7436 -0.6445 0.1777
vn -0.0000 -0.8887 0.4586
vn 0.4895 -0.8566 0.1632
vn -0.0523 0.0313 0.9981
vn -0.0184 -0.0011 0.9998
vn -0.0215 0.0148 0.9997
vn 0.7502 0.5081 0.4232
vn 0.8157 0.5346 -0.2210
vn 0.8156 0.5300 -0.2322
vn 0.6966 0.4876 0.5262
vn 0.9340 0.2015 0.2950
vn 0.9263 0.0643 0.3712
vn -0.0145 0.0052 0.9999
vn 0.3438 -0.3879 0.8552
vn 0.2781 -0.9603 0.0224
vn 0.2262 -0.9739 0.0168
vn 0.0587 -0.9919 0.1126
vn -0.7523 -0.6260 0.2052
vn 0.9445 0.0124 -0.3283
vn 0.9970 -0.0004 -0.0780
vn 0.9998 0.0190 -0.0021
vn 0.9785 -0.0077 -0.2060
vn 0.9274 -0.0038 -0.3740
vn 0.9863 -0.0108 -0.1644
vn 0.7999 -0.0053 -0.6001
vn 0.0223 0.9001 -0.4352
vn 0.0275 0.9793 0.2005
vn 0.0322 0.9286 -0.3696
vn 0.0003 0.2549 -0.9670
vn -0.2974 -0.1030 0.9492
vn -0.4362 -0.5457 0.7155
vn -0.0911 0.9952 0.0359
vn -0.0551 0.9970 0.0551
vn -0.1322 0.9734 0.1869
vn -0.1213 0.9921 0.0335
vn -0.1197 0.9922 0.0342
vn -0.0002 0.9998 0.0214
vn 0.0160 0.9996 0.0217
vn 0.0020 0.8684 -0.4959
vn -0.2506 0.0043 -0.9681
vn -0.1644 -0.0000 -0.9864
vn -0.0811 -0.0145 -0.9966
vn -0.3122 0.0188 -0.9498
vn -0.5329 0.0167 -0.8460
vn -0.9999 0.0051 0.0148
vn -0.9999 0.0131 0.0103
vn -0.9997 0.0047 0.0232
vn -0.9998 -0.0176 0.0100
vn -0.9998 -0.0177 -0.0103
vn -0.9999 -0.0059 0.0103
vn -0.8953 0.0039 -0.4455
vn -0.8943 -0.0145 0.4472
vn -0.6154 0.3953 0.6820
vn -0.6153 0.3953 0.6820
vn -0.3110 0.1925 0.9307
vn -0.0194 0.0255 0.9995
vn -0.7982 0.5200 0.3041
vn 0.0514 -0.0086 -0.9986
vn 0.1076 -0.0578 -0.9925
vn -0.6149 0.1568 0.7728
vn -0.8551 0.3494 0.3830
vn -0.9259 0.3778 0.0069
vn -0.9011 0.4336 0.0079
vn 0.0160 -0.3778 0.9257
vn 0.0023 -0.0800 0.9968
vn 0.0740 -0.4168 0.9060
vn -0.2468 0.0870 0.9652
vn -0.1098 -0.1726 0.9788
vn -0.2278 0.0184 0.9735
vn 0.1164 -0.2975 0.9476
vn 0.1701 -0.4388 0.8823
vn 0.3346 -0.8696 0.3632
vn -0.8823 0.4235 -0.2054
vn -0.5490 0.8286 0.1098
vn -0.2728 0.9350 -0.2267
vn -0.9948 -0.0999 0.0204
vn -0.8972 0.4141 0.1534
vn -0.0841 0.0974 -0.9917
vn 0.0083 0.3799 -0.9250
vn -0.0165 -0.0024 -0.9999
vn -0.2037 0.7551 -0.6232
vn 0.0014 0.6404 -0.7681
vn -0.0121 -0.0810 -0.9966
vn -0.0116 -0.0330 -0.9994
vn 0.9288 -0.0055 0.3705
vn 0.2072 -0.6012 -0.7718
vn -0.7002 -0.5191 -0.4901
vn -0.7673 -0.5474 -0.3342
vn -0.8028 -0.5905 -0.0827
vn -0.0781 -0.0522 -0.9956
vn -0.7696 -0.5799 -0.2673
vn -0.0283 -0.0233 0.9993
vn -0.6333 -0.5159 -0.5769
vn -0.2870 -0.2284 -0.9303
vn 0.8451 0.5331 -0.0399
vn -0.0410 -0.9991 0.0136
vn -0.0409 -0.9991 0.0136
vn -0.9999 0.0098 0.0123
vn -0.8326 0.0082 0.5538
vn -0.9500 0.0045 0.3122
vn -0.8324 0.0047 0.5542
vn -0.5841 0.8086 0.0710
vn -0.2161 0.9664 0.1390
vn -0.5567 0.3690 -0.7443
vn -0.2143 0.9761 0.0361
vn -0.0712 -0.0169 0.9973
vn 0.9801 0.0332 0.1958
vn -0.2030 -0.0362 0.9785
vn -0.2137 0.3019 0.9291
vn 0.0121 0.1820 0.9832
vn -0.0051 0.2019 0.9794
vn -0.0050 0.2019 0.9794
vn 0.0101 0.9996 -0.0248
vn -0.0135 0.3380 0.9410
vn -0.0081 0.6052 0.7960
vn 0.0151 0.0163 -0.9998
vn 0.0224 0.0161 -0.9996
vn 0.0150 0.0163 -0.9998
vn -0.0304 0.1069 -0.9938
vn -0.0155 0.0666 -0.9977
vn 0.0102 0.0165 -0.9998
vn 0.0182 0.0282 -0.9994
vn 0.0652 -0.3056 -0.9499
vn 0.0082 0.0109 -0.9999
vn -0.0031 0.0050 -1.0000
vn 0.4085 0.9013 0.1442
vn 0.1360 0.9903 0.0302
vn 0.9858 0.1033 0.1324
vn 0.5833 0.1048 0.8055
vn 0.9928 0.1073 -0.0537
vn 0.9281 -0.0033 0.3723
vn 0.9999 0.0002 -0.0116
vn 0.8951 -0.0058 0.4459
vn 0.6992 0.1017 0.7077
vn 0.9970 0.0767 -0.0143
vn 0.9859 0.1668 -0.0162
vn 0.9963 0.0841 -0.0157
vn 0.9717 0.2358 -0.0136
vn -0.7019 0.0039 0.7122
vn -0.7988 -0.0063 0.6016
vn 0.0182 -0.0039 0.9998
vn 0.0243 -0.0392 0.9989
vn -0.1643 0.0977 0.9816
vn -0.0754 -0.0603 0.9953
vn -0.3809 0.1437 0.9134
vn -0.2059 0.7560 0.6213
vn 0.7178 -0.6959 -0.0200
vn 0.0254 0.0348 -0.9991
vn -0.0005 0.0339 -0.9994
vn 0.0188 0.0238 -0.9995
vn -0.0213 0.0208 -0.9996
vn 0.0705 -0.0182 0.9973
vn 0.0454 -0.0170 0.9988
vn -0.8961 0.4424 0.0345
vn -0.9841 0.1386 0.1109
vn -0.9849 0.1365 0.1066
vn -0.6883 0.7243 0.0413
vn -0.1415 0.9899 0.0041
vn -0.0449 0.9990 -0.0056
vn -0.8820 0.0032 -0.4713
vn -0.0174 0.0130 0.9998
vn 0.0012 -0.0054 1.0000
vn 0.0033 -0.0037 1.0000
vn 0.0040 -0.0036 1.0000
vn -0.0009 -0.0050 1.0000
vn 0.0030 -0.0072 1.0000
vn 0.0031 -0.0073 1.0000
vn 0.0007 0.0039 1.0000
vn -0.0139 0.0148 0.9998
vn -0.2681 -0.9634 0.0065
vn -0.2368 -0.9705 0.0452
vn 0.1462 -0.0106 0.9892
vn 0.9981 0.0432 -0.0435
vn 0.0841 -0.0113 0.9964
vn 0.9357 -0.3506 -0.0387
vn -0.0225 -0.9361 -0.3510
vn 0.1079 -0.7548 -0.6470
vn 0.0231 -0.9901 -0.1388
vn -0.0497 -0.9938 0.0994
vn 0.3267 -0.0110 -0.9451
vn 0.6632 -0.0158 -0.7483
vn 0.2747 -0.0000 -0.9615
vn 0.0996 -0.0000 -0.9950
vn 0.1240 -0.0000 -0.9923
vn 0.1458 -0.0130 -0.9892
vn 0.0986 -0.0097 -0.9951
vn 0.7710 -0.0386 -0.6356
vn 0.4446 -0.0431 -0.8947
vn -0.0184 -0.0076 -0.9998
vn -0.0609 -0.0283 -0.9977
vn -0.4431 -0.2081 -0.8720
vn 0.0086 0.0061 -0.9999
vn 0.0099 0.0070 -0.9999
vn -0.7068 -0.7074 0.0069
vn -0.3793 -0.9166 -0.1264
vn -0.5202 -0.7804 0.3469
vn -0.9138 -0.4061 -0.0000
vn -0.7070 -0.7072 0.0069
vn -0.0675 -0.8663 0.4950
vn -0.9493 0.0681 0.3069
vn -0.9572 -0.2472 0.1507
vn -0.9938 -0.0063 -0.1108
vn -0.9982 0.0485 0.0355
vn 1.0000 -0.0031 0.0052
vn 1.0000 -0.0000 0.0099
vn 1.0000 0.0001 0.0099
vn -0.0319 0.0019 0.9995
vn -0.0383 -0.0024 0.9993
vn -0.0255 0.0006 0.9997
vn -0.0154 -0.0053 0.9999
vn -0.0112 -0.0079 0.9999
vn 0.3262 0.7708 0.5472
vn 0.0742 0.1930 0.9784
vn 0.3949 0.9095 0.1298
vn -0.0605 -0.1030 0.9928
vn -0.0582 -0.1102 0.9922
vn 0.3914 0.9127 0.1174
vn 0.1500 0.9872 -0.0535
vn 0.0840 0.6441 -0.7603
vn 0.1797 0.9767 0.1176
vn 0.1127 0.9502 -0.2906
vn 0.1617 0.9724 -0.1685
vn -0.9964 -0.0722 -0.0441
vn -0.8680 0.0231 -0.4960
vn -0.9982 -0.0476 -0.0362
vn -0.9939 -0.1073 0.0250
vn -0.9794 -0.1952 0.0518
vn -0.9935 -0.0225 0.1113
vn -0.9904 -0.0313 0.1349
vn -0.9841 -0.0695 0.1634
vn -0.9947 -0.0365 0.0963
vn -0.0522 -0.0782 0.9956
vn -0.9697 -0.0069 0.2443
vn -0.7087 -0.6796 -0.1892
vn -0.3368 -0.9138 -0.2268
vn -0.4627 -0.8741 -0.1476
vn -0.2424 -0.0036 -0.9702
vn 0.1242 0.0073 -0.9922
vn -0.1914 0.5963 -0.7796
vn -0.0268 0.1291 -0.9913
vn 0.0066 0.2292 -0.9734
vn 0.0075 0.8022 -0.5970
vn -0.0840 -0.0628 0.9945
vn -0.2038 -0.1101 0.9728
vn -0.2675 -0.2216 0.9377
vn 0.0539 -0.0530 0.9971
vn 0.4905 -0.3389 -0.8028
vn 0.1259 -0.1441 -0.9815
vn 0.8550 -0.4949 -0.1551
vn 0.3981 -0.2433 -0.8845
vn 0.7574 -0.4500 -0.4731
vn 0.3980 -0.2432 -0.8846
vn -0.0030 -0.0089 -1.0000
vn 0.8209 -0.5702 -0.0319
vn 0.0212 -0.8049 -0.5931
vn 0.0176 -0.8890 -0.4577
vn -0.7720 -0.6317 -0.0702
vn -0.8728 -0.4367 -0.2180
vn 0.0213 -0.7807 -0.6246
vn 0.9771 0.0308 0.2107
vn 0.9549 -0.2967 -0.0114
vn 0.9995 0.0299 -0.0122
vn 0.9848 0.0071 0.1735
vn 0.9071 -0.2983 0.2970
vn 0.1681 -0.0115 -0.9857
vn 0.3149 -0.0021 -0.9491
vn 0.2397 -0.0033 -0.9709
vn 0.9285 0.0012 -0.3714
vn 0.9286 -0.0063 -0.3711
vn 0.2309 -0.0122 -0.9729
vn -0.0094 0.9999 -0.0075
vn -0.0206 0.9989 -0.0420
vn -0.0058 0.9990 -0.0434
vn 0.3818 -0.0557 0.9226
vn 0.1282 -0.0086 0.9917
vn 0.0112 -0.8654 -0.5009
vn 0.1282 -0.5039 -0.8542
vn 0.0143 -0.5072 -0.8617
vn -0.5202 -0.3878 -0.7609
vn -0.4279 -0.0695 -0.9011
vn -0.3201 -0.2952 -0.9002
vn 0.3412 -0.9247 -0.1688
vn 0.1826 -0.5040 -0.8442
vn 0.4654 -0.8554 -0.2271
vn -0.9770 -0.0659 0.2029
vn -0.9779 -0.2091 0.0044
vn -0.9965 -0.0830 0.0052
vn -0.8945 -0.4471 -0.0000
vn -0.4473 -0.8944 -0.0000
vn -0.9999 -0.0005 0.0104
vn -1.0000 0.0004 -0.0098
vn 0.0120 0.0188 -0.9998
vn -0.0037 0.0081 -1.0000
vn 0.0065 0.0132 -0.9999
vn -0.0620 0.3375 -0.9393
vn -0.0319 0.3633 -0.9311
vn -0.0284 0.0454 -0.9986
vn -0.9567 0.2912 -0.0000
vn -0.0058 0.0584 0.9983
vn 0.1303 0.6516 0.7473
vn 0.0752 -0.0158 0.9970
vn 0.3863 0.8609 0.3311
vn 0.8470 -0.5306 0.0321
vn 0.7395 -0.1849 0.6473
vn 0.0220 0.9995 -0.0235
vn 0.0221 0.9995 -0.0235
vn -0.0117 0.9997 -0.0235
vn 0.2181 0.8728 0.4365
vn -0.2526 0.8842 0.3930
vn 0.3810 0.8890 0.2540
vn 0.0227 0.9995 -0.0235
vn 0.1899 0.0074 0.9818
vn -0.0153 -0.0269 0.9995
vn 0.0098 0.0090 0.9999
vn 0.1186 -0.0085 0.9929
vn 0.9997 -0.0212 0.0093
vn 0.0033 -0.2038 0.9790
vn -0.9923 -0.1241 -0.0000
vn -0.0025 0.2459 0.9693
vn 0.0020 -0.1968 0.9804
vn 0.9661 -0.2536 -0.0483
vn 0.2182 -0.8729 0.4364
vn 0.5446 -0.2436 -0.8026
vn -0.0849 0.9951 0.0516
vn -0.0813 0.9932 0.0838
vn -0.0416 0.3742 -0.9264
vn 0.0778 0.9924 0.0958
vn 0.1654 0.9835 -0.0736
vn -0.0581 0.9982 -0.0145
vn 0.9936 -0.0229 -0.1103
vn -0.9999 0.0135 -0.0081
vn -0.9998 0.0088 -0.0153
vn -0.9998 0.0151 -0.0092
vn -1.0000 0.0087 -0.0007
vn -0.9756 0.0325 0.2172
vn -0.7091 -0.0741 0.7012
vn -0.9935 0.1134 -0.0020
vn -1.0000 0.0079 -0.0007
vn -1.0000 0.0080 -0.0007
vn -0.9998 0.0209 -0.0006
vn 0.1131 -0.0379 -0.9929
vn 0.0157 -0.0378 -0.9992
vn 0.3207 -0.6090 -0.7255
vn 0.0786 -0.1998 -0.9767
vn 0.4594 -0.4716 -0.7527
vn -0.0137 0.0477 -0.9988
vn -0.7808 -0.0000 0.6247
vn 0.0988 -0.0035 0.9951
vn 0.0102 -0.0035 0.9999
vn 0.0802 0.0085 0.9967
vn 0.1013 0.0093 0.9948
vn 0.0112 0.0084 0.9999
vn 0.0113 0.0084 0.9999
vn -0.7810 0.0008 0.6245
vn -0.2126 0.6151 -0.7592
vn 0.1192 0.6083 -0.7847
vn -0.9476 0.2494 0.1995
vn 0.0084 -1.0000 -0.0001
vn 0.0124 -0.9340 -0.3570
vn -0.0021 -0.9138 -0.4062
vn 0.0082 -0.9999 0.0110
vn 0.0164 -0.9999 -0.0000
vn 0.0150 -0.8521 -0.5232
vn 0.9914 0.0107 0.1302
vn 0.7648 0.0049 0.6443
vn 0.7590 0.0403 0.6499
vn 0.0411 0.9991 -0.0085
vn -0.0936 0.0156 -0.9955
vn -0.9995 -0.0068 0.0323
vn -0.9999 -0.0065 0.0108
vn -0.9998 0.0004 0.0218
vn -1.0000 -0.0066 -0.0006
vn -0.5513 0.0045 0.8343
vn -0.1628 0.0028 0.9867
vn 0.0150 0.8241 0.5662
vn 0.0048 0.9367 0.3501
vn 0.2190 -0.6789 0.7008
vn 0.2287 0.8675 -0.4417
vn 0.4247 0.4702 -0.7736
vn -0.8746 0.0025 0.4848
vn -0.9973 0.0269 0.0676
vn 0.0043 -0.0093 -0.9999
vn 0.0226 -0.0221 -0.9995
vn 0.1260 -0.0087 0.9920
vn 0.2896 -0.0270 0.9568
vn 0.7826 -0.0196 0.6222
vn 0.5160 -0.0100 0.8565
vn 0.2875 -0.0037 0.9578
vn 0.2824 -0.0125 0.9592
vn 0.0594 -0.0148 0.9981
vn -0.0105 -0.0096 0.9999
vn 0.0249 -0.0078 0.9997
vn 0.9995 0.0037 0.0329
vn 0.8453 0.5214 0.1168
vn 0.8436 0.5279 -0.0985
vn 0.6158 0.3764 -0.6922
vn -0.0395 0.9884 0.1468
vn 0.0455 0.9778 -0.2047
vn -0.0764 0.9941 -0.0764
vn -0.0930 0.9951 -0.0346
vn -0.0233 0.9985 -0.0503
vn -0.8199 0.5594 0.1218
vn -0.8089 0.5857 0.0510
vn -0.9811 -0.0104 0.1934
vn -0.9923 0.1241 -0.0000
vn -0.4387 -0.3217 -0.8391
vn -0.4242 -0.1906 -0.8853
vn 0.0146 -0.0412 -0.9990
vn -0.0023 0.0983 -0.9952
vn -0.8581 0.0062 -0.5134
vn -0.5021 0.0021 -0.8648
vn -1.0000 0.0033 0.0057
vn 0.0209 -0.0000 -0.9998
vn -0.8782 -0.0047 -0.4783
vn -0.4999 -0.0070 -0.8660
vn -0.0817 -0.0080 -0.9966
vn -1.0000 0.0072 -0.0001
vn -0.4234 0.9022 0.0821
vn -0.4147 0.8810 -0.2277
vn -0.4066 0.9058 0.1192
vn -0.0601 0.9980 -0.0178
vn -0.3369 0.7457 -0.5748
vn -0.4473 0.8855 0.1256
vn 0.7814 -0.5990 -0.1751
vn 0.0935 -0.0930 0.9913
vn 0.0268 -0.0432 0.9987
vn 0.0964 -0.0745 -0.9925
vn 0.1640 -0.1233 -0.9787
vn 0.6345 -0.4464 0.6310
vn 0.5515 -0.3939 0.7353
vn 0.3983 -0.2790 0.8738
vn 0.8544 -0.5098 0.1010
vn 0.8571 -0.5104 0.0692
vn 0.8053 -0.5875 0.0797
vn 0.6398 -0.3704 0.6734
vn 0.3611 -0.2341 0.9027
vn 0.8385 -0.4995 0.2178
vn 0.9919 0.0596 -0.1118
vn 0.8982 0.0189 -0.4392
vn 0.9783 0.0525 -0.2002
vn 0.9145 0.1164 -0.3876
vn -0.2460 -0.3901 -0.8873
vn 0.9987 -0.0268 0.0441
vn 0.9936 -0.0130 0.1123
vn 0.9884 -0.0175 0.1512
vn 0.9159 0.4008 -0.0205
vn 0.9769 0.2074 0.0507
vn 0.8841 0.4592 0.0866
vn 0.9743 0.1601 -0.1587
vn -1.0000 0.0072 -0.0006
vn -1.0000 0.0072 -0.0000
vn -0.9999 0.0001 -0.0118
vn -1.0000 0.0072 0.0002
vn -0.3544 0.1657 -0.9203
vn -0.9635 -0.1950 -0.1835
vn -0.7497 -0.6476 -0.1363
vn -0.0720 0.8436 0.5322
vn 0.0733 0.0022 -0.9973
vn 0.0035 -0.0196 -0.9998
vn 0.0004 -0.0125 -0.9999
vn -0.0004 0.9998 0.0203
vn 0.0219 0.9995 0.0213
vn -0.0004 0.9998 0.0215
vn -0.5546 0.8321 -0.0030
vn -0.8943 0.4473 -0.0096
vn 0.4160 0.0575 -0.9075
vn -0.0460 0.0128 -0.9989
vn -0.0839 0.9879 0.1305
vn 0.0044 0.2023 0.9793
vn -0.0451 0.2313 0.9718
vn 0.0239 0.1960 -0.9803
vn 0.0686 0.0389 0.9969
vn 0.0912 0.0221 0.9956
vn -0.1871 0.9812 -0.0475
vn 0.9932 0.1083 0.0415
vn -0.0127 -0.0463 0.9988
vn -0.0305 -0.0611 0.9977
vn -0.0140 -0.0549 0.9984
vn -0.0083 0.1382 0.9904
vn 0.9883 0.0011 -0.1522
vn 0.9765 -0.0328 -0.2129
vn -0.7752 0.6248 -0.0936
vn -0.9510 0.1639 0.2623
vn -0.9283 -0.3093 0.2063
vn -0.7685 -0.2355 0.5949
vn -0.9486 -0.0000 0.3164
vn -0.0123 -0.6194 -0.7850
vn 0.1042 0.8099 0.5772
vn 0.4453 0.3650 0.8176
vn -0.9962 0.0015 -0.0876
vn -0.9974 0.0036 -0.0718
vn -0.9943 -0.0033 -0.1061
vn 0.6109 -0.7828 -0.1182
vn 0.6999 -0.7109 -0.0686
vn 0.5421 -0.7867 0.2953
vn 0.0119 0.9999 -0.0119
vn 0.0112 0.9999 -0.0045
vn 0.0118 0.9999 -0.0107
vn -0.0810 0.2880 0.9542
vn -0.1174 0.5577 0.8217
vn 0.3637 -0.9250 -0.1097
vn 0.3586 -0.9272 -0.1083
vn 0.3493 -0.9112 0.2183
vn 0.3552 -0.9139 0.1964
vn 0.3113 -0.7881 -0.5309
vn 0.2722 0.1361 -0.9526
vn -0.1243 -0.6189 0.7756
vn 0.2179 -0.9589 0.1816
vn -0.1541 -0.0487 0.9869
vn 0.6410 0.7326 0.2289
vn 0.6947 -0.0316 -0.7186
vn 0.9909 0.0642 -0.1182
vn 0.9909 0.0048 -0.1342
vn 0.6121 0.0912 -0.7855
vn 0.7947 0.1931 -0.5754
vn 0.0517 -0.0165 -0.9985
vn 0.4275 -0.0095 -0.9040
vn 0.7712 -0.6336 0.0620
vn 0.7602 -0.6463 0.0666
vn 0.0059 0.0037 1.0000
vn 0.1289 0.0148 0.9915
vn 0.1219 -0.0857 0.9888
vn -0.4700 0.8827 0.0027
vn -0.2078 0.9781 0.0080
vn -0.6004 0.7904 0.1216
vn 0.1192 0.6892 0.7147
vn 0.2174 0.5615 0.7984
vn 0.2350 0.0078 0.9720
vn -0.0360 0.4744 0.8796
vn -0.0061 0.5361 0.8441
vn -0.0160 0.9839 0.1782
vn 0.2720 -0.0314 -0.9618
vn -0.1017 0.0514 0.9935
vn -0.4825 0.2345 0.8439
vn -0.0084 0.0035 1.0000
vn -0.4120 0.1735 0.8945
vn -0.3254 -0.0000 0.9456
vn 0.0234 -0.0090 0.9997
vn 0.0129 -0.0111 0.9999
vn 0.0078 0.0066 0.9999
vn 0.0056 0.0024 1.0000
vn 0.0065 0.0075 1.0000
vn -0.0119 0.0122 0.9999
vn 0.0074 0.0120 0.9999
vn -0.0143 0.0092 0.9999
vn -0.0106 0.0023 0.9999
vn 0.4989 -0.2135 -0.8399
vn -0.1274 -0.0043 -0.9918
vn -1.0000 0.0086 0.0035
vn -0.9614 -0.0012 -0.2753
vn -0.4286 0.8988 -0.0920
vn -0.4496 0.8855 -0.1167
vn -0.3095 0.6723 -0.6725
vn -0.0199 0.0492 -0.9986
vn -0.1180 0.2642 -0.9572
vn -0.8941 -0.4471 -0.0263
vn -0.8943 -0.4474 -0.0000
vn 0.9904 -0.0216 0.1363
vn 0.9991 0.0384 -0.0152
vn 0.9945 -0.0094 0.1041
vn 0.9959 0.0291 0.0861
vn 0.9274 0.3647 0.0834
vn -0.0070 0.0002 -1.0000
vn -0.0125 0.0122 -0.9998
vn -0.0078 -0.0046 -1.0000
vn 0.0569 -0.0328 -0.9978
vn -0.0070 0.0154 -0.9999
vn -0.0076 -0.0090 -0.9999
vn 0.0004 -0.0022 -1.0000
vn 0.8942 -0.0005 0.4476
vn -0.9982 0.0592 -0.0031
vn -0.0135 0.3709 -0.9286
vn 0.0475 -0.0594 0.9971
vn -0.0000 -0.2983 0.9545
vn -0.7122 -0.3354 -0.6166
vn -0.0002 -0.0019 -1.0000
vn 0.9273 0.3565 -0.1141
vn -0.2039 -0.7646 -0.6115
vn -0.0431 0.6109 0.7905
vn -0.4056 0.5460 0.7330
vn -0.0107 0.4121 0.9111
vn 0.0171 -0.0160 0.9997
vn 0.2084 -0.1041 0.9725
vn -0.1768 0.9805 -0.0857
vn 0.3492 0.4189 0.8382
vn -0.2651 -0.9133 0.3093
vn 0.0216 -0.9439 0.3294
vn 0.0121 -0.9880 0.1537
vn 0.0105 -0.9973 0.0723
vn -0.2834 -0.9523 0.1134
vn 0.9999 0.0064 0.0106
vn 0.9998 -0.0000 0.0208
vn 0.1205 0.0998 0.9877
vn -0.0005 -0.0245 -0.9997
vn -0.0004 -0.0121 -0.9999
vn -0.0004 -0.0200 -0.9998
vn -0.0067 -0.0164 -0.9998
vn -0.0058 -0.0045 -1.0000
vn -0.0077 -0.0126 -0.9999
vn -0.0242 -0.0034 -0.9997
vn -0.0074 -0.0245 -0.9997
vn -0.0041 -0.0200 -0.9998
vn -0.0250 -0.0061 -0.9997
vn -0.0043 -0.0053 -1.0000
vn 0.6064 0.7783 0.1629
vn 0.8323 0.4958 0.2479
vn 0.7772 0.6290 -0.0178
vn 0.4491 0.8935 -0.0046
vn 0.4472 0.8944 -0.0001
vn 0.4473 0.8943 -0.0047
vn -0.0207 -0.9998 -0.0002
vn -0.0197 -0.9998 -0.0000
vn -0.0207 -0.9998 -0.0000
vn 0.0266 -0.0888 -0.9957
vn -0.9836 -0.0517 0.1726
vn -0.3209 0.5240 0.7889
vn 0.0075 0.0558 0.9984
vn 0.0321 0.0154 0.9994
vn 0.0137 0.9999 0.0080
vn 0.0078 0.9819 0.1890
vn -0.0371 0.0487 0.9981
vn -0.2009 0.2173 -0.9552
vn -0.6086 0.4262 -0.6693
vn -0.6080 0.4258 -0.6701
vn 0.9995 0.0298 0.0126
vn 0.9993 0.0348 0.0126
vn 0.9997 0.0227 0.0122
vn 0.9988 0.0235 -0.0434
vn 0.9798 0.1997 0.0149
vn -0.1749 0.0099 -0.9845
vn -0.0718 -0.0158 -0.9973
vn -0.1049 -0.0167 -0.9943
vn -0.1789 -0.0109 -0.9838
vn -0.0062 0.0309 -0.9995
vn 0.0593 0.3372 0.9396
vn 0.7472 0.0208 -0.6642
vn 0.9657 0.2255 -0.1287
vn 0.9674 -0.0211 -0.2524
vn 0.2668 0.0800 -0.9604
vn 0.1632 0.1224 -0.9790
vn 0.7809 -0.0000 -0.6247
vn -0.5678 -0.8196 -0.0770
vn -0.6468 -0.7400 0.1847
vn 0.3309 0.6024 0.7264
vn -0.5194 0.3770 0.7669
vn -0.5969 0.8023 -0.0022
vn 0.1101 -0.0086 0.9939
vn -0.3268 0.9451 -0.0081
vn -0.0526 0.9985 -0.0157
vn -0.5347 0.8450 -0.0053
vn -0.9946 0.1034 0.0106
vn 0.3546 0.9349 -0.0174
vn 0.1614 0.9868 0.0088
vn 0.3949 0.9187 -0.0000
vn 0.3313 0.7567 -0.5636
vn 0.3487 0.7974 -0.4924
vn -0.0606 0.0041 0.9982
vn -0.0106 -0.1360 0.9907
vn -0.0193 0.0004 0.9998
vn -0.0161 -0.0002 0.9999
vn -0.0226 -0.0026 0.9997
vn 0.1662 -0.9861 0.0005
vn -0.0813 -0.9967 0.0030
vn 0.3668 -0.9250 -0.0996
vn 0.3581 -0.9318 -0.0592
vn 0.1743 -0.4266 -0.8875
vn 0.9078 0.4124 -0.0763
vn 0.9091 0.4137 0.0498
vn 0.8856 0.4251 0.1872
vn 1.0000 0.0065 -0.0000
vn 1.0000 0.0068 -0.0000
vn 1.0000 -0.0001 0.0004
vn -0.0100 -0.0455 -0.9989
vn -0.9446 0.3137 -0.0965
vn -0.8944 0.0113 0.4472
vn -0.9998 0.0145 0.0104
vn -0.2931 0.4367 -0.8505
vn 0.1881 0.9816 -0.0328
vn 0.5539 0.8113 -0.1873
vn -0.9858 0.0051 0.1680
vn -0.9909 0.0436 0.1275
vn -0.5901 0.0245 0.8070
vn -0.5884 0.0108 -0.8085
vn -0.0168 -0.9999 0.0042
vn -0.0061 -0.9974 -0.0715
vn 0.7264 0.0071 -0.6873
vn 0.7071 0.0152 -0.7069
vn 0.7071 -0.0000 -0.7071
vn 0.7691 -0.0118 -0.6390
vn 0.8239 0.0470 -0.5648
vn 0.2064 -0.1717 0.9633
vn 0.4328 -0.3481 0.8316
vn 0.9964 0.0156 0.0831
vn 0.8013 0.5941 -0.0702
vn -0.4063 -0.1894 0.8939
vn -0.8018 -0.4255 0.4196
vn -0.8854 -0.4622 0.0481
vn -0.1035 0.9945 -0.0138
vn -0.0257 -0.0493 -0.9985
vn -0.0189 -0.0052 -0.9998
vn 0.0252 0.0017 -0.9997
vn -0.0521 0.0617 -0.9967
vn -0.0124 0.0364 -0.9993
vn 0.0247 0.0123 -0.9996
vn -0.0307 -0.0449 -0.9985
vn -0.2383 -0.0234 -0.9709
vn -0.9876 -0.0502 -0.1485
vn -0.6887 -0.7240 0.0399
vn -0.9932 0.1034 0.0543
vn -0.1832 -0.9688 0.1668
vn 0.1413 -0.0187 -0.9898
vn 0.8972 -0.4336 -0.0840
vn 0.0122 -0.0039 -0.9999
vn 0.4085 -0.4669 -0.7843
vn 0.0144 -0.0130 0.9998
vn -0.8769 0.4305 0.2137
vn 0.0261 -0.0206 0.9994
vn -0.6533 0.3592 0.6664
vn 0.7287 -0.5750 0.3720
vn 0.1192 -0.1002 -0.9878
vn -0.7907 -0.5715 0.2196
vn -0.8046 -0.5834 0.1110
vn -0.8019 -0.5762 0.1580
vn 0.8261 0.5635 0.0029
vn 0.9848 0.1643 -0.0554
vn 0.9590 0.2807 -0.0389
vn 0.9256 0.3766 0.0367
vn -0.0033 -0.9999 0.0132
vn -0.5508 -0.8340 -0.0313
vn 0.7208 -0.6648 -0.1962
vn 0.7320 -0.6438 0.2232
vn 0.8779 -0.4789 0.0027
vn 0.8997 -0.4364 -0.0049
vn -0.9696 -0.0142 -0.2443
vn -0.9931 -0.0203 -0.1153
vn -0.3389 -0.0008 -0.9408
vn -0.9450 -0.2333 0.2294
vn -0.9991 -0.0221 0.0348
vn -0.0603 -0.0082 -0.9981
vn -0.2068 0.0019 -0.9784
vn 0.9687 0.2145 -0.1252
vn 0.2121 -0.4490 -0.8680
vn -0.9685 0.0980 0.2287
vn -0.9999 -0.0059 -0.0100
vn -0.9999 0.0131 -0.0100
vn -0.9998 0.0067 -0.0192
vn -0.9998 0.0068 -0.0196
vn -0.6386 0.3426 0.6891
vn -0.8451 0.4560 0.2790
vn -0.3223 0.1666 0.9318
vn -0.8777 0.4756 0.0593
vn 0.0073 0.1222 -0.9925
vn 0.0030 0.0510 -0.9987
vn 0.0551 0.1102 -0.9924
vn -0.8951 0.4370 0.0885
vn 0.9957 -0.0373 -0.0845
vn 0.9988 -0.0305 0.0391
vn 0.1626 -0.3907 -0.9061
vn 0.2088 -0.3883 -0.8975
vn 0.4458 -0.5645 -0.6948
vn 0.1610 -0.3874 -0.9077
vn 0.4126 -0.8777 0.2436
vn 0.5975 0.7172 0.3586
vn 0.9999 0.0027 0.0107
vn 0.0001 1.0000 -0.0000
vn -0.1359 0.9334 0.3321
vn -0.1872 0.9823 -0.0064
vn -0.1520 0.9881 0.0234
vn 0.0001 -0.9998 -0.0187
vn 0.0001 -0.9998 -0.0182
vn 0.0002 -0.9998 -0.0176
vn 0.0002 -0.9998 0.0223
vn -0.0002 -0.9998 0.0223
vn -0.0001 -0.9998 0.0223
vn 0.3802 -0.1598 -0.9110
vn 0.1672 -0.1052 -0.9803
vn 0.1753 -0.0703 -0.9820
vn 0.5196 -0.2660 -0.8120
vn 0.9792 -0.0037 0.2030
vn 0.0041 0.4144 0.9101
vn 0.0239 -0.0432 0.9988
vn 0.0261 -0.0160 0.9995
vn 0.0261 -0.0159 0.9995
vn 0.0063 -0.0045 -1.0000
vn 0.0375 0.0063 0.9993
vn 0.0263 -0.0329 0.9991
vn 0.0435 -0.0272 0.9987
vn 0.0379 0.0038 0.9993
vn 0.0147 -0.0368 0.9992
vn -0.9040 -0.4276 -0.0000
vn 0.7691 0.6386 -0.0275
vn 0.7171 0.5976 -0.3587
vn 0.7692 0.6355 0.0668
vn 0.7144 0.3397 0.6117
vn 0.1065 0.0452 0.9933
vn 0.6762 0.7293 -0.1041
vn -0.0129 0.0101 -0.9999
vn -0.9945 0.0404 0.0965
vn -0.9827 0.0716 0.1710
vn 0.8725 -0.4856 0.0540
vn 0.0163 -0.0288 -0.9995
vn 0.0133 -0.0235 -0.9996
vn 0.0121 -0.4425 0.8967
vn -0.0000 -0.4472 0.8944
vn 0.0285 -0.6924 0.7209
vn 0.9115 -0.0709 -0.4051
vn -0.0082 -0.0013 1.0000
vn -0.0076 -0.0020 1.0000
vn -0.0059 -0.0050 1.0000
vn -0.0211 0.0179 0.9996
vn -0.0190 0.0168 0.9997
vn 0.0135 0.0023 0.9999
vn -0.0121 0.0063 0.9999
vn 0.9981 0.0619 0.0076
vn 0.0503 0.5755 0.8162
vn 0.0183 0.4590 0.8882
vn 0.0092 -0.9984 -0.0552
vn -0.8279 0.5271 0.1916
vn 0.2129 -0.0581 -0.9753
vn -0.3586 0.3033 -0.8828
vn -0.0222 -0.0111 0.9997
vn -0.0330 -0.0016 0.9995
vn -0.0329 -0.0094 0.9994
vn -0.0265 -0.0092 0.9996
vn -0.0266 -0.0093 0.9996
vn 0.9835 -0.0332 0.1779
vn 0.9443 -0.2934 0.1492
vn 0.1482 -0.4094 0.9003
vn 0.2422 -0.3968 -0.8854
vn 0.4774 -0.7044 -0.5252
vn 0.5587 -0.8218 -0.1115
vn 0.5587 -0.8219 -0.1114
vn -0.9976 -0.0000 -0.0688
vn -0.9996 0.0166 -0.0221
vn 0.0042 -0.9989 -0.0471
vn 0.0071 -0.9668 0.2554
vn -0.8958 0.4443 0.0081
vn -0.7358 0.3980 -0.5479
vn -0.8788 0.4769 -0.0151
vn -0.7073 0.3405 -0.6195
vn -0.8979 0.4400 -0.0140
vn -0.6913 0.3722 -0.6193
vn 0.7110 -0.6972 0.0919
vn 0.7201 -0.6835 -0.1193
vn 0.8022 -0.5673 0.1861
vn 0.0264 -0.0159 -0.9995
vn 0.0131 -0.0095 -0.9999
vn 0.0163 -0.0098 -0.9998
vn 0.0109 -0.0178 -0.9998
vn 0.0061 -0.0213 -0.9998
vn 0.0061 -0.0240 -0.9997
vn -0.9606 -0.0853 -0.2646
vn -0.9592 -0.0216 -0.2818
vn -0.9592 -0.0215 -0.2818
vn -0.9811 0.1901 -0.0346
vn -0.6299 -0.0078 0.7766
vn -0.1908 0.1717 0.9665
vn -0.3092 -0.0325 0.9505
vn -0.6110 -0.0206 0.7914
vn -0.9921 -0.1215 0.0322
vn -0.0761 -0.0313 -0.9966
vn -0.7614 -0.6381 0.1144
vn -0.8211 0.5300 0.2120
vn -0.1986 0.1647 -0.9661
vn 0.0082 -0.9741 -0.2260
vn 0.0128 -0.9747 -0.2233
vn 0.0215 -0.0030 -0.9998
vn 0.0158 0.0676 -0.9976
vn 0.0156 -0.0292 -0.9995
vn 0.0193 -0.0029 -0.9998
vn 0.0160 -0.0034 -0.9999
vn 0.0162 -0.0060 -0.9999
vn 0.0137 -0.0080 -0.9999
vn -0.0000 0.0798 -0.9968
vn 0.0071 0.9965 0.0837
vn -0.0877 -0.9960 -0.0156
vn -0.9980 0.0110 -0.0624
vn 0.0049 0.0061 1.0000
vn -0.0166 0.9999 -0.0000
vn 0.0158 0.9996 -0.0238
vn 0.0079 0.9999 -0.0120
vn 0.0078 0.9999 -0.0117
vn -0.0160 0.9996 -0.0237
vn 0.0981 0.0065 -0.9952
vn 0.0995 -0.0000 -0.9950
vn 0.0099 -0.0003 -1.0000
vn 0.3643 -0.2732 0.8903
vn 0.0421 0.0156 -0.9990
vn 0.6525 -0.0000 -0.7578
vn 0.6972 -0.7040 0.1357
vn 0.0375 0.0056 -0.9993
vn -0.0197 0.0067 -0.9998
vn -0.7488 0.6170 -0.2420
vn -0.7757 0.6309 0.0154
vn -0.9487 0.0011 0.3161
vn -0.8321 -0.0000 -0.5547
vn -1.0000 -0.0032 -0.0051
vn -0.3172 -0.0015 -0.9484
vn -0.9999 0.0001 -0.0105
vn 0.0117 0.0592 -0.9982
vn -0.0523 0.7436 -0.6665
vn 0.0092 0.7869 -0.6170
vn 0.9687 -0.0415 0.2446
vn 0.7658 -0.0414 0.6417
vn 0.6620 -0.0393 0.7485
vn -0.0006 0.0067 -1.0000
vn 0.0019 -0.0067 -1.0000
vn -0.0543 -0.5784 -0.8139
vn 0.0874 -0.1021 -0.9909
vn 0.0549 -0.0225 -0.9982
vn 0.9877 0.0846 -0.1311
vn -0.0739 0.9972 0.0134
vn -0.0000 -0.4470 0.8945
vn -0.0000 -0.4475 0.8943
vn -0.0073 -0.6960 0.7180
vn -0.0057 -0.7365 0.6764
vn -0.0081 -0.2425 0.9701
vn -0.0245 -0.8971 0.4412
vn 0.0691 -0.9975 0.0120
vn -0.0000 -0.9996 0.0283
vn -0.0000 -0.9996 0.0288
vn -0.0000 -0.9984 0.0566
vn -0.3367 0.5183 -0.7861
vn -0.0351 0.0204 -0.9992
vn -0.0068 0.0051 -1.0000
vn -0.0044 0.0079 -1.0000
vn 0.0748 -0.0000 0.9972
vn 0.1179 -0.0320 0.9925
vn 0.0357 -0.0000 0.9994
vn -0.0242 -0.0365 0.9990
vn 0.3746 -0.7309 -0.5704
vn 0.0026 -0.0097 0.9999
vn 0.0849 -0.0727 0.9937
vn -0.0143 -0.0333 0.9993
vn 0.0011 -0.9763 0.2164
vn 0.9862 0.1397 -0.0885
vn 0.9985 0.0553 -0.0050
vn -0.0048 -0.0038 1.0000
vn -0.0287 -0.0049 0.9996
vn 0.9958 0.0042 -0.0917
vn -0.0384 -0.0385 -0.9985
vn 0.0004 -0.0203 -0.9998
vn -0.1733 -0.0437 -0.9839
vn -0.3578 -0.0890 -0.9296
vn -0.1368 0.0125 -0.9905
vn -0.1291 -0.0441 -0.9907
vn -0.0204 -0.0089 0.9998
vn -0.0054 0.0034 1.0000
vn 0.0054 1.0000 -0.0043
vn 0.0142 0.1656 -0.9861
vn 0.0107 0.0247 -0.9996
vn 0.0007 0.0023 1.0000
vn -0.0107 0.0002 0.9999
vn 0.0096 -0.0002 1.0000
vn -0.9951 -0.0260 0.0949
vn -0.9973 -0.0232 -0.0694
vn 0.0096 0.0033 -0.9999
vn 0.0033 0.0022 -1.0000
vn 0.0044 0.0029 -1.0000
vn 0.0131 0.0030 -0.9999
vn 0.1239 0.0030 -0.9923
vn 0.0092 0.0030 -1.0000
vn -0.4472 -0.0000 -0.8944
vn 0.0060 1.0000 -0.0000
vn 0.9964 -0.0058 0.0841
vn 0.9906 0.0090 0.1364
vn -0.0000 -0.4470 -0.8945
vn -0.1432 -0.7514 -0.6441
vn 0.1724 -0.8904 -0.4212
vn 0.0602 -0.0536 -0.9967
vn -0.9707 0.2379 0.0340
vn -0.9928 -0.0030 -0.1196
vn 0.4527 0.8893 0.0647
vn -0.8272 0.5310 0.1838
vn 0.2937 0.0197 0.9557
vn 0.1255 -0.0234 0.9918
vn 0.2148 -0.0265 0.9763
vn 0.2653 -0.0283 0.9637
vn 0.0177 0.0374 -0.9991
vn 0.0032 0.0268 -0.9996
vn -0.9999 0.0001 -0.0103
vn 0.0275 -0.0040 0.9996
vn -0.6622 0.3069 -0.6836
vn -0.7305 0.3568 -0.5824
vn 0.0313 -0.6538 0.7560
vn -0.2504 -0.6382 0.7280
vn -0.1240 0.0143 -0.9922
vn -0.1990 -0.1097 -0.9738
vn -0.2921 -0.0852 -0.9526
vn -0.3200 0.5599 -0.7643
vn -0.0089 0.0075 0.9999
vn 0.0126 0.0148 0.9998
vn 0.5671 -0.0091 0.8236
vn 0.0050 0.0034 1.0000
vn -0.0123 0.0008 0.9999
vn -0.0504 0.9711 0.2331
vn -0.7910 0.0111 0.6117
vn -0.9919 0.0108 0.1264
vn -0.8683 -0.0015 -0.4961
vn -0.1269 0.0061 -0.9919
vn -0.6089 0.0070 -0.7932
vn -0.1225 -0.0030 -0.9925
vn -0.8788 0.4755 -0.0405
vn -0.7759 0.5317 -0.3395
vn -0.8228 0.5679 -0.0210
vn -0.6872 0.4413 -0.5771
vn -0.8571 0.4286 0.2857
vn -0.0199 -0.8877 0.4600
vn -0.0282 -0.9920 0.1227
vn -0.0050 -0.9525 0.3044
vn 0.0143 -0.9947 0.1017
vn -0.9896 0.1050 0.0987
vn -0.8800 -0.4689 -0.0753
vn -0.1719 -0.0841 -0.9815
vn -0.0169 0.9981 -0.0592
vn -0.0994 0.9950 -0.0000
vn -0.1240 0.9923 -0.0000
vn 0.0180 -0.0667 -0.9976
vn -0.0405 -0.2708 -0.9618
vn -0.0366 -0.9234 -0.3820
vn -0.0125 0.0076 0.9999
vn -0.0091 0.0034 1.0000
vn 0.1690 0.0691 -0.9832
vn -0.0039 0.9957 0.0923
vn -0.0067 -0.0218 -0.9997
vn -0.0126 -0.0144 -0.9998
vn -0.0070 -0.0110 0.9999
vn -0.0112 -0.0114 0.9999
vn -0.0032 -0.0106 0.9999
vn -0.0003 -0.0103 0.9999
vn -0.0046 -0.0124 0.9999
vn 0.0003 -0.0126 0.9999
vn -0.0126 -0.0039 -0.9999
vn 0.0042 -0.0064 -1.0000
vn 0.0057 0.0442 -0.9990
vn 0.0050 0.0253 -0.9997
vn 0.0596 0.1045 -0.9927
vn 0.0278 -0.0226 -0.9994
vn 0.9256 -0.3661 -0.0961
vn 0.1135 0.2486 0.9619
vn 0.1055 0.5271 -0.8432
vn 0.0085 0.0032 -1.0000
vn 0.0109 0.0041 -0.9999
vn 0.0075 0.0063 -1.0000
vn 0.0077 -0.0032 -1.0000
vn -0.3162 0.1427 0.9379
vn -0.9348 0.0014 0.3552
vn -0.7705 0.0015 0.6375
vn 0.7489 -0.4194 0.5130
vn 0.8753 -0.4732 0.0998
vn 0.8498 -0.4801 0.2178
vn 0.3325 -0.2270 0.9154
vn 0.3325 -0.2269 0.9154
vn 0.3180 0.4240 -0.8480
vn -0.0000 0.7071 -0.7071
vn 0.0341 0.5731 -0.8188
vn 0.0093 0.8146 -0.5800
vn -0.0388 -0.0111 -0.9992
vn -0.0797 -0.0676 0.9945
vn 0.2088 0.9100 0.3583
vn 0.7696 0.6326 0.0874
vn -0.1924 0.9623 -0.1923
vn -0.1237 0.9892 -0.0785
vn -0.0088 0.9772 0.2121
vn -0.0110 0.9643 0.2645
vn 0.0930 0.0396 0.9949
vn 0.6227 0.5243 0.5809
vn -0.0392 0.0075 -0.9992
vn -0.0574 0.0230 -0.9981
vn -0.0093 -0.0095 -0.9999
vn 0.9887 0.0266 -0.1476
vn 0.5622 -0.8262 0.0368
vn -0.0703 0.9281 0.3657
vn -0.0739 0.9358 0.3448
vn -0.3409 0.8899 0.3030
vn -0.0152 -0.0115 0.9998
vn -0.0287 -0.0169 0.9994
vn -0.0169 -0.0121 0.9998
vn -0.1251 0.9154 0.3826
vn -0.0345 0.7932 0.6080
vn -0.0359 0.5539 0.8318
vn -0.1102 0.8270 0.5513
vn -0.0146 -0.0144 0.9998
vn -0.8949 -0.0050 0.4462
vn -0.0679 0.9975 -0.0170
vn 0.2234 -0.9737 0.0451
vn -0.1956 0.0035 -0.9807
vn 0.2532 0.8789 -0.4043
vn -0.8060 0.5865 -0.0806
vn 0.0226 -0.0193 0.9996
vn -0.1896 -0.0208 0.9816
vn -0.1964 -0.0153 0.9804
vn -0.1553 -0.0176 0.9877
vn -0.2847 0.0695 -0.9561
vn -0.2456 -0.0049 0.9694
vn -0.8202 0.0019 0.5720
vn -0.1789 0.0988 0.9789
vn -0.0000 -0.1242 0.9923
vn 0.0008 -0.0160 -0.9999
vn 0.8943 -0.4474 -0.0000
vn 0.7743 0.2194 -0.5936
vn 0.1509 -0.9880 0.0342
vn 0.2597 -0.9652 0.0297
vn 0.0869 -0.9777 0.1912
vn 0.2633 -0.7124 0.6505
vn 0.8802 -0.4401 0.1776
vn -0.0274 -0.0249 -0.9993
vn 0.3392 -0.8686 0.3613
vn -1.0000 -0.0000 -0.0098
vn -0.0044 0.9999 -0.0154
vn 0.0703 -0.0023 0.9975
vn -0.1643 -0.0052 0.9864
vn 0.0093 0.9998 0.0148
vn 0.0101 0.9999 0.0067
vn -0.0069 0.0386 -0.9992
vn 0.0961 0.0672 -0.9931
vn -0.8057 0.5501 0.2198
vn -0.0254 -0.0205 -0.9995
vn 0.8319 0.0014 -0.5550
vn 0.9997 0.0089 0.0245
vn -0.0000 0.0011 -1.0000
vn -0.0045 0.0784 0.9969
vn -0.0056 0.1234 0.9923
vn -0.0205 0.4307 -0.9023
vn 0.0599 0.4153 -0.9077
vn 0.0332 -0.0830 0.9960
vn -0.0461 0.0149 -0.9988
vn -0.0177 -0.0188 0.9997
vn -0.0159 -0.0058 0.9999
vn -0.0029 -0.0022 1.0000
vn -0.0111 -0.0001 0.9999
vn -0.0106 -0.0001 0.9999
vn -0.0108 -0.0000 0.9999
vn -0.0112 0.0001 0.9999
vn -0.0109 -0.0000 0.9999
vn -0.0587 -0.0017 -0.9983
vn -0.0562 -0.0547 -0.9969
vn -0.9574 0.0054 -0.2886
vn -0.9701 0.0045 -0.2429
vn -0.8944 -0.4474 -0.0000
vn -0.1393 0.9898 0.0288
vn -0.0343 0.9941 -0.1028
vn 0.5633 0.8261 -0.0167
vn 0.1732 0.9819 0.0770
vn 0.1098 0.9879 0.1098
vn -0.0326 -0.0086 -0.9994
vn -0.9996 0.0091 -0.0279
vn -0.9996 0.0087 -0.0270
vn -0.9998 -0.0187 -0.0025
vn -0.9995 0.0091 -0.0288
vn 0.5992 0.0500 -0.7990
vn 0.6576 -0.7514 -0.0542
vn -0.0217 -0.0093 0.9997
vn 0.0747 -0.0718 0.9946
vn -0.0327 -0.0153 0.9993
vn -0.2820 0.9558 0.0836
vn 0.4285 0.8981 0.0989
vn 0.0085 -0.0198 -0.9998
vn 0.0203 -0.0059 0.9998
vn 0.0193 -0.0065 0.9998
vn 0.0194 -0.0062 0.9998
vn -0.0099 0.6000 -0.7999
vn -0.0166 0.9999 0.0033
vn 0.9889 -0.0178 -0.1474
vn -0.0002 0.0026 1.0000
vn 0.0153 0.0442 0.9989
vn -0.0107 0.0074 -0.9999
vn 0.8896 0.4550 0.0395
vn 0.2478 -0.0094 -0.9688
vn 0.2264 -0.0529 -0.9726
vn -0.0052 0.3185 -0.9479
vn 0.2744 -0.0014 0.9616
vn -0.9978 -0.0041 -0.0660
vn -0.0033 -0.0014 1.0000
vn -0.0143 -0.0125 -0.9998
vn 0.0419 -0.0149 -0.9990
vn 0.1553 0.9284 -0.3376
vn -0.7859 0.5812 -0.2113
vn -0.9982 0.0075 0.0587
vn -0.9689 -0.0476 0.2430
vn -0.0907 0.9900 -0.1081
vn -0.0094 -0.0165 -0.9998
vn -0.0006 -0.0153 -0.9999
vn 0.0488 0.0183 0.9986
vn 0.0050 -0.0830 0.9965
vn 0.0050 0.0103 0.9999
vn 0.0019 -0.3515 -0.9362
vn 0.1293 -0.3078 -0.9426
vn 0.9212 0.3792 0.0868
vn 0.0293 -0.5903 -0.8066
vn 0.0103 -0.5967 -0.8024
vn 0.0247 -0.7807 -0.6244
vn 0.0308 0.0087 -0.9995
vn 0.0354 -0.0036 -0.9994
vn 0.0104 0.0008 -0.9999
vn 0.0535 -0.0029 -0.9986
vn 0.0139 -0.0120 -0.9998
vn 0.0294 0.0124 -0.9995
vn 0.0053 0.0004 -1.0000
vn 0.9876 0.1564 0.0144
vn 0.9706 -0.0041 -0.2407
vn 1.0000 -0.0067 0.0006
vn 0.8578 -0.5109 0.0568
vn 0.1816 -0.7394 0.6483
vn -0.0255 -0.0012 0.9997
vn -0.0257 -0.0012 0.9997
vn -0.0236 -0.0013 0.9997
vn -0.0410 -0.0003 0.9992
vn -0.1123 -0.1635 0.9801
vn 0.3606 -0.7475 -0.5579
vn 0.5836 0.8118 0.0181
vn 0.3777 0.8624 -0.3370
vn -0.0057 0.9165 -0.3999
vn -0.0053 0.9202 -0.3914
vn -0.0004 -0.0103 0.9999
vn 0.0026 -0.0089 1.0000
vn 0.0103 -0.0065 0.9999
vn 0.0102 -0.0065 0.9999
vn -0.9079 0.4191 0.0074
vn -0.9985 -0.0425 0.0342
vn -0.0416 -0.0025 0.9991
vn 0.0366 -0.1006 0.9943
vn 0.0242 -0.0218 -0.9995
vn -0.3409 0.8524 -0.3965
vn 0.1240 -0.0000 0.9923
vn -0.0416 -0.0000 0.9991
vn -0.9702 0.0047 -0.2423
vn -0.0170 0.9826 -0.1852
vn -0.0086 0.9876 -0.1568
vn 0.5545 0.8322 -0.0065
vn -0.1259 -0.0331 0.9915
vn 0.9907 -0.0062 -0.1356
vn 0.0071 0.0083 0.9999
vn 0.0180 -0.0191 -0.9997
vn -0.0237 -0.6516 0.7582
vn 0.9749 -0.0421 -0.2185
vn 0.9958 -0.0376 -0.0836
vn -0.4423 -0.8847 0.1475
vn -0.0038 0.4363 -0.8998
vn -0.1173 -0.9929 0.0209
vn -0.0002 -0.0055 1.0000
vn 0.1941 -0.0057 0.9810
vn -0.0277 0.0012 0.9996
vn -0.0059 0.2773 -0.9608
vn 0.1755 -0.4489 0.8761
vn 0.0368 -0.0932 0.9950
vn 0.1712 -0.4383 0.8824
vn 0.0147 -0.0061 -0.9999
vn -1.0000 -0.0069 -0.0000
vn -1.0000 -0.0069 0.0006
vn -1.0000 -0.0033 -0.0054
vn 0.0041 0.0095 0.9999
vn -0.5305 0.0163 -0.8475
vn -1.0000 0.0031 0.0058
vn -0.0435 0.0358 0.9984
vn 0.0141 -0.0000 0.9999
vn -0.9940 -0.0013 0.1091
vn 0.2439 0.0017 0.9698
vn -0.7071 -0.7071 -0.0000
vn -0.0101 0.1674 0.9858
vn 0.3565 -0.8433 0.4022
vn -0.0000 -0.0034 -1.0000
vn 0.2449 -0.0042 0.9695
vn -0.1929 0.9812 0.0020
vn 0.0145 -0.0051 0.9999
vn 0.0194 -0.0056 0.9998
vn -0.0092 0.0083 -0.9999
vn 0.0069 0.0094 0.9999
vn 0.0474 -0.9987 -0.0190
vn 0.0374 -0.9992 -0.0150
vn -0.0219 -0.0133 -0.9997
vn -0.0284 -0.0050 -0.9996
vn -0.0144 0.8664 0.4991
vn -0.0161 0.8662 0.4995
vn 0.8912 -0.0848 -0.4456
vn 0.4468 -0.0425 -0.8936
vn -0.0600 -0.0138 0.9981
vn -0.9997 0.0238 0.0007
vn 0.2289 -0.9734 -0.0079
vn -0.0123 0.0001 -0.9999
vn -0.8938 0.4484 0.0104
vn -0.9701 0.2427 -0.0000
vn -0.0049 -0.0141 -0.9999
vn 0.0419 -0.9991 -0.0018
vn 0.3270 -0.8397 0.4335
vn -0.9981 -0.0608 0.0133
vn 0.0475 -0.9982 -0.0354
vn 0.0046 0.0023 -1.0000
vn -0.3542 -0.3898 -0.8501
vn -0.9996 -0.0000 -0.0296
vn -0.9885 0.1421 0.0517
vn -0.0000 -0.6001 0.8000
vn 0.0293 -0.0239 -0.9993
vn -0.9999 -0.0001 0.0105
vn -0.1467 0.1027 -0.9838
vn -0.0201 0.9373 -0.3480
vn -0.0301 0.0267 0.9992
vn -0.9999 0.0088 0.0138
vn -0.0204 0.0141 -0.9997
vn 0.0230 -0.0161 0.9996
vn 0.0268 -0.0081 0.9996
vn 0.2340 0.9699 -0.0669
vn -0.9996 -0.0246 0.0110
vn -0.9995 -0.0297 0.0112
vn -0.9998 -0.0187 0.0108
vn -0.3240 0.9328 0.1576
vn 0.0081 0.0060 -0.9999
vn 0.0056 0.0005 -1.0000
vn -0.9969 -0.0780 -0.0056
vn 0.0084 0.0065 -0.9999
vn -0.9701 0.2427 -0.0052
vn -0.0064 -0.0027 1.0000
vn 0.0108 0.8319 -0.5548
vn 0.0026 0.0046 -1.0000
vn 0.0001 0.0091 -1.0000
vn -0.0302 0.0114 -0.9995
vn 0.0005 0.0064 -1.0000
vn 0.0007 0.0005 -1.0000
vn 0.0007 -0.0036 -1.0000
vn 0.0005 -0.0076 -1.0000
vn 0.0092 -0.0076 -0.9999
vn 0.0015 -0.0016 -1.0000
vn 0.0060 -0.0000 1.0000
vn 0.0001 -0.0023 1.0000
vn 0.0031 -0.0022 1.0000
vn -0.0015 -0.0029 1.0000
vn 0.0187 -0.0085 0.9998
vn -0.0174 -0.0082 0.9998
vn -0.0189 0.0152 0.9997
vn 0.0044 0.0074 1.0000
vn -0.0158 0.0003 0.9999
vn 0.0078 0.0186 0.9998
vt 0.409797 0.945157
vt 0.409041 0.944302
vt 0.410117 0.944106
vt 0.409092 0.946666
vt 0.409296 0.945464
vt 0.411324 0.944861
vt 0.410464 0.945976
vt 0.740019 0.155262
vt 0.705189 0.201855
vt 0.682231 0.188042
vt 0.260402 0.622859
vt 0.297613 0.639419
vt 0.260402 0.732127
vt 0.754480 0.189938
vt 0.682231 0.120305
vt 0.390865 0.432531
vt 0.188111 0.432531
vt 0.376735 0.397719
vt 0.765857 0.090924
vt 0.167652 0.119673
vt 0.170631 0.228268
vt 0.167652 0.238090
vt 0.746982 0.976877
vt 0.746830 0.988240
vt 0.745063 0.976084
vt 0.747494 0.975969
vt 0.749984 0.990196
vt 0.964275 0.417741
vt 0.961927 0.418521
vt 0.964800 0.375798
vt 0.967401 0.374564
vt 0.150790 0.118597
vt 0.148490 0.118079
vt 0.150181 0.116241
vt 0.974899 0.374170
vt 0.970276 0.418642
vt 0.149391 0.124151
vt 0.115009 0.027888
vt 0.117795 0.033754
vt 0.114796 0.032371
vt 0.111994 0.028039
vt 0.103111 0.014540
vt 0.122901 0.024709
vt 0.076105 0.555494
vt 0.074473 0.557532
vt 0.072523 0.554203
vt 0.077629 0.556194
vt 0.077130 0.556808
vt 0.073904 0.552524
vt 0.076907 0.554614
vt 0.830040 0.569717
vt 0.817722 0.572863
vt 0.811933 0.572129
vt 0.245088 0.165406
vt 0.248773 0.146660
vt 0.251505 0.160227
vt 0.245493 0.143358
vt 0.241022 0.161048
vt 0.831332 0.566191
vt 0.828408 0.573587
vt 0.252301 0.173987
vt 0.977632 0.944628
vt 0.976235 0.948780
vt 0.966666 0.946162
vt 0.979678 0.944306
vt 0.494502 0.073153
vt 0.497172 0.074308
vt 0.496155 0.076952
vt 0.161245 0.966908
vt 0.161714 0.967455
vt 0.164432 0.978359
vt 0.154885 0.968771
vt 0.149748 0.959912
vt 0.161306 0.959400
vt 0.394833 0.763873
vt 0.392745 0.721214
vt 0.394833 0.720778
vt 0.416658 0.280433
vt 0.415030 0.305549
vt 0.415030 0.280308
vt 0.304451 0.459195
vt 0.305549 0.459093
vt 0.305549 0.484117
vt 0.168529 0.943638
vt 0.127431 0.945809
vt 0.168202 0.941779
vt 0.168647 0.946429
vt 0.203439 0.573734
vt 0.206051 0.589641
vt 0.204868 0.589582
vt 0.163120 0.468065
vt 0.165669 0.468076
vt 0.165250 0.472602
vt 0.200298 0.574823
vt 0.161778 0.471338
vt 0.161696 0.467847
vt 0.204768 0.573389
vt 0.910019 0.711357
vt 0.911273 0.712073
vt 0.906876 0.719150
vt 0.895463 0.072868
vt 0.889623 0.066830
vt 0.890945 0.065626
vt 0.914663 0.703835
vt 0.896620 0.071885
vt 0.900493 0.080314
vt 0.913689 0.703210
vt 0.073262 0.022753
vt 0.072103 0.022660
vt 0.072873 0.021788
vt 0.090526 0.097217
vt 0.089551 0.098660
vt 0.089551 0.096784
vt 0.091268 0.097947
vt 0.090468 0.099204
vt 0.073411 0.023809
vt 0.041257 0.226487
vt 0.044310 0.226691
vt 0.042513 0.267851
vt 0.036456 0.267693
vt 0.029404 0.225720
vt 0.484117 0.349753
vt 0.481679 0.349142
vt 0.483679 0.346729
vt 0.146822 0.021825
vt 0.145051 0.010080
vt 0.146822 0.009343
vt 0.483872 0.362210
vt 0.573401 0.961275
vt 0.573101 0.963457
vt 0.561518 0.968122
vt 0.560473 0.968066
vt 0.545669 0.958170
vt 0.964546 0.086545
vt 0.940422 0.091930
vt 0.940802 0.090511
vt 0.976170 0.105171
vt 0.964259 0.085415
vt 0.189296 0.102350
vt 0.185058 0.095029
vt 0.190323 0.096651
vt 0.192854 0.104444
vt 0.186798 0.106313
vt 0.182196 0.104904
vt 0.193047 0.097832
vt 0.542979 0.605566
vt 0.617710 0.580938
vt 0.618632 0.615429
vt 0.460308 0.813096
vt 0.422698 0.835300
vt 0.422698 0.747742
vt 0.500424 0.938472
vt 0.470179 0.912459
vt 0.502836 0.916653
vt 0.459954 0.933116
vt 0.551300 0.570241
vt 0.633637 0.885114
vt 0.664669 0.826079
vt 0.664669 0.902759
vt 0.009178 0.177323
vt 0.011877 0.177323
vt 0.009178 0.179123
vt 0.383894 0.935693
vt 0.428562 0.869468
vt 0.428562 0.936488
vt 0.542831 0.722207
vt 0.543757 0.677544
vt 0.545623 0.722207
vt 0.221199 0.742957
vt 0.155189 0.746821
vt 0.154216 0.745218
vt 0.153931 0.699874
vt 0.221249 0.744818
vt 0.701900 0.971567
vt 0.704710 0.971678
vt 0.704626 0.977532
vt 0.701647 0.965853
vt 0.487302 0.109125
vt 0.487302 0.051245
vt 0.490069 0.108525
vt 0.519380 0.973374
vt 0.473304 0.973124
vt 0.472841 0.971247
vt 0.981484 0.311501
vt 0.979807 0.311477
vt 0.982122 0.253705
vt 0.519382 0.971696
vt 0.034909 0.410367
vt 0.037698 0.468095
vt 0.034909 0.468244
vt 0.519830 0.976170
vt 0.418707 0.970423
vt 0.421403 0.969319
vt 0.424298 0.980501
vt 0.180177 0.305197
vt 0.177203 0.307579
vt 0.180362 0.297959
vt 0.181704 0.299234
vt 0.414946 0.974650
vt 0.180899 0.305708
vt 0.281975 0.136451
vt 0.285522 0.136471
vt 0.285396 0.137458
vt 0.131749 0.180044
vt 0.127899 0.179908
vt 0.131649 0.178663
vt 0.125745 0.180557
vt 0.136657 0.179980
vt 0.135193 0.180573
vt 0.278527 0.137566
vt 0.533611 0.361690
vt 0.532815 0.357586
vt 0.535425 0.361240
vt 0.534560 0.364575
vt 0.532999 0.362391
vt 0.529471 0.359435
vt 0.092601 0.115444
vt 0.093252 0.121029
vt 0.092088 0.121029
vt 0.801522 0.963664
vt 0.800741 0.958149
vt 0.801708 0.957907
vt 0.802175 0.963433
vt 0.795130 0.975626
vt 0.799115 0.957597
vt 0.798908 0.964188
vt 0.794962 0.975261
vt 0.961690 0.065537
vt 0.966776 0.057863
vt 0.974165 0.059143
vt 0.963892 0.072342
vt 0.202922 0.550659
vt 0.219803 0.545129
vt 0.203872 0.551568
vt 0.205610 0.542938
vt 0.219541 0.543493
vt 0.198292 0.556035
vt 0.744556 0.433632
vt 0.822302 0.435412
vt 0.822690 0.436832
vt 0.745403 0.435354
vt 0.705552 0.892214
vt 0.704611 0.958296
vt 0.703448 0.958280
vt 0.747463 0.431643
vt 0.707243 0.891307
vt 0.703448 0.889389
vt 0.098086 0.203277
vt 0.117459 0.210240
vt 0.085272 0.207661
vt 0.100851 0.201160
vt 0.105102 0.202783
vt 0.097224 0.200714
vt 0.093661 0.201440
vt 0.758842 0.990058
vt 0.763606 0.982224
vt 0.760387 0.988729
vt 0.978733 0.214742
vt 0.967830 0.220145
vt 0.965982 0.218003
vt 0.981788 0.217671
vt 0.762980 0.981307
vt 0.217446 0.922588
vt 0.217913 0.924562
vt 0.171951 0.924098
vt 0.477954 0.344323
vt 0.480018 0.346576
vt 0.477889 0.346347
vt 0.046979 0.210313
vt 0.047847 0.206090
vt 0.048039 0.206641
vt 0.153241 0.255055
vt 0.154759 0.281601
vt 0.153241 0.281740
vt 0.065475 0.018681
vt 0.065264 0.020804
vt 0.062899 0.019903
vt 0.048129 0.210266
vt 0.543927 0.942440
vt 0.543927 0.896761
vt 0.547607 0.939808
vt 0.281179 0.000436
vt 0.281740 0.020968
vt 0.280450 0.020001
vt 0.495108 0.217811
vt 0.489569 0.222218
vt 0.489569 0.198030
vt 0.490657 0.198743
vt 0.496021 0.217632
vt 0.315659 0.178372
vt 0.318845 0.172484
vt 0.316595 0.179010
vt 0.314965 0.179879
vt 0.314109 0.167575
vt 0.315205 0.167823
vt 0.316263 0.180265
vt 0.963667 0.556953
vt 0.963379 0.556922
vt 0.960823 0.545662
vt 0.351479 0.216664
vt 0.347317 0.228780
vt 0.350574 0.216275
vt 0.963446 0.547013
vt 0.965901 0.563480
vt 0.961141 0.545179
vt 0.354187 0.222397
vt 0.403795 0.856309
vt 0.405507 0.855421
vt 0.404912 0.857135
vt 0.401575 0.855263
vt 0.404205 0.854674
vt 0.403335 0.857578
vt 0.404311 0.857785
vt 0.157492 0.476919
vt 0.157154 0.475437
vt 0.159340 0.475803
vt 0.157747 0.477531
vt 0.154116 0.477206
vt 0.155583 0.475721
vt 0.308123 0.892659
vt 0.302608 0.901947
vt 0.305516 0.891826
vt 0.308062 0.886887
vt 0.311238 0.888830
vt 0.327374 0.920615
vt 0.057091 0.315470
vt 0.057091 0.285024
vt 0.059523 0.294736
vt 0.772706 0.957856
vt 0.778858 0.964080
vt 0.773650 0.981601
vt 0.952141 0.126336
vt 0.956476 0.134494
vt 0.957598 0.140929
vt 0.771527 0.950545
vt 0.765012 0.968648
vt 0.952832 0.119933
vt 0.761999 0.956960
vt 0.207595 0.964730
vt 0.216223 0.956674
vt 0.213319 0.968437
vt 0.196678 0.972227
vt 0.195547 0.967246
vt 0.206729 0.962599
vt 0.195298 0.966189
vt 0.807523 0.139321
vt 0.802075 0.138976
vt 0.807523 0.098332
vt 0.390978 0.786272
vt 0.416487 0.744617
vt 0.391680 0.787739
vt 0.331321 0.788739
vt 0.330281 0.786417
vt 0.391484 0.783248
vt 0.494547 0.539413
vt 0.496607 0.537894
vt 0.497016 0.539192
vt 0.143477 0.019090
vt 0.139877 0.025793
vt 0.140488 0.020563
vt 0.494055 0.536604
vt 0.144411 0.021022
vt 0.495330 0.541209
vt 0.142840 0.016034
vt 0.052721 0.180552
vt 0.053203 0.178405
vt 0.054757 0.179471
vt 0.710097 0.340968
vt 0.756069 0.337710
vt 0.758913 0.380944
vt 0.709978 0.338890
vt 0.051858 0.178363
vt 0.937488 0.364370
vt 0.980820 0.318507
vt 0.981536 0.365053
vt 0.937494 0.366877
vt 0.050553 0.179243
vt 0.492735 0.008588
vt 0.494425 0.009871
vt 0.488148 0.009825
vt 0.488255 0.008466
vt 0.986629 0.579754
vt 0.991282 0.582495
vt 0.985456 0.582487
vt 0.885715 0.976482
vt 0.896744 0.977247
vt 0.885515 0.979131
vt 0.872959 0.976949
vt 0.873588 0.974923
vt 0.886766 0.973110
vt 0.896074 0.975066
vt 0.149447 0.494037
vt 0.277956 0.446252
vt 0.272372 0.466919
vt 0.585305 0.311501
vt 0.486011 0.189751
vt 0.585305 0.155771
vt 0.214318 0.696414
vt 0.214318 0.562893
vt 0.258923 0.689294
vt 0.680541 0.678557
vt 0.639240 0.678557
vt 0.647511 0.538761
vt 0.550584 0.551576
vt 0.411683 0.481158
vt 0.545105 0.481882
vt 0.522806 0.656732
vt 0.452898 0.656732
vt 0.468767 0.511445
vt 0.678557 0.044182
vt 0.678557 0.186504
vt 0.617940 0.163148
vt 0.249011 0.900040
vt 0.250526 0.900585
vt 0.234049 0.912691
vt 0.238090 0.543838
vt 0.176828 0.588690
vt 0.174882 0.587896
vt 0.233562 0.912684
vt 0.244236 0.879402
vt 0.265569 0.892643
vt 0.065992 0.174000
vt 0.069918 0.173510
vt 0.070765 0.176200
vt 0.281187 0.186772
vt 0.282732 0.187319
vt 0.280251 0.398801
vt 0.070983 0.171958
vt 0.065394 0.177185
vt 0.066009 0.172167
vt 0.280251 0.186771
vt 0.255947 0.161897
vt 0.253614 0.162332
vt 0.255667 0.148735
vt 0.253226 0.174463
vt 0.255947 0.174599
vt 0.106633 0.052426
vt 0.074020 0.069954
vt 0.074329 0.067846
vt 0.001183 0.422740
vt 0.003968 0.422969
vt 0.001183 0.480149
vt 0.297764 0.204144
vt 0.297417 0.197624
vt 0.298902 0.197927
vt 0.476289 0.406737
vt 0.476289 0.349485
vt 0.478164 0.406498
vt 0.296245 0.198444
vt 0.300439 0.204361
vt 0.295953 0.204268
vt 0.444461 0.533719
vt 0.443313 0.531046
vt 0.458539 0.526887
vt 0.093924 0.364880
vt 0.096885 0.362574
vt 0.093811 0.370560
vt 0.184520 0.416975
vt 0.182078 0.422823
vt 0.179383 0.420191
vt 0.460308 0.530829
vt 0.093811 0.346082
vt 0.180848 0.415494
vt 0.404543 0.853616
vt 0.399326 0.851414
vt 0.400114 0.850070
vt 0.405476 0.854321
vt 0.405546 0.853106
vt 0.804652 0.519607
vt 0.805550 0.517326
vt 0.844182 0.554963
vt 0.797421 0.519385
vt 0.801449 0.516489
vt 0.842172 0.563480
vt 0.331203 0.705401
vt 0.329952 0.703767
vt 0.333513 0.700208
vt 0.334080 0.699915
vt 0.379994 0.956329
vt 0.380177 0.951302
vt 0.382928 0.952699
vt 0.328862 0.707119
vt 0.329539 0.710289
vt 0.316622 0.156855
vt 0.318465 0.162017
vt 0.316538 0.157370
vt 0.319406 0.155424
vt 0.319438 0.157768
vt 0.050422 0.257929
vt 0.050764 0.277481
vt 0.050534 0.277947
vt 0.265867 0.203885
vt 0.265657 0.204361
vt 0.264705 0.184365
vt 0.288868 0.162695
vt 0.288868 0.142683
vt 0.291661 0.161298
vt 0.970728 0.000780
vt 0.982382 0.004707
vt 0.972264 0.003960
vt 0.096581 0.392949
vt 0.095178 0.389092
vt 0.099851 0.394495
vt 0.853995 0.701414
vt 0.855141 0.628823
vt 0.855141 0.702366
vt 0.596049 0.871693
vt 0.593639 0.942411
vt 0.594175 0.872597
vt 0.597210 0.942440
vt 0.595515 0.942437
vt 0.597210 0.872628
vt 0.170759 0.826793
vt 0.172615 0.825850
vt 0.172615 0.900775
vt 0.878123 0.287692
vt 0.878123 0.222228
vt 0.878950 0.223479
vt 0.859720 0.933561
vt 0.857311 0.936724
vt 0.857555 0.933775
vt 0.860312 0.935925
vt 0.858393 0.928340
vt 0.868998 0.926593
vt 0.868298 0.931456
vt 0.309420 0.391349
vt 0.301101 0.391175
vt 0.308857 0.389894
vt 0.300428 0.393366
vt 0.310505 0.392158
vt 0.309368 0.392390
vt 0.705729 0.971875
vt 0.706694 0.977208
vt 0.713527 0.976749
vt 0.707573 0.977170
vt 0.720406 0.975719
vt 0.706093 0.968279
vt 0.289604 0.099770
vt 0.289927 0.102732
vt 0.288411 0.100156
vt 0.882918 0.446569
vt 0.880573 0.432345
vt 0.881504 0.431763
vt 0.291660 0.085503
vt 0.921551 0.071584
vt 0.927061 0.078193
vt 0.926058 0.078545
vt 0.172276 0.491435
vt 0.173456 0.501269
vt 0.172194 0.501784
vt 0.170290 0.500545
vt 0.924932 0.070490
vt 0.173570 0.490084
vt 0.920655 0.073555
vt 0.169963 0.490861
vt 0.360111 0.633678
vt 0.343645 0.646072
vt 0.302245 0.647015
vt 0.358201 0.566028
vt 0.220482 0.941763
vt 0.227039 0.932685
vt 0.908662 0.473703
vt 0.930719 0.462351
vt 0.907297 0.494268
vt 0.482133 0.953791
vt 0.462749 0.976000
vt 0.463474 0.937442
vt 0.321401 0.074456
vt 0.317900 0.057670
vt 0.321446 0.058200
vt 0.323584 0.060980
vt 0.323274 0.074668
vt 0.497378 0.087516
vt 0.498005 0.089284
vt 0.492158 0.089093
vt 0.317417 0.073809
vt 0.496225 0.083668
vt 0.373363 0.878911
vt 0.374992 0.878886
vt 0.374992 0.938472
vt 0.377714 0.936488
vt 0.377714 0.876908
vt 0.378960 0.877848
vt 0.326227 0.912679
vt 0.326227 0.854032
vt 0.327374 0.911728
vt 0.863077 0.086339
vt 0.861938 0.087300
vt 0.861938 0.001617
vt 0.562161 0.874982
vt 0.562161 0.790227
vt 0.563789 0.874927
vt 0.865061 0.085316
vt 0.863433 0.000606
vt 0.865061 0.000554
vt 0.376457 0.441815
vt 0.399430 0.428857
vt 0.388556 0.455789
vt 0.537687 0.159719
vt 0.478565 0.024076
vt 0.528247 0.008509
vt 0.292241 0.563480
vt 0.088295 0.390865
vt 0.088295 0.231276
vt 0.092260 0.390771
vt 0.152775 0.109125
vt 0.148821 0.108813
vt 0.152775 0.083623
vt 0.537687 0.000156
vt 0.884504 0.937080
vt 0.872285 0.938214
vt 0.872784 0.933882
vt 0.202490 0.607085
vt 0.203274 0.605694
vt 0.207718 0.604600
vt 0.192047 0.603927
vt 0.193374 0.601901
vt 0.211502 0.606619
vt 0.202455 0.609114
vt 0.208665 0.605208
vt 0.985596 0.569785
vt 0.985979 0.553797
vt 0.988074 0.570379
vt 0.512190 0.385539
vt 0.510245 0.385226
vt 0.511963 0.384762
vt 0.984229 0.569628
vt 0.984703 0.554133
vt 0.511564 0.386467
vt 0.513591 0.386659
vt 0.241122 0.505062
vt 0.235725 0.503388
vt 0.237763 0.488273
vt 0.243439 0.489703
vt 0.244042 0.490045
vt 0.061366 0.321422
vt 0.060343 0.304665
vt 0.061507 0.304665
vt 0.244042 0.517846
vt 0.786862 0.965557
vt 0.784546 0.983231
vt 0.783717 0.965389
vt 0.557865 0.142548
vt 0.557027 0.144163
vt 0.548419 0.140001
vt 0.558545 0.142462
vt 0.558867 0.144257
vt 0.563963 0.134207
vt 0.564133 0.134902
vt 0.996011 0.606498
vt 0.982510 0.596012
vt 0.991917 0.597398
vt 0.982240 0.601681
vt 0.871381 0.961060
vt 0.883692 0.962613
vt 0.870391 0.962617
vt 0.874378 0.957623
vt 0.884044 0.961632
vt 0.745535 0.987448
vt 0.402770 0.459850
vt 0.403596 0.461313
vt 0.400745 0.461050
vt 0.706710 0.575067
vt 0.706937 0.573147
vt 0.752541 0.573027
vt 0.408722 0.447954
vt 0.752457 0.580141
vt 0.706764 0.586391
vt 0.400006 0.460175
vt 0.709316 0.335554
vt 0.756608 0.331003
vt 0.755836 0.333853
vt 0.781729 0.896253
vt 0.779710 0.896806
vt 0.736187 0.845820
vt 0.755893 0.334893
vt 0.709879 0.337403
vt 0.781729 0.816476
vt 0.758913 0.273067
vt 0.055554 0.175869
vt 0.055362 0.178014
vt 0.053845 0.174393
vt 0.741378 0.045094
vt 0.741378 0.001402
vt 0.757837 0.010599
vt 0.763236 0.016081
vt 0.746325 0.047693
vt 0.050326 0.198154
vt 0.051586 0.203638
vt 0.049337 0.203633
vt 0.945511 0.674269
vt 0.986090 0.640263
vt 0.986090 0.690462
vt 0.048353 0.197710
vt 0.945177 0.672620
vt 0.802928 0.514882
vt 0.845216 0.552528
vt 0.807348 0.509597
vt 0.810716 0.512262
vt 0.040128 0.196839
vt 0.037880 0.200776
vt 0.036017 0.198400
vt 0.269642 0.148242
vt 0.267393 0.361103
vt 0.268215 0.147297
vt 0.042189 0.199554
vt 0.272812 0.166508
vt 0.078410 0.210615
vt 0.081347 0.210436
vt 0.081347 0.374992
vt 0.047160 0.230212
vt 0.550443 0.681249
vt 0.606273 0.682330
vt 0.550452 0.682566
vt 0.233739 0.488793
vt 0.233774 0.490109
vt 0.187450 0.490176
vt 0.605946 0.678223
vt 0.605973 0.681016
vt 0.550894 0.678446
vt 0.234122 0.485978
vt 0.975233 0.956753
vt 0.966572 0.963328
vt 0.959685 0.958091
vt 0.966280 0.950960
vt 0.977935 0.950598
vt 0.985608 0.951451
vt 0.978573 0.961366
vt 0.972202 0.538909
vt 0.967987 0.541069
vt 0.962895 0.524918
vt 0.183557 0.425419
vt 0.181594 0.422878
vt 0.097167 0.371024
vt 0.097665 0.366252
vt 0.025793 0.221890
vt 0.025793 0.238090
vt 0.025780 0.221658
vt 0.963746 0.525136
vt 0.183371 0.425455
vt 0.967716 0.056595
vt 0.963470 0.051487
vt 0.968010 0.054216
vt 0.974390 0.056022
vt 0.974430 0.058152
vt 0.962345 0.047860
vt 0.198567 0.559512
vt 0.204611 0.552996
vt 0.276860 0.961637
vt 0.286479 0.963115
vt 0.285364 0.964276
vt 0.276128 0.963091
vt 0.272282 0.963018
vt 0.276475 0.958529
vt 0.297163 0.763237
vt 0.331814 0.744984
vt 0.333019 0.748415
vt 0.982334 0.780933
vt 0.980627 0.780589
vt 0.980096 0.742354
vt 0.984096 0.781729
vt 0.297591 0.765136
vt 0.296780 0.761137
vt 0.854265 0.191668
vt 0.848114 0.148797
vt 0.851322 0.148087
vt 0.855167 0.190296
vt 0.871013 0.232138
vt 0.851760 0.192391
vt 0.258899 0.139275
vt 0.248382 0.141310
vt 0.253125 0.138272
vt 0.268173 0.141116
vt 0.258476 0.144269
vt 0.254593 0.136841
vt 0.260113 0.137882
vt 0.059523 0.019097
vt 0.058195 0.019482
vt 0.058129 0.018429
vt 0.902759 0.318155
vt 0.902506 0.358877
vt 0.901825 0.318615
vt 0.858740 0.042204
vt 0.788725 0.052370
vt 0.788533 0.050968
vt 0.853165 0.001863
vt 0.858949 0.043751
vt 0.059502 0.020127
vt 0.408722 0.472212
vt 0.402791 0.462655
vt 0.232138 0.111557
vt 0.229921 0.124997
vt 0.228609 0.120115
vt 0.232138 0.123006
vt 0.315110 0.984760
vt 0.312363 0.994026
vt 0.313891 0.982554
vt 0.185052 0.515862
vt 0.185660 0.503775
vt 0.188488 0.503908
vt 0.326026 0.980860
vt 0.138612 0.256188
vt 0.140809 0.236597
vt 0.141732 0.261250
vt 0.142658 0.273804
vt 0.046421 0.559196
vt 0.047369 0.557468
vt 0.057865 0.552762
vt 0.265867 0.149148
vt 0.264124 0.168647
vt 0.264124 0.146280
vt 0.144838 0.357135
vt 0.140278 0.339645
vt 0.144838 0.337564
vt 0.057297 0.555218
vt 0.089100 0.102002
vt 0.089665 0.102273
vt 0.088888 0.102753
vt 0.286585 0.131155
vt 0.285171 0.133694
vt 0.284391 0.131489
vt 0.285465 0.130145
vt 0.286579 0.130345
vt 0.086813 0.101721
vt 0.086341 0.099533
vt 0.287526 0.134918
vt 0.827363 0.706334
vt 0.803291 0.665831
vt 0.827363 0.653764
vt 0.670491 0.467519
vt 0.669751 0.469155
vt 0.657174 0.466955
vt 0.459954 0.863921
vt 0.503958 0.892033
vt 0.471700 0.889867
vt 0.694430 0.411845
vt 0.684489 0.466885
vt 0.680385 0.469443
vt 0.817443 0.814589
vt 0.807362 0.812842
vt 0.817443 0.721477
vt 0.912027 0.617558
vt 0.912143 0.622675
vt 0.911631 0.618785
vt 0.911432 0.615268
vt 0.912286 0.591891
vt 0.295440 0.001580
vt 0.302356 0.005169
vt 0.299479 0.008339
vt 0.915397 0.626038
vt 0.437554 0.516841
vt 0.444370 0.509604
vt 0.439661 0.519947
vt 0.438545 0.524166
vt 0.457277 0.412388
vt 0.445697 0.416654
vt 0.456017 0.411192
vt 0.460308 0.402276
vt 0.145510 0.375187
vt 0.140414 0.354946
vt 0.148187 0.376118
vt 0.143071 0.378971
vt 0.139079 0.380177
vt 0.134619 0.367078
vt 0.436500 0.853557
vt 0.442342 0.916647
vt 0.436500 0.881111
vt 0.442451 0.874960
vt 0.192013 0.114719
vt 0.177951 0.135723
vt 0.173384 0.131934
vt 0.187510 0.115497
vt 0.198194 0.113193
vt 0.191626 0.112837
vt 0.196195 0.111478
vt 0.202951 0.108102
vt 0.944684 0.883580
vt 0.943787 0.867315
vt 0.948393 0.882676
vt 0.945633 0.900775
vt 0.943787 0.884212
vt 0.948374 0.900161
vt 0.184520 0.392849
vt 0.180303 0.376527
vt 0.182834 0.375994
vt 0.733603 0.710461
vt 0.741239 0.706509
vt 0.740905 0.709402
vt 0.756928 0.756928
vt 0.064025 0.126929
vt 0.084735 0.120359
vt 0.066028 0.131173
vt 0.081810 0.103261
vt 0.726780 0.709427
vt 0.734134 0.707704
vt 0.725008 0.713268
vt 0.725963 0.710981
vt 0.653798 0.745621
vt 0.655429 0.693949
vt 0.730133 0.746206
vt 0.730143 0.748081
vt 0.652878 0.747614
vt 0.154344 0.749874
vt 0.221339 0.747995
vt 0.221739 0.795475
vt 0.153931 0.801570
vt 0.222218 0.746108
vt 0.155219 0.747862
vt 0.148207 0.116064
vt 0.146643 0.116298
vt 0.148355 0.112562
vt 0.146465 0.112242
vt 0.105530 0.981057
vt 0.097734 0.971657
vt 0.106804 0.978733
vt 0.115305 0.986090
vt 0.079190 0.549960
vt 0.077206 0.550705
vt 0.078278 0.546232
vt 0.078282 0.554211
vt 0.156743 0.006701
vt 0.156743 0.011905
vt 0.152513 0.011613
vt 0.080332 0.553545
vt 0.151824 0.007669
vt 0.082219 0.547533
vt 0.956329 0.710142
vt 0.954918 0.712001
vt 0.923337 0.683276
vt 0.332005 0.179419
vt 0.357135 0.213748
vt 0.357135 0.216265
vt 0.363552 0.652795
vt 0.401195 0.623285
vt 0.402407 0.624978
vt 0.362805 0.651610
vt 0.365054 0.654582
vt 0.821411 0.699448
vt 0.820021 0.744032
vt 0.820021 0.699274
vt 0.827282 0.117515
vt 0.824494 0.132934
vt 0.820769 0.126610
vt 0.820565 0.125076
vt 0.826846 0.116116
vt 0.829074 0.116231
vt 0.830161 0.132540
vt 0.957719 0.972323
vt 0.968377 0.966006
vt 0.967841 0.969616
vt 0.120781 0.042272
vt 0.122806 0.049924
vt 0.119303 0.043601
vt 0.124258 0.032545
vt 0.126560 0.040696
vt 0.249995 0.494037
vt 0.246473 0.494037
vt 0.248611 0.475419
vt 0.167673 0.477521
vt 0.162487 0.476375
vt 0.163761 0.475032
vt 0.496021 0.147152
vt 0.493593 0.164077
vt 0.494284 0.147149
vt 0.167093 0.478999
vt 0.496021 0.164679
vt 0.168647 0.474146
vt 0.884977 0.061172
vt 0.886551 0.060233
vt 0.893091 0.063876
vt 0.494885 0.843512
vt 0.486177 0.839920
vt 0.495218 0.842079
vt 0.495233 0.845837
vt 0.485973 0.841588
vt 0.883163 0.062781
vt 0.781395 0.982807
vt 0.779359 0.982904
vt 0.781420 0.964371
vt 0.400039 0.943590
vt 0.406299 0.942964
vt 0.400706 0.945593
vt 0.403756 0.939830
vt 0.399075 0.940273
vt 0.477539 0.363088
vt 0.477539 0.349380
vt 0.479923 0.362198
vt 0.892469 0.903295
vt 0.894822 0.902314
vt 0.894822 0.950377
vt 0.383586 0.874322
vt 0.359276 0.863768
vt 0.384913 0.851342
vt 0.218249 0.941083
vt 0.171951 0.980138
vt 0.172348 0.930909
vt 0.217926 0.927355
vt 0.358816 0.864907
vt 0.392058 0.797125
vt 0.329476 0.799242
vt 0.328416 0.797489
vt 0.390722 0.799397
vt 0.418642 0.793508
vt 0.330384 0.792475
vt 0.258501 0.188488
vt 0.258501 0.147111
vt 0.261899 0.147497
vt 0.418642 0.837284
vt 0.498964 0.539947
vt 0.498468 0.542589
vt 0.497920 0.539751
vt 0.499389 0.538227
vt 0.500818 0.540615
vt 0.498116 0.538706
vt 0.500371 0.542877
vt 0.957617 0.237577
vt 0.957115 0.235939
vt 0.959157 0.236718
vt 0.958105 0.239920
vt 0.957277 0.239881
vt 0.953490 0.239568
vt 0.065755 0.140206
vt 0.065138 0.138288
vt 0.065836 0.138292
vt 0.086245 0.141472
vt 0.065802 0.141614
vt 0.712886 0.710606
vt 0.714827 0.710336
vt 0.714422 0.711025
vt 0.713909 0.712136
vt 0.085856 0.139937
vt 0.715494 0.709292
vt 0.984106 0.118565
vt 0.983769 0.119758
vt 0.973291 0.115639
vt 0.970163 0.112888
vt 0.306460 0.161297
vt 0.308401 0.159266
vt 0.307207 0.162153
vt 0.709569 0.985857
vt 0.713104 0.987330
vt 0.116118 0.983557
vt 0.121406 0.985635
vt 0.162695 0.011849
vt 0.160664 0.021825
vt 0.160375 0.011343
vt 0.162103 0.009174
vt 0.960175 0.814846
vt 0.962763 0.814096
vt 0.964265 0.859109
vt 0.193616 0.628159
vt 0.194440 0.672605
vt 0.187618 0.672605
vt 0.128630 0.168355
vt 0.138886 0.124699
vt 0.138886 0.170631
vt 0.137380 0.233541
vt 0.140870 0.192401
vt 0.140870 0.234122
vt 0.136045 0.193323
vt 0.137273 0.192976
vt 0.134919 0.194178
vt 0.132582 0.225480
vt 0.138201 0.191810
vt 0.181900 0.650586
vt 0.185382 0.663553
vt 0.179654 0.651736
vt 0.258247 0.008695
vt 0.260075 0.009791
vt 0.256942 0.012556
vt 0.255015 0.011183
vt 0.256103 0.008207
vt 0.258622 0.007262
vt 0.173987 0.422728
vt 0.176483 0.422221
vt 0.176344 0.422887
vt 0.173004 0.423434
vt 0.171089 0.422827
vt 0.174158 0.423814
vt 0.173542 0.420629
vt 0.415627 0.673953
vt 0.420321 0.665772
vt 0.417671 0.673291
vt 0.285708 0.170390
vt 0.284199 0.170631
vt 0.285708 0.142289
vt 0.961399 0.854375
vt 0.964265 0.902759
vt 0.956906 0.902759
vt 0.412306 0.675295
vt 0.417877 0.668036
vt 0.149153 0.037698
vt 0.149154 0.009524
vt 0.153233 0.036923
vt 0.088442 0.065522
vt 0.093252 0.061671
vt 0.093252 0.079363
vt 0.280786 0.994039
vt 0.272484 0.985765
vt 0.283123 0.988820
vt 0.292666 0.186543
vt 0.288677 0.176553
vt 0.289621 0.176265
vt 0.293190 0.186710
vt 0.280054 0.994589
vt 0.283468 0.174245
vt 0.339591 0.389722
vt 0.340254 0.387418
vt 0.340661 0.389841
vt 0.340265 0.390843
vt 0.339228 0.390727
vt 0.339274 0.387767
vt 0.261932 0.255571
vt 0.255875 0.386897
vt 0.255875 0.251599
vt 0.263941 0.213408
vt 0.264875 0.256714
vt 0.623003 0.149798
vt 0.617664 0.000736
vt 0.620519 0.000817
vt 0.623003 0.001166
vt 0.619613 0.148679
vt 0.205976 0.391273
vt 0.211141 0.389804
vt 0.207027 0.392754
vt 0.203986 0.394408
vt 0.202703 0.391842
vt 0.216265 0.371918
vt 0.204665 0.389218
vt 0.640859 0.386897
vt 0.585073 0.386897
vt 0.640123 0.341276
vt 0.737861 0.047900
vt 0.738080 0.093525
vt 0.682409 0.049132
vt 0.680299 0.046351
vt 0.737939 0.046024
vt 0.939802 0.450708
vt 0.941676 0.450820
vt 0.940894 0.507436
vt 0.938104 0.506468
vt 0.113093 0.394708
vt 0.100630 0.394833
vt 0.101592 0.392653
vt 0.065451 0.972223
vt 0.069290 0.983692
vt 0.064325 0.974080
vt 0.066582 0.960567
vt 0.067149 0.971519
vt 0.069942 0.983247
vt 0.053386 0.972056
vt 0.962519 0.246110
vt 0.969473 0.239729
vt 0.982077 0.238985
vt 0.971496 0.251979
vt 0.961030 0.246127
vt 0.982122 0.244355
vt 0.973236 0.250365
vt 0.156743 0.290474
vt 0.156674 0.300379
vt 0.155615 0.299562
vt 0.716236 0.711526
vt 0.714303 0.712426
vt 0.713039 0.712815
vt 0.282908 0.128920
vt 0.278205 0.129821
vt 0.282507 0.127970
vt 0.285459 0.129929
vt 0.283840 0.130681
vt 0.316585 0.162059
vt 0.306490 0.886650
vt 0.299627 0.885878
vt 0.309090 0.880678
vt 0.298606 0.889211
vt 0.914544 0.642844
vt 0.099242 0.968579
vt 0.099063 0.969625
vt 0.088721 0.969853
vt 0.910831 0.621300
vt 0.106405 0.977638
vt 0.098953 0.957062
vt 0.109065 0.968885
vt 0.441187 0.406360
vt 0.456306 0.403735
vt 0.443557 0.411953
vt 0.185957 0.287166
vt 0.190472 0.290599
vt 0.182360 0.296744
vt 0.176408 0.294067
vt 0.442044 0.401487
vt 0.174600 0.289879
vt 0.185167 0.282620
vt 0.140936 0.382838
vt 0.140009 0.381523
vt 0.143727 0.380421
vt 0.142214 0.387527
vt 0.136276 0.386089
vt 0.144664 0.385665
vt 0.723199 0.315470
vt 0.708994 0.218243
vt 0.723081 0.201453
vt 0.210467 0.108216
vt 0.205616 0.102170
vt 0.265867 0.210703
vt 0.191016 0.132810
vt 0.210913 0.001434
vt 0.705485 0.220068
vt 0.177874 0.426660
vt 0.177369 0.423628
vt 0.179442 0.424893
vt 0.284813 0.103319
vt 0.283199 0.099532
vt 0.175283 0.425385
vt 0.178047 0.430546
vt 0.176529 0.428939
vt 0.182174 0.426582
vt 0.929869 0.077778
vt 0.930536 0.086051
vt 0.491089 0.163730
vt 0.487787 0.163459
vt 0.492715 0.146950
vt 0.290817 0.981927
vt 0.289196 0.983222
vt 0.280798 0.973093
vt 0.282636 0.971737
vt 0.292804 0.980568
vt 0.477999 0.842510
vt 0.477118 0.843928
vt 0.475121 0.844666
vt 0.478839 0.843050
vt 0.486910 0.838175
vt 0.297399 0.753492
vt 0.331044 0.735777
vt 0.128170 0.767849
vt 0.132714 0.779483
vt 0.135510 0.790719
vt 0.128516 0.785848
vt 0.129217 0.722441
vt 0.128782 0.767392
vt 0.127885 0.723848
vt 0.127769 0.767565
vt 0.958323 0.437466
vt 0.980423 0.436955
vt 0.977152 0.437561
vt 0.215095 0.976436
vt 0.215573 0.974965
vt 0.224202 0.982049
vt 0.198442 0.978860
vt 0.198397 0.978432
vt 0.222569 0.986090
vt 0.213278 0.979246
vt 0.900766 0.359108
vt 0.899017 0.318155
vt 0.900894 0.318617
vt 0.465024 0.723517
vt 0.465027 0.724215
vt 0.407214 0.724651
vt 0.901464 0.359106
vt 0.407037 0.723954
vt 0.899370 0.359119
vt 0.465020 0.722120
vt 0.371024 0.926568
vt 0.369108 0.921889
vt 0.371024 0.874896
vt 0.401652 0.463594
vt 0.156743 0.107496
vt 0.156743 0.159168
vt 0.154431 0.158311
vt 0.913945 0.930543
vt 0.954345 0.899636
vt 0.907320 0.937347
vt 0.051194 0.174774
vt 0.051231 0.176883
vt 0.049795 0.178062
vt 0.152774 0.208294
vt 0.151303 0.208329
vt 0.151303 0.144085
vt 0.912336 0.573401
vt 0.914014 0.507313
vt 0.914663 0.573401
vt 0.049795 0.174917
vt 0.053533 0.176342
vt 0.052044 0.177112
vt 0.872997 0.744032
vt 0.871881 0.679815
vt 0.872997 0.677925
vt 0.721967 0.708702
vt 0.717094 0.710270
vt 0.716816 0.709530
vt 0.730187 0.706044
vt 0.722859 0.707611
vt 0.720651 0.710459
vt 0.799943 0.515445
vt 0.797103 0.515504
vt 0.797462 0.513058
vt 0.801283 0.513315
vt 0.328919 0.701287
vt 0.328165 0.705422
vt 0.079170 0.555650
vt 0.078795 0.557024
vt 0.081547 0.555203
vt 0.081643 0.556760
vt 0.156037 0.473828
vt 0.155160 0.470813
vt 0.157972 0.471465
vt 0.588185 0.961262
vt 0.583220 0.962816
vt 0.585965 0.959343
vt 0.160227 0.474371
vt 0.587798 0.962708
vt 0.957781 0.953673
vt 0.965180 0.950191
vt 0.959110 0.957612
vt 0.830247 0.101184
vt 0.832623 0.103727
vt 0.826844 0.111499
vt 0.129029 0.236106
vt 0.129029 0.183169
vt 0.130950 0.235061
vt 0.470081 0.911856
vt 0.502681 0.916044
vt 0.921782 0.749574
vt 0.922299 0.748476
vt 0.962281 0.783714
vt 0.141383 0.170631
vt 0.141383 0.117656
vt 0.142854 0.117703
vt 0.469675 0.910834
vt 0.502535 0.915309
vt 0.072899 0.169668
vt 0.071846 0.170897
vt 0.069651 0.170123
vt 0.030465 0.562998
vt 0.032737 0.408516
vt 0.032737 0.563480
vt 0.071557 0.168222
vt 0.074498 0.171793
vt 0.028547 0.562525
vt 0.193937 0.601257
vt 0.200274 0.592326
vt 0.341019 0.388978
vt 0.346211 0.381937
vt 0.341735 0.389254
vt 0.340610 0.387104
vt 0.943795 0.789046
vt 0.984066 0.789417
vt 0.944312 0.790424
vt 0.984106 0.787553
vt 0.983637 0.788036
vt 0.943993 0.788108
vt 0.071738 0.023547
vt 0.071750 0.021231
vt 0.993770 0.588857
vt 0.992589 0.589000
vt 0.487142 0.011126
vt 0.984401 0.583724
vt 0.494831 0.010937
vt 0.547686 0.972759
vt 0.548807 0.973494
vt 0.523837 0.988868
vt 0.523764 0.985859
vt 0.527033 0.989266
vt 0.076959 0.972439
vt 0.081115 0.987444
vt 0.077503 0.987276
vt 0.072897 0.972599
vt 0.078279 0.956686
vt 0.079240 0.972199
vt 0.177569 0.421445
vt 0.177121 0.422377
vt 0.176199 0.419542
vt 0.788628 0.815459
vt 0.766677 0.716003
vt 0.797740 0.812187
vt 0.755145 0.779573
vt 0.740031 0.698273
vt 0.731855 0.701246
vt 0.727874 0.650161
vt 0.739528 0.701152
vt 0.748378 0.696843
vt 0.747785 0.699240
vt 0.270272 0.976540
vt 0.268726 0.965107
vt 0.272298 0.975424
vt 0.270619 0.985331
vt 0.268726 0.985797
vt 0.527653 0.364004
vt 0.531300 0.364499
vt 0.529637 0.366355
vt 0.971497 0.577369
vt 0.969104 0.555350
vt 0.973403 0.575218
vt 0.089284 0.170178
vt 0.087152 0.174599
vt 0.087152 0.148870
vt 0.967631 0.556863
vt 0.099582 0.088878
vt 0.101188 0.086678
vt 0.101188 0.093252
vt 0.319438 0.444868
vt 0.277234 0.437678
vt 0.149447 0.432262
vt 0.239576 0.139924
vt 0.238784 0.138278
vt 0.245225 0.139878
vt 0.350777 0.258837
vt 0.344968 0.259325
vt 0.343362 0.258153
vt 0.354704 0.258265
vt 0.355556 0.260221
vt 0.349997 0.260015
vt 0.745082 0.974575
vt 0.743806 0.974961
vt 0.746668 0.973378
vt 0.744131 0.973795
vt 0.749984 0.970441
vt 0.304936 0.281399
vt 0.312335 0.287643
vt 0.306154 0.283657
vt 0.760558 0.988912
vt 0.764876 0.979981
vt 0.765544 0.980439
vt 0.763197 0.981174
vt 0.655555 0.945380
vt 0.698398 0.945415
vt 0.698170 0.950995
vt 0.048434 0.204044
vt 0.655889 0.951207
vt 0.046979 0.197917
vt 0.983037 0.124737
vt 0.969475 0.119850
vt 0.970953 0.119140
vt 0.402877 0.428121
vt 0.403092 0.427718
vt 0.406467 0.428094
vt 0.983357 0.124326
vt 0.406593 0.428540
vt 0.402436 0.428941
vt 0.982494 0.125756
vt 0.860209 0.299979
vt 0.847786 0.260436
vt 0.874982 0.269121
vt 0.608426 0.728230
vt 0.638624 0.747380
vt 0.631467 0.753761
vt 0.035279 0.549466
vt 0.075395 0.603884
vt 0.026439 0.628784
vt 0.847786 0.313485
vt 0.624174 0.760897
vt 0.608426 0.648422
vt 0.387207 0.398770
vt 0.390865 0.417973
vt 0.387207 0.418669
vt 0.765933 0.703712
vt 0.767791 0.704360
vt 0.754238 0.723705
vt 0.765493 0.699091
vt 0.789051 0.701811
vt 0.754937 0.692093
vt 0.076694 0.583684
vt 0.078371 0.635103
vt 0.076694 0.635228
vt 0.106256 0.103221
vt 0.109125 0.103221
vt 0.107426 0.113093
vt 0.861776 0.095364
vt 0.863077 0.095980
vt 0.861776 0.146822
vt 0.896806 0.317493
vt 0.896806 0.369040
vt 0.893980 0.317983
vt 0.083332 0.017596
vt 0.082129 0.027777
vt 0.082129 0.016805
vt 0.128966 0.077379
vt 0.125394 0.068566
vt 0.127838 0.067630
vt 0.032622 0.833973
vt 0.035089 0.831958
vt 0.030379 0.842043
vt 0.032479 0.831662
vt 0.044307 0.819533
vt 0.011792 0.860534
vt 0.014296 0.861093
vt 0.412589 0.474481
vt 0.539916 0.470921
vt 0.164878 0.111934
vt 0.181964 0.108738
vt 0.167772 0.116807
vt 0.161799 0.104475
vt 0.410555 0.470237
vt 0.123212 0.059638
vt 0.119922 0.050870
vt 0.129795 0.049154
vt 0.168703 0.009452
vt 0.168085 0.008306
vt 0.170631 0.009469
vt 0.167098 0.009578
vt 0.169495 0.011807
vt 0.168155 0.011651
vt 0.338422 0.384515
vt 0.339314 0.384236
vt 0.337005 0.379877
vt 0.320357 0.332117
vt 0.323406 0.343247
vt 0.318555 0.332265
vt 0.319336 0.331385
vt 0.323406 0.319892
vt 0.790666 0.956560
vt 0.780361 0.964332
vt 0.563044 0.154059
vt 0.557727 0.145933
vt 0.563312 0.153087
vt 0.974092 0.607253
vt 0.979764 0.603160
vt 0.975152 0.613082
vt 0.514321 0.119310
vt 0.515819 0.118563
vt 0.516729 0.126052
vt 0.515724 0.126180
vt 0.508390 0.130979
vt 0.969403 0.600291
vt 0.975769 0.139082
vt 0.979575 0.145474
vt 0.978967 0.147500
vt 0.975525 0.138084
vt 0.976517 0.135636
vt 0.977308 0.137661
vt 0.097887 0.078122
vt 0.099204 0.082635
vt 0.097887 0.083332
vt 0.495770 0.542265
vt 0.498198 0.546873
vt 0.494013 0.546165
vt 0.291312 0.007327
vt 0.292435 0.007748
vt 0.288109 0.019193
vt 0.286799 0.018898
vt 0.195888 0.541632
vt 0.188364 0.551597
vt 0.188168 0.550846
vt 0.284478 0.001700
vt 0.196424 0.540465
vt 0.058169 0.555071
vt 0.056378 0.559837
vt 0.050330 0.563024
vt 0.147168 0.253237
vt 0.078237 0.698398
vt 0.917217 0.111294
vt 0.918631 0.174599
vt 0.917003 0.174599
vt 0.679894 0.539852
vt 0.679894 0.489001
vt 0.681363 0.540102
vt 0.680633 0.603162
vt 0.260524 0.003304
vt 0.257469 0.002977
vt 0.258369 0.001753
vt 0.025898 0.410995
vt 0.027777 0.565011
vt 0.025898 0.565464
vt 0.262969 0.394303
vt 0.265867 0.239839
vt 0.265867 0.394833
vt 0.258793 0.004337
vt 0.004960 0.587289
vt 0.002562 0.587245
vt 0.004960 0.433176
vt 0.261714 0.006333
vt 0.162085 0.959012
vt 0.164194 0.968340
vt 0.166663 0.977020
vt 0.165227 0.978435
vt 0.180366 0.279109
vt 0.170879 0.284336
vt 0.180709 0.272140
vt 0.181223 0.280402
vt 0.172714 0.287499
vt 0.439629 0.398289
vt 0.448923 0.395825
vt 0.439806 0.399514
vt 0.445683 0.392575
vt 0.466215 0.723055
vt 0.523648 0.722320
vt 0.466198 0.765857
vt 0.263793 0.969902
vt 0.221023 0.968255
vt 0.265867 0.913573
vt 0.265867 0.970218
vt 0.466466 0.720972
vt 0.966998 0.965179
vt 0.831753 0.132297
vt 0.829617 0.113448
vt 0.833316 0.131846
vt 0.979136 0.963092
vt 0.953001 0.534458
vt 0.952109 0.519656
vt 0.958279 0.529187
vt 0.961564 0.544137
vt 0.959779 0.543914
vt 0.951984 0.534857
vt 0.942445 0.533033
vt 0.797020 0.980860
vt 0.001424 0.656694
vt 0.005720 0.655000
vt 0.006259 0.655729
vt 0.401763 0.856849
vt 0.404587 0.858826
vt 0.403219 0.860326
vt 0.397268 0.857313
vt 0.398225 0.853520
vt 0.702366 0.797249
vt 0.702366 0.882918
vt 0.651308 0.797704
vt 0.641957 0.237595
vt 0.680541 0.265072
vt 0.642359 0.327374
vt 0.680541 0.185776
vt 0.198190 0.886886
vt 0.165818 0.803145
vt 0.216265 0.803145
vt 0.503882 0.148806
vt 0.486044 0.136418
vt 0.505942 0.092219
vt 0.181681 0.002226
vt 0.184217 0.003189
vt 0.488345 0.168159
vt 0.505942 0.148486
vt 0.320542 0.714434
vt 0.322698 0.711687
vt 0.323631 0.715680
vt 0.320338 0.718641
vt 0.317032 0.717876
vt 0.319894 0.712558
vt 0.314357 0.713775
vt 0.144424 0.486868
vt 0.141918 0.485184
vt 0.145202 0.485647
vt 0.143836 0.488210
vt 0.147533 0.490259
vt 0.148401 0.489145
vt 0.311644 0.391506
vt 0.309088 0.389205
vt 0.310506 0.389124
vt 0.312971 0.392552
vt 0.311555 0.167498
vt 0.311555 0.185525
vt 0.984202 0.024836
vt 0.988284 0.028977
vt 0.976512 0.027844
vt 0.974833 0.022545
vt 0.984547 0.021476
vt 0.992043 0.026568
vt 0.043372 0.209442
vt 0.042890 0.212297
vt 0.038366 0.210303
vt 0.366109 0.000943
vt 0.367056 0.000472
vt 0.367056 0.214281
vt 0.038578 0.208364
vt 0.043502 0.207326
vt 0.376976 0.000938
vt 0.376976 0.214281
vt 0.376013 0.214276
vt 0.274384 0.376976
vt 0.274384 0.163636
vt 0.275788 0.376037
vt 0.211879 0.391216
vt 0.208145 0.393414
vt 0.099204 0.092180
vt 0.097864 0.113093
vt 0.097864 0.091669
vt 0.146822 0.246027
vt 0.143444 0.226572
vt 0.145753 0.217660
vt 0.146822 0.225075
vt 0.089435 0.105830
vt 0.089292 0.104000
vt 0.091268 0.103351
vt 0.086810 0.105652
vt 0.091191 0.105955
vt 0.089925 0.109471
vt 0.086341 0.110190
vt 0.669436 0.470167
vt 0.657708 0.469248
vt 0.657781 0.468498
vt 0.679527 0.470793
vt 0.679215 0.473188
vt 0.668769 0.471817
vt 0.092228 0.124396
vt 0.095236 0.124718
vt 0.092228 0.130950
vt 0.754373 0.728159
vt 0.173979 0.429993
vt 0.388905 0.422610
vt 0.172962 0.506477
vt 0.174083 0.504637
vt 0.181029 0.511451
vt 0.179639 0.513878
vt 0.172550 0.504252
vt 0.389008 0.802111
vt 0.336320 0.803502
vt 0.326275 0.700348
vt 0.326961 0.704189
vt 0.326875 0.800323
vt 0.325235 0.702903
vt 0.538819 0.365839
vt 0.536504 0.365957
vt 0.538250 0.364471
vt 0.538340 0.368639
vt 0.543591 0.365078
vt 0.543639 0.367371
vt 0.359598 0.240124
vt 0.364386 0.227193
vt 0.365072 0.237951
vt 0.154466 0.974354
vt 0.164601 0.982122
vt 0.153179 0.975879
vt 0.357615 0.239514
vt 0.053469 0.269593
vt 0.055554 0.307085
vt 0.053469 0.307533
vt 0.429393 0.861385
vt 0.405732 0.858044
vt 0.406474 0.855528
vt 0.429246 0.859848
vt 0.208329 0.341018
vt 0.208329 0.378960
vt 0.205113 0.343641
vt 0.411528 0.798863
vt 0.413450 0.797802
vt 0.420626 0.835300
vt 0.430546 0.864065
vt 0.209192 0.573518
vt 0.210601 0.589237
vt 0.206832 0.590426
vt 0.157770 0.467091
vt 0.160779 0.471417
vt 0.211233 0.573469
vt 0.155696 0.467261
vt 0.052367 0.169846
vt 0.043653 0.176584
vt 0.000907 0.089516
vt 0.907831 0.721220
vt 0.063172 0.116689
vt 0.898703 0.721237
vt 0.914663 0.771809
vt 0.898090 0.723331
vt 0.589683 0.329097
vt 0.180497 0.166663
vt 0.179249 0.152889
vt 0.184520 0.152889
vt 0.150083 0.480488
vt 0.152775 0.484794
vt 0.146176 0.483832
vt 0.143958 0.482086
vt 0.146669 0.477678
vt 0.152775 0.467154
vt 0.192019 0.971803
vt 0.194477 0.967217
vt 0.510478 0.142394
vt 0.517158 0.142064
vt 0.944472 0.036644
vt 0.945315 0.037444
vt 0.916938 0.061650
vt 0.910116 0.062297
vt 0.944595 0.034692
vt 0.968233 0.007356
vt 0.276762 0.170055
vt 0.278764 0.382922
vt 0.278166 0.382924
vt 0.252220 0.009537
vt 0.252929 0.006092
vt 0.276762 0.382928
vt 0.367770 0.213342
vt 0.369040 0.000475
vt 0.369040 0.214281
vt 0.371024 0.213345
vt 0.369878 0.214281
vt 0.369878 0.000473
vt 0.406867 0.947422
vt 0.407998 0.949018
vt 0.404069 0.951823
vt 0.406689 0.946474
vt 0.401689 0.947306
vt 0.401769 0.948283
vt 0.084503 0.156841
vt 0.082475 0.174599
vt 0.064025 0.151652
vt 0.053570 0.936488
vt 0.024695 0.919109
vt 0.052992 0.924055
vt 0.066043 0.146605
vt 0.084848 0.145771
vt 0.891762 0.987441
vt 0.884651 0.993568
vt 0.889978 0.987139
vt 0.896160 0.980330
vt 0.900775 0.980202
vt 0.893113 0.988944
vt 0.897571 0.980366
vt 0.705878 0.965401
vt 0.722493 0.971839
vt 0.706596 0.966419
vt 0.704459 0.966684
vt 0.723650 0.966705
vt 0.725176 0.969013
vt 0.705025 0.962965
vt 0.929797 0.401802
vt 0.923788 0.394207
vt 0.937649 0.383526
vt 0.144838 0.031971
vt 0.134715 0.047052
vt 0.130767 0.021910
vt 0.958313 0.434515
vt 0.922032 0.410503
vt 0.139166 0.053270
vt 0.958313 0.385526
vt 0.073182 0.172454
vt 0.817255 0.573373
vt 0.811921 0.573424
vt 0.312005 0.048528
vt 0.319299 0.043150
vt 0.312071 0.060320
vt 0.074410 0.066790
vt 0.073500 0.064971
vt 0.103733 0.040227
vt 0.013041 0.041360
vt 0.700382 0.942440
vt 0.698752 0.885519
vt 0.700382 0.885416
vt 0.107141 0.049302
vt 0.861420 0.941107
vt 0.857622 0.942719
vt 0.858920 0.938913
vt 0.869377 0.937102
vt 0.871918 0.939899
vt 0.858060 0.955272
vt 0.861222 0.938288
vt 0.298598 0.386604
vt 0.306774 0.384158
vt 0.305280 0.384765
vt 0.299068 0.387891
vt 0.964337 0.134609
vt 0.964949 0.133022
vt 0.722592 0.983533
vt 0.714118 0.986428
vt 0.984106 0.831332
vt 0.354929 0.984578
vt 0.396817 0.941730
vt 0.396817 0.986090
vt 0.944722 0.694014
vt 0.988074 0.694014
vt 0.987802 0.695322
vt 0.889454 0.911005
vt 0.890854 0.910642
vt 0.890854 0.954345
vt 0.985325 0.738080
vt 0.407749 0.986277
vt 0.408063 0.975814
vt 0.410279 0.987226
vt 0.399583 0.997181
vt 0.402380 0.988432
vt 0.405967 0.976074
vt 0.300166 0.653021
vt 0.300813 0.650365
vt 0.343823 0.649095
vt 0.531536 0.374013
vt 0.528091 0.372310
vt 0.531916 0.368831
vt 0.534736 0.370127
vt 0.532606 0.374992
vt 0.324095 0.075395
vt 0.324503 0.061959
vt 0.327374 0.075261
vt 0.533335 0.369426
vt 0.130267 0.065195
vt 0.132151 0.065214
vt 0.131661 0.067094
vt 0.012028 0.492053
vt 0.012028 0.434303
vt 0.013889 0.491993
vt 0.472824 0.975914
vt 0.937669 0.567448
vt 0.937669 0.508799
vt 0.940456 0.509775
vt 0.129767 0.068017
vt 0.456340 0.964265
vt 0.409338 0.963519
vt 0.456340 0.905615
vt 0.415680 0.661179
vt 0.414604 0.667865
vt 0.410801 0.673111
vt 0.412222 0.662863
vt 0.417225 0.656652
vt 0.417029 0.661798
vt 0.916840 0.386897
vt 0.907577 0.318681
vt 0.918631 0.382028
vt 0.913447 0.386619
vt 0.121538 0.179423
vt 0.297463 0.131218
vt 0.301229 0.130617
vt 0.306031 0.130983
vt 0.403004 0.404198
vt 0.401406 0.194786
vt 0.403761 0.404190
vt 0.124074 0.178620
vt 0.303234 0.131848
vt 0.401406 0.404753
vt 0.181544 0.396817
vt 0.091627 0.245338
vt 0.120310 0.203562
vt 0.464422 0.394833
vt 0.459374 0.391826
vt 0.498005 0.241820
vt 0.350023 0.000171
vt 0.366064 0.156009
vt 0.366064 0.224202
vt 0.327679 0.164200
vt 0.038234 0.206296
vt 0.035483 0.207017
vt 0.034763 0.202911
vt 0.039962 0.205855
vt 0.039856 0.206743
vt 0.038153 0.203352
vt 0.209785 0.396421
vt 0.208512 0.394382
vt 0.212792 0.392384
vt 0.139203 0.479644
vt 0.138276 0.473188
vt 0.143088 0.475947
vt 0.141367 0.480458
vt 0.139945 0.482309
vt 0.137656 0.481585
vt 0.216265 0.396817
vt 0.478393 0.019841
vt 0.479866 0.012009
vt 0.483397 0.015991
vt 0.680296 0.044861
vt 0.738080 0.044707
vt 0.882399 0.367056
vt 0.882399 0.322130
vt 0.884902 0.366792
vt 0.680056 0.042355
vt 0.738016 0.042415
vt 0.118161 0.847204
vt 0.116718 0.802286
vt 0.119045 0.802286
vt 0.158727 0.670428
vt 0.157237 0.670457
vt 0.156370 0.625552
vt 0.318461 0.178460
vt 0.321422 0.171759
vt 0.326175 0.019476
vt 0.329716 0.020117
vt 0.330324 0.020619
vt 0.327762 0.022131
vt 0.316440 0.026386
vt 0.325971 0.018158
vt 0.315677 0.025112
vt 0.749604 0.704612
vt 0.741154 0.705319
vt 0.748959 0.703018
vt 0.891206 0.968348
vt 0.892756 0.967867
vt 0.874486 0.969185
vt 0.085316 0.988298
vt 0.082447 0.986541
vt 0.083130 0.971414
vt 0.081506 0.989923
vt 0.416972 0.771239
vt 0.410253 0.764279
vt 0.420626 0.752171
vt 0.420626 0.785698
vt 0.416511 0.771702
vt 0.065501 0.829287
vt 0.034484 0.858153
vt 0.045297 0.836701
vt 0.053931 0.791386
vt 0.250984 0.135532
vt 0.253212 0.134023
vt 0.245807 0.133345
vt 0.248430 0.135912
vt 0.370142 0.948617
vt 0.370129 0.949658
vt 0.329187 0.948190
vt 0.092257 0.017857
vt 0.091721 0.016031
vt 0.092716 0.015677
vt 0.328733 0.947224
vt 0.091185 0.017715
vt 0.090796 0.016333
vt 0.093252 0.017503
vt 0.370619 0.947663
vt 0.513878 0.387219
vt 0.512287 0.391544
vt 0.115077 0.952361
vt 0.067231 0.952361
vt 0.074259 0.888517
vt 0.894561 0.238090
vt 0.894561 0.162313
vt 0.931341 0.192412
vt 0.611098 0.867783
vt 0.431075 0.870958
vt 0.432530 0.929580
vt 0.431075 0.930536
vt 0.096996 0.048775
vt 0.099204 0.051183
vt 0.096996 0.051586
vt 0.355209 0.468168
vt 0.351828 0.454973
vt 0.353804 0.454099
vt 0.118442 0.012111
vt 0.120297 0.013994
vt 0.117913 0.015334
vt 0.357135 0.459320
vt 0.001025 0.078707
vt 0.001984 0.078769
vt 0.001025 0.081347
vt 0.351828 0.468244
vt 0.980138 0.059993
vt 0.976396 0.070231
vt 0.978957 0.060282
vt 0.160460 0.476205
vt 0.162013 0.478079
vt 0.159924 0.479463
vt 0.161799 0.475624
vt 0.160782 0.475143
vt 0.890124 0.059232
vt 0.894859 0.063132
vt 0.497124 0.841646
vt 0.982122 0.218767
vt 0.978552 0.225363
vt 0.969753 0.220714
vt 0.399075 0.968725
vt 0.403128 0.956103
vt 0.407327 0.972202
vt 0.764875 0.983837
vt 0.222641 0.952559
vt 0.222817 0.956440
vt 0.215168 0.952029
vt 0.978843 0.438301
vt 0.978467 0.437696
vt 0.981142 0.438310
vt 0.029791 0.653753
vt 0.040894 0.653304
vt 0.029148 0.654835
vt 0.020308 0.654804
vt 0.029293 0.651571
vt 0.040711 0.652519
vt 0.991343 0.010119
vt 0.988780 0.012917
vt 0.983161 0.008007
vt 0.991969 0.019509
vt 0.989987 0.006851
vt 0.457127 0.391024
vt 0.495465 0.241084
vt 0.120758 0.200778
vt 0.103732 0.192116
vt 0.120872 0.191684
vt 0.103269 0.199693
vt 0.449952 0.388072
vt 0.289118 0.525577
vt 0.291017 0.526015
vt 0.290475 0.533492
vt 0.286650 0.535795
vt 0.304250 0.974034
vt 0.295538 0.975821
vt 0.295120 0.967227
vt 0.305549 0.973497
vt 0.282877 0.517610
vt 0.318401 0.041974
vt 0.316959 0.040110
vt 0.321799 0.038829
vt 0.311008 0.047508
vt 0.322487 0.041669
vt 0.776667 0.983300
vt 0.216088 0.955654
vt 0.222378 0.957527
vt 0.803657 0.094009
vt 0.801403 0.192456
vt 0.757234 0.124483
vt 0.495286 0.535394
vt 0.144166 0.014686
vt 0.139877 0.013037
vt 0.497554 0.537413
vt 0.142206 0.011478
vt 0.494013 0.532296
vt 0.496522 0.535496
vt 0.327374 0.976774
vt 0.325413 0.977257
vt 0.326178 0.972729
vt 0.326128 0.978282
vt 0.279756 0.509394
vt 0.279029 0.513878
vt 0.274358 0.513628
vt 0.299352 0.327374
vt 0.299352 0.313066
vt 0.305549 0.318074
vt 0.274358 0.496144
vt 0.284478 0.028793
vt 0.285980 0.028143
vt 0.478393 0.001104
vt 0.485896 0.010016
vt 0.147042 0.271394
vt 0.918631 0.751968
vt 0.917590 0.751948
vt 0.918631 0.688812
vt 0.730141 0.749121
vt 0.730142 0.750751
vt 0.653811 0.750283
vt 0.652880 0.748654
vt 0.099868 0.189272
vt 0.100391 0.191851
vt 0.097712 0.190955
vt 0.101856 0.185991
vt 0.104395 0.189477
vt 0.096280 0.187641
vt 0.166663 0.949878
vt 0.164698 0.958762
vt 0.161600 0.950854
vt 0.887388 0.572280
vt 0.911599 0.592009
vt 0.910205 0.592730
vt 0.980150 0.437446
vt 0.981033 0.437883
vt 0.807871 0.574583
vt 0.790923 0.560127
vt 0.797256 0.560101
vt 0.811774 0.575170
vt 0.808116 0.576153
vt 0.809934 0.572547
vt 0.802551 0.578388
vt 0.833316 0.103894
vt 0.178363 0.422893
vt 0.400003 0.826169
vt 0.393282 0.849349
vt 0.380285 0.816550
vt 0.411543 0.831668
vt 0.725306 0.646556
vt 0.749325 0.635280
vt 0.778549 0.660697
vt 0.983834 0.638745
vt 0.944411 0.668637
vt 0.944411 0.617480
vt 0.984106 0.620569
vt 0.188560 0.592240
vt 0.973336 0.555459
vt 0.970133 0.542279
vt 0.977922 0.556537
vt 0.974680 0.574624
vt 0.971023 0.554620
vt 0.976572 0.573842
vt 0.346124 0.383240
vt 0.334745 0.695986
vt 0.769825 0.950377
vt 0.758267 0.944986
vt 0.769770 0.891611
vt 0.360111 0.650556
vt 0.740711 0.970007
vt 0.749397 0.960886
vt 0.738589 0.970692
vt 0.059061 0.907146
vt 0.063491 0.925443
vt 0.059061 0.928173
vt 0.148008 0.124393
vt 0.146465 0.124997
vt 0.146754 0.118491
vt 0.069443 0.955585
vt 0.069080 0.956621
vt 0.027249 0.925309
vt 0.954959 0.235491
vt 0.962003 0.227653
vt 0.959397 0.235023
vt 0.764997 0.022914
vt 0.747899 0.049602
vt 0.765857 0.016708
vt 0.089284 0.138593
vt 0.085594 0.136986
vt 0.023809 0.964265
vt 0.022113 0.929788
vt 0.023809 0.928413
vt 0.045634 0.261755
vt 0.045634 0.227244
vt 0.299854 0.394529
vt 0.309014 0.393260
vt 0.298870 0.395210
vt 0.308678 0.393224
vt 0.967701 0.122359
vt 0.678548 0.474490
vt 0.679695 0.476699
vt 0.668374 0.473214
vt 0.684880 0.476330
vt 0.094197 0.813475
vt 0.094197 0.770100
vt 0.095236 0.813305
vt 0.648796 0.851511
vt 0.612472 0.906727
vt 0.612472 0.827807
vt 0.983910 0.786518
vt 0.217382 0.806336
vt 0.251979 0.826311
vt 0.217275 0.886886
vt 0.867607 0.081347
vt 0.867607 0.000797
vt 0.900775 0.024181
vt 0.924036 0.101992
vt 0.922360 0.106679
vt 0.916520 0.105174
vt 0.918621 0.100409
vt 0.221577 0.539942
vt 0.222218 0.537299
vt 0.925250 0.097107
vt 0.926679 0.098097
vt 0.302784 0.593819
vt 0.295068 0.616458
vt 0.189730 0.628630
vt 0.220482 0.884002
vt 0.196164 0.109705
vt 0.187085 0.108710
vt 0.191218 0.106896
vt 0.200005 0.106620
vt 0.326108 0.963244
vt 0.308607 0.968215
vt 0.307437 0.966329
vt 0.412305 0.951368
vt 0.411171 0.952726
vt 0.409854 0.948380
vt 0.325178 0.961839
vt 0.410938 0.946768
vt 0.325736 0.964989
vt 0.414036 0.950687
vt 0.883542 0.517471
vt 0.889472 0.536023
vt 0.890904 0.564803
vt 0.850406 0.544740
vt 0.850236 0.547629
vt 0.812140 0.510561
vt 0.853157 0.515612
vt 0.898790 0.500371
vt 0.881472 0.519692
vt 0.256927 0.004173
vt 0.254869 0.003798
vt 0.256244 0.000896
vt 0.138073 0.011097
vt 0.125347 0.023729
vt 0.929496 0.387787
vt 0.945217 0.373466
vt 0.923104 0.381967
vt 0.929416 0.386339
vt 0.099204 0.030281
vt 0.099204 0.035714
vt 0.097330 0.035624
vt 0.075633 0.551211
vt 0.074954 0.547370
vt 0.291010 0.538282
vt 0.287269 0.538063
vt 0.291386 0.534848
vt 0.288218 0.541655
vt 0.252457 0.147196
vt 0.411002 0.467601
vt 0.540058 0.468013
vt 0.178568 0.000738
vt 0.047128 0.002976
vt 0.046047 0.000738
vt 0.607937 0.000998
vt 0.610848 0.001001
vt 0.611241 0.149582
vt 0.235279 0.394833
vt 0.235279 0.245001
vt 0.246027 0.389211
vt 0.541655 0.891736
vt 0.536801 0.944413
vt 0.525038 0.919337
vt 0.520662 0.878508
vt 0.541655 0.944424
vt 0.875372 0.673168
vt 0.924584 0.677095
vt 0.875372 0.749984
vt 0.865817 0.226001
vt 0.284062 0.402769
vt 0.284062 0.191826
vt 0.285708 0.402221
vt 0.065394 0.170316
vt 0.272812 0.192810
vt 0.272812 0.402769
vt 0.271413 0.402226
vt 0.065820 0.167574
vt 0.261354 0.399747
vt 0.261899 0.400785
vt 0.049870 0.400785
vt 0.289619 0.173714
vt 0.294782 0.162374
vt 0.290494 0.173130
vt 0.193301 0.579596
vt 0.192448 0.590503
vt 0.355825 0.015818
vt 0.359371 0.018377
vt 0.358742 0.022994
vt 0.040147 0.651500
vt 0.029809 0.650219
vt 0.040514 0.650922
vt 0.901425 0.079893
vt 0.898496 0.070770
vt 0.902673 0.079168
vt 0.952141 0.170631
vt 0.959159 0.144779
vt 0.962344 0.146381
vt 0.793634 0.955930
vt 0.560267 0.141910
vt 0.565464 0.134568
vt 0.462332 0.767142
vt 0.517846 0.776414
vt 0.462332 0.859109
vt 0.686952 0.117061
vt 0.648796 0.753254
vt 0.648796 0.845220
vt 0.599447 0.815420
vt 0.563607 0.785723
vt 0.077329 0.988445
vt 0.295629 0.008486
vt 0.292118 0.020304
vt 0.195773 0.538673
vt 0.187521 0.549214
vt 0.058921 0.551960
vt 0.059284 0.550469
vt 0.057641 0.551160
vt 0.013499 0.178916
vt 0.011908 0.180169
vt 0.011877 0.178897
vt 0.013889 0.177548
vt 0.095454 0.017857
vt 0.097147 0.015576
vt 0.097220 0.017268
vt 0.013347 0.181797
vt 0.011222 0.182536
vt 0.095454 0.016385
vt 0.103172 0.057210
vt 0.103172 0.089284
vt 0.098232 0.063526
vt 0.912679 0.166663
vt 0.871840 0.148648
vt 0.912679 0.095778
vt 0.747455 0.260278
vt 0.751163 0.258699
vt 0.730497 0.296835
vt 0.728523 0.295557
vt 0.728523 0.248240
vt 0.175408 0.906727
vt 0.175408 0.835842
vt 0.186504 0.876635
vt 0.121715 0.982695
vt 0.123013 0.985161
vt 0.119931 0.983530
vt 0.791650 0.701475
vt 0.789802 0.700672
vt 0.093320 0.021077
vt 0.095236 0.020921
vt 0.095236 0.031745
vt 0.325390 0.398801
vt 0.299464 0.374303
vt 0.325390 0.369114
vt 0.386897 0.728537
vt 0.386897 0.779745
vt 0.384977 0.728649
vt 0.944424 0.251979
vt 0.908171 0.223772
vt 0.944424 0.190464
vt 0.309780 0.132617
vt 0.310890 0.131043
vt 0.316586 0.133990
vt 0.306750 0.131897
vt 0.307980 0.405056
vt 0.308525 0.406737
vt 0.099106 0.406737
vt 0.800227 0.955515
vt 0.801134 0.956064
vt 0.271225 0.965528
vt 0.271876 0.965272
vt 0.976643 0.780360
vt 0.978044 0.741575
vt 0.333875 0.752673
vt 0.298538 0.769499
vt 0.674420 0.308126
vt 0.677361 0.271847
vt 0.676919 0.307230
vt 0.703381 0.330594
vt 0.702029 0.334763
vt 0.672989 0.308564
vt 0.067465 0.180241
vt 0.066553 0.178480
vt 0.071218 0.177604
vt 0.071181 0.178800
vt 0.253963 0.404753
vt 0.043465 0.404753
vt 0.044006 0.403276
vt 0.069192 0.182536
vt 0.402769 0.000810
vt 0.402769 0.212297
vt 0.401749 0.000815
vt 0.056813 0.398801
vt 0.057361 0.397155
vt 0.268844 0.398801
vt 0.826433 0.381919
vt 0.827363 0.438467
vt 0.826433 0.438483
vt 0.407556 0.725580
vt 0.465268 0.725254
vt 0.238089 0.620713
vt 0.238089 0.578794
vt 0.287490 0.564169
vt 0.457004 0.787682
vt 0.503033 0.876966
vt 0.503033 0.820389
vt 0.503958 0.876616
vt 0.294637 0.621019
vt 0.606578 0.175592
vt 0.558614 0.112337
vt 0.607130 0.133675
vt 0.505801 0.539998
vt 0.501146 0.538685
vt 0.505942 0.535963
vt 0.109691 0.381504
vt 0.108593 0.383368
vt 0.097413 0.378071
vt 0.505194 0.542046
vt 0.098524 0.376461
vt 0.110763 0.379697
vt 0.184208 0.552460
vt 0.183246 0.554027
vt 0.181697 0.553360
vt 0.183278 0.550311
vt 0.756928 0.700452
vt 0.649356 0.743719
vt 0.900373 0.975329
vt 0.897550 0.975437
vt 0.895598 0.966956
vt 0.961927 0.377019
vt 0.961843 0.571815
vt 0.964243 0.567979
vt 0.966249 0.613082
vt 0.267851 0.902920
vt 0.250317 0.903004
vt 0.234317 0.913173
vt 0.112120 0.543838
vt 0.172305 0.590266
vt 0.072198 0.172761
vt 0.072324 0.176230
vt 0.328905 0.950476
vt 0.371024 0.951077
vt 0.093252 0.014264
vt 0.510813 0.380011
vt 0.508063 0.380419
vt 0.980689 0.572584
vt 0.085316 0.067002
vt 0.085316 0.075395
vt 0.082152 0.070228
vt 0.509144 0.374245
vt 0.537720 0.356784
vt 0.538202 0.361823
vt 0.039955 0.202883
vt 0.039415 0.201746
vt 0.043650 0.201229
vt 0.043451 0.202958
vt 0.201688 0.537742
vt 0.916246 0.107381
vt 0.199125 0.535411
vt 0.222215 0.535411
vt 0.922563 0.108098
vt 0.161163 0.473991
vt 0.161235 0.471624
vt 0.162156 0.474148
vt 0.899536 0.070157
vt 0.897440 0.061796
vt 0.903371 0.078723
vt 0.901617 0.069844
vt 0.763230 0.980133
vt 0.764711 0.977853
vt 0.760527 0.967711
vt 0.763029 0.966846
vt 0.519101 0.141600
vt 0.521365 0.141738
vt 0.520940 0.142472
vt 0.519135 0.135740
vt 0.521814 0.137888
vt 0.518473 0.142854
vt 0.517516 0.142809
vt 0.555458 0.833152
vt 0.551798 0.876966
vt 0.506161 0.872487
vt 0.506161 0.807526
vt 0.559512 0.832700
vt 0.555782 0.873600
vt 0.556951 0.787489
vt 0.969350 0.237342
vt 0.968669 0.234455
vt 0.874222 0.921098
vt 0.871314 0.925548
vt 0.892838 0.899632
vt 0.248073 0.363088
vt 0.248073 0.224145
vt 0.252971 0.226244
vt 0.634552 0.497096
vt 0.638886 0.493108
vt 0.640859 0.635899
vt 0.524328 0.676573
vt 0.524328 0.539644
vt 0.549592 0.671608
vt 0.609114 0.871944
vt 0.609114 0.916647
vt 0.606332 0.916349
vt 0.523798 0.921805
vt 0.521727 0.966249
vt 0.521727 0.921495
vt 0.689319 0.478646
vt 0.694430 0.535703
vt 0.683431 0.674359
vt 0.682199 0.671316
vt 0.687516 0.667127
vt 0.690123 0.475659
vt 0.722193 0.676343
vt 0.716407 0.692598
vt 0.708137 0.724191
vt 0.978703 0.254254
vt 0.980802 0.253976
vt 0.606596 0.684422
vt 0.550235 0.684430
vt 0.929363 0.310343
vt 0.929014 0.253705
vt 0.977945 0.311452
vt 0.607130 0.734111
vt 0.176874 0.503983
vt 0.422349 0.997995
vt 0.412064 0.986431
vt 0.174366 0.503064
vt 0.182334 0.511500
vt 0.420984 0.989727
vt 0.182536 0.490084
vt 0.293719 0.533884
vt 0.295629 0.523181
vt 0.294044 0.532812
vt 0.294605 0.965015
vt 0.304581 0.968197
vt 0.327374 0.056376
vt 0.324642 0.049467
vt 0.441049 0.526169
vt 0.458037 0.522197
vt 0.442495 0.528514
vt 0.173119 0.414703
vt 0.460308 0.511237
vt 0.177512 0.414831
vt 0.170781 0.416043
vt 0.449022 0.511793
vt 0.426542 0.654932
vt 0.421334 0.660385
vt 0.919648 0.581337
vt 0.919648 0.516621
vt 0.922599 0.517396
vt 0.426177 0.658632
vt 0.422070 0.652546
vt 0.501974 0.662022
vt 0.387975 0.588157
vt 0.346155 0.825258
vt 0.344809 0.826112
vt 0.824957 0.388502
vt 0.366509 0.803738
vt 0.098732 0.198848
vt 0.248425 0.382743
vt 0.254955 0.219331
vt 0.252571 0.384912
vt 0.342255 0.252971
vt 0.320118 0.131132
vt 0.402633 0.222217
vt 0.477733 0.022492
vt 0.486101 0.222217
vt 0.378960 0.000883
vt 0.378960 0.213289
vt 0.377783 0.212817
vt 0.063496 0.021484
vt 0.063979 0.023809
vt 0.062549 0.022316
vt 0.065475 0.022891
vt 0.481354 0.345464
vt 0.481334 0.346798
vt 0.484280 0.543545
vt 0.488691 0.542223
vt 0.485599 0.544358
vt 0.482922 0.544431
vt 0.482511 0.542665
vt 0.981782 0.009348
vt 0.974731 0.014453
vt 0.971868 0.004414
vt 0.982424 0.008613
vt 0.161604 0.422353
vt 0.159151 0.421489
vt 0.162118 0.421209
vt 0.158514 0.423483
vt 0.170631 0.413710
vt 0.170631 0.430546
vt 0.354610 0.246027
vt 0.350487 0.238357
vt 0.356520 0.238499
vt 0.210149 0.603799
vt 0.212297 0.604201
vt 0.340354 0.379506
vt 0.988074 0.553490
vt 0.339764 0.384353
vt 0.342707 0.380227
vt 0.825766 0.992026
vt 0.825766 0.949208
vt 0.826726 0.949673
vt 0.826697 0.992027
vt 0.550825 0.941797
vt 0.544167 0.884888
vt 0.142413 0.481053
vt 0.141507 0.482887
vt 0.144846 0.476747
vt 0.359242 0.658064
vt 0.361103 0.710070
vt 0.359242 0.710302
vt 0.781799 0.661113
vt 0.783477 0.659550
vt 0.811491 0.696414
vt 0.811491 0.595658
vt 0.770488 0.695556
vt 0.257764 0.005025
vt 0.260084 0.007170
vt 0.255697 0.005521
vt 0.996011 0.587323
vt 0.995604 0.595168
vt 0.191236 0.589839
vt 0.689024 0.665187
vt 0.685609 0.665929
vt 0.688326 0.664079
vt 0.723199 0.670767
vt 0.689956 0.663675
vt 0.128643 0.036428
vt 0.253565 0.149187
vt 0.496728 0.077275
vt 0.496444 0.078283
vt 0.311541 0.071112
vt 0.308754 0.071704
vt 0.310968 0.060230
vt 0.312498 0.071549
vt 0.498005 0.074738
vt 0.100140 0.360278
vt 0.101188 0.361075
vt 0.005319 0.654061
vt 0.012176 0.652683
vt 0.012113 0.654642
vt 0.397107 0.858780
vt 0.747172 0.437318
vt 0.821579 0.440378
vt 0.825379 0.488085
vt 0.709147 0.889472
vt 0.708127 0.957417
vt 0.821673 0.438460
vt 0.759905 0.888375
vt 0.746635 0.488085
vt 0.092611 0.139943
vt 0.115929 0.178679
vt 0.098131 0.181932
vt 0.181544 0.000114
vt 0.090143 0.184902
vt 0.638370 0.241692
vt 0.216541 0.973798
vt 0.222938 0.978409
vt 0.992042 0.454355
vt 0.981609 0.437708
vt 0.198438 0.976743
vt 0.224202 0.958218
vt 0.310017 0.159966
vt 0.313649 0.160974
vt 0.311766 0.163059
vt 0.309247 0.157234
vt 0.313087 0.155872
vt 0.317388 0.182152
vt 0.318985 0.188488
vt 0.315618 0.181589
vt 0.320740 0.188295
vt 0.551991 0.569062
vt 0.618305 0.580280
vt 0.915921 0.702787
vt 0.916647 0.703624
vt 0.915921 0.767841
vt 0.552739 0.567140
vt 0.618368 0.576513
vt 0.855341 0.939585
vt 0.851109 0.934893
vt 0.283498 0.121686
vt 0.287692 0.105485
vt 0.285457 0.122526
vt 0.285037 0.127242
vt 0.729607 0.976143
vt 0.731892 0.975465
vt 0.731563 0.994027
vt 0.281864 0.123324
vt 0.729334 0.993847
vt 0.683573 0.657004
vt 0.686390 0.659699
vt 0.680459 0.661660
vt 0.713077 0.633730
vt 0.718028 0.641847
vt 0.690580 0.658950
vt 0.690523 0.469639
vt 0.687945 0.469345
vt 0.679944 0.647694
vt 0.304910 0.006956
vt 0.295440 0.023809
vt 0.307533 0.004238
vt 0.123013 0.941544
vt 0.112974 0.962241
vt 0.112066 0.962180
vt 0.421672 0.269014
vt 0.417260 0.265039
vt 0.422447 0.268908
vt 0.421751 0.293645
vt 0.001996 0.839474
vt 0.009920 0.840304
vt 0.003045 0.867045
vt 0.009920 0.786044
vt 0.928819 0.382716
vt 0.535759 0.367853
vt 0.533476 0.366443
vt 0.537265 0.371320
vt 0.535071 0.365587
vt 0.177717 0.419586
vt 0.179145 0.414110
vt 0.006048 0.658368
vt 0.013435 0.658997
vt 0.005272 0.659528
vt 0.000300 0.659429
vt 0.005791 0.657179
vt 0.013314 0.656671
vt 0.605901 0.873139
vt 0.607130 0.877342
vt 0.599381 0.920615
vt 0.139039 0.390594
vt 0.140977 0.390741
vt 0.599381 0.873798
vt 0.136320 0.394833
vt 0.322170 0.709946
vt 0.140965 0.486274
vt 0.140859 0.484097
vt 0.142567 0.483974
vt 0.051465 0.277943
vt 0.050422 0.299597
vt 0.264705 0.203940
vt 0.051586 0.257923
vt 0.098951 0.086904
vt 0.012302 0.044671
vt 0.075395 0.177177
vt 0.074815 0.179449
vt 0.073669 0.178074
vt 0.000507 0.587210
vt 0.428562 0.000676
vt 0.426771 0.154759
vt 0.426481 0.000676
vt 0.075065 0.175038
vt 0.977713 0.135940
vt 0.981027 0.134065
vt 0.979976 0.145156
vt 0.976610 0.134277
vt 0.980737 0.129456
vt 0.682005 0.667086
vt 0.685763 0.663611
vt 0.707112 0.884704
vt 0.738383 0.856126
vt 0.739153 0.856999
vt 0.072357 0.027617
vt 0.073411 0.026083
vt 0.073411 0.027777
vt 0.706130 0.884289
vt 0.707814 0.886886
vt 0.146822 0.029706
vt 0.144529 0.029761
vt 0.146025 0.028022
vt 0.695166 0.453363
vt 0.697089 0.402193
vt 0.738080 0.407475
vt 0.695166 0.402228
vt 0.916998 0.598285
vt 0.957607 0.590739
vt 0.916897 0.608302
vt 0.958313 0.550952
vt 0.169299 0.119711
vt 0.184073 0.111030
vt 0.173346 0.128249
vt 0.412280 0.460497
vt 0.343753 0.225161
vt 0.346779 0.229328
vt 0.346128 0.237094
vt 0.068610 0.025793
vt 0.068610 0.016461
vt 0.071427 0.017564
vt 0.121666 0.019094
vt 0.118925 0.019841
vt 0.166015 0.007512
vt 0.167357 0.006357
vt 0.169374 0.007691
vt 0.906727 0.010327
vt 0.955922 0.905027
vt 0.976170 0.933595
vt 0.955922 0.952361
vt 0.503958 0.804930
vt 0.958536 0.137000
vt 0.957566 0.136324
vt 0.953890 0.121280
vt 0.955095 0.121984
vt 0.960024 0.143950
vt 0.479865 0.349179
vt 0.805103 0.562406
vt 0.793574 0.516238
vt 0.158207 0.559520
vt 0.157187 0.557986
vt 0.156937 0.552885
vt 0.162183 0.553385
vt 0.163571 0.566027
vt 0.151484 0.567448
vt 0.158715 0.552817
vt 0.170812 0.551512
vt 0.180597 0.551350
vt 0.993469 0.596900
vt 0.872744 0.979402
vt 0.884889 0.981634
vt 0.872677 0.982283
vt 0.089164 0.126981
vt 0.091256 0.110368
vt 0.194440 0.521814
vt 0.191678 0.521193
vt 0.194440 0.503683
vt 0.107141 0.055725
vt 0.106486 0.073411
vt 0.104813 0.055725
vt 0.720746 0.661095
vt 0.720614 0.665944
vt 0.690530 0.660944
vt 0.720613 0.656356
vt 0.131851 0.048810
vt 0.128265 0.040914
vt 0.131364 0.170793
vt 0.130572 0.176138
vt 0.127310 0.173671
vt 0.132404 0.176584
vt 0.134918 0.172137
vt 0.328733 0.994027
vt 0.524790 0.765857
vt 0.523868 0.720028
vt 0.977686 0.966563
vt 0.986090 0.970366
vt 0.978788 0.973208
vt 0.003968 0.057689
vt 0.003968 0.069443
vt 0.002498 0.069085
vt 0.984824 0.966280
vt 0.012639 0.040332
vt 0.000445 0.001948
vt 0.073618 0.029726
vt 0.732856 0.752042
vt 0.771995 0.820819
vt 0.732856 0.843236
vt 0.821914 0.380944
vt 0.821914 0.289751
vt 0.861093 0.358492
vt 0.877905 0.524062
vt 0.878950 0.523604
vt 0.878950 0.603162
vt 0.773793 0.819771
vt 0.333326 0.373867
vt 0.330843 0.396000
vt 0.328374 0.395276
vt 0.833180 0.946503
vt 0.333326 0.396817
vt 0.739028 0.975087
vt 0.274737 0.125810
vt 0.296862 0.886608
vt 0.296524 0.882888
vt 0.967391 0.855141
vt 0.965970 0.849148
vt 0.972202 0.847684
vt 0.120980 0.981452
vt 0.119970 0.982530
vt 0.790493 0.704097
vt 0.767843 0.705673
vt 0.791079 0.703311
vt 0.768010 0.706162
vt 0.425313 0.981364
vt 0.422829 0.966174
vt 0.428562 0.978949
vt 0.182513 0.302476
vt 0.143129 0.180889
vt 0.140531 0.181778
vt 0.290547 0.136450
vt 0.295705 0.197064
vt 0.296102 0.194355
vt 0.297184 0.195177
vt 0.294231 0.198643
vt 0.293636 0.196949
vt 0.125651 0.065774
vt 0.127077 0.065300
vt 0.060244 0.142152
vt 0.063491 0.183983
vt 0.060244 0.184520
vt 0.125083 0.064035
vt 0.125177 0.228170
vt 0.125177 0.185802
vt 0.126981 0.227655
vt 0.916397 0.611098
vt 0.958313 0.609255
vt 0.549428 0.148383
vt 0.558499 0.145477
vt 0.865225 0.499667
vt 0.864417 0.539671
vt 0.862077 0.538748
vt 0.865748 0.538327
vt 0.862077 0.500141
vt 0.680680 0.270806
vt 0.864030 0.456734
vt 0.867045 0.536972
vt 0.992042 0.420375
vt 0.053737 0.919858
vt 0.057538 0.916267
vt 0.057538 0.940456
vt 0.053997 0.899412
vt 0.853157 0.220392
vt 0.850824 0.219955
vt 0.853157 0.201310
vt 0.851093 0.242058
vt 0.394809 0.403363
vt 0.396817 0.424195
vt 0.394809 0.425112
vt 0.428849 0.225582
vt 0.432531 0.244305
vt 0.428849 0.246027
vt 0.345442 0.682930
vt 0.347215 0.680534
vt 0.347215 0.730143
vt 0.213289 0.727753
vt 0.211605 0.680542
vt 0.213289 0.680724
vt 0.739910 0.703329
vt 0.748785 0.701904
vt 0.729962 0.704810
vt 0.747949 0.700493
vt 0.870505 0.993800
vt 0.882823 0.992869
vt 0.873350 0.996011
vt 0.885675 0.995823
vt 0.147680 0.168016
vt 0.148806 0.190327
vt 0.147680 0.191772
vt 0.736096 0.962965
vt 0.722354 0.972778
vt 0.735503 0.968504
vt 0.671637 0.971761
vt 0.678557 0.989745
vt 0.644782 0.994026
vt 0.000172 0.075395
vt 0.000172 0.017256
vt 0.003968 0.020227
vt 0.199927 0.376085
vt 0.202365 0.348212
vt 0.202377 0.376976
vt 0.644782 0.959750
vt 0.096422 0.020017
vt 0.100851 0.016040
vt 0.113801 0.036308
vt 0.112525 0.057134
vt 0.294999 0.535151
vt 0.292396 0.534621
vt 0.079363 0.027212
vt 0.077959 0.021281
vt 0.079335 0.020526
vt 0.906727 0.024047
vt 0.906727 0.077379
vt 0.905489 0.024552
vt 0.869029 0.913140
vt 0.837898 0.938472
vt 0.837898 0.869597
vt 0.636776 0.603465
vt 0.078145 0.027777
vt 0.938824 0.873250
vt 0.898111 0.879462
vt 0.898694 0.873874
vt 0.938374 0.879888
vt 0.457959 0.525137
vt 0.362762 0.226004
vt 0.420626 0.794911
vt 0.944738 0.611551
vt 0.124554 0.171171
vt 0.124279 0.165210
vt 0.125976 0.171115
vt 0.124946 0.173279
vt 0.208686 0.603775
vt 0.724633 0.527767
vt 0.717890 0.521708
vt 0.740064 0.495527
vt 0.000445 0.170398
vt 0.496021 0.015095
vt 0.555537 0.975159
vt 0.494413 0.531799
vt 0.496291 0.531220
vt 0.498640 0.534539
vt 0.080522 0.956102
vt 0.081211 0.955780
vt 0.080242 0.970725
vt 0.982112 0.235753
vt 0.958313 0.808329
vt 0.958313 0.869029
vt 0.900418 0.850277
vt 0.035018 0.547607
vt 0.107713 0.471971
vt 0.173142 0.539441
vt 0.593241 0.028222
vt 0.539568 0.155751
vt 0.547335 0.008832
vt 0.863373 0.088541
vt 0.858975 0.187332
vt 0.890854 0.159991
vt 0.890854 0.240074
vt 0.313485 0.400785
vt 0.298598 0.397062
vt 0.983939 0.033283
vt 0.972936 0.033170
vt 0.972266 0.032144
vt 0.984552 0.033614
vt 0.764885 0.697742
vt 0.786864 0.697690
vt 0.784674 0.698550
vt 0.754238 0.683198
vt 0.156787 0.366260
vt 0.150592 0.356082
vt 0.153557 0.354667
vt 0.160711 0.365084
vt 0.085316 0.559841
vt 0.081149 0.559909
vt 0.084970 0.563480
vt 0.154759 0.367117
vt 0.158385 0.369289
vt 0.413049 0.455019
vt 0.540367 0.455844
vt 0.412689 0.458023
vt 0.547945 0.443987
vt 0.412489 0.447531
vt 0.821411 0.801570
vt 0.820094 0.753910
vt 0.821411 0.753846
vt 0.131572 0.070712
vt 0.132108 0.069270
vt 0.134918 0.067079
vt 0.121610 0.771809
vt 0.121610 0.724097
vt 0.123013 0.771125
vt 0.357135 0.722207
vt 0.354502 0.722207
vt 0.355490 0.674559
vt 0.130164 0.071427
vt 0.130624 0.069775
vt 0.929694 0.092351
vt 0.929997 0.096596
vt 0.926491 0.096628
vt 0.927408 0.089494
vt 0.652878 0.795618
vt 0.729673 0.794989
vt 0.317454 0.858950
vt 0.279834 0.886886
vt 0.279834 0.803484
vt 0.748251 0.384792
vt 0.611694 0.525144
vt 0.633238 0.541969
vt 0.555825 0.554065
vt 0.554430 0.519531
vt 0.636313 0.489624
vt 0.164915 0.257931
vt 0.164915 0.114307
vt 0.166663 0.116790
vt 0.328979 0.259673
vt 0.333182 0.260244
vt 0.329046 0.253234
vt 0.296374 0.137232
vt 0.296374 0.378960
vt 0.309701 0.292963
vt 0.311658 0.295273
vt 0.304566 0.285000
vt 0.312180 0.301452
vt 0.305953 0.293599
vt 0.108629 0.390698
vt 0.102694 0.392084
vt 0.102983 0.391180
vt 0.073080 0.957015
vt 0.067855 0.960580
vt 0.501869 0.529442
vt 0.500281 0.534045
vt 0.504599 0.532024
vt 0.107554 0.387371
vt 0.325155 0.978457
vt 0.314576 0.980954
vt 0.059523 0.554786
vt 0.058367 0.560691
vt 0.057414 0.560377
vt 0.697875 0.339105
vt 0.910804 0.504362
vt 0.912679 0.504416
vt 0.910804 0.567448
vt 0.261899 0.008129
vt 0.261879 0.011276
vt 0.586417 0.311501
vt 0.586417 0.157370
vt 0.589273 0.310968
vt 0.158727 0.249995
vt 0.157167 0.249979
vt 0.158727 0.095080
vt 0.418550 0.746741
vt 0.409394 0.764145
vt 0.418673 0.745765
vt 0.018209 0.860784
vt 0.234979 0.127215
vt 0.239475 0.124769
vt 0.243071 0.134079
vt 0.083931 0.566950
vt 0.085316 0.565925
vt 0.085316 0.678557
vt 0.082253 0.567327
vt 0.232317 0.128648
vt 0.585116 0.958368
vt 0.582125 0.959369
vt 0.154116 0.469218
vt 0.154657 0.467124
vt 0.582770 0.958360
vt 0.978345 0.982927
vt 0.972226 0.981409
vt 0.981900 0.978708
vt 0.982783 0.980916
vt 0.972765 0.984106
vt 0.434515 0.904743
vt 0.433105 0.831675
vt 0.434515 0.831195
vt 0.121029 0.836904
vt 0.121029 0.906727
vt 0.119572 0.905775
vt 0.907765 0.348858
vt 0.908711 0.349804
vt 0.907723 0.418642
vt 0.903490 0.482442
vt 0.904743 0.482438
vt 0.904743 0.555544
vt 0.908711 0.498547
vt 0.908539 0.567448
vt 0.907458 0.498547
vt 0.214281 0.827206
vt 0.213325 0.900775
vt 0.213325 0.826271
vt 0.414498 0.174599
vt 0.414498 0.150835
vt 0.415706 0.173726
vt 0.166261 0.480301
vt 0.163730 0.482206
vt 0.777548 0.983465
vt 0.406642 0.945072
vt 0.565464 0.154759
vt 0.560072 0.146166
vt 0.518489 0.120132
vt 0.521814 0.130209
vt 0.517457 0.125853
vt 0.320877 0.708864
vt 0.318552 0.711160
vt 0.318745 0.707907
vt 0.500984 0.536940
vt 0.981998 0.368231
vt 0.937258 0.371024
vt 0.937493 0.368193
vt 0.981927 0.366915
vt 0.982122 0.371024
vt 0.868224 0.734111
vt 0.868224 0.686454
vt 0.871013 0.733934
vt 0.710761 0.515512
vt 0.701759 0.511399
vt 0.740064 0.414454
vt 0.030951 0.647749
vt 0.041666 0.650004
vt 0.019646 0.647921
vt 0.295262 0.962747
vt 0.075614 0.021442
vt 0.075918 0.019630
vt 0.077096 0.027363
vt 0.077852 0.019127
vt 0.235076 0.136571
vt 0.360111 0.257399
vt 0.125117 0.991106
vt 0.164679 0.990646
vt 0.124663 0.992043
vt 0.057305 0.021825
vt 0.056947 0.020859
vt 0.058969 0.020879
vt 0.124663 0.950141
vt 0.335599 0.452068
vt 0.334193 0.456270
vt 0.330920 0.454461
vt 0.331623 0.447968
vt 0.336083 0.450276
vt 0.336665 0.452510
vt 0.043650 0.206007
vt 0.412690 0.486101
vt 0.399958 0.468878
vt 0.399958 0.467184
vt 0.240877 0.023809
vt 0.240877 0.001004
vt 0.242058 0.023332
vt 0.086984 0.103032
vt 0.287692 0.131447
vt 0.286811 0.129909
vt 0.755307 0.698194
vt 0.756020 0.699088
vt 0.755475 0.697556
vt 0.657319 0.470404
vt 0.910730 0.617429
vt 0.909813 0.621775
vt 0.910425 0.617261
vt 0.127589 0.937418
vt 0.123638 0.883805
vt 0.164310 0.897305
vt 0.925176 0.521475
vt 0.926568 0.521639
vt 0.925176 0.575385
vt 0.127429 0.164420
vt 0.126971 0.170717
vt 0.126136 0.164885
vt 0.127996 0.943690
vt 0.217752 0.119045
vt 0.216856 0.065152
vt 0.218249 0.065293
vt 0.167942 0.936200
vt 0.708680 0.204361
vt 0.144957 0.389147
vt 0.145612 0.387018
vt 0.149805 0.386693
vt 0.143449 0.388132
vt 0.169900 0.394833
vt 0.309517 0.899837
vt 0.308775 0.932520
vt 0.308775 0.899586
vt 0.519503 0.878198
vt 0.505912 0.908402
vt 0.858286 0.543639
vt 0.858286 0.457536
vt 0.861093 0.458454
vt 0.871348 0.837284
vt 0.853038 0.754038
vt 0.873494 0.836245
vt 0.155572 0.224202
vt 0.859109 0.704350
vt 0.857615 0.703900
vt 0.859109 0.618231
vt 0.870293 0.935027
vt 0.870415 0.931610
vt 0.090745 0.015626
vt 0.091922 0.014390
vt 0.944747 0.507449
vt 0.942992 0.450975
vt 0.945284 0.450913
vt 0.755490 0.335880
vt 0.986833 0.450708
vt 0.988074 0.507334
vt 0.942888 0.507926
vt 0.971943 0.596341
vt 0.973255 0.595181
vt 0.978297 0.611771
vt 0.085316 0.955486
vt 0.408777 0.954539
vt 0.788898 0.053675
vt 0.859109 0.044994
vt 0.886219 0.244390
vt 0.926568 0.240464
vt 0.886809 0.316062
vt 0.797677 0.093252
vt 0.885414 0.316069
vt 0.884902 0.244389
vt 0.864624 0.861093
vt 0.864624 0.816375
vt 0.867045 0.858666
vt 0.966249 0.568360
vt 0.034921 0.200645
vt 0.126848 0.063680
vt 0.128173 0.065281
vt 0.443438 0.529498
vt 0.360281 0.225440
vt 0.462292 0.563480
vt 0.820933 0.751968
vt 0.836376 0.664687
vt 0.872997 0.751968
vt 0.637708 0.600241
vt 0.073411 0.020898
vt 0.827424 0.949677
vt 0.829257 0.992042
vt 0.827628 0.992032
vt 0.091129 0.098978
vt 0.829056 0.949222
vt 0.142416 0.051285
vt 0.144838 0.038311
vt 0.144838 0.051586
vt 0.365021 0.880883
vt 0.357232 0.865444
vt 0.188488 0.918631
vt 0.186066 0.918328
vt 0.188488 0.870328
vt 0.284191 0.142829
vt 0.384912 0.708981
vt 0.384341 0.722488
vt 0.363280 0.670462
vt 0.279551 0.145440
vt 0.873201 0.988058
vt 0.688425 0.662704
vt 0.688610 0.661085
vt 0.688168 0.660238
vt 0.069524 0.558267
vt 0.075860 0.559554
vt 0.072505 0.563480
vt 0.416380 0.145312
vt 0.418642 0.151973
vt 0.827826 0.574071
vt 0.816172 0.575108
vt 0.495389 0.078004
vt 0.821411 0.962384
vt 0.123013 0.019381
vt 0.122312 0.015109
vt 0.971852 0.072984
vt 0.978268 0.059634
vt 0.038502 0.878709
vt 0.023412 0.918024
vt 0.022660 0.917826
vt 0.039284 0.879332
vt 0.789170 0.867984
vt 0.789962 0.939658
vt 0.787749 0.867536
vt 0.790101 0.867966
vt 0.791360 0.939629
vt 0.037811 0.878372
vt 0.781730 0.958313
vt 0.771648 0.902048
vt 0.781730 0.900030
vt 0.091302 0.200105
vt 0.089870 0.189347
vt 0.095238 0.198340
vt 0.038403 0.217021
vt 0.000418 0.188591
vt 0.600272 0.925440
vt 0.641426 0.923378
vt 0.601175 0.927787
vt 0.601783 0.924299
vt 0.641540 0.919975
vt 0.513059 0.372016
vt 0.504597 0.371068
vt 0.506137 0.368808
vt 0.286344 0.199332
vt 0.292653 0.392520
vt 0.286344 0.392849
vt 0.147777 0.728159
vt 0.147777 0.615136
vt 0.151782 0.727585
vt 0.225314 0.132685
vt 0.081347 0.703358
vt 0.079966 0.699607
vt 0.081347 0.590427
vt 0.521389 0.369508
vt 0.386497 0.193448
vt 0.386497 0.000111
vt 0.388881 0.000194
vt 0.331031 0.446740
vt 0.334184 0.447049
vt 0.977755 0.035714
vt 0.970728 0.035599
vt 0.117174 0.038958
vt 0.405945 0.431007
vt 0.402382 0.436497
vt 0.401047 0.432263
vt 0.406737 0.435298
vt 0.686613 0.471115
vt 0.692055 0.474781
vt 0.685242 0.473382
vt 0.694328 0.473413
vt 0.422857 0.271476
vt 0.424699 0.266184
vt 0.426578 0.265039
vt 0.170781 0.427465
vt 0.218249 0.000362
vt 0.067459 0.916647
vt 0.033487 0.861305
vt 0.034690 0.860595
vt 0.900775 0.627013
vt 0.861242 0.692446
vt 0.861242 0.610469
vt 0.067459 0.840201
vt 0.536043 0.364173
vt 0.329346 0.019327
vt 0.331831 0.020702
vt 0.756366 0.699662
vt 0.738218 0.992659
vt 0.244427 0.113539
vt 0.269341 0.134032
vt 0.948393 0.982267
vt 0.905125 0.980510
vt 0.905634 0.939783
vt 0.905055 0.982187
vt 0.948370 0.983583
vt 0.508472 0.392594
vt 0.502854 0.392599
vt 0.124279 0.176326
vt 0.906727 0.083332
vt 0.036252 0.655391
vt 0.766181 0.979401
vt 0.909992 0.058271
vt 0.941378 0.034213
vt 0.868283 0.934402
vt 0.305295 0.385321
vt 0.342999 0.474196
vt 0.330802 0.459652
vt 0.341857 0.465291
vt 0.727844 0.979519
vt 0.409355 0.975543
vt 0.148642 0.356650
vt 0.284401 0.959897
vt 0.133403 0.066178
vt 0.133981 0.067177
vt 0.132713 0.067132
vt 0.134866 0.065195
vt 0.035942 0.208757
vt 0.205585 0.395347
vt 0.139805 0.484482
vt 0.181695 0.369579
vt 0.181896 0.372196
vt 0.177064 0.370683
vt 0.412448 0.946454
vt 0.416658 0.948640
vt 0.414120 0.944307
vt 0.793544 0.506202
vt 0.800359 0.506150
vt 0.793734 0.512982
vt 0.303094 0.513430
vt 0.306278 0.496345
vt 0.306627 0.517335
vt 0.148215 0.196424
vt 0.144838 0.022200
vt 0.313485 0.266859
vt 0.294593 0.138323
vt 0.295124 0.137587
vt 0.160137 0.253963
vt 0.160137 0.088004
vt 0.163687 0.253148
vt 0.082691 0.209526
vt 0.084324 0.209861
vt 0.082691 0.374992
vt 0.078356 0.559951
vt 0.337457 0.044209
vt 0.341263 0.025459
vt 0.341263 0.045634
vt 0.584752 0.965754
vt 0.047618 0.279756
vt 0.045337 0.279103
vt 0.047618 0.256874
vt 0.264907 0.073411
vt 0.264907 0.050531
vt 0.267851 0.054507
vt 0.828455 0.113585
vt 0.826169 0.114113
vt 0.136072 0.056547
vt 0.295629 0.162354
vt 0.480240 0.846732
vt 0.478929 0.845938
vt 0.482594 0.844880
vt 0.486703 0.846110
vt 0.477132 0.847502
vt 0.485321 0.847879
vt 0.477799 0.848354
vt 0.163146 0.555674
vt 0.168647 0.548665
vt 0.982507 0.588023
vt 0.971389 0.579968
vt 0.965654 0.002004
vt 0.752674 0.570882
vt 0.706697 0.570674
vt 0.396370 0.461212
vt 0.185052 0.494744
vt 0.960291 0.249610
vt 0.156743 0.313485
vt 0.057113 0.551912
vt 0.046382 0.557346
vt 0.049444 0.551583
vt 0.010106 0.180374
vt 0.317454 0.080737
vt 0.309783 0.114803
vt 0.313506 0.082440
vt 0.294028 0.884836
vt 0.295464 0.883441
vt 0.295278 0.888600
vt 0.317454 0.123013
vt 0.273740 0.890024
vt 0.089493 0.642168
vt 0.092586 0.544942
vt 0.144723 0.614736
vt 0.604675 0.635404
vt 0.089493 0.685006
vt 0.554574 0.608614
vt 0.394042 0.575454
vt 0.450387 0.568172
vt 0.450387 0.654748
vt 0.981277 0.438263
vt 0.018247 0.936488
vt 0.007201 0.934743
vt 0.573728 0.300431
vt 0.575385 0.354045
vt 0.573728 0.355151
vt 0.205473 0.000910
vt 0.202599 0.102050
vt 0.682817 0.239411
vt 0.682817 0.191625
vt 0.685365 0.240074
vt 0.877316 0.448403
vt 0.877316 0.431764
vt 0.179998 0.424084
vt 0.274747 0.130185
vt 0.275788 0.130417
vt 0.274747 0.146822
vt 0.279132 0.974294
vt 0.273301 0.976372
vt 0.287327 0.984886
vt 0.478966 0.844340
vt 0.476486 0.845053
vt 0.814800 0.319960
vt 0.792343 0.362674
vt 0.760998 0.340082
vt 0.819427 0.349863
vt 0.816470 0.384912
vt 0.760998 0.287227
vt 0.818438 0.316264
vt 0.401145 0.001362
vt 0.350899 0.236798
vt 0.418169 0.878097
vt 0.165734 0.011905
vt 0.165734 0.009061
vt 0.540102 0.458339
vt 0.498005 0.399793
vt 0.486806 0.391273
vt 0.498005 0.246822
vt 0.958975 0.143768
vt 0.316628 0.330988
vt 0.396998 0.463787
vt 0.399742 0.462357
vt 0.398873 0.465234
vt 0.908865 0.938510
vt 0.001048 0.072518
vt 0.001984 0.072063
vt 0.001984 0.075395
vt 0.288374 0.029761
vt 0.285501 0.029008
vt 0.486360 0.009019
vt 0.148207 0.270932
vt 0.148469 0.253243
vt 0.150790 0.270963
vt 0.487750 0.008227
vt 0.942440 0.776876
vt 0.898199 0.849188
vt 0.898199 0.776697
vt 0.726175 0.531660
vt 0.119325 0.185637
vt 0.705491 0.808731
vt 0.737726 0.856085
vt 0.705491 0.883572
vt 0.639740 0.233832
vt 0.590645 0.325390
vt 0.589770 0.222070
vt 0.321519 0.942440
vt 0.355581 0.875799
vt 0.373008 0.942440
vt 0.589770 0.177367
vt 0.646812 0.176985
vt 0.876965 0.454355
vt 0.825476 0.454355
vt 0.850748 0.367881
vt 0.806016 0.613330
vt 0.162695 0.007726
vt 0.160493 0.008605
vt 0.964265 0.814520
vt 0.218679 0.890130
vt 0.220233 0.889417
vt 0.220233 0.934504
vt 0.162621 0.006068
vt 0.023809 0.623003
vt 0.021214 0.578686
vt 0.023809 0.578419
vt 0.923337 0.744032
vt 0.403761 0.626870
vt 0.389337 0.692446
vt 0.965444 0.976616
vt 0.178859 0.422093
vt 0.019972 0.656635
vt 0.020513 0.659366
vt 0.016743 0.710302
vt 0.347215 0.394440
vt 0.337005 0.398801
vt 0.935399 0.090844
vt 0.936913 0.091887
vt 0.935399 0.123013
vt 0.166663 0.813475
vt 0.752960 0.559369
vt 0.710616 0.558424
vt 0.752392 0.518633
vt 0.638875 0.628955
vt 0.752722 0.564982
vt 0.981576 0.231229
vt 0.305058 0.959031
vt 0.324239 0.959586
vt 0.307440 0.964048
vt 0.963494 0.227435
vt 0.308877 0.166663
vt 0.309317 0.164267
vt 0.406737 0.427273
vt 0.403762 0.425710
vt 0.667798 0.475326
vt 0.145578 0.027204
vt 0.144090 0.028017
vt 0.143446 0.027304
vt 0.146396 0.025665
vt 0.146822 0.026526
vt 0.144688 0.025568
vt 0.927556 0.097673
vt 0.930536 0.097073
vt 0.052802 0.791441
vt 0.073411 0.770384
vt 0.019213 0.652637
vt 0.285349 0.969471
vt 0.897937 0.885358
vt 0.940404 0.883774
vt 0.942254 0.886157
vt 0.897801 0.887503
vt 0.897972 0.881605
vt 0.752668 0.567129
vt 0.339914 0.263481
vt 0.270307 0.140050
vt 0.315470 0.281740
vt 0.408630 0.370032
vt 0.408630 0.223874
vt 0.416658 0.223964
vt 0.325898 0.458067
vt 0.347215 0.461191
vt 0.236449 0.708113
vt 0.291660 0.776383
vt 0.225524 0.767980
vt 0.444223 0.412909
vt 0.440112 0.420626
vt 0.149479 0.383695
vt 0.172615 0.387124
vt 0.170897 0.389868
vt 0.901597 0.559512
vt 0.901597 0.486445
vt 0.902759 0.559043
vt 0.910208 0.318425
vt 0.918631 0.317239
vt 0.487170 0.239199
vt 0.361381 0.649201
vt 0.361381 0.565798
vt 0.400986 0.622165
vt 0.345340 0.380645
vt 0.974299 0.147394
vt 0.962377 0.145582
vt 0.976170 0.147598
vt 0.886499 0.959533
vt 0.172519 0.138122
vt 0.174600 0.202329
vt 0.172519 0.202377
vt 0.159578 0.328327
vt 0.196424 0.302731
vt 0.196424 0.380944
vt 0.050332 0.206122
vt 0.125950 0.062095
vt 0.128966 0.063631
vt 0.492294 0.070972
vt 0.492028 0.084115
vt 0.980631 0.944172
vt 0.980902 0.233702
vt 0.460308 0.869799
vt 0.458633 0.930536
vt 0.458633 0.868862
vt 0.096116 0.013956
vt 0.710016 0.999979
vt 0.916647 0.508668
vt 0.916647 0.565464
vt 0.916186 0.509138
vt 0.590014 0.177132
vt 0.249957 0.094504
vt 0.249490 0.084097
vt 0.251979 0.094371
vt 0.251325 0.096740
vt 0.249490 0.097220
vt 0.301455 0.648190
vt 0.300415 0.648929
vt 0.363088 0.001079
vt 0.363088 0.020021
vt 0.365072 0.453720
vt 0.359504 0.454355
vt 0.359504 0.435616
vt 0.476157 0.846794
vt 0.004346 0.002107
vt 0.379994 0.902925
vt 0.007936 0.958557
vt 0.000695 0.960297
vt 0.000695 0.915052
vt 0.141797 0.489476
vt 0.318278 0.291202
vt 0.312707 0.300866
vt 0.494037 0.526821
vt 0.489206 0.542627
vt 0.492182 0.530591
vt 0.061619 0.946409
vt 0.321422 0.281399
vt 0.101164 0.391465
vt 0.095678 0.388601
vt 0.170473 0.556988
vt 0.196424 0.567448
vt 0.056887 0.560231
vt 0.808915 0.507538
vt 0.805595 0.508169
vt 0.809158 0.503081
vt 0.806166 0.504882
vt 0.420626 0.160711
vt 0.409552 0.006070
vt 0.420626 0.000501
vt 0.307461 0.114506
vt 0.539568 0.000713
vt 0.406737 0.223749
vt 0.404398 0.383920
vt 0.404398 0.223639
vt 0.931633 0.462035
vt 0.934504 0.463368
vt 0.462793 0.936757
vt 0.459721 0.976170
vt 0.459721 0.935995
vt 0.440208 0.400026
vt 0.181778 0.280727
vt 0.173387 0.288306
vt 0.448798 0.397283
vt 0.211607 0.589606
vt 0.212297 0.573476
vt 0.964785 0.977848
vt 0.964978 0.980419
vt 0.824566 0.116645
vt 0.818350 0.124743
vt 0.733960 0.299000
vt 0.754831 0.260881
vt 0.753595 0.265758
vt 0.133451 0.057256
vt 0.731073 0.297680
vt 0.119176 0.059997
vt 0.735021 0.299597
vt 0.363088 0.023809
vt 0.487001 0.844343
vt 0.315870 0.710167
vt 0.498867 0.537123
vt 0.904743 0.377218
vt 0.904566 0.456339
vt 0.858205 0.377218
vt 0.990058 0.890854
vt 0.966667 0.890854
vt 0.990030 0.855119
vt 0.237734 0.233099
vt 0.247019 0.392849
vt 0.235163 0.232992
vt 0.240328 0.233419
vt 0.154485 0.625122
vt 0.154485 0.672605
vt 0.009376 0.182249
vt 0.311229 0.082984
vt 0.170879 0.309517
vt 0.174327 0.297051
vt 0.318492 0.129708
vt 0.314558 0.131255
vt 0.312457 0.129522
vt 0.342026 0.008323
vt 0.289434 0.138509
vt 0.144005 0.028530
vt 0.459377 0.859109
vt 0.459377 0.815672
vt 0.460308 0.858876
vt 0.124997 0.880934
vt 0.124537 0.880691
vt 0.124997 0.836993
vt 0.930081 0.571416
vt 0.930081 0.527459
vt 0.930536 0.527957
vt 0.221557 0.547349
vt 0.758842 0.957116
vt 0.761499 0.961037
vt 0.761359 0.955882
vt 0.234122 0.541655
vt 0.187984 0.492875
vt 0.233587 0.491976
vt 0.549953 0.734111
vt 0.920416 0.317290
vt 0.950377 0.346440
vt 0.920416 0.378960
vt 0.680629 0.000557
vt 0.737804 0.000866
vt 0.407613 0.941340
vt 0.410314 0.942035
vt 0.714034 0.203396
vt 0.374662 0.393874
vt 0.136902 0.346177
vt 0.134509 0.347010
vt 0.133305 0.321726
vt 0.870391 0.992556
vt 0.175767 0.182536
vt 0.175767 0.140173
vt 0.178568 0.140701
vt 0.829347 0.099686
vt 0.810033 0.136902
vt 0.824912 0.097077
vt 0.773793 0.289676
vt 0.725215 0.203025
vt 0.773793 0.186353
vt 0.282877 0.540776
vt 0.113093 0.101014
vt 0.108706 0.101188
vt 0.109166 0.096622
vt 0.161170 0.486101
vt 0.113093 0.093506
vt 0.540008 0.461192
vt 0.156505 0.420455
vt 0.155509 0.420757
vt 0.157334 0.418330
vt 0.447306 0.387549
vt 0.484443 0.237832
vt 0.897212 0.720094
vt 0.954673 0.118449
vt 0.399012 0.852438
vt 0.001999 0.657162
vt 0.133305 0.347215
vt 0.689006 0.238528
vt 0.704350 0.222880
vt 0.306460 0.140194
vt 0.308144 0.156935
vt 0.280450 0.037698
vt 0.336948 0.448999
vt 0.571417 0.297199
vt 0.499454 0.349213
vt 0.499454 0.218145
vt 0.501992 0.364213
vt 0.650780 0.044049
vt 0.624043 0.119045
vt 0.624043 0.000422
vt 0.202377 0.530324
vt 0.521664 0.365975
vt 0.964929 0.126832
vt 0.657188 0.471192
vt 0.655880 0.472578
vt 0.797990 0.955295
vt 0.788994 0.941487
vt 0.828086 0.575459
vt 0.962145 0.556193
vt 0.123013 0.013549
vt 0.292994 0.736299
vt 0.262086 0.733418
vt 0.600475 0.938568
vt 0.642707 0.958116
vt 0.600475 0.990058
vt 0.455792 0.400546
vt 0.455016 0.410398
vt 0.457769 0.403203
vt 0.804048 0.500980
vt 0.014358 0.197982
vt 0.016742 0.197324
vt 0.023809 0.238090
vt 0.140276 0.019544
vt 0.183572 0.372274
vt 0.326669 0.017413
vt 0.328447 0.000231
vt 0.056312 0.567448
vt 0.052674 0.565616
vt 0.965970 0.816875
vt 0.231755 0.396817
vt 0.231755 0.235772
vt 0.234122 0.237183
vt 0.389484 0.007833
vt 0.396817 0.007687
vt 0.396817 0.168647
vt 0.025267 0.194850
vt 0.027777 0.194625
vt 0.027777 0.226186
vt 0.300223 0.113322
vt 0.424594 0.000104
vt 0.424594 0.159719
vt 0.422076 0.000198
vt 0.990223 0.028770
vt 0.991104 0.030930
vt 0.314268 0.187537
vt 0.836911 0.191451
vt 0.846270 0.241023
vt 0.776406 0.199219
vt 0.515684 0.658558
vt 0.523402 0.719068
vt 0.467142 0.675337
vt 0.086442 0.031745
vt 0.086442 0.026489
vt 0.091268 0.027887
vt 0.539541 0.374090
vt 0.715528 0.712317
vt 0.713900 0.713393
vt 0.716097 0.712926
vt 0.719175 0.711931
vt 0.904743 0.597482
vt 0.903453 0.597320
vt 0.891881 0.580006
vt 0.900763 0.607789
vt 0.900291 0.607847
vt 0.424594 0.245966
vt 0.421338 0.243637
vt 0.422045 0.225951
vt 0.420163 0.263883
vt 0.964265 0.738803
vt 0.970949 0.739233
vt 0.964584 0.781729
vt 0.281997 0.801360
vt 0.323074 0.797787
vt 0.306085 0.823805
vt 0.301343 0.782638
vt 0.301581 0.198032
vt 0.353804 0.438864
vt 0.206988 0.959579
vt 0.309190 0.971346
vt 0.922815 0.142972
vt 0.948393 0.117906
vt 0.948393 0.178568
vt 0.301581 0.525783
vt 0.266360 0.482033
vt 0.301581 0.455064
vt 0.406523 0.683162
vt 0.465115 0.683272
vt 0.406523 0.722327
vt 0.034262 0.483505
vt 0.073411 0.484618
vt 0.034262 0.539671
vt 0.399583 0.976723
vt 0.914819 0.089154
vt 0.920529 0.086873
vt 0.134740 0.385547
vt 0.387975 0.710302
vt 0.407889 0.679168
vt 0.278308 0.138469
vt 0.922139 0.144749
vt 0.942440 0.175433
vt 0.922139 0.178568
vt 0.096422 0.127973
vt 0.491924 0.530483
vt 0.487183 0.539970
vt 0.209827 0.615291
vt 0.776460 0.243221
vt 0.847202 0.242418
vt 0.847204 0.243814
vt 0.776459 0.242523
vt 0.775531 0.244386
vt 0.973806 0.780093
vt 0.300491 0.195655
vt 0.973084 0.738146
vt 0.000257 0.186504
vt 0.000257 0.173993
vt 0.002131 0.186077
vt 0.930079 0.069443
vt 0.966055 0.043059
vt 0.076104 0.990058
vt 0.399704 0.951124
vt 0.399474 0.956606
vt 0.686539 0.660958
vt 0.086330 0.970820
vt 0.213263 0.072207
vt 0.214281 0.071694
vt 0.214133 0.091268
vt 0.576649 0.982122
vt 0.586682 0.964684
vt 0.587895 0.965360
vt 0.794960 0.557254
vt 0.810967 0.571670
vt 0.213263 0.049379
vt 0.005952 0.049240
vt 0.005070 0.051586
vt 0.005070 0.029243
vt 0.308306 0.055936
vt 0.146357 0.767776
vt 0.146822 0.767776
vt 0.146822 0.783714
vt 0.800903 0.944610
vt 0.877780 0.415939
vt 0.146822 0.751347
vt 0.019396 0.650855
vt 0.012517 0.650076
vt 0.000300 0.591777
vt 0.694656 0.456665
vt 0.489919 0.146112
vt 0.304275 0.985516
vt 0.484232 0.147105
vt 0.986090 0.741380
vt 0.006794 0.054500
vt 0.007936 0.055458
vt 0.006794 0.057538
vt 0.525086 0.992043
vt 0.503538 0.366889
vt 0.323458 0.444746
vt 0.188415 0.491467
vt 0.509493 0.392849
vt 0.149684 0.487987
vt 0.666554 0.840103
vt 0.682525 0.855724
vt 0.666554 0.914663
vt 0.678557 0.659708
vt 0.647433 0.534944
vt 0.678557 0.525669
vt 0.908493 0.653904
vt 0.909562 0.652330
vt 0.942440 0.686493
vt 0.683198 0.662909
vt 0.890565 0.580762
vt 0.466637 0.720274
vt 0.466883 0.720038
vt 0.543425 0.360954
vt 0.543115 0.362412
vt 0.502854 0.379592
vt 0.543639 0.357900
vt 0.363280 0.775777
vt 0.210313 0.852397
vt 0.210313 0.918631
vt 0.193965 0.907316
vt 0.975709 0.738450
vt 0.334717 0.755297
vt 0.299105 0.772636
vt 0.258560 0.470926
vt 0.119045 0.787682
vt 0.100251 0.694870
vt 0.119045 0.690570
vt 0.607130 0.026613
vt 0.315559 0.157008
vt 0.315657 0.162161
vt 0.752221 0.258935
vt 0.192456 0.389663
vt 0.186093 0.390865
vt 0.186093 0.370682
vt 0.022155 0.769825
vt 0.041318 0.732349
vt 0.111109 0.768059
vt 0.785698 0.002579
vt 0.744837 0.067600
vt 0.784108 0.001579
vt 0.785698 0.103172
vt 0.012619 0.043008
vt 0.400785 0.155751
vt 0.398051 0.155738
vt 0.398051 0.000755
vt 0.218675 0.368118
vt 0.224202 0.383597
vt 0.218675 0.384913
vt 0.404379 0.450387
vt 0.984106 0.148806
vt 0.122122 0.085316
vt 0.121999 0.082992
vt 0.123013 0.082472
vt 0.291660 0.105157
vt 0.287810 0.103263
vt 0.909656 0.496165
vt 0.323678 0.049464
vt 0.175361 0.373773
vt 0.184520 0.369493
vt 0.293655 0.535901
vt 0.127975 0.172681
vt 0.974664 0.593605
vt 0.007936 0.173292
vt 0.004196 0.185811
vt 0.002306 0.173612
vt 0.852937 0.143556
vt 0.871013 0.158738
vt 0.651310 0.942440
vt 0.695940 0.878212
vt 0.696414 0.942440
vt 0.182466 0.547607
vt 0.310888 0.882451
vt 0.327374 0.847329
vt 0.422114 0.990272
vt 0.425690 0.988917
vt 0.275863 0.996011
vt 0.295629 0.188488
vt 0.291080 0.177243
vt 0.298298 0.196275
vt 0.880934 0.288788
vt 0.880934 0.373008
vt 0.844101 0.319348
vt 0.342114 0.826592
vt 0.343100 0.826757
vt 0.345088 0.837173
vt 0.329349 0.871775
vt 0.094283 0.189499
vt 0.350488 0.728159
vt 0.350488 0.671902
vt 0.351183 0.727975
vt 0.152560 0.622322
vt 0.152775 0.678557
vt 0.151844 0.678557
vt 0.975169 0.020755
vt 0.975376 0.019084
vt 0.784066 0.817088
vt 0.785698 0.894822
vt 0.783822 0.894822
vt 0.735403 0.847762
vt 0.121840 0.795256
vt 0.123013 0.793400
vt 0.123013 0.872997
vt 0.883026 0.615066
vt 0.883026 0.537329
vt 0.884902 0.614135
vt 0.247019 0.231893
vt 0.892838 0.960297
vt 0.035714 0.221203
vt 0.029544 0.224202
vt 0.029544 0.198259
vt 0.146622 0.107150
vt 0.056947 0.018049
vt 0.710966 0.998232
vt 0.347215 0.437034
vt 0.337683 0.450953
vt 0.337080 0.449328
vt 0.121999 0.063418
vt 0.322565 0.042740
vt 0.360111 0.761889
vt 0.294861 0.730338
vt 0.144725 0.492053
vt 0.200533 0.392729
vt 0.199375 0.390445
vt 0.494037 0.563480
vt 0.484285 0.544754
vt 0.067820 0.984920
vt 0.151484 0.544685
vt 0.653756 0.695127
vt 0.075395 0.690462
vt 0.959719 0.546552
vt 0.958705 0.545798
vt 0.416442 0.879637
vt 0.405963 0.887383
vt 0.853741 0.775320
vt 0.863077 0.864963
vt 0.841279 0.865061
vt 0.840314 0.775100
vt 0.635967 0.481572
vt 0.547016 0.481572
vt 0.390613 0.860643
vt 0.788577 0.940606
vt 0.009920 0.573401
vt 0.005282 0.419866
vt 0.009920 0.419232
vt 0.014063 0.569017
vt 0.016865 0.414918
vt 0.016865 0.569432
vt 0.259113 0.013889
vt 0.603286 0.923176
vt 0.985589 0.035413
vt 0.854722 0.927877
vt 0.162293 0.418421
vt 0.476180 0.022129
vt 0.429343 0.137894
vt 0.429343 0.000766
vt 0.222018 0.000118
vt 0.261899 0.059135
vt 0.222018 0.124997
vt 0.607844 0.390893
vt 0.654748 0.386977
vt 0.654748 0.530743
vt 0.867045 0.991811
vt 0.909395 0.470228
vt 0.909395 0.402675
vt 0.940456 0.448706
vt 0.853157 0.471566
vt 0.252966 0.003682
vt 0.372353 0.214281
vt 0.372353 0.000474
vt 0.373008 0.000943
vt 0.374992 0.000941
vt 0.374992 0.214281
vt 0.373891 0.000941
vt 0.017726 0.576225
vt 0.019841 0.621417
vt 0.017726 0.623003
vt 0.341575 0.289676
vt 0.341575 0.262558
vt 0.345231 0.289460
vt 0.246121 0.001549
vt 0.247505 0.001579
vt 0.246121 0.027777
vt 0.076945 0.559847
vt 0.915977 0.109390
vt 0.916112 0.108486
vt 0.921808 0.108869
vt 0.144141 0.721385
vt 0.144838 0.721560
vt 0.144141 0.777761
vt 0.081054 0.071518
vt 0.350420 0.256374
vt 0.748064 0.973865
vt 0.959880 0.227000
vt 0.202844 0.387702
vt 0.201794 0.389010
vt 0.950386 0.536157
vt 0.941164 0.534124
vt 0.859000 0.138886
vt 0.822693 0.076003
vt 0.859109 0.051330
vt 0.444881 0.387021
vt 0.120252 0.188529
vt 0.198593 0.307833
vt 0.206345 0.339259
vt 0.198593 0.349199
vt 0.438460 0.856263
vt 0.456340 0.818960
vt 0.441660 0.861079
vt 0.517691 0.135769
vt 0.023809 0.196511
vt 0.149195 0.111479
vt 0.147352 0.111094
vt 0.397265 0.462007
vt 0.438831 0.388215
vt 0.438831 0.229752
vt 0.470694 0.223469
vt 0.458671 0.396457
vt 0.456479 0.398078
vt 0.065832 0.137308
vt 0.065143 0.137423
vt 0.066207 0.136167
vt 0.390865 0.727623
vt 0.389259 0.771809
vt 0.389259 0.727082
vt 0.472109 0.388881
vt 0.472109 0.367874
vt 0.474196 0.388320
vt 0.904072 0.642160
vt 0.183411 0.297919
vt 0.926062 0.089670
vt 0.475496 0.848649
vt 0.716255 0.366064
vt 0.790192 0.001863
vt 0.504313 0.547607
vt 0.099703 0.374703
vt 0.113093 0.373970
vt 0.723591 0.706179
vt 0.383485 0.195432
vt 0.383485 0.000760
vt 0.384912 0.194465
vt 0.267393 0.147761
vt 0.252220 0.000710
vt 0.263883 0.174306
vt 0.262007 0.192456
vt 0.262007 0.170117
vt 0.315469 0.000760
vt 0.170587 0.010907
vt 0.495633 0.847672
vt 0.327628 0.025092
vt 0.330859 0.022941
vt 0.315405 0.029761
vt 0.330394 0.026170
vt 0.330047 0.027070
vt 0.328058 0.026012
vt 0.124049 0.726719
vt 0.313485 0.009269
vt 0.932520 0.190972
vt 0.197547 0.981130
vt 0.883486 0.317454
vt 0.883486 0.244379
vt 0.307533 0.494544
vt 0.307533 0.517846
vt 0.051810 0.790198
vt 0.042751 0.817580
vt 0.903202 0.623003
vt 0.528765 0.940557
vt 0.380944 0.000810
vt 0.379972 0.211305
vt 0.379972 0.000807
vt 0.117061 0.073125
vt 0.117061 0.095236
vt 0.115897 0.094770
vt 0.134559 0.253963
vt 0.134559 0.233948
vt 0.136902 0.235318
vt 0.962281 0.726019
vt 0.068344 0.690583
vt 0.022155 0.659754
vt 0.021078 0.412896
vt 0.024801 0.566894
vt 0.021078 0.567448
vt 0.299597 0.238360
vt 0.294910 0.392849
vt 0.294910 0.237862
vt 0.343753 0.245133
vt 0.344566 0.242883
vt 0.156380 0.480888
vt 0.593241 0.964592
vt 0.898790 0.577369
vt 0.085332 0.133437
vt 0.329349 0.886886
vt 0.355849 0.865341
vt 0.989633 0.196217
vt 0.946488 0.230154
vt 0.948363 0.182483
vt 0.990058 0.173938
vt 0.235350 0.914037
vt 0.229404 0.933419
vt 0.086524 0.014037
vt 0.009920 0.047585
vt 0.007988 0.047618
vt 0.007988 0.035284
vt 0.807944 0.947451
vt 0.972202 0.510314
vt 0.296179 0.191459
vt 0.300116 0.193146
vt 0.939733 0.881393
vt 0.079363 0.017154
vt 0.077375 0.015991
vt 0.125912 0.784626
vt 0.211270 0.730143
vt 0.210201 0.680352
vt 0.752960 0.629947
vt 0.163922 0.687843
vt 0.286075 0.127163
vt 0.439629 0.417908
vt 0.273370 0.798088
vt 0.270035 0.802120
vt 0.225524 0.805539
vt 0.180699 0.589629
vt 0.291563 0.174400
vt 0.337294 0.764286
vt 0.015873 0.628955
vt 0.014260 0.573444
vt 0.015873 0.572888
vt 0.579353 0.309036
vt 0.577724 0.365072
vt 0.577724 0.309036
vt 0.229554 0.871499
vt 0.277772 0.796206
vt 0.277772 0.880934
vt 0.092812 0.252104
vt 0.130950 0.314437
vt 0.092376 0.341515
vt 0.150790 0.253741
vt 0.887828 0.374426
vt 0.890854 0.318348
vt 0.888990 0.374480
vt 0.154759 0.035652
vt 0.849086 0.552526
vt 0.876965 0.564365
vt 0.849086 0.638875
vt 0.389661 0.027922
vt 0.394833 0.162087
vt 0.389661 0.164679
vt 0.700012 0.339194
vt 0.090248 0.136902
vt 0.090248 0.131529
vt 0.091268 0.136589
vt 0.981031 0.977257
vt 0.973037 0.980159
vt 0.975156 0.071977
vt 0.705775 0.958313
vt 0.332754 0.024125
vt 0.326529 0.968962
vt 0.039231 0.480149
vt 0.039231 0.405380
vt 0.231146 0.453840
vt 0.847204 0.668637
vt 0.808919 0.604759
vt 0.847204 0.578547
vt 0.495431 0.850169
vt 0.310368 0.303565
vt 0.490144 0.529115
vt 0.309049 0.977360
vt 0.305058 0.982676
vt 0.058040 0.549838
vt 0.010615 0.974186
vt 0.010615 0.935561
vt 0.017857 0.941108
vt 0.456340 0.896807
vt 0.115372 0.980735
vt 0.187368 0.487375
vt 0.754897 0.958124
vt 0.941935 0.507449
vt 0.254955 0.384306
vt 0.455245 0.398180
vt 0.420163 0.244075
vt 0.420737 0.225930
vt 0.576649 0.944529
vt 0.045533 0.017857
vt 0.008541 0.002727
vt 0.046473 0.004971
vt 0.551876 0.326151
vt 0.619034 0.456825
vt 0.551876 0.480149
vt 0.271334 0.719584
vt 0.757464 0.175012
vt 0.174599 0.002727
vt 0.230154 0.240833
vt 0.230154 0.394833
vt 0.186680 0.266589
vt 0.710576 0.565076
vt 0.086738 0.102562
vt 0.000075 0.892838
vt 0.000075 0.823020
vt 0.001984 0.891886
vt 0.168647 0.817887
vt 0.168647 0.896806
vt 0.129907 0.875972
vt 0.410706 0.193244
vt 0.408607 0.193448
vt 0.408607 0.000668
vt 0.131038 0.009468
vt 0.859499 0.885033
vt 0.894822 0.816025
vt 0.894822 0.894822
vt 0.860871 0.872947
vt 0.183064 0.299600
vt 0.785698 0.954345
vt 0.783700 0.952365
vt 0.785698 0.897514
vt 0.709931 0.567384
vt 0.640859 0.492304
vt 0.214015 0.043650
vt 0.214015 0.001756
vt 0.216265 0.004582
vt 0.158941 0.635957
vt 0.160711 0.596866
vt 0.160711 0.636891
vt 0.792394 0.865061
vt 0.787682 0.491313
vt 0.787682 0.593241
vt 0.773341 0.493772
vt 0.519830 0.921242
vt 0.519382 0.969835
vt 0.473306 0.969618
vt 0.942440 0.619375
vt 0.941790 0.887975
vt 0.094545 0.382686
vt 0.406737 0.000354
vt 0.405707 0.210313
vt 0.404307 0.000354
vt 0.141564 0.178945
vt 0.000748 0.704934
vt 0.033729 0.729075
vt 0.000748 0.799586
vt 0.793205 0.975870
vt 0.936488 0.572280
vt 0.925041 0.583766
vt 0.986090 0.961069
vt 0.044224 0.550159
vt 0.045862 0.549838
vt 0.275788 0.000600
vt 0.275788 0.057538
vt 0.248005 0.030384
vt 0.161019 0.646452
vt 0.162695 0.646543
vt 0.161019 0.686493
vt 0.100294 0.368271
vt 0.084503 0.552343
vt 0.904743 0.754038
vt 0.503958 0.888870
vt 0.333326 0.029369
vt 0.152880 0.367966
vt 0.148642 0.369494
vt 0.396438 0.426578
vt 0.980138 0.091268
vt 0.194275 0.964766
vt 0.527387 0.797602
vt 0.527387 0.699101
vt 0.569432 0.772663
vt 0.360913 0.882989
vt 0.946488 0.182893
vt 0.069967 0.781067
vt 0.119045 0.855420
vt 0.069967 0.871013
vt 0.755855 0.696027
vt 0.087300 0.388881
vt 0.085131 0.225010
vt 0.087300 0.224739
vt 0.166663 0.042952
vt 0.166663 0.314477
vt 0.337294 0.829348
vt 0.835300 0.942440
vt 0.835300 0.867956
vt 0.869255 0.535703
vt 0.869255 0.457582
vt 0.903775 0.478255
vt 0.925390 0.314938
vt 0.843548 0.287692
vt 0.776526 0.287692
vt 0.146822 0.686493
vt 0.095075 0.075395
vt 0.095075 0.063002
vt 0.097220 0.074914
vt 0.014288 0.866827
vt 0.055125 0.408388
vt 0.243050 0.408388
vt 0.242030 0.412690
vt 0.088292 0.655397
vt 0.086886 0.657724
vt 0.086886 0.545650
vt 0.289529 0.898877
vt 0.920615 0.176584
vt 0.918685 0.113159
vt 0.920615 0.111778
vt 0.412558 0.942534
vt 0.468244 0.389374
vt 0.468244 0.412690
vt 0.466858 0.389923
vt 0.095236 0.093246
vt 0.095236 0.121029
vt 0.094288 0.093585
vt 0.776456 0.241107
vt 0.642843 0.959229
vt 0.123608 0.948393
vt 0.753951 0.538603
vt 0.130950 0.392849
vt 0.126897 0.876966
vt 0.126897 0.790270
vt 0.160711 0.812710
vt 0.310309 0.451573
vt 0.347215 0.479934
vt 0.310309 0.529751
vt 0.069666 0.878603
vt 0.117061 0.857940
vt 0.117061 0.932520
vt 0.790923 0.599194
vt 0.803061 0.578956
vt 0.517846 0.538412
vt 0.517846 0.593241
vt 0.492975 0.572146
vt 0.027249 0.980138
vt 0.890854 0.374992
vt 0.740064 0.858703
vt 0.154266 0.371024
vt 0.085005 0.556265
vt 0.249995 0.002184
vt 0.698398 0.990059
vt 0.921866 0.380840
vt 0.380285 0.898790
vt 0.267741 0.956329
vt 0.273747 0.893831
vt 0.325390 0.956329
vt 0.136902 0.736096
vt 0.134833 0.735766
vt 0.136902 0.695837
vt 0.904743 0.476598
vt 0.406696 0.425217
vt 0.723199 0.607878
vt 0.183381 0.299693
vt 0.293645 0.384912
vt 0.291646 0.220649
vt 0.293645 0.220288
vt 0.942245 0.889839
vt 0.188875 0.302497
vt 0.316798 0.362989
vt 0.399793 0.167727
vt 0.399793 0.399793
vt 0.091268 0.033729
vt 0.090257 0.031045
vt 0.091268 0.030704
vt 0.966665 0.858165
vt 0.965850 0.890854
vt 0.305387 0.299008
vt 0.332737 0.029761
vt 0.656732 0.900176
vt 0.001453 0.913112
vt 0.097127 0.813475
vt 0.029761 0.442788
vt 0.029094 0.464276
vt 0.029094 0.440025
vt 0.436499 0.433523
vt 0.401800 0.419148
vt 0.436499 0.230424
vt 0.678557 0.000988
vt 0.659049 0.051586
vt 0.631550 0.000988
vt 0.992042 0.375874
vt 0.954345 0.960297
vt 0.810033 0.086472
vt 0.071852 0.549257
vt 0.897640 0.894615
vt 0.942440 0.895792
vt 0.897640 0.944424
vt 0.788994 0.986090
vt 0.550584 0.372944
vt 0.644245 0.326103
vt 0.690462 0.326103
vt 0.672413 0.460308
vt 0.294387 0.204361
vt 0.161799 0.282732
vt 0.905055 0.984106
vt 0.084324 0.384830
vt 0.000608 0.420626
vt 0.000608 0.189278
vt 0.925230 0.134918
vt 0.755936 0.269701
vt 0.890565 0.601781
vt 0.011792 0.791082
vt 0.015374 0.810238
vt 0.295068 0.694430
vt 0.336793 0.690278
vt 0.934504 0.529751
vt 0.234873 0.948393
vt 0.249812 0.922941
vt 0.162771 0.688478
vt 0.909546 0.002004
vt 0.806379 0.141685
vt 0.808488 0.183227
vt 0.716255 0.293408
vt 0.697109 0.242521
vt 0.656732 0.962281
vt 0.573401 0.989352
vt 0.954952 0.068036
vt 0.940023 0.065388
vt 0.141816 0.775879
s 1
usemtl Material_0
f 1/1/1 2/2/2 3/3/3
f 1/1/1 4/4/4 5/5/5
f 1/1/1 3/3/3 6/6/6
f 1/1/1 5/5/5 2/2/2
f 1/1/1 6/6/6 7/7/7
f 1/1/1 7/7/7 4/4/4
f 8/8/8 9/9/9 10/10/10
s 0
f 11/11/11 12/12/11 13/13/11
s 1
f 8/8/8 14/14/12 9/9/9
f 8/8/8 10/10/10 15/15/13
f 16/16/14 17/17/15 18/18/16
f 8/8/8 15/15/13 19/19/17
s 0
f 20/20/18 21/21/18 22/22/18
s 1
f 23/23/19 24/24/20 25/25/21
f 23/23/19 25/25/21 26/26/22
f 23/23/19 27/27/23 24/24/20
f 28/28/24 29/29/25 30/30/26
f 28/28/24 30/30/26 31/31/27
f 32/32/28 33/33/29 34/34/30
f 28/28/24 31/31/27 35/35/31
f 28/28/24 35/35/31 36/36/32
f 32/32/28 37/37/33 33/33/29
f 38/38/34 39/39/35 40/40/36
f 38/38/34 40/40/36 41/41/37
f 38/38/34 41/41/37 42/42/38
f 38/38/34 43/43/39 39/39/35
f 38/38/34 42/42/38 43/43/39
f 44/44/40 45/45/41 46/46/42
f 44/44/40 47/47/43 48/48/44
f 44/44/40 46/46/42 49/49/45
f 44/44/40 48/48/44 45/45/41
f 44/44/40 49/49/45 50/50/46
f 44/44/40 50/50/46 47/47/43
f 51/51/47 52/52/48 53/53/49
f 54/54/50 55/55/51 56/56/52
f 54/54/50 57/57/53 55/55/51
f 54/54/50 58/58/54 57/57/53
f 51/51/47 53/53/49 59/59/55
f 51/51/47 60/60/56 52/52/48
f 54/54/50 56/56/52 61/61/57
f 62/62/58 63/63/59 64/64/60
f 62/62/58 65/65/61 63/63/59
f 66/66/62 67/67/63 68/68/64
f 69/69/65 70/70/66 71/71/67
f 69/69/65 72/72/68 73/73/69
f 69/69/65 74/74/70 70/70/66
f 69/69/65 71/71/67 72/72/68
f 69/69/65 73/73/69 74/74/70
s 0
f 75/75/71 76/76/71 77/77/71
f 78/78/72 79/79/72 80/80/72
f 81/81/73 82/82/73 83/83/73
s 1
f 84/84/74 85/85/75 86/86/76
f 84/84/74 87/87/77 85/85/75
f 88/88/78 89/89/79 90/90/80
f 91/91/81 92/92/82 93/93/83
f 88/88/78 90/90/80 94/94/84
f 91/91/81 95/95/85 96/96/86
f 91/91/81 93/93/83 95/95/85
f 88/88/78 97/97/87 89/89/79
f 98/98/88 99/99/89 100/100/90
f 101/101/91 102/102/92 103/103/93
f 98/98/88 104/104/94 99/99/89
f 101/101/91 103/103/93 105/105/95
f 101/101/91 105/105/95 106/106/96
f 98/98/88 107/107/97 104/104/94
f 108/108/98 109/109/99 110/110/100
f 111/111/101 112/112/102 113/113/103
f 111/111/101 114/114/100 115/115/104
f 111/111/101 115/115/104 112/112/102
f 108/108/98 116/116/105 109/109/99
f 117/117/106 118/118/107 119/119/108
f 117/117/106 120/120/109 121/121/110
f 122/122/111 123/123/112 124/124/113
f 117/117/106 119/119/108 120/120/109
s 0
f 125/125/114 126/126/114 127/127/114
s 1
f 122/122/111 128/128/115 123/123/112
f 129/129/116 130/130/117 131/131/118
f 129/129/116 132/132/119 133/133/120
f 134/134/121 135/135/122 136/136/123
f 134/134/121 137/137/124 135/135/122
f 134/134/121 136/136/123 138/138/125
f 129/129/116 131/131/118 132/132/119
f 139/139/126 140/140/127 141/141/128
f 139/139/126 142/142/129 143/143/130
f 139/139/126 144/144/131 140/140/127
f 139/139/126 141/141/128 145/145/132
f 139/139/126 145/145/132 142/142/129
f 139/139/126 143/143/130 144/144/131
f 146/146/133 147/147/134 148/148/135
s 0
f 149/149/136 150/150/136 151/151/136
s 1
f 152/152/137 153/153/138 154/154/139
f 152/152/137 155/155/140 153/153/138
f 146/146/133 156/156/141 147/147/134
s 0
f 157/157/142 158/158/142 159/159/142
s 1
f 160/160/82 161/161/143 162/162/144
s 0
f 163/163/82 164/164/82 165/165/82
f 166/166/82 167/167/82 168/168/82
s 1
f 169/169/82 170/170/145 171/171/82
s 0
f 169/169/82 171/171/82 172/172/82
s 1
f 169/169/82 173/173/146 170/170/145
f 174/174/147 175/175/148 176/176/149
f 174/174/147 177/177/150 175/175/148
s 0
f 178/178/151 179/179/151 180/180/151
s 1
f 181/181/152 182/182/153 183/183/154
f 184/184/155 185/185/156 186/186/157
f 181/181/152 183/183/154 187/187/158
s 0
f 188/188/159 189/189/159 190/190/159
s 1
f 181/181/152 191/191/160 182/182/153
f 192/192/161 193/193/162 194/194/163
f 195/195/164 196/196/165 197/197/166
f 195/195/164 197/197/166 198/198/167
f 192/192/161 194/194/163 199/199/168
f 195/195/164 198/198/167 200/200/169
f 201/201/170 202/202/171 203/203/172
f 204/204/173 205/205/174 206/206/175
f 204/204/173 207/207/176 205/205/174
f 204/204/173 206/206/175 208/208/177
f 204/204/173 208/208/177 209/209/178
f 201/201/170 203/203/172 210/210/179
f 211/211/180 212/212/181 213/213/182
f 211/211/180 214/214/183 215/215/184
f 211/211/180 215/215/184 216/216/185
s 0
f 217/217/186 218/218/186 219/219/186
s 1
f 211/211/180 213/213/182 214/214/183
f 220/220/187 221/221/188 222/222/189
f 220/220/187 223/223/190 224/224/191
f 220/220/187 225/225/192 221/221/188
f 220/220/187 226/226/193 225/225/192
f 220/220/187 222/222/189 223/223/190
f 220/220/187 227/227/194 226/226/193
f 220/220/187 224/224/191 227/227/194
f 228/228/195 229/229/196 230/230/197
f 228/228/195 230/230/197 231/231/198
f 232/232/199 233/233/200 234/234/201
f 232/232/199 235/235/202 236/236/203
f 232/232/199 234/234/201 237/237/204
f 232/232/199 236/236/203 233/233/200
f 238/238/205 239/239/206 240/240/207
f 238/238/205 240/240/207 241/241/208
f 242/242/209 243/243/210 244/244/211
f 238/238/205 245/245/212 239/239/206
f 242/242/209 246/246/213 243/243/210
f 242/242/209 244/244/211 247/247/214
f 248/248/215 249/249/216 250/250/217
f 248/248/215 251/251/218 252/252/219
f 248/248/215 253/253/220 251/251/218
f 248/248/215 254/254/221 253/253/220
f 248/248/215 252/252/219 249/249/216
f 248/248/215 250/250/217 254/254/221
f 255/255/222 256/256/223 257/257/224
f 258/258/225 259/259/226 260/260/227
f 258/258/225 261/261/228 259/259/226
f 255/255/222 262/262/229 256/256/223
f 263/263/230 264/264/231 265/265/232
f 266/266/233 267/267/234 268/268/235
f 269/269/236 270/270/237 271/271/238
f 272/272/239 273/273/239 274/274/239
f 275/275/240 276/276/241 277/277/242
f 269/269/236 271/271/238 278/278/243
s 0
f 279/279/244 280/280/244 281/281/244
s 1
f 282/282/245 283/283/246 284/284/246
f 285/285/247 286/286/2 287/287/2
f 285/285/247 288/288/248 289/289/249
f 285/285/247 289/289/249 286/286/2
f 290/290/250 291/291/251 292/292/252
f 290/290/250 293/293/253 294/294/254
f 290/290/250 295/295/255 291/291/251
f 290/290/250 294/294/254 295/295/255
f 290/290/250 296/296/256 293/293/253
f 290/290/250 292/292/252 296/296/256
f 297/297/257 298/298/258 299/299/259
f 300/300/260 301/301/261 302/302/262
f 297/297/257 303/303/263 304/304/264
f 297/297/257 305/305/265 303/303/263
f 300/300/260 306/306/266 301/301/261
f 297/297/257 299/299/259 305/305/265
f 307/307/267 308/308/268 309/309/269
f 307/307/267 310/310/270 311/311/271
f 307/307/267 311/311/271 308/308/268
f 307/307/267 312/312/272 310/310/270
f 307/307/267 313/313/273 312/312/272
f 307/307/267 309/309/269 313/313/273
f 314/314/274 315/315/275 316/316/2
f 314/314/274 317/317/276 318/318/2
f 314/314/274 318/318/2 319/319/2
f 314/314/274 316/316/2 317/317/276
f 314/314/274 319/319/2 315/315/275
f 320/320/277 321/321/278 322/322/279
f 320/320/277 323/323/280 324/324/281
f 320/320/277 324/324/281 325/325/282
f 320/320/277 322/322/279 323/323/280
s 0
f 326/326/283 327/327/283 328/328/283
s 1
f 329/329/284 330/330/285 331/331/286
f 332/332/287 333/333/288 334/334/289
f 329/329/284 335/335/290 330/330/285
f 329/329/284 331/331/286 336/336/291
f 332/332/287 337/337/292 333/333/288
f 329/329/284 336/336/291 338/338/293
f 339/339/294 340/340/295 341/341/296
f 339/339/294 341/341/296 342/342/297
f 339/339/294 342/342/297 343/343/298
f 339/339/294 344/344/299 340/340/295
f 339/339/294 343/343/298 345/345/300
f 339/339/294 345/345/300 344/344/299
f 346/346/301 347/347/302 348/348/303
f 349/349/304 350/350/305 351/351/306
f 349/349/304 352/352/307 353/353/308
f 349/349/304 351/351/306 352/352/307
f 349/349/304 353/353/308 354/354/309
f 355/355/310 356/356/311 357/357/312
f 358/358/100 359/359/313 360/360/100
f 355/355/310 361/361/314 356/356/311
f 358/358/100 362/362/315 359/359/313
f 355/355/310 357/357/312 363/363/316
f 358/358/100 360/360/100 364/364/317
f 365/365/318 366/366/319 367/367/2
f 368/368/320 369/369/321 370/370/322
f 368/368/320 371/371/323 369/369/321
f 365/365/318 372/372/324 366/366/319
f 373/373/325 374/374/326 375/375/327
f 373/373/325 375/375/327 376/376/328
f 365/365/318 377/377/329 372/372/324
f 378/378/330 379/379/331 380/380/332
f 378/378/330 380/380/332 381/381/333
f 382/382/334 383/383/335 384/384/336
f 385/385/337 386/386/338 387/387/339
f 385/385/337 388/388/340 389/389/341
f 385/385/337 390/390/342 391/391/343
f 385/385/337 391/391/343 386/386/338
f 385/385/337 387/387/339 388/388/340
f 385/385/337 389/389/341 390/390/342
f 392/392/344 393/393/345 394/394/346
f 395/395/347 396/396/348 397/397/349
s 0
f 398/398/350 399/399/350 400/400/350
f 401/401/351 402/402/351 403/403/351
s 1
f 404/404/352 405/405/353 406/406/354
s 0
f 407/407/355 408/408/355 409/409/355
f 410/410/356 411/411/356 412/412/356
s 1
f 413/413/357 414/414/358 415/415/359
f 416/416/360 417/417/361 418/418/362
f 413/413/357 419/419/363 420/420/364
f 413/413/357 421/421/365 414/414/358
f 413/413/357 415/415/359 419/419/363
f 422/422/366 423/423/367 424/424/368
f 425/425/369 426/426/82 427/427/370
f 422/422/366 428/428/371 423/423/367
f 422/422/366 424/424/368 429/429/372
f 422/422/366 430/430/373 428/428/371
f 425/425/369 427/427/370 431/431/374
f 432/432/375 433/433/376 434/434/377
f 432/432/375 435/435/378 433/433/376
f 432/432/375 436/436/379 435/435/378
f 437/437/380 438/438/381 439/439/382
s 0
f 440/440/380 441/441/380 442/442/380
s 1
f 443/443/383 444/444/384 445/445/385
s 0
f 446/446/386 447/447/386 448/448/386
s 1
f 443/443/383 449/449/387 444/444/384
f 443/443/383 445/445/385 450/450/388
f 443/443/383 451/451/389 449/449/387
f 452/452/390 453/453/391 454/454/392
f 455/455/393 456/456/394 457/457/395
f 458/458/396 459/459/397 460/460/398
f 452/452/390 454/454/392 461/461/399
f 455/455/393 462/462/400 456/456/394
f 458/458/396 460/460/398 463/463/401
f 464/464/402 465/465/403 466/466/404
f 464/464/402 311/311/271 465/465/403
f 464/464/402 467/467/405 311/311/271
f 464/464/402 466/466/404 468/468/406
f 464/464/402 468/468/406 467/467/405
f 469/469/407 470/470/408 471/471/409
f 469/469/407 472/472/410 473/473/411
f 469/469/407 473/473/411 470/470/408
f 469/469/407 471/471/409 474/474/412
f 469/469/407 474/474/412 472/472/410
f 475/475/413 476/476/414 477/477/415
f 475/475/413 477/477/415 478/478/416
f 479/479/417 480/480/418 481/481/418
f 475/475/413 482/482/419 476/476/414
f 475/475/413 483/483/420 482/482/419
f 484/484/421 485/485/422 486/486/423
f 484/484/421 487/487/424 488/488/425
s 0
f 489/489/2 490/490/2 491/491/2
s 1
f 484/484/421 488/488/425 485/485/422
s 0
f 492/492/2 493/493/2 494/494/2
f 495/495/388 496/496/388 497/497/388
s 1
f 498/498/426 499/499/427 500/500/428
f 501/501/429 502/502/430 503/503/431
s 0
f 504/504/432 505/505/432 506/506/432
s 1
f 507/507/433 508/508/434 509/509/435
f 507/507/433 510/510/436 511/511/437
f 507/507/433 512/512/82 510/510/436
f 507/507/433 511/511/437 508/508/434
s 0
f 513/513/438 514/514/438 515/515/438
f 516/516/439 517/517/439 518/518/439
s 1
f 519/519/440 520/520/441 521/521/442
f 519/519/440 522/522/443 520/520/441
f 519/519/440 523/523/444 524/524/445
f 519/519/440 521/521/442 523/523/444
f 519/519/440 525/525/446 522/522/443
f 519/519/440 524/524/445 525/525/446
f 526/526/447 527/527/448 528/528/449
f 526/526/447 529/529/450 527/527/448
f 526/526/447 528/528/449 530/530/451
f 526/526/447 530/530/451 531/531/452
f 526/526/447 531/531/452 529/529/450
f 532/532/453 533/533/454 175/175/148
f 532/532/453 534/534/455 535/535/456
f 532/532/453 536/536/457 534/534/455
f 532/532/453 175/175/148 537/537/458
f 532/532/453 535/535/456 533/533/454
f 532/532/453 537/537/458 536/536/457
f 538/538/459 539/539/460 540/540/461
f 541/541/462 542/542/463 543/543/464
f 538/538/459 540/540/461 544/544/465
f 545/545/466 546/546/467 547/547/468
f 548/548/469 549/549/470 550/550/471
f 548/548/469 550/550/471 551/551/472
f 545/545/466 552/552/473 546/546/467
f 548/548/469 553/553/474 549/549/470
f 545/545/466 547/547/468 554/554/475
f 548/548/469 551/551/472 555/555/476
f 556/556/477 557/557/478 558/558/479
f 556/556/477 558/558/479 559/559/480
f 560/560/481 419/419/363 561/561/482
f 562/562/483 563/563/484 564/564/485
f 565/565/486 566/566/487 567/567/488
f 568/568/489 569/569/490 570/570/491
f 568/568/489 571/571/492 572/572/493
f 573/573/494 574/574/495 575/575/496
f 568/568/489 576/576/497 569/569/490
f 568/568/489 570/570/491 571/571/492
f 573/573/494 575/575/496 577/577/498
s 0
f 578/578/499 579/579/499 580/580/499
f 581/581/500 582/582/500 583/583/500
f 584/584/501 585/585/501 586/586/501
f 587/587/502 588/588/502 589/589/502
s 1
f 590/590/503 591/591/504 592/592/504
s 0
f 593/593/503 594/594/503 595/595/503
s 1
f 596/596/505 597/597/506 598/598/507
f 599/599/508 600/600/509 601/601/508
f 596/596/505 598/598/507 602/602/510
s 0
f 603/603/511 604/604/511 605/605/511
s 1
f 606/606/512 607/607/513 608/608/513
f 599/599/508 601/601/508 609/609/514
f 610/610/515 611/611/516 612/612/517
f 613/613/518 614/614/519 615/615/520
f 613/613/518 616/616/521 617/617/522
f 613/613/518 618/618/523 619/619/524
f 613/613/518 619/619/524 616/616/521
f 613/613/518 615/615/520 620/620/525
f 613/613/518 617/617/522 614/614/519
f 613/613/518 620/620/525 618/618/523
f 621/621/526 622/622/527 623/623/528
f 624/624/529 625/625/530 626/626/531
f 621/621/526 627/627/532 628/628/533
f 624/624/529 629/629/534 625/625/530
f 624/624/529 630/630/535 629/629/534
f 621/621/526 628/628/533 622/622/527
f 631/631/536 632/632/2 633/633/2
f 631/631/536 634/634/2 635/635/537
f 631/631/536 633/633/2 634/634/2
s 0
f 636/636/538 637/637/538 638/638/538
s 1
f 631/631/536 635/635/537 639/639/539
s 0
f 640/640/2 641/641/2 642/642/2
s 1
f 643/643/540 644/644/541 645/645/542
f 643/643/540 646/646/543 647/647/544
f 643/643/540 647/647/544 644/644/541
f 643/643/540 648/648/545 649/649/546
f 650/650/547 651/651/548 652/652/549
f 643/643/540 649/649/546 646/646/543
f 650/650/547 653/653/550 651/651/548
f 654/654/551 655/655/552 656/656/553
f 654/654/551 657/657/554 658/658/555
f 654/654/551 658/658/555 655/655/552
f 24/24/20 659/659/556 25/25/21
f 660/660/557 661/661/558 662/662/559
f 663/663/560 664/664/561 665/665/562
f 660/660/557 666/666/563 661/661/558
f 663/663/560 667/667/564 668/668/565
f 663/663/560 665/665/562 667/667/564
f 660/660/557 662/662/559 669/669/566
f 670/670/567 671/671/568 672/672/569
f 673/673/570 674/674/571 675/675/572
f 670/670/567 676/676/573 677/677/574
f 673/673/570 675/675/572 678/678/575
f 670/670/567 679/679/576 671/671/568
f 680/680/577 681/681/578 682/682/579
f 670/670/567 672/672/569 676/676/573
f 683/683/580 684/684/581 685/685/582
f 683/683/580 686/686/583 687/687/584
f 688/688/585 689/689/586 690/690/587
f 691/691/588 692/692/589 693/693/590
f 688/688/585 690/690/587 694/694/591
f 683/683/580 685/685/582 686/686/583
f 691/691/588 695/695/592 692/692/589
f 470/470/408 473/473/411 696/696/593
f 470/470/408 697/697/594 471/471/409
f 470/470/408 698/698/595 699/699/596
f 470/470/408 696/696/593 698/698/595
f 470/470/408 699/699/596 697/697/594
f 700/700/597 701/701/598 702/702/599
f 703/703/600 704/704/601 705/705/602
f 700/700/597 706/706/603 701/701/598
f 703/703/600 707/707/604 704/704/601
f 708/708/605 709/709/606 710/710/607
f 708/708/605 710/710/607 711/711/608
f 712/712/609 713/713/610 714/714/611
f 715/715/612 716/716/613 717/717/614
f 712/712/609 718/718/615 719/719/616
f 712/712/609 720/720/617 718/718/615
f 715/715/612 717/717/614 721/721/618
f 712/712/609 719/719/616 713/713/610
f 722/722/619 723/723/620 724/724/621
f 722/722/619 725/725/622 726/726/623
f 722/722/619 726/726/623 727/727/624
f 722/722/619 724/724/621 725/725/622
f 722/722/619 727/727/624 728/728/625
f 722/722/619 728/728/625 723/723/620
f 729/729/626 730/730/627 731/731/628
f 732/732/393 733/733/629 459/459/397
f 734/734/393 457/457/395 735/735/630
s 0
f 736/736/393 737/737/393 738/738/393
s 1
f 729/729/626 731/731/628 739/739/631
f 732/732/393 740/740/632 733/733/629
f 741/741/633 229/229/196 742/742/634
f 741/741/633 743/743/635 744/744/636
f 741/741/633 744/744/636 745/745/637
f 741/741/633 746/746/638 743/743/635
f 741/741/633 745/745/637 229/229/196
f 747/747/639 234/234/201 748/748/640
f 749/749/641 750/750/642 751/751/643
f 749/749/641 751/751/643 752/752/644
f 749/749/641 753/753/645 754/754/646
f 749/749/641 752/752/644 753/753/645
f 749/749/641 754/754/646 750/750/642
f 755/755/647 756/756/648 757/757/649
f 758/758/650 759/759/651 760/760/652
f 758/758/650 760/760/652 761/761/653
f 755/755/647 757/757/649 762/762/654
f 755/755/647 763/763/655 756/756/648
f 764/764/656 765/765/657 766/766/658
f 764/764/656 766/766/658 767/767/659
f 764/764/656 768/768/660 769/769/661
f 764/764/656 767/767/659 768/768/660
f 764/764/656 769/769/661 765/765/657
f 770/770/662 771/771/663 772/772/664
f 770/770/662 773/773/665 774/774/666
f 770/770/662 775/775/667 776/776/668
f 770/770/662 776/776/668 773/773/665
f 770/770/662 772/772/664 775/775/667
f 770/770/662 774/774/666 771/771/663
f 777/777/669 778/778/670 779/779/671
f 780/780/438 781/781/672 782/782/673
f 783/783/674 784/784/675 785/785/676
f 783/783/674 785/785/676 786/786/677
f 783/783/674 787/787/678 784/784/675
f 777/777/669 788/788/679 778/778/670
f 661/661/558 789/789/680 790/790/681
f 791/791/682 792/792/682 793/793/683
f 791/791/682 794/794/684 792/792/682
f 661/661/558 790/790/681 662/662/559
f 795/795/685 796/796/686 797/797/687
f 798/798/688 799/799/689 800/800/690
f 795/795/685 797/797/687 801/801/691
f 802/802/692 803/803/438 804/804/693
f 802/802/692 804/804/693 805/805/694
f 806/806/438 807/807/695 808/808/696
s 0
f 809/809/697 810/810/697 811/811/697
f 812/812/698 813/813/698 814/814/698
s 1
f 806/806/438 808/808/696 815/815/699
f 816/816/2 817/817/700 818/818/701
s 0
f 819/819/2 820/820/2 821/821/2
s 1
f 819/819/2 822/822/702 823/823/703
s 0
f 816/816/2 824/824/2 825/825/2
s 1
f 819/819/2 821/821/2 822/822/702
s 0
f 819/819/2 826/826/2 820/820/2
s 1
f 816/816/2 818/818/701 824/824/2
f 827/827/704 828/828/705 829/829/706
f 830/830/707 831/831/708 832/832/709
f 833/833/710 834/834/711 835/835/712
f 830/830/707 836/836/713 837/837/714
f 830/830/707 838/838/715 831/831/708
f 839/839/716 840/840/717 841/841/718
f 830/830/707 837/837/714 838/838/715
f 842/842/719 843/843/720 844/844/721
f 842/842/719 845/845/722 846/846/723
f 847/847/724 848/848/725 849/849/726
f 842/842/719 850/850/727 843/843/720
f 842/842/719 844/844/721 845/845/722
f 851/851/728 852/852/729 853/853/730
f 851/851/728 853/853/730 854/854/731
f 855/855/732 856/856/733 857/857/734
f 855/855/732 857/857/734 858/858/735
f 859/859/736 860/860/737 861/861/738
f 859/859/736 862/862/739 863/863/740
f 859/859/736 861/861/738 862/862/739
f 859/859/736 863/863/740 864/864/741
f 865/865/742 866/866/743 867/867/744
f 865/865/742 868/868/745 866/866/743
f 869/869/746 870/870/747 871/871/748
f 869/869/746 871/871/748 872/872/749
f 869/869/746 873/873/750 870/870/747
f 869/869/746 874/874/751 875/875/752
f 869/869/746 876/876/753 873/873/750
f 869/869/746 872/872/749 874/874/751
f 869/869/746 875/875/752 876/876/753
f 877/877/754 878/878/755 879/879/756
f 877/877/754 880/880/393 881/881/393
f 877/877/754 881/881/393 878/878/755
f 877/877/754 879/879/756 882/882/757
f 883/883/393 884/884/758 885/885/759
f 886/886/760 887/887/761 888/888/762
f 886/886/760 888/888/762 889/889/763
f 890/890/764 891/891/765 892/892/766
f 890/890/764 893/893/767 891/891/765
f 886/886/760 894/894/768 895/895/769
f 886/886/760 895/895/769 887/887/761
f 886/886/760 896/896/770 897/897/771
f 886/886/760 897/897/771 894/894/768
f 898/898/772 899/899/773 900/900/774
f 898/898/772 901/901/775 902/902/776
f 903/903/777 904/904/778 905/905/779
f 903/903/777 905/905/779 906/906/780
f 898/898/772 900/900/774 901/901/775
f 903/903/777 907/907/781 904/904/778
f 903/903/777 908/908/782 907/907/781
f 909/909/783 34/34/30 33/33/29
f 909/909/783 33/33/29 910/910/784
f 909/909/783 911/911/785 34/34/30
f 909/909/783 910/910/784 912/912/786
f 909/909/783 912/912/786 911/911/785
f 913/913/787 914/914/788 915/915/789
f 913/913/787 915/915/789 916/916/790
f 917/917/791 918/918/792 919/919/82
f 917/917/791 920/920/793 918/918/792
f 921/921/794 922/922/795 923/923/796
f 917/917/791 924/924/797 920/920/793
f 921/921/794 923/923/796 925/925/798
f 917/917/791 926/926/799 924/924/797
f 927/927/2 928/928/800 929/929/801
s 0
f 930/930/2 931/931/2 932/932/2
s 1
f 933/933/802 934/934/803 935/935/804
f 933/933/802 936/936/805 934/934/803
f 933/933/802 935/935/804 937/937/806
s 0
f 938/938/2 939/939/2 940/940/2
s 1
f 941/941/807 942/942/808 943/943/809
f 941/941/807 944/944/810 945/945/811
f 941/941/807 945/945/811 946/946/812
f 941/941/807 946/946/812 947/947/813
f 941/941/807 943/943/809 944/944/810
f 948/948/814 949/949/815 950/950/816
f 951/951/817 952/952/818 953/953/819
f 951/951/817 954/954/820 955/955/821
f 951/951/817 953/953/819 39/39/35
f 951/951/817 39/39/35 954/954/820
f 951/951/817 955/955/821 952/952/818
s 0
f 956/956/822 957/957/822 958/958/822
s 1
f 959/959/823 960/960/824 961/961/825
f 962/962/826 963/963/827 964/964/828
f 959/959/823 965/965/829 960/960/824
f 962/962/826 966/966/830 963/963/827
f 959/959/823 961/961/825 967/967/831
f 968/968/832 969/969/833 970/970/834
f 971/971/835 972/972/836 973/973/837
f 971/971/835 974/974/838 975/975/839
f 968/968/832 103/103/93 976/976/840
f 971/971/835 975/975/839 972/972/836
f 968/968/832 970/970/834 103/103/93
s 0
f 977/977/2 642/642/2 641/641/2
f 977/977/2 978/978/2 979/979/2
f 980/980/2 981/981/2 982/982/2
f 980/980/2 983/983/2 981/981/2
f 977/977/2 979/979/2 642/642/2
f 980/980/2 984/984/2 983/983/2
s 1
f 985/985/841 986/986/842 987/987/843
s 0
f 988/988/844 989/989/844 990/990/844
s 1
f 991/991/845 992/992/846 993/993/847
f 994/994/848 995/995/849 996/996/850
f 994/994/848 996/996/850 997/997/851
f 991/991/845 998/998/852 992/992/846
f 999/999/853 1000/1000/854 1001/1001/855
f 999/999/853 1002/1002/856 1000/1000/854
f 999/999/853 351/351/306 1003/1003/857
f 999/999/853 1004/1004/858 351/351/306
s 0
f 1005/1005/859 1006/1006/859 1007/1007/859
s 1
f 999/999/853 1001/1001/855 1004/1004/858
f 999/999/853 1008/1008/860 1002/1002/856
f 1009/1009/861 1010/1010/862 1011/1011/863
f 1009/1009/861 1012/1012/864 1013/1013/865
f 1009/1009/861 1011/1011/863 1014/1014/866
f 1009/1009/861 1014/1014/866 1012/1012/864
f 1009/1009/861 1015/1015/867 1010/1010/862
f 1009/1009/861 1013/1013/865 1015/1015/867
f 1016/1016/868 1017/1017/869 1018/1018/870
f 1016/1016/868 1018/1018/870 1019/1019/871
f 1016/1016/868 1020/1020/872 1021/1021/873
f 1016/1016/868 1021/1021/873 1017/1017/869
f 1016/1016/868 1019/1019/871 1020/1020/872
f 1022/1022/874 1023/1023/875 1024/1024/876
f 1022/1022/874 1025/1025/877 1026/1026/878
f 1027/1027/879 1028/1028/880 1029/1029/881
f 1027/1027/879 1029/1029/881 1030/1030/882
f 1022/1022/874 1024/1024/876 1031/1031/883
f 1027/1027/879 1032/1032/884 1028/1028/880
f 1022/1022/874 1031/1031/883 1025/1025/877
f 1033/1033/885 1034/1034/886 1035/1035/887
f 1033/1033/885 1035/1035/887 1036/1036/888
f 1037/1037/889 1038/1038/890 1039/1039/891
f 533/533/454 1040/1040/892 176/176/149
f 533/533/454 1041/1041/893 1040/1040/892
f 533/533/454 535/535/456 1041/1041/893
f 533/533/454 176/176/149 175/175/148
f 916/916/790 1042/1042/894 1043/1043/895
f 916/916/790 915/915/789 1042/1042/894
f 1044/1044/82 1045/1045/896 1046/1046/897
f 1044/1044/82 1046/1046/897 1047/1047/898
f 1048/1048/899 1049/1049/900 1050/1050/900
s 0
f 1051/1051/901 1052/1052/901 1053/1053/901
f 1054/1054/902 1055/1055/902 1056/1056/902
s 1
f 1057/1057/903 1058/1058/904 1059/1059/905
f 1057/1057/903 1060/1060/906 1061/1061/907
f 1057/1057/903 1062/1062/908 1060/1060/906
f 1057/1057/903 1063/1063/909 1062/1062/908
f 1057/1057/903 1061/1061/907 1064/1064/910
f 1065/1065/911 417/417/361 1066/1066/912
f 1057/1057/903 1064/1064/910 1058/1058/904
f 1065/1065/911 418/418/362 417/417/361
f 1065/1065/911 1067/1067/913 418/418/362
f 1068/1068/914 1069/1069/915 1070/1070/916
f 1068/1068/914 1071/1071/917 1072/1072/918
f 1068/1068/914 1072/1072/918 1073/1073/919
f 1068/1068/914 1073/1073/919 1069/1069/915
f 1068/1068/914 1070/1070/916 1071/1071/917
f 1074/1074/920 1075/1075/921 1076/1076/2
f 1074/1074/920 1077/1077/2 1078/1078/922
f 1074/1074/920 1079/1079/2 1077/1077/2
f 1074/1074/920 1076/1076/2 1079/1079/2
f 1074/1074/920 1080/1080/923 1075/1075/921
f 1074/1074/920 1078/1078/922 1080/1080/923
f 1081/1081/924 1082/1082/925 1083/1083/926
f 1084/1084/927 1085/1085/928 1086/1086/929
s 0
f 1087/1087/930 1088/1088/930 1089/1089/930
s 1
f 1081/1081/924 1090/1090/931 1091/1091/932
f 1092/1092/933 1093/1093/934 1094/1094/935
f 1081/1081/924 1091/1091/932 1082/1082/925
s 0
f 1095/1095/936 1096/1096/936 1097/1097/936
s 1
f 1098/1098/937 1099/1099/938 1100/1100/939
f 1101/1101/940 1102/1102/941 1103/1103/942
f 1101/1101/940 1103/1103/942 1104/1104/943
f 1098/1098/937 1105/1105/944 1099/1099/938
f 1101/1101/940 1106/1106/945 1102/1102/941
f 1107/1107/946 1108/1108/947 1109/1109/948
f 1107/1107/946 1109/1109/948 1110/1110/949
f 1107/1107/946 1110/1110/949 1111/1111/950
f 1107/1107/946 1112/1112/951 1108/1108/947
f 1113/1113/952 1114/1114/953 1115/1115/954
f 1113/1113/952 1116/1116/955 1117/1117/956
f 1118/1118/957 1119/1119/958 1120/1120/959
f 1118/1118/957 1120/1120/959 1121/1121/960
f 1118/1118/957 1122/1122/961 1119/1119/958
f 1113/1113/952 1115/1115/954 1116/1116/955
f 1123/1123/962 1124/1124/963 1125/1125/964
f 1123/1123/962 1126/1126/965 1127/1127/966
f 1123/1123/962 1125/1125/964 1126/1126/965
f 1123/1123/962 1128/1128/967 1124/1124/963
f 1123/1123/962 1127/1127/966 1129/1129/968
f 1123/1123/962 1129/1129/968 1128/1128/967
f 1130/1130/969 1131/1131/970 1132/1132/971
f 1133/1133/972 1134/1134/973 1135/1135/974
f 1133/1133/972 1135/1135/974 1136/1136/975
f 1133/1133/972 1136/1136/975 1137/1137/976
f 1138/1138/388 1139/1139/977 1140/1140/978
f 1138/1138/388 1140/1140/978 1141/1141/979
f 1142/1142/980 1143/1143/981 1144/1144/982
f 1145/1145/983 1146/1146/984 1147/1147/985
f 1145/1145/983 1148/1148/986 1149/1149/987
f 1145/1145/983 1150/1150/988 1146/1146/984
f 1145/1145/983 1149/1149/987 1150/1150/988
f 1145/1145/983 1147/1147/985 1151/1151/989
f 1152/1152/990 1153/1153/991 1154/1154/992
f 1152/1152/990 1155/1155/993 1156/1156/994
f 1152/1152/990 1157/1157/995 1158/1158/996
f 1159/1159/997 1160/1160/998 1161/1161/998
f 1152/1152/990 1019/1019/871 1153/1153/991
f 1152/1152/990 1154/1154/992 1157/1157/995
f 1152/1152/990 1156/1156/994 1019/1019/871
f 1030/1030/882 1029/1029/881 1162/1162/999
f 1030/1030/882 1163/1163/1000 1164/1164/1001
f 1030/1030/882 1162/1162/999 1163/1163/1000
f 1165/1165/1002 1166/1166/1003 1167/1167/1004
f 1165/1165/1002 1167/1167/1004 1168/1168/1005
f 1165/1165/1002 822/822/702 1169/1169/1006
f 1165/1165/1002 1168/1168/1005 822/822/702
f 485/485/422 1170/1170/1006 486/486/423
f 1171/1171/1007 1172/1172/1008 1173/1173/1009
f 1171/1171/1007 1173/1173/1009 323/323/280
f 1171/1171/1007 323/323/280 322/322/279
f 1171/1171/1007 1174/1174/1010 1172/1172/1008
f 1171/1171/1007 322/322/279 1174/1174/1010
f 1175/1175/1011 843/843/720 850/850/727
f 1176/1176/1012 1177/1177/1013 1178/1178/1014
f 1175/1175/1011 1179/1179/1015 843/843/720
f 1176/1176/1012 1180/1180/1016 1177/1177/1013
f 1176/1176/1012 1181/1181/1017 1182/1182/1018
f 1176/1176/1012 1182/1182/1018 1180/1180/1016
f 1183/1183/1019 1184/1184/1020 1185/1185/1021
f 1186/1186/1022 1187/1187/1023 1188/1188/1024
f 1186/1186/1022 1188/1188/1024 1189/1189/1025
f 1183/1183/1019 1190/1190/1026 1184/1184/1020
f 1186/1186/1022 1191/1191/1027 1192/1192/1028
f 1186/1186/1022 1189/1189/1025 1191/1191/1027
f 1193/1193/1029 1194/1194/1030 1195/1195/1031
f 1193/1193/1029 1196/1196/1032 1197/1197/1033
f 1193/1193/1029 1195/1195/1031 1198/1198/1034
f 1193/1193/1029 1197/1197/1033 1194/1194/1030
f 1193/1193/1029 1198/1198/1034 1196/1196/1032
f 1199/1199/1035 1200/1200/1036 1201/1201/1037
f 1202/1202/1038 873/873/750 876/876/753
f 1202/1202/1038 876/876/753 1203/1203/1039
f 1202/1202/1038 1204/1204/1040 1205/1205/1041
f 1202/1202/1038 1203/1203/1039 1206/1206/1042
f 1199/1199/1035 1207/1207/1043 1200/1200/1036
f 1202/1202/1038 1205/1205/1041 873/873/750
s 0
f 1208/1208/2 1209/1209/2 1210/1210/2
s 1
f 1211/1211/2 1212/1212/2 540/540/461
s 0
f 1208/1208/2 1213/1213/2 1209/1209/2
f 1208/1208/2 1214/1214/2 1215/1215/2
s 1
f 1208/1208/2 1210/1210/2 1216/1216/1044
s 0
f 1208/1208/2 1215/1215/2 1213/1213/2
s 1
f 1217/1217/1045 546/546/467 552/552/473
f 1217/1217/1045 1218/1218/1046 546/546/467
f 1219/1219/1047 1220/1220/1048 1221/1221/1049
f 1222/1222/1050 1223/1223/1051 1224/1224/1052
f 1219/1219/1047 964/964/828 963/963/827
f 1222/1222/1050 1225/1225/1053 1226/1226/1054
f 1219/1219/1047 1221/1221/1049 964/964/828
f 1222/1222/1050 1224/1224/1052 1225/1225/1053
f 1227/1227/1055 1228/1228/1056 1229/1229/1057
f 1227/1227/1055 972/972/836 1230/1230/1058
f 1227/1227/1055 1231/1231/1059 972/972/836
f 756/756/648 1232/1232/1060 1233/1233/1061
f 1227/1227/1055 1230/1230/1058 1228/1228/1056
f 756/756/648 763/763/655 1232/1232/1060
f 1234/1234/1062 1235/1235/1063 1236/1236/1064
f 1234/1234/1062 1236/1236/1064 1237/1237/1065
f 1234/1234/1062 1238/1238/1066 1239/1239/1067
f 1234/1234/1062 1240/1240/1068 1238/1238/1066
f 1234/1234/1062 1241/1241/1069 1240/1240/1068
f 1234/1234/1062 1239/1239/1067 1235/1235/1063
f 1234/1234/1062 1237/1237/1065 1241/1241/1069
f 1242/1242/1070 1243/1243/1071 1244/1244/1072
f 1245/1245/1073 1246/1246/1074 1247/1247/1075
f 1245/1245/1073 1248/1248/1076 1249/1249/1077
f 1245/1245/1073 1250/1250/1078 1251/1251/1079
f 1245/1245/1073 1251/1251/1079 1248/1248/1076
f 1245/1245/1073 1249/1249/1077 1246/1246/1074
f 1252/1252/1080 1253/1253/1081 1254/1254/1082
f 1255/1255/100 1256/1256/1083 1257/1257/1084
f 1252/1252/1080 1254/1254/1082 1258/1258/1085
f 1255/1255/100 1257/1257/1084 1259/1259/100
f 1252/1252/1080 1260/1260/1086 1253/1253/1081
s 0
f 1255/1255/100 1259/1259/100 1261/1261/100
f 1262/1262/1087 1263/1263/1087 1264/1264/1087
s 1
f 789/789/680 1265/1265/1088 790/790/681
s 0
f 1266/1266/438 1267/1267/438 1268/1268/438
s 1
f 1269/1269/1089 1270/1270/1090 1271/1271/1091
f 1272/1272/1092 1273/1273/1093 1274/1274/1094
s 0
f 1275/1275/1095 1276/1276/1095 1277/1277/1095
f 1278/1278/1096 1279/1279/1096 1280/1280/1096
s 1
f 1272/1272/1092 1274/1274/1094 1281/1281/1097
f 1272/1272/1092 682/682/579 1282/1282/1098
f 1272/1272/1092 1283/1283/1099 1273/1273/1093
s 0
f 1284/1284/1100 1285/1285/1100 1286/1286/1100
s 1
f 1272/1272/1092 1282/1282/1098 1283/1283/1099
f 1287/1287/1101 1288/1288/1102 1289/1289/1103
f 1287/1287/1101 1290/1290/1104 894/894/768
f 1287/1287/1101 1291/1291/1105 1290/1290/1104
f 1287/1287/1101 1289/1289/1103 1291/1291/1105
f 1287/1287/1101 1292/1292/1106 1288/1288/1102
f 1287/1287/1101 894/894/768 1292/1292/1106
f 1293/1293/1107 472/472/410 1294/1294/1108
f 1293/1293/1107 473/473/411 472/472/410
f 1293/1293/1107 1295/1295/1109 1296/1296/1110
f 1293/1293/1107 696/696/593 473/473/411
f 1293/1293/1107 1294/1294/1108 1295/1295/1109
f 1293/1293/1107 1296/1296/1110 696/696/593
f 476/476/414 1297/1297/1111 477/477/415
f 476/476/414 482/482/419 1298/1298/1112
f 476/476/414 1298/1298/1112 1297/1297/1111
f 1299/1299/1113 1300/1300/1114 47/47/43
f 1299/1299/1113 920/920/793 924/924/797
f 1299/1299/1113 47/47/43 920/920/793
f 1299/1299/1113 924/924/797 1301/1301/1115
f 1299/1299/1113 1301/1301/1115 1302/1302/1116
f 1299/1299/1113 1302/1302/1116 1300/1300/1114
f 1303/1303/2 1304/1304/1117 1305/1305/2
f 1306/1306/2 1307/1307/2 1308/1308/1118
f 1303/1303/2 315/315/275 319/319/2
f 1303/1303/2 1309/1309/1119 315/315/275
s 0
f 1306/1306/2 1310/1310/2 1307/1307/2
s 1
f 1303/1303/2 1305/1305/2 1309/1309/1119
f 1311/1311/1120 1312/1312/1121 1313/1313/1122
f 1311/1311/1120 64/64/60 1312/1312/1121
f 1314/1314/1123 1315/1315/1124 1316/1316/1125
s 0
f 1317/1317/1126 1318/1318/1126 1319/1319/1126
s 1
f 1320/1320/1127 1321/1321/1128 153/153/138
f 1322/1322/1129 1323/1323/1130 1324/1324/1131
s 0
f 1325/1325/1132 1326/1326/1132 1327/1327/1132
s 1
f 1320/1320/1127 1328/1328/1133 1329/1329/1134
f 1320/1320/1127 1329/1329/1134 1321/1321/1128
f 1330/1330/1135 1331/1331/1136 1332/1332/1137
f 1333/1333/1138 1334/1334/1139 1335/1335/1140
f 1330/1330/1135 1332/1332/1137 1336/1336/1141
f 1330/1330/1135 1337/1337/1142 1331/1331/1136
f 1333/1333/1138 1338/1338/1143 1334/1334/1139
f 614/614/519 1339/1339/1144 1340/1340/1145
f 614/614/519 1340/1340/1145 615/615/520
f 614/614/519 617/617/522 1339/1339/1144
f 1341/1341/1146 1342/1342/1147 1343/1343/1148
f 1341/1341/1146 1108/1108/947 1344/1344/1149
f 1341/1341/1146 1344/1344/1149 1342/1342/1147
f 1341/1341/1146 1343/1343/1148 1109/1109/948
f 1341/1341/1146 1109/1109/948 1108/1108/947
f 1345/1345/1150 1346/1346/100 1347/1347/100
f 1345/1345/1150 1348/1348/1151 1349/1349/100
f 1345/1345/1150 1350/1350/1152 1348/1348/1151
f 109/109/99 116/116/105 1351/1351/1153
f 109/109/99 1352/1352/100 110/110/100
f 1345/1345/1150 1349/1349/100 1346/1346/100
f 384/384/336 1353/1353/1154 1354/1354/1155
f 379/379/331 1355/1355/1156 380/380/332
f 384/384/336 1354/1354/1155 1356/1356/1157
f 384/384/336 383/383/335 1353/1353/1154
f 379/379/331 1357/1357/1158 1355/1355/1156
f 1358/1358/1159 132/132/119 1359/1359/1160
f 1358/1358/1159 1360/1360/1161 1361/1361/1162
f 1358/1358/1159 133/133/120 132/132/119
f 1358/1358/1159 1361/1361/1162 133/133/120
f 1358/1358/1159 1362/1362/1163 1360/1360/1161
f 1358/1358/1159 1359/1359/1160 1362/1362/1163
f 1363/1363/1164 1364/1364/1165 1365/1365/1166
f 1363/1363/1164 1366/1366/1167 1367/1367/1168
f 1363/1363/1164 1367/1367/1168 1368/1368/1169
f 1363/1363/1164 1368/1368/1169 1364/1364/1165
f 1363/1363/1164 1365/1365/1166 1366/1366/1167
f 1075/1075/921 1369/1369/1170 1370/1370/1171
f 1075/1075/921 1371/1371/1172 1369/1369/1170
f 1075/1075/921 1080/1080/923 1371/1371/1172
f 1075/1075/921 1370/1370/1171 1076/1076/2
f 1372/1372/1173 1373/1373/1174 1374/1374/1175
f 1372/1372/1173 1375/1375/1176 1373/1373/1174
f 1376/1376/1177 1377/1377/1178 1378/1378/1179
f 1376/1376/1177 1379/1379/1180 1377/1377/1178
f 1376/1376/1177 1380/1380/1181 1381/1381/1182
f 1376/1376/1177 1381/1381/1182 1379/1379/1180
f 1382/1382/1183 1383/1383/1184 1384/1384/1185
f 1382/1382/1183 1384/1384/1185 1385/1385/1186
f 1382/1382/1183 1385/1385/1186 1386/1386/1187
f 1387/1387/100 1388/1388/1188 1389/1389/1189
f 1390/1390/1190 1391/1391/1191 1392/1392/1192
s 0
f 1393/1393/1193 1394/1394/1193 1395/1395/1193
s 1
f 1390/1390/1190 1396/1396/1194 1391/1391/1191
s 0
f 1397/1397/1195 1398/1398/1195 1399/1399/1195
s 1
f 393/393/345 1400/1400/1196 394/394/346
f 393/393/345 1401/1401/1197 1400/1400/1196
f 393/393/345 1402/1402/1198 1401/1401/1197
f 1403/1403/1199 1404/1404/1200 1405/1405/1201
f 1406/1406/1202 1407/1407/1203 1408/1408/1204
f 1406/1406/1202 1408/1408/1204 1409/1409/1205
f 1406/1406/1202 1409/1409/1205 1410/1410/1206
f 1406/1406/1202 1411/1411/1207 1407/1407/1203
f 1412/1412/1208 25/25/21 1413/1413/1209
f 1412/1412/1208 1414/1414/1210 26/26/22
f 1412/1412/1208 1413/1413/1209 1415/1415/1211
f 1412/1412/1208 1415/1415/1211 1416/1416/1212
f 1412/1412/1208 26/26/22 25/25/21
f 1417/1417/1213 1418/1418/1214 1419/1419/1215
f 1143/1143/981 503/503/431 1144/1144/982
f 256/256/223 1420/1420/1216 257/257/224
f 256/256/223 1421/1421/1217 1422/1422/1218
f 256/256/223 1422/1422/1218 1420/1420/1216
f 256/256/223 1423/1423/1219 1421/1421/1217
f 256/256/223 262/262/229 1423/1423/1219
f 1424/1424/393 1425/1425/393 1426/1426/1220
f 1427/1427/1221 690/690/587 270/270/237
f 1424/1424/393 1426/1426/1220 1428/1428/1222
f 1427/1427/1221 1429/1429/1223 690/690/587
f 1430/1430/1224 1431/1431/1225 1432/1432/2
f 1433/1433/1226 1434/1434/2 1435/1435/2
f 1430/1430/1224 1432/1432/2 1436/1436/2
f 1433/1433/1226 1437/1437/1227 1438/1438/82
f 1430/1430/1224 1439/1439/1228 1431/1431/1225
f 1433/1433/1226 1435/1435/2 1437/1437/1227
f 1440/1440/1229 1441/1441/1230 1442/1442/1231
f 1443/1443/1232 1444/1444/1233 1445/1445/1234
f 1446/1446/1235 1447/1447/1236 1448/1448/1237
f 1440/1440/1229 1449/1449/1238 1441/1441/1230
f 1443/1443/1232 1445/1445/1234 1450/1450/1239
f 1443/1443/1232 1451/1451/1240 1444/1444/1233
s 0
f 1452/1452/2 1453/1453/2 1454/1454/2
f 1455/1455/2 1456/1456/2 1457/1457/2
s 1
f 1455/1455/2 1458/1458/1241 1459/1459/1242
f 1455/1455/2 1460/1460/2 1458/1458/1241
f 1455/1455/2 1459/1459/1242 1456/1456/2
f 1461/1461/1243 1462/1462/1244 1463/1463/1245
s 0
f 1464/1464/1246 1465/1465/1246 1466/1466/1246
f 1467/1467/1247 1468/1468/1247 1469/1469/1247
f 1470/1470/1248 1471/1471/1248 1472/1472/1248
s 1
f 1473/1473/1249 1474/1474/1249 1475/1475/1249
f 1476/1476/1250 1477/1477/1251 1478/1478/1252
f 1479/1479/1253 1480/1480/1254 1481/1481/1255
f 1479/1479/1253 1482/1482/1256 1483/1483/1257
f 1479/1479/1253 1484/1484/1258 1482/1482/1256
f 1479/1479/1253 1483/1483/1257 1480/1480/1254
f 1479/1479/1253 1485/1485/1259 1484/1484/1258
f 1479/1479/1253 1481/1481/1255 1485/1485/1259
f 1486/1486/1260 1487/1487/1261 406/406/354
f 1488/1488/1262 144/144/131 1489/1489/1263
f 1488/1488/1262 1489/1489/1263 1490/1490/1264
f 1488/1488/1262 1491/1491/1265 144/144/131
f 1486/1486/1260 1492/1492/1266 1487/1487/1261
f 1486/1486/1260 406/406/354 405/405/353
f 952/952/818 1493/1493/1267 1494/1494/1268
f 952/952/818 1495/1495/1269 1493/1493/1267
f 952/952/818 1494/1494/1268 953/953/819
f 952/952/818 955/955/821 1495/1495/1269
f 1496/1496/1270 1497/1497/1271 1498/1498/1272
f 1496/1496/1270 1499/1499/1273 1497/1497/1271
f 1496/1496/1270 1498/1498/1272 1500/1500/1274
f 1496/1496/1270 1500/1500/1274 1501/1501/1275
f 1496/1496/1270 1501/1501/1275 1499/1499/1273
f 1502/1502/1276 1503/1503/1277 1112/1112/951
f 1502/1502/1276 1504/1504/1278 1503/1503/1277
f 1505/1505/1279 1506/1506/1280 1507/1507/1281
f 1505/1505/1279 1508/1508/1282 1509/1509/2
f 1505/1505/1279 1507/1507/1281 1508/1508/1282
f 1510/1510/1283 979/979/2 1511/1511/1284
f 1510/1510/1283 1511/1511/1284 330/330/285
f 1512/1512/1285 1513/1513/1286 1514/1514/1287
f 1515/1515/1288 1516/1516/1289 1517/1517/1290
f 1518/1518/1291 1519/1519/1292 1520/1520/1293
f 1518/1518/1291 1521/1521/1294 1522/1522/1295
f 1515/1515/1288 1523/1523/1296 1516/1516/1289
f 1518/1518/1291 1520/1520/1293 1521/1521/1294
f 1524/1524/1297 1525/1525/1298 1526/1526/1299
f 1524/1524/1297 1527/1527/1300 1528/1528/1301
f 1524/1524/1297 1529/1529/1302 1525/1525/1298
f 1524/1524/1297 1528/1528/1301 1529/1529/1302
s 0
f 1530/1530/1303 1531/1531/1303 1532/1532/1303
s 1
f 1010/1010/862 1533/1533/1304 1011/1011/863
f 1010/1010/862 1015/1015/867 1534/1534/1305
f 1010/1010/862 1535/1535/1306 1533/1533/1304
f 1536/1536/1307 1537/1537/1308 1538/1538/1309
f 1536/1536/1307 1538/1538/1309 1539/1539/1310
f 1540/1540/1311 1541/1541/1312 1542/1542/1313
f 1536/1536/1307 1539/1539/1310 1543/1543/393
f 1540/1540/1311 1542/1542/1313 1544/1544/1314
f 815/815/699 1545/1545/1315 1546/1546/1316
f 815/815/699 1546/1546/1316 1547/1547/1317
f 815/815/699 808/808/696 1545/1545/1315
f 803/803/438 1548/1548/1318 804/804/693
f 1462/1462/1244 1549/1549/1319 1463/1463/1245
s 0
f 1550/1550/1320 1551/1551/1320 1552/1552/1320
s 1
f 1553/1553/1321 1554/1554/1322 1555/1555/1323
f 1553/1553/1321 1555/1555/1323 1556/1556/1324
f 1557/1557/1325 1558/1558/1326 1559/1559/1327
s 0
f 1560/1560/1328 1561/1561/1328 1562/1562/1328
f 1563/1563/1329 1564/1564/1329 1565/1565/1329
s 1
f 1557/1557/1325 1566/1566/1330 1558/1558/1326
f 1567/1567/1331 1568/1568/1332 1569/1569/1332
f 1557/1557/1325 1570/1570/1333 1566/1566/1330
f 70/70/66 1571/1571/1334 1572/1572/1335
f 70/70/66 1572/1572/1335 1573/1573/1336
f 70/70/66 1574/1574/1337 71/71/67
f 70/70/66 74/74/70 1571/1571/1334
f 70/70/66 1573/1573/1336 1574/1574/1337
f 1575/1575/1338 1576/1576/1339 1577/1577/1340
f 1575/1575/1338 1578/1578/1341 1579/1579/1342
f 1580/1580/1343 1581/1581/1344 1582/1582/1345
f 1575/1575/1338 1579/1579/1342 1576/1576/1339
f 1580/1580/1343 1583/1583/1346 1581/1581/1344
f 1584/1584/1347 1585/1585/1348 1586/1586/1349
f 1587/1587/1350 1588/1588/1351 1589/1589/1352
f 1587/1587/1350 1589/1589/1352 1590/1590/1353
f 1584/1584/1347 1591/1591/1354 1585/1585/1348
f 1592/1592/1355 723/723/620 728/728/625
f 1593/1593/1356 1594/1594/1357 1595/1595/1358
f 1592/1592/1355 728/728/625 1596/1596/1359
f 1593/1593/1356 946/946/812 1594/1594/1357
f 1592/1592/1355 1596/1596/1359 949/949/815
f 1593/1593/1356 947/947/813 946/946/812
f 1597/1597/1360 1598/1598/1361 1599/1599/1362
f 1597/1597/1360 1600/1600/1363 1601/1601/1364
f 1597/1597/1360 1599/1599/1362 1600/1600/1363
f 1597/1597/1360 1602/1602/1365 1603/1603/1366
f 1597/1597/1360 1601/1601/1364 1602/1602/1365
f 1604/1604/1367 224/224/191 223/223/190
f 1605/1605/1368 1606/1606/1369 1607/1607/1370
f 1608/1608/1371 310/310/270 312/312/272
f 1608/1608/1371 1609/1609/1372 1610/1610/1373
f 1608/1608/1371 312/312/272 1609/1609/1372
f 1608/1608/1371 1610/1610/1373 1611/1611/1374
f 1608/1608/1371 1612/1612/1375 310/310/270
f 1373/1373/1174 841/841/718 1374/1374/1175
s 0
f 1613/1613/1376 1614/1614/1376 1615/1615/1376
f 1616/1616/1377 1617/1617/1377 1618/1618/1377
f 1616/1616/1378 1619/1619/1378 1617/1617/1378
f 1620/1620/1379 1621/1621/1379 1622/1622/1379
s 1
f 1623/1623/1380 1624/1624/1381 1625/1625/1380
f 1626/1626/1382 140/140/127 1491/1491/1265
f 1626/1626/1382 141/141/128 140/140/127
f 1626/1626/1382 1627/1627/1383 141/141/128
f 1628/1628/1384 397/397/349 396/396/348
f 1623/1623/1380 1625/1625/1380 1629/1629/1385
f 1630/1630/1386 1631/1631/1387 1632/1632/1388
f 1630/1630/1386 1633/1633/1389 1634/1634/1390
f 1630/1630/1386 1635/1635/1391 1631/1631/1387
f 1630/1630/1386 1634/1634/1390 1636/1636/1392
f 1630/1630/1386 1636/1636/1392 1635/1635/1391
f 1630/1630/1386 1632/1632/1388 1633/1633/1389
f 1637/1637/1393 1638/1638/1394 1639/1639/1395
f 1637/1637/1393 1640/1640/1396 1638/1638/1394
f 1637/1637/1393 1641/1641/1397 1640/1640/1396
f 1637/1637/1393 1639/1639/1395 1642/1642/1398
f 1637/1637/1393 1642/1642/1398 1641/1641/1397
f 1643/1643/1399 1644/1644/1400 1645/1645/1401
f 1643/1643/1399 1646/1646/1402 530/530/451
f 1643/1643/1399 530/530/451 1644/1644/1400
f 1647/1647/1403 293/293/253 1648/1648/1404
f 1647/1647/1403 294/294/254 293/293/253
f 1649/1649/1405 1650/1650/1406 1651/1651/1407
f 1649/1649/1405 1651/1651/1407 1652/1652/1408
f 1649/1649/1405 1652/1652/1408 1653/1653/1409
f 1649/1649/1405 1654/1654/1410 1650/1650/1406
f 1655/1655/1411 1656/1656/1412 1657/1657/1413
s 0
f 1658/1658/1414 1659/1659/1414 1660/1660/1414
s 1
f 1655/1655/1411 1661/1661/1415 1662/1662/1416
f 1655/1655/1411 1657/1657/1413 1661/1661/1415
s 0
f 1663/1663/1417 1664/1664/1417 1665/1665/1417
f 1666/1666/1418 1667/1667/1418 1668/1668/1418
s 1
f 1124/1124/963 1669/1669/1419 1670/1670/1420
s 0
f 1671/1671/1421 1672/1672/1421 1673/1673/1421
s 1
f 1124/1124/963 1670/1670/1420 1125/1125/964
f 1674/1674/1422 1675/1675/1423 1676/1676/1422
f 1674/1674/1422 1676/1676/1422 1677/1677/1424
f 1678/1678/1425 1679/1679/1426 1680/1680/1427
f 1678/1678/1425 1681/1681/1428 1679/1679/1426
f 1678/1678/1425 1680/1680/1427 1682/1682/1429
f 1678/1678/1425 1683/1683/1430 1684/1684/1431
f 1678/1678/1425 1684/1684/1431 1681/1681/1428
f 1678/1678/1425 1682/1682/1429 1683/1683/1430
f 1685/1685/1432 1686/1686/1433 1687/1687/1434
f 1685/1685/1432 1688/1688/1435 1689/1689/1436
f 1685/1685/1432 831/831/708 1688/1688/1435
f 1685/1685/1432 1689/1689/1436 1690/1690/1437
f 1685/1685/1432 1687/1687/1434 831/831/708
f 1685/1685/1432 1690/1690/1437 1686/1686/1433
s 0
f 1691/1691/2 1692/1692/2 1693/1693/2
f 1457/1457/2 1456/1456/2 1694/1694/2
f 1695/1695/2 1213/1213/2 1215/1215/2
f 1453/1453/2 1696/1696/2 1454/1454/2
s 1
f 1697/1697/1438 1698/1698/1439 1699/1699/1440
f 1697/1697/1438 1699/1699/1440 1700/1700/1441
f 1697/1697/1438 1701/1701/1442 1698/1698/1439
f 1000/1000/854 1702/1702/1443 1703/1703/1444
f 1704/1704/1445 1297/1297/1111 1705/1705/1446
f 1000/1000/854 1703/1703/1444 1706/1706/1447
f 1704/1704/1445 1705/1705/1446 1707/1707/1448
f 1000/1000/854 1002/1002/856 1702/1702/1443
f 1708/1708/1449 1709/1709/1450 1710/1710/1451
f 1708/1708/1449 1711/1711/1452 1709/1709/1450
f 1708/1708/1449 1710/1710/1451 1712/1712/1453
f 1708/1708/1449 1713/1713/1454 1711/1711/1452
f 1708/1708/1449 1712/1712/1453 1713/1713/1454
f 1714/1714/1455 1715/1715/1456 1716/1716/1457
f 1717/1717/1458 1718/1718/1459 1719/1719/1460
f 1717/1717/1458 72/72/68 71/71/67
f 1714/1714/1455 1720/1720/1461 1715/1715/1456
f 1717/1717/1458 71/71/67 1718/1718/1459
f 1721/1721/1462 1722/1722/1462 1723/1723/1462
f 1724/1724/1463 1725/1725/1464 1726/1726/1465
f 1724/1724/1463 1726/1726/1465 1727/1727/1466
s 0
f 1728/1728/1467 1729/1729/1467 1730/1730/1467
s 1
f 1731/1731/1468 1732/1732/1469 1733/1733/1469
f 1724/1724/1463 1734/1734/1470 1725/1725/1464
f 1735/1735/2 1736/1736/1471 1737/1737/2
s 0
f 1738/1738/2 1739/1739/2 1305/1305/2
s 1
f 1735/1735/2 1740/1740/1472 1736/1736/1471
f 1738/1738/2 96/96/86 1739/1739/2
f 1738/1738/2 1305/1305/2 1741/1741/1473
f 1735/1735/2 1737/1737/2 97/97/87
f 1742/1742/1474 1743/1743/1475 1744/1744/1476
f 1745/1745/1477 100/100/90 99/99/89
f 1742/1742/1474 1744/1744/1476 1746/1746/1478
f 1745/1745/1477 1747/1747/1479 100/100/90
f 1745/1745/1477 1748/1748/1480 1749/1749/1481
f 1745/1745/1477 1749/1749/1481 1747/1747/1479
f 1131/1131/970 1750/1750/1482 1132/1132/971
s 0
f 1751/1751/1483 1752/1752/1483 1753/1753/1483
s 1
f 1754/1754/1484 1755/1755/82 1756/1756/1485
f 1754/1754/1484 1757/1757/1486 1758/1758/1487
f 1754/1754/1484 1758/1758/1487 1759/1759/1488
f 1760/1760/1489 1761/1761/1490 342/342/297
f 1754/1754/1484 1756/1756/1485 1757/1757/1486
f 1762/1762/1491 1522/1522/1295 1763/1763/1492
f 1764/1764/1493 1765/1765/1494 1766/1766/1495
f 1764/1764/1493 1766/1766/1495 1767/1767/1496
f 1764/1764/1493 1767/1767/1496 1768/1768/1497
f 1764/1764/1493 1768/1768/1497 1769/1769/1498
f 1764/1764/1493 1769/1769/1498 1765/1765/1494
s 0
f 1770/1770/393 1771/1771/393 1772/1772/393
s 1
f 1773/1773/1499 1774/1774/1500 1072/1072/918
s 0
f 1770/1770/393 1772/1772/393 1775/1775/393
f 1776/1776/1501 1777/1777/1501 1778/1778/1501
f 1779/1779/1502 1780/1780/1502 1781/1781/1502
s 1
f 1773/1773/1499 1072/1072/918 1071/1071/917
f 1782/1782/1503 1783/1783/1504 1784/1784/1505
f 1782/1782/1503 1785/1785/1506 5/5/5
f 1782/1782/1503 1786/1786/1507 1785/1785/1506
f 1782/1782/1503 1784/1784/1505 1787/1787/1508
f 1782/1782/1503 4/4/4 1783/1783/1504
f 1782/1782/1503 5/5/5 4/4/4
f 1782/1782/1503 1787/1787/1508 1786/1786/1507
f 1788/1788/1509 1789/1789/1510 1790/1790/1511
f 1791/1791/1512 1792/1792/1513 1793/1793/1514
f 1788/1788/1509 1790/1790/1511 1794/1794/1515
f 1788/1788/1509 1794/1794/1515 1795/1795/1516
f 1796/1796/1517 1797/1797/1518 1798/1798/1519
f 1796/1796/1517 1798/1798/1519 1799/1799/1520
f 1796/1796/1517 1800/1800/1521 1801/1801/1522
f 1796/1796/1517 1799/1799/1520 1802/1802/1523
f 1796/1796/1517 1802/1802/1523 1800/1800/1521
f 1796/1796/1517 1801/1801/1522 1797/1797/1518
f 1803/1803/1524 1804/1804/1525 1805/1805/1526
f 1803/1803/1524 1806/1806/1527 177/177/150
f 1803/1803/1524 1807/1807/1528 1808/1808/1529
f 1803/1803/1524 1808/1808/1529 1804/1804/1525
f 1803/1803/1524 1809/1809/1530 1807/1807/1528
f 1803/1803/1524 1805/1805/1526 537/537/458
f 1803/1803/1524 177/177/150 1809/1809/1530
f 1803/1803/1524 537/537/458 1806/1806/1527
f 1810/1810/1531 1811/1811/1532 1812/1812/1533
f 1813/1813/1534 1814/1814/1535 1815/1815/1536
f 1810/1810/1531 1816/1816/1537 1817/1817/1538
f 1813/1813/1534 1818/1818/1539 1814/1814/1535
f 1810/1810/1531 1812/1812/1533 1819/1819/1540
f 1810/1810/1531 1819/1819/1540 1816/1816/1537
f 1331/1331/1136 1337/1337/1142 1820/1820/1541
f 1331/1331/1136 428/428/371 1332/1332/1137
f 1331/1331/1136 1820/1820/1541 428/428/371
f 52/52/48 1821/1821/1542 1822/1822/1543
f 52/52/48 1822/1822/1543 53/53/49
f 52/52/48 60/60/56 1821/1821/1542
f 569/569/490 1823/1823/1544 1824/1824/1545
f 569/569/490 576/576/497 1825/1825/1546
f 569/569/490 1824/1824/1545 570/570/491
f 569/569/490 1825/1825/1546 1823/1823/1544
f 1826/1826/1547 1827/1827/1548 1828/1828/1549
f 1826/1826/1547 1829/1829/1550 1827/1827/1548
f 1826/1826/1547 439/439/382 1829/1829/1550
s 0
f 1830/1830/393 1831/1831/393 1832/1832/393
s 1
f 1826/1826/1547 1833/1833/1551 439/439/382
f 1834/1834/1552 1835/1835/1553 1836/1836/1554
f 1834/1834/1552 1837/1837/1555 1838/1838/1556
f 1834/1834/1552 1838/1838/1556 1839/1839/1557
f 1834/1834/1552 1836/1836/1554 1840/1840/1558
f 1834/1834/1552 1839/1839/1557 1835/1835/1553
f 1834/1834/1552 1840/1840/1558 1837/1837/1555
f 1841/1841/1559 1842/1842/1560 1843/1843/1561
f 1841/1841/1559 1843/1843/1561 1844/1844/1562
f 1845/1845/1563 1528/1528/1301 1527/1527/1300
f 1845/1845/1563 1846/1846/1564 1528/1528/1301
f 534/534/455 536/536/457 1847/1847/1565
f 534/534/455 1847/1847/1565 1848/1848/1566
f 534/534/455 1848/1848/1566 535/535/456
s 0
f 1346/1346/100 1849/1849/100 1347/1347/100
f 1850/1850/100 1851/1851/100 1852/1852/100
s 1
f 1853/1853/1567 1854/1854/1568 1855/1855/1569
s 0
f 1856/1856/100 1857/1857/100 1858/1858/100
s 1
f 1853/1853/1567 1855/1855/1569 1859/1859/1570
f 1860/1860/1571 1861/1861/1572 1862/1862/1573
f 1860/1860/1571 1863/1863/1574 1864/1864/1575
f 1860/1860/1571 1865/1865/1576 1861/1861/1572
f 1860/1860/1571 1864/1864/1575 1865/1865/1576
f 1860/1860/1571 1862/1862/1573 1863/1863/1574
f 1866/1866/1577 1867/1867/1578 1868/1868/1579
f 1869/1869/1580 1870/1870/1581 1871/1871/1582
f 1869/1869/1580 1872/1872/1583 1873/1873/1584
f 1874/1874/1585 1875/1875/1586 1876/1876/1587
f 1869/1869/1580 1877/1877/1588 1872/1872/1583
f 1874/1874/1585 572/572/493 1875/1875/1586
f 1869/1869/1580 1871/1871/1582 1877/1877/1588
f 1878/1878/438 1879/1879/1589 1880/1880/1590
s 0
f 1881/1881/1591 1882/1882/1591 1883/1883/1591
s 1
f 1884/1884/1592 182/182/153 191/191/160
s 0
f 1885/1885/1593 1886/1886/1593 1887/1887/1593
s 1
f 1878/1878/438 1880/1880/1590 1888/1888/1594
s 0
f 1889/1889/1595 1890/1890/1595 1891/1891/1595
s 1
f 1892/1892/1596 1893/1893/1597 1894/1894/1598
f 1892/1892/1596 1894/1894/1598 1895/1895/1599
f 1892/1892/1596 1896/1896/1600 1897/1897/1601
f 1898/1898/1602 1899/1899/1603 1900/1900/1604
f 1898/1898/1602 1901/1901/1605 1899/1899/1603
f 1892/1892/1596 1897/1897/1601 1893/1893/1597
f 1902/1902/1606 205/205/174 207/207/176
f 1903/1903/1607 1904/1904/1608 1905/1905/1609
f 1906/1906/1610 1907/1907/1611 1908/1908/1612
f 1902/1902/1606 1909/1909/1613 205/205/174
f 1903/1903/1607 1905/1905/1609 1910/1910/1614
f 1906/1906/1610 1911/1911/82 1907/1907/1611
f 249/249/216 1912/1912/1615 1913/1913/1616
f 249/249/216 252/252/219 1914/1914/1617
f 1915/1915/1618 1916/1916/1619 1917/1917/1620
f 249/249/216 1913/1913/1616 250/250/217
f 1918/1918/1621 1919/1919/1622 1920/1920/1623
f 1918/1918/1621 1920/1920/1623 1921/1921/1624
f 1922/1922/1625 1661/1661/1415 1923/1923/1626
f 1922/1922/1625 1923/1923/1626 1924/1924/1627
f 1922/1922/1625 1925/1925/1628 1926/1926/1629
f 1922/1922/1625 1924/1924/1627 1927/1927/1630
f 1922/1922/1625 1926/1926/1629 1661/1661/1415
f 1922/1922/1625 1927/1927/1630 1925/1925/1628
f 1928/1928/1631 1929/1929/1632 1930/1930/1633
f 1931/1931/1634 1932/1932/1635 1933/1933/1636
f 1931/1931/1634 1934/1934/1637 1935/1935/1638
f 1931/1931/1634 1935/1935/1638 1936/1936/1639
f 1928/1928/1631 1930/1930/1633 1937/1937/1640
f 1938/1938/1641 1939/1939/1642 1940/1940/1643
f 1931/1931/1634 1933/1933/1636 1934/1934/1637
f 1941/1941/1644 1942/1942/1645 1136/1136/975
s 0
f 1943/1943/1646 1944/1944/1646 1945/1945/1646
s 1
f 1941/1941/1644 1946/1946/1647 1947/1947/1648
f 1941/1941/1644 1947/1947/1648 1942/1942/1645
s 0
f 1948/1948/1649 1949/1949/1649 1950/1950/1649
s 1
f 1951/1951/1650 1952/1952/1651 1953/1953/1652
f 1954/1954/1653 291/291/251 1955/1955/1654
f 1954/1954/1653 296/296/256 292/292/252
f 1954/1954/1653 292/292/252 291/291/251
f 1956/1956/2 1957/1957/1655 1958/1958/2
s 0
f 1956/1956/2 1959/1959/2 1960/1960/2
s 1
f 1956/1956/2 1961/1961/1656 1957/1957/1655
s 0
f 1956/1956/2 1960/1960/2 1962/1962/2
f 1956/1956/2 1958/1958/2 1959/1959/2
s 1
f 1956/1956/2 1962/1962/2 1961/1961/1656
f 887/887/761 1963/1963/1657 888/888/762
f 887/887/761 1964/1964/1658 1965/1965/1659
f 887/887/761 1965/1965/1659 1963/1963/1657
f 887/887/761 895/895/769 1964/1964/1658
f 1966/1966/1660 655/655/552 1967/1967/1661
f 1966/1966/1660 1968/1968/1662 655/655/552
f 1966/1966/1660 390/390/342 1968/1968/1662
f 1966/1966/1660 391/391/343 390/390/342
f 1966/1966/1660 1967/1967/1661 391/391/343
f 1969/1969/1663 1970/1970/1664 1971/1971/1665
f 1969/1969/1663 1972/1972/1666 1970/1970/1664
f 1973/1973/1667 1974/1974/1668 1975/1975/1669
f 1973/1973/1667 1976/1976/1670 1977/1977/1671
f 1973/1973/1667 1977/1977/1671 1974/1974/1668
f 1978/1978/1672 1979/1979/1673 1980/1980/1674
f 1978/1978/1672 1483/1483/1257 1981/1981/1675
f 1978/1978/1672 1980/1980/1674 1483/1483/1257
f 1982/1982/1676 1983/1983/1677 775/775/667
f 1982/1982/1676 775/775/667 772/772/664
f 1982/1982/1676 1984/1984/1678 1983/1983/1677
f 1982/1982/1676 772/772/664 1985/1985/1679
f 1982/1982/1676 1985/1985/1679 1984/1984/1678
f 1986/1986/1680 1987/1987/1681 1988/1988/1682
f 1989/1989/1683 1990/1990/1684 1991/1991/1685
f 1986/1986/1680 1988/1988/1682 1992/1992/1686
f 1989/1989/1683 1993/1993/1687 1994/1994/1688
f 1989/1989/1683 1991/1991/1685 1995/1995/1689
f 1989/1989/1683 1994/1994/1688 1990/1990/1684
f 1986/1986/1680 1992/1992/1686 1996/1996/1690
f 1997/1997/1691 1998/1998/1692 629/629/534
f 1997/1997/1691 629/629/534 630/630/535
s 0
f 1999/1999/1693 2000/2000/1693 2001/2001/1693
f 2002/2002/1693 2003/2003/1693 2004/2004/1693
f 592/592/1694 591/591/1694 2005/2005/1694
f 2006/2006/1695 2007/2007/1695 2008/2008/1695
f 2009/2009/1696 2010/2010/1696 2011/2011/1696
s 1
f 2012/2012/1697 2013/2013/1698 2014/2014/1699
f 2015/2015/1700 2016/2016/1701 2017/2017/1702
f 2012/2012/1697 2014/2014/1699 2018/2018/1703
s 0
f 2019/2019/1704 2020/2020/1704 2021/2021/1704
s 1
f 2012/2012/1697 2022/2022/1705 2013/2013/1698
f 2023/2023/1706 2024/2024/1707 2025/2025/1708
f 2026/2026/1709 2027/2027/1710 2028/2028/1711
f 2026/2026/1709 2029/2029/1712 2027/2027/1710
f 2026/2026/1709 317/317/276 316/316/2
f 2026/2026/1709 2030/2030/1713 2029/2029/1712
f 2026/2026/1709 2028/2028/1711 317/317/276
f 2026/2026/1709 316/316/2 2030/2030/1713
f 969/969/833 2031/2031/1714 2032/2032/1715
f 969/969/833 2032/2032/1715 970/970/834
f 973/973/837 972/972/836 1231/1231/1059
f 973/973/837 1231/1231/1059 2033/2033/1716
f 2034/2034/1717 2035/2035/1718 2036/2036/1719
f 2034/2034/1717 2036/2036/1719 261/261/228
f 2037/2037/1720 2038/2038/1721 2039/2039/1722
f 1420/1420/1216 1422/1422/1218 2040/2040/1723
f 2041/2041/1724 2042/2042/1725 2043/2043/1726
f 2044/2044/1727 2045/2045/1728 2046/2046/1729
f 2047/2047/1730 2048/2048/1731 2049/2049/1732
f 2047/2047/1730 2050/2050/1733 2051/2051/1734
f 2047/2047/1730 2051/2051/1734 2052/2052/1735
f 2047/2047/1730 2052/2052/1735 2048/2048/1731
f 2047/2047/1730 2049/2049/1732 2050/2050/1733
f 2053/2053/1736 2054/2054/1737 2055/2055/1738
f 2053/2053/1736 2056/2056/1739 2054/2054/1737
f 2053/2053/1736 2055/2055/1738 2057/2057/1740
f 2058/2058/1741 2059/2059/1742 1916/1916/1619
f 2060/2060/1743 2061/2061/1744 2062/2062/1745
f 2060/2060/1743 2063/2063/1746 2061/2061/1744
f 2060/2060/1743 252/252/219 2063/2063/1746
f 2060/2060/1743 1914/1914/1617 252/252/219
f 2058/2058/1741 2064/2064/1747 2059/2059/1742
f 2065/2065/1748 2066/2066/1749 2067/2067/1750
f 2065/2065/1748 2067/2067/1750 2068/2068/1751
f 2069/2069/1752 2070/2070/1753 2071/2071/1754
f 2069/2069/1752 2071/2071/1754 2072/2072/1755
f 2065/2065/1748 2068/2068/1751 2073/2073/1756
f 2074/2074/1757 2075/2075/1758 2076/2076/1759
f 2074/2074/1757 2077/2077/1760 2075/2075/1758
f 2074/2074/1757 2078/2078/1761 1824/1824/1545
f 2074/2074/1757 1823/1823/1544 2077/2077/1760
f 2074/2074/1757 1824/1824/1545 1823/1823/1544
f 2074/2074/1757 2076/2076/1759 2078/2078/1761
f 330/330/285 2079/2079/1762 331/331/286
f 330/330/285 1511/1511/1284 2079/2079/1762
f 340/340/295 2080/2080/1763 2081/2081/1764
f 340/340/295 344/344/299 2080/2080/1763
f 340/340/295 2081/2081/1764 341/341/296
f 347/347/302 2082/2082/1765 348/348/303
f 347/347/302 2083/2083/1766 2084/2084/1767
f 347/347/302 2084/2084/1767 2082/2082/1765
f 2085/2085/1768 356/356/311 361/361/314
f 2086/2086/1769 364/364/317 2087/2087/1770
f 2085/2085/1768 2088/2088/1771 356/356/311
f 2086/2086/1769 2087/2087/1770 2089/2089/1772
f 2085/2085/1768 2090/2090/1773 2091/2091/1774
f 2085/2085/1768 2091/2091/1774 2088/2088/1771
f 2092/2092/1775 2093/2093/1776 2094/2094/1777
f 2092/2092/1775 2095/2095/671 2093/2093/1776
f 2096/2096/1778 2097/2097/1779 2098/2098/1778
f 2099/2099/1780 2100/2100/1781 2101/2101/1781
f 2096/2096/1778 2098/2098/1778 2102/2102/1782
f 2103/2103/1783 1539/1539/1310 2104/2104/1784
f 2105/2105/1785 2106/2106/1786 1939/1939/1642
f 804/804/693 1548/1548/1318 2107/2107/1787
f 2108/2108/1788 2109/2109/1788 2110/2110/1788
f 2111/2111/1789 2112/2112/1790 2113/2113/1791
f 2111/2111/1789 2114/2114/1792 902/902/776
f 2111/2111/1789 2113/2113/1791 2114/2114/1792
f 2111/2111/1789 902/902/776 901/901/775
f 2115/2115/1793 2116/2116/1794 2117/2117/1795
f 2115/2115/1793 2118/2118/1796 2119/2119/1797
f 2115/2115/1793 2061/2061/1744 2116/2116/1794
f 2115/2115/1793 2120/2120/1798 2118/2118/1796
f 2115/2115/1793 2119/2119/1797 2061/2061/1744
f 2115/2115/1793 2117/2117/1795 2120/2120/1798
f 1571/1571/1334 2121/2121/1799 2122/2122/1800
f 1571/1571/1334 74/74/70 2123/2123/1801
f 1571/1571/1334 2122/2122/1800 1572/1572/1335
f 2124/2124/1802 2125/2125/1803 2126/2126/1804
f 2127/2127/1805 2128/2128/1806 2046/2046/1729
f 2127/2127/1805 1243/1243/1071 2128/2128/1806
f 2127/2127/1805 2046/2046/1729 2045/2045/1728
f 2127/2127/1805 2045/2045/1728 1243/1243/1071
f 2129/2129/1807 2130/2130/2 2131/2131/2
f 2129/2129/1807 2132/2132/1808 2133/2133/1809
f 2129/2129/1807 2134/2134/1810 2132/2132/1808
f 2129/2129/1807 2135/2135/1811 2130/2130/2
f 2129/2129/1807 2133/2133/1809 2135/2135/1811
f 2129/2129/1807 2131/2131/2 2134/2134/1810
f 1595/1595/1358 1594/1594/1357 2136/2136/1812
f 1209/1209/2 1076/1076/2 1370/1370/1171
s 0
f 1209/1209/2 1213/1213/2 1076/1076/2
s 1
f 1209/1209/2 2137/2137/1813 1210/1210/2
f 1209/1209/2 1370/1370/1171 2137/2137/1813
f 2138/2138/1814 2139/2139/1815 2140/2140/1816
f 2138/2138/1814 2141/2141/1817 466/466/404
f 2142/2142/1818 2143/2143/1819 2144/2144/1820
f 2145/2145/1821 2146/2146/1822 2147/2147/1823
f 2145/2145/1821 2147/2147/1823 2148/2148/1824
f 2138/2138/1814 466/466/404 2139/2139/1815
f 616/616/521 2149/2149/1825 617/617/522
f 2150/2150/1826 2151/2151/1827 2152/2152/1828
f 2150/2150/1826 2153/2153/1829 2154/2154/1830
f 2150/2150/1826 2155/2155/1831 2153/2153/1829
f 2150/2150/1826 2152/2152/1828 2155/2155/1831
f 1342/1342/1147 2156/2156/1832 1343/1343/1148
f 477/477/415 1297/1297/1111 2157/2157/1833
s 0
f 2158/2158/1834 2159/2159/1834 2160/2160/1834
s 1
f 477/477/415 2161/2161/1835 478/478/416
f 2162/2162/1836 2163/2163/1837 1415/1415/1211
f 2162/2162/1836 1415/1415/1211 2164/2164/1838
f 2165/2165/388 2166/2166/1839 2167/2167/1839
f 2168/2168/1840 33/33/29 37/37/33
f 2168/2168/1840 2169/2169/1841 2170/2170/1842
f 2168/2168/1840 2170/2170/1842 33/33/29
f 2171/2171/1843 2172/2172/1844 2173/2173/1845
f 1017/1017/869 2174/2174/1846 2175/2175/1847
f 1017/1017/869 2176/2176/1848 1018/1018/870
f 1017/1017/869 2175/2175/1847 2176/2176/1848
f 1017/1017/869 1021/1021/873 2174/2174/1846
f 2177/2177/1849 2178/2178/1850 2179/2179/1851
f 2180/2180/1852 1024/1024/876 2181/2181/1853
s 0
f 2182/2182/1854 2183/2183/1854 2184/2184/1854
s 1
f 2185/2185/1855 119/119/108 2186/2186/1856
f 2180/2180/1852 1031/1031/883 1024/1024/876
f 2187/2187/1857 2188/2188/1858 2189/2189/2
f 2187/2187/1857 529/529/450 531/531/452
f 2187/2187/1857 2190/2190/1859 2188/2188/1858
f 1431/1431/1225 1439/1439/1228 2191/2191/1860
f 2187/2187/1857 531/531/452 2190/2190/1859
f 2192/2192/1861 2193/2193/1862 2194/2194/1863
f 2192/2192/1861 2194/2194/1863 1690/1690/1437
f 2192/2192/1861 1689/1689/1436 2195/2195/1864
f 2192/2192/1861 2195/2195/1864 2193/2193/1862
f 2192/2192/1861 1690/1690/1437 1689/1689/1436
s 0
f 2196/2196/1865 2197/2197/1865 2198/2198/1865
f 2199/2199/1866 2200/2200/1866 2201/2201/1866
s 1
f 2202/2202/1867 1348/1348/1151 1350/1350/1152
s 0
f 2203/2203/1868 2204/2204/1868 2205/2205/1868
f 2206/2206/1869 2207/2207/1869 2208/2208/1869
s 1
f 2209/2209/1870 2210/2210/1871 2211/2211/1872
f 2209/2209/1870 2211/2211/1872 2212/2212/1873
f 2213/2213/1874 235/235/202 2214/2214/1875
f 2209/2209/1870 2212/2212/1873 2215/2215/1876
f 2213/2213/1874 236/236/203 235/235/202
f 2209/2209/1870 2215/2215/1876 2216/2216/1877
f 2217/2217/1878 558/558/479 2218/2218/1879
f 2219/2219/1880 1066/1066/912 417/417/361
f 2220/2220/1881 420/420/364 419/419/363
f 2217/2217/1878 559/559/480 558/558/479
f 2221/2221/1882 2222/2222/1883 2223/2223/1884
f 2221/2221/1882 2223/2223/1884 2224/2224/1885
f 2221/2221/1882 874/874/751 2222/2222/1883
f 2221/2221/1882 876/876/753 875/875/752
f 2221/2221/1882 875/875/752 874/874/751
f 2221/2221/1882 2224/2224/1885 876/876/753
f 2225/2225/1886 2226/2226/1887 2227/2227/1888
f 2228/2228/1889 2229/2229/1890 2230/2230/1891
f 2225/2225/1886 2227/2227/1888 2231/2231/1892
f 2228/2228/1889 2230/2230/1891 2232/2232/1893
f 2225/2225/1886 2233/2233/1894 2226/2226/1887
f 2228/2228/1889 2232/2232/1893 2234/2234/1895
f 1288/1288/1102 1028/1028/880 1289/1289/1103
f 1288/1288/1102 1029/1029/881 1028/1028/880
f 1288/1288/1102 1292/1292/1106 1162/1162/999
f 1288/1288/1102 1162/1162/999 1029/1029/881
f 2235/2235/1896 2236/2236/1897 2237/2237/1898
f 2238/2238/1899 2239/2239/1900 699/699/596
f 2238/2238/1899 2240/2240/1901 2241/2241/1902
f 2235/2235/1896 2242/2242/1903 2236/2236/1897
f 2235/2235/1896 2237/2237/1898 2243/2243/1904
f 2238/2238/1899 699/699/596 2240/2240/1901
f 1558/1558/1326 1566/1566/1330 2244/2244/1905
f 1558/1558/1326 2244/2244/1905 2245/2245/1906
f 1558/1558/1326 2245/2245/1906 2246/2246/1907
f 1558/1558/1326 2246/2246/1907 1559/1559/1327
f 2247/2247/1908 1815/1815/1536 2248/2248/1909
f 2249/2249/1910 2250/2250/1911 1812/1812/1533
f 2249/2249/1910 2251/2251/1912 2252/2252/1913
f 2249/2249/1910 2252/2252/1913 2250/2250/1911
f 2249/2249/1910 1812/1812/1533 1811/1811/1532
f 918/918/792 920/920/793 50/50/46
s 0
f 2253/2253/82 2254/2254/82 2255/2255/82
s 1
f 918/918/792 2256/2256/1914 2257/2257/82
f 918/918/792 50/50/46 2256/2256/1914
f 2258/2258/438 2259/2259/1915 2260/2260/1916
f 2258/2258/438 2261/2261/438 2259/2259/1915
f 55/55/51 2262/2262/1917 56/56/52
f 1487/1487/1261 2263/2263/1918 2264/2264/1919
f 2265/2265/1920 2266/2266/1921 2267/2267/1922
f 2268/2268/1923 2269/2269/1924 2270/2270/1925
s 0
f 2271/2271/1926 2272/2272/1926 2273/2273/1926
s 1
f 1487/1487/1261 1492/1492/1266 2263/2263/1918
f 2274/2274/1927 2275/2275/1928 2276/2276/1929
f 2274/2274/1927 2276/2276/1929 2277/2277/1930
f 2274/2274/1927 2278/2278/1931 2275/2275/1928
s 0
f 2279/2279/1932 2280/2280/1932 2281/2281/1932
s 1
f 1441/1441/1230 2282/2282/1933 1442/1442/1231
s 0
f 2283/2283/1934 2284/2284/1934 2285/2285/1934
s 1
f 2286/2286/1935 1332/1332/1137 430/430/373
s 0
f 2287/2287/1936 2288/2288/1936 2289/2289/1936
s 1
f 2286/2286/1935 2290/2290/1937 1332/1332/1137
s 0
f 2291/2291/1938 2292/2292/1938 2293/2293/1938
s 1
f 2294/2294/1939 2295/2295/1940 2296/2296/1941
f 2297/2297/82 94/94/84 1340/1340/1145
f 2294/2294/1939 1102/1102/941 1106/1106/945
f 2297/2297/82 1340/1340/1145 2298/2298/1942
f 2294/2294/1939 2296/2296/1941 1102/1102/941
s 0
f 2299/2299/82 2300/2300/82 2301/2301/82
s 1
f 2302/2302/1943 2051/2051/1734 2303/2303/1944
f 2302/2302/1943 2303/2303/1944 2304/2304/1945
f 2305/2305/1946 105/105/95 2306/2306/1947
f 2305/2305/1946 106/106/96 105/105/95
f 2302/2302/1943 2052/2052/1735 2051/2051/1734
f 2305/2305/1946 2306/2306/1947 2307/2307/1948
s 0
f 2308/2308/2 2309/2309/2 2310/2310/2
f 642/642/2 979/979/2 2311/2311/2
s 1
f 2312/2312/1949 646/646/543 649/649/546
f 2312/2312/1949 647/647/544 646/646/543
f 2312/2312/1949 649/649/546 2313/2313/1950
s 0
f 2314/2314/1951 2315/2315/1951 2316/2316/1951
s 1
f 2317/2317/1952 1135/1135/974 1134/1134/973
f 2318/2318/1953 2319/2319/1954 2320/2320/1955
f 2318/2318/1953 2320/2320/1955 2321/2321/1956
f 1364/1364/1165 1970/1970/1664 1972/1972/1666
f 1364/1364/1165 1972/1972/1666 2322/2322/1957
f 1364/1364/1165 2322/2322/1957 1365/1365/1166
f 1364/1364/1165 1368/1368/1169 1970/1970/1664
f 2323/2323/1958 2324/2324/1959 1537/1537/1308
f 2325/2325/1960 1544/1544/1314 2326/2326/1961
f 2327/2327/1962 1545/1545/1315 808/808/696
f 2327/2327/1962 2328/2328/1963 1545/1545/1315
f 2327/2327/1962 2329/2329/1964 2328/2328/1963
f 2327/2327/1962 808/808/696 2329/2329/1964
f 2330/2330/1965 2331/2331/1966 2332/2332/1967
f 2330/2330/1965 2332/2332/1967 2333/2333/1968
s 0
f 2334/2334/2 2335/2335/2 2336/2336/2
s 1
f 2330/2330/1965 2337/2337/1969 2338/2338/1970
f 2330/2330/1965 2338/2338/1970 2331/2331/1966
s 0
f 2334/2334/2 2339/2339/2 2335/2335/2
f 2340/2340/1971 2341/2341/1971 2342/2342/1971
s 1
f 2343/2343/1972 2344/2344/1973 2345/2345/1973
f 2346/2346/1974 2347/2347/1975 2348/2348/1976
f 2346/2346/1974 2349/2349/1977 2350/2350/1978
s 0
f 2351/2351/1979 2352/2352/1979 2353/2353/1979
s 1
f 2346/2346/1974 2348/2348/1976 2349/2349/1977
f 1043/1043/895 2354/2354/1980 2355/2355/1981
f 1043/1043/895 1042/1042/894 2356/2356/1982
f 1043/1043/895 2356/2356/1982 2354/2354/1980
f 2357/2357/1983 1459/1459/1242 2358/2358/1984
s 0
f 2359/2359/1985 2360/2360/1985 2361/2361/1985
f 2362/2362/1986 2363/2363/1986 2364/2364/1986
f 2365/2365/1987 2366/2366/1987 2367/2367/1987
f 2368/2368/1988 2369/2369/1988 2370/2370/1988
s 1
f 2371/2371/1989 2372/2372/1990 2373/2373/1991
f 2371/2371/1989 2374/2374/1992 2372/2372/1990
s 0
f 2375/2375/1993 2376/2376/1993 2377/2377/1993
s 1
f 221/221/188 225/225/192 2378/2378/1994
f 221/221/188 2379/2379/1995 222/222/189
f 221/221/188 2378/2378/1994 2379/2379/1995
f 229/229/196 745/745/637 230/230/197
f 2380/2380/1996 753/753/645 2381/2381/1997
f 2380/2380/1996 1383/1383/1184 753/753/645
f 2380/2380/1996 2381/2381/1997 1384/1384/1185
f 2380/2380/1996 1384/1384/1185 1383/1383/1184
f 759/759/651 2382/2382/1998 2383/2383/1999
f 762/762/654 757/757/649 2384/2384/2000
f 759/759/651 2383/2383/1999 760/760/652
f 762/762/654 2384/2384/2000 2385/2385/2001
f 2386/2386/2002 2387/2387/2003 2388/2388/2004
f 2386/2386/2002 2388/2388/2004 2389/2389/2005
f 2386/2386/2002 2389/2389/2005 2390/2390/2006
f 2386/2386/2002 2390/2390/2006 2391/2391/2007
f 2386/2386/2002 2391/2391/2007 2387/2387/2003
f 2392/2392/2008 2393/2393/2009 2394/2394/2010
f 2392/2392/2008 2394/2394/2010 2395/2395/2011
s 0
f 2396/2396/2012 2397/2397/2012 2398/2398/2012
s 1
f 2392/2392/2008 2395/2395/2011 2399/2399/2013
f 2400/2400/2014 2401/2401/2015 2402/2402/2015
f 2403/2403/2016 2404/2404/2016 2405/2405/2016
s 0
f 2406/2406/2017 2407/2407/2017 2408/2408/2017
s 1
f 2409/2409/2018 1256/1256/1083 2410/2410/2019
f 2411/2411/2020 2412/2412/2021 2413/2413/2022
f 2409/2409/2018 1257/1257/1084 1256/1256/1083
f 2409/2409/2018 2410/2410/2019 2414/2414/2023
f 2415/2415/2024 2416/2416/2024 2417/2417/2024
f 2411/2411/2020 2413/2413/2022 2418/2418/2025
f 2419/2419/2026 2420/2420/2027 2421/2421/2027
f 2422/2422/2028 2423/2423/2029 2424/2424/2030
f 2425/2425/2031 2426/2426/2032 2427/2427/2033
f 2422/2422/2028 2428/2428/2034 1013/1013/865
f 2425/2425/2031 2429/2429/2035 2430/2430/2036
f 2425/2425/2031 2427/2427/2033 2429/2429/2035
f 2422/2422/2028 1013/1013/865 2423/2423/2029
f 2431/2431/2037 2432/2432/2038 2433/2433/2039
f 2431/2431/2037 2434/2434/2040 1542/1542/1313
f 2431/2431/2037 2433/2433/2039 2434/2434/2040
f 2431/2431/2037 1541/1541/1312 2432/2432/2038
f 2431/2431/2037 1542/1542/1313 1541/1541/1312
f 1963/1963/1657 1965/1965/1659 2435/2435/2041
f 1444/1444/1233 1451/1451/1240 2436/2436/2042
f 2437/2437/2043 1800/1800/1521 2438/2438/2044
f 2437/2437/2043 2438/2438/2044 1967/1967/1661
f 2437/2437/2043 1967/1967/1661 2439/2439/2045
f 29/29/25 2440/2440/100 30/30/26
f 2441/2441/2046 2442/2442/2047 2443/2443/2048
f 414/414/358 2444/2444/2049 2445/2445/2050
f 414/414/358 2446/2446/2051 415/415/359
f 414/414/358 2445/2445/2050 2446/2446/2051
f 2447/2447/2052 418/418/362 2448/2448/2053
f 423/423/367 2449/2449/2054 2450/2450/2055
f 423/423/367 2450/2450/2055 424/424/368
f 423/423/367 428/428/371 2449/2449/2054
f 1987/1987/1681 2451/2451/2056 1988/1988/1682
f 1987/1987/1681 2452/2452/2057 2451/2451/2056
f 1995/1995/1689 1991/1991/1685 2453/2453/2058
f 2454/2454/2059 625/625/530 2455/2455/2060
f 2454/2454/2059 626/626/531 625/625/530
f 2456/2456/2061 2155/2155/1831 2152/2152/1828
f 2456/2456/2061 2152/2152/1828 627/627/532
f 2457/2457/2062 2458/2458/2063 2459/2459/2064
f 2454/2454/2059 2455/2455/2060 2460/2460/2065
f 2461/2461/2066 2462/2462/2067 213/213/182
f 2463/2463/2068 2464/2464/2069 2465/2465/2070
f 2463/2463/2068 2466/2466/2071 1925/1925/1628
f 2463/2463/2068 1925/1925/1628 1927/1927/1630
f 2463/2463/2068 2465/2465/2070 2466/2466/2071
f 2463/2463/2068 1927/1927/1630 2464/2464/2069
f 2214/2214/1875 235/235/202 2467/2467/2072
f 2210/2210/1871 2468/2468/2073 2211/2211/1872
f 2214/2214/1875 2469/2469/2074 2470/2470/2075
f 2214/2214/1875 2467/2467/2072 2469/2469/2074
f 2210/2210/1871 2471/2471/2076 2468/2468/2073
f 2472/2472/2077 1309/1309/1119 1739/1739/2
f 2472/2472/2077 1739/1739/2 2473/2473/2
f 2472/2472/2077 2030/2030/1713 1309/1309/1119
f 2472/2472/2077 95/95/85 2474/2474/2078
f 2472/2472/2077 2474/2474/2078 2030/2030/1713
f 2472/2472/2077 2473/2473/2 95/95/85
f 2475/2475/2079 2032/2032/1715 2476/2476/2080
f 2475/2475/2079 2477/2477/2081 2307/2307/1948
f 2475/2475/2079 2478/2478/2082 2477/2477/2081
f 2475/2475/2079 2476/2476/2080 2478/2478/2082
f 2475/2475/2079 2307/2307/1948 2306/2306/1947
f 2475/2475/2079 2306/2306/1947 2032/2032/1715
f 2479/2479/2083 2480/2480/2084 1421/1421/1217
f 2479/2479/2083 2481/2481/2085 2482/2482/2086
f 2479/2479/2083 1421/1421/1217 1423/1423/1219
f 2479/2479/2083 2482/2482/2086 2480/2480/2084
f 2483/2483/2087 2484/2484/2088 2485/2485/2089
f 2483/2483/2087 2486/2486/2090 2487/2487/2091
f 2483/2483/2087 2485/2485/2089 2488/2488/2092
f 2483/2483/2087 1763/1763/1492 2486/2486/2090
f 2483/2483/2087 2489/2489/2093 1763/1763/1492
f 2483/2483/2087 2487/2487/2091 2484/2484/2088
f 2483/2483/2087 2488/2488/2092 2489/2489/2093
f 2490/2490/2094 2491/2491/2095 2492/2492/2096
f 2490/2490/2094 2492/2492/2096 2493/2493/2097
f 2490/2490/2094 2494/2494/2098 2495/2495/2099
f 2490/2490/2094 2493/2493/2097 2496/2496/2100
f 2490/2490/2094 2495/2495/2099 2491/2491/2095
f 1018/1018/870 2497/2497/2101 1019/1019/871
f 1018/1018/870 2176/2176/1848 2498/2498/2102
f 1018/1018/870 2498/2498/2102 2497/2497/2101
f 2499/2499/2103 612/612/517 2500/2500/2104
f 2499/2499/2103 2501/2501/2105 612/612/517
s 0
f 2502/2502/2106 2503/2503/2106 2504/2504/2106
s 1
f 2505/2505/2107 2506/2506/2108 2507/2507/2108
s 0
f 2508/2508/2109 2509/2509/2109 2510/2510/2109
f 2511/2511/82 2512/2512/82 2513/2513/82
s 1
f 161/161/143 2332/2332/1967 162/162/144
s 0
f 2514/2514/2110 2515/2515/2110 2516/2516/2110
s 1
f 161/161/143 2333/2333/1968 2332/2332/1967
f 2517/2517/2111 2193/2193/1862 2195/2195/1864
f 2517/2517/2111 2518/2518/2112 2193/2193/1862
f 2519/2519/2113 2520/2520/2114 2521/2521/2115
f 2517/2517/2111 2195/2195/1864 2522/2522/2116
f 2519/2519/2113 2523/2523/2117 2524/2524/2118
f 2519/2519/2113 2521/2521/2115 2523/2523/2117
f 2519/2519/2113 2524/2524/2118 2525/2525/2119
f 2526/2526/2120 2527/2527/2121 185/185/156
f 2528/2528/2122 2529/2529/2123 713/713/610
f 2526/2526/2120 2530/2530/2124 2531/2531/2125
f 2526/2526/2120 2532/2532/2 2530/2530/2124
f 2528/2528/2122 2533/2533/2126 2529/2529/2123
f 2526/2526/2120 185/185/156 2532/2532/2
f 2534/2534/2127 1698/1698/1439 1701/1701/1442
f 2534/2534/2127 1699/1699/1440 1698/1698/1439
f 2535/2535/2128 1862/1862/1573 2536/2536/2129
f 2534/2534/2127 1701/1701/1442 2537/2537/2130
f 2534/2534/2127 2538/2538/2131 1699/1699/1440
f 2535/2535/2128 2536/2536/2129 2539/2539/2132
f 2534/2534/2127 2537/2537/2130 2540/2540/2133
f 2066/2066/1749 2541/2541/2134 2067/2067/1750
f 2066/2066/1749 2542/2542/2135 2543/2543/2136
f 2072/2072/1755 2544/2544/2137 2545/2545/2138
f 2066/2066/1749 2543/2543/2136 2541/2541/2134
f 2072/2072/1755 2071/2071/1754 2544/2544/2137
f 2546/2546/2139 1876/1876/1587 1875/1875/1586
f 2546/2546/2139 1875/1875/1586 2547/2547/2140
f 2546/2546/2139 2547/2547/2140 2076/2076/1759
f 2548/2548/2141 2549/2549/2142 2550/2550/2143
f 2551/2551/2144 1371/1371/1172 1080/1080/923
f 2548/2548/2141 2552/2552/2145 2549/2549/2142
f 2548/2548/2141 854/854/731 853/853/730
f 2551/2551/2144 2553/2553/2146 1371/1371/1172
f 2551/2551/2144 1080/1080/923 2554/2554/2147
f 2548/2548/2141 2555/2555/2148 2552/2552/2145
f 2548/2548/2141 853/853/730 2555/2555/2148
f 2556/2556/2149 1082/1082/925 2557/2557/2150
s 0
f 2558/2558/2151 2559/2559/2151 2560/2560/2151
s 1
f 2556/2556/2149 2561/2561/2152 1082/1082/925
f 2556/2556/2149 2557/2557/2150 2562/2562/2153
f 2556/2556/2149 2563/2563/2154 2561/2561/2152
f 2556/2556/2149 2562/2562/2153 2564/2564/2155
f 2565/2565/2156 992/992/846 2566/2566/2157
f 2565/2565/2156 993/993/847 992/992/846
f 239/239/206 245/245/212 2567/2567/2158
f 2565/2565/2156 2568/2568/2159 993/993/847
f 251/251/218 253/253/220 2569/2569/2160
f 251/251/218 2063/2063/1746 252/252/219
f 251/251/218 2569/2569/2160 2063/2063/1746
f 2570/2570/2161 2571/2571/2162 2572/2572/2163
f 2573/2573/2164 2373/2373/1991 2574/2574/2165
s 0
f 2575/2575/2166 2576/2576/2166 2577/2577/2166
f 2578/2578/2167 2579/2579/2167 2580/2580/2167
s 1
f 2581/2581/2168 2582/2582/2169 2583/2583/2170
f 2581/2581/2168 277/277/242 276/276/241
f 2581/2581/2168 2584/2584/2171 2582/2582/2169
f 2585/2585/2172 2586/2586/2173 267/267/234
f 2581/2581/2168 276/276/241 2584/2584/2171
f 2587/2587/2174 2588/2588/2175 2589/2589/2176
f 2587/2587/2174 2589/2589/2176 2590/2590/2177
f 2587/2587/2174 2590/2590/2177 2591/2591/2178
f 2587/2587/2174 2591/2591/2178 2588/2588/2175
f 2592/2592/2179 2054/2054/1737 2593/2593/2180
f 2592/2592/2179 2593/2593/2180 2594/2594/2181
f 2592/2592/2179 2594/2594/2181 2595/2595/2182
f 2592/2592/2179 2595/2595/2182 2054/2054/1737
f 2596/2596/2183 2597/2597/2184 2598/2598/2185
f 2596/2596/2183 2599/2599/2186 2597/2597/2184
f 2596/2596/2183 2598/2598/2185 2600/2600/2187
f 2596/2596/2183 2601/2601/2188 2599/2599/2186
f 2602/2602/393 2603/2603/2189 2604/2604/2190
f 2602/2602/393 2604/2604/2190 1720/1720/1461
f 308/308/268 1725/1725/1464 309/309/269
f 308/308/268 1726/1726/1465 1725/1725/1464
f 308/308/268 311/311/271 467/467/405
f 308/308/268 467/467/405 1726/1726/1465
f 618/618/523 2605/2605/2 2606/2606/2
f 618/618/523 620/620/525 2605/2605/2
f 2607/2607/2191 1503/1503/1277 1504/1504/1278
f 622/622/527 2608/2608/2192 623/623/528
f 2607/2607/2191 2609/2609/2193 1503/1503/1277
f 2607/2607/2191 2610/2610/2194 2609/2609/2193
f 2611/2611/2195 2612/2612/2196 2613/2613/2197
f 2611/2611/2195 2613/2613/2197 2614/2614/2198
f 2615/2615/2199 2616/2616/2200 509/509/435
f 2615/2615/2199 509/509/435 508/508/434
f 2617/2617/2201 1757/1757/1486 2618/2618/2202
f 2617/2617/2201 2619/2619/2203 1758/1758/1487
f 2617/2617/2201 2618/2618/2202 1934/1934/1637
f 2617/2617/2201 1758/1758/1487 1757/1757/1486
f 2617/2617/2201 1934/1934/1637 2619/2619/2203
s 0
f 2620/2620/2204 2621/2621/2204 2622/2622/2204
s 1
f 2623/2623/2205 2624/2624/2206 2625/2625/2207
f 2623/2623/2205 2144/2144/1820 2626/2626/2208
f 2623/2623/2205 2627/2627/2209 2144/2144/1820
f 2623/2623/2205 2626/2626/2208 2624/2624/2206
f 2628/2628/2210 2629/2629/2211 1073/1073/919
f 2628/2628/2210 1566/1566/1330 2629/2629/2211
f 2628/2628/2210 2630/2630/2212 2244/2244/1905
f 2628/2628/2210 2244/2244/1905 1566/1566/1330
f 2628/2628/2210 1073/1073/919 2630/2630/2212
f 366/366/319 372/372/324 1283/1283/1099
f 366/366/319 1283/1283/1099 1282/1282/1098
f 366/366/319 681/681/578 367/367/2
f 366/366/319 1282/1282/1098 681/681/578
f 2631/2631/2213 1353/1353/1154 383/383/335
f 2631/2631/2213 2632/2632/2214 1353/1353/1154
f 1339/1339/1144 2298/2298/1942 1340/1340/1145
f 1339/1339/1144 2633/2633/2215 2298/2298/1942
f 1339/1339/1144 617/617/522 2633/2633/2215
f 2634/2634/2216 2635/2635/2217 2636/2636/2218
f 2634/2634/2216 2637/2637/2219 2521/2521/2115
f 2634/2634/2216 2636/2636/2218 2638/2638/2220
f 2634/2634/2216 2521/2521/2115 2635/2635/2217
f 2634/2634/2216 2638/2638/2220 2637/2637/2219
f 1815/1815/1536 2639/2639/2221 2248/2248/1909
f 1815/1815/1536 1814/1814/1535 2639/2639/2221
f 433/433/376 435/435/378 61/61/57
f 433/433/376 2640/2640/2222 434/434/377
f 433/433/376 61/61/57 56/56/52
f 433/433/376 56/56/52 2640/2640/2222
f 2641/2641/2223 2642/2642/2224 68/68/64
f 2643/2643/2225 2644/2644/2226 2645/2645/2227
f 2641/2641/2223 68/68/64 67/67/63
f 2643/2643/2225 1825/1825/1546 2646/2646/2228
f 2643/2643/2225 2645/2645/2227 1825/1825/1546
f 2641/2641/2223 67/67/63 2647/2647/2229
f 735/735/630 456/456/394 2648/2648/2230
f 730/730/627 1600/1600/1363 1599/1599/1362
f 735/735/630 457/457/395 456/456/394
f 730/730/627 1599/1599/1362 731/731/628
f 735/735/630 2648/2648/2230 2649/2649/393
f 1606/1606/1369 2650/2650/2231 2651/2651/2232
f 1606/1606/1369 2652/2652/2233 1607/1607/1370
f 1606/1606/1369 2651/2651/2232 2652/2652/2233
f 1611/1611/1374 1610/1610/1373 2653/2653/2234
f 2654/2654/2235 2655/2655/2236 2656/2656/2237
f 2657/2657/2238 2658/2658/2239 246/246/213
f 2654/2654/2235 241/241/208 2659/2659/2240
f 2657/2657/2238 2660/2660/2241 2658/2658/2239
f 2654/2654/2235 2659/2659/2240 2655/2655/2236
f 2654/2654/2235 2656/2656/2237 2661/2661/2242
f 2662/2662/2243 2663/2663/2244 2664/2664/2245
f 2662/2662/2243 2665/2665/2246 2663/2663/2244
f 2662/2662/2243 2664/2664/2245 2666/2666/2247
f 1132/1132/971 1750/1750/1482 2667/2667/2248
f 2668/2668/2249 2669/2669/2250 1246/1246/1074
f 2668/2668/2249 341/341/296 2081/2081/1764
f 2670/2670/2251 2128/2128/1806 2671/2671/2252
f 2668/2668/2249 1246/1246/1074 2672/2672/2253
f 2668/2668/2249 2672/2672/2253 341/341/296
f 2668/2668/2249 2081/2081/1764 2673/2673/2254
f 2674/2674/2255 2675/2675/2 2676/2676/2
f 2674/2674/2255 2677/2677/2256 2678/2678/2
f 2674/2674/2255 1039/1039/891 1038/1038/890
f 2674/2674/2255 2676/2676/2 1039/1039/891
f 2674/2674/2255 2678/2678/2 2675/2675/2
f 2674/2674/2255 1038/1038/890 2677/2677/2256
f 2679/2679/2257 2680/2680/2258 2681/2681/2259
f 2679/2679/2257 2682/2682/2260 2680/2680/2258
f 2679/2679/2257 2681/2681/2259 296/296/256
f 2683/2683/2261 2684/2684/2262 156/156/141
s 0
f 2685/2685/2263 2686/2686/2263 2687/2687/2263
s 1
f 2683/2683/2261 2688/2688/2264 2689/2689/2265
f 2683/2683/2261 2689/2689/2265 2684/2684/2262
f 520/520/441 522/522/443 1836/1836/1554
f 520/520/441 1836/1836/1554 2690/2690/2266
f 520/520/441 2690/2690/2266 2691/2691/2267
f 520/520/441 2691/2691/2267 521/521/442
f 2692/2692/2268 2693/2693/2269 2694/2694/2270
f 2692/2692/2268 2694/2694/2270 2695/2695/2271
f 2696/2696/2272 2697/2697/2273 2698/2698/2274
f 2692/2692/2268 2695/2695/2271 2699/2699/2275
f 2696/2696/2272 2698/2698/2274 2700/2700/2276
f 2701/2701/2277 2702/2702/2278 2703/2703/2279
f 2701/2701/2277 2704/2704/2280 2705/2705/2281
f 2701/2701/2277 2705/2705/2281 2706/2706/2282
f 2701/2701/2277 2706/2706/2282 2702/2702/2278
f 2707/2707/2283 2708/2708/2284 837/837/714
f 2701/2701/2277 2709/2709/2285 2704/2704/2280
f 2710/2710/2286 2711/2711/2287 849/849/726
f 2710/2710/2286 848/848/725 2712/2712/2288
f 2713/2713/2289 2714/2714/2290 2715/2715/2291
f 2710/2710/2286 849/849/726 848/848/725
f 2716/2716/2292 2717/2717/2293 2718/2718/2294
f 2716/2716/2292 2718/2718/2294 2719/2719/2295
f 1893/1893/1597 1090/1090/931 1894/1894/1598
f 1893/1893/1597 2557/2557/2150 1091/1091/932
f 1893/1893/1597 1091/1091/932 1090/1090/931
f 1893/1893/1597 1897/1897/1601 2557/2557/2150
f 2720/2720/2296 2721/2721/2297 2722/2722/2298
f 2720/2720/2296 2723/2723/2299 2721/2721/2297
f 2250/2250/1911 2252/2252/1913 2724/2724/2300
f 2725/2725/2301 1709/1709/1450 1711/1711/1452
f 2725/2725/2301 1872/1872/1583 2726/2726/2302
f 2725/2725/2301 1711/1711/1452 2727/2727/2303
f 2725/2725/2301 2728/2728/2304 1709/1709/1450
f 2725/2725/2301 2727/2727/2303 1872/1872/1583
f 2725/2725/2301 2726/2726/2302 2728/2728/2304
f 2729/2729/2305 1369/1369/1170 1371/1371/1172
f 2729/2729/2305 463/463/401 460/460/398
f 2729/2729/2305 1371/1371/1172 2553/2553/2146
f 2729/2729/2305 2553/2553/2146 2730/2730/2306
f 2729/2729/2305 460/460/398 1369/1369/1170
f 2729/2729/2305 2730/2730/2306 463/463/401
f 2731/2731/2307 2732/2732/2308 2733/2733/2309
f 2731/2731/2307 2734/2734/2310 2735/2735/2311
f 2731/2731/2307 2735/2735/2311 2736/2736/2312
f 2731/2731/2307 2736/2736/2312 2732/2732/2308
f 2737/2737/2313 2738/2738/2314 2739/2739/2315
f 2740/2740/2316 1196/1196/1032 2741/2741/2317
f 2737/2737/2313 2739/2739/2315 2742/2742/2318
f 2740/2740/2316 2741/2741/2317 2743/2743/2319
f 2740/2740/2316 1197/1197/1033 1196/1196/1032
f 1388/1388/1188 214/214/183 2726/2726/2302
f 1388/1388/1188 215/215/184 214/214/183
f 1388/1388/1188 216/216/185 215/215/184
f 1388/1388/1188 1871/1871/1582 1389/1389/1189
f 1388/1388/1188 2726/2726/2302 1871/1871/1582
f 1631/1631/1387 482/482/419 1632/1632/1388
f 1631/1631/1387 1635/1635/1391 2744/2744/2320
f 1631/1631/1387 1298/1298/1112 482/482/419
f 1631/1631/1387 2744/2744/2320 1298/1298/1112
f 1638/1638/1394 2745/2745/2321 2746/2746/2322
f 1638/1638/1394 1640/1640/1396 2745/2745/2321
f 1638/1638/1394 2746/2746/2322 2747/2747/2323
f 1638/1638/1394 2747/2747/2323 1639/1639/1395
s 0
f 490/490/2 2748/2748/2 2749/2749/2
f 494/494/2 493/493/2 2750/2750/2
f 490/490/2 2749/2749/2 491/491/2
f 490/490/2 2751/2751/2 2748/2748/2
s 1
f 499/499/427 2055/2055/1738 500/500/428
f 499/499/427 2057/2057/1740 2055/2055/1738
f 438/438/381 2752/2752/2324 1746/1746/1478
f 438/438/381 2753/2753/2325 439/439/382
f 438/438/381 1744/1744/1476 2753/2753/2325
f 438/438/381 1746/1746/1478 1744/1744/1476
f 2754/2754/2326 2755/2755/2327 2756/2756/2328
f 1569/1569/1332 1568/1568/1332 2757/2757/2329
s 0
f 2758/2758/2330 2759/2759/2330 2760/2760/2330
s 1
f 2754/2754/2326 2756/2756/2328 2761/2761/2331
f 2762/2762/2332 2763/2763/2333 2764/2764/2334
f 2762/2762/2332 2764/2764/2334 1529/1529/1302
f 2762/2762/2332 2765/2765/2335 2766/2766/2336
f 2762/2762/2332 1529/1529/1302 1528/1528/1301
f 2762/2762/2332 2766/2766/2336 2763/2763/2333
f 2762/2762/2332 1528/1528/1301 2765/2765/2335
f 2635/2635/2217 2767/2767/2337 2768/2768/2338
f 2635/2635/2217 2520/2520/2114 2767/2767/2337
f 2635/2635/2217 2768/2768/2338 2636/2636/2218
f 2635/2635/2217 2521/2521/2115 2520/2520/2114
f 2769/2769/2339 2770/2770/2340 2771/2771/2341
s 0
f 2772/2772/2342 2773/2773/2342 2774/2774/2342
s 1
f 2769/2769/2339 2775/2775/2343 2770/2770/2340
f 2769/2769/2339 2771/2771/2341 2776/2776/2344
f 2777/2777/100 2778/2778/2345 2779/2779/2346
f 2780/2780/2347 2781/2781/2348 2782/2782/2349
f 2780/2780/2347 2783/2783/2350 2781/2781/2348
f 2784/2784/2351 2785/2785/2352 2786/2786/2353
f 2784/2784/2351 2787/2787/2354 2785/2785/2352
f 1480/1480/1254 1483/1483/1257 1980/1980/1674
f 1480/1480/1254 1980/1980/1674 1481/1481/1255
f 2788/2788/2355 1490/1490/1264 2789/2789/2356
f 2788/2788/2355 872/872/749 2790/2790/2357
f 2788/2788/2355 2789/2789/2356 872/872/749
f 2263/2263/1918 2791/2791/2358 2264/2264/1919
f 2792/2792/2359 2793/2793/2360 2794/2794/2361
f 2792/2792/2359 302/302/262 2793/2793/2360
s 0
f 2795/2795/2362 2796/2796/2362 2797/2797/2362
s 1
f 2017/2017/1702 2016/2016/1701 2798/2798/2363
f 2017/2017/1702 2798/2798/2363 2799/2799/2364
f 1497/1497/1271 1499/1499/1273 2800/2800/2365
f 1497/1497/1271 2801/2801/2 2802/2802/2366
f 1497/1497/1271 2800/2800/2365 2801/2801/2
f 1497/1497/1271 2802/2802/2366 1498/1498/1272
f 2031/2031/1714 2803/2803/2367 2476/2476/2080
s 0
f 2804/2804/2368 2805/2805/2368 2806/2806/2368
s 1
f 2033/2033/1716 1231/1231/1059 2807/2807/2369
f 2031/2031/1714 2476/2476/2080 2032/2032/1715
f 2808/2808/2370 2809/2809/2371 2810/2810/2372
f 2808/2808/2370 2810/2810/2372 2811/2811/2373
f 2808/2808/2370 2812/2812/2374 2809/2809/2371
f 986/986/842 268/268/235 2813/2813/2375
f 986/986/842 2813/2813/2375 987/987/843
f 997/997/851 265/265/232 264/264/231
f 997/997/851 996/996/850 265/265/232
f 472/472/410 474/474/412 2814/2814/2376
f 472/472/410 2815/2815/2377 1294/1294/1108
s 0
f 2816/2816/2 2817/2817/2 2818/2818/2
s 1
f 2816/2816/2 2819/2819/2378 2820/2820/2379
s 0
f 2816/2816/2 2821/2821/2 2817/2817/2
s 1
f 2816/2816/2 2822/2822/2 2819/2819/2378
f 2823/2823/2 2824/2824/2380 2433/2433/2039
s 0
f 2816/2816/2 2818/2818/2 2822/2822/2
s 1
f 1353/1353/1154 2632/2632/2214 2825/2825/2381
f 1353/1353/1154 652/652/549 1354/1354/1155
f 1353/1353/1154 2825/2825/2381 652/652/549
f 2826/2826/2382 2827/2827/2383 2828/2828/2384
f 2826/2826/2382 388/388/340 387/387/339
f 2829/2829/2385 1683/1683/1430 2830/2830/2386
s 0
f 2831/2831/2387 2832/2832/2387 2833/2833/2387
f 2834/2834/2388 2835/2835/2388 2836/2836/2388
s 1
f 2829/2829/2385 1684/1684/1431 1683/1683/1430
f 2826/2826/2382 387/387/339 2827/2827/2383
f 2837/2837/2389 2838/2838/2390 2839/2839/2391
f 2837/2837/2389 2839/2839/2391 2840/2840/2392
f 2639/2639/2221 954/954/820 43/43/39
f 2639/2639/2221 1814/1814/1535 2841/2841/2393
f 2639/2639/2221 2841/2841/2393 2842/2842/2394
f 2639/2639/2221 43/43/39 2248/2248/1909
f 2639/2639/2221 2842/2842/2394 954/954/820
f 2843/2843/2395 2844/2844/2396 2845/2845/2397
f 2843/2843/2395 2846/2846/2398 2844/2844/2396
f 2843/2843/2395 2847/2847/2399 2846/2846/2398
f 2451/2451/2056 2452/2452/2057 2848/2848/2400
f 1585/1585/1348 2849/2849/2401 1586/1586/1349
f 1585/1585/1348 1591/1591/1354 2850/2850/2402
f 2851/2851/2403 950/950/816 949/949/815
f 2851/2851/2403 2852/2852/2404 2853/2853/2405
f 2854/2854/2406 2855/2855/2406 2856/2856/2406
f 2851/2851/2403 1596/1596/1359 2857/2857/2407
f 2851/2851/2403 2853/2853/2405 950/950/816
f 2851/2851/2403 949/949/815 1596/1596/1359
f 2858/2858/2408 1827/1827/1548 1829/1829/1550
f 2858/2858/2408 2859/2859/2409 2860/2860/2410
f 2861/2861/2411 2862/2862/2411 2863/2863/2412
s 0
f 2864/2864/2413 2865/2865/2413 2866/2866/2413
f 2867/2867/2414 2868/2868/2414 2869/2869/2414
s 1
f 2861/2861/2411 2870/2870/2415 2862/2862/2411
f 2858/2858/2408 2860/2860/2410 1827/1827/1548
f 2871/2871/2416 2872/2872/2417 2873/2873/2418
f 1835/1835/1553 2874/2874/2419 2690/2690/2266
f 1835/1835/1553 2690/2690/2266 1836/1836/1554
f 2871/2871/2416 2875/2875/2420 2872/2872/2417
f 2164/2164/1838 1413/1413/1209 2876/2876/2421
f 2164/2164/1838 1415/1415/1211 1413/1413/1209
f 1166/1166/1003 2877/2877/2422 1167/1167/1004
f 1172/1172/1008 2878/2878/2423 2879/2879/2424
f 1172/1172/1008 1174/1174/1010 2878/2878/2423
f 2880/2880/2425 2881/2881/2426 2882/2882/2426
f 2883/2883/2427 2354/2354/1980 2884/2884/2428
f 2883/2883/2427 2715/2715/2291 2714/2714/2290
s 0
f 2885/2885/2 2886/2886/2 2887/2887/2
f 2885/2885/2 2888/2888/2 2886/2886/2
s 1
f 2883/2883/2427 2884/2884/2428 2715/2715/2291
f 193/193/162 2889/2889/2429 194/194/163
f 193/193/162 2890/2890/2430 2891/2891/2431
f 193/193/162 2891/2891/2431 2889/2889/2429
f 200/200/169 198/198/167 2892/2892/2432
f 209/209/178 2893/2893/2433 2894/2894/2434
f 209/209/178 208/208/177 2893/2893/2433
f 202/202/171 2895/2895/2435 203/203/172
f 2896/2896/2436 444/444/384 449/449/387
f 2896/2896/2436 2897/2897/2437 2898/2898/2438
f 2896/2896/2436 449/449/387 2899/2899/2439
f 2896/2896/2436 2898/2898/2438 444/444/384
f 2896/2896/2436 2900/2900/2440 2897/2897/2437
f 2896/2896/2436 2899/2899/2439 2900/2900/2440
f 2464/2464/2069 701/701/598 706/706/603
f 2464/2464/2069 706/706/603 2465/2465/2070
f 2464/2464/2069 1927/1927/1630 701/701/598
f 2901/2901/2441 2902/2902/2442 1478/1478/1252
s 0
f 2903/2903/2443 2904/2904/2443 2905/2905/2443
s 1
f 2901/2901/2441 2906/2906/2444 2902/2902/2442
s 0
f 2907/2907/2445 2908/2908/2445 2909/2909/2445
s 1
f 2901/2901/2441 1478/1478/1252 1477/1477/1251
f 2910/2910/2446 2786/2786/2353 2911/2911/2447
f 1513/1513/1286 2912/2912/2448 644/644/541
f 1513/1513/1286 644/644/541 2913/2913/2449
f 1513/1513/1286 2913/2913/2449 1514/1514/1287
f 2116/2116/1794 2061/2061/1744 2063/2063/1746
f 2116/2116/1794 2063/2063/1746 2569/2569/2160
f 2116/2116/1794 2569/2569/2160 2117/2117/1795
f 2914/2914/2450 2915/2915/2451 2916/2916/2452
f 2914/2914/2450 2917/2917/2453 2915/2915/2451
f 2914/2914/2450 2916/2916/2452 2918/2918/2454
f 2387/2387/2003 2919/2919/2455 2388/2388/2004
f 2914/2914/2450 2920/2920/2456 2921/2921/2457
f 2914/2914/2450 2921/2921/2457 2917/2917/2453
f 2671/2671/2252 2128/2128/1806 1243/1243/1071
f 2671/2671/2252 1243/1243/1071 2922/2922/2458
s 0
f 2923/2923/2 2924/2924/2 2925/2925/2
f 2923/2923/2 2926/2926/2 2924/2924/2
f 2927/2927/2 2928/2928/2 2929/2929/2
f 2927/2927/2 2930/2930/2 2928/2928/2
s 1
f 2931/2931/2 2932/2932/2459 2933/2933/2460
s 0
f 2934/2934/2 2935/2935/2 2936/2936/2
f 2937/2937/2461 2938/2938/2461 2939/2939/2461
s 1
f 2940/2940/2462 2941/2941/2463 2942/2942/2464
f 1273/1273/1093 372/372/324 377/377/329
f 1273/1273/1093 1283/1283/1099 372/372/324
f 1273/1273/1093 377/377/329 1274/1274/1094
f 2943/2943/2465 2944/2944/2466 1964/1964/1658
f 2943/2943/2465 1290/1290/1104 2945/2945/2467
f 2943/2943/2465 1964/1964/1658 895/895/769
f 2943/2943/2465 1379/1379/1180 2946/2946/2468
f 2943/2943/2465 895/895/769 1290/1290/1104
f 2943/2943/2465 2946/2946/2468 2944/2944/2466
f 2943/2943/2465 2945/2945/2467 1379/1379/1180
f 1797/1797/1518 2947/2947/2469 2948/2948/2470
f 1797/1797/1518 2949/2949/2471 2947/2947/2469
f 1797/1797/1518 2950/2950/2472 2949/2949/2471
f 1797/1797/1518 2948/2948/2470 1798/1798/1519
f 1797/1797/1518 1801/1801/1522 2950/2950/2472
f 2951/2951/2473 2952/2952/2474 2953/2953/2475
f 1804/1804/1525 1808/1808/1529 2954/2954/2476
f 1804/1804/1525 2955/2955/2477 1805/1805/1526
f 1804/1804/1525 2956/2956/2478 2955/2955/2477
f 2957/2957/2479 2958/2958/2480 2959/2959/2481
s 0
f 2960/2960/2482 2961/2961/2482 2962/2962/2482
f 2963/2963/2483 2964/2964/2483 2965/2965/2483
s 1
f 2957/2957/2479 2959/2959/2481 2966/2966/2484
f 2967/2967/2485 2968/2968/2486 41/41/37
f 2967/2967/2485 41/41/37 2969/2969/2487
f 2967/2967/2485 2969/2969/2487 2970/2970/2488
f 2541/2541/2134 2971/2971/2489 2972/2972/2490
f 2541/2541/2134 2972/2972/2490 2067/2067/1750
f 2973/2973/2491 2974/2974/2492 2975/2975/2493
s 0
f 2976/2976/2494 2977/2977/2494 2978/2978/2494
f 2979/2979/2495 2980/2980/2495 2981/2981/2495
s 1
f 2982/2982/2496 147/147/134 2684/2684/2262
f 2973/2973/2491 2983/2983/2497 2974/2974/2492
f 2984/2984/2498 2985/2985/2499 2986/2986/2500
f 2984/2984/2498 2987/2987/2501 2985/2985/2499
f 2549/2549/2142 2988/2988/2502 2550/2550/2143
f 1715/1715/1456 1720/1720/1461 2989/2989/2503
f 1733/1733/1469 1732/1732/1469 2990/2990/2504
f 2991/2991/2505 2148/2148/1824 2147/2147/1823
f 2992/2992/2506 2993/2993/2507 2994/2994/2508
f 2992/2992/2506 2994/2994/2508 2995/2995/2509
f 89/89/79 2996/2996/2510 90/90/80
f 89/89/79 97/97/87 1737/1737/2
f 89/89/79 1737/1737/2 2996/2996/2510
f 2997/2997/2511 2998/2998/2512 2999/2999/2513
f 1743/1743/1475 3000/3000/2514 1744/1744/1476
f 2326/2326/1961 1544/1544/1314 1542/1542/1313
f 2326/2326/1961 1542/1542/1313 2434/2434/2040
f 1355/1355/1156 3001/3001/2515 1940/1940/1643
f 1355/1355/1156 1940/1940/1643 1939/1939/1642
f 1355/1355/1156 2106/2106/1786 380/380/332
f 1355/1355/1156 1357/1357/1158 3001/3001/2515
f 1355/1355/1156 1939/1939/1642 2106/2106/1786
f 130/130/117 3002/3002/2516 131/131/118
f 3003/3003/2517 3004/3004/2518 3005/3005/2519
f 3003/3003/2517 3005/3005/2519 2091/2091/1774
f 3006/3006/2520 3007/3007/2521 3008/3008/2522
f 3003/3003/2517 2091/2091/1774 2090/2090/1773
f 3006/3006/2520 1368/1368/1169 1367/1367/1168
f 3006/3006/2520 3008/3008/2522 1368/1368/1169
f 1153/1153/991 2497/2497/2101 3009/3009/2523
f 1153/1153/991 3009/3009/2523 1154/1154/992
f 1153/1153/991 1019/1019/871 2497/2497/2101
s 0
f 3010/3010/2524 3011/3011/2524 3012/3012/2524
s 1
f 3013/3013/2525 3014/3014/2526 3015/3015/2527
f 3016/3016/2528 3017/3017/2529 3018/3018/2530
f 3019/3019/2531 2345/2345/1973 2344/2344/1973
s 0
f 3020/3020/2532 3021/3021/2532 3022/3022/2532
s 1
f 2188/2188/1858 3023/3023/2533 3024/3024/2534
f 2188/2188/1858 1646/1646/1402 3023/3023/2533
f 2188/2188/1858 2190/2190/1859 530/530/451
f 2188/2188/1858 530/530/451 1646/1646/1402
f 2188/2188/1858 3024/3024/2534 2189/2189/2
f 3025/3025/2535 3026/3026/2536 3027/3027/2537
f 3025/3025/2535 3027/3027/2537 1651/1651/1407
f 3025/3025/2535 3028/3028/2538 3026/3026/2536
f 3025/3025/2535 1650/1650/1406 3028/3028/2538
f 3025/3025/2535 1651/1651/1407 1650/1650/1406
f 3029/3029/2539 3030/3030/2540 3031/3031/2541
f 3029/3029/2539 1458/1458/1241 3032/3032/2542
f 3029/3029/2539 3031/3031/2541 1458/1458/1241
f 3033/3033/2543 3034/3034/2544 3035/3035/2545
f 3033/3033/2543 3035/3035/2545 3036/3036/2546
f 3037/3037/2547 3038/3038/2548 1302/1302/1116
f 3037/3037/2547 3039/3039/2549 3038/3038/2548
f 3033/3033/2543 3040/3040/2550 3034/3034/2544
f 3033/3033/2543 3041/3041/2551 3040/3040/2550
f 862/862/739 1194/1194/1030 863/863/740
f 862/862/739 861/861/738 1195/1195/1031
f 862/862/739 1195/1195/1031 1194/1194/1030
f 3042/3042/2552 3043/3043/2553 3044/3044/2554
f 870/870/747 873/873/750 1205/1205/1041
f 3042/3042/2552 3045/3045/2555 3043/3043/2553
f 3042/3042/2552 3046/3046/2556 3045/3045/2555
s 0
f 3047/3047/2557 3048/3048/2557 3049/3049/2557
s 1
f 3050/3050/2558 3051/3051/2559 3052/3052/2560
s 0
f 3053/3053/2 3054/3054/2 3055/3055/2
f 3056/3056/2561 3057/3057/2561 3058/3058/2561
s 1
f 3050/3050/2558 3059/3059/2 3060/3060/2562
f 3050/3050/2558 3060/3060/2562 3051/3051/2559
f 3061/3061/2563 3062/3062/2564 3063/3063/2565
f 3061/3061/2563 3063/3063/2565 3064/3064/2566
f 3061/3061/2563 3064/3064/2566 1218/1218/1046
f 3065/3065/82 2113/2113/1791 3066/3066/2567
s 0
f 3067/3067/2568 3068/3068/2568 3069/3069/2568
s 1
f 3070/3070/2569 2567/2567/2158 245/245/212
f 3071/3071/2570 3072/3072/2571 2689/2689/2265
f 3071/3071/2570 3073/3073/2572 3074/3074/2573
f 3071/3071/2570 3074/3074/2573 3075/3075/2574
f 3071/3071/2570 2688/2688/2264 3073/3073/2572
f 3071/3071/2570 2689/2689/2265 2688/2688/2264
s 0
f 3076/3076/2575 3077/3077/2575 3078/3078/2575
s 1
f 3079/3079/2576 1408/1408/1204 3080/3080/2577
f 3079/3079/2576 3081/3081/2578 1408/1408/1204
f 3079/3079/2576 3082/3082/2579 3081/3081/2578
f 3079/3079/2576 3080/3080/2577 3083/3083/2580
f 3084/3084/2581 1419/1419/1215 3085/3085/2582
f 3084/3084/2581 3086/3086/2583 1419/1419/1215
f 3084/3084/2581 3087/3087/2584 3088/3088/2585
f 3084/3084/2581 3088/3088/2585 3086/3086/2583
f 3084/3084/2581 3085/3085/2582 3087/3087/2584
f 3089/3089/2586 3090/3090/2587 3091/3091/2588
f 3092/3092/2589 1366/1366/1167 3093/3093/2590
f 3092/3092/2589 1367/1367/1168 1366/1366/1167
f 3094/3094/2591 3095/3095/2592 3005/3005/2519
f 3094/3094/2591 3096/3096/2593 3095/3095/2592
f 3094/3094/2591 3005/3005/2519 3004/3004/2518
f 3089/3089/2586 3091/3091/2588 3097/3097/2594
f 2093/2093/1776 3098/3098/2595 3099/3099/2596
f 2093/2093/1776 2095/2095/671 3098/3098/2595
f 2093/2093/1776 3099/3099/2596 2094/2094/1777
f 3100/3100/2597 1545/1545/1315 2328/2328/1963
f 3100/3100/2597 3101/3101/2598 3102/3102/2599
f 3100/3100/2597 3102/3102/2599 1545/1545/1315
f 3103/3103/2600 2781/2781/2348 2783/2783/2350
s 0
f 3104/3104/2601 3105/3105/2601 3106/3106/2601
s 1
f 3107/3107/2602 2629/2629/2211 1570/1570/1333
f 3107/3107/2602 3108/3108/2603 1069/1069/915
f 3107/3107/2602 1069/1069/915 2629/2629/2211
s 0
f 3109/3109/2604 3110/3110/2604 3111/3111/2604
f 3112/3112/2605 3113/3113/2605 3114/3114/2605
s 1
f 3115/3115/2606 1974/1974/1668 3116/3116/2607
f 3115/3115/2606 3116/3116/2607 3117/3117/2608
f 3115/3115/2606 1975/1975/1669 1974/1974/1668
f 3118/3118/2609 1485/1485/1259 1481/1481/1255
f 3118/3118/2609 1481/1481/1255 1979/1979/1673
f 3119/3119/2610 3120/3120/2611 1984/1984/1678
f 3119/3119/2610 1984/1984/1678 3121/3121/2612
f 3122/3122/2613 3123/3123/2614 3124/3124/2615
f 3122/3122/2613 3124/3124/2615 3125/3125/2616
f 3119/3119/2610 3121/3121/2612 3126/3126/2617
f 3127/3127/2618 1308/1308/1118 3128/3128/2619
f 3129/3129/2620 1741/1741/1473 1304/1304/1117
f 3129/3129/2620 3130/3130/2621 1741/1741/1473
f 3127/3127/2618 3128/3128/2619 3131/3131/2622
f 3132/3132/2623 3133/3133/2624 3134/3134/2625
f 3132/3132/2623 3134/3134/2625 3135/3135/2626
f 3132/3132/2623 3136/3136/2627 3133/3133/2624
s 0
f 3137/3137/2628 3138/3138/2628 3139/3139/2628
f 3140/3140/2629 3141/3141/2629 3142/3142/2629
f 3143/3143/2630 3144/3144/2630 3145/3145/2630
f 3146/3146/2631 3147/3147/2631 3148/3148/2631
f 3149/3149/2632 3150/3150/2632 3151/3151/2632
f 3152/3152/2633 3153/3153/2633 3154/3154/2633
s 1
f 3155/3155/2634 3156/3156/2635 3157/3157/2636
f 2027/2027/1710 2029/2029/1712 960/960/824
f 2027/2027/1710 960/960/824 3158/3158/2637
f 2027/2027/1710 3159/3159/2638 2028/2028/1711
f 2027/2027/1710 3158/3158/2637 3159/3159/2638
f 2032/2032/1715 2306/2306/1947 970/970/834
f 978/978/2 3160/3160/2639 1511/1511/1284
s 0
f 982/982/2 981/981/2 3161/3161/2
s 1
f 982/982/2 3161/3161/2 1786/1786/1507
f 978/978/2 1511/1511/1284 979/979/2
f 3162/3162/2640 1514/1514/1287 3163/3163/2641
f 3164/3164/2642 3165/3165/2643 3166/3166/2644
f 3164/3164/2642 3166/3166/2644 1519/1519/1292
f 3167/3167/2645 3168/3168/2646 3169/3169/2647
f 3167/3167/2645 1705/1705/1446 2744/2744/2320
f 3167/3167/2645 1635/1635/1391 3168/3168/2646
f 3167/3167/2645 3169/3169/2647 1707/1707/1448
f 3167/3167/2645 2744/2744/2320 1635/1635/1391
f 3167/3167/2645 1707/1707/1448 1705/1705/1446
f 2423/2423/2029 1012/1012/864 3170/3170/2648
f 2423/2423/2029 3170/3170/2648 2424/2424/2030
f 2423/2423/2029 1013/1013/865 1012/1012/864
f 3171/3171/2649 3172/3172/2650 3173/3173/2651
f 3171/3171/2649 3173/3173/2651 3174/3174/2652
f 3171/3171/2649 3175/3175/2653 3172/3172/2650
s 0
f 3176/3176/2654 3177/3177/2654 3178/3178/2654
s 1
f 3179/3179/2655 3180/3180/2656 3181/3181/2657
f 3182/3182/2658 3183/3183/2659 2304/2304/1945
f 3182/3182/2658 2303/2303/1944 3184/3184/2660
f 3182/3182/2658 2304/2304/1945 2303/2303/1944
f 3179/3179/2655 3181/3181/2657 2999/2999/2513
f 3179/3179/2655 2999/2999/2513 2998/2998/2512
f 2545/2545/2138 2544/2544/2137 3185/3185/2661
f 2974/2974/2492 3186/3186/2662 3187/3187/2663
f 2974/2974/2492 2983/2983/2497 3188/3188/2664
f 2974/2974/2492 3187/3187/2663 3189/3189/2665
f 2974/2974/2492 3188/3188/2664 3186/3186/2662
f 2974/2974/2492 3189/3189/2665 2975/2975/2493
f 1404/1404/1200 3190/3190/2666 3121/3121/2612
f 1410/1410/1206 1409/1409/1205 3191/3191/2667
f 1404/1404/1200 3121/3121/2612 1985/1985/1679
f 1404/1404/1200 1985/1985/1679 1405/1405/1201
f 3192/3192/2668 3193/3193/2669 3194/3194/2670
f 3195/3195/2671 3196/3196/2672 3197/3197/2673
f 3192/3192/2668 3198/3198/2674 3193/3193/2669
f 3199/3199/2675 3200/3200/2676 3201/3201/2677
f 3199/3199/2675 3202/3202/2678 3203/3203/2679
f 3199/3199/2675 3201/3201/2677 3202/3202/2678
f 3199/3199/2675 3204/3204/2680 3200/3200/2676
f 3199/3199/2675 3203/3203/2679 3204/3204/2680
f 1662/1662/1416 1661/1661/1415 1926/1926/1629
f 1662/1662/1416 1926/1926/1629 3205/3205/2681
f 1669/1669/1419 1929/1929/1632 1670/1670/1420
s 0
f 3206/3206/2682 3207/3207/2682 3208/3208/2682
f 3209/3209/2683 3210/3210/2683 3211/3211/2683
s 1
f 1669/1669/1419 1930/1930/1633 1929/1929/1632
f 1679/1679/1426 1681/1681/1428 3212/3212/2684
f 3213/3213/2685 823/823/703 3214/3214/2686
f 1679/1679/1426 3212/3212/2684 818/818/701
f 1679/1679/1426 818/818/701 817/817/700
f 3215/3215/2687 3216/3216/2688 2946/2946/2468
f 3215/3215/2687 2946/2946/2468 1381/1381/1182
f 3215/3215/2687 1381/1381/1182 3217/3217/2689
f 1686/1686/1433 1690/1690/1437 3218/3218/2690
f 3219/3219/2691 845/845/722 844/844/721
f 3219/3219/2691 1179/1179/1015 3220/3220/2692
f 3219/3219/2691 3221/3221/2693 845/845/722
f 3219/3219/2691 844/844/721 1179/1179/1015
f 3222/3222/2694 3223/3223/2695 3224/3224/2696
s 0
f 3225/3225/2697 3226/3226/2697 3227/3227/2697
s 1
f 3228/3228/393 3229/3229/2698 3230/3230/2699
f 3222/3222/2694 86/86/76 3231/3231/2700
f 3232/3232/2697 3233/3233/2701 3234/3234/2702
f 3222/3222/2694 3235/3235/2703 86/86/76
f 3222/3222/2694 3224/3224/2696 3235/3235/2703
f 9/9/9 14/14/12 3236/3236/2704
f 3237/3237/2705 3238/3238/2706 3239/3239/2707
f 3237/3237/2705 2741/2741/2317 3240/3240/2708
f 3237/3237/2705 3239/3239/2707 3241/3241/2709
f 3237/3237/2705 3240/3240/2708 3238/3238/2706
s 0
f 3242/3242/2710 3243/3243/2710 3244/3244/2710
s 1
f 3245/3245/2711 2277/2277/1930 3246/3246/2712
s 0
f 3247/3247/2713 3248/3248/2713 3249/3249/2713
s 1
f 3250/3250/2714 3251/3251/2715 3252/3252/2716
s 0
f 3253/3253/438 1268/1268/438 1267/1267/438
f 3254/3254/2717 3255/3255/2717 3256/3256/2717
s 1
f 612/612/517 3257/3257/2718 3258/3258/2719
f 612/612/517 3258/3258/2719 2500/2500/2104
f 612/612/517 611/611/516 3257/3257/2718
f 1990/1990/1684 3259/3259/393 3260/3260/2720
f 1990/1990/1684 1994/1994/1688 3259/3259/393
f 1990/1990/1684 3260/3260/2720 1991/1991/1685
f 1108/1108/947 1503/1503/1277 2609/2609/2193
f 1108/1108/947 2609/2609/2193 1344/1344/1149
f 1108/1108/947 1112/1112/951 1503/1503/1277
f 3261/3261/2721 3262/3262/2722 3263/3263/2
f 369/369/321 371/371/323 3264/3264/2723
f 3261/3261/2721 3263/3263/2 3265/3265/2724
f 3261/3261/2721 3265/3265/2724 3266/3266/2725
f 3261/3261/2721 3267/3267/2726 3262/3262/2722
f 1516/1516/1289 3268/3268/2727 3269/3269/2728
f 1516/1516/1289 3269/3269/2728 653/653/550
f 1516/1516/1289 1523/1523/1296 3268/3268/2727
f 1516/1516/1289 653/653/550 3270/3270/2729
f 655/655/552 1968/1968/1662 656/656/553
f 655/655/552 658/658/555 1967/1967/1661
f 1971/1971/1665 1970/1970/1664 3008/3008/2522
f 1971/1971/1665 3008/3008/2522 3271/3271/2730
f 1783/1783/1504 2229/2229/1890 3272/3272/2731
f 1783/1783/1504 4/4/4 2230/2230/1891
f 1783/1783/1504 2230/2230/1891 2229/2229/1890
f 1783/1783/1504 3272/3272/2731 1784/1784/1505
f 1082/1082/925 2561/2561/2152 1083/1083/926
f 1082/1082/925 1091/1091/932 2557/2557/2150
f 3273/3273/2732 784/784/675 787/787/678
f 3273/3273/2732 787/787/678 3274/3274/2733
f 3275/3275/2734 3276/3276/393 3277/3277/393
f 3273/3273/2732 3274/3274/2733 3278/3278/2735
f 3275/3275/2734 3279/3279/2736 3280/3280/2737
f 3275/3275/2734 3277/3277/393 3279/3279/2736
f 2838/2838/2390 2637/2637/2219 2638/2638/2220
s 0
f 3281/3281/2738 3282/3282/2738 3283/3283/2738
s 1
f 2443/2443/2048 2442/2442/2047 3284/3284/2739
f 2838/2838/2390 2638/2638/2220 2839/2839/2391
f 701/701/598 1924/1924/1627 3285/3285/2740
f 701/701/598 3285/3285/2740 702/702/599
f 701/701/598 1927/1927/1630 1924/1924/1627
f 2902/2902/2442 3286/3286/2741 3287/3287/2742
f 2902/2902/2442 2906/2906/2444 3286/3286/2741
f 2902/2902/2442 3287/3287/2742 1478/1478/1252
f 713/713/610 2529/2529/2123 714/714/611
f 2527/2527/2121 186/186/157 185/185/156
f 725/725/622 724/724/621 1312/1312/1121
f 725/725/622 63/63/59 726/726/623
f 725/725/622 1312/1312/1121 63/63/59
f 2989/2989/2503 1720/1720/1461 2604/2604/2190
f 2988/2988/2502 454/454/392 3288/3288/2743
f 2988/2988/2502 3288/3288/2743 2550/2550/2143
f 2989/2989/2503 2604/2604/2190 3289/3289/2744
f 602/602/510 598/598/507 3290/3290/2745
s 0
f 3291/3291/2746 3292/3292/2746 3293/3293/2746
s 1
f 1308/1308/1118 1307/1307/2 3128/3128/2619
f 1304/1304/1117 1741/1741/1473 1305/1305/2
f 2684/2684/2262 147/147/134 156/156/141
f 2684/2684/2262 2689/2689/2265 3294/3294/2747
s 0
f 3295/3295/100 110/110/100 1352/1352/100
f 3296/3296/100 3297/3297/100 3298/3298/100
s 1
f 3296/3296/100 3298/3298/100 2614/2614/2198
f 3296/3296/100 2614/2614/2198 2613/2613/2197
f 3299/3299/100 115/115/104 114/114/100
s 0
f 3296/3296/100 3300/3300/100 3297/3297/100
s 1
f 987/987/843 2813/2813/2375 123/123/112
s 0
f 3301/3301/2748 3302/3302/2748 3303/3303/2748
s 1
f 3304/3304/2749 3305/3305/2750 998/998/852
s 0
f 3306/3306/2751 3307/3307/2751 3308/3308/2751
s 1
f 132/132/119 131/131/118 1359/1359/1160
f 1970/1970/1664 1368/1368/1169 3008/3008/2522
f 1785/1785/1506 1786/1786/1507 3161/3161/2
f 1785/1785/1506 3161/3161/2 5/5/5
f 1085/1085/928 3309/3309/2752 1086/1086/929
f 3310/3310/2753 3311/3311/2754 3312/3312/2754
f 1085/1085/928 3313/3313/2755 3309/3309/2752
f 1798/1798/1519 2827/2827/2383 1799/1799/1520
f 1798/1798/1519 2828/2828/2384 2827/2827/2383
f 1798/1798/1519 3314/3314/2756 2828/2828/2384
f 1798/1798/1519 2948/2948/2470 3314/3314/2756
f 2839/2839/2391 3315/3315/2757 3316/3316/2758
f 2839/2839/2391 3316/3316/2758 3317/3317/2759
f 2839/2839/2391 3317/3317/2759 2706/2706/2282
f 2839/2839/2391 2706/2706/2282 2840/2840/2392
f 2839/2839/2391 2638/2638/2220 3315/3315/2757
f 954/954/820 39/39/35 43/43/39
f 954/954/820 2842/2842/2394 955/955/821
f 45/45/41 3318/3318/2760 46/46/42
f 45/45/41 3319/3319/2761 3320/3320/2762
f 45/45/41 48/48/44 3319/3319/2761
f 3321/3321/2763 3322/3322/2764 3156/3156/2635
f 1821/1821/1542 3323/3323/2765 3324/3324/2766
f 1821/1821/1542 2132/2132/1808 1822/1822/1543
f 1821/1821/1542 60/60/56 3323/3323/2765
f 1821/1821/1542 3324/3324/2766 2132/2132/1808
f 2642/2642/2224 3325/3325/2767 68/68/64
f 2642/2642/2224 577/577/498 3325/3325/2767
f 2646/2646/2228 1825/1825/1546 576/576/497
f 223/223/190 222/222/189 3326/3326/2768
f 1598/1598/1361 731/731/628 1599/1599/1362
f 3327/3327/2769 2798/2798/2363 3328/3328/2770
f 230/230/197 3329/3329/2771 231/231/198
f 230/230/197 3330/3330/2772 3329/3329/2771
f 3331/3331/2773 3332/3332/2774 3333/3333/2775
f 3331/3331/2773 3334/3334/2776 3332/3332/2774
f 3335/3335/2777 3336/3336/2778 3337/3337/2779
f 3335/3335/2777 3338/3338/393 3339/3339/393
f 3331/3331/2773 3333/3333/2775 3340/3340/2780
f 3335/3335/2777 3339/3339/393 3336/3336/2778
s 0
f 3341/3341/2781 3342/3342/2781 3343/3343/2781
s 1
f 3344/3344/2782 3345/3345/2783 3346/3346/2784
f 3344/3344/2782 254/254/221 250/250/217
f 3344/3344/2782 250/250/217 3347/3347/2785
f 3344/3344/2782 3348/3348/2786 3345/3345/2783
f 3344/3344/2782 3346/3346/2784 254/254/221
f 3349/3349/2787 3350/3350/2788 3351/3351/2789
f 3349/3349/2787 3352/3352/2790 3353/3353/2791
f 3349/3349/2787 3353/3353/2791 3350/3350/2788
f 3354/3354/2792 3355/3355/2793 3356/3356/2794
s 0
f 3357/3357/2795 3358/3358/2795 3359/3359/2795
f 3360/3360/2796 3361/3361/2796 3362/3362/2796
s 1
f 3363/3363/2797 3126/3126/2617 3190/3190/2666
s 0
f 3364/3364/2798 3365/3365/2798 3366/3366/2798
s 1
f 3354/3354/2792 3356/3356/2794 3367/3367/2799
s 0
f 3368/3368/2800 3369/3369/2800 3370/3370/2800
s 1
f 3371/3371/2801 3372/3372/2802 3203/3203/2679
f 3026/3026/2536 3028/3028/2538 3373/3373/2803
f 3371/3371/2801 3203/3203/2679 3202/3202/2678
f 3026/3026/2536 3373/3373/2803 3374/3374/2804
f 953/953/819 1494/1494/1268 3375/3375/2805
f 953/953/819 3375/3375/2805 39/39/35
f 3376/3376/2806 3377/3377/2807 3378/3378/82
f 3376/3376/2806 3379/3379/2808 3377/3377/2807
f 3376/3376/2806 1438/1438/82 1437/1437/1227
f 3376/3376/2806 3378/3378/82 1438/1438/82
f 3380/3380/2809 1688/1688/1435 838/838/715
f 3380/3380/2809 3381/3381/2810 3382/3382/2811
f 3380/3380/2809 3383/3383/2812 3381/3381/2810
f 3380/3380/2809 838/838/715 2708/2708/2284
f 3380/3380/2809 3382/3382/2811 1688/1688/1435
f 3380/3380/2809 2708/2708/2284 3383/3383/2812
s 0
f 3384/3384/2 3385/3385/2 3386/3386/2
f 1694/1694/2 1456/1456/2 2886/2886/2
f 1694/1694/2 2886/2886/2 2888/2888/2
f 3387/3387/2 1079/1079/2 1213/1213/2
s 1
f 3384/3384/2 2719/2719/2295 2718/2718/2294
f 3384/3384/2 2718/2718/2294 3385/3385/2
f 3234/3234/2702 3233/3233/2701 3388/3388/2813
s 0
f 3389/3389/2814 3390/3390/2814 3391/3391/2814
f 3392/3392/2815 3393/3393/2815 3394/3394/2815
f 3389/3389/2816 3391/3391/2816 3395/3395/2816
s 1
f 1297/1297/1111 1298/1298/1112 1705/1705/1446
f 1709/1709/1450 3396/3396/2817 1710/1710/1451
f 1709/1709/1450 2728/2728/2304 3396/3396/2817
f 1957/1957/1655 1961/1961/1656 3397/3397/2818
f 1957/1957/1655 3398/3398/2819 1958/1958/2
f 1957/1957/1655 3397/3397/2818 3398/3398/2819
f 2944/2944/2466 3399/3399/2820 1965/1965/1659
f 2944/2944/2466 1965/1965/1659 1964/1964/1658
f 2944/2944/2466 3216/3216/2688 3399/3399/2820
f 2944/2944/2466 2946/2946/2468 3216/3216/2688
f 1968/1968/1662 390/390/342 389/389/341
f 3400/3400/2821 2697/2697/2273 2876/2876/2421
f 3400/3400/2821 2876/2876/2421 659/659/556
f 3400/3400/2821 2698/2698/2274 2697/2697/2273
f 1974/1974/1668 1977/1977/1671 3116/3116/2607
f 1983/1983/1677 3120/3120/2611 3401/3401/2822
f 1983/1983/1677 1984/1984/1678 3120/3120/2611
f 1983/1983/1677 776/776/668 775/775/667
f 1983/1983/1677 3401/3401/2822 3402/3402/2823
f 1983/1983/1677 3402/3402/2823 776/776/668
f 3403/3403/2824 3404/3404/2825 3405/3405/2826
f 2453/2453/2058 1991/1991/1685 3260/3260/2720
f 3403/3403/2824 3406/3406/2827 3404/3404/2825
f 3403/3403/2824 3407/3407/2828 3406/3406/2827
f 625/625/530 3408/3408/2829 3409/3409/2830
f 625/625/530 629/629/534 3408/3408/2829
f 625/625/530 3409/3409/2830 2455/2455/2060
f 3410/3410/2831 2995/2995/2509 2845/2845/2397
f 3410/3410/2831 2845/2845/2397 2844/2844/2396
f 3156/3156/2635 3322/3322/2764 3157/3157/2636
f 2029/2029/1712 2030/2030/1713 2474/2474/2078
f 2029/2029/1712 2474/2474/2078 961/961/825
f 2029/2029/1712 961/961/825 960/960/824
f 2477/2477/2081 2478/2478/2082 3411/3411/2832
f 2048/2048/1731 3412/3412/2833 2049/2049/1732
f 2480/2480/2084 3413/3413/2834 1421/1421/1217
f 2480/2480/2084 2482/2482/2086 336/336/291
f 2480/2480/2084 336/336/291 3413/3413/2834
f 341/341/296 2672/2672/2253 342/342/297
f 3414/3414/2835 3415/3415/2836 1767/1767/1496
f 356/356/311 2088/2088/1771 1014/1014/866
f 356/356/311 1014/1014/866 357/357/312
f 1827/1827/1548 2860/2860/2410 1828/1828/1549
f 522/522/443 525/525/446 3416/3416/2837
f 522/522/443 1840/1840/1558 1836/1836/1554
f 522/522/443 3416/3416/2837 1840/1840/1558
f 1644/1644/1400 1842/1842/1560 1645/1645/1401
f 1644/1644/1400 3417/3417/2838 1843/1843/1561
f 1644/1644/1400 528/528/449 3417/3417/2838
f 1644/1644/1400 530/530/451 528/528/449
f 1644/1644/1400 1843/1843/1561 1842/1842/1560
f 3418/3418/2839 3419/3419/2840 3420/3420/2841
f 536/536/457 537/537/458 2955/2955/2477
f 536/536/457 2955/2955/2477 3421/3421/2842
f 3030/3030/2540 2358/2358/1984 3031/3031/2541
f 1861/1861/1572 3422/3422/2843 1862/1862/1573
f 3034/3034/2544 3040/3040/2550 3423/3423/2844
f 750/750/642 2544/2544/2137 2071/2071/1754
f 750/750/642 3424/3424/2845 2544/2544/2137
f 750/750/642 754/754/646 3424/3424/2845
f 750/750/642 2071/2071/1754 751/751/643
f 1870/1870/1581 1389/1389/1189 1871/1871/1582
f 3425/3425/2846 3052/3052/2560 3426/3426/2847
f 3425/3425/2846 3427/3427/2848 1879/1879/1589
f 3425/3425/2846 3426/3426/2847 3427/3427/2848
f 3425/3425/2846 3428/3428/2849 3052/3052/2560
f 1661/1661/1415 1657/1657/1413 3429/3429/2850
f 1661/1661/1415 3429/3429/2850 1923/1923/1626
f 1929/1929/1632 3430/3430/2851 1670/1670/1420
f 1936/1936/1639 1935/1935/1638 3431/3431/2852
f 3262/3262/2722 3267/3267/2726 1139/1139/977
f 1942/1942/1645 1137/1137/976 1136/1136/975
f 2054/2054/1737 2056/2056/1739 2593/2593/2180
f 2054/2054/1737 2595/2595/2182 2055/2055/1738
f 3432/3432/393 3433/3433/2853 3434/3434/2854
f 3435/3435/2855 3436/3436/393 2234/2234/1895
f 3435/3435/2855 2234/2234/1895 2232/2232/1893
f 3435/3435/2855 6/6/6 3437/3437/393
f 3435/3435/2855 2232/2232/1893 7/7/7
f 3435/3435/2855 7/7/7 6/6/6
f 1290/1290/1104 1291/1291/1105 2945/2945/2467
f 1290/1290/1104 895/895/769 894/894/768
f 1295/1295/1109 3438/3438/2856 3439/3439/2857
f 1295/1295/1109 1294/1294/1108 3440/3440/2858
f 1295/1295/1109 3439/3439/2857 1296/1296/1110
f 1295/1295/1109 3440/3440/2858 3438/3438/2856
f 3441/3441/2859 3442/3442/2860 3443/3443/2861
f 2952/2952/2474 3444/3444/2862 2953/2953/2475
f 359/359/313 362/362/315 3445/3445/2863
f 3446/3446/2864 3447/3447/2865 3448/3448/2866
s 0
f 3449/3449/2867 3450/3450/2867 3451/3451/2867
f 3452/3452/2868 3453/3453/2868 3454/3454/2868
s 1
f 1300/1300/1114 3038/3038/2548 3455/3455/2869
f 1300/1300/1114 3455/3455/2869 48/48/44
f 1300/1300/1114 48/48/44 47/47/43
f 1300/1300/1114 1302/1302/1116 3038/3038/2548
s 0
f 3456/3456/2 3457/3457/2 3458/3458/2
f 1307/1307/2 1310/1310/2 3459/3459/2
f 3460/3460/2 3461/3461/2 3462/3462/2
f 3463/3463/2 3464/3464/2 3465/3465/2
s 1
f 1316/1316/1125 3466/3466/2870 3467/3467/2871
f 1316/1316/1125 1315/1315/1124 3466/3466/2870
f 1814/1814/1535 1818/1818/1539 3468/3468/2872
f 1814/1814/1535 3468/3468/2872 2841/2841/2393
f 1332/1332/1137 428/428/371 430/430/373
f 1332/1332/1137 2290/2290/1937 1336/1336/1141
f 2295/2295/1940 3469/3469/2873 2296/2296/1941
f 3470/3470/2874 3471/3471/2875 3472/3472/2876
f 3470/3470/2874 3472/3472/2876 3473/3473/2877
f 3470/3470/2874 3474/3474/2878 3471/3471/2875
f 3470/3470/2874 3475/3475/2879 3476/3476/2880
f 3470/3470/2874 3473/3473/2877 3475/3475/2879
f 3470/3470/2874 3476/3476/2880 3474/3474/2878
f 3477/3477/2881 2819/2819/2378 3478/3478/2882
f 3477/3477/2881 2820/2820/2379 2819/2819/2378
f 3479/3479/2883 1354/1354/1155 652/652/549
f 3479/3479/2883 652/652/549 651/651/548
f 3479/3479/2883 651/651/548 3480/3480/2884
f 3479/3479/2883 1356/1356/1157 1354/1354/1155
f 3481/3481/2885 1768/1768/1497 3415/3415/2836
f 3481/3481/2885 1769/1769/1498 1768/1768/1497
f 664/664/561 3482/3482/2886 665/665/562
f 664/664/561 3483/3483/2887 3482/3482/2886
f 669/669/566 662/662/559 3484/3484/2888
f 800/800/690 799/799/689 3485/3485/2889
f 1155/1155/993 3486/3486/2890 1156/1156/994
f 1161/1161/998 1160/1160/998 3487/3487/2891
f 3488/3488/2892 3489/3489/2893 3490/3490/2894
f 3488/3488/2892 2329/2329/1964 808/808/696
f 3488/3488/2892 807/807/695 3489/3489/2893
f 3488/3488/2892 808/808/696 807/807/695
f 3488/3488/2892 3490/3490/2894 2329/2329/1964
f 2331/2331/1966 2338/2338/1970 3491/3491/2895
f 2331/2331/1966 3491/3491/2895 162/162/144
f 2331/2331/1966 162/162/144 2332/2332/1967
f 3492/3492/438 3493/3493/2896 3494/3494/2897
f 3495/3495/2898 3496/3496/2899 2878/2878/2423
f 3495/3495/2898 2878/2878/2423 3497/3497/2900
f 3492/3492/438 3498/3498/2901 3493/3493/2896
f 3495/3495/2898 3497/3497/2900 3499/3499/2902
f 3500/3500/2903 3501/3501/2904 3502/3502/2905
f 3503/3503/2906 718/718/615 720/720/617
f 3500/3500/2903 3502/3502/2905 3504/3504/2907
f 3503/3503/2906 720/720/617 3505/3505/2908
s 0
f 3506/3506/2909 3507/3507/2909 3508/3508/2909
s 1
f 2128/2128/1806 3509/3509/2910 2046/2046/1729
f 3332/3332/2774 3334/3334/2776 1792/1792/1513
f 3332/3332/2774 1792/1792/1513 3510/3510/2911
f 3332/3332/2774 3511/3511/2912 3333/3333/2775
s 0
f 3512/3512/2913 3513/3513/2913 3514/3514/2913
s 1
f 3515/3515/2914 3516/3516/2915 145/145/132
f 3517/3517/2916 3518/3518/2917 3519/3519/2918
f 3515/3515/2914 145/145/132 1627/1627/1383
f 3515/3515/2914 1203/1203/1039 3516/3516/2915
f 3515/3515/2914 1206/1206/1042 1203/1203/1039
f 3520/3520/2 3521/3521/2 542/542/463
f 1216/1216/1044 3522/3522/2919 740/740/632
f 1212/1212/2 544/544/465 540/540/461
f 1216/1216/1044 1210/1210/2 3522/3522/2919
s 0
f 3523/3523/2920 3524/3524/2920 3525/3525/2920
s 1
f 546/546/467 3064/3064/2566 547/547/468
f 546/546/467 1218/1218/1046 3064/3064/2566
f 3526/3526/2921 3527/3527/2922 2381/2381/1997
f 3526/3526/2921 1223/1223/1051 3528/3528/2923
f 3526/3526/2921 2381/2381/1997 1224/1224/1052
f 3526/3526/2921 3528/3528/2923 3527/3527/2922
f 3526/3526/2921 1224/1224/1052 1223/1223/1051
f 1228/1228/1056 3529/3529/2924 3530/3530/2925
f 1228/1228/1056 1230/1230/1058 3529/3529/2924
f 1228/1228/1056 3530/3530/2925 1229/1229/1057
f 3531/3531/2926 3532/3532/2927 3533/3533/2928
f 3531/3531/2926 3534/3534/2929 3535/3535/2930
f 3531/3531/2926 3533/3533/2928 3536/3536/2931
f 3531/3531/2926 3535/3535/2930 3532/3532/2927
f 3531/3531/2926 3537/3537/2932 3534/3534/2929
f 3531/3531/2926 3536/3536/2931 3537/3537/2932
f 2393/2393/2009 429/429/372 424/424/368
f 2393/2393/2009 424/424/368 2394/2394/2010
f 2402/2402/2015 2401/2401/2015 3538/3538/2933
f 1258/1258/1085 1254/1254/1082 782/782/673
f 1258/1258/1085 782/782/673 781/781/672
f 2424/2424/2030 3170/3170/2648 3096/3096/2593
f 2426/2426/2032 3097/3097/2594 2427/2427/2033
f 2793/2793/2360 302/302/262 301/301/261
f 2793/2793/2360 301/301/261 3539/3539/2934
f 2793/2793/2360 2603/2603/2189 2794/2794/2361
f 2793/2793/2360 3539/3539/2934 2603/2603/2189
f 1725/1725/1464 1609/1609/1372 313/313/273
f 1725/1725/1464 3540/3540/2935 1609/1609/1372
f 1725/1725/1464 313/313/273 309/309/269
f 1725/1725/1464 1734/1734/1470 3540/3540/2935
f 1499/1499/1273 3541/3541/2936 3542/3542/2937
f 1499/1499/1273 3542/3542/2937 2800/2800/2365
f 1499/1499/1273 1501/1501/1275 3541/3541/2936
f 3043/3043/2553 3543/3543/2938 3044/3044/2554
s 0
f 3544/3544/2939 3545/3545/2939 3546/3546/2939
s 1
f 2309/2309/2 3547/3547/2940 2812/2812/2374
f 1508/1508/1282 1507/1507/1281 3548/3548/2941
f 2309/2309/2 2812/2812/2374 2310/2310/2
f 1519/1519/1292 3166/3166/2644 1520/1520/1293
f 1514/1514/1287 2913/2913/2449 3163/3163/2641
f 1265/1265/1088 3549/3549/2942 3550/3550/2943
f 1265/1265/1088 3551/3551/2944 3549/3549/2942
f 1265/1265/1088 3550/3550/2943 790/790/681
f 1271/1271/1091 1270/1270/1090 3552/3552/2945
s 0
f 3553/3553/2946 3554/3554/2946 3555/3555/2946
s 1
f 3556/3556/2947 3557/3557/2948 2104/2104/1784
f 3556/3556/2947 1538/1538/1309 2324/2324/1959
f 3556/3556/2947 2104/2104/1784 1538/1538/1309
f 3558/3558/2949 380/380/332 2106/2106/1786
f 3559/3559/2950 2107/2107/1787 1548/1548/1318
f 3559/3559/2950 3560/3560/2951 3561/3561/2952
f 3558/3558/2949 3562/3562/2953 380/380/332
f 3559/3559/2950 1548/1548/1318 3560/3560/2951
s 0
f 3563/3563/2954 3564/3564/2954 3565/3565/2954
s 1
f 1556/1556/1324 1555/1555/1323 3566/3566/2955
f 2112/2112/1790 3066/3066/2567 2113/2113/1791
f 2118/2118/1796 2663/2663/2244 3567/3567/2956
f 2118/2118/1796 2120/2120/1798 2664/2664/2245
f 2118/2118/1796 2664/2664/2245 2663/2663/2244
f 2118/2118/1796 3567/3567/2956 2119/2119/1797
f 3568/3568/2957 3569/3569/2958 3570/3570/2959
f 3571/3571/2960 3572/3572/2961 3573/3573/2962
s 0
f 3574/3574/2963 3575/3575/2963 3576/3576/2963
s 1
f 3571/3571/2960 3577/3577/2964 3578/3578/2965
s 0
f 3579/3579/2966 3580/3580/2966 3581/3581/2966
s 1
f 3571/3571/2960 3573/3573/2962 3577/3577/2964
f 3582/3582/2967 829/829/706 828/828/705
f 3583/3583/2968 1047/1047/898 3584/3584/2969
f 3585/3585/2970 1050/1050/900 1049/1049/900
s 0
f 3586/3586/2971 3587/3587/2971 3588/3588/2971
s 1
f 3583/3583/2968 3584/3584/2969 3589/3589/2972
s 0
f 3590/3590/2973 3591/3591/2973 3592/3592/2973
s 1
f 928/928/800 3593/3593/2974 929/929/801
f 937/937/806 3594/3594/2975 3595/3595/2976
f 937/937/806 935/935/804 3594/3594/2975
f 950/950/816 2853/2853/2405 3596/3596/2977
f 1369/1369/1170 3597/3597/2978 1370/1370/1171
f 1369/1369/1170 460/460/398 3597/3597/2978
f 2732/2732/2308 3598/3598/2979 3599/3599/2980
f 2732/2732/2308 3599/3599/2980 3600/3600/2981
f 2732/2732/2308 2736/2736/2312 3598/3598/2979
f 205/205/174 1909/1909/1613 206/206/175
f 3601/3601/2982 1343/1343/1148 2156/2156/1832
f 3601/3601/2982 3602/3602/2983 1110/1110/949
f 3601/3601/2982 1110/1110/949 1343/1343/1148
f 1391/1391/1191 2154/2154/1830 1392/1392/1192
f 3603/3603/2984 3604/3604/2985 3605/3605/2986
f 3603/3603/2984 136/136/123 3604/3604/2985
f 3606/3606/2987 1237/1237/1065 1236/1236/1064
f 771/771/663 1405/1405/1201 772/772/664
f 1407/1407/1203 3080/3080/2577 1408/1408/1204
f 25/25/21 659/659/556 1413/1413/1209
f 3607/3607/2988 3608/3608/2989 3609/3609/2990
f 3610/3610/2991 148/148/135 147/147/134
f 3607/3607/2988 3611/3611/2992 3608/3608/2989
f 2039/2039/1722 2038/2038/1721 3272/3272/2731
f 2035/2035/1718 3612/3612/2993 2498/2498/2102
f 3613/3613/2994 3614/3614/2995 3615/3615/2996
f 2035/2035/1718 3616/3616/2997 2036/2036/1719
f 1025/1025/877 1795/1795/1516 1026/1026/878
f 686/686/583 2179/2179/1851 687/687/584
f 1436/1436/2 1432/1432/2 1034/1034/886
f 3617/3617/2 1039/1039/891 3618/3618/2
s 0
f 1434/1434/2 3619/3619/2 1435/1435/2
f 1434/1434/2 3620/3620/2 3619/3619/2
s 1
f 2193/2193/1862 3621/3621/2998 2194/2194/1863
f 3622/3622/2999 3623/3623/3000 3624/3624/3001
f 3622/3622/2999 3625/3625/3002 3626/3626/3003
f 3622/3622/2999 3624/3624/3001 3627/3627/3004
f 3622/3622/2999 2779/2779/2346 3623/3623/3000
f 3622/3622/2999 3627/3627/3004 3625/3625/3002
f 3622/3622/2999 3626/3626/3003 2779/2779/2346
f 3062/3062/2564 3628/3628/3005 3063/3063/2565
f 3062/3062/2564 3629/3629/3006 3628/3628/3005
f 1981/1981/1675 3630/3630/3007 3631/3631/3008
f 1981/1981/1675 1483/1483/1257 3630/3630/3007
f 2222/2222/1883 1489/1489/1263 143/143/130
f 2222/2222/1883 874/874/751 2789/2789/2356
f 2222/2222/1883 143/143/130 2223/2223/1884
f 2222/2222/1883 2789/2789/2356 1489/1489/1263
f 733/733/629 3522/3522/2919 2137/2137/1813
f 733/733/629 3597/3597/2978 459/459/397
f 733/733/629 2137/2137/1813 3597/3597/2978
f 733/733/629 740/740/632 3522/3522/2919
f 2050/2050/1733 3598/3598/2979 2736/2736/2312
f 2050/2050/1733 2736/2736/2312 3632/3632/3009
f 2050/2050/1733 3632/3632/3009 2051/2051/1734
f 2050/2050/1733 2049/2049/1732 3598/3598/2979
f 751/751/643 2070/2070/1753 3633/3633/3010
f 751/751/643 2071/2071/1754 2070/2070/1753
f 751/751/643 3633/3633/3010 752/752/644
f 3634/3634/3011 3635/3635/3012 3636/3636/3013
f 3634/3634/3011 3636/3636/3013 3637/3637/3014
f 3634/3634/3011 3638/3638/3015 3635/3635/3012
f 3482/3482/2886 3483/3483/2887 3639/3639/3016
f 3640/3640/3017 3083/3083/2580 3080/3080/2577
f 773/773/665 3641/3641/3018 3642/3642/3019
f 773/773/665 776/776/668 3641/3641/3018
s 0
f 3643/3643/3017 3644/3644/3017 3645/3645/3017
s 1
f 3197/3197/2673 3196/3196/2672 788/788/679
f 3200/3200/2676 3420/3420/2841 3419/3419/2840
f 3200/3200/2676 3419/3419/2840 3646/3646/3020
f 3200/3200/2676 3204/3204/2680 3647/3647/3021
f 3200/3200/2676 3647/3647/3021 3420/3420/2841
f 3200/3200/2676 3646/3646/3020 3201/3201/2677
f 801/801/691 797/797/687 3098/3098/2595
f 118/118/107 2186/2186/1856 119/119/108
f 124/124/113 123/123/112 2586/2586/2173
f 823/823/703 822/822/702 1168/1168/1005
f 823/823/703 1168/1168/1005 3214/3214/2686
f 3648/3648/3022 3649/3649/3023 3650/3650/3024
f 843/843/720 1179/1179/1015 844/844/721
f 856/856/733 3651/3651/3025 857/857/734
f 856/856/733 3652/3652/3026 3651/3651/3025
f 3653/3653/3027 861/861/738 3654/3654/3028
f 3653/3653/3027 3238/3238/2706 1198/1198/1034
f 3653/3653/3027 3655/3655/3029 3239/3239/2707
f 3653/3653/3027 3654/3654/3028 3655/3655/3029
f 3653/3653/3027 1195/1195/1031 861/861/738
f 3653/3653/3027 3239/3239/2707 3238/3238/2706
f 3653/3653/3027 1198/1198/1034 1195/1195/1031
f 3044/3044/2554 3543/3543/2938 2791/2791/2358
f 871/871/748 2790/2790/2357 872/872/749
f 1321/1321/1128 154/154/139 153/153/138
s 0
f 3656/3656/82 3657/3657/82 3658/3658/82
s 1
f 3659/3659/3030 3660/3660/3031 1900/1900/1604
f 3659/3659/3030 1900/1900/1604 1899/1899/1603
f 2059/2059/1742 1917/1917/1620 1916/1916/1619
f 2059/2059/1742 2064/2064/1747 3661/3661/3032
f 3662/3662/3033 3663/3663/3034 3664/3664/3035
f 3662/3662/3033 3664/3664/3035 936/936/805
f 1344/1344/1149 2609/2609/2193 2610/2610/2194
f 1344/1344/1149 2610/2610/2194 3665/3665/3036
s 0
f 3666/3666/2 3667/3667/2 3668/3668/2
f 3666/3666/2 2310/2310/2 3667/3667/2
s 1
f 644/644/541 647/647/544 2913/2913/2449
f 2439/2439/2045 658/658/555 3669/3669/3037
f 2439/2439/2045 1967/1967/1661 658/658/555
f 33/33/29 2170/2170/1842 910/910/784
s 0
f 3670/3670/3038 3671/3671/3038 3672/3672/3038
f 3673/3673/3039 3674/3674/3039 3675/3675/3039
s 1
f 689/689/586 3676/3676/3040 690/690/587
f 687/687/584 2179/2179/1851 2178/2178/1850
f 697/697/594 699/699/596 2239/2239/1900
f 39/39/35 3375/3375/2805 40/40/36
f 3286/3286/2741 2906/2906/2444 3677/3677/3041
f 3286/3286/2741 3677/3677/3041 3678/3678/3042
f 3286/3286/2741 3678/3678/3042 3287/3287/2742
f 1822/1822/1543 2132/2132/1808 2134/2134/1810
f 1822/1822/1543 2134/2134/1810 53/53/49
f 3679/3679/3043 3325/3325/2767 3680/3680/3044
f 726/726/623 63/63/59 65/65/61
f 726/726/623 65/65/61 3681/3681/3045
f 2497/2497/2101 3682/3682/3046 3009/3009/2523
f 2497/2497/2101 2498/2498/2102 3682/3682/3046
f 1028/1028/880 1032/1032/884 1289/1289/1103
s 0
f 3683/3683/3047 3684/3684/3047 3685/3685/3047
f 3686/3686/2 2335/2335/2 2339/2339/2
s 1
f 1040/1040/892 1041/1041/893 3687/3687/3048
s 0
f 3688/3688/100 3689/3689/100 3690/3690/100
s 1
f 3578/3578/2965 3577/3577/2964 3691/3691/100
f 3569/3569/2958 2770/2770/2340 2775/2775/2343
f 3569/3569/2958 2775/2775/2343 3570/3570/2959
f 3692/3692/3049 3693/3693/3050 3694/3694/3051
f 3692/3692/3049 3694/3694/3051 3695/3695/3052
f 3692/3692/3049 3695/3695/3052 3696/3696/3053
f 1046/1046/897 3584/3584/2969 1047/1047/898
f 3697/3697/3054 557/557/478 3698/3698/3055
f 3697/3697/3054 558/558/479 557/557/478
f 140/140/127 144/144/131 1491/1491/1265
s 0
f 3699/3699/82 3700/3700/82 2300/2300/82
s 1
f 1100/1100/939 3527/3527/2922 3528/3528/2923
f 1100/1100/939 1099/1099/938 3527/3527/2922
s 0
f 3701/3701/3056 3702/3702/3056 3703/3703/3056
s 1
f 3471/3471/2875 3704/3704/3057 3530/3530/2925
f 3471/3471/2875 3474/3474/2878 3704/3704/3057
f 3471/3471/2875 3529/3529/2924 3472/3472/2876
f 3471/3471/2875 3530/3530/2925 3529/3529/2924
f 2270/2270/1925 2269/2269/1924 1119/1119/958
f 2266/2266/1921 3705/3705/3058 2267/2267/1922
f 2270/2270/1925 1119/1119/958 1122/1122/961
f 3706/3706/3059 481/481/418 480/480/418
f 3707/3707/3060 3708/3708/3060 3709/3709/3060
f 2745/2745/2321 1640/1640/1396 3710/3710/3061
f 1126/1126/965 1125/1125/964 3430/3430/2851
f 2745/2745/2321 3431/3431/2852 2746/2746/2322
f 3711/3711/3062 3712/3712/3063 1418/1418/1214
f 3713/3713/3064 3714/3714/3065 3715/3715/3066
f 2167/2167/1839 2166/2166/1839 3716/3716/3067
f 3711/3711/3062 1418/1418/1214 3717/3717/3068
f 3718/3718/3069 3090/3090/2587 1144/1144/982
f 3718/3718/3069 1144/1144/982 503/503/431
f 3718/3718/3069 3719/3719/3070 3091/3091/2588
f 3718/3718/3069 502/502/430 3719/3719/3070
f 3718/3718/3069 3091/3091/2588 3090/3090/2587
f 3718/3718/3069 503/503/431 502/502/430
f 2432/2432/2038 3720/3720/3071 2433/2433/2039
f 2432/2432/2038 1541/1541/1312 3721/3721/3072
f 1545/1545/1315 3722/3722/3073 1546/1546/1316
f 1545/1545/1315 3102/3102/2599 3722/3722/3073
f 3723/3723/3074 698/698/595 3724/3724/3075
f 3723/3723/3074 3725/3725/3076 2241/2241/1902
f 3723/3723/3074 3724/3724/3075 3726/3726/3077
f 3723/3723/3074 2240/2240/1901 698/698/595
f 3723/3723/3074 2241/2241/1902 2240/2240/1901
f 3723/3723/3074 3726/3726/3077 3725/3725/3076
s 0
f 3727/3727/3078 3728/3728/3078 3729/3729/3078
s 1
f 3493/3493/2896 3730/3730/3079 3494/3494/2897
f 3731/3731/3080 3018/3018/2530 3017/3017/2529
s 0
f 3732/3732/3081 3733/3733/3081 3734/3734/3081
s 1
f 3735/3735/3082 564/564/485 563/563/484
f 3735/3735/3082 3736/3736/3083 564/564/485
f 3737/3737/3084 567/567/488 566/566/487
f 3737/3737/3084 566/566/487 3738/3738/3085
f 3737/3737/3084 3738/3738/3085 3739/3739/3086
f 3740/3740/3087 1582/1582/1345 1581/1581/1344
f 3741/3741/3088 3742/3742/3089 1578/1578/1341
f 3741/3741/3088 1192/1192/1028 1191/1191/1027
f 3741/3741/3088 1191/1191/1027 3742/3742/3089
f 3740/3740/3087 3743/3743/3090 1190/1190/1026
f 3740/3740/3087 1581/1581/1344 3743/3743/3090
f 1736/1736/1471 3744/3744/3091 2605/2605/2
f 1736/1736/1471 1740/1740/1472 3745/3745/3092
f 1736/1736/1471 3745/3745/3092 3744/3744/3091
f 1736/1736/1471 2605/2605/2 1737/1737/2
f 3746/3746/3093 3133/3133/2624 3747/3747/3094
f 944/944/810 3748/3748/3095 945/945/811
f 3746/3746/3093 3596/3596/2977 3133/3133/2624
f 944/944/810 3749/3749/3096 3748/3748/3095
f 3750/3750/3097 3751/3751/3098 3752/3752/3099
f 1493/1493/1267 1495/1495/1269 3753/3753/3100
f 3750/3750/3097 3754/3754/3101 3751/3751/3098
f 1493/1493/1267 3755/3755/3102 1494/1494/1268
f 3750/3750/3097 3752/3752/3099 3756/3756/3103
s 0
f 3700/3700/82 3757/3757/82 2300/2300/82
s 1
f 967/967/831 961/961/825 93/93/83
f 3472/3472/2876 3529/3529/2924 975/975/839
f 3472/3472/2876 975/975/839 3758/3758/3104
f 3472/3472/2876 3758/3758/3104 3473/3473/2877
f 371/371/323 676/676/573 3264/3264/2723
f 371/371/323 677/677/574 676/676/573
f 3165/3165/2643 2486/2486/2090 3166/3166/2644
f 3165/3165/2643 2487/2487/2091 2486/2486/2090
f 3168/3168/2646 3759/3759/3105 3169/3169/2647
f 3168/3168/2646 1635/1635/1391 1636/1636/1392
f 3168/3168/2646 1636/1636/1392 3759/3759/3105
f 1012/1012/864 3760/3760/3106 3170/3170/2648
f 1012/1012/864 1014/1014/866 3760/3760/3106
s 0
f 3761/3761/3107 3762/3762/3107 3763/3763/3107
s 1
f 3764/3764/3108 3765/3765/3109 3766/3766/3110
f 3767/3767/3111 3768/3768/3112 3769/3769/3113
f 3767/3767/3111 3770/3770/3114 3768/3768/3112
f 3771/3771/3115 1953/1953/1652 3772/3772/3116
f 3773/3773/3117 3491/3491/2895 2338/2338/1970
f 3494/3494/2897 3730/3730/3079 3774/3774/3118
f 3496/3496/2899 2879/2879/2424 2878/2878/2423
s 0
f 1456/1456/2 2887/2887/2 2886/2886/2
s 1
f 1456/1456/2 1459/1459/1242 2887/2887/2
f 196/196/165 3775/3775/3119 3776/3776/3120
f 199/199/168 2539/2539/2132 2536/2536/2129
f 199/199/168 2536/2536/2129 3422/3422/2843
f 199/199/168 194/194/163 2539/2539/2132
f 196/196/165 3776/3776/3120 197/197/166
f 3777/3777/3121 3778/3778/3122 3779/3779/3123
f 3777/3777/3121 2574/2574/2165 3778/3778/3122
f 3777/3777/3121 3780/3780/3124 2574/2574/2165
f 3447/3447/2865 3781/3781/3125 3448/3448/2866
f 3396/3396/2817 214/214/183 213/213/182
f 3396/3396/2817 2728/2728/2304 214/214/183
f 3396/3396/2817 213/213/182 2462/2462/2067
f 3396/3396/2817 2462/2462/2067 1710/1710/1451
f 3623/3623/3000 2779/2779/2346 3782/3782/3126
s 0
f 3783/3783/3127 3784/3784/3127 3785/3785/3127
f 3786/3786/3128 3787/3787/3128 3788/3788/3128
f 3789/3789/100 3790/3790/100 3791/3791/100
s 1
f 3628/3628/3005 2216/2216/1877 3063/3063/2565
f 233/233/200 3792/3792/2 234/234/201
f 753/753/645 752/752/644 2381/2381/1997
f 2061/2061/1744 2119/2119/1797 2062/2062/1745
f 3793/3793/3129 3794/3794/3130 2481/2481/2085
f 3793/3793/3129 3795/3795/3131 3794/3794/3130
f 268/268/235 267/267/234 2813/2813/2375
f 3796/3796/3132 3797/3797/3133 3798/3798/3134
f 3799/3799/2126 2529/2529/2123 2533/2533/2126
s 0
f 3800/3800/3135 3801/3801/3135 3802/3802/3135
s 1
f 3803/3803/3136 3804/3804/3137 1946/1946/1647
f 293/293/253 296/296/256 2681/2681/2259
f 293/293/253 2681/2681/2259 1648/1648/1404
s 0
f 2/2/2 981/981/2 3805/3805/2
f 2/2/2 3161/3161/2 981/981/2
s 1
f 2/2/2 5/5/5 3161/3161/2
f 2/2/2 3806/3806/2 3/3/3
s 0
f 2/2/2 3805/3805/2 3806/3806/2
s 1
f 14/14/12 3807/3807/3138 3236/3236/2704
f 18/18/16 17/17/15 3808/3808/3139
f 3809/3809/3140 3810/3810/3141 3811/3811/3141
f 2947/2947/2469 3812/3812/3142 2948/2948/2470
f 1525/1525/1298 1529/1529/1302 2764/2764/2334
s 0
f 3813/3813/3143 3814/3814/3143 3815/3815/3143
s 1
f 3816/3816/3144 3817/3817/3145 3818/3818/3146
f 2637/2637/2219 2523/2523/2117 2521/2521/2115
s 0
f 3819/3819/3147 3820/3820/3147 3821/3821/3147
s 1
f 841/841/718 840/840/717 1374/1374/1175
f 2259/2259/1915 3822/3822/3148 2068/2068/1751
f 3823/3823/3149 3824/3824/3150 3825/3825/3149
f 2259/2259/1915 2067/2067/1750 2260/2260/1916
f 3826/3826/3151 2028/2028/1711 3159/3159/2638
f 2259/2259/1915 2068/2068/1751 2067/2067/1750
f 3823/3823/3149 3825/3825/3149 3827/3827/3152
f 2264/2264/1919 2791/2791/2358 3828/3828/3153
f 3829/3829/3154 2597/2597/2184 2599/2599/2186
f 3829/3829/3154 2599/2599/2186 3830/3830/3155
f 3829/3829/3154 3831/3831/3156 2597/2597/2184
f 3661/3661/3032 3832/3832/3157 3833/3833/3158
f 3661/3661/3032 2064/2064/1747 3832/3832/3157
f 2564/2564/2155 2562/2562/2153 1896/1896/1600
f 94/94/84 90/90/80 1340/1340/1145
s 0
f 2301/2301/82 2300/2300/82 3757/3757/82
s 1
f 102/102/92 976/976/840 103/103/93
f 100/100/90 1747/1747/1479 3834/3834/3159
f 267/267/234 2586/2586/2173 2813/2813/2375
f 135/135/122 137/137/124 3835/3835/3160
f 135/135/122 3604/3604/2985 136/136/123
f 135/135/122 3835/3835/3160 3604/3604/2985
f 142/142/129 3516/3516/2915 2224/2224/1885
f 142/142/129 2223/2223/1884 143/143/130
f 142/142/129 145/145/132 3516/3516/2915
f 142/142/129 2224/2224/1885 2223/2223/1884
f 453/453/391 3288/3288/2743 454/454/392
f 310/310/270 3836/3836/3161 311/311/271
f 3837/3837/3162 1607/1607/1370 2735/2735/2311
f 3811/3811/3141 3810/3810/3141 3838/3838/3163
f 3839/3839/3164 3518/3518/2917 3840/3840/3165
f 3839/3839/3164 3519/3519/2918 3518/3518/2917
f 3841/3841/3166 2677/2677/2256 3842/3842/3167
f 283/283/246 3843/3843/3168 284/284/246
f 3372/3372/2802 3844/3844/3169 3203/3203/2679
f 3845/3845/3170 3846/3846/3171 3847/3847/3172
f 3845/3845/3170 3848/3848/3173 3846/3846/3171
s 0
f 3849/3849/3174 3850/3850/3174 3851/3851/3174
s 1
f 3014/3014/2526 3852/3852/3175 3015/3015/2527
f 3845/3845/3170 3853/3853/3176 3848/3848/3173
f 527/527/448 3417/3417/2838 528/528/449
f 3854/3854/3177 2191/2191/1860 2766/2766/2336
f 3854/3854/3177 2765/2765/2335 1846/1846/1564
f 3854/3854/3177 2766/2766/2336 2765/2765/2335
f 527/527/448 1844/1844/1562 3417/3417/2838
f 3855/3855/3178 2194/2194/1863 3621/3621/2998
f 3855/3855/3178 3621/3621/2998 3856/3856/3179
f 3855/3855/3178 3218/3218/2690 2194/2194/1863
f 3399/3399/2820 2435/2435/2041 1965/1965/1659
f 3857/3857/3180 2378/2378/1994 225/225/192
f 3857/3857/3180 3858/3858/2 2378/2378/1994
f 549/549/470 2540/2540/2133 2537/2537/2130
f 549/549/470 2537/2537/2130 550/550/471
f 3323/3323/2765 3859/3859/3181 3324/3324/2766
f 1872/1872/1583 1877/1877/1588 2726/2726/2302
f 1872/1872/1583 2727/2727/2303 1873/1873/1584
f 298/298/258 3860/3860/3182 299/299/259
f 2016/2016/1701 3861/3861/3183 3328/3328/2770
f 2016/2016/1701 3328/3328/2770 2798/2798/2363
f 315/315/275 1309/1309/1119 316/316/2
f 3862/3862/3184 1233/1233/1061 1232/1232/1060
f 3862/3862/3184 1232/1232/1060 3863/3863/3185
f 3864/3864/3186 3865/3865/3187 3866/3866/3188
f 333/333/288 2809/2809/2371 334/334/289
f 333/333/288 2810/2810/2372 2809/2809/2371
f 333/333/288 337/337/292 2810/2810/2372
f 1184/1184/1020 1190/1190/1026 3867/3867/3189
f 1184/1184/1020 3868/3868/3190 1185/1185/1021
f 1184/1184/1020 3869/3869/3191 3868/3868/3190
f 1184/1184/1020 3867/3867/3189 3869/3869/3191
f 3870/3870/3192 3725/3725/3076 3726/3726/3077
f 3871/3871/3193 3872/3872/3194 3873/3873/3195
f 3870/3870/3192 3726/3726/3077 3438/3438/2856
f 364/364/317 3874/3874/100 2087/2087/1770
f 364/364/317 360/360/100 3874/3874/100
f 885/885/759 3433/3433/2853 3875/3875/3196
f 3876/3876/3197 1961/1961/1656 3877/3877/393
f 3876/3876/3197 3397/3397/2818 1961/1961/1656
f 885/885/759 884/884/758 3433/3433/2853
f 3722/3722/3073 3878/3878/3198 3879/3879/3199
f 3722/3722/3073 3102/3102/2599 3878/3878/3198
f 3722/3722/3073 3879/3879/3199 1546/1546/1316
f 386/386/338 1800/1800/1521 1802/1802/1523
f 386/386/338 2438/2438/2044 1800/1800/1521
f 386/386/338 1799/1799/1520 387/387/339
f 386/386/338 391/391/343 2438/2438/2044
f 386/386/338 1802/1802/1523 1799/1799/1520
f 3880/3880/3200 2882/2882/2426 2881/2881/2426
s 0
f 3881/3881/3201 3882/3882/3201 3883/3883/3201
f 3884/3884/3202 3885/3885/3202 3886/3886/3202
f 3887/3887/3203 3888/3888/3203 3889/3889/3203
s 1
f 3890/3890/3204 3774/3774/3118 3730/3730/3079
s 0
f 3891/3891/3205 3892/3892/3205 3893/3893/3205
s 1
f 3894/3894/3206 3895/3895/3207 3028/3028/2538
f 3894/3894/3206 3028/3028/2538 1650/1650/1406
f 2680/2680/2258 3896/3896/3208 1648/1648/1404
f 2680/2680/2258 1648/1648/1404 2681/2681/2259
f 2449/2449/2054 2761/2761/2331 2450/2450/2055
f 2449/2449/2054 428/428/371 1820/1820/1541
f 2449/2449/2054 1820/1820/1541 2761/2761/2331
f 3897/3897/3209 3898/3898/3210 3899/3899/3211
f 3900/3900/3212 3901/3901/3213 3902/3902/3214
f 3903/3903/3215 3904/3904/3216 3905/3905/3217
f 1711/1711/1452 3906/3906/3218 2727/2727/2303
f 3098/3098/2595 797/797/687 3099/3099/2596
f 3907/3907/3219 3908/3908/3220 1163/1163/1000
f 3907/3907/3219 3909/3909/3221 3908/3908/3220
f 3907/3907/3219 1163/1163/1000 1162/1162/999
f 3907/3907/3219 3910/3910/3222 3909/3909/3221
f 3907/3907/3219 1162/1162/999 3910/3910/3222
f 550/550/471 1701/1701/1442 551/551/472
f 550/550/471 2537/2537/2130 1701/1701/1442
f 2629/2629/2211 1566/1566/1330 1570/1570/1333
f 2629/2629/2211 1069/1069/915 1073/1073/919
f 3911/3911/3223 3912/3912/3224 3913/3913/3225
f 3911/3911/3223 3914/3914/3226 3915/3915/3227
f 3911/3911/3223 3915/3915/3227 3912/3912/3224
f 1243/1243/1071 2045/2045/1728 1244/1244/1072
f 3916/3916/2 3917/3917/3228 3918/3918/2
f 3916/3916/2 3919/3919/3229 3917/3917/3228
f 3920/3920/3230 3921/3921/3231 3922/3922/3232
f 3923/3923/3233 3924/3924/3234 3925/3925/3235
f 3923/3923/3233 3926/3926/3236 3924/3924/3234
f 450/450/388 445/445/385 3927/3927/3237
f 2841/2841/2393 1495/1495/1269 2842/2842/2394
f 2841/2841/2393 3753/3753/3100 1495/1495/1269
f 2841/2841/2393 3468/3468/2872 3753/3753/3100
f 2014/2014/1699 3928/3928/3238 2018/2018/1703
f 960/960/824 965/965/829 3158/3158/2637
f 972/972/836 975/975/839 1230/1230/1058
f 3160/3160/2639 2079/2079/1762 1511/1511/1284
f 2043/2043/1726 2080/2080/1763 3929/3929/3239
f 2043/2043/1726 2042/2042/1725 2080/2080/1763
f 352/352/307 351/351/306 1004/1004/858
f 3760/3760/3106 2088/2088/1771 3005/3005/2519
f 3760/3760/3106 3095/3095/2592 3170/3170/2648
f 3760/3760/3106 1014/1014/866 2088/2088/1771
f 3760/3760/3106 3005/3005/2519 3095/3095/2592
f 2226/2226/1887 2233/2233/1894 3930/3930/3240
f 1432/1432/2 1035/1035/887 1034/1034/886
f 2276/2276/1929 3246/3246/2712 2277/2277/1930
s 0
f 3931/3931/3241 3932/3932/3241 3933/3933/3241
f 3934/3934/3242 3935/3935/3242 3936/3936/3242
s 1
f 3937/3937/3243 3938/3938/3244 3939/3939/3245
s 0
f 3940/3940/3246 3941/3941/3246 3942/3942/3246
s 1
f 1865/1865/1576 1864/1864/1575 3943/3943/3247
f 3944/3944/3248 3945/3945/3249 2212/2212/1873
f 1194/1194/1030 3946/3946/3250 863/863/740
f 1194/1194/1030 1197/1197/1033 3946/3946/3250
f 3051/3051/2559 3060/3060/2562 1880/1880/1590
f 3051/3051/2559 3427/3427/2848 3426/3426/2847
f 3051/3051/2559 3426/3426/2847 3052/3052/2560
f 3051/3051/2559 1880/1880/1590 3427/3427/2848
f 1894/1894/1598 3947/3947/3251 1895/1895/1599
f 1894/1894/1598 1090/1090/931 3948/3948/3252
f 1894/1894/1598 3948/3948/3252 3947/3947/3251
f 210/210/179 203/203/172 3949/3949/3253
f 1343/1343/1148 1110/1110/949 1109/1109/948
f 2970/2970/2488 1494/1494/1268 3755/3755/3102
f 2970/2970/2488 2969/2969/2487 1494/1494/1268
s 0
f 3950/3950/3254 3951/3951/3254 3952/3952/3254
s 1
f 2970/2970/2488 3755/3755/3102 3953/3953/3255
f 2588/2588/2175 3954/3954/3256 3714/3714/3065
f 2588/2588/2175 2591/2591/2178 3955/3955/3257
f 2588/2588/2175 3714/3714/3065 2589/2589/2176
f 2588/2588/2175 3955/3955/3257 3954/3954/3256
f 3093/3093/2590 1366/1366/1167 1149/1149/987
f 3093/3093/2590 1149/1149/987 1148/1148/986
f 2942/2942/2464 2941/2941/2463 3956/3956/3258
f 3257/3257/2718 1837/1837/1555 3416/3416/2837
f 3257/3257/2718 3416/3416/2837 3258/3258/2719
f 3257/3257/2718 611/611/516 1837/1837/1555
f 3957/3957/393 3958/3958/3259 3959/3959/3260
f 3957/3957/393 3960/3960/3261 3958/3958/3259
f 3957/3957/393 3959/3959/3260 3961/3961/3262
f 3921/3921/3231 2382/2382/1998 3962/3962/3263
f 3921/3921/3231 3962/3962/3263 3922/3922/3232
f 3927/3927/3237 445/445/385 3963/3963/3264
f 3921/3921/3231 3964/3964/3265 2382/2382/1998
f 3667/3667/2 2310/2310/2 2812/2812/2374
f 3965/3965/3266 3966/3966/3267 3967/3967/3268
f 1759/1759/1488 1758/1758/1487 2619/2619/2203
f 1765/1765/1494 3968/3968/3269 1766/1766/1495
f 1765/1765/1494 1769/1769/1498 3969/3969/3270
f 1765/1765/1494 3969/3969/3270 3968/3968/3269
f 1972/1972/1666 3970/3970/3271 2322/2322/1957
f 1784/1784/1505 3971/3971/3272 1787/1787/1508
f 1784/1784/1505 2038/2038/1721 3972/3972/3273
f 1784/1784/1505 3972/3972/3273 3971/3971/3272
f 1784/1784/1505 3272/3272/2731 2038/2038/1721
f 698/698/595 696/696/593 3724/3724/3075
f 698/698/595 2240/2240/1901 699/699/596
f 3315/3315/2757 3973/3973/3274 3316/3316/2758
f 3315/3315/2757 2768/2768/2338 3973/3973/3274
f 3315/3315/2757 2636/2636/2218 2768/2768/2338
f 3315/3315/2757 2638/2638/2220 2636/2636/2218
f 914/914/788 1177/1177/1013 915/915/789
f 914/914/788 3974/3974/3275 1177/1177/1013
f 3975/3975/3276 3976/3976/3277 3977/3977/3276
f 3978/3978/3278 3979/3979/3279 3980/3980/3280
f 3981/3981/2 3982/3982/3281 2131/2131/2
f 3978/3978/3278 3459/3459/2 3979/3979/3279
s 0
f 3975/3975/3276 3983/3983/3276 3976/3976/3276
f 3984/3984/2 3985/3985/2 3986/3986/2
s 1
f 2077/2077/1760 1823/1823/1544 2645/2645/2227
f 2077/2077/1760 2645/2645/2227 3987/3987/3282
f 3988/3988/3283 3989/3989/3284 3990/3990/2
f 3991/3991/2 2379/2379/1995 2378/2378/1994
f 3521/3521/2 3992/3992/2 542/542/463
f 3988/3988/3283 3993/3993/3285 3989/3989/3284
f 3184/3184/2660 2303/2303/1944 3994/3994/3286
f 3184/3184/2660 3995/3995/3287 3996/3996/3288
f 3184/3184/2660 3994/3994/3286 3995/3995/3287
f 3180/3180/2656 3997/3997/3289 3181/3181/2657
f 1220/1220/1048 3998/3998/3290 1221/1221/1049
f 1226/1226/1054 2070/2070/1753 3999/3999/3291
f 1226/1226/1054 1225/1225/1053 3633/3633/3010
f 1220/1220/1048 4000/4000/3292 3998/3998/3290
f 1226/1226/1054 3633/3633/3010 2070/2070/1753
f 760/760/652 4001/4001/3293 761/761/653
s 0
f 4002/4002/3294 4003/4003/3294 4004/4004/3294
s 1
f 4005/4005/3295 1362/1362/1163 3002/3002/2516
f 3355/3355/2793 4006/4006/3296 3356/3356/2794
f 3190/3190/2666 3126/3126/2617 3121/3121/2612
f 3202/3202/2678 3201/3201/2677 4007/4007/3297
f 1688/1688/1435 831/831/708 838/838/715
f 1688/1688/1435 3382/3382/2811 1689/1689/1436
f 3230/3230/2699 3229/3229/2698 2994/2994/2508
f 3230/3230/2699 2994/2994/2508 2993/2993/2507
f 3241/3241/2709 3239/3239/2707 3655/3655/3029
f 301/301/261 306/306/266 3539/3539/2934
f 1609/1609/1372 312/312/272 313/313/273
f 1609/1609/1372 3540/3540/2935 1610/1610/1373
f 3797/3797/3133 4008/4008/3298 3798/3798/3134
f 1998/1998/1692 4009/4009/3299 629/629/534
f 3794/3794/3130 2482/2482/2086 2481/2481/2085
f 3794/3794/3130 3795/3795/3131 338/338/293
f 3794/3794/3130 338/338/293 2482/2482/2086
f 1755/1755/82 4010/4010/3300 1756/1756/1485
f 342/342/297 1761/1761/1490 343/343/298
s 0
f 4011/4011/3301 4012/4012/3301 4013/4013/3301
f 4014/4014/3302 4015/4015/3302 4016/4016/3302
s 1
f 3174/3174/2652 3173/3173/2651 376/376/328
s 0
f 4017/4017/2 4018/4018/2 4019/4019/2
s 1
f 3174/3174/2652 376/376/328 375/375/327
f 2827/2827/2383 387/387/339 1799/1799/1520
f 3973/3973/3274 2702/2702/2278 3317/3317/2759
f 3973/3973/3274 2768/2768/2338 4020/4020/3303
f 3973/3973/3274 4020/4020/3303 2702/2702/2278
f 3973/3973/3274 3317/3317/2759 3316/3316/2758
f 3912/3912/3224 4021/4021/3304 3913/3913/3225
f 1578/1578/1341 3742/3742/3089 1579/1579/1342
f 2850/2850/2402 4022/4022/100 4023/4023/3305
f 2850/2850/2402 4023/4023/3305 3901/3901/3213
f 2850/2850/2402 1591/1591/1354 4022/4022/100
f 4024/4024/3306 4025/4025/3307 2462/2462/2067
f 4026/4026/3308 2455/2455/2060 3409/3409/2830
f 4024/4024/3306 2462/2462/2067 4027/4027/3309
f 3311/3311/2754 4028/4028/3310 3312/3312/2754
s 0
f 4029/4029/3311 4030/4030/3311 4031/4031/3311
s 1
f 2382/2382/1998 4032/4032/3312 2383/2383/1999
f 2385/2385/2001 4033/4033/3313 4034/4034/3314
f 2385/2385/2001 2384/2384/2000 4033/4033/3313
f 2382/2382/1998 3964/3964/3265 4032/4032/3312
f 2412/2412/2021 4035/4035/3315 2413/2413/2022
s 0
f 4036/4036/3316 4037/4037/3316 4038/4038/3316
s 1
f 2421/2421/2027 2420/2420/2027 4039/4039/3317
f 1757/1757/1486 1756/1756/1485 2747/2747/2323
f 1757/1757/1486 2747/2747/2323 2618/2618/2202
s 0
f 2675/2675/2 2678/2678/2 4040/4040/2
f 2675/2675/2 4040/4040/2 4041/4041/2
s 1
f 3751/3751/3098 3754/3754/3101 4042/4042/3318
s 0
f 4043/4043/3319 4044/4044/3319 4045/4045/3319
s 1
f 4046/4046/3320 4047/4047/3321 4048/4048/3322
f 4049/4049/3323 4050/4050/3323 4051/4051/3324
f 4049/4049/3323 4052/4052/3325 4050/4050/3323
f 2753/2753/2325 4053/4053/3326 439/439/382
s 0
f 4054/4054/3327 4055/4055/3327 4056/4056/3327
s 1
f 2761/2761/2331 1820/1820/1541 1337/1337/1142
f 2761/2761/2331 2756/2756/2328 2450/2450/2055
s 0
f 4057/4057/3328 4058/4058/3328 4059/4059/3328
s 1
f 3377/3377/2807 3379/3379/2808 4060/4060/3329
f 2763/2763/2333 4061/4061/82 2764/2764/2334
f 3381/3381/2810 2522/2522/2116 3382/3382/2811
f 2767/2767/2337 4020/4020/3303 2768/2768/2338
s 0
f 4062/4062/3330 4063/4063/3330 4064/4064/3330
s 1
f 539/539/460 4065/4065/3331 4066/4066/3332
f 539/539/460 4066/4066/3332 540/540/461
f 564/564/485 3736/3736/3083 4067/4067/3333
f 557/557/478 1867/1867/1578 3698/3698/3055
f 557/557/478 1868/1868/1579 1867/1867/1578
f 571/571/492 1875/1875/1586 572/572/493
f 571/571/492 4068/4068/3334 2547/2547/2140
f 571/571/492 2547/2547/2140 1875/1875/1586
f 571/571/492 570/570/491 4068/4068/3334
f 3433/3433/2853 4069/4069/3335 3434/3434/2854
f 3433/3433/2853 4070/4070/393 3875/3875/3196
f 3433/3433/2853 884/884/758 4069/4069/3335
f 2372/2372/1990 3778/3778/3122 2373/2373/1991
f 2372/2372/1990 2374/2374/1992 1905/1905/1609
f 2372/2372/1990 3779/3779/3123 3778/3778/3122
f 2372/2372/1990 1905/1905/1609 3779/3779/3123
f 2448/2448/2053 418/418/362 1067/1067/913
f 2640/2640/2222 56/56/52 2262/2262/1917
f 4071/4071/3336 2972/2972/2490 2971/2971/2489
f 4071/4071/3336 2260/2260/1916 2972/2972/2490
f 2126/2126/1804 2125/2125/1803 3221/3221/2693
f 3231/3231/2700 86/86/76 85/85/75
f 3229/3229/2698 4072/4072/3337 2994/2994/2508
f 2996/2996/2510 615/615/520 90/90/80
f 2996/2996/2510 2605/2605/2 620/620/525
f 2996/2996/2510 620/620/525 615/615/520
f 2996/2996/2510 1737/1737/2 2605/2605/2
f 2324/2324/1959 1538/1538/1309 1537/1537/1308
f 3480/3480/2884 651/651/548 4073/4073/3338
f 4074/4074/3339 4075/4075/3340 4076/4076/3341
f 4077/4077/3342 4078/4078/3343 767/767/659
f 4077/4077/3342 767/767/659 766/766/658
f 144/144/131 143/143/130 1489/1489/1263
s 0
f 4079/4079/3344 4080/4080/3344 4081/4081/3344
s 1
f 3015/3015/2527 3852/3852/3175 4082/4082/3345
f 1167/1167/1004 2699/2699/2275 2695/2695/2271
f 1167/1167/1004 2695/2695/2271 1168/1168/1005
f 1167/1167/1004 2877/2877/2422 2699/2699/2275
f 1173/1173/1009 4083/4083/3346 323/323/280
f 1173/1173/1009 4084/4084/3347 4083/4083/3346
f 2354/2354/1980 2356/2356/1982 2884/2884/2428
f 2889/2889/2429 4085/4085/3348 2539/2539/2132
f 2889/2889/2429 2891/2891/2431 4086/4086/3349
f 2889/2889/2429 4086/4086/3349 4085/4085/3348
f 2889/2889/2429 2539/2539/2132 194/194/163
f 4087/4087/3350 1386/1386/1187 1385/1385/1186
f 4088/4088/3351 1104/1104/943 4089/4089/3352
f 4087/4087/3350 1385/1385/1186 1105/1105/944
f 444/444/384 2898/2898/2438 4090/4090/3353
f 444/444/384 4090/4090/3353 445/445/385
s 0
f 4091/4091/3354 4092/4092/3354 4093/4093/3354
s 1
f 4094/4094/3355 4095/4095/3356 4096/4096/3357
f 4094/4094/3355 4096/4096/3357 4097/4097/3358
f 4098/4098/3359 3345/3345/2783 2666/2666/2247
f 4098/4098/3359 2120/2120/1798 2117/2117/1795
f 4098/4098/3359 2666/2666/2247 2120/2120/1798
f 4098/4098/3359 2117/2117/1795 3346/3346/2784
f 4098/4098/3359 3346/3346/2784 3345/3345/2783
f 2036/2036/1719 259/259/226 261/261/228
f 2036/2036/1719 2175/2175/1847 259/259/226
f 2036/2036/1719 3616/3616/2997 2175/2175/1847
f 270/270/237 690/690/587 271/271/238
s 0
f 4099/4099/100 4100/4100/100 4101/4101/100
f 4102/4102/100 4103/4103/100 4104/4104/100
s 1
f 2056/2056/1739 1653/1653/1409 4105/4105/3360
f 2056/2056/1739 4105/4105/3360 4106/4106/3361
f 2056/2056/1739 4106/4106/3361 2593/2593/2180
s 0
f 4107/4107/3362 4108/4108/3362 4109/4109/3362
s 1
f 4110/4110/3363 675/675/572 674/674/571
s 0
f 4111/4111/3364 4112/4112/3364 4113/4113/3364
f 4114/4114/3365 4115/4115/3365 4116/4116/3365
s 1
f 4117/4117/3366 3768/3768/3112 3770/3770/3114
f 4118/4118/3367 1838/1838/1556 611/611/516
s 0
f 4119/4119/3368 4120/4120/3368 4121/4121/3368
s 1
f 4122/4122/3369 608/608/513 607/607/513
f 778/778/670 4123/4123/3370 779/779/671
f 778/778/670 3196/3196/2672 4123/4123/3370
f 778/778/670 788/788/679 3196/3196/2672
f 1041/1041/893 535/535/456 1848/1848/1566
f 1041/1041/893 1848/1848/1566 4124/4124/3371
f 4125/4125/3372 4126/4126/3373 4127/4127/3374
f 1458/1458/1241 3031/3031/2541 1459/1459/1242
s 0
f 4128/4128/3330 4064/4064/3330 4063/4063/3330
s 1
f 2544/2544/2137 3424/3424/2845 3185/3185/2661
f 4068/4068/3334 4129/4129/3375 2547/2547/2140
f 4068/4068/3334 570/570/491 4129/4129/3375
f 1879/1879/1589 3427/3427/2848 1880/1880/1590
f 1896/1896/1600 2562/2562/2153 1897/1897/1601
f 992/992/846 998/998/852 2566/2566/2157
f 253/253/220 254/254/221 3346/3346/2784
f 253/253/220 3346/3346/2784 2569/2569/2160
f 1633/1633/1389 1632/1632/1388 4130/4130/3376
f 1633/1633/1389 4131/4131/3377 1634/1634/1390
f 1640/1640/1396 1641/1641/1397 4132/4132/3378
f 4133/4133/3379 4134/4134/3380 1127/1127/966
f 2589/2589/2176 3714/3714/3065 4135/4135/3381
f 2589/2589/2176 4135/4135/3381 4136/4136/3382
f 2589/2589/2176 4136/4136/3382 2590/2590/2177
f 1146/1146/984 1150/1150/988 2322/2322/1957
f 1146/1146/984 2322/2322/1957 3970/3970/3271
f 1146/1146/984 4137/4137/3383 1147/1147/985
f 1146/1146/984 3970/3970/3271 4137/4137/3383
s 0
f 2817/2817/2 4138/4138/2 2818/2818/2
s 1
f 2436/2436/2042 1451/1451/1240 4139/4139/3384
f 1447/1447/1236 4140/4140/3385 1448/1448/1237
f 627/627/532 2152/2152/1828 628/628/533
f 4141/4141/3386 299/299/259 3860/3860/3182
f 4141/4141/3386 4142/4142/3387 1601/1601/1364
f 4141/4141/3386 1601/1601/1364 299/299/259
f 4143/4143/3388 4144/4144/3389 1610/1610/1373
f 4143/4143/3388 1610/1610/1373 3540/3540/2935
f 2911/2911/2447 2786/2786/2353 2785/2785/2352
f 1309/1309/1119 2030/2030/1713 316/316/2
f 1309/1309/1119 1305/1305/2 1739/1739/2
f 4145/4145/3390 4146/4146/3391 4147/4147/3392
f 4145/4145/3390 4147/4147/3392 4148/4148/3393
f 4149/4149/3394 3075/3075/2574 4150/4150/3395
f 381/381/333 380/380/332 3562/3562/2953
f 1600/1600/1363 305/305/265 1601/1601/1364
f 2650/2650/2231 3995/3995/3287 2651/2651/2232
f 2653/2653/2234 4144/4144/3389 4151/4151/3396
f 2653/2653/2234 1610/1610/1373 4144/4144/3389
f 3334/3334/2776 1793/1793/1514 1792/1792/1513
f 3337/3337/2779 3336/3336/2778 4152/4152/3397
s 0
f 4153/4153/3398 4154/4154/3398 4155/4155/3398
f 4156/4156/3399 4157/4157/3399 4158/4158/3399
s 1
f 3108/3108/2603 4159/4159/3400 1069/1069/915
f 3352/3352/2790 4160/4160/3401 3353/3353/2791
f 1246/1246/1074 1249/1249/1077 2672/2672/2253
f 2677/2677/2256 1038/1038/890 3842/3842/3167
f 3895/3895/3207 4161/4161/3402 3028/3028/2538
f 523/523/444 521/521/442 4162/4162/3403
f 2702/2702/2278 4020/4020/3303 2703/2703/2279
f 2702/2702/2278 2706/2706/2282 3317/3317/2759
f 2715/2715/2291 1182/1182/1018 1181/1181/1017
f 2715/2715/2291 2884/2884/2428 1182/1182/1018
f 857/857/734 3868/3868/3190 3869/3869/3191
f 857/857/734 3651/3651/3025 3868/3868/3190
f 857/857/734 3869/3869/3191 858/858/735
f 1877/1877/1588 1871/1871/1582 2726/2726/2302
f 2597/2597/2184 4163/4163/3404 2598/2598/2185
s 0
f 4164/4164/3405 4165/4165/3405 4166/4166/3405
f 4167/4167/3406 4168/4168/3406 4169/4169/3406
f 4170/4170/3407 4171/4171/3407 4172/4172/3407
s 1
f 90/90/80 615/615/520 1340/1340/1145
s 0
f 4173/4173/100 3297/3297/100 3300/3300/100
f 4174/4174/100 4175/4175/100 4176/4176/100
s 1
f 2619/2619/2203 1934/1934/1637 1933/1933/1636
f 3966/3966/3267 4076/4076/3341 3967/3967/3268
f 3725/3725/3076 4177/4177/3408 2241/2241/1902
f 1774/1774/1500 4178/4178/3409 2245/2245/1906
s 0
f 4179/4179/3410 4180/4180/3410 4181/4181/3410
s 1
f 1774/1774/1500 2630/2630/2212 1072/1072/918
f 1774/1774/1500 2245/2245/1906 2630/2630/2212
s 0
f 4182/4182/3411 4183/4183/3411 4184/4184/3411
f 4185/4185/3412 4186/4186/3412 4187/4187/3412
f 4188/4188/3413 4189/4189/3413 4190/4190/3413
s 1
f 4191/4191/3414 4192/4192/3415 4193/4193/3416
f 3417/3417/2838 1844/1844/1562 1843/1843/1561
f 1806/1806/1527 175/175/148 177/177/150
f 1806/1806/1527 537/537/458 175/175/148
f 40/40/36 3375/3375/2805 2969/2969/2487
f 40/40/36 2969/2969/2487 41/41/37
f 3319/3319/2761 48/48/44 4194/4194/3417
f 4195/4195/3418 4196/4196/3419 4197/4197/3420
s 0
f 4198/4198/100 4199/4199/100 4200/4200/100
s 1
f 3325/3325/2767 577/577/498 3680/3680/3044
f 3522/3522/2919 1210/1210/2 2137/2137/1813
f 2051/2051/1734 3994/3994/3286 2303/2303/1944
f 2051/2051/1734 3632/3632/3009 3994/3994/3286
f 3778/3778/3122 2574/2574/2165 2373/2373/1991
f 2153/2153/1829 1392/1392/1192 2154/2154/1830
f 4201/4201/3421 2459/2459/2064 2458/2458/2063
f 1408/1408/1204 3081/3081/2578 4202/4202/3422
f 1408/1408/1204 4202/4202/3422 1409/1409/1205
f 1414/1414/1210 4203/4203/3423 26/26/22
f 1419/1419/1215 1418/1418/1214 3085/3085/2582
f 2174/2174/1846 4204/4204/3424 2175/2175/1847
f 4205/4205/3425 1129/1129/968 4206/4206/3426
f 3676/3676/3040 271/271/238 690/690/587
f 2191/2191/1860 1439/1439/1228 2766/2766/2336
f 2194/2194/1863 3218/3218/2690 1690/1690/1437
f 4207/4207/3427 1602/1602/1365 4142/4142/3387
f 4207/4207/3427 4208/4208/3428 1602/1602/1365
f 3516/3516/2915 876/876/753 2224/2224/1885
f 3516/3516/2915 1203/1203/1039 876/876/753
s 0
f 4209/4209/82 4210/4210/82 4211/4211/82
s 1
f 3832/3832/3157 4212/4212/3429 3833/3833/3158
f 4213/4213/3430 2119/2119/1797 3567/3567/2956
f 4213/4213/3430 2062/2062/1745 2119/2119/1797
s 0
f 4214/4214/3431 4215/4215/3431 4216/4216/3431
s 1
f 4083/4083/3346 324/324/281 323/323/280
f 4217/4217/3432 4218/4218/3433 4219/4219/3433
f 3547/3547/2940 2809/2809/2371 2812/2812/2374
f 3547/3547/2940 334/334/289 2809/2809/2371
f 2486/2486/2090 1521/1521/1294 1520/1520/1293
f 2486/2486/2090 1763/1763/1492 4220/4220/3434
f 2486/2486/2090 1520/1520/1293 3166/3166/2644
f 2486/2486/2090 4220/4220/3434 1521/1521/1294
f 3872/3872/3194 4221/4221/3435 3873/3873/3195
f 3438/3438/2856 3726/3726/3077 3439/3439/2857
f 4222/4222/3436 911/911/785 4223/4223/3437
f 3549/3549/2942 4224/4224/3438 3550/3550/2943
f 3101/3101/2598 3878/3878/3198 3102/3102/2599
f 170/170/145 173/173/146 908/908/782
f 4225/4225/3439 4226/4226/3440 4227/4227/3441
f 4225/4225/3439 4227/4227/3441 3833/3833/3158
f 4225/4225/3439 3833/3833/3158 4212/4212/3429
f 845/845/722 3221/3221/2693 2125/2125/1803
f 845/845/722 2125/2125/1803 846/846/723
f 4228/4228/3442 3869/3869/3191 4229/4229/3443
f 4228/4228/3442 858/858/735 3869/3869/3191
f 4228/4228/3442 1581/1581/1344 1583/1583/1346
f 4228/4228/3442 4229/4229/3443 1581/1581/1344
f 3798/3798/3134 4008/4008/3298 716/716/613
f 1594/1594/1357 946/946/812 3466/3466/2870
f 1594/1594/1357 3466/3466/2870 1315/1315/1124
f 1594/1594/1357 1315/1315/1124 2136/2136/1812
f 4230/4230/3444 1024/1024/876 4231/4231/3445
f 4230/4230/3444 4232/4232/3446 2181/2181/1853
f 4230/4230/3444 2181/2181/1853 1024/1024/876
s 0
f 4233/4233/2 4234/4234/2 4235/4235/2
s 1
f 2347/2347/1975 4042/4042/3318 2348/2348/1976
s 0
f 4236/4236/3447 4237/4237/3447 4238/4238/3447
s 1
f 1177/1177/1013 1180/1180/1016 915/915/789
f 4239/4239/3448 3220/3220/2692 1179/1179/1015
f 197/197/166 1188/1188/1024 4240/4240/3449
f 197/197/166 4240/4240/3449 198/198/167
f 197/197/166 1189/1189/1025 1188/1188/1024
f 197/197/166 3776/3776/3120 1189/1189/1025
f 3238/3238/2706 3240/3240/2708 1198/1198/1034
f 214/214/183 2728/2728/2304 2726/2726/2302
f 4241/4241/3450 3063/3063/2565 2215/2215/1876
f 4241/4241/3450 547/547/468 3064/3064/2566
f 4241/4241/3450 3064/3064/2566 3063/3063/2565
f 4241/4241/3450 2215/2215/1876 3945/3945/3249
f 4241/4241/3450 3945/3945/3249 547/547/468
f 3527/3527/2922 1099/1099/938 1385/1385/1186
f 3527/3527/2922 1384/1384/1185 2381/2381/1997
f 3527/3527/2922 1385/1385/1186 1384/1384/1185
f 3704/3704/3057 3474/3474/2878 4242/4242/3451
f 3704/3704/3057 1229/1229/1057 3530/3530/2925
f 3704/3704/3057 4242/4242/3451 1229/1229/1057
f 2389/2389/2005 4243/4243/3452 2390/2390/2006
f 2394/2394/2010 2450/2450/2055 2756/2756/2328
f 2394/2394/2010 424/424/368 2450/2450/2055
f 2394/2394/2010 2756/2756/2328 2395/2395/2011
f 786/786/677 785/785/676 4244/4244/3453
f 2428/2428/2034 4245/4245/3454 1015/1015/867
f 2430/2430/2036 4246/4246/3455 4247/4247/3456
f 2428/2428/2034 1015/1015/867 1013/1013/865
f 2430/2430/2036 2429/2429/2035 4246/4246/3455
f 2231/2231/1892 2227/2227/1888 3615/3615/2996
f 2231/2231/1892 3615/3615/2996 3614/3614/2995
f 1291/1291/1105 1289/1289/1103 1032/1032/884
f 1291/1291/1105 4248/4248/3457 2945/2945/2467
f 1291/1291/1105 1032/1032/884 4248/4248/3457
f 3724/3724/3075 696/696/593 1296/1296/1110
f 3724/3724/3075 3439/3439/2857 3726/3726/3077
f 3724/3724/3075 1296/1296/1110 3439/3439/2857
s 0
f 4249/4249/3458 4250/4250/3458 4251/4251/3458
s 1
f 4178/4178/3409 2246/2246/1907 2245/2245/1906
f 704/704/601 4252/4252/3459 705/705/602
f 4178/4178/3409 4253/4253/3460 2246/2246/1907
f 920/920/793 47/47/43 50/50/46
s 0
f 4254/4254/3461 4255/4255/3461 4256/4256/3461
s 1
f 3828/3828/3153 2791/2791/2358 3543/3543/2938
f 4257/4257/3462 3402/3402/2823 3401/3401/2822
f 934/934/803 936/936/805 3664/3664/3035
f 1498/1498/1272 4258/4258/3463 1500/1500/1274
f 974/974/838 4259/4259/3464 3758/3758/3104
f 974/974/838 3758/3758/3104 975/975/839
f 4260/4260/3465 1959/1959/2 4261/4261/2
f 4260/4260/3465 4262/4262/3466 1960/1960/2
f 4260/4260/3465 4263/4263/3467 4264/4264/3468
f 4260/4260/3465 1960/1960/2 1959/1959/2
f 4260/4260/3465 4265/4265/3469 4262/4262/3466
f 4260/4260/3465 4264/4264/3468 4265/4265/3469
f 4260/4260/3465 4261/4261/2 4263/4263/3467
f 1240/1240/1068 1241/1241/1069 4266/4266/3470
f 1366/1366/1167 1150/1150/988 1149/1149/987
f 1366/1366/1167 1365/1365/1166 1150/1150/988
f 4127/4127/3374 4126/4126/3373 3203/3203/2679
f 4127/4127/3374 3203/3203/2679 3844/3844/3169
f 3448/3448/2866 2895/2895/2435 4267/4267/3471
f 3448/3448/2866 3781/3781/3125 203/203/172
f 3448/3448/2866 203/203/172 2895/2895/2435
f 1710/1710/1451 4025/4025/3307 1712/1712/1453
f 1710/1710/1451 2462/2462/2067 4025/4025/3307
s 0
f 2003/2003/3472 4268/4268/3472 2004/2004/3472
s 1
f 2566/2566/2157 3305/3305/2750 4095/4095/3356
f 240/240/207 2659/2659/2240 241/241/208
f 2566/2566/2157 998/998/852 3305/3305/2750
f 259/259/226 4204/4204/3424 260/260/227
f 259/259/226 2175/2175/1847 4204/4204/3424
f 1248/1248/1076 1251/1251/1079 4269/4269/3473
f 1946/1946/1647 3804/3804/3137 1947/1947/1648
f 1653/1653/1409 1652/1652/1408 4105/4105/3360
f 4/4/4 7/7/7 2230/2230/1891
f 1377/1377/1178 1379/1379/1180 2945/2945/2467
f 1377/1377/1178 2945/2945/2467 4248/4248/3457
f 3280/3280/2737 3279/3279/2736 4270/4270/3474
f 3280/3280/2737 4270/4270/3474 4271/4271/3475
f 4272/4272/3476 4273/4273/3477 3442/3442/2860
f 4274/4274/3478 3630/3630/3007 4275/4275/3479
f 4274/4274/3478 3631/3631/3008 3630/3630/3007
f 4276/4276/3480 3915/3915/3227 3914/3914/3226
f 2067/2067/1750 2972/2972/2490 2260/2260/1916
f 2644/2644/2226 3987/3987/3282 2645/2645/2227
f 1739/1739/2 96/96/86 2473/2473/2
f 103/103/93 970/970/834 105/105/95
f 133/133/120 1361/1361/1162 4277/4277/3481
f 1489/1489/1263 2789/2789/2356 1490/1490/1264
f 459/459/397 3597/3597/2978 460/460/398
f 2652/2652/2233 2735/2735/2311 1607/1607/1370
f 2652/2652/2233 2651/2651/2232 3632/3632/3009
f 2652/2652/2233 2736/2736/2312 2735/2735/2311
f 2652/2652/2233 3632/3632/3009 2736/2736/2312
s 0
f 4278/4278/3482 4279/4279/3482 4280/4280/3482
s 1
f 2374/2374/1992 1910/1910/1614 1905/1905/1609
f 482/482/419 483/483/420 1632/1632/1388
f 2618/2618/2202 1935/1935/1638 1934/1934/1637
f 2618/2618/2202 2746/2746/2322 1935/1935/1638
f 2618/2618/2202 2747/2747/2323 2746/2746/2322
s 0
f 4281/4281/2 4282/4282/2 4283/4283/2
f 4284/4284/2 4285/4285/2 4286/4286/2
s 1
f 1323/1323/1130 4287/4287/3483 1324/1324/1131
f 4047/4047/3321 4288/4288/3484 4048/4048/3322
f 4047/4047/3321 4289/4289/388 4288/4288/3484
s 0
f 4290/4290/3485 4291/4291/3485 4292/4292/3485
s 1
f 2755/2755/2327 2399/2399/2013 2756/2756/2328
s 0
f 4293/4293/3486 4294/4294/3486 4295/4295/3486
s 1
f 2522/2522/2116 2195/2195/1864 3382/3382/2811
f 554/554/475 547/547/468 3945/3945/3249
f 1482/1482/1256 4275/4275/3479 1483/1483/1257
f 4296/4296/3487 4297/4297/3488 2603/2603/2189
f 1726/1726/1465 467/467/405 468/468/406
f 1726/1726/1465 468/468/406 1727/1727/1466
f 317/317/276 2028/2028/1711 4298/4298/3489
f 4299/4299/2196 3980/3980/3280 3979/3979/3279
f 4010/4010/3300 1639/1639/1395 1756/1756/1485
f 4010/4010/3300 1642/1642/1398 1639/1639/1395
f 2236/2236/1897 2242/2242/1903 4300/4300/3490
s 0
f 1959/1959/2 1958/1958/2 4261/4261/2
s 1
f 891/891/765 4301/4301/3491 892/892/766
f 4302/4302/3492 4097/4097/3358 4303/4303/3493
f 4304/4304/3494 4305/4305/3495 4306/4306/3496
s 0
f 4304/4304/3497 4306/4306/3498 4307/4307/3497
s 1
f 2446/2446/2051 2445/2445/2050 4308/4308/3499
f 2446/2446/2051 4308/4308/3499 4309/4309/3500
f 2446/2446/2051 561/561/482 415/415/359
f 2446/2446/2051 4309/4309/3500 561/561/482
f 4023/4023/3305 3902/3902/3214 3901/3901/3213
f 3904/3904/3216 4310/4310/3501 3905/3905/3217
s 0
f 4311/4311/3502 4312/4312/3502 4313/4313/3502
s 1
f 4314/4314/2920 222/222/189 2379/2379/1995
f 739/739/631 731/731/628 4315/4315/3503
f 4316/4316/3504 2898/2898/2438 2897/2897/2437
f 4316/4316/3504 4317/4317/3505 2898/2898/2438
f 3635/3635/3012 3638/3638/3015 4318/4318/3506
f 4319/4319/3507 3189/3189/2665 4320/4320/3508
f 1241/1241/1069 4321/4321/3509 4266/4266/3470
f 1241/1241/1069 1237/1237/1065 4321/4321/3509
f 4322/4322/3510 4323/4323/3511 2941/2941/2463
f 668/668/565 667/667/564 4324/4324/3512
f 4322/4322/3510 4325/4325/3513 4323/4323/3511
f 3486/3486/2890 1021/1021/873 1156/1156/994
f 3214/3214/2686 2695/2695/2271 4326/4326/3514
f 3214/3214/2686 1168/1168/1005 2695/2695/2271
f 831/831/708 1687/1687/1434 832/832/709
f 1185/1185/1021 3868/3868/3190 3651/3651/3025
f 1185/1185/1021 3651/3651/3025 4327/4327/3515
f 1187/1187/1023 4240/4240/3449 1188/1188/1024
f 4328/4328/3516 4329/4329/3517 4330/4330/3518
f 4328/4328/3516 3650/3650/3024 3649/3649/3023
f 4328/4328/3516 4330/4330/3518 3650/3650/3024
f 2633/2633/2215 617/617/522 2149/2149/1825
f 2633/2633/2215 2149/2149/1825 4331/4331/3519
f 3469/3469/2873 4332/4332/3520 2296/2296/1941
f 4034/4034/3314 4333/4333/3521 3926/3926/3236
f 4034/4034/3314 4033/4033/3313 4333/4333/3521
s 0
f 4334/4334/100 4335/4335/100 4336/4336/100
f 4337/4337/100 4338/4338/100 4339/4339/100
s 1
f 3967/3967/3268 4076/4076/3341 4075/4075/3340
f 3269/3269/2728 4073/4073/3338 653/653/550
s 0
f 4340/4340/3522 4341/4341/3522 4342/4342/3522
f 4343/4343/3523 4344/4344/3523 4345/4345/3524
s 1
f 911/911/785 912/912/786 4223/4223/3437
f 682/682/579 681/681/578 1282/1282/1098
f 4346/4346/2 3561/3561/2952 3560/3560/2951
f 3455/3455/2869 4194/4194/3417 48/48/44
f 2468/2468/2073 2471/2471/2076 4196/4196/3419
f 716/716/613 4008/4008/3298 717/717/614
f 724/724/621 1313/1313/1122 1312/1312/1121
f 3682/3682/3046 2498/2498/2102 3612/3612/2993
f 1039/1039/891 2676/2676/2 3618/3618/2
f 3028/3028/2538 4161/4161/3402 3373/3373/2803
f 4347/4347/3525 4348/4348/3526 4349/4349/3526
f 2078/2078/1761 4129/4129/3375 1824/1824/1545
f 2078/2078/1761 2547/2547/2140 4129/4129/3375
f 2078/2078/1761 2076/2076/1759 2547/2547/2140
s 0
f 1079/1079/2 1076/1076/2 1213/1213/2
s 1
f 1094/1094/935 1093/1093/934 4350/4350/3527
f 1099/1099/938 1105/1105/944 1385/1385/1186
f 3474/3474/2878 3476/3476/2880 4242/4242/3451
s 0
f 4351/4351/3528 4352/4352/3528 4353/4353/3528
s 1
f 4150/4150/3395 3075/3075/2574 3074/3074/2573
s 0
f 4354/4354/3529 4355/4355/3529 4356/4356/3529
s 1
f 3712/3712/3063 3087/3087/2584 3085/3085/2582
f 3715/3715/3066 3714/3714/3065 3954/3954/3256
f 3712/3712/3063 3085/3085/2582 1418/1418/1214
f 1150/1150/988 1365/1365/1166 2322/2322/1957
f 1538/1538/1309 2104/2104/1784 1539/1539/1310
f 4232/4232/3446 4301/4301/3491 2181/2181/1853
f 4232/4232/3446 892/892/766 4301/4301/3491
f 3909/3909/3221 3910/3910/3222 896/896/770
f 2781/2781/2348 4357/4357/3530 2782/2782/2349
f 4358/4358/3531 4359/4359/3531 4360/4360/3531
f 3744/3744/3091 2606/2606/2 2605/2605/2
f 4361/4361/3532 3134/3134/2625 4362/4362/3533
f 3408/3408/2829 629/629/534 4009/4009/3299
f 4361/4361/3532 4362/4362/3533 2853/2853/2405
f 1495/1495/1269 955/955/821 2842/2842/2394
f 2025/2025/1708 4363/4363/3534 3330/3330/2772
f 2025/2025/1708 2024/2024/1707 4363/4363/3534
f 243/243/210 246/246/213 4364/4364/3535
f 4365/4365/2 4263/4263/3467 4261/4261/2
f 1705/1705/1446 1298/1298/1112 2744/2744/2320
f 4366/4366/3536 2094/2094/1777 3930/3930/3240
f 4366/4366/3536 3930/3930/3240 2233/2233/1894
f 1292/1292/1106 894/894/768 897/897/771
f 1292/1292/1106 897/897/771 3910/3910/3222
f 1292/1292/1106 3910/3910/3222 1162/1162/999
f 1294/1294/1108 2815/2815/2377 3440/3440/2858
f 4367/4367/3537 4368/4368/3537 4369/4369/3537
f 59/59/55 53/53/49 3982/3982/3281
f 63/63/59 1312/1312/1121 64/64/60
s 0
f 4370/4370/3538 4371/4371/3538 4372/4372/3538
s 1
f 2995/2995/2509 2994/2994/2508 2845/2845/2397
f 4259/4259/3464 3473/3473/2877 3758/3758/3104
f 4259/4259/3464 4373/4373/3539 3473/3473/2877
f 3087/3087/2584 4374/4374/3540 3088/3088/2585
f 3954/3954/3256 3955/3955/3257 4375/4375/3541
f 4376/4376/3542 2094/2094/1777 3099/3099/2596
f 4376/4376/3542 3930/3930/3240 2094/2094/1777
f 4376/4376/3542 3099/3099/2596 4377/4377/3543
f 2328/2328/1963 2329/2329/1964 4378/4378/3544
f 822/822/702 821/821/2 1169/1169/1006
s 0
f 4379/4379/3545 4380/4380/3545 4381/4381/3545
s 1
f 4219/4219/3433 4218/4218/3433 4382/4382/3546
f 1042/1042/894 915/915/789 4383/4383/3547
f 1042/1042/894 4383/4383/3547 2356/2356/1982
f 1196/1196/1032 3240/3240/2708 2741/2741/2317
f 1196/1196/1032 1198/1198/1034 3240/3240/2708
f 748/748/640 234/234/201 3792/3792/2
f 752/752/644 1225/1225/1053 1224/1224/1052
f 752/752/644 3633/3633/3010 1225/1225/1053
f 752/752/644 1224/1224/1052 2381/2381/1997
f 3133/3133/2624 3136/3136/2627 3747/3747/3094
f 3133/3133/2624 3596/3596/2977 4362/4362/3533
f 3133/3133/2624 4362/4362/3533 3134/3134/2625
f 3772/3772/3116 1953/1953/1652 1952/1952/1651
f 3170/3170/2648 3095/3095/2592 3096/3096/2593
f 3754/3754/3101 2348/2348/1976 4042/4042/3318
f 4384/4384/3548 721/721/618 717/717/614
f 2658/2658/2239 4364/4364/3535 246/246/213
f 2658/2658/2239 2660/2660/2241 4385/4385/3549
f 4386/4386/3550 1139/1139/977 3267/3267/2726
f 4386/4386/3550 1140/1140/978 1139/1139/977
f 1521/1521/1294 4220/4220/3434 1522/1522/1295
f 2571/2571/2162 4387/4387/3551 2572/2572/2163
f 1011/1011/863 1533/1533/1304 363/363/316
f 1011/1011/863 363/363/316 357/357/312
f 1011/1011/863 357/357/312 1014/1014/866
f 2434/2434/2040 2433/2433/2039 2824/2824/2380
f 915/915/789 1180/1180/1016 4383/4383/3547
f 1190/1190/1026 4388/4388/3552 3867/3867/3189
f 1190/1190/1026 3743/3743/3090 4388/4388/3552
f 3917/3917/3228 4389/4389/3553 4390/4390/3554
f 4391/4391/3555 3131/3131/2622 3128/3128/2619
f 3917/3917/3228 3919/3919/3229 4389/4389/3553
f 945/945/811 3748/3748/3095 3467/3467/2871
f 945/945/811 3467/3467/2871 946/946/812
f 3602/3602/2983 1111/1111/950 1110/1110/949
f 4392/4392/3556 4393/4393/3557 4394/4394/3556
s 0
f 4395/4395/3558 4396/4396/3558 4397/4397/3558
s 1
f 4398/4398/3559 1636/1636/1392 1634/1634/1390
f 4399/4399/3560 2084/2084/1767 2083/2083/1766
f 4392/4392/3556 4394/4394/3556 4400/4400/3561
s 0
f 4401/4401/3562 4402/4402/3562 4403/4403/3562
s 1
f 4006/4006/3296 3848/3848/3173 3853/3853/3176
f 4006/4006/3296 3853/3853/3176 3356/3356/2794
f 1413/1413/1209 659/659/556 2876/2876/2421
f 3608/3608/2989 3611/3611/2992 4404/4404/3563
f 2176/2176/1848 2175/2175/1847 3616/3616/2997
f 3212/3212/2684 4405/4405/2 818/818/701
f 1689/1689/1436 3382/3382/2811 2195/2195/1864
s 0
f 4406/4406/3564 4407/4407/3564 4408/4408/3564
f 4409/4409/3565 4410/4410/3565 4411/4411/3565
s 1
f 3063/3063/2565 2216/2216/1877 2215/2215/1876
f 3630/3630/3007 1483/1483/1257 4275/4275/3479
f 2813/2813/2375 2586/2586/2173 123/123/112
f 1767/1767/1496 3415/3415/2836 1768/1768/1497
f 141/141/128 1627/1627/1383 145/145/132
s 0
f 4412/4412/3566 4413/4413/3566 4414/4414/3566
s 1
f 3812/3812/3142 3314/3314/2756 2948/2948/2470
f 2248/2248/1909 43/43/39 4415/4415/3567
f 53/53/49 2134/2134/1810 3982/3982/3281
f 1823/1823/1544 1825/1825/1546 2645/2645/2227
f 3958/3958/3259 3960/3960/3261 3898/3898/3210
f 3345/3345/2783 3348/3348/2786 2666/2666/2247
f 1639/1639/1395 2747/2747/2323 1756/1756/1485
f 4416/4416/3568 4417/4417/3569 4418/4418/3570
f 4416/4416/3568 4419/4419/3571 4417/4417/3569
f 521/521/442 2691/2691/2267 4162/4162/3403
f 1683/1683/1430 1682/1682/1429 2830/2830/2386
f 2840/2840/2392 2706/2706/2282 2705/2705/2281
f 2779/2779/2346 2778/2778/2345 3782/3782/3126
f 2892/2892/2432 198/198/167 4420/4420/3572
s 0
f 4421/4421/3573 4422/4422/3573 4423/4423/3573
s 1
f 2438/2438/2044 391/391/343 1967/1967/1661
f 4424/4424/3574 3639/3639/3016 3483/3483/2887
f 4424/4424/3574 3611/3611/2992 3639/3639/3016
f 4424/4424/3574 4404/4404/3563 3611/3611/2992
f 2507/2507/2108 2506/2506/2108 4425/4425/3575
f 3641/3641/3018 776/776/668 3402/3402/2823
f 3680/3680/3044 577/577/498 575/575/496
s 0
f 4426/4426/3576 4427/4427/3576 4428/4428/3576
s 1
f 4429/4429/3577 4430/4430/3577 4431/4431/3577
f 4148/4148/3393 4147/4147/3392 4432/4432/3578
f 3412/3412/2833 3599/3599/2980 2049/2049/1732
f 4433/4433/3579 4434/4434/3580 4435/4435/3581
f 3413/3413/2834 331/331/286 1422/1422/1218
f 3413/3413/2834 1422/1422/1218 1421/1421/1217
f 3413/3413/2834 336/336/291 331/331/286
f 2080/2080/1763 2042/2042/1725 2081/2081/1764
f 2080/2080/1763 344/344/299 3929/3929/3239
f 3002/3002/2516 1362/1362/1163 1359/1359/1160
f 3002/3002/2516 1359/1359/1160 131/131/118
f 2088/2088/1771 2091/2091/1774 3005/3005/2519
f 1829/1829/1550 439/439/382 4053/4053/3326
f 1837/1837/1555 1840/1840/1558 3416/3416/2837
f 1837/1837/1555 611/611/516 1838/1838/1556
s 0
f 4436/4436/2 4437/4437/2 4438/4438/2
f 4439/4439/2 4019/4019/2 4018/4018/2
s 1
f 1862/1862/1573 3422/3422/2843 2536/2536/2129
f 3636/3636/3013 4440/4440/3582 3637/3637/3014
f 3289/3289/2744 2604/2604/2190 3539/3539/2934
f 3289/3289/2744 3539/3539/2934 306/306/266
f 1727/1727/1466 468/468/406 2141/2141/1817
f 3205/3205/2681 1925/1925/1628 2466/2466/2071
f 3205/3205/2681 1926/1926/1629 1925/1925/1628
f 1670/1670/1420 3430/3430/2851 1125/1125/964
f 4441/4441/3583 3097/3097/2594 3091/3091/2588
f 4441/4441/3583 3091/3091/2588 3719/3719/3070
f 4441/4441/3583 2427/2427/2033 3097/3097/2594
f 3597/3597/2978 2137/2137/1813 1370/1370/1171
f 3598/3598/2979 2049/2049/1732 3599/3599/2980
s 0
f 4442/4442/3584 4443/4443/3584 4444/4444/3584
s 1
f 206/206/175 4445/4445/3585 208/208/177
s 0
f 4446/4446/3586 4447/4447/3586 4448/4448/3586
s 1
f 690/690/587 1429/1429/1223 694/694/591
f 2190/2190/1859 531/531/452 530/530/451
f 226/226/193 227/227/194 4449/4449/3587
f 2212/2212/1873 3945/3945/3249 2215/2215/1876
f 874/874/751 872/872/749 2789/2789/2356
f 1232/1232/1060 763/763/655 3863/3863/3185
f 657/657/554 3669/3669/3037 658/658/555
f 4224/4224/3438 3484/3484/2888 662/662/559
f 4224/4224/3438 662/662/559 3550/3550/2943
f 2120/2120/1798 2666/2666/2247 2664/2664/2245
f 4450/4450/3588 4451/4451/3589 846/846/723
f 4450/4450/3588 846/846/723 2125/2125/1803
f 728/728/625 4452/4452/3590 1596/1596/1359
f 4377/4377/3543 3099/3099/2596 797/797/687
f 2329/2329/1964 4453/4453/3591 4454/4454/3592
f 2329/2329/1964 4454/4454/3592 4378/4378/3544
f 2329/2329/1964 3490/3490/2894 4453/4453/3591
f 2878/2878/2423 1174/1174/1010 3497/3497/2900
f 1180/1180/1016 1182/1182/1018 4383/4383/3547
f 542/542/463 3992/3992/2 543/543/464
f 3529/3529/2924 1230/1230/1058 975/975/839
s 0
f 4455/4455/100 4456/4456/100 4457/4457/100
f 4458/4458/3593 4459/4459/3593 4460/4460/3593
s 1
f 4247/4247/3456 4246/4246/3455 4461/4461/3594
f 2230/2230/1891 7/7/7 2232/2232/1893
f 1794/1794/1515 1026/1026/878 1795/1795/1516
f 3442/3442/2860 4273/4273/3477 3443/3443/2861
f 924/924/797 4462/4462/3595 1301/1301/1115
f 924/924/797 926/926/799 4462/4462/3595
f 3979/3979/3279 3459/3459/2 1310/1310/2
f 3252/3252/2716 3251/3251/2715 4463/4463/3596
f 3258/3258/2719 525/525/446 2500/2500/2104
f 3258/3258/2719 3416/3416/2837 525/525/446
f 1102/1102/941 2296/2296/1941 1103/1103/942
f 4333/4333/3521 3924/3924/3234 3926/3926/3236
f 3475/3475/2879 3473/3473/2877 4373/4373/3539
f 3475/3475/2879 4373/4373/3539 4464/4464/3597
f 4263/4263/3467 4465/4465/3598 4264/4264/3468
f 4129/4129/3375 570/570/491 1824/1824/1545
f 4437/4437/2 187/187/158 4438/4438/2
f 3423/3423/2844 3040/3040/2550 4466/4466/3599
f 3423/3423/2844 4466/4466/3599 4467/4467/3600
f 2557/2557/2150 1897/1897/1601 2562/2562/2153
f 2933/2933/2460 2932/2932/2459 4468/4468/3601
f 2055/2055/1738 2595/2595/2182 500/500/428
f 4097/4097/3358 4096/4096/3357 4303/4303/3493
f 1979/1979/1673 1481/1481/1255 1980/1980/1674
f 1984/1984/1678 1985/1985/1679 3121/3121/2612
f 4363/4363/3534 3329/3329/2771 3330/3330/2772
f 4363/4363/3534 2024/2024/1707 4469/4469/3602
f 95/95/85 93/93/83 2474/2474/2078
f 95/95/85 2473/2473/2 96/96/86
f 105/105/95 970/970/834 2306/2306/1947
f 4470/4470/3603 344/344/299 345/345/300
f 4470/4470/3603 3929/3929/3239 344/344/299
s 0
f 4471/4471/3604 4472/4472/3604 4473/4473/3604
s 1
f 305/305/265 299/299/259 1601/1601/1364
f 4303/4303/3493 3305/3305/2750 4474/4474/3605
f 4303/4303/3493 4096/4096/3357 3305/3305/2750
f 4305/4305/3495 4475/4475/438 4306/4306/3496
f 1069/1069/915 4159/4159/3400 1070/1070/916
s 0
f 4476/4476/3606 4477/4477/3606 4478/4478/3606
s 1
f 2694/2694/2270 4326/4326/3514 2695/2695/2271
f 3217/3217/2689 1380/1380/1181 4479/4479/3607
f 3217/3217/2689 1381/1381/1182 1380/1380/1181
f 2893/2893/2433 208/208/177 4445/4445/3585
s 0
f 4480/4480/3608 4481/4481/3608 4482/4482/3608
s 1
f 2893/2893/2433 4445/4445/3585 4483/4483/3609
f 2893/2893/2433 4484/4484/3610 2894/2894/2434
f 449/449/387 451/451/389 2899/2899/2439
f 3924/3924/3234 4485/4485/3611 3925/3925/3235
f 3271/3271/2730 3008/3008/2522 3007/3007/2521
s 0
f 4486/4486/393 3338/3338/393 4487/4487/393
s 1
f 4488/4488/3612 4489/4489/393 4490/4490/393
s 0
f 3276/3276/393 4491/4491/393 3277/3277/393
s 1
f 4492/4492/3613 4493/4493/3614 3959/3959/3260
s 0
f 4486/4486/393 3339/3339/393 3338/3338/393
s 1
f 1805/1805/1526 2955/2955/2477 537/537/458
f 3504/3504/2907 3502/3502/2905 4494/4494/3615
f 2482/2482/2086 338/338/293 336/336/291
f 1763/1763/1492 1522/1522/1295 4220/4220/3434
f 3879/3879/3199 1547/1547/1317 1546/1546/1316
f 834/834/711 1329/1329/1134 835/835/712
f 3938/3938/3244 1261/1261/100 3939/3939/3245
f 4495/4495/3616 4496/4496/3616 4497/4497/3616
f 2141/2141/1817 468/468/406 466/466/404
f 3340/3340/2780 3333/3333/2775 4498/4498/3617
f 3367/3367/2799 3356/3356/2794 3853/3853/3176
s 0
f 4499/4499/3618 4500/4500/3618 4501/4501/3618
f 4502/4502/3619 4503/4503/3619 4504/4504/3619
s 1
f 486/486/423 4041/4041/2 4040/4040/2
f 486/486/423 1170/1170/1006 4041/4041/2
f 1174/1174/1010 4505/4505/3620 3497/3497/2900
f 1174/1174/1010 322/322/279 4505/4505/3620
f 2500/2500/2104 525/525/446 524/524/445
f 2765/2765/2335 1528/1528/1301 1846/1846/1564
f 4438/4438/2 187/187/158 183/183/154
s 0
f 4506/4506/3621 4507/4507/3621 4508/4508/3621
s 1
f 3/3/3 4509/4509/3622 6/6/6
f 1379/1379/1180 1381/1381/1182 2946/2946/2468
f 4510/4510/3623 4511/4511/3623 4512/4512/3623
s 0
f 4513/4513/3624 4514/4514/3624 4515/4515/3624
s 1
f 2968/2968/2486 42/42/38 41/41/37
f 4516/4516/3625 3898/3898/3210 3960/3960/3261
f 4516/4516/3625 3899/3899/3211 3898/3898/3210
f 4517/4517/3626 3866/3866/3188 3865/3865/3187
f 4072/4072/3337 2845/2845/2397 2994/2994/2508
f 85/85/75 87/87/77 4518/4518/3627
f 4519/4519/3628 4435/4435/3581 4434/4434/3580
s 0
f 4520/4520/3629 4345/4345/3629 4344/4344/3629
s 1
f 2143/2143/1819 2626/2626/2208 2144/2144/1820
f 2630/2630/2212 2245/2245/1906 2244/2244/1905
f 2630/2630/2212 1073/1073/919 1072/1072/918
s 0
f 4521/4521/82 4522/4522/82 4523/4523/82
s 1
f 2356/2356/1982 4383/4383/3547 2884/2884/2428
f 2898/2898/2438 4317/4317/3505 3963/3963/3264
f 2898/2898/2438 3963/3963/3264 4090/4090/3353
f 4142/4142/3387 1602/1602/1365 1601/1601/1364
s 0
f 4524/4524/3630 4525/4525/3630 4526/4526/3630
f 4527/4527/3631 4528/4528/3631 4529/4529/3631
s 1
f 4388/4388/3552 3743/3743/3090 1581/1581/1344
f 4388/4388/3552 1581/1581/1344 4229/4229/3443
f 4388/4388/3552 4229/4229/3443 3867/3867/3189
f 4530/4530/3632 2135/2135/1811 4531/4531/3633
f 1328/1328/1133 835/835/712 1329/1329/1134
s 0
f 4532/4532/3634 4533/4533/3634 4534/4534/3634
s 1
f 2173/2173/1845 2172/2172/1844 4535/4535/3635
f 1020/1020/872 1019/1019/871 1156/1156/994
f 1020/1020/872 1156/1156/994 1021/1021/873
f 4536/4536/3636 4349/4349/3526 4348/4348/3526
f 4537/4537/3637 2776/2776/2344 2771/2771/2341
f 3040/3040/2550 4538/4538/3638 4466/4466/3599
f 4539/4539/3639 1302/1302/1116 1301/1301/1115
f 4193/4193/3416 4192/4192/3415 4540/4540/3640
f 2594/2594/2181 500/500/428 2595/2595/2182
f 647/647/544 3163/3163/2641 2913/2913/2449
f 1426/1426/1220 4541/4541/3641 1428/1428/1222
f 4542/4542/3642 2724/2724/2300 2252/2252/1913
f 3982/3982/3281 2134/2134/1810 2131/2131/2
f 3995/3995/3287 3994/3994/3286 2651/2651/2232
f 4151/4151/3396 4144/4144/3389 4543/4543/3643
f 3187/3187/2663 4320/4320/3508 3189/3189/2665
s 0
f 4544/4544/388 4545/4545/388 4546/4546/388
s 1
f 1405/1405/1201 1985/1985/1679 772/772/664
s 0
f 4547/4547/3644 4548/4548/3644 4549/4549/3644
s 1
f 4489/4489/393 4550/4550/3645 4490/4490/393
f 3204/3204/2680 4126/4126/3373 3647/3647/3021
f 3204/3204/2680 3203/3203/2679 4126/4126/3373
f 824/824/2 818/818/701 4405/4405/2
s 0
f 3619/3619/2 3620/3620/2 4551/4551/2
s 1
f 4552/4552/3646 2704/2704/2280 2709/2709/2285
f 1888/1888/1594 1880/1880/1590 3060/3060/2562
f 4420/4420/3572 4240/4240/3449 4553/4553/3647
f 4420/4420/3572 198/198/167 4240/4240/3449
f 3994/3994/3286 3632/3632/3009 2651/2651/2232
f 1494/1494/1268 2969/2969/2487 3375/3375/2805
s 0
f 4554/4554/3648 4555/4555/3648 4556/4556/3648
s 1
f 2874/2874/2419 2691/2691/2267 2690/2690/2266
f 3031/3031/2541 2358/2358/1984 1459/1459/1242
f 4440/4440/3582 4557/4557/3649 3637/3637/3014
f 483/483/420 4130/4130/3376 1632/1632/1388
f 3431/3431/2852 1935/1935/1638 2746/2746/2322
f 3638/3638/3015 2985/2985/2499 2987/2987/2501
f 3638/3638/3015 2987/2987/2501 4318/4318/3506
f 445/445/385 4090/4090/3353 3963/3963/3264
f 2794/2794/2361 2603/2603/2189 4297/4297/3488
f 1182/1182/1018 2884/2884/2428 4383/4383/3547
f 4558/4558/3650 4553/4553/3647 4240/4240/3449
s 0
f 4559/4559/3651 4560/4560/3651 4561/4561/3651
s 1
f 2296/2296/1941 4332/4332/3520 1103/1103/942
s 0
f 4562/4562/3652 4563/4563/3652 4564/4564/3652
s 1
f 1103/1103/942 4089/4089/3352 1104/1104/943
f 4565/4565/3653 3765/3765/3109 4566/4566/393
f 4323/4323/3511 3956/3956/3258 2941/2941/2463
f 4565/4565/3653 3766/3766/3110 3765/3765/3109
f 2100/2100/1781 4567/4567/3654 2101/2101/1781
f 946/946/812 3467/3467/2871 3466/3466/2870
f 4568/4568/3655 4264/4264/3468 4465/4465/3598
f 651/651/548 653/653/550 4073/4073/3338
f 3353/3353/2791 4160/4160/3401 4569/4569/3656
f 4498/4498/3617 3333/3333/2775 4570/4570/3657
f 4571/4571/3658 4321/4321/3509 1237/1237/1065
f 4572/4572/3659 4573/4573/3659 4574/4574/3659
f 838/838/715 837/837/714 2708/2708/2284
f 3869/3869/3191 3867/3867/3189 4229/4229/3443
s 0
f 4575/4575/3660 4576/4576/3660 4577/4577/3660
s 1
f 896/896/770 3910/3910/3222 897/897/771
f 3596/3596/2977 2853/2853/2405 4362/4362/3533
f 4196/4196/3419 2471/2471/2076 4197/4197/3420
f 93/93/83 961/961/825 2474/2474/2078
s 0
f 4578/4578/3661 4579/4579/3661 4580/4580/3661
s 1
f 790/790/681 3550/3550/2943 662/662/559
f 4581/4581/3662 36/36/32 35/35/31
f 2395/2395/2011 2756/2756/2328 2399/2399/2013
f 3552/3552/2945 1270/1270/1090 4582/4582/3663
f 3817/3817/3145 4583/4583/3664 3818/3818/3146
f 49/49/45 2256/2256/1914 50/50/46
f 49/49/45 4584/4584/3665 2256/2256/1914
f 4585/4585/3666 4586/4586/3667 4587/4587/3668
f 4585/4585/3666 3637/3637/3014 4586/4586/3667
f 2555/2555/2148 853/853/730 852/852/729
f 907/907/781 908/908/782 173/173/146
f 3781/3781/3125 3949/3949/3253 203/203/172
f 4588/4588/3669 4449/4449/3587 227/227/194
f 4588/4588/3669 227/227/194 224/224/191
f 3305/3305/2750 4096/4096/3357 4095/4095/3356
f 2569/2569/2160 3346/3346/2784 2117/2117/1795
f 1127/1127/966 4206/4206/3426 1129/1129/968
f 1127/1127/966 4134/4134/3380 4206/4206/3426
f 1261/1261/100 1259/1259/100 3939/3939/3245
f 2603/2603/2189 3539/3539/2934 2604/2604/2190
f 3045/3045/2555 3046/3046/2556 4589/4589/3670
s 0
f 4590/4590/3671 4591/4591/3671 4592/4592/3671
s 1
f 419/419/363 415/415/359 561/561/482
f 4586/4586/3667 3637/3637/3014 4557/4557/3649
f 4593/4593/3672 2899/2899/2439 451/451/389
f 1204/1204/1040 4594/4594/3673 1205/1205/1041
f 4595/4595/3674 3406/3406/2827 3407/3407/2828
f 4493/4493/3614 3961/3961/3262 3959/3959/3260
s 0
f 4596/4596/3675 4597/4597/3675 4598/4598/3675
s 1
f 2471/2471/2076 4599/4599/3676 4197/4197/3420
f 4600/4600/3677 3756/3756/3103 3752/3752/3099
f 2135/2135/1811 2133/2133/1809 4531/4531/3633
f 2498/2498/2102 2176/2176/1848 3616/3616/2997
f 2498/2498/2102 3616/3616/2997 2035/2035/1718
f 4021/4021/3304 3912/3912/3224 4601/4601/3678
f 3912/3912/3224 3915/3915/3227 4601/4601/3678
f 4602/4602/3679 4274/4274/3478 4603/4603/3680
f 4274/4274/3478 4275/4275/3479 4603/4603/3680
f 4275/4275/3479 1482/1482/1256 4603/4603/3680
f 1482/1482/1256 1484/1484/1258 4603/4603/3680
f 4604/4604/3681 1866/1866/1577 4605/4605/3682
f 1866/1866/1577 1868/1868/1579 4605/4605/3682
f 4067/4067/3333 3736/3736/3083 4606/4606/3683
f 4607/4607/3684 4309/4309/3500 4608/4608/3685
f 4309/4309/3500 4308/4308/3499 4608/4608/3685
f 4308/4308/3499 2445/2445/2050 4608/4608/3685
f 2445/2445/2050 2444/2444/2049 4608/4608/3685
f 2448/2448/2053 1067/1067/913 4609/4609/3681
f 3415/3415/2836 3414/3414/2835 4610/4610/3686
f 765/765/657 769/769/661 4611/4611/3687
f 769/769/661 4612/4612/3688 4611/4611/3687
f 2389/2389/2005 2388/2388/2004 4613/4613/3689
f 2388/2388/2004 2919/2919/2455 4613/4613/3689
f 2919/2919/2455 4614/4614/3690 4613/4613/3689
f 3351/3351/2789 3350/3350/2788 4615/4615/3691
f 3481/3481/2885 3415/3415/2836 4610/4610/3686
f 3002/3002/2516 130/130/117 4616/4616/3692
f 138/138/125 136/136/123 4617/4617/3693
f 136/136/123 3603/3603/2984 4617/4617/3693
f 3603/3603/2984 4618/4618/3694 4617/4617/3693
f 1236/1236/1064 1235/1235/1063 4619/4619/3695
f 1235/1235/1063 1239/1239/1067 4619/4619/3695
f 1239/1239/1067 1238/1238/1066 4619/4619/3695
f 4005/4005/3295 3002/3002/2516 4616/4616/3692
