# Blender 5.2.0 LTS
# www.blender.org
mtllib hub_prop_bazaar.mtl
o Mesh_0
v 0.087890 0.012451 -0.006104
v 0.097656 0.014038 -0.008972
v 0.088379 0.012695 -0.009399
v 0.087403 0.015381 -0.004578
v 0.098145 0.013916 -0.005890
v 0.087890 0.012451 -0.006104
v 0.078125 0.008423 -0.006622
v 0.077637 0.010925 -0.004669
v 0.077637 0.010925 -0.004669
v 0.078125 0.008423 -0.006622
v 0.133789 -0.041504 -0.030396
v 0.137696 -0.033203 -0.030762
v 0.137696 -0.033203 -0.026978
v 0.133789 -0.041504 -0.026611
v 0.127929 -0.048095 -0.030396
v 0.129883 -0.050293 -0.031250
v 0.135742 -0.042725 -0.031494
v -0.143554 0.104980 0.042603
v -0.145508 0.120605 0.042603
v -0.152344 0.093262 0.042847
v -0.142578 0.102539 0.042114
v -0.084961 0.119629 0.042114
v -0.143554 0.104980 0.042603
v -0.132812 0.091797 0.042358
v -0.133789 0.093262 0.042847
v -0.133789 0.093262 0.042847
v -0.142578 0.102539 0.042114
v 0.069336 0.002334 0.011291
v 0.067383 0.004211 0.009155
v 0.062256 -0.006195 0.011230
v 0.078125 0.008423 0.011597
v 0.077148 0.011048 0.009521
v 0.069336 0.002289 0.014221
v 0.062500 -0.006165 0.014221
v 0.239258 0.130859 -0.048462
v 0.187500 0.121582 -0.047974
v 0.171875 0.180664 -0.047730
v 0.241211 0.125977 -0.047974
v 0.239258 0.125000 -0.048706
v 0.242188 0.134766 -0.048218
v 0.240234 0.135742 -0.048950
v 0.111328 -0.054688 0.042603
v 0.114258 -0.045166 0.044311
v 0.107910 -0.048095 0.044067
v 0.102539 -0.056640 0.042358
v 0.119140 -0.050781 0.042847
v -0.193359 0.090332 -0.043091
v -0.206054 0.091797 -0.043579
v -0.208984 0.092285 -0.046509
v -0.193359 0.090332 -0.043091
v -0.197266 0.090332 -0.046265
v -0.180664 0.091308 -0.043335
v -0.197266 0.090332 -0.046265
v 0.059570 -0.022705 0.045532
v 0.061524 -0.022461 0.045532
v 0.060791 -0.014282 0.045776
v 0.057373 -0.013366 0.044556
v 0.055664 -0.023682 0.044556
v 0.060791 -0.029785 0.045532
v 0.136719 0.108398 -0.042847
v 0.127929 0.099610 -0.046021
v 0.136719 0.108887 -0.046021
v 0.127929 0.099610 -0.042847
v 0.143554 0.118653 -0.042603
v 0.206054 -0.219727 0.050659
v 0.203125 -0.086914 0.051392
v 0.205078 -0.218750 0.051636
v 0.207031 -0.249023 0.049927
v 0.207031 -0.249023 0.048950
v 0.206054 -0.219727 0.050659
v 0.206054 -0.091308 0.050903
v 0.203125 -0.086914 0.051392
v 0.207031 -0.217773 0.048950
v 0.206054 -0.091308 0.050903
v -0.005890 0.076660 -0.042603
v -0.014648 0.119629 -0.042847
v 0.002106 0.076660 -0.042603
v -0.016358 0.078125 -0.042847
v -0.022461 0.087403 -0.042847
v -0.016968 0.076660 -0.042603
v -0.008056 0.074707 -0.042603
v 0.062988 -0.041748 -0.027588
v 0.065918 -0.049805 -0.025635
v 0.061035 -0.043213 -0.026001
v 0.059326 -0.033935 -0.030396
v 0.063477 -0.042480 -0.030518
v 0.069336 -0.049073 -0.027344
v 0.058594 -0.033448 -0.027588
v 0.062988 -0.041748 -0.027588
v 0.058594 -0.033448 -0.027588
v 0.059326 -0.033935 -0.030396
v 0.167969 0.093262 0.045776
v 0.167969 0.095215 0.047241
v 0.158203 0.101074 0.047241
v 0.157227 0.099121 0.045288
v 0.167969 0.093262 0.045776
v 0.156250 0.100097 0.042114
v 0.166992 0.093750 0.042358
v 0.178711 0.089844 0.045044
v 0.167969 0.095215 0.047241
v 0.156250 0.100097 0.042114
v 0.102539 0.009278 -0.048462
v 0.094727 0.011169 -0.048462
v 0.101562 0.011108 -0.048706
v 0.109863 0.007080 -0.048462
v 0.110352 0.007873 -0.044556
v 0.102539 0.010193 -0.044067
v 0.094238 0.009399 -0.048218
v -0.192383 0.239258 0.041626
v -0.192383 0.238281 0.043335
v -0.189453 0.242188 0.043579
v -0.189453 0.243164 0.041626
v -0.189453 0.244141 -0.042603
v -0.192383 0.239258 0.041626
v -0.192383 0.239258 -0.042603
v -0.249023 0.146484 0.040894
v -0.192383 0.238281 0.043335
v -0.192383 0.239258 0.041626
v -0.189453 0.244141 -0.042603
v -0.192383 0.239258 -0.042603
v 0.060302 -0.004730 -0.004822
v 0.056153 -0.014221 -0.001389
v 0.060547 -0.004852 -0.001526
v 0.067383 0.004120 -0.005035
v 0.069336 0.002259 -0.006866
v 0.062988 -0.006195 -0.006866
v 0.056396 -0.014588 -0.005127
v 0.060302 -0.004730 -0.004822
v 0.056396 -0.014588 -0.005127
v 0.056153 -0.014221 -0.001389
v 0.169922 0.238281 0.047485
v -0.053222 0.184571 0.047974
v 0.173828 0.237304 0.047485
v 0.169922 0.238281 0.047485
v -0.165039 0.239258 0.047729
v -0.165039 0.238281 0.047485
v 0.169922 0.238281 0.047485
v 0.170898 0.239258 0.047241
v -0.165039 0.239258 0.047729
v 0.169922 0.238281 0.047485
v 0.173828 0.237304 0.047485
v 0.170898 0.239258 0.047241
v -0.053222 0.184571 0.047974
v 0.137696 -0.033203 -0.030762
v 0.137696 -0.023926 -0.030396
v 0.138672 -0.023804 -0.027100
v 0.139648 -0.033691 -0.031372
v 0.137696 -0.023926 -0.030396
v 0.138672 -0.023804 -0.027100
v -0.084472 0.090332 0.045044
v -0.097168 0.089844 0.041870
v -0.085449 0.090820 0.042114
v -0.097656 0.090332 0.046753
v -0.095703 0.089355 0.045044
v -0.073730 0.093750 0.044800
v -0.085449 0.091797 0.046997
v 0.085938 -0.054199 0.040894
v 0.094238 -0.055664 0.041382
v 0.098633 -0.024170 0.041870
v 0.078125 -0.051025 0.040894
v 0.078125 -0.050537 0.045776
v 0.085449 -0.053955 0.045776
v 0.235352 0.087403 -0.041626
v 0.242188 0.095215 -0.041870
v 0.243164 0.095215 0.041382
v 0.235352 0.087403 -0.041626
v 0.235352 0.087890 0.041382
v 0.228516 0.082031 -0.041626
v 0.239258 0.093262 -0.042603
v 0.228516 0.082031 -0.041626
v 0.235352 0.087403 -0.041626
v 0.243164 0.095215 0.041382
v 0.235352 0.087890 0.041382
v 0.137696 -0.023926 0.011902
v 0.138672 -0.024170 0.014709
v 0.137696 -0.033203 0.011536
v 0.139648 -0.034180 0.010010
v 0.141602 -0.024048 0.009705
v 0.136719 -0.014527 0.011719
v 0.137696 -0.014465 0.014954
v -0.151367 0.110352 -0.048462
v -0.146484 0.120605 -0.047974
v -0.149414 0.109863 -0.047730
v -0.160156 0.100097 -0.048218
v -0.158203 0.104004 -0.048462
v -0.181641 0.121582 -0.048462
v 0.060547 -0.043945 0.005402
v 0.060302 -0.044190 0.009033
v 0.056153 -0.034668 0.005280
v 0.066895 -0.050537 0.008972
v 0.062988 -0.043457 0.003448
v 0.068847 -0.052246 0.005249
v 0.060547 -0.043945 0.005402
v 0.056153 -0.034668 0.005280
v 0.059326 -0.034668 0.003723
v 0.059326 -0.034668 0.003723
v 0.093262 0.090332 -0.047730
v 0.093262 0.089355 -0.045776
v 0.083008 0.090332 -0.045532
v 0.104492 0.091308 -0.047730
v 0.082520 0.091797 -0.047485
v 0.095215 0.092285 -0.047974
v 0.106445 0.093262 -0.048218
v 0.093262 0.090332 -0.047730
v 0.083008 0.090332 -0.045532
v 0.082520 0.091797 -0.047485
v 0.136719 -0.014709 0.025757
v 0.138672 -0.024170 0.025513
v 0.138672 -0.023926 0.022339
v 0.136719 -0.014709 0.025757
v 0.133789 -0.005981 0.026245
v 0.135742 -0.003937 0.027222
v 0.139648 -0.013855 0.026978
v 0.136719 -0.014648 0.022217
v 0.133789 -0.005981 0.026245
v 0.139648 -0.013855 0.026978
v -0.043701 0.108398 -0.045532
v -0.035156 0.100097 -0.042358
v -0.043945 0.108887 -0.042603
v -0.034912 0.101074 -0.047730
v -0.035156 0.100586 -0.045776
v -0.049316 0.117676 -0.045776
v -0.043457 0.109863 -0.047730
v 0.061035 -0.031494 -0.045288
v 0.068847 -0.029663 -0.047241
v 0.064453 -0.039306 -0.045532
v 0.061035 -0.031494 -0.045288
v 0.059326 -0.023438 -0.045288
v 0.067871 -0.023071 -0.046997
v 0.067871 -0.023071 -0.046997
v 0.173828 0.100097 0.042847
v 0.171875 -0.064942 0.042847
v 0.172852 -0.064942 0.043091
v 0.173828 0.100097 0.042847
v 0.172852 -0.064942 0.043091
v 0.196289 0.100097 0.043579
v 0.173828 0.100097 0.042847
v 0.172852 0.100097 0.042847
v 0.171875 -0.064942 0.042847
v 0.103515 -0.061524 -0.010620
v 0.092285 -0.062011 -0.014343
v 0.103515 -0.061767 -0.014160
v 0.113770 -0.056396 -0.008972
v 0.103028 -0.059570 -0.009094
v 0.115722 -0.058350 -0.010803
v 0.092285 -0.061767 -0.010620
v 0.103515 -0.061524 -0.010620
v 0.092285 -0.061767 -0.010620
v 0.092285 -0.062011 -0.014343
v -0.226562 0.087403 0.042358
v -0.205078 0.108398 0.042114
v -0.235352 0.094238 0.042847
v -0.227539 0.085938 0.041870
v -0.215821 0.079102 0.042114
v -0.215821 0.080567 0.042603
v -0.242188 -0.091308 0.048706
v -0.241211 -0.092773 0.049194
v -0.241211 -0.091797 0.050171
v -0.242188 -0.090820 -0.047974
v -0.243164 -0.089355 0.048462
v 0.062500 0.101074 -0.047485
v 0.073242 0.097168 -0.047974
v 0.072265 0.095703 -0.047485
v 0.062500 0.100097 -0.045532
v 0.062988 0.102539 -0.047730
v 0.053711 0.108398 -0.045532
v 0.053711 0.109375 -0.047485
v 0.167969 -0.248047 0.050903
v 0.170898 -0.216797 0.050659
v 0.169922 -0.218750 0.050415
v 0.167969 -0.248047 0.050903
v 0.205078 -0.249023 0.050903
v 0.166992 -0.250000 0.050171
v 0.168946 -0.250000 0.050415
v 0.167969 -0.249023 0.050659
v 0.170898 -0.216797 0.050659
v 0.167969 -0.249023 0.050659
v 0.076660 0.010864 -0.011231
v 0.078125 0.008667 -0.009338
v 0.087403 0.015259 -0.010864
v 0.076660 0.010864 -0.011231
v 0.076660 0.010925 -0.014954
v 0.067871 0.004608 -0.011292
v 0.076660 0.010864 -0.011231
v 0.087890 0.015503 -0.014771
v 0.076660 0.010925 -0.014954
v 0.069336 0.002442 -0.009583
v 0.078125 0.008667 -0.009338
v 0.087403 0.015259 -0.010864
v 0.084961 -0.055176 -0.048950
v 0.077148 -0.052002 -0.048706
v 0.077637 -0.051025 -0.048218
v 0.085449 -0.054444 -0.048218
v 0.093750 -0.056885 -0.048706
v 0.092773 -0.059815 -0.048218
v 0.083496 -0.057861 -0.048462
v 0.208008 0.090820 0.042847
v 0.214844 0.093262 0.042603
v 0.212891 0.092773 0.046020
v 0.200196 0.088867 0.042603
v 0.125977 0.002365 -0.019531
v 0.127929 0.004730 -0.021118
v 0.117188 0.008850 -0.019531
v 0.117676 0.008972 -0.016113
v 0.126953 0.002609 -0.015930
v 0.135742 -0.004181 -0.021240
v 0.125977 0.002365 -0.019531
v 0.132812 -0.005493 -0.019409
v 0.135742 -0.004181 -0.021240
v 0.126953 0.002609 -0.015930
v -0.184571 0.225586 0.047974
v -0.235352 0.142578 0.047729
v -0.167969 0.181641 0.047974
v -0.237304 0.143554 0.047485
v -0.184571 0.225586 0.047974
v -0.181641 0.230469 0.047974
v -0.185547 0.226562 0.047729
v -0.167969 0.181641 0.047974
v -0.185547 0.226562 0.047729
v 0.073730 -0.055420 -0.025269
v 0.069336 -0.052246 -0.022095
v 0.100097 0.016479 0.027710
v 0.107422 0.011902 0.025879
v 0.097656 0.013550 0.025879
v 0.100097 0.016479 0.027710
v 0.097656 0.013550 0.025879
v 0.092285 0.015747 0.027588
v 0.095215 0.015747 0.042358
v 0.101562 0.015503 0.042847
v 0.092285 0.015747 0.027588
v 0.109863 0.014771 0.029175
v 0.109863 0.013977 0.027100
v 0.241211 -0.063965 -0.050659
v 0.242188 -0.062256 -0.048706
v 0.243164 -0.064453 -0.050171
v 0.172852 -0.062988 -0.049194
v 0.241211 -0.063965 -0.050659
v 0.243164 -0.064453 -0.050171
v 0.242188 -0.065430 -0.051147
v 0.241211 -0.063965 -0.050659
v 0.172852 -0.063965 -0.050903
v 0.172852 -0.062988 -0.049194
v 0.172852 -0.063965 -0.050903
v 0.021240 0.093262 0.041870
v 0.032470 0.099610 0.041870
v 0.032226 0.099610 0.045044
v 0.021606 0.093262 0.045044
v 0.010071 0.089355 0.041626
v 0.077148 0.005096 0.046265
v 0.081543 0.011231 0.045532
v 0.071289 0.005218 0.045044
v 0.077148 0.005096 0.046265
v 0.071289 0.005218 0.045044
v 0.068847 -0.000961 0.045776
v 0.079102 0.004852 0.045776
v 0.084961 0.008850 0.046265
v 0.072265 0.000183 0.045776
v 0.079102 0.004852 0.045776
v 0.187500 0.245117 -0.042603
v 0.193359 0.241211 -0.042603
v 0.186523 0.245117 -0.043335
v 0.179688 0.247071 -0.042847
v 0.180664 0.249023 -0.042847
v 0.187500 0.247071 -0.041626
v 0.193359 0.242188 -0.041626
v 0.112793 -0.056640 0.021728
v 0.121582 -0.052490 0.021728
v 0.125000 -0.050537 0.026123
v 0.113770 -0.056153 0.026367
v 0.112793 -0.056640 0.021728
v 0.103515 -0.059326 0.021851
v 0.103028 -0.061524 0.020630
v 0.112305 -0.059570 0.020264
v 0.113770 -0.056153 0.026367
v 0.112305 -0.059570 0.020264
v -0.221679 0.101562 -0.049439
v -0.223633 0.100586 -0.048950
v -0.232422 0.108398 -0.048950
v -0.211914 0.096192 -0.048950
v -0.231446 0.109375 -0.049194
v -0.181641 0.121582 -0.048462
v -0.221679 0.101562 -0.049439
v -0.232422 0.108398 -0.048950
v -0.231446 0.109375 -0.049194
v -0.205078 -0.090820 0.050903
v -0.239258 -0.090820 0.050659
v -0.240234 -0.092773 0.049194
v -0.206054 -0.092285 0.049438
v -0.205078 -0.090820 0.050903
v -0.204102 -0.093262 0.049438
v -0.204102 -0.091308 0.050659
v -0.201172 -0.086426 0.051636
v -0.204102 -0.091308 0.050659
v -0.206054 -0.092285 0.049438
v 0.074219 0.093262 -0.042358
v 0.062988 0.099610 -0.042358
v 0.072754 0.094238 -0.045532
v 0.086914 0.090332 -0.042358
v 0.128906 0.004395 -0.000566
v 0.126953 0.002503 0.001106
v 0.135742 -0.004425 -0.000490
v 0.128906 0.004395 -0.000566
v 0.127929 0.002853 -0.005402
v 0.118653 0.011048 -0.000595
v 0.135742 -0.004517 -0.004272
v 0.117188 0.008667 0.001518
v 0.118653 0.011048 -0.000595
v 0.128906 0.004395 -0.000566
v 0.135742 -0.004425 -0.000490
v 0.135742 -0.004517 -0.004272
v -0.165039 0.239258 -0.048218
v -0.169922 0.238281 -0.048218
v -0.166016 0.240234 -0.046021
v -0.165039 0.239258 -0.048218
v 0.170898 0.240234 -0.045776
v 0.171875 0.239258 -0.047485
v -0.164062 0.238281 -0.048462
v -0.169922 0.237304 -0.048462
v -0.165039 0.239258 -0.048218
v -0.166016 0.240234 -0.046021
v 0.170898 0.240234 -0.045776
v -0.165039 0.239258 -0.048218
v 0.171875 0.239258 -0.047485
v -0.164062 0.238281 -0.048462
v 0.078125 0.008667 -0.009338
v 0.078125 0.008423 -0.006622
v 0.088379 0.012695 -0.009399
v 0.078125 0.008667 -0.009338
v 0.069336 0.002259 -0.006866
v 0.078125 0.008423 -0.006622
v 0.078125 0.008667 -0.009338
v 0.087403 0.015259 -0.010864
v 0.241211 0.134766 0.047974
v 0.239258 0.143554 0.047974
v 0.239258 0.133789 0.048706
v 0.241211 0.134766 0.047974
v 0.242188 0.135742 0.046753
v 0.240234 0.143554 0.045532
v 0.238281 0.125000 0.047974
v 0.241211 0.125977 0.047974
v 0.238281 0.125000 0.047974
v 0.239258 0.143554 0.047974
v 0.120117 -0.056153 -0.046021
v 0.127929 -0.049316 -0.047485
v 0.129883 -0.050537 -0.045776
v 0.121094 -0.055664 -0.031494
v 0.111328 -0.060059 -0.045776
v 0.118164 -0.055420 -0.047974
v 0.120117 -0.056153 -0.046021
v 0.111328 -0.060059 -0.045776
v 0.118164 -0.055420 -0.047974
v -0.163086 0.083008 0.042358
v -0.174804 0.077637 0.042114
v -0.162109 0.082031 0.040894
v -0.176758 0.079590 0.042847
v -0.152344 0.092285 0.042603
v -0.164062 0.085449 0.042603
v -0.170898 0.086914 0.042358
v -0.163086 0.083008 0.042358
v -0.150391 0.090820 0.041138
v -0.152344 0.092285 0.042603
v -0.150391 0.090820 0.041138
v 0.055664 -0.013427 -0.031616
v 0.058838 -0.015259 -0.030884
v 0.060302 -0.003479 -0.031616
v 0.055664 -0.013427 -0.031616
v 0.053711 -0.024048 -0.031494
v 0.057373 -0.024903 -0.030518
v 0.060302 -0.003372 -0.046509
v 0.055420 -0.013366 -0.046021
v 0.058838 -0.015259 -0.030884
v 0.060302 -0.003372 -0.046509
v 0.175781 0.239258 0.043091
v 0.175781 0.238281 0.045532
v 0.180664 0.237304 0.043091
v 0.170898 0.240234 0.042847
v 0.170898 0.239258 0.045532
v 0.134766 -0.044434 -0.003906
v 0.139648 -0.034424 -0.000656
v 0.134766 -0.043701 -0.000454
v 0.134766 -0.044434 -0.003906
v 0.124023 -0.053955 -0.003723
v 0.126953 -0.049316 -0.005676
v 0.132812 -0.042969 -0.005951
v 0.132812 -0.042969 -0.005951
v 0.140625 -0.034668 -0.004105
v 0.134766 -0.043701 -0.000454
v -0.074219 0.094727 0.046753
v -0.085449 0.093750 0.047241
v -0.074219 0.094727 0.046753
v -0.063477 0.101074 0.046753
v -0.074219 0.097168 0.047485
v -0.063477 0.100097 0.045044
v -0.085449 0.091797 0.046997
v -0.073730 0.093750 0.044800
v -0.085449 0.093750 0.047241
v 0.072265 -0.055176 0.009094
v 0.071289 -0.051270 0.011291
v 0.082031 -0.056640 0.011536
v 0.079590 -0.058350 0.005646
v 0.081055 -0.059082 0.009277
v 0.109375 0.014709 -0.045776
v 0.101562 0.014221 -0.048218
v 0.097656 0.016601 -0.046021
v 0.109375 0.014709 -0.045776
v 0.119629 0.010193 -0.045532
v 0.109863 0.012878 -0.047485
v 0.099121 0.016846 -0.031616
v 0.109863 0.015136 -0.031372
v 0.109863 0.012878 -0.047485
v 0.109863 0.015136 -0.031372
v 0.087403 0.002320 0.044311
v 0.094238 0.010987 0.042114
v 0.085938 0.009338 0.042358
v 0.087403 0.002320 0.044311
v 0.081055 -0.000592 0.043823
v 0.097656 -0.023926 0.043823
v 0.094238 0.003616 0.043823
v 0.085938 0.009338 0.042358
v 0.094238 0.010987 0.042114
v -0.250000 0.125977 -0.041870
v -0.250000 0.115235 -0.043335
v -0.250000 0.114746 -0.042114
v -0.250000 0.125977 -0.041870
v -0.250000 0.135742 -0.042114
v -0.250000 0.125000 -0.043335
v -0.250000 0.125977 0.040649
v -0.250000 0.114258 0.040405
v -0.250000 0.125000 -0.043335
v -0.250000 0.125977 -0.041870
v -0.250000 0.114258 0.040405
v -0.250000 0.125977 0.040649
v -0.243164 -0.066406 0.050903
v -0.240234 -0.065918 0.051392
v -0.242188 -0.063965 0.050415
v -0.242188 -0.066406 0.048950
v -0.241211 -0.089844 0.050415
v -0.240234 -0.089844 0.050903
v 0.041260 0.108398 -0.042114
v 0.032715 0.100097 -0.045532
v 0.040771 0.108398 -0.045532
v 0.047608 0.118653 -0.042358
v 0.032715 0.100097 -0.042358
v 0.135742 -0.043457 0.009949
v 0.130859 -0.049560 0.006256
v 0.135742 -0.043213 0.006195
v 0.135742 -0.043457 0.009949
v 0.135742 -0.043213 0.006195
v 0.128906 -0.050537 0.009949
v 0.133789 -0.041260 0.011780
v 0.133789 -0.041260 0.011780
v -0.110352 0.092285 -0.047730
v -0.100097 0.090332 -0.047730
v -0.117676 0.094238 -0.046021
v -0.098145 0.092285 -0.048218
v -0.120117 0.095703 -0.047730
v -0.109863 0.093750 -0.048218
v 0.082031 -0.059082 -0.004639
v 0.070801 -0.053467 -0.004761
v 0.082031 -0.057373 -0.006226
v 0.092285 -0.061524 -0.003418
v 0.092285 -0.061767 -0.000900
v 0.092773 -0.059815 -0.005554
v 0.081055 -0.058838 -0.001122
v 0.190429 0.074219 0.042358
v 0.175781 0.076172 0.042114
v 0.189453 0.072754 0.040649
v 0.202148 0.073730 0.040894
v 0.187500 0.077148 0.042603
v 0.175781 0.078125 0.042847
v 0.190429 0.074219 0.042358
v 0.206054 0.075683 0.042114
v 0.199219 0.077148 0.042847
v 0.199219 0.077148 0.042847
v 0.202148 0.073730 0.040894
v 0.123535 -0.036621 -0.046997
v 0.118164 -0.042480 -0.047241
v 0.097656 -0.024170 -0.046997
v 0.130859 -0.040528 -0.045288
v 0.123535 -0.036621 -0.046997
v 0.125977 -0.031128 -0.046753
v 0.135742 -0.032715 -0.045044
v 0.097656 -0.024170 -0.046997
v 0.135742 -0.032715 -0.045044
v -0.205078 0.108398 0.042114
v -0.145508 0.120605 0.042603
v -0.243164 0.130859 0.042603
v -0.205078 0.108398 0.042114
v -0.205078 0.108398 0.042114
v -0.243164 0.130859 0.042603
v -0.249023 0.121094 0.042603
v -0.205078 0.108398 0.042114
v -0.189453 0.077637 0.042358
v -0.205078 0.108398 0.042114
v -0.248047 0.113281 0.042603
v -0.244141 0.104004 0.042603
v -0.204102 0.078125 0.043091
v -0.248047 0.113281 0.042603
v -0.198242 0.077148 0.042847
v -0.189453 0.077637 0.042358
v -0.152344 0.093262 0.042847
v -0.244141 0.104004 0.042603
v 0.057129 -0.032959 -0.047730
v 0.061035 -0.031983 -0.048462
v 0.062011 -0.041260 -0.047974
v 0.053711 -0.023682 -0.046021
v 0.055420 -0.023559 -0.047730
v 0.059326 -0.023193 -0.048462
v 0.055664 -0.033935 -0.046265
v 0.131836 0.092285 0.042847
v 0.094238 0.119140 0.042114
v 0.119140 0.084472 0.042847
v 0.131836 0.092285 0.042847
v 0.130859 0.090820 0.042603
v 0.141602 0.103028 0.042358
v 0.130859 0.090820 0.042603
v 0.142578 0.106933 0.042847
v 0.094238 0.119140 0.042114
v 0.139648 -0.013122 -0.013916
v 0.136719 -0.006775 -0.010681
v 0.140625 -0.023682 -0.010681
v 0.138672 -0.024048 -0.016480
v 0.136719 -0.014832 -0.016113
v 0.135742 -0.003586 -0.013916
v 0.141602 -0.023804 -0.014343
v -0.043213 0.111328 0.047485
v -0.034912 0.101074 0.046753
v -0.034424 0.103028 0.047485
v -0.043945 0.109375 0.046753
v -0.043213 0.111328 0.047485
v -0.000912 0.123535 0.047241
v -0.049805 0.122558 0.047729
v -0.034424 0.103028 0.047485
v -0.049805 0.122558 0.047729
v 0.058838 -0.015381 0.000389
v 0.057617 -0.025635 0.000374
v 0.060547 -0.004852 -0.001526
v 0.058838 -0.015381 0.000389
v 0.062988 -0.006134 0.000343
v 0.060547 -0.004852 -0.001526
v 0.057373 -0.025024 0.003815
v 0.058594 -0.014953 0.003723
v 0.062988 -0.006134 0.000343
v 0.236328 0.117188 -0.048950
v 0.234375 0.107910 -0.048950
v 0.232422 0.108887 -0.048462
v 0.236328 0.117188 -0.048950
v 0.232422 0.108887 -0.048462
v 0.187500 0.121582 -0.047974
v 0.239258 0.117188 -0.048462
v 0.104004 -0.059326 0.026123
v 0.104980 -0.061524 0.027710
v 0.093262 -0.059570 0.026001
v 0.092773 -0.059570 0.021606
v 0.104004 -0.059326 0.026123
v 0.113770 -0.058838 0.027832
v 0.104980 -0.061524 0.027710
v 0.113770 -0.056153 0.026367
v -0.204102 0.077637 -0.043335
v -0.206054 0.109375 -0.043579
v -0.196289 0.076660 -0.043579
v -0.214844 0.080567 -0.043823
v -0.216797 0.079590 -0.043335
v -0.204102 0.075195 -0.043335
v -0.168946 -0.218750 0.048706
v -0.166992 -0.248047 0.048950
v -0.167969 -0.218750 -0.048462
v -0.167969 -0.217773 0.050171
v -0.168946 -0.217773 0.050171
v -0.166992 -0.217773 0.048218
v -0.167969 -0.248047 0.050415
v 0.091308 0.076660 -0.042603
v 0.081543 0.077637 -0.042358
v 0.093750 0.118653 -0.042358
v 0.100586 0.077637 -0.042603
v 0.092773 0.074219 -0.042603
v 0.081055 0.075683 -0.042358
v 0.091308 0.076660 -0.042603
v 0.081055 0.075683 -0.042358
v 0.081543 0.077637 -0.042358
v 0.136719 -0.023926 0.046020
v 0.133789 -0.014527 0.045288
v 0.134766 -0.023926 0.045532
v 0.136719 -0.023926 0.046020
v 0.137696 -0.032959 0.045044
v 0.138672 -0.023926 0.045288
v 0.134766 -0.023926 0.045532
v 0.134766 -0.031983 0.045532
v 0.134766 -0.015076 0.045532
v 0.134766 -0.015076 0.045532
v -0.063965 0.100097 -0.042603
v -0.063965 0.100586 -0.045776
v -0.055176 0.108887 -0.042603
v -0.074707 0.093750 -0.042847
v -0.074219 0.093750 -0.045776
v 0.091797 0.013794 -0.048218
v 0.086914 0.009643 -0.048950
v 0.196289 0.238281 0.042114
v 0.250000 0.147461 -0.041626
v 0.196289 0.236328 -0.041870
v 0.196289 0.238281 0.042114
v 0.196289 0.236328 0.043579
v 0.248047 0.147461 0.042847
v 0.196289 0.238281 0.042114
v 0.250000 0.147461 0.041626
v 0.250000 0.147461 -0.041626
v 0.196289 0.236328 -0.041870
v 0.193359 0.242188 0.042114
v 0.248047 0.147461 0.042847
v 0.127929 -0.048828 -0.026611
v 0.140625 -0.033935 -0.025269
v 0.135742 -0.042969 -0.025269
v -0.150391 0.109375 0.046753
v -0.148438 0.111817 0.047485
v -0.153321 0.110840 0.047974
v -0.160156 0.101562 0.047974
v -0.159179 0.100097 0.046753
v -0.143554 0.117676 0.045532
v -0.149414 0.108398 0.045288
v 0.054199 -0.024536 -0.014954
v 0.055908 -0.035156 -0.011780
v 0.053955 -0.024536 -0.011597
v 0.057373 -0.025024 -0.017090
v 0.056153 -0.035156 -0.015076
v 0.054199 -0.024536 -0.014954
v 0.055664 -0.013916 -0.014832
v 0.058838 -0.015136 -0.017212
v 0.055664 -0.013916 -0.014832
v 0.057373 -0.025024 -0.017090
v 0.127929 0.101074 0.047241
v 0.135742 0.107910 0.045288
v 0.137696 0.111328 0.047485
v 0.132812 0.107422 0.047729
v 0.126953 0.101074 0.047729
v 0.127929 0.101074 0.047241
v 0.116699 0.094238 0.046997
v 0.127929 0.099121 0.045776
v 0.116211 0.096192 0.047485
v 0.127929 0.099121 0.045776
v 0.126953 0.101074 0.047729
v 0.205078 -0.218750 -0.051147
v 0.205078 -0.249023 -0.051392
v 0.170898 -0.216797 -0.050659
v 0.206054 -0.091797 -0.051147
v 0.206054 -0.218750 -0.050415
v 0.172852 -0.084472 -0.051636
v 0.205078 -0.218750 -0.051147
v 0.203125 -0.086426 -0.051147
v 0.206054 -0.091797 -0.051147
v 0.172852 -0.084472 -0.051636
v -0.015869 0.074707 0.040405
v -0.029541 0.081543 -0.041382
v -0.016236 0.074707 -0.040894
v -0.015869 0.074707 0.040405
v -0.002334 0.072754 0.040649
v -0.015869 0.075683 0.041870
v -0.029052 0.082031 0.042114
v -0.029419 0.080567 0.040405
v -0.016236 0.074707 -0.040894
v -0.029541 0.081543 -0.041382
v 0.065918 -0.038819 0.045288
v 0.071289 -0.045166 0.045288
v 0.071289 -0.045899 0.041382
v 0.065918 -0.038819 0.045288
v 0.066406 -0.038819 0.041138
v 0.062988 -0.030762 0.045532
v 0.066406 -0.041748 0.045532
v 0.065918 -0.038819 0.045288
v 0.062988 -0.030762 0.045532
v 0.062256 -0.034424 0.045288
v 0.066406 -0.038819 0.041138
v 0.062256 -0.034424 0.045288
v 0.150391 0.091308 -0.041382
v 0.150391 0.091797 -0.042603
v 0.162109 0.082520 -0.042603
v 0.161133 0.081055 -0.041138
v 0.162109 0.081055 0.040894
v 0.150391 0.091308 -0.041382
v 0.162109 0.081055 0.040894
v 0.150391 0.091308 0.041138
v 0.150391 0.091308 -0.041382
v 0.150391 0.091308 0.041138
v 0.141602 0.101562 -0.041382
v 0.150391 0.091308 -0.041382
v 0.141602 0.101562 -0.041382
v 0.150391 0.091797 -0.042603
v 0.118164 0.008056 0.022095
v 0.107422 0.012146 0.022461
v 0.117676 0.007873 0.025635
v -0.238281 0.144531 -0.046509
v -0.238281 0.144531 -0.043091
v -0.186523 0.227539 -0.046509
v -0.238281 0.144531 -0.046509
v -0.238281 0.143554 -0.048462
v -0.239258 0.134766 -0.048950
v -0.240234 0.135742 -0.046753
v -0.239258 0.135742 -0.043823
v -0.240234 0.134766 -0.048462
v -0.238281 0.144531 -0.043091
v -0.238281 0.143554 -0.048462
v -0.205078 -0.219727 -0.049439
v -0.204102 -0.092285 -0.051147
v -0.204102 -0.219727 -0.050659
v -0.205078 -0.219727 -0.049439
v -0.205078 -0.249023 -0.048706
v -0.206054 -0.248047 0.048706
v -0.204102 -0.093750 -0.048950
v -0.204102 -0.219727 -0.050659
v -0.205078 -0.219727 -0.049439
v -0.206054 -0.248047 0.048706
v -0.204102 -0.218750 0.049194
v -0.204102 -0.218750 0.049194
v 0.057861 0.091308 0.042603
v 0.045655 0.108398 0.042603
v 0.055176 0.092285 0.042358
v 0.057861 0.091308 0.042603
v 0.070312 0.083008 0.042603
v 0.094238 0.119140 0.042114
v 0.045655 0.108398 0.042603
v 0.068847 0.081055 0.041870
v 0.055176 0.092285 0.042358
v 0.131836 -0.007996 -0.045044
v 0.124023 -0.011475 -0.046997
v 0.127929 -0.001098 -0.045288
v 0.135742 -0.015442 -0.045288
v 0.126953 -0.017700 -0.046997
v -0.145508 0.120605 0.042603
v -0.122070 0.211914 0.043091
v -0.179688 0.220703 0.042847
v -0.145508 0.120605 0.042603
v -0.084961 0.119629 0.042114
v -0.122070 0.211914 0.043091
v -0.145508 0.120605 0.042603
v -0.179688 0.220703 0.042847
v -0.243164 0.130859 0.042603
v 0.072265 -0.036133 0.044067
v 0.097656 -0.023926 0.043823
v 0.069336 -0.030274 0.044311
v 0.072265 -0.036133 0.044067
v 0.065430 -0.039306 0.042603
v 0.078125 -0.042480 0.044067
v 0.072265 -0.036133 0.044067
v 0.061767 -0.031739 0.042114
v 0.065430 -0.039306 0.042603
v 0.061767 -0.031739 0.042114
v 0.078125 -0.042480 0.044067
v 0.246094 0.105469 -0.043823
v 0.249023 0.113770 -0.043579
v 0.249023 0.105469 -0.043335
v 0.246094 0.105469 -0.043823
v 0.239258 0.097656 -0.043579
v 0.208984 0.109375 -0.043335
v 0.249023 0.113770 -0.043579
v 0.249023 0.105469 -0.043335
v 0.114746 -0.058594 -0.000740
v 0.113281 -0.059326 -0.004028
v 0.124023 -0.053955 -0.003723
v 0.111817 -0.056885 0.000771
v 0.103028 -0.061524 -0.000530
v 0.127929 -0.050781 -0.000429
v 0.102539 -0.061767 -0.003891
v 0.119629 -0.053467 0.000641
v 0.067871 0.002304 -0.048462
v 0.066895 0.004822 -0.046265
v 0.075195 0.006928 -0.048462
v 0.070312 0.000786 -0.048950
v 0.064942 -0.006256 -0.048950
v 0.067871 0.002304 -0.048462
v 0.064942 -0.006256 -0.048950
v 0.061767 -0.004455 -0.048218
v 0.077637 0.005829 -0.048706
v 0.066895 0.004822 -0.046265
v 0.077148 0.010742 0.005920
v 0.067383 0.004151 0.005615
v 0.059815 -0.004639 0.009094
v 0.182617 0.232422 -0.048462
v 0.176758 0.235352 -0.047730
v 0.183594 0.235352 -0.047485
v 0.189453 0.229492 -0.047974
v 0.171875 0.180664 -0.047730
v 0.187500 0.228516 -0.047974
v 0.243164 -0.089844 0.050903
v 0.241211 -0.065918 0.051636
v 0.240234 -0.089844 0.051392
v 0.243164 -0.089844 0.050903
v 0.243164 -0.089355 0.048706
v 0.244141 -0.065918 0.050903
v 0.243164 -0.091797 0.050903
v 0.244141 -0.065918 0.050903
v 0.243164 -0.091797 0.050903
v 0.010315 0.089844 -0.042358
v 0.009338 0.089355 -0.045532
v 0.021363 0.093262 -0.042603
v 0.010315 0.089844 -0.042358
v -0.001556 0.088867 -0.042114
v -0.002320 0.088379 -0.045532
v -0.002320 0.088379 -0.045532
v 0.077637 -0.054688 -0.030884
v 0.075683 -0.054199 -0.027222
v 0.069824 -0.049560 -0.030640
v 0.077637 -0.054688 -0.030884
v 0.083985 -0.057373 -0.027466
v 0.075683 -0.054199 -0.027222
v 0.067383 -0.050293 -0.031616
v 0.075195 -0.056396 -0.031860
v 0.084472 -0.057861 -0.031128
v 0.075195 -0.056396 -0.031860
v 0.175781 0.076172 0.042114
v 0.162109 0.082520 0.042603
v 0.174804 0.075195 0.041138
v 0.174804 0.075195 0.041138
v 0.163086 0.083985 0.042603
v 0.162109 0.082520 0.042603
v 0.126953 0.002395 -0.008789
v 0.117188 0.008545 -0.008850
v 0.117676 0.008423 -0.005554
v 0.126953 0.002395 -0.008789
v 0.127929 0.002853 -0.005402
v 0.132812 -0.005524 -0.008606
v 0.136719 -0.006775 -0.010681
v 0.128906 0.003876 -0.010315
v 0.128906 0.003876 -0.010315
v -0.237304 0.125977 0.047974
v -0.238281 0.117188 0.047485
v -0.235352 0.118164 0.047974
v -0.238281 0.134766 0.047729
v -0.239258 0.125000 0.046997
v -0.185547 0.122558 0.048218
v -0.181641 -0.065430 -0.051392
v -0.242188 -0.063965 -0.050659
v -0.180664 -0.063965 -0.049927
v -0.181641 -0.065430 -0.051392
v 0.172852 -0.065918 -0.051147
v -0.180664 -0.066406 -0.051147
v -0.180664 -0.066406 -0.051147
v -0.181641 -0.065430 -0.051392
v -0.180664 -0.063965 -0.049927
v 0.172852 -0.063965 -0.050903
v -0.181641 -0.065430 -0.051392
v 0.172852 -0.063965 -0.050903
v 0.172852 -0.065918 -0.051147
v 0.063477 0.157227 0.042358
v 0.045655 0.108398 0.042603
v -0.017334 0.119629 0.042358
v 0.038086 0.096680 0.042603
v 0.046142 0.102051 0.041870
v 0.063477 0.157227 0.042358
v 0.038086 0.096680 0.042603
v 0.129883 -0.050537 -0.021240
v 0.130859 -0.049560 -0.025147
v 0.135742 -0.043213 -0.021484
v 0.127929 -0.048584 -0.019653
v 0.122070 -0.055664 -0.022583
v 0.133789 -0.041260 -0.019653
v -0.106933 0.090332 0.045288
v -0.119629 0.095703 0.046997
v -0.118653 0.094238 0.045532
v -0.106933 0.090820 0.041870
v -0.118164 0.094238 0.042358
v -0.109375 0.092285 0.046997
v 0.079102 -0.055176 0.026245
v 0.077148 -0.057129 0.026978
v 0.071289 -0.050537 0.025757
v 0.079102 -0.055176 0.026245
v 0.084472 -0.057373 0.025879
v 0.085449 -0.060302 0.027588
v 0.079102 -0.055176 0.026245
v 0.071289 -0.050537 0.025757
v 0.074219 -0.052979 0.021728
v 0.077148 -0.057129 0.026978
v 0.074219 -0.052979 0.021728
v 0.224609 0.099610 -0.043091
v 0.213867 0.092773 -0.046509
v 0.225586 0.099121 -0.046265
v 0.234375 0.107910 -0.043579
v 0.214844 0.092773 -0.043335
v 0.117676 0.005096 0.046020
v 0.119629 0.007354 0.045532
v 0.109375 0.008545 0.046265
v 0.118653 0.003128 0.045776
v 0.125000 -0.000137 0.045776
v 0.110840 0.006958 0.046265
v 0.127929 0.001946 0.045776
v -0.176758 0.250000 0.040894
v -0.168946 0.250000 0.041138
v -0.169922 0.250000 -0.042114
v -0.170898 0.250000 0.042847
v -0.176758 0.250000 0.040894
v -0.183594 0.248047 0.041870
v -0.176758 0.249023 0.042847
v -0.176758 0.250000 0.040894
v -0.169922 0.250000 -0.042114
v -0.176758 0.250000 -0.041870
v -0.176758 0.249023 0.042847
v -0.176758 0.250000 -0.041870
v 0.109375 0.015015 -0.010620
v 0.098633 0.016724 -0.010498
v 0.107910 0.012146 -0.009033
v 0.139648 -0.033691 0.020386
v 0.136719 -0.033203 0.022217
v 0.135742 -0.042725 0.020264
v 0.139648 -0.033691 0.020386
v 0.135742 -0.042725 0.020264
v 0.135742 -0.042969 0.016357
v 0.139648 -0.034180 0.016724
v 0.140625 -0.023682 0.020019
v 0.135742 -0.042969 0.016357
v -0.063965 0.101074 -0.047730
v -0.055420 0.109375 -0.047485
v -0.055176 0.108887 -0.045532
v 0.062256 -0.005799 -0.020264
v 0.058594 -0.014771 -0.020386
v 0.058838 -0.015136 -0.017212
v 0.058105 -0.014404 -0.017090
v 0.067383 0.004486 -0.021851
v 0.060547 -0.003769 -0.022217
v 0.062011 -0.005921 -0.017090
v 0.069336 0.002381 -0.020142
v 0.186523 0.229492 0.047974
v 0.183594 0.234375 0.047485
v 0.181641 0.233398 0.047729
v 0.169922 0.182617 0.047485
v 0.188477 0.224609 0.048218
v 0.189453 0.228516 0.047729
v 0.093750 -0.055908 -0.048462
v 0.102539 -0.057129 -0.048706
v 0.093750 -0.056885 -0.048706
v 0.093750 -0.055908 -0.048462
v 0.084961 -0.054688 -0.043823
v 0.093262 -0.056396 -0.043823
v 0.102051 -0.056153 -0.048462
v 0.093262 -0.056396 -0.043823
v -0.248047 0.104004 0.040649
v -0.246094 0.104004 0.042114
v -0.250000 0.114746 0.042114
v -0.248047 0.104004 0.040649
v -0.250000 0.114746 -0.042114
v -0.248047 0.104004 -0.041870
v -0.239258 0.093750 0.040649
v -0.248047 0.104004 -0.041870
v -0.250000 0.114258 0.040405
v -0.250000 0.114746 -0.042114
v -0.243164 -0.066895 -0.050903
v -0.240234 -0.089355 -0.051147
v -0.242188 -0.089844 -0.050903
v -0.243164 -0.066895 -0.050903
v -0.243164 -0.066895 -0.048706
v -0.243164 -0.063965 -0.049683
v -0.241211 -0.066406 -0.050903
v -0.243164 -0.066895 -0.048706
v -0.240234 -0.089355 -0.051147
v 0.041260 0.108887 0.046753
v 0.047119 0.117188 0.045044
v 0.047851 0.119629 0.046753
v 0.043457 0.113281 0.047241
v 0.031494 0.102051 0.047485
v 0.032470 0.100586 0.046753
v 0.039795 0.110352 0.047485
v 0.040528 0.108398 0.045044
v 0.134766 -0.041992 -0.047485
v 0.125977 -0.047608 -0.048462
v 0.118164 -0.052735 -0.048462
v -0.121094 0.081543 0.040649
v -0.121094 0.082520 0.042114
v -0.132812 0.090820 0.041382
v -0.132812 0.090332 -0.041382
v -0.121094 0.081543 0.040649
v -0.108398 0.074707 0.040405
v -0.121094 0.082520 0.042114
v -0.121094 0.081543 0.040649
v -0.132812 0.090332 -0.041382
v -0.121582 0.081055 -0.041138
v -0.121582 0.081055 -0.041138
v 0.072754 -0.047608 0.046020
v 0.200196 0.100586 -0.042358
v 0.199219 -0.064942 -0.042114
v 0.199219 0.100097 -0.043335
v 0.200196 -0.064942 0.041382
v 0.200196 0.100586 -0.042358
v 0.200196 0.100097 0.041382
v 0.200196 -0.064942 0.041382
v 0.118653 0.010987 0.017334
v 0.108887 0.014832 0.016724
v 0.108887 0.014404 0.021118
v 0.118653 0.010987 0.017334
v 0.118164 0.008056 0.022095
v 0.127929 0.004730 0.019653
v 0.108887 0.014404 0.021118
v 0.127929 0.004120 0.016479
v 0.118164 0.007538 0.015198
v 0.108887 0.014832 0.016724
v -0.183594 0.232422 -0.046265
v -0.185547 0.227539 -0.043579
v -0.183594 0.231446 -0.043579
v -0.183594 0.231446 -0.048218
v -0.185547 0.227539 -0.048462
v -0.186523 0.227539 -0.046509
v -0.177734 0.236328 -0.046509
v -0.167969 -0.250000 0.050659
v -0.166992 -0.250000 0.048950
v -0.168946 -0.248047 0.050903
v -0.169922 -0.250000 0.050659
v -0.168946 -0.250000 0.048462
v 0.097656 0.014160 -0.027222
v 0.107910 0.012451 -0.027100
v 0.107422 0.012329 -0.030640
v 0.097656 0.014160 -0.027222
v 0.086914 0.012512 -0.027222
v 0.086914 0.015198 -0.025513
v 0.098145 0.017334 -0.025269
v 0.097168 0.013733 -0.030396
v 0.086914 0.012512 -0.027222
v 0.098145 0.017334 -0.025269
v 0.203125 -0.086914 0.051392
v 0.174804 -0.083985 0.050903
v 0.241211 -0.065918 0.051636
v 0.173828 -0.066406 0.051147
v 0.174804 -0.083985 0.050903
v 0.241211 -0.065918 0.051636
v 0.243164 -0.063965 0.050415
v 0.241211 -0.063965 0.050903
v 0.244141 -0.065918 0.050903
v 0.173828 -0.066406 0.051147
v -0.013427 0.089844 -0.042114
v -0.024536 0.093750 -0.045776
v -0.013550 0.089844 -0.045532
v -0.024292 0.093262 -0.042358
v 0.070801 -0.000484 -0.044067
v 0.070801 -0.000775 -0.048706
v 0.077637 0.004669 -0.044067
v 0.097656 -0.024414 -0.043579
v 0.065918 -0.007232 -0.043823
v 0.070801 -0.000484 -0.044067
v 0.065918 -0.007232 -0.043823
v 0.065918 -0.007324 -0.048950
v 0.070801 -0.000775 -0.048706
v 0.192383 0.224609 0.043579
v 0.190429 0.229492 0.043823
v 0.190429 0.229492 0.045776
v 0.192383 0.224609 0.045532
v 0.239258 0.143554 0.043091
v 0.101562 -0.061767 -0.021240
v 0.091797 -0.062011 -0.021118
v 0.092285 -0.062011 -0.025635
v 0.103028 -0.059326 -0.019653
v 0.111817 -0.057129 -0.019653
v 0.102539 -0.062256 -0.025269
v 0.111817 -0.060302 -0.021484
v -0.212891 0.093750 0.045288
v -0.199219 0.090332 0.045288
v -0.212891 0.094727 0.046997
v -0.223633 0.100097 0.045044
v -0.223633 0.100097 0.042603
v -0.223633 0.100586 0.046753
v -0.212891 0.094238 0.041870
v -0.204102 -0.092285 -0.051147
v -0.201172 -0.086914 -0.051636
v -0.204102 -0.219727 -0.050659
v -0.204102 -0.093750 -0.048950
v -0.206054 -0.092285 -0.049194
v -0.205078 -0.090820 -0.051636
v 0.091308 0.076660 0.042358
v 0.094238 0.119140 0.042114
v 0.081055 0.078125 0.042358
v 0.091308 0.076660 0.042358
v 0.092285 0.073730 0.041870
v 0.104980 0.075683 0.042358
v 0.099121 0.077148 0.042603
v 0.092285 0.073730 0.041870
v 0.133789 -0.006012 -0.006012
v 0.127929 0.002853 -0.005402
v 0.136719 -0.014648 -0.006348
v 0.136719 -0.014832 -0.009399
v 0.132812 -0.005524 -0.008606
v 0.133789 -0.006012 -0.006012
v -0.055908 0.111328 0.047729
v -0.055420 0.109863 0.046997
v -0.049316 0.119629 0.046997
v -0.091797 0.122558 0.047241
v -0.063965 0.102539 0.047485
v 0.078125 0.008240 0.003967
v 0.077148 0.010742 0.005920
v 0.087403 0.012634 0.004578
v 0.078125 0.008240 0.003967
v 0.069336 0.002442 0.003937
v 0.078125 0.008362 0.000679
v 0.078125 0.008240 0.003967
v 0.087890 0.012146 0.000984
v 0.078125 0.008362 0.000679
v 0.078125 0.008240 0.003967
v 0.087403 0.012634 0.004578
v 0.087890 0.012146 0.000984
v 0.250000 0.119629 -0.043579
v 0.250000 0.116699 -0.042847
v 0.208984 0.109375 -0.043335
v 0.168946 -0.217773 0.049438
v 0.168946 -0.218750 0.048462
v 0.166992 -0.217773 0.048218
v 0.168946 -0.217773 0.050171
v -0.164062 0.082520 -0.043091
v -0.162109 0.082031 -0.041382
v -0.175781 0.076172 -0.041382
v -0.164062 0.082520 -0.043091
v -0.164062 0.084472 -0.043335
v -0.153321 0.092773 -0.043091
v -0.175781 0.077148 -0.042847
v -0.152344 0.091797 -0.042847
v -0.162109 0.082031 -0.041382
v -0.164062 0.084472 -0.043335
v 0.066895 0.002747 0.021728
v 0.059815 -0.006439 0.021728
v 0.062256 -0.006347 0.022583
v 0.060059 -0.003860 0.018555
v 0.068847 0.002060 0.022583
v 0.076660 0.010803 0.020752
v 0.066895 0.002747 0.021728
v 0.067871 0.004822 0.019043
v 0.060059 -0.003860 0.018555
v 0.067871 0.004822 0.019043
v 0.174804 0.250000 -0.043091
v -0.169922 0.249023 -0.044067
v -0.169922 0.250000 -0.043823
v 0.174804 0.250000 -0.043091
v 0.173828 0.250000 -0.041626
v 0.180664 0.250000 -0.041382
v 0.174804 0.250000 -0.043091
v 0.173828 0.248047 -0.043335
v -0.169922 0.249023 -0.044067
v 0.180664 0.249023 -0.042847
v 0.173828 0.248047 -0.043335
v 0.174804 0.250000 -0.043091
v -0.169922 0.250000 -0.043823
v 0.173828 0.250000 -0.041626
v 0.141602 -0.024292 -0.000427
v 0.137696 -0.021729 0.001457
v 0.137696 -0.033203 0.001289
v -0.014527 0.090820 -0.047485
v -0.002655 0.091797 -0.048218
v -0.002975 0.089844 -0.047241
v -0.024292 0.094727 -0.047485
v -0.020264 0.094727 -0.047974
v 0.070801 -0.053467 -0.015137
v 0.081055 -0.059082 -0.015015
v 0.081055 -0.059326 -0.010864
v 0.070312 -0.053467 -0.011475
v 0.061280 -0.045166 -0.015137
v 0.063477 -0.043945 -0.017334
v 0.071778 -0.051514 -0.017212
v 0.070801 -0.053467 -0.015137
v 0.061280 -0.045166 -0.015137
v 0.063477 -0.043945 -0.017334
v 0.150391 0.092285 0.042358
v 0.151367 0.093262 0.042847
v 0.150391 0.092285 0.042358
v 0.104980 0.002731 -0.046753
v 0.094727 0.010376 -0.045288
v 0.102539 0.010376 -0.045044
v 0.111328 0.008240 -0.045532
v 0.104980 0.002731 -0.046753
v 0.095703 0.003418 -0.046997
v 0.094727 0.010376 -0.045288
v 0.104980 0.002731 -0.046753
v 0.111328 0.008240 -0.045532
v 0.113770 -0.001427 -0.046997
v 0.104980 0.002731 -0.046753
v 0.097656 -0.024170 -0.046997
v 0.095703 0.003418 -0.046997
v 0.097656 -0.024170 -0.046997
v -0.250000 0.134766 0.040649
v -0.250000 0.135742 -0.042114
v -0.250000 0.125977 0.040649
v -0.250000 0.135742 0.042603
v -0.249023 0.146484 0.042358
v -0.250000 0.134766 0.040649
v -0.248047 0.146484 -0.042603
v -0.250000 0.135742 -0.042114
v -0.249023 0.146484 0.040894
v -0.248047 0.146484 -0.042603
v 0.098633 0.016846 -0.004395
v 0.087403 0.015320 -0.000727
v 0.077148 0.010925 -0.001022
v 0.136719 -0.033448 0.025635
v 0.141602 -0.024048 0.027100
v -0.137696 0.109375 -0.046265
v -0.129883 0.100586 -0.046021
v -0.128906 0.100097 -0.042847
v -0.137696 0.110352 -0.047974
v -0.129883 0.102051 -0.047974
v -0.136719 0.108887 -0.043091
v -0.142578 0.117188 -0.046021
v 0.078125 0.008484 -0.019897
v 0.086914 0.015259 -0.021362
v 0.077148 0.010681 -0.021606
v 0.068847 0.002320 -0.016968
v 0.077637 0.008362 -0.016846
v 0.087403 0.012512 -0.019775
v 0.078125 0.008484 -0.019897
v 0.087403 0.012512 -0.019775
v 0.086914 0.015259 -0.021362
v 0.237304 0.142578 0.048218
v 0.239258 0.143554 0.047974
v 0.191406 0.224609 0.047974
v 0.191406 0.224609 0.047974
v 0.192383 0.224609 0.045532
v 0.125000 -0.047364 -0.045532
v 0.113770 -0.046631 -0.046997
v 0.118164 -0.052246 -0.045532
v -0.169922 0.100097 0.042603
v -0.185547 -0.065430 0.043091
v -0.169922 -0.064942 0.042603
v -0.169922 0.100097 0.042603
v -0.188477 0.100586 0.042847
v -0.185547 -0.065430 0.043091
v -0.169922 -0.064942 0.042603
v -0.166992 0.101074 0.041626
v 0.062988 -0.031739 -0.048218
v 0.064942 -0.040039 -0.048706
v 0.061524 -0.023193 -0.048462
v 0.061035 -0.031983 -0.048462
v 0.064942 -0.040039 -0.048706
v 0.062011 -0.041260 -0.047974
v 0.141602 0.101074 0.041870
v 0.141602 0.100586 0.040649
v 0.150391 0.091308 0.041138
v 0.141602 0.101074 0.041870
v 0.131836 0.089844 0.040894
v 0.150391 0.092285 0.042358
v 0.141602 0.103028 0.042358
v 0.141602 0.100586 0.040649
v 0.208008 -0.249023 -0.048950
v 0.208008 -0.249023 -0.048950
v 0.207031 -0.218750 -0.048950
v 0.207031 -0.217773 0.048950
v 0.208008 -0.249023 -0.048950
v 0.207031 -0.250000 -0.049927
v 0.207031 -0.250000 -0.050659
v 0.207031 -0.250000 -0.050659
v 0.206054 -0.218750 -0.050415
v 0.208008 -0.249023 -0.048950
v 0.208008 -0.250000 -0.049439
v 0.207031 -0.250000 -0.049927
v 0.207031 -0.249023 0.048950
v 0.094238 0.010987 0.042114
v 0.094238 0.003616 0.043823
v 0.103028 0.010742 0.042358
v 0.070801 -0.050781 0.014465
v 0.081055 -0.056396 0.014404
v 0.067871 -0.051025 0.015747
v 0.062988 -0.043457 0.014038
v 0.079102 -0.057617 0.015625
v 0.063477 -0.043945 0.010925
v 0.189453 0.088379 -0.046021
v 0.190429 0.089844 -0.047730
v 0.202148 0.090332 -0.047974
v 0.203125 0.089355 -0.042847
v 0.190429 0.088867 -0.042603
v 0.189453 0.088379 -0.046021
v 0.178711 0.089844 -0.046265
v 0.190429 0.089844 -0.047730
v 0.202148 0.089844 -0.046021
v 0.190429 0.088867 -0.042603
v 0.114258 -0.001175 0.044067
v 0.107910 0.001625 0.044311
v 0.114258 -0.001175 0.044067
v 0.118653 0.005280 0.042603
v 0.107910 0.001625 0.044311
v 0.097656 -0.023926 0.043823
v 0.119629 -0.005829 0.044067
v 0.125977 -0.000332 0.042847
v -0.185547 0.227539 -0.043579
v 0.054444 -0.025146 -0.001648
v 0.054688 0.110352 -0.047730
v 0.054688 0.110352 -0.047730
v 0.053711 0.109375 -0.047485
v 0.047851 0.119629 -0.047241
v 0.048095 0.122558 -0.048218
v 0.093750 0.122070 -0.047730
v 0.048095 0.122558 -0.048218
v 0.135742 -0.043457 0.026978
v 0.132812 -0.042236 0.025635
v 0.139648 -0.034180 0.026978
v 0.129883 -0.049805 0.027466
v 0.125000 -0.050537 0.026123
v 0.135742 -0.043457 0.041626
v 0.139648 -0.034180 0.041870
v 0.135742 -0.043457 0.026978
v 0.139648 -0.034180 0.026978
v 0.139648 -0.034180 0.041870
v -0.073242 0.089844 -0.042847
v -0.069824 0.083496 -0.042847
v -0.081543 0.078613 -0.042603
v -0.073242 0.089844 -0.042847
v -0.133789 0.093262 -0.042847
v -0.045166 0.119629 -0.042603
v -0.093262 0.076172 -0.042603
v -0.101074 0.078613 -0.043091
v -0.073242 0.089844 -0.042847
v -0.045166 0.119629 -0.042603
v -0.058838 0.092773 -0.043091
v -0.081543 0.078613 -0.042603
v -0.069824 0.083496 -0.042847
v 0.092773 -0.061767 -0.046021
v 0.102539 -0.061767 -0.032349
v 0.092285 -0.061524 -0.032105
v 0.083008 -0.059815 -0.046021
v 0.092773 -0.059815 -0.048218
v 0.102051 -0.060059 -0.047974
v 0.102051 -0.061767 -0.046265
v 0.092773 -0.061767 -0.046021
v 0.083008 -0.059815 -0.046021
v 0.219727 0.079590 0.042603
v 0.215821 0.077148 0.041382
v 0.207031 0.078613 0.043091
v 0.227539 0.082031 0.041626
v 0.232422 0.087403 0.042847
v 0.217773 0.082031 0.043335
v 0.136719 -0.033691 -0.016480
v 0.133789 -0.041992 -0.015808
v 0.136719 -0.033203 -0.019775
v 0.138672 -0.024048 -0.016480
v 0.136719 -0.033691 -0.016480
v 0.136719 -0.033691 -0.016480
v 0.139648 -0.034424 -0.013977
v 0.133789 -0.041992 -0.015808
v 0.139648 -0.034424 -0.013977
v -0.143554 0.120117 0.047241
v -0.147461 0.121094 0.047729
v 0.055908 -0.035156 -0.011780
v 0.056153 -0.035156 -0.015076
v 0.061035 -0.044922 -0.011719
v 0.055908 -0.035156 -0.011780
v 0.063965 -0.044434 -0.009827
v 0.059082 -0.035156 -0.009827
v 0.055908 -0.035156 -0.011780
v 0.061035 -0.044922 -0.011719
v 0.063965 -0.044434 -0.009827
v 0.053955 -0.024536 -0.011597
v 0.104492 0.092773 0.046997
v 0.094727 0.130859 0.046997
v 0.092773 0.092285 0.047485
v 0.104492 0.090820 0.046753
v 0.135742 -0.004242 -0.030884
v 0.135742 -0.004699 -0.045532
v 0.128906 0.004120 -0.031006
v 0.139648 -0.013977 -0.045776
v 0.135742 -0.004242 -0.030884
v 0.126953 0.002167 -0.030151
v 0.132812 -0.006012 -0.030396
v 0.135742 -0.004242 -0.030884
v 0.128906 0.004120 -0.031006
v 0.126953 0.002167 -0.030151
v 0.139648 -0.013855 -0.031006
v 0.139648 -0.013855 -0.031006
v -0.122070 0.211914 0.043091
v -0.017334 0.119629 0.042358
v 0.063477 0.157227 0.042358
v -0.122070 0.211914 0.043091
v -0.084961 0.119629 0.042114
v -0.017334 0.119629 0.042358
v 0.153321 0.221679 0.042603
v -0.122070 0.211914 0.043091
v 0.153321 0.221679 0.042603
v 0.173828 0.249023 0.043335
v -0.122070 0.211914 0.043091
v 0.173828 0.249023 0.043335
v -0.168946 0.249023 0.043335
v -0.168946 0.249023 0.043335
v 0.062988 -0.015136 0.041382
v 0.065918 -0.007354 0.041382
v 0.066406 -0.006469 0.045532
v 0.061280 -0.023193 0.041138
v 0.098633 -0.024170 0.041870
v 0.062988 -0.014771 0.045288
v 0.146484 0.109375 -0.042847
v 0.142578 0.117676 -0.046021
v 0.148438 0.108887 -0.046021
v 0.102539 -0.058838 0.011475
v 0.102539 -0.059570 0.014893
v 0.092773 -0.059570 0.011536
v 0.102539 -0.058838 0.011475
v 0.110840 -0.057373 0.011536
v 0.112305 -0.059082 0.015991
v 0.092285 -0.062011 0.009460
v 0.102051 -0.062011 0.009888
v 0.102539 -0.059570 0.014893
v 0.102051 -0.062011 0.009888
v -0.223633 0.100586 -0.046753
v -0.216797 0.095703 -0.046997
v -0.223633 0.100097 -0.043823
v -0.231446 0.108398 -0.046997
v -0.214844 0.095215 -0.043579
v -0.241211 -0.092773 0.049194
v -0.242188 -0.090820 -0.047974
v -0.242188 -0.092285 -0.048950
v -0.240234 -0.093262 -0.048950
v -0.240234 -0.093262 -0.048950
v 0.021363 0.092773 -0.045532
v 0.032226 0.100586 -0.047485
v 0.041015 0.109375 -0.047485
v 0.131836 -0.007202 0.042603
v 0.123047 -0.011108 0.044311
v 0.134766 -0.015076 0.042847
v -0.170898 0.239258 -0.043335
v -0.171875 0.239258 -0.046265
v -0.177734 0.236328 -0.043335
v -0.166016 0.240234 -0.043335
v 0.069336 -0.016479 -0.046997
v 0.071778 -0.010254 -0.046753
v 0.067871 -0.023071 -0.046997
v 0.069336 -0.016479 -0.046997
v 0.059326 -0.023438 -0.045288
v 0.060302 -0.014771 -0.045044
v 0.067871 -0.023071 -0.046997
v 0.071778 -0.010254 -0.046753
v 0.237304 0.116211 0.043335
v 0.238281 0.117188 0.045532
v 0.233398 0.107422 0.042847
v 0.240234 0.125000 0.042847
v 0.241211 0.125000 0.045776
v 0.104004 -0.059326 -0.005219
v 0.113281 -0.059326 -0.004028
v 0.113770 -0.056396 -0.005707
v 0.126953 -0.049316 -0.005676
v -0.200196 0.091308 0.046997
v -0.185547 0.090332 0.045288
v -0.200196 0.093262 0.048218
v -0.212891 0.096680 0.047974
v -0.200196 0.091308 0.046997
v -0.185547 0.090332 0.045288
v -0.185547 0.090820 0.047241
v -0.185547 0.090820 0.047241
v 0.060302 -0.004242 -0.011597
v 0.058838 -0.015320 -0.009766
v 0.062500 -0.006073 -0.009705
v 0.067383 0.004333 -0.014771
v 0.060059 -0.004547 -0.014648
v 0.055908 -0.013855 -0.011536
v 0.144531 0.121582 0.047729
v 0.151367 0.111328 0.047974
v 0.169922 0.182617 0.047485
v 0.094727 0.130859 0.046997
v 0.144531 0.121582 0.047729
v 0.148438 0.109375 0.047241
v 0.151367 0.111328 0.047974
v 0.094727 0.130859 0.046997
v 0.139648 0.115235 0.047729
v 0.143554 0.119140 0.047241
v 0.243164 -0.089844 -0.050903
v 0.243164 -0.091797 -0.050415
v 0.241211 -0.089355 -0.051636
v 0.244141 -0.089844 -0.048950
v 0.243164 -0.066406 -0.050903
v 0.244141 -0.066895 -0.048462
v -0.002029 0.079102 0.042603
v -0.023682 0.088379 0.042603
v -0.005524 0.076172 0.042114
v -0.017334 0.119629 0.042358
v 0.011596 0.075683 0.042358
v 0.011963 0.077637 0.042603
v 0.019043 0.082520 0.042358
v 0.077148 -0.057129 0.026978
v 0.085449 -0.060302 0.027588
v 0.082520 -0.059815 0.040405
v 0.074219 -0.055664 0.040161
v 0.077148 -0.057129 0.026978
v 0.068847 -0.051514 0.026611
v 0.068847 -0.051514 0.026611
v 0.128906 0.004333 -0.025024
v 0.127929 0.004730 -0.021118
v 0.135742 -0.004792 -0.025024
v 0.128906 0.004333 -0.025024
v 0.126953 0.002075 -0.027100
v 0.119140 0.011169 -0.025024
v 0.128906 0.004333 -0.025024
v 0.135742 -0.004792 -0.025024
v 0.132812 -0.006103 -0.026856
v 0.118164 0.011536 -0.020874
v 0.126953 0.002075 -0.027100
v 0.128906 0.004333 -0.025024
v 0.118164 0.011536 -0.020874
v 0.119140 -0.053711 0.003937
v 0.112305 -0.057129 0.003998
v 0.103028 -0.058838 0.000900
v -0.236328 0.116699 -0.048706
v -0.237304 0.117188 -0.048462
v -0.237304 0.123047 -0.048950
v -0.181641 0.121582 -0.048462
v -0.240234 0.125977 -0.048706
v -0.180664 -0.066406 0.050903
v -0.180664 -0.066406 0.050903
v 0.172852 -0.064453 0.050415
v -0.180664 -0.064453 0.050171
v -0.180664 -0.066406 0.050903
v -0.181641 -0.084961 0.051147
v 0.173828 -0.066406 0.051147
v -0.180664 -0.066406 0.050903
v 0.173828 -0.066406 0.051147
v 0.172852 -0.064453 0.050415
v -0.181641 -0.084961 0.051147
v -0.180664 -0.064453 0.050171
v 0.053711 0.108398 -0.042358
v 0.166992 -0.217773 -0.048218
v 0.168946 -0.218750 0.048462
v 0.166992 -0.217773 -0.048218
v 0.168946 -0.219727 -0.048462
v 0.166992 -0.249023 -0.049439
v 0.167969 -0.249023 0.048950
v 0.166992 -0.249023 -0.049439
v -0.081543 0.076172 -0.042358
v -0.081055 0.075195 -0.040894
v -0.093750 0.073730 -0.040894
v -0.094238 0.074707 -0.042358
v -0.081543 0.076172 -0.042358
v -0.069336 0.081543 -0.042603
v -0.081055 0.075195 -0.040894
v 0.092773 -0.059570 -0.026978
v 0.102539 -0.059326 -0.026733
v 0.092773 -0.059570 -0.026978
v 0.092773 -0.059815 -0.031250
v 0.084472 -0.057861 -0.031128
v 0.092285 -0.062011 -0.025635
v 0.243164 0.096192 0.042847
v 0.250000 0.104980 0.041138
v 0.249023 0.106445 0.042358
v 0.243164 0.096192 0.042847
v 0.241211 0.098145 0.043091
v 0.235352 0.092285 0.043335
v 0.241211 0.098145 0.043091
v 0.243164 0.095215 0.041382
v 0.125977 -0.001327 -0.048218
v 0.118164 0.003402 -0.048218
v 0.117188 0.004761 -0.048706
v 0.131836 -0.008850 -0.044312
v 0.126953 -0.001770 -0.044067
v 0.125977 -0.001327 -0.048218
v 0.117188 0.004761 -0.048706
v 0.118164 0.005829 -0.048218
v 0.125977 -0.001327 -0.048218
v 0.125977 0.000154 -0.048218
v 0.131836 -0.008606 -0.047974
v 0.118164 0.005829 -0.048218
v 0.125977 -0.001327 -0.048218
v 0.131836 -0.008606 -0.047974
v 0.131836 -0.008850 -0.044312
v -0.174804 0.248047 0.042603
v -0.183594 0.247071 0.043335
v -0.182617 0.246094 0.043335
v -0.179688 0.220703 0.042847
v -0.168946 0.249023 0.043335
v -0.174804 0.248047 0.042603
v -0.168946 0.249023 0.043335
v 0.098633 0.016724 0.010132
v 0.098633 0.016724 0.006103
v 0.087890 0.015442 0.009582
v 0.098633 0.016724 0.010132
v 0.097656 0.013672 0.011780
v 0.109375 0.014709 0.010620
v 0.109375 0.014527 0.006714
v 0.098633 0.016724 0.006103
v 0.087890 0.012634 0.011719
v 0.097656 0.013672 0.011780
v 0.141602 -0.023682 -0.021240
v 0.142578 -0.023926 -0.025513
v 0.140625 -0.013855 -0.020996
v 0.136719 -0.014465 -0.019653
v 0.141602 -0.023682 -0.021240
v 0.138672 -0.023926 -0.019409
v 0.140625 -0.034180 -0.021362
v 0.140625 -0.033935 -0.025269
v 0.138672 -0.023926 -0.019409
v 0.140625 -0.033935 -0.025269
v -0.043945 0.108887 0.045044
v -0.044434 0.108887 0.042114
v -0.035645 0.099610 0.045288
v -0.049560 0.117676 0.045288
v -0.049560 0.118164 0.041870
v 0.067871 0.004181 0.015991
v 0.078125 0.008484 0.014709
v 0.060791 -0.004669 0.015869
v 0.077148 0.010376 0.016235
v 0.187500 0.233398 -0.045532
v 0.181641 0.236328 -0.043091
v 0.187500 0.232422 -0.043091
v 0.191406 0.229492 -0.045776
v 0.183594 0.235352 -0.047485
v 0.181641 0.236328 -0.045532
v 0.102051 -0.055664 0.045776
v 0.111328 -0.054444 0.041626
v 0.102539 -0.056153 0.041870
v 0.094238 -0.055176 0.045532
v 0.109863 -0.053955 0.045776
v 0.094727 -0.056396 0.045776
v 0.097656 -0.059082 0.044800
v -0.250000 0.115235 -0.043335
v -0.247071 0.106933 -0.043579
v -0.248047 0.105469 -0.043335
v -0.249023 0.115235 -0.043823
v -0.249023 0.115235 -0.043823
v -0.241211 -0.062256 -0.048462
v 0.041260 0.107910 0.041870
v 0.047851 0.118164 0.041626
v 0.052979 0.107910 0.045288
v 0.134766 -0.043945 -0.013855
v 0.126953 -0.049073 -0.015686
v 0.126953 -0.049073 -0.015686
v -0.119629 0.095703 0.046997
v -0.129883 0.103028 0.047241
v -0.129883 0.102051 0.046997
v -0.119629 0.097656 0.047729
v -0.119629 0.097656 0.047729
v -0.118653 0.094238 0.045532
v 0.081055 -0.056396 0.003967
v 0.092285 -0.059570 0.004150
v 0.090820 -0.061524 0.006103
v 0.081055 -0.056396 0.003967
v 0.071289 -0.051025 0.003509
v 0.081543 -0.056885 0.000465
v 0.092285 -0.059570 0.004150
v 0.071289 -0.051758 0.000067
v 0.090820 -0.061524 0.006103
v 0.202148 0.092285 -0.048706
v 0.178711 0.091797 -0.047974
v 0.191406 0.091797 -0.048462
v 0.191406 0.091797 -0.048462
v 0.125977 -0.016968 0.044067
v 0.127929 -0.023316 0.044311
v 0.135742 -0.023682 0.042603
v -0.206054 0.109375 -0.043579
v -0.214844 0.080567 -0.043823
v -0.226562 0.086426 -0.044067
v -0.206054 0.109375 -0.043579
v -0.175781 0.079590 -0.043335
v -0.206054 0.109375 -0.043579
v -0.147461 0.121094 -0.043091
v -0.186523 0.077637 -0.043579
v -0.206054 0.109375 -0.043579
v -0.247071 0.106933 -0.043579
v -0.250000 0.124023 -0.043579
v -0.250000 0.133789 -0.043579
v -0.242188 0.101074 -0.044312
v -0.206054 0.109375 -0.043579
v -0.181641 0.221679 -0.043823
v -0.147461 0.121094 -0.043091
v -0.247071 0.145508 -0.043335
v -0.234375 0.093262 -0.044067
v -0.242188 0.101074 -0.044312
v -0.186523 0.077637 -0.043579
v -0.153321 0.092773 -0.043091
v -0.247071 0.145508 -0.043335
v 0.062500 -0.041748 0.044311
v 0.068847 -0.048828 0.044067
v 0.062500 -0.041748 0.044311
v 0.055664 -0.034668 0.040649
v 0.060302 -0.042969 0.040649
v 0.066406 -0.041748 0.045532
v 0.058350 -0.033935 0.044311
v 0.060302 -0.042969 0.040649
v 0.119629 0.080567 -0.041138
v 0.106445 0.074707 -0.041138
v 0.118653 0.081055 -0.042603
v 0.119629 0.080567 -0.041138
v 0.131836 0.089844 0.040894
v 0.119140 0.080078 0.041138
v 0.130859 0.090820 -0.042603
v 0.119629 0.080567 -0.041138
v 0.130859 0.090820 -0.042603
v 0.131836 0.090820 -0.041138
v 0.119140 0.080078 0.041138
v 0.131836 0.089844 0.040894
v 0.139648 -0.013916 0.009766
v 0.140625 -0.013916 0.006287
v 0.135742 -0.004730 0.009582
v 0.142578 -0.024048 0.006470
v 0.132812 -0.005462 0.011902
v 0.020019 0.095703 -0.047974
v 0.020630 0.093750 -0.047485
v 0.009522 0.090332 -0.047485
v 0.020019 0.095703 -0.047974
v 0.009705 0.091797 -0.047974
v -0.000515 0.122558 -0.047730
v 0.031250 0.102051 -0.048218
v 0.009522 0.090332 -0.047485
v 0.031250 0.102051 -0.048218
v 0.059326 -0.034912 -0.006989
v 0.063965 -0.044190 -0.006805
v 0.061280 -0.044922 -0.005005
v 0.056396 -0.035400 -0.005096
v 0.057617 -0.025512 -0.006958
v 0.057373 -0.025269 -0.009766
v 0.222656 0.101074 0.048218
v 0.213867 0.096192 0.048218
v 0.223633 0.099610 0.047729
v 0.233398 0.108887 0.047485
v 0.231446 0.109375 0.048462
v 0.180664 0.122558 0.048218
v 0.111328 -0.057129 -0.030762
v 0.102539 -0.059326 -0.031006
v 0.112305 -0.059570 -0.031616
v -0.204102 0.075195 0.042358
v -0.188477 0.073730 0.040649
v -0.188477 0.075195 0.041870
v -0.204102 0.075195 0.042358
v -0.188477 0.075195 0.041870
v -0.204102 0.074219 0.040649
v -0.188477 0.073730 0.040649
v -0.205078 -0.249023 -0.050659
v -0.203125 -0.248047 -0.051147
v -0.205078 -0.250000 -0.049927
v -0.202148 -0.218750 -0.051147
v 0.086426 0.014709 0.041870
v 0.081543 0.011231 0.045532
v 0.090820 0.013489 0.045532
v 0.086426 0.014709 0.041870
v 0.084961 0.014221 0.027710
v 0.076660 0.011108 0.042114
v 0.092285 0.015747 0.027588
v 0.081543 0.011231 0.045532
v 0.135742 -0.024292 -0.048218
v 0.133789 -0.032470 -0.044312
v 0.135742 -0.024292 -0.044067
v 0.136719 -0.024048 -0.048218
v 0.133789 -0.032226 -0.048218
v 0.135742 -0.015136 -0.048218
v 0.133789 -0.016479 -0.048218
v 0.086426 0.008056 0.045776
v 0.079102 0.004761 0.041138
v 0.085938 0.007996 0.041138
v 0.086426 0.008056 0.045776
v 0.094238 0.009278 0.046020
v 0.093750 0.010681 0.046265
v 0.094238 0.009278 0.046020
v 0.093750 0.010681 0.046265
v 0.250000 0.147461 -0.041626
v 0.250000 0.135742 -0.041626
v 0.249023 0.147461 -0.043335
v 0.196289 0.236328 -0.042603
v 0.250000 0.147461 0.041626
v 0.250000 0.147461 -0.041626
v 0.196289 0.236328 -0.042603
v 0.196289 0.236328 -0.041870
v 0.121582 -0.055176 0.020142
v 0.127929 -0.048095 0.022095
v 0.132812 -0.042236 0.025635
v -0.169922 0.093750 -0.046509
v -0.167969 0.094238 -0.043091
v -0.182617 0.090332 -0.046265
v -0.169922 0.093750 -0.046509
v -0.158203 0.099610 -0.046509
v -0.158203 0.100097 -0.043091
v -0.167969 0.094238 -0.043091
v -0.171875 0.094238 -0.048218
v -0.171875 0.094238 -0.048218
v 0.055664 -0.013733 0.015869
v 0.053955 -0.024048 0.015747
v 0.053955 -0.023804 0.019287
v 0.058838 -0.015015 0.013916
v 0.055664 -0.013611 0.018677
v 0.135742 0.110352 -0.048462
v 0.127929 0.101562 -0.048462
v 0.093750 0.122070 -0.047730
v 0.144531 0.122070 -0.048218
v 0.136719 0.109863 -0.047730
v 0.127929 0.100586 -0.047974
v 0.206054 -0.089844 0.050903
v 0.206054 -0.089844 0.050903
v 0.203125 -0.086914 0.051392
v 0.174804 -0.083985 0.050903
v 0.170898 -0.216797 0.050659
v -0.068847 0.080567 -0.040894
v -0.057617 0.090332 0.040894
v -0.068360 0.081055 0.040894
v -0.068847 0.080567 -0.040894
v -0.068847 0.080567 -0.040894
v -0.058105 0.090332 -0.041138
v -0.057617 0.090332 0.040894
v -0.057617 0.091797 -0.042847
v -0.069336 0.081543 -0.042603
v -0.068360 0.081055 0.040894
v 0.065918 -0.039551 -0.048218
v 0.062256 -0.032226 -0.044067
v 0.060547 -0.023559 -0.044312
v 0.131836 0.090820 -0.041138
v 0.141602 0.101562 -0.041382
v 0.141602 0.100586 0.040649
v 0.131836 0.090820 -0.041138
v 0.087403 0.012512 -0.030884
v 0.087403 0.015625 -0.031616
v 0.078125 0.008545 -0.030762
v 0.087403 0.012512 -0.030884
v 0.077637 0.008301 -0.027588
v 0.086914 0.012512 -0.027222
v 0.078125 0.008545 -0.030762
v -0.187500 0.241211 0.043335
v -0.191406 0.237304 0.043335
v -0.249023 0.146484 0.042358
v -0.191406 0.237304 0.043335
v -0.242188 -0.063477 0.048706
v -0.241211 -0.062256 -0.048462
v -0.242188 -0.063965 0.048706
v -0.242188 -0.063477 0.048706
v -0.180664 -0.062988 -0.048462
v -0.181641 -0.062988 0.048462
v -0.180664 -0.062988 -0.048462
v -0.241211 -0.063965 0.050903
v 0.051025 0.179688 -0.047730
v -0.049805 0.123047 -0.048218
v -0.093262 0.121582 -0.047974
v 0.051025 0.179688 -0.047730
v -0.000515 0.122558 -0.047730
v 0.051025 0.179688 -0.047730
v -0.164062 0.238281 -0.048462
v 0.170898 0.237304 -0.047730
v 0.051025 0.179688 -0.047730
v 0.051025 0.179688 -0.047730
v -0.000515 0.122558 -0.047730
v -0.049805 0.123047 -0.048218
v 0.051025 0.179688 -0.047730
v 0.170898 0.237304 -0.047730
v 0.171875 0.180664 -0.047730
v 0.144531 0.122070 -0.048218
v 0.051025 0.179688 -0.047730
v 0.144531 0.122070 -0.048218
v 0.093750 0.122070 -0.047730
v 0.051025 0.179688 -0.047730
v -0.093262 0.121582 -0.047974
v -0.164062 0.238281 -0.048462
v 0.130859 -0.039795 0.042603
v 0.124023 -0.035156 0.044067
v 0.125977 -0.045899 0.042847
v 0.134766 -0.031983 0.042847
v 0.126953 -0.029663 0.044311
v -0.133789 0.091797 -0.042603
v -0.143554 0.102539 -0.042603
v -0.133789 0.093262 -0.042847
v -0.133789 0.091797 -0.042603
v -0.121582 0.083985 -0.043091
v -0.121582 0.082520 -0.042603
v -0.142578 0.101074 -0.041382
v -0.121582 0.083985 -0.043091
v -0.132812 0.090332 -0.041382
v 0.075683 -0.054444 -0.047730
v 0.070801 -0.046875 -0.048950
v 0.071289 -0.046386 -0.048706
v 0.189453 0.072754 -0.041382
v 0.189453 0.072754 0.040649
v 0.175781 0.075195 -0.041382
v 0.189453 0.072754 -0.041382
v 0.175781 0.075195 -0.041382
v 0.117188 0.008240 -0.030396
v 0.107910 0.012451 -0.027100
v 0.117188 0.008301 -0.027100
v 0.119629 0.010742 -0.031372
v 0.107422 0.012329 -0.030640
v -0.235352 0.142578 0.047729
v -0.237304 0.143554 0.047485
v -0.240234 0.134766 0.047729
v -0.185547 0.122558 0.048218
v 0.061035 -0.043945 -0.022217
v 0.061035 -0.043945 -0.022217
v 0.063477 -0.043701 -0.020386
v 0.056153 -0.034668 -0.022461
v 0.061035 -0.043945 -0.022217
v 0.056153 -0.034668 -0.022461
v 0.056153 -0.034180 -0.026123
v 0.061035 -0.043213 -0.026001
v 0.071778 -0.051514 -0.020142
v 0.063477 -0.043701 -0.020386
v 0.105469 0.089844 0.045288
v 0.116211 0.092773 0.045288
v 0.101562 0.089355 0.041870
v 0.094727 0.088867 0.045044
v 0.093750 0.089844 0.046753
v 0.138672 -0.014221 -0.047485
v 0.142578 -0.024048 -0.045532
v 0.134766 -0.005371 -0.047730
v 0.139648 -0.023926 -0.047730
v -0.035400 0.100097 0.041870
v 0.062988 -0.031128 0.041138
v 0.234375 0.107910 -0.043579
v 0.234375 0.107910 -0.046997
v 0.239258 0.117188 -0.042847
v 0.234375 0.107910 -0.046997
v 0.112305 -0.059815 0.041382
v 0.102539 -0.061767 0.040894
v 0.093262 -0.062011 0.027466
v 0.102539 -0.061767 0.040894
v -0.228516 0.086914 -0.043579
v -0.228516 0.086914 -0.043579
v -0.203125 -0.249023 0.050659
v -0.183594 -0.217773 0.050903
v -0.202148 -0.218750 0.051392
v -0.205078 -0.249023 0.050171
v -0.204102 -0.250000 0.049683
v -0.203125 -0.249023 0.050659
v -0.204102 -0.250000 0.049683
v -0.203125 -0.250000 0.050415
v -0.204102 -0.218750 0.050659
v -0.183594 -0.217773 0.050903
v 0.098145 0.016968 -0.020996
v 0.077148 0.010681 -0.021606
v 0.137696 -0.033691 0.004700
v 0.133789 -0.041260 0.001663
v 0.142578 -0.024048 0.006470
v 0.139648 -0.034424 0.006470
v 0.137696 -0.033691 0.004700
v 0.139648 -0.034424 0.006470
v 0.133789 -0.041992 0.004730
v 0.133789 -0.041992 0.004730
v 0.138672 -0.024292 0.004730
v -0.074707 0.096192 -0.047974
v -0.086914 0.090820 -0.047485
v -0.085449 0.092773 -0.048218
v -0.074707 0.094238 -0.047730
v -0.093262 0.121582 -0.047974
v -0.074707 0.096192 -0.047974
v -0.064942 0.102051 -0.048218
v -0.074707 0.094238 -0.047730
v -0.093262 0.121582 -0.047974
v 0.067383 0.004120 -0.005035
v 0.077637 0.010925 -0.004669
v 0.242188 0.133789 0.046020
v 0.119629 -0.053711 -0.030640
v -0.164062 0.085449 0.042603
v 0.055908 -0.034180 -0.031860
v 0.127929 0.099121 0.042358
v 0.135742 0.107910 0.041870
v 0.142578 0.117188 0.045288
v 0.207031 -0.092285 -0.049439
v 0.208008 -0.091797 0.049194
v 0.206054 -0.093262 -0.049194
v 0.207031 -0.092285 -0.049439
v 0.241211 -0.092773 -0.048706
v 0.241211 -0.092773 0.048706
v 0.206054 -0.091308 -0.051147
v 0.207031 -0.092285 -0.049439
v 0.241211 -0.092773 0.048706
v 0.208008 -0.091797 0.049194
v 0.206054 -0.091308 -0.051147
v -0.016968 0.078125 0.042358
v -0.029541 0.083985 0.042603
v -0.002594 0.073730 0.041870
v 0.059326 -0.035400 0.000252
v 0.063965 -0.044190 -0.000036
v 0.059326 -0.035400 0.000252
v 0.056396 -0.035400 -0.001816
v 0.063965 -0.044190 -0.000036
v 0.062988 -0.043457 0.003448
v 0.059326 -0.034668 0.003723
v 0.167969 0.097168 -0.047974
v 0.187500 0.121582 -0.047974
v 0.178711 0.093262 -0.048218
v 0.167969 0.097168 -0.047974
v 0.178711 0.093262 -0.048218
v 0.166992 0.094727 -0.047485
v 0.167969 0.097168 -0.047974
v 0.156250 0.100586 -0.047241
v 0.157227 0.102539 -0.048462
v 0.157227 0.102539 -0.048462
v 0.156250 0.100586 -0.047241
v 0.102539 0.009461 0.041382
v 0.110840 0.007354 0.041626
v 0.102539 0.009217 0.046265
v 0.102539 0.009461 0.041382
v 0.094238 0.009643 0.041382
v 0.098633 -0.024170 0.041870
v 0.110840 0.007354 0.041626
v 0.094238 0.009643 0.041382
v -0.192383 0.239258 -0.044067
v -0.189453 0.243164 -0.043579
v -0.190429 0.237304 -0.044067
v -0.192383 0.239258 -0.044067
v -0.192383 0.239258 -0.044067
v -0.247071 0.145508 -0.043335
v -0.248047 0.146484 -0.043335
v -0.247071 0.145508 -0.043335
v -0.248047 0.146484 -0.043335
v -0.189453 0.243164 -0.043579
v 0.046386 0.100586 0.040894
v 0.037597 0.090332 -0.040894
v 0.047364 0.100586 -0.041138
v 0.046386 0.100586 0.040894
v 0.047364 0.100586 -0.041138
v 0.056153 0.090332 0.040894
v 0.046386 0.100586 0.040894
v 0.037842 0.089844 0.040649
v 0.037597 0.090332 -0.040894
v 0.037597 0.090332 0.042114
v 0.056153 0.090332 0.040894
v 0.127929 0.004730 -0.021118
v -0.169922 0.239258 0.047729
v -0.177734 0.236328 0.045776
v -0.176758 0.234375 0.047729
v -0.170898 0.239258 0.046020
v -0.165039 0.239258 0.047729
v -0.170898 0.237304 0.047974
v -0.165039 0.238281 0.047485
v 0.077637 0.007935 0.022705
v 0.087890 0.012329 0.022461
v 0.087403 0.015076 0.020386
v 0.077637 0.007935 0.022705
v 0.069336 0.002228 0.025757
v 0.078613 0.008362 0.026001
v 0.077637 0.007935 0.022705
v 0.078613 0.008362 0.026001
v 0.087890 0.012329 0.022461
v 0.077637 0.007935 0.022705
v 0.087403 0.015076 0.020386
v 0.076660 0.010803 0.020752
v 0.250000 0.125977 -0.043823
v 0.250000 0.135742 -0.043579
v 0.250000 0.125977 -0.043091
v 0.244141 0.130859 -0.043335
v 0.118653 -0.051514 0.045776
v 0.125000 -0.046386 0.045776
v 0.123535 -0.045899 0.045776
v 0.118653 -0.051514 0.045776
v 0.109863 -0.055176 0.045776
v 0.112793 -0.056640 0.044556
v 0.121582 -0.052735 0.044800
v 0.116699 -0.051025 0.045776
v 0.121582 -0.052735 0.044800
v 0.116699 -0.051025 0.045776
v -0.162109 0.082031 -0.041382
v -0.151367 0.090820 -0.041626
v -0.150391 0.090820 0.041138
v -0.162109 0.082031 -0.041382
v -0.152344 0.091797 -0.042847
v -0.162109 0.082031 -0.041382
v -0.162109 0.082031 0.040894
v -0.175781 0.076172 -0.041382
v 0.064453 -0.007660 0.046020
v 0.068847 -0.000961 0.045776
v 0.062988 -0.003616 0.045044
v 0.181641 0.236328 -0.043091
v 0.181641 0.236328 -0.045532
v 0.175781 0.239258 -0.042847
v 0.244141 -0.089844 -0.048950
v 0.243164 -0.066406 0.048706
v 0.243164 -0.091797 0.049194
v 0.009338 0.089355 -0.045532
v 0.021363 0.093262 -0.042603
v 0.009522 0.090332 -0.047485
v 0.020630 0.093750 -0.047485
v 0.082520 -0.059815 -0.025635
v 0.091797 -0.062011 -0.021118
v 0.081543 -0.059326 -0.021484
v 0.073730 -0.055420 -0.025269
v 0.173828 0.086914 0.042847
v 0.187500 0.077148 0.042603
v 0.208984 0.108887 0.042847
v 0.173828 0.086914 0.042847
v 0.118164 -0.042480 -0.047241
v 0.113770 -0.046631 -0.046997
v 0.097656 -0.024170 -0.046997
v -0.238281 0.117676 0.042603
v -0.232422 0.107910 0.042847
v -0.232422 0.107910 0.045288
v -0.238281 0.116699 0.046020
v -0.240234 0.125000 0.042847
v -0.168946 -0.064453 -0.042358
v -0.170898 -0.064453 -0.043579
v -0.168946 0.100586 -0.043579
v -0.168946 -0.064453 -0.042358
v -0.167969 -0.063477 0.040649
v -0.167969 -0.064942 0.041626
v -0.168946 -0.064453 -0.042358
v -0.166992 0.101074 -0.042603
v -0.167969 -0.063477 -0.041626
v -0.168946 -0.064453 -0.042358
v -0.168946 0.100586 -0.043579
v -0.166992 0.101074 -0.042603
v -0.168946 -0.064453 -0.042358
v -0.167969 -0.063477 -0.041626
v -0.167969 -0.063477 0.040649
v 0.072754 0.096680 0.047485
v 0.083008 0.091308 0.046509
v 0.083008 0.093750 0.047241
v 0.094727 0.130859 0.046997
v 0.072754 0.094727 0.046509
v 0.063477 0.103028 0.047485
v 0.205078 -0.250000 -0.050903
v 0.205078 -0.250000 -0.048950
v 0.169922 -0.250000 -0.048950
v 0.168946 -0.250000 -0.050415
v 0.168946 -0.248047 -0.051392
v 0.077148 0.010742 0.005920
v 0.088379 0.014160 0.005402
v 0.087403 0.012634 0.004578
v 0.077148 0.011048 0.009521
v 0.083496 -0.057373 0.021362
v 0.227539 0.085938 -0.042847
v 0.233398 0.090820 -0.043579
v 0.229492 0.084472 -0.042847
v 0.217773 0.078613 -0.042358
v 0.217773 0.082031 -0.042847
v 0.126953 0.002503 0.001106
v 0.133789 -0.006378 0.001320
v 0.135742 -0.004425 -0.000490
v 0.126953 0.002487 0.004608
v 0.126953 0.002487 0.004608
v -0.180664 0.230469 -0.048950
v -0.177734 0.235352 -0.047974
v -0.183594 0.226562 -0.048706
v -0.175781 0.234375 -0.048706
v -0.168946 0.181641 -0.048462
v -0.166992 -0.250000 0.048950
v -0.167969 -0.250000 -0.048950
v -0.166016 -0.248047 -0.048950
v -0.166016 -0.248047 -0.048950
v -0.167969 -0.250000 -0.048950
v 0.109375 0.009887 -0.048706
v 0.141602 -0.024414 0.041870
v 0.139648 -0.034180 0.041870
v 0.141602 -0.024414 0.041870
v 0.140625 -0.014282 0.042603
v 0.138672 -0.023926 0.045288
v 0.141602 -0.024048 0.027100
v 0.139648 -0.034180 0.026978
v 0.141602 -0.024414 0.041870
v 0.139648 -0.034180 0.026978
v -0.050293 0.103515 -0.042847
v -0.040283 0.093262 -0.043335
v -0.049560 0.102051 -0.042358
v -0.057617 0.091797 -0.042847
v -0.058838 0.092773 -0.043091
v -0.045166 0.119629 -0.042603
v 0.070801 -0.000052 -0.045288
v 0.076172 -0.005127 -0.046753
v 0.064453 -0.006775 -0.045288
v 0.070801 -0.000052 -0.045288
v 0.082031 -0.000416 -0.046753
v 0.076172 -0.005127 -0.046753
v 0.077637 0.005310 -0.045288
v 0.185547 0.234375 0.043335
v 0.180664 0.237304 0.045532
v 0.185547 0.233398 0.045776
v 0.180664 0.237304 0.043091
v 0.092773 -0.059570 -0.008911
v 0.082031 -0.057129 -0.009277
v 0.092773 -0.059570 -0.008911
v 0.092773 -0.059815 -0.005554
v -0.232422 0.108887 0.047241
v -0.232422 0.108887 0.047241
v -0.223633 0.100586 0.046753
v -0.231446 0.109863 0.047974
v -0.223633 0.100097 0.045044
v -0.205078 -0.250000 -0.049194
v -0.205078 -0.249023 -0.048706
v -0.205078 -0.250000 0.048950
v -0.205078 -0.250000 0.048950
v 0.070312 0.083008 0.042603
v 0.068847 0.081055 0.041870
v 0.081055 0.075683 0.041870
v 0.136719 -0.014771 -0.027100
v 0.140625 -0.013855 -0.025391
v 0.138672 -0.023804 -0.027100
v 0.137696 -0.014832 -0.030273
v 0.137696 -0.023926 -0.030396
v -0.136719 0.109375 0.045532
v -0.142578 0.118653 0.042114
v -0.137696 0.109375 0.042358
v -0.128906 0.100586 0.045532
v -0.137696 0.110840 0.047485
v 0.076660 0.011108 0.042114
v 0.084961 0.008850 0.046265
v 0.191406 0.240234 -0.043091
v 0.193359 0.241211 -0.042603
v 0.193359 0.242188 -0.041626
v 0.193359 0.241211 -0.042603
v 0.196289 0.236328 -0.042603
v 0.191406 0.240234 -0.043091
v 0.127929 -0.048340 0.011597
v 0.119140 -0.055908 0.009949
v 0.133789 -0.041748 0.014893
v 0.127929 -0.048340 0.015076
v 0.119629 -0.053711 0.011536
v -0.172852 0.094727 -0.048706
v -0.185547 0.092773 -0.048706
v -0.181641 0.121582 -0.048462
v -0.172852 0.094727 -0.048706
v -0.164062 0.100097 -0.048950
v -0.184571 0.091308 -0.048218
v 0.053955 -0.024536 0.005341
v 0.053955 -0.024414 0.008972
v 0.055908 -0.013916 0.005493
v 0.056153 -0.034668 0.005280
v 0.055664 -0.034912 0.008789
v 0.148438 0.109375 -0.047485
v 0.144531 0.120117 -0.047730
v 0.151367 0.110840 -0.048218
v 0.207031 -0.250000 0.049683
v -0.002060 0.072754 -0.040649
v -0.002334 0.072754 0.040649
v -0.016236 0.074707 -0.040894
v -0.002060 0.072754 -0.040649
v 0.012451 0.074219 0.040894
v -0.002060 0.072754 -0.040649
v 0.012390 0.074219 -0.040894
v 0.012451 0.074219 0.040894
v -0.000820 0.074219 -0.042358
v 0.011963 0.076172 -0.042603
v 0.070312 -0.045899 -0.045532
v 0.071289 -0.036133 -0.047241
v 0.076660 -0.041748 -0.046753
v 0.077148 -0.051270 -0.045044
v 0.064453 -0.039306 -0.045532
v 0.173828 0.086914 0.042847
v 0.208984 0.108887 0.042847
v 0.151367 0.093262 0.042847
v 0.119140 0.011108 -0.010376
v 0.107910 0.012146 -0.009033
v 0.108398 0.012512 -0.005768
v -0.239258 0.143554 0.046020
v -0.241211 0.135742 0.045776
v -0.239258 0.143554 0.046020
v 0.108887 0.079590 0.042603
v 0.149414 0.137696 0.042847
v 0.094238 0.119140 0.042114
v 0.149414 0.137696 0.042847
v 0.063477 0.157227 0.042358
v 0.169922 -0.064942 -0.042358
v 0.170898 0.100586 -0.042358
v 0.170898 -0.064942 -0.043579
v 0.169922 -0.064942 -0.042358
v 0.170898 0.100097 -0.041382
v 0.170898 0.100586 -0.042358
v 0.169922 -0.064942 -0.042358
v 0.169922 -0.062256 -0.041382
v 0.170898 0.100097 -0.041382
v 0.169922 -0.064942 0.041870
v -0.070801 0.083985 0.042603
v -0.069824 0.082031 0.042358
v -0.057617 0.091797 0.042358
v -0.070801 0.083985 0.042603
v -0.084961 0.119629 0.042114
v -0.082031 0.078125 0.042603
v -0.059570 0.092773 0.042603
v -0.084961 0.119629 0.042114
v -0.082031 0.078125 0.042603
v 0.091797 -0.061767 0.015869
v 0.102539 -0.062011 0.016235
v 0.092285 -0.059815 0.014709
v 0.081055 -0.056396 0.014404
v 0.079102 -0.057617 0.015625
v 0.091797 -0.062011 0.020264
v 0.135742 -0.004699 -0.045532
v 0.127929 0.002304 -0.047485
v 0.128906 0.003571 -0.046021
v 0.135742 -0.004699 -0.045532
v 0.128906 0.003571 -0.046021
v 0.127929 0.002304 -0.047485
v 0.129883 -0.039062 0.041382
v 0.133789 -0.031494 0.041382
v 0.098633 -0.024170 0.041870
v 0.128906 -0.039551 0.045532
v 0.124512 -0.045410 0.041626
v -0.143554 0.102539 -0.042603
v -0.142578 0.101074 -0.041382
v -0.144531 0.104004 -0.043091
v 0.102051 0.089844 -0.042603
v 0.104492 0.089844 -0.045776
v 0.102051 0.089844 -0.042603
v 0.104492 0.089844 -0.045776
v 0.115722 0.093262 -0.042603
v 0.086914 0.090332 -0.042358
v 0.132812 -0.005768 0.022461
v 0.136719 -0.014648 0.022217
v 0.135742 -0.003891 0.020019
v 0.125977 0.002259 0.022339
v 0.126953 0.001785 0.026367
v 0.132812 -0.005768 0.022461
v 0.139648 -0.013794 0.020019
v 0.135742 -0.003891 0.020019
v -0.049073 0.120605 -0.047241
v -0.055420 0.109375 -0.047485
v -0.049805 0.123047 -0.048218
v -0.042725 0.111328 -0.048218
v -0.055176 0.108887 -0.045532
v 0.057129 -0.024903 -0.020264
v 0.058594 -0.014771 -0.020386
v 0.059082 -0.034912 -0.020508
v 0.058838 -0.034668 -0.017090
v 0.056153 -0.013306 -0.022461
v 0.057129 -0.024903 -0.020264
v 0.056153 -0.013306 -0.022461
v 0.053955 -0.024170 -0.022461
v 0.059082 -0.034912 -0.020508
v 0.235352 0.117188 0.048462
v 0.235352 0.117188 0.048462
v 0.231446 0.109375 0.048462
v 0.237304 0.116699 0.047485
v 0.238281 0.125000 0.047974
v 0.111328 -0.055420 -0.048706
v -0.215821 0.078125 0.040649
v -0.227539 0.085938 0.041870
v -0.228516 0.084961 0.040405
v -0.223633 0.082031 -0.042358
v -0.215821 0.078125 0.040649
v -0.223633 0.082031 -0.042358
v -0.214844 0.077637 -0.041870
v -0.215821 0.078125 0.040649
v -0.215821 0.079102 0.042114
v -0.214844 0.077637 -0.041870
v 0.047608 0.117188 -0.045776
v 0.127929 -0.048584 0.004089
v 0.119140 -0.053711 0.003937
v 0.122558 -0.055176 0.006226
v -0.104004 0.090332 -0.045776
v 0.071778 -0.052002 -0.009644
v 0.071778 -0.052002 -0.009644
v 0.071778 -0.051514 -0.006775
v 0.063965 -0.044434 -0.009827
v 0.061035 -0.044922 -0.011719
v 0.061035 -0.044922 -0.011719
v 0.071778 -0.051514 -0.006775
v 0.203125 0.092773 0.048218
v 0.213867 0.094238 0.047729
v 0.119629 0.007629 -0.047974
v -0.189453 0.243164 0.041626
v -0.189453 0.242188 0.043579
v -0.166992 -0.217773 -0.049927
v -0.167969 -0.216797 -0.050659
v 0.167969 -0.217773 -0.050659
v -0.166992 -0.217773 -0.049927
v -0.167969 -0.218750 -0.048462
v -0.169922 -0.217773 -0.050659
v -0.167969 -0.216797 -0.050659
v -0.166992 -0.217773 -0.047974
v -0.166992 -0.217773 -0.047974
v 0.107422 0.012146 0.022461
v 0.097656 0.013489 0.022705
v 0.087890 0.012268 0.025879
v 0.141602 -0.024292 -0.004303
v 0.137696 -0.033935 -0.006104
v 0.138672 -0.024170 -0.006195
v 0.139648 -0.013916 -0.004395
v 0.139648 -0.013855 -0.000402
v -0.002243 0.091797 0.047485
v -0.002029 0.089355 0.046509
v 0.010132 0.090332 0.046997
v 0.009522 0.092285 0.047485
v -0.013611 0.093262 0.047729
v 0.078125 0.008423 0.011597
v 0.078125 0.008484 0.014709
v 0.087890 0.012634 0.011719
v 0.078125 0.008423 0.011597
v 0.192383 0.224609 -0.047974
v 0.240234 0.144531 -0.048462
v 0.189453 0.224609 -0.048218
v 0.192383 0.224609 -0.047974
v 0.192383 0.224609 -0.045532
v 0.241211 0.144531 -0.046265
v 0.192383 0.224609 -0.047974
v 0.241211 0.144531 -0.046265
v 0.240234 0.144531 -0.048462
v 0.189453 0.229492 -0.047974
v 0.118164 -0.051025 0.041382
v 0.098633 -0.024170 0.041870
v -0.181641 -0.084961 0.051147
v -0.168946 -0.215821 0.050659
v -0.168946 -0.215821 0.050659
v 0.068360 0.081543 -0.042358
v 0.069336 0.083008 -0.042358
v 0.076172 0.084961 -0.042603
v 0.093750 0.118653 -0.042358
v 0.130859 -0.007996 0.041626
v 0.133789 -0.015259 0.041382
v 0.130859 -0.007110 0.046020
v 0.127929 -0.003693 0.045776
v 0.125977 -0.001061 0.041626
v -0.143554 0.118164 -0.042603
v -0.148438 0.108887 -0.046265
v -0.147461 0.108887 -0.042358
v 0.071289 -0.036133 -0.047241
v 0.064453 -0.039306 -0.045532
v 0.068847 -0.029663 -0.047241
v 0.097656 -0.024170 -0.046997
v 0.250000 0.104980 0.041138
v 0.242188 0.095215 -0.041870
v 0.250000 0.104492 -0.042114
v 0.250000 0.104980 0.041138
v 0.250000 0.115722 0.040649
v 0.249023 0.106445 0.042358
v 0.250000 0.104492 -0.042114
v 0.242188 0.095215 -0.041870
v 0.167969 -0.250000 -0.049194
v 0.167969 -0.250000 0.049194
v 0.167969 -0.249023 0.048950
v 0.167969 -0.250000 -0.049194
v 0.167969 -0.250000 -0.050415
v 0.167969 -0.249023 0.048950
v -0.174804 0.076172 0.041138
v 0.060302 -0.004059 -0.026001
v 0.068847 0.002395 -0.027832
v 0.062500 -0.005921 -0.027832
v 0.056153 -0.013794 -0.026367
v 0.060302 -0.004059 -0.026001
v 0.056153 -0.013306 -0.022461
v 0.056153 -0.013306 -0.022461
v 0.066895 0.004517 -0.026001
v 0.066895 0.004517 -0.026001
v 0.175781 0.238281 0.047485
v 0.180664 0.237304 0.045532
v 0.138672 -0.033448 -0.047730
v 0.140625 -0.033935 -0.046021
v 0.136719 -0.042725 -0.046021
v 0.138672 -0.033448 -0.047730
v 0.131836 -0.040771 -0.047974
v 0.135742 -0.032470 -0.048218
v 0.131836 -0.040771 -0.047974
v 0.140625 -0.033935 -0.046021
v -0.057617 0.090332 0.040894
v -0.058105 0.090332 -0.041138
v -0.049073 0.100586 0.041138
v -0.057617 0.091797 0.042358
v 0.066406 -0.050049 0.040161
v 0.078613 -0.054931 0.044311
v 0.079590 -0.052490 0.045776
v 0.114258 0.013611 -0.014343
v 0.098633 0.017212 -0.014648
v 0.126953 0.005981 -0.014282
v 0.109375 0.015015 -0.010620
v 0.078125 0.008484 0.014709
v 0.087890 0.012329 0.015076
v 0.078125 0.008484 0.014709
v 0.077148 0.010376 0.016235
v 0.087890 0.012329 0.015076
v -0.240234 0.125977 -0.046997
v -0.238281 0.116699 -0.046997
v -0.237304 0.116699 -0.043823
v -0.240234 0.125977 -0.043335
v 0.025757 0.080567 -0.040894
v 0.037842 0.090820 -0.042603
v 0.037597 0.090332 -0.040894
v 0.037842 0.089844 0.040649
v 0.025757 0.080567 -0.040894
v 0.047119 0.102051 -0.042358
v 0.132812 -0.004974 0.014770
v 0.128906 0.003830 0.010376
v 0.117676 0.007935 0.012634
v 0.132812 -0.004974 0.014770
v 0.128906 0.003830 0.010376
v 0.135742 -0.004242 0.016724
v 0.127929 0.004120 0.016479
v -0.139648 0.113770 -0.047974
v -0.144531 0.119629 -0.047730
v -0.168946 0.181641 -0.048462
v 0.057373 -0.024170 -0.027588
v 0.058838 -0.014953 -0.027832
v 0.058838 -0.015259 -0.030884
v 0.057373 -0.024170 -0.027588
v 0.054444 -0.023926 -0.026367
v 0.058838 -0.014953 -0.027832
v 0.233398 0.107910 0.046020
v 0.233398 0.108887 0.047485
v 0.110352 -0.054688 -0.048462
v 0.118164 -0.052735 -0.048462
v -0.188477 0.073730 0.040649
v -0.203125 0.074219 -0.041626
v -0.189453 0.073730 -0.041626
v -0.188477 0.073730 0.040649
v -0.204102 0.074219 0.040649
v -0.203125 0.074219 -0.041626
v -0.189453 0.073730 -0.041626
v 0.067383 0.004974 -0.031616
v 0.076660 0.010987 -0.046265
v 0.076660 0.010987 -0.046265
v 0.180664 0.250000 0.041138
v 0.187500 0.247071 -0.041626
v 0.180664 0.250000 0.041138
v 0.174804 0.250000 0.041382
v 0.179688 0.249023 0.042847
v 0.187500 0.247071 0.043335
v 0.188477 0.247071 0.041870
v 0.187500 0.247071 -0.041626
v 0.180664 0.250000 -0.041382
v 0.198242 -0.064942 -0.042847
v -0.013489 0.091308 0.046509
v -0.023926 0.097168 0.047241
v -0.024536 0.094727 0.046997
v -0.001312 0.088379 0.044800
v -0.013183 0.089844 0.044800
v 0.064942 -0.043457 0.025391
v 0.066895 -0.047119 0.021728
v 0.172852 0.086914 -0.043335
v 0.181641 0.077637 -0.042847
v 0.163086 0.083496 -0.043091
v 0.172852 0.086914 -0.043335
v 0.150391 0.093262 -0.043091
v 0.145508 0.120117 -0.043091
v 0.172852 0.086914 -0.043335
v 0.208984 0.109375 -0.043335
v 0.181641 0.077637 -0.042847
v 0.145508 0.120117 -0.043091
v 0.150391 0.093262 -0.043091
v 0.107910 0.001625 0.044311
v 0.118653 0.005280 0.042603
v 0.110840 0.008667 0.042603
v 0.110840 0.008667 0.042603
v 0.100586 0.003266 0.044067
v -0.250000 0.135742 -0.043579
v -0.250000 0.135742 -0.043579
v 0.053955 -0.024048 0.015747
v 0.055420 -0.034424 0.015503
v 0.055420 -0.033448 0.018555
v 0.055420 -0.033448 0.018555
v 0.057373 -0.024903 0.013977
v 0.055420 -0.034424 0.015503
v 0.083985 0.093750 -0.047974
v 0.207031 -0.217773 0.048950
v 0.206054 -0.092773 0.048950
v 0.207031 -0.090820 0.050659
v -0.081055 0.075195 0.040649
v -0.081055 0.075195 -0.040894
v -0.068360 0.081055 0.040894
v -0.081055 0.075195 0.040649
v 0.077637 -0.051514 -0.044067
v 0.097656 -0.024414 -0.043579
v 0.247071 0.106445 0.042603
v 0.247071 0.106445 0.042603
v 0.118653 0.011292 -0.004135
v -0.175781 0.233398 0.048218
v -0.182617 0.231446 0.047241
v -0.169922 -0.250000 -0.048706
v -0.167969 -0.250000 -0.049927
v -0.168946 -0.250000 0.048462
v 0.120117 0.009582 0.042847
v 0.110352 0.014099 0.042603
v 0.109375 0.012146 0.045288
v 0.141602 -0.023926 -0.031616
v 0.139648 -0.033691 -0.031372
v -0.040771 0.093750 0.042358
v -0.050049 0.104980 0.042358
v -0.040771 0.093750 0.042358
v -0.050049 0.104980 0.042358
v -0.041015 0.091797 0.042114
v -0.029052 0.082031 0.042114
v 0.072265 0.000183 0.045776
v 0.065918 -0.007354 0.041382
v 0.071778 -0.000358 0.041138
v 0.065918 -0.007354 0.041382
v 0.071778 -0.000358 0.041138
v 0.183594 0.220703 -0.043091
v 0.183594 0.220703 -0.043091
v 0.183594 0.220703 -0.043091
v 0.195312 0.234375 -0.042847
v 0.248047 0.147461 -0.043335
v 0.183594 0.220703 -0.043091
v 0.183594 0.220703 -0.043091
v 0.179688 0.247071 -0.042847
v 0.183594 0.220703 -0.043091
v 0.145508 0.120117 -0.043091
v 0.173828 0.248047 -0.043335
v 0.248047 0.147461 -0.043335
v 0.102539 -0.059570 0.004211
v 0.092285 -0.059570 0.004150
v 0.092285 -0.059570 0.000534
v 0.101562 -0.062011 0.006195
v 0.112793 -0.059815 0.006317
v -0.210938 0.094238 -0.048462
v -0.223633 0.100586 -0.048950
v -0.231446 0.108398 -0.046997
v -0.195312 -0.065430 -0.042358
v -0.196289 0.101074 -0.042603
v -0.195312 -0.065430 -0.043335
v -0.195312 -0.065430 -0.042358
v -0.196289 -0.064942 -0.041626
v -0.197266 0.100097 -0.041382
v -0.195312 -0.065430 -0.042358
v -0.197266 0.100097 -0.041382
v -0.196289 0.101074 -0.042603
v 0.047851 0.122558 0.047241
v 0.053711 0.109863 0.046753
v 0.124023 -0.046631 -0.048218
v 0.129883 -0.040283 -0.048218
v 0.135742 -0.032470 -0.048218
v 0.087890 -0.055420 0.045776
v 0.085938 -0.058105 0.044556
v 0.094727 -0.056396 0.045776
v 0.094238 -0.055176 0.045532
v 0.202148 0.073730 -0.041138
v 0.198242 0.074219 -0.042358
v 0.207031 0.075683 -0.042358
v 0.216797 0.077148 -0.041382
v 0.215821 0.077148 0.041382
v 0.202148 0.073730 -0.041138
v 0.198242 0.074219 -0.042358
v 0.202148 0.073730 -0.041138
v 0.202148 0.073730 0.040894
v 0.133789 -0.041260 0.022095
v 0.136719 -0.033203 0.022217
v 0.133789 -0.041260 0.022095
v 0.058838 -0.034424 0.013916
v 0.060302 -0.043701 0.015625
v 0.060302 -0.043457 0.018921
v 0.057373 -0.024903 0.013977
v 0.115722 0.094238 -0.047485
v 0.115722 0.094238 -0.047485
v 0.104492 0.089844 -0.045776
v 0.104492 0.091308 -0.047730
v 0.115722 0.094238 -0.047485
v 0.104492 0.091308 -0.047730
v 0.116699 0.096192 -0.048218
v 0.116699 0.096192 -0.048218
v 0.116699 0.093262 -0.045776
v 0.127929 0.100586 -0.047974
v 0.135742 -0.004914 0.042603
v 0.140625 -0.014282 0.042603
v 0.134766 -0.005493 0.045532
v 0.137696 -0.014344 0.045288
v 0.128906 0.003266 0.042847
v -0.014648 0.119629 -0.042847
v 0.073730 0.160156 -0.042603
v 0.042236 0.110840 -0.042603
v -0.014648 0.119629 -0.042847
v -0.022461 0.087403 -0.042847
v 0.012939 0.078613 -0.042847
v -0.014648 0.119629 -0.042847
v -0.118653 0.209961 -0.042847
v 0.073730 0.160156 -0.042603
v -0.014648 0.119629 -0.042847
v -0.045166 0.119629 -0.042603
v -0.118653 0.209961 -0.042847
v 0.037354 0.093262 -0.043335
v -0.014648 0.119629 -0.042847
v 0.037354 0.093262 -0.043335
v 0.024903 0.086914 -0.043091
v 0.012939 0.078613 -0.042847
v 0.078613 0.004364 -0.048462
v 0.065918 -0.007324 -0.048950
v 0.243164 0.129883 0.042603
v 0.180664 0.220703 0.042847
v 0.149414 0.137696 0.042847
v 0.250000 0.134766 0.042358
v 0.249023 0.136719 0.042358
v 0.243164 0.129883 0.042603
v 0.208984 0.108887 0.042847
v 0.250000 0.115722 0.043091
v 0.243164 0.129883 0.042603
v 0.250000 0.124512 0.042603
v 0.250000 0.134766 0.042358
v 0.250000 0.124512 0.042603
v 0.243164 0.129883 0.042603
v 0.149414 0.137696 0.042847
v 0.208984 0.108887 0.042847
v 0.111328 -0.057129 -0.030762
v 0.120117 -0.053711 -0.026367
v 0.112305 -0.057129 -0.026367
v 0.112305 -0.059570 -0.031616
v 0.112305 -0.057129 -0.026367
v -0.202148 0.090820 0.042114
v -0.168946 -0.248047 -0.051147
v -0.169922 -0.250000 -0.050415
v -0.203125 -0.250000 -0.050415
v 0.098145 0.016479 0.016479
v 0.108887 0.014832 0.016724
v 0.107910 0.012024 0.015381
v 0.097656 0.013855 0.015076
v 0.098633 0.016358 0.020386
v 0.087403 0.014709 0.016357
v 0.137696 -0.024048 -0.009338
v 0.139648 -0.034668 -0.010498
v 0.136719 -0.033448 -0.009277
v -0.098633 0.093262 0.047974
v -0.091797 0.122558 0.047241
v -0.074219 0.097168 0.047485
v 0.088379 0.014160 0.005402
v 0.098145 0.014038 0.004578
v 0.097656 0.013977 0.001427
v 0.087403 0.012634 0.004578
v 0.240234 0.144531 -0.048462
v 0.243164 0.135742 -0.046753
v 0.239258 0.143554 -0.048950
v 0.189453 0.224609 -0.048218
v 0.243164 0.135742 -0.046753
v 0.119629 -0.040528 0.044067
v 0.119140 -0.050781 0.042847
v 0.053711 -0.024903 0.040894
v 0.055664 -0.034668 0.040649
v 0.058350 -0.033935 0.044311
v 0.055176 -0.014648 0.041382
v 0.055176 -0.014465 0.032593
v 0.054199 -0.024658 0.026733
v 0.116699 0.093262 -0.045776
v 0.205078 -0.250000 0.048950
v 0.205078 -0.250000 -0.048950
v 0.208008 -0.250000 0.048706
v 0.205078 -0.250000 0.050415
v 0.168946 -0.250000 0.048462
v -0.029175 0.082520 -0.042847
v -0.029541 0.081543 -0.041382
v -0.041015 0.090820 -0.041138
v -0.041015 0.091797 -0.042847
v -0.029297 0.083985 -0.042847
v -0.029175 0.082520 -0.042847
v -0.029297 0.083985 -0.042847
v 0.063965 -0.044190 -0.006805
v 0.061280 -0.044922 -0.005005
v 0.178711 0.091308 0.047241
v 0.166016 0.098145 0.048218
v 0.157227 0.103028 0.047729
v 0.166016 0.098145 0.048218
v 0.094727 0.010376 -0.045288
v 0.085938 0.009033 -0.045288
v -0.250000 0.125000 0.042358
v -0.250000 0.134766 0.042847
v -0.248047 0.145508 0.041626
v -0.240234 -0.092285 -0.050903
v -0.241211 -0.091308 -0.050171
v -0.240234 -0.092285 -0.050903
v 0.127929 -0.050781 -0.000429
v -0.114258 0.078613 0.041870
v -0.121582 0.084961 0.042847
v -0.121582 0.084961 0.042847
v 0.213867 0.095703 -0.048706
v 0.202148 0.092285 -0.048706
v 0.118164 0.004211 0.041382
v 0.118164 0.004211 0.041382
v 0.118164 0.004211 0.041382
v 0.098633 -0.024170 0.041870
v 0.118653 0.003128 0.045776
v 0.061280 -0.044434 0.026367
v 0.066406 -0.050049 0.040161
v 0.059570 -0.034912 0.025146
v 0.056153 -0.034912 0.026489
v 0.092773 0.073242 -0.040894
v 0.105469 0.076172 -0.042358
v 0.106445 0.074219 0.040894
v 0.106445 0.074707 -0.041138
v 0.119140 0.080078 0.041138
v 0.106445 0.074219 0.040894
v -0.034424 0.102051 -0.048218
v -0.000515 0.122558 -0.047730
v -0.020264 0.094727 -0.047974
v 0.087890 0.012634 -0.016357
v 0.087890 0.012634 -0.016357
v 0.185547 0.233398 0.045776
v 0.110352 -0.054931 -0.043823
v 0.097656 -0.024414 -0.043579
v 0.117676 -0.052002 -0.044067
v 0.102051 -0.056640 -0.044312
v 0.110352 -0.054931 -0.043823
v 0.117676 -0.052002 -0.044067
v 0.117188 -0.051514 -0.048462
v 0.117188 -0.051514 -0.048462
v -0.232422 0.107910 0.042847
v -0.181641 -0.084472 -0.051392
v -0.201172 -0.086914 -0.051636
v -0.176758 -0.195312 -0.050903
v -0.176758 -0.195312 -0.050903
v 0.083985 0.089844 0.044800
v 0.073242 0.093262 0.041870
v 0.087403 0.089844 0.041626
v 0.072754 0.093262 0.044556
v 0.094727 0.088867 0.045044
v 0.127929 0.002304 -0.047485
v 0.127929 0.002304 -0.047485
v 0.131836 -0.007507 -0.048218
v 0.125977 0.000154 -0.048218
v 0.125977 0.000154 -0.048218
v 0.131836 -0.007507 -0.048218
v -0.168946 0.250000 0.041138
v -0.170898 0.250000 0.042847
v 0.174804 0.250000 0.043091
v -0.168946 0.250000 0.041138
v 0.174804 0.250000 0.041382
v 0.173828 0.250000 -0.041626
v -0.168946 0.250000 0.041138
v 0.173828 0.250000 -0.041626
v -0.169922 0.250000 -0.042114
v 0.174804 0.250000 0.043091
v 0.077637 0.005524 0.042114
v 0.076660 -0.005158 0.043823
v 0.081055 -0.000592 0.043823
v 0.085938 0.009338 0.042358
v 0.077637 0.005524 0.042114
v 0.250000 0.125000 -0.041870
v 0.250000 0.135742 -0.041626
v 0.250000 0.136719 0.040649
v 0.250000 0.115722 -0.041870
v 0.250000 0.125977 -0.043091
v 0.250000 0.135742 -0.043335
v 0.250000 0.125000 0.040405
v 0.250000 0.125000 -0.041870
v 0.250000 0.136719 0.040649
v 0.250000 0.125000 0.040405
v 0.122070 -0.055420 0.016479
v 0.129883 -0.049316 0.020264
v 0.112305 -0.059082 0.015991
v 0.055908 -0.020630 0.021606
v 0.058594 -0.015198 0.022949
v 0.059815 -0.006439 0.021728
v 0.055908 -0.020630 0.021606
v 0.239258 -0.091797 0.051147
v 0.207031 -0.090820 0.050659
v -0.029419 0.080567 0.040405
v 0.074219 -0.055420 -0.046265
v 0.082520 -0.059326 -0.032349
v 0.075195 -0.056396 -0.031860
v 0.066406 -0.049316 -0.046265
v 0.108887 0.014404 0.021118
v 0.107910 0.012024 0.015381
v 0.103028 -0.059570 -0.015747
v 0.114258 -0.056153 -0.015991
v 0.115722 -0.058350 -0.014099
v 0.103028 -0.059570 -0.015747
v 0.115722 -0.058350 -0.014099
v 0.103515 -0.061767 -0.014160
v 0.103028 -0.059570 -0.015747
v 0.092285 -0.059815 -0.019653
v 0.103028 -0.059326 -0.019653
v 0.103028 -0.059570 -0.015747
v 0.103515 -0.061767 -0.014160
v 0.092285 -0.059815 -0.016235
v 0.103028 -0.059570 -0.015747
v 0.103028 -0.059326 -0.019653
v 0.114258 -0.056153 -0.015991
v 0.092285 -0.059815 -0.016235
v -0.203125 -0.250000 -0.048950
v -0.203125 -0.250000 0.048950
v -0.203125 -0.250000 -0.048950
v -0.203125 -0.250000 0.048950
v 0.086914 0.015259 -0.046265
v 0.082031 0.010620 -0.048462
v 0.076660 0.010987 -0.046265
v 0.076660 0.011352 -0.031616
v 0.136719 -0.033448 0.025635
v 0.132812 -0.042236 0.025635
v -0.129883 0.100586 -0.046021
v -0.117188 0.093262 -0.042603
v -0.120117 0.095703 -0.047730
v -0.117676 0.094238 -0.046021
v -0.117188 0.093262 -0.042603
v 0.085938 0.008117 -0.044067
v 0.239258 0.143554 0.043091
v 0.241211 0.135742 0.042847
v 0.114258 -0.056153 -0.015991
v 0.119140 -0.053955 -0.019653
v 0.103028 -0.059326 -0.019653
v 0.111817 -0.057129 -0.019653
v 0.126953 -0.052490 -0.013489
v -0.186523 0.092773 0.047729
v -0.200196 0.093262 0.048218
v -0.171875 0.094727 0.046997
v -0.172852 0.096192 0.047974
v -0.185547 0.122558 0.048218
v -0.186523 0.092773 0.047729
v -0.185547 0.122558 0.048218
v 0.058838 -0.015320 -0.009766
v 0.059082 -0.015320 -0.006928
v 0.062500 -0.006073 -0.009705
v 0.055908 -0.013855 -0.011536
v 0.180664 0.122558 0.048218
v 0.157227 0.103028 0.047729
v 0.243164 -0.091797 -0.048706
v 0.241211 -0.092773 -0.048706
v 0.241211 -0.091308 -0.051392
v 0.024903 0.082031 0.042358
v 0.019043 0.082520 0.042358
v 0.025269 0.080078 0.040894
v 0.011963 0.077637 0.042603
v 0.011596 0.075683 0.042358
v 0.066406 -0.038819 0.041138
v 0.167969 0.093750 -0.043091
v 0.156250 0.100097 -0.046265
v 0.167969 0.094238 -0.046021
v 0.178711 0.090332 -0.042603
v 0.108398 0.012451 0.005096
v 0.119140 0.007569 0.005371
v 0.107910 0.012268 0.001320
v 0.073730 0.160156 -0.042603
v 0.152344 0.222656 -0.043579
v 0.145508 0.120117 -0.043091
v 0.152344 0.222656 -0.043579
v 0.073730 0.160156 -0.042603
v 0.047364 0.105469 -0.042847
v 0.073730 0.160156 -0.042603
v 0.145508 0.120117 -0.043091
v 0.093750 0.118653 -0.042358
v 0.047364 0.105469 -0.042847
v -0.094238 0.089844 -0.045776
v -0.086914 0.090820 -0.042603
v -0.102539 0.090332 -0.042603
v 0.082031 -0.056885 -0.016724
v 0.127929 -0.024414 -0.046753
v 0.135742 -0.024048 -0.045288
v -0.148438 0.108887 0.042603
v -0.158203 0.100097 0.042358
v -0.055176 0.108398 0.045288
v 0.055664 -0.034180 0.020019
v 0.053955 -0.023804 0.019287
v 0.131836 0.092285 -0.043091
v 0.093750 0.118653 -0.042358
v 0.142578 0.103515 -0.043091
v 0.131836 0.092285 -0.043091
v 0.118164 0.083008 -0.043091
v 0.131836 0.092285 -0.043091
v 0.130859 0.090820 -0.042603
v 0.118653 0.081055 -0.042603
v 0.130859 0.090820 -0.042603
v 0.092773 -0.061524 0.040405
v 0.092773 -0.061524 0.040405
v 0.102539 -0.061767 0.040894
v 0.097656 -0.059082 0.044800
v -0.243164 -0.064453 -0.048706
v -0.242188 -0.063965 0.048706
v 0.047364 0.100586 -0.041138
v 0.055908 0.091308 -0.042603
v 0.055664 0.090820 -0.041138
v 0.047364 0.100586 -0.041138
v 0.055664 0.090820 -0.041138
v 0.056153 0.090332 0.040894
v 0.055908 0.091308 -0.042603
v 0.167969 -0.250000 -0.048950
v 0.062988 -0.006073 -0.030518
v 0.069336 0.002243 -0.030762
v 0.076660 0.011352 -0.031616
v 0.191406 0.088379 0.045288
v 0.178711 0.091308 0.047241
v 0.178711 0.089844 0.045044
v 0.202148 0.089355 0.045532
v 0.190429 0.089844 0.047241
v 0.177734 0.090332 0.042114
v 0.189453 0.088379 0.042603
v 0.118653 0.004089 -0.044067
v 0.118164 0.003402 -0.048218
v 0.109863 0.007080 -0.048462
v 0.118653 0.004089 -0.044067
v -0.238281 0.143554 0.042603
v -0.185547 0.227539 0.043579
v -0.238281 0.143554 0.042603
v -0.241211 0.135742 0.042847
v 0.108887 0.015259 -0.000649
v 0.098145 0.016846 -0.000368
v 0.087890 0.012146 0.000984
v 0.137696 -0.033203 -0.026978
v 0.142578 -0.023926 -0.025513
v 0.189453 0.228516 -0.043335
v 0.102539 -0.056153 0.041870
v -0.223633 0.100097 -0.043823
v -0.232422 0.108398 -0.043823
v -0.167969 -0.064942 0.041626
v -0.166992 0.099610 0.040405
v -0.166992 0.101074 0.041626
v -0.166992 0.099610 0.040405
v -0.167969 -0.064942 0.041626
v -0.166992 0.101074 0.041626
v -0.169922 -0.064942 0.042603
v 0.127929 0.004364 0.027466
v -0.169922 0.249023 -0.044067
v -0.169922 0.249023 -0.044067
v -0.118653 0.209961 -0.042847
v -0.181641 0.221679 -0.043823
v -0.169922 0.249023 -0.044067
v -0.181641 0.221679 -0.043823
v -0.176758 0.248047 -0.043823
v 0.173828 0.248047 -0.043335
v -0.169922 0.250000 -0.043823
v 0.088379 0.002198 -0.046997
v 0.250000 0.125000 0.042358
v 0.250000 0.116211 0.042114
v 0.250000 0.125000 0.040405
v 0.250000 0.125000 0.042358
v 0.250000 0.135742 0.042847
v 0.115722 -0.058350 -0.010803
v 0.103515 -0.061767 -0.014160
v -0.170898 0.093750 0.045288
v -0.190429 0.090332 0.042114
v -0.180664 0.091308 0.042114
v -0.168946 0.094238 0.042114
v -0.170898 0.093750 0.045288
v -0.157227 0.099610 0.045532
v -0.171875 0.094727 0.046997
v -0.168946 0.094238 0.042114
v 0.060547 -0.004852 -0.001526
v 0.067383 0.004333 -0.001343
v 0.062988 -0.006134 0.000343
v 0.169922 0.182617 0.047485
v 0.180664 0.122558 0.048218
v 0.188477 0.224609 0.048218
v 0.169922 0.182617 0.047485
v 0.173828 0.237304 0.047485
v 0.094727 0.130859 0.046997
v 0.170898 -0.064942 -0.043579
v 0.170898 0.100586 -0.042358
v 0.172852 0.100586 -0.043579
v 0.170898 -0.064942 -0.043579
v 0.172852 0.100586 -0.043579
v 0.173828 -0.065430 -0.044067
v 0.108887 0.015442 -0.020996
v 0.097656 0.013916 -0.019531
v 0.109375 0.015198 -0.025269
v 0.108887 0.015442 -0.020996
v 0.107422 0.012451 -0.019409
v 0.119140 0.011169 -0.025024
v 0.109375 0.015198 -0.025269
v 0.107422 0.012451 -0.019409
v 0.102539 -0.062011 0.016235
v 0.084961 0.014221 0.027710
v 0.084961 0.014221 0.027710
v 0.078613 0.008362 0.026001
v 0.076172 0.010071 0.027588
v 0.076172 0.010071 0.027588
v 0.078613 0.008362 0.026001
v 0.129883 -0.040283 -0.048218
v -0.128906 0.100586 0.042358
v -0.128906 0.100586 0.042358
v 0.079102 0.004761 0.041138
v 0.079102 0.004761 0.041138
v 0.085938 0.007996 0.041138
v 0.250000 0.135742 -0.041626
v 0.250000 0.147461 0.041626
v 0.250000 0.135742 -0.043335
v 0.119140 -0.054199 0.014893
v 0.119629 -0.053711 0.011536
v 0.119140 -0.054199 0.014893
v 0.129883 -0.049805 0.016479
v -0.185547 0.092773 -0.048706
v -0.199219 0.090820 -0.048218
v -0.199219 0.092773 -0.049194
v -0.199219 0.092773 -0.049194
v -0.199219 0.090820 -0.048218
v 0.055908 -0.020630 0.021606
v 0.058105 -0.029663 0.021973
v 0.057129 -0.024903 0.025391
v 0.058105 -0.029663 0.021973
v 0.057129 -0.024903 0.025391
v 0.151367 0.110840 -0.048218
v 0.171875 0.180664 -0.047730
v 0.144531 0.122070 -0.048218
v 0.025269 0.080078 0.040894
v 0.012390 0.074219 -0.040894
v 0.025024 0.081543 -0.042847
v 0.025024 0.081543 -0.042847
v 0.065918 -0.039795 -0.044067
v 0.065918 -0.039551 -0.048218
v 0.064942 -0.040039 -0.048706
v 0.065918 -0.039795 -0.044067
v 0.170898 0.099610 0.040405
v 0.170898 0.100586 -0.042358
v 0.170898 0.100097 -0.041382
v 0.170898 0.099610 0.040405
v 0.170898 0.100097 -0.041382
v 0.169922 -0.062256 -0.041382
v 0.170898 0.099610 0.040405
v 0.169922 -0.062256 -0.041382
v 0.168946 -0.062988 0.040649
v 0.170898 0.099610 0.040405
v 0.171875 0.100586 0.041138
v 0.170898 0.100586 -0.042358
v 0.170898 0.099610 0.040405
v 0.168946 -0.062988 0.040649
v 0.171875 0.100586 0.041138
v 0.109375 0.015198 -0.025269
v 0.109375 0.015198 -0.025269
v -0.179688 0.220703 0.042847
v -0.182617 0.246094 0.043335
v -0.180664 -0.062988 -0.048462
v -0.181641 -0.062988 0.048462
v 0.172852 -0.062988 -0.049194
v -0.180664 -0.062988 -0.048462
v 0.172852 -0.062988 -0.049194
v 0.172852 -0.063965 -0.050903
v -0.180664 -0.062988 -0.048462
v 0.170898 0.240234 0.042847
v -0.165039 0.240234 0.043091
v -0.166016 0.240234 0.045288
v 0.170898 0.240234 0.042847
v -0.166016 0.240234 0.045288
v 0.170898 0.239258 0.045532
v 0.132812 -0.041992 -0.008789
v 0.137696 -0.033935 -0.006104
v 0.132812 -0.041992 -0.008789
v -0.109863 0.094238 0.047729
v 0.092285 -0.059570 0.004150
v 0.081543 -0.056885 0.000465
v 0.092285 -0.059570 0.000534
v 0.090820 -0.061524 0.006103
v 0.225586 0.100097 -0.047974
v 0.214844 0.093750 -0.047974
v -0.157227 0.194336 -0.042603
v -0.045166 0.119629 -0.042603
v -0.147461 0.121094 -0.043091
v 0.056153 -0.034912 0.026489
v 0.092773 0.073242 -0.040894
v 0.106445 0.074219 0.040894
v 0.092773 0.072754 0.040405
v 0.080567 0.074707 -0.040649
v 0.092773 0.073242 -0.040894
v 0.092773 0.072754 0.040405
v 0.080567 0.074707 -0.040649
v 0.140625 -0.013916 0.006287
v 0.137696 -0.014771 0.004578
v 0.135742 -0.004303 0.006470
v 0.138672 -0.024292 0.004730
v -0.056396 0.110840 -0.048218
v -0.056396 0.110840 -0.048218
v -0.049805 0.123047 -0.048218
v 0.056153 -0.035156 -0.015076
v 0.092285 -0.061524 -0.032105
v 0.082520 -0.059326 -0.032349
v -0.238281 0.093750 0.041870
v -0.228516 0.084961 0.040405
v 0.132812 -0.005493 -0.015930
v 0.126953 0.005981 -0.014282
v 0.135742 -0.003586 -0.013916
v 0.132812 -0.005493 -0.015930
v 0.136719 -0.014832 -0.016113
v 0.136719 -0.014832 -0.016113
v 0.132812 -0.005493 -0.015930
v -0.136719 0.111328 0.047485
v -0.091797 0.122558 0.047241
v -0.142578 0.120605 0.047485
v 0.061524 -0.045410 -0.001778
v 0.056396 -0.035400 -0.001816
v 0.234375 0.107910 -0.048950
v 0.166992 -0.217773 0.048218
v -0.166992 -0.217773 0.048218
v -0.166992 -0.217773 -0.047974
v 0.166992 -0.217773 0.048218
v -0.166992 -0.217773 -0.047974
v 0.166992 -0.217773 -0.048218
v 0.166992 -0.217773 0.048218
v 0.168946 -0.217773 0.050171
v -0.166992 -0.217773 0.048218
v -0.189453 0.074707 -0.043091
v -0.189453 0.074707 -0.043091
v -0.203125 0.074219 -0.041626
v -0.196289 0.076660 -0.043579
v 0.067871 0.005432 0.041626
v 0.076660 0.011108 0.042114
v 0.076172 0.010071 0.027588
v 0.068360 0.005036 0.027222
v 0.061280 -0.001968 0.041870
v 0.062988 -0.003616 0.045044
v 0.199219 -0.064942 0.043091
v 0.009705 0.091797 -0.047974
v -0.002655 0.091797 -0.048218
v -0.000515 0.122558 -0.047730
v 0.070312 -0.053467 -0.011475
v 0.061035 -0.044922 -0.011719
v 0.177734 0.093750 0.047974
v 0.177734 0.093750 0.047974
v 0.120605 -0.006073 -0.046997
v 0.124023 -0.011475 -0.046997
v 0.118653 0.004547 -0.045288
v 0.127929 -0.001098 -0.045288
v -0.245117 0.145508 0.042603
v -0.243164 0.130859 0.042603
v -0.245117 0.145508 0.042603
v -0.250000 0.125000 0.041870
v -0.250000 0.125000 0.041870
v 0.055664 -0.013916 -0.014832
v 0.055664 -0.013916 -0.014832
v 0.058105 -0.014404 -0.017090
v 0.132812 0.107422 0.047729
v 0.172852 -0.065918 -0.051147
v 0.203125 -0.086426 -0.051147
v 0.172852 -0.084472 -0.051636
v 0.172852 -0.065918 -0.051147
v 0.172852 -0.063965 -0.050903
v 0.242188 -0.065430 -0.051147
v 0.172852 -0.065918 -0.051147
v 0.203125 -0.086426 -0.051147
v 0.172852 -0.065918 -0.051147
v 0.172852 -0.084472 -0.051636
v -0.180664 -0.066406 -0.051147
v -0.081543 0.076172 0.041870
v -0.069824 0.082031 0.042358
v -0.081543 0.076172 0.041870
v 0.085938 -0.046875 0.043823
v 0.097656 -0.023926 0.043823
v 0.084961 -0.054199 0.042114
v 0.092773 -0.048340 0.043579
v 0.077637 -0.050293 0.042358
v 0.249023 0.105469 -0.043335
v 0.117676 0.007873 0.025635
v 0.125977 0.002259 0.022339
v 0.108887 0.014404 0.021118
v -0.175781 0.250000 -0.043823
v -0.182617 0.245117 -0.043823
v -0.183594 0.247071 -0.043823
v -0.166992 -0.248047 0.048950
v 0.137696 -0.032959 0.045044
v 0.133789 -0.041015 0.044800
v 0.139648 -0.034180 0.041870
v 0.134766 -0.031983 0.045532
v -0.049560 0.101074 -0.041382
v 0.113281 -0.059326 -0.025147
v -0.194336 -0.065918 0.042603
v -0.185547 -0.065430 0.043091
v -0.188477 0.100586 0.042847
v -0.194336 -0.065918 0.042603
v -0.194336 0.100586 0.042114
v -0.194336 -0.065918 0.042603
v -0.194336 0.100586 0.042114
v -0.195312 -0.065430 0.042114
v 0.043213 0.114746 -0.048218
v 0.039306 0.109863 -0.048218
v 0.128906 -0.051025 0.041138
v 0.129883 -0.049805 0.027466
v 0.135742 -0.043457 0.041626
v 0.128906 -0.047851 0.044800
v 0.122558 -0.054931 0.027222
v 0.121582 -0.055420 0.040894
v -0.121582 0.083985 -0.043091
v -0.109863 0.079102 -0.043091
v -0.121582 0.082520 -0.042603
v 0.082520 -0.059326 -0.032349
v 0.140625 -0.013733 0.016479
v 0.127929 0.004730 0.019653
v 0.135742 -0.003891 0.020019
v 0.132812 -0.041992 -0.008789
v 0.131836 -0.047608 -0.010620
v 0.136719 -0.033448 -0.009277
v 0.126953 -0.049073 -0.008972
v 0.126953 -0.049073 -0.008972
v -0.185547 0.122558 0.048218
v -0.172852 0.096192 0.047974
v 0.056153 -0.035156 -0.015076
v 0.058838 -0.034668 -0.017090
v 0.116211 0.092285 0.042358
v -0.050049 0.104980 0.042358
v 0.025512 0.088379 0.042603
v 0.038086 0.096680 0.042603
v 0.239258 0.117188 -0.046753
v 0.241211 0.125977 -0.046997
v 0.241211 0.125977 -0.043091
v 0.092285 -0.061524 -0.003418
v 0.092285 -0.061767 -0.000900
v -0.184571 0.091308 -0.048218
v 0.097656 0.014038 -0.016357
v 0.098633 0.017212 -0.014648
v 0.141602 -0.023926 0.016602
v 0.136719 -0.033448 0.014648
v 0.086914 0.012512 -0.027222
v 0.077637 0.008301 -0.027588
v 0.076660 0.010742 -0.025635
v 0.076660 0.010742 -0.025635
v 0.196289 0.236328 0.043579
v 0.247071 0.145508 0.042847
v 0.248047 0.147461 0.042847
v 0.193359 0.241211 0.043579
v 0.194336 0.235352 0.043091
v 0.247071 0.145508 0.042847
v 0.124023 -0.046631 -0.043823
v -0.167969 -0.063477 0.040649
v -0.166992 0.100097 -0.041626
v 0.060791 -0.014344 -0.048706
v 0.057129 -0.013672 -0.047974
v 0.127929 0.099121 0.042358
v 0.168946 -0.250000 0.048462
v 0.208008 -0.250000 -0.049439
v 0.208008 -0.250000 0.048706
v -0.093262 0.077148 0.042603
v -0.093262 0.074707 0.042114
v -0.081055 0.075195 0.040649
v -0.068360 0.081055 0.040894
v 0.061280 -0.038574 0.021851
v 0.141602 0.102051 -0.042603
v 0.102051 0.010681 0.046509
v 0.085938 0.007996 0.041138
v -0.248047 0.146484 -0.042603
v -0.192383 0.239258 -0.042603
v -0.248047 0.146484 -0.043335
v -0.249023 0.146484 0.040894
v -0.248047 0.146484 -0.043335
v 0.068360 0.081543 -0.042358
v 0.067871 0.080567 -0.041138
v 0.055664 0.090820 -0.041138
v 0.081055 0.075683 -0.042358
v 0.134766 -0.024048 0.041138
v 0.132812 -0.031983 0.045288
v 0.134766 -0.024048 0.041138
v -0.142578 0.101074 -0.041382
v -0.142578 0.100586 0.041138
v -0.142578 0.100586 0.041138
v -0.142578 0.101074 -0.041382
v -0.132812 0.090332 -0.041382
v -0.132812 0.090820 0.041382
v 0.082031 0.010620 -0.048462
v 0.086914 0.009643 -0.048950
v 0.085938 0.008240 -0.048706
v 0.191406 0.240234 0.043091
v 0.180664 0.220703 0.042847
v 0.185547 0.245117 0.043335
v 0.111817 -0.060302 -0.021484
v 0.059082 -0.034912 -0.020508
v 0.062256 -0.034424 0.045288
v 0.172852 0.077148 -0.042358
v 0.175781 0.075195 -0.041382
v 0.174804 0.075195 0.041138
v 0.161133 0.081055 -0.041138
v -0.236328 0.142578 -0.049194
v -0.238281 0.134766 -0.049439
v -0.236328 0.142578 -0.049194
v -0.185547 0.227539 -0.048462
v -0.183594 0.226562 -0.048706
v -0.168946 0.181641 -0.048462
v -0.238281 0.134766 -0.049439
v 0.055176 -0.014648 0.041382
v 0.057617 -0.007996 0.039185
v 0.055176 -0.014465 0.032593
v 0.057617 -0.007996 0.039185
v 0.152344 0.222656 -0.043579
v 0.127929 -0.047851 0.001183
v 0.133789 -0.041260 0.001663
v 0.133789 -0.041992 0.004730
v 0.127929 -0.047851 0.001183
v 0.103515 -0.061767 -0.014160
v 0.226562 0.086426 0.042847
v 0.097656 -0.024414 -0.043579
v 0.129883 -0.040039 -0.044067
v 0.063477 -0.042480 -0.030518
v 0.060547 -0.043213 -0.031616
v 0.087403 0.089844 0.041626
v -0.053222 0.184571 0.047974
v -0.053222 0.184571 0.047974
v 0.094727 0.130859 0.046997
v -0.053222 0.184571 0.047974
v 0.094727 0.130859 0.046997
v -0.053222 0.184571 0.047974
v -0.167969 0.181641 0.047974
v -0.091797 0.122558 0.047241
v 0.062500 -0.005859 0.003784
v 0.058594 -0.014953 0.003723
v 0.069336 0.002320 0.000336
v 0.055908 -0.013916 0.005493
v 0.060059 -0.004761 0.005432
v 0.223633 0.101074 -0.049194
v 0.102539 -0.056640 0.042358
v 0.099610 -0.049316 0.044067
v 0.093262 -0.056640 0.041870
v 0.099610 -0.049316 0.044067
v -0.240234 0.094727 -0.041870
v -0.239258 0.093750 0.040649
v -0.240234 0.094727 -0.041870
v -0.239258 0.095703 -0.044067
v -0.240234 0.094727 -0.041870
v -0.239258 0.093750 0.040649
v -0.239258 0.095703 -0.044067
v -0.229492 0.086426 -0.042358
v -0.228516 0.084961 0.040405
v 0.053222 0.108398 0.041870
v 0.062011 0.099610 0.045044
v 0.053222 0.108398 0.041870
v 0.062500 0.100097 0.042114
v 0.062011 0.099610 0.045044
v 0.130859 -0.049560 -0.025147
v 0.135742 -0.042969 -0.025269
v 0.122070 -0.055664 -0.022583
v -0.103028 0.077637 0.042358
v -0.110840 0.079102 0.042603
v -0.105957 0.075195 0.041626
v 0.082031 -0.056640 0.011536
v 0.081055 -0.059082 0.009277
v -0.182617 0.245117 -0.043823
v -0.188477 0.241211 -0.043579
v -0.183594 0.247071 -0.043823
v -0.181641 0.221679 -0.043823
v 0.109375 0.015076 -0.004395
v 0.108887 0.015259 -0.000649
v 0.243164 -0.063965 0.048950
v 0.243164 -0.062988 -0.048706
v 0.241211 -0.062988 0.048462
v 0.243164 -0.063965 0.048950
v 0.244141 -0.064942 -0.048462
v 0.243164 -0.062988 -0.048706
v 0.243164 -0.063965 0.048950
v 0.243164 -0.063965 0.050415
v 0.243164 -0.063965 0.048950
v 0.241211 -0.062988 0.048462
v 0.244141 -0.064942 -0.048462
v 0.110352 -0.055420 -0.045044
v 0.102539 -0.057373 -0.045288
v 0.097168 -0.050293 -0.046753
v 0.105957 -0.049316 -0.046753
v 0.118164 -0.052246 -0.045532
v -0.190429 0.090332 0.042114
v -0.204102 -0.093750 -0.048950
v -0.204102 -0.093750 -0.048950
v -0.204102 -0.218750 0.049194
v -0.204102 -0.093262 0.049438
v -0.206054 -0.092285 0.049438
v 0.083008 0.091308 0.046509
v 0.093750 0.089844 0.046753
v 0.141602 -0.023926 -0.031616
v -0.133789 0.093262 0.042847
v -0.059570 0.092773 0.042603
v 0.069336 -0.016724 0.043823
v 0.072265 -0.010498 0.044067
v 0.061524 -0.014588 0.042358
v 0.068360 -0.023316 0.044311
v 0.065430 -0.006714 0.042114
v 0.250000 0.115722 -0.041870
v 0.250000 0.115722 0.040649
v 0.250000 0.104492 -0.042114
v 0.250000 0.115722 -0.041870
v 0.119140 -0.055908 0.009949
v 0.110352 -0.060302 0.009644
v 0.122558 -0.055176 0.006226
v 0.077148 0.010925 -0.001022
v 0.176758 0.239258 -0.047485
v 0.170898 0.237304 -0.047730
v 0.171875 0.239258 -0.047485
v 0.175781 0.239258 -0.046021
v 0.195312 -0.064942 0.043579
v 0.200196 0.100097 0.042358
v 0.067383 -0.048340 -0.047974
v 0.067383 -0.048340 -0.047974
v 0.066406 -0.049316 -0.046265
v 0.059815 -0.042236 -0.046265
v 0.107422 0.012451 -0.016602
v -0.240234 0.125000 0.045776
v -0.242188 -0.066406 0.048950
v -0.243164 -0.064453 -0.048706
v 0.054931 0.110840 0.047729
v -0.000912 0.123535 0.047241
v 0.094727 0.130859 0.046997
v 0.047851 0.122558 0.047241
v 0.054931 0.110840 0.047729
v 0.190429 0.073730 -0.042603
v 0.190429 0.077148 -0.042847
v 0.190429 0.077148 -0.042847
v 0.201172 0.077637 -0.043091
v 0.132812 -0.005158 0.005005
v 0.133789 -0.006378 0.001320
v 0.132812 -0.005158 0.005005
v 0.132812 -0.005158 0.005005
v 0.128906 0.004273 0.006866
v 0.135742 -0.004303 0.006470
v 0.132812 -0.005158 0.005005
v -0.168946 0.181641 -0.048462
v 0.060302 -0.044190 0.009033
v 0.055664 -0.034912 0.008789
v 0.056153 -0.034668 0.005280
v 0.063477 -0.043945 0.010925
v 0.107422 0.078613 -0.042847
v 0.139648 -0.013855 0.026978
v 0.137696 -0.014344 0.045288
v -0.024292 0.093262 -0.042358
v 0.062256 -0.032226 -0.044067
v 0.065918 -0.039795 -0.044067
v 0.060547 -0.023559 -0.044312
v 0.233398 0.107910 0.046020
v 0.224609 0.099121 0.045776
v 0.224609 0.099121 0.043091
v 0.233398 0.107422 0.042847
v 0.107910 0.012268 0.012451
v 0.107910 0.012268 0.012451
v 0.250000 0.135742 -0.043335
v 0.130859 -0.040039 0.045532
v -0.151367 0.090820 -0.041626
v -0.142578 0.100586 0.041138
v 0.208008 -0.091797 0.049194
v 0.206054 -0.093262 -0.049194
v 0.147461 0.108887 0.042358
v -0.184571 0.249023 -0.042114
v -0.189453 0.243164 0.041626
v -0.184571 0.249023 -0.042114
v -0.189453 0.244141 -0.042603
v 0.057617 0.092285 -0.042847
v 0.047119 0.102051 -0.042358
v 0.128906 0.004273 0.006866
v 0.119140 0.010376 0.010559
v 0.135742 -0.004303 0.006470
v -0.198242 0.077148 0.042847
v 0.064453 -0.006775 -0.045288
v 0.064453 -0.006775 -0.045288
v 0.178711 0.248047 0.043091
v 0.153321 0.221679 0.042603
v 0.149414 0.137696 0.042847
v 0.243164 -0.091797 0.049194
v 0.243164 -0.066406 0.048706
v 0.010376 0.089355 0.045044
v -0.001678 0.088867 0.041870
v 0.010071 0.089355 0.041626
v 0.021606 0.093262 0.045044
v 0.079590 -0.058350 0.005646
v 0.090820 -0.061524 0.006103
v 0.092285 -0.062011 0.009460
v 0.173828 0.078613 -0.042847
v 0.181641 0.077637 -0.042847
v 0.181641 0.077637 -0.042847
v 0.180664 0.075683 -0.042603
v 0.180664 0.075683 -0.042603
v 0.097656 -0.023926 0.043823
v 0.114258 -0.045166 0.044311
v 0.097656 -0.023926 0.043823
v 0.170898 -0.216797 0.050659
v 0.174804 -0.083985 0.050903
v -0.168946 -0.215821 0.050659
v 0.170898 -0.216797 0.050659
v -0.168946 -0.215821 0.050659
v 0.168946 -0.217773 0.050171
v -0.107422 0.074707 -0.040894
v -0.108398 0.076172 -0.042603
v -0.169922 0.238281 0.043091
v -0.176758 0.236328 0.043335
v -0.183594 0.231446 0.045776
v -0.167969 -0.216797 -0.050659
v 0.170898 -0.216797 -0.050659
v 0.167969 -0.217773 -0.050659
v -0.170898 -0.216797 -0.050903
v -0.167969 -0.216797 -0.050659
v -0.170898 -0.216797 -0.050903
v 0.170898 -0.216797 -0.050659
v 0.092773 0.072754 0.040405
v -0.049560 0.102539 0.041870
v -0.049560 0.102539 0.041870
v -0.049073 0.100586 0.041138
v -0.041015 0.090820 0.040894
v 0.188477 0.247071 0.041870
v -0.242188 0.101074 -0.044312
v -0.242188 -0.089355 -0.048950
v -0.243164 -0.089355 0.048462
v 0.021118 0.094238 0.046753
v -0.170898 0.250000 0.042847
v 0.173828 0.249023 0.043335
v 0.174804 0.250000 0.043091
v -0.170898 0.250000 0.042847
v 0.122558 -0.054931 0.027222
v 0.121582 -0.055420 0.040894
v 0.118653 0.011048 0.006988
v 0.094238 0.009826 -0.044067
v 0.071289 -0.046386 -0.044067
v 0.097656 -0.024414 -0.043579
v 0.110352 0.007873 -0.044556
v 0.062256 -0.015198 -0.044067
v 0.102539 0.010193 -0.044067
v 0.134766 -0.016479 -0.044067
v 0.097656 -0.024414 -0.043579
v 0.094238 0.009826 -0.044067
v 0.129883 -0.040039 -0.044067
v -0.180664 -0.066406 -0.051147
v 0.172852 -0.084472 -0.051636
v -0.181641 -0.084472 -0.051392
v 0.062988 0.101074 0.046753
v 0.053711 0.109863 0.046753
v 0.167969 -0.250000 -0.048950
v 0.126953 0.001785 0.026367
v 0.119140 0.010620 0.027466
v 0.126953 0.001785 0.026367
v 0.127929 0.004364 0.027466
v -0.167969 -0.217773 0.050171
v -0.166992 -0.217773 0.048218
v 0.168946 -0.217773 0.050171
v -0.168946 -0.215821 0.050659
v -0.024292 0.094727 -0.047485
v -0.250000 0.114746 0.042114
v 0.170898 0.239258 -0.043335
v 0.170898 0.240234 -0.045776
v -0.166016 0.240234 -0.043335
v 0.170898 0.239258 -0.043335
v 0.170898 0.240234 -0.045776
v 0.055664 -0.033935 -0.046265
v 0.118164 0.081055 0.042603
v 0.020630 0.096192 0.047729
v 0.031494 0.102051 0.047485
v 0.020630 0.096192 0.047729
v 0.009522 0.092285 0.047485
v 0.062500 -0.006012 0.025879
v 0.057617 -0.015442 0.025757
v 0.104004 -0.059570 0.044556
v -0.203125 0.074219 -0.041626
v -0.204102 0.074219 0.040649
v -0.214844 0.077637 -0.041870
v -0.205078 -0.250000 0.048950
v -0.205078 -0.250000 -0.049194
v 0.132812 -0.031983 0.045288
v 0.133789 -0.031494 0.041382
v 0.133789 -0.031494 0.041382
v -0.074707 0.093750 -0.042847
v -0.084961 0.090820 -0.045776
v -0.074219 0.093750 -0.045776
v 0.250000 0.135742 0.042847
v 0.113770 -0.056396 -0.008972
v 0.113770 -0.056396 -0.005707
v 0.206054 -0.091797 -0.051147
v 0.206054 -0.218750 -0.050415
v 0.203125 -0.086426 -0.051147
v -0.029419 0.080567 0.040405
v 0.058105 -0.029663 0.021973
v 0.057129 -0.024903 0.025391
v 0.059570 -0.034912 0.025146
v -0.195312 -0.065430 0.042114
v -0.194336 0.100586 0.042114
v -0.197266 0.099610 0.040405
v -0.195312 -0.065430 0.042114
v -0.197266 0.099610 0.040405
v -0.196289 -0.065430 0.040894
v 0.122558 -0.054931 0.027222
v -0.121582 0.081055 -0.041138
v -0.185547 0.227539 0.046020
v 0.070801 -0.053467 -0.004761
v 0.071289 -0.053467 -0.001770
v 0.081055 -0.058838 -0.001122
v 0.099610 0.013855 0.045776
v 0.241211 -0.062988 0.048462
v -0.013427 0.090332 0.041870
v 0.077637 0.005524 0.042114
v 0.071289 0.000078 0.042358
v 0.076660 -0.005158 0.043823
v 0.192383 0.225586 -0.043335
v 0.192383 0.225586 -0.043335
v 0.239258 0.144531 -0.043579
v 0.108398 0.012512 -0.005768
v 0.098145 0.016846 -0.000368
v 0.109375 0.015076 -0.004395
v 0.081543 -0.056396 -0.019775
v 0.247071 0.106445 0.042603
v 0.166992 -0.249023 -0.050659
v 0.064942 -0.006256 -0.048950
v 0.061767 -0.004455 -0.048218
v 0.064942 -0.006256 -0.048950
v 0.060791 -0.014344 -0.048706
v 0.174804 0.250000 0.043091
v 0.174804 0.250000 0.041382
v 0.197266 0.100097 -0.044067
v 0.196289 -0.064942 -0.043823
v 0.074707 -0.055908 0.019409
v 0.066895 -0.050537 0.019287
v 0.067871 -0.051025 0.015747
v 0.062988 -0.043457 0.014038
v 0.066895 -0.050537 0.019287
v 0.072265 -0.010498 0.044067
v 0.126953 -0.029663 0.044311
v 0.107910 -0.048095 0.044067
v -0.250000 0.124023 -0.043579
v 0.067871 0.080078 0.040405
v 0.067871 0.080567 -0.041138
v 0.080078 0.074707 0.040161
v 0.067871 0.080078 0.040405
v 0.067871 0.080078 0.040405
v 0.056153 0.090332 0.040894
v 0.055664 0.090820 -0.041138
v 0.137696 -0.014771 0.004578
v 0.133789 -0.006378 0.001320
v -0.129883 0.103028 0.047241
v -0.195312 0.100586 -0.043335
v -0.188477 -0.065430 -0.044312
v -0.195312 -0.065430 -0.043335
v -0.195312 0.100586 -0.043335
v -0.188477 0.100586 -0.044312
v -0.188477 -0.065430 -0.044312
v -0.195312 0.100586 -0.043335
v -0.195312 -0.065430 -0.043335
v -0.196289 0.101074 -0.042603
v 0.054199 -0.024658 0.026733
v 0.156250 0.100097 -0.046265
v 0.207031 -0.217773 0.048950
v 0.207031 -0.218750 -0.048950
v 0.206054 -0.092773 0.048950
v 0.012939 0.078613 -0.042847
v 0.024903 0.086914 -0.043091
v 0.011963 0.076172 -0.042603
v 0.177734 0.093750 0.047974
v 0.166016 0.098145 0.048218
v 0.189453 0.092285 0.047974
v 0.189453 0.092285 0.047974
v 0.110352 0.007873 -0.044556
v -0.248047 0.145508 0.041626
v -0.188477 -0.065430 -0.044312
v -0.188477 0.100586 -0.044312
v -0.170898 -0.064453 -0.043579
v 0.062988 0.101074 0.046753
v -0.094238 0.073242 0.040649
v -0.093750 0.073730 -0.040894
v -0.094238 0.073242 0.040649
v -0.108398 0.074707 0.040405
v -0.107422 0.074707 -0.040894
v -0.094238 0.073242 0.040649
v -0.107422 0.074707 -0.040894
v -0.093750 0.073730 -0.040894
v 0.216797 0.077148 -0.041382
v 0.227539 0.082031 0.041626
v 0.215821 0.077148 0.041382
v 0.216797 0.077148 -0.041382
v 0.228516 0.082031 -0.041626
v 0.227539 0.082031 0.041626
v 0.139648 -0.034180 0.016724
v 0.133789 -0.041748 0.014893
v 0.136719 -0.033448 0.014648
v 0.055664 -0.034180 0.020019
v 0.058105 -0.029663 0.021973
v 0.053955 -0.023804 0.019287
v 0.134766 -0.005493 0.045532
v 0.137696 -0.014344 0.045288
v 0.125000 -0.000137 0.045776
v 0.127929 0.001946 0.045776
v 0.125000 -0.000137 0.045776
v -0.157227 0.194336 -0.042603
v -0.045166 0.119629 -0.042603
v 0.062500 -0.014892 -0.048706
v 0.062500 -0.014892 -0.048706
v 0.062256 -0.015198 -0.044067
v 0.062256 -0.015198 -0.044067
v 0.147461 0.107910 0.045288
v 0.142578 0.118164 0.042358
v -0.238281 0.093750 0.041870
v -0.235352 0.094238 0.042847
v 0.083008 -0.059815 0.020019
v 0.074707 -0.055908 0.019409
v 0.083008 -0.059815 0.020019
v -0.196289 0.101074 -0.042603
v -0.197266 0.100097 -0.041382
v -0.197266 0.099610 0.040405
v -0.196289 0.101074 -0.042603
v -0.197266 0.099610 0.040405
v -0.194336 0.100586 0.042114
v 0.116699 0.093262 -0.045776
v 0.127929 0.099610 -0.042847
v 0.058838 -0.014953 -0.027832
v 0.056153 -0.013794 -0.026367
v -0.223633 0.082031 -0.042358
v -0.166992 -0.217773 0.048218
v -0.074707 0.093750 0.041870
v -0.063965 0.100097 0.042114
v -0.074707 0.093750 0.041870
v 0.249023 0.147461 -0.043335
v 0.248047 0.147461 -0.043335
v 0.195312 0.234375 -0.042847
v 0.250000 0.135742 -0.043335
v 0.249023 0.147461 -0.043335
v 0.119629 -0.053467 0.000641
v 0.127929 -0.047851 0.001183
v 0.127929 -0.047851 0.001183
v 0.053955 -0.024414 0.008972
v 0.059082 -0.034912 0.010986
v 0.057129 -0.025269 0.010925
v 0.055420 -0.013977 0.008789
v 0.059082 -0.034912 0.010986
v 0.127929 0.101562 -0.048462
v 0.093750 0.122070 -0.047730
v 0.060547 -0.043213 -0.031616
v 0.151367 0.093262 0.042847
v 0.142578 0.106933 0.042847
v 0.113281 -0.059326 -0.025147
v 0.113281 -0.059326 -0.025147
v 0.025512 0.088379 0.042603
v 0.035645 0.091797 0.042603
v -0.181641 -0.062988 0.048462
v 0.172852 -0.063477 0.048706
v 0.172852 -0.062988 -0.049194
v -0.181641 -0.062988 0.048462
v -0.180664 -0.064453 0.050171
v 0.172852 -0.063477 0.048706
v 0.053711 0.108398 -0.045532
v 0.053711 0.108398 -0.042358
v -0.166016 0.240234 0.045288
v -0.165039 0.240234 0.043091
v -0.166992 -0.247071 -0.050903
v 0.134766 -0.043945 -0.013855
v 0.139648 -0.034668 -0.010498
v -0.034912 0.101074 0.046753
v -0.035645 0.099610 0.045288
v -0.024292 0.092773 0.044800
v -0.234375 0.093262 -0.044067
v -0.129883 0.104004 -0.048462
v -0.093262 0.121582 -0.047974
v -0.120117 0.097656 -0.048462
v -0.129883 0.104004 -0.048462
v -0.120117 0.097656 -0.048462
v 0.077637 0.008362 -0.016846
v 0.237304 0.142578 0.048218
v 0.191406 0.224609 0.047974
v 0.243164 -0.091797 -0.048706
v 0.241211 -0.091308 -0.051392
v 0.058838 -0.034424 0.013916
v 0.059082 -0.034912 0.010986
v 0.178711 0.091797 -0.047974
v 0.103028 0.010742 0.042358
v 0.103028 0.010742 0.042358
v 0.100586 0.003266 0.044067
v 0.110840 0.008667 0.042603
v -0.166016 0.240234 -0.043335
v 0.172852 -0.064453 0.050415
v 0.173828 -0.066406 0.051147
v 0.241211 -0.063965 0.050903
v 0.172852 -0.064453 0.050415
v 0.241211 -0.062988 0.048462
v 0.172852 -0.063477 0.048706
v 0.172852 -0.064453 0.050415
v 0.172852 -0.063477 0.048706
v -0.180664 -0.064453 0.050171
v 0.172852 -0.064453 0.050415
v -0.058105 0.090332 -0.041138
v -0.058105 0.090332 -0.041138
v -0.049560 0.101074 -0.041382
v -0.049073 0.100586 0.041138
v 0.235352 0.087890 0.041382
v 0.227539 0.082031 0.041626
v 0.228516 0.082031 -0.041626
v 0.138672 -0.024048 -0.016480
v 0.112305 -0.059570 0.020264
v -0.216797 0.079590 -0.043335
v 0.167969 -0.217773 -0.050659
v 0.167969 -0.217773 -0.050659
v 0.061524 -0.045410 -0.001778
v 0.113770 -0.056396 -0.008972
v -0.222656 0.102051 0.047974
v -0.231446 0.109863 0.047974
v 0.073242 0.093262 0.041626
v -0.165039 0.239258 0.047729
v 0.170898 0.239258 0.047241
v -0.166016 0.240234 0.045288
v -0.174804 0.076172 0.041138
v -0.175781 0.076172 -0.041382
v -0.162109 0.082031 0.040894
v -0.174804 0.076172 0.041138
v 0.171875 -0.064942 0.042847
v 0.172852 0.100097 0.042847
v 0.169922 -0.064942 0.041870
v 0.128906 0.003266 0.042847
v 0.088379 -0.048828 -0.046753
v 0.082031 -0.045410 -0.046753
v 0.084472 -0.054931 -0.045288
v 0.097168 -0.050293 -0.046753
v 0.088379 -0.048828 -0.046753
v 0.093262 -0.057129 -0.045288
v 0.093262 -0.057129 -0.045288
v -0.250000 0.125000 0.042358
v -0.243164 -0.066895 -0.048706
v 0.127929 -0.048584 0.004089
v 0.054688 -0.025024 -0.005127
v 0.106445 0.093262 -0.048218
v -0.049316 0.118164 -0.042358
v 0.142578 0.106933 0.042847
v 0.149414 0.137696 0.042847
v 0.087403 0.015320 -0.000727
v 0.078125 0.008362 0.000679
v 0.087890 0.012146 0.000984
v 0.087403 0.015320 -0.000727
v 0.087403 0.015320 -0.000727
v 0.077148 0.010925 -0.001022
v 0.078125 0.008362 0.000679
v 0.137696 -0.023926 -0.030396
v 0.077148 0.010376 0.016235
v 0.071778 -0.051514 -0.017212
v 0.063477 -0.043945 -0.017334
v 0.094238 0.009826 -0.044067
v -0.202148 -0.218750 0.051392
v -0.202148 -0.218750 0.051392
v -0.204102 -0.091308 0.050659
v -0.204102 -0.218750 0.050659
v 0.080567 0.074707 -0.040649
v 0.080078 0.074707 0.040161
v 0.169922 -0.218750 -0.050659
v 0.173828 0.249023 0.043335
v 0.244141 -0.064942 -0.048462
v 0.010132 0.090332 0.046997
v 0.021118 0.094238 0.046753
v 0.178711 0.090332 -0.042603
v 0.178711 0.089844 -0.046265
v 0.174804 -0.083985 0.050903
v 0.174804 -0.083985 0.050903
v 0.173828 -0.066406 0.051147
v -0.181641 -0.084961 0.051147
v 0.135742 -0.003586 -0.013916
v -0.049560 0.101074 -0.041382
v 0.087403 0.015625 -0.031616
v 0.134766 -0.031983 0.042847
v 0.248047 0.147461 0.042847
v 0.203125 -0.086426 -0.051147
v 0.012451 0.074219 0.040894
v 0.012451 0.074219 0.040894
v 0.070801 -0.045410 0.042603
v 0.061524 -0.002334 0.026855
v -0.169922 0.250000 -0.043823
v 0.059815 -0.042236 -0.046265
v 0.135742 -0.003586 -0.013916
v 0.083496 -0.057373 0.021362
v 0.074219 -0.052979 0.021728
v -0.190429 0.237304 -0.044067
v 0.109375 0.015015 -0.010620
v 0.098633 0.016724 -0.010498
v -0.002975 0.089844 -0.047241
v 0.068847 0.002395 -0.027832
v 0.190429 0.229492 0.045776
v -0.240234 -0.093262 -0.048950
v 0.076660 -0.005158 0.043823
v 0.071289 0.000078 0.042358
v 0.058350 -0.015259 0.011047
v 0.067383 -0.050293 -0.031616
v 0.060547 -0.043213 -0.031616
v 0.066406 -0.049316 -0.046265
v 0.009522 0.090332 -0.047485
v -0.170898 -0.064453 -0.043579
v 0.083008 0.093750 0.047241
v 0.092773 0.092285 0.047485
v -0.176758 -0.195312 -0.050903
v 0.172852 -0.084472 -0.051636
v 0.092773 0.074219 -0.042603
v 0.138672 -0.023926 0.045288
v 0.193359 0.242188 -0.041626
v -0.167969 -0.063477 0.040649
v -0.167969 -0.063477 -0.041626
v -0.166992 0.100097 -0.041626
v 0.242188 -0.062256 -0.048706
v 0.172852 -0.062988 -0.049194
v 0.172852 -0.063477 0.048706
v 0.242188 -0.062256 -0.048706
v 0.172852 -0.063477 0.048706
v 0.241211 -0.062988 0.048462
v 0.174804 0.100097 -0.044067
v 0.206054 -0.093262 -0.049194
v 0.206054 -0.093262 -0.049194
v 0.206054 -0.092773 0.048950
v 0.207031 -0.218750 -0.048950
v 0.166992 0.094727 -0.047485
v 0.202148 0.090820 0.047485
v 0.109375 0.009887 -0.048706
v -0.183594 0.248047 0.041870
v -0.184571 0.249023 -0.042114
v 0.242188 0.135742 -0.043335
v 0.242188 0.135742 -0.043335
v 0.095215 0.092285 -0.047974
v -0.055176 0.108887 -0.042603
v 0.173828 -0.065430 -0.044067
v 0.172852 0.100586 -0.043579
v 0.193359 0.242188 0.042114
v 0.113770 -0.056153 0.026367
v 0.177734 0.090332 0.042114
v -0.185547 0.227539 0.046020
v -0.166992 0.101074 -0.042603
v -0.166992 0.101074 0.041626
v -0.166992 0.100097 -0.041626
v -0.166992 0.101074 -0.042603
v -0.166992 0.100097 -0.041626
v -0.167969 -0.063477 -0.041626
v -0.093262 0.121582 -0.047974
v -0.164062 0.238281 -0.048462
v 0.171875 0.239258 -0.047485
v 0.170898 0.237304 -0.047730
v 0.059082 -0.015320 -0.006928
v 0.062988 -0.006195 -0.006866
v 0.095215 0.092285 -0.047974
v 0.083985 0.093750 -0.047974
v 0.125977 0.000154 -0.048218
v -0.055176 0.107910 0.042114
v 0.208984 0.079102 -0.043335
v -0.196289 -0.064942 -0.041626
v -0.196289 -0.064942 -0.041626
v -0.197266 0.099610 0.040405
v -0.197266 0.100097 -0.041382
v 0.080567 0.074707 -0.040649
v -0.167969 0.181641 0.047974
v 0.057373 -0.013366 0.044556
v -0.024536 0.093750 -0.045776
v 0.069336 -0.052246 -0.022095
v 0.063477 0.157227 0.042358
v 0.149414 0.137696 0.042847
v 0.153321 0.221679 0.042603
v 0.108887 0.015259 -0.000649
v 0.107422 0.012451 -0.016602
v -0.183594 0.231446 0.043335
v -0.185547 0.227539 0.043579
v 0.057617 0.092285 -0.042847
v 0.071778 -0.051514 -0.020142
v -0.035400 0.100097 0.041870
v -0.024292 0.093750 0.041870
v 0.135742 -0.004242 0.016724
v 0.168946 -0.062988 0.040649
v 0.060302 -0.023316 0.042358
v 0.243164 -0.091797 -0.048706
v 0.243164 -0.091797 0.049194
v 0.170898 0.239258 0.047241
v 0.171875 0.100586 0.041138
v 0.169922 -0.064942 0.041870
v 0.172852 0.100097 0.042847
v 0.171875 0.100586 0.041138
v 0.168946 -0.062988 0.040649
v 0.169922 -0.064942 0.041870
v 0.076660 0.010803 0.020752
v 0.076660 0.010803 0.020752
v 0.024903 0.086914 -0.043091
v 0.061280 -0.001968 0.041870
v 0.118164 -0.051025 0.041382
v 0.057129 -0.024903 0.025391
v -0.108398 0.074707 0.040405
v -0.181641 -0.084472 -0.051392
v 0.172852 -0.084472 -0.051636
v -0.176758 -0.195312 -0.050903
v -0.049560 0.101074 -0.041382
v -0.041015 0.090820 -0.041138
v -0.041015 0.090820 0.040894
v 0.094238 0.009399 -0.048218
v -0.041015 0.090820 -0.041138
v 0.208008 -0.250000 -0.049439
v 0.135742 -0.003937 0.027222
v -0.169922 0.237304 -0.048462
v -0.093262 0.121582 -0.047974
v -0.168946 0.181641 -0.048462
v 0.133789 -0.032226 -0.048218
v 0.124850 0.004397 0.006165
v -0.181748 0.100185 -0.005250
v -0.166992 0.101074 0.041626
v -0.181748 0.100185 -0.005250
v -0.195312 0.100586 -0.043335
v -0.196289 0.101074 -0.042603
v -0.181748 0.100185 -0.005250
v -0.194336 0.100586 0.042114
v 0.104860 -0.055996 0.045633
vn -0.2166 0.8873 -0.4072
vn -0.0019 0.8423 0.5391
vn -0.2109 0.7671 0.6059
vn -0.2469 0.8417 -0.4802
vn 0.0295 0.8327 -0.5529
vn -0.1968 0.5790 -0.7912
vn -0.3529 0.7841 -0.5106
vn -0.3818 0.9242 0.0120
vn 0.7599 -0.4514 0.4677
vn 0.8074 -0.2344 0.5415
vn 0.8695 -0.3032 -0.3898
vn 0.7265 -0.4924 -0.4794
vn 0.5958 -0.6506 0.4709
vn 0.6017 -0.7808 0.1680
vn 0.8184 -0.5477 0.1738
vn 0.0101 0.0084 0.9999
vn -0.0019 0.0073 1.0000
vn -0.0009 0.0051 1.0000
vn 0.3038 -0.2395 0.9222
vn 0.0054 0.0118 0.9999
vn -0.5303 -0.4455 0.7213
vn -0.5278 -0.5835 0.6172
vn -0.3659 -0.4353 0.8226
vn 0.0026 0.0230 0.9997
vn -0.4815 -0.4362 0.7602
vn -0.6040 0.6294 0.4888
vn -0.6049 0.6780 0.4176
vn -0.7240 0.4405 0.5309
vn -0.5502 0.7735 0.3144
vn -0.4957 0.6822 0.5374
vn -0.5950 0.6661 -0.4497
vn -0.7424 0.4843 -0.4629
vn -0.0137 -0.0043 -0.9999
vn -0.0110 0.0083 -0.9999
vn -0.0183 -0.0051 -0.9998
vn 0.6778 -0.1070 -0.7275
vn 0.0030 0.0357 -0.9994
vn 0.5737 -0.0228 -0.8187
vn -0.0320 -0.0384 -0.9988
vn 0.0452 -0.1990 0.9790
vn 0.0014 -0.0793 0.9969
vn -0.0016 -0.1064 0.9943
vn 0.0252 -0.2112 0.9771
vn 0.0676 -0.1963 0.9782
vn -0.1405 -0.9870 0.0785
vn -0.2798 -0.9573 0.0732
vn -0.2265 -0.9695 -0.0939
vn 0.0746 -0.9930 -0.0918
vn 0.0275 -0.9990 -0.0338
vn 0.0933 -0.9857 0.1400
vn -0.1019 -0.9944 -0.0272
vn -0.2101 0.0050 0.9777
vn 0.8746 0.0544 0.4817
vn -0.1604 0.0419 0.9862
vn -0.5804 0.2033 0.7885
vn -0.6075 -0.0271 0.7939
vn -0.1558 -0.0522 0.9864
vn 0.7563 -0.6511 -0.0641
vn 0.6389 -0.7509 -0.1673
vn 0.7858 -0.6039 -0.1333
vn 0.6031 -0.7977 -0.0000
vn 0.5129 -0.8533 0.0939
vn 0.8282 0.0056 0.5604
vn -0.0000 0.0019 1.0000
vn 0.0040 -0.0012 1.0000
vn 0.7043 -0.0057 0.7099
vn 0.9994 0.0302 0.0192
vn 0.1617 -0.0019 0.9868
vn 0.6279 -0.0015 0.7783
vn 0.1619 -0.0017 0.9868
vn 0.9984 -0.0001 0.0559
vn 0.8687 -0.0009 0.4953
vn 0.0092 -0.0046 -0.9999
vn -0.0014 -0.0072 -1.0000
vn -0.0108 -0.0146 -0.9998
vn 0.0052 -0.0190 -0.9998
vn 0.0128 -0.0005 -0.9999
vn -0.1828 -0.4781 -0.8591
vn -0.0446 -0.3871 -0.9209
vn -0.6625 -0.4680 -0.5849
vn -0.5890 -0.6226 -0.5153
vn -0.7225 -0.5911 -0.3586
vn -0.8990 -0.4360 -0.0410
vn -0.7709 -0.5866 0.2483
vn -0.6071 -0.6466 -0.4618
vn -0.4857 -0.2571 -0.8355
vn -0.8741 -0.4628 -0.1474
vn -0.8429 -0.2523 -0.4753
vn -0.6760 -0.2422 0.6960
vn -0.4401 -0.7702 0.4616
vn -0.2984 -0.4839 0.8226
vn -0.3153 -0.4341 0.8439
vn -0.5890 -0.7453 0.3124
vn -0.3753 -0.9046 0.2021
vn -0.5090 -0.8605 0.0225
vn -0.3826 -0.9236 -0.0250
vn -0.2899 -0.9159 0.2778
vn -0.1996 -0.6225 0.7567
vn -0.5984 -0.7988 -0.0617
vn -0.1857 -0.9702 -0.1556
vn 0.0072 -0.0201 -0.9998
vn -0.0131 0.0334 -0.9994
vn -0.2224 -0.7628 -0.6071
vn -0.2734 -0.9388 0.2094
vn -0.0797 -0.9821 0.1707
vn 0.0258 -0.9758 -0.2171
vn -0.8000 0.5996 0.0201
vn -0.2792 0.1718 0.9447
vn -0.3709 0.2449 0.8958
vn -0.7992 0.6009 0.0137
vn -0.7999 0.6000 0.0070
vn -0.8539 0.5204 0.0059
vn -0.8535 0.5211 -0.0000
vn -0.8535 0.5211 0.0058
vn -0.7392 0.4485 0.5024
vn -0.8575 0.5146 -0.0000
vn -0.8567 0.5158 -0.0059
vn -0.8575 0.5145 -0.0000
vn -0.7044 0.4479 -0.5507
vn -0.9018 0.4242 0.0827
vn -0.8426 0.5322 0.0821
vn -0.7112 0.5587 -0.4266
vn -0.6363 0.5746 -0.5147
vn -0.7830 0.4940 -0.3779
vn -0.5084 0.2271 -0.8306
vn -0.9243 0.3692 -0.0965
vn -0.8909 0.2234 -0.3954
vn -0.8196 0.2077 0.5339
vn 0.0011 0.0045 1.0000
vn 0.0038 -0.0073 1.0000
vn 0.0038 -0.0072 1.0000
vn -0.0000 0.0045 1.0000
vn -0.0000 -0.2423 0.9702
vn -0.0000 0.0043 1.0000
vn 0.0014 0.2410 0.9705
vn 0.0489 0.1957 0.9794
vn -0.0289 0.0061 0.9996
vn 0.1102 0.6455 0.7557
vn -0.0000 0.0091 1.0000
vn 0.9586 0.0112 -0.2844
vn 0.9014 -0.3908 0.1864
vn 0.2895 -0.0377 0.9564
vn 0.9946 -0.1033 -0.0000
vn 0.1597 -0.9722 0.1709
vn 0.0291 -0.9858 -0.1656
vn 0.2114 -0.9609 -0.1786
vn -0.0044 -0.6085 0.7935
vn -0.0370 -0.9883 0.1481
vn 0.2890 -0.9534 0.0864
vn 0.0951 -0.4695 0.8778
vn 0.0370 0.1918 0.9807
vn -0.0323 0.2023 0.9788
vn -0.0254 -0.0171 0.9995
vn 0.1189 0.1319 0.9841
vn 0.4795 0.8675 0.1321
vn 0.2465 0.9566 0.1556
vn 0.7505 -0.6596 -0.0411
vn 0.7501 -0.6602 -0.0381
vn 0.7524 -0.6586 -0.0088
vn 0.6178 -0.7863 0.0046
vn 0.3027 -0.3075 -0.9021
vn 0.3118 -0.4678 -0.8270
vn 0.6839 -0.7295 0.0043
vn 0.6824 -0.7301 0.0346
vn 0.6825 -0.7299 0.0379
vn 0.9023 0.0344 0.4298
vn 0.8134 -0.0159 -0.5815
vn 0.8469 -0.2142 0.4867
vn 0.8549 -0.2548 0.4518
vn 0.7903 -0.0322 0.6118
vn 0.8574 0.2559 0.4465
vn 0.7316 0.2202 -0.6451
vn 0.0319 0.0051 -0.9995
vn 0.0143 -0.0001 -0.9999
vn 0.4156 -0.3277 -0.8485
vn 0.3223 -0.4679 -0.8229
vn 0.0264 0.0150 -0.9995
vn 0.0110 0.0062 -0.9999
vn -0.7445 -0.5714 -0.3453
vn -0.7270 -0.5878 0.3549
vn -0.8997 -0.4273 -0.0893
vn -0.6671 -0.7059 0.2379
vn -0.6649 -0.5253 -0.5310
vn -0.5452 -0.6986 -0.4634
vn -0.4300 -0.2152 -0.8768
vn -0.5827 -0.2183 -0.7828
vn -0.0084 -0.5213 -0.8533
vn -0.0052 -0.9861 -0.1664
vn -0.0641 -0.9966 0.0527
vn 0.0487 -0.7199 -0.6923
vn -0.0349 -0.0895 -0.9954
vn -0.0243 -0.1000 -0.9947
vn 0.0058 -0.1900 -0.9818
vn -0.1234 -0.8084 -0.5756
vn -0.2968 -0.9407 -0.1644
vn -0.1791 -0.6083 -0.7732
vn 0.9375 0.2369 -0.2550
vn 0.8378 -0.0269 -0.5453
vn 0.9181 0.0370 0.3946
vn 0.3267 0.1564 -0.9321
vn 0.6104 0.4277 -0.6667
vn 0.8392 0.5010 -0.2116
vn 0.4183 0.0888 -0.9040
vn 0.8323 0.2107 0.5127
vn 0.9481 0.3180 0.0055
vn 0.9050 0.4127 -0.1037
vn -0.7364 -0.6523 -0.1792
vn -0.6353 -0.7698 -0.0613
vn -0.8121 -0.5814 0.0503
vn -0.4612 -0.5883 -0.6642
vn -0.5701 -0.7990 -0.1911
vn -0.5030 -0.7851 -0.3614
vn -0.5633 -0.3942 -0.7262
vn -0.2339 -0.0385 -0.9715
vn -0.2339 -0.0384 -0.9715
vn -0.2267 -0.0689 -0.9715
vn -0.1943 -0.0412 -0.9801
vn -0.2425 -0.0000 -0.9701
vn -0.2424 0.0029 0.9702
vn -0.0326 0.0017 0.9995
vn -0.0271 0.0009 0.9996
vn 0.0001 -0.0001 1.0000
vn -0.0000 -0.0000 1.0000
vn 0.1436 -0.8561 0.4965
vn 0.0206 -0.9974 0.0687
vn 0.1440 -0.9872 0.0681
vn 0.2288 -0.7918 0.5664
vn 0.1510 -0.9113 0.3830
vn 0.2322 -0.8677 0.4395
vn 0.0137 -0.6149 0.7885
vn 0.0217 -0.9976 0.0654
vn -0.1619 -0.9692 0.1858
vn -0.1076 -0.8961 -0.4306
vn -0.0020 -0.0210 0.9998
vn 0.0119 0.0207 0.9997
vn 0.0067 -0.0122 0.9999
vn -0.2538 -0.3646 0.8959
vn -0.2262 -0.5442 0.8079
vn -0.0316 -0.0009 0.9995
vn -0.8686 -0.4955 0.0037
vn -0.5976 -0.8017 0.0080
vn -0.4927 -0.3791 0.7833
vn -0.8681 -0.4963 -0.0025
vn -0.9996 -0.0001 0.0290
vn -0.4337 -0.5523 -0.7119
vn -0.0130 -0.0030 -0.9999
vn -0.2775 -0.5752 -0.7695
vn -0.5514 -0.8138 -0.1834
vn -0.0127 0.0011 -0.9999
vn -0.6805 -0.7199 -0.1367
vn -0.3980 -0.4215 -0.8148
vn -0.5657 0.0515 0.8230
vn -0.3037 0.0328 0.9522
vn -0.8111 0.0395 0.5836
vn -0.0139 -0.0155 0.9998
vn 0.0232 -0.0509 0.9984
vn -0.5767 -0.7208 0.3845
vn -0.0061 -0.7094 0.7048
vn -0.9726 0.0509 0.2269
vn -0.0284 0.0032 0.9996
vn -0.5571 0.7428 -0.3714
vn -0.2458 0.5333 0.8095
vn -0.4761 0.6555 0.5862
vn -0.4873 0.7550 -0.4388
vn -0.5985 0.6556 0.4604
vn -0.3783 0.9256 0.0128
vn -0.2553 0.8630 -0.4360
vn -0.3326 0.8337 -0.4408
vn -0.5945 0.6010 0.5342
vn -0.5018 0.6931 0.5175
vn -0.2248 0.9727 0.0576
vn 0.0250 0.0297 -0.9992
vn -0.0654 -0.0864 -0.9941
vn 0.5274 0.8362 -0.1504
vn 0.3162 0.9428 -0.1056
vn 0.0333 0.0887 -0.9955
vn -0.0833 -0.4966 -0.8640
vn -0.1874 -0.4679 -0.8637
vn 0.2843 -0.9476 0.1458
vn 0.4553 -0.8867 0.0810
vn 0.3442 -0.8998 0.2681
vn 0.1930 -0.9763 0.0979
vn 0.5509 0.7050 0.4466
vn 0.4245 0.5351 0.7304
vn 0.4000 0.7604 0.5117
vn 0.3890 0.7596 -0.5212
vn 0.4463 0.5895 -0.6733
vn 0.3560 0.3000 0.8851
vn 0.6977 0.6127 0.3713
vn 0.7180 0.4655 0.5175
vn 0.7921 0.5139 0.3294
vn 0.7766 0.6167 -0.1284
vn -0.0131 0.0051 0.9999
vn -0.0078 0.0040 1.0000
vn -0.0050 0.0024 1.0000
vn -0.3010 0.1845 0.9356
vn -0.0055 0.0033 1.0000
vn -0.0332 0.0073 0.9994
vn -0.5204 0.3572 0.7756
vn 0.0037 0.0070 1.0000
vn -0.5909 0.3714 0.7162
vn -0.4870 -0.6842 -0.5429
vn -0.6840 -0.6895 0.2381
vn 0.0640 0.9900 -0.1257
vn 0.2448 0.8534 -0.4603
vn 0.1438 0.8522 -0.5030
vn -0.0388 0.5527 -0.8325
vn -0.0283 0.8772 -0.4792
vn -0.0764 0.5383 -0.8393
vn -0.0690 0.9889 0.1315
vn 0.1291 0.9798 0.1529
vn -0.1068 0.9941 0.0212
vn 0.2534 0.9674 0.0030
vn 0.1884 0.6140 -0.7665
vn 0.0065 0.7509 -0.6603
vn 0.2678 0.8554 -0.4434
vn 0.5551 0.5660 -0.6095
vn -0.0033 0.7534 -0.6576
vn 0.0121 0.3235 -0.9462
vn 0.7770 0.2095 -0.5936
vn -0.0005 0.0222 -0.9998
vn 0.0018 0.8683 -0.4961
vn 0.0034 0.3182 -0.9480
vn 0.4494 -0.8931 -0.0188
vn 0.6330 -0.7649 0.1197
vn 0.5718 -0.8036 0.1654
vn 0.4216 -0.8872 0.1873
vn 0.3306 -0.9430 -0.0382
vn -0.1060 0.1474 0.9834
vn -0.2744 0.4303 0.8600
vn -0.3397 0.5155 0.7867
vn -0.0785 0.0385 0.9962
vn -0.4174 0.4598 0.7838
vn -0.1683 0.1471 0.9747
vn 0.3681 -0.8338 0.4115
vn 0.0252 -0.0975 0.9949
vn 0.6425 -0.7206 0.2609
vn 0.5618 -0.8132 0.1518
vn 0.2815 0.4413 -0.8520
vn 0.3294 0.4223 -0.8445
vn -0.0022 0.0292 -0.9996
vn -0.0546 0.0261 -0.9982
vn 0.1511 0.2040 -0.9672
vn 0.6384 0.7684 -0.0453
vn 0.6390 0.7685 -0.0337
vn 0.4260 -0.8762 0.2254
vn 0.5057 -0.7603 0.4076
vn 0.5406 -0.8386 -0.0669
vn 0.4472 -0.8944 -0.0001
vn 0.2342 -0.7998 0.5527
vn 0.1624 -0.9126 0.3753
vn 0.0884 -0.9146 0.3946
vn 0.3707 -0.7766 0.5094
vn 0.2941 -0.9558 0.0041
vn 0.1996 -0.8605 0.4687
vn 0.0123 -0.0008 -0.9999
vn -0.3960 -0.5971 -0.6976
vn -0.1556 -0.1751 -0.9722
vn 0.0045 -0.0160 -0.9999
vn 0.0054 0.0380 -0.9993
vn 0.0097 0.0170 -0.9998
vn -0.1231 -0.1230 -0.9847
vn -0.7196 -0.5841 -0.3755
vn -0.0150 0.0528 -0.9985
vn -0.0016 -0.4177 0.9086
vn -0.0043 -0.3144 0.9493
vn 0.0136 -0.9992 0.0387
vn 0.0141 -0.9997 0.0195
vn -0.2158 -0.5644 0.7968
vn -0.4453 -0.8949 0.0305
vn -0.0530 -0.5294 0.8467
vn -0.0107 -0.0039 0.9999
vn -0.3109 -0.0035 0.9504
vn -0.4471 -0.8942 0.0219
vn -0.4028 -0.9098 -0.1000
vn -0.6245 -0.7807 -0.0220
vn -0.3692 -0.9118 -0.1800
vn -0.2842 -0.9542 0.0938
vn 0.3487 0.4289 0.8333
vn 0.4802 0.6226 0.6179
vn 0.4119 0.3266 0.8507
vn 0.5881 0.7287 -0.3510
vn 0.5599 0.7407 -0.3713
vn 0.5470 0.8278 -0.1249
vn 0.6700 0.6574 -0.3448
vn 0.4385 0.8192 0.3696
vn 0.2513 0.5229 0.8145
vn 0.7904 0.6125 -0.0148
vn 0.8755 0.4501 0.1761
vn 0.7498 0.4242 -0.5078
vn -0.1197 0.6095 -0.7837
vn -0.1864 0.6557 -0.7317
vn -0.1693 0.9594 -0.2257
vn 0.0011 0.8685 -0.4956
vn 0.0003 -0.0019 -1.0000
vn 0.0119 0.0013 -0.9999
vn 0.0003 0.9139 -0.4060
vn 0.0001 0.9806 -0.1961
vn 0.0001 0.9806 -0.1959
vn 0.0021 0.2443 -0.9697
vn -0.3640 0.9277 0.0833
vn -0.5740 0.8155 0.0733
vn -0.4973 0.7276 -0.4725
vn -0.4384 0.6645 -0.6052
vn -0.1677 0.4402 0.8821
vn -0.1288 0.4546 0.8813
vn 0.3593 -0.0189 0.9330
vn 0.1137 0.0593 0.9917
vn 0.0086 -0.0128 0.9999
vn 0.6067 0.1249 0.7851
vn 0.9096 0.1063 0.4016
vn 0.8849 0.4658 0.0017
vn 0.0212 -0.0854 0.9961
vn 0.6342 -0.1387 0.7606
vn -0.0104 0.0313 0.9995
vn 0.8256 0.4576 0.3302
vn 0.4820 -0.8724 -0.0811
vn 0.3141 -0.3998 -0.8611
vn 0.6767 -0.7282 -0.1087
vn 0.4410 -0.8815 0.1688
vn 0.4062 -0.9138 0.0034
vn 0.3104 -0.4287 -0.8485
vn 0.3135 -0.7425 -0.5920
vn 0.2064 -0.9499 -0.2348
vn 0.1562 -0.5302 -0.8333
vn 0.1271 -0.2162 0.9680
vn 0.1197 -0.4099 0.9042
vn 0.5948 -0.8027 0.0439
vn -0.0010 -0.0021 1.0000
vn 0.0472 -0.0809 0.9956
vn -0.0128 -0.0295 0.9995
vn -0.0040 0.0078 1.0000
vn 0.3325 -0.4074 0.8506
vn 0.7773 -0.6271 0.0510
vn 0.3575 -0.3516 0.8652
vn 0.5997 -0.8001 0.0163
vn -0.8820 0.4112 0.2301
vn -0.5160 0.2192 0.8281
vn -0.8055 0.5458 0.2308
vn -0.9236 0.3040 0.2336
vn -0.9747 0.0352 0.2209
vn -0.7310 -0.0119 0.6823
vn -0.8874 0.4285 -0.1699
vn -0.9605 0.2633 -0.0903
vn -0.7281 0.1361 0.6719
vn -0.8449 0.5323 -0.0536
vn 0.2340 0.9067 0.3510
vn 0.2332 0.9580 0.1666
vn 0.2822 0.9407 0.1881
vn 0.1684 0.9264 0.3368
vn 0.1865 0.9591 0.2131
vn 0.8592 -0.4944 -0.1317
vn 0.7765 -0.2812 0.5639
vn 0.7093 -0.4082 0.5747
vn 0.6287 -0.6954 -0.3480
vn 0.5975 -0.7083 -0.3759
vn 0.5222 -0.7602 -0.3864
vn 0.7471 -0.5879 -0.3104
vn 0.5190 -0.3115 -0.7960
vn 0.8856 -0.2962 -0.3577
vn 0.6758 -0.7040 0.2184
vn 0.0539 -0.1238 0.9908
vn 0.0217 -0.0037 0.9998
vn 0.2887 -0.6211 0.7286
vn 0.4268 -0.5345 0.7295
vn 0.0215 -0.0495 0.9985
vn 0.5773 -0.8094 0.1076
vn 0.2311 -0.8459 0.4807
vn 0.4429 -0.8658 0.2330
vn 0.0665 -0.2867 0.9557
vn -0.4714 -0.8023 0.3663
vn -0.5093 -0.7183 0.4739
vn -0.3661 -0.7280 0.5796
vn -0.3372 -0.8161 -0.4693
vn -0.3382 -0.9182 0.2062
vn 0.1623 0.9789 -0.1240
vn 0.0718 0.4994 -0.8634
vn -0.0146 0.9906 -0.1363
vn 0.4024 0.9066 -0.1271
vn 0.4636 0.8733 -0.1497
vn 0.2347 0.4870 -0.8413
vn 0.0596 0.9842 0.1666
vn 0.1479 0.9296 0.3375
vn 0.1574 0.5128 -0.8440
vn 0.4058 0.9103 0.0813
vn -0.0239 0.2633 0.9644
vn -0.0116 0.0346 0.9993
vn -0.0606 0.0237 0.9979
vn -0.0019 -0.0067 1.0000
vn 0.0148 0.0515 0.9986
vn -0.1786 0.2290 0.9569
vn 0.0267 0.2258 0.9738
vn -1.0000 -0.0000 -0.0000
vn -0.9605 -0.0000 -0.2784
vn -0.9255 -0.0105 -0.3786
vn -0.7091 -0.0271 0.7045
vn -0.0068 0.0363 0.9993
vn -0.8296 0.3351 0.4467
vn -0.9992 0.0365 0.0170
vn -0.9022 -0.0381 0.4296
vn -0.0371 -0.0311 0.9988
vn 0.7590 -0.6466 -0.0766
vn 0.6463 -0.7498 -0.1420
vn 0.7802 -0.6120 -0.1292
vn 0.4106 -0.8921 0.1884
vn 0.5841 -0.8103 0.0466
vn 0.6900 -0.6150 0.3817
vn 0.6105 -0.6889 -0.3908
vn 0.6400 -0.4861 -0.5950
vn 0.7716 -0.3294 0.5442
vn 0.8915 -0.3796 -0.2474
vn 0.5239 -0.6852 0.5060
vn 0.7426 -0.3426 0.5755
vn 0.7344 -0.5065 0.4518
vn -0.1618 -0.6427 -0.7489
vn -0.0802 -0.7546 -0.6512
vn -0.2924 -0.9443 -0.1511
vn -0.0015 -0.0140 -0.9999
vn -0.1905 -0.5577 -0.8079
vn 0.0044 -0.0221 -0.9997
vn -0.2792 -0.8978 -0.3405
vn -0.3922 -0.7865 -0.4771
vn -0.3570 -0.8600 -0.3647
vn -0.1677 -0.9026 -0.3964
vn -0.2399 -0.9372 0.2532
vn -0.1796 -0.9164 -0.3578
vn -0.3088 -0.8854 0.3473
vn -0.0303 -0.4200 0.9070
vn -0.0860 -0.4470 0.8904
vn -0.0500 -0.9985 0.0239
vn 0.0764 -0.9969 0.0166
vn 0.0114 -0.0314 0.9994
vn -0.0216 -0.0773 0.9968
vn 0.0568 -0.4582 0.8870
vn 0.0811 -0.4751 0.8762
vn -0.0202 -0.0188 0.9996
vn -0.0207 -0.1034 0.9944
vn 0.2398 -0.9703 0.0320
vn 0.0787 -0.0212 -0.9967
vn 0.0801 -0.0455 -0.9957
vn 0.0139 0.0289 -0.9995
vn 0.1734 -0.1013 -0.9796
vn 0.0556 0.0196 -0.9983
vn 0.0677 -0.0021 -0.9977
vn 0.1677 -0.0288 -0.9854
vn 0.0080 -0.0015 -1.0000
vn 0.1836 -0.0841 -0.9794
vn -0.0028 -0.0265 0.9996
vn -0.0106 0.0116 0.9999
vn 0.0103 -0.0028 0.9999
vn -0.0045 0.0027 1.0000
vn -0.0101 0.0019 0.9999
vn -0.0133 0.0010 0.9999
vn -0.0256 -0.0502 0.9984
vn 0.0119 0.0050 0.9999
vn -0.0128 -0.0046 0.9999
vn -0.0325 -0.0270 0.9991
vn -0.0103 -0.0106 0.9999
vn 0.0498 0.0272 0.9984
vn 0.0535 0.0351 0.9979
vn -0.0208 -0.0160 0.9997
vn 0.0088 0.0329 0.9994
vn -0.3650 -0.0999 -0.9256
vn -0.0687 -0.0202 -0.9974
vn -0.3225 -0.1623 -0.9326
vn -0.9923 -0.0759 -0.0980
vn -0.4190 0.0122 -0.9079
vn -0.1224 -0.0206 -0.9923
vn -0.9310 -0.3597 -0.0626
vn -0.0059 0.0096 0.9999
vn -0.0160 0.0096 0.9998
vn -0.0110 0.0019 0.9999
vn -0.0003 -0.0003 1.0000
vn 0.4735 -0.4353 0.7657
vn 0.2985 -0.2354 0.9249
vn 0.2785 -0.3703 0.8862
vn -0.0107 0.0031 0.9999
vn -0.0137 0.0056 0.9999
vn 0.9236 0.2526 -0.2883
vn 0.7900 0.2221 0.5715
vn 0.8488 0.0576 0.5256
vn 0.5726 0.0602 -0.8176
vn 0.5213 0.1792 -0.8344
vn 0.8067 0.3304 -0.4900
vn 0.9002 -0.0291 -0.4346
vn -0.2792 -0.2533 0.9262
vn -0.3306 -0.3574 0.8735
vn -0.2644 -0.2800 0.9229
vn -0.5646 -0.4440 0.6958
vn 0.0077 -0.0065 0.9999
vn 0.0044 -0.0041 1.0000
vn 0.0101 -0.0052 0.9999
vn 0.0027 -0.0148 0.9999
vn -0.0134 -0.0071 0.9999
vn -0.9165 0.2207 0.3336
vn -0.8707 -0.0402 0.4902
vn -0.4658 0.2310 0.8542
vn -0.5109 0.2334 0.8274
vn -0.8111 -0.0153 -0.5847
vn -0.7910 0.1870 -0.5826
vn -0.9061 0.4061 -0.1184
vn -0.0059 0.0303 -0.9995
vn 0.3522 -0.1854 -0.9174
vn -0.2205 0.0464 -0.9743
vn -0.0242 -0.0474 -0.9986
vn 0.0008 0.0110 -0.9999
vn -0.0143 0.0120 -0.9998
vn 0.6741 -0.2488 -0.6955
vn 0.1057 -0.9804 -0.1661
vn 0.0430 -0.9605 -0.2749
vn -0.1029 -0.9216 -0.3743
vn -0.0794 -0.9151 0.3954
vn 0.1736 -0.4968 -0.8503
vn 0.3667 -0.9129 -0.1793
vn 0.2455 -0.9653 -0.0888
vn 0.1630 -0.4724 -0.8662
vn 0.0081 -0.0158 -0.9998
vn 0.0074 -0.0044 -1.0000
vn -0.0135 -0.0127 -0.9998
vn 0.0278 -0.0373 -0.9989
vn -0.1501 -0.3976 -0.9052
vn -0.0975 -0.5152 -0.8515
vn 0.9998 0.0002 0.0195
vn 0.9978 0.0625 0.0204
vn 0.9999 0.0001 0.0100
vn 0.2821 -0.7759 0.5643
vn 0.1626 0.0073 0.9867
vn 0.4490 -0.8935 0.0089
vn 0.8658 0.0467 0.4981
vn -0.0128 0.0058 -0.9999
vn -0.0243 0.0072 -0.9997
vn -0.0173 0.0073 -0.9998
vn -0.0159 0.0059 -0.9999
vn 0.0075 -0.3753 -0.9269
vn -0.0225 -0.0135 -0.9997
vn -0.0244 0.0061 -0.9997
vn -0.0103 0.0025 -0.9999
vn 0.0187 -0.0133 -0.9997
vn -0.2424 -0.0000 0.9702
vn -0.8952 -0.3749 0.2410
vn -0.9678 -0.0980 0.2320
vn 0.1634 -0.0154 0.9864
vn 0.6129 -0.1180 0.7813
vn 0.5779 -0.0377 0.8153
vn -0.7867 0.1636 0.5953
vn -0.0428 -0.0418 0.9982
vn 0.3481 0.1280 0.9287
vn 0.0079 -0.0245 0.9997
vn 0.5945 -0.8023 -0.0541
vn 0.6447 -0.7527 -0.1333
vn 0.6963 -0.7154 -0.0572
vn 0.5055 -0.8587 0.0842
vn 0.5332 -0.8369 -0.1234
vn -0.0534 0.4102 -0.9104
vn 0.0131 0.1126 -0.9936
vn 0.8558 0.5172 -0.0120
vn 0.8062 0.5650 0.1752
vn 0.2683 0.1546 0.9509
vn 0.7214 0.4156 0.5540
vn 0.8606 0.5089 0.0199
vn 0.8615 0.5073 0.0199
vn 0.8607 0.5090 -0.0000
vn 0.8000 0.5999 -0.0140
vn 0.7484 0.6633 0.0076
vn 0.5063 0.2950 0.8103
vn 0.5699 -0.6778 -0.4646
vn 0.4523 -0.1932 -0.8707
vn 0.3924 -0.2730 -0.8783
vn 0.4664 -0.4058 0.7860
vn 0.3106 -0.2085 0.9274
vn 0.0295 -0.0113 0.9995
vn 0.0378 -0.0454 0.9983
vn 0.3505 -0.4837 0.8020
vn 0.4551 -0.8236 0.3385
vn 0.7184 -0.6173 0.3207
vn -0.9504 -0.0866 -0.2988
vn -0.9811 -0.1795 -0.0722
vn -0.9971 -0.0219 -0.0725
vn -0.5658 -0.0947 -0.8191
vn -0.8430 -0.1491 -0.5168
vn -0.5634 0.0805 -0.8223
vn -0.5854 0.0552 -0.8089
vn -0.7645 0.0959 -0.6374
vn -0.9879 0.1371 -0.0718
vn -0.9349 0.0312 -0.3535
vn 0.5692 -0.5257 0.6322
vn 0.7538 -0.6340 0.1728
vn 0.6532 -0.5424 0.5283
vn 0.0057 -0.0065 1.0000
vn 0.4132 -0.3814 0.8269
vn 0.2438 -0.4541 0.8569
vn 0.1970 -0.4844 0.8524
vn 0.4608 -0.8304 0.3132
vn -0.0232 -0.0216 0.9995
vn 0.7299 -0.6347 0.2539
vn -0.0152 -0.0014 0.9999
vn 0.0060 -0.0043 -1.0000
vn 0.0137 0.0069 -0.9999
vn -0.0121 0.0005 -0.9999
vn 0.6002 -0.0046 -0.7998
vn 0.5434 0.0028 -0.8395
vn -0.0147 -0.0072 -0.9999
vn 0.0147 0.0002 -0.9999
vn 0.0146 0.0002 -0.9999
vn -0.0000 -0.0000 -1.0000
vn 0.0161 0.0002 -0.9999
vn -0.4570 -0.8894 0.0021
vn -0.4558 -0.8897 -0.0258
vn -0.4433 -0.8951 -0.0477
vn -0.2791 -0.9601 0.0154
vn -0.0155 -0.9997 0.0177
vn -0.1468 -0.5330 0.8333
vn -0.2799 -0.5651 0.7761
vn -0.3990 -0.9169 0.0079
vn -0.1428 -0.9897 0.0006
vn -0.3969 -0.9178 -0.0104
vn 0.7621 0.5846 0.2782
vn 0.6482 0.7497 0.1333
vn 0.1240 0.0942 0.9878
vn 0.9352 0.3367 0.1100
vn -0.0280 0.0058 0.9996
vn -0.0642 -0.0535 0.9965
vn 0.8369 0.2430 0.4905
vn -0.2149 -0.0946 0.9720
vn 0.0675 0.0809 0.9944
vn 0.1233 0.1027 0.9870
vn -0.6892 -0.7243 -0.0172
vn -0.3691 -0.4694 -0.8022
vn -0.3191 -0.4733 -0.8211
vn -0.5349 -0.8446 -0.0213
vn -0.6905 -0.7232 0.0082
vn -0.6585 -0.7526 -0.0000
vn -0.5519 -0.8337 0.0215
vn -0.6584 -0.7526 0.0088
vn -0.7593 -0.6508 -0.0000
vn -0.7348 -0.6298 -0.2520
vn 0.7211 -0.6926 -0.0189
vn -0.6674 -0.5721 -0.4767
vn 0.3455 0.8643 0.3656
vn 0.2747 0.8866 0.3722
vn 0.3023 0.6325 -0.7131
vn -0.8447 0.5267 -0.0958
vn -0.8391 0.5285 0.1291
vn -0.8456 0.5313 -0.0511
vn -0.9827 0.1808 -0.0407
vn -0.6984 0.1258 -0.7046
vn -0.6618 0.0679 -0.7466
vn -0.9891 0.0882 0.1176
vn -0.9681 0.1395 0.2079
vn -0.6462 0.0928 -0.7575
vn -0.9939 0.1105 -0.0000
vn -0.6744 0.4223 -0.6057
vn -1.0000 0.0064 -0.0002
vn -0.9620 0.0037 -0.2732
vn -0.7808 -0.0024 -0.6247
vn -0.9998 -0.0005 -0.0199
vn -0.9998 0.0002 -0.0188
vn -0.9999 -0.0003 -0.0100
vn -0.9999 0.0077 0.0097
vn -0.4482 0.0031 -0.8939
vn -0.9978 0.0664 0.0092
vn -0.9994 0.0309 0.0185
vn -0.9978 0.0664 0.0091
vn -0.9999 0.0077 0.0098
vn -0.1216 -0.0869 0.9888
vn -0.0414 -0.1089 0.9932
vn -0.2912 -0.2309 0.9284
vn 0.0019 -0.0011 1.0000
vn -0.0033 -0.0042 1.0000
vn 0.0089 0.0040 1.0000
vn 0.0094 0.0029 1.0000
vn -0.2855 -0.3872 0.8767
vn -0.4377 -0.5507 0.7107
vn 0.1883 0.0987 -0.9771
vn 0.0805 0.0348 -0.9961
vn 0.2070 0.0827 -0.9749
vn 0.1785 0.0405 -0.9831
vn 0.0632 0.0115 -0.9979
vn -0.0049 -0.0041 1.0000
vn -0.0053 -0.0069 1.0000
vn -0.0053 -0.0067 1.0000
vn 0.0079 -0.0074 0.9999
vn -0.0003 -0.0025 1.0000
vn 0.0021 -0.0047 1.0000
vn -0.0006 -0.0023 1.0000
vn -0.0141 -0.0265 0.9995
vn 0.0109 0.0030 0.9999
vn -0.0651 -0.0362 0.9972
vn -0.1469 -0.1356 0.9798
vn -0.1461 -0.1319 0.9804
vn -0.0520 -0.0939 0.9942
vn -0.1955 -0.0313 0.9802
vn -0.2570 -0.1119 0.9599
vn 0.0067 0.0061 1.0000
vn 0.1642 -0.0290 -0.9860
vn 0.0516 -0.0054 -0.9987
vn 0.4913 -0.0328 -0.8704
vn 0.0066 -0.0126 -0.9999
vn 0.0105 -0.0258 -0.9996
vn -0.0089 -0.0079 -0.9999
vn -0.0097 0.0328 -0.9994
vn 0.2851 -0.2830 -0.9158
vn 0.3394 -0.8416 0.4201
vn 0.2865 -0.8006 -0.5263
vn 0.4761 -0.8700 0.1278
vn 0.2939 -0.8242 0.4841
vn 0.1018 -0.8665 0.4887
vn 0.3917 -0.6837 0.6157
vn 0.1181 -0.9329 -0.3402
vn 0.3769 -0.7223 0.5799
vn -0.1755 0.2575 -0.9502
vn -0.3406 0.5396 -0.7699
vn -0.2204 0.3715 -0.9019
vn -0.0064 0.0236 -0.9997
vn -0.0299 0.0317 -0.9991
vn -0.3439 0.2781 -0.8969
vn -0.1629 0.1117 -0.9803
vn -0.4017 0.3308 -0.8540
vn -0.0185 0.0501 -0.9986
vn -0.7013 0.7096 -0.0688
vn -0.5314 0.7901 -0.3056
vn -0.6045 0.6601 -0.4460
vn -0.7597 0.4934 0.4236
vn -0.0178 0.0094 -0.9998
vn -0.0516 0.0178 -0.9985
vn 0.1806 0.3675 -0.9123
vn 0.0989 0.1088 -0.9891
vn -0.0269 -0.0017 -0.9996
vn 0.0231 -0.0108 -0.9997
vn 0.2024 -0.0128 0.9792
vn 0.0101 0.0004 0.9999
vn 0.0088 -0.0328 0.9994
vn 0.9993 -0.0377 -0.0084
vn 1.0000 -0.0006 0.0007
vn 0.9735 -0.0043 -0.2288
vn 0.1507 -0.6136 0.7751
vn 0.2426 -0.0099 0.9701
vn 1.0000 -0.0000 -0.0000
vn 0.1902 -0.9774 0.0919
vn 0.1890 -0.9744 -0.1221
vn 0.2962 -0.9535 0.0556
vn 0.0839 -0.9889 0.1225
vn -0.0406 -0.9944 0.0978
vn -0.0293 -0.9824 -0.1842
vn 0.0830 -0.9908 -0.1072
vn -0.4350 -0.6681 0.6037
vn -0.5673 -0.7702 -0.2915
vn -0.5800 -0.6829 0.4441
vn -0.3677 -0.8889 0.2731
vn -0.2781 -0.8443 -0.4581
vn -0.3311 -0.7522 -0.5698
vn -0.5721 -0.7373 0.3591
vn -0.6036 -0.7793 0.1685
vn -0.2856 -0.8401 0.4611
vn -0.1380 -0.4274 0.8935
vn -0.2324 -0.5617 0.7941
vn -0.3894 -0.6527 0.6499
vn -0.4186 -0.9074 0.0370
vn -0.1640 -0.9864 0.0116
vn -0.0237 -0.0512 0.9984
vn -0.0533 -0.0840 0.9950
vn 0.5042 0.8502 0.1510
vn 0.3971 0.7713 0.4975
vn 0.3898 0.7291 -0.5626
vn 0.6910 0.5008 0.5212
vn 0.7897 0.5579 -0.2551
vn 0.8072 0.5835 0.0893
vn 0.6251 0.4499 0.6378
vn 0.6602 0.4640 0.5907
vn 0.5651 0.6762 0.4726
vn -0.0265 0.0116 0.9996
vn -0.5531 -0.2571 0.7925
vn -0.0197 -0.0099 0.9998
vn -0.0147 0.0125 0.9998
vn -0.5760 -0.0840 0.8131
vn -0.0052 0.0070 1.0000
vn -0.0000 0.4471 -0.8945
vn -0.0074 0.4862 -0.8738
vn 0.0084 0.7756 -0.6312
vn 0.0003 -0.2426 -0.9701
vn -0.0016 0.0212 -0.9998
vn -0.0020 0.7079 -0.7063
vn -0.0018 0.7685 -0.6399
vn -0.0018 0.7687 -0.6396
vn 0.0009 0.1240 -0.9923
vn 0.0097 0.0015 1.0000
vn -0.0030 0.0051 1.0000
vn -0.0030 0.0050 1.0000
vn -0.0035 0.0022 1.0000
vn -0.0262 -0.2361 0.9714
vn -0.0028 0.0060 1.0000
vn 0.0997 -0.0601 0.9932
vn 0.5686 -0.6272 0.5323
vn 0.7149 -0.6989 -0.0228
vn 0.7367 -0.4694 0.4869
vn 0.5739 -0.6992 0.4264
vn 0.4242 -0.7763 0.4663
vn 0.8022 -0.4317 0.4125
vn -0.2301 -0.9560 0.1817
vn -0.2173 -0.6652 0.7144
vn -0.3938 -0.9151 0.0868
vn -0.1676 -0.9773 -0.1297
vn -0.3746 -0.9230 -0.0884
vn -0.1268 -0.6207 0.7737
vn -0.0965 -0.2635 -0.9598
vn -0.2825 -0.7255 -0.6276
vn -0.3201 -0.8931 -0.3162
vn -0.2151 -0.9026 -0.3729
vn -0.5120 -0.8473 0.1412
vn -0.6104 -0.7597 -0.2240
vn -0.5571 -0.7740 0.3010
vn -0.0480 -0.3083 -0.9501
vn -0.4082 -0.9119 0.0430
vn 0.5627 -0.8131 0.1493
vn 0.4258 -0.8962 -0.1243
vn 0.6153 -0.7879 0.0250
vn 0.6749 -0.7218 0.1534
vn 0.3603 -0.9188 -0.1610
vn 0.0388 0.0416 0.9984
vn 0.2390 0.4909 0.8378
vn 0.0779 0.1641 0.9834
vn -0.4126 -0.8995 0.1439
vn -0.0072 -0.0567 0.9984
vn -0.3077 -0.9361 0.1706
vn 0.2999 0.4442 0.8443
vn -0.0028 1.0000 0.0085
vn -0.0000 1.0000 -0.0000
vn -0.0763 0.9008 0.4275
vn -0.2732 0.9619 0.0113
vn -0.4726 0.8810 0.0240
vn -0.1294 0.6829 0.7189
vn -0.0704 0.9975 -0.0083
vn -0.1189 0.4756 0.8716
vn -0.2747 0.9615 -0.0000
vn 0.0863 0.4580 0.8848
vn -0.0346 0.4860 0.8733
vn 0.1568 0.9334 0.3226
vn 0.8306 -0.2045 0.5180
vn 0.8837 -0.2484 0.3968
vn 0.4896 -0.2231 0.8429
vn 0.9174 -0.3971 0.0249
vn 0.7845 -0.5295 0.3228
vn 0.7371 -0.4741 -0.4816
vn 0.9271 -0.2325 -0.2939
vn 0.8901 -0.0074 0.4557
vn 0.9116 -0.4074 0.0543
vn 0.4850 -0.6211 -0.6156
vn 0.6120 -0.6232 -0.4870
vn 0.6843 -0.7214 -0.1064
vn -0.7847 0.4474 0.4291
vn -0.7300 0.2973 0.6154
vn -0.9419 0.2887 -0.1716
vn -0.7871 0.3087 -0.5340
vn -0.5761 0.6723 0.4649
vn -0.7706 0.4789 0.4205
vn -0.7551 0.5014 -0.4224
vn -0.6071 0.6482 0.4597
vn -0.0464 0.0195 0.9987
vn 0.3660 0.5241 0.7690
vn -0.0324 0.0086 0.9994
vn -0.0445 0.0063 0.9990
vn 0.0196 0.0398 0.9990
vn 0.4260 0.4156 0.8036
vn 0.0282 0.9599 -0.2789
vn 0.0101 -0.0851 -0.9963
vn 0.0076 -0.1449 -0.9894
vn 0.1858 0.9826 -0.0060
vn 0.0689 0.2011 -0.9772
vn 0.0308 0.1494 -0.9883
vn -0.0379 0.9936 -0.1065
vn -0.0462 0.2779 -0.9595
vn -0.8863 -0.4626 0.0209
vn -0.4647 -0.2920 0.8359
vn -0.7058 -0.2004 0.6794
vn -0.9839 -0.1789 -0.0000
vn -0.9838 -0.1792 -0.0041
vn -0.8970 -0.4418 -0.0165
vn -0.7594 -0.6501 0.0263
vn -0.9823 -0.1871 -0.0000
vn -0.9823 -0.1871 -0.0011
vn -0.7772 -0.0330 -0.6284
vn -0.1532 -0.0412 -0.9873
vn -0.9053 -0.0693 -0.4191
vn -0.1387 0.0555 -0.9888
vn -1.0000 -0.0000 0.0096
vn -0.8181 0.3471 -0.4585
vn -0.0088 0.0258 -0.9996
vn -0.9990 -0.0433 -0.0094
vn -0.0131 0.0024 -0.9999
vn 0.6243 -0.5145 0.5878
vn 0.4378 -0.8715 0.2211
vn -0.0805 -0.4127 0.9073
vn 0.2805 -0.1690 0.9449
vn 0.0287 -0.0354 0.9990
vn 0.4598 -0.5959 0.6584
vn 0.0082 0.0040 1.0000
vn 0.7311 -0.6690 0.1338
vn 0.3212 -0.2459 -0.9145
vn 0.1093 -0.0878 -0.9901
vn 0.1409 -0.1879 -0.9720
vn -0.6199 -0.7844 0.0225
vn -0.3930 -0.5260 0.7542
vn -0.6635 -0.7480 0.0171
vn -0.6205 -0.7842 0.0046
vn -0.4738 -0.8805 0.0183
vn -0.4681 -0.8828 0.0393
vn -0.3527 -0.6728 0.6503
vn -0.6370 -0.7708 0.0084
vn -0.6363 -0.7714 -0.0126
vn -0.6368 -0.7710 -0.0054
vn -0.4740 -0.8805 0.0081
vn -0.2088 -0.2205 0.9528
vn 0.9997 -0.0061 -0.0231
vn 0.9994 -0.0060 -0.0343
vn 0.5306 -0.0053 -0.8476
vn 0.9999 -0.0059 -0.0117
vn 0.9999 -0.0001 0.0113
vn 0.9999 -0.0000 0.0115
vn 0.3600 0.9286 0.0902
vn 0.5029 0.8601 -0.0863
vn 0.4521 0.7360 0.5039
vn 0.5438 0.7174 0.4354
vn 0.4523 0.7381 0.5006
vn 0.4505 0.5687 -0.6882
vn 0.3674 0.5864 -0.7219
vn 0.2016 0.4395 -0.8753
vn -0.7639 0.6453 -0.0000
vn -0.8535 0.4678 0.2298
vn -0.6686 0.7302 0.1408
vn -0.3978 0.4571 -0.7955
vn -0.6720 0.4086 -0.6176
vn -0.5373 0.8352 -0.1173
vn 0.4961 -0.5624 0.6615
vn 0.7071 -0.7070 0.0139
vn 0.0185 -0.0053 0.9998
vn -0.0031 -0.8925 0.4511
vn -0.0000 -1.0000 -0.0000
vn 0.0680 0.9386 -0.3383
vn 0.1312 0.7352 -0.6650
vn 0.1502 0.9387 0.3103
vn -0.0825 0.5331 -0.8420
vn -0.1495 0.5308 -0.8342
vn -0.2760 0.8662 -0.4165
vn -0.0632 0.9847 -0.1621
vn -0.0328 0.8406 0.5407
vn -0.1368 0.9887 -0.0618
vn 0.0967 0.5132 -0.8528
vn -0.0077 -0.0091 0.9999
vn -0.0155 0.0166 0.9997
vn -0.0071 -0.0143 0.9999
vn 0.0072 0.3511 0.9363
vn 0.2588 0.6758 0.6902
vn -0.0051 0.7368 0.6761
vn 0.2279 0.3420 0.9116
vn -0.0093 0.3512 0.9363
vn -0.2381 -0.9707 -0.0326
vn -0.3222 -0.9300 -0.1769
vn -0.1807 -0.9737 -0.1387
vn -0.2958 -0.9484 -0.1144
vn 0.0398 -0.0733 -0.9965
vn 0.5555 -0.7678 -0.3192
vn 0.1076 -0.1803 -0.9777
vn 0.0099 -0.0051 -0.9999
vn 0.0058 -0.0036 -1.0000
vn 0.8058 -0.5917 0.0231
vn 0.8800 -0.4748 0.0126
vn 0.8263 -0.5266 -0.1997
vn 0.8005 -0.5982 0.0374
vn 0.8728 0.4880 -0.0000
vn 0.7437 0.6569 0.1239
vn 0.8669 0.4869 0.1070
vn 0.8517 0.4887 0.1892
vn 0.8657 0.5006 -0.0000
vn 0.0695 -0.8963 0.4379
vn 0.0278 -0.9297 0.3674
vn 0.0050 -0.9799 -0.1993
vn 0.0813 -0.5770 0.8127
vn 0.1142 -0.5381 0.8351
vn 0.1183 -0.8943 -0.4316
vn 0.1907 -0.9322 0.3076
vn -0.4007 -0.9116 0.0922
vn -0.1731 -0.9752 0.1381
vn -0.2640 -0.6820 0.6820
vn -0.5890 -0.8026 0.0944
vn -0.5449 -0.8369 -0.0520
vn -0.4719 -0.6808 0.5602
vn -0.3434 -0.9374 -0.0574
vn -0.1610 -0.0266 -0.9866
vn -0.0085 0.0074 -0.9999
vn -0.1577 -0.0038 -0.9875
vn -0.5990 -0.8006 -0.0117
vn -0.0133 -0.9996 -0.0241
vn -0.0067 -0.2987 -0.9543
vn -0.0008 -0.0054 1.0000
vn 0.0122 0.0020 0.9999
vn 0.0079 -0.0135 0.9999
vn -0.0292 -0.0193 0.9994
vn 0.0380 -0.5264 0.8494
vn 0.0978 -0.3885 0.9162
vn -0.0133 -0.0008 0.9999
vn -0.0634 -0.3770 0.9240
vn 0.7693 0.3563 -0.5303
vn 0.4543 0.3565 -0.8164
vn 0.8131 0.2096 -0.5431
vn 0.8270 0.2162 0.5190
vn 0.8279 0.3074 0.4692
vn 0.8107 0.5497 -0.2017
vn 0.0096 -0.0181 0.9998
vn 0.5759 -0.4361 0.6915
vn -0.0789 -0.4969 0.8642
vn -0.0115 -0.0029 0.9999
vn 0.0096 -0.0270 0.9996
vn -0.2075 0.5503 -0.8088
vn -0.4356 0.6724 -0.5984
vn -0.5848 0.6698 -0.4575
vn -0.5428 0.7855 0.2972
vn -0.3620 0.9315 0.0347
vn -0.4118 0.8939 -0.1774
vn -0.0036 0.0085 -1.0000
vn 0.9254 -0.0276 -0.3780
vn -0.0023 0.0034 -1.0000
vn -0.5516 -0.7242 0.4138
vn -0.9994 -0.0279 0.0194
vn -0.4454 -0.8953 0.0091
vn -0.3714 -0.5571 0.7428
vn 0.2619 -0.6151 -0.7437
vn 0.3207 -0.7484 -0.5805
vn 0.1842 -0.9822 -0.0375
vn 0.2876 -0.3399 -0.8954
vn 0.1178 -0.1234 -0.9854
vn 0.0118 -0.0056 -0.9999
vn 0.1405 -0.5026 -0.8530
vn 0.2806 -0.2968 -0.9128
vn 0.4600 -0.5630 -0.6866
vn 0.0108 -0.0033 -0.9999
vn -0.5145 0.5121 0.6878
vn -0.5968 0.3549 0.7197
vn -0.6985 0.4350 0.5682
vn -0.7263 0.5598 0.3990
vn -0.5995 0.6395 0.4813
vn -0.4081 0.5699 0.7132
vn -0.7295 0.6434 0.2320
vn -0.6405 0.7651 -0.0663
vn -0.8223 0.5647 -0.0705
vn -0.5716 0.7366 0.3615
vn 0.0021 0.2424 -0.9702
vn 0.0879 0.7387 -0.6683
vn 0.2086 0.9779 -0.0106
vn 0.0025 0.1230 -0.9924
vn 0.1737 0.4539 -0.8740
vn 0.0839 0.0230 -0.9962
vn 0.8609 -0.0233 0.5082
vn 0.8629 0.0908 0.4972
vn 0.9319 -0.2024 0.3010
vn -0.1386 -0.5839 -0.7999
vn -0.0131 -0.0377 -0.9992
vn -0.0293 -0.6870 -0.7261
vn -0.2455 -0.6139 -0.7502
vn -0.0168 -0.0093 -0.9998
vn -0.5226 -0.7981 -0.2999
vn -0.3090 -0.8712 -0.3816
vn -0.3579 -0.8658 0.3496
vn -0.5220 -0.7427 0.4194
vn -0.6546 -0.7509 -0.0873
vn -0.4669 -0.5236 -0.7127
vn -0.4008 -0.6857 -0.6075
vn -0.4474 -0.5132 -0.7324
vn -0.7010 -0.5148 -0.4936
vn -0.7595 -0.4664 -0.4534
vn -0.5486 -0.6423 0.5352
vn -0.0342 -0.0617 0.9975
vn -0.2251 -0.2465 0.9426
vn 0.0143 0.2225 -0.9748
vn 0.0305 0.2273 -0.9733
vn -0.0013 0.2178 -0.9760
vn 0.0436 0.2441 -0.9688
vn -0.0053 0.0474 -0.9989
vn 0.0824 0.1697 -0.9820
vn 0.0199 0.0561 -0.9982
vn 0.0265 0.0019 -0.9996
vn 0.0010 0.0080 -1.0000
vn 0.0041 0.0487 -0.9988
vn -0.0083 0.0058 -0.9999
vn -0.9988 0.0483 -0.0070
vn -0.9733 0.0349 0.2270
vn -0.9408 0.0923 0.3261
vn -0.9839 0.1790 0.0021
vn -0.9838 0.1790 0.0019
vn -0.9839 0.1790 0.0019
vn -0.9965 0.0833 -0.0115
vn -0.9965 0.0833 -0.0117
vn -0.0072 0.8882 -0.4594
vn -0.2221 0.9750 0.0044
vn -0.4040 0.9146 -0.0189
vn 0.7338 -0.2040 -0.6480
vn 0.8995 -0.1473 -0.4114
vn -0.7743 -0.6303 -0.0561
vn -0.5997 -0.7859 -0.1509
vn -0.6646 -0.7417 0.0904
vn -0.6448 -0.4964 -0.5812
vn -0.4513 -0.5265 -0.7205
vn -0.7968 -0.5999 0.0724
vn -0.4311 -0.8860 -0.1710
vn -0.4906 0.8085 0.3251
vn -0.2627 0.5170 0.8147
vn -0.4103 0.6418 0.6479
vn -0.5992 0.6620 -0.4503
vn -0.4047 0.7130 -0.5726
vn -0.3978 0.9171 -0.0270
vn -0.2113 0.4605 0.8621
vn -0.2152 0.7745 0.5948
vn -0.2481 0.9085 0.3362
vn 0.0019 0.0064 1.0000
vn 0.8141 0.4806 0.3258
vn 0.8180 0.4731 0.3272
vn 0.0958 0.0566 0.9938
vn 0.8611 0.5084 -0.0000
vn 0.1373 -0.1458 -0.9797
vn 0.1164 -0.1711 -0.9784
vn 0.1171 -0.1639 -0.9795
vn 0.0312 -0.0000 0.9995
vn 0.0479 0.2813 0.9584
vn -0.0137 0.2811 0.9596
vn 0.0132 0.0017 0.9999
vn 0.3163 -0.0000 0.9487
vn 0.2159 0.2860 0.9336
vn 0.9551 0.2441 -0.1677
vn 0.2157 0.1078 -0.9705
vn 0.9486 -0.0526 -0.3122
vn -0.2129 -0.0737 -0.9743
vn -0.1993 -0.1063 -0.9742
vn -0.3487 -0.2069 -0.9141
vn -0.5778 -0.5311 0.6198
vn -0.7258 -0.6878 -0.0040
vn -0.7258 -0.6879 0.0041
vn 0.5478 -0.5030 0.6685
vn 0.7394 -0.6731 0.0129
vn -0.2849 -0.2370 0.9288
vn -0.1653 -0.1353 0.9769
vn 0.7399 -0.6727 -0.0039
vn 1.0000 -0.0000 0.0100
vn 0.9993 0.0323 -0.0204
vn 0.9985 0.0279 -0.0479
vn 0.9995 0.0323 -0.0003
vn 0.7069 -0.7073 -0.0000
vn 0.1051 -0.9720 -0.2101
vn 0.3591 -0.0149 -0.9332
vn 0.8600 0.0309 -0.5093
vn 0.8374 0.0135 -0.5465
vn 0.4083 0.4082 -0.8165
vn 0.9999 -0.0050 0.0100
vn -0.0208 0.2258 0.9739
vn -0.5450 -0.7338 -0.4056
vn -0.4506 -0.8518 -0.2673
vn -0.4863 -0.7506 -0.4474
vn -0.6039 -0.6695 -0.4325
vn -0.4288 -0.7853 -0.4467
vn -0.6633 -0.6934 0.2816
vn 0.0745 -0.9792 -0.1889
vn 0.0034 -0.5140 -0.8578
vn 0.1053 -0.6775 -0.7280
vn 0.1383 -0.9864 -0.0890
vn 0.0406 -0.9907 0.1298
vn -0.1286 -0.9742 -0.1856
vn -0.1268 -0.9658 -0.2263
vn -0.0740 -0.5888 -0.8049
vn 0.1993 -0.9565 -0.2131
vn -0.1295 -0.9797 0.1530
vn 0.0255 -0.0293 0.9992
vn -0.0024 0.0145 0.9999
vn 0.0438 0.0657 0.9969
vn 0.0967 0.1572 0.9828
vn 0.1047 0.1517 0.9829
vn -0.0136 0.0023 0.9999
vn 0.0290 0.0408 0.9987
vn 0.1053 0.1144 0.9878
vn -0.8119 0.5174 0.2706
vn -0.8957 -0.0005 0.4446
vn 0.0039 -0.0217 -0.9998
vn -0.3227 -0.1890 -0.9274
vn -0.6242 -0.3827 -0.6811
vn 0.1397 -0.4493 -0.8824
vn 0.0107 0.0006 -0.9999
vn 0.0070 0.0028 -1.0000
vn -0.0080 0.0033 -1.0000
vn 0.8024 -0.5245 -0.2847
vn 0.3205 -0.2391 -0.9166
vn 0.3592 -0.1512 -0.9209
vn 0.6880 -0.6636 -0.2938
vn 0.2453 -0.3343 -0.9100
vn 0.8480 -0.5300 -0.0000
vn 0.9216 -0.3881 -0.0000
vn -0.0170 -0.0092 -0.9998
vn -0.0008 -0.0464 -0.9989
vn -0.0080 -0.0309 -0.9995
vn 0.0028 0.0051 -1.0000
vn 0.0029 0.0029 -1.0000
vn 0.0030 -0.0007 -1.0000
vn 0.0212 -0.0833 -0.9963
vn 0.0061 -0.0058 -1.0000
vn -0.0213 0.0213 -0.9995
vn -0.0230 0.0299 -0.9993
vn -0.0110 0.0072 -0.9999
vn 0.0098 -0.0561 -0.9984
vn 0.0019 -0.0285 -0.9996
vn -0.0695 -0.9953 -0.0677
vn 0.0667 -0.9841 0.1643
vn -0.1026 -0.9746 0.1991
vn -0.1961 -0.9805 0.0103
vn 0.0103 -0.4835 -0.8753
vn 0.0539 -0.4777 -0.8769
vn 0.1455 -0.9661 -0.2132
vn -0.1478 -0.7392 -0.6571
vn -0.3195 -0.9355 -0.1511
vn 0.1400 -0.3868 0.9115
vn 0.2435 -0.9693 0.0341
vn -0.0171 -0.0360 0.9992
vn 0.3196 -0.5563 0.7671
vn 0.2423 -0.3277 0.9132
vn 0.0135 -0.0052 0.9999
vn 0.9554 -0.2914 -0.0482
vn 0.8213 -0.5699 -0.0268
vn 0.7762 -0.2387 0.5835
vn 0.9792 -0.2018 -0.0198
vn 0.6086 -0.1315 -0.7825
vn 0.5859 -0.2687 -0.7645
vn 0.6184 -0.3033 -0.7250
vn 0.5811 -0.3608 -0.7295
vn 0.9586 -0.2327 -0.1641
vn -0.1791 -0.4010 0.8984
vn 0.0192 0.0021 0.9998
vn -0.8833 -0.4641 -0.0655
vn -0.5151 -0.1846 0.8370
vn -0.7630 -0.4016 0.5065
vn -0.7726 -0.2770 0.5712
vn -0.4943 -0.2543 0.8312
vn -0.6598 0.0145 0.7513
vn 0.0021 -0.0118 0.9999
vn -0.0108 0.0044 0.9999
vn 0.0133 -0.0008 0.9999
vn 0.1003 -0.4951 0.8630
vn 0.8808 0.4733 -0.0119
vn 0.8491 0.5218 -0.0825
vn 0.7742 0.6326 -0.0198
vn 0.9352 0.3478 -0.0673
vn 0.1331 0.0527 0.9897
vn 0.5903 0.4020 0.7000
vn 0.6673 0.4198 0.6152
vn 0.2222 0.1956 0.9552
vn 0.6501 0.7191 0.2457
vn 0.4588 0.6965 0.5518
vn 0.2369 0.0690 0.9691
vn 0.9587 0.2838 0.0195
vn 0.0022 -0.0058 1.0000
vn 0.0024 -0.0052 1.0000
vn -0.0036 -0.0120 0.9999
vn -0.0033 -0.0071 1.0000
vn -0.0036 -0.0093 1.0000
vn 0.0020 -0.0066 1.0000
vn 0.0028 -0.0289 0.9996
vn -0.0000 -0.0066 1.0000
vn -0.0000 0.0064 1.0000
vn -0.0000 0.0066 1.0000
vn -0.0065 -0.0148 0.9999
vn 0.1401 -0.0627 0.9881
vn 0.1793 -0.1120 0.9774
vn 0.8324 -0.4542 0.3176
vn 0.1469 -0.0246 0.9889
vn -0.0178 -0.0084 0.9998
vn 0.8877 -0.2538 0.3842
vn -0.8988 -0.4368 -0.0363
vn -0.4773 -0.7924 -0.3798
vn -0.7644 -0.5682 -0.3046
vn 0.0331 -0.8241 0.5654
vn 0.0466 -0.9165 -0.3972
vn -0.0962 -0.9229 0.3729
vn 0.1334 -0.9907 0.0255
vn 0.3297 -0.9168 0.2253
vn 0.2510 -0.8823 -0.3981
vn -0.1091 -0.8496 0.5160
vn -0.0212 -0.8750 0.4837
vn 0.1035 -0.8276 -0.5517
vn 0.0953 -0.8945 0.4368
vn -0.6151 -0.7883 -0.0144
vn -0.4549 -0.8863 -0.0871
vn -0.5997 -0.7893 -0.1316
vn -0.7045 -0.7066 -0.0673
vn -0.4718 -0.8804 0.0475
vn -0.7800 -0.6258 0.0046
vn -0.9999 -0.0065 -0.0098
vn -0.7826 -0.6224 -0.0092
vn 0.0138 -0.9999 0.0050
vn -0.4532 -0.8912 -0.0174
vn 0.4469 -0.8828 -0.1445
vn 0.4383 -0.5856 -0.6819
vn 0.6265 -0.5156 -0.5845
vn 0.1382 0.0946 0.9859
vn 0.0405 0.0240 0.9989
vn 0.1429 0.0351 0.9891
vn -0.2697 0.9602 0.0732
vn -0.3271 0.9164 -0.2309
vn -0.5034 0.8630 0.0432
vn -0.1961 0.9806 -0.0000
vn 0.0047 0.0174 -0.9998
vn -0.0156 0.0326 -0.9993
vn 0.0007 0.0186 -0.9998
vn -0.1970 0.0678 -0.9781
vn -0.2003 0.0478 -0.9786
vn -0.1874 0.0706 -0.9797
vn -0.1977 0.0439 -0.9793
vn -0.1786 0.0828 -0.9804
vn 0.9013 -0.3424 -0.2655
vn 0.9061 -0.4158 0.0785
vn 0.8984 -0.4370 -0.0441
vn 0.9329 -0.1611 -0.3222
vn 0.9590 -0.2700 -0.0857
vn 0.1170 -0.8960 -0.4284
vn 0.2820 -0.5181 -0.8075
vn 0.2794 -0.8369 -0.4707
vn 0.2769 -0.5121 -0.8131
vn -0.1093 -0.6662 0.7377
vn -0.0149 -0.9961 0.0868
vn 0.0016 -0.0419 0.9991
vn -0.0243 -0.0407 0.9989
vn -0.0363 -0.9695 0.2425
vn 0.1567 -0.9874 -0.0227
vn 0.1209 -0.7201 0.6832
vn -0.0318 -0.5297 0.8476
vn -0.7216 0.4691 0.5092
vn -0.4785 0.2044 0.8540
vn -0.6530 0.4079 0.6381
vn -0.6283 0.6639 -0.4055
vn -0.7799 0.4906 -0.3887
vn -0.8295 0.3851 0.4045
vn -0.0139 0.0098 0.9999
vn -0.0121 0.0063 0.9999
vn -0.0133 0.0099 0.9999
vn -0.0129 0.0094 0.9999
vn -0.0331 -0.0127 0.9994
vn -0.3587 -0.3095 0.8806
vn -0.1899 -0.1514 0.9701
vn -0.0126 0.0105 0.9999
vn -0.0029 0.0031 1.0000
vn -0.2376 -0.4389 0.8666
vn 0.7887 -0.0060 -0.6148
vn 0.5659 -0.5774 -0.5885
vn 0.0137 0.0080 -0.9999
vn 0.9992 -0.0395 -0.0008
vn 0.6685 0.0128 -0.7436
vn 1.0000 0.0003 -0.0098
vn 0.0031 -0.0021 1.0000
vn -0.0039 -0.0004 1.0000
vn -0.0128 -0.0831 0.9965
vn -0.0016 0.0038 1.0000
vn 0.0008 -0.2514 0.9679
vn 0.0002 0.0024 1.0000
vn -0.4604 -0.8873 -0.0257
vn -0.2538 -0.9670 -0.0212
vn -0.3212 -0.9373 0.1355
vn -0.5270 -0.8372 0.1462
vn -0.1877 -0.3377 -0.9223
vn -0.5978 -0.6645 -0.4484
vn -0.5712 -0.8204 -0.0249
vn 0.7927 0.5938 0.1379
vn 0.5258 0.7511 -0.3992
vn 0.4099 0.6254 -0.6640
vn 0.3997 0.6245 -0.6710
vn 0.4430 0.3132 -0.8400
vn 0.6403 0.4349 -0.6331
vn 0.7555 0.4522 -0.4740
vn 0.5723 0.8176 0.0626
vn 0.7782 0.5481 -0.3065
vn 0.5717 0.8183 0.0599
vn 0.3821 0.7054 0.5970
vn 0.4392 -0.8676 -0.2333
vn 0.2748 -0.8154 -0.5095
vn 0.1288 -0.9125 0.3883
vn -0.0051 0.0151 -0.9999
vn -0.6991 -0.2457 -0.6715
vn 0.0110 -0.0117 -0.9999
vn 0.0076 0.0020 -1.0000
vn -0.7305 -0.0863 -0.6774
vn 0.0120 0.0486 0.9987
vn -0.0006 0.3512 0.9363
vn -0.0007 0.0132 0.9999
vn -0.0006 0.3509 0.9364
vn 0.0250 -0.0003 0.9997
vn 0.0133 0.4836 0.8752
vn -0.6877 -0.7260 -0.0000
vn -0.4471 -0.8945 -0.0000
vn -0.7071 -0.7071 -0.0000
vn -0.9999 -0.0000 -0.0100
vn -0.9994 0.0324 0.0099
vn -0.9994 0.0324 0.0097
vn -0.9995 0.0314 -0.0003
vn 0.0663 -0.5744 -0.8159
vn 0.1146 -0.9933 -0.0124
vn 0.1112 -0.9932 -0.0356
vn -0.0036 -0.5378 -0.8431
vn 0.1222 -0.3231 -0.9384
vn 0.2456 -0.5842 -0.7736
vn 0.4024 -0.9152 -0.0229
vn -0.0488 -0.9046 -0.4234
vn 0.1160 -0.8928 -0.4353
vn -0.2029 -0.8982 -0.3901
vn -0.0625 -0.9346 0.3502
vn -0.2089 -0.9103 0.3575
vn -0.1725 -0.8129 -0.5563
vn 0.4661 -0.2562 0.8468
vn 0.8203 -0.5718 0.0154
vn 0.2701 -0.1101 0.9565
vn 0.2858 -0.3286 0.9002
vn 0.0104 0.0421 0.9991
vn -0.0049 -0.0133 0.9999
vn 0.1142 -0.0198 0.9933
vn 0.8204 -0.5718 -0.0027
vn -0.6716 -0.7409 -0.0010
vn -0.5470 -0.8360 0.0442
vn -0.3093 -0.5109 -0.8020
vn -0.1218 -0.0498 -0.9913
vn -0.1265 -0.1285 -0.9836
vn 0.2160 0.2358 -0.9475
vn 0.0587 0.0341 -0.9977
vn 0.1314 0.2140 -0.9680
vn 0.0179 -0.0000 -0.9998
vn 0.0416 -0.0000 -0.9991
vn -0.7776 -0.6274 -0.0418
vn -0.9063 -0.4216 -0.0303
vn -0.1777 -0.1348 -0.9748
vn 0.0025 0.0088 1.0000
vn -0.2870 0.5063 0.8132
vn 0.0911 -0.0032 0.9958
vn -0.0020 0.0093 1.0000
vn -0.1291 0.0319 0.9911
vn -0.0584 -0.3504 0.9348
vn -0.0624 -0.0000 0.9981
vn -0.1112 0.8082 0.5783
vn -0.1684 0.9724 -0.1618
vn -0.2627 0.9235 0.2794
vn 0.1693 0.9395 0.2978
vn 0.0380 0.5225 0.8518
vn 0.2415 0.8504 0.4675
vn 0.2550 0.8639 -0.4344
vn 0.1274 0.7479 -0.6514
vn -0.2014 0.7891 0.5804
vn -0.0479 0.9702 0.2374
vn 0.7992 0.0033 0.6011
vn 0.9426 0.0351 -0.3320
vn 0.7975 0.2244 0.5600
vn 0.7734 0.2381 0.5875
vn 0.8901 -0.0880 0.4471
vn 0.6583 -0.1361 0.7404
vn 0.7968 -0.2831 0.5338
vn 0.9577 -0.2872 -0.0180
vn 0.9174 0.1998 0.3442
vn 0.9565 -0.1810 0.2290
vn -0.8126 -0.5603 0.1602
vn -0.7704 -0.6372 0.0228
vn -0.7084 -0.6832 0.1769
vn 0.4972 -0.8179 0.2894
vn -0.3876 -0.9217 -0.0165
vn -0.5629 0.6260 -0.5397
vn -0.4476 0.6784 -0.5827
vn -0.6922 0.4490 -0.5650
vn -0.5114 0.7879 -0.3431
vn 0.5692 0.8218 0.0269
vn 0.4965 0.8512 0.1702
vn 0.6502 0.6289 0.4263
vn 0.8377 0.5424 -0.0635
vn 0.5663 0.7181 -0.4045
vn 0.4472 0.8944 -0.0000
vn -0.1154 0.9238 0.3651
vn -0.0230 0.1839 0.9827
vn 0.0104 0.2295 0.9733
vn 0.0560 0.9832 0.1735
vn -0.3573 0.9335 0.0301
vn 0.0170 -0.1699 0.9853
vn 0.0035 -0.4675 0.8840
vn -0.6435 -0.1421 -0.7521
vn -0.2582 -0.0620 -0.9641
vn -0.6387 -0.2770 -0.7179
vn -0.4432 -0.1303 -0.8869
vn -0.0035 0.0007 -1.0000
vn -0.0229 0.9996 -0.0142
vn 0.7681 -0.6139 0.1820
vn -0.4281 -0.8725 -0.2354
vn -0.7804 -0.5826 0.2270
vn 0.7369 -0.5624 -0.3750
vn 0.4052 -0.4970 -0.7673
vn 0.5667 -0.8197 0.0836
vn -0.3223 -0.5127 0.7958
vn -0.0071 -0.0431 0.9990
vn -0.4488 -0.6053 0.6574
vn -0.2227 -0.3422 0.9129
vn -0.0165 0.0111 0.9998
vn -0.5119 -0.8268 0.2331
vn -0.1663 -0.6321 -0.7568
vn -0.3730 -0.8948 -0.2454
vn -0.5479 -0.7421 -0.3860
vn -0.3833 -0.8525 0.3554
vn -0.2722 -0.9575 0.0956
vn -0.5272 -0.7504 0.3988
vn -0.1333 -0.5866 -0.7988
vn -0.0005 -0.0353 -0.9994
vn -0.0614 -0.4334 -0.8991
vn -0.0213 -0.0033 -0.9998
vn -0.0055 -0.3485 -0.9373
vn 0.0471 0.0080 0.9989
vn 0.0511 0.0199 0.9985
vn 0.1856 0.0232 0.9824
vn 0.0184 0.0020 -0.9998
vn 0.0139 -0.0139 -0.9998
vn 0.0058 -0.0106 -0.9999
vn 0.0114 0.0064 -0.9999
vn 0.0153 -0.0171 -0.9997
vn 0.0087 -0.0018 -1.0000
vn 0.0095 -0.0010 -1.0000
vn 0.0230 -0.0139 -0.9996
vn 0.0042 0.0209 -0.9998
vn -0.0020 0.0335 -0.9994
vn 0.0021 0.0130 -0.9999
vn 0.0065 0.0106 -0.9999
vn -0.0070 0.1183 -0.9930
vn 0.0016 -0.0025 -1.0000
vn 0.0090 -0.0018 -1.0000
vn 0.0128 0.0034 -0.9999
vn -0.0036 -0.0033 -1.0000
vn 0.0163 0.0010 -0.9999
vn 0.0223 -0.0090 -0.9997
vn 0.0132 0.0124 -0.9998
vn 0.0103 0.0183 -0.9998
vn -0.4488 -0.4165 0.7907
vn -0.4612 -0.5590 0.6891
vn -0.6195 -0.3367 0.7091
vn -0.8539 -0.4728 0.2176
vn -0.8447 -0.5332 0.0467
vn -0.2761 -0.1361 0.9514
vn -0.4719 -0.2440 0.8472
vn -0.6097 -0.5649 0.5560
vn 0.4103 -0.9116 -0.0255
vn 0.2637 -0.9642 -0.0290
vn 0.2602 -0.4973 -0.8276
vn 0.6097 -0.7926 -0.0011
vn 0.6096 -0.7921 0.0311
vn 0.6029 -0.7964 0.0476
vn 0.5174 -0.6468 -0.5603
vn 0.6431 -0.7656 -0.0165
vn 0.5912 -0.7037 -0.3940
vn 0.6422 -0.7664 -0.0165
vn 0.4061 -0.9138 -0.0030
vn 0.6432 -0.7657 -0.0091
vn 0.7799 0.2324 0.5812
vn 0.9050 0.3208 -0.2795
vn 0.7819 0.4395 0.4422
vn 0.9586 0.0354 0.2824
vn 0.7483 0.3493 0.5640
vn 0.0842 -0.2168 -0.9726
vn 0.2322 -0.5200 -0.8220
vn 0.0683 -0.2219 -0.9727
vn -0.0089 -0.0060 -0.9999
vn 0.0108 -0.0040 -0.9999
vn -0.0013 0.0050 -1.0000
vn 0.0198 -0.0334 -0.9992
vn 0.0518 -0.3216 -0.9454
vn -0.0188 -0.0053 -0.9998
vn -0.8273 -0.2751 -0.4899
vn -0.8515 -0.4405 -0.2846
vn -0.6931 -0.3622 -0.6232
vn -0.8272 -0.2934 -0.4793
vn -0.8626 -0.0009 -0.5059
vn -0.7833 -0.0167 0.6214
vn 0.0101 -0.0284 0.9995
vn 0.0079 -0.0169 0.9998
vn 0.4140 -0.5199 0.7472
vn 0.4052 -0.4233 0.8103
vn 0.0009 -0.0183 0.9998
vn -0.0052 0.0048 1.0000
vn 0.1601 -0.7842 0.5995
vn 0.1407 -0.9222 0.3603
vn 0.1936 -0.9761 0.0984
vn 0.0240 -0.6401 0.7680
vn 0.1729 -0.9843 0.0344
vn 0.0522 -0.4438 0.8946
vn -0.0819 -0.5030 0.8604
vn 0.0191 -0.2961 0.9550
vn -0.3095 -0.9502 0.0371
vn -0.0271 -0.8679 0.4959
vn -0.6074 0.0099 -0.7944
vn -0.0126 -0.0433 -0.9990
vn -0.3424 -0.7337 -0.5869
vn -0.0058 -0.0004 -1.0000
vn -0.1411 0.9697 0.1995
vn -0.1502 0.6169 0.7726
vn -0.1015 0.6202 0.7779
vn -0.2932 0.9545 0.0536
vn -0.3379 0.9410 -0.0202
vn -0.3799 0.9245 0.0302
vn -0.2042 0.9789 -0.0126
vn -0.3069 0.8600 0.4078
vn -0.9427 0.0738 -0.3254
vn -0.1696 0.0564 -0.9839
vn -0.1747 0.0043 -0.9846
vn 0.1346 0.0125 -0.9908
vn -0.7998 0.3026 -0.5185
vn 0.1253 0.0352 -0.9915
vn -0.9507 -0.2000 -0.2370
vn 0.3226 -0.9318 0.1662
vn 0.4139 -0.9103 -0.0068
vn 0.2913 -0.9565 -0.0181
vn -0.0038 -0.1726 0.9850
vn 0.0765 -0.9407 0.3304
vn -0.0325 0.1268 0.9914
vn 0.1545 -0.9880 -0.0033
vn 0.0843 -0.4048 0.9105
vn 0.9933 0.0787 -0.0850
vn 0.9999 0.0016 -0.0113
vn 0.8181 0.3942 -0.4187
vn 0.7706 0.4609 -0.4403
vn 0.8558 0.5173 -0.0000
vn 0.8560 0.5170 -0.0000
vn 0.8898 0.4564 -0.0045
vn 0.4320 -0.8177 0.3804
vn 0.5235 -0.6097 0.5952
vn 0.7570 -0.6507 0.0595
vn 0.2517 -0.9486 -0.1917
vn 0.2419 -0.9674 0.0744
vn 0.1555 -0.9803 -0.1221
vn 0.4512 -0.8522 -0.2650
vn 0.5842 -0.7661 -0.2682
vn 0.5346 -0.8444 0.0329
vn 0.5071 -0.8452 -0.1689
vn 0.2712 -0.5348 -0.8003
vn 0.1899 -0.7842 -0.5908
vn -0.8110 0.2593 -0.5245
vn -0.7705 0.0318 -0.6367
vn -0.9659 0.0423 0.2555
vn -0.8006 0.2395 -0.5492
vn -0.9227 0.3164 0.2205
vn 0.0071 0.0057 -1.0000
vn 0.0079 -0.0243 -0.9997
vn -0.0115 0.0211 -0.9997
vn 0.0039 0.0052 -1.0000
vn 0.6153 -0.5251 -0.5880
vn 0.5037 -0.6256 -0.5958
vn 0.1844 -0.0000 0.9829
vn -0.0155 -0.1713 0.9851
vn -0.0174 -0.0013 0.9998
vn 0.6536 -0.7568 0.0006
vn 0.6527 -0.7568 0.0354
vn 0.6497 -0.7593 0.0373
vn 0.4047 -0.9144 -0.0101
vn 0.6718 -0.7403 -0.0259
vn 0.6702 -0.7420 -0.0129
vn 0.6726 -0.7400 -0.0040
vn 0.4772 -0.5525 -0.6834
vn 0.2866 -0.3506 -0.8916
vn 0.4027 -0.9153 0.0031
vn 0.9200 0.3916 -0.0138
vn 0.9349 0.3248 0.1428
vn 0.9745 0.0575 0.2170
vn 0.7398 -0.6728 -0.0080
vn -0.7257 -0.6879 -0.0082
vn 0.7393 -0.6730 -0.0206
vn -0.0961 0.5667 0.8183
vn -0.2012 0.9727 0.1154
vn -0.0848 0.2282 0.9699
vn -0.4029 0.9149 -0.0249
vn -0.4549 0.8902 -0.0240
vn -0.4109 0.9100 -0.0548
vn -0.4421 0.7500 0.4920
vn 0.0220 -0.0237 0.9995
vn 0.0161 -0.0161 0.9997
vn -0.2324 0.1292 0.9640
vn 0.0030 -0.0113 0.9999
vn -0.0160 0.9999 0.0050
vn -1.0000 0.0008 0.0066
vn 0.0121 0.9998 0.0127
vn 0.0121 0.9999 0.0026
vn -0.0076 0.9998 0.0193
vn -0.0081 1.0000 -0.0001
vn 0.0040 0.7488 0.6627
vn -0.0063 0.0198 -0.9998
vn -0.0100 0.0091 -0.9999
vn -0.0099 0.0087 -0.9999
vn 0.0022 -0.0045 -1.0000
vn 0.0108 0.0080 -0.9999
vn 0.0098 -0.0089 -0.9999
vn -0.0000 0.0047 -1.0000
vn -0.0000 0.0042 -1.0000
vn -0.0001 0.0084 -1.0000
vn -0.0096 -0.0071 -0.9999
vn 0.0027 -0.0025 -1.0000
vn 0.1477 -0.1011 0.9839
vn 0.0334 -0.0395 0.9987
vn 0.1176 -0.0999 0.9880
vn 0.1524 -0.1069 0.9825
vn 0.0457 -0.0644 0.9969
vn -0.5374 -0.4988 -0.6800
vn -0.2763 -0.4298 -0.8596
vn -0.0314 -0.0509 -0.9982
vn -0.4238 -0.5577 -0.7137
vn -0.2336 -0.3073 -0.9225
vn -0.4542 -0.5827 -0.6739
vn -0.7234 -0.6576 -0.2105
vn -0.1431 -0.1627 -0.9762
vn -0.2813 -0.4100 -0.8676
vn -0.0997 -0.1294 -0.9866
vn 0.7135 0.6833 -0.1550
vn 0.0767 -0.9971 -0.0000
vn -0.1758 -0.9844 -0.0000
vn -0.1760 -0.9841 -0.0257
vn -0.0548 -0.9984 -0.0150
vn -0.1645 -0.9864 -0.0019
vn 0.3583 0.7305 0.5814
vn 0.3720 0.8525 -0.3672
vn 0.4074 0.7408 -0.5341
vn 0.5138 0.8377 0.1851
vn 0.2370 0.5808 0.7788
vn -0.0119 0.0054 0.9999
vn -0.5360 0.1688 0.8272
vn -0.5204 0.0192 0.8537
vn -0.0073 0.0063 1.0000
vn -0.6398 -0.6391 0.4268
vn -0.5593 -0.2738 0.7824
vn -0.7358 -0.3618 0.5725
vn -0.5547 -0.2689 0.7874
vn -0.8791 -0.4704 -0.0771
vn -0.9519 -0.2653 0.1530
vn -0.8185 -0.3092 -0.4842
vn -0.7707 -0.4230 -0.4765
vn -0.5941 -0.6083 0.5263
vn -0.6689 -0.7126 0.2115
vn 0.1591 -0.9562 0.2456
vn 0.3039 -0.9136 0.2700
vn 0.1233 -0.9912 -0.0481
vn 0.0040 -0.9953 0.0972
vn 0.0098 -0.7168 0.6972
vn 0.4700 0.1187 -0.8746
vn 0.9904 0.0956 -0.0997
vn 0.4347 0.2553 -0.8636
vn 0.4176 -0.0082 -0.9086
vn -0.6915 -0.7066 -0.1502
vn 0.1573 0.0424 0.9866
vn 0.8849 -0.4658 -0.0000
vn 0.9206 -0.3905 -0.0000
vn 0.7071 -0.7071 -0.0000
vn 0.3073 -0.9418 0.1362
vn 0.0110 -0.9999 0.0106
vn -0.0552 -0.9869 -0.1513
vn 0.1579 -0.9703 0.1834
vn -0.1250 -0.2321 -0.9646
vn -0.4534 -0.6338 -0.6267
vn -0.0322 -0.0245 0.9992
vn 0.0229 -0.0047 0.9997
vn 0.0189 -0.0066 0.9998
vn -0.5604 -0.0259 0.8278
vn -0.5773 -0.5773 0.5775
vn -0.0075 -0.0113 0.9999
vn -0.2154 -0.9334 0.2872
vn -0.0100 -0.5570 0.8304
vn -0.6424 0.0135 0.7663
vn 0.0107 -0.0000 0.9999
vn 0.0182 0.8810 0.4728
vn -0.4115 0.9111 0.0246
vn 0.8526 -0.2525 -0.4575
vn 0.8263 -0.4561 0.3305
vn 0.4675 -0.0364 -0.8832
vn 0.6239 -0.1762 -0.7614
vn 0.5856 -0.2784 -0.7613
vn 0.9279 -0.3062 -0.2127
vn 0.5461 -0.2382 -0.8032
vn 0.9000 -0.4240 -0.1012
vn 0.8174 0.0060 -0.5760
vn 0.0253 -0.0178 -0.9995
vn 0.0941 -0.7957 -0.5983
vn 0.0132 -0.0220 -0.9997
vn 0.1840 -0.8281 -0.5296
vn 0.0094 0.0076 -0.9999
vn -0.0140 -0.0184 -0.9997
vn 0.0003 -0.0173 -0.9998
vn 0.3149 -0.5107 -0.8000
vn -0.0088 -0.0007 -1.0000
vn -0.5744 0.6985 -0.4268
vn -0.5239 0.7998 -0.2931
vn 0.9769 -0.0111 -0.2134
vn 0.4392 -0.8049 0.3990
vn 0.1400 -0.2400 0.9606
vn -0.9370 -0.2881 0.1977
vn 0.7474 -0.6644 -0.0000
vn 0.7950 -0.6039 -0.0575
vn 0.4862 -0.8611 0.1486
vn 0.7048 -0.7092 -0.0172
vn 0.7067 -0.7075 -0.0035
vn 0.9617 -0.2740 -0.0066
vn -0.0141 -0.9999 -0.0098
vn 0.0128 -0.9997 -0.0230
vn 0.0137 -0.9999 -0.0000
vn 0.5271 -0.4216 -0.7379
vn -0.0293 -0.9996 0.0052
vn -0.0001 -0.9999 0.0146
vn -0.0293 -0.9993 0.0230
vn -0.0056 -0.5124 -0.8587
vn -0.0000 -0.0628 0.9980
vn -0.0388 -0.0682 0.9969
vn -0.0015 -0.4355 0.9002
vn -0.8765 -0.4577 -0.1494
vn -0.7261 -0.5835 0.3638
vn -0.7848 -0.2384 0.5721
vn -0.8993 -0.2797 0.3361
vn -0.5474 -0.3143 0.7756
vn -0.9191 -0.3855 0.0814
vn -0.9432 -0.2360 -0.2339
vn 0.0085 -0.0068 -0.9999
vn 0.0007 0.0068 -1.0000
vn -0.0181 0.0094 -0.9998
vn -0.0945 -0.1588 -0.9828
vn -0.0819 -0.1638 -0.9831
vn -0.2103 -0.4896 -0.8462
vn -0.1864 -0.4520 -0.8723
vn -0.4647 -0.5699 -0.6777
vn -0.2476 -0.2993 -0.9215
vn 0.0155 0.0010 -0.9999
vn -0.1063 -0.1540 -0.9823
vn -0.1774 -0.9823 -0.0604
vn -0.3608 -0.9261 -0.1107
vn -0.1001 -0.9758 0.1945
vn -0.0122 0.0159 0.9998
vn -0.0160 0.0124 0.9998
vn -0.0066 0.0155 0.9999
vn 0.0023 0.0069 1.0000
vn 0.0563 -0.9960 -0.0687
vn -0.0016 -0.0016 -1.0000
vn -0.1689 0.2654 -0.9492
vn 0.0241 0.0101 -0.9997
vn -0.8552 0.5181 -0.0167
vn -0.0049 -0.0049 -1.0000
vn -0.6363 0.5455 -0.5455
vn 0.7242 -0.6895 0.0086
vn 0.7233 -0.6905 -0.0098
vn 0.7139 -0.7001 -0.0145
vn -0.7241 -0.6896 -0.0086
vn 0.7754 -0.6310 0.0236
vn 0.7759 -0.6301 0.0307
vn 0.7827 -0.6224 -0.0061
vn 0.2386 -0.2472 0.9391
vn -0.6367 -0.5857 0.5016
vn 0.7470 0.6564 -0.1059
vn -0.2564 0.5903 0.7654
vn -0.4801 0.8529 0.2051
vn -0.3539 0.4978 0.7918
vn -0.2833 0.9531 -0.1062
vn -0.0743 0.8811 0.4671
vn 0.0602 0.0115 0.9981
vn 0.0039 0.0084 1.0000
vn -0.2220 0.5623 0.7965
vn -0.1948 0.8122 0.5499
vn -0.2154 0.9303 0.2970
vn -0.5216 0.7760 0.3546
vn -0.5477 0.6627 -0.5108
vn -0.4083 0.6557 -0.6351
vn -0.3940 0.9191 -0.0024
vn -0.1753 0.5127 0.8405
vn 0.1055 -0.0000 -0.9944
vn 0.0351 0.0211 -0.9992
vn -0.0041 0.0029 -1.0000
vn 0.1056 -0.1308 0.9858
vn 0.1315 -0.1371 0.9818
vn -0.6877 0.6805 0.2528
vn 0.1306 -0.3275 0.9358
vn 0.0737 -0.2897 0.9543
vn 0.2595 -0.6247 0.7365
vn 0.2754 -0.6632 0.6959
vn -0.3560 0.8304 0.4285
vn 0.3514 -0.5472 0.7597
vn -0.6295 0.7756 0.0474
vn 0.6327 -0.7740 -0.0237
vn 0.7021 -0.7113 -0.0321
vn 0.6331 -0.7740 -0.0075
vn 0.6000 -0.8000 -0.0000
vn 0.4683 -0.4683 -0.7493
vn 0.3939 -0.9192 -0.0000
vn -0.0290 0.0195 0.9994
vn -0.0445 0.0416 0.9981
vn -0.4289 0.2256 0.8747
vn 0.4555 0.8881 0.0612
vn 0.3218 0.9468 -0.0000
vn 1.0000 0.0002 0.0100
vn 1.0000 0.0006 -0.0000
vn 0.9999 0.0020 0.0098
vn 0.2709 -0.9530 -0.1359
vn 0.3958 -0.9059 0.1510
vn 0.1713 -0.8875 -0.4277
vn 0.2681 -0.8715 -0.4106
vn -0.3013 -0.8834 -0.3588
vn -0.1949 -0.9067 0.3741
vn -0.3632 -0.8062 0.4670
vn -0.4777 -0.8718 -0.1084
vn -0.0046 -0.0163 0.9999
vn -0.0024 -0.0060 1.0000
vn -0.0051 0.0094 0.9999
vn 0.0083 -0.0133 0.9999
vn -0.0331 -0.0237 -0.9992
vn -0.0191 -0.0463 -0.9987
vn -0.0169 -0.0161 -0.9997
vn -0.8864 -0.4551 -0.0847
vn -0.7682 -0.6402 -0.0000
vn -0.7811 -0.6198 0.0763
vn -0.9316 -0.3622 0.0310
vn -0.9825 -0.1849 -0.0231
vn 0.5301 -0.0063 -0.8479
vn 0.9999 -0.0078 -0.0117
vn 0.9999 -0.0068 -0.0102
vn 0.9999 -0.0068 -0.0103
vn 0.6051 -0.0083 -0.7961
vn 0.4484 -0.0066 -0.8938
vn 0.0721 0.2305 -0.9704
vn 0.0494 0.9697 -0.2394
vn 0.0019 -0.0240 0.9997
vn -0.1239 -0.5285 0.8398
vn 0.0100 -0.0473 0.9988
vn 0.0114 0.0129 0.9999
vn -0.2783 -0.6117 0.7405
vn -0.0019 -0.0217 0.9998
vn -0.0022 -0.8577 -0.5142
vn -0.0082 -0.7824 -0.6227
vn -0.0188 -0.0196 -0.9996
vn -0.2899 0.9053 -0.3106
vn -0.2891 0.9053 -0.3111
vn -0.2088 0.5649 -0.7983
vn -0.3465 0.9311 0.1138
vn -0.3051 -0.8941 0.3278
vn -0.0209 -0.0465 -0.9987
vn -0.0050 -0.0526 -0.9986
vn 0.2042 -0.3491 -0.9146
vn 0.0983 -0.3404 -0.9351
vn 0.0371 -0.0367 -0.9986
vn 0.6983 0.5485 0.4600
vn 0.7503 0.5841 0.3097
vn 0.4260 0.3480 0.8351
vn 0.5347 0.7867 0.3084
vn 0.7929 0.6093 0.0056
vn -0.0088 0.0130 -0.9999
vn -0.2715 0.5429 -0.7947
vn -0.0649 -0.0090 -0.9979
vn 0.0340 0.0178 -0.9993
vn 0.0217 -0.0045 -0.9998
vn 0.7070 -0.7072 -0.0071
vn 0.4482 -0.8939 -0.0044
vn 0.9998 0.0018 -0.0183
vn 0.0572 0.1618 -0.9852
vn 0.9575 -0.1818 0.2237
vn 0.9737 -0.1947 0.1185
vn 0.9839 0.0834 0.1579
vn 0.9831 0.1295 0.1294
vn 0.7222 0.0459 0.6901
vn 0.9893 0.1434 -0.0280
vn 0.9806 -0.1961 -0.0000
vn 0.9819 -0.1892 -0.0047
vn 0.9277 -0.1925 -0.3200
vn -0.0035 -0.0140 -0.9999
vn -0.0054 0.0023 -1.0000
vn 0.1475 -0.5207 -0.8409
vn 0.4616 -0.3360 -0.8210
vn 0.0401 -0.0092 -0.9992
vn -0.0099 0.0243 -0.9997
vn -0.1414 0.1335 -0.9809
vn -0.1228 0.1547 -0.9803
vn -0.0483 0.0455 -0.9978
vn -0.0327 0.0340 -0.9989
vn -0.1078 0.1798 -0.9778
vn 0.6019 0.7716 0.2058
vn 0.5604 0.8122 0.1624
vn 0.6328 0.7445 0.2127
vn 0.5145 0.8575 -0.0000
vn -0.1970 -0.8087 0.5542
vn -0.3190 -0.8602 0.3979
vn 0.0222 -0.9734 0.2280
vn 0.0210 -0.8460 -0.5327
vn -0.4836 -0.4364 0.7587
vn -0.6660 -0.7172 0.2050
vn -0.2962 -0.3656 0.8824
vn -0.0299 -0.0234 0.9993
vn -0.6528 -0.7395 0.1643
vn -0.4481 -0.8940 -0.0000
vn -0.8942 -0.4477 -0.0045
vn -0.8947 -0.4467 0.0044
vn 0.0097 -0.0263 0.9996
vn -0.2464 -0.5692 0.7844
vn -0.1478 -0.5203 0.8411
vn 0.7776 0.2320 -0.5844
vn 0.7769 0.3025 -0.5522
vn 0.5274 0.0785 -0.8460
vn 0.7419 0.2161 0.6348
vn 0.8895 0.0745 0.4509
vn -0.7923 -0.5965 0.1282
vn -0.3935 -0.9188 -0.0301
vn -0.7719 -0.6153 0.1598
vn -0.6652 -0.7345 0.1343
vn -0.6569 -0.5204 0.5456
vn -0.4294 0.6846 0.5890
vn -0.0488 0.2157 0.9752
vn 0.0500 -0.0000 -0.9987
vn 0.8436 0.4662 -0.2666
vn 0.8943 0.4474 -0.0053
vn 0.1875 0.1125 -0.9758
vn 0.1129 0.0723 -0.9910
vn 0.0612 0.0016 -0.9981
vn 0.6033 -0.6970 0.3875
vn 0.4026 -0.7092 0.5787
vn 0.7716 -0.5089 -0.3816
vn 0.5707 -0.6962 -0.4355
vn 0.5399 -0.8256 0.1636
vn 0.0049 -0.0240 -0.9997
vn 0.0186 -0.0111 -0.9998
vn 0.0181 0.0060 -0.9998
vn -0.0183 -0.0155 -0.9997
vn 0.0197 -0.0078 -0.9998
vn 0.0748 -0.6542 -0.7526
vn -0.8393 -0.0235 -0.5431
vn -0.9405 -0.0330 0.3380
vn -0.8682 0.1664 -0.4675
vn -0.6811 -0.1401 -0.7186
vn -0.9383 -0.1772 0.2970
vn -0.4390 -0.2865 -0.8516
vn 0.0621 -0.3770 -0.9241
vn -0.2251 -0.1215 -0.9667
vn 0.4160 -0.7208 0.5545
vn -0.1365 -0.9906 -0.0005
vn 0.0986 -0.9951 0.0003
vn 0.0984 -0.9947 0.0302
vn 0.0967 -0.9938 -0.0543
vn 0.1004 -0.9947 -0.0239
vn 0.1009 -0.9949 -0.0001
vn -0.0045 -0.5154 -0.8569
vn 0.0547 -0.5506 -0.8330
vn -0.1098 -0.1657 -0.9800
vn -0.0265 -0.0931 -0.9953
vn -0.0168 -0.0778 -0.9968
vn -0.1047 -0.1810 -0.9779
vn -0.1722 -0.1531 -0.9731
vn 0.4223 0.7631 0.4892
vn 0.2548 0.6905 0.6769
vn 0.3633 0.8459 -0.3905
vn -0.9537 0.2325 0.1908
vn -0.9669 0.1414 0.2122
vn -0.8358 0.5292 0.1464
vn -0.0137 0.0042 0.9999
vn -0.0143 0.0032 0.9999
vn -0.0087 -0.0135 0.9999
vn -0.7810 0.0046 -0.6246
vn -1.0000 0.0059 0.0029
vn -1.0000 0.0025 -0.0068
vn -0.9892 -0.1460 -0.0095
vn -0.9998 0.0060 -0.0165
vn -0.9784 -0.2064 -0.0067
vn 0.0027 -0.0049 1.0000
vn 0.2816 -0.4047 0.8700
vn 0.2218 -0.2779 0.9346
vn -0.0059 0.0114 0.9999
vn 0.0052 0.0076 1.0000
vn 0.0007 -0.0062 1.0000
vn -0.0039 0.0049 1.0000
vn -0.0082 0.0105 0.9999
vn 0.0513 -0.0983 0.9938
vn -0.1201 -0.9356 -0.3319
vn 0.0723 -0.9485 -0.3084
vn -0.1283 -0.8679 -0.4800
vn -0.2250 -0.7701 -0.5970
vn -0.2672 -0.9118 -0.3120
vn -0.1506 -0.9428 0.2975
vn 0.5514 0.4130 -0.7248
vn 0.7712 0.6361 -0.0233
vn 0.6383 0.7632 -0.1001
vn 0.3529 0.3420 -0.8709
vn -0.1291 0.1115 0.9853
vn -0.1964 0.1008 0.9753
vn 0.0073 -0.0059 1.0000
vn -0.8136 0.5122 0.2751
vn -0.1248 0.1366 0.9827
vn 0.4880 -0.3904 -0.7807
vn 0.7593 -0.6503 -0.0241
vn 0.0199 -0.0273 -0.9994
vn -0.0247 -0.9901 0.1384
vn 0.0420 -0.9658 -0.2560
vn 0.2384 -0.9537 0.1834
vn 0.2530 -0.9578 0.1362
vn 0.3245 -0.9357 0.1387
vn -0.0316 -0.9987 0.0389
vn 0.7958 0.5929 0.1234
vn 0.8932 0.3986 -0.2080
vn 0.4345 0.3825 0.8154
vn 0.6870 0.5915 0.4221
vn 0.7024 0.6133 -0.3612
vn 0.5426 0.2151 0.8120
vn 0.7927 0.1873 0.5802
vn 0.8380 0.4593 0.2944
vn 0.1124 -0.4449 -0.8885
vn 0.6041 -0.3291 -0.7257
vn 0.0235 -0.0228 -0.9995
vn -0.0107 -0.0053 -0.9999
vn 0.8331 -0.5283 -0.1638
vn -0.9692 -0.0267 0.2448
vn -0.9241 0.1391 0.3560
vn -0.9802 -0.1899 -0.0564
vn -0.9420 -0.1591 -0.2955
vn -0.6098 0.0976 0.7865
vn -0.5697 -0.0029 0.8219
vn -0.8705 0.1760 0.4597
vn -0.9117 0.0103 0.4106
vn -0.5715 -0.1253 0.8110
vn 0.2670 -0.1196 0.9562
vn -0.0013 0.0318 0.9995
vn 0.3980 -0.1990 0.8955
vn 0.6906 -0.3199 0.6487
vn 0.0016 0.0617 0.9981
vn 0.0986 -0.3192 -0.9426
vn -0.4748 -0.8796 0.0278
vn -0.4011 -0.6949 0.5969
vn -0.4743 -0.8802 0.0188
vn -0.4742 -0.8804 0.0032
vn -0.4472 -0.8944 -0.0000
vn -0.4467 -0.8946 -0.0104
vn -0.4398 -0.8973 -0.0381
vn -0.3125 -0.9498 0.0129
vn -0.4450 -0.7452 0.4967
vn -0.3162 -0.9487 0.0019
vn -0.4829 -0.8594 -0.1679
vn 0.5471 -0.5937 -0.5900
vn 0.3413 -0.5297 -0.7765
vn 0.5220 -0.8362 -0.1682
vn -0.1016 -0.9939 -0.0426
vn -0.4753 -0.7757 0.4152
vn -0.6083 -0.6159 0.5006
vn -0.6250 -0.6736 -0.3945
vn -0.6506 -0.6720 0.3537
vn -0.4372 -0.4322 0.7887
vn -0.4592 -0.4772 0.7493
vn -0.4532 -0.8248 -0.3381
vn -0.0042 -0.0327 0.9995
vn 0.2645 -0.6118 0.7455
vn 0.2576 0.4227 -0.8689
vn -0.6402 0.7675 0.0329
vn -0.4130 0.5325 0.7388
vn -0.0008 -0.9399 -0.3415
vn -0.0017 -0.6012 -0.7991
vn -0.0007 -0.9398 -0.3416
vn 0.3133 -0.7832 -0.5371
vn 0.9995 0.0314 -0.0097
vn 0.6138 0.0273 -0.7890
vn 0.1562 -0.3124 -0.9370
vn 0.1319 0.8739 0.4679
vn -0.0137 0.8854 0.4647
vn -0.2060 0.8631 -0.4612
vn 0.8938 0.0512 -0.4456
vn 0.7084 -0.1908 -0.6795
vn 0.7837 0.0232 -0.6207
vn 0.8526 0.2637 -0.4512
vn 0.8123 0.2183 0.5409
vn 0.0087 -0.0287 0.9995
vn -0.0259 -0.6632 0.7480
vn 0.0932 -0.5601 0.8232
vn -0.0075 -0.0098 0.9999
vn -0.0172 -0.0303 0.9994
vn -0.3958 0.9182 -0.0180
vn -0.2446 0.5662 0.7871
vn 0.0789 0.0551 -0.9954
vn 0.0829 0.0556 -0.9950
vn 0.0196 0.0440 -0.9988
vn 0.8540 0.5202 -0.0000
vn 0.8550 0.5083 -0.1030
vn 0.8483 0.5183 -0.1086
vn 0.8012 0.4809 -0.3561
vn 0.8627 0.4744 0.1753
vn 0.8119 0.4589 -0.3608
vn 0.7548 0.4812 -0.4458
vn -0.0771 0.2421 0.9672
vn 0.0298 0.0044 0.9995
vn 0.0027 -0.0035 1.0000
vn 0.0454 -0.2423 0.9691
vn 0.0013 -0.0036 1.0000
vn -0.1535 -0.2058 -0.9665
vn -0.0180 -0.0581 -0.9981
vn 0.0144 -0.0099 -0.9998
vn 0.0126 -0.0001 -0.9999
vn -0.0799 -0.0611 0.9949
vn -0.1500 -0.0570 0.9870
vn 0.0219 -0.0100 0.9997
vn -0.7076 -0.7001 0.0957
vn -0.1536 -0.1049 0.9825
vn 0.4916 -0.8701 0.0354
vn 0.7555 -0.5497 -0.3564
vn 0.7466 -0.6586 -0.0941
vn -0.0376 -0.0142 -0.9992
vn -0.2074 -0.0783 -0.9751
vn -0.0206 0.0083 -0.9998
vn 0.0064 -0.0207 -0.9998
vn 0.7649 -0.6441 0.0038
vn 0.7647 -0.6443 -0.0126
vn 0.9999 0.0005 0.0116
vn 1.0000 -0.0006 0.0065
vn 0.7138 -0.0167 0.7001
vn 0.8191 -0.5736 -0.0096
vn -0.7097 -0.7045 -0.0070
vn -0.9998 0.0145 -0.0097
vn -0.7080 -0.7062 0.0069
vn -0.2744 -0.8459 -0.4573
vn -0.7078 -0.7064 0.0070
vn 0.1779 -0.9829 0.0474
vn -0.6373 0.3583 -0.6822
vn -0.6125 0.6356 -0.4699
vn -0.6829 0.4143 -0.6017
vn -0.7148 0.3141 -0.6248
vn -0.8550 0.5184 0.0154
vn -0.8165 0.3648 0.4476
vn -0.9181 0.3932 -0.0492
vn -0.4295 0.3302 -0.8406
vn -0.6328 0.7179 -0.2902
vn 0.1998 0.6697 0.7153
vn 0.3670 0.8874 0.2788
vn 0.4067 -0.2018 -0.8910
vn 0.9105 -0.4091 -0.0606
vn 0.8652 -0.4966 -0.0691
vn 0.3087 -0.0595 -0.9493
vn 0.1337 -0.0919 -0.9868
vn 0.1088 -0.0309 -0.9936
vn 0.0916 -0.0412 -0.9949
vn 0.9787 -0.1860 -0.0872
vn 0.7681 -0.6403 0.0068
vn 0.7683 -0.6401 -0.0046
vn 0.7687 -0.6392 0.0253
vn 0.3774 -0.2725 0.8850
vn -0.5977 -0.7713 0.2185
vn -0.3343 -0.6122 0.7165
vn -0.2037 -0.3623 0.9095
vn 0.3441 0.8045 -0.4841
vn 0.2148 0.7872 -0.5781
vn 0.5936 0.7465 -0.3007
vn 0.2779 0.9182 0.2822
vn -0.3678 0.9261 0.0843
vn -0.2131 0.9147 -0.3434
vn -0.1884 0.5558 -0.8097
vn -0.9856 -0.1691 -0.0065
vn -0.8833 -0.4681 -0.0270
vn -0.9257 -0.3344 0.1770
vn -0.9926 -0.0746 0.0962
vn 0.5703 -0.7337 -0.3695
vn 0.4746 -0.4974 -0.7262
vn 0.6363 -0.7715 -0.0065
vn 0.6247 -0.7809 -0.0037
vn 0.5640 -0.8257 -0.0083
vn 0.1640 -0.4429 -0.8815
vn 0.5920 0.8029 0.0704
vn 0.4964 0.6433 0.5828
vn 0.4330 0.7088 0.5569
vn 0.7756 0.4006 -0.4879
vn 0.8030 0.4938 0.3338
vn 0.6668 0.4490 -0.5948
vn 0.4418 0.3891 -0.8084
vn -0.0018 -0.0015 -1.0000
vn 0.1685 -0.4331 -0.8855
vn 0.0052 -0.0056 -1.0000
vn -0.9875 0.1566 -0.0157
vn -0.7557 -0.0227 -0.6545
vn -0.8492 -0.0400 -0.5266
vn -0.4191 0.0573 -0.9061
vn 0.8788 -0.4550 0.1437
vn 0.7426 -0.3737 0.5558
vn -0.2599 0.9514 -0.1650
vn 0.0398 -0.0382 -0.9985
vn -0.0357 -0.9994 0.0004
vn -0.0357 -0.9993 -0.0113
vn 0.0716 -0.9973 -0.0182
vn -0.0312 -0.9995 -0.0004
vn 0.1759 -0.9844 -0.0021
vn -0.6164 0.7580 0.2131
vn -0.5500 0.8351 -0.0056
vn -0.3193 0.5377 -0.7804
vn 0.3939 0.9192 -0.0000
vn 0.3936 0.9192 -0.0107
vn 0.2104 0.9775 0.0128
vn 0.0038 0.9999 0.0114
vn 0.0778 0.5832 0.8086
vn 0.1463 0.3959 0.9066
vn 0.5260 0.8504 0.0082
vn 0.3514 0.9362 -0.0041
vn 0.4472 -0.0050 -0.8944
vn -0.1296 -0.6112 0.7808
vn -0.0148 -0.0150 0.9998
vn -0.1963 -0.4921 0.8481
vn -0.0606 -0.9891 0.1341
vn -0.2176 -0.9573 0.1902
vn -0.6931 -0.5353 -0.4828
vn -0.6607 -0.5910 0.4627
vn -0.0115 -0.0386 -0.9992
vn -0.0065 -0.0651 -0.9979
vn -0.0428 -0.0855 -0.9954
vn -0.0115 -0.0021 -0.9999
vn -0.0217 -0.0122 -0.9997
vn -0.0117 0.0038 -0.9999
vn 0.0023 -0.0038 -1.0000
vn -0.0021 0.0001 -1.0000
vn 0.0206 -0.0331 -0.9992
vn -0.0034 0.0026 -1.0000
vn -0.0453 -0.0591 -0.9972
vn 0.0870 0.2006 0.9758
vn 0.0187 0.2284 0.9734
vn -0.0288 0.0471 0.9985
vn -0.9705 0.1801 -0.1601
vn -0.9890 -0.1407 0.0450
vn -0.8596 -0.3203 -0.3982
vn -0.9518 -0.2995 0.0661
vn -0.9885 -0.1510 0.0104
vn -0.8994 0.0296 -0.4361
vn -0.4683 -0.0453 -0.8824
vn -0.0085 -0.0322 -0.9994
vn 1.0000 0.0078 -0.0058
vn 0.8691 -0.4945 0.0097
vn 0.3522 -0.6162 0.7044
vn 0.1146 -0.9934 -0.0000
vn 0.4190 -0.9080 -0.0000
vn 0.1116 0.1726 -0.9787
vn 0.0129 0.0057 -0.9999
vn 0.1242 -0.0293 0.9918
vn 0.0097 0.0518 0.9986
vn 0.4585 0.8056 -0.3752
vn -0.0068 0.0102 0.9999
vn -0.5099 0.5100 0.6927
vn 0.4443 -0.6722 -0.5923
vn 0.5225 0.8430 0.1280
vn 0.3408 0.9261 0.1619
vn 0.1705 0.5556 0.8138
vn 0.9855 -0.0703 0.1541
vn 0.9393 -0.1806 0.2918
vn -0.0106 0.0013 0.9999
vn -0.1087 -0.1099 0.9880
vn -0.2257 -0.1724 0.9588
vn -0.4143 -0.4257 0.8044
vn -0.3423 -0.4194 0.8408
vn 0.6682 -0.6044 0.4339
vn 0.0021 0.0331 0.9994
vn -0.0047 0.0255 0.9997
vn 0.7665 -0.6422 -0.0057
vn 0.6426 -0.7661 0.0152
vn -0.0249 -0.0070 -0.9997
vn -0.0016 0.0016 -1.0000
vn 0.0104 0.0089 -0.9999
vn 0.0201 0.0150 -0.9997
vn -0.0036 0.0017 -1.0000
vn -0.0036 0.0014 -1.0000
vn 0.0867 0.0221 -0.9960
vn 0.0859 0.0175 -0.9962
vn 0.0122 -0.0046 -0.9999
vn 0.0154 -0.0053 -0.9999
vn 0.0151 -0.0052 -0.9999
vn 0.0084 0.0107 -0.9999
vn 0.1055 -0.8770 -0.4688
vn -0.0068 -0.8595 -0.5110
vn 0.0327 -0.9832 0.1795
vn 0.0849 -0.9177 -0.3881
vn 0.3084 -0.8875 -0.3423
vn -0.2119 -0.5958 -0.7747
vn -0.6305 -0.7093 0.3152
vn -0.7243 -0.6894 -0.0041
vn -1.0000 -0.0059 -0.0000
vn -0.6006 -0.0024 -0.7996
vn -0.7788 -0.0055 -0.6272
vn -0.0084 0.0101 0.9999
vn -0.4280 -0.3359 0.8390
vn -0.6026 0.7088 -0.3667
vn -0.7606 0.5655 -0.3189
vn 0.1043 -0.0782 -0.9915
vn -0.0978 -0.2773 0.9558
vn -0.1502 -0.6911 0.7070
vn -0.0428 -0.3147 0.9482
vn 0.1053 0.9863 0.1269
vn 0.2268 -0.9736 -0.0245
vn 0.0317 -0.3237 -0.9456
vn 0.0940 -0.3779 -0.9211
vn 0.2302 -0.9724 -0.0389
vn 0.2273 -0.9738 0.0027
vn 0.0769 -0.9970 -0.0095
vn 0.0605 -0.5123 -0.8567
vn 0.2425 -0.9701 -0.0000
vn 0.9396 -0.3413 -0.0244
vn 0.5739 -0.2206 0.7886
vn 0.7181 -0.4684 0.5147
vn -0.5993 -0.2492 -0.7608
vn -0.7046 -0.5383 -0.4623
vn -0.7514 -0.4904 0.4415
vn -0.4204 -0.0588 -0.9054
vn 0.1876 -0.4304 -0.8829
vn 0.2647 -0.7615 -0.5916
vn 0.2184 -0.7841 -0.5810
vn 0.2165 -0.7811 -0.5856
vn 0.1248 -0.4025 -0.9069
vn 0.1119 -0.3719 -0.9215
vn -0.0081 -0.0110 -0.9999
vn 0.1837 -0.4244 -0.8866
vn 0.2885 -0.7510 -0.5940
vn 0.3474 -0.7147 -0.6071
vn 0.8669 0.4897 0.0926
vn 0.8818 0.4595 0.1063
vn 0.6362 0.4126 0.6519
vn 0.7607 0.3186 0.5656
vn 0.7566 0.6357 0.1534
vn 0.0055 0.0080 -1.0000
vn 0.0022 0.0097 -1.0000
vn 0.0065 0.0122 -0.9999
vn 0.0241 -0.0100 -0.9997
vn -0.0187 -0.0211 -0.9996
vn 0.0018 0.0021 -1.0000
vn -0.0006 -0.0140 -0.9999
vn -0.0004 -0.0066 -1.0000
vn -0.0080 -0.0092 -0.9999
vn 0.0218 0.0201 -0.9996
vn -0.0143 -0.0098 -0.9998
vn -0.0145 -0.0101 -0.9998
vn -0.0141 -0.0096 -0.9999
vn -0.0139 -0.0094 -0.9999
vn 0.4589 -0.8524 -0.2507
vn 0.0224 0.0205 -0.9995
vn 0.0049 0.0007 1.0000
vn 0.0010 -0.0025 1.0000
vn 0.0025 -0.0009 1.0000
vn -0.2116 -0.0407 0.9765
vn -0.0060 0.0315 0.9995
vn -0.0058 -0.0009 1.0000
vn 0.0160 -0.0004 0.9999
vn 0.0187 0.0238 0.9995
vn -0.0153 0.0238 0.9996
vn -0.0560 0.0238 0.9981
vn 0.0750 0.0553 0.9957
vn 0.0031 0.0065 1.0000
vn 0.3772 -0.9002 0.2176
vn 0.4058 -0.8402 -0.3597
vn 0.2303 -0.9368 -0.2632
vn 0.3833 -0.8752 0.2953
vn 0.4019 -0.7615 -0.5085
vn -0.1072 -0.9942 0.0042
vn 0.0115 -0.0090 -0.9999
vn 0.0054 -0.6351 -0.7724
vn -0.0064 -0.8899 -0.4561
vn -0.0081 0.8900 -0.4559
vn 0.1657 0.9530 -0.2536
vn 0.1401 0.7086 -0.6916
vn 0.0267 0.8637 -0.5032
vn 0.0271 0.9014 0.4321
vn -0.2618 0.8524 -0.4527
vn 0.8756 0.0385 0.4815
vn 0.8394 -0.1909 0.5088
vn 0.9797 -0.2001 -0.0081
vn 0.0189 -0.0218 0.9996
vn -0.0001 0.0201 0.9998
vn -0.0204 -0.0045 0.9998
vn -0.1063 0.8101 -0.5766
vn 0.0931 0.9088 -0.4067
vn -0.0209 0.9244 0.3808
vn -0.2344 0.8940 -0.3819
vn 0.3560 0.1729 -0.9184
vn 0.9824 -0.1096 -0.1512
vn -0.0074 0.0033 -1.0000
vn -0.0088 0.0036 -1.0000
vn 0.9426 0.2495 0.2218
vn 0.0398 -0.0225 0.9990
vn 0.1157 -0.1228 0.9857
vn -0.9922 -0.0239 0.1220
vn -0.9796 -0.1931 0.0549
vn -0.6685 -0.1748 0.7229
vn -0.9482 0.1820 0.2603
vn -0.9921 0.1243 -0.0188
vn -0.9910 -0.0901 -0.0987
vn 0.4827 -0.8603 -0.1638
vn 0.4485 -0.8938 0.0043
vn 0.0048 -0.9686 0.2487
vn -0.4668 -0.5812 -0.6665
vn -0.6305 -0.7759 -0.0202
vn -0.6309 -0.7750 -0.0351
vn -0.4620 -0.4582 -0.7593
vn -0.0153 -0.0645 -0.9978
vn -0.1609 -0.3606 -0.9187
vn -0.6218 -0.6650 -0.4137
vn -0.6078 -0.6972 -0.3802
vn -0.1922 -0.5430 0.8174
vn -0.1235 -0.3614 0.9242
vn -0.3232 -0.4330 0.8415
vn -0.3131 -0.4816 0.8186
vn -0.0357 0.2336 -0.9717
vn -0.0576 0.2238 -0.9729
vn -0.0407 -0.0013 0.9992
vn -0.0841 0.1210 0.9891
vn -0.7529 -0.3227 -0.5736
vn -0.7307 -0.3736 -0.5714
vn 0.0097 -0.6522 -0.7579
vn 0.6914 -0.6666 0.2786
vn -0.2097 -0.4732 0.8556
vn 0.0092 -0.0042 0.9999
vn -0.2177 -0.3201 0.9220
vn -0.0128 -0.0262 -0.9996
vn -0.0234 0.0133 -0.9996
vn -0.3930 -0.9020 -0.1787
vn 0.0314 -0.0044 0.9995
vn -0.1741 -0.2009 0.9640
vn 0.0097 0.0021 1.0000
vn -0.5878 -0.7995 0.1233
vn -0.7643 -0.6025 -0.2301
vn -0.7194 -0.6944 -0.0153
vn -0.6404 -0.3012 -0.7065
vn -0.8624 -0.4556 -0.2205
vn 0.1029 -0.9937 -0.0442
vn 0.1037 -0.4842 -0.8688
vn 0.1064 -0.9943 -0.0059
vn 0.4191 -0.9079 -0.0054
vn 0.0009 -0.0118 -0.9999
vn 0.0119 0.0037 -0.9999
vn 0.0037 -0.0251 -0.9997
vn -0.2169 0.8881 -0.4052
vn -0.1846 0.5371 -0.8230
vn 0.5941 0.6912 0.4113
vn -0.0306 0.1434 -0.9892
vn -0.0114 0.0140 -0.9998
vn -0.0313 -0.0050 -0.9995
vn -0.0249 0.2176 -0.9757
vn -0.3635 0.9206 0.1427
vn -0.1829 0.3336 -0.9248
vn -0.4637 0.8460 -0.2632
vn -0.4056 0.8735 -0.2693
vn -0.6644 -0.7474 -0.0000
vn 0.0127 -0.0015 -0.9999
vn -0.0056 -0.0037 -1.0000
vn 0.0130 -0.0038 -0.9999
vn 0.0122 -0.0028 -0.9999
vn -0.2190 -0.9640 0.1510
vn -0.3505 -0.9251 -0.1460
vn -0.1708 -0.9680 -0.1839
vn -0.4379 -0.8696 0.2280
vn -0.0932 -0.9736 0.2082
vn 0.2733 0.3436 -0.8985
vn 0.1973 0.1509 -0.9687
vn 0.1230 0.1366 -0.9830
vn 0.0299 0.0419 -0.9987
vn -0.1780 0.1713 0.9690
vn -0.0078 0.0304 0.9995
vn -0.1220 0.2033 0.9715
vn 0.4877 -0.8380 -0.2447
vn 0.5896 -0.6832 0.4308
vn 0.3832 -0.8947 -0.2295
vn -0.7661 0.2304 0.6000
vn -0.9126 0.3060 0.2713
vn -0.8400 0.2912 0.4579
vn -0.7854 0.1062 0.6099
vn -0.0208 -0.6724 0.7399
vn -0.0316 -0.6759 0.7363
vn -0.6288 -0.7775 -0.0083
vn -0.4881 -0.8647 -0.1184
vn -0.3467 -0.9380 0.0040
vn -0.5129 -0.8582 -0.0234
vn -0.6016 -0.7779 -0.1817
vn 0.1273 0.8028 0.5825
vn 0.3696 0.8569 -0.3594
vn 0.1595 -0.5810 -0.7981
vn 0.2649 -0.5294 -0.8059
vn 0.3412 -0.8312 -0.4389
vn 0.1594 -0.5546 -0.8167
vn 0.0348 -0.9988 -0.0333
vn -0.1052 -0.9025 0.4177
vn 0.0419 -0.9403 0.3379
vn 0.0501 -0.5775 -0.8149
vn 0.2895 -0.9553 -0.0598
vn -0.1489 -0.9334 -0.3266
vn -0.2892 0.9444 -0.1563
vn -0.1715 0.5056 -0.8455
vn -0.3789 0.9114 -0.1607
vn -0.3769 0.9261 -0.0168
vn 0.9050 -0.4022 0.1387
vn 0.3761 -0.1671 -0.9114
vn -0.4534 -0.8720 -0.1844
vn -0.3187 -0.9224 -0.2180
vn -0.4161 -0.7242 -0.5499
vn -0.4590 -0.8827 -0.1008
vn -0.5041 -0.8634 0.0223
vn 0.0714 -0.1920 -0.9788
vn 0.8233 0.4623 -0.3293
vn 0.9517 0.0873 -0.2945
vn 0.3957 -0.9149 0.0795
vn 0.4376 -0.7962 0.4177
vn 0.2414 -0.9656 0.0966
vn 0.3145 -0.8939 0.3193
vn 0.5407 -0.7615 -0.3574
vn 0.0010 -0.0674 0.9977
vn 0.0265 -0.2301 0.9728
vn 0.1461 -0.5136 0.8455
vn -0.0061 -0.0469 0.9989
vn -0.0139 -0.0159 0.9998
vn 0.0351 -0.0175 0.9992
vn 0.0023 -0.0048 1.0000
vn -0.9155 0.1930 0.3529
vn -0.7817 0.1978 -0.5915
vn -0.9270 0.3666 0.0797
vn -0.7054 0.1206 0.6985
vn -0.0088 0.0033 1.0000
vn -0.0188 -0.0024 0.9998
vn 0.8898 -0.4564 -0.0000
vn 0.1939 -0.9307 -0.3102
vn 0.0030 -0.1822 -0.9833
vn 0.2028 -0.3017 0.9316
vn 0.0246 -0.0224 0.9994
vn 0.3157 -0.5470 0.7754
vn 0.0299 -0.0326 0.9990
vn 0.2195 -0.4688 0.8556
vn 0.0945 0.0420 0.9946
vn -0.3730 -0.9152 -0.1525
vn -0.4433 -0.8908 -0.0994
vn -0.3687 -0.9137 -0.1709
vn -0.3417 -0.9398 -0.0000
vn 0.2884 0.8524 -0.4361
vn 0.4655 0.7749 -0.4276
vn 0.2307 0.8641 0.4474
vn -0.0091 -0.0042 -0.9999
vn -0.0008 -0.0141 -0.9999
vn 0.0107 -0.0007 -0.9999
vn 0.0102 0.0013 -0.9999
vn -0.0138 -0.0125 -0.9998
vn -0.0037 -0.0064 -1.0000
vn 0.1141 -0.9935 -0.0062
vn 0.0785 -0.9966 0.0235
vn -0.1444 -0.9880 -0.0544
vn -0.3091 -0.8275 -0.4687
vn 0.0641 -0.0186 -0.9978
vn 0.1781 -0.0253 -0.9837
vn 0.7894 -0.5992 0.1337
vn 0.6256 -0.7605 -0.1742
vn 0.7357 -0.6431 0.2125
vn -0.6727 -0.3034 0.6749
vn -0.9840 -0.1560 0.0860
vn -0.0096 0.0030 -0.9999
vn -0.0144 0.0070 -0.9999
vn 0.0177 -0.0425 -0.9989
vn -0.0030 0.0045 -1.0000
vn -0.0084 -0.0048 -1.0000
vn 0.4216 -0.5270 -0.7379
vn 0.6357 -0.6081 -0.4754
vn -0.1110 -0.9933 0.0333
vn -0.1293 -0.9474 0.2926
vn -0.0475 -0.8498 0.5249
vn -0.0648 -0.7623 0.6440
vn -0.9220 0.3871 0.0092
vn -0.7476 0.6641 0.0042
vn -0.7208 -0.6127 -0.3241
vn -0.3022 -0.3330 -0.8932
vn -0.6433 -0.6877 -0.3365
vn -0.7619 -0.6476 0.0007
vn -0.6711 -0.5374 -0.5107
vn -0.6646 0.3718 0.6481
vn -0.5576 0.5586 0.6140
vn -0.4906 0.7298 0.4761
vn -0.0668 -0.9591 0.2752
vn -0.0875 -0.6918 0.7168
vn -0.1161 -0.9714 0.2071
vn 0.1387 -0.9418 0.3062
vn -0.0110 -0.5715 0.8205
vn -0.1382 -0.9903 -0.0140
vn -0.0132 -0.9976 0.0684
vn -0.0226 -0.0789 -0.9966
vn -0.4049 -0.9143 -0.0045
vn -0.4147 -0.8992 -0.1391
vn -0.4084 -0.8877 0.2126
vn -0.8219 0.5188 -0.2350
vn -0.8361 0.5306 -0.1393
vn -0.9444 0.2951 -0.1453
vn -0.9994 0.0333 -0.0000
vn 0.1350 0.5107 0.8491
vn -0.0428 0.5070 0.8609
vn -0.1595 0.7746 0.6120
vn 0.3746 -0.0509 -0.9258
vn 0.4790 -0.1147 -0.8703
vn 0.7866 0.3832 0.4841
vn -0.0510 0.1243 0.9909
vn -0.6718 -0.7113 -0.2067
vn -0.7695 -0.6337 -0.0789
vn 1.0000 -0.0059 0.0071
vn 1.0000 -0.0059 0.0001
vn 1.0000 -0.0036 0.0044
vn 0.9999 -0.0060 -0.0090
vn 0.4474 -0.0026 0.8943
vn 0.2570 0.2555 -0.9320
vn 0.0003 -0.0150 -0.9999
vn 0.0128 -0.0144 -0.9998
vn 0.0022 -0.0135 -0.9999
vn 0.0110 -0.0242 -0.9996
vn -0.0379 0.0157 -0.9992
vn -0.0204 0.0038 -0.9998
vn -0.0202 0.0084 -0.9998
vn 0.0022 0.0078 -1.0000
vn -0.0221 0.5419 -0.8402
vn -0.0357 0.0579 -0.9977
vn 0.9623 -0.0594 0.2653
vn 0.9348 0.0368 0.3533
vn 0.4201 -0.7964 0.4350
vn 0.2696 -0.9630 -0.0000
vn 0.2143 -0.9684 0.1276
vn 0.1771 -0.9837 -0.0303
vn 0.1752 -0.9635 0.2022
vn 0.2426 -0.9701 -0.0001
vn 0.3699 -0.8760 0.3095
vn 0.5120 -0.8326 0.2112
vn 0.2711 -0.6242 0.7327
vn 0.4328 -0.8986 -0.0716
vn -0.7307 0.5353 0.4236
vn -0.6138 0.6692 0.4189
vn -0.7698 0.4882 0.4111
vn -0.0477 0.0037 0.9989
vn -0.0098 -0.0011 1.0000
vn -0.0104 0.0008 0.9999
vn -0.0068 0.0005 1.0000
vn -0.5301 0.0063 -0.8479
vn -0.1640 0.0019 -0.9865
vn 0.1068 0.7708 0.6281
vn -0.0185 0.8402 0.5419
vn 0.1644 0.9861 0.0235
vn 0.3629 0.8792 0.3086
vn 0.2404 0.6400 0.7298
vn 0.3846 0.9231 -0.0000
vn 0.3815 0.9243 -0.0092
vn 0.1372 0.9174 0.3736
vn 0.2465 -0.8592 -0.4483
vn -0.1807 0.5147 -0.8381
vn -0.2154 0.4813 -0.8497
vn -0.4259 0.9034 -0.0502
vn -0.3452 0.8048 -0.4828
vn -0.6222 -0.7828 -0.0000
vn -0.5072 -0.8583 -0.0781
vn 0.5728 -0.8195 0.0163
vn -0.0106 0.0181 0.9998
vn -0.0207 0.0146 0.9997
vn 0.9997 0.0026 0.0248
vn 0.9965 0.0830 -0.0000
vn 0.4427 -0.8472 -0.2936
vn 0.3371 -0.7914 0.5099
vn 0.3967 -0.6195 -0.6773
vn 0.6233 -0.6715 -0.4007
vn 0.0319 -0.4470 -0.8940
vn -0.0871 -0.7886 -0.6087
vn -0.0173 -0.0356 -0.9992
vn 0.0357 0.0036 -0.9994
vn 0.0103 -0.3101 -0.9506
vn -0.9710 -0.2342 0.0488
vn -0.9704 -0.2361 0.0516
vn -0.9704 -0.2360 0.0514
vn -0.6625 -0.1312 0.7375
vn -0.9466 0.1730 -0.2722
vn 0.0049 0.0078 -1.0000
vn 0.0057 0.0053 -1.0000
vn 0.0077 0.0047 -1.0000
vn 0.4932 -0.8699 -0.0014
vn 0.4219 -0.9064 -0.0204
vn 0.1635 -0.4010 -0.9014
vn 0.1985 -0.2842 -0.9380
vn 0.8999 0.4354 0.0256
vn 0.7367 0.5982 -0.3153
vn -0.0915 -0.0428 -0.9949
vn 0.2067 0.1654 -0.9643
vn -1.0000 0.0060 -0.0000
vn -0.9999 0.0120 -0.0118
vn -0.7102 0.7040 0.0083
vn -0.6055 0.0085 0.7958
vn 0.2120 0.4679 -0.8580
vn 0.0980 0.5152 -0.8514
vn 0.0172 -0.0172 0.9997
vn 0.0234 -0.0234 0.9995
vn -0.0010 0.8683 -0.4961
vn -0.0015 0.8321 -0.5546
vn 0.0025 0.9398 0.3417
vn 0.0027 0.9763 0.2166
vn 0.0027 0.9762 0.2169
vn 0.8528 -0.4085 -0.3252
vn 0.8669 -0.4713 -0.1622
vn 0.8175 -0.5446 -0.1874
vn -0.0136 -0.0200 0.9997
vn -0.2425 -0.9701 -0.0000
vn -0.2299 -0.9038 0.3610
vn -0.2137 -0.8181 0.5339
vn -0.0400 -0.9421 -0.3329
vn 0.3623 -0.5575 -0.7470
vn 0.2488 -0.6574 -0.7113
vn 0.0155 0.0087 -0.9998
vn 0.0049 0.0073 -1.0000
vn 0.0047 -0.0065 -1.0000
vn -0.9621 -0.1783 -0.2065
vn 0.1068 -0.9943 -0.0060
vn 0.1114 -0.9926 0.0475
vn 0.1063 -0.9943 0.0065
vn -0.1134 -0.8625 -0.4931
vn -0.1193 -0.9928 -0.0060
vn 0.4029 0.0612 -0.9132
vn 0.6425 0.2852 -0.7112
vn 0.7347 0.4541 -0.5040
vn 0.4955 0.0369 -0.8678
vn 0.0058 -0.0067 -1.0000
vn 0.3749 -0.2025 -0.9047
vn -0.0057 0.0031 -1.0000
vn -0.5872 -0.0892 -0.8045
vn -0.2201 -0.9751 0.0270
vn -0.1160 -0.4795 0.8698
vn -0.4033 -0.5356 0.7420
vn -0.6323 -0.7744 0.0210
vn 0.4183 0.2725 -0.8665
vn 0.3856 0.3211 -0.8650
vn 0.4183 0.2726 -0.8665
vn 0.8883 0.4590 0.0137
vn 0.4582 0.2086 -0.8640
vn 0.9620 0.2721 0.0245
vn 0.5190 0.3753 -0.7680
vn 0.0057 -0.0104 0.9999
vn 0.0058 -0.0067 1.0000
vn 0.0077 -0.0041 1.0000
vn -0.5784 -0.5719 0.5817
vn -0.4800 -0.2427 0.8430
vn 0.4906 -0.5897 -0.6416
vn 0.0559 -0.4572 -0.8876
vn -0.0072 -0.6122 -0.7907
vn -0.1238 -0.8904 -0.4381
vn 0.0182 -0.1821 -0.9831
vn -0.6248 0.7730 0.1098
vn -0.5439 0.8353 0.0801
vn -0.5337 0.8365 -0.1239
vn -0.6566 0.7248 -0.2089
vn -0.7860 0.6154 0.0592
vn -0.5060 0.4725 0.7216
vn 0.5450 0.0015 0.8384
vn 0.0176 -0.4495 -0.8931
vn 0.0197 0.0145 -0.9997
vn -0.0111 0.0166 -0.9998
vn -0.6775 -0.7355 0.0040
vn -0.7898 -0.6132 -0.0126
vn -0.1015 -0.3229 0.9410
vn -0.0376 -0.3009 0.9529
vn 0.0429 0.0534 -0.9977
vn 0.0380 0.0241 -0.9990
vn 0.1165 0.1784 -0.9770
vn 0.1285 0.1477 -0.9806
vn -0.0181 0.0045 0.9998
vn 0.0135 -0.0389 0.9992
vn -0.0557 0.0480 0.9973
vn -0.1998 0.1040 0.9743
vn 0.0497 -0.0994 0.9938
vn -0.9814 0.1790 0.0693
vn -0.7891 0.3731 -0.4880
vn -0.6288 -0.5352 -0.5641
vn -0.0123 0.0113 0.9999
vn 0.0178 0.0263 -0.9995
vn -0.0009 0.1240 -0.9923
vn -0.0049 0.0040 -1.0000
vn -0.0000 0.0263 -0.9997
vn 0.2890 -0.6376 0.7141
vn 0.1218 -0.3217 0.9390
vn 0.1217 -0.4471 0.8861
vn -0.0000 -0.0758 0.9971
vn -0.0016 -0.0038 1.0000
vn -0.0428 -0.2140 0.9759
vn -0.0290 -0.0766 0.9966
vn -0.0932 -0.2098 0.9733
vn 0.4973 -0.4385 -0.7486
vn 0.5693 0.8214 0.0345
vn 0.5386 0.7077 0.4571
vn 0.1865 0.4098 0.8929
vn -0.1013 0.6799 -0.7263
vn -0.1453 0.6064 -0.7818
vn 0.9977 0.0664 0.0100
vn 0.4986 -0.2667 0.8248
vn 0.4894 -0.2723 0.8285
vn 0.7039 -0.3349 0.6264
vn 0.1072 -0.0637 0.9922
vn -0.4006 -0.7155 -0.5724
vn 0.2050 -0.7214 -0.6615
vn -0.0555 0.0005 0.9985
vn -0.1240 0.0029 0.9923
vn -0.1188 0.2832 0.9517
vn -0.4463 0.0026 0.8949
vn 0.0049 -0.0033 -1.0000
vn 0.0136 -0.0133 -0.9998
vn 0.6135 -0.7796 0.1256
vn 0.6679 -0.7440 -0.0187
vn 0.7391 -0.6024 0.3012
vn 0.4176 -0.4216 0.8049
vn 0.5453 -0.8382 -0.0134
vn 0.5065 -0.8517 0.1346
vn -0.0180 -0.0431 -0.9989
vn -0.0189 -0.0490 -0.9986
vn -0.1986 -0.4229 -0.8841
vn -0.1474 -0.5099 0.8475
vn 0.8697 0.2620 -0.4183
vn 0.7406 0.6681 -0.0712
vn 0.4667 0.4551 0.7583
vn 0.5714 -0.3426 0.7457
vn 0.6100 -0.5657 0.5549
vn 0.4724 -0.2432 0.8472
vn 0.3568 -0.5118 0.7815
vn 0.6318 -0.7686 -0.1004
vn 0.0110 0.0007 0.9999
vn 0.0298 -0.0681 0.9972
vn -0.7968 -0.4054 -0.4480
vn -0.7353 -0.3611 -0.5735
vn 0.3905 -0.9151 0.1005
vn 0.0023 0.0090 1.0000
vn -0.0093 -0.0049 0.9999
vn -0.0027 0.0041 1.0000
vn 0.9491 -0.3151 -0.0000
vn 0.9851 -0.1713 0.0137
vn 0.9844 -0.1758 -0.0000
vn -0.0156 -0.9782 -0.2070
vn 0.0040 -0.7575 0.6528
vn 0.0320 -0.9616 -0.2726
vn 0.0109 0.8265 -0.5628
vn -0.0363 0.9541 -0.2973
vn 0.9409 -0.0351 -0.3369
vn 0.8202 -0.2451 -0.5170
vn -0.2199 0.5543 -0.8027
vn -0.2712 0.5114 -0.8154
vn -0.4780 0.8089 -0.3425
vn -0.3681 0.8570 -0.3607
vn 0.0076 -0.0038 1.0000
vn -0.0537 -0.0526 0.9972
vn -0.0203 -0.0124 0.9997
vn 0.2498 0.2538 0.9344
vn -0.0288 -0.0195 0.9994
vn -0.0277 -0.0189 0.9994
vn -0.1333 0.1381 -0.9814
vn 1.0000 -0.0060 -0.0000
vn 1.0000 -0.0059 -0.0000
vn -0.1649 0.0182 -0.9861
vn -0.4200 0.1348 -0.8975
vn 0.5039 -0.8638 -0.0000
vn -0.0098 -0.0067 0.9999
vn 0.0158 -0.4642 0.8856
vn 0.1503 -0.9880 0.0346
vn 0.3019 -0.6820 0.6662
vn -0.7377 -0.4197 0.5288
vn 0.1559 -0.6505 -0.7433
vn 0.0360 0.1316 0.9907
vn 0.1963 -0.9775 -0.0771
vn -0.8574 0.5145 -0.0100
vn -0.8574 0.5145 -0.0099
vn -0.8575 0.5145 -0.0100
vn -0.3658 0.0854 -0.9268
vn -0.4060 -0.6275 -0.6644
vn -0.5422 -0.8399 -0.0228
vn -0.6431 -0.7656 -0.0174
vn -0.2623 -0.7741 -0.5761
vn -0.9770 0.1846 -0.1068
vn -0.9755 0.1789 0.1281
vn -0.0455 -0.0073 0.9989
vn -0.7070 -0.7072 -0.0042
vn -0.7072 -0.7069 0.0124
vn 0.7593 -0.6507 -0.0038
vn -0.7399 -0.6727 0.0040
vn -0.1561 0.2508 -0.9554
vn 0.0024 -0.1730 -0.9849
vn 0.2174 -0.7962 -0.5647
vn -0.0080 -0.0277 0.9996
vn -0.0092 -0.0041 0.9999
vn -0.0096 -0.0096 0.9999
vn 0.3757 -0.7694 0.5166
vn -0.8659 -0.4288 0.2576
vn -0.2543 -0.1121 0.9606
vn -0.2036 -0.5198 -0.8297
vn -0.3705 -0.9286 -0.0212
vn -0.3714 -0.9284 -0.0044
vn -0.4191 -0.9079 0.0050
vn -0.3026 0.1053 -0.9473
vn 0.0210 -0.0346 -0.9992
vn -0.0096 0.0138 -0.9999
vn -0.4165 0.2636 -0.8701
vn 0.0058 0.0021 -1.0000
vn 0.0095 0.0023 -1.0000
vn -0.0085 0.0334 -0.9994
vn -0.9380 0.3465 0.0072
vn -0.9100 0.4066 -0.0814
vn -0.8699 0.4289 -0.2435
vn -0.8148 0.4281 0.3911
vn 0.0184 -0.0060 -0.9998
vn 0.4639 -0.4672 0.7527
vn 0.7439 -0.6500 -0.1551
vn 0.7039 -0.5885 -0.3977
vn 0.6827 -0.7092 -0.1759
vn 0.0265 -0.6523 -0.7575
vn -0.0142 -0.0056 -0.9999
vn -0.1208 0.0304 -0.9922
vn -0.3470 -0.1671 0.9229
vn -0.8874 -0.4473 0.1117
vn -0.0300 -0.9762 -0.2148
vn -0.0116 -0.0046 0.9999
vn 0.0055 -0.0073 1.0000
vn 0.0033 -0.0092 1.0000
vn -0.0002 0.0086 1.0000
vn 0.0039 -0.0075 1.0000
vn 0.0003 -0.0120 0.9999
vn -0.7256 0.4588 -0.5129
vn -0.7659 0.3326 -0.5503
vn -0.6305 0.6382 0.4418
vn -0.7986 0.2682 -0.5388
vn -0.7359 0.4599 -0.4970
vn 0.0107 0.0015 -0.9999
vn -0.0509 -0.2462 0.9679
vn -0.0426 -0.0519 0.9977
vn -0.0581 -0.2196 0.9739
vn 0.0316 -0.2151 0.9761
vn -0.6332 -0.7739 -0.0017
vn -0.6330 -0.7741 0.0059
vn -0.6117 -0.7903 -0.0342
vn -0.3941 -0.5107 -0.7641
vn -0.7648 -0.6441 -0.0150
vn -0.7649 -0.6441 0.0014
vn -0.4894 -0.4074 -0.7711
vn -0.6067 -0.7943 -0.0305
vn -0.6076 -0.7942 -0.0069
vn -0.7738 -0.6169 -0.1434
vn -0.6459 -0.7111 0.2779
vn -0.6457 -0.7284 -0.2290
vn -0.5648 -0.8050 -0.1815
vn -0.5747 -0.7857 0.2291
vn 0.3509 -0.5870 -0.7296
vn 0.8595 -0.5101 -0.0326
vn 0.3616 -0.6686 -0.6498
vn -0.0028 -0.0174 0.9998
vn 0.0162 -0.0255 0.9995
vn -0.0893 -0.5050 0.8585
vn -0.2644 -0.9313 0.2505
vn -0.1728 -0.6243 0.7618
vn -0.0396 -0.0031 -0.9992
vn 0.0117 0.0147 -0.9998
vn -0.1710 0.1962 -0.9655
vn 0.0139 0.0174 -0.9998
vn 0.3021 0.6876 -0.6603
vn 0.3864 0.9217 0.0336
vn 0.4454 0.8953 0.0090
vn 0.8942 0.4477 0.0045
vn 0.8945 0.4470 -0.0022
vn 0.8091 0.5876 -0.0015
vn 1.0000 -0.0010 0.0099
vn 0.9412 0.1938 -0.2768
vn 0.0013 0.9306 0.3661
vn 0.9999 -0.0010 0.0100
vn 0.0458 -0.2140 -0.9758
vn 0.0320 -0.1792 -0.9833
vn 0.0082 -0.1106 -0.9938
vn 0.0023 -0.0786 -0.9969
vn 0.0415 -0.2321 -0.9718
vn -0.0416 -0.9971 0.0639
vn -0.4472 -0.8944 0.0044
vn -0.0135 -0.9999 -0.0000
vn -0.1314 -0.8911 0.4344
vn -0.0653 -0.2987 0.9521
vn 0.3168 -0.0040 0.9485
vn 0.0084 0.0123 0.9999
vn 0.0165 0.0085 0.9998
vn -0.0543 0.0419 0.9976
vn -0.0953 0.0393 0.9947
vn -0.1854 0.0771 0.9796
vn -0.0559 0.0346 0.9978
vn -0.1943 0.1089 0.9749
vn 0.9999 -0.0008 -0.0125
vn 0.4061 -0.8471 0.3429
vn 0.2730 -0.8657 0.4195
vn 0.3836 -0.8071 -0.4488
vn -0.4712 0.6645 0.5800
vn 0.2017 0.5113 -0.8354
vn 0.0013 0.0073 -1.0000
vn 0.0674 0.7746 -0.6288
vn 0.2430 0.9686 0.0525
vn 0.0403 0.0003 0.9992
vn 0.3250 -0.0059 0.9457
vn -0.2624 -0.3248 -0.9086
vn -0.4062 -0.3370 -0.8494
vn -0.7295 -0.6792 -0.0811
vn -0.7280 -0.6641 -0.1702
vn 0.3303 0.9168 -0.2245
vn -0.9706 -0.1297 0.2025
vn -1.0000 -0.0000 0.0100
vn -0.9999 0.0010 0.0100
vn -0.4241 -0.3179 0.8480
vn -0.0010 0.0172 0.9999
vn 0.0005 0.0264 0.9997
vn -0.0020 0.0404 0.9992
vn 0.0037 0.0133 0.9999
vn -0.0381 -0.4015 -0.9151
vn 0.0046 -0.0825 -0.9966
vn -0.0125 -0.0183 -0.9998
vn -0.0210 -0.0326 -0.9992
vn 0.7811 0.4174 -0.4645
vn 0.8897 0.4481 0.0874
vn 0.7934 0.6086 0.0087
vn 0.3481 0.3183 -0.8818
vn 0.4739 0.5624 -0.6776
vn 0.0151 -0.0093 -0.9998
vn -0.8208 -0.3997 0.4081
vn -0.7302 -0.3576 0.5822
vn -0.8822 -0.4451 -0.1537
vn -0.6991 -0.3361 0.6311
vn -0.0237 -0.0091 -0.9997
vn 0.9807 0.1872 -0.0562
vn 0.6734 0.0686 0.7361
vn -0.5341 -0.8394 -0.1008
vn 0.0160 -0.0100 -0.9998
vn 0.0125 0.0060 -0.9999
vn 0.0198 0.0007 -0.9998
vn 0.6795 -0.6985 0.2242
vn 0.5492 -0.8053 0.2233
vn 0.6456 -0.7625 0.0421
vn 0.6840 -0.7210 0.1109
vn 0.1554 0.9878 0.0097
vn 0.2352 0.6749 0.6994
vn 0.9959 0.0905 -0.0000
vn 0.1170 -0.0691 0.9907
vn 0.7808 -0.6247 -0.0092
vn 0.7800 -0.6247 0.0375
vn 0.4454 -0.8952 0.0176
vn 0.4467 -0.8947 0.0044
vn -0.7455 -0.6534 -0.1316
vn -0.6405 0.7677 0.0164
vn -0.7075 0.7066 0.0082
vn -0.7047 0.7091 -0.0254
vn -0.7071 0.7071 -0.0000
vn 0.0064 -0.0039 -1.0000
vn -0.1053 -0.0636 -0.9924
vn 0.5817 0.7362 -0.3458
vn 0.4315 0.7576 0.4898
vn 0.7813 0.6192 0.0781
vn 0.0641 -0.1709 0.9832
vn -0.1693 0.0578 -0.9839
vn -0.1397 0.1197 -0.9829
vn -0.0063 -0.0127 0.9999
vn -0.0066 -0.0026 1.0000
vn 0.8944 -0.4472 -0.0000
vn 0.9999 -0.0002 0.0101
vn 0.1555 -0.9753 0.1569
vn 0.0033 -0.9945 -0.1043
vn 0.1877 -0.9821 -0.0168
vn 0.3240 -0.9314 0.1657
vn -0.2711 -0.9623 -0.0216
vn -0.1457 -0.9861 -0.0799
vn -0.2499 -0.9637 -0.0936
vn -0.0628 -0.1933 -0.9791
vn -0.0008 -0.0147 -0.9999
vn -0.0067 -0.1207 -0.9927
vn -0.0442 -0.2440 -0.9688
vn -0.0757 -0.3254 -0.9426
vn -0.0360 -0.0052 0.9993
vn 0.0454 -0.0000 0.9990
vn -0.0044 0.0036 1.0000
vn -0.0000 -0.0018 1.0000
vn -0.0013 -0.4453 0.8954
vn -0.3983 -0.9164 -0.0399
vn -0.1326 -0.4672 -0.8742
vn -0.3286 0.8900 -0.3161
vn -0.5126 0.8503 -0.1196
vn -0.6544 0.7222 0.2240
vn 0.0121 0.0058 -0.9999
vn 0.0007 -0.0111 -0.9999
vn 0.0003 -0.0080 -1.0000
vn -0.1525 -0.9881 0.0219
vn 0.2255 -0.1368 0.9646
vn -0.5382 -0.4266 0.7269
vn -0.7668 -0.6418 0.0111
vn -0.7139 -0.7001 0.0135
vn 0.6402 0.7682 -0.0075
vn -0.1820 -0.1152 -0.9765
vn -0.9991 -0.0422 -0.0100
vn -0.9991 -0.0410 -0.0100
vn 0.3144 -0.6450 0.6965
vn -0.0007 0.2431 0.9700
vn -0.0000 0.4470 0.8945
vn 0.3910 -0.9055 -0.1646
vn 0.4146 -0.8993 0.1394
vn 0.4218 0.8141 -0.3992
vn 0.0449 -0.2584 -0.9650
vn 0.1374 0.1501 -0.9791
vn -0.0111 -0.0126 -0.9999
vn -0.0100 -0.0263 -0.9996
vn 0.0199 0.0235 -0.9995
vn -0.0315 -0.0097 -0.9995
vn -0.1646 -0.0570 -0.9847
vn -0.0048 0.0053 -1.0000
vn 0.0006 -0.0142 -0.9999
vn -0.2150 0.1125 -0.9701
vn -0.0007 0.0136 -0.9999
vn -0.3582 -0.5180 0.7768
vn -0.4826 -0.5094 0.7124
vn 0.2820 0.3600 -0.8893
vn 0.4717 0.8668 -0.1617
vn 0.5503 0.8342 -0.0354
vn 0.6333 0.7728 -0.0422
vn -0.0000 -0.7808 0.6248
vn -0.0000 -0.7809 0.6247
vn -0.0000 -0.2427 0.9701
vn -0.3932 -0.6557 -0.6446
vn -0.6906 -0.0072 0.7232
vn 0.0027 0.9285 0.3714
vn 0.0938 0.9809 0.1706
vn 0.1981 0.9791 0.0466
vn -0.5186 -0.2593 -0.8148
vn 0.2102 -0.3439 0.9152
vn -0.0059 0.0132 0.9999
vn 0.0090 0.0249 0.9996
vn 0.1822 -0.3825 0.9058
vn 0.1272 -0.4180 0.8995
vn -0.8565 0.4280 -0.2884
vn -0.8465 0.3138 -0.4301
vn 0.1169 -0.6844 0.7197
vn -0.2799 -0.9600 -0.0033
vn -0.7040 0.3701 0.6061
vn 0.0202 0.0301 0.9993
vn -0.9666 0.1193 -0.2267
vn 0.2061 -0.9745 0.0890
vn 0.1906 -0.9768 -0.0977
vn 0.2619 -0.9603 -0.0961
vn -0.9371 -0.1562 0.3121
vn 0.4792 -0.8771 -0.0326
vn 0.4731 -0.8810 -0.0000
vn 1.0000 -0.0000 -0.0059
vn -0.6614 -0.7496 0.0247
vn -0.7815 -0.2859 0.5546
vn -0.3649 -0.0663 -0.9287
vn -0.9698 -0.2379 0.0542
vn -0.5046 0.0030 0.8633
vn -0.7808 -0.0028 0.6247
vn -0.9999 -0.0059 0.0116
vn 0.1963 -0.3391 -0.9201
vn -0.4090 -0.9120 -0.0306
vn -0.8660 0.4677 0.1770
vn -0.5928 -0.7789 -0.2047
vn -0.5560 -0.7647 0.3256
vn -0.4569 -0.7788 0.4298
vn 0.0318 0.6000 0.7994
vn 0.6000 0.7999 0.0121
vn -0.1791 -0.9730 -0.1455
vn -0.1051 0.1665 0.9804
vn 0.8250 0.5164 -0.2295
vn 0.7331 0.4223 0.5331
vn 0.7611 0.3926 0.5163
vn 0.1047 0.6978 -0.7086
vn 0.0541 0.9985 -0.0084
vn 0.1491 0.9467 -0.2856
vn -0.3492 -0.8317 0.4317
vn 0.0337 -0.0579 0.9978
vn -0.8254 0.0560 -0.5617
vn -0.1859 0.0668 -0.9803
vn -0.3768 0.1655 -0.9114
vn -0.0211 -0.0193 -0.9996
vn -0.0145 -0.0241 -0.9996
vn 0.1683 0.6577 0.7342
vn 0.0647 -0.0020 -0.9979
vn 0.0262 -0.0009 -0.9997
vn -0.4860 -0.8541 0.1854
vn -0.5403 -0.7786 0.3191
vn -0.6284 -0.6563 -0.4176
vn -0.7697 -0.4311 -0.4708
vn -0.6569 -0.6597 0.3651
vn 0.0235 0.0263 0.9994
vn 0.0255 -0.0039 0.9997
vn -0.0014 0.0095 1.0000
vn -0.4025 -0.9153 0.0101
vn -0.4028 -0.9153 -0.0055
vn -0.2865 -0.9579 0.0192
vn -0.6572 -0.7532 0.0276
vn -0.6432 -0.7657 -0.0046
vn -0.6582 -0.7527 0.0094
vn -0.6585 -0.7526 -0.0006
vn 0.9058 0.1733 -0.3865
vn 0.8185 0.2368 0.5234
vn -0.0235 0.0458 0.9987
vn -0.1414 -0.0000 -0.9900
vn -0.1376 0.2327 -0.9628
vn -0.0092 0.2306 -0.9730
vn -0.6001 -0.0000 -0.7999
vn -0.7957 0.2360 -0.5578
vn -0.5832 -0.7266 -0.3633
vn 1.0000 0.0078 -0.0001
vn 0.0671 -0.1257 -0.9898
vn 0.0155 -0.0641 -0.9978
vn 0.0821 -0.2295 -0.9698
vn 0.0080 -0.0093 0.9999
vn -0.0094 0.0056 0.9999
vn -0.0166 -0.0650 0.9977
vn -0.0010 -0.0084 1.0000
vn -0.4148 -0.8802 0.2306
vn -0.0580 0.0172 0.9982
vn -0.3669 -0.3873 0.8458
vn 0.1392 -0.9896 0.0364
vn 0.1466 -0.9892 -0.0050
vn -0.1029 -0.9947 -0.0012
vn -0.0712 -0.9974 -0.0064
vn 0.3845 -0.9231 0.0045
vn 0.3847 -0.9230 0.0045
vn 0.5094 -0.1914 -0.8390
vn 0.5294 -0.2111 -0.8217
vn 0.9412 -0.3338 -0.0523
vn -0.5803 -0.0382 0.8135
vn 0.1010 0.0561 0.9933
vn 0.0988 0.0025 0.9951
vn 0.0426 0.0616 0.9972
vn 0.3764 0.3174 0.8704
vn 0.0141 -0.0198 0.9997
vn -0.0010 -0.0133 -0.9999
vn -0.0039 -0.0059 -1.0000
vn 0.8959 -0.4139 -0.1617
vn 0.7586 -0.1074 -0.6426
vn 0.9082 -0.4181 0.0202
vn 0.9796 -0.1579 0.1240
vn -0.7937 -0.5629 0.2308
vn -0.4217 -0.8602 -0.2868
vn -0.3776 -0.3047 0.8744
vn -0.2745 -0.2236 0.9352
vn -0.2389 -0.7541 0.6118
vn -0.2632 -0.4240 0.8665
vn -0.4197 -0.9042 -0.0790
vn -0.7044 0.7097 0.0042
vn -0.3230 0.9463 0.0129
vn 0.3700 -0.9220 0.1138
vn 0.4590 -0.8772 0.1412
vn -0.8266 0.3521 -0.4391
vn -0.9274 0.1701 -0.3332
vn -0.5997 -0.7996 -0.0326
vn 0.5153 -0.8473 -0.1288
vn 0.6299 -0.7763 -0.0266
vn 0.2603 -0.9616 -0.0868
vn -0.0000 0.0049 -1.0000
vn -0.0000 0.0048 -1.0000
vn -0.0000 0.0056 -1.0000
vn 0.1059 0.0710 -0.9918
vn 0.5577 -0.8048 -0.2028
vn 0.4490 -0.4308 0.7829
vn 0.2597 -0.4656 0.8461
vn -0.7821 0.0486 0.6213
vn -0.8507 -0.1691 0.4977
vn -0.8371 -0.0241 0.5465
vn -0.8541 0.2587 0.4512
vn -0.5379 -0.1022 0.8368
vn -0.0216 -0.0003 -0.9998
vn -0.0124 0.0071 -0.9999
vn -0.2819 -0.2704 0.9206
vn -0.2863 -0.1841 0.9403
vn -0.1744 -0.1256 0.9766
vn 0.3836 -0.3123 -0.8691
vn 0.4035 -0.9113 -0.0816
vn 0.0412 -0.0911 0.9950
vn 0.0904 -0.0833 0.9924
vn 0.0014 1.0000 0.0050
vn 0.0006 0.7595 0.6505
vn -0.8151 -0.5691 -0.1084
vn -0.8366 -0.5348 0.1188
vn -0.1626 0.9655 0.2033
vn -0.2949 0.9117 -0.2860
vn 0.5999 0.0182 -0.7999
vn 0.8892 -0.4564 -0.0320
vn 0.6545 -0.4012 0.6409
vn -0.3416 -0.5604 0.7545
vn -0.4966 -0.8402 0.2178
vn -0.4276 -0.8876 0.1713
vn -0.0312 -0.0624 -0.9976
vn -0.0219 0.0225 -0.9995
vn -0.1790 -0.2934 -0.9391
vn 0.0077 0.0118 -0.9999
vn 0.0109 -0.0056 -0.9999
vn -0.3854 0.9225 0.0220
vn 0.0829 0.0493 0.9953
vn 0.1093 0.0661 0.9918
vn 0.4472 -0.8944 -0.0000
vn -0.0064 -0.3921 -0.9199
vn -0.9842 -0.1755 0.0251
vn -0.8526 -0.4088 0.3256
vn -0.2397 -0.6678 -0.7047
vn -0.0247 0.2304 0.9728
vn 0.0264 0.2145 0.9764
vn -0.0092 0.3471 0.9378
vn -0.0044 0.8682 0.4962
vn -0.0003 0.8682 0.4962
vn -0.0093 0.9284 0.3713
vn 0.7259 -0.5695 -0.3857
vn 0.7825 -0.6226 -0.0083
vn 0.6001 -0.7999 0.0070
vn 0.9783 0.2070 0.0086
vn 0.2831 -0.9529 -0.1089
vn -0.3503 -0.5414 -0.7643
vn -0.4698 -0.5994 -0.6480
vn -0.8899 -0.4561 -0.0009
vn 0.2757 -0.4962 0.8233
vn -0.0274 -0.0405 0.9988
vn -0.0233 -0.0262 0.9994
vn -0.5369 -0.8437 -0.0000
vn 0.0005 0.9285 0.3712
vn 0.1758 -0.9844 -0.0021
vn 0.4190 -0.9080 -0.0050
vn -0.4472 0.0026 0.8944
vn 0.6535 0.7547 0.0583
vn -0.0177 -0.0485 -0.9987
vn -0.0395 -0.0625 -0.9973
vn -0.0889 -0.1871 -0.9783
vn -0.0016 -0.0093 -1.0000
vn -0.0320 -0.1919 -0.9809
vn -0.0187 -0.1992 -0.9798
vn -0.0506 -0.2023 -0.9780
vn -0.9991 0.0423 0.0098
vn 0.5037 -0.8638 0.0107
vn -0.8643 -0.0201 -0.5026
vn -0.0110 0.0035 -0.9999
vn 0.4189 -0.9037 0.0892
vn -0.1984 0.4413 0.8752
vn -0.0949 0.4610 0.8823
vn -0.2286 0.4763 0.8490
vn 0.2981 -0.0358 0.9539
vn -0.3419 0.8220 -0.4555
vn -0.6790 -0.7336 -0.0299
vn -0.6721 -0.7381 -0.0591
vn 0.0439 -0.9938 0.1022
vn -0.0213 -0.0017 0.9998
vn -0.3512 -0.0000 0.9363
vn -0.7071 -0.0000 0.7071
vn -0.8668 -0.0000 0.4986
vn -0.4139 -0.9100 -0.0258
vn -0.4190 -0.9080 -0.0025
vn -0.6178 0.0335 -0.7856
vn 0.0403 -0.0478 0.9980
vn 1.0000 -0.0000 -0.0001
vn 0.2934 -0.7914 0.5363
vn 0.0972 -0.2126 0.9723
vn -0.1230 -0.9837 0.1311
vn -0.3719 -0.8956 -0.2443
vn 0.0007 -0.0037 1.0000
vn 0.0007 -0.0138 0.9999
vn 0.7365 0.6764 -0.0035
vn -0.7713 -0.6364 0.0008
vn -0.0967 0.2433 0.9651
vn 0.1977 -0.0097 0.9802
vn 0.5281 0.0880 0.8446
vn -0.0070 -0.0042 -1.0000
vn 0.4157 -0.9095 -0.0003
vn 0.2725 -0.5962 0.7552
vn -0.1294 -0.1654 0.9777
vn -0.8196 0.5087 -0.2637
vn -0.8943 -0.4472 0.0149
vn 0.7707 0.5545 0.3139
vn -0.2672 -0.6251 0.7334
vn -0.3428 -0.6176 0.7079
vn 0.0065 -0.0120 -0.9999
vn 0.1573 0.9808 0.1154
vn 0.0097 0.9931 0.1168
vn -0.0062 -0.3156 -0.9489
vn -0.2865 0.4612 -0.8398
vn 0.6057 0.5480 0.5769
vn 0.0285 -0.9995 -0.0097
vn -0.1243 0.1471 0.9813
vn -0.1681 0.1421 0.9755
vn -0.8066 0.2081 0.5533
vn -0.7256 -0.6881 -0.0036
vn -0.7194 -0.6946 -0.0103
vn -0.6158 -0.7878 -0.0114
vn 0.0167 -0.7559 -0.6544
vn 0.0375 -0.0004 -0.9993
vn -0.0229 0.0138 0.9996
vn -0.0705 -0.3125 0.9473
vn 0.0003 -0.0063 -1.0000
vn 0.0002 -0.0074 -1.0000
vn -0.1167 -0.8476 -0.5176
vn 0.0809 0.0082 0.9967
vn 0.7071 0.7071 -0.0000
vn -0.0106 0.9999 0.0050
vn -0.0071 0.9999 0.0075
vn -0.0053 0.0001 -1.0000
vn 0.8321 0.0054 -0.5546
vn 1.0000 0.0078 -0.0000
vn -0.4458 -0.8006 -0.4005
vn 0.0983 -0.5931 0.7991
vn 0.1222 0.1976 -0.9726
vn -0.1244 0.9921 0.0130
vn -0.1237 0.9923 -0.0114
vn 0.9136 0.3118 0.2610
vn 0.9804 -0.1471 0.1308
vn -0.0290 -0.2221 -0.9746
vn 0.8455 -0.5340 -0.0000
vn -0.0100 0.0001 -0.9999
vn -0.2421 0.0014 -0.9703
vn 0.8944 0.4472 -0.0000
vn 0.1346 -0.3100 -0.9412
vn -0.3039 -0.9510 -0.0571
vn -0.8358 0.5345 0.1258
vn 1.0000 -0.0060 -0.0060
vn 0.0006 -0.0038 -1.0000
vn 0.0025 0.1229 -0.9924
vn -0.9059 0.3867 0.1725
vn -0.5012 0.2202 -0.8369
vn -0.0107 0.0077 -0.9999
vn 0.0011 0.0082 -1.0000
vn -0.2728 -0.2086 -0.9392
vn 0.8079 -0.5881 0.0389
vn 0.0227 -0.0303 -0.9993
vn -0.1520 -0.9884 -0.0009
vn 0.0105 -0.0024 0.9999
vn -0.8639 0.3752 0.3360
vn -0.5263 -0.8176 -0.2336
vn -0.4270 -0.7143 0.5545
vn -0.0050 0.0031 1.0000
vn 0.1453 0.9889 -0.0295
vn 0.1155 0.8008 -0.5877
vn -0.7633 0.6460 -0.0000
vn -0.8944 0.4472 -0.0000
vn -0.1646 -0.1280 -0.9780
vn -0.4513 -0.8725 0.1871
vn -0.4980 -0.8406 -0.2131
vn -0.3474 -0.9053 -0.2444
vn 0.7264 0.6749 -0.1297
vn -0.8906 -0.4545 -0.0147
vn -0.2459 -0.0231 0.9690
vn 0.0029 1.0000 -0.0000
vn -0.8667 0.0124 0.4988
vn -0.7715 0.0119 0.6361
vn -0.5390 0.8311 -0.1369
vn -0.3781 0.9196 -0.1070
vn 0.0035 -0.0453 -0.9990
vn -0.7156 0.3829 0.5842
vn -0.1039 0.0742 0.9918
vn -0.4199 -0.0584 -0.9057
vn -0.4090 -0.9125 -0.0049
vn -0.0007 -0.0044 -1.0000
vn 0.1466 -0.9721 -0.1833
vn -0.6624 -0.7491 -0.0000
vn 0.7069 0.7073 -0.0000
vn 0.7282 0.6853 0.0027
vn 0.0065 0.0001 -1.0000
vn -0.8995 0.4361 -0.0256
vn 0.2509 0.3306 -0.9098
vn -0.0173 0.9998 0.0040
vn -0.0602 0.9982 -0.0000
vn -0.0397 0.9992 0.0022
vn 0.3691 0.9214 -0.1218
vn 0.0630 0.9980 -0.0007
vn 0.0629 0.9980 -0.0007
vn 0.0492 0.9988 0.0046
vn 0.0136 -0.2184 0.9758
vt 0.316361 0.557215
vt 0.317758 0.547892
vt 0.319738 0.557368
vt 0.313010 0.556948
vt 0.314883 0.547382
vt 0.029347 0.175235
vt 0.027556 0.165791
vt 0.030476 0.165791
vt 0.309717 0.564856
vt 0.320223 0.564757
vt 0.242788 0.874999
vt 0.251085 0.876594
vt 0.250563 0.879795
vt 0.242442 0.878370
vt 0.234202 0.875154
vt 0.234404 0.872422
vt 0.243161 0.872686
vt 0.724985 0.621166
vt 0.730307 0.611144
vt 0.733046 0.629712
vt 0.723407 0.624135
vt 0.691378 0.556247
vt 0.651416 0.227650
vt 0.637239 0.217972
vt 0.638232 0.218242
vt 0.710857 0.611968
vt 0.648403 0.226437
vt 0.160883 0.075353
vt 0.164135 0.075059
vt 0.162173 0.085393
vt 0.158982 0.065989
vt 0.162026 0.065050
vt 0.158217 0.075441
vt 0.159226 0.085323
vt 0.904188 0.588993
vt 0.950458 0.588406
vt 0.950458 0.643927
vt 0.902836 0.584284
vt 0.904638 0.583276
vt 0.900284 0.592133
vt 0.901215 0.593683
vt 0.470719 0.392615
vt 0.463164 0.387389
vt 0.469340 0.385877
vt 0.478086 0.389048
vt 0.462953 0.394278
vt 0.708465 0.248392
vt 0.697275 0.245760
vt 0.696289 0.243043
vt 0.357549 0.412799
vt 0.359280 0.414972
vt 0.349669 0.417327
vt 0.706334 0.245157
vt 0.892989 0.297697
vt 0.893405 0.299386
vt 0.886328 0.301754
vt 0.884408 0.298621
vt 0.892842 0.293962
vt 0.899173 0.295746
vt 0.435873 0.954459
vt 0.435301 0.941781
vt 0.437850 0.954258
vt 0.432758 0.941348
vt 0.436281 0.963259
vt 0.862096 0.431357
vt 0.807489 0.493324
vt 0.860738 0.431239
vt 0.868803 0.410472
vt 0.869467 0.410515
vt 0.236186 0.000585
vt 0.175035 0.121264
vt 0.174398 0.120055
vt 0.863291 0.431877
vt 0.897298 0.481541
vt 0.195534 0.877794
vt 0.162070 0.918078
vt 0.190809 0.874743
vt 0.200215 0.883719
vt 0.193952 0.894798
vt 0.201989 0.882787
vt 0.198264 0.876582
vt 0.043825 0.658619
vt 0.050043 0.654341
vt 0.045949 0.660275
vt 0.038730 0.662053
vt 0.042006 0.656350
vt 0.048101 0.650666
vt 0.041005 0.664749
vt 0.732015 0.562648
vt 0.735836 0.565426
vt 0.734534 0.567852
vt 0.049612 0.775223
vt 0.049046 0.773887
vt 0.052731 0.764544
vt 0.054689 0.764871
vt 0.036652 0.046897
vt 0.039999 0.034574
vt 0.039761 0.045913
vt 0.037333 0.057142
vt 0.034485 0.046417
vt 0.056093 0.766226
vt 0.033988 0.286782
vt 0.035260 0.279825
vt 0.035564 0.285836
vt 0.032428 0.293328
vt 0.028948 0.292715
vt 0.030039 0.286831
vt 0.033666 0.279482
vt 0.508711 0.603712
vt 0.508101 0.601952
vt 0.512118 0.602415
vt 0.512233 0.604295
vt 0.502478 0.678082
vt 0.679491 0.117409
vt 0.630449 0.176187
vt 0.603210 0.054632
vt 0.679947 0.115680
vt 0.899030 0.161902
vt 0.883753 0.111212
vt 0.891067 0.109382
vt 0.634666 0.751163
vt 0.629362 0.757833
vt 0.632594 0.751340
vt 0.634144 0.740824
vt 0.636602 0.740213
vt 0.637468 0.751018
vt 0.632913 0.757272
vt 0.454304 0.413033
vt 0.456860 0.419389
vt 0.452713 0.419694
vt 0.784747 0.048223
vt 0.784747 0.196187
vt 0.783547 0.045921
vt 0.216186 0.432373
vt 0.000243 0.432373
vt 0.000245 0.431723
vt 0.370790 0.399344
vt 0.371421 0.399992
vt 0.154849 0.399992
vt 0.927872 0.246742
vt 0.923584 0.245503
vt 0.927402 0.246252
vt 0.072433 0.397313
vt 0.158092 0.135236
vt 0.155236 0.127295
vt 0.158092 0.126024
vt 0.251898 0.874481
vt 0.257138 0.879417
vt 0.256986 0.882184
vt 0.062792 0.070967
vt 0.057840 0.082203
vt 0.059790 0.071520
vt 0.063034 0.082312
vt 0.061009 0.081293
vt 0.058193 0.062327
vt 0.065705 0.071099
vt 0.361713 0.527292
vt 0.364275 0.531908
vt 0.346560 0.540942
vt 0.358241 0.523326
vt 0.362151 0.521110
vt 0.364323 0.525672
vt 0.363493 0.654181
vt 0.368069 0.662395
vt 0.333836 0.725700
vt 0.533087 0.206764
vt 0.540942 0.131732
vt 0.540942 0.207615
vt 0.367261 0.658926
vt 0.363991 0.646544
vt 0.829353 0.520646
vt 0.812361 0.593085
vt 0.804279 0.598533
vt 0.582237 0.524015
vt 0.585133 0.524847
vt 0.580468 0.532836
vt 0.577972 0.533105
vt 0.578111 0.523490
vt 0.582436 0.514704
vt 0.585679 0.515353
vt 0.410712 0.975058
vt 0.399347 0.967287
vt 0.411648 0.973533
vt 0.419234 0.986810
vt 0.415996 0.983763
vt 0.396220 0.997657
vt 0.585420 0.333936
vt 0.583231 0.335113
vt 0.581359 0.330358
vt 0.586350 0.340373
vt 0.587915 0.333695
vt 0.589665 0.340430
vt 0.172262 0.139045
vt 0.172262 0.129715
vt 0.175235 0.130933
vt 0.585010 0.330123
vt 0.078368 0.136510
vt 0.077385 0.139087
vt 0.069828 0.134227
vt 0.082126 0.145699
vt 0.083808 0.128350
vt 0.080076 0.137014
vt 0.083808 0.146664
vt 0.961771 0.428544
vt 0.952370 0.428215
vt 0.952387 0.425982
vt 0.599390 0.517903
vt 0.597885 0.526972
vt 0.594976 0.526467
vt 0.835934 0.770702
vt 0.847158 0.771956
vt 0.847926 0.773380
vt 0.602064 0.518446
vt 0.596392 0.516897
vt 0.603760 0.513738
vt 0.835614 0.773524
vt 0.847171 0.750401
vt 0.855242 0.742202
vt 0.849314 0.752173
vt 0.850589 0.740079
vt 0.852300 0.740888
vt 0.842050 0.759131
vt 0.844702 0.750224
vt 0.097141 0.110318
vt 0.091277 0.115003
vt 0.091277 0.105247
vt 0.093180 0.144302
vt 0.099046 0.148952
vt 0.093180 0.154283
vt 0.094709 0.119998
vt 0.745737 0.504752
vt 0.745737 0.354763
vt 0.746652 0.354775
vt 0.176956 0.818063
vt 0.176956 0.668064
vt 0.197379 0.818182
vt 0.741956 0.354709
vt 0.742843 0.354719
vt 0.741956 0.504752
vt 0.813225 0.529293
vt 0.817357 0.535228
vt 0.812468 0.531986
vt 0.801205 0.530391
vt 0.811684 0.527496
vt 0.801669 0.532648
vt 0.820937 0.526591
vt 0.553442 0.852487
vt 0.555845 0.858550
vt 0.552388 0.859811
vt 0.546256 0.553275
vt 0.515308 0.556478
vt 0.546586 0.544374
vt 0.548853 0.551873
vt 0.545567 0.565805
vt 0.543282 0.564109
vt 0.529584 0.688106
vt 0.530013 0.686589
vt 0.530708 0.687456
vt 0.475928 0.675364
vt 0.529561 0.690022
vt 0.934501 0.417421
vt 0.944325 0.420719
vt 0.943365 0.422047
vt 0.933991 0.419313
vt 0.935373 0.415455
vt 0.924896 0.413406
vt 0.925407 0.411515
vt 0.287122 0.858696
vt 0.301347 0.848875
vt 0.300023 0.850288
vt 0.842733 0.401795
vt 0.867370 0.410047
vt 0.843329 0.400266
vt 0.844285 0.400506
vt 0.287057 0.859386
vt 0.838925 0.423841
vt 0.842574 0.400931
vt 0.109474 0.103729
vt 0.112379 0.104259
vt 0.109474 0.114284
vt 0.639307 0.729014
vt 0.643137 0.728217
vt 0.641695 0.738525
vt 0.382850 0.712367
vt 0.375531 0.704560
vt 0.382567 0.709041
vt 0.639060 0.739850
vt 0.636488 0.729753
vt 0.376053 0.707951
vt 0.888868 0.034596
vt 0.881402 0.032572
vt 0.881751 0.031532
vt 0.889283 0.033631
vt 0.897049 0.035311
vt 0.896465 0.038079
vt 0.887811 0.037232
vt 0.780034 0.028711
vt 0.777780 0.034643
vt 0.775697 0.031873
vt 0.782855 0.022260
vt 0.320718 0.486849
vt 0.317920 0.487151
vt 0.318516 0.476655
vt 0.320902 0.476508
vt 0.323521 0.486215
vt 0.316738 0.493208
vt 0.330726 0.417044
vt 0.325814 0.423308
vt 0.321974 0.423313
vt 0.333327 0.417346
vt 0.834887 0.874188
vt 0.832803 0.962602
vt 0.800566 0.899582
vt 0.834788 0.962819
vt 0.850470 0.481303
vt 0.845398 0.481559
vt 0.850110 0.480105
vt 0.878078 0.512812
vt 0.836132 0.873923
vt 0.054984 0.647828
vt 0.055339 0.653013
vt 0.140001 0.104250
vt 0.143114 0.097366
vt 0.143253 0.105840
vt 0.149337 0.525704
vt 0.150308 0.522705
vt 0.155635 0.524977
vt 0.127367 0.108170
vt 0.127050 0.102727
vt 0.139946 0.110966
vt 0.138844 0.095753
vt 0.140742 0.095639
vt 0.377753 0.428261
vt 0.378819 0.430088
vt 0.377227 0.430256
vt 0.379812 0.335829
vt 0.540477 0.418454
vt 0.542075 0.418858
vt 0.540903 0.419890
vt 0.820757 0.772120
vt 0.820937 0.834270
vt 0.819148 0.834270
vt 0.486697 0.399317
vt 0.515556 0.950187
vt 0.505775 0.955292
vt 0.504464 0.953202
vt 0.514133 0.949190
vt 0.523799 0.945571
vt 0.192325 0.108021
vt 0.185631 0.107965
vt 0.194282 0.102520
vt 0.306810 0.682044
vt 0.310062 0.686328
vt 0.306672 0.691286
vt 0.191858 0.109899
vt 0.185610 0.111801
vt 0.305727 0.688188
vt 0.305525 0.680753
vt 0.637796 0.375257
vt 0.631901 0.375110
vt 0.638010 0.374133
vt 0.644870 0.370574
vt 0.645702 0.372109
vt 0.638746 0.377234
vt 0.632499 0.376368
vt 0.819683 0.138205
vt 0.811425 0.139853
vt 0.809026 0.135867
vt 0.819849 0.134492
vt 0.215848 0.831231
vt 0.209169 0.835407
vt 0.207355 0.833642
vt 0.820937 0.140699
vt 0.219043 0.833870
vt 0.213554 0.828850
vt 0.683441 0.235755
vt 0.682011 0.237249
vt 0.673200 0.237956
vt 0.693565 0.238966
vt 0.676449 0.230177
vt 0.714272 0.210642
vt 0.935735 0.200846
vt 0.945447 0.195050
vt 0.945834 0.196234
vt 0.558225 0.676121
vt 0.532458 0.687358
vt 0.530986 0.686145
vt 0.556802 0.675446
vt 0.033984 0.866871
vt 0.032795 0.868410
vt 0.033032 0.866885
vt 0.561306 0.677748
vt 0.559332 0.675511
vt 0.034285 0.868372
vt 0.943491 0.427533
vt 0.933195 0.422115
vt 0.943348 0.424280
vt 0.954128 0.432373
vt 0.236276 0.418931
vt 0.235995 0.421217
vt 0.228150 0.413950
vt 0.341716 0.488043
vt 0.337306 0.489316
vt 0.342851 0.477472
vt 0.342851 0.495229
vt 0.245743 0.424886
vt 0.245922 0.422621
vt 0.680159 0.594274
vt 0.677383 0.586237
vt 0.681698 0.585025
vt 0.282873 0.695620
vt 0.278806 0.694166
vt 0.282972 0.693371
vt 0.396814 0.000275
vt 0.398088 0.217463
vt 0.396814 0.218091
vt 0.283156 0.696803
vt 0.278360 0.694917
vt 0.360289 0.394803
vt 0.360933 0.396353
vt 0.143122 0.398088
vt 0.013333 0.069797
vt 0.013333 0.287614
vt 0.012683 0.070428
vt 0.007619 0.045032
vt 0.005236 0.045713
vt 0.005236 0.035307
vt 0.182854 0.060465
vt 0.181818 0.069975
vt 0.180920 0.061564
vt 0.327613 0.562231
vt 0.322199 0.555875
vt 0.793526 0.366569
vt 0.801526 0.367637
vt 0.791494 0.367609
vt 0.519217 0.329313
vt 0.521369 0.329882
vt 0.521843 0.336064
vt 0.781948 0.360509
vt 0.520674 0.322731
vt 0.518249 0.321555
vt 0.518956 0.336202
vt 0.225121 0.857917
vt 0.235370 0.856331
vt 0.235856 0.858956
vt 0.225327 0.872570
vt 0.216545 0.858832
vt 0.224484 0.855247
vt 0.980933 0.641732
vt 0.973050 0.645503
vt 0.978788 0.640271
vt 0.635201 0.335343
vt 0.633025 0.322207
vt 0.638316 0.335697
vt 0.629132 0.321704
vt 0.626107 0.338173
vt 0.632156 0.334228
vt 0.625601 0.327544
vt 0.739483 0.632024
vt 0.732810 0.632648
vt 0.733379 0.630593
vt 0.634055 0.343746
vt 0.662288 0.837633
vt 0.665561 0.837763
vt 0.661087 0.847178
vt 0.754363 0.575345
vt 0.744700 0.572898
vt 0.745089 0.569433
vt 0.758081 0.593188
vt 0.749745 0.588902
vt 0.754163 0.571920
vt 0.648126 0.845631
vt 0.928435 0.243712
vt 0.925253 0.243493
vt 0.925291 0.240395
vt 0.931411 0.245899
vt 0.928754 0.246296
vt 0.669078 0.551677
vt 0.669862 0.560227
vt 0.665560 0.553215
vt 0.130601 0.523312
vt 0.135901 0.533555
vt 0.129517 0.530870
vt 0.128729 0.521993
vt 0.672523 0.551737
vt 0.673269 0.559154
vt 0.135085 0.521402
vt 0.065396 0.063224
vt 0.067704 0.071163
vt 0.923123 0.777779
vt 0.934970 0.781528
vt 0.923713 0.780647
vt 0.934581 0.779690
vt 0.913414 0.772276
vt 0.923489 0.776473
vt 0.914851 0.773966
vt 0.588546 0.344220
vt 0.585423 0.343723
vt 0.588937 0.350523
vt 0.592981 0.347588
vt 0.591191 0.349738
vt 0.040724 0.292466
vt 0.038331 0.285660
vt 0.040919 0.282021
vt 0.481896 0.812579
vt 0.471573 0.812996
vt 0.480629 0.810488
vt 0.053542 0.283756
vt 0.053382 0.293328
vt 0.037737 0.293083
vt 0.480379 0.826095
vt 0.099679 0.118093
vt 0.099679 0.107864
vt 0.104760 0.113642
vt 0.197634 0.448052
vt 0.202715 0.443973
vt 0.215234 0.466111
vt 0.193820 0.453245
vt 0.196095 0.442564
vt 0.190271 0.449150
vt 0.410820 0.827268
vt 0.408182 0.820120
vt 0.409958 0.819045
vt 0.476348 0.296447
vt 0.467469 0.296432
vt 0.477204 0.295096
vt 0.478086 0.371421
vt 0.491419 0.789357
vt 0.409403 0.828142
vt 0.899587 0.118093
vt 0.901833 0.043577
vt 0.911795 0.045026
vt 0.539174 0.707071
vt 0.541074 0.706560
vt 0.540492 0.708548
vt 0.538222 0.708304
vt 0.531242 0.688893
vt 0.531969 0.688482
vt 0.358807 0.940676
vt 0.348697 0.943731
vt 0.357055 0.937454
vt 0.367410 0.935218
vt 0.349917 0.946383
vt 0.795333 0.154967
vt 0.802664 0.158719
vt 0.795034 0.158355
vt 0.574487 0.539949
vt 0.571234 0.539982
vt 0.804154 0.155192
vt 0.577649 0.539295
vt 0.795379 0.151697
vt 0.388484 0.593565
vt 0.388861 0.584677
vt 0.390670 0.599452
vt 0.386097 0.585124
vt 0.387791 0.601341
vt 0.386337 0.594127
vt 0.566337 0.865408
vt 0.571418 0.875399
vt 0.564771 0.866789
vt 0.563685 0.855442
vt 0.565618 0.854425
vt 0.561532 0.856629
vt 0.569447 0.864922
vt 0.036484 0.688631
vt 0.045573 0.696806
vt 0.032700 0.687183
vt 0.036956 0.681461
vt 0.040168 0.690139
vt 0.046758 0.695903
vt 0.808010 0.644370
vt 0.800885 0.629408
vt 0.806934 0.635581
vt 0.038317 0.684398
vt 0.799778 0.632660
vt 0.708778 0.825979
vt 0.715050 0.829570
vt 0.702913 0.851412
vt 0.710810 0.818550
vt 0.064357 0.295187
vt 0.066989 0.299982
vt 0.060386 0.306287
vt 0.087617 0.283318
vt 0.702913 0.815759
vt 0.939030 0.501589
vt 0.922337 0.554275
vt 0.922337 0.465032
vt 0.796175 0.614013
vt 0.899587 0.001018
vt 0.918078 0.035997
vt 0.908059 0.041190
vt 0.582595 0.317126
vt 0.621175 0.313589
vt 0.457684 0.291830
vt 0.520129 0.285889
vt 0.521533 0.291827
vt 0.530862 0.570423
vt 0.900830 0.039811
vt 0.524417 0.572225
vt 0.512533 0.573509
vt 0.623289 0.338409
vt 0.539640 0.539657
vt 0.731461 0.586725
vt 0.730661 0.590263
vt 0.725761 0.590239
vt 0.740851 0.585901
vt 0.740812 0.588173
vt 0.739939 0.591628
vt 0.730610 0.584706
vt 0.672426 0.617214
vt 0.716177 0.635143
vt 0.668917 0.626409
vt 0.907523 0.898558
vt 0.906356 0.897494
vt 0.918870 0.903776
vt 0.670952 0.618137
vt 0.920183 0.907367
vt 0.882500 0.932663
vt 0.691875 0.573743
vt 0.689709 0.580630
vt 0.685626 0.566702
vt 0.691558 0.564529
vt 0.695225 0.572462
vt 0.693223 0.582133
vt 0.688696 0.565416
vt 0.967171 0.785712
vt 0.978681 0.775975
vt 0.979029 0.777289
vt 0.966909 0.784597
vt 0.050231 0.779426
vt 0.048152 0.824253
vt 0.041045 0.771907
vt 0.058460 0.787687
vt 0.955334 0.796171
vt 0.449421 0.420814
vt 0.451300 0.430649
vt 0.448275 0.414218
vt 0.078094 0.158092
vt 0.075266 0.149325
vt 0.078094 0.148243
vt 0.447967 0.430656
vt 0.446298 0.421026
vt 0.444217 0.415798
vt 0.906968 0.576750
vt 0.903823 0.569065
vt 0.904826 0.569105
vt 0.709783 0.682591
vt 0.716512 0.686668
vt 0.701687 0.723796
vt 0.904494 0.576508
vt 0.211947 0.838485
vt 0.213924 0.840042
vt 0.203598 0.844119
vt 0.201051 0.841046
vt 0.858457 0.641102
vt 0.849482 0.640580
vt 0.857578 0.638645
vt 0.849430 0.643349
vt 0.284888 0.917131
vt 0.305415 0.933315
vt 0.279185 0.924019
vt 0.293227 0.908350
vt 0.293201 0.906180
vt 0.283279 0.916335
vt 0.167146 0.662959
vt 0.185384 0.652784
vt 0.129644 0.723796
vt 0.166532 0.661953
vt 0.166954 0.661411
vt 0.166055 0.663331
vt 0.183881 0.651385
vt 0.597073 0.572894
vt 0.586098 0.576609
vt 0.547949 0.559389
vt 0.598989 0.566792
vt 0.600217 0.573752
vt 0.590699 0.576254
vt 0.934085 0.081277
vt 0.942749 0.085973
vt 0.942293 0.087466
vt 0.265257 0.030821
vt 0.259491 0.035495
vt 0.264271 0.029416
vt 0.175780 0.596167
vt 0.179628 0.603228
vt 0.174059 0.597395
vt 0.177691 0.595273
vt 0.181508 0.600970
vt 0.170852 0.589516
vt 0.260391 0.035537
vt 0.495011 0.689282
vt 0.492451 0.690647
vt 0.488688 0.679998
vt 0.500943 0.698873
vt 0.498503 0.699995
vt 0.037415 0.277108
vt 0.033621 0.273002
vt 0.322100 0.914268
vt 0.322100 0.791842
vt 0.380945 0.865622
vt 0.075868 0.629124
vt 0.075558 0.626973
vt 0.132378 0.555208
vt 0.159997 0.916173
vt 0.100730 0.840783
vt 0.159997 0.793747
vt 0.132378 0.678086
vt 0.072962 0.632355
vt 0.099810 0.842663
vt 0.233152 0.878471
vt 0.250812 0.882539
vt 0.242154 0.880659
vt 0.963775 0.975821
vt 0.961783 0.972438
vt 0.966276 0.974425
vt 0.973543 0.984642
vt 0.972852 0.986229
vt 0.955611 0.967343
vt 0.963065 0.976996
vt 0.042211 0.073619
vt 0.042499 0.083808
vt 0.039292 0.074532
vt 0.045713 0.073465
vt 0.045366 0.082913
vt 0.053332 0.060235
vt 0.053332 0.069979
vt 0.049631 0.069249
vt 0.039292 0.064323
vt 0.049828 0.060166
vt 0.079221 0.736927
vt 0.072440 0.741617
vt 0.066425 0.740215
vt 0.069473 0.736993
vt 0.080010 0.736521
vt 0.670327 0.659816
vt 0.675664 0.669891
vt 0.669059 0.661512
vt 0.676935 0.668623
vt 0.081719 0.737518
vt 0.671219 0.660134
vt 0.610329 0.856860
vt 0.605719 0.833210
vt 0.631929 0.847392
vt 0.555098 0.910459
vt 0.609676 0.856817
vt 0.674273 0.910459
vt 0.868555 0.135447
vt 0.842211 0.252798
vt 0.840761 0.247431
vt 0.868555 0.260947
vt 0.279995 0.912027
vt 0.202765 0.893448
vt 0.204693 0.879681
vt 0.771541 0.881820
vt 0.759362 0.879598
vt 0.771926 0.880274
vt 0.785172 0.880106
vt 0.784898 0.882152
vt 0.759958 0.954488
vt 0.783501 0.956172
vt 0.349220 0.516356
vt 0.354827 0.518074
vt 0.353802 0.520338
vt 0.078094 0.131483
vt 0.074775 0.133331
vt 0.074775 0.124430
vt 0.351662 0.516098
vt 0.906036 0.292545
vt 0.901234 0.297224
vt 0.902824 0.293596
vt 0.348618 0.518900
vt 0.346560 0.514802
vt 0.770701 0.533874
vt 0.768796 0.533763
vt 0.775221 0.526390
vt 0.779676 0.526569
vt 0.799985 0.599988
vt 0.478086 0.642606
vt 0.461800 0.714490
vt 0.450045 0.705660
vt 0.585810 0.306661
vt 0.585810 0.231664
vt 0.598084 0.306661
vt 0.438277 0.909455
vt 0.451012 0.899345
vt 0.439098 0.909680
vt 0.146064 0.087511
vt 0.146047 0.097353
vt 0.144810 0.088090
vt 0.704270 0.089642
vt 0.701164 0.089654
vt 0.703932 0.000738
vt 0.978128 0.196819
vt 0.975760 0.204273
vt 0.969048 0.200217
vt 0.971324 0.195181
vt 0.971717 0.192469
vt 0.969484 0.199352
vt 0.979029 0.193923
vt 0.706109 0.090389
vt 0.064193 0.529839
vt 0.063305 0.601893
vt 0.063305 0.529743
vt 0.318268 0.764593
vt 0.319500 0.787509
vt 0.294161 0.788462
vt 0.064795 0.601163
vt 0.318686 0.764037
vt 0.099046 0.284131
vt 0.042030 0.250002
vt 0.053707 0.237307
vt 0.119998 0.530191
vt 0.735224 0.944744
vt 0.724547 0.935492
vt 0.733935 0.941995
vt 0.820707 0.221123
vt 0.806063 0.222610
vt 0.797935 0.184956
vt 0.834270 0.203970
vt 0.807094 0.224684
vt 0.822018 0.221944
vt 0.080467 0.317154
vt 0.082292 0.309389
vt 0.087617 0.318089
vt 0.072920 0.315757
vt 0.076173 0.308083
vt 0.676821 0.814076
vt 0.723796 0.885726
vt 0.676821 0.910206
vt 0.927411 0.000036
vt 0.980933 0.012855
vt 0.927411 0.085713
vt 0.685701 0.000695
vt 0.685701 0.096826
vt 0.604721 0.038195
vt 0.503858 0.453275
vt 0.527609 0.443723
vt 0.505993 0.458836
vt 0.455229 0.267575
vt 0.455207 0.272376
vt 0.450084 0.265931
vt 0.076189 0.111408
vt 0.076189 0.121902
vt 0.071102 0.116184
vt 0.500055 0.463054
vt 0.503191 0.445454
vt 0.590117 0.457095
vt 0.597228 0.452855
vt 0.592089 0.457740
vt 0.377221 0.666520
vt 0.371835 0.659834
vt 0.398461 0.645678
vt 0.385316 0.670405
vt 0.377039 0.668396
vt 0.797319 0.521999
vt 0.798401 0.525668
vt 0.790562 0.526310
vt 0.798927 0.518632
vt 0.807942 0.519046
vt 0.786270 0.523856
vt 0.809331 0.521933
vt 0.791574 0.520126
vt 0.277154 0.420813
vt 0.276423 0.417729
vt 0.284469 0.417873
vt 0.279105 0.422612
vt 0.273108 0.427999
vt 0.644540 0.853301
vt 0.642686 0.845579
vt 0.645945 0.845441
vt 0.286480 0.419268
vt 0.647196 0.854804
vt 0.165700 0.064501
vt 0.167612 0.074536
vt 0.165798 0.085092
vt 0.911836 0.462794
vt 0.915915 0.458772
vt 0.915685 0.463219
vt 0.908702 0.468927
vt 0.883048 0.429360
vt 0.906868 0.466327
vt 0.178442 0.568526
vt 0.154451 0.569502
vt 0.177032 0.566683
vt 0.416488 0.546945
vt 0.419525 0.546164
vt 0.436257 0.558066
vt 0.180582 0.568284
vt 0.154098 0.572913
vt 0.414886 0.545963
vt 0.047924 0.082075
vt 0.050043 0.081612
vt 0.047247 0.089522
vt 0.785172 0.535706
vt 0.792644 0.539708
vt 0.793421 0.542823
vt 0.050735 0.074081
vt 0.051423 0.642642
vt 0.052983 0.645836
vt 0.046202 0.648122
vt 0.540901 0.881099
vt 0.541735 0.873771
vt 0.544325 0.881388
vt 0.043976 0.647063
vt 0.048995 0.640781
vt 0.538974 0.874848
vt 0.538763 0.882677
vt 0.446283 0.720468
vt 0.458832 0.714023
vt 0.448824 0.720890
vt 0.045002 0.697312
vt 0.062360 0.695888
vt 0.064259 0.696801
vt 0.334402 0.487097
vt 0.333835 0.477293
vt 0.337281 0.477737
vt 0.175733 0.104730
vt 0.172502 0.104760
vt 0.174956 0.095809
vt 0.177603 0.092577
vt 0.178351 0.104563
vt 0.331623 0.487791
vt 0.665318 0.963425
vt 0.657628 0.961293
vt 0.659456 0.959149
vt 0.672292 0.967285
vt 0.663750 0.964904
vt 0.679987 0.919050
vt 0.544431 0.801296
vt 0.512260 0.775410
vt 0.544987 0.799485
vt 0.393649 0.222853
vt 0.393649 0.000598
vt 0.394278 0.222239
vt 0.544357 0.802507
vt 0.222853 0.388068
vt 0.222236 0.389365
vt 0.000597 0.388068
vt 0.371950 0.373326
vt 0.371133 0.149912
vt 0.372374 0.149912
vt 0.834270 0.157380
vt 0.966560 0.888481
vt 0.933157 0.840883
vt 0.973315 0.877752
vt 0.724406 0.931489
vt 0.933157 0.921887
vt 0.715800 0.931195
vt 0.414642 0.237528
vt 0.418350 0.238456
vt 0.415154 0.245438
vt 0.411537 0.237145
vt 0.414946 0.229461
vt 0.411839 0.245740
vt 0.060915 0.092190
vt 0.065334 0.103309
vt 0.062642 0.102965
vt 0.057564 0.091270
vt 0.059064 0.102204
vt 0.063540 0.093655
vt 0.104886 0.126022
vt 0.106665 0.125859
vt 0.106665 0.131426
vt 0.196255 0.854843
vt 0.197831 0.850058
vt 0.199959 0.851655
vt 0.850552 0.347384
vt 0.845320 0.354331
vt 0.845788 0.349524
vt 0.196517 0.857126
vt 0.191415 0.855092
vt 0.727981 0.691839
vt 0.730323 0.702883
vt 0.725231 0.692673
vt 0.721338 0.682502
vt 0.732534 0.701095
vt 0.120419 0.087182
vt 0.122762 0.086081
vt 0.121340 0.094822
vt 0.119014 0.085916
vt 0.119335 0.079312
vt 0.120371 0.093249
vt 0.122064 0.077894
vt 0.130142 0.129194
vt 0.137140 0.129570
vt 0.130038 0.203806
vt 0.135610 0.127830
vt 0.227618 0.466892
vt 0.223174 0.469861
vt 0.225473 0.463495
vt 0.685701 0.549513
vt 0.652288 0.467943
vt 0.655545 0.463306
vt 0.130038 0.127236
vt 0.324756 0.506657
vt 0.318788 0.536720
vt 0.320122 0.546775
vt 0.316619 0.537920
vt 0.591183 0.535134
vt 0.594907 0.536435
vt 0.594701 0.541165
vt 0.789255 0.141846
vt 0.795247 0.142724
vt 0.795025 0.146576
vt 0.587211 0.534834
vt 0.592253 0.525632
vt 0.588495 0.540894
vt 0.490804 0.691423
vt 0.484905 0.682392
vt 0.486497 0.681485
vt 0.653169 0.747056
vt 0.657973 0.754635
vt 0.655546 0.755412
vt 0.654563 0.755030
vt 0.654460 0.736565
vt 0.655849 0.746216
vt 0.650274 0.747670
vt 0.651412 0.737079
vt 0.911488 0.238631
vt 0.917259 0.240177
vt 0.916753 0.241654
vt 0.885785 0.272376
vt 0.906805 0.236879
vt 0.910960 0.236365
vt 0.956613 0.641656
vt 0.964652 0.642475
vt 0.956669 0.642703
vt 0.896977 0.034391
vt 0.890061 0.029646
vt 0.897126 0.030094
vt 0.964155 0.641552
vt 0.955394 0.639368
vt 0.528588 0.291352
vt 0.524498 0.291682
vt 0.522090 0.284980
vt 0.620940 0.758081
vt 0.594251 0.688787
vt 0.602095 0.682597
vt 0.523597 0.299734
vt 0.569513 0.387612
vt 0.524566 0.284089
vt 0.569513 0.193532
vt 0.873518 0.596259
vt 0.886044 0.590580
vt 0.887293 0.591836
vt 0.510505 0.776990
vt 0.510115 0.775364
vt 0.511640 0.774788
vt 0.511889 0.777513
vt 0.875101 0.597983
vt 0.505993 0.794522
vt 0.496834 0.961048
vt 0.492409 0.969071
vt 0.489718 0.968481
vt 0.493536 0.963370
vt 0.501418 0.951068
vt 0.502723 0.952510
vt 0.495637 0.959605
vt 0.498394 0.961160
vt 0.245283 0.856271
vt 0.235667 0.853909
vt 0.226097 0.852913
vt 0.644004 0.209775
vt 0.648016 0.208922
vt 0.635372 0.217699
vt 0.612054 0.134849
vt 0.841160 0.295325
vt 0.851975 0.300111
vt 0.840436 0.296620
vt 0.373326 0.058526
vt 0.372301 0.133300
vt 0.359329 0.130583
vt 0.826447 0.220928
vt 0.360300 0.517759
vt 0.791733 0.818868
vt 0.793616 0.668438
vt 0.792992 0.818436
vt 0.717733 0.667381
vt 0.278090 0.819032
vt 0.201986 0.818206
vt 0.202740 0.668214
vt 0.066662 0.111890
vt 0.070475 0.120651
vt 0.066662 0.121902
vt 0.248570 0.445681
vt 0.247190 0.450931
vt 0.241577 0.452395
vt 0.248207 0.452805
vt 0.240589 0.448419
vt 0.246799 0.442214
vt 0.257074 0.442138
vt 0.266416 0.689948
vt 0.264246 0.683215
vt 0.267508 0.685144
vt 0.265729 0.691714
vt 0.261951 0.692073
vt 0.261480 0.690239
vt 0.272458 0.690878
vt 0.185061 0.650280
vt 0.186431 0.651113
vt 0.183342 0.650241
vt 0.184557 0.648624
vt 0.186852 0.649146
vt 0.059549 0.283018
vt 0.059380 0.292164
vt 0.056274 0.291664
vt 0.365868 0.688486
vt 0.376120 0.687889
vt 0.375907 0.690152
vt 0.365184 0.691792
vt 0.056735 0.282567
vt 0.058333 0.273196
vt 0.062856 0.283064
vt 0.150713 0.546055
vt 0.122214 0.540361
vt 0.241155 0.739033
vt 0.241155 0.677789
vt 0.257138 0.678559
vt 0.893932 0.683276
vt 0.897192 0.684792
vt 0.892656 0.684450
vt 0.900935 0.683459
vt 0.882093 0.624711
vt 0.803073 0.536398
vt 0.813204 0.538723
vt 0.802645 0.539518
vt 0.813230 0.535706
vt 0.281099 0.427934
vt 0.279305 0.424103
vt 0.287575 0.424836
vt 0.302851 0.453114
vt 0.275893 0.433451
vt 0.160212 0.142854
vt 0.159821 0.135291
vt 0.164478 0.135119
vt 0.164425 0.142547
vt 0.476187 0.409701
vt 0.466685 0.409800
vt 0.467492 0.408462
vt 0.477327 0.408630
vt 0.507609 0.508562
vt 0.970623 0.672304
vt 0.960421 0.673344
vt 0.960231 0.669222
vt 0.972834 0.674273
vt 0.980933 0.672819
vt 0.970485 0.668516
vt 0.979677 0.669737
vt 0.580578 0.607993
vt 0.582489 0.595328
vt 0.582344 0.608099
vt 0.579773 0.619623
vt 0.577469 0.619366
vt 0.581500 0.619766
vt 0.577606 0.607450
vt 0.524172 0.812574
vt 0.528068 0.810243
vt 0.531599 0.850887
vt 0.522691 0.814637
vt 0.520934 0.813454
vt 0.523518 0.811459
vt 0.050624 0.518246
vt 0.107617 0.523375
vt 0.047496 0.523542
vt 0.673745 0.647169
vt 0.669594 0.649242
vt 0.664304 0.639393
vt 0.670084 0.641329
vt 0.047687 0.516935
vt 0.684405 0.583624
vt 0.686321 0.591606
vt 0.682378 0.575868
vt 0.685318 0.574874
vt 0.687109 0.583615
vt 0.172502 0.095086
vt 0.946413 0.788483
vt 0.946044 0.787137
vt 0.956460 0.793476
vt 0.923244 0.807195
vt 0.935448 0.782917
vt 0.177139 0.142854
vt 0.174134 0.142578
vt 0.177139 0.133508
vt 0.169355 0.064518
vt 0.170399 0.073820
vt 0.172506 0.064169
vt 0.173330 0.051430
vt 0.170490 0.060951
vt 0.170339 0.051430
vt 0.027347 0.151965
vt 0.030476 0.160772
vt 0.027347 0.161902
vt 0.600548 0.448559
vt 0.600289 0.451738
vt 0.565255 0.427846
vt 0.303113 0.849363
vt 0.304087 0.849427
vt 0.303580 0.848468
vt 0.302422 0.849450
vt 0.379430 0.549936
vt 0.378130 0.548645
vt 0.396512 0.551756
vt 0.348818 0.504078
vt 0.350530 0.503204
vt 0.370117 0.502022
vt 0.394348 0.553289
vt 0.369827 0.502755
vt 0.350432 0.505391
vt 0.376374 0.550101
vt 0.332360 0.697321
vt 0.329268 0.707272
vt 0.327915 0.705381
vt 0.332822 0.706314
vt 0.330693 0.696193
vt 0.335232 0.686544
vt 0.150357 0.076265
vt 0.152734 0.074443
vt 0.153797 0.085014
vt 0.335232 0.695972
vt 0.386659 0.225710
vt 0.386009 0.002843
vt 0.386659 0.002843
vt 0.553678 0.098812
vt 0.552411 0.100152
vt 0.548652 0.096446
vt 0.000935 0.382850
vt 0.001573 0.381578
vt 0.223805 0.382850
vt 0.551720 0.095789
vt 0.556140 0.098706
vt 0.361898 0.384755
vt 0.139030 0.384755
vt 0.361268 0.383805
vt 0.672789 0.569005
vt 0.669141 0.572574
vt 0.667617 0.561586
vt 0.803770 0.541527
vt 0.792875 0.546668
vt 0.793535 0.544137
vt 0.813318 0.540543
vt 0.809813 0.543114
vt 0.560417 0.879714
vt 0.556206 0.869926
vt 0.559773 0.868600
vt 0.564081 0.878714
vt 0.566838 0.886779
vt 0.560948 0.887602
vt 0.557392 0.880643
vt 0.543378 0.396183
vt 0.550230 0.383973
vt 0.552526 0.386667
vt 0.448345 0.705983
vt 0.083238 0.697135
vt 0.083808 0.697982
vt 0.058390 0.117545
vt 0.062994 0.106789
vt 0.064761 0.113670
vt 0.064761 0.121902
vt 0.152378 0.119998
vt 0.147723 0.112936
vt 0.152378 0.108298
vt 0.434277 0.486501
vt 0.430671 0.493324
vt 0.425468 0.485789
vt 0.393853 0.388572
vt 0.413325 0.404766
vt 0.389788 0.395984
vt 0.431859 0.461281
vt 0.465315 0.631478
vt 0.442729 0.550435
vt 0.470118 0.626405
vt 0.468828 0.631941
vt 0.474496 0.638222
vt 0.372142 0.921887
vt 0.395978 0.841687
vt 0.402096 0.839911
vt 0.473004 0.638345
vt 0.442729 0.714272
vt 0.311810 0.546754
vt 0.309344 0.557358
vt 0.305584 0.565703
vt 0.596619 0.536206
vt 0.600867 0.527779
vt 0.410810 0.952861
vt 0.415987 0.942300
vt 0.417805 0.942542
vt 0.408447 0.953400
vt 0.414111 0.942960
vt 0.412904 0.954034
vt 0.407104 0.963002
vt 0.649895 0.727448
vt 0.652192 0.719703
vt 0.652548 0.726583
vt 0.648449 0.737853
vt 0.646873 0.728246
vt 0.648564 0.720870
vt 0.382463 0.697466
vt 0.376800 0.697532
vt 0.376863 0.694644
vt 0.802515 0.368899
vt 0.507364 0.308681
vt 0.476164 0.407166
vt 0.822841 0.303348
vt 0.518249 0.407611
vt 0.718046 0.822378
vt 0.719661 0.832565
vt 0.723796 0.827401
vt 0.909551 0.179044
vt 0.909551 0.067286
vt 0.919982 0.068602
vt 0.573935 0.161293
vt 0.590787 0.162116
vt 0.576815 0.312375
vt 0.566756 0.311117
vt 0.571176 0.160273
vt 0.731142 0.592525
vt 0.725393 0.595548
vt 0.739349 0.593471
vt 0.088438 0.144759
vt 0.087838 0.141078
vt 0.089406 0.139784
vt 0.125128 0.132225
vt 0.125237 0.133385
vt 0.113429 0.133316
vt 0.918823 0.902025
vt 0.907455 0.895888
vt 0.113982 0.132013
vt 0.126261 0.130430
vt 0.919086 0.900881
vt 0.903314 0.420726
vt 0.918402 0.849262
vt 0.899918 0.858097
vt 0.885264 0.806849
vt 0.604001 0.832024
vt 0.604509 0.832250
vt 0.604390 0.832714
vt 0.919982 0.849439
vt 0.900825 0.858505
vt 0.605703 0.883307
vt 0.605131 0.883013
vt 0.605304 0.882394
vt 0.605131 0.940934
vt 0.167616 0.060951
vt 0.160744 0.060722
vt 0.167616 0.052957
vt 0.583296 0.344525
vt 0.586640 0.350938
vt 0.581291 0.344264
vt 0.579832 0.337962
vt 0.584875 0.351306
vt 0.581723 0.337243
vt 0.736277 0.723339
vt 0.730945 0.723796
vt 0.730624 0.713756
vt 0.736957 0.710576
vt 0.739034 0.721982
vt 0.931638 0.684279
vt 0.940362 0.688865
vt 0.930059 0.685854
vt 0.734648 0.712289
vt 0.932310 0.681089
vt 0.190814 0.472372
vt 0.190475 0.465804
vt 0.277551 0.352870
vt 0.270864 0.355580
vt 0.276302 0.346690
vt 0.300947 0.342522
vt 0.280646 0.358535
vt 0.274472 0.363148
vt 0.701164 0.000277
vt 0.454817 0.429694
vt 0.928279 0.408091
vt 0.377841 0.935719
vt 0.377949 0.936792
vt 0.365959 0.930171
vt 0.922907 0.396857
vt 0.963791 0.399306
vt 0.365169 0.926904
vt 0.256084 0.461552
vt 0.258675 0.460568
vt 0.264757 0.470467
vt 0.256741 0.452956
vt 0.260789 0.449547
vt 0.242540 0.461095
vt 0.238367 0.468409
vt 0.097180 0.128422
vt 0.104760 0.133545
vt 0.097180 0.144759
vt 0.939953 0.514276
vt 0.939995 0.507868
vt 0.951584 0.508571
vt 0.733495 0.506020
vt 0.730812 0.550816
vt 0.691532 0.494188
vt 0.748862 0.518817
vt 0.746991 0.527029
vt 0.630350 0.528060
vt 0.664749 0.513891
vt 0.643379 0.531028
vt 0.745260 0.509107
vt 0.630804 0.534596
vt 0.956372 0.648808
vt 0.968542 0.659455
vt 0.958842 0.661214
vt 0.947573 0.650908
vt 0.955980 0.646167
vt 0.964361 0.645239
vt 0.964685 0.647410
vt 0.896625 0.040769
vt 0.887517 0.040118
vt 0.799688 0.616103
vt 0.797217 0.619853
vt 0.802902 0.627661
vt 0.800677 0.607952
vt 0.804909 0.602595
vt 0.802983 0.616781
vt 0.408292 0.252565
vt 0.408286 0.244817
vt 0.410937 0.253310
vt 0.406986 0.261106
vt 0.689355 0.555615
vt 0.805699 0.340635
vt 0.805250 0.342606
vt 0.798597 0.337051
vt 0.686082 0.556605
vt 0.956126 0.964042
vt 0.960189 0.963151
vt 0.143661 0.108068
vt 0.146664 0.108154
vt 0.143661 0.118093
vt 0.468437 0.438226
vt 0.470467 0.446061
vt 0.465717 0.438391
vt 0.014408 0.013453
vt 0.017143 0.023098
vt 0.014408 0.024761
vt 0.467056 0.428126
vt 0.684060 0.676462
vt 0.708558 0.652784
vt 0.691081 0.683968
vt 0.682304 0.678654
vt 0.958482 0.436127
vt 0.957399 0.450974
vt 0.950140 0.434415
vt 0.966945 0.450488
vt 0.308450 0.425368
vt 0.305763 0.417671
vt 0.311021 0.424881
vt 0.452855 0.831952
vt 0.459457 0.826760
vt 0.459759 0.829429
vt 0.310145 0.433815
vt 0.969334 0.436251
vt 0.257138 0.660940
vt 0.195288 0.595569
vt 0.217664 0.542646
vt 0.474262 0.624750
vt 0.479441 0.538785
vt 0.535228 0.520253
vt 0.257138 0.483290
vt 0.609512 0.281899
vt 0.593660 0.104958
vt 0.609512 0.089648
vt 0.286534 0.346660
vt 0.095851 0.322132
vt 0.316828 0.322831
vt 0.694381 0.931411
vt 0.889493 0.306743
vt 0.884101 0.312049
vt 0.881638 0.309255
vt 0.895570 0.302670
vt 0.910459 0.331422
vt 0.887442 0.303668
vt 0.434210 0.970405
vt 0.438877 0.963936
vt 0.436630 0.972196
vt 0.201757 0.825029
vt 0.203465 0.827677
vt 0.194011 0.830911
vt 0.805853 0.503441
vt 0.797984 0.505267
vt 0.796524 0.500883
vt 0.191406 0.829056
vt 0.199976 0.822716
vt 0.805643 0.500445
vt 0.807072 0.506430
vt 0.681442 0.239189
vt 0.689389 0.241318
vt 0.680589 0.241514
vt 0.672935 0.239793
vt 0.688726 0.245135
vt 0.908554 0.529549
vt 0.891660 0.592035
vt 0.890756 0.590583
vt 0.511395 0.646282
vt 0.889729 0.589808
vt 0.338064 0.953947
vt 0.345800 0.943548
vt 0.355811 0.935712
vt 0.279406 0.369702
vt 0.284674 0.362591
vt 0.285826 0.373831
vt 0.279770 0.689650
vt 0.278082 0.691730
vt 0.273796 0.687213
vt 0.283804 0.691195
vt 0.396303 0.425279
vt 0.392073 0.420914
vt 0.401200 0.428972
vt 0.082930 0.158539
vt 0.089996 0.149865
vt 0.091427 0.157665
vt 0.082491 0.152417
vt 0.082491 0.164605
vt 0.525283 0.314941
vt 0.522838 0.315305
vt 0.525647 0.307572
vt 0.525411 0.322092
vt 0.522718 0.321661
vt 0.808943 0.524599
vt 0.144759 0.540942
vt 0.800062 0.527986
vt 0.796588 0.535228
vt 0.584996 0.595700
vt 0.575860 0.583941
vt 0.587104 0.596250
vt 0.584148 0.608622
vt 0.502135 0.481981
vt 0.511324 0.483116
vt 0.510920 0.486598
vt 0.582557 0.586614
vt 0.644026 0.749181
vt 0.644906 0.758081
vt 0.640847 0.751186
vt 0.645188 0.738238
vt 0.647054 0.748436
vt 0.648464 0.757111
vt 0.159763 0.957950
vt 0.148563 0.958114
vt 0.192377 0.907492
vt 0.192377 0.990457
vt 0.058195 0.747296
vt 0.057162 0.754743
vt 0.053595 0.753890
vt 0.047503 0.702367
vt 0.062302 0.741263
vt 0.060581 0.746670
vt 0.557072 0.434881
vt 0.558165 0.436131
vt 0.554765 0.435487
vt 0.560038 0.434729
vt 0.542705 0.420248
vt 0.545748 0.419442
vt 0.760718 0.873610
vt 0.783292 0.872734
vt 0.763145 0.876977
vt 0.790788 0.844855
vt 0.747840 0.873623
vt 0.748111 0.871814
vt 0.742972 0.865962
vt 0.374539 0.514888
vt 0.377136 0.520647
vt 0.369133 0.522329
vt 0.366553 0.517558
vt 0.851122 0.349957
vt 0.846093 0.356912
vt 0.370895 0.509135
vt 0.050170 0.094893
vt 0.053332 0.093017
vt 0.053332 0.104760
vt 0.458857 0.834985
vt 0.459620 0.831925
vt 0.470483 0.834909
vt 0.310440 0.417044
vt 0.317838 0.424108
vt 0.314270 0.424382
vt 0.470491 0.838079
vt 0.307964 0.417466
vt 0.315509 0.488033
vt 0.316338 0.476683
vt 0.791607 0.516853
vt 0.797983 0.515519
vt 0.806960 0.516368
vt 0.953591 0.195210
vt 0.954369 0.194593
vt 0.959035 0.196911
vt 0.936123 0.240703
vt 0.962506 0.195797
vt 0.579833 0.693890
vt 0.251424 0.394278
vt 0.029778 0.394278
vt 0.251417 0.392972
vt 0.012381 0.229254
vt 0.000794 0.230472
vt 0.000794 0.007302
vt 0.221901 0.396183
vt 0.000255 0.396183
vt 0.000866 0.394879
vt 0.575540 0.680382
vt 0.580495 0.695736
vt 0.923368 0.415810
vt 0.318089 0.794767
vt 0.673409 0.824831
vt 0.635285 0.845858
vt 0.634530 0.844102
vt 0.318089 0.906649
vt 0.288191 0.860090
vt 0.630596 0.823840
vt 0.747179 0.508612
vt 0.748430 0.507782
vt 0.751847 0.517730
vt 0.750280 0.519299
vt 0.952225 0.506547
vt 0.940277 0.506071
vt 0.952363 0.504889
vt 0.960334 0.666655
vt 0.970460 0.665541
vt 0.538486 0.865022
vt 0.959596 0.662839
vt 0.952462 0.665859
vt 0.540496 0.863778
vt 0.149709 0.130763
vt 0.139533 0.130885
vt 0.139263 0.128964
vt 0.813105 0.593542
vt 0.813439 0.595809
vt 0.809227 0.600276
vt 0.149417 0.128253
vt 0.150473 0.132338
vt 0.480007 0.023151
vt 0.484094 0.030061
vt 0.484164 0.031591
vt 0.478419 0.014234
vt 0.482672 0.020488
vt 0.472396 0.800441
vt 0.472024 0.806753
vt 0.470553 0.807565
vt 0.006938 0.064678
vt 0.006012 0.065656
vt 0.007619 0.056209
vt 0.007619 0.074284
vt 0.952796 0.459473
vt 0.958856 0.457605
vt 0.958104 0.460747
vt 0.224518 0.459867
vt 0.222105 0.467613
vt 0.221085 0.465115
vt 0.217513 0.418709
vt 0.227771 0.456418
vt 0.131098 0.125274
vt 0.136727 0.125917
vt 0.148911 0.503688
vt 0.148600 0.500336
vt 0.158719 0.501859
vt 0.265401 0.429759
vt 0.266104 0.433078
vt 0.255522 0.433294
vt 0.255183 0.429635
vt 0.264891 0.425940
vt 0.159651 0.505276
vt 0.149743 0.506622
vt 0.324431 0.443037
vt 0.319515 0.443692
vt 0.323090 0.433817
vt 0.326583 0.433156
vt 0.412420 0.262852
vt 0.409325 0.261127
vt 0.414938 0.254033
vt 0.418751 0.254903
vt 0.327573 0.442625
vt 0.322837 0.451420
vt 0.965911 0.783788
vt 0.965814 0.781174
vt 0.978735 0.774751
vt 0.955818 0.791085
vt 0.955139 0.787672
vt 0.155469 0.075198
vt 0.156243 0.066019
vt 0.156498 0.085190
vt 0.153906 0.065274
vt 0.404883 0.847839
vt 0.406954 0.842829
vt 0.407611 0.848483
vt 0.404728 0.851877
vt 0.402276 0.844926
vt 0.403885 0.842701
vt 0.854618 0.619698
vt 0.845582 0.617626
vt 0.853578 0.616260
vt 0.860877 0.616361
vt 0.847533 0.621135
vt 0.860936 0.617571
vt 0.859565 0.621015
vt 0.591955 0.688800
vt 0.597207 0.683754
vt 0.599428 0.683253
vt 0.590637 0.687643
vt 0.406579 0.820781
vt 0.512885 0.773086
vt 0.500386 0.963368
vt 0.495133 0.971389
vt 0.489058 0.977480
vt 0.795888 0.337138
vt 0.796269 0.328579
vt 0.407536 0.236223
vt 0.919061 0.969948
vt 0.932423 0.967922
vt 0.932635 0.968454
vt 0.920336 0.968495
vt 0.067019 0.103159
vt 0.919875 0.971653
vt 0.008693 0.100950
vt 0.008693 0.090343
vt 0.011428 0.091113
vt 0.594947 0.346841
vt 0.591833 0.340104
vt 0.597211 0.346097
vt 0.599988 0.350360
vt 0.593916 0.339214
vt 0.597297 0.351275
vt 0.727961 0.713953
vt 0.939518 0.691068
vt 0.928588 0.687344
vt 0.729102 0.723093
vt 0.289316 0.366320
vt 0.294577 0.369280
vt 0.293244 0.376461
vt 0.428357 0.821072
vt 0.438087 0.840792
vt 0.428700 0.849167
vt 0.353825 0.565422
vt 0.392458 0.554070
vt 0.394278 0.445144
vt 0.390032 0.503290
vt 0.398940 0.559026
vt 0.364286 0.789357
vt 0.402006 0.811620
vt 0.408866 0.827627
vt 0.403353 0.836493
vt 0.399645 0.805059
vt 0.358088 0.619721
vt 0.264820 0.666743
vt 0.316285 0.585050
vt 0.356044 0.669357
vt 0.420059 0.849130
vt 0.411145 0.838592
vt 0.275376 0.933309
vt 0.358746 0.545241
vt 0.395929 0.839997
vt 0.357032 0.511052
vt 0.361361 0.515131
vt 0.848944 0.379282
vt 0.840092 0.381644
vt 0.846741 0.375676
vt 0.850974 0.382334
vt 0.842905 0.384773
vt 0.358714 0.508843
vt 0.605235 0.553775
vt 0.610097 0.565291
vt 0.603248 0.556048
vt 0.628905 0.550667
vt 0.667682 0.618347
vt 0.660862 0.629335
vt 0.595140 0.550660
vt 0.531418 0.230472
vt 0.517578 0.229362
vt 0.517175 0.227813
vt 0.652368 0.475035
vt 0.531418 0.154627
vt 0.579018 0.514236
vt 0.575671 0.513702
vt 0.580011 0.505026
vt 0.575081 0.523108
vt 0.583091 0.505713
vt 0.336562 0.952086
vt 0.336962 0.953256
vt 0.330220 0.961019
vt 0.092161 0.092219
vt 0.098628 0.089216
vt 0.106665 0.108569
vt 0.343916 0.941427
vt 0.098653 0.088211
vt 0.085217 0.096840
vt 0.463212 0.438440
vt 0.468089 0.446051
vt 0.465322 0.446342
vt 0.460089 0.438776
vt 0.461453 0.429289
vt 0.464008 0.428762
vt 0.768317 0.040618
vt 0.771879 0.032586
vt 0.769721 0.041376
vt 0.765164 0.052230
vt 0.764070 0.050292
vt 0.749577 0.002871
vt 0.977658 0.660125
vt 0.969590 0.661759
vt 0.977471 0.657621
vt 0.610746 0.308295
vt 0.625234 0.311492
vt 0.623796 0.312625
vt 0.533727 0.572853
vt 0.514134 0.575638
vt 0.535978 0.574148
vt 0.519094 0.577161
vt 0.320457 0.786240
vt 0.321519 0.785768
vt 0.320223 0.787665
vt 0.319855 0.763105
vt 0.127600 0.115751
vt 0.123376 0.119998
vt 0.123941 0.111847
vt 0.189012 0.043907
vt 0.186090 0.056297
vt 0.178379 0.044021
vt 0.192377 0.057142
vt 0.183056 0.040736
vt 0.974392 0.458085
vt 0.979987 0.464786
vt 0.973006 0.461650
vt 0.974524 0.457167
vt 0.981282 0.461398
vt 0.966368 0.455285
vt 0.966645 0.457291
vt 0.185534 0.113324
vt 0.194282 0.113490
vt 0.188110 0.116500
vt 0.116316 0.113667
vt 0.120267 0.108170
vt 0.121436 0.109362
vt 0.183425 0.118093
vt 0.180923 0.115363
vt 0.015935 0.515224
vt 0.028844 0.510638
vt 0.017565 0.516066
vt 0.004297 0.590465
vt 0.004297 0.454856
vt 0.885697 0.199996
vt 0.877340 0.133198
vt 0.878278 0.132989
vt 0.812430 0.142204
vt 0.804157 0.140379
vt 0.797409 0.136836
vt 0.337616 0.418980
vt 0.336139 0.415179
vt 0.350585 0.420962
vt 0.424273 0.997615
vt 0.420391 0.985044
vt 0.422937 0.985124
vt 0.426658 0.996215
vt 0.422587 0.999404
vt 0.339299 0.421312
vt 0.156676 0.094029
vt 0.157516 0.102774
vt 0.154100 0.103188
vt 0.160382 0.093978
vt 0.154174 0.094169
vt 0.440607 0.950540
vt 0.437450 0.940111
vt 0.476181 0.928731
vt 0.442707 0.962756
vt 0.439573 0.952133
vt 0.436863 0.940264
vt 0.174583 0.120860
vt 0.157172 0.546709
vt 0.454112 0.500506
vt 0.479991 0.500506
vt 0.471108 0.620940
vt 0.853317 0.061723
vt 0.843524 0.146562
vt 0.832634 0.144514
vt 0.939953 0.504250
vt 0.630744 0.538234
vt 0.643335 0.534288
vt 0.664749 0.605703
vt 0.644024 0.532311
vt 0.630477 0.536410
vt 0.943759 0.431737
vt 0.725509 0.596488
vt 0.730402 0.597434
vt 0.738270 0.596740
vt 0.933256 0.828243
vt 0.127484 0.205710
vt 0.442825 0.813706
vt 0.461617 0.895673
vt 0.054976 0.272837
vt 0.051918 0.270985
vt 0.062147 0.267603
vt 0.671379 0.872889
vt 0.670953 0.863141
vt 0.674273 0.871436
vt 0.668496 0.864529
vt 0.512917 0.599173
vt 0.507844 0.600725
vt 0.604063 0.053610
vt 0.680496 0.114552
vt 0.540258 0.709920
vt 0.522056 0.759985
vt 0.539813 0.709438
vt 0.558656 0.728479
vt 0.545611 0.798291
vt 0.580715 0.697944
vt 0.610339 0.759985
vt 0.541322 0.708101
vt 0.398088 0.792366
vt 0.384566 0.688129
vt 0.398088 0.650995
vt 0.379040 0.872405
vt 0.329620 0.911606
vt 0.393847 0.355030
vt 0.431150 0.215819
vt 0.431420 0.432373
vt 0.928052 0.345800
vt 0.127617 0.639988
vt 0.111733 0.592848
vt 0.127617 0.565218
vt 0.195471 0.982838
vt 0.195471 0.896853
vt 0.228747 0.912148
vt 0.255233 0.944491
vt 0.516181 0.303982
vt 0.516181 0.403802
vt 0.491968 0.364509
vt 0.202853 0.434571
vt 0.090211 0.519990
vt 0.000248 0.434571
vt 0.449950 0.221343
vt 0.447651 0.228617
vt 0.443016 0.219768
vt 0.457134 0.224738
vt 0.452830 0.230915
vt 0.387557 0.529430
vt 0.380565 0.513368
vt 0.387295 0.528131
vt 0.373326 0.135236
vt 0.360121 0.133897
vt 0.359907 0.132451
vt 0.381210 0.515751
vt 0.394278 0.544751
vt 0.388003 0.531301
vt 0.880262 0.035085
vt 0.874861 0.028934
vt 0.875249 0.028386
vt 0.000537 0.609793
vt 0.041904 0.685701
vt 0.012321 0.621150
vt 0.025916 0.615310
vt 0.000537 0.765700
vt 0.470867 0.828812
vt 0.480299 0.832842
vt 0.470713 0.831661
vt 0.470166 0.825763
vt 0.480744 0.829546
vt 0.679807 0.967487
vt 0.679987 0.969457
vt 0.671654 0.968925
vt 0.784898 0.953369
vt 0.049492 0.662064
vt 0.556387 0.389325
vt 0.554471 0.388040
vt 0.567608 0.388527
vt 0.732955 0.555666
vt 0.737809 0.559983
vt 0.737006 0.562723
vt 0.731606 0.558559
vt 0.058478 0.654062
vt 0.052251 0.662754
vt 0.680648 0.679204
vt 0.674669 0.671623
vt 0.679422 0.684126
vt 0.684575 0.688167
vt 0.688849 0.685335
vt 0.966894 0.452396
vt 0.976282 0.451173
vt 0.958206 0.453384
vt 0.975538 0.454524
vt 0.977881 0.772276
vt 0.902750 0.300980
vt 0.900488 0.567424
vt 0.902534 0.568304
vt 0.901033 0.575092
vt 0.718887 0.684103
vt 0.847951 0.628300
vt 0.219043 0.848635
vt 0.205072 0.846127
vt 0.856805 0.626525
vt 0.306661 0.912128
vt 0.428008 0.850956
vt 0.041023 0.248520
vt 0.046040 0.225883
vt 0.053005 0.235347
vt 0.041525 0.249366
vt 0.040932 0.249566
vt 0.171838 0.625367
vt 0.172357 0.624278
vt 0.172590 0.625437
vt 0.053292 0.236538
vt 0.164421 0.651415
vt 0.365543 0.695906
vt 0.382692 0.687054
vt 0.664659 0.561627
vt 0.663485 0.555273
vt 0.662920 0.569968
vt 0.662819 0.561328
vt 0.572223 0.533304
vt 0.574762 0.534065
vt 0.568943 0.539918
vt 0.660989 0.555302
vt 0.665817 0.571433
vt 0.380164 0.565619
vt 0.387484 0.574774
vt 0.384789 0.574642
vt 0.382550 0.565833
vt 0.362175 0.583102
vt 0.495225 0.701132
vt 0.489858 0.692349
vt 0.497003 0.701115
vt 0.472413 0.718081
vt 0.179551 0.071675
vt 0.178245 0.061723
vt 0.522547 0.328594
vt 0.224861 0.874846
vt 0.740106 0.629929
vt 0.735104 0.571702
vt 0.083808 0.739277
vt 0.074437 0.744199
vt 0.063354 0.746412
vt 0.831129 0.814289
vt 0.819376 0.870459
vt 0.829871 0.813679
vt 0.109162 0.221400
vt 0.080041 0.210103
vt 0.110474 0.127358
vt 0.833629 0.813811
vt 0.218091 0.472780
vt 0.183212 0.567390
vt 0.161628 0.546601
vt 0.109069 0.223396
vt 0.773555 0.878426
vt 0.786325 0.878629
vt 0.759944 0.878288
vt 0.587891 0.329361
vt 0.590067 0.332458
vt 0.452812 0.440022
vt 0.456687 0.439397
vt 0.452383 0.445324
vt 0.448789 0.445569
vt 0.449473 0.439902
vt 0.947163 0.698865
vt 0.923183 0.714109
vt 0.939074 0.692342
vt 0.029964 0.034014
vt 0.030476 0.044410
vt 0.027529 0.034048
vt 0.432638 0.993524
vt 0.434271 0.983301
vt 0.435140 0.983058
vt 0.954823 0.706653
vt 0.028630 0.022959
vt 0.116446 0.100805
vt 0.116441 0.093902
vt 0.120626 0.100656
vt 0.651072 0.779272
vt 0.647772 0.786058
vt 0.622263 0.768456
vt 0.652817 0.771684
vt 0.116305 0.107683
vt 0.491521 0.078438
vt 0.490684 0.074064
vt 0.494100 0.079450
vt 0.889292 0.108714
vt 0.135236 0.594632
vt 0.135236 0.693320
vt 0.134022 0.693001
vt 0.470157 0.171425
vt 0.899030 0.041363
vt 0.883406 0.110471
vt 0.718956 0.720482
vt 0.757457 0.787432
vt 0.746273 0.792876
vt 0.186663 0.152107
vt 0.186051 0.226662
vt 0.173793 0.152107
vt 0.724903 0.930926
vt 0.711369 0.925312
vt 0.735224 0.860666
vt 0.711160 0.926519
vt 0.733820 0.940335
vt 0.321559 0.417331
vt 0.833546 0.487108
vt 0.839028 0.481302
vt 0.840276 0.483661
vt 0.832619 0.485619
vt 0.831479 0.490940
vt 0.835506 0.487150
vt 0.832269 0.491366
vt 0.165737 0.521881
vt 0.160638 0.518636
vt 0.160669 0.515201
vt 0.332262 0.684909
vt 0.328507 0.693588
vt 0.329510 0.682689
vt 0.160659 0.144643
vt 0.163806 0.144565
vt 0.163806 0.154283
vt 0.006453 0.089522
vt 0.006453 0.078326
vt 0.009524 0.088380
vt 0.603218 0.443976
vt 0.606622 0.436879
vt 0.603952 0.444473
vt 0.600553 0.433096
vt 0.582264 0.778934
vt 0.589671 0.779244
vt 0.588866 0.780392
vt 0.838284 0.624589
vt 0.847636 0.622233
vt 0.845403 0.625102
vt 0.836970 0.627294
vt 0.840427 0.622927
vt 0.583749 0.776307
vt 0.581102 0.780346
vt 0.540049 0.080532
vt 0.530133 0.088601
vt 0.515089 0.017784
vt 0.668559 0.413325
vt 0.533149 0.088418
vt 0.197906 0.156187
vt 0.197906 0.081413
vt 0.211425 0.156187
vt 0.881997 0.307146
vt 0.876255 0.310927
vt 0.877978 0.306388
vt 0.921192 0.463111
vt 0.919516 0.462278
vt 0.924416 0.460455
vt 0.458086 0.474137
vt 0.439460 0.557259
vt 0.416873 0.545535
vt 0.330635 0.961886
vt 0.338481 0.956121
vt 0.051428 0.081911
vt 0.051428 0.089424
vt 0.544405 0.873011
vt 0.544434 0.862833
vt 0.547920 0.872257
vt 0.546980 0.881305
vt 0.056892 0.692690
vt 0.817588 0.646730
vt 0.827138 0.626129
vt 0.834270 0.660940
vt 0.218690 0.479765
vt 0.224168 0.480234
vt 0.218690 0.504752
vt 0.653987 0.963998
vt 0.648730 0.955010
vt 0.650677 0.953989
vt 0.656639 0.962272
vt 0.661948 0.968519
vt 0.923792 0.104760
vt 0.922347 0.104760
vt 0.923385 0.001282
vt 0.902840 0.537418
vt 0.853317 0.563139
vt 0.852289 0.562555
vt 0.917319 0.767604
vt 0.917319 0.663817
vt 0.918078 0.766986
vt 0.000972 0.375231
vt 0.150368 0.361787
vt 0.150980 0.363725
vt 0.038095 0.765700
vt 0.037196 0.765203
vt 0.038095 0.711343
vt 0.535990 0.619885
vt 0.545809 0.614107
vt 0.545231 0.616274
vt 0.554275 0.651416
vt 0.535523 0.618103
vt 0.527167 0.625889
vt 0.605538 0.832316
vt 0.604805 0.830933
vt 0.627932 0.823026
vt 0.628762 0.823807
vt 0.629025 0.825321
vt 0.163633 0.493186
vt 0.159353 0.497999
vt 0.159189 0.496869
vt 0.165071 0.495353
vt 0.194741 0.847345
vt 0.368364 0.646263
vt 0.368883 0.652814
vt 0.366249 0.646717
vt 0.368388 0.635599
vt 0.371066 0.637836
vt 0.114284 0.100096
vt 0.111328 0.090347
vt 0.114284 0.089822
vt 0.235989 0.423786
vt 0.111218 0.100950
vt 0.267310 0.695213
vt 0.271817 0.692263
vt 0.263382 0.696816
vt 0.272688 0.694484
vt 0.254277 0.736785
vt 0.392373 0.797838
vt 0.347557 0.779631
vt 0.348539 0.777411
vt 0.227769 0.675197
vt 0.238091 0.662364
vt 0.034880 0.292760
vt 0.171874 0.601063
vt 0.178595 0.606883
vt 0.089522 0.107211
vt 0.080141 0.108170
vt 0.087767 0.103720
vt 0.089283 0.120334
vt 0.170852 0.617131
vt 0.611417 0.533438
vt 0.599704 0.535511
vt 0.124887 0.910777
vt 0.111247 0.904354
vt 0.124200 0.908794
vt 0.136077 0.913057
vt 0.136172 0.913624
vt 0.119539 0.922540
vt 0.060951 0.052818
vt 0.055643 0.057142
vt 0.055643 0.046305
vt 0.383145 0.417910
vt 0.387804 0.408732
vt 0.389491 0.415350
vt 0.381183 0.410155
vt 0.453454 0.409400
vt 0.443189 0.408020
vt 0.455564 0.408020
vt 0.442224 0.409540
vt 0.558560 0.857741
vt 0.562191 0.867674
vt 0.819349 0.524678
vt 0.818216 0.521644
vt 0.652613 0.953631
vt 0.576661 0.628559
vt 0.648083 0.943715
vt 0.653890 0.953038
vt 0.645564 0.944706
vt 0.319726 0.788205
vt 0.000464 0.309518
vt 0.041056 0.250192
vt 0.281517 0.823899
vt 0.049681 0.529587
vt 0.046699 0.530429
vt 0.042647 0.523001
vt 0.314992 0.433526
vt 0.318963 0.433915
vt 0.315088 0.442643
vt 0.312146 0.433955
vt 0.312346 0.442515
vt 0.944506 0.968580
vt 0.953139 0.970457
vt 0.943694 0.971723
vt 0.933051 0.969624
vt 0.944598 0.966744
vt 0.186356 0.102672
vt 0.119979 0.116906
vt 0.631972 0.373248
vt 0.870147 0.131073
vt 0.870330 0.130418
vt 0.166328 0.212684
vt 0.166309 0.224101
vt 0.164216 0.212089
vt 0.803672 0.152496
vt 0.813585 0.154356
vt 0.795461 0.148948
vt 0.803595 0.149317
vt 0.812631 0.151684
vt 0.339816 0.422711
vt 0.352616 0.425526
vt 0.336139 0.445706
vt 0.421889 0.999981
vt 0.418693 0.990225
vt 0.352294 0.423522
vt 0.444594 0.430813
vt 0.441519 0.431310
vt 0.443364 0.420796
vt 0.446282 0.440039
vt 0.443298 0.441129
vt 0.437426 0.972483
vt 0.441412 0.963176
vt 0.438860 0.973490
vt 0.868744 0.409727
vt 0.554829 0.184238
vt 0.567608 0.111463
vt 0.567608 0.186663
vt 0.736499 0.949543
vt 0.746633 0.875253
vt 0.195270 0.869237
vt 0.184680 0.866196
vt 0.162070 0.793344
vt 0.193891 0.872103
vt 0.184083 0.868617
vt 0.510249 0.041493
vt 0.518085 0.046042
vt 0.511402 0.048384
vt 0.503214 0.045132
vt 0.517879 0.039015
vt 0.474768 0.864677
vt 0.506657 0.844606
vt 0.471074 0.885566
vt 0.330276 0.477828
vt 0.332733 0.468650
vt 0.335770 0.468688
vt 0.678869 0.971662
vt 0.671630 0.971116
vt 0.836783 0.963791
vt 0.668203 0.633847
vt 0.933315 0.935220
vt 0.603798 0.928150
vt 0.576237 0.973315
vt 0.576237 0.893219
vt 0.737612 0.504752
vt 0.738160 0.354341
vt 0.739033 0.504752
vt 0.001905 0.594274
vt 0.001018 0.444219
vt 0.001905 0.443775
vt 0.727242 0.350943
vt 0.728129 0.353384
vt 0.728129 0.500943
vt 0.803794 0.350940
vt 0.833008 0.149130
vt 0.832249 0.146828
vt 0.844253 0.148688
vt 0.847204 0.337181
vt 0.815932 0.344755
vt 0.855882 0.325297
vt 0.844143 0.150745
vt 0.853317 0.188568
vt 0.817815 0.153472
vt 0.196909 0.835326
vt 0.204995 0.829900
vt 0.195739 0.833459
vt 0.187487 0.839650
vt 0.187750 0.842443
vt 0.199048 0.839284
vt 0.009462 0.076189
vt 0.009462 0.066490
vt 0.011428 0.066628
vt 0.452855 0.811868
vt 0.461085 0.812081
vt 0.951138 0.453577
vt 0.596356 0.786021
vt 0.603980 0.787352
vt 0.581102 0.813318
vt 0.596224 0.782123
vt 0.589820 0.784173
vt 0.544752 0.095277
vt 0.542827 0.096142
vt 0.381093 0.511742
vt 0.078181 0.144890
vt 0.080497 0.146203
vt 0.346657 0.449064
vt 0.350025 0.451048
vt 0.347402 0.460894
vt 0.068063 0.137591
vt 0.848594 0.766235
vt 0.845628 0.764074
vt 0.846744 0.763936
vt 0.851987 0.759966
vt 0.852370 0.763774
vt 0.597333 0.507601
vt 0.592617 0.516187
vt 0.593010 0.506309
vt 0.839136 0.760082
vt 0.831713 0.769563
vt 0.837091 0.761602
vt 0.843111 0.750332
vt 0.835514 0.766514
vt 0.046933 0.060216
vt 0.046731 0.069518
vt 0.047012 0.050945
vt 0.050113 0.051306
vt 0.043675 0.070475
vt 0.744477 0.557039
vt 0.751647 0.555727
vt 0.745020 0.559584
vt 0.736604 0.557266
vt 0.518691 0.315126
vt 0.756302 0.050416
vt 0.518422 0.308441
vt 0.520615 0.315078
vt 0.749577 0.053265
vt 0.972548 0.640530
vt 0.373601 0.236870
vt 0.386269 0.236584
vt 0.386659 0.238472
vt 0.373601 0.312375
vt 0.274094 0.824282
vt 0.295159 0.903088
vt 0.289368 0.905278
vt 0.546160 0.567526
vt 0.373924 0.235340
vt 0.579037 0.647607
vt 0.367077 0.933636
vt 0.803890 0.162036
vt 0.812281 0.162366
vt 0.811079 0.158366
vt 0.392108 0.585228
vt 0.566413 0.877367
vt 0.599842 0.335819
vt 0.598476 0.336646
vt 0.597167 0.329326
vt 0.598395 0.327737
vt 0.571018 0.884268
vt 0.568999 0.876714
vt 0.775143 0.023095
vt 0.773634 0.032458
vt 0.470294 0.809826
vt 0.217316 0.467406
vt 0.217751 0.465961
vt 0.140985 0.412087
vt 0.140363 0.411315
vt 0.353326 0.411315
vt 0.344507 0.753941
vt 0.345187 0.754681
vt 0.342616 0.754802
vt 0.343431 0.753800
vt 0.345168 0.753960
vt 0.140987 0.413325
vt 0.141232 0.521809
vt 0.150588 0.519762
vt 0.159901 0.521549
vt 0.676499 0.567895
vt 0.677137 0.558807
vt 0.679768 0.567448
vt 0.678905 0.576666
vt 0.675053 0.577468
vt 0.078270 0.810438
vt 0.080718 0.809474
vt 0.086039 0.815897
vt 0.083341 0.817294
vt 0.072168 0.803499
vt 0.112379 0.119998
vt 0.109549 0.119998
vt 0.112193 0.110334
vt 0.165606 0.498112
vt 0.903872 0.470525
vt 0.883048 0.544751
vt 0.903048 0.468255
vt 0.402624 0.856207
vt 0.405167 0.856147
vt 0.407611 0.931411
vt 0.479991 0.183153
vt 0.454651 0.286569
vt 0.453723 0.285085
vt 0.402046 0.851641
vt 0.838838 0.619188
vt 0.836970 0.589170
vt 0.086386 0.180694
vt 0.165782 0.661551
vt 0.043408 0.217389
vt 0.955743 0.086262
vt 0.955432 0.087981
vt 0.950098 0.091919
vt 0.946580 0.126959
vt 0.251916 0.034781
vt 0.257795 0.031152
vt 0.253150 0.040323
vt 0.249004 0.041692
vt 0.245028 0.038429
vt 0.410707 0.963265
vt 0.412315 0.971489
vt 0.417362 0.972326
vt 0.413287 0.431067
vt 0.413325 0.438087
vt 0.407020 0.430650
vt 0.518085 0.072380
vt 0.167920 0.128374
vt 0.179044 0.203851
vt 0.168021 0.204038
vt 0.331315 0.521353
vt 0.336432 0.527778
vt 0.330870 0.522681
vt 0.376183 0.433373
vt 0.139263 0.205710
vt 0.807573 0.362778
vt 0.843583 0.399105
vt 0.842779 0.399775
vt 0.630105 0.823249
vt 0.629511 0.823563
vt 0.657667 0.780697
vt 0.634805 0.320924
vt 0.669528 0.848118
vt 0.667684 0.855316
vt 0.666807 0.846875
vt 0.670983 0.838952
vt 0.659116 0.746489
vt 0.660940 0.754530
vt 0.674273 0.839992
vt 0.670668 0.855551
vt 0.658028 0.736162
vt 0.923302 0.243773
vt 0.922288 0.240584
vt 0.253035 0.856481
vt 0.253894 0.858875
vt 0.245908 0.859314
vt 0.983630 0.457291
vt 0.988552 0.460397
vt 0.981948 0.459827
vt 0.245889 0.852653
vt 0.984479 0.454890
vt 0.489091 0.503699
vt 0.474262 0.432123
vt 0.497404 0.504299
vt 0.489604 0.505440
vt 0.363005 0.512699
vt 0.364996 0.521031
vt 0.363381 0.522016
vt 0.325000 0.473426
vt 0.322075 0.461040
vt 0.327507 0.486332
vt 0.329361 0.468838
vt 0.165531 0.503959
vt 0.161206 0.508906
vt 0.009156 0.124061
vt 0.011428 0.123352
vt 0.011428 0.133331
vt 0.962691 0.194358
vt 0.954391 0.192972
vt 0.954700 0.190040
vt 0.963273 0.191161
vt 0.767549 0.783490
vt 0.757483 0.788514
vt 0.975219 0.514757
vt 0.975219 0.581981
vt 0.962168 0.516917
vt 0.745778 0.794450
vt 0.231895 0.445617
vt 0.236108 0.436315
vt 0.246630 0.439423
vt 0.585547 0.505530
vt 0.582012 0.497601
vt 0.588943 0.506355
vt 0.587306 0.498143
vt 0.405614 0.956769
vt 0.403479 0.964565
vt 0.349151 0.999981
vt 0.106665 0.113418
vt 0.106665 0.121902
vt 0.103885 0.121701
vt 0.747452 0.567121
vt 0.745230 0.563334
vt 0.751411 0.562156
vt 0.522117 0.307518
vt 0.520488 0.308357
vt 0.971625 0.639877
vt 0.978638 0.637797
vt 0.450468 0.653321
vt 0.405336 0.568601
vt 0.407013 0.559543
vt 0.125712 0.213329
vt 0.111504 0.213329
vt 0.112391 0.138555
vt 0.668559 0.239422
vt 0.662269 0.856769
vt 0.646226 0.864879
vt 0.286177 0.413810
vt 0.513922 0.000233
vt 0.551511 0.091802
vt 0.063288 0.641901
vt 0.058589 0.644172
vt 0.061701 0.640759
vt 0.067343 0.636316
vt 0.068803 0.636885
vt 0.113170 0.696510
vt 0.097954 0.706653
vt 0.794725 0.668448
vt 0.074365 0.802594
vt 0.065894 0.796476
vt 0.067830 0.795155
vt 0.082867 0.808977
vt 0.076711 0.801984
vt 0.838585 0.360423
vt 0.838963 0.355379
vt 0.760232 0.523971
vt 0.755876 0.517785
vt 0.772951 0.526189
vt 0.417015 0.929506
vt 0.440202 0.909691
vt 0.456572 0.914846
vt 0.845332 0.879501
vt 0.881888 0.866900
vt 0.851248 0.889507
vt 0.827813 0.844554
vt 0.767922 0.533890
vt 0.177655 0.087617
vt 0.184646 0.079879
vt 0.184758 0.087617
vt 0.185587 0.465950
vt 0.191645 0.458821
vt 0.402559 0.837586
vt 0.467439 0.295100
vt 0.815497 0.360195
vt 0.821862 0.358786
vt 0.822833 0.360918
vt 0.153968 0.109527
vt 0.160816 0.102667
vt 0.158705 0.109808
vt 0.953800 0.424252
vt 0.236186 0.239043
vt 0.173267 0.122881
vt 0.174442 0.121096
vt 0.792366 0.449796
vt 0.554275 0.235059
vt 0.554275 0.310470
vt 0.541787 0.308110
vt 0.882951 0.027893
vt 0.897126 0.000440
vt 0.139607 0.127536
vt 0.819729 0.595131
vt 0.339929 0.477227
vt 0.840631 0.484942
vt 0.845015 0.480219
vt 0.345904 0.780770
vt 0.347059 0.779251
vt 0.355900 0.821968
vt 0.127843 0.085660
vt 0.127349 0.095113
vt 0.124431 0.095623
vt 0.979890 0.438204
vt 0.988552 0.440581
vt 0.799371 0.875269
vt 0.811413 0.869898
vt 0.777082 0.240721
vt 0.764822 0.233182
vt 0.779632 0.241143
vt 0.768970 0.248656
vt 0.874871 0.313375
vt 0.622263 0.801889
vt 0.630356 0.800063
vt 0.301983 0.697131
vt 0.301575 0.688938
vt 0.627326 0.354241
vt 0.619036 0.339250
vt 0.154480 0.216203
vt 0.165520 0.226238
vt 0.614264 0.426307
vt 0.881888 0.763122
vt 0.601893 0.095056
vt 0.555599 0.095386
vt 0.910459 0.736519
vt 0.910459 0.834270
vt 0.893357 0.716421
vt 0.066649 0.248567
vt 0.806918 0.513052
vt 0.815771 0.510255
vt 0.816145 0.513830
vt 0.807601 0.509811
vt 0.797831 0.511900
vt 0.694673 0.240603
vt 0.935013 0.194760
vt 0.944850 0.193207
vt 0.319994 0.795725
vt 0.319603 0.904744
vt 0.319353 0.795725
vt 0.163011 0.803975
vt 0.163806 0.804306
vt 0.163011 0.912363
vt 0.020952 0.266662
vt 0.019529 0.116172
vt 0.020952 0.115287
vt 0.486036 0.966502
vt 0.487774 0.977462
vt 0.235072 0.852175
vt 0.244696 0.851515
vt 0.248152 0.847845
vt 0.365633 0.526878
vt 0.367033 0.525163
vt 0.367441 0.530798
vt 0.366607 0.530731
vt 0.375292 0.624532
vt 0.380396 0.623185
vt 0.374160 0.628882
vt 0.366175 0.634556
vt 0.333836 0.562455
vt 0.017729 0.608434
vt 0.019582 0.611285
vt 0.720459 0.660940
vt 0.041904 0.543295
vt 0.597487 0.541210
vt 0.790923 0.137165
vt 0.795840 0.139809
vt 0.821058 0.355535
vt 0.829611 0.354183
vt 0.831388 0.356653
vt 0.814383 0.355780
vt 0.426653 0.928731
vt 0.005681 0.508981
vt 0.006821 0.519990
vt 0.004661 0.519480
vt 0.204626 0.191167
vt 0.210687 0.198147
vt 0.202934 0.191827
vt 0.428800 0.929752
vt 0.007619 0.508498
vt 0.004661 0.496510
vt 0.844601 0.787054
vt 0.834098 0.788486
vt 0.845319 0.789933
vt 0.835735 0.791571
vt 0.853317 0.789929
vt 0.794271 0.824964
vt 0.718956 0.849508
vt 0.750494 0.804494
vt 0.091956 0.937125
vt 0.095140 0.907312
vt 0.183546 0.871575
vt 0.102192 0.083808
vt 0.034785 0.025603
vt 0.159253 0.057443
vt 0.829414 0.000513
vt 0.847603 0.021453
vt 0.829414 0.125712
vt 0.757963 0.789819
vt 0.258695 0.773319
vt 0.258695 0.735623
vt 0.265996 0.740948
vt 0.274280 0.745419
vt 0.287118 0.420754
vt 0.273797 0.429122
vt 0.665148 0.136197
vt 0.718081 0.207590
vt 0.645298 0.207615
vt 0.671451 0.131118
vt 0.675752 0.131774
vt 0.317250 0.533711
vt 0.268658 0.522084
vt 0.330493 0.528485
vt 0.790288 0.070757
vt 0.797096 0.067125
vt 0.805296 0.072155
vt 0.329919 0.533133
vt 0.030476 0.857339
vt 0.030476 0.942839
vt 0.008879 0.886711
vt 0.217254 0.876608
vt 0.224458 0.878503
vt 0.979395 0.663827
vt 0.217292 0.874283
vt 0.217471 0.880182
vt 0.579412 0.596536
vt 0.345979 0.777921
vt 0.345622 0.779592
vt 0.321413 0.787519
vt 0.149750 0.512765
vt 0.139944 0.514490
vt 0.140276 0.510939
vt 0.150048 0.509741
vt 0.149580 0.516593
vt 0.159959 0.511376
vt 0.682684 0.566955
vt 0.683094 0.557383
vt 0.680340 0.558601
vt 0.066043 0.083371
vt 0.091427 0.081463
vt 0.074304 0.063421
vt 0.273228 0.420526
vt 0.264692 0.423633
vt 0.265473 0.420917
vt 0.274280 0.418975
vt 0.896456 0.601479
vt 0.898526 0.592646
vt 0.897934 0.600873
vt 0.925275 0.678082
vt 0.433261 0.286173
vt 0.441490 0.227256
vt 0.435385 0.220108
vt 0.891880 0.290303
vt 0.899957 0.285805
vt 0.900874 0.290114
vt 0.884003 0.294584
vt 0.881287 0.286594
vt 0.887494 0.276895
vt 0.428282 0.930749
vt 0.867463 0.408256
vt 0.874859 0.366941
vt 0.869553 0.409627
vt 0.867367 0.409236
vt 0.843888 0.398523
vt 0.100555 0.898281
vt 0.100491 0.897442
vt 0.110210 0.898142
vt 0.111338 0.902049
vt 0.101115 0.899967
vt 0.201065 0.894488
vt 0.199730 0.895915
vt 0.595711 0.330124
vt 0.593658 0.330624
vt 0.034958 0.056794
vt 0.032277 0.043937
vt 0.052579 0.762828
vt 0.047503 0.771070
vt 0.383490 0.394121
vt 0.381290 0.401892
vt 0.473623 0.627089
vt 0.471306 0.632266
vt 0.474716 0.637414
vt 0.888606 0.590078
vt 0.888909 0.591205
vt 0.504948 0.796525
vt 0.137936 0.529091
vt 0.846333 0.299322
vt 0.838320 0.298190
vt 0.649630 0.210602
vt 0.726104 0.703665
vt 0.919205 0.684599
vt 0.115325 0.087169
vt 0.653321 0.764455
vt 0.235784 0.039858
vt 0.235784 0.008763
vt 0.238209 0.043419
vt 0.840325 0.363660
vt 0.853317 0.368478
vt 0.831896 0.366582
vt 0.833305 0.368812
vt 0.603512 0.574836
vt 0.606452 0.565122
vt 0.652368 0.653321
vt 0.411421 0.449888
vt 0.411421 0.525704
vt 0.398924 0.523387
vt 0.849500 0.739836
vt 0.828647 0.709164
vt 0.855642 0.726063
vt 0.376169 0.701606
vt 0.643914 0.721228
vt 0.916961 0.238332
vt 0.969602 0.636176
vt 0.956529 0.609148
vt 0.976098 0.633144
vt 0.963249 0.637866
vt 0.222682 0.845037
vt 0.226895 0.848002
vt 0.226251 0.851477
vt 0.977704 0.636727
vt 0.573592 0.627732
vt 0.542303 0.811353
vt 0.281517 0.680071
vt 0.590465 0.868555
vt 0.329434 0.743446
vt 0.545701 0.612305
vt 0.534414 0.613770
vt 0.547103 0.608598
vt 0.534750 0.616129
vt 0.552514 0.605710
vt 0.461170 0.810183
vt 0.168983 0.116188
vt 0.168983 0.106567
vt 0.171425 0.114986
vt 0.461797 0.807495
vt 0.958093 0.457070
vt 0.002197 0.384755
vt 0.000938 0.383653
vt 0.223805 0.383653
vt 0.331096 0.221901
vt 0.332198 0.000297
vt 0.385707 0.001231
vt 0.278834 0.277138
vt 0.278834 0.049166
vt 0.331301 0.265119
vt 0.331096 0.000289
vt 0.203487 0.438213
vt 0.208582 0.441911
vt 0.174395 0.150473
vt 0.180261 0.142196
vt 0.180949 0.150473
vt 0.449262 0.322972
vt 0.459022 0.323308
vt 0.459039 0.398088
vt 0.440831 0.322874
vt 0.450162 0.321873
vt 0.459039 0.321755
vt 0.448392 0.397741
vt 0.826651 0.000737
vt 0.810555 0.072564
vt 0.800668 0.066338
vt 0.811758 0.145832
vt 0.803194 0.143467
vt 0.820456 0.145150
vt 0.326389 0.719016
vt 0.325512 0.713508
vt 0.151286 0.087501
vt 0.151128 0.100571
vt 0.178257 0.565792
vt 0.159292 0.546785
vt 0.091956 0.821931
vt 0.878809 0.036601
vt 0.882198 0.051504
vt 0.873331 0.048686
vt 0.870922 0.032081
vt 0.140230 0.519214
vt 0.256590 0.439160
vt 0.793679 0.306495
vt 0.793278 0.315540
vt 0.790467 0.315868
vt 0.008963 0.064761
vt 0.008963 0.053074
vt 0.011428 0.064327
vt 0.544376 0.856122
vt 0.547142 0.862560
vt 0.541782 0.857049
vt 0.033906 0.060970
vt 0.036190 0.059945
vt 0.036190 0.070475
vt 0.020952 0.030476
vt 0.017395 0.030476
vt 0.020537 0.019813
vt 0.549957 0.861119
vt 0.321263 0.788778
vt 0.286599 0.826651
vt 0.193784 0.602051
vt 0.172866 0.624135
vt 0.039119 0.272617
vt 0.034346 0.268607
vt 0.035364 0.263593
vt 0.047314 0.258754
vt 0.791718 0.134492
vt 0.601893 0.542847
vt 0.396183 0.609107
vt 0.392545 0.598918
vt 0.421221 0.933197
vt 0.423715 0.930750
vt 0.423186 0.931599
vt 0.295424 0.422526
vt 0.524784 0.336497
vt 0.525704 0.330376
vt 0.407009 0.223667
vt 0.410918 0.228071
vt 0.406986 0.213926
vt 0.409304 0.221353
vt 0.792937 0.327320
vt 0.511010 0.488615
vt 0.502875 0.487456
vt 0.522664 0.484106
vt 0.522665 0.485781
vt 0.525704 0.508562
vt 0.597210 0.589347
vt 0.617131 0.600683
vt 0.463135 0.419223
vt 0.460524 0.419432
vt 0.464586 0.413033
vt 0.465946 0.418165
vt 0.141874 0.930394
vt 0.139326 0.958008
vt 0.559728 0.436363
vt 0.558946 0.438175
vt 0.556427 0.436958
vt 0.699051 0.932924
vt 0.696478 0.936444
vt 0.698192 0.931965
vt 0.688518 0.940149
vt 0.686499 0.939650
vt 0.910459 0.301001
vt 0.023633 0.035626
vt 0.025362 0.023271
vt 0.026297 0.035167
vt 0.023633 0.045698
vt 0.255282 0.427080
vt 0.243803 0.428138
vt 0.255509 0.423809
vt 0.039592 0.950576
vt 0.087617 0.906875
vt 0.087617 0.973315
vt 0.209961 0.016886
vt 0.972593 0.161902
vt 0.979029 0.105287
vt 0.580941 0.001492
vt 0.580941 0.076189
vt 0.556859 0.035755
vt 0.747606 0.796234
vt 0.392587 0.577972
vt 0.396183 0.572184
vt 0.394907 0.587489
vt 0.553569 0.870659
vt 0.070773 0.305092
vt 0.066686 0.311027
vt 0.961344 0.977487
vt 0.970200 0.988988
vt 0.945492 0.785345
vt 0.824403 0.362678
vt 0.816998 0.361441
vt 0.464390 0.897122
vt 0.506657 0.929506
vt 0.452934 0.903724
vt 0.585069 0.548315
vt 0.600462 0.556509
vt 0.008930 0.102353
vt 0.009524 0.103903
vt 0.008930 0.118093
vt 0.464274 0.896395
vt 0.209898 0.854566
vt 0.371618 0.528086
vt 0.373506 0.533903
vt 0.369689 0.532021
vt 0.511144 0.774188
vt 0.484173 0.733433
vt 0.978485 0.082373
vt 0.969795 0.091683
vt 0.969730 0.089991
vt 0.554275 0.177139
vt 0.542782 0.175247
vt 0.554275 0.101581
vt 0.743492 0.792298
vt 0.811671 0.360795
vt 0.664436 0.846531
vt 0.665103 0.855679
vt 0.665976 0.865913
vt 0.783493 0.014233
vt 0.781969 0.002822
vt 0.787731 0.003900
vt 0.779820 0.022917
vt 0.780470 0.012579
vt 0.790461 0.003998
vt 0.786305 0.013521
vt 0.487281 0.028137
vt 0.472141 0.805451
vt 0.478488 0.806403
vt 0.473385 0.802233
vt 0.839984 0.963350
vt 0.839984 0.873218
vt 0.676885 0.977124
vt 0.670429 0.973265
vt 0.255877 0.421077
vt 0.265441 0.418574
vt 0.273430 0.416594
vt 0.314444 0.450244
vt 0.256825 0.885697
vt 0.407418 0.852018
vt 0.366260 0.536724
vt 0.934614 0.190857
vt 0.945330 0.190299
vt 0.402280 0.641493
vt 0.401639 0.791048
vt 0.400514 0.792366
vt 0.902840 0.660940
vt 0.916610 0.219017
vt 0.918078 0.107433
vt 0.918078 0.219043
vt 0.853317 0.766066
vt 0.001567 0.000430
vt 0.761890 0.191070
vt 0.761890 0.246924
vt 0.733375 0.200832
vt 0.649988 0.468321
vt 0.607208 0.463781
vt 0.648431 0.464894
vt 0.223805 0.000430
vt 0.651356 0.467596
vt 0.388037 0.402497
vt 0.330253 0.533373
vt 0.333044 0.528549
vt 0.332480 0.534317
vt 0.797907 0.066890
vt 0.807132 0.072167
vt 0.787654 0.316874
vt 0.785077 0.307382
vt 0.523583 0.480916
vt 0.510064 0.478743
vt 0.516479 0.477502
vt 0.525704 0.479399
vt 0.983555 0.994509
vt 0.971251 0.986907
vt 0.984857 0.992972
vt 0.980554 0.996171
vt 0.178319 0.082299
vt 0.176552 0.072695
vt 0.175513 0.083114
vt 0.784932 0.447610
vt 0.760479 0.408179
vt 0.822841 0.438001
vt 0.899030 0.245603
vt 0.872234 0.287614
vt 0.872234 0.167084
vt 0.470278 0.163806
vt 0.470278 0.013382
vt 0.472372 0.013392
vt 0.561102 0.363341
vt 0.563799 0.212935
vt 0.563799 0.363803
vt 0.356042 0.695847
vt 0.366135 0.699135
vt 0.354858 0.691368
vt 0.313275 0.469041
vt 0.315922 0.468719
vt 0.313350 0.475979
vt 0.310447 0.468781
vt 0.357074 0.699124
vt 0.805672 0.497753
vt 0.161069 0.524642
vt 0.018184 0.103544
vt 0.020952 0.111054
vt 0.018184 0.112379
vt 0.177472 0.057142
vt 0.166923 0.525704
vt 0.987257 0.462971
vt 0.932847 0.971228
vt 0.055811 0.112379
vt 0.301359 0.680913
vt 0.637537 0.796270
vt 0.642992 0.792088
vt 0.826651 0.142854
vt 0.801966 0.077453
vt 0.030476 0.511251
vt 0.790262 0.503103
vt 0.790263 0.506490
vt 0.813315 0.148528
vt 0.803275 0.146852
vt 0.713018 0.248112
vt 0.705673 0.242258
vt 0.706413 0.240618
vt 0.357714 0.433780
vt 0.359993 0.423328
vt 0.057142 0.070293
vt 0.057142 0.078748
vt 0.053860 0.074460
vt 0.149846 0.107389
vt 0.322004 0.721891
vt 0.957414 0.715520
vt 0.919205 0.769509
vt 0.959982 0.727189
vt 0.956706 0.581130
vt 0.946560 0.516685
vt 0.961350 0.515320
vt 0.768551 0.784655
vt 0.724717 0.599140
vt 0.869401 0.022952
vt 0.868535 0.023625
vt 0.870542 0.020855
vt 0.212896 0.190473
vt 0.212896 0.115249
vt 0.213329 0.116141
vt 0.737129 0.811413
vt 0.662796 0.811413
vt 0.663677 0.663860
vt 0.723796 0.330404
vt 0.723796 0.495229
vt 0.656946 0.462206
vt 0.533323 0.517410
vt 0.532073 0.518085
vt 0.532073 0.442223
vt 0.625559 0.764796
vt 0.626655 0.617071
vt 0.626655 0.765700
vt 0.480175 0.835965
vt 0.062413 0.293113
vt 0.502478 0.582597
vt 0.519990 0.596737
vt 0.271095 0.017621
vt 0.329518 0.000890
vt 0.329518 0.231424
vt 0.388564 0.222853
vt 0.387323 0.000057
vt 0.388564 0.000047
vt 0.222232 0.390469
vt 0.403802 0.243805
vt 0.402388 0.027237
vt 0.403802 0.026599
vt 0.401897 0.000890
vt 0.400418 0.218091
vt 0.400054 0.000890
vt 0.680306 0.553285
vt 0.127720 0.511456
vt 0.127282 0.521208
vt 0.065667 0.093655
vt 0.570029 0.852487
vt 0.571245 0.863905
vt 0.567545 0.853960
vt 0.816861 0.507279
vt 0.723592 0.693068
vt 0.728646 0.702483
vt 0.270135 0.633836
vt 0.258815 0.511958
vt 0.699030 0.560140
vt 0.897350 0.272911
vt 0.628905 0.718082
vt 0.660224 0.639698
vt 0.668224 0.650155
vt 0.594443 0.578284
vt 0.000252 0.727605
vt 0.001666 0.653729
vt 0.011428 0.727605
vt 0.658940 0.573732
vt 0.574489 0.510850
vt 0.578254 0.502667
vt 0.568943 0.509933
vt 0.483330 0.683092
vt 0.828647 0.771414
vt 0.472413 0.676927
vt 0.053196 0.051333
vt 0.890585 0.055237
vt 0.950372 0.664527
vt 0.547687 0.542026
vt 0.551978 0.551175
vt 0.042093 0.051750
vt 0.042033 0.039946
vt 0.045713 0.051170
vt 0.328784 0.423199
vt 0.042033 0.060951
vt 0.329634 0.433381
vt 0.322124 0.492663
vt 0.943524 0.966043
vt 0.917840 0.943529
vt 0.955742 0.962282
vt 0.592020 0.331829
vt 0.591432 0.327515
vt 0.717486 0.685017
vt 0.405679 0.212377
vt 0.405679 0.000654
vt 0.466658 0.000654
vt 0.456003 0.284757
vt 0.510646 0.087754
vt 0.512725 0.284198
vt 0.399992 0.281734
vt 0.398888 0.282852
vt 0.398888 0.092024
vt 0.404211 0.560714
vt 0.274094 0.929975
vt 0.281397 0.916967
vt 0.403197 0.564573
vt 0.313455 0.689046
vt 0.313734 0.679640
vt 0.326693 0.681508
vt 0.326108 0.691824
vt 0.311315 0.697693
vt 0.307824 0.696988
vt 0.200950 0.668204
vt 0.787113 0.543323
vt 0.106598 0.088632
vt 0.804004 0.571418
vt 0.543378 0.371420
vt 0.550533 0.381146
vt 0.032985 0.055292
vt 0.776478 0.001662
vt 0.418152 0.484090
vt 0.413537 0.480554
vt 0.423248 0.492618
vt 0.413537 0.490861
vt 0.607342 0.051367
vt 0.483800 0.630520
vt 0.482126 0.637319
vt 0.911378 0.042882
vt 0.474674 0.627232
vt 0.468352 0.417411
vt 0.651720 0.756268
vt 0.050277 0.069943
vt 0.669777 0.652784
vt 0.416500 0.443801
vt 0.416500 0.410568
vt 0.430468 0.434343
vt 0.041904 0.929506
vt 0.040115 0.929506
vt 0.041464 0.866501
vt 0.489837 0.439802
vt 0.519669 0.442122
vt 0.384755 0.232376
vt 0.373058 0.232376
vt 0.384448 0.009579
vt 0.815309 0.151406
vt 0.852536 0.334104
vt 0.857842 0.324820
vt 0.445486 0.262722
vt 0.455229 0.249891
vt 0.441534 0.265342
vt 0.442803 0.259267
vt 0.445728 0.268403
vt 0.167920 0.205710
vt 0.247880 0.453696
vt 0.242535 0.455997
vt 0.148569 0.096837
vt 0.652097 0.464556
vt 0.644396 0.462202
vt 0.648481 0.461029
vt 0.388050 0.760566
vt 0.606227 0.782135
vt 0.599027 0.778340
vt 0.607607 0.777719
vt 0.604602 0.784465
vt 0.124429 0.907705
vt 0.980307 0.666100
vt 0.906649 0.198091
vt 0.900746 0.197556
vt 0.906649 0.086104
vt 0.609512 0.312375
vt 0.596133 0.161639
vt 0.913534 0.763795
vt 0.913534 0.651876
vt 0.914268 0.763465
vt 0.357913 0.931786
vt 0.353426 0.935489
vt 0.589955 0.771919
vt 0.592408 0.759659
vt 0.599152 0.773137
vt 0.591739 0.775945
vt 0.582241 0.759826
vt 0.582200 0.772288
vt 0.743933 0.542446
vt 0.747593 0.534816
vt 0.746416 0.543633
vt 0.537152 0.876244
vt 0.588981 0.515747
vt 0.593611 0.498429
vt 0.236875 0.462848
vt 0.787903 0.338689
vt 0.791842 0.334437
vt 0.785077 0.346417
vt 0.788713 0.330901
vt 0.127681 0.530376
vt 0.994267 0.966488
vt 0.985487 0.991443
vt 0.563234 0.382212
vt 0.563200 0.384297
vt 0.672574 0.673122
vt 0.499414 0.507837
vt 0.744285 0.856750
vt 0.736499 0.845554
vt 0.903425 0.576345
vt 0.902005 0.584066
vt 0.899095 0.582773
vt 0.817752 0.518867
vt 0.816905 0.516360
vt 0.714272 0.253328
vt 0.365838 0.702106
vt 0.364496 0.705397
vt 0.588652 0.525217
vt 0.583368 0.533692
vt 0.660940 0.718989
vt 0.658879 0.725363
vt 0.656113 0.725793
vt 0.382850 0.683712
vt 0.699042 0.042841
vt 0.686452 0.130499
vt 0.685937 0.128627
vt 0.072362 0.630907
vt 0.073922 0.625837
vt 0.131662 0.553286
vt 0.235019 0.848875
vt 0.403156 0.642833
vt 0.476181 0.792366
vt 0.747803 0.595108
vt 0.749113 0.591618
vt 0.666518 0.663037
vt 0.610060 0.782460
vt 0.604007 0.831868
vt 0.560255 0.801032
vt 0.854923 0.315061
vt 0.858044 0.313827
vt 0.859372 0.324681
vt 0.854418 0.334392
vt 0.832034 0.361817
vt 0.451695 0.901855
vt 0.121790 0.101537
vt 0.115325 0.114862
vt 0.820080 0.674391
vt 0.879983 0.752366
vt 0.819553 0.674796
vt 0.879983 0.627796
vt 0.395826 0.841342
vt 0.723507 0.115445
vt 0.726061 0.115394
vt 0.718414 0.123428
vt 0.712370 0.108353
vt 0.181560 0.593066
vt 0.183414 0.600166
vt 0.262939 0.025344
vt 0.612054 0.301899
vt 0.645032 0.226319
vt 0.515089 0.159997
vt 0.482223 0.295110
vt 0.495229 0.297334
vt 0.482223 0.371421
vt 0.291162 0.415588
vt 0.295440 0.417365
vt 0.294305 0.418454
vt 0.070727 0.629772
vt 0.063715 0.611211
vt 0.065696 0.634335
vt 0.413210 0.220026
vt 0.564382 0.387120
vt 0.846353 0.386659
vt 0.768205 0.520092
vt 0.765948 0.517499
vt 0.799985 0.451079
vt 0.478086 0.784747
vt 0.974101 0.205468
vt 0.968768 0.200705
vt 0.708192 0.090190
vt 0.705858 0.000261
vt 0.707845 0.000063
vt 0.740938 0.027430
vt 0.710493 0.097141
vt 0.308757 0.710024
vt 0.312331 0.704397
vt 0.316419 0.711944
vt 0.880222 0.295489
vt 0.883265 0.744916
vt 0.660191 0.549456
vt 0.793886 0.163815
vt 0.794923 0.160763
vt 0.802173 0.164071
vt 0.548620 0.854553
vt 0.805562 0.608582
vt 0.964921 0.491419
vt 0.985644 0.468958
vt 0.727050 0.566882
vt 0.726234 0.569831
vt 0.684693 0.695225
vt 0.967402 0.859031
vt 0.002814 0.765935
vt 0.002814 0.893316
vt 0.827659 0.601893
vt 0.728760 0.111558
vt 0.609300 0.963791
vt 0.609299 0.859471
vt 0.664749 0.927307
vt 0.172295 0.083701
vt 0.174408 0.092455
vt 0.173696 0.073386
vt 0.171320 0.093280
vt 0.169484 0.084594
vt 0.722409 0.694855
vt 0.435367 0.256118
vt 0.440393 0.255673
vt 0.437902 0.261305
vt 0.475928 0.382037
vt 0.579037 0.470388
vt 0.548367 0.540461
vt 0.416474 0.853392
vt 0.416850 0.850791
vt 0.592385 0.676461
vt 0.620940 0.606931
vt 0.589674 0.677054
vt 0.427485 0.854539
vt 0.411145 0.931411
vt 0.490183 0.978949
vt 0.485370 0.988089
vt 0.513911 0.615847
vt 0.523400 0.619091
vt 0.524344 0.621690
vt 0.234169 0.880896
vt 0.419040 0.245814
vt 0.224003 0.881943
vt 0.851689 0.307316
vt 0.847548 0.302179
vt 0.852840 0.303713
vt 0.186686 0.836701
vt 0.184561 0.834300
vt 0.496558 0.072587
vt 0.493534 0.075793
vt 0.496732 0.071178
vt 0.521895 0.077970
vt 0.338173 0.468090
vt 0.341176 0.467151
vt 0.036112 0.935220
vt 0.036112 0.846467
vt 0.038095 0.934769
vt 0.271758 0.483575
vt 0.376686 0.430932
vt 0.378061 0.431215
vt 0.438214 0.559191
vt 0.436835 0.559047
vt 0.898614 0.686172
vt 0.894788 0.686366
vt 0.458086 0.639988
vt 0.232336 0.477086
vt 0.238351 0.481258
vt 0.236701 0.489275
vt 0.230720 0.483907
vt 0.225427 0.473739
vt 0.573592 0.587382
vt 0.034285 0.933315
vt 0.277593 0.976806
vt 0.323431 0.916269
vt 0.324595 0.976267
vt 0.468297 0.868555
vt 0.694495 0.691473
vt 0.554275 0.608039
vt 0.309191 0.442986
vt 0.825775 0.301286
vt 0.489213 0.507334
vt 0.515100 0.467144
vt 0.521077 0.468992
vt 0.511770 0.473840
vt 0.510063 0.463755
vt 0.519457 0.476019
vt 0.600912 0.453005
vt 0.619036 0.528561
vt 0.592817 0.459182
vt 0.376183 0.622845
vt 0.791354 0.508936
vt 0.799573 0.508225
vt 0.789479 0.513395
vt 0.175354 0.063171
vt 0.920702 0.459010
vt 0.920544 0.455662
vt 0.923091 0.456797
vt 0.922489 0.459230
vt 0.197374 0.668185
vt 0.201098 0.818204
vt 0.871939 0.030907
vt 0.083555 0.137484
vt 0.083846 0.136227
vt 0.090243 0.138208
vt 0.319470 0.469274
vt 0.663237 0.966216
vt 0.474203 0.739132
vt 0.522761 0.735066
vt 0.486294 0.977679
vt 0.477120 0.933169
vt 0.477120 0.990457
vt 0.516240 0.646306
vt 0.521073 0.633972
vt 0.021031 0.615117
vt 0.015958 0.614754
vt 0.391173 0.620789
vt 0.381514 0.626247
vt 0.574917 0.501940
vt 0.572074 0.502239
vt 0.108491 0.092625
vt 0.159997 0.112933
vt 0.157089 0.121902
vt 0.157089 0.111930
vt 0.228647 0.425614
vt 0.979029 0.274280
vt 0.825175 0.347384
vt 0.817349 0.351238
vt 0.815383 0.348568
vt 0.827405 0.349569
vt 0.602258 0.562568
vt 0.078957 0.121902
vt 0.078957 0.104984
vt 0.860936 0.731662
vt 0.269465 0.455551
vt 0.271772 0.462848
vt 0.269029 0.447520
vt 0.766643 0.052478
vt 0.771224 0.042627
vt 0.773370 0.043575
vt 0.769315 0.053332
vt 0.140043 0.508079
vt 0.256520 0.436343
vt 0.606850 0.436950
vt 0.597385 0.780711
vt 0.691378 0.712367
vt 0.722873 0.626536
vt 0.172695 0.121968
vt 0.060958 0.125085
vt 0.061744 0.756849
vt 0.119834 0.506657
vt 0.470157 0.000124
vt 0.494901 0.069523
vt 0.490782 0.073004
vt 0.969638 0.093637
vt 0.979029 0.082965
vt 0.236063 0.432583
vt 0.246045 0.435413
vt 0.229189 0.433277
vt 0.614057 0.311128
vt 0.089897 0.165711
vt 0.386326 0.425709
vt 0.059264 0.635201
vt 0.039433 0.609349
vt 0.044352 0.534679
vt 0.615226 0.529514
vt 0.615226 0.338441
vt 0.088071 0.814324
vt 0.085438 0.807554
vt 0.090793 0.812349
vt 0.099046 0.816775
vt 0.185247 0.820216
vt 0.190933 0.825434
vt 0.593861 0.354279
vt 0.765718 0.520552
vt 0.401897 0.617833
vt 0.010676 0.617011
vt 0.012907 0.618908
vt 0.758915 0.516692
vt 0.462953 0.362884
vt 0.435041 0.226934
vt 0.435041 0.251424
vt 0.199413 0.075255
vt 0.277137 0.042792
vt 0.277138 0.276185
vt 0.016520 0.279995
vt 0.016520 0.086952
vt 0.017143 0.278888
vt 0.751870 0.532201
vt 0.750334 0.532565
vt 0.831351 0.476495
vt 0.837670 0.477061
vt 0.845302 0.478675
vt 0.014663 0.276185
vt 0.014663 0.076681
vt 0.015238 0.078408
vt 0.341694 0.754069
vt 0.320175 0.305181
vt 0.321899 0.305888
vt 0.115354 0.240404
vt 0.045990 0.516024
vt 0.498275 0.505948
vt 0.767272 0.233727
vt 0.770851 0.233915
vt 0.781943 0.241327
vt 0.627326 0.451420
vt 0.593229 0.680298
vt 0.889939 0.593051
vt 0.908554 0.649511
vt 0.513745 0.948019
vt 0.223805 0.386011
vt 0.001568 0.386659
vt 0.000939 0.386011
vt 0.318089 0.322132
vt 0.841369 0.643797
vt 0.839058 0.631045
vt 0.246209 0.431420
vt 0.302851 0.420443
vt 0.877336 0.024680
vt 0.508562 0.000760
vt 0.494496 0.031664
vt 0.271618 0.440192
vt 0.501262 0.034054
vt 0.965781 0.460832
vt 0.232470 0.822922
vt 0.508562 0.034285
vt 0.243406 0.849157
vt 0.381045 0.385096
vt 0.392373 0.163453
vt 0.392374 0.385707
vt 0.525028 0.624600
vt 0.515614 0.619459
vt 0.629341 0.822562
vt 0.147385 0.078928
vt 0.140972 0.087194
vt 0.242908 0.459661
vt 0.144884 0.078484
vt 0.328891 0.408283
vt 0.328266 0.409516
vt 0.115314 0.407011
vt 0.329517 0.407011
vt 0.855926 0.729839
vt 0.902331 0.042050
vt 0.396183 0.300947
vt 0.394483 0.300947
vt 0.395949 0.083130
vt 0.927601 0.456342
vt 0.925384 0.456194
vt 0.093332 0.141864
vt 0.664777 0.628546
vt 0.086930 0.822129
vt 0.089807 0.827445
vt 0.512322 0.947422
vt 0.521188 0.944289
vt 0.325188 0.704167
vt 0.322834 0.713414
vt 0.854273 0.623314
vt 0.529980 0.411605
vt 0.540942 0.337632
vt 0.540942 0.413325
vt 0.171794 0.623855
vt 0.129644 0.560951
vt 0.603171 0.785538
vt 0.265933 0.018857
vt 0.186663 0.598182
vt 0.392335 0.564334
vt 0.389595 0.571394
vt 0.386344 0.564324
vt 0.672213 0.130613
vt 0.115883 0.539822
vt 0.116730 0.540942
vt 0.832975 0.813522
vt 0.819376 0.741506
vt 0.843793 0.814094
vt 0.771887 0.250109
vt 0.825636 0.366641
vt 0.828269 0.370420
vt 0.054449 0.083808
vt 0.436913 0.441896
vt 0.436913 0.291022
vt 0.439992 0.291925
vt 0.509194 0.942839
vt 0.509194 0.831893
vt 0.510244 0.942823
vt 0.260464 0.444687
vt 0.747501 0.543877
vt 0.849203 0.478604
vt 0.597172 0.337968
vt 0.595597 0.339092
vt 0.598655 0.345627
vt 0.124129 0.104318
vt 0.482848 0.483800
vt 0.079016 0.800457
vt 0.167616 0.110489
vt 0.167616 0.118093
vt 0.160693 0.117525
vt 0.407461 0.855350
vt 0.479991 0.389516
vt 0.453552 0.289064
vt 0.313915 0.537557
vt 0.308097 0.546814
vt 0.311338 0.536454
vt 0.551131 0.872135
vt 0.327808 0.522826
vt 0.630051 0.824449
vt 0.754858 0.599040
vt 0.756933 0.595504
vt 0.165711 0.135577
vt 0.165711 0.127313
vt 0.057800 0.642871
vt 0.513750 0.192377
vt 0.794887 0.818449
vt 0.796709 0.668462
vt 0.581494 0.351273
vt 0.579383 0.345199
vt 0.837234 0.348719
vt 0.828937 0.351542
vt 0.838793 0.351565
vt 0.215234 0.440199
vt 0.300399 0.369635
vt 0.438832 0.250665
vt 0.478086 0.294854
vt 0.044950 0.531715
vt 0.000648 0.611417
vt 0.038505 0.523236
vt 0.807306 0.226450
vt 0.746652 0.192377
vt 0.821215 0.224174
vt 0.825913 0.297137
vt 0.666987 0.579020
vt 0.673497 0.586063
vt 0.071771 0.112169
vt 0.917370 0.451420
vt 0.917370 0.342627
vt 0.921887 0.342816
vt 0.154206 0.338131
vt 0.152389 0.344140
vt 0.007958 0.300491
vt 0.434277 0.291062
vt 0.433171 0.441896
vt 0.433171 0.290609
vt 0.320139 0.721870
vt 0.433851 0.983191
vt 0.965696 0.163531
vt 0.922126 0.198091
vt 0.922126 0.107463
vt 0.947964 0.513155
vt 0.960646 0.511417
vt 0.946709 0.514805
vt 0.121806 0.947422
vt 0.131134 0.953935
vt 0.776226 0.011188
vt 0.114676 0.939400
vt 0.480499 0.802909
vt 0.604712 0.052346
vt 0.910350 0.573322
vt 0.916387 0.464791
vt 0.921887 0.573322
vt 0.484228 0.987893
vt 0.860474 0.312194
vt 0.937125 0.344755
vt 0.549159 0.441099
vt 0.561894 0.443395
vt 0.549159 0.516181
vt 0.513408 0.156187
vt 0.513408 0.081103
vt 0.525704 0.083101
vt 0.396219 0.523799
vt 0.396219 0.447604
vt 0.407611 0.449446
vt 0.546656 0.517738
vt 0.535121 0.518085
vt 0.535121 0.442419
vt 0.789568 0.147591
vt 0.583255 0.539184
vt 0.790586 0.151030
vt 0.150473 0.169521
vt 0.146971 0.165963
vt 0.150473 0.159940
vt 0.254919 0.043809
vt 0.260947 0.038514
vt 0.245189 0.043208
vt 0.852993 0.792930
vt 0.853052 0.796175
vt 0.726092 0.234762
vt 0.756387 0.346660
vt 0.164101 0.127578
vt 0.746832 0.596578
vt 0.159878 0.127320
vt 0.745230 0.599989
vt 0.059592 0.755275
vt 0.065013 0.748674
vt 0.521657 0.299538
vt 0.518847 0.299363
vt 0.193201 0.845175
vt 0.189904 0.850238
vt 0.582954 0.354279
vt 0.599988 0.076189
vt 0.598757 0.075054
vt 0.599988 0.000718
vt 0.476181 0.110474
vt 0.473406 0.035072
vt 0.476181 0.033462
vt 0.350469 0.461894
vt 0.346657 0.472372
vt 0.668162 0.838440
vt 0.750554 0.559801
vt 0.433483 0.855374
vt 0.376431 0.720506
vt 0.922842 0.774497
vt 0.935490 0.777421
vt 0.055811 0.062960
vt 0.028571 0.220726
vt 0.027795 0.220296
vt 0.024183 0.127972
vt 0.024183 0.230472
vt 0.264757 0.248567
vt 0.804292 0.171425
vt 0.140140 0.527050
vt 0.784586 0.522533
vt 0.168667 0.102654
vt 0.164605 0.110474
vt 0.164418 0.102727
vt 0.167645 0.093683
vt 0.440095 0.442412
vt 0.194360 0.184095
vt 0.188625 0.219043
vt 0.039765 0.655441
vt 0.113367 0.130815
vt 0.127617 0.126829
vt 0.216545 0.882108
vt 0.416368 0.221154
vt 0.704334 0.933616
vt 0.711838 0.928982
vt 0.370313 0.146544
vt 0.370469 0.369517
vt 0.308889 0.369517
vt 0.000596 0.392373
vt 0.001210 0.390964
vt 0.222853 0.392373
vt 0.378901 0.937959
vt 0.379040 0.938949
vt 0.829786 0.489100
vt 0.827659 0.488825
vt 0.347087 0.776956
vt 0.687691 0.549456
vt 0.789195 0.346660
vt 0.060099 0.786804
vt 0.061733 0.785670
vt 0.070362 0.794101
vt 0.582100 0.676304
vt 0.412345 0.943671
vt 0.394534 0.918892
vt 0.420002 0.933958
vt 0.379645 0.611417
vt 0.384677 0.603075
vt 0.381619 0.700827
vt 0.885785 0.157911
vt 0.907702 0.233562
vt 0.078230 0.209414
vt 0.079107 0.212703
vt 0.162232 0.110076
vt 0.820018 0.353284
vt 0.029225 0.044924
vt 0.186637 0.456952
vt 0.038095 0.034715
vt 0.033036 0.039999
vt 0.033036 0.029382
vt 0.360945 0.398088
vt 0.087617 0.786652
vt 0.085718 0.785772
vt 0.087617 0.724522
vt 0.165828 0.881888
vt 0.165828 0.819725
vt 0.167616 0.881824
vt 0.377136 0.381621
vt 0.377136 0.382850
vt 0.156099 0.381752
vt 0.882093 0.744748
vt 0.137140 0.912601
vt 0.626655 0.228567
vt 0.614178 0.228567
vt 0.615582 0.153582
vt 0.556180 0.076189
vt 0.547302 0.076189
vt 0.549902 0.000565
vt 0.330009 0.442853
vt 0.795789 0.497336
vt 0.437862 0.853238
vt 0.514276 0.284757
vt 0.633358 0.846361
vt 0.462385 0.447610
vt 0.785382 0.317182
vt 0.583671 0.618814
vt 0.586120 0.628462
vt 0.534293 0.613615
vt 0.094857 0.400205
vt 0.311423 0.401897
vt 0.094217 0.401897
vt 0.450468 0.469081
vt 0.595677 0.076189
vt 0.583469 0.001191
vt 0.596179 0.001191
vt 0.613322 0.145261
vt 0.611337 0.295232
vt 0.611337 0.145225
vt 0.132048 0.075310
vt 0.501137 0.055436
vt 0.506352 0.051460
vt 0.497478 0.049889
vt 0.496624 0.062168
vt 0.241051 0.496106
vt 0.243805 0.487692
vt 0.492361 0.056348
vt 0.911330 0.043321
vt 0.492582 0.723720
vt 0.785195 0.518712
vt 0.458206 0.429188
vt 0.208520 0.197994
vt 0.844654 0.761029
vt 0.478783 0.898166
vt 0.506657 0.904745
vt 0.062856 0.054143
vt 0.062856 0.064761
vt 0.059937 0.055696
vt 0.273357 0.413950
vt 0.030476 0.059046
vt 0.027673 0.049300
vt 0.030476 0.048431
vt 0.981885 0.435315
vt 0.167616 0.510454
vt 0.060951 0.655421
vt 0.054376 0.664283
vt 0.029995 0.279520
vt 0.619036 0.601414
vt 0.325708 0.916141
vt 0.325708 0.977124
vt 0.324443 0.916277
vt 0.713474 0.107405
vt 0.746652 0.037495
vt 0.632484 0.845370
vt 0.054844 0.635586
vt 0.544400 0.418391
vt 0.522636 0.944704
vt 0.095979 0.816943
vt 0.941912 0.685887
vt 0.026998 0.045713
vt 0.000464 0.000295
vt 0.078080 0.380945
vt 0.078660 0.369952
vt 0.300947 0.380945
vt 0.331064 0.493584
vt 0.799985 0.166928
vt 0.671707 0.874269
vt 0.300947 0.377136
vt 0.798152 0.075828
vt 0.110474 0.228567
vt 0.942006 0.582846
vt 0.686038 0.938585
vt 0.450331 0.270940
vt 0.324469 0.700712
vt 0.332375 0.264859
vt 0.724717 0.583748
vt 0.180949 0.095153
vt 0.577282 0.353833
vt 0.579208 0.350304
vt 0.258815 0.681892
vt 0.357842 0.711656
vt 0.364339 0.708884
vt 0.106665 0.087112
vt 0.660143 0.734752
vt 0.912508 0.234790
vt 0.504112 0.797948
vt 0.527317 0.469243
vt 0.527609 0.476181
vt 0.163410 0.094185
vt 0.086754 0.127203
vt 0.093332 0.129350
vt 0.038730 0.635950
vt 0.786007 0.539620
vt 0.001550 0.342947
vt 0.698928 0.687400
vt 0.553019 0.610368
vt 0.321322 0.319994
vt 0.088822 0.319994
vt 0.692026 0.106640
vt 0.266662 0.041155
vt 0.126043 0.684678
vt 0.902684 0.263149
vt 0.954268 0.263149
vt 0.954268 0.365707
vt 0.904745 0.971410
vt 0.841724 0.971410
vt 0.842346 0.882435
vt 0.044750 0.942839
vt 0.044750 0.834165
vt 0.095236 0.870376
vt 0.815301 0.818576
vt 0.885264 0.923792
vt 0.171425 0.782997
vt 0.101266 0.838079
vt 0.101266 0.693077
vt 0.431374 0.994267
vt 0.777007 0.022336
vt 0.480382 0.807686
vt 0.685701 0.378237
vt 0.650108 0.459162
vt 0.432835 0.288134
vt 0.895985 0.590785
vt 0.963791 0.426094
vt 0.837517 0.768376
vt 0.817127 0.668146
vt 0.817127 0.819032
vt 0.885697 0.078597
vt 0.264757 0.437455
vt 0.039999 0.056157
vt 0.837765 0.873193
vt 0.479991 0.041573
vt 0.479991 0.118093
vt 0.479103 0.042460
vt 0.623868 0.612347
vt 0.624750 0.613240
vt 0.623868 0.761890
vt 0.283804 0.815222
vt 0.327613 0.405706
vt 0.110427 0.405706
vt 0.111064 0.404436
vt 0.635954 0.756390
vt 0.460992 0.413174
vt 0.212911 0.208706
vt 0.215234 0.219043
vt 0.952588 0.457112
vt 0.946060 0.783631
vt 0.375945 0.631359
vt 0.565703 0.941805
vt 0.668502 0.408564
vt 0.668502 0.241460
vt 0.735224 0.274224
vt 0.000648 0.436757
vt 0.994267 0.913522
vt 0.306291 0.707582
vt 0.857913 0.730524
vt 0.552373 0.883838
vt 0.173330 0.763795
vt 0.130804 0.726117
vt 0.173330 0.692513
vt 0.307554 0.536454
vt 0.356776 0.701760
vt 0.845142 0.476503
vt 0.849041 0.476432
vt 0.742741 0.796457
vt 0.554602 0.881588
vt 0.064489 0.783861
vt 0.072559 0.792387
vt 0.235926 0.456973
vt 0.802690 0.352928
vt 0.504961 0.469297
vt 0.218091 0.655225
vt 0.182156 0.568513
vt 0.398952 0.000890
vt 0.573437 0.358088
vt 0.573437 0.207633
vt 0.575227 0.357648
vt 0.666654 0.399992
vt 0.665226 0.251333
vt 0.666654 0.249564
vt 0.149846 0.064749
vt 0.166877 0.513932
vt 0.767898 0.787392
vt 0.875301 0.305189
vt 0.582120 0.784430
vt 0.887468 0.273746
vt 0.792366 0.598084
vt 0.407816 0.207449
vt 0.468562 0.015847
vt 0.468563 0.223805
vt 0.527099 0.329953
vt 0.539037 0.332115
vt 0.527099 0.405706
vt 0.301921 0.419077
vt 0.799985 0.314280
vt 0.914268 0.386690
vt 0.146521 0.068865
vt 0.854689 0.127617
vt 0.854689 0.001459
vt 0.881888 0.084951
vt 0.247951 0.846432
vt 0.238572 0.429593
vt 0.586224 0.118212
vt 0.226662 0.375231
vt 0.186561 0.355545
vt 0.154239 0.203806
vt 0.153248 0.203138
vt 0.165711 0.168899
vt 0.153289 0.126125
vt 0.852427 0.621033
s 1
usemtl Material_0
f 1/1/1 2/2/2 3/3/3
f 1/1/1 4/4/4 5/5/5
s 0
f 6/6/6 7/7/6 8/8/6
s 1
f 1/1/1 5/5/5 2/2/2
f 1/1/1 9/9/7 4/4/4
f 1/1/1 3/3/3 10/10/8
f 11/11/9 12/12/10 13/13/11
f 11/11/9 14/14/12 15/15/13
f 11/11/9 15/15/13 16/16/14
f 11/11/9 16/16/14 17/17/15
f 11/11/9 13/13/11 14/14/12
f 11/11/9 17/17/15 12/12/10
f 18/18/16 19/19/17 20/20/18
f 18/18/16 20/20/18 21/21/19
f 18/18/16 22/22/20 19/19/17
f 23/23/21 24/24/22 25/25/23
f 18/18/16 26/26/24 22/22/20
f 23/23/21 27/27/25 24/24/22
f 28/28/26 29/29/27 30/30/28
f 28/28/26 31/31/29 32/32/30
f 28/28/26 33/33/31 31/31/29
f 28/28/26 34/34/32 33/33/31
f 28/28/26 32/32/30 29/29/27
f 28/28/26 30/30/28 34/34/32
f 35/35/33 36/36/34 37/37/35
f 35/35/33 38/38/36 39/39/37
f 35/35/33 39/39/37 36/36/34
f 35/35/33 40/40/38 38/38/36
f 35/35/33 37/37/35 41/41/39
f 35/35/33 41/41/39 40/40/38
f 42/42/40 43/43/41 44/44/42
f 42/42/40 44/44/42 45/45/43
f 42/42/40 46/46/44 43/43/41
f 47/47/45 48/48/46 49/49/47
f 50/50/48 51/51/49 52/52/50
f 47/47/45 49/49/47 53/53/51
f 54/54/52 55/55/53 56/56/54
f 54/54/52 56/56/54 57/57/55
f 54/54/52 57/57/55 58/58/56
f 54/54/52 58/58/56 59/59/57
f 54/54/52 59/59/57 55/55/53
f 60/60/58 61/61/59 62/62/60
f 60/60/58 63/63/61 61/61/59
f 60/60/58 62/62/60 64/64/62
f 65/65/63 66/66/64 67/67/65
f 65/65/63 68/68/66 69/69/67
f 70/70/68 71/71/69 72/72/70
f 65/65/63 73/73/71 74/74/72
f 65/65/63 67/67/65 68/68/66
f 65/65/63 69/69/67 73/73/71
f 75/75/73 76/76/74 77/77/75
f 75/75/73 78/78/76 79/79/77
f 75/75/73 79/79/77 76/76/74
f 75/75/73 80/80/78 78/78/76
f 75/75/73 81/81/79 80/80/78
f 75/75/73 77/77/75 81/81/79
f 82/82/80 83/83/81 84/84/82
f 82/82/80 85/85/83 86/86/84
f 82/82/80 86/86/84 87/87/85
f 82/82/80 84/84/82 88/88/86
f 82/82/80 87/87/85 83/83/81
f 89/89/87 90/90/88 91/91/89
f 92/92/90 93/93/91 94/94/92
f 92/92/90 94/94/92 95/95/93
f 96/96/94 97/97/95 98/98/96
f 96/96/94 98/98/96 99/99/97
f 96/96/94 99/99/97 100/100/98
f 92/92/90 95/95/93 101/101/99
f 102/102/100 103/103/101 104/104/102
f 102/102/100 104/104/102 105/105/103
f 102/102/100 106/106/104 107/107/105
f 102/102/100 107/107/105 108/108/106
f 102/102/100 105/105/103 106/106/104
f 102/102/100 108/108/106 103/103/101
f 109/109/107 110/110/108 111/111/109
f 109/109/107 112/112/110 113/113/111
f 114/114/112 115/115/113 116/116/114
f 109/109/107 111/111/109 112/112/110
f 114/114/112 116/116/114 117/117/115
f 118/118/116 119/119/117 120/120/118
f 121/121/119 122/122/120 123/123/121
f 121/121/119 123/123/121 124/124/122
f 121/121/119 124/124/122 125/125/123
f 121/121/119 126/126/124 127/127/125
f 121/121/119 125/125/123 126/126/124
f 128/128/126 129/129/127 130/130/128
f 131/131/129 132/132/130 133/133/131
f 134/134/132 135/135/133 136/136/134
s 0
f 137/137/135 138/138/135 139/139/135
s 1
f 140/140/136 141/141/137 142/142/138
f 134/134/132 136/136/134 143/143/139
s 0
f 144/144/140 145/145/140 146/146/140
s 1
f 12/12/10 147/147/141 148/148/142
f 12/12/10 149/149/143 13/13/11
f 12/12/10 17/17/15 147/147/141
f 150/150/144 151/151/145 152/152/146
f 150/150/144 153/153/147 154/154/148
f 150/150/144 152/152/146 155/155/149
f 150/150/144 156/156/150 153/153/147
f 150/150/144 155/155/149 156/156/150
f 150/150/144 154/154/148 151/151/145
f 157/157/151 158/158/152 159/159/153
f 157/157/151 160/160/154 161/161/155
f 157/157/151 162/162/156 158/158/152
f 157/157/151 161/161/155 162/162/156
f 157/157/151 159/159/153 160/160/154
f 163/163/157 164/164/158 165/165/159
s 0
f 166/166/160 167/167/160 168/168/160
s 1
f 163/163/157 169/169/161 164/164/158
f 163/163/157 170/170/162 169/169/161
f 171/171/163 172/172/164 173/173/165
f 174/174/166 175/175/167 176/176/168
f 174/174/166 177/177/169 178/178/170
f 174/174/166 179/179/171 180/180/172
f 174/174/166 178/178/170 179/179/171
f 174/174/166 176/176/168 177/177/169
f 174/174/166 180/180/172 175/175/167
f 181/181/173 182/182/174 183/183/175
f 181/181/173 184/184/176 185/185/177
f 181/181/173 183/183/175 184/184/176
f 181/181/173 186/186/178 182/182/174
f 181/181/173 185/185/177 186/186/178
f 187/187/179 188/188/180 189/189/181
f 187/187/179 190/190/182 188/188/180
f 187/187/179 191/191/183 192/192/184
f 187/187/179 192/192/184 190/190/182
s 0
f 193/193/185 194/194/185 195/195/185
s 1
f 187/187/179 196/196/186 191/191/183
f 197/197/187 198/198/188 199/199/189
f 197/197/187 200/200/190 198/198/188
f 197/197/187 201/201/191 202/202/192
f 197/197/187 203/203/193 200/200/190
f 204/204/194 205/205/195 206/206/196
f 197/197/187 202/202/192 203/203/193
f 207/207/197 208/208/198 209/209/199
f 210/210/200 211/211/201 212/212/202
f 207/207/197 213/213/203 208/208/198
f 207/207/197 209/209/199 214/214/204
f 207/207/197 214/214/204 215/215/205
f 210/210/200 212/212/202 216/216/206
f 217/217/207 218/218/208 219/219/209
f 217/217/207 220/220/210 221/221/211
f 217/217/207 222/222/212 223/223/213
f 217/217/207 221/221/211 218/218/208
f 217/217/207 219/219/209 222/222/212
f 217/217/207 223/223/213 220/220/210
f 224/224/214 225/225/215 226/226/216
s 0
f 227/227/217 228/228/217 229/229/217
s 1
f 224/224/214 230/230/218 225/225/215
s 0
f 231/231/219 232/232/219 233/233/219
s 1
f 234/234/220 235/235/221 236/236/222
s 0
f 237/237/223 238/238/223 239/239/223
s 1
f 240/240/224 241/241/225 242/242/226
f 240/240/224 243/243/227 244/244/228
f 240/240/224 242/242/226 245/245/229
f 240/240/224 245/245/229 243/243/227
f 240/240/224 244/244/228 246/246/230
f 247/247/231 248/248/232 249/249/233
f 250/250/234 251/251/235 252/252/236
f 250/250/234 253/253/237 254/254/238
f 250/250/234 255/255/239 251/251/235
f 250/250/234 254/254/238 255/255/239
f 250/250/234 252/252/236 253/253/237
f 256/256/240 257/257/241 258/258/242
f 256/256/240 259/259/243 257/257/241
f 256/256/240 258/258/242 260/260/244
f 256/256/240 260/260/244 259/259/243
f 261/261/245 262/262/246 263/263/247
f 261/261/245 263/263/247 264/264/248
f 261/261/245 265/265/249 262/262/246
f 261/261/245 266/266/250 267/267/251
f 261/261/245 267/267/251 265/265/249
f 261/261/245 264/264/248 266/266/250
f 268/268/252 269/269/253 270/270/254
f 271/271/255 272/272/256 67/67/65
f 271/271/255 273/273/257 274/274/258
f 268/268/252 270/270/254 275/275/259
f 271/271/255 67/67/65 276/276/260
f 271/271/255 274/274/258 272/272/256
f 271/271/255 277/277/261 273/273/257
s 0
f 278/278/262 279/279/262 280/280/262
s 1
f 281/281/263 282/282/264 283/283/265
f 284/284/266 285/285/267 286/286/268
f 281/281/263 287/287/269 288/288/270
f 281/281/263 283/283/265 287/287/269
f 284/284/266 289/289/271 285/285/267
f 290/290/272 291/291/273 292/292/274
f 290/290/272 293/293/275 294/294/276
f 290/290/272 294/294/276 295/295/277
f 290/290/272 295/295/277 296/296/278
f 290/290/272 292/292/274 293/293/275
f 290/290/272 296/296/278 291/291/273
f 297/297/279 298/298/280 299/299/281
f 297/297/279 299/299/281 300/300/282
f 301/301/283 302/302/284 303/303/285
f 301/301/283 304/304/286 305/305/287
f 301/301/283 306/306/288 302/302/284
f 301/301/283 303/303/285 304/304/286
f 307/307/289 308/308/290 309/309/291
f 307/307/289 310/310/292 308/308/290
f 311/311/293 312/312/294 313/313/295
f 311/311/293 314/314/296 312/312/294
f 315/315/297 316/316/298 317/317/299
f 315/315/297 318/318/300 316/316/298
f 311/311/293 319/319/301 314/314/296
f 83/83/81 320/320/302 321/321/303
f 83/83/81 87/87/85 320/320/302
f 83/83/81 321/321/303 84/84/82
f 322/322/304 323/323/305 324/324/306
f 325/325/307 326/326/308 327/327/309
f 322/322/304 328/328/310 329/329/311
f 322/322/304 330/330/312 328/328/310
f 322/322/304 331/331/313 332/332/314
f 322/322/304 329/329/311 331/331/313
f 322/322/304 332/332/314 323/323/305
f 333/333/315 334/334/316 335/335/317
f 333/333/315 336/336/318 334/334/316
f 337/337/319 338/338/320 339/339/321
s 0
f 340/340/322 341/341/322 342/342/322
s 1
f 337/337/319 339/339/321 343/343/323
f 344/344/324 345/345/325 346/346/326
f 344/344/324 346/346/326 347/347/327
f 344/344/324 347/347/327 348/348/328
f 349/349/329 350/350/330 351/351/331
f 352/352/332 353/353/333 354/354/334
f 349/349/329 355/355/335 356/356/336
f 352/352/332 354/354/334 357/357/337
f 349/349/329 356/356/336 350/350/330
f 352/352/332 357/357/337 358/358/338
f 359/359/339 360/360/340 361/361/341
f 359/359/339 362/362/342 363/363/343
f 359/359/339 364/364/344 365/365/345
f 359/359/339 365/365/345 360/360/340
f 359/359/339 361/361/341 362/362/342
f 359/359/339 363/363/343 364/364/344
f 366/366/346 367/367/347 368/368/348
f 366/366/346 368/368/348 369/369/349
f 370/370/350 371/371/351 372/372/352
f 366/366/346 373/373/353 367/367/347
f 370/370/350 374/374/354 371/371/351
f 370/370/350 372/372/352 375/375/355
f 376/376/356 377/377/357 378/378/358
f 376/376/356 379/379/359 377/377/357
f 376/376/356 380/380/360 381/381/361
f 382/382/362 383/383/363 384/384/364
f 376/376/356 381/381/361 379/379/359
f 385/385/365 386/386/366 387/387/367
f 385/385/365 387/387/367 388/388/368
f 389/389/369 390/390/370 391/391/371
f 385/385/365 392/392/372 386/386/366
f 385/385/365 393/393/373 392/392/372
f 389/389/369 394/394/374 390/390/370
f 395/395/375 396/396/376 264/264/248
f 395/395/375 397/397/377 398/398/378
f 395/395/375 264/264/248 397/397/377
f 399/399/379 400/400/380 401/401/381
f 402/402/382 403/403/383 404/404/384
f 402/402/382 405/405/385 403/403/383
f 399/399/379 406/406/386 400/400/380
f 399/399/379 407/407/387 406/406/386
f 408/408/388 409/409/389 410/410/390
f 411/411/391 412/412/392 413/413/393
s 0
f 414/414/394 415/415/394 416/416/394
s 1
f 411/411/391 417/417/395 418/418/396
f 419/419/397 420/420/398 421/421/399
f 411/411/391 418/418/396 412/412/392
s 0
f 422/422/400 423/423/400 424/424/400
f 425/425/401 426/426/401 427/427/401
s 1
f 288/288/270 287/287/269 125/125/123
f 428/428/402 429/429/403 430/430/404
f 431/431/405 3/3/3 432/432/406
f 433/433/407 434/434/408 435/435/409
f 436/436/410 437/437/411 438/438/412
f 433/433/407 435/435/409 439/439/413
f 436/436/410 440/440/414 437/437/411
f 436/436/410 441/441/415 440/440/414
f 436/436/410 438/438/412 442/442/416
f 443/443/417 444/444/418 445/445/419
f 443/443/417 446/446/420 447/447/421
f 443/443/417 16/16/14 446/446/420
f 443/443/417 445/445/419 16/16/14
f 443/443/417 448/448/422 444/444/418
f 449/449/423 450/450/424 451/451/425
f 452/452/426 453/453/427 454/454/428
f 452/452/426 455/455/429 453/453/427
f 452/452/426 456/456/430 457/457/431
f 452/452/426 457/457/431 458/458/432
f 459/459/433 460/460/434 461/461/435
f 452/452/426 458/458/432 455/455/429
f 452/452/426 454/454/428 462/462/436
f 463/463/437 464/464/438 465/465/439
f 466/466/440 467/467/441 468/468/442
f 466/466/440 469/469/443 470/470/444
f 466/466/440 470/470/444 467/467/441
f 466/466/440 468/468/442 471/471/445
f 463/463/437 465/465/439 472/472/446
f 473/473/447 474/474/448 475/475/449
f 473/473/447 476/476/450 477/477/451
f 473/473/447 477/477/451 474/474/448
f 478/478/452 479/479/453 480/480/454
f 481/481/455 482/482/456 483/483/457
f 481/481/455 483/483/457 484/484/458
f 478/478/452 485/485/459 486/486/460
f 481/481/455 487/487/461 482/482/456
f 478/478/452 486/486/460 479/479/453
f 488/488/462 489/489/463 156/156/150
f 490/490/464 491/491/465 492/492/466
f 490/490/464 493/493/467 491/491/465
f 490/490/464 494/494/468 495/495/469
f 490/490/464 492/492/466 496/496/470
f 490/490/464 495/495/469 493/493/467
f 497/497/471 498/498/472 190/190/182
f 497/497/471 499/499/473 498/498/472
f 497/497/471 500/500/474 501/501/475
f 497/497/471 501/501/475 499/499/473
f 497/497/471 190/190/182 192/192/184
f 497/497/471 192/192/184 500/500/474
f 502/502/476 503/503/477 504/504/478
f 505/505/479 506/506/480 507/507/481
f 502/502/476 508/508/482 509/509/483
f 502/502/476 510/510/484 503/503/477
f 502/502/476 504/504/478 508/508/482
f 505/505/479 511/511/485 506/506/480
s 0
f 512/512/486 513/513/486 514/514/486
s 1
f 515/515/487 516/516/488 517/517/489
f 515/515/487 517/517/489 518/518/490
f 515/515/487 519/519/491 516/516/488
f 515/515/487 518/518/490 520/520/492
f 521/521/493 522/522/494 523/523/493
s 0
f 524/524/493 525/525/493 526/526/493
f 524/524/493 527/527/493 525/525/493
f 521/521/493 523/523/493 528/528/493
s 1
f 521/521/493 529/529/495 522/522/494
s 0
f 530/530/493 531/531/493 532/532/493
s 1
f 533/533/496 534/534/497 535/535/498
f 533/533/496 535/535/498 536/536/499
f 533/533/496 536/536/499 537/537/500
f 533/533/496 538/538/501 534/534/497
f 533/533/496 537/537/500 538/538/501
f 539/539/502 540/540/503 541/541/504
f 539/539/502 541/541/504 542/542/505
f 539/539/502 543/543/506 540/540/503
f 544/544/507 545/545/508 546/546/509
f 547/547/510 177/177/169 176/176/168
f 547/547/510 548/548/511 177/177/169
f 544/544/507 549/549/512 545/545/508
f 547/547/510 176/176/168 550/550/513
f 544/544/507 551/551/514 549/549/512
f 552/552/515 553/553/516 554/554/517
f 552/552/515 555/555/518 553/553/516
f 552/552/515 554/554/517 556/556/519
f 552/552/515 556/556/519 557/557/520
f 552/552/515 557/557/520 555/555/518
f 558/558/521 559/559/522 560/560/523
f 558/558/521 561/561/524 562/562/525
f 558/558/521 563/563/526 561/561/524
f 558/558/521 562/562/525 564/564/527
f 558/558/521 560/560/523 563/563/526
f 558/558/521 564/564/527 559/559/522
f 565/565/528 566/566/529 567/567/530
f 565/565/528 567/567/530 568/568/531
f 565/565/528 569/569/532 570/570/533
f 571/571/534 572/572/535 573/573/536
f 565/565/528 574/574/537 569/569/532
f 571/571/534 575/575/538 572/572/535
f 565/565/528 570/570/533 566/566/529
f 576/576/539 577/577/540 578/578/541
f 576/576/539 579/579/542 577/577/540
f 580/580/543 581/581/544 582/582/545
f 580/580/543 583/583/546 581/581/544
f 576/576/539 584/584/547 579/579/542
s 0
f 585/585/548 586/586/548 587/587/548
s 1
f 588/588/549 20/20/18 19/19/17
f 589/589/550 590/590/551 591/591/552
f 592/592/553 593/593/554 455/455/429
f 594/594/555 595/595/556 596/596/557
f 592/592/553 455/455/429 458/458/432
f 251/251/235 255/255/239 597/597/558
f 589/589/550 591/591/552 598/598/223
f 251/251/235 597/597/558 599/599/559
f 251/251/235 599/599/559 600/600/560
f 592/592/553 458/458/432 601/601/561
f 251/251/235 602/602/562 252/252/236
f 603/603/563 604/604/564 605/605/565
f 603/603/563 606/606/566 607/607/567
f 603/603/563 607/607/567 608/608/568
f 603/603/563 605/605/565 609/609/569
f 603/603/563 609/609/569 606/606/566
f 603/603/563 608/608/568 604/604/564
f 610/610/570 611/611/571 612/612/572
f 613/613/573 614/614/574 615/615/575
f 610/610/570 612/612/572 616/616/576
f 613/613/573 617/617/577 618/618/578
f 613/613/573 615/615/575 617/617/577
f 619/619/579 620/620/580 621/621/581
f 619/619/579 622/622/582 623/623/583
f 619/619/579 624/624/584 620/620/580
f 619/619/579 623/623/583 624/624/584
f 619/619/579 625/625/585 622/622/582
f 619/619/579 621/621/581 625/625/585
f 626/626/586 627/627/587 628/628/588
f 626/626/586 629/629/589 627/627/587
f 630/630/590 631/631/591 632/632/592
f 630/630/590 633/633/593 631/631/591
f 626/626/586 634/634/594 629/629/589
f 635/635/595 130/130/128 636/636/596
f 635/635/595 637/637/597 130/130/128
s 0
f 638/638/598 639/639/598 640/640/598
s 1
f 635/635/595 641/641/599 642/642/600
f 635/635/595 636/636/596 641/641/599
f 635/635/595 642/642/600 643/643/601
f 644/644/602 645/645/603 646/646/604
f 644/644/602 36/36/34 39/39/37
f 647/647/605 648/648/606 649/649/607
f 644/644/602 39/39/37 650/650/608
f 644/644/602 650/650/608 645/645/603
f 651/651/609 652/652/610 653/653/611
f 651/651/609 653/653/611 654/654/612
f 655/655/613 656/656/614 657/657/615
f 651/651/609 371/371/351 374/374/354
f 655/655/613 658/658/616 656/656/614
f 651/651/609 654/654/612 371/371/351
f 659/659/617 660/660/618 661/661/619
f 659/659/617 662/662/620 660/660/618
f 659/659/617 663/663/621 662/662/620
f 659/659/617 661/661/619 664/664/622
f 659/659/617 664/664/622 663/663/621
f 665/665/623 666/666/624 667/667/625
f 665/665/623 668/668/626 669/669/627
f 665/665/623 667/667/625 670/670/628
f 665/665/623 670/670/628 668/668/626
f 665/665/623 671/671/629 666/666/624
f 665/665/623 669/669/627 671/671/629
f 672/672/630 673/673/631 674/674/632
f 672/672/630 674/674/632 675/675/633
f 672/672/630 676/676/634 677/677/635
f 672/672/630 675/675/633 676/676/634
f 678/678/636 679/679/637 680/680/638
f 681/681/639 682/682/640 683/683/641
f 684/684/642 685/685/643 686/686/644
f 684/684/642 687/687/645 688/688/646
f 684/684/642 686/686/644 689/689/647
f 681/681/639 690/690/648 682/682/640
f 684/684/642 688/688/646 685/685/643
f 691/691/649 692/692/650 693/693/651
f 691/691/649 694/694/652 695/695/653
f 691/691/649 695/695/653 692/692/650
f 103/103/101 696/696/654 104/104/102
f 103/103/101 697/697/655 696/696/654
f 103/103/101 108/108/106 697/697/655
f 698/698/656 699/699/656 700/700/656
f 701/701/657 702/702/658 703/703/659
f 704/704/660 705/705/661 706/706/662
f 701/701/657 707/707/663 708/708/664
f 701/701/657 708/708/664 702/702/658
f 704/704/660 709/709/665 705/705/661
f 14/14/12 710/710/666 15/15/13
f 14/14/12 13/13/11 711/711/667
f 14/14/12 712/712/668 710/710/666
f 14/14/12 711/711/667 712/712/668
f 713/713/669 714/714/670 715/715/671
f 713/713/669 716/716/672 717/717/673
f 713/713/669 718/718/674 714/714/670
f 713/713/669 715/715/671 716/716/672
f 713/713/669 719/719/675 718/718/674
f 713/713/669 717/717/673 719/719/675
f 720/720/676 721/721/677 722/722/678
f 720/720/676 723/723/679 724/724/680
f 725/725/681 726/726/682 727/727/683
f 720/720/676 724/724/680 721/721/677
f 720/720/676 722/722/678 728/728/684
f 725/725/681 727/727/683 729/729/685
f 730/730/686 731/731/687 732/732/688
f 730/730/686 733/733/689 734/734/690
f 735/735/691 736/736/692 737/737/693
f 735/735/691 738/738/694 736/736/692
f 730/730/686 732/732/688 733/733/689
f 730/730/686 739/739/695 731/731/687
f 735/735/691 740/740/696 738/738/694
f 741/741/697 742/742/698 743/743/699
f 741/741/697 744/744/700 745/745/701
f 741/741/697 743/743/699 746/746/702
f 747/747/703 748/748/704 749/749/705
f 741/741/697 745/745/701 742/742/698
f 747/747/703 750/750/706 748/748/704
f 751/751/707 752/752/708 753/753/709
f 754/754/710 755/755/711 756/756/712
f 754/754/710 757/757/713 758/758/714
f 754/754/710 759/759/715 755/755/711
f 754/754/710 758/758/714 760/760/716
f 754/754/710 756/756/712 757/757/713
f 761/761/717 762/762/718 763/763/719
s 0
f 764/764/720 765/765/720 766/766/720
s 1
f 761/761/717 767/767/721 762/762/718
f 768/768/722 769/769/723 770/770/724
f 761/761/717 763/763/719 771/771/725
f 761/761/717 772/772/726 767/767/721
f 773/773/727 774/774/728 775/775/729
f 773/773/727 776/776/730 777/777/731
f 778/778/732 779/779/733 780/780/734
f 773/773/727 775/775/729 776/776/730
s 0
f 781/781/735 782/782/735 783/783/735
s 1
f 784/784/736 785/785/737 786/786/738
f 323/323/305 787/787/739 788/788/740
f 323/323/305 788/788/740 324/324/306
f 323/323/305 789/789/741 787/787/739
f 323/323/305 332/332/314 789/789/741
f 790/790/742 791/791/743 792/792/744
f 793/793/745 794/794/746 795/795/747
f 793/793/745 796/796/748 797/797/749
f 793/793/745 795/795/747 798/798/750
f 793/793/745 797/797/749 799/799/751
f 793/793/745 798/798/750 796/796/748
f 790/790/742 792/792/744 800/800/752
f 801/801/753 802/802/754 803/803/755
f 804/804/756 805/805/757 806/806/758
f 801/801/753 807/807/759 802/802/754
f 804/804/756 808/808/760 805/805/757
f 809/809/761 810/810/762 811/811/763
f 801/801/753 812/812/764 807/807/759
f 813/813/765 814/814/766 815/815/767
f 816/816/768 817/817/769 818/818/770
f 816/816/768 818/818/770 819/819/771
f 816/816/768 820/820/772 817/817/769
f 816/816/768 821/821/773 820/820/772
f 822/822/774 823/823/775 824/824/776
f 822/822/774 825/825/777 826/826/778
f 822/822/774 826/826/778 823/823/775
f 827/827/779 828/828/780 829/829/781
s 0
f 830/830/782 831/831/782 832/832/782
s 1
f 833/833/783 834/834/784 835/835/785
f 836/836/786 837/837/787 838/838/788
f 839/839/789 840/840/790 841/841/791
s 0
f 842/842/792 843/843/792 844/844/792
s 1
f 836/836/786 838/838/788 845/845/793
f 836/836/786 846/846/794 837/837/787
f 847/847/795 848/848/796 849/849/797
f 850/850/798 169/169/161 851/851/799
f 850/850/798 852/852/800 853/853/801
f 850/850/798 854/854/802 169/169/161
f 850/850/798 851/851/799 852/852/800
f 855/855/803 856/856/804 857/857/805
f 855/855/803 858/858/806 859/859/807
f 855/855/803 857/857/805 860/860/808
f 855/855/803 859/859/807 861/861/809
f 855/855/803 861/861/809 856/856/804
f 855/855/803 860/860/808 862/862/810
f 855/855/803 862/862/810 858/858/806
f 863/863/811 864/864/812 865/865/813
f 863/863/811 866/866/814 867/867/815
f 868/868/816 869/869/817 870/870/818
f 863/863/811 865/865/813 871/871/819
f 868/868/816 870/870/818 872/872/820
f 863/863/811 871/871/819 866/866/814
f 29/29/27 873/873/821 874/874/822
f 29/29/27 874/874/822 875/875/823
f 29/29/27 32/32/30 873/873/821
f 29/29/27 875/875/823 30/30/28
f 876/876/824 877/877/825 878/878/826
f 876/876/824 878/878/826 879/879/827
f 876/876/824 880/880/828 877/877/825
f 876/876/824 879/879/827 881/881/829
f 876/876/824 881/881/829 880/880/828
f 882/882/830 883/883/831 884/884/832
f 885/885/833 886/886/834 887/887/835
f 882/882/830 884/884/832 888/888/836
f 882/882/830 889/889/837 883/883/831
f 885/885/833 890/890/838 886/886/834
f 891/891/839 892/892/840 893/893/841
f 894/894/842 895/895/843 896/896/844
f 891/891/839 897/897/845 892/892/840
f 898/898/846 899/899/847 900/900/848
f 901/901/849 902/902/850 903/903/851
f 898/898/846 904/904/852 905/905/853
f 898/898/846 900/900/848 904/904/852
f 901/901/849 906/906/854 902/902/850
f 901/901/849 907/907/855 906/906/854
f 908/908/856 909/909/857 910/910/858
f 566/566/529 911/911/859 567/567/530
f 566/566/529 912/912/860 913/913/861
f 566/566/529 570/570/533 912/912/860
f 914/914/862 915/915/863 916/916/864
f 917/917/865 918/918/866 919/919/867
f 917/917/865 920/920/868 921/921/869
f 914/914/862 922/922/870 915/915/863
f 914/914/862 916/916/864 403/403/383
f 917/917/865 919/919/867 920/920/868
f 923/923/871 924/924/872 925/925/873
f 923/923/871 926/926/874 927/927/875
f 923/923/871 927/927/875 924/924/872
f 923/923/871 925/925/873 928/928/876
f 923/923/871 928/928/876 926/926/874
f 929/929/877 930/930/878 931/931/879
s 0
f 932/932/880 933/933/880 934/934/880
s 1
f 929/929/877 935/935/881 930/930/878
f 936/936/882 937/937/883 938/938/884
s 0
f 939/939/885 940/940/885 941/941/885
s 1
f 819/819/771 818/818/770 942/942/886
f 943/943/887 944/944/888 945/945/889
f 814/814/766 946/946/890 815/815/767
f 943/943/887 947/947/891 944/944/888
f 814/814/766 948/948/892 946/946/890
f 949/949/893 950/950/894 951/951/895
f 949/949/893 952/952/896 953/953/897
f 949/949/893 951/951/895 954/954/898
f 949/949/893 953/953/897 950/950/894
f 949/949/893 954/954/898 952/952/896
f 955/955/899 956/956/900 957/957/901
f 955/955/899 958/958/902 154/154/148
f 955/955/899 957/957/901 959/959/903
f 955/955/899 960/960/904 956/956/900
f 955/955/899 959/959/903 958/958/902
f 955/955/899 154/154/148 960/960/904
s 0
f 961/961/905 962/962/905 963/963/905
s 1
f 964/964/906 965/965/907 966/966/908
f 967/967/909 968/968/910 969/969/911
f 964/964/906 966/966/908 970/970/912
f 964/964/906 971/971/913 965/965/907
f 972/972/914 973/973/915 974/974/916
f 972/972/914 974/974/916 975/975/917
f 972/972/914 976/976/918 973/973/915
f 977/977/919 978/978/920 979/979/921
f 977/977/919 980/980/922 981/981/923
f 977/977/919 979/979/921 982/982/924
f 977/977/919 981/981/923 983/983/925
f 977/977/919 982/982/924 980/980/922
f 977/977/919 983/983/925 978/978/920
f 984/984/926 985/985/927 986/986/927
f 984/984/926 987/987/928 985/985/927
f 988/988/929 989/989/930 990/990/931
f 991/991/927 992/992/927 993/993/932
f 984/984/926 994/994/933 987/987/928
f 988/988/929 995/995/934 989/989/930
f 2/2/2 996/996/935 997/997/936
f 2/2/2 5/5/5 998/998/937
f 2/2/2 997/997/936 3/3/3
f 2/2/2 998/998/937 996/996/935
f 999/999/938 1000/1000/939 1001/1001/940
f 1002/1002/941 1003/1003/942 1004/1004/943
f 999/999/938 209/209/199 1000/1000/939
f 999/999/938 1005/1005/944 1006/1006/945
f 999/999/938 1006/1006/945 209/209/199
f 999/999/938 1007/1007/946 1005/1005/944
f 692/692/650 1008/1008/947 1009/1009/948
f 692/692/650 1009/1009/948 1010/1010/949
f 692/692/650 1010/1010/949 693/693/651
f 692/692/650 695/695/653 1008/1008/947
f 1011/1011/950 1012/1012/951 1013/1013/952
f 1011/1011/950 1013/1013/952 1014/1014/953
f 1011/1011/950 1015/1015/954 1016/1016/955
f 1011/1011/950 1017/1017/956 1018/1018/957
f 1011/1011/950 1014/1014/953 1017/1017/956
f 1011/1011/950 1016/1016/955 1012/1012/951
f 1011/1011/950 1018/1018/957 1015/1015/954
f 1019/1019/958 1020/1020/959 1021/1021/960
f 1019/1019/958 1022/1022/961 1023/1023/962
f 1019/1019/958 1021/1021/960 1022/1022/961
f 1019/1019/958 1024/1024/963 1020/1020/959
f 1019/1019/958 1023/1023/962 1024/1024/963
f 1025/1025/964 1026/1026/965 1027/1027/966
f 1028/1028/967 1029/1029/968 1030/1030/969
f 1028/1028/967 293/293/275 1029/1029/968
f 1025/1025/964 1031/1031/970 1026/1026/965
f 1028/1028/967 294/294/276 293/293/275
f 1025/1025/964 1032/1032/971 1031/1031/970
f 1033/1033/972 1034/1034/973 1035/1035/974
f 1036/1036/975 1037/1037/976 1038/1038/977
f 1033/1033/972 1039/1039/978 1034/1034/973
f 1033/1033/972 1040/1040/735 1039/1039/978
f 1033/1033/972 1035/1035/974 1041/1041/979
f 1033/1033/972 1041/1041/979 1042/1042/980
f 1043/1043/981 1044/1044/982 1045/1045/983
f 1046/1046/984 1047/1047/985 1048/1048/986
f 1046/1046/984 1048/1048/986 1049/1049/987
f 1043/1043/981 1045/1045/983 1050/1050/988
f 1046/1046/984 1049/1049/987 1051/1051/989
f 1052/1052/990 1053/1053/991 1054/1054/992
f 1052/1052/990 1054/1054/992 1055/1055/993
f 1052/1052/990 1056/1056/994 1057/1057/995
f 1052/1052/990 1058/1058/996 1056/1056/994
f 1052/1052/990 1055/1055/993 1058/1058/996
f 1052/1052/990 1057/1057/995 1059/1059/997
f 1052/1052/990 1059/1059/997 1053/1053/991
f 444/444/418 1060/1060/998 445/445/419
f 444/444/418 1061/1061/999 1060/1060/998
f 444/444/418 448/448/422 1062/1062/1000
f 444/444/418 1062/1062/1000 1061/1061/999
f 1063/1063/1001 1064/1064/1002 24/24/22
f 1063/1063/1001 24/24/22 1065/1065/1003
f 1063/1063/1001 1065/1065/1003 1066/1066/1004
f 1067/1067/1005 1068/1068/1006 1069/1069/1007
f 1070/1070/1008 1071/1071/1009 1072/1072/1010
f 1067/1067/1005 1073/1073/1011 1068/1068/1006
f 762/762/718 767/767/721 1074/1074/1012
f 762/762/718 1074/1074/1012 161/161/155
f 762/762/718 160/160/154 763/763/719
f 762/762/718 161/161/155 160/160/154
f 1075/1075/1013 1076/1076/1014 1077/1077/1015
f 1075/1075/1013 1078/1078/1016 1076/1076/1014
f 1079/1079/838 1080/1080/1017 1081/1081/1018
s 0
f 1082/1082/1019 1083/1083/1019 1084/1084/1019
s 1
f 1085/1085/1020 1086/1086/1021 1087/1087/1022
f 1085/1085/1020 1088/1088/1023 1086/1086/1021
f 1085/1085/1020 1089/1089/1024 1090/1090/1025
f 1085/1085/1020 1087/1087/1022 1089/1089/1024
f 1085/1085/1020 1090/1090/1025 1091/1091/1026
f 1092/1092/1027 1093/1093/1028 1094/1094/1029
f 1092/1092/1027 1095/1095/1030 1096/1096/1031
f 1092/1092/1027 1097/1097/118 1093/1093/1028
f 1092/1092/1027 1094/1094/1029 1098/1098/1032
f 1092/1092/1027 1096/1096/1031 1097/1097/118
f 1092/1092/1027 1098/1098/1032 1095/1095/1030
f 1099/1099/1033 1100/1100/1034 666/666/624
f 1099/1099/1033 666/666/624 671/671/629
f 1099/1099/1033 1101/1101/1035 1102/1102/1036
f 1099/1099/1033 1102/1102/1036 1103/1103/1037
f 1099/1099/1033 671/671/629 1101/1101/1035
f 1099/1099/1033 1103/1103/1037 1100/1100/1034
f 1104/1104/1038 1105/1105/1039 1106/1106/1040
f 1107/1107/1041 1108/1108/1042 1109/1109/1043
f 1107/1107/1041 1109/1109/1043 1110/1110/1044
f 1104/1104/1038 1111/1111/1045 1112/1112/1046
f 1104/1104/1038 1106/1106/1040 1111/1111/1045
f 1104/1104/1038 1113/1113/1047 1105/1105/1039
f 883/883/831 1114/1114/1048 884/884/832
f 883/883/831 1115/1115/1049 1114/1114/1048
s 0
f 1116/1116/1050 1117/1117/1050 1118/1118/1050
s 1
f 1119/1119/1051 1120/1120/1052 1121/1121/1053
f 1119/1119/1051 1122/1122/1054 1120/1120/1052
f 1119/1119/1051 1121/1121/1053 1123/1123/1055
f 1124/1124/1056 1125/1125/1057 1126/1126/1058
f 1124/1124/1056 1127/1127/1059 1125/1125/1057
f 1124/1124/1056 1126/1126/1058 895/895/843
f 1128/1128/1060 1129/1129/1061 1130/1130/1062
f 1128/1128/1060 1130/1130/1062 1131/1131/1063
f 1128/1128/1060 1131/1131/1063 1132/1132/1064
f 1133/1133/1065 1134/1134/1066 1135/1135/1067
f 1133/1133/1065 1135/1135/1067 1136/1136/1068
f 1137/1137/1069 1138/1138/1070 1139/1139/1071
f 1137/1137/1069 1139/1139/1071 1140/1140/1072
f 1137/1137/1069 1140/1140/1072 1141/1141/1073
f 1142/1142/1074 1143/1143/1075 1144/1144/1076
f 1142/1142/1074 1145/1145/1077 1143/1143/1075
f 1142/1142/1074 1146/1146/1078 1145/1145/1077
f 1142/1142/1074 1147/1147/1079 1148/1148/1080
f 1142/1142/1074 1144/1144/1076 1147/1147/1079
f 1142/1142/1074 1148/1148/1080 1146/1146/1078
f 1149/1149/1081 1150/1150/1082 1151/1151/1083
f 1149/1149/1081 1152/1152/1084 1153/1153/1085
f 1149/1149/1081 1154/1154/1086 1152/1152/1084
f 1149/1149/1081 1155/1155/1087 1150/1150/1082
f 1149/1149/1081 1151/1151/1083 1154/1154/1086
f 1149/1149/1081 1153/1153/1085 1155/1155/1087
f 1156/1156/1088 1157/1157/1089 1158/1158/1090
f 1156/1156/1088 1159/1159/1091 1160/1160/1092
f 1156/1156/1088 1160/1160/1092 1161/1161/1093
f 1156/1156/1088 1161/1161/1093 1157/1157/1089
f 1162/1162/1094 1163/1163/1095 1164/1164/1096
f 1165/1165/1097 1166/1166/1098 1167/1167/1099
f 1165/1165/1097 1168/1168/1100 611/611/571
f 1165/1165/1097 1167/1167/1099 1168/1168/1100
f 1162/1162/1094 1164/1164/1096 1169/1169/1101
f 1170/1170/1102 1171/1171/1103 410/410/390
f 1170/1170/1102 410/410/390 1172/1172/1104
f 1170/1170/1102 1173/1173/1105 1174/1174/1106
f 1170/1170/1102 1172/1172/1104 1173/1173/1105
f 1175/1175/1107 919/919/867 918/918/866
f 1176/1176/1108 1177/1177/1109 1178/1178/1110
f 1176/1176/1108 1179/1179/1111 1180/1180/1112
f 1176/1176/1108 1180/1180/1112 1177/1177/1109
f 1176/1176/1108 634/634/594 1179/1179/1111
f 1176/1176/1108 1178/1178/1110 634/634/594
s 0
f 1181/1181/1113 1182/1182/1113 1183/1183/1113
s 1
f 1184/1184/1114 874/874/822 873/873/821
f 1184/1184/1114 1185/1185/1115 874/874/822
f 1184/1184/1114 1186/1186/1116 1185/1185/1115
s 0
f 1187/1187/1117 1188/1188/1117 1189/1189/1117
f 1190/1190/1118 1191/1191/1118 1192/1192/1118
s 1
f 848/848/796 1193/1193/1119 1194/1194/1120
f 848/848/796 1195/1195/1121 1193/1193/1119
f 848/848/796 1194/1194/1120 849/849/797
f 1196/1196/1122 1197/1197/1123 270/270/254
f 1196/1196/1122 1198/1198/1124 1197/1197/1123
f 1196/1196/1122 270/270/254 1199/1199/1125
f 1196/1196/1122 1199/1199/1125 1198/1198/1124
f 1200/1200/1126 1201/1201/1127 1202/1202/1128
f 1203/1203/1129 1204/1204/1130 1205/1205/1131
f 1200/1200/1126 1202/1202/1128 1206/1206/1132
f 1203/1203/1129 1207/1207/1133 1208/1208/1134
f 1200/1200/1126 1206/1206/1132 1209/1209/1135
f 1203/1203/1129 1205/1205/1131 1207/1207/1133
f 1210/1210/1136 1211/1211/1137 1212/1212/1138
f 1210/1210/1136 1213/1213/1139 1211/1211/1137
f 1210/1210/1136 1214/1214/1140 1215/1215/1141
f 1216/1216/1142 1217/1217/1143 1218/1218/1144
f 1210/1210/1136 1215/1215/1141 1219/1219/1145
f 1210/1210/1136 1212/1212/1138 1214/1214/1140
s 0
f 1220/1220/1146 1221/1221/1146 1222/1222/1146
s 1
f 1223/1223/1147 1224/1224/927 1225/1225/1148
s 0
f 1226/1226/1149 1227/1227/1149 1228/1228/1149
s 1
f 1223/1223/1147 1229/1229/1150 1230/1230/1151
s 0
f 1231/1231/927 1232/1232/927 1233/1233/927
s 1
f 1223/1223/1147 1225/1225/1148 1229/1229/1150
f 479/479/453 1234/1234/1152 1235/1235/1153
f 479/479/453 1235/1235/1153 1236/1236/1154
f 479/479/453 1236/1236/1154 480/480/454
f 479/479/453 486/486/460 1234/1234/1152
f 1237/1237/1155 1238/1238/1156 1239/1239/1157
f 1237/1237/1155 1239/1239/1157 1126/1126/1058
f 1237/1237/1155 1125/1125/1057 1240/1240/1158
f 1237/1237/1155 1240/1240/1158 1241/1241/1159
f 1237/1237/1155 1126/1126/1058 1125/1125/1057
f 1237/1237/1155 1241/1241/1159 1238/1238/1156
f 1242/1242/1160 1243/1243/1161 1244/1244/1162
f 1242/1242/1160 1245/1245/1163 1246/1246/1164
f 1242/1242/1160 1247/1247/1165 1248/1248/1166
f 1242/1242/1160 1244/1244/1162 1245/1245/1163
f 1249/1249/1167 1250/1250/1168 1251/1251/1169
f 1242/1242/1160 1248/1248/1166 1243/1243/1161
f 909/909/857 779/779/733 910/910/858
f 909/909/857 1252/1252/1170 779/779/733
f 913/913/861 1253/1253/1171 1254/1254/1172
f 913/913/861 912/912/860 1253/1253/1171
f 1255/1255/1173 1256/1256/1174 1257/1257/1173
f 1255/1255/1173 1257/1257/1173 1258/1258/1175
s 0
f 1259/1259/1176 1260/1260/1176 1261/1261/1176
s 1
f 1262/1262/1177 1263/1263/1178 1264/1264/1179
f 1265/1265/1180 1266/1266/1181 1267/1267/1182
f 1262/1262/1177 1264/1264/1179 1268/1268/1183
f 1269/1269/1184 1270/1270/493 1271/1271/493
f 1269/1269/1184 1272/1272/1185 1273/1273/1186
f 1274/1274/1187 1275/1275/1188 1276/1276/1189
f 1269/1269/1184 1271/1271/493 1272/1272/1185
f 1269/1269/1184 1277/1277/1190 1278/1278/1191
f 1269/1269/1184 1273/1273/1186 1277/1277/1190
f 4/4/4 1279/1279/1192 5/5/5
f 4/4/4 1280/1280/1193 1279/1279/1192
f 4/4/4 9/9/7 1281/1281/1194
f 4/4/4 1281/1281/1194 1280/1280/1193
f 208/208/198 1000/1000/939 209/209/199
f 208/208/198 1282/1282/1195 1000/1000/939
f 208/208/198 213/213/203 1283/1283/1196
f 208/208/198 1283/1283/1196 1282/1282/1195
f 1284/1284/1197 1285/1285/1198 1286/1286/1199
f 1284/1284/1197 1287/1287/1200 1288/1288/1201
f 1284/1284/1197 1286/1286/1199 1289/1289/1202
f 1284/1284/1197 1290/1290/1203 1287/1287/1200
f 1284/1284/1197 1289/1289/1202 1290/1290/1203
f 1284/1284/1197 1288/1288/1201 1285/1285/1198
f 1291/1291/1204 1292/1292/1205 1293/1293/1206
f 1291/1291/1204 1294/1294/1207 1295/1295/1208
f 1291/1291/1204 1293/1293/1206 1018/1018/957
f 1291/1291/1204 1295/1295/1208 1296/1296/1209
f 1297/1297/1210 1298/1298/1211 1299/1299/1212
f 1291/1291/1204 1018/1018/957 1294/1294/1207
f 434/434/408 1300/1300/1213 435/435/409
f 1301/1301/1214 1140/1140/1072 1302/1302/1215
f 434/434/408 1303/1303/1216 1300/1300/1213
f 442/442/416 438/438/412 1304/1304/1217
f 1305/1305/1218 577/577/540 579/579/542
f 1305/1305/1218 1306/1306/1219 577/577/540
f 1305/1305/1218 1307/1307/1220 1306/1306/1219
s 0
f 1308/1308/1221 1309/1309/1221 1310/1310/1221
s 1
f 1311/1311/1222 1312/1312/1223 1313/1313/1224
f 1311/1311/1222 1314/1314/1225 1315/1315/1226
f 604/604/564 1316/1316/1227 1317/1317/1228
f 604/604/564 1318/1318/1229 1316/1316/1227
f 1319/1319/1230 1320/1320/1231 1321/1321/1232
f 604/604/564 608/608/568 1318/1318/1229
f 1322/1322/1233 1323/1323/1234 1324/1324/1235
f 1325/1325/1236 614/614/574 1326/1326/1237
f 1322/1322/1233 1327/1327/1238 1328/1328/1239
f 1325/1325/1236 1326/1326/1237 1329/1329/1240
f 1322/1322/1233 1324/1324/1235 1327/1327/1238
f 1325/1325/1236 615/615/575 614/614/574
f 1330/1330/1241 73/73/71 69/69/67
f 1331/1331/1242 1332/1332/1243 1333/1333/1244
f 1334/1334/1245 1335/1335/1246 1336/1336/1247
f 1331/1331/1242 1337/1337/1248 1338/1338/1249
f 1339/1339/838 1340/1340/838 1341/1341/1250
f 1339/1339/838 1342/1342/1251 1340/1340/838
f 1331/1331/1242 1338/1338/1249 1332/1332/1243
s 0
f 1343/1343/1252 1344/1344/1252 1345/1345/1252
s 1
f 1346/1346/1253 498/498/472 1347/1347/1254
f 1346/1346/1253 1348/1348/1255 1349/1349/1256
f 1346/1346/1253 1347/1347/1254 1350/1350/1257
f 1346/1346/1253 1350/1350/1257 1348/1348/1255
f 1346/1346/1253 1351/1351/1258 498/498/472
f 1346/1346/1253 1349/1349/1256 1351/1351/1258
f 1352/1352/1259 1353/1353/1260 1354/1354/1261
f 1352/1352/1259 1355/1355/1262 1356/1356/1263
f 1357/1357/1264 1358/1358/1265 1359/1359/1266
f 1352/1352/1259 1360/1360/1267 1355/1355/1262
f 1352/1352/1259 1354/1354/1261 1360/1360/1267
f 1357/1357/1264 1361/1361/1268 1358/1358/1265
f 1362/1362/1269 1363/1363/1270 517/517/489
f 1364/1364/1271 1365/1365/1272 1366/1366/1273
f 1364/1364/1271 1367/1367/1274 1368/1368/1275
f 1364/1364/1271 1368/1368/1275 1369/1369/1276
f 1364/1364/1271 1369/1369/1276 1365/1365/1272
f 791/791/743 1370/1370/1277 792/792/744
f 130/130/128 1371/1371/1278 636/636/596
f 130/130/128 129/129/127 1371/1371/1278
f 1372/1372/1279 265/265/249 267/267/251
f 1373/1373/1280 1374/1374/1281 1375/1375/1282
f 1372/1372/1279 1376/1376/1283 1377/1377/1284
f 1372/1372/1279 1377/1377/1284 265/265/249
f 1373/1373/1280 1375/1375/1282 1378/1378/1285
f 1379/1379/1286 1380/1380/1287 1381/1381/1288
f 1379/1379/1286 1382/1382/1289 1383/1383/1290
f 1379/1379/1286 1384/1384/1291 1382/1382/1289
f 1379/1379/1286 1383/1383/1290 1380/1380/1287
f 1379/1379/1286 1385/1385/1292 1384/1384/1291
s 0
f 1386/1386/1292 1387/1387/1292 1388/1388/1292
s 1
f 1389/1389/1293 1390/1390/1294 1391/1391/1295
f 1392/1392/1296 1393/1393/1297 1394/1394/1298
f 1392/1392/1296 1395/1395/1299 1396/1396/1300
f 1397/1397/1301 1398/1398/1302 1399/1399/1303
f 1392/1392/1296 1400/1400/1304 1395/1395/1299
f 1392/1392/1296 1396/1396/1300 1393/1393/1297
f 1397/1397/1301 1399/1399/1303 1401/1401/1305
f 1402/1402/1306 1403/1403/1307 1404/1404/1308
f 1402/1402/1306 1404/1404/1308 1405/1405/1309
f 1402/1402/1306 1406/1406/1310 1407/1407/1311
f 1402/1402/1306 1408/1408/1312 1403/1403/1307
f 1409/1409/1313 1410/1410/1314 295/295/277
f 1402/1402/1306 1407/1407/1311 1408/1408/1312
f 1411/1411/1315 572/572/535 1412/1412/1316
f 1411/1411/1315 1413/1413/1317 572/572/535
f 1411/1411/1315 1412/1412/1316 1414/1414/1318
f 1411/1411/1315 1414/1414/1318 1415/1415/1319
f 1411/1411/1315 1416/1416/1320 1413/1413/1317
f 1411/1411/1315 1415/1415/1319 1416/1416/1320
f 1417/1417/1321 1418/1418/1322 954/954/898
f 1417/1417/1321 1419/1419/1323 1420/1420/1324
f 1421/1421/1325 622/622/582 625/625/585
f 1422/1422/1326 1423/1423/1327 1424/1424/1328
f 1421/1421/1325 625/625/585 1425/1425/1329
f 1417/1417/1321 954/954/898 1419/1419/1323
f 714/714/670 1426/1426/1330 1427/1427/1331
f 714/714/670 718/718/674 1426/1426/1330
f 714/714/670 1427/1427/1331 715/715/671
f 1428/1428/1332 1429/1429/1332 1430/1430/1332
f 1431/1431/1333 1432/1432/1334 1433/1433/1335
s 0
f 1434/1434/1336 1435/1435/1336 1436/1436/1336
s 1
f 1431/1431/1333 1433/1433/1335 1437/1437/1337
f 1438/1438/1338 736/736/692 738/738/694
f 1438/1438/1338 738/738/694 1439/1439/1339
f 1438/1438/1338 1440/1440/1340 1441/1441/1341
f 1438/1438/1338 1439/1439/1339 1440/1440/1340
f 1438/1438/1338 1441/1441/1341 736/736/692
f 1442/1442/1342 1443/1443/1343 1444/1444/1344
f 1442/1442/1342 1445/1445/1345 1443/1443/1343
f 1446/1446/1346 1447/1447/1347 1448/1448/1348
f 1449/1449/1349 1450/1450/1350 1451/1451/1351
f 1446/1446/1346 1448/1448/1348 1452/1452/1352
f 1442/1442/1342 1453/1453/1353 1445/1445/1345
f 1454/1454/1354 1455/1455/1355 1456/1456/1354
f 1457/1457/1356 1458/1458/1357 1459/1459/1358
f 1454/1454/1354 1456/1456/1354 1460/1460/1359
s 0
f 1461/1461/1360 1462/1462/1360 1463/1463/1360
s 1
f 1464/1464/1361 1465/1465/1362 1466/1466/1363
f 828/828/780 1467/1467/1364 829/829/781
f 1468/1468/1365 1469/1469/1366 1470/1470/1367
f 1468/1468/1365 1471/1471/1368 1472/1472/1369
f 1468/1468/1365 1473/1473/1370 1471/1471/1368
f 1468/1468/1365 1470/1470/1367 1473/1473/1370
f 1468/1468/1365 1472/1472/1369 1469/1469/1366
f 1474/1474/1371 64/64/62 1475/1475/1372
f 1474/1474/1371 1475/1475/1372 1476/1476/1373
f 1477/1477/1374 1478/1478/1375 1479/1479/1376
f 1480/1480/1377 1481/1481/1378 1482/1482/1379
f 1477/1477/1374 1479/1479/1376 1483/1483/1380
f 1477/1477/1374 1483/1483/1380 1484/1484/1381
f 1480/1480/1377 1482/1482/1379 1485/1485/1382
f 1480/1480/1377 1486/1486/1383 1481/1481/1378
f 1487/1487/1384 377/377/357 1488/1488/1385
f 1487/1487/1384 1489/1489/1386 1490/1490/1387
f 1487/1487/1384 1491/1491/1388 1489/1489/1386
f 1487/1487/1384 1490/1490/1387 377/377/357
f 1487/1487/1384 1488/1488/1385 1491/1491/1388
f 1492/1492/1389 1493/1493/1390 1494/1494/1391
f 257/257/241 387/387/367 258/258/242
f 257/257/241 1495/1495/1392 387/387/367
f 1492/1492/1389 1494/1494/1391 1496/1496/1393
f 540/540/503 1497/1497/1394 1498/1498/1395
f 540/540/503 543/543/506 1497/1497/1394
f 540/540/503 1499/1499/1396 541/541/504
f 540/540/503 1498/1498/1395 1499/1499/1396
f 1500/1500/1397 1368/1368/1275 1501/1501/1398
f 1500/1500/1397 1501/1501/1398 1502/1502/1399
f 1500/1500/1397 1369/1369/1276 1368/1368/1275
f 1503/1503/1400 413/413/393 1504/1504/1401
f 1503/1503/1400 1504/1504/1401 1505/1505/1402
f 1503/1503/1400 1506/1506/1403 413/413/393
f 1507/1507/1404 1508/1508/1405 1266/1266/1181
f 1507/1507/1404 1266/1266/1181 1509/1509/1406
f 1510/1510/1407 1511/1511/1408 1512/1512/1409
f 1510/1510/1407 1513/1513/1410 1511/1511/1408
f 1510/1510/1407 1512/1512/1409 1514/1514/1411
f 1515/1515/1412 1516/1516/1413 1517/1517/1414
f 1515/1515/1412 1518/1518/1415 1519/1519/1416
f 1515/1515/1412 1519/1519/1416 1516/1516/1413
f 856/856/804 861/861/809 1520/1520/1417
f 1521/1521/1418 483/483/457 482/482/456
f 856/856/804 1520/1520/1417 1522/1522/1419
f 856/856/804 1522/1522/1419 1523/1523/1420
f 1524/1524/1421 1150/1150/1082 1525/1525/1422
f 1524/1524/1421 1526/1526/1423 1527/1527/1424
f 1528/1528/1425 1529/1529/1426 1530/1530/1427
f 1524/1524/1421 1527/1527/1424 1151/1151/1083
f 1524/1524/1421 1531/1531/1428 1526/1526/1423
f 1524/1524/1421 1151/1151/1083 1150/1150/1082
f 1532/1532/1429 1533/1533/1430 1534/1534/1431
f 1532/1532/1429 283/283/265 1535/1535/1432
f 1532/1532/1429 1535/1535/1432 1536/1536/1433
f 1532/1532/1429 1536/1536/1433 1537/1537/1434
f 1532/1532/1429 1534/1534/1431 283/283/265
f 1532/1532/1429 1537/1537/1434 1533/1533/1430
f 1538/1538/1435 1539/1539/1436 1540/1540/1437
f 1538/1538/1435 1540/1540/1437 1541/1541/1438
f 1542/1542/1439 1543/1543/1440 1544/1544/1441
f 1542/1542/1439 1545/1545/1442 1546/1546/1443
f 1542/1542/1439 1546/1546/1443 1547/1547/1444
f 1542/1542/1439 1547/1547/1444 1543/1543/1440
f 1548/1548/1445 1549/1549/1446 1550/1550/1447
f 1548/1548/1445 1551/1551/1448 1549/1549/1446
f 1548/1548/1445 1552/1552/1449 1553/1553/1450
f 1548/1548/1445 1550/1550/1447 1552/1552/1449
f 1548/1548/1445 1553/1553/1450 1551/1551/1448
f 1554/1554/1451 1555/1555/1452 1556/1556/1453
f 1554/1554/1451 1557/1557/1454 1555/1555/1452
f 1554/1554/1451 1556/1556/1453 1558/1558/1455
f 1554/1554/1451 1559/1559/223 1560/1560/1456
f 1554/1554/1451 1558/1558/1455 1559/1559/223
f 1554/1554/1451 1560/1560/1456 1557/1557/1454
f 1561/1561/1457 1562/1562/1458 1563/1563/1459
f 1561/1561/1457 1563/1563/1459 1564/1564/1460
f 1565/1565/1461 1566/1566/1462 968/968/910
f 1561/1561/1457 1564/1564/1460 1567/1567/1463
s 0
f 1568/1568/1464 1569/1569/1464 1570/1570/1464
s 1
f 1571/1571/1465 1572/1572/1466 1573/1573/1467
f 1574/1574/1468 1575/1575/1469 1576/1576/1470
f 1571/1571/1465 1573/1573/1467 1577/1577/1471
f 1574/1574/1468 1576/1576/1470 1578/1578/1472
f 1579/1579/1473 1580/1580/1474 302/302/284
f 858/858/806 1581/1581/1475 1582/1582/1476
f 858/858/806 1583/1583/1477 859/859/807
f 858/858/806 1582/1582/1476 1583/1583/1477
f 858/858/806 862/862/810 1581/1581/1475
f 1584/1584/1478 384/384/364 1585/1585/1479
f 1584/1584/1478 1586/1586/1480 1587/1587/1481
f 1584/1584/1478 1585/1585/1479 1588/1588/1482
f 1584/1584/1478 1588/1588/1482 1586/1586/1480
f 1584/1584/1478 1587/1587/1481 384/384/364
f 1589/1589/1483 534/534/497 392/392/372
s 0
f 1590/1590/1484 1591/1591/1484 1592/1592/1484
f 1593/1593/1485 1594/1594/1485 1595/1595/1485
f 1596/1596/1486 1597/1597/1486 1598/1598/1486
s 1
f 1589/1589/1483 392/392/372 1599/1599/1487
f 1589/1589/1483 1600/1600/1488 534/534/497
f 396/396/376 266/266/250 264/264/248
f 396/396/376 1601/1601/1489 266/266/250
f 1197/1197/1123 1198/1198/1124 1602/1602/1490
f 1603/1603/493 1604/1604/1491 1605/1605/1492
f 1197/1197/1123 1606/1606/1493 1607/1607/1494
f 1603/1603/493 1605/1605/1492 1608/1608/1495
f 1197/1197/1123 1607/1607/1494 275/275/259
f 1197/1197/1123 275/275/259 270/270/254
f 1609/1609/1496 1610/1610/1497 1611/1611/1498
f 1609/1609/1496 1612/1612/1499 1400/1400/1304
f 1613/1613/1500 1390/1390/1294 1614/1614/1501
f 1609/1609/1496 1611/1611/1498 1612/1612/1499
f 1613/1613/1500 1614/1614/1501 1615/1615/1502
f 1613/1613/1500 1391/1391/1295 1390/1390/1294
f 1616/1616/1503 1617/1617/1504 1147/1147/1079
f 1618/1618/1505 902/902/850 906/906/854
f 1616/1616/1503 1619/1619/1506 1617/1617/1504
f 1616/1616/1503 1147/1147/1079 1144/1144/1076
f 1616/1616/1503 1620/1620/1507 1619/1619/1506
f 1618/1618/1505 1621/1621/1508 902/902/850
f 1622/1622/1509 1623/1623/1510 1624/1624/1511
f 1625/1625/1512 1626/1626/1513 1627/1627/1514
f 1622/1622/1509 1624/1624/1511 1628/1628/1515
f 1625/1625/1512 1627/1627/1514 1415/1415/1319
f 1622/1622/1509 1629/1629/1516 1623/1623/1510
f 1625/1625/1512 1415/1415/1319 172/172/164
f 1630/1630/1517 1631/1631/1518 1632/1632/1519
f 1630/1630/1517 1633/1633/1520 1634/1634/1521
f 1635/1635/1522 1636/1636/1523 1637/1637/1524
f 1630/1630/1517 1634/1634/1521 1631/1631/1518
f 1638/1638/1525 1639/1639/1525 1640/1640/1526
f 1638/1638/1525 1641/1641/705 1639/1639/1525
f 1642/1642/1527 1643/1643/1528 1644/1644/1529
f 1645/1645/1530 1646/1646/1531 1647/1647/1532
f 1645/1645/1530 1648/1648/1533 1649/1649/1534
f 1645/1645/1530 990/990/931 1646/1646/1531
f 1645/1645/1530 1647/1647/1532 1648/1648/1533
f 1650/1650/1535 1651/1651/1536 994/994/933
f 1652/1652/1537 1653/1653/1538 1654/1654/1539
f 1655/1655/1540 1656/1656/1541 1657/1657/1542
f 1655/1655/1540 1658/1658/1543 1659/1659/1544
f 1655/1655/1540 1657/1657/1542 1658/1658/1543
f 1652/1652/1537 1660/1660/1545 1661/1661/1546
f 1652/1652/1537 1654/1654/1539 1660/1660/1545
f 1662/1662/1547 1663/1663/1548 1664/1664/1549
f 1662/1662/1547 1664/1664/1549 1665/1665/1550
f 1666/1666/1551 1667/1667/1552 1668/1668/1553
f 1666/1666/1551 1668/1668/1553 1669/1669/1554
f 1662/1662/1547 1665/1665/1550 1670/1670/1555
f 1662/1662/1547 1671/1671/1556 1663/1663/1548
f 1672/1672/1557 1673/1673/1558 1674/1674/1559
f 1672/1672/1557 629/629/589 1178/1178/1110
f 1672/1672/1557 1675/1675/1560 1676/1676/1561
f 1672/1672/1557 1674/1674/1559 629/629/589
f 1672/1672/1557 1676/1676/1561 1673/1673/1558
f 1672/1672/1557 1178/1178/1110 1675/1675/1560
f 1677/1677/1562 1678/1678/1563 33/33/31
f 1677/1677/1562 33/33/31 1679/1679/1564
f 1677/1677/1562 1218/1218/1144 1217/1217/1143
f 1677/1677/1562 1217/1217/1143 1680/1680/1565
f 1677/1677/1562 1679/1679/1564 1218/1218/1144
f 1677/1677/1562 1680/1680/1565 1678/1678/1563
f 1681/1681/1566 1682/1682/1567 1683/1683/1568
f 1681/1681/1566 1684/1684/1569 1685/1685/1570
f 1681/1681/1566 1686/1686/1571 1682/1682/1567
f 1681/1681/1566 1683/1683/1568 1684/1684/1569
f 1681/1681/1566 1685/1685/1570 1686/1686/1571
f 1687/1687/1572 1688/1688/1573 1689/1689/1574
f 1687/1687/1572 1689/1689/1574 1690/1690/1575
f 1687/1687/1572 1691/1691/1576 1688/1688/1573
f 1687/1687/1572 1690/1690/1575 1692/1692/1577
f 1687/1687/1572 1692/1692/1577 1693/1693/1578
f 1694/1694/1579 1695/1695/1580 1696/1696/1581
f 1694/1694/1579 1696/1696/1581 1037/1037/976
f 1694/1694/1579 1697/1697/1582 1695/1695/1580
f 522/522/494 529/529/495 1698/1698/1583
f 930/930/878 1699/1699/1584 931/931/879
f 930/930/878 935/935/881 1049/1049/987
f 930/930/878 1048/1048/986 1699/1699/1584
f 930/930/878 1049/1049/987 1048/1048/986
f 1053/1053/991 1700/1700/1585 1701/1701/1586
f 1053/1053/991 1701/1701/1586 1702/1702/1587
f 1053/1053/991 1702/1702/1587 1054/1054/992
f 1053/1053/991 1059/1059/997 1700/1700/1585
f 1424/1424/1328 1703/1703/1588 1704/1704/1589
f 1418/1418/1322 1705/1705/1590 952/952/896
f 1418/1418/1322 952/952/896 954/954/898
f 1424/1424/1328 1423/1423/1327 1703/1703/1588
f 1706/1706/1591 1707/1707/1592 1708/1708/1593
f 1706/1706/1591 1709/1709/1594 1707/1707/1592
f 956/956/900 960/960/904 1710/1710/1595
f 1706/1706/1591 1708/1708/1593 1711/1711/1596
s 0
f 1712/1712/1597 1713/1713/1597 1714/1714/1597
s 1
f 1715/1715/1598 500/500/474 1716/1716/1599
f 1715/1715/1598 1717/1717/1600 1718/1718/1601
f 1715/1715/1598 1716/1716/1599 1719/1719/1602
f 1715/1715/1598 1720/1720/1603 500/500/474
f 1715/1715/1598 1719/1719/1602 1717/1717/1600
f 1353/1353/1260 1721/1721/1604 1354/1354/1261
f 1359/1359/1266 1358/1358/1265 1722/1722/1605
f 1359/1359/1266 1722/1722/1605 1723/1723/1606
f 1353/1353/1260 1724/1724/1607 1721/1721/1604
f 1725/1725/1608 1367/1367/1274 1726/1726/1609
f 1725/1725/1608 1502/1502/1399 1501/1501/1398
f 1725/1725/1608 1501/1501/1398 1367/1367/1274
f 1725/1725/1608 1727/1727/1610 1502/1502/1399
f 1725/1725/1608 1726/1726/1609 1727/1727/1610
f 1728/1728/1611 1729/1729/1612 1730/1730/1613
f 1731/1731/1614 1209/1209/1135 1732/1732/1615
f 1733/1733/1616 1734/1734/1617 1205/1205/1131
f 1731/1731/1614 1732/1732/1615 1735/1735/1618
f 1736/1736/1619 1737/1737/1620 1698/1698/1583
f 1736/1736/1619 1738/1738/1621 1739/1739/1622
f 1736/1736/1619 1740/1740/1623 1737/1737/1620
f 1741/1741/1624 1742/1742/1625 1743/1743/1626
f 1741/1741/1624 1744/1744/1627 1742/1742/1625
f 1728/1728/1611 1745/1745/1628 1746/1746/1629
f 660/660/618 1747/1747/705 661/661/619
f 1731/1731/1614 1748/1748/1630 1209/1209/1135
f 1736/1736/1619 1698/1698/1583 1738/1738/1621
f 1736/1736/1619 1739/1739/1622 1749/1749/1631
f 1728/1728/1611 1730/1730/1613 1745/1745/1628
f 1750/1750/1632 1751/1751/1633 1074/1074/1012
f 1752/1752/1634 1753/1753/1635 1754/1754/1636
f 1752/1752/1634 1755/1755/1637 1756/1756/1638
f 1752/1752/1634 1756/1756/1638 1753/1753/1635
f 1750/1750/1632 1074/1074/1012 767/767/721
f 1750/1750/1632 1757/1757/1639 1751/1751/1633
f 1758/1758/1640 1759/1759/1641 1760/1760/1642
f 1761/1761/1643 1762/1762/1644 1763/1763/1645
f 1758/1758/1640 1760/1760/1642 1764/1764/1646
f 1765/1765/1647 1766/1766/1648 1767/1767/1649
f 1758/1758/1640 1768/1768/1650 1759/1759/1641
f 1765/1765/1647 1767/1767/1649 1769/1769/1651
f 1770/1770/1652 1771/1771/1653 1772/1772/1654
f 1770/1770/1652 1773/1773/1655 1771/1771/1653
f 1770/1770/1652 1772/1772/1654 1774/1774/1656
f 1770/1770/1652 1774/1774/1656 179/179/171
f 1770/1770/1652 179/179/171 178/178/170
f 1770/1770/1652 178/178/170 1773/1773/1655
f 1775/1775/1657 1776/1776/1658 1777/1777/1659
f 1778/1778/1660 1779/1779/1661 1780/1780/1662
f 1775/1775/1657 1781/1781/1663 1776/1776/1658
f 1778/1778/1660 1782/1782/1664 1779/1779/1661
f 1778/1778/1660 1780/1780/1662 1783/1783/1665
f 1784/1784/1666 1785/1785/1667 1786/1786/1668
f 1784/1784/1666 1786/1786/1668 1787/1787/1669
f 1784/1784/1666 1788/1788/1670 1789/1789/1671
f 1784/1784/1666 1789/1789/1671 1433/1433/1335
f 1784/1784/1666 1433/1433/1335 1785/1785/1667
f 1784/1784/1666 1787/1787/1669 1788/1788/1670
f 1790/1790/1672 1791/1791/1673 1792/1792/1674
f 1790/1790/1672 1792/1792/1674 1793/1793/1675
f 1790/1790/1672 1793/1793/1675 1794/1794/1676
f 1790/1790/1672 1795/1795/1677 1791/1791/1673
f 1790/1790/1672 1794/1794/1676 1795/1795/1677
f 1403/1403/1307 1796/1796/1678 1797/1797/1679
f 1403/1403/1307 1408/1408/1312 1798/1798/1680
f 1403/1403/1307 1798/1798/1680 1796/1796/1678
f 1403/1403/1307 1797/1797/1679 1404/1404/1308
f 1799/1799/1681 1800/1800/1682 1801/1801/1683
f 1802/1802/1684 255/255/239 254/254/238
f 1802/1802/1684 1803/1803/1685 597/597/558
f 1802/1802/1684 1804/1804/1686 1805/1805/1687
f 1802/1802/1684 254/254/238 1804/1804/1686
f 1802/1802/1684 597/597/558 255/255/239
f 1806/1806/1688 805/805/757 808/808/760
f 1806/1806/1688 1807/1807/1689 1808/1808/1690
f 1806/1806/1688 1808/1808/1690 805/805/757
f 1806/1806/1688 1809/1809/1691 1807/1807/1689
f 1806/1806/1688 808/808/760 1809/1809/1691
f 1810/1810/1692 1811/1811/1693 1812/1812/1694
f 1813/1813/1695 1814/1814/1696 1815/1815/1697
f 1810/1810/1692 328/328/310 330/330/312
f 1813/1813/1695 1816/1816/1698 1814/1814/1696
f 1813/1813/1695 1815/1815/1697 1817/1817/1699
f 1810/1810/1692 1812/1812/1694 328/328/310
f 1818/1818/1700 1819/1819/1701 1820/1820/1702
f 1818/1818/1700 1821/1821/1703 1822/1822/1704
f 1818/1818/1700 1823/1823/1705 1821/1821/1703
f 1818/1818/1700 1824/1824/1706 1823/1823/1705
f 1818/1818/1700 1822/1822/1704 1819/1819/1701
f 1818/1818/1700 1820/1820/1702 1824/1824/1706
f 958/958/902 151/151/145 154/154/148
f 1825/1825/1707 1826/1826/1708 1827/1827/1709
f 1828/1828/1710 1829/1829/1711 1830/1830/1712
f 1825/1825/1707 355/355/335 1826/1826/1708
f 1825/1825/1707 356/356/336 355/355/335
f 1825/1825/1707 1827/1827/1709 1831/1831/1713
f 1825/1825/1707 1832/1832/1714 356/356/336
f 1833/1833/1715 1834/1834/1716 1835/1835/1717
f 1833/1833/1715 1835/1835/1717 1836/1836/1718
f 1833/1833/1715 1837/1837/838 1834/1834/1716
f 1838/1838/1719 1839/1839/1720 1840/1840/1721
f 367/367/347 1841/1841/1722 1842/1842/1723
f 367/367/347 1843/1843/1724 368/368/348
f 367/367/347 373/373/353 1841/1841/1722
f 367/367/347 1842/1842/1723 1843/1843/1724
f 1844/1844/1725 1845/1845/1726 1846/1846/1727
f 1847/1847/1728 184/184/176 1848/1848/1729
f 1847/1847/1728 1849/1849/1730 1850/1850/1731
f 1847/1847/1728 1851/1851/1732 184/184/176
f 1847/1847/1728 1848/1848/1729 1849/1849/1730
f 1844/1844/1725 1846/1846/1727 1852/1852/1733
f 1853/1853/1734 1854/1854/1735 1855/1855/1736
f 1853/1853/1734 34/34/32 1856/1856/1737
f 1853/1853/1734 1857/1857/1738 1679/1679/1564
f 1853/1853/1734 1856/1856/1737 1854/1854/1735
f 1853/1853/1734 1855/1855/1736 1857/1857/1738
f 1853/1853/1734 1679/1679/1564 34/34/32
f 1858/1858/1739 1859/1859/1740 1860/1860/1741
f 1858/1858/1739 1860/1860/1741 1861/1861/1742
f 1858/1858/1739 1862/1862/1743 1863/1863/1744
f 1858/1858/1739 1863/1863/1744 1859/1859/1740
f 1858/1858/1739 1861/1861/1742 1862/1862/1743
f 72/72/70 71/71/69 1864/1864/1745
f 1114/1114/1048 1865/1865/1746 884/884/832
f 66/66/64 276/276/260 67/67/65
s 0
f 1866/1866/1747 1867/1867/1747 1868/1868/1747
s 1
f 1869/1869/1748 1870/1870/1749 1871/1871/1750
f 1872/1872/1751 1615/1615/1502 1614/1614/1501
f 1873/1873/1752 1874/1874/1753 1875/1875/1754
f 1873/1873/1752 1876/1876/1755 1874/1874/1753
f 1873/1873/1752 1877/1877/1756 1876/1876/1755
f 1872/1872/1751 1878/1878/1757 1615/1615/1502
f 1316/1316/1227 1879/1879/1758 1317/1317/1228
f 1316/1316/1227 1880/1880/1759 1879/1879/1758
f 1316/1316/1227 1881/1881/1760 1880/1880/1759
f 1316/1316/1227 1318/1318/1229 1881/1881/1760
f 1329/1329/1240 1326/1326/1237 1882/1882/1761
f 1323/1323/1234 1883/1883/1762 1324/1324/1235
f 1884/1884/1761 1885/1885/1763 785/785/737
f 1886/1886/1764 508/508/482 1887/1887/1765
f 1886/1886/1764 1112/1112/1046 1111/1111/1045
f 1886/1886/1764 1887/1887/1765 1888/1888/1766
f 1889/1889/1767 1890/1890/1768 1891/1891/1769
f 1889/1889/1767 1892/1892/1770 1890/1890/1768
f 1886/1886/1764 1111/1111/1045 508/508/482
f 110/110/108 1893/1893/1771 111/111/109
f 110/110/108 1894/1894/1772 1893/1893/1771
f 117/117/115 116/116/114 1895/1895/1773
f 117/117/115 1895/1895/1773 1896/1896/1774
f 1897/1897/1775 1898/1898/1492 1899/1899/1776
f 1900/1900/1777 1901/1901/1778 1699/1699/1584
f 1897/1897/1775 1902/1902/1779 1903/1903/1780
f 1897/1897/1775 535/535/498 1904/1904/1781
f 1897/1897/1775 1899/1899/1776 535/535/498
f 1897/1897/1775 1904/1904/1781 1902/1902/1779
s 0
f 1905/1905/1782 1906/1906/1782 1907/1907/1782
s 1
f 1908/1908/1783 1378/1378/1285 1909/1909/1784
s 0
f 1910/1910/1785 1911/1911/1785 1912/1912/1785
s 1
f 1913/1913/1786 1377/1377/1284 1376/1376/1283
s 0
f 1914/1914/1787 1915/1915/1787 1916/1916/1787
s 1
f 1917/1917/1788 1918/1918/705 1919/1919/1789
f 1917/1917/1788 1919/1919/1789 1920/1920/1790
s 0
f 1921/1921/1791 1922/1922/1791 1923/1923/1791
f 1924/1924/1792 1925/1925/1792 1926/1926/1792
s 1
f 1927/1927/1793 1928/1928/1794 1929/1929/1795
f 1927/1927/1793 1930/1930/1796 1931/1931/1797
f 1927/1927/1793 1931/1931/1797 1928/1928/1794
f 1932/1932/1798 1933/1933/1799 1934/1934/1800
f 1935/1935/1801 1936/1936/1802 1937/1937/1803
f 1932/1932/1798 1938/1938/1804 1933/1933/1799
f 1935/1935/1801 1937/1937/1803 1071/1071/1009
f 1932/1932/1798 1934/1934/1800 1939/1939/1805
f 1932/1932/1798 1940/1940/1804 1938/1938/1804
f 291/291/273 1941/1941/1806 1942/1942/1807
f 291/291/273 1942/1942/1807 1943/1943/1808
f 291/291/273 296/296/278 1941/1941/1806
f 291/291/273 1943/1943/1808 292/292/274
f 567/567/530 1944/1944/1809 568/568/531
f 1945/1945/1810 1946/1946/1811 1947/1947/1812
f 567/567/530 911/911/859 1948/1948/1813
f 1949/1949/1814 1950/1950/1815 1951/1951/1816
f 1949/1949/1814 1451/1451/1351 1450/1450/1350
f 1949/1949/1814 1952/1952/1817 1953/1953/1818
f 1949/1949/1814 1951/1951/1816 1451/1451/1351
f 1949/1949/1814 1450/1450/1350 1952/1952/1817
f 1949/1949/1814 1953/1953/1818 1950/1950/1815
f 1954/1954/1819 1955/1955/1820 1956/1956/1821
f 1954/1954/1819 1956/1956/1821 926/926/874
f 1954/1954/1819 926/926/874 928/928/876
f 312/312/294 1957/1957/1822 313/313/295
f 1958/1958/1823 84/84/82 321/321/303
f 1959/1959/1824 1960/1960/1825 1961/1961/1826
f 1962/1962/1827 1963/1963/1828 1964/1964/1829
f 1962/1962/1827 1964/1964/1829 1965/1965/1830
f 1958/1958/1823 321/321/303 1966/1966/1831
f 1958/1958/1823 1966/1966/1831 1967/1967/1832
f 1968/1968/1833 1969/1969/1834 1441/1441/1341
f 1968/1968/1833 1970/1970/1835 1969/1969/1834
f 1968/1968/1833 1971/1971/1836 1970/1970/1835
f 1968/1968/1833 1972/1972/1837 1971/1971/1836
f 1968/1968/1833 1441/1441/1341 1972/1972/1837
f 1973/1973/1838 1445/1445/1345 1974/1974/1839
f 1973/1973/1838 1821/1821/1703 1823/1823/1705
f 1973/1973/1838 1823/1823/1705 1975/1975/1840
f 1973/1973/1838 1976/1976/1841 1821/1821/1703
f 1973/1973/1838 1974/1974/1839 1976/1976/1841
f 1973/1973/1838 1975/1975/1840 1445/1445/1345
f 1673/1673/1558 1977/1977/1842 1674/1674/1559
f 55/55/53 1471/1471/1368 1473/1473/1370
f 55/55/53 769/769/723 1978/1978/1843
f 55/55/53 1978/1978/1843 1471/1471/1368
f 55/55/53 1473/1473/1370 56/56/54
f 55/55/53 59/59/57 769/769/723
f 1979/1979/1844 1980/1980/1844 1981/1981/1845
f 975/975/917 974/974/916 1982/1982/1846
f 657/657/615 656/656/614 1983/1983/1847
f 652/652/610 1984/1984/1848 1985/1985/1849
f 657/657/615 1983/1983/1847 1986/1986/1850
f 652/652/610 1985/1985/1849 653/653/611
f 662/662/620 663/663/621 1987/1987/1851
f 1729/1729/1612 1988/1988/1852 1730/1730/1613
f 1989/1989/1853 1990/1990/1854 1991/1991/1855
f 1989/1989/1853 1992/1992/1856 1993/1993/1857
f 1994/1994/1858 1995/1995/1859 1996/1996/1860
f 1989/1989/1853 1991/1991/1855 1997/1997/1861
f 1994/1994/1858 1101/1101/1035 1998/1998/1862
f 1989/1989/1853 1997/1997/1861 1992/1992/1856
f 1994/1994/1858 1996/1996/1860 1101/1101/1035
f 1299/1299/1212 1999/1999/1863 1110/1110/1044
f 1299/1299/1212 1109/1109/1043 2000/2000/1864
f 1299/1299/1212 1298/1298/1211 1999/1999/1863
f 1299/1299/1212 1110/1110/1044 1109/1109/1043
f 2001/2001/1865 2002/2002/1866 1236/1236/1154
f 2001/2001/1865 2003/2003/1867 2004/2004/1868
f 2005/2005/1869 2006/2006/1870 2007/2007/1871
f 2001/2001/1865 2008/2008/1872 2002/2002/1866
f 2001/2001/1865 1236/1236/1154 2009/2009/1873
f 2001/2001/1865 2009/2009/1873 2003/2003/1867
f 2010/2010/1874 2011/2011/1875 2012/2012/1876
f 2010/2010/1874 2013/2013/1877 2011/2011/1875
f 2010/2010/1874 2012/2012/1876 2014/2014/1878
f 2015/2015/1879 2016/2016/1880 2017/2017/1881
f 2015/2015/1879 2018/2018/1882 2016/2016/1880
f 430/430/404 2019/2019/1883 2020/2020/1884
f 430/430/404 429/429/403 2019/2019/1883
f 437/437/411 440/440/414 2021/2021/1885
f 437/437/411 2021/2021/1885 438/438/412
f 15/15/13 446/446/420 16/16/14
f 15/15/13 710/710/666 2022/2022/1886
f 15/15/13 2022/2022/1886 446/446/420
f 20/20/18 461/461/435 21/21/19
f 20/20/18 2023/2023/1887 461/461/435
f 601/601/561 458/458/432 457/457/431
f 606/606/566 2024/2024/1888 467/467/441
f 606/606/566 609/609/569 2024/2024/1888
f 606/606/566 467/467/441 470/470/444
f 606/606/566 470/470/444 607/607/567
f 731/731/687 2025/2025/1889 2026/2026/1890
f 731/731/687 2027/2027/1891 732/732/688
f 731/731/687 2026/2026/1890 2027/2027/1891
f 731/731/687 739/739/695 2025/2025/1889
f 2028/2028/1892 2029/2029/1893 2030/2030/1894
f 2031/2031/1895 2032/2032/1896 2033/2033/1897
f 2028/2028/1892 2030/2030/1894 2034/2034/1898
f 2035/2035/1899 2036/2036/1900 2037/2037/1901
f 2031/2031/1895 2038/2038/1902 2032/2032/1896
f 2039/2039/1903 1555/1555/1452 2040/2040/1904
f 2039/2039/1903 2040/2040/1904 756/756/712
f 2039/2039/1903 1556/1556/1453 1555/1555/1452
f 2039/2039/1903 756/756/712 2041/2041/1905
f 2039/2039/1903 2041/2041/1905 1556/1556/1453
f 2042/2042/1906 2043/2043/1907 191/191/183
f 2044/2044/1908 2045/2045/1909 2046/2046/1910
f 2044/2044/1908 636/636/596 1371/1371/1278
f 2044/2044/1908 2047/2047/1911 2048/2048/1912
f 2044/2044/1908 1371/1371/1278 2045/2045/1909
f 2044/2044/1908 2048/2048/1912 636/636/596
f 2049/2049/1913 2050/2050/1914 2051/2051/1915
f 2052/2052/1916 2053/2053/1917 2054/2054/1918
f 2055/2055/1919 2056/2056/1920 2057/2057/1921
f 2049/2049/1913 2058/2058/1922 2050/2050/1914
f 2052/2052/1916 2054/2054/1918 2059/2059/1923
f 2060/2060/1924 2061/2061/1925 982/982/924
f 2060/2060/1924 982/982/924 2062/2062/1926
f 2063/2063/1927 2064/2064/1928 2065/2065/1929
f 2063/2063/1927 2065/2065/1929 2066/2066/1930
f 2060/2060/1924 2062/2062/1926 2067/2067/1931
f 2068/2068/1932 2069/2069/1933 2070/2070/1934
f 2071/2071/1935 120/120/118 119/119/117
f 2072/2072/1936 2073/2073/1936 2074/2074/1936
f 2068/2068/1932 2070/2070/1934 2075/2075/1936
f 2071/2071/1935 2076/2076/118 120/120/118
f 2071/2071/1935 119/119/117 2077/2077/1937
f 2078/2078/1938 2079/2079/1939 2080/2080/1940
s 0
f 2081/2081/1941 2082/2082/1941 2083/2083/1941
s 1
f 2084/2084/1942 2085/2085/1943 2086/2086/1944
f 2084/2084/1942 946/946/890 2087/2087/1945
f 2084/2084/1942 2087/2087/1945 2085/2085/1943
f 2084/2084/1942 2088/2088/1946 946/946/890
f 2089/2089/1947 309/309/291 1575/1575/1469
f 302/302/284 1580/1580/1474 303/303/285
f 2090/2090/1948 2091/2091/1949 2092/2092/1950
f 2090/2090/1948 2093/2093/1951 2091/2091/1949
f 2090/2090/1948 2094/2094/1952 2093/2093/1951
f 2090/2090/1948 2092/2092/1950 2095/2095/1953
f 2090/2090/1948 2095/2095/1953 2096/2096/1954
f 2090/2090/1948 2096/2096/1954 2094/2094/1952
f 2097/2097/1955 2098/2098/1956 2099/2099/1957
f 2100/2100/1958 1214/1214/1140 2101/2101/1959
f 2100/2100/1958 2101/2101/1959 2102/2102/1960
f 2100/2100/1958 1215/1215/1141 1214/1214/1140
s 0
f 2103/2103/1961 2104/2104/1961 2105/2105/1961
f 2106/2106/1962 2107/2107/1962 2108/2108/1962
s 1
f 2109/2109/1963 2110/2110/1964 2111/2111/838
f 2109/2109/1963 2112/2112/1965 2110/2110/1964
f 2109/2109/1963 1193/1193/1119 2112/2112/1965
f 2109/2109/1963 2111/2111/838 1194/1194/1120
f 2109/2109/1963 1194/1194/1120 1193/1193/1119
f 2113/2113/1966 2114/2114/1967 2115/2115/1968
f 2116/2116/1969 2117/2117/1970 2118/2118/1971
f 2116/2116/1969 2118/2118/1971 2119/2119/1972
f 2116/2116/1969 2120/2120/1973 2117/2117/1970
f 2113/2113/1966 2121/2121/1974 2114/2114/1967
f 2113/2113/1966 2115/2115/1968 2122/2122/1975
f 2123/2123/1976 2124/2124/1977 2125/2125/1978
f 2126/2126/1979 462/462/436 454/454/428
f 2123/2123/1976 2127/2127/1980 2124/2124/1977
s 0
f 2128/2128/1981 2129/2129/1981 2130/2130/1981
s 1
f 2131/2131/1982 56/56/54 1473/1473/1370
f 2131/2131/1982 2132/2132/1983 2133/2133/1984
f 2131/2131/1982 1473/1473/1370 1470/1470/1367
f 2131/2131/1982 2133/2133/1984 56/56/54
f 2131/2131/1982 1470/1470/1367 2132/2132/1983
f 2134/2134/1571 2135/2135/1985 2136/2136/1986
f 886/886/834 2137/2137/1987 2138/2138/1988
f 886/886/834 2139/2139/1989 2137/2137/1987
f 886/886/834 2138/2138/1988 887/887/835
f 886/886/834 890/890/838 2139/2139/1989
f 2140/2140/1990 1497/1497/1394 2141/2141/1991
f 2140/2140/1990 1776/1776/1658 1497/1497/1394
f 892/892/840 2142/2142/1992 2143/2143/1993
f 892/892/840 897/897/845 2142/2142/1992
f 2144/2144/1994 903/903/851 902/902/850
f 2144/2144/1994 902/902/850 1621/1621/1508
f 2144/2144/1994 2145/2145/1995 2146/2146/1996
f 2144/2144/1994 2147/2147/1997 903/903/851
f 2144/2144/1994 2146/2146/1996 2147/2147/1997
f 2144/2144/1994 1621/1621/1508 2145/2145/1995
f 569/569/532 2148/2148/1998 570/570/533
f 2149/2149/1999 2150/2150/2000 2151/2151/2001
f 2149/2149/1999 573/573/536 2150/2150/2000
f 2152/2152/2002 2153/2153/2003 2154/2154/2004
f 2155/2155/2005 2156/2156/2006 2157/2157/2007
f 2155/2155/2005 2158/2158/2008 2159/2159/2009
f 2155/2155/2005 2157/2157/2007 2158/2158/2008
s 0
f 2160/2160/2010 2161/2161/2010 2162/2162/2010
s 1
f 2163/2163/2011 2164/2164/2012 2165/2165/2013
f 2166/2166/2014 2167/2167/2014 2168/2168/2014
f 2169/2169/2015 2170/2170/2016 2171/2171/2017
s 0
f 2172/2172/1846 2173/2173/1846 2174/2174/1846
s 1
f 2175/2175/2018 2176/2176/2019 2177/2177/2020
f 2175/2175/2018 2177/2177/2020 2178/2178/2021
f 2175/2175/2018 2179/2179/2022 2176/2176/2019
f 2175/2175/2018 2178/2178/2021 2180/2180/2023
f 2175/2175/2018 2180/2180/2023 2179/2179/2022
f 2181/2181/2024 2182/2182/1037 2183/2183/1037
f 2181/2181/2024 742/742/698 1335/1335/1246
f 2181/2181/2024 2183/2183/1037 2184/2184/2025
f 2181/2181/2024 1335/1335/1246 2182/2182/1037
f 2181/2181/2024 2184/2184/2025 2185/2185/2026
f 2181/2181/2024 2185/2185/2026 742/742/698
f 2186/2186/2027 2187/2187/2028 2188/2188/2029
f 2186/2186/2027 2189/2189/2030 2187/2187/2028
f 965/965/907 653/653/611 1985/1985/1849
f 965/965/907 2190/2190/2031 653/653/611
f 965/965/907 971/971/913 2190/2190/2031
f 965/965/907 1985/1985/1849 966/966/908
f 2191/2191/2032 852/852/800 2192/2192/2033
f 2191/2191/2032 2193/2193/2034 2194/2194/2035
f 2191/2191/2032 2195/2195/2036 852/852/800
f 2191/2191/2032 2194/2194/2035 2195/2195/2036
f 2191/2191/2032 2192/2192/2033 2193/2193/2034
f 2196/2196/2037 2197/2197/2038 2198/2198/2039
f 400/400/380 406/406/386 2199/2199/2040
f 2196/2196/2037 2200/2200/2041 2197/2197/2038
f 2201/2201/2042 1095/1095/1030 2202/2202/2043
f 2201/2201/2042 2203/2203/2044 1095/1095/1030
f 2201/2201/2042 2204/2204/2045 2205/2205/2046
f 2201/2201/2042 2202/2202/2043 2204/2204/2045
f 2201/2201/2042 2205/2205/2046 2203/2203/2044
f 2206/2206/2047 2207/2207/2048 2208/2208/2049
f 1100/1100/1034 2209/2209/1241 666/666/624
f 1100/1100/1034 1103/1103/1037 2210/2210/1037
f 503/503/477 104/104/102 696/696/654
f 503/503/477 510/510/484 2211/2211/2050
f 503/503/477 696/696/654 504/504/478
f 503/503/477 2211/2211/2050 104/104/102
f 2212/2212/2051 685/685/643 2213/2213/2052
f 2214/2214/2053 2215/2215/2054 2216/2216/2055
f 2212/2212/2051 686/686/644 685/685/643
f 2214/2214/2053 2217/2217/2056 2215/2215/2054
f 2212/2212/2051 2213/2213/2052 2218/2218/2057
f 2219/2219/2058 2220/2220/2059 1283/1283/1196
f 2221/2221/2060 2222/2222/2061 2223/2223/2062
f 2221/2221/2060 2224/2224/2063 2225/2225/2064
f 2221/2221/2060 2223/2223/2062 2224/2224/2063
f 2221/2221/2060 2226/2226/2065 2222/2222/2061
f 2221/2221/2060 2225/2225/2064 2226/2226/2065
s 0
f 2227/2227/2066 2228/2228/2066 2229/2229/2066
s 1
f 2230/2230/2067 2231/2231/2068 2232/2232/2069
f 2230/2230/2067 2233/2233/2070 2231/2231/2068
f 2234/2234/2071 2235/2235/2072 2236/2236/2073
f 2234/2234/2071 2236/2236/2073 1138/1138/1070
f 2234/2234/2071 2237/2237/2074 2235/2235/2072
f 2238/2238/2075 563/563/526 2239/2239/2076
f 2238/2238/2075 1244/1244/1162 248/248/232
f 2240/2240/2077 1520/1520/1417 2241/2241/2078
f 2238/2238/2075 2239/2239/2076 1244/1244/1162
f 2240/2240/2077 244/244/228 1520/1520/1417
f 2240/2240/2077 246/246/230 244/244/228
f 2242/2242/2079 924/924/872 2157/2157/2007
f 2243/2243/2080 1152/1152/1084 1154/1154/1086
f 2242/2242/2079 2244/2244/2081 2245/2245/2082
f 2242/2242/2079 2157/2157/2007 2246/2246/2083
f 2242/2242/2079 2245/2245/2082 925/925/873
f 2242/2242/2079 925/925/873 924/924/872
f 805/805/757 1808/1808/1690 2247/2247/2084
f 2248/2248/2085 2249/2249/2086 810/810/762
f 805/805/757 2247/2247/2084 2250/2250/493
f 2251/2251/2087 2252/2252/2088 2253/2253/2089
f 2251/2251/2087 2253/2253/2089 1164/1164/1096
f 2251/2251/2087 1164/1164/1096 1163/1163/1095
f 2254/2254/2090 2255/2255/2091 2256/2256/2092
f 2254/2254/2090 2257/2257/2093 1576/1576/1470
f 2254/2254/2090 2258/2258/2094 2257/2257/2093
f 2254/2254/2090 1575/1575/1469 2255/2255/2091
f 2254/2254/2090 1576/1576/1470 1575/1575/1469
f 2254/2254/2090 2256/2256/2092 2258/2258/2094
f 2259/2259/2095 2260/2260/2096 2261/2261/2097
f 2259/2259/2095 1426/1426/1330 718/718/674
f 2259/2259/2095 718/718/674 2260/2260/2096
f 2259/2259/2095 2261/2261/2097 2262/2262/2098
f 2259/2259/2095 2263/2263/2099 1426/1426/1330
f 2259/2259/2095 2262/2262/2098 2263/2263/2099
f 350/350/330 2264/2264/2100 351/351/331
f 1811/1811/1693 2265/2265/2101 1812/1812/1694
f 360/360/340 2266/2266/2102 361/361/341
f 2267/2267/2103 2268/2268/2104 1840/1840/1721
f 2267/2267/2103 1840/1840/1721 1839/1839/1720
f 2269/2269/2105 2270/2270/2106 2271/2271/2107
f 2272/2272/2108 2273/2273/2109 549/549/512
f 2272/2272/2108 2274/2274/2110 2275/2275/2111
f 2272/2272/2108 549/549/512 551/551/514
f 2272/2272/2108 2275/2275/2111 2276/2276/2112
f 2272/2272/2108 2276/2276/2112 2273/2273/2109
f 2272/2272/2108 551/551/514 2274/2274/2110
f 2277/2277/2113 2278/2278/2114 2279/2279/2115
f 2280/2280/2116 2281/2281/2117 1851/1851/1732
f 2277/2277/2113 1852/1852/1733 2282/2282/2118
f 2280/2280/2116 186/186/178 2281/2281/2117
f 2277/2277/2113 2282/2282/2118 2278/2278/2114
f 2283/2283/2119 2284/2284/2120 2285/2285/2121
f 2283/2283/2119 641/641/599 2286/2286/2122
f 2283/2283/2119 642/642/600 641/641/599
f 2283/2283/2119 2287/2287/2123 2284/2284/2120
f 2283/2283/2119 2285/2285/2121 642/642/600
f 2283/2283/2119 2286/2286/2122 2287/2287/2123
f 2288/2288/2124 2289/2289/2125 2290/2290/2126
f 2288/2288/2124 2290/2290/2126 2057/2057/1921
f 2288/2288/2124 1476/1476/1373 1475/1475/1372
f 2288/2288/2124 1475/1475/1372 2289/2289/2125
f 2288/2288/2124 2056/2056/1920 1476/1476/1373
f 2288/2288/2124 2057/2057/1921 2056/2056/1920
f 68/68/66 2291/2291/2127 69/69/67
f 68/68/66 272/272/256 2291/2291/2127
f 68/68/66 67/67/65 272/272/256
s 0
f 2292/2292/2128 2293/2293/2128 2294/2294/2128
s 1
f 2295/2295/2129 2296/2296/2130 755/755/711
f 2297/2297/2131 2298/2298/2132 2299/2299/2133
f 2297/2297/2131 753/753/709 2300/2300/2134
f 2297/2297/2131 2300/2300/2134 2301/2301/2135
f 2297/2297/2131 2301/2301/2135 2298/2298/2132
f 2302/2302/2136 2303/2303/2137 2304/2304/2138
f 2302/2302/2136 2304/2304/2138 2305/2305/2139
f 2302/2302/2136 2306/2306/2140 2303/2303/2137
s 0
f 2307/2307/223 2308/2308/223 2309/2309/223
s 1
f 2148/2148/1998 1253/1253/1171 912/912/860
f 2148/2148/1998 912/912/860 570/570/533
f 915/915/863 2310/2310/2141 2311/2311/2142
f 915/915/863 2312/2312/2143 916/916/864
f 915/915/863 922/922/870 2310/2310/2141
f 915/915/863 2311/2311/2142 2312/2312/2143
f 1955/1955/1820 2313/2313/2144 2314/2314/2145
f 1955/1955/1820 2314/2314/2145 1956/1956/1821
f 314/314/296 319/319/301 2315/2315/2146
f 611/611/571 1168/1168/1100 2316/2316/2147
f 618/618/578 617/617/577 2317/2317/2148
s 0
f 2318/2318/2149 2319/2319/2149 2320/2320/2149
s 1
f 611/611/571 2316/2316/2147 612/612/572
s 0
f 2321/2321/2150 2322/2322/2150 2323/2323/2150
f 2324/2324/2151 2325/2325/2151 2326/2326/2151
s 1
f 2327/2327/2152 2328/2328/2153 2329/2329/2154
f 2327/2327/2152 2330/2330/2155 2328/2328/2153
f 2331/2331/2156 2332/2332/2157 2333/2333/2158
f 2334/2334/2159 2335/2335/2160 2336/2336/2161
f 2331/2331/2156 2337/2337/2162 2338/2338/2163
f 2331/2331/2156 2333/2333/2158 2337/2337/2162
f 2331/2331/2156 2339/2339/2164 2332/2332/2157
f 2340/2340/2165 2341/2341/2166 372/372/352
f 2340/2340/2165 2342/2342/2167 2341/2341/2166
f 2340/2340/2165 2343/2343/2168 2342/2342/2167
f 2340/2340/2165 2344/2344/2169 2343/2343/2168
f 2340/2340/2165 2345/2345/2170 2344/2344/2169
f 2340/2340/2165 372/372/352 2345/2345/2170
s 0
f 2346/2346/2171 2347/2347/2171 2348/2348/2171
s 1
f 1443/1443/1343 1445/1445/1345 1975/1975/1840
f 2349/2349/2172 2350/2350/2173 1450/1450/1350
f 1443/1443/1343 1975/1975/1840 2351/2351/2174
f 2352/2352/2175 2353/2353/2176 2354/2354/2177
f 2352/2352/2175 2355/2355/2178 2353/2353/2176
f 2352/2352/2175 2356/2356/2179 2115/2115/1968
f 2352/2352/2175 2354/2354/2177 2356/2356/2179
f 2352/2352/2175 2115/2115/1968 2355/2355/2178
f 2357/2357/2180 2358/2358/2181 2124/2124/1977
f 2357/2357/2180 2124/2124/1977 2127/2127/1980
f 1933/1933/1799 2359/2359/2182 1934/1934/1800
f 1933/1933/1799 1207/1207/1133 2359/2359/2182
f 2360/2360/2183 198/198/188 2361/2361/2184
f 2362/2362/2185 2363/2363/2186 2364/2364/2187
f 2360/2360/2183 2365/2365/2188 199/199/189
f 2360/2360/2183 199/199/189 198/198/188
f 2366/2366/2189 211/211/201 2367/2367/2190
f 2366/2366/2189 2368/2368/2191 2369/2369/2192
f 2366/2366/2189 2370/2370/2193 211/211/201
f 2371/2371/2194 2372/2372/2195 2373/2373/2196
f 2371/2371/2194 214/214/204 2372/2372/2195
f 2366/2366/2189 2369/2369/2192 2370/2370/2193
f 2374/2374/2197 2375/2375/2198 2376/2376/2199
f 2374/2374/2197 2376/2376/2199 2377/2377/2200
f 2374/2374/2197 222/222/212 2378/2378/2201
f 2374/2374/2197 2378/2378/2201 2375/2375/2198
f 2374/2374/2197 223/223/213 222/222/212
f 2374/2374/2197 2377/2377/2200 223/223/213
f 2379/2379/2202 729/729/685 2380/2380/2203
f 2379/2379/2202 2381/2381/2204 2382/2382/2205
f 2379/2379/2202 2380/2380/2203 2383/2383/2206
f 2379/2379/2202 2382/2382/2205 729/729/685
f 2384/2384/2207 2385/2385/2208 2386/2386/2209
f 2384/2384/2207 2386/2386/2209 2387/2387/2210
f 2388/2388/2211 440/440/414 441/441/415
f 2389/2389/2212 1795/1795/1677 1794/1794/1676
f 2388/2388/2211 2390/2390/2213 2391/2391/2214
f 2389/2389/2212 2392/2392/2215 1795/1795/1677
f 2388/2388/2211 2391/2391/2214 440/440/414
f 1026/1026/965 2393/2393/2216 1407/1407/1311
f 1026/1026/965 1031/1031/970 2393/2393/2216
f 1026/1026/965 1407/1407/1311 1027/1027/966
f 2394/2394/2217 2395/2395/2218 2396/2396/2219
f 2394/2394/2217 2396/2396/2219 2397/2397/2220
f 2398/2398/2221 2399/2399/2222 2400/2400/2223
f 2401/2401/2224 1804/1804/1686 254/254/238
f 2394/2394/2217 2402/2402/2225 2395/2395/2218
f 2401/2401/2224 2403/2403/2226 1804/1804/1686
f 534/534/497 1600/1600/1488 1904/1904/1781
f 534/534/497 538/538/501 392/392/372
f 534/534/497 1904/1904/1781 535/535/498
f 541/541/504 2404/2404/2227 542/542/505
f 541/541/504 1499/1499/1396 1375/1375/1282
f 541/541/504 1375/1375/1282 2404/2404/2227
f 545/545/508 2405/2405/2228 546/546/509
f 545/545/508 2406/2406/2229 2405/2405/2228
f 545/545/508 549/549/512 2407/2407/2230
f 545/545/508 2407/2407/2230 2406/2406/2229
f 553/553/516 2408/2408/2231 554/554/517
f 553/553/516 2011/2011/1875 2408/2408/2231
f 553/553/516 555/555/518 2012/2012/1876
f 553/553/516 2012/2012/1876 2011/2011/1875
f 2409/2409/2232 1245/1245/1163 2239/2239/2076
f 2410/2410/2233 2411/2411/2234 2412/2412/2235
f 2410/2410/2233 2412/2412/2235 2413/2413/2236
f 2409/2409/2232 2414/2414/2237 1245/1245/1163
f 2409/2409/2232 2239/2239/2076 560/560/523
f 2409/2409/2232 560/560/523 2415/2415/2238
f 1791/1791/1673 1795/1795/1677 2416/2416/2239
f 1791/1791/1673 2416/2416/2239 2417/2417/2240
f 1791/1791/1673 2417/2417/2240 1792/1792/1674
f 506/506/480 2418/2418/2241 507/507/481
f 506/506/480 1952/1952/1817 2350/2350/2173
f 506/506/480 2350/2350/2173 2418/2418/2241
f 506/506/480 511/511/485 1952/1952/1817
f 1646/1646/1531 2419/2419/2242 2420/2420/2243
f 1646/1646/1531 989/989/930 2419/2419/2242
f 1646/1646/1531 2420/2420/2243 1647/1647/1532
f 1646/1646/1531 990/990/931 989/989/930
f 2421/2421/2244 2422/2422/2245 2423/2423/2246
f 2424/2424/2247 2425/2425/2248 2426/2426/2249
f 2424/2424/2247 2426/2426/2249 2427/2427/2250
f 2424/2424/2247 2428/2428/1245 2425/2425/2248
f 2421/2421/2244 2423/2423/2246 2429/2429/1037
f 326/326/308 2430/2430/2251 2431/2431/2252
f 326/326/308 2431/2431/2252 2432/2432/2253
f 326/326/308 2432/2432/2253 327/327/309
f 2433/2433/2254 1234/1234/1152 486/486/460
f 2433/2433/2254 2434/2434/2255 2435/2435/2256
f 2433/2433/2254 2435/2435/2256 2436/2436/2257
f 2433/2433/2254 2437/2437/2258 1234/1234/1152
f 2433/2433/2254 2436/2436/2257 2437/2437/2258
f 2433/2433/2254 486/486/460 2434/2434/2255
f 2438/2438/2259 2439/2439/2260 2440/2440/2261
f 2438/2438/2259 2440/2440/2261 2441/2441/2262
f 2438/2438/2259 2442/2442/2263 2439/2439/2260
f 2438/2438/2259 631/631/591 2442/2442/2263
f 2438/2438/2259 2441/2441/2262 631/631/591
s 0
f 2443/2443/2264 2444/2444/2264 2445/2445/2264
s 1
f 31/31/29 33/33/31 1678/1678/1563
f 2446/2446/2265 1660/1660/1545 1654/1654/1539
f 2446/2446/2265 1654/1654/1539 2189/2189/2030
f 2447/2447/2266 2448/2448/2267 2449/2449/2268
f 2447/2447/2266 2449/2449/2268 881/881/829
f 2450/2450/2269 2451/2451/2270 2452/2452/2271
f 2453/2453/2272 2454/2454/2273 2455/2455/2274
f 2450/2450/2269 2456/2456/2275 2451/2451/2270
f 2447/2447/2266 881/881/829 879/879/827
f 1688/1688/1573 1691/1691/1576 2457/2457/2276
f 1688/1688/1573 2457/2457/2276 2458/2458/2277
f 1688/1688/1573 2458/2458/2277 1689/1689/1574
f 48/48/46 1491/1491/1388 1488/1488/1385
f 48/48/46 1488/1488/1385 49/49/47
f 1990/1990/1854 2459/2459/2278 1991/1991/1855
f 1998/1998/1862 1101/1101/1035 669/669/627
f 1998/1998/1862 669/669/627 2460/2460/2279
f 1990/1990/1854 2461/2461/2280 2459/2459/2278
f 680/680/638 2462/2462/2281 2463/2463/2282
f 680/680/638 2464/2464/2283 2465/2465/2284
f 680/680/638 2463/2463/2282 2464/2464/2283
f 680/680/638 679/679/637 2462/2462/2281
f 682/682/640 2466/2466/2285 2467/2467/2286
f 682/682/640 2468/2468/2287 2469/2469/2288
f 682/682/640 690/690/648 2468/2468/2287
f 682/682/640 2467/2467/2286 683/683/641
f 682/682/640 2470/2470/2289 2466/2466/2285
f 682/682/640 2469/2469/2288 2470/2470/2289
f 2471/2471/2290 2472/2472/2291 1290/1290/1203
f 2471/2471/2290 1290/1290/1203 1289/1289/1202
f 2471/2471/2290 2473/2473/2292 2472/2472/2291
f 2474/2474/2293 2475/2475/2294 2476/2476/2295
f 2474/2474/2293 2476/2476/2295 1266/1266/1181
f 2303/2303/2137 2477/2477/2296 2304/2304/2138
f 2478/2478/2297 2479/2479/2298 2480/2480/2298
f 2481/2481/2299 2482/2482/2300 2483/2483/2301
f 2481/2481/2299 2484/2484/838 2482/2482/2300
f 1623/1623/1510 1629/1629/1516 2485/2485/2302
f 2486/2486/493 2487/2487/2303 2488/2488/2304
f 2489/2489/2305 1608/1608/1495 2490/2490/2306
f 2489/2489/2305 2491/2491/2307 1608/1608/1495
f 453/453/427 593/593/554 1801/1801/1683
f 453/453/427 455/455/429 593/593/554
f 453/453/427 1801/1801/1683 2492/2492/2308
f 453/453/427 2492/2492/2308 454/454/428
f 2493/2493/2309 2494/2494/2310 2495/2495/2311
f 2493/2493/2309 2495/2495/2311 2496/2496/2312
f 2497/2497/2313 2498/2498/2314 1016/1016/955
f 2493/2493/2309 2496/2496/2312 2499/2499/2315
f 2493/2493/2309 2500/2500/2316 2494/2494/2310
f 2497/2497/2313 1016/1016/955 2501/2501/2317
f 474/474/448 2502/2502/2318 2503/2503/2319
f 474/474/448 2503/2503/2319 475/475/449
f 474/474/448 477/477/451 2502/2502/2318
f 2504/2504/2320 2505/2505/2321 2506/2506/2322
f 2507/2507/2323 2508/2508/2324 2509/2509/2325
f 2507/2507/2323 2509/2509/2325 1976/1976/1841
f 2504/2504/2320 1060/1060/998 2510/2510/2326
f 2507/2507/2323 1976/1976/1841 2511/2511/2327
f 2504/2504/2320 2506/2506/2322 1060/1060/998
f 1870/1870/1749 2332/2332/2157 1871/1871/1750
f 2512/2512/2328 2513/2513/2329 2514/2514/2330
f 2512/2512/2328 2514/2514/2330 2515/2515/2331
f 1870/1870/1749 2333/2333/2158 2332/2332/2157
f 1751/1751/1633 2516/2516/2332 1564/1564/1460
f 1751/1751/1633 2517/2517/2333 2518/2518/2334
f 1751/1751/1633 1757/1757/1639 2516/2516/2332
f 1751/1751/1633 1564/1564/1460 2517/2517/2333
f 1751/1751/1633 2518/2518/2334 1074/1074/1012
f 2519/2519/2335 304/304/286 2520/2520/2336
f 2519/2519/2335 2310/2310/2141 2521/2521/2337
f 2519/2519/2335 2521/2521/2337 305/305/287
f 2519/2519/2335 2522/2522/2338 2310/2310/2141
f 2519/2519/2335 305/305/287 304/304/286
f 2519/2519/2335 2520/2520/2336 2522/2522/2338
f 2523/2523/2339 2524/2524/2340 1660/1660/1545
s 0
f 2525/2525/2341 2526/2526/2341 2527/2527/2341
s 1
f 2528/2528/2342 2529/2529/2343 2530/2530/2344
f 2528/2528/2342 796/796/748 1588/1588/1482
f 2528/2528/2342 2531/2531/2345 796/796/748
f 2528/2528/2342 1585/1585/1479 2529/2529/2343
f 2528/2528/2342 1588/1588/1482 1585/1585/1479
f 2528/2528/2342 2530/2530/2344 2531/2531/2345
f 2079/2079/1939 2532/2532/2346 2533/2533/2347
f 2534/2534/2348 2535/2535/2349 2536/2536/2350
f 2079/2079/1939 2533/2533/2347 2537/2537/2351
f 2079/2079/1939 2537/2537/2351 2080/2080/1940
f 2538/2538/2352 2539/2539/2353 2540/2540/2354
f 2541/2541/2355 1774/1774/1656 2542/2542/2356
f 2541/2541/2355 179/179/171 1774/1774/1656
f 2541/2541/2355 2543/2543/2357 180/180/172
f 2538/2538/2352 2540/2540/2354 1090/1090/1025
f 2541/2541/2355 2544/2544/2358 2543/2543/2357
f 2538/2538/2352 1090/1090/1025 1089/1089/1024
f 2541/2541/2355 180/180/172 179/179/171
f 182/182/174 2545/2545/2359 2546/2546/2360
f 182/182/174 2546/2546/2360 183/183/175
f 182/182/174 186/186/178 2547/2547/2361
f 182/182/174 2547/2547/2361 2545/2545/2359
s 0
f 2548/2548/2362 2549/2549/2362 2550/2550/2362
s 1
f 2551/2551/2363 471/471/445 468/468/442
f 2551/2551/2363 2552/2552/2364 2553/2553/2365
f 2551/2551/2363 90/90/88 1964/1964/1829
f 2551/2551/2363 1964/1964/1829 2552/2552/2364
f 2551/2551/2363 468/468/442 90/90/88
f 1516/1516/1413 2554/2554/2366 1517/1517/1414
f 1516/1516/1413 2555/2555/2367 2554/2554/2366
f 1516/1516/1413 2391/2391/2214 2555/2555/2367
f 1516/1516/1413 1519/1519/1416 2391/2391/2214
f 2393/2393/2216 1031/1031/970 2556/2556/2368
f 2393/2393/2216 2556/2556/2368 2557/2557/2369
f 2393/2393/2216 1408/1408/1312 1407/1407/1311
f 2393/2393/2216 451/451/425 1408/1408/1312
f 2393/2393/2216 2557/2557/2369 451/451/425
f 2558/2558/2370 2559/2559/2371 2560/2560/2372
s 0
f 2561/2561/2373 2562/2562/2373 2563/2563/2373
s 1
f 1800/1800/1682 2492/2492/2308 1801/1801/1683
f 1800/1800/1682 2564/2564/2374 2492/2492/2308
f 872/872/820 2565/2565/2375 2566/2566/2376
f 864/864/812 2567/2567/2377 865/865/813
f 872/872/820 870/870/818 472/472/446
f 872/872/820 472/472/446 465/465/439
f 872/872/820 465/465/439 2565/2565/2375
f 2568/2568/2378 2569/2569/2379 1225/1225/1148
f 2570/2570/2380 2571/2571/2381 2572/2572/2382
f 2570/2570/2380 2572/2572/2382 2573/2573/2383
f 2570/2570/2380 2573/2573/2383 2574/2574/2384
f 2570/2570/2380 2574/2574/2384 2575/2575/2385
f 2570/2570/2380 2576/2576/927 2571/2571/2381
f 1076/1076/1014 2577/2577/2386 1077/1077/1015
f 2578/2578/2387 2579/2579/2388 2580/2580/2389
f 2578/2578/2387 2581/2581/2390 2439/2439/2260
f 2578/2578/2387 2439/2439/2260 2442/2442/2263
f 2578/2578/2387 2442/2442/2263 2579/2579/2388
f 2578/2578/2387 2582/2582/2391 2581/2581/2390
f 2578/2578/2387 2580/2580/2389 2582/2582/2391
f 968/968/910 2583/2583/2392 2584/2584/2393
f 968/968/910 1566/1566/1462 2583/2583/2392
f 968/968/910 2584/2584/2393 969/969/911
f 2585/2585/2394 2586/2586/2395 2587/2587/2396
f 2588/2588/2397 2589/2589/2398 2590/2590/2399
f 2591/2591/2400 2592/2592/2401 2593/2593/2402
f 2591/2591/2400 2594/2594/2403 2592/2592/2401
f 2585/2585/2394 2587/2587/2396 2595/2595/2404
s 0
f 2596/2596/2405 2597/2597/2405 2598/2598/2405
s 1
f 1363/1363/1270 2599/2599/2406 2600/2600/2407
f 1363/1363/1270 2600/2600/2407 517/517/489
f 1276/1276/1189 1275/1275/1188 2601/2601/2408
s 0
f 525/525/493 2602/2602/493 526/526/493
s 1
f 2603/2603/2409 2604/2604/2410 2605/2605/2411
f 1854/1854/1735 2606/2606/2412 1855/1855/1736
f 1854/1854/1735 1856/1856/1737 2607/2607/2413
f 1854/1854/1735 2607/2607/2413 2608/2608/2414
f 262/262/246 265/265/249 1377/1377/1284
f 262/262/246 1377/1377/1284 2609/2609/2415
f 262/262/246 2609/2609/2415 263/263/247
f 71/71/69 2610/2610/2416 2611/2611/2417
f 71/71/69 2611/2611/2417 2612/2612/2418
f 71/71/69 2612/2612/2418 1864/1864/1745
f 1610/1610/1497 2613/2613/2419 1611/1611/1498
f 2614/2614/2420 2615/2615/2420 2616/2616/2420
f 1029/1029/968 293/293/275 2617/2617/2421
f 1029/1029/968 2618/2618/2422 1030/1030/969
f 1029/1029/968 2617/2617/2421 2618/2618/2422
f 1628/1628/1515 1624/1624/1511 2619/2619/2423
f 1626/1626/1513 2150/2150/2000 1627/1627/1514
f 1626/1626/1513 2620/2620/2424 2150/2150/2000
f 403/403/383 2621/2621/2425 404/404/384
f 403/403/383 916/916/864 2621/2621/2425
f 2622/2622/2426 2623/2623/2427 316/316/298
f 2622/2622/2426 2092/2092/1950 2623/2623/2427
f 2622/2622/2426 2095/2095/1953 2092/2092/1950
f 2622/2622/2426 316/316/298 318/318/300
f 2622/2622/2426 318/318/300 2095/2095/1953
f 2207/2207/2048 2624/2624/1037 2625/2625/2428
f 2207/2207/2048 2626/2626/1037 2624/2624/1037
f 2207/2207/2048 2625/2625/2428 2208/2208/2049
f 978/978/920 2627/2627/2429 2628/2628/2430
f 978/978/920 2629/2629/2431 979/979/921
f 978/978/920 2628/2628/2430 2629/2629/2431
f 978/978/920 983/983/925 2627/2627/2429
f 2511/2511/2327 1976/1976/1841 1974/1974/1839
f 2505/2505/2321 147/147/141 2506/2506/2322
f 2511/2511/2327 1974/1974/1839 2630/2630/2432
f 2511/2511/2327 2630/2630/2432 2631/2631/2433
f 2632/2632/2434 1555/1555/1452 1557/1557/1454
f 2632/2632/2434 1557/1557/1454 2633/2633/223
f 2632/2632/2434 757/757/713 2040/2040/1904
f 2634/2634/2435 2635/2635/2436 2636/2636/2437
f 2632/2632/2434 2040/2040/1904 1555/1555/1452
f 2634/2634/2435 2636/2636/2437 2637/2637/2438
f 1469/1469/1366 2638/2638/2439 1470/1470/1367
f 2639/2639/2440 2065/2065/1929 2640/2640/2441
f 2641/2641/2442 2642/2642/2443 357/357/337
f 2643/2643/2444 362/362/342 361/361/341
f 2644/2644/2445 2112/2112/1965 1195/1195/1121
f 2645/2645/2446 2271/2271/2107 2646/2646/2447
f 2644/2644/2445 2647/2647/2448 2112/2112/1965
f 2648/2648/2449 2592/2592/2401 2594/2594/2403
f 2649/2649/2450 1230/1230/1151 2650/2650/2451
f 2643/2643/2444 361/361/341 2266/2266/2102
f 2651/2651/2452 2652/2652/2453 2653/2653/2454
f 2645/2645/2446 2646/2646/2447 2654/2654/2455
f 2655/2655/2456 2656/2656/2457 2657/2657/2458
f 2655/2655/2456 2657/2657/2458 1583/1583/1477
f 2655/2655/2456 1583/1583/1477 1582/1582/1476
f 2655/2655/2456 2658/2658/2459 2656/2656/2457
f 2655/2655/2456 1582/1582/1476 2659/2659/2460
f 2655/2655/2456 2659/2659/2460 2658/2658/2459
f 377/377/357 379/379/359 2660/2660/2461
f 2661/2661/2462 2662/2662/2463 383/383/363
f 377/377/357 2660/2660/2461 1488/1488/1385
s 0
f 2663/2663/2464 2664/2664/2464 2665/2665/2464
s 1
f 2666/2666/2465 2667/2667/2465 2668/2668/2465
s 0
f 2669/2669/2466 2670/2670/2466 2671/2671/2466
s 1
f 1054/1054/992 2672/2672/2467 1055/1055/993
f 1054/1054/992 2673/2673/2468 2672/2672/2467
f 1054/1054/992 1702/1702/1587 2673/2673/2468
f 2510/2510/2326 2674/2674/2469 2675/2675/2470
f 2510/2510/2326 1060/1060/998 1061/1061/999
f 2510/2510/2326 1061/1061/999 2674/2674/2469
f 2510/2510/2326 2675/2675/2470 2676/2676/2471
f 2677/2677/2472 2678/2678/2473 2679/2679/2474
f 2677/2677/2472 2517/2517/2333 2678/2678/2473
f 2677/2677/2472 162/162/156 2518/2518/2334
f 2677/2677/2472 2680/2680/2475 162/162/156
f 2677/2677/2472 2679/2679/2474 2680/2680/2475
f 2677/2677/2472 2518/2518/2334 2517/2517/2333
f 2681/2681/2476 2682/2682/2477 2683/2683/2478
f 2681/2681/2476 2684/2684/2479 2685/2685/2480
f 2686/2686/2481 1947/1947/1812 2687/2687/2482
f 2688/2688/2483 1412/1412/1316 575/575/538
f 2681/2681/2476 2683/2683/2478 2194/2194/2035
f 2686/2686/2481 2689/2689/1809 1947/1947/1812
f 2681/2681/2476 2194/2194/2035 2684/2684/2479
f 1000/1000/939 1282/1282/1195 2690/2690/2484
f 2691/2691/2485 2692/2692/2486 1003/1003/942
f 2472/2472/2291 2546/2546/2360 1290/1290/1203
f 2472/2472/2291 1848/1848/1729 183/183/175
f 2472/2472/2291 183/183/175 2546/2546/2360
f 2472/2472/2291 2473/2473/2292 1848/1848/1729
f 2604/2604/2410 2693/2693/2487 2694/2694/2488
f 2604/2604/2410 2695/2695/2489 2605/2605/2411
f 2604/2604/2410 2694/2694/2488 2695/2695/2489
f 2604/2604/2410 2696/2696/2490 2693/2693/2487
f 2697/2697/2491 1859/1859/1740 1863/1863/1744
f 2698/2698/2492 2699/2699/2493 2700/2700/2494
f 2701/2701/2495 2702/2702/2496 2703/2703/2497
f 2697/2697/2491 2704/2704/2498 1859/1859/1740
f 2698/2698/2492 2705/2705/2499 2699/2699/2493
f 2698/2698/2492 2706/2706/2500 2705/2705/2499
f 2707/2707/2501 2708/2708/2502 216/216/206
f 2707/2707/2501 2709/2709/2503 2710/2710/2504
f 2707/2707/2501 216/216/206 212/212/202
f 2707/2707/2501 2711/2711/2505 2709/2709/2503
f 2707/2707/2501 212/212/202 2711/2711/2505
f 2707/2707/2501 2710/2710/2504 2708/2708/2502
f 2712/2712/2506 2713/2713/705 2714/2714/2507
f 2715/2715/2508 2222/2222/2061 2226/2226/2065
f 2715/2715/2508 2716/2716/2509 2222/2222/2061
f 76/76/74 2717/2717/2510 77/77/75
f 2718/2718/2511 2719/2719/2512 2720/2720/2513
s 0
f 2721/2721/2514 2722/2722/2514 2723/2723/2514
s 1
f 2712/2712/2506 2714/2714/2507 2724/2724/2515
s 0
f 2725/2725/2516 2726/2726/2517 2727/2727/2517
f 2725/2725/2518 2727/2727/2518 2728/2728/2519
s 1
f 1129/1129/1061 866/866/814 2729/2729/2520
f 1129/1129/1061 867/867/815 866/866/814
f 1129/1129/1061 2729/2729/2520 1130/1130/1062
f 1129/1129/1061 2730/2730/2521 867/867/815
f 2731/2731/2522 2732/2732/2523 2733/2733/2524
f 2731/2731/2522 2734/2734/2525 2735/2735/2149
f 2736/2736/2526 2737/2737/2527 2738/2738/2528
f 2731/2731/2522 2735/2735/2149 2732/2732/2523
f 2739/2739/2529 2740/2740/2530 2741/2741/2531
f 2736/2736/2526 2738/2738/2528 2742/2742/2532
s 0
f 2743/2743/2533 2744/2744/2533 2745/2745/2533
s 1
f 2746/2746/2534 2022/2022/1886 2747/2747/2535
f 1796/1796/1678 2748/2748/2536 1797/1797/1679
f 2746/2746/2534 2749/2749/2537 2022/2022/1886
f 2746/2746/2534 2747/2747/2535 2750/2750/2538
f 1150/1150/1082 2751/2751/2539 1525/1525/1422
f 1150/1150/1082 1155/1155/1087 2751/2751/2539
f 1807/1807/1689 1809/1809/1691 2752/2752/2540
f 1807/1807/1689 2752/2752/2540 2753/2753/2541
f 1807/1807/1689 2753/2753/2541 2754/2754/2542
f 1807/1807/1689 2754/2754/2542 1808/1808/1690
f 2755/2755/2543 2756/2756/2544 2757/2757/2545
f 2755/2755/2543 2757/2757/2545 2758/2758/2546
f 2755/2755/2543 2759/2759/2547 2756/2756/2544
f 2755/2755/2543 2758/2758/2546 2760/2760/2548
f 2755/2755/2543 2760/2760/2548 2099/2099/1957
f 2755/2755/2543 2099/2099/1957 2759/2759/2547
f 2761/2761/2549 2762/2762/2550 621/621/581
f 2761/2761/2549 1173/1173/1105 1172/1172/1104
f 2761/2761/2549 2435/2435/2256 2763/2763/2551
f 2761/2761/2549 1172/1172/1104 2435/2435/2256
f 2761/2761/2549 2763/2763/2551 2762/2762/2550
f 2761/2761/2549 621/621/581 1173/1173/1105
f 489/489/463 2764/2764/2552 156/156/150
f 489/489/463 2765/2765/2553 2764/2764/2552
f 489/489/463 2766/2766/2554 2765/2765/2553
f 2767/2767/2555 1659/1659/1544 2768/2768/2556
f 2767/2767/2555 2769/2769/2557 2770/2770/2558
f 2187/2187/2028 2189/2189/2030 1654/1654/1539
f 2767/2767/2555 2768/2768/2556 2769/2769/2557
f 2187/2187/2028 1654/1654/1539 1653/1653/1538
f 2771/2771/2559 2772/2772/2560 40/40/38
f 2771/2771/2559 2773/2773/2561 2774/2774/2562
f 2771/2771/2559 40/40/38 2773/2773/2561
f 2455/2455/2274 2454/2454/2273 2775/2775/2563
f 1929/1929/1795 2776/2776/2564 2777/2777/2565
f 1929/1929/1795 1928/1928/1794 2776/2776/2564
f 1845/1845/1726 52/52/50 1846/1846/1727
f 2778/2778/2566 2779/2779/2567 2780/2780/2568
f 2778/2778/2566 2781/2781/2569 2782/2782/2570
f 2778/2778/2566 2782/2782/2570 2783/2783/2571
f 2778/2778/2566 2780/2780/2568 58/58/56
f 2778/2778/2566 58/58/56 2781/2781/2569
f 2778/2778/2566 2783/2783/2571 2779/2779/2567
f 61/61/59 63/63/61 2784/2784/2572
f 61/61/59 1862/1862/1743 62/62/60
f 61/61/59 2784/2784/2572 1863/1863/1744
f 61/61/59 1863/1863/1744 1862/1862/1743
f 2785/2785/1037 2786/2786/1037 2787/2787/2573
f 2785/2785/1037 2788/2788/2574 2789/2789/1037
f 2785/2785/1037 2291/2291/2127 2788/2788/2574
s 0
f 2785/2785/1037 2789/2789/1037 2786/2786/1037
s 1
f 2785/2785/1037 2787/2787/2573 2291/2291/2127
f 2790/2790/2575 2791/2791/2576 2792/2792/2577
f 2790/2790/2575 2793/2793/2578 2794/2794/2579
f 2795/2795/2580 78/78/76 80/80/78
f 2795/2795/2580 80/80/78 752/752/708
f 2790/2790/2575 2792/2792/2577 2793/2793/2578
f 2795/2795/2580 2796/2796/705 78/78/76
f 2797/2797/2581 2411/2411/2234 2798/2798/2582
f 2797/2797/2581 2412/2412/2235 2411/2411/2234
f 1785/1785/1667 1433/1433/1335 1432/1432/1334
f 100/100/98 2799/2799/2583 2800/2800/2584
f 100/100/98 99/99/97 2799/2799/2583
f 93/93/91 2801/2801/2585 94/94/92
f 93/93/91 2802/2802/2586 2801/2801/2585
f 2803/2803/2587 1267/1267/1182 2804/2804/2588
f 1272/1272/1185 2805/2805/493 2806/2806/2589
f 1272/1272/1185 2807/2807/2590 1273/1273/1186
f 1272/1272/1185 1271/1271/493 2805/2805/493
f 1272/1272/1185 2806/2806/2589 2807/2807/2590
f 1051/1051/989 1157/1157/1089 1161/1161/1093
f 1044/1044/982 2808/2808/2591 2809/2809/2592
f 1044/1044/982 2809/2809/2592 1045/1045/983
f 1051/1051/989 1049/1049/987 1157/1157/1089
f 1051/1051/989 1161/1161/1093 2810/2810/2593
f 345/345/325 1700/1700/1585 1059/1059/997
f 345/345/325 1059/1059/997 346/346/326
f 482/482/456 487/487/461 2811/2811/2594
f 1064/1064/1002 25/25/23 24/24/22
f 1069/1069/1007 2812/2812/2595 2813/2813/2596
f 1069/1069/1007 1068/1068/1006 2812/2812/2595
f 1064/1064/1002 2814/2814/2597 25/25/23
f 498/498/472 499/499/473 1347/1347/1254
f 498/498/472 188/188/180 190/190/182
f 498/498/472 1351/1351/1258 188/188/180
f 1721/1721/1604 649/649/607 2815/2815/2598
f 1721/1721/1604 2815/2815/2598 1354/1354/1261
f 2816/2816/2599 1723/1723/1606 2050/2050/1914
f 2817/2817/2600 980/980/922 2061/2061/1925
f 2818/2818/2601 2066/2066/1930 2065/2065/1929
f 2819/2819/2602 2470/2470/2289 2469/2469/2288
f 2819/2819/2602 2820/2820/2603 2470/2470/2289
f 2819/2819/2602 2469/2469/2288 2821/2821/2604
f 2822/2822/2605 2823/2823/2606 1754/1754/1636
f 2822/2822/2605 2583/2583/2392 1566/1566/1462
f 2822/2822/2605 2824/2824/2607 2583/2583/2392
f 2822/2822/2605 1566/1566/1462 2823/2823/2606
f 2822/2822/2605 1754/1754/1636 2825/2825/2608
f 2822/2822/2605 2825/2825/2608 2824/2824/2607
f 1759/1759/1641 2826/2826/2609 2827/2827/2610
f 1759/1759/1641 2828/2828/2611 2826/2826/2609
f 1759/1759/1641 2827/2827/2610 1760/1760/1642
s 0
f 2829/2829/2612 2830/2830/2612 2831/2831/2612
s 1
f 1234/1234/1152 2437/2437/2258 1235/1235/1153
f 2832/2832/2613 220/220/210 223/223/213
f 2832/2832/2613 2833/2833/2614 2834/2834/2615
f 2832/2832/2613 2834/2834/2615 220/220/210
f 2832/2832/2613 223/223/213 2377/2377/2200
f 2832/2832/2613 2377/2377/2200 2833/2833/2614
f 286/286/268 285/285/267 2835/2835/2616
f 282/282/264 1535/1535/1432 283/283/265
f 282/282/264 1295/1295/1208 1535/1535/1432
f 282/282/264 2836/2836/2617 1295/1295/1208
f 1020/1020/959 2502/2502/2318 1021/1021/960
f 1020/1020/959 1024/1024/963 2837/2837/2618
f 1020/1020/959 2503/2503/2319 2502/2502/2318
f 1020/1020/959 2837/2837/2618 2503/2503/2319
f 2838/2838/2619 2839/2839/2620 2840/2840/2621
f 2838/2838/2619 2841/2841/2622 2839/2839/2620
f 2842/2842/2623 2843/2843/2624 2844/2844/2625
f 2838/2838/2619 2556/2556/2368 2841/2841/2622
f 2838/2838/2619 2845/2845/2626 2556/2556/2368
f 2156/2156/2006 2246/2246/2083 2157/2157/2007
f 2846/2846/2627 1153/1153/1085 1152/1152/1084
f 1157/1157/1089 935/935/881 2847/2847/2628
f 2848/2848/2629 1809/1809/1691 808/808/760
f 1157/1157/1089 2847/2847/2628 2849/2849/2630
f 1157/1157/1089 1049/1049/987 935/935/881
f 2848/2848/2629 2850/2850/2631 1809/1809/1691
f 2851/2851/2632 2176/2176/2019 2179/2179/2022
f 2851/2851/2632 2852/2852/2633 2853/2853/2634
f 2851/2851/2632 2854/2854/2635 2852/2852/2633
f 2851/2851/2632 2855/2855/2636 2176/2176/2019
f 2851/2851/2632 2853/2853/2634 2855/2855/2636
f 2851/2851/2632 2179/2179/2022 2854/2854/2635
f 2856/2856/2637 2418/2418/2241 2350/2350/2173
s 0
f 2857/2857/2638 2858/2858/2638 2859/2859/2638
s 1
f 2856/2856/2637 2860/2860/2639 2418/2418/2241
f 2351/2351/2174 1975/1975/1840 2861/2861/2640
s 0
f 2862/2862/927 2863/2863/927 2864/2864/927
f 2865/2865/927 2866/2866/927 2867/2867/927
f 2868/2868/927 2869/2869/927 2870/2870/927
f 2865/2865/927 2871/2871/927 2866/2866/927
s 1
f 516/516/488 2872/2872/2641 2873/2873/2642
s 0
f 2874/2874/2643 2875/2875/2643 2876/2876/2643
s 1
f 516/516/488 2873/2873/2642 517/517/489
s 0
f 2877/2877/838 2878/2878/838 2879/2879/838
f 2877/2877/838 2880/2880/838 2881/2881/838
f 2877/2877/838 2881/2881/838 2882/2882/838
f 2877/2877/838 2882/2882/838 2878/2878/838
f 2877/2877/838 2883/2883/838 2880/2880/838
f 2884/2884/838 2885/2885/838 2886/2886/838
s 1
f 1841/1841/1722 2887/2887/2644 2888/2888/2645
f 1841/1841/1722 373/373/353 2889/2889/2646
f 1841/1841/1722 2888/2888/2645 1842/1842/1723
f 1841/1841/1722 2889/2889/2646 2887/2887/2644
f 1209/1209/1135 1206/1206/1132 1732/1732/1615
f 1211/1211/1137 2890/2890/2647 2891/2891/2648
f 1211/1211/1137 2891/2891/2648 1212/1212/1138
f 2892/2892/2649 1218/1218/1144 1857/1857/1738
f 2892/2892/2649 1857/1857/1738 2893/2893/2650
f 2289/2289/2125 1475/1475/1372 62/62/60
f 2289/2289/2125 62/62/60 1862/1862/1743
f 2289/2289/2125 1862/1862/1743 1861/1861/1742
f 2289/2289/2125 1861/1861/1742 2290/2290/2126
f 1865/1865/1746 2894/2894/2651 884/884/832
f 1865/1865/1746 2895/2895/2652 2894/2894/2651
f 752/752/708 80/80/78 753/753/709
f 2791/2791/2576 2896/2896/2653 2792/2792/2577
f 2897/2897/2654 2898/2898/2655 2899/2899/2656
f 2897/2897/2654 1941/1941/1806 296/296/278
f 2897/2897/2654 1410/1410/1314 2898/2898/2655
f 2897/2897/2654 2900/2900/2657 1941/1941/1806
f 2897/2897/2654 296/296/278 1410/1410/1314
f 2897/2897/2654 2899/2899/2656 2900/2900/2657
f 2756/2756/2544 2759/2759/2547 2901/2901/2658
f 1091/1091/1026 1090/1090/1025 2902/2902/2659
f 2903/2903/2660 2904/2904/2661 2905/2905/2662
s 0
f 2906/2906/2663 2907/2907/2663 2908/2908/2663
s 1
f 2909/2909/2664 2910/2910/2665 2911/2911/2666
s 0
f 2912/2912/2667 2913/2913/2667 2914/2914/2667
f 2915/2915/2668 2916/2916/2668 2917/2917/2668
s 1
f 2909/2909/2664 2918/2918/2669 2910/2910/2665
f 924/924/872 927/927/875 2158/2158/2008
f 924/924/872 2158/2158/2008 2157/2157/2007
f 2919/2919/1037 1808/1808/1690 2754/2754/2542
f 2919/2919/1037 2920/2920/1037 2247/2247/2084
s 0
f 2919/2919/1037 2624/2624/1037 2626/2626/1037
s 1
f 2919/2919/1037 2754/2754/2542 2624/2624/1037
f 2919/2919/1037 2247/2247/2084 1808/1808/1690
s 0
f 2921/2921/1037 1103/1103/1037 2922/2922/1037
s 1
f 2923/2923/2670 2924/2924/2671 2925/2925/2672
f 2923/2923/2670 2925/2925/2672 2926/2926/2673
f 2923/2923/2670 1887/1887/1765 504/504/478
f 2923/2923/2670 696/696/654 2924/2924/2671
f 2923/2923/2670 2926/2926/2673 1887/1887/1765
f 2923/2923/2670 504/504/478 696/696/654
f 2927/2927/2674 1843/1843/1724 2692/2692/2486
f 1282/1282/1195 1283/1283/1196 2220/2220/2059
f 1282/1282/1195 2220/2220/2059 2928/2928/2675
f 2929/2929/2676 554/554/517 2930/2930/2677
f 1285/1285/1198 2931/2931/2678 2932/2932/2679
f 1285/1285/1198 2933/2933/2680 1286/1286/1199
f 1285/1285/1198 1288/1288/1201 2931/2931/2678
f 1130/1130/1062 2934/2934/2681 1131/1131/1063
f 1130/1130/1062 2729/2729/2520 2934/2934/2681
f 2935/2935/2682 1304/1304/1217 438/438/412
f 2935/2935/2682 438/438/412 2936/2936/2683
f 2937/2937/2684 2938/2938/2685 1705/1705/1590
f 2937/2937/2684 2939/2939/2686 2940/2940/2687
f 2937/2937/2684 2940/2940/2687 2938/2938/2685
f 2904/2904/2661 1704/1704/1589 2941/2941/2688
f 2904/2904/2661 2941/2941/2688 2905/2905/2662
f 2942/2942/2689 2943/2943/2690 1530/1530/1427
f 2942/2942/2689 2944/2944/2691 2945/2945/2692
f 2942/2942/2689 1530/1530/1427 2944/2944/2691
f 2942/2942/2689 2945/2945/2692 2946/2946/2693
f 2947/2947/2694 2948/2948/2695 1526/1526/1423
f 2949/2949/2696 2950/2950/2697 2951/2951/2698
f 2949/2949/2696 2952/2952/2699 1789/1789/1671
f 2949/2949/2696 1788/1788/1670 2950/2950/2697
f 2949/2949/2696 1789/1789/1671 1788/1788/1670
f 1544/1544/1441 94/94/92 2801/2801/2585
f 1544/1544/1441 1543/1543/1440 94/94/92
f 1539/1539/1436 2953/2953/2700 1540/1540/1437
f 1539/1539/1436 2954/2954/2701 2953/2953/2700
f 1549/1549/1446 1551/1551/1448 2955/2955/2702
f 1549/1549/1446 2956/2956/2703 2957/2957/2704
f 1549/1549/1446 2957/2957/2704 1550/1550/1447
f 1549/1549/1446 2955/2955/2702 2956/2956/2703
f 2958/2958/2705 2085/2085/1943 2087/2087/1945
f 2958/2958/2705 2087/2087/1945 2959/2959/2706
f 2958/2958/2705 2960/2960/2707 2085/2085/1943
f 2958/2958/2705 2961/2961/2708 2962/2962/2709
f 2958/2958/2705 2962/2962/2709 2960/2960/2707
f 2958/2958/2705 2959/2959/2706 2961/2961/2708
f 2963/2963/2710 1978/1978/1843 769/769/723
f 771/771/725 763/763/719 159/159/153
f 2963/2963/2710 1472/1472/1369 1978/1978/1843
f 2964/2964/2711 2965/2965/2712 2966/2966/2713
f 2964/2964/2711 2966/2966/2713 2967/2967/2714
f 2968/2968/2715 1659/1659/1544 1658/1658/1543
f 2968/2968/2715 1658/1658/1543 2969/2969/2716
f 2968/2968/2715 2970/2970/2717 2768/2768/2556
f 2968/2968/2715 2969/2969/2716 406/406/386
f 2968/2968/2715 406/406/386 2970/2970/2717
f 2968/2968/2715 2768/2768/2556 1659/1659/1544
f 1095/1095/1030 2203/2203/2044 1096/1096/1031
f 1095/1095/1030 1098/1098/1032 2202/2202/2043
s 0
f 2971/2971/2718 2972/2972/2718 2973/2973/2718
s 1
f 2720/2720/2513 2719/2719/2512 2974/2974/2719
f 2975/2975/2720 2465/2465/2284 2976/2976/2721
s 0
f 2977/2977/2722 2978/2978/2722 2979/2979/2722
s 1
f 2713/2713/705 2980/2980/2723 2714/2714/2507
f 1843/1843/1724 1842/1842/1723 2692/2692/2486
f 2408/2408/2231 2011/2011/1875 2981/2981/2724
f 2408/2408/2231 2981/2981/2724 2982/2982/2725
f 2408/2408/2231 2983/2983/2726 554/554/517
f 2408/2408/2231 2982/2982/2725 2983/2983/2726
f 1243/1243/1161 249/249/233 248/248/232
f 1243/1243/1161 2984/2984/2727 249/249/233
f 1243/1243/1161 248/248/232 1244/1244/1162
f 1243/1243/1161 1248/1248/1166 2984/2984/2727
f 572/572/535 1413/1413/1317 573/573/536
f 572/572/535 575/575/538 1412/1412/1316
f 2985/2985/2728 2986/2986/2729 581/581/544
f 2985/2985/2728 581/581/544 583/583/546
f 2985/2985/2728 583/583/546 826/826/778
f 2985/2985/2728 825/825/777 2986/2986/2729
f 2985/2985/2728 826/826/778 825/825/777
f 2987/2987/2730 2260/2260/2096 718/718/674
f 2987/2987/2730 718/718/674 719/719/675
f 2987/2987/2730 719/719/675 2988/2988/2731
f 2255/2255/2091 1663/1663/1548 2256/2256/2092
f 2255/2255/2091 1664/1664/1549 1663/1663/1548
f 2255/2255/2091 309/309/291 1664/1664/1549
f 2255/2255/2091 1575/1575/1469 309/309/291
f 1177/1177/1109 491/491/465 2989/2989/2732
f 1177/1177/1109 1675/1675/1560 1178/1178/1110
f 1177/1177/1109 1180/1180/1112 491/491/465
f 1177/1177/1109 2989/2989/2732 1675/1675/1560
f 2605/2605/2411 2990/2990/2733 2991/2991/2734
f 2605/2605/2411 2695/2695/2489 2990/2990/2733
f 2992/2992/2735 2993/2993/2736 2590/2590/2399
f 2992/2992/2735 2590/2590/2399 2994/2994/2737
f 2995/2995/2738 1760/1760/1642 2996/2996/2739
s 0
f 2997/2997/2740 2998/2998/2740 2999/2999/2740
s 1
f 2992/2992/2735 2994/2994/2737 3000/3000/2741
f 2995/2995/2738 2996/2996/2739 674/674/632
f 3001/3001/2742 966/966/908 1985/1985/1849
f 3002/3002/2743 2678/2678/2473 1563/1563/1459
f 3002/3002/2743 1563/1563/1459 1562/1562/1458
f 3002/3002/2743 3003/3003/2744 3004/3004/2745
f 3002/3002/2743 3004/3004/2745 2678/2678/2473
f 3001/3001/2742 1985/1985/1849 1984/1984/1848
f 1699/1699/1584 1901/1901/1778 931/931/879
f 1699/1699/1584 3005/3005/2746 3006/3006/2747
f 1699/1699/1584 1048/1048/986 3005/3005/2746
f 3007/3007/2748 3008/3008/2749 3009/3009/2750
s 0
f 3010/3010/2751 3011/3011/2751 3012/3012/2751
s 1
f 2080/2080/1940 2537/2537/2351 3013/3013/2752
f 2487/2487/2303 3014/3014/1037 2789/2789/1037
f 2487/2487/2303 273/273/257 2488/2488/2304
f 2487/2487/2303 2789/2789/1037 273/273/257
f 2565/2565/2375 3015/3015/2753 3016/3016/2754
f 2565/2565/2375 3016/3016/2754 3017/3017/2755
f 2565/2565/2375 3017/3017/2755 2566/2566/2376
f 2565/2565/2375 465/465/439 3015/3015/2753
f 899/899/847 320/320/302 87/87/85
f 899/899/847 87/87/85 900/900/848
f 3018/3018/2756 3019/3019/2757 3020/3020/2758
f 3018/3018/2756 3021/3021/2759 3022/3022/2760
f 3018/3018/2756 3023/3023/2761 3024/3024/2762
f 3018/3018/2756 3022/3022/2760 3019/3019/2757
f 3018/3018/2756 3020/3020/2758 3023/3023/2761
f 3018/3018/2756 3024/3024/2762 3021/3021/2759
f 1631/1631/1518 1634/1634/1521 3025/3025/2763
f 3026/3026/2764 3027/3027/2765 1636/1636/1523
f 3026/3026/2764 3028/3028/2766 3027/3027/2765
f 3029/3029/2767 2315/2315/2146 3030/3030/2768
f 3031/3031/2769 2314/2314/2145 2313/2313/2144
f 3031/3031/2769 3032/3032/2770 2314/2314/2145
f 2769/2769/2557 2970/2970/2717 3033/3033/2771
f 2769/2769/2557 3034/3034/2772 3035/3035/2773
f 2769/2769/2557 2768/2768/2556 2970/2970/2717
f 2769/2769/2557 3035/3035/2773 2770/2770/2558
f 2769/2769/2557 3033/3033/2771 3034/3034/2772
f 1663/1663/1548 3036/3036/2774 2256/2256/2092
f 3037/3037/2775 711/711/667 13/13/11
f 2579/2579/2388 2442/2442/2263 631/631/591
f 2579/2579/2388 631/631/591 633/633/593
f 2579/2579/2388 633/633/593 2580/2580/2389
f 33/33/31 34/34/32 1679/1679/1564
f 1684/1684/1569 1683/1683/1568 3038/3038/2776
f 1684/1684/1569 2451/2451/2270 2456/2456/2275
f 1684/1684/1569 3038/3038/2776 2451/2451/2270
f 1684/1684/1569 2456/2456/2275 1685/1685/1570
f 3039/3039/2777 158/158/152 2680/2680/2475
f 3039/3039/2777 159/159/153 158/158/152
f 3040/3040/2778 3041/3041/2779 2662/2662/2463
f 3042/3042/2780 3043/3043/2781 3044/3044/2782
f 2165/2165/2013 2164/2164/2012 3045/3045/2783
s 0
f 3046/3046/2784 3047/3047/2784 3048/3048/2784
s 1
f 263/263/247 397/397/377 264/264/248
f 263/263/247 206/206/196 397/397/377
f 263/263/247 2609/2609/2415 206/206/196
f 211/211/201 2370/2370/2193 3049/3049/2785
f 211/211/201 3049/3049/2785 212/212/202
f 3050/3050/2786 2974/2974/2719 2719/2719/2512
f 3051/3051/2787 3052/3052/2788 3053/3053/2789
f 3054/3054/2790 3055/3055/2791 3056/3056/2792
f 3050/3050/2786 3057/3057/2793 2974/2974/2719
f 3054/3054/2790 3056/3056/2792 3058/3058/2794
f 3059/3059/2795 1267/1267/1182 1266/1266/1181
f 3059/3059/2795 2804/2804/2588 1267/1267/1182
f 3059/3059/2795 1266/1266/1181 2231/2231/2068
f 3059/3059/2795 2231/2231/2068 2233/2233/2070
f 3059/3059/2795 2233/2233/2070 2804/2804/2588
f 3060/3060/838 3061/3061/2796 3062/3062/838
f 3060/3060/838 2742/2742/2532 2738/2738/2528
f 3060/3060/838 2738/2738/2528 3061/3061/2796
f 3063/3063/838 3064/3064/2797 2740/2740/2530
s 0
f 3063/3063/838 2886/2886/838 2885/2885/838
s 1
f 3063/3063/838 2885/2885/838 3064/3064/2797
f 2905/2905/2662 3065/3065/2798 3066/3066/2799
f 2905/2905/2662 2941/2941/2688 3065/3065/2798
f 3067/3067/2800 2944/2944/2691 1530/1530/1427
f 3067/3067/2800 1529/1529/1426 3068/3068/2801
f 3067/3067/2800 1530/1530/1427 1529/1529/1426
f 3067/3067/2800 3069/3069/2802 3070/3070/2803
f 3071/3071/2804 3072/3072/2805 3073/3073/2806
f 3067/3067/2800 3068/3068/2801 3069/3069/2802
f 3071/3071/2804 3074/3074/2807 3072/3072/2805
f 3075/3075/2808 3076/3076/2809 2019/2019/1883
f 3075/3075/2808 3077/3077/2810 3076/3076/2809
f 1022/1022/961 1021/1021/960 141/141/137
f 3078/3078/2811 3079/3079/2812 3080/3080/2813
s 0
f 3081/3081/2814 3082/3082/2814 3083/3083/2814
f 3084/3084/2815 3085/3085/2815 3086/3086/2815
f 3087/3087/2816 3088/3088/2816 3089/3089/2816
s 1
f 2516/2516/2332 1567/1567/1463 1564/1564/1460
f 3090/3090/2817 1999/1999/1863 3091/3091/2818
f 3090/3090/2817 3092/3092/2819 1999/1999/1863
f 3093/3093/2820 3094/3094/2821 1580/1580/1474
f 3093/3093/2820 3095/3095/2822 3096/3096/2823
f 3093/3093/2820 1580/1580/1474 3095/3095/2822
f 3090/3090/2817 3091/3091/2818 3097/3097/2824
f 1478/1478/1375 2341/2341/2166 2342/2342/2167
f 1478/1478/1375 2342/2342/2167 1479/1479/1376
f 1485/1485/1382 1482/1482/1379 3098/3098/2825
f 2529/2529/2343 3041/3041/2779 2530/2530/2344
f 2529/2529/2343 1585/1585/1479 383/383/363
f 2529/2529/2343 383/383/363 2662/2662/2463
f 2529/2529/2343 2662/2662/2463 3041/3041/2779
f 3099/3099/2826 327/327/309 2432/2432/2253
s 0
f 3100/3100/2827 3101/3101/2827 3102/3102/2827
s 1
f 1814/1814/1696 3103/3103/2828 1815/1815/1697
f 3099/3099/2826 2432/2432/2253 3104/3104/2829
f 2509/2509/2325 1821/1821/1703 1976/1976/1841
f 2509/2509/2325 3105/3105/705 1822/1822/1704
f 2509/2509/2325 1822/1822/1704 1821/1821/1703
f 3106/3106/2830 1711/1711/1596 2262/2262/2098
f 3107/3107/2831 959/959/903 957/957/901
f 3106/3106/2830 2262/2262/2098 2261/2261/2097
f 3108/3108/2832 358/358/338 2642/2642/2443
f 3109/3109/2833 2065/2065/1929 3110/3110/2834
f 3109/3109/2833 2640/2640/2441 2065/2065/1929
f 3111/3111/838 3112/3112/2835 2885/2885/838
f 1834/1834/1716 3113/3113/2836 1835/1835/1717
f 3114/3114/2837 1481/1481/1378 3115/3115/2838
f 3116/3116/2839 3117/3117/2840 2887/2887/2644
f 3116/3116/2839 2887/2887/2644 2889/2889/2646
f 3116/3116/2839 2275/2275/2111 3117/3117/2840
f 3116/3116/2839 2276/2276/2112 2275/2275/2111
f 3114/3114/2837 1482/1482/1379 1481/1481/1378
f 3118/3118/2841 3119/3119/2842 3120/3120/2843
f 2278/2278/2114 3121/3121/2844 2279/2279/2115
f 2278/2278/2114 2282/2282/2118 3122/3122/2845
f 3123/3123/2846 3124/3124/2847 3125/3125/2848
f 2893/2893/2650 1857/1857/1738 1855/1855/1736
f 2893/2893/2650 1855/1855/1736 3126/3126/2849
f 2890/2890/2647 3127/3127/2850 2891/2891/2648
f 3128/3128/2851 2050/2050/1914 2058/2058/1922
f 3128/3128/2851 3129/3129/2852 2050/2050/1914
f 3128/3128/2851 3130/3130/2853 3129/3129/2852
f 2894/2894/2651 2037/2037/1901 2036/2036/1900
f 2894/2894/2651 2036/2036/1900 888/888/836
f 2894/2894/2651 2895/2895/2652 2037/2037/1901
f 2894/2894/2651 888/888/836 884/884/832
f 2536/2536/2350 2535/2535/2349 3131/3131/2854
f 2536/2536/2350 3132/3132/2855 3133/3133/2856
f 2536/2536/2350 3131/3131/2854 3132/3132/2855
f 2532/2532/2346 3134/3134/2857 2533/2533/2347
f 1879/1879/1758 1880/1880/1759 3135/3135/2858
f 3136/3136/2859 1942/1942/1807 3137/3137/2860
f 3136/3136/2859 3138/3138/2861 1943/1943/1808
f 3136/3136/2859 1943/1943/1808 1942/1942/1807
s 0
f 3139/3139/493 3140/3140/493 3141/3141/493
f 3142/3142/2862 3143/3143/2862 3144/3144/2862
f 3145/3145/2863 3146/3146/2863 3147/3147/2863
f 3148/3148/2864 3149/3149/2864 3150/3150/2864
f 3151/3151/2865 3152/3152/2865 3153/3153/2865
s 1
f 1950/1950/1815 3154/3154/2866 1951/1951/1816
f 1105/1105/1039 1113/1113/1047 3155/3155/2867
f 1893/1893/1771 3156/3156/2868 3157/3157/2869
f 1893/1893/1771 1894/1894/1772 3156/3156/2868
f 1893/1893/1771 3157/3157/2869 111/111/109
s 0
f 3158/3158/927 3159/3159/927 3160/3160/927
f 3161/3161/2870 3162/3162/2870 3163/3163/2870
s 1
f 3164/3164/2871 938/938/884 937/937/883
s 0
f 3165/3165/927 3166/3166/927 3167/3167/927
s 1
f 3168/3168/2872 3169/3169/2873 3170/3170/2874
f 2434/2434/2255 3171/3171/2875 2763/2763/2551
f 3172/3172/2876 484/484/458 3173/3173/2877
f 2434/2434/2255 2763/2763/2551 2435/2435/2256
f 2434/2434/2255 486/486/460 485/485/459
f 2764/2764/2552 153/153/147 156/156/150
f 2764/2764/2552 2765/2765/2553 3174/3174/2878
f 2764/2764/2552 3174/3174/2878 153/153/147
f 3175/3175/2879 3176/3176/2880 3177/3177/2881
f 2656/2656/2457 2658/2658/2459 3178/3178/2882
f 973/973/915 3179/3179/2883 974/974/916
f 973/973/915 1360/1360/1267 3180/3180/2884
f 973/973/915 3180/3180/2884 3179/3179/2883
f 973/973/915 976/976/918 1360/1360/1267
f 2466/2466/2285 2470/2470/2289 2820/2820/2603
f 2466/2466/2285 2820/2820/2603 2467/2467/2286
f 1743/1743/1626 3181/3181/2885 3182/3182/2886
f 1734/1734/1617 2359/2359/2182 1205/1205/1131
f 1743/1743/1626 1742/1742/1625 3181/3181/2885
f 1734/1734/1617 1934/1934/1800 2359/2359/2182
f 3183/3183/2887 1394/1394/1298 1393/1393/1297
f 1753/1753/1635 2825/2825/2608 1754/1754/1636
f 2779/2779/2567 2783/2783/2571 3184/3184/2888
f 3185/3185/2889 3186/3186/2890 3187/3187/2891
f 2826/2826/2609 676/676/634 2827/2827/2610
f 2826/2826/2609 3188/3188/2892 676/676/634
s 0
f 3189/3189/2893 3190/3190/2893 3191/3191/2893
s 1
f 3192/3192/2894 2003/2003/1867 2009/2009/1873
f 1771/1771/1653 3193/3193/2895 3194/3194/2896
f 1771/1771/1653 3194/3194/2896 1772/1772/1654
f 1771/1771/1653 3195/3195/2897 3193/3193/2895
f 3196/3196/2898 1008/1008/947 2016/2016/1880
f 3196/3196/2898 1009/1009/948 1008/1008/947
f 3197/3197/2899 2376/2376/2199 2375/2375/2198
f 3196/3196/2898 2016/2016/1880 2018/2018/1882
f 3196/3196/2898 2018/2018/1882 3198/3198/2900
f 729/729/685 2382/2382/2205 3199/3199/2901
f 729/729/685 727/727/683 2380/2380/2203
f 94/94/92 1543/1543/1440 95/95/93
f 3200/3200/2902 2898/2898/2655 1410/1410/1314
f 1404/1404/1308 1619/1619/1506 3201/3201/2903
f 1404/1404/1308 1797/1797/1679 1619/1619/1506
f 253/253/237 3202/3202/2904 3203/3203/2905
f 253/253/237 252/252/236 3202/3202/2904
f 3204/3204/2906 3205/3205/2907 3206/3206/2908
f 3207/3207/2909 1665/1665/1550 308/308/290
f 3204/3204/2906 3206/3206/2908 3208/3208/2910
f 3207/3207/2909 3209/3209/2911 1665/1665/1550
f 3207/3207/2909 308/308/290 310/310/292
f 3210/3210/2912 305/305/287 2521/2521/2337
f 3211/3211/2913 1707/1707/1592 3212/3212/2914
f 3211/3211/2913 3212/3212/2914 3213/3213/2915
f 3211/3211/2913 1708/1708/1593 1707/1707/1592
f 3211/3211/2913 2263/2263/2099 1708/1708/1593
f 3211/3211/2913 3213/3213/2915 2263/2263/2099
f 2043/2043/1907 3214/3214/2916 1719/1719/1602
f 2043/2043/1907 3215/3215/2917 3214/3214/2916
f 2043/2043/1907 1716/1716/1599 191/191/183
f 2043/2043/1907 1719/1719/1602 1716/1716/1599
f 3216/3216/2918 3179/3179/2883 648/648/606
f 3216/3216/2918 1982/1982/1846 974/974/916
f 3216/3216/2918 974/974/916 3179/3179/2883
f 645/645/603 650/650/608 1980/1980/1844
s 0
f 3217/3217/1037 3218/3218/1037 3219/3219/1037
f 3220/3220/1037 3221/3221/1037 3222/3222/1037
f 3223/3223/1037 3224/3224/1037 3225/3225/1037
s 1
f 3226/3226/2919 1732/1732/1615 1206/1206/1132
f 3227/3227/2920 3228/3228/2921 664/664/622
f 3226/3226/2919 3229/3229/2922 1735/1735/1618
f 3226/3226/2919 1735/1735/1618 1732/1732/1615
f 3227/3227/2920 664/664/622 661/661/619
f 3226/3226/2919 1206/1206/1132 2560/2560/2372
f 3226/3226/2919 2560/2560/2372 2559/2559/2371
f 3230/3230/2923 353/353/333 3231/3231/2924
f 3230/3230/2923 3231/3231/2924 3232/3232/2925
f 3230/3230/2923 3233/3233/2926 3234/3234/2927
f 3230/3230/2923 3234/3234/2927 3235/3235/2928
f 3230/3230/2923 3232/3232/2925 3233/3233/2926
f 3230/3230/2923 3235/3235/2928 353/353/333
f 2650/2650/2451 1230/1230/1151 1229/1229/1150
f 1081/1081/1018 1080/1080/1017 3236/3236/2929
f 1238/1238/1156 3237/3237/2930 1239/1239/1157
f 3238/3238/2931 1780/1780/1662 1779/1779/1661
f 1238/1238/1156 1241/1241/1159 3239/3239/2932
f 1245/1245/1163 1244/1244/1162 2239/2239/2076
f 3240/3240/2933 3241/3241/2934 1250/1250/1168
f 2799/2799/2583 3242/3242/2935 2800/2800/2584
f 3019/3019/2757 3022/3022/2760 3243/3243/2936
f 3244/3244/2937 3245/3245/2938 1268/1268/1183
f 3244/3244/2937 1268/1268/1183 1264/1264/1179
f 3244/3244/2937 3246/3246/2939 3247/3247/2940
f 3244/3244/2937 1264/1264/1179 3246/3246/2939
f 3244/3244/2937 3247/3247/2940 3245/3245/2938
f 835/835/785 834/834/784 3248/3248/2941
f 3249/3249/2942 3250/3250/2943 2806/2806/2589
f 590/590/551 3251/3251/2944 591/591/552
f 3249/3249/2942 2806/2806/2589 3252/3252/2945
f 3253/3253/2946 1437/1437/1337 2952/2952/2699
f 3254/3254/2947 1536/1536/1433 1017/1017/956
f 3254/3254/2947 1537/1537/1434 1536/1536/1433
f 3254/3254/2947 1017/1017/956 1014/1014/953
f 726/726/682 3255/3255/2948 727/727/683
f 733/733/689 732/732/688 1546/1546/1443
f 3256/3256/2949 1439/1439/1339 740/740/696
f 733/733/689 1546/1546/1443 1545/1545/1442
s 0
f 3257/3257/2950 3258/3258/2950 3259/3259/2950
f 3260/3260/2951 3261/3261/2951 3262/3262/2951
s 1
f 3263/3263/705 339/339/321 3264/3264/2952
s 0
f 3265/3265/2953 3266/3266/2953 3267/3267/2953
s 1
f 2332/2332/2157 3268/3268/2954 1871/1871/1750
f 3269/3269/2955 2336/2336/2161 3270/3270/2956
f 3271/3271/2957 3272/3272/2958 841/841/791
f 3271/3271/2957 3273/3273/2959 3274/3274/2960
f 3271/3271/2957 3274/3274/2960 3272/3272/2958
f 3271/3271/2957 841/841/791 3275/3275/2961
f 3271/3271/2957 3275/3275/2961 3273/3273/2959
f 164/164/158 169/169/161 854/854/802
f 2479/2479/2298 3276/3276/2962 2480/2480/2298
f 1086/1086/1021 3277/3277/2963 3278/3278/2964
f 787/787/739 3279/3279/2965 788/788/740
f 1086/1086/1021 3278/3278/2964 1087/1087/1022
f 3280/3280/2966 3281/3281/705 3282/3282/2967
f 3280/3280/2966 992/992/927 3058/3058/2794
f 3280/3280/2966 3056/3056/2792 3281/3281/705
f 3280/3280/2966 3282/3282/2967 993/993/932
f 3280/3280/2966 3058/3058/2794 3056/3056/2792
f 3280/3280/2966 993/993/932 992/992/927
f 3283/3283/2968 2208/2208/2049 2425/2425/2248
f 508/508/482 1111/1111/1045 509/509/483
f 508/508/482 504/504/478 1887/1887/1765
f 3284/3284/2969 3285/3285/2970 3286/3286/2971
f 3284/3284/2969 3287/3287/2972 3285/3285/2970
f 2793/2793/2578 2222/2222/2061 2794/2794/2579
f 2793/2793/2578 2223/2223/2062 2222/2222/2061
f 2793/2793/2578 3288/3288/2973 2223/2223/2062
f 2793/2793/2578 2792/2792/2577 3288/3288/2973
f 866/866/814 871/871/819 2729/2729/2520
f 1138/1138/1070 2236/2236/2073 1139/1139/1071
f 1617/1617/1504 3289/3289/2974 1147/1147/1079
f 1617/1617/1504 1619/1619/1506 1797/1797/1679
f 1617/1617/1504 2748/2748/2536 3289/3289/2974
f 1617/1617/1504 1797/1797/1679 2748/2748/2536
s 0
f 3290/3290/2975 3291/3291/2975 3292/3292/2975
s 1
f 3293/3293/2976 1312/1312/1223 3294/3294/2977
s 0
f 3295/3295/2978 3296/3296/2978 3297/3297/2978
s 1
f 3298/3298/2979 3299/3299/2980 1909/1909/1784
f 3298/3298/2979 1378/1378/1285 1499/1499/1396
f 3298/3298/2979 1909/1909/1784 1378/1378/1285
f 3298/3298/2979 1499/1499/1396 3299/3299/2980
f 3300/3300/2981 3301/3301/2982 3302/3302/2983
f 3300/3300/2981 3302/3302/2983 3303/3303/2984
f 3300/3300/2981 3304/3304/2985 3301/3301/2982
f 3300/3300/2981 3305/3305/2986 3304/3304/2985
f 3300/3300/2981 3303/3303/2984 2121/2121/1974
f 3300/3300/2981 2121/2121/1974 3305/3305/2986
f 3306/3306/2987 3307/3307/2988 3308/3308/2989
f 3306/3306/2987 1393/1393/1297 3307/3307/2988
f 3201/3201/2903 1619/1619/1506 1620/1620/1507
f 3309/3309/2990 906/906/854 907/907/855
f 2373/2373/2196 2372/2372/2195 3310/3310/2991
f 2373/2373/2196 2543/2543/2357 3311/3311/2992
f 3312/3312/2993 1087/1087/1022 3278/3278/2964
f 2373/2373/2196 3310/3310/2991 2543/2543/2357
f 3313/3313/2994 3314/3314/2995 3315/3315/2996
f 3313/3313/2994 3316/3316/2997 3314/3314/2995
f 3173/3173/2877 484/484/458 3317/3317/2998
f 716/716/672 715/715/671 3318/3318/2999
f 716/716/672 3319/3319/3000 717/717/673
f 716/716/672 3318/3318/2999 3319/3319/3000
f 3320/3320/3001 3321/3321/3002 1250/1250/1168
f 3320/3320/3001 1250/1250/1168 3241/3241/2934
f 1969/1969/1834 736/736/692 1441/1441/1341
f 1969/1969/1834 1970/1970/1835 3322/3322/3003
f 1969/1969/1834 3322/3322/3003 737/737/693
f 1969/1969/1834 737/737/693 736/736/692
f 1445/1445/1345 1453/1453/1353 1974/1974/1839
f 1459/1459/1358 1458/1458/1357 3323/3323/3004
f 1557/1557/1454 3324/3324/3005 3325/3325/3006
f 1557/1557/1454 1560/1560/1456 3324/3324/3005
f 1471/1471/1368 1978/1978/1843 1472/1472/1369
f 3326/3326/3007 1980/1980/1844 650/650/608
f 3326/3326/3007 38/38/36 3327/3327/3008
f 3326/3326/3007 1981/1981/1845 1980/1980/1844
f 3326/3326/3007 3328/3328/3009 1981/1981/1845
f 3326/3326/3007 650/650/608 38/38/36
f 3326/3326/3007 3327/3327/3008 3328/3328/3009
f 859/859/807 3329/3329/3010 861/861/809
f 859/859/807 3330/3330/3011 3329/3329/3010
f 859/859/807 1583/1583/1477 3330/3330/3011
f 3119/3119/2842 53/53/51 49/49/47
f 3119/3119/2842 49/49/47 2660/2660/2461
f 3119/3119/2842 2660/2660/2461 3120/3120/2843
f 3119/3119/2842 3331/3331/3012 53/53/51
f 285/285/267 3332/3332/3013 2835/2835/2616
f 285/285/267 3333/3333/3014 3332/3332/3013
f 285/285/267 289/289/271 3333/3333/3014
f 175/175/167 3334/3334/3015 3335/3335/3016
f 175/175/167 3335/3335/3016 176/176/168
f 175/175/167 3310/3310/2991 3334/3334/3015
f 175/175/167 180/180/172 3310/3310/2991
f 1008/1008/947 2017/2017/1881 2016/2016/1880
f 1008/1008/947 695/695/653 2017/2017/1881
f 3336/3336/3017 3337/3337/3018 3338/3338/3019
f 1108/1108/1042 3339/3339/3020 1109/1109/1043
f 3340/3340/3021 3341/3341/3022 3342/3342/3023
f 702/702/658 708/708/664 3343/3343/3024
f 702/702/658 3343/3343/3024 3344/3344/3025
f 702/702/658 3344/3344/3025 3345/3345/3026
f 2674/2674/2469 2843/2843/2624 3346/3346/3027
f 2674/2674/2469 1061/1061/999 2844/2844/2625
f 2674/2674/2469 3346/3346/3027 2675/2675/2470
f 2674/2674/2469 2844/2844/2625 2843/2843/2624
s 0
f 3043/3043/3028 3347/3347/3028 3348/3348/3028
s 1
f 3043/3043/2781 3348/3348/3029 3044/3044/2782
f 607/607/567 3349/3349/3030 608/608/568
f 607/607/567 3350/3350/3031 3349/3349/3030
f 607/607/567 470/470/444 3350/3350/3031
f 3351/3351/3032 737/737/693 3322/3322/3003
s 0
f 2182/2182/1037 3352/3352/1037 2183/2183/1037
s 1
f 2182/2182/1037 1335/1335/1246 3353/3353/1037
s 0
f 2182/2182/1037 3353/3353/1037 3354/3354/1037
s 1
f 3270/3270/2956 3355/3355/3033 3356/3356/3034
f 3270/3270/2956 3357/3357/3035 3358/3358/3036
f 3270/3270/2956 3356/3356/3034 3357/3357/3035
f 3270/3270/2956 2336/2336/2161 3355/3355/3033
f 2583/2583/2392 2824/2824/2607 3359/3359/3037
f 2583/2583/2392 3359/3359/3037 2584/2584/2393
f 774/774/728 2595/2595/2404 2587/2587/2396
f 786/786/738 785/785/737 3360/3360/3038
f 774/774/728 2587/2587/2396 775/775/729
f 786/786/738 3360/3360/3038 2589/2589/2398
f 1829/1829/1711 3361/3361/3039 1830/1830/1712
f 1829/1829/1711 3362/3362/3040 2067/2067/1931
f 1829/1829/1711 2067/2067/1931 2062/2062/1926
f 1829/1829/1711 2062/2062/1926 3361/3361/3039
f 3363/3363/3041 3364/3364/3042 3365/3365/118
s 0
f 3363/3363/3043 3366/3366/3043 3364/3364/3043
s 1
f 1275/1275/1188 3367/3367/3044 2601/2601/2408
f 1992/1992/1856 810/810/762 1993/1993/1857
f 1992/1992/1856 1997/1997/1861 810/810/762
f 2462/2462/2281 3008/3008/2749 2463/2463/2282
f 3368/3368/3045 3369/3369/3046 3370/3370/3047
f 2462/2462/2281 3009/3009/2750 3008/3008/2749
f 3368/3368/3045 3371/3371/3048 3369/3369/3046
f 687/687/645 3372/3372/3049 3373/3373/3050
f 683/683/641 2467/2467/2286 3374/3374/3051
f 687/687/645 3373/3373/3050 688/688/646
f 3375/3375/3052 1065/1065/1003 3376/3376/3053
f 2358/2358/2181 3377/3377/3054 2124/2124/1977
s 0
f 3378/3378/3055 3379/3379/3055 3380/3380/3055
s 1
f 3381/3381/3056 865/865/813 2567/2567/2377
f 2924/2924/2671 696/696/654 697/697/655
f 3381/3381/3056 3382/3382/3057 3383/3383/3058
f 3381/3381/3056 3383/3383/3058 865/865/813
f 3384/3384/3059 3385/3385/3060 3344/3344/3025
f 3384/3384/3059 2573/2573/2383 3386/3386/3061
f 3384/3384/3059 3343/3343/3024 2573/2573/2383
f 3384/3384/3059 3386/3386/3061 3385/3385/3060
f 3384/3384/3059 3344/3344/3025 3343/3343/3024
f 2938/2938/2685 2940/2940/2687 3387/3387/3062
f 2938/2938/2685 952/952/896 1705/1705/1590
f 2938/2938/2685 3387/3387/3062 953/953/897
f 2938/2938/2685 953/953/897 952/952/896
f 1526/1526/1423 2948/2948/2695 1527/1527/1424
f 3388/3388/3063 1960/1960/1825 1251/1251/1169
f 3388/3388/3063 1251/1251/1169 3321/3321/3002
f 3388/3388/3063 1961/1961/1826 1960/1960/1825
f 2387/2387/2210 2386/2386/2209 1963/1963/1828
f 742/742/698 1336/1336/1247 1335/1335/1246
f 742/742/698 745/745/701 1336/1336/1247
f 742/742/698 2185/2185/2026 743/743/699
f 755/755/711 2296/2296/2130 2041/2041/1905
f 755/755/711 2041/2041/1905 756/756/712
f 1755/1755/1637 3389/3389/3064 1756/1756/1638
f 776/776/730 775/775/729 3390/3390/3065
f 776/776/730 3391/3391/3066 3392/3392/3067
f 3393/3393/3068 910/910/858 779/779/733
f 776/776/730 3390/3390/3065 3391/3391/3066
f 2430/2430/2251 2901/2901/2658 2431/2431/2252
f 3394/3394/3069 3395/3395/3070 794/794/746
f 3396/3396/3071 800/800/752 3397/3397/3072
f 3396/3396/3071 3398/3398/3073 3399/3399/3074
f 3396/3396/3071 3397/3397/3072 3398/3398/3073
f 3396/3396/3071 3399/3399/3074 3400/3400/3075
f 3401/3401/3076 3402/3402/3077 3403/3403/3078
f 2781/2781/2569 57/57/55 3404/3404/3079
f 2781/2781/2569 58/58/56 57/57/55
f 3405/3405/3080 2653/2653/2454 2652/2652/2453
f 2002/2002/1866 3406/3406/3081 480/480/454
f 3407/3407/3082 3408/3408/3083 3409/3409/3084
f 2002/2002/1866 480/480/454 1236/1236/1154
f 2011/2011/1875 2013/2013/1877 2981/2981/2724
f 249/249/233 2984/2984/2727 2918/2918/2669
f 249/249/233 2918/2918/2669 3410/3410/3085
f 3411/3411/223 2150/2150/2000 1416/1416/1320
f 3411/3411/223 1627/1627/1514 2150/2150/2000
f 3411/3411/223 1416/1416/1320 1415/1415/1319
f 3411/3411/223 1415/1415/1319 1627/1627/1514
f 1819/1819/1701 3412/3412/3086 1820/1820/1702
f 1819/1819/1701 1822/1822/1704 3413/3413/3087
f 1819/1819/1701 3413/3413/3087 3412/3412/3086
f 2024/2024/1888 91/91/89 467/467/441
f 2024/2024/1888 3414/3414/3088 91/91/89
f 2024/2024/1888 609/609/569 3415/3415/3089
f 2024/2024/1888 3415/3415/3089 3414/3414/3088
f 1970/1970/1835 1971/1971/1836 3416/3416/3090
f 410/410/390 2436/2436/2257 1172/1172/1104
f 410/410/390 409/409/389 2436/2436/2257
f 3417/3417/3091 1179/1179/1111 634/634/594
f 3418/3418/3092 631/631/591 3419/3419/3093
f 3420/3420/3094 2096/2096/1954 318/318/300
s 0
f 132/132/3095 3421/3421/3095 133/133/3095
s 1
f 3418/3418/3092 632/632/592 631/631/591
s 0
f 3422/3422/3096 3423/3423/3096 3424/3424/3096
s 1
f 3425/3425/3097 3077/3077/2810 3426/3426/3098
f 3425/3425/3097 1185/1185/1115 3427/3427/3099
f 3425/3425/3097 3426/3426/3098 3428/3428/3100
f 3425/3425/3097 3428/3428/3100 3429/3429/3101
f 3425/3425/3097 3429/3429/3101 1185/1185/1115
f 3425/3425/3097 3427/3427/3099 3077/3077/2810
f 649/649/607 648/648/606 3430/3430/3102
f 2050/2050/1914 1723/1723/1606 2051/2051/1915
f 649/649/607 3430/3430/3102 2815/2815/2598
f 3431/3431/3103 3432/3432/3104 3433/3433/3105
f 45/45/43 44/44/42 3434/3434/3106
f 3435/3435/3107 3203/3203/2905 3436/3436/3108
f 3437/3437/3109 3438/3438/3110 1988/1988/1852
f 3439/3439/3111 3440/3440/3112 1038/1038/977
f 3439/3439/3111 1038/1038/977 3441/3441/3113
f 3437/3437/3109 1988/1988/1852 3442/3442/3114
f 3437/3437/3109 3442/3442/3114 3443/3443/3115
f 3444/3444/3116 3445/3445/3117 1702/1702/1587
f 3444/3444/3116 1702/1702/1587 1701/1701/1586
f 3446/3446/3118 3447/3447/3119 3448/3448/3120
f 3449/3449/3121 710/710/666 712/712/668
f 950/950/894 3450/3450/3122 951/951/895
f 3449/3449/3121 3451/3451/3123 2747/2747/2535
f 3449/3449/3121 2747/2747/2535 710/710/666
f 3452/3452/3124 2335/2335/2160 3453/3453/3125
f 3452/3452/3124 3355/3355/3033 2335/2335/2160
f 3452/3452/3124 3453/3453/3125 3454/3454/3126
f 3452/3452/3124 3356/3356/3034 3355/3355/3033
f 3452/3452/3124 3454/3454/3126 3356/3356/3034
f 3455/3455/3127 3456/3456/3128 1479/1479/1376
f 3455/3455/3127 2342/2342/2167 2343/2343/2168
f 3455/3455/3127 1479/1479/1376 2342/2342/2167
f 2815/2815/2598 3180/3180/2884 1354/1354/1261
f 2815/2815/2598 3430/3430/3102 3180/3180/2884
f 3457/3457/3129 3458/3458/3130 3459/3459/3131
f 3457/3457/3129 3460/3460/3132 3458/3458/3130
f 3281/3281/705 3056/3056/2792 3055/3055/2791
f 2621/2621/2425 916/916/864 3461/3461/3133
f 2621/2621/2425 3462/3462/3134 404/404/384
f 2621/2621/2425 3461/3461/3133 3462/3462/3134
s 0
f 3463/3463/3135 3464/3464/3135 3465/3465/3135
s 1
f 3466/3466/3136 3467/3467/3137 3468/3468/3138
f 3469/3469/3139 3470/3470/3140 2138/2138/1988
f 3471/3471/1571 3472/3472/3141 1120/1120/1052
f 3469/3469/3139 2138/2138/1988 3473/3473/3142
f 1497/1497/1394 1776/1776/1658 1498/1498/1395
f 1497/1497/1394 543/543/506 2141/2141/1991
f 1294/1294/1207 1535/1535/1432 1295/1295/1208
f 1294/1294/1207 1536/1536/1433 1535/1535/1432
f 1294/1294/1207 1017/1017/956 1536/1536/1433
f 1294/1294/1207 1018/1018/957 1017/1017/956
f 435/435/409 1300/1300/1213 3079/3079/2812
f 435/435/409 3079/3079/2812 439/439/413
f 3474/3474/3143 3475/3475/3144 3476/3476/3145
f 3474/3474/3143 3476/3476/3145 3477/3477/3146
f 3474/3474/3143 3477/3477/3146 3478/3478/3147
f 2751/2751/2539 3479/3479/3148 1525/1525/1422
f 3480/3480/3149 390/390/370 394/394/374
s 0
f 3481/3481/493 3482/3482/493 3483/3483/493
s 1
f 1159/1159/1091 3484/3484/3150 1160/1160/1092
f 3485/3485/3151 1971/1971/1836 1972/1972/1837
f 2176/2176/2019 3486/3486/3152 2177/2177/2020
f 2257/2257/2093 2258/2258/2094 3487/3487/3153
f 2257/2257/2093 1448/1448/1348 1576/1576/1470
f 2257/2257/2093 3487/3487/3153 1452/1452/1352
f 2257/2257/2093 1452/1452/1352 1448/1448/1348
f 2335/2335/2160 3355/3355/3033 2336/2336/2161
f 2335/2335/2160 3488/3488/3154 2813/2813/2596
f 1458/1458/1357 3489/3489/3155 3323/3323/3004
f 2335/2335/2160 2813/2813/2596 3453/3453/3125
f 3490/3490/3156 837/837/787 3491/3491/3157
f 3490/3490/3156 3492/3492/3158 3493/3493/3159
f 3490/3490/3156 3493/3493/3159 837/837/787
f 3490/3490/3156 3491/3491/3157 3494/3494/3160
f 3490/3490/3156 3494/3494/3160 3492/3492/3158
f 3495/3495/838 3496/3496/838 3497/3497/3161
f 3495/3495/838 1194/1194/1120 2111/2111/838
f 3495/3495/838 3497/3497/3161 1194/1194/1120
f 3498/3498/838 3062/3062/838 2482/2482/2300
f 3499/3499/3162 3500/3500/3163 2659/2659/2460
f 3499/3499/3162 3115/3115/2838 3500/3500/3163
f 2273/2273/2109 2407/2407/2230 549/549/512
f 3499/3499/3162 2659/2659/2460 3501/3501/3164
f 3076/3076/2809 3077/3077/2810 3427/3427/3099
f 3076/3076/2809 2020/2020/1884 2019/2019/1883
f 3076/3076/2809 3502/3502/3165 2020/2020/1884
f 3076/3076/2809 3427/3427/3099 3502/3502/3165
f 3503/3503/3166 2135/2135/1985 878/878/826
f 3503/3503/3166 877/877/825 3504/3504/3167
f 3503/3503/3166 878/878/826 877/877/825
f 3503/3503/3166 3504/3504/3167 3505/3505/3168
f 3503/3503/3166 3506/3506/3169 2135/2135/1985
f 3503/3503/3166 3505/3505/3168 3506/3506/3169
f 3507/3507/3170 3508/3508/3171 236/236/222
f 3507/3507/3170 3236/3236/2929 3508/3508/3171
f 3507/3507/3170 236/236/222 235/235/221
f 2222/2222/2061 2716/2716/2509 2794/2794/2579
f 3509/3509/3172 1941/1941/1806 2900/2900/2657
f 3510/3510/3173 1321/1321/1232 1320/1320/1231
f 3509/3509/3172 1942/1942/1807 1941/1941/1806
f 3509/3509/3172 3137/3137/2860 1942/1942/1807
f 3510/3510/3173 3511/3511/3174 3512/3512/3175
f 3510/3510/3173 3512/3512/3175 1321/1321/1232
f 779/779/733 1252/1252/1170 780/780/734
f 304/304/286 3513/3513/3176 2520/2520/2336
f 304/304/286 303/303/285 3513/3513/3176
f 1956/1956/1821 3514/3514/3177 927/927/875
f 1956/1956/1821 927/927/875 926/926/874
f 1956/1956/1821 2314/2314/2145 3514/3514/3177
f 3005/3005/2746 1047/1047/985 3515/3515/3178
f 3005/3005/2746 1048/1048/986 1047/1047/985
f 3516/3516/3179 536/536/499 1899/1899/1776
f 2672/2672/2467 2673/2673/2468 3517/3517/3180
f 2672/2672/2467 1058/1058/996 1055/1055/993
f 2672/2672/2467 3518/3518/3181 1058/1058/996
f 2672/2672/2467 3519/3519/3182 3518/3518/3181
f 3520/3520/3183 3521/3521/3184 2178/2178/2021
f 24/24/22 27/27/25 1065/1065/1003
f 2687/2687/2482 3522/3522/3185 3523/3523/3186
f 2687/2687/2482 1947/1947/1812 3522/3522/3185
f 2682/2682/2477 3524/3524/3187 3525/3525/3188
f 2682/2682/2477 3525/3525/3188 2683/2683/2478
f 3526/3526/3189 3193/3193/2895 3527/3527/3190
f 3528/3528/3191 2197/2197/2038 2200/2200/2041
s 0
f 3529/3529/3192 3530/3530/3192 3531/3531/3192
s 1
f 3526/3526/3189 3194/3194/2896 3193/3193/2895
f 3532/3532/3193 2199/2199/2040 2969/2969/2716
f 3395/3395/3070 795/795/747 794/794/746
f 3395/3395/3070 1586/1586/1480 795/795/747
f 3395/3395/3070 3533/3533/3194 1586/1586/1480
f 3534/3534/3195 3535/3535/3196 3536/3536/3197
f 3534/3534/3195 3537/3537/3198 3535/3535/3196
f 3538/3538/3199 674/674/632 2996/2996/2739
f 3538/3538/3199 676/676/634 675/675/633
f 3538/3538/3199 675/675/633 674/674/632
f 3538/3538/3199 2827/2827/2610 676/676/634
f 3538/3538/3199 2996/2996/2739 2827/2827/2610
f 2215/2215/2054 2217/2217/2056 3539/3539/3200
f 2215/2215/2054 3540/3540/3201 2216/2216/2055
f 218/218/208 221/221/211 3541/3541/3202
f 3542/3542/3203 1131/1131/1063 3543/3543/3204
f 3542/3542/3203 3544/3544/3205 1131/1131/1063
f 3545/3545/3206 1792/1792/1674 3546/3546/3207
f 3545/3545/3206 1793/1793/1675 1792/1792/1674
f 3545/3545/3206 3547/3547/3208 3548/3548/3209
f 3545/3545/3206 3546/3546/3207 3547/3547/3208
f 861/861/809 3329/3329/3010 2241/2241/2078
f 861/861/809 2241/2241/2078 1520/1520/1417
f 1661/1661/1546 2524/2524/2340 2758/2758/2546
f 1661/1661/1546 2758/2758/2546 3549/3549/3210
f 1661/1661/1546 1660/1660/1545 2524/2524/2340
f 1656/1656/1541 3550/3550/3211 1657/1657/1542
f 1419/1419/1323 1667/1667/1552 1420/1420/1324
f 1419/1419/1323 1668/1668/1553 1667/1667/1552
f 1419/1419/1323 951/951/895 1668/1668/1553
f 1419/1419/1323 954/954/898 951/951/895
f 491/491/465 493/493/467 2989/2989/2732
f 491/491/465 1180/1180/1112 492/492/466
f 2098/2098/1956 2431/2431/2252 2759/2759/2547
f 2098/2098/1956 2759/2759/2547 2099/2099/1957
f 2098/2098/1956 3104/3104/2829 2432/2432/2253
f 2098/2098/1956 2432/2432/2253 2431/2431/2252
f 2110/2110/1964 2112/2112/1965 2647/2647/2448
f 2110/2110/1964 2647/2647/2448 3551/3551/3212
f 2110/2110/1964 3551/3551/3212 2111/2111/838
f 2114/2114/1967 2355/2355/2178 2115/2115/1968
f 2114/2114/1967 3303/3303/2984 3552/3552/3213
f 2114/2114/1967 3552/3552/3213 2355/2355/2178
f 2114/2114/1967 2121/2121/1974 3303/3303/2984
f 3553/3553/3214 3554/3554/3215 460/460/434
f 56/56/54 2133/2133/1984 57/57/55
f 64/64/62 62/62/60 1475/1475/1372
f 3555/3555/3216 2611/2611/2417 3556/3556/3217
f 3555/3555/3216 2612/2612/2418 2611/2611/2417
f 78/78/76 2796/2796/705 79/79/77
f 91/91/89 90/90/88 468/468/442
f 91/91/89 468/468/442 467/467/441
f 101/101/99 95/95/93 3557/3557/3218
f 104/104/102 2211/2211/2050 105/105/103
f 2419/2419/2242 989/989/930 3558/3558/3219
f 3559/3559/3220 3560/3560/3221 3561/3561/3222
f 386/386/366 258/258/242 387/387/367
f 386/386/366 392/392/372 538/538/501
f 386/386/366 538/538/501 258/258/242
f 3008/3008/2749 3562/3562/3223 2463/2463/2282
f 3008/3008/2749 3563/3563/3224 3562/3562/3223
f 2542/2542/2356 1772/1772/1654 3194/3194/2896
f 2542/2542/2356 1774/1774/1656 1772/1772/1654
f 2539/2539/2353 3564/3564/3225 3565/3565/3226
f 2539/2539/2353 3566/3566/3227 3564/3564/3225
f 2539/2539/2353 3565/3565/3226 2540/2540/2354
f 412/412/392 2204/2204/2045 2202/2202/2043
f 412/412/392 2202/2202/2043 1504/1504/1401
f 412/412/392 418/418/396 2204/2204/2045
f 412/412/392 1504/1504/1401 413/413/393
f 287/287/269 283/283/265 1534/1534/1431
f 287/287/269 1534/1534/1431 126/126/124
f 287/287/269 126/126/124 125/125/123
f 440/440/414 2391/2391/2214 1519/1519/1416
f 440/440/414 1519/1519/1416 2021/2021/1885
f 446/446/420 2022/2022/1886 2749/2749/2537
f 446/446/420 2749/2749/2537 447/447/421
f 593/593/554 3567/3567/3228 1801/1801/1683
f 3568/3568/3229 1514/1514/1411 1512/1512/1409
f 3569/3569/3230 2232/2232/2069 1508/1508/1405
f 3385/3385/3060 3570/3570/3231 3571/3571/3232
f 2732/2732/2523 2735/2735/2149 3341/3341/3022
f 3385/3385/3060 3345/3345/3026 3344/3344/3025
f 3385/3385/3060 3571/3571/3232 3572/3572/2700
f 3385/3385/3060 3386/3386/3061 3570/3570/3231
f 1551/1551/1448 3573/3573/3233 2955/2955/2702
f 1551/1551/1448 1553/1553/1450 3574/3574/3234
f 3575/3575/3235 3576/3576/3236 3577/3577/3237
f 3575/3575/3235 2581/2581/2390 3576/3576/3236
f 3575/3575/3235 2439/2439/2260 2581/2581/2390
f 3575/3575/3235 2440/2440/2261 2439/2439/2260
f 3575/3575/3235 3578/3578/3238 2440/2440/2261
f 3575/3575/3235 3577/3577/3237 3578/3578/3238
f 3579/3579/3239 3580/3580/3240 1483/1483/1380
f 500/500/474 3581/3581/3241 501/501/475
f 500/500/474 192/192/184 1716/1716/1599
f 2586/2586/2395 3582/3582/3242 2587/2587/2396
f 3583/3583/3243 852/852/800 3524/3524/3187
f 3584/3584/3244 3523/3523/3186 3585/3585/3245
f 2586/2586/2395 3586/3586/3246 3582/3582/3242
f 43/43/41 3587/3587/3247 44/44/42
f 3588/3588/3248 2776/2776/2564 3589/3589/3249
f 3588/3588/3248 2777/2777/2565 2776/2776/2564
s 0
f 3590/3590/3250 3591/3591/3250 3592/3592/3250
s 1
f 269/269/253 1199/1199/1125 270/270/254
f 3593/3593/3251 3594/3594/3251 3595/3595/3251
f 1612/1612/1499 1611/1611/1498 3596/3596/3252
f 1612/1612/1499 1395/1395/1299 1400/1400/1304
f 1612/1612/1499 3597/3597/3253 1395/1395/1299
f 1612/1612/1499 3596/3596/3252 3597/3597/3253
f 293/293/275 292/292/274 2617/2617/2421
f 298/298/280 3547/3547/3208 3546/3546/3207
f 298/298/280 3546/3546/3207 299/299/281
f 1447/1447/1347 1578/1578/1472 1448/1448/1348
f 1451/1451/1351 1951/1951/1816 1572/1572/1466
f 2091/2091/1949 2093/2093/1951 3598/3598/3254
f 2091/2091/1949 3598/3598/3254 3599/3599/3255
f 2091/2091/1949 3599/3599/3255 3600/3600/3256
f 2091/2091/1949 3600/3600/3256 2092/2092/1950
s 0
f 3601/3601/705 3602/3602/705 3603/3603/705
s 1
f 2427/2427/2250 2426/2426/2249 3604/3604/3257
f 3605/3605/1037 3606/3606/3258 3607/3607/3259
f 1166/1166/1098 3186/3186/2890 1167/1167/1099
f 1169/1169/1101 2253/2253/2089 3608/3608/3260
f 1169/1169/1101 1164/1164/1096 2253/2253/2089
f 1166/1166/1098 3187/3187/2891 3186/3186/2890
f 3609/3609/3261 3323/3323/3004 3489/3489/3155
f 3610/3610/3262 3611/3611/3263 3612/3612/3264
f 3610/3610/3262 2636/2636/2437 2635/2635/2436
f 3609/3609/3261 3489/3489/3155 2515/2515/2331
f 3609/3609/3261 2515/2515/2331 2514/2514/2330
f 3610/3610/3262 3612/3612/3264 2636/2636/2437
f 353/353/333 3235/3235/2928 354/354/334
f 364/364/344 3613/3613/3265 365/365/345
f 2569/2569/2379 1229/1229/1150 1225/1225/1148
f 653/653/611 2190/2190/2031 654/654/612
f 1695/1695/1580 3614/3614/3266 1696/1696/1581
f 1493/1493/1390 3615/3615/3267 2809/2809/2592
f 1493/1493/1390 3616/3616/3268 3615/3615/3267
f 1493/1493/1390 2809/2809/2592 1494/1494/1391
f 346/346/326 1057/1057/995 3617/3617/3269
f 346/346/326 1059/1059/997 1057/1057/995
f 346/346/326 3617/3617/3269 347/347/327
f 2418/2418/2241 2860/2860/2639 1637/1637/1524
f 2418/2418/2241 1637/1637/1524 507/507/481
f 987/987/928 994/994/933 1651/1651/1536
s 0
f 3618/3618/3270 3619/3619/3270 3620/3620/3270
s 1
f 3621/3621/3271 1466/1466/1363 1465/1465/1362
f 358/358/338 357/357/337 2642/2642/2443
f 2112/2112/1965 1193/1193/1119 1195/1195/1121
f 656/656/614 3622/3622/3272 3623/3623/3273
f 656/656/614 3623/3623/3273 1983/1983/1847
f 656/656/614 658/658/616 3622/3622/3272
f 51/51/49 1846/1846/1727 52/52/50
f 51/51/49 2282/2282/2118 1846/1846/1727
f 34/34/32 30/30/28 1856/1856/1737
f 2135/2135/1985 3506/3506/3169 2136/2136/1986
f 1658/1658/1543 1657/1657/1542 3624/3624/3274
f 1658/1658/1543 3624/3624/3274 2969/2969/2716
f 2839/2839/2620 2841/2841/2622 1032/1032/971
f 1131/1131/1063 2934/2934/2681 3625/3625/3275
f 2618/2618/2422 3626/3626/3276 3138/3138/2861
f 3627/3627/3277 3628/3628/3278 3025/3025/2763
f 1131/1131/1063 3544/3544/3205 3629/3629/3279
f 3627/3627/3277 3630/3630/3280 3628/3628/3278
f 3412/3412/3086 1644/1644/1529 3631/3631/3281
f 3412/3412/3086 3631/3631/3281 1820/1820/1702
f 3632/3632/3282 3346/3346/3027 2843/2843/2624
f 3627/3627/3277 1634/1634/1521 1633/1633/1520
f 2618/2618/2422 2617/2617/2421 3626/3626/3276
f 3627/3627/3277 3633/3633/3283 3630/3630/3280
f 3632/3632/3282 3634/3634/3284 3346/3346/3027
f 3627/3627/3277 3025/3025/2763 1634/1634/1521
f 1131/1131/1063 3629/3629/3279 1132/1132/1064
f 3514/3514/3177 2158/2158/2008 927/927/875
f 3514/3514/3177 2314/2314/2145 3032/3032/2770
f 3514/3514/3177 2159/2159/2009 2158/2158/2008
f 3514/3514/3177 3032/3032/2770 2159/2159/2009
s 0
f 3635/3635/3285 3636/3636/3285 3637/3637/3285
s 1
f 3445/3445/3117 2673/2673/2468 1702/1702/1587
f 3448/3448/3120 2854/2854/2635 3638/3638/3286
f 3448/3448/3120 3638/3638/3286 3639/3639/3287
f 3448/3448/3120 3447/3447/3119 2854/2854/2635
f 2183/2183/1037 2490/2490/2306 2184/2184/2025
f 2183/2183/1037 3640/3640/1037 2490/2490/2306
s 0
f 2183/2183/1037 3352/3352/1037 3640/3640/1037
s 1
f 3177/3177/2881 3176/3176/2880 564/564/527
f 2657/2657/2458 3330/3330/3011 1583/1583/1477
f 3177/3177/2881 564/564/527 562/562/525
f 3179/3179/2883 3180/3180/2884 3430/3430/3102
f 3179/3179/2883 3430/3430/3102 648/648/606
f 3641/3641/3288 789/789/741 3642/3642/3289
f 3643/3643/3290 3278/3278/2964 3277/3277/2963
f 3641/3641/3288 3642/3642/3289 3644/3644/3291
f 1505/1505/1402 1504/1504/1401 1098/1098/1032
f 1505/1505/1402 1098/1098/1032 1094/1094/1029
f 3645/3645/3292 3646/3646/1037 3647/3647/3293
f 3645/3645/3292 3647/3647/3293 3648/3648/3294
f 668/668/626 2460/2460/2279 669/669/627
f 1999/1999/1863 1298/1298/1211 3091/3091/2818
f 1999/1999/1863 3092/3092/2819 1110/1110/1044
f 1773/1773/1655 178/178/170 2006/2006/1870
f 220/220/210 3649/3649/3295 221/221/211
f 220/220/210 2834/2834/2615 3649/3649/3295
f 1021/1021/960 2502/2502/2318 141/141/137
f 2841/2841/2622 1031/1031/970 1032/1032/971
f 2841/2841/2622 2556/2556/2368 1031/1031/970
f 598/598/223 591/591/552 3650/3650/3296
f 595/595/556 1034/1034/973 596/596/557
f 595/595/556 1035/1035/974 1034/1034/973
s 0
f 3651/3651/3297 3652/3652/3297 3653/3653/3297
s 1
f 3654/3654/3298 2136/2136/1986 3506/3506/3169
f 3654/3654/3298 3506/3506/3169 3655/3655/3299
f 1003/1003/942 3117/3117/2840 1004/1004/943
f 1003/1003/942 2888/2888/2645 3117/3117/2840
f 1003/1003/942 2692/2692/2486 2888/2888/2645
f 555/555/518 2014/2014/1878 2012/2012/1876
f 555/555/518 557/557/520 2014/2014/1878
f 1413/1413/1317 2150/2150/2000 573/573/536
f 1413/1413/1317 1416/1416/1320 2150/2150/2000
f 823/823/775 826/826/778 583/583/546
f 834/834/784 1896/1896/1774 3248/3248/2941
f 1321/1321/1232 3512/3512/3175 3656/3656/3300
f 616/616/576 612/612/572 3657/3657/3301
f 616/616/576 3657/3657/3301 1762/1762/1644
f 1664/1664/1549 309/309/291 308/308/290
f 1664/1664/1549 308/308/290 1665/1665/1550
f 3658/3658/3302 3659/3659/3303 631/631/591
f 3658/3658/3302 631/631/591 2441/2441/2262
f 3660/3660/3304 1057/1057/995 1056/1056/994
f 3660/3660/3304 3617/3617/3269 1057/1057/995
f 3660/3660/3304 3661/3661/3305 3617/3617/3269
f 2891/2891/2648 3662/3662/3306 1212/1212/1138
f 2891/2891/2648 3127/3127/2850 3663/3663/3307
f 2891/2891/2648 3663/3663/3307 3662/3662/3306
f 2117/2117/1970 3664/3664/3308 2118/2118/1971
f 2117/2117/1970 1693/1693/1578 3664/3664/3308
f 2117/2117/1970 2120/2120/1973 1691/1691/1576
s 0
f 3665/3665/3309 3666/3666/3309 3667/3667/3309
s 1
f 3228/3228/2921 2400/2400/2223 664/664/622
f 2922/2922/1037 1995/1995/1859 3668/3668/1037
s 0
f 2922/2922/1037 3668/3668/1037 3669/3669/1037
s 1
f 2922/2922/1037 1102/1102/1036 1996/1996/1860
f 2922/2922/1037 1103/1103/1037 1102/1102/1036
f 2922/2922/1037 1996/1996/1860 1995/1995/1859
f 2353/2353/2176 2355/2355/2178 3670/3670/3310
f 3671/3671/3311 3374/3374/3051 2820/2820/2603
f 3672/3672/3312 3373/3373/3050 3372/3372/3049
f 3673/3673/3313 2981/2981/2724 3674/3674/3314
f 3673/3673/3313 2982/2982/2725 2981/2981/2724
f 3673/3673/3313 3674/3674/3314 3675/3675/3315
f 2934/2934/2681 2729/2729/2520 3383/3383/3058
f 2934/2934/2681 3383/3383/3058 3625/3625/3275
f 2741/2741/2531 2740/2740/2530 3064/3064/2797
f 2734/2734/2525 3676/3676/3316 3342/3342/3023
f 2734/2734/2525 3342/3342/3023 2735/2735/2149
f 483/483/457 3677/3677/3317 3317/3317/2998
f 483/483/457 3317/3317/2998 484/484/458
f 483/483/457 3678/3678/3318 3677/3677/3317
f 3073/3073/2806 717/717/673 3319/3319/3000
f 3073/3073/2806 3072/3072/2805 717/717/673
f 1437/1437/1337 1789/1789/1671 2952/2952/2699
f 1437/1437/1337 1433/1433/1335 1789/1789/1671
f 738/738/694 740/740/696 1439/1439/1339
f 3679/3679/3319 2030/2030/1894 3680/3680/838
f 3679/3679/3319 3681/3681/705 2034/2034/1898
f 3679/3679/3319 2034/2034/1898 2030/2030/1894
f 2637/2637/2438 2636/2636/2437 3682/3682/3320
f 757/757/713 756/756/712 2040/2040/1904
f 2824/2824/2607 3683/3683/3321 3359/3359/3037
f 2824/2824/2607 2825/2825/2608 3684/3684/3322
f 3685/3685/3323 3125/3125/2848 3124/3124/2847
f 2589/2589/2398 2994/2994/2737 2590/2590/2399
f 2589/2589/2398 3360/3360/3038 2994/2994/2737
f 2970/2970/2717 406/406/386 407/407/387
f 2970/2970/2717 407/407/387 3033/3033/2771
f 800/800/752 792/792/744 3397/3397/3072
s 0
f 3686/3686/3324 3687/3687/3324 3688/3688/3324
s 1
f 3689/3689/3325 3690/3690/3326 3691/3691/3326
f 3299/3299/2980 1781/1781/1663 1909/1909/1784
f 3299/3299/2980 1499/1499/1396 1498/1498/1395
f 3299/3299/2980 1498/1498/1395 1781/1781/1663
f 1382/1382/1289 3692/3692/3327 1383/1383/1290
f 3308/3308/2989 3307/3307/2988 3597/3597/3253
f 3308/3308/2989 3597/3597/3253 3693/3693/3328
f 1937/1937/1803 1072/1072/1010 1071/1071/1009
f 3626/3626/3276 2617/2617/2421 292/292/274
f 3626/3626/3276 292/292/274 1943/1943/1808
f 3626/3626/3276 1943/1943/1808 3138/3138/2861
f 3508/3508/3171 3236/3236/2929 1080/1080/1017
f 2310/2310/2141 2522/2522/2338 2311/2311/2142
f 2310/2310/2141 922/922/870 2521/2521/2337
f 2623/2623/2427 2092/2092/1950 3600/3600/3256
f 2623/2623/2427 3694/3694/3329 317/317/299
f 2623/2623/2427 317/317/299 316/316/298
f 2623/2623/2427 3600/3600/3256 3694/3694/3329
f 559/559/522 2415/2415/2238 560/560/523
f 3695/3695/3330 2798/2798/2582 2411/2411/2234
f 3695/3695/3330 3696/3696/3331 2798/2798/2582
f 3695/3695/3330 3697/3697/3332 3696/3696/3331
f 3698/3698/3333 328/328/310 1812/1812/1694
f 3698/3698/3333 2629/2629/2431 329/329/311
f 3698/3698/3333 3361/3361/3039 2629/2629/2431
f 3698/3698/3333 1830/1830/1712 3361/3361/3039
f 3698/3698/3333 329/329/311 328/328/310
f 3698/3698/3333 1812/1812/1694 1830/1830/1712
f 3468/3468/3138 3467/3467/3137 335/335/317
f 3468/3468/3138 334/334/316 3699/3699/3334
f 3468/3468/3138 335/335/317 334/334/316
f 3576/3576/3236 2581/2581/2390 3700/3700/3335
s 0
f 3701/3701/3336 3702/3702/3336 3703/3703/3336
s 1
f 3704/3704/3337 2451/2451/2270 3038/3038/2776
f 3705/3705/3338 3706/3706/3339 2454/2454/2273
f 3704/3704/3337 2452/2452/2271 2451/2451/2270
f 1481/1481/1378 3500/3500/3163 3115/3115/2838
f 1481/1481/1378 1486/1486/1383 3500/3500/3163
f 379/379/359 381/381/361 3120/3120/2843
f 379/379/359 3120/3120/2843 2660/2660/2461
f 1279/1279/1192 3707/3707/3340 5/5/5
f 1279/1279/1192 1280/1280/1193 3708/3708/3341
f 1279/1279/1192 3708/3708/3341 3709/3709/3342
f 1279/1279/1192 3709/3709/3342 3707/3707/3340
f 2372/2372/2195 3334/3334/3015 3310/3310/2991
f 2372/2372/2195 214/214/204 1006/1006/945
f 2372/2372/2195 1006/1006/945 3334/3334/3015
f 2910/2910/2665 2145/2145/1995 2911/2911/2666
f 2910/2910/2665 2146/2146/1996 2145/2145/1995
f 2910/2910/2665 3710/3710/3343 2146/2146/1996
f 2910/2910/2665 2918/2918/2669 3710/3710/3343
f 2483/2483/2301 2482/2482/2300 3061/3061/2796
f 2483/2483/2301 3061/3061/2796 3711/3711/3344
f 2490/2490/2306 3712/3712/3345 2185/2185/2026
f 2490/2490/2306 1608/1608/1495 3712/3712/3345
f 2490/2490/2306 2185/2185/2026 2184/2184/2025
f 874/874/822 1185/1185/1115 3429/3429/3101
f 874/874/822 3429/3429/3101 875/875/823
f 3713/3713/3346 3349/3349/3030 3350/3350/3031
f 3713/3713/3346 3350/3350/3031 3714/3714/3347
f 3715/3715/3348 1135/1135/1067 3716/3716/3349
f 2571/2571/2381 3717/3717/3350 2572/2572/2382
f 3718/3718/927 1225/1225/1148 1224/1224/927
f 2577/2577/2386 3719/3719/3351 1077/1077/1015
f 2577/2577/2386 3720/3720/3352 3719/3719/3351
f 2581/2581/2390 2582/2582/2391 3700/3700/3335
f 1348/1348/1255 3721/3721/3353 3722/3722/3354
f 3723/3723/3355 2694/2694/2488 3724/3724/3356
f 1348/1348/1255 1350/1350/1257 3721/3721/3353
f 3723/3723/3355 3725/3725/3357 2694/2694/2488
f 3582/3582/3242 775/775/729 2587/2587/2396
f 3582/3582/3242 3390/3390/3065 775/775/729
f 3582/3582/3242 3586/3586/3246 3390/3390/3065
f 3589/3589/3249 2776/2776/2564 1928/1928/1794
f 3589/3589/3249 1928/1928/1794 1931/1931/1797
f 517/517/489 2873/2873/2642 3726/3726/3358
f 1367/1367/1274 3727/3727/3359 1726/1726/1609
f 1367/1367/1274 1501/1501/1398 1368/1368/1275
f 3272/3272/2958 3274/3274/2960 3432/3432/3104
f 3272/3272/2958 3432/3432/3104 3728/3728/3360
f 837/837/787 3493/3493/3159 838/838/788
f 517/517/489 2600/2600/2407 518/518/490
f 1738/1738/1621 1698/1698/1583 529/529/495
s 0
f 3729/3729/493 526/526/493 2602/2602/493
s 1
f 1809/1809/1691 3604/3604/3257 2752/2752/2540
f 1809/1809/1691 2850/2850/2631 3604/3604/3257
f 3730/3730/3361 3731/3731/3362 3732/3732/3363
f 3733/3733/3364 820/820/772 821/821/773
f 3730/3730/3361 3732/3732/3363 2252/2252/2088
f 3734/3734/3365 3370/3370/3047 3369/3369/3046
f 3733/3733/3364 3735/3735/3366 3736/3736/3367
f 3733/3733/3364 821/821/773 3735/3735/3366
f 3737/3737/3368 1235/1235/1153 3738/3738/3369
f 3737/3737/3368 2009/2009/1873 1235/1235/1153
f 3739/3739/3370 1710/1710/1595 2765/2765/2553
f 2271/2271/2107 2270/2270/2106 2646/2646/2447
s 0
f 3740/3740/3371 3741/3741/3371 3742/3742/3371
s 1
f 3743/3743/3372 3744/3744/3373 3745/3745/3371
s 0
f 3746/3746/3374 3747/3747/3374 3748/3748/3374
s 1
f 3403/3403/3078 3662/3662/3306 3663/3663/3307
f 3403/3403/3078 3402/3402/3077 3662/3662/3306
f 3403/3403/3078 3663/3663/3307 3749/3749/3375
f 1476/1476/1373 2056/2056/1920 3750/3750/3376
s 0
f 3751/3751/3377 3752/3752/3377 3753/3753/3377
s 1
f 2717/2717/2510 2300/2300/2134 77/77/75
f 2717/2717/2510 2301/2301/2135 2300/2300/2134
f 3754/3754/3378 3755/3755/3379 3756/3756/3380
f 3757/3757/3381 2953/2953/2700 3758/3758/3382
f 3243/3243/2936 3022/3022/2760 3759/3759/3383
f 3757/3757/3381 3760/3760/3384 2953/2953/2700
f 3761/3761/3385 3027/3027/2765 3028/3028/2766
f 1896/1896/1774 3762/3762/3386 3248/3248/2941
f 1896/1896/1774 1895/1895/1773 3762/3762/3386
s 0
f 3763/3763/1526 3764/3764/1526 3765/3765/1526
s 1
f 2673/2673/2468 3766/3766/3387 3517/3517/3180
f 1060/1060/998 2506/2506/2322 445/445/419
f 3767/3767/3388 3768/3768/3389 3357/3357/3035
f 3767/3767/3388 3357/3357/3035 3356/3356/3034
s 0
f 3769/3769/3390 3770/3770/3390 3771/3771/3390
s 1
f 3767/3767/3388 3356/3356/3034 3454/3454/3126
s 0
f 3772/3772/3391 3773/3773/3391 3774/3774/3391
s 1
f 3767/3767/3388 3454/3454/3126 1068/1068/1006
f 2678/2678/2473 2517/2517/2333 1563/1563/1459
f 2678/2678/2473 3004/3004/2745 2679/2679/2474
s 0
f 3775/3775/3392 3776/3776/3392 3777/3777/3392
f 3778/3778/3393 3779/3779/3393 3780/3780/3393
s 1
f 2684/2684/2479 2193/2193/2034 170/170/162
f 2684/2684/2479 2194/2194/2035 2193/2193/2034
f 2274/2274/2110 3781/3781/3394 1004/1004/943
f 3782/3782/3395 3335/3335/3016 1005/1005/944
f 2274/2274/2110 1004/1004/943 2275/2275/2111
f 2274/2274/2110 551/551/514 3783/3783/3396
f 184/184/176 2281/2281/2117 185/185/177
f 184/184/176 1851/1851/1732 2281/2281/2117
f 184/184/176 183/183/175 1848/1848/1729
s 0
f 3784/3784/3397 3785/3785/3397 3786/3786/3397
s 1
f 2990/2990/2733 2695/2695/2489 3359/3359/3037
f 2990/2990/2733 3359/3359/3037 3683/3683/3321
f 198/198/188 200/200/190 2361/2361/2184
f 3787/3787/3398 2468/2468/2287 3788/3788/3399
f 3787/3787/3398 3789/3789/3400 2468/2468/2287
f 2709/2709/2503 2711/2711/2505 3790/3790/3401
f 2709/2709/2503 3790/3790/3401 3791/3791/3402
f 3052/3052/2788 3792/3792/3403 3053/3053/2789
f 3052/3052/2788 3793/3793/3404 3792/3792/3403
f 3794/3794/3405 3716/3716/3349 1135/1135/1067
f 3795/3795/3406 1318/1318/1229 608/608/568
f 3794/3794/3405 1134/1134/1066 3796/3796/3407
f 3794/3794/3405 1135/1135/1067 1134/1134/1066
f 3795/3795/3406 3797/3797/3408 1318/1318/1229
f 3795/3795/3406 608/608/568 3349/3349/3030
f 3557/3557/3218 95/95/93 3798/3798/3409
f 3557/3557/3218 3798/3798/3409 3799/3799/3410
f 3800/3800/3411 1034/1034/973 1039/1039/978
f 3202/3202/2904 3436/3436/3108 3203/3203/2905
f 3800/3800/3411 596/596/557 1034/1034/973
f 3800/3800/3411 3801/3801/3412 596/596/557
f 710/710/666 2747/2747/2535 2022/2022/1886
f 3802/3802/3413 2190/2190/2031 3803/3803/3414
f 3804/3804/3415 3721/3721/3353 1350/1350/1257
f 3802/3802/3413 2344/2344/2169 2345/2345/2170
f 3802/3802/3413 2345/2345/2170 654/654/612
f 3802/3802/3413 654/654/612 2190/2190/2031
f 3522/3522/3185 1947/1947/1812 1946/1946/1811
f 3522/3522/3185 1946/1946/1811 3585/3585/3245
f 3522/3522/3185 3585/3585/3245 3523/3523/3186
s 0
f 3805/3805/3416 3806/3806/3416 3807/3807/3416
f 3808/3808/3417 3809/3809/3417 3810/3810/3417
s 1
f 2780/2780/2568 770/770/724 58/58/56
f 2364/2364/2187 2363/2363/2186 3811/3811/3418
f 2364/2364/2187 3811/3811/3418 3812/3812/3419
f 2376/2376/2199 2833/2833/2614 2377/2377/2200
f 3813/3813/3420 3015/3015/2753 464/464/438
f 3813/3813/3420 2495/2495/2311 3015/3015/2753
f 2553/2553/2365 2552/2552/2364 3814/3814/3421
f 3813/3813/3420 2496/2496/2312 2495/2495/2311
f 2936/2936/2683 2021/2021/1885 1518/1518/1415
f 2936/2936/2683 438/438/412 2021/2021/1885
f 3443/3443/3115 3442/3442/3114 3815/3815/3422
f 2425/2425/2248 2208/2208/2049 2426/2426/2249
f 2425/2425/2248 2428/2428/1245 3816/3816/1245
f 2986/2986/2729 582/582/545 581/581/544
f 3817/3817/3423 493/493/467 495/495/469
f 3817/3817/3423 3818/3818/3424 493/493/467
f 3819/3819/3425 155/155/149 152/152/146
f 3820/3820/3426 3821/3821/3427 3822/3822/3428
f 3820/3820/3426 3823/3823/705 3821/3821/3427
f 3824/3824/3429 2646/2646/2447 2270/2270/2106
f 3409/3409/3084 2405/2405/2228 3825/3825/3430
f 3826/3826/3431 2811/2811/2594 487/487/461
f 3409/3409/3084 3408/3408/3083 2405/2405/2228
f 3827/3827/3432 862/862/810 860/860/808
f 2281/2281/2117 186/186/178 185/185/177
f 3828/3828/3433 3829/3829/3434 3830/3830/3435
f 3828/3828/3433 3831/3831/3436 3428/3428/3100
f 3828/3828/3433 3830/3830/3435 3831/3831/3436
f 2284/2284/2120 2287/2287/2123 3832/3832/3437
f 3833/3833/3438 2703/2703/2497 3834/3834/3439
f 2788/2788/2574 2291/2291/2127 272/272/256
f 2788/2788/2574 272/272/256 274/274/258
f 2788/2788/2574 274/274/258 2789/2789/1037
f 2000/2000/1864 1109/1109/1043 3339/3339/3020
f 1293/1293/1206 1015/1015/954 1018/1018/957
f 1293/1293/1206 3338/3338/3019 1015/1015/954
f 86/86/84 900/900/848 87/87/85
f 86/86/84 3835/3835/3440 900/900/848
f 1327/1327/1238 3836/3836/3441 3837/3837/3442
f 1327/1327/1238 3837/3837/3442 1328/1328/1239
f 3707/3707/3340 998/998/937 5/5/5
f 2312/2312/2143 3461/3461/3133 916/916/864
f 387/387/367 1495/1495/1392 388/388/368
f 397/397/377 206/206/196 205/205/195
f 397/397/377 205/205/195 398/398/378
f 2468/2468/2287 3789/3789/3400 2469/2469/2288
f 2468/2468/2287 690/690/648 3788/3788/3399
f 1508/1508/1405 2232/2232/2069 1266/1266/1181
f 2482/2482/2300 3062/3062/838 3061/3061/2796
f 3838/3838/3443 2750/2750/2538 3451/3451/3123
f 3289/3289/2974 1148/1148/1080 1147/1147/1079
f 3839/3839/3444 953/953/897 3387/3387/3062
f 2572/2572/2382 3570/3570/3231 3386/3386/3061
f 2572/2572/2382 3717/3717/3350 3570/3570/3231
f 2572/2572/2382 3386/3386/3061 2573/2573/2383
f 1552/1552/1449 1550/1550/1447 339/339/321
f 1552/1552/1449 338/338/320 1553/1553/1450
f 1552/1552/1449 339/339/321 338/338/320
f 3840/3840/3445 2087/2087/1945 3841/3841/3446
f 3840/3840/3445 3841/3841/3446 948/948/892
f 3840/3840/3445 2959/2959/2706 2087/2087/1945
f 1074/1074/1012 2518/2518/2334 161/161/155
f 789/789/741 332/332/314 3642/3642/3289
f 796/796/748 2531/2531/2345 797/797/749
f 796/796/748 798/798/750 1588/1588/1482
s 0
f 3842/3842/3447 3843/3843/3447 3844/3844/3447
s 1
f 3845/3845/3448 3846/3846/3448 3847/3847/3448
f 1902/1902/1779 1904/1904/1781 1600/1600/1488
f 3848/3848/3449 3849/3849/3450 2404/2404/2227
f 3848/3848/3449 2404/2404/2227 1374/1374/1281
f 3117/3117/2840 2275/2275/2111 1004/1004/943
f 3117/3117/2840 2888/2888/2645 2887/2887/2644
f 2981/2981/2724 2013/2013/1877 3674/3674/3314
f 1717/1717/1600 3696/3696/3331 3697/3697/3332
f 1717/1717/1600 1719/1719/1602 3696/3696/3331
f 1792/1792/1674 2417/2417/2240 3546/3546/3207
f 1952/1952/1817 1450/1450/1350 2350/2350/2173
f 1952/1952/1817 511/511/485 1953/1953/1818
f 2093/2093/1951 2094/2094/1952 3850/3850/3451
f 2093/2093/1951 3851/3851/3452 3598/3598/3254
f 2093/2093/1951 3850/3850/3451 3851/3851/3452
f 2752/2752/2540 2426/2426/2249 3852/3852/3453
f 2752/2752/2540 3604/3604/3257 2426/2426/2249
f 2752/2752/2540 3852/3852/3453 2625/2625/2428
f 2752/2752/2540 2625/2625/2428 2753/2753/2541
f 2431/2431/2252 2901/2901/2658 2759/2759/2547
f 2762/2762/2550 3853/3853/3454 1425/1425/1329
f 3854/3854/3455 3314/3314/2995 1703/1703/1588
f 2762/2762/2550 1425/1425/1329 621/621/581
f 3854/3854/3455 3315/3315/2996 3314/3314/2995
f 627/627/587 629/629/589 1674/1674/1559
f 3855/3855/3456 3856/3856/3457 3857/3857/3458
f 3855/3855/3456 3857/3857/3458 2580/2580/2389
f 3855/3855/3456 2580/2580/2389 633/633/593
f 2774/2774/2562 2773/2773/2561 37/37/35
f 2449/2449/2268 880/880/828 881/881/829
f 158/158/152 162/162/156 2680/2680/2475
f 3441/3441/3113 3614/3614/3266 3858/3858/3459
f 3438/3438/3110 1745/1745/1628 1730/1730/1613
f 3441/3441/3113 1696/1696/1581 3614/3614/3266
f 3441/3441/3113 1038/1038/977 1696/1696/1581
f 3438/3438/3110 1730/1730/1613 1988/1988/1852
f 1993/1993/1857 810/810/762 2249/2249/2086
f 1235/1235/1153 2437/2437/2258 3738/3738/3369
f 1235/1235/1153 2009/2009/1873 1236/1236/1154
f 3859/3859/3460 2545/2545/2359 3860/3860/705
f 3859/3859/3460 1287/1287/1200 2545/2545/2359
f 3859/3859/3460 3861/3861/3461 1288/1288/1201
f 3862/3862/3462 2014/2014/1878 3863/3863/3463
f 3859/3859/3460 1288/1288/1201 1287/1287/1200
f 3864/3864/3464 2835/2835/2616 1298/1298/1211
f 1300/1300/1213 3080/3080/2813 3079/3079/2812
f 3865/3865/3465 3866/3866/3466 1023/1023/962
f 464/464/438 3015/3015/2753 465/465/439
f 2027/2027/1891 2026/2026/1890 3799/3799/3410
f 2027/2027/1891 1547/1547/1444 732/732/688
f 2027/2027/1891 3798/3798/3409 1547/1547/1444
f 2027/2027/1891 3799/3799/3410 3798/3798/3409
f 2032/2032/1896 3867/3867/3467 2033/2033/1897
f 2032/2032/1896 2038/2038/1902 3868/3868/3468
f 3829/3829/3434 3869/3869/3469 3830/3830/3435
f 3870/3870/3470 3535/3535/3196 3537/3537/3198
f 3870/3870/3470 3537/3537/3198 3724/3724/3356
f 3870/3870/3470 3724/3724/3356 2693/2693/2487
f 2053/2053/1917 3871/3871/3471 2054/2054/1918
f 2051/2051/1915 1723/1723/1606 1722/1722/1605
f 3872/3872/3472 518/518/490 2600/2600/2407
s 0
f 3873/3873/3473 3874/3874/3473 3875/3875/3473
s 1
f 2069/2069/1933 3458/3458/3130 2070/2070/1934
f 2069/2069/1933 3560/3560/3221 3459/3459/3131
f 2069/2069/1933 3459/3459/3131 3458/3458/3130
f 2069/2069/1933 3561/3561/3222 3560/3560/3221
f 1218/1218/1144 1679/1679/1564 1857/1857/1738
f 421/421/399 420/420/398 3876/3876/927
f 3655/3655/3299 3506/3506/3169 3505/3505/3168
s 0
f 3877/3877/3474 3878/3878/3474 3879/3879/3474
f 3880/3880/3475 3881/3881/3475 3882/3882/3475
f 3883/3883/3476 3884/3884/3476 3885/3885/3476
s 1
f 3886/3886/3477 1121/1121/1053 3472/3472/3141
f 3887/3887/3478 2224/2224/2063 2223/2223/2062
f 3887/3887/3478 2223/2223/2062 3288/3288/2973
s 0
f 3888/3888/3479 3889/3889/3479 3890/3890/3479
s 1
f 1027/1027/966 1407/1407/1311 1406/1406/1310
s 0
f 3891/3891/3480 3892/3892/3480 3893/3893/3480
s 1
f 173/173/165 172/172/164 1415/1415/1319
f 173/173/165 1415/1415/1319 1414/1414/1318
f 1670/1670/1555 1665/1665/1550 3209/3209/2911
f 1670/1670/1555 3209/3209/2911 3894/3894/3481
f 1426/1426/1330 2263/2263/2099 3213/3213/2915
f 1426/1426/1330 3213/3213/2915 1427/1427/1331
f 1965/1965/1830 1964/1964/1829 90/90/88
f 1168/1168/1100 1167/1167/1099 3657/3657/3301
f 1168/1168/1100 3657/3657/3301 2316/2316/2147
f 1823/1823/1705 2861/2861/2640 1975/1975/1840
f 1823/1823/1705 1824/1824/1706 2861/2861/2640
f 769/769/723 59/59/57 770/770/724
f 2341/2341/2166 375/375/355 372/372/352
f 3098/3098/2825 1482/1482/1379 3895/3895/3482
f 3896/3896/3483 3815/3815/3422 3442/3442/3114
f 663/663/621 664/664/622 2400/2400/2223
f 663/663/621 2400/2400/2223 2399/2399/2222
f 3896/3896/3483 3442/3442/3114 1988/1988/1852
f 3615/3615/3267 1050/1050/988 1045/1045/983
f 3615/3615/3267 3616/3616/3268 1050/1050/988
f 3615/3615/3267 1045/1045/983 2809/2809/2592
f 1056/1056/994 1058/1058/996 3518/3518/3181
s 0
f 3222/3222/1037 3221/3221/1037 3897/3897/1037
s 1
f 1604/1604/1491 3898/3898/3484 1605/1605/1492
f 2812/2812/2595 3453/3453/3125 2813/2813/2596
f 2812/2812/2595 1068/1068/1006 3454/3454/3126
f 2812/2812/2595 3454/3454/3126 3453/3453/3125
f 160/160/154 159/159/153 763/763/719
f 1355/1355/1262 1360/1360/1267 976/976/918
f 2969/2969/2716 2199/2199/2040 406/406/386
f 3899/3899/3485 2045/2045/1909 1787/1787/1669
f 3214/3214/2916 2798/2798/2582 3696/3696/3331
f 3214/3214/2916 3696/3696/3331 1719/1719/1602
f 3899/3899/3485 1787/1787/1669 1786/1786/1668
f 1776/1776/1658 1781/1781/1663 1498/1498/1395
f 2573/2573/2383 3343/3343/3024 2574/2574/2384
f 3900/3900/3486 3065/3065/2798 3316/3316/2997
f 243/243/227 1522/1522/1419 244/244/228
f 1154/1154/1086 3901/3901/3487 3902/3902/3488
f 1154/1154/1086 1151/1151/1083 3901/3901/3487
f 2852/2852/2633 2854/2854/2635 3447/3447/3119
f 2852/2852/2633 3447/3447/3119 3903/3903/3489
f 1572/1572/1466 1951/1951/1816 1573/1573/1467
f 1578/1578/1472 1576/1576/1470 1448/1448/1348
s 0
f 3904/3904/3490 3905/3905/3490 3906/3906/3490
s 1
f 1214/1214/1140 3662/3662/3306 2101/2101/1959
f 1214/1214/1140 1212/1212/1138 3662/3662/3306
f 2118/2118/1971 1983/1983/1847 3623/3623/3273
f 2118/2118/1971 3664/3664/3308 1983/1983/1847
f 2118/2118/1971 3623/3623/3273 2119/2119/1972
f 1202/1202/1128 3907/3907/3491 2560/2560/2372
f 1202/1202/1128 2560/2560/2372 1206/1206/1132
s 0
f 3908/3908/3492 3909/3909/3492 3910/3910/3492
s 1
f 2465/2465/2284 3562/3562/3223 2976/2976/2721
f 2465/2465/2284 2464/2464/2283 3562/3562/3223
s 0
f 3911/3911/3493 3912/3912/3493 3913/3913/3493
s 1
f 1401/1401/1305 1399/1399/1303 1877/1877/1756
f 2208/2208/2049 3852/3852/3453 2426/2426/2249
f 2208/2208/2049 2625/2625/2428 3852/3852/3453
f 2627/2627/2429 3914/3914/3494 3644/3644/3291
f 2627/2627/2429 983/983/925 3914/3914/3494
f 2627/2627/2429 3642/3642/3289 2628/2628/2430
f 2627/2627/2429 3644/3644/3291 3642/3642/3289
f 3915/3915/3495 3916/3916/3496 2477/2477/2296
f 3915/3915/3495 3917/3917/3497 3916/3916/3496
f 3915/3915/3495 2477/2477/2296 3918/3918/3498
f 3919/3919/3499 3476/3476/3145 3920/3920/3500
f 3915/3915/3495 3921/3921/3501 3917/3917/3497
s 0
f 3922/3922/493 532/532/493 531/531/493
s 1
f 2805/2805/493 3252/3252/2945 2806/2806/2589
f 3922/3922/493 3650/3650/3296 3251/3251/2944
f 3922/3922/493 531/531/493 3650/3650/3296
f 3923/3923/3502 260/260/244 536/536/499
f 16/16/14 445/445/419 17/17/15
f 1065/1065/1003 27/27/25 3376/3376/3053
f 1563/1563/1459 2517/2517/2333 1564/1564/1460
f 3924/3924/3503 1581/1581/1475 862/862/810
f 2405/2405/2228 3408/3408/3083 546/546/509
f 384/384/364 383/383/363 1585/1585/1479
f 2045/2045/1909 3925/3925/3504 1787/1787/1669
f 2045/2045/1909 1371/1371/1278 3925/3925/3504
f 2702/2702/2496 3926/3926/3505 2703/2703/2497
f 222/222/212 3927/3927/3506 2378/2378/2201
f 222/222/212 219/219/209 3927/3927/3506
f 1881/1881/1760 1318/1318/1229 3797/3797/3408
s 0
f 2308/2308/223 3928/3928/223 2309/2309/223
f 2308/2308/223 3929/3929/223 3928/3928/223
s 1
f 2737/2737/2527 3711/3711/3344 2738/2738/2528
s 0
f 3930/3930/3507 3931/3931/3507 3932/3932/3507
s 1
f 3933/3933/3508 3035/3035/2773 3034/3034/2772
s 0
f 3934/3934/3509 3935/3935/3509 3936/3936/3509
s 1
f 3937/3937/3510 2631/2631/2433 2630/2630/2432
f 493/493/467 3818/3818/3424 2989/2989/2732
f 2524/2524/2340 2760/2760/2548 2758/2758/2546
f 2524/2524/2340 3938/3938/3511 2760/2760/2548
f 2355/2355/2178 3552/3552/3213 3670/3670/3310
f 1849/1849/1730 1848/1848/1729 2473/2473/2292
f 2291/2291/2127 2787/2787/2573 69/69/67
f 80/80/78 81/81/79 753/753/709
f 1967/1967/1832 3939/3939/3512 3940/3940/3513
f 1967/1967/1832 1966/1966/1831 3939/3939/3512
f 107/107/105 3941/3941/3514 108/108/106
f 2807/2807/2590 2806/2806/2589 3250/3250/2943
f 3942/3942/3515 1599/1599/1487 392/392/372
f 3942/3942/3515 392/392/372 393/393/373
f 3943/3943/3516 3944/3944/3517 3945/3945/3518
f 3369/3369/3046 3946/3946/3519 3947/3947/3520
f 3369/3369/3046 3371/3371/3048 3946/3946/3519
f 3738/3738/3369 2437/2437/2258 409/409/389
f 2545/2545/2359 1287/1287/1200 2546/2546/2360
f 2545/2545/2359 2547/2547/2361 3860/3860/705
f 1251/1251/1169 1250/1250/1168 3321/3321/3002
f 2555/2555/2367 2391/2391/2214 2390/2390/2213
f 3712/3712/3345 1608/1608/1495 1605/1605/1492
f 3712/3712/3345 1605/1605/1492 3948/3948/3521
f 3712/3712/3345 3948/3948/3521 2185/2185/2026
f 1803/1803/1685 599/599/559 597/597/558
f 3015/3015/2753 2495/2495/2311 3016/3016/2754
f 3570/3570/3231 3717/3717/3350 3949/3949/3522
f 3570/3570/3231 3949/3949/3522 3571/3571/3232
f 3950/3950/3523 1553/1553/1450 338/338/320
f 3950/3950/3523 3574/3574/3234 1553/1553/1450
f 3951/3951/3524 347/347/327 3617/3617/3269
f 2440/2440/2261 3952/3952/3525 2441/2441/2262
f 3456/3456/3128 1483/1483/1380 1479/1479/1376
f 1358/1358/1265 1361/1361/1268 3953/3953/3526
f 3954/3954/3527 2967/2967/2714 2966/2966/2713
f 3954/3954/3527 2966/2966/2713 3871/3871/3471
f 1374/1374/1281 2404/2404/2227 1375/1375/1282
f 3955/3955/3528 2459/2459/2278 2461/2461/2280
f 3956/3956/3529 3957/3957/3529 3958/3958/3529
f 3916/3916/3496 3917/3917/3497 2305/2305/2139
f 3916/3916/3496 2304/2304/2138 2477/2477/2296
f 3916/3916/3496 2305/2305/2139 2304/2304/2138
f 2521/2521/2337 922/922/870 3959/3959/3530
f 2753/2753/2541 2624/2624/1037 2754/2754/2542
f 2753/2753/2541 2625/2625/2428 2624/2624/1037
f 3611/3611/3263 3960/3960/3531 3612/3612/3264
f 2132/2132/1983 1470/1470/1367 2638/2638/2439
f 3961/3961/3532 3017/3017/2755 1892/1892/1770
f 3962/3962/3533 1727/1727/1610 1726/1726/1609
f 3962/3962/3533 1726/1726/1609 3727/3727/3359
f 2359/2359/2182 1207/1207/1133 1205/1205/1131
f 2729/2729/2520 871/871/819 3383/3383/3058
f 3112/3112/2835 3064/3064/2797 2885/2885/838
f 3112/3112/2835 3963/3963/3534 3064/3064/2797
f 1012/1012/951 1016/1016/955 2498/2498/2314
f 1543/1543/1440 1547/1547/1444 3798/3798/3409
f 1543/1543/1440 3798/3798/3409 95/95/93
f 2957/2957/2704 3264/3264/2952 1550/1550/1447
f 3868/3868/3468 2038/2038/1902 3964/3964/3535
f 3965/3965/3536 3132/3132/2855 3131/3131/2854
f 3966/3966/3537 2960/2960/2707 2962/2962/2709
f 2296/2296/2130 1558/1558/1455 2041/2041/1905
f 840/840/790 3967/3967/3538 841/841/791
f 2902/2902/2659 2540/2540/2354 3550/3550/3211
f 2757/2757/2545 3549/3549/3210 2758/2758/2546
f 2902/2902/2659 1090/1090/1025 2540/2540/2354
f 3458/3458/3130 3460/3460/3132 2070/2070/1934
f 3968/3968/3539 3662/3662/3306 3402/3402/3077
f 3968/3968/3539 2101/2101/1959 3662/3662/3306
f 3968/3968/3539 3402/3402/3077 3234/3234/2927
f 3968/3968/3539 3233/3233/2926 2101/2101/1959
f 3968/3968/3539 3234/3234/2927 3233/3233/2926
s 0
f 2869/2869/927 3969/3969/927 2870/2870/927
s 1
f 177/177/169 548/548/511 2006/2006/1870
f 177/177/169 2006/2006/1870 178/178/170
f 2013/2013/1877 3675/3675/3315 3674/3674/3314
f 1644/1644/1529 1643/1643/1528 3631/3631/3281
f 609/609/569 3970/3970/3540 3415/3415/3089
f 3186/3186/2890 1763/1763/1645 1167/1167/1099
f 620/620/580 1173/1173/1105 621/621/581
f 920/920/868 3971/3971/3541 921/921/869
f 620/620/580 1174/1174/1106 1173/1173/1105
f 629/629/589 634/634/594 1178/1178/1110
f 641/641/599 636/636/596 2048/2048/1912
f 641/641/599 2048/2048/1912 2286/2286/2122
f 1986/1986/1850 1983/1983/1847 3664/3664/3308
f 1986/1986/1850 3664/3664/3308 1693/1693/1578
f 946/946/890 3841/3841/3446 2087/2087/1945
f 946/946/890 2088/2088/1946 815/815/767
f 946/946/890 948/948/892 3841/3841/3446
f 3972/3972/3542 3973/3973/3543 3721/3721/3353
f 1360/1360/1267 1354/1354/1261 3180/3180/2884
f 980/980/922 982/982/924 2061/2061/1925
f 2821/2821/2604 2469/2469/2288 3789/3789/3400
f 1742/1742/1625 1744/1744/1627 3974/3974/3544
f 3975/3975/3545 3333/3333/3014 3976/3976/3546
f 3334/3334/3015 1005/1005/944 3335/3335/3016
f 3334/3334/3015 1006/1006/945 1005/1005/944
f 1779/1779/1661 1782/1782/1664 3977/3977/3547
f 2494/2494/2310 3016/3016/2754 2495/2495/2311
f 2494/2494/2310 1890/1890/1768 1892/1892/1770
f 2494/2494/2310 1892/1892/1770 3016/3016/2754
f 3978/3978/3548 2501/2501/2317 3337/3337/3018
f 3979/3979/3549 1024/1024/963 3866/3866/3466
f 3979/3979/3549 2837/2837/2618 1024/1024/963
f 1139/1139/1071 1302/1302/1215 1140/1140/1072
f 2556/2556/2368 2845/2845/2626 2557/2557/2369
f 1160/1160/1092 2810/2810/2593 1161/1161/1093
f 1160/1160/1092 3980/3980/3550 2810/2810/2593
f 1160/1160/1092 3484/3484/3150 3980/3980/3550
f 2854/2854/2635 2179/2179/2022 3638/3638/3286
f 3981/3981/3551 3982/3982/3552 3491/3491/3157
f 1581/1581/1475 3501/3501/3164 1582/1582/1476
f 1852/1852/1733 1846/1846/1727 2282/2282/2118
f 3831/3831/3436 875/875/823 3429/3429/3101
f 3831/3831/3436 3830/3830/3435 3983/3983/3553
f 3831/3831/3436 3983/3983/3553 875/875/823
f 3831/3831/3436 3429/3429/3101 3428/3428/3100
f 877/877/825 880/880/828 3504/3504/3167
f 1876/1876/1755 1877/1877/1756 1399/1399/1303
f 904/904/852 900/900/848 3835/3835/3440
f 3984/3984/3554 3985/3985/3555 3512/3512/3175
f 904/904/852 3986/3986/3556 905/905/853
f 3984/3984/3554 3512/3512/3175 3511/3511/3174
f 563/563/526 560/560/523 2239/2239/2076
f 2808/2808/2591 1496/1496/1393 2809/2809/2592
f 2095/2095/1953 318/318/300 2096/2096/1954
f 30/30/28 875/875/823 3983/3983/3553
f 30/30/28 3983/3983/3553 1856/1856/1737
f 38/38/36 40/40/38 3327/3327/3008
f 38/38/36 650/650/608 39/39/37
f 548/548/511 2007/2007/1871 2006/2006/1870
f 1239/1239/1157 3987/3987/3557 896/896/844
f 1239/1239/1157 896/896/844 1126/1126/1058
f 2629/2629/2431 3361/3361/3039 979/979/921
f 2629/2629/2431 2628/2628/2430 329/329/311
f 2153/2153/2003 3478/3478/3147 3477/3477/3146
f 2153/2153/2003 3477/3477/3146 2154/2154/2004
f 591/591/552 3251/3251/2944 3650/3650/3296
f 3988/3988/3558 3744/3744/3373 2170/2170/2016
f 3989/3989/3559 1440/1440/1340 1439/1439/1339
f 2177/2177/2020 3486/3486/3152 3990/3990/3560
f 3607/3607/3259 3606/3606/3258 3991/3991/3561
f 3607/3607/3259 3991/3991/3561 3992/3992/3562
f 743/743/699 3948/3948/3521 3898/3898/3484
f 743/743/699 2185/2185/2026 3948/3948/3521
f 3273/3273/2959 3433/3433/3105 3274/3274/2960
f 169/169/161 170/170/162 2193/2193/2034
f 169/169/161 2193/2193/2034 2192/2192/2033
f 169/169/161 2192/2192/2033 851/851/799
f 2204/2204/2045 418/418/396 2205/2205/2046
f 3993/3993/3563 3946/3946/3519 3371/3371/3048
f 3994/3994/3564 3788/3788/3399 690/690/648
f 865/865/813 3383/3383/3058 871/871/819
f 2574/2574/2384 708/708/664 3995/3995/3565
f 2574/2574/2384 3343/3343/3024 708/708/664
s 0
f 3996/3996/3028 3997/3997/3028 3998/3998/3028
s 1
f 1378/1378/1285 1375/1375/1282 1499/1499/1396
f 3302/3302/2983 3285/3285/2970 3303/3303/2984
f 3302/3302/2983 3286/3286/2971 3285/3285/2970
f 2983/2983/2726 2930/2930/2677 554/554/517
f 715/715/671 1427/1427/1331 3318/3318/2999
f 612/612/572 2316/2316/2147 3657/3657/3301
s 0
f 3999/3999/3566 4000/4000/3566 4001/4001/3566
f 4002/4002/3567 4003/4003/3567 4004/4004/3567
s 1
f 3719/3719/3351 3720/3720/3352 4005/4005/3568
f 3500/3500/3163 2658/2658/2459 2659/2659/2460
f 3500/3500/3163 1486/1486/1383 2658/2658/2459
f 3714/3714/3347 3350/3350/3031 469/469/443
f 209/209/199 1006/1006/945 214/214/204
f 1298/1298/1211 2835/2835/2616 3091/3091/2818
f 2735/2735/2149 3342/3342/3023 3341/3341/3022
f 1061/1061/999 1062/1062/1000 2844/2844/2625
f 461/461/435 460/460/434 3554/3554/3215
f 461/461/435 3554/3554/3215 21/21/19
f 4006/4006/3569 1332/1332/1243 1338/1338/1249
s 0
f 4007/4007/3570 4008/4008/3570 4009/4009/3570
s 1
f 3869/3869/3469 2607/2607/2413 3830/3830/3435
f 2693/2693/2487 3724/3724/3356 2694/2694/2488
f 3750/3750/3376 2056/2056/1920 4010/4010/3571
f 2965/2965/2712 2054/2054/1918 2966/2966/2713
f 3361/3361/3039 2062/2062/1926 979/979/921
f 3307/3307/2988 1393/1393/1297 1396/1396/1300
f 3307/3307/2988 1396/1396/1300 3597/3597/3253
f 3021/3021/2759 299/299/281 4011/4011/3572
f 3021/3021/2759 300/300/282 299/299/281
f 3021/3021/2759 3024/3024/2762 300/300/282
f 3021/3021/2759 4011/4011/3572 3022/3022/2760
f 1636/1636/1523 3027/3027/2765 4012/4012/3573
f 1636/1636/1523 4012/4012/3573 1637/1637/1524
f 4013/4013/3574 993/993/932 4014/4014/3575
f 1657/1657/1542 3550/3550/3211 3565/3565/3226
f 1657/1657/1542 3565/3565/3226 3624/3624/3274
f 1668/1668/1553 3450/3450/3122 1669/1669/1554
f 1668/1668/1553 951/951/895 3450/3450/3122
f 2101/2101/1959 3233/3233/2926 2102/2102/1960
f 2775/2775/2563 3706/3706/3339 4015/4015/3576
f 2775/2775/2563 2454/2454/2273 3706/3706/3339
f 2772/2772/2560 4016/4016/3577 3327/3327/3008
f 2772/2772/2560 3327/3327/3008 40/40/38
f 1691/1691/1576 2120/2120/1973 2457/2457/2276
f 3483/3483/493 3482/3482/493 3945/3945/3518
f 3483/3483/493 3945/3945/3518 3944/3944/3517
f 206/206/196 2609/2609/2415 4017/4017/3578
f 4018/4018/3579 2378/2378/2201 3927/3927/3506
f 3061/3061/2796 2738/2738/2528 3711/3711/3344
f 3065/3065/2798 3314/3314/2995 3316/3316/2997
f 3065/3065/2798 2941/2941/2688 3314/3314/2995
f 2502/2502/2318 142/142/138 141/141/137
f 2502/2502/2318 477/477/451 142/142/138
f 4019/4019/3580 4005/4005/3568 3720/3720/3352
f 4019/4019/3580 4020/4020/3581 4005/4005/3568
f 2636/2636/2437 3612/3612/3264 3682/3682/3320
f 795/795/747 1586/1586/1480 798/798/750
f 2252/2252/2088 3732/3732/3363 2253/2253/2089
f 3631/3631/3281 1824/1824/1706 1820/1820/1702
f 3631/3631/3281 1643/1643/1528 1824/1824/1706
f 2265/2265/2101 1830/1830/1712 1812/1812/1694
f 2268/2268/2104 4021/4021/3582 1840/1840/1721
f 1383/1383/1290 3692/3692/3327 4022/4022/3583
f 3132/3132/2855 3756/3756/3380 3133/3133/2856
f 4023/4023/3584 99/99/97 98/98/96
f 1951/1951/1816 3154/3154/2866 1573/1573/1467
f 2315/2315/2146 4024/4024/3585 3030/3030/2768
f 2315/2315/2146 319/319/301 4024/4024/3585
f 1703/1703/1588 3314/3314/2995 2941/2941/2688
f 1703/1703/1588 2941/2941/2688 1704/1704/1589
f 153/153/147 960/960/904 154/154/148
f 153/153/147 3174/3174/2878 960/960/904
s 0
f 4025/4025/838 4026/4026/838 4027/4027/838
f 4028/4028/3586 4029/4029/3586 4030/4030/3586
s 1
f 3564/3564/3225 3624/3624/3274 3565/3565/3226
f 417/417/395 4031/4031/3587 418/418/396
s 0
f 4032/4032/3588 4033/4033/3588 4034/4034/3588
s 1
f 2950/2950/2697 3925/3925/3504 129/129/127
f 4035/4035/3589 126/126/124 1534/1534/1431
f 2950/2950/2697 1788/1788/1670 3925/3925/3504
f 2950/2950/2697 129/129/127 4036/4036/3590
f 2953/2953/2700 2954/2954/2701 3758/3758/3382
f 1795/1795/1677 3759/3759/3383 2416/2416/2239
f 2533/2533/2347 2724/2724/2515 2980/2980/2723
f 2533/2533/2347 3134/3134/2857 2724/2724/2515
f 2533/2533/2347 2980/2980/2723 2537/2537/2351
f 1287/1287/1200 1290/1290/1203 2546/2546/2360
f 1024/1024/963 1023/1023/962 3866/3866/3466
f 3346/3346/3027 3634/3634/3284 2675/2675/2470
f 1556/1556/1453 2041/2041/1905 1558/1558/1455
f 1716/1716/1599 192/192/184 191/191/183
f 3871/3871/3471 2966/2966/2713 2054/2054/1918
f 1749/1749/1631 1739/1739/1622 3367/3367/3044
f 3834/3834/3439 2703/2703/2497 3926/3926/3505
f 3834/3834/3439 3926/3926/3505 4037/4037/3591
f 3834/3834/3439 4037/4037/3591 4038/4038/3592
f 295/295/277 1410/1410/1314 296/296/278
f 719/719/675 717/717/673 3072/3072/2805
f 719/719/675 3072/3072/2805 2988/2988/2731
f 1963/1963/1828 2552/2552/2364 1964/1964/1829
f 1963/1963/1828 2386/2386/2209 2552/2552/2364
f 2861/2861/2640 1824/1824/1706 1643/1643/1528
f 2861/2861/2640 1643/1643/1528 4039/4039/3593
f 1675/1675/1560 2989/2989/2732 4040/4040/3594
f 1675/1675/1560 4040/4040/3594 1676/1676/1561
f 852/852/800 851/851/799 2192/2192/2033
f 852/852/800 3525/3525/3188 3524/3524/3187
f 852/852/800 2195/2195/2036 4041/4041/3595
f 852/852/800 4041/4041/3595 3525/3525/3188
f 371/371/351 2345/2345/2170 372/372/352
f 371/371/351 654/654/612 2345/2345/2170
f 4042/4042/2464 3691/3691/3326 3690/3690/3326
s 0
f 4043/4043/2464 4044/4044/2464 4045/4045/2464
s 1
f 445/445/419 2506/2506/2322 17/17/15
f 2202/2202/2043 1098/1098/1032 1504/1504/1401
f 507/507/481 1637/1637/1524 4012/4012/3573
f 3470/3470/3140 887/887/835 2138/2138/1988
f 1120/1120/1052 3472/3472/3141 1121/1121/1053
f 3016/3016/2754 1892/1892/1770 3017/3017/2755
f 1520/1520/1417 244/244/228 1522/1522/1419
f 1527/1527/1424 3901/3901/3487 1151/1151/1083
f 1527/1527/1424 2948/2948/2695 3901/3901/3487
f 3732/3732/3363 4046/4046/3596 3608/3608/3260
f 3732/3732/3363 3608/3608/3260 2253/2253/2089
f 2765/2765/2553 1710/1710/1595 3174/3174/2878
f 1179/1179/1111 492/492/466 1180/1180/1112
f 3212/3212/2914 4047/4047/3597 3213/3213/2915
f 969/969/911 2584/2584/2393 3725/3725/3357
f 3973/3973/3543 3722/3722/3354 3721/3721/3353
f 849/849/797 1194/1194/1120 3497/3497/3161
f 273/273/257 2789/2789/1037 274/274/258
f 273/273/257 277/277/261 2488/2488/2304
f 3402/3402/3077 4048/4048/3598 3234/3234/2927
f 4049/4049/3599 221/221/211 3649/3649/3295
f 4049/4049/3599 3541/3541/3202 221/221/211
f 2147/2147/1997 2146/2146/1996 4050/4050/3600
f 331/331/313 2628/2628/2430 3642/3642/3289
f 331/331/313 329/329/311 2628/2628/2430
f 331/331/313 3642/3642/3289 332/332/314
s 0
f 4051/4051/3601 4052/4052/3601 4053/4053/3601
s 1
f 1711/1711/1596 1708/1708/1593 2262/2262/2098
f 3708/3708/3341 4054/4054/3602 3709/3709/3342
f 1408/1408/1312 451/451/425 450/450/424
f 1408/1408/1312 450/450/424 1798/1798/1680
f 979/979/921 2062/2062/1926 982/982/924
f 147/147/141 17/17/15 2506/2506/2322
f 3110/3110/2834 2065/2065/1929 2064/2064/1928
f 81/81/79 2300/2300/2134 753/753/709
f 81/81/79 77/77/75 2300/2300/2134
f 3513/3513/3176 303/303/285 3094/3094/2821
f 4055/4055/3603 3097/3097/2824 3332/3332/3013
f 4055/4055/3603 3332/3332/3013 3333/3333/3014
f 3694/3694/3329 4056/4056/3604 4057/4057/3605
f 3694/3694/3329 3600/3600/3256 4056/4056/3604
f 258/258/242 538/538/501 537/537/500
f 258/258/242 537/537/500 260/260/244
f 3562/3562/3223 2464/2464/2283 2463/2463/2282
f 4058/4058/3606 2537/2537/2351 2980/2980/2723
f 2232/2232/2069 2231/2231/2068 1266/1266/1181
f 1550/1550/1447 3264/3264/2952 339/339/321
f 3391/3391/3066 3390/3390/3065 3586/3586/3246
f 1586/1586/1480 1588/1588/1482 798/798/750
f 1586/1586/1480 3533/3533/3194 1587/1587/1481
f 1395/1395/1299 3597/3597/3253 1396/1396/1300
f 2984/2984/2727 3710/3710/3343 2918/2918/2669
f 2984/2984/2727 1248/1248/1166 4059/4059/3607
f 2984/2984/2727 4059/4059/3607 3710/3710/3343
f 299/299/281 3546/3546/3207 2417/2417/2240
f 299/299/281 2417/2417/2240 4011/4011/3572
f 4056/4056/3604 3600/3600/3256 3599/3599/3255
f 2435/2435/2256 1172/1172/1104 2436/2436/2257
f 1185/1185/1115 1186/1186/1116 3427/3427/3099
f 3274/3274/2960 3433/3433/3105 3432/3432/3104
f 1696/1696/1581 1038/1038/977 1037/1037/976
f 260/260/244 537/537/500 536/536/499
f 3597/3597/3253 3596/3596/3252 3693/3693/3328
f 1167/1167/1099 1763/1763/1645 3657/3657/3301
f 1974/1974/1839 1453/1453/1353 2630/2630/2432
f 4060/4060/3608 3857/3857/3458 3856/3856/3457
f 4060/4060/3608 4061/4061/3609 3857/3857/3458
f 3233/3233/2926 3232/3232/2925 2102/2102/1960
f 4062/4062/3610 1089/1089/1024 1087/1087/1022
f 2543/2543/2357 3310/3310/2991 180/180/172
f 3337/3337/3018 2501/2501/2317 3338/3338/3019
f 3350/3350/3031 470/470/444 469/469/443
f 2328/2328/2153 2330/2330/2155 4063/4063/3611
f 2582/2582/2391 3857/3857/3458 4061/4061/3609
f 2582/2582/2391 4061/4061/3609 3700/3700/3335
f 2582/2582/2391 2580/2580/2389 3857/3857/3458
f 1710/1710/1595 960/960/904 3174/3174/2878
f 1186/1186/1116 3502/3502/3165 3427/3427/3099
f 2773/2773/2561 40/40/38 41/41/39
f 2773/2773/2561 41/41/39 37/37/35
f 3492/3492/3158 4064/4064/3612 3493/3493/3159
f 2036/2036/1900 4065/4065/3467 4066/4066/3467
f 2036/2036/1900 4066/4066/3467 888/888/836
f 2416/2416/2239 3759/3759/3383 4011/4011/3572
f 2416/2416/2239 4011/4011/3572 2417/2417/2240
f 1263/1263/1178 3246/3246/2939 1264/1264/1179
f 2385/2385/2208 3814/3814/3421 2386/2386/2209
f 4067/4067/3613 3170/3170/2874 3169/3169/2873
f 162/162/156 161/161/155 2518/2518/2334
f 2695/2695/2489 2694/2694/2488 3725/3725/3357
f 2695/2695/2489 2584/2584/2393 3359/3359/3037
f 2695/2695/2489 3725/3725/3357 2584/2584/2393
s 0
f 4068/4068/3614 4069/4069/3614 4070/4070/3614
f 4071/4071/3615 4072/4072/3615 4073/4073/3615
s 1
f 2809/2809/2592 1496/1496/1393 1494/1494/1391
f 3493/3493/3159 4064/4064/3612 838/838/788
f 1217/1217/1143 4074/4074/3616 1680/1680/1565
f 895/895/843 1126/1126/1058 896/896/844
f 303/303/285 1580/1580/1474 3094/3094/2821
f 2552/2552/2364 2386/2386/2209 3814/3814/3421
f 3638/3638/3286 2179/2179/2022 2180/2180/2023
f 3638/3638/3286 2180/2180/2023 3521/3521/3184
f 1101/1101/1035 671/671/629 669/669/627
f 1101/1101/1035 1996/1996/1860 1102/1102/1036
f 3475/3475/3144 3920/3920/3500 3476/3476/3145
f 2714/2714/2507 2980/2980/2723 2724/2724/2515
f 2888/2888/2645 2692/2692/2486 1842/1842/1723
f 2146/2146/1996 3710/3710/3343 4050/4050/3600
f 1762/1762/1644 3657/3657/3301 1763/1763/1645
f 1856/1856/1737 3983/3983/3553 2607/2607/2413
f 810/810/762 1997/1997/1861 811/811/763
f 3374/3374/3051 2467/2467/2286 2820/2820/2603
f 3925/3925/3504 1788/1788/1670 1787/1787/1669
f 3925/3925/3504 1371/1371/1278 129/129/127
f 1440/1440/1340 1972/1972/1837 1441/1441/1341
f 4075/4075/3617 2760/2760/2548 3938/3938/3511
f 4075/4075/3617 2099/2099/1957 2760/2760/2548
f 1760/1760/1642 2827/2827/2610 2996/2996/2739
f 2724/2724/2515 3134/3134/2857 4076/4076/3618
f 2476/2476/2295 1509/1509/1406 1266/1266/1181
f 4077/4077/3619 57/57/55 2133/2133/1984
f 2540/2540/2354 3565/3565/3226 3550/3550/3211
f 3849/3849/3450 542/542/505 2404/2404/2227
f 3710/3710/3343 4059/4059/3607 4050/4050/3600
f 3178/3178/2882 2658/2658/2459 1486/1486/1383
f 3580/3580/3240 1484/1484/1381 1483/1483/1380
f 3525/3525/3188 4041/4041/3595 2683/2683/2478
f 2356/2356/2179 2122/2122/1975 2115/2115/1968
f 2356/2356/2179 4078/4078/3620 2122/2122/1975
f 2356/2356/2179 2354/2354/2177 4078/4078/3620
f 3184/3184/2888 2783/2783/2571 4079/4079/3621
f 3000/3000/2741 2994/2994/2737 3360/3360/3038
f 3000/3000/2741 3360/3360/3038 1885/1885/1763
f 2437/2437/2258 2436/2436/2257 409/409/389
f 3818/3818/3424 4040/4040/3594 2989/2989/2732
f 2835/2835/2616 3332/3332/3013 3091/3091/2818
f 4080/4080/3622 3693/3693/3328 3596/3596/3252
f 2750/2750/2538 2747/2747/2535 3451/3451/3123
s 0
f 4081/4081/3623 4082/4082/3623 4083/4083/3623
s 1
f 2154/2154/2004 3477/3477/3146 3476/3476/3145
f 3097/3097/2824 3091/3091/2818 3332/3332/3013
f 3335/3335/3016 550/550/513 176/176/168
f 3861/3861/3461 2931/2931/2678 1288/1288/1201
f 3863/3863/3463 2014/2014/1878 557/557/520
f 3863/3863/3463 557/557/520 556/556/519
f 2021/2021/1885 1519/1519/1416 1518/1518/1415
f 4014/4014/3575 993/993/932 3282/3282/2967
f 3285/3285/2970 3287/3287/2972 3552/3552/3213
f 3285/3285/2970 3552/3552/3213 3303/3303/2984
f 1427/1427/1331 4047/4047/3597 3318/3318/2999
f 1427/1427/1331 3213/3213/2915 4047/4047/3597
f 3127/3127/2850 3749/3749/3375 3663/3663/3307
f 535/535/498 1899/1899/1776 536/536/499
f 3022/3022/2760 4011/4011/3572 3759/3759/3383
f 3830/3830/3435 2607/2607/2413 3983/3983/3553
f 1111/1111/1045 1106/1106/1040 509/509/483
f 3287/3287/2972 3670/3670/3310 3552/3552/3213
s 0
f 4084/4084/2006 4085/4085/2006 4086/4086/2006
s 1
f 3382/3382/3057 4087/4087/3624 3383/3383/3058
f 3072/3072/2805 3074/3074/2807 2988/2988/2731
f 732/732/688 1547/1547/1444 1546/1546/1443
f 3682/3682/3320 3612/3612/3264 4088/4088/3625
f 845/845/793 838/838/788 4064/4064/3612
f 785/785/737 1885/1885/1763 3360/3360/3038
f 3491/3491/3157 3982/3982/3552 3494/3494/3160
f 3133/3133/2856 3756/3756/3380 3755/3755/3379
f 3901/3901/3487 2948/2948/2695 3902/3902/3488
f 1605/1605/1492 3898/3898/3484 3948/3948/3521
f 3976/3976/3546 3333/3333/3014 289/289/271
f 997/997/936 432/432/406 3/3/3
f 1015/1015/954 3338/3338/3019 2501/2501/2317
f 1015/1015/954 2501/2501/2317 1016/1016/955
f 1708/1708/1593 2263/2263/2099 2262/2262/2098
f 58/58/56 770/770/724 59/59/57
f 2787/2787/2573 4089/4089/3626 69/69/67
f 3625/3625/3275 3383/3383/3058 4087/4087/3624
f 2178/2178/2021 3521/3521/3184 2180/2180/2023
f 3914/3914/3494 4090/4090/3627 3644/3644/3291
f 49/49/47 1488/1488/1385 2660/2660/2461
s 0
f 4091/4091/3628 4092/4092/3628 4093/4093/3628
s 1
f 1425/1425/1329 625/625/585 621/621/581
f 2601/2601/2408 3367/3367/3044 1739/1739/1622
f 3967/3967/3538 3275/3275/2961 841/841/791
f 2675/2675/2470 3634/3634/3284 4094/4094/3629
f 1582/1582/1476 3501/3501/3164 2659/2659/2460
f 2683/2683/2478 2195/2195/2036 2194/2194/2035
f 2683/2683/2478 4041/4041/3595 2195/2195/2036
f 2245/2245/2082 928/928/876 925/925/873
f 3328/3328/3009 3327/3327/3008 4016/4016/3577
f 3564/3564/3225 3532/3532/3193 4095/4095/3630
f 3532/3532/3193 2969/2969/2716 4095/4095/3630
f 2969/2969/2716 3624/3624/3274 4095/4095/3630
f 3624/3624/3274 3564/3564/3225 4095/4095/3630
f 1312/1312/1223 1311/1311/1222 4096/4096/3631
f 1311/1311/1222 1315/1315/1226 4096/4096/3631
f 4097/4097/3632 2171/2171/2017 4098/4098/3633
f 2171/2171/2017 2170/2170/2016 4098/4098/3633
f 2170/2170/2016 3744/3744/3373 4098/4098/3633
f 3744/3744/3373 3743/3743/3372 4098/4098/3633
f 4099/4099/3634 4100/4100/3635 4101/4101/3636
f 4100/4100/3635 4102/4102/3637 4101/4101/3636
f 3294/3294/2977 1312/1312/1223 4096/4096/3631
f 1691/1691/1576 1687/1687/1572 4103/4103/3638
f 1687/1687/1572 1693/1693/1578 4103/4103/3638
f 1693/1693/1578 2117/2117/1970 4103/4103/3638
f 2117/2117/1970 1691/1691/1576 4103/4103/3638
