# Blender 5.2.0 LTS
# www.blender.org
mtllib hub_prop_compass.mtl
o Mesh_0
v 0.002014 -0.006836 0.016479
v 0.000349 -0.006165 0.016601
v -0.000179 -0.235352 0.013794
v 0.002014 -0.006836 0.016479
v -0.000179 -0.235352 0.013794
v 0.005799 -0.236328 0.010681
v 0.117676 -0.125977 -0.011963
v 0.104492 -0.130859 -0.010925
v 0.086914 -0.111328 -0.012268
v 0.117676 -0.125977 -0.011963
v 0.127929 -0.136719 -0.011414
v 0.121094 -0.140625 -0.010620
v 0.094238 -0.098633 -0.012879
v 0.125977 -0.121094 -0.012024
v 0.125977 -0.121094 -0.012024
v 0.121094 -0.140625 -0.010620
v -0.111328 0.104980 0.011902
v -0.126953 0.130859 0.010986
v -0.136719 0.125977 0.010376
v -0.111328 0.104980 0.011902
v -0.089844 0.076172 0.012756
v -0.078613 0.087890 0.012634
v -0.111328 0.104980 0.011902
v -0.136719 0.125977 0.010376
v -0.124512 0.101562 0.011230
v -0.104492 0.117676 0.011108
v -0.102051 0.071778 0.011474
v -0.102051 0.071778 0.011474
v -0.111328 0.104980 0.011902
v -0.104492 0.117676 0.011108
v -0.126953 0.130859 0.010986
v -0.039551 -0.067871 0.013672
v -0.055176 -0.079590 0.013000
v -0.041748 -0.086426 0.011902
v -0.039551 -0.067871 0.013672
v -0.033935 -0.077148 0.012878
v -0.019409 -0.051025 0.014892
v -0.030396 -0.046142 0.014709
v -0.047608 -0.052490 0.014221
v -0.039551 -0.067871 0.013672
v -0.047608 -0.052490 0.014221
v -0.064942 -0.069824 0.013428
v -0.064942 -0.069824 0.013428
v -0.033935 -0.077148 0.012878
v 0.141602 0.139648 -0.009583
v 0.141602 0.136719 -0.010132
v 0.137696 0.140625 -0.009949
v 0.138672 0.143554 -0.008789
v 0.141602 0.141602 -0.008728
v 0.141602 0.139648 -0.009583
v 0.145508 0.135742 -0.009461
v 0.141602 0.136719 -0.010132
v 0.135742 0.144531 -0.009400
v 0.145508 0.138672 -0.008789
v 0.145508 0.138672 -0.008789
v 0.010681 -0.233398 0.010559
v 0.016479 -0.234375 0.008728
v 0.025879 -0.193359 0.009460
v 0.017334 -0.192383 0.011658
v 0.004517 -0.232422 0.011230
v 0.010681 -0.233398 0.010559
v 0.004151 -0.240234 0.010742
v 0.007691 -0.240234 0.010559
v 0.011475 -0.240234 0.009826
v 0.016479 -0.234375 0.008728
v 0.004517 -0.232422 0.011230
v -0.208008 0.027588 -0.005158
v -0.208984 0.026734 -0.006836
v -0.236328 0.020141 -0.006043
v -0.208008 0.027588 -0.005158
v -0.151367 0.039306 0.004700
v -0.151367 0.039306 -0.004700
v -0.151367 0.038574 -0.006684
v -0.208984 0.026734 -0.006836
v -0.208008 0.027832 0.004761
v -0.208008 0.027832 0.004761
v -0.130859 -0.094727 0.009155
v -0.144531 -0.117676 0.009338
v -0.116211 -0.090332 0.011535
v -0.130859 -0.094727 0.009155
v -0.123047 -0.084961 0.009582
v -0.108887 -0.056396 0.007873
v -0.128906 -0.087890 0.008056
v -0.116211 -0.090332 0.011535
v -0.128906 -0.087890 0.008056
v 0.088379 0.129883 -0.006958
v 0.058594 0.109375 -0.007446
v 0.058594 0.109863 -0.005219
v 0.088379 0.129883 -0.006958
v 0.115722 0.146484 -0.007691
v 0.089355 0.128906 -0.008362
v 0.115722 0.146484 -0.007111
v 0.087403 0.129883 -0.005249
v 0.089355 0.128906 -0.008362
v 0.087403 0.129883 -0.005249
v 0.140625 -0.145508 0.006286
v 0.141602 -0.143554 0.006866
v 0.136719 -0.146484 0.005768
v 0.140625 -0.145508 0.006286
v 0.140625 -0.146484 0.004852
v 0.143554 -0.142578 0.006073
v 0.136719 -0.148438 0.004577
v 0.140625 -0.146484 0.004852
v 0.141602 -0.143554 0.006866
v -0.003616 0.006225 -0.017090
v -0.005188 0.004608 -0.016723
v -0.130859 0.130859 -0.013428
v -0.003616 0.006225 -0.017090
v -0.130859 0.130859 -0.013428
v -0.128906 0.137696 -0.010315
v -0.092285 -0.133789 -0.006897
v -0.091797 -0.133789 -0.005188
v -0.116699 -0.146484 -0.006531
v -0.092285 -0.133789 -0.006897
v -0.060059 -0.110840 -0.007721
v -0.059815 -0.111817 -0.006012
v -0.091797 -0.133789 -0.005188
v -0.092285 -0.133789 -0.006897
v -0.116699 -0.145508 -0.008179
v -0.093750 -0.132812 -0.008118
v -0.092285 -0.133789 -0.006897
v -0.116699 -0.146484 -0.006531
v -0.116699 -0.145508 -0.008179
v -0.093750 -0.132812 -0.008118
v 0.129883 0.089355 0.008362
v 0.148438 0.118653 0.007873
v 0.145508 0.121094 0.009277
v 0.129883 0.089355 0.008362
v 0.128906 0.093750 0.009949
v 0.107422 0.057861 0.009094
v 0.107422 0.055420 0.007324
v 0.130859 0.086914 0.006683
v 0.130859 0.086914 0.006683
v 0.128906 0.093750 0.009949
v 0.005829 -0.006958 -0.016846
v 0.007019 -0.005462 -0.016723
v 0.131836 -0.130859 -0.013977
v 0.003144 -0.008484 -0.016601
v -0.140625 0.144531 0.004608
v -0.144531 0.140625 -0.005219
v -0.145508 0.141602 0.004852
v -0.136719 0.146484 0.004638
v -0.141602 0.143554 -0.004914
v -0.144531 0.140625 0.006347
v -0.140625 0.143554 0.006500
v -0.250000 -0.006775 -0.005097
v -0.250000 -0.006409 -0.006622
v -0.250000 -0.010742 -0.005066
v -0.250000 -0.002304 -0.005158
v -0.250000 -0.002090 -0.006775
v -0.250000 -0.006012 0.004181
v -0.250000 -0.001930 0.004516
v -0.250000 -0.006775 -0.005097
v -0.250000 -0.006012 0.004181
v -0.250000 -0.001930 0.004516
v 0.007691 0.246094 0.009155
v 0.011413 0.246094 0.007751
v 0.008545 0.247071 0.007751
v 0.007691 0.246094 0.009155
v 0.003341 0.247071 0.008789
v 0.001892 0.246094 0.009521
v 0.003341 0.247071 0.008789
v 0.010559 0.244141 0.009094
v 0.010864 0.242188 0.009704
v 0.001892 0.246094 0.009521
v 0.006744 0.244141 0.010071
v 0.137696 -0.128906 -0.010742
v 0.138672 -0.132812 -0.010681
v 0.131836 -0.130859 -0.013977
v 0.137696 -0.128906 -0.010742
v 0.131836 -0.130859 -0.013977
v 0.007019 -0.005462 -0.016723
v -0.052246 0.104980 0.007934
v -0.057373 0.109863 0.006744
v -0.073242 0.117676 0.008789
v -0.059326 0.104492 0.009521
v -0.045410 0.098145 0.009155
v -0.047851 0.103028 0.006561
v -0.046386 0.101562 0.007660
v -0.000492 -0.239258 0.010864
v 0.002289 -0.238281 0.010437
v -0.000179 -0.235352 0.013794
v -0.003677 -0.238281 0.010498
v 0.250000 0.001946 -0.007050
v 0.250000 -0.002762 -0.007019
v 0.250000 -0.002686 -0.008179
v 0.250000 0.002487 -0.005676
v 0.250000 0.001381 -0.008423
v 0.250000 0.006928 -0.005737
v 0.250000 0.006469 -0.006836
v 0.104492 -0.049805 0.005157
v 0.105469 -0.049073 0.004913
v 0.104980 -0.047851 0.006927
v 0.104492 -0.048828 -0.005219
v 0.104004 -0.049560 0.006775
v 0.108887 -0.056640 0.004974
v 0.104004 -0.049805 -0.004914
v -0.121094 0.141602 -0.010193
v -0.126953 0.143554 -0.009949
v -0.121582 0.146484 -0.009339
v -0.125000 0.131836 -0.011048
v -0.121094 0.141602 -0.010193
v -0.086914 0.123047 -0.009949
v -0.096680 0.118653 -0.011414
v -0.125000 0.131836 -0.011048
v -0.121582 0.146484 -0.009339
v -0.107910 0.139648 -0.009583
v -0.147461 -0.138672 0.004577
v -0.142578 -0.142578 -0.005005
v -0.143554 -0.141602 0.004486
v -0.147461 -0.138672 0.004577
v -0.143554 -0.140625 0.006256
v -0.147461 -0.137696 0.006439
v -0.143554 -0.140625 0.006256
v -0.149414 -0.133789 0.004425
v -0.146484 -0.139648 -0.005127
v -0.147461 -0.138672 0.004577
v -0.146484 -0.139648 -0.005127
v -0.142578 -0.142578 -0.005005
v 0.061767 0.065430 -0.013794
v 0.042969 0.055176 -0.014343
v 0.054199 0.080567 -0.012940
v 0.061767 0.065430 -0.013794
v 0.087403 0.085449 -0.013062
v 0.077148 0.063477 -0.013611
v 0.061767 0.065430 -0.013794
v 0.047119 0.036133 -0.014893
v 0.042969 0.055176 -0.014343
v 0.054199 0.080567 -0.012940
v 0.076172 0.095215 -0.012329
v 0.245117 -0.014282 0.008362
v 0.240234 -0.018311 0.008484
v 0.243164 -0.017578 0.007934
v 0.248047 -0.012818 0.007873
v 0.249023 -0.009887 0.007751
v 0.246094 -0.009582 0.009033
v 0.242188 -0.013733 0.009582
v 0.245117 -0.015991 0.008117
v -0.010193 0.244141 -0.009644
v -0.010498 0.245117 -0.009094
v -0.007141 0.246094 -0.009033
v -0.010193 0.244141 -0.009644
v -0.004852 0.246094 -0.009827
v -0.005768 0.242188 -0.010376
v -0.005768 0.242188 -0.010376
v -0.011413 0.240234 -0.010254
v -0.007141 0.246094 -0.009033
v -0.012939 0.243164 -0.009033
v -0.014709 0.240234 -0.009155
v -0.114258 -0.090332 -0.012024
v -0.125000 -0.121094 -0.011658
v -0.136719 -0.117676 -0.011048
v -0.114258 -0.090332 -0.012024
v -0.091797 -0.063965 -0.012818
v -0.101074 -0.093750 -0.012573
v -0.122558 -0.086914 -0.010193
v -0.098633 -0.058350 -0.011780
v -0.101074 -0.093750 -0.012573
v -0.122558 -0.086914 -0.010193
v 0.129883 0.136719 0.010193
v 0.130859 0.130859 0.013183
v 0.133789 0.136719 0.009949
v 0.129883 0.136719 0.010193
v 0.004029 0.005462 0.016358
v 0.130859 0.130859 0.013183
v -0.000122 -0.250000 -0.005219
v -0.004822 -0.250000 -0.006836
v -0.000309 -0.250000 -0.006806
v -0.004669 -0.250000 -0.005341
v -0.005005 -0.249023 0.005005
v -0.000122 -0.250000 -0.005219
v -0.000454 -0.250000 0.004700
v -0.005005 -0.249023 0.005005
v 0.004364 -0.249023 -0.005463
v -0.000454 -0.250000 0.004700
v -0.249023 -0.001984 0.008423
v -0.247071 -0.001999 0.009643
v -0.247071 0.002899 0.009765
v -0.250000 0.002625 0.007416
v -0.250000 -0.001663 0.007599
v -0.249023 0.001907 0.008301
v -0.249023 -0.001984 0.008423
v -0.250000 -0.001663 0.007599
v -0.249023 -0.005402 0.008179
v -0.247071 -0.001999 0.009643
v -0.241211 -0.020386 0.006012
v -0.244141 -0.018921 0.006103
v -0.242188 -0.019898 0.004425
v -0.237304 -0.021484 0.006409
v -0.236328 -0.021363 0.007934
v -0.242188 -0.019165 0.006653
v 0.023438 0.124023 -0.012818
v 0.012024 0.089355 -0.014404
v 0.010925 0.125977 -0.014160
v 0.023438 0.124023 -0.012818
v 0.025146 0.090332 -0.013794
v 0.012024 0.089355 -0.014404
v 0.023438 0.124023 -0.012818
v 0.029052 0.176758 -0.009888
v 0.034180 0.114746 -0.011536
v 0.023438 0.124023 -0.012818
v 0.019043 0.179688 -0.012024
v 0.029052 0.176758 -0.009888
v 0.019043 0.179688 -0.012024
v 0.034180 0.114746 -0.011536
v -0.103028 0.042725 -0.009033
v -0.110840 0.043701 -0.007446
v -0.103515 0.044434 -0.007233
v -0.103028 0.042725 -0.009033
v -0.098633 0.041748 -0.009949
v -0.096192 0.039062 -0.010987
v -0.102539 0.043701 -0.008179
v -0.098633 0.041748 -0.009949
v -0.096192 0.039062 -0.010987
v -0.109375 0.042725 -0.008911
v -0.007050 -0.232422 -0.011719
v 0.000160 -0.232422 -0.011841
v -0.006562 -0.241211 -0.011353
v -0.007050 -0.232422 -0.011719
v -0.013183 -0.232422 -0.010864
v -0.010193 -0.183594 -0.013855
v -0.007050 -0.232422 -0.011719
v -0.010193 -0.183594 -0.013855
v 0.000012 -0.177734 -0.014221
v -0.007050 -0.232422 -0.011719
v 0.000012 -0.177734 -0.014221
v 0.000160 -0.232422 -0.011841
v -0.007050 -0.232422 -0.011719
v -0.011963 -0.241211 -0.010071
v -0.013183 -0.232422 -0.010864
v -0.011963 -0.241211 -0.010071
v 0.249023 0.010193 0.005585
v 0.248047 0.009643 0.006958
v 0.250000 0.005981 0.005798
v 0.249023 0.010193 0.004761
v 0.247071 0.012939 0.005401
v 0.246094 0.012757 0.006897
v 0.250000 0.006317 0.004516
v 0.098145 -0.046631 -0.010254
v 0.098633 -0.045410 -0.010010
v 0.102051 -0.049560 -0.008850
v 0.102539 -0.054931 -0.010559
v 0.098145 -0.046631 -0.010254
v 0.102539 -0.054931 -0.010559
v 0.088379 -0.041992 -0.012207
v 0.087403 -0.037354 -0.012573
v 0.098633 -0.045410 -0.010010
v -0.129883 0.143554 0.009643
v -0.136719 0.141602 0.009338
v -0.130859 0.138672 0.010254
v -0.124023 0.141602 0.010254
v -0.121094 0.144531 0.009155
v -0.133789 0.144531 0.009094
v -0.124512 0.147461 0.008545
v -0.123047 -0.148438 -0.007752
v -0.123047 -0.149414 -0.006409
v -0.125000 -0.148438 -0.007385
v -0.125977 -0.146484 -0.008728
v -0.124023 -0.146484 -0.009155
v 0.102051 0.043701 0.007751
v 0.096680 0.040771 0.009888
v 0.108887 0.043213 0.008301
v 0.110352 0.044434 0.006653
v 0.103028 0.044922 0.006195
v 0.100097 0.044677 0.007751
v 0.095703 0.042725 0.009460
v 0.244141 -0.017700 -0.009278
v 0.247071 -0.017578 -0.008240
v 0.244141 -0.019776 -0.007782
v 0.242188 -0.019653 -0.008728
v 0.243164 -0.013977 -0.009888
v 0.246094 -0.013306 -0.009583
v 0.246094 -0.016479 -0.009033
v -0.003433 0.237304 0.010864
v -0.006043 0.234375 0.010803
v 0.000242 0.232422 0.013611
v 0.000427 0.239258 0.010925
v -0.060059 -0.026489 0.014099
v -0.085449 -0.038086 0.011902
v -0.085938 -0.044677 0.011780
v -0.060059 -0.026489 0.014099
v -0.045410 -0.011596 0.015198
v -0.068360 -0.020386 0.014282
v -0.068360 -0.020386 0.014282
v -0.083985 -0.031739 0.012573
v -0.036621 -0.018799 0.015320
v -0.070801 -0.043945 0.013305
v -0.070801 -0.043945 0.013305
v 0.134766 0.148438 -0.006592
v 0.138672 0.146484 -0.006653
v 0.138672 0.145508 -0.007508
v 0.134766 0.148438 -0.006592
v 0.133789 0.148438 -0.007233
v 0.129883 0.149414 -0.006256
v 0.138672 0.145508 -0.007508
v 0.134766 0.148438 -0.005188
v 0.138672 0.146484 -0.006653
v 0.129883 0.150391 -0.005219
v 0.038086 -0.139648 0.008117
v 0.029785 -0.193359 0.006622
v 0.039795 -0.138672 0.006897
v 0.028686 -0.191406 0.008056
v 0.038086 -0.139648 0.008117
v 0.039795 -0.138672 0.006897
v 0.042969 -0.108398 0.008545
v 0.035889 -0.138672 0.009643
v 0.035889 -0.138672 0.009643
v -0.152344 0.037110 -0.008301
v -0.238281 0.017578 -0.007782
v -0.240234 0.017700 -0.006867
v -0.207031 0.025024 -0.008301
v -0.207031 0.025024 -0.008301
v -0.147461 -0.125000 0.008850
v -0.147461 -0.116699 0.007995
v -0.147461 -0.125000 0.008850
v -0.146484 -0.129883 0.009094
v -0.143554 -0.129883 0.010132
v -0.144531 -0.124512 0.009643
v -0.150391 -0.124023 0.007477
v -0.149414 -0.127929 0.008545
v -0.144531 -0.124512 0.009643
v -0.150391 -0.124023 0.007477
v 0.044922 0.102051 -0.007355
v 0.044190 0.106445 -0.005585
v 0.045166 0.102539 -0.005219
v 0.043701 0.105469 -0.007691
v 0.047608 0.101562 -0.008911
v 0.044677 0.101562 -0.008240
v 0.048828 0.103028 -0.007355
v 0.046631 0.102539 -0.005249
v 0.150391 -0.042236 0.004791
v 0.150391 -0.042236 -0.005371
v 0.207031 -0.030884 -0.005524
v 0.206054 -0.031128 0.006042
v 0.149414 -0.042480 0.006286
v 0.150391 -0.042236 0.004791
v 0.111817 -0.048340 0.004638
v 0.150391 -0.042236 -0.005371
v 0.149414 -0.042480 0.006286
v 0.207031 -0.031128 0.004242
v -0.013916 0.243164 -0.008179
v -0.010987 0.245117 -0.007996
v -0.034424 -0.078125 -0.012879
v -0.042969 -0.088867 -0.011414
v -0.041748 -0.073730 -0.013184
v -0.034424 -0.078125 -0.012879
v -0.022949 -0.053467 -0.014832
v -0.024658 -0.076660 -0.013794
v -0.037354 -0.092773 -0.011597
v -0.040771 -0.093262 -0.011048
v -0.024658 -0.076660 -0.013794
v -0.022949 -0.053467 -0.014832
v 0.148438 0.131836 0.008362
v 0.150391 0.131836 0.007416
v 0.147461 0.134766 0.008240
v 0.147461 0.130859 0.009033
v 0.149414 0.127929 0.008423
v 0.151367 0.127929 0.007171
v 0.019898 -0.231446 -0.008484
v 0.029785 -0.192383 -0.007355
v 0.020630 -0.233398 -0.007141
v 0.029297 -0.191406 -0.008484
v 0.019898 -0.231446 -0.008484
v 0.020630 -0.233398 -0.007141
v 0.017823 -0.238281 -0.008240
v 0.015869 -0.238281 -0.009216
v 0.019531 -0.226562 -0.009583
v 0.015869 -0.238281 -0.009216
v -0.207031 0.027466 0.006347
v -0.151367 0.038086 0.007080
v -0.151367 0.039306 0.004700
v -0.110840 0.044677 0.004455
v -0.151367 0.039306 -0.004700
v -0.151367 0.038086 0.007080
v -0.110840 0.043945 0.006500
v -0.237304 -0.009338 -0.011109
v -0.236328 -0.015442 -0.010376
v -0.243164 -0.011780 -0.010254
v -0.243164 -0.004883 -0.010864
v -0.236328 -0.002869 -0.011536
v -0.237304 -0.009338 -0.011109
v -0.201172 -0.012024 -0.012451
v -0.236328 -0.015442 -0.010376
v -0.236328 -0.002869 -0.011536
v -0.211914 -0.002808 -0.012512
v 0.014892 0.243164 0.007873
v 0.017212 0.240234 0.007873
v 0.018311 0.240234 0.006561
v 0.015869 0.243164 0.006409
v 0.013489 0.243164 0.008728
v 0.151367 -0.134766 -0.005066
v 0.148438 -0.138672 -0.005036
v 0.148438 -0.139648 -0.006592
v 0.152344 -0.130859 -0.005158
v 0.151367 -0.135742 0.004669
v 0.148438 -0.139648 0.004944
v 0.150391 -0.134766 -0.006653
v 0.151367 -0.134766 -0.005066
v 0.151367 -0.135742 0.004669
v 0.148438 -0.139648 0.004944
v -0.041748 0.069824 0.013428
v -0.057373 0.062500 0.013611
v -0.041260 0.046142 0.014648
v -0.035889 0.071778 0.013122
v -0.045166 0.091797 0.010986
v -0.054199 0.086426 0.012207
v -0.028443 0.047364 0.014648
v -0.022217 -0.234375 0.004822
v -0.021851 -0.233398 0.006225
v -0.031494 -0.192383 0.004700
v -0.022217 -0.234375 0.004822
v -0.022094 -0.235352 -0.005402
v -0.019776 -0.240234 -0.005219
v -0.022094 -0.235352 -0.005402
v -0.018554 -0.240234 0.006409
v -0.021851 -0.233398 0.006225
v -0.019776 -0.240234 0.004852
v 0.138672 0.006836 -0.014221
v 0.089844 0.006714 -0.015076
v 0.101562 0.018189 -0.013855
v 0.109375 -0.004608 -0.014771
v 0.138672 0.006836 -0.014221
v 0.149414 0.018921 -0.013062
v 0.202148 0.012818 -0.011902
v 0.149414 0.018921 -0.013062
v 0.155273 -0.003860 -0.014099
v 0.208984 0.003754 -0.013001
v 0.155273 -0.003860 -0.014099
v 0.011352 -0.092285 0.014526
v -0.000190 -0.085449 0.014892
v -0.000859 -0.125977 0.014526
v 0.011352 -0.092285 0.014526
v -0.000859 -0.125977 0.014526
v 0.011352 -0.130859 0.013916
v 0.011352 -0.130859 0.013916
v 0.026123 -0.102051 0.012878
v 0.026489 -0.082520 0.013428
v 0.011841 -0.063477 0.014892
v -0.151367 0.128906 -0.006439
v -0.151367 0.128906 -0.005158
v -0.150391 0.132812 -0.006561
v -0.150391 0.124512 -0.005219
v -0.149414 0.128906 -0.007721
v -0.150391 0.124512 -0.006592
v -0.149414 0.132812 -0.007721
v -0.248047 -0.009399 0.008117
v -0.250000 -0.006103 0.007263
v -0.249023 -0.010254 0.007049
v -0.247071 -0.012329 0.008240
v -0.246094 -0.010071 0.009094
v -0.248047 -0.006195 0.009399
v 0.005096 0.249023 -0.008057
v 0.001122 0.248047 -0.008240
v 0.000686 0.250000 -0.006928
v 0.008911 0.247071 -0.007996
v 0.008545 0.246094 -0.009094
v 0.004486 0.247071 -0.009155
v 0.004883 0.250000 -0.006775
v 0.121582 -0.150391 0.004455
v 0.124023 -0.150391 0.004638
v 0.125000 -0.150391 0.006317
v 0.114746 -0.148438 0.004547
v 0.121582 -0.150391 -0.005097
v 0.121582 -0.149414 0.006164
v 0.124023 -0.150391 -0.005219
v 0.121582 -0.150391 0.004455
v 0.121582 -0.150391 -0.005097
v 0.124023 -0.150391 -0.005219
v -0.096192 0.045655 -0.010987
v -0.069824 0.035645 -0.014099
v -0.084472 0.037354 -0.012512
v -0.096192 0.045655 -0.010987
v -0.107422 0.056396 -0.009705
v -0.106445 0.067871 -0.011475
v -0.100586 0.045655 -0.008850
v -0.097656 0.042969 -0.010010
v -0.100586 0.045655 -0.008850
v -0.086426 0.052246 -0.013245
v -0.086426 0.052246 -0.013245
v -0.009033 -0.248047 -0.005127
v -0.013306 -0.246094 0.004944
v -0.013183 -0.246094 -0.005371
v -0.009033 -0.248047 -0.005127
v -0.009155 -0.248047 0.004883
v -0.012878 -0.246094 -0.006653
v -0.009033 -0.248047 -0.006836
v -0.009033 -0.248047 -0.005127
v -0.009155 -0.248047 0.004883
v -0.013306 -0.246094 0.004944
v -0.012878 -0.246094 -0.006653
v 0.241211 -0.003174 0.010010
v 0.242188 0.001381 0.010071
v 0.237304 -0.001869 0.013489
v 0.241211 -0.003174 0.010010
v 0.237304 -0.001869 0.013489
v 0.238281 -0.005707 0.010498
v 0.061035 -0.109863 -0.009888
v 0.088379 -0.130859 -0.008606
v 0.062988 -0.113281 -0.008301
v 0.061035 -0.109863 -0.009888
v 0.062988 -0.113281 -0.008301
v 0.048828 -0.102539 -0.009155
v 0.061035 -0.109863 -0.009888
v 0.086914 -0.123535 -0.010559
v 0.088379 -0.130859 -0.008606
v 0.047851 -0.096680 -0.010559
v 0.061035 -0.109863 -0.009888
v 0.059815 -0.097168 -0.011902
v 0.086914 -0.123535 -0.010559
v 0.047851 -0.096680 -0.010559
v -0.147461 0.125000 0.008240
v -0.148438 0.126953 0.008362
v -0.150391 0.126953 0.006805
v -0.149414 0.123047 0.007477
v -0.143554 0.119140 0.008911
v -0.143554 0.125977 0.009338
v -0.145508 0.129883 0.008850
v -0.130859 -0.130859 -0.013245
v -0.005921 -0.006043 -0.016723
v -0.003647 -0.007812 -0.016723
v -0.130859 -0.130859 -0.013245
v -0.133789 -0.135742 -0.010437
v -0.136719 -0.131836 -0.010193
v -0.129883 -0.134766 -0.010376
v -0.007202 -0.004852 -0.016846
v -0.136719 -0.127929 -0.010437
v -0.130859 -0.130859 -0.013245
v -0.136719 -0.127929 -0.010437
v -0.007202 -0.004852 -0.016846
v -0.130859 -0.130859 -0.013245
v -0.003647 -0.007812 -0.016723
v -0.129883 -0.134766 -0.010376
v 0.104492 0.105957 0.012207
v 0.083008 0.083496 0.012817
v 0.120605 0.102539 0.011413
v 0.104004 0.121094 0.011352
v 0.073730 0.094727 0.012024
v 0.104492 0.105957 0.012207
v 0.126953 0.126953 0.011169
v 0.104004 0.121094 0.011352
v 0.104492 0.105957 0.012207
v 0.120605 0.102539 0.011413
v 0.138672 0.124023 0.010376
v 0.126953 0.126953 0.011169
v 0.250000 -0.007141 -0.006775
v 0.250000 -0.001580 -0.005463
v 0.250000 -0.006592 -0.005951
v 0.250000 -0.011169 -0.006714
v 0.250000 -0.010803 -0.007873
v 0.250000 -0.002762 -0.007019
v 0.250000 -0.007141 -0.008423
v -0.004211 0.249023 0.007751
v -0.004303 0.250000 0.006500
v -0.008117 0.247071 0.007751
v 0.000149 0.250000 0.006592
v -0.003937 0.247071 0.008972
v 0.000366 0.248047 0.008117
v -0.007447 0.246094 0.008850
v -0.047851 -0.104492 0.004608
v -0.046142 -0.104492 0.006897
v -0.049560 -0.104492 0.005768
v -0.049316 -0.104980 -0.005280
v -0.047851 -0.104492 -0.005219
v -0.046631 -0.104492 0.004730
v -0.046386 -0.104980 -0.005310
v 0.133789 0.135742 -0.010620
v 0.129883 0.130859 -0.013916
v 0.128906 0.136719 -0.010742
v 0.136719 0.133789 -0.010620
v 0.010681 -0.243164 0.009155
v 0.007416 -0.245117 0.009521
v 0.007782 -0.247071 0.008789
v 0.015198 -0.240234 0.008545
v 0.013489 -0.243164 0.008362
v 0.010803 -0.245117 0.008423
v -0.249023 0.006500 -0.008972
v -0.249023 0.002533 -0.009216
v -0.250000 0.002731 -0.007812
v -0.249023 0.007050 -0.008240
v -0.245117 0.007141 -0.009827
v -0.247071 0.002456 -0.010010
v -0.246094 0.010132 -0.009094
v -0.136719 -0.145508 0.007538
v -0.136719 -0.143554 0.008789
v -0.140625 -0.143554 0.007416
v -0.132812 -0.147461 0.007538
v -0.133789 -0.145508 0.008545
v -0.139648 -0.144531 0.006378
v -0.136719 -0.146484 0.006256
v 0.067871 0.046875 -0.014099
v 0.077148 0.063477 -0.013611
v 0.099610 0.074707 -0.012329
v 0.070801 0.036133 -0.013855
v 0.067871 0.046875 -0.014099
v 0.054444 0.017944 -0.015015
v 0.047119 0.036133 -0.014893
v 0.054444 0.017944 -0.015015
v 0.228516 -0.021851 0.008728
v 0.237304 -0.021972 0.006958
v 0.228516 -0.021851 0.008728
v 0.151367 -0.037842 0.009521
v 0.205078 -0.029541 0.007599
v 0.155273 -0.028076 0.011719
v 0.236328 -0.014892 0.010132
v 0.205078 -0.020019 0.010986
v 0.228516 -0.021851 0.008728
v 0.205078 -0.029541 0.007599
v 0.237304 -0.021972 0.006958
v 0.228516 -0.021851 0.008728
v 0.236328 -0.014892 0.010132
v 0.205078 -0.020019 0.010986
v -0.020752 0.230469 -0.007172
v -0.018432 0.238281 -0.006928
v -0.017456 0.237304 -0.007996
v -0.020752 0.230469 -0.007172
v -0.032715 0.179688 -0.007202
v -0.032959 0.179688 -0.005402
v -0.019653 0.229492 -0.008545
v -0.020752 0.230469 -0.007172
v -0.019653 0.229492 -0.008545
v -0.032715 0.179688 -0.007202
v -0.021363 0.230469 -0.005432
v -0.020752 0.230469 -0.007172
v -0.032959 0.179688 -0.005402
v -0.021363 0.230469 -0.005432
v 0.000053 -0.000740 -0.017212
v 0.000185 0.017456 -0.016358
v 0.006439 0.010987 -0.016479
v 0.000053 -0.000740 -0.017212
v 0.006225 -0.001571 -0.016846
v 0.004364 -0.011231 -0.016846
v 0.006225 -0.001571 -0.016846
v -0.005707 -0.011780 -0.016601
v -0.006134 -0.001556 -0.016968
v -0.006012 0.011902 -0.016479
v -0.006134 -0.001556 -0.016968
v 0.143554 0.143554 0.004944
v 0.147461 0.139648 0.004730
v 0.142578 0.144531 -0.005188
v 0.142578 0.143554 0.006134
v 0.139648 0.146484 0.006347
v 0.143554 0.143554 0.004944
v 0.142578 0.144531 -0.005188
v 0.139648 0.146484 -0.005097
v 0.138672 0.146484 0.004730
v 0.138672 0.146484 0.004730
v 0.104492 -0.130859 -0.010925
v 0.114746 -0.145508 -0.008911
v 0.086914 -0.123535 -0.010559
v 0.104492 -0.130859 -0.010925
v 0.086914 -0.123535 -0.010559
v 0.086914 -0.111328 -0.012268
v 0.104492 -0.130859 -0.010925
v 0.118653 -0.145508 -0.009827
v 0.114746 -0.145508 -0.008911
v 0.121094 -0.140625 -0.010620
v -0.126953 0.130859 0.010986
v -0.132812 0.134766 0.010620
v -0.136719 0.125977 0.010376
v -0.124023 0.141602 0.010254
v -0.130859 -0.087890 -0.007294
v -0.148438 -0.117188 -0.006775
v -0.149414 -0.117676 -0.005219
v -0.130859 -0.087890 -0.007294
v -0.109375 -0.055664 -0.007111
v -0.108887 -0.055664 -0.008423
v -0.128906 -0.088379 -0.008118
v -0.128906 -0.088379 -0.008118
v -0.130859 -0.088379 -0.005127
v -0.130859 -0.088379 -0.005127
v 0.088867 0.126953 0.008362
v 0.058594 0.107422 0.008240
v 0.049805 0.099610 0.009460
v 0.088867 0.126953 0.008362
v 0.115722 0.146484 0.006866
v 0.089355 0.128906 0.007049
v 0.117188 0.144531 0.008728
v 0.089355 0.128906 0.007049
v 0.074219 0.108398 0.010437
v 0.074219 0.108398 0.010437
v 0.141602 -0.142578 -0.008545
v 0.136719 -0.142578 -0.009888
v 0.141602 -0.139648 -0.009522
v 0.136719 -0.144531 -0.008911
v 0.145508 -0.138672 -0.008911
v 0.146484 -0.138672 -0.007721
v 0.140625 -0.144531 -0.007752
v 0.144531 -0.142578 -0.007935
v -0.005402 0.007782 0.016358
v -0.000343 -0.001037 0.016968
v -0.000095 0.018799 0.016479
v -0.005402 0.007782 0.016358
v -0.025635 0.025879 0.015503
v -0.035400 0.008240 0.015503
v -0.011352 0.033691 0.015869
v -0.006592 -0.001396 0.016601
v -0.005402 0.007782 0.016358
v -0.006592 -0.001396 0.016601
v -0.000343 -0.001037 0.016968
v -0.025635 0.025879 0.015503
v -0.097168 -0.129883 0.009582
v -0.120117 -0.144531 0.009094
v -0.117188 -0.145508 0.007812
v -0.097168 -0.129883 0.009582
v -0.117188 -0.145508 0.007812
v -0.093750 -0.131836 0.008301
v -0.071778 -0.113281 0.009704
v -0.078125 -0.104980 0.011474
v -0.108398 -0.123047 0.011413
v -0.108398 -0.123047 0.011413
v 0.131836 0.086914 -0.004914
v 0.130859 0.086914 0.004608
v 0.108887 0.055420 0.004700
v 0.107910 0.054931 -0.007324
v 0.130859 0.086914 -0.006775
v 0.131836 0.086914 -0.004914
v 0.149414 0.117676 -0.004761
v 0.130859 0.086914 0.004608
v 0.108887 0.055176 -0.005249
v 0.130859 0.086914 -0.006775
v 0.021729 -0.037597 0.015320
v 0.041504 -0.049316 0.014465
v 0.034180 -0.034180 0.015076
v 0.002960 -0.019776 0.015991
v 0.010498 -0.042725 0.015320
v 0.019165 -0.013366 0.015991
v 0.024903 -0.058105 0.014648
v -0.141602 0.139648 -0.008972
v -0.143554 0.140625 -0.007812
v -0.137696 0.143554 -0.009033
v -0.136719 0.141602 -0.009461
v -0.141602 0.139648 -0.008972
v -0.145508 0.135742 -0.008850
v -0.146484 0.136719 -0.007843
v -0.142578 0.137696 -0.009766
v -0.142578 0.137696 -0.009766
v -0.143554 0.140625 -0.007812
v -0.150391 -0.130859 -0.006348
v -0.149414 -0.135742 -0.004914
v -0.150391 -0.130859 -0.004791
v -0.151367 -0.126953 -0.006378
v -0.150391 -0.126953 -0.007721
v -0.150391 -0.131836 -0.007873
v -0.149414 -0.133789 -0.006622
v 0.009826 0.059570 0.015320
v 0.009949 0.037354 0.015747
v 0.024903 0.071778 0.013977
v -0.000095 0.018799 0.016479
v 0.016968 0.092285 0.013916
v -0.001755 0.046875 0.015625
v 0.001587 0.082520 0.014831
v 0.009826 0.059570 0.015320
v 0.016968 0.092285 0.013916
v 0.001587 0.082520 0.014831
v 0.110840 -0.044434 -0.009278
v 0.099121 -0.043701 -0.010132
v 0.092285 -0.036133 -0.012146
v 0.110840 -0.037110 -0.011780
v 0.110840 -0.044434 -0.009278
v 0.150391 -0.040771 -0.008301
v 0.110840 -0.047119 -0.007935
v 0.110840 -0.037110 -0.011780
v 0.151367 -0.038086 -0.009400
v 0.110840 -0.047119 -0.007935
v -0.020630 0.230469 0.006744
v -0.020141 0.229492 0.007873
v -0.017944 0.237304 0.007416
v -0.018554 0.238281 0.006347
v -0.021363 0.229492 0.005218
v -0.020630 0.230469 0.006744
v -0.021363 0.229492 0.005218
v -0.032959 0.178711 0.007110
v -0.020630 0.230469 0.006744
v -0.031983 0.178711 0.008240
v -0.020141 0.229492 0.007873
v -0.020630 0.230469 0.006744
v -0.032959 0.178711 0.007110
v -0.031983 0.178711 0.008240
v -0.045166 -0.103515 0.008240
v -0.043213 -0.110352 0.008606
v -0.042236 -0.103028 0.009704
v -0.046142 -0.104492 0.006897
v -0.044190 -0.109375 0.008056
v -0.044677 -0.101074 0.008972
v -0.046875 -0.103515 0.007660
v 0.150391 0.125000 -0.007782
v 0.148438 0.118653 -0.007782
v 0.147461 0.120117 -0.008972
v 0.150391 0.125000 -0.007782
v 0.152344 0.124512 -0.006317
v 0.148438 0.118653 -0.007782
v 0.152344 0.128906 -0.006409
v 0.147461 0.120117 -0.008972
v 0.149414 0.125977 -0.008423
v 0.151367 0.128906 -0.007630
v 0.012024 -0.246094 0.004791
v 0.012634 -0.246094 -0.005371
v 0.015991 -0.243164 -0.005188
v 0.012024 -0.246094 0.004791
v 0.015564 -0.244141 0.005920
v 0.012024 -0.246094 0.006225
v 0.008240 -0.248047 0.004761
v 0.012634 -0.246094 -0.005371
v 0.015747 -0.244141 0.004669
v 0.015991 -0.243164 -0.005188
v -0.237304 -0.000892 -0.013733
v -0.239258 -0.004852 -0.011109
v -0.242188 -0.002182 -0.010315
v -0.237304 -0.000892 -0.013733
v -0.005127 0.000362 -0.017456
v -0.002136 -0.003891 -0.016601
v -0.237304 -0.000892 -0.013733
v -0.242188 0.002334 -0.010742
v -0.238281 0.004211 -0.010925
v -0.237304 -0.000892 -0.013733
v -0.002136 -0.003891 -0.016601
v -0.239258 -0.004852 -0.011109
v -0.242188 -0.002182 -0.010315
v -0.237304 -0.000892 -0.013733
v -0.238281 0.004211 -0.010925
v -0.005127 0.000362 -0.017456
v -0.111817 -0.046631 0.004822
v -0.112305 -0.046631 -0.005402
v -0.105957 -0.047851 -0.004975
v -0.111817 -0.046631 0.004822
v -0.150391 -0.038574 0.006866
v -0.151367 -0.039062 0.004974
v -0.111817 -0.046631 0.004822
v -0.105469 -0.047119 0.006500
v -0.111817 -0.046142 0.006592
v -0.105469 -0.047608 0.004761
v -0.105469 -0.047608 0.004761
v -0.112305 -0.046631 -0.005402
v -0.111817 -0.046142 0.006592
v 0.015991 0.239258 -0.008850
v 0.011536 0.243164 -0.009522
v 0.013794 0.243164 -0.008728
v 0.017578 0.240234 -0.008057
v 0.016724 0.237304 -0.009033
v 0.011963 0.239258 -0.010193
v 0.015015 0.243164 -0.007812
v 0.150391 -0.131836 0.007294
v 0.152344 -0.131836 0.006256
v 0.151367 -0.128906 0.007110
v 0.149414 -0.131836 0.008362
v 0.149414 -0.135742 0.007355
v 0.150391 -0.128906 0.008484
v 0.150391 -0.135742 0.006134
v -0.040283 0.095703 -0.010315
v -0.038086 0.098633 -0.010987
v -0.032715 0.081543 -0.012818
v -0.043457 0.105469 -0.008789
v -0.044922 0.102051 -0.007873
v -0.041992 0.090332 -0.010987
v -0.044190 0.098145 -0.009155
v -0.035156 0.076660 -0.012879
v -0.015991 -0.240234 -0.009155
v -0.014160 -0.243164 -0.008911
v -0.015381 -0.243164 -0.007873
v -0.016968 -0.238281 -0.009216
v -0.011841 -0.243164 -0.010010
v -0.018066 -0.240234 -0.008179
v 0.239258 0.003327 0.010071
v 0.002289 0.001678 0.016358
v 0.005432 0.000526 0.017456
v 0.239258 0.003327 0.010071
v 0.239258 0.003327 0.010071
v 0.005432 0.000526 0.017456
v 0.237304 -0.001869 0.013489
v 0.047119 -0.104492 -0.005066
v 0.045899 -0.105469 0.004822
v 0.045655 -0.105469 -0.005280
v 0.045410 -0.104492 -0.007508
v 0.046875 -0.104004 -0.007324
v 0.049316 -0.104980 -0.005371
v 0.047608 -0.104492 0.005035
v -0.144531 0.132812 0.009338
v -0.147461 0.131836 0.008240
v -0.145508 0.135742 0.008301
v -0.141602 0.136719 0.009460
v -0.141602 0.131836 0.010132
v -0.243164 -0.016601 -0.008667
v -0.244141 -0.017944 -0.007416
v -0.245117 -0.015320 -0.008850
v -0.241211 -0.016601 -0.009644
v -0.241211 -0.019653 -0.007782
v -0.246094 -0.013001 -0.008972
v -0.244141 -0.013366 -0.009583
v 0.006988 0.234375 0.010925
v 0.004029 0.237304 0.010864
v 0.000242 0.232422 0.013611
v 0.006988 0.234375 0.010925
v 0.000242 0.232422 0.013611
v 0.001037 0.004974 0.016358
v 0.124023 -0.150391 -0.006653
v 0.125000 -0.149414 -0.008057
v 0.128906 -0.150391 -0.006653
v 0.127929 -0.150391 -0.005127
v 0.121094 -0.150391 -0.006592
v 0.121094 -0.148438 -0.007904
v -0.083008 0.034180 0.011963
v -0.085938 0.039795 0.011413
v -0.096680 0.044190 0.009094
v -0.062500 0.025757 0.014038
v -0.081055 0.030884 0.012268
v -0.060302 0.017944 0.014648
v -0.096680 0.041748 0.009277
v -0.043213 -0.110352 0.008606
v -0.038330 -0.130859 0.010132
v -0.042236 -0.103028 0.009704
v -0.044190 -0.109375 0.008056
v -0.039306 -0.138672 0.008179
v 0.247071 0.012329 -0.007752
v 0.244141 0.014771 -0.007019
v 0.247071 0.013427 -0.006684
v 0.243164 0.013550 -0.008423
v 0.245117 0.010315 -0.009339
v 0.247071 0.007447 -0.009278
v 0.248047 0.009582 -0.007904
v 0.079590 -0.021363 0.013977
v 0.061280 -0.020141 0.014404
v 0.091308 -0.034668 0.012146
v 0.111328 -0.018799 0.013977
v 0.077637 -0.005402 0.015014
v 0.109863 -0.033203 0.012146
v 0.079590 -0.021363 0.013977
v 0.053222 -0.005951 0.015442
v 0.061280 -0.020141 0.014404
v 0.077637 -0.005402 0.015014
v -0.124512 0.150391 -0.005219
v -0.127929 0.150391 -0.005158
v -0.122070 0.150391 0.005035
v -0.121582 0.149414 -0.006806
v -0.124512 0.149414 -0.006653
v -0.121094 0.150391 -0.004975
v -0.134766 -0.142578 0.009399
v -0.139648 -0.138672 0.009460
v -0.140625 -0.141602 0.008301
v 0.078125 0.029052 -0.013184
v 0.081055 0.035156 -0.012634
v 0.095703 0.041748 -0.010071
v 0.089355 0.035156 -0.012146
v 0.082520 0.023071 -0.013916
v 0.149414 -0.118164 0.006500
v 0.131836 -0.089355 0.006897
v 0.129883 -0.089355 0.007873
v 0.149414 -0.118164 0.006500
v 0.150391 -0.117676 0.004669
v 0.131836 -0.089355 0.006897
v 0.149414 -0.118164 0.006500
v 0.152344 -0.125000 0.006378
v 0.152344 -0.124512 0.004577
v 0.149414 -0.118164 0.006500
v 0.148438 -0.118164 0.007599
v 0.152344 -0.125000 0.006378
v 0.152344 -0.124512 0.004577
v 0.129883 -0.089355 0.007873
v -0.036377 0.124023 -0.010193
v -0.036377 0.124023 -0.010193
v -0.043457 0.105469 -0.008789
v -0.029419 0.177734 -0.009766
v -0.023804 0.126953 -0.012757
v -0.036377 0.124023 -0.010193
v -0.019776 0.179688 -0.011841
v -0.023804 0.126953 -0.012757
v -0.029419 0.177734 -0.009766
v -0.103028 -0.046875 -0.008728
v -0.099610 -0.044677 -0.010376
v -0.101562 -0.048584 -0.009583
v -0.103028 -0.046875 -0.008728
v -0.104980 -0.046142 -0.008606
v -0.100586 -0.042969 -0.010437
v -0.104492 -0.048584 -0.007324
v -0.100586 -0.042969 -0.010437
v -0.103515 -0.048828 -0.008362
v -0.103515 -0.048828 -0.008362
v 0.123535 0.146484 0.008850
v 0.120117 0.141602 0.009765
v 0.129883 0.144531 0.009460
v 0.127929 0.146484 0.008911
v 0.127929 0.149414 0.007538
v 0.117188 0.144531 0.008728
v 0.123535 0.148438 0.007751
v 0.000160 -0.232422 -0.011841
v 0.009582 -0.185547 -0.013611
v 0.006347 -0.232422 -0.011841
v 0.000160 -0.232422 -0.011841
v 0.006347 -0.232422 -0.011841
v 0.004669 -0.241211 -0.011475
v 0.000160 -0.232422 -0.011841
v 0.000012 -0.177734 -0.014221
v 0.009582 -0.185547 -0.013611
v 0.004669 -0.241211 -0.011475
v -0.000119 -0.242188 -0.011353
v -0.249023 0.010864 0.004364
v -0.250000 0.007202 0.005920
v -0.248047 0.011231 0.005493
v -0.250000 0.007050 0.004608
v -0.246094 0.014099 0.004425
v -0.250000 0.006500 -0.005188
v -0.249023 0.010864 0.004364
v -0.248047 0.010620 -0.005036
v -0.250000 0.006500 -0.005188
v -0.248047 0.010620 -0.005036
v -0.248047 -0.014282 -0.006653
v -0.247071 -0.014099 -0.007630
v -0.245117 -0.017944 -0.006470
v -0.248047 -0.014282 -0.006653
v -0.250000 -0.010681 -0.006622
v -0.249023 -0.010254 -0.008301
v -0.246094 -0.017700 -0.005280
v -0.246094 -0.017700 -0.005280
v -0.249023 -0.014404 -0.005127
v -0.249023 -0.010254 -0.008301
v 0.000740 0.231446 0.011658
v 0.000778 0.170898 0.013855
v 0.006714 0.231446 0.011535
v 0.000740 0.231446 0.011658
v -0.008850 0.179688 0.013305
v 0.000778 0.170898 0.013855
v 0.000740 0.231446 0.011658
v 0.005615 0.241211 0.010620
v 0.001015 0.240234 0.010925
v 0.000740 0.231446 0.011658
v 0.001015 0.240234 0.010925
v -0.004669 0.233398 0.011658
v 0.006714 0.231446 0.011535
v 0.000740 0.231446 0.011658
v -0.004669 0.233398 0.011658
v -0.008850 0.179688 0.013305
v 0.127929 -0.144531 -0.010071
v 0.127929 -0.136719 -0.011414
v 0.134766 -0.139648 -0.010315
v 0.131836 -0.145508 -0.009644
v 0.123535 -0.147461 -0.009278
v 0.127929 -0.144531 -0.010071
v 0.118653 -0.145508 -0.009827
v 0.125977 -0.147461 -0.009216
v -0.103515 0.044434 0.006561
v -0.102539 0.045655 0.006439
v -0.103515 0.045410 0.004364
v -0.103515 0.044434 0.006561
v -0.103515 0.045410 0.004364
v -0.102539 0.043701 0.007995
v -0.102539 0.045655 0.006439
v -0.109375 0.043457 0.007751
v -0.038330 -0.130859 0.010132
v -0.030762 -0.097168 0.013122
v -0.042236 -0.103028 0.009704
v -0.038330 -0.130859 0.010132
v -0.029419 -0.187500 0.009094
v -0.026489 -0.133789 0.012390
v -0.039306 -0.138672 0.008179
v -0.026489 -0.133789 0.012390
v 0.238281 0.017578 -0.005402
v 0.244141 0.015320 0.004150
v 0.245117 0.015625 -0.005890
v 0.238281 0.017212 -0.006989
v 0.238281 0.017578 -0.005402
v 0.208008 0.026734 -0.005310
v 0.239258 0.017212 0.004394
v 0.238281 0.017212 -0.006989
v 0.238281 0.017578 -0.005402
v 0.239258 0.017212 0.004394
v 0.244141 0.015320 0.004150
v 0.074219 -0.034912 0.012573
v 0.083985 -0.034668 0.012085
v 0.040528 -0.017700 0.015198
v 0.052490 -0.029541 0.014526
v 0.052490 -0.029541 0.014526
v -0.127929 0.148438 -0.008301
v -0.133789 0.147461 -0.008118
v -0.129883 0.149414 -0.007752
v -0.125977 0.149414 -0.007873
v -0.125977 0.148438 -0.008911
v -0.127929 0.148438 -0.008301
v -0.132812 0.145508 -0.008545
v -0.133789 0.147461 -0.008118
v -0.132812 0.145508 -0.008545
v -0.125977 -0.148438 0.007355
v -0.126953 -0.146484 0.008606
v -0.128906 -0.149414 0.007477
v -0.128906 -0.149414 0.006195
v -0.125000 -0.149414 0.006439
v -0.125000 -0.146484 0.009094
v -0.123047 -0.147461 0.008056
v 0.089844 0.006714 -0.015076
v 0.063477 0.004486 -0.015442
v 0.082520 0.023071 -0.013916
v 0.089844 0.006714 -0.015076
v 0.109375 -0.004608 -0.014771
v 0.063477 0.004486 -0.015442
v 0.089844 0.006714 -0.015076
v 0.082520 0.023071 -0.013916
v 0.101562 0.018189 -0.013855
v 0.241211 -0.020630 0.006958
v 0.237304 -0.022827 0.005646
v 0.243164 -0.020874 0.005585
v 0.244141 -0.018554 0.006897
v -0.044677 0.107422 -0.004944
v -0.041260 0.127929 -0.007202
v -0.044677 0.106933 -0.007172
v -0.044677 0.107422 -0.004944
v -0.041748 0.128906 0.005462
v -0.041504 0.127929 -0.005585
v -0.045655 0.104004 -0.004975
v -0.044677 0.106933 0.004944
v -0.041504 0.127929 -0.005585
v -0.044677 0.106933 0.004944
v -0.088379 -0.038574 -0.012390
v -0.099610 -0.044677 -0.010376
v -0.087403 -0.035400 -0.012573
v -0.065918 -0.026367 -0.014588
v -0.070312 -0.038819 -0.014221
v -0.096192 -0.047119 -0.011536
v -0.088379 -0.038574 -0.012390
v -0.096192 -0.047119 -0.011536
v 0.129883 0.149414 0.006409
v 0.126953 0.149414 0.006256
v 0.129883 0.149414 0.004883
v 0.134766 0.148438 0.006103
v 0.134766 0.148438 0.004852
v 0.130859 0.149414 0.007171
v 0.005921 -0.235352 -0.011048
v 0.002655 -0.238281 -0.011109
v -0.000259 -0.235352 -0.014099
v 0.005921 -0.235352 -0.011048
v -0.000259 -0.235352 -0.014099
v 0.001449 -0.006378 -0.017090
v -0.243164 0.010803 0.008972
v -0.245117 0.010559 0.008667
v -0.245117 0.006928 0.008850
v -0.243164 0.008423 0.009826
v -0.238281 0.014892 0.008545
v -0.243164 0.013245 0.008117
v -0.143554 -0.133789 -0.009827
v -0.146484 -0.134766 -0.009094
v -0.146484 -0.130859 -0.009705
v -0.143554 -0.127929 -0.010437
v -0.140625 -0.133789 -0.010681
v -0.139648 -0.138672 -0.010010
v -0.143554 -0.137696 -0.009583
v 0.043457 0.097168 0.009521
v 0.042480 0.099121 0.009033
v 0.038574 0.091797 0.010742
v 0.047608 0.101074 0.007751
v 0.044922 0.099610 0.007812
v 0.049805 0.099610 0.009460
v 0.042236 0.090820 0.010620
v 0.206054 -0.031006 -0.007050
v 0.150391 -0.041748 -0.007141
v 0.206054 -0.031006 -0.007050
v 0.238281 -0.022949 -0.007691
v 0.238281 -0.023316 -0.006653
v 0.205078 -0.029785 -0.008362
v 0.207031 -0.030884 -0.005524
v 0.205078 -0.029785 -0.008362
v -0.010803 0.243164 0.009216
v -0.009949 0.239258 0.010437
v -0.006073 0.244141 0.009888
v -0.007447 0.246094 0.008850
v -0.015015 0.240234 0.008484
v -0.016113 0.237304 0.008423
v -0.010559 0.244141 0.008423
v -0.045899 -0.105469 0.004883
v -0.044434 -0.109863 0.006866
v -0.044190 -0.109375 0.008056
v -0.049560 -0.104492 0.005768
v 0.242188 0.011841 -0.009522
v 0.237304 0.011841 -0.010254
v 0.238281 0.015503 -0.008423
v 0.244141 0.009826 -0.009888
v 0.243164 0.006714 -0.010559
v 0.016846 -0.241211 0.007049
v 0.018066 -0.240234 0.005981
v 0.014892 -0.243164 0.006958
v 0.017456 -0.239258 0.007141
v -0.151367 0.038574 -0.006684
v -0.111328 0.044434 -0.005158
v -0.152344 0.037110 -0.008301
v -0.217773 -0.003097 0.011535
v -0.235352 0.004639 0.010986
v -0.241211 0.002259 0.010315
v -0.217773 -0.003097 0.011535
v -0.241211 0.002259 0.010315
v -0.239258 -0.002701 0.010925
v -0.217773 -0.003097 0.011535
v -0.236328 -0.008545 0.010620
v -0.198242 -0.011231 0.011902
v -0.217773 -0.003097 0.011535
v -0.210938 0.006928 0.011597
v -0.235352 0.004639 0.010986
v -0.236328 -0.008545 0.010620
v -0.217773 -0.003097 0.011535
v -0.198242 -0.011231 0.011902
v -0.170898 -0.003540 0.013489
v -0.210938 0.006928 0.011597
v 0.012207 0.245117 -0.007935
v 0.011536 0.244141 -0.008606
v 0.009094 0.248047 -0.006867
v 0.012512 0.247071 -0.006958
v 0.012207 0.245117 -0.007935
v 0.012512 0.247071 -0.006958
v 0.011536 0.244141 -0.008606
v 0.153321 -0.127929 0.005035
v 0.152344 -0.124512 -0.005249
v 0.153321 -0.127929 0.005035
v 0.152344 -0.131836 0.004700
v 0.153321 -0.126953 -0.005188
v 0.153321 -0.127929 0.005035
v 0.152344 -0.125000 0.006378
v 0.152344 -0.127929 0.006378
v 0.152344 -0.127929 0.006378
v 0.153321 -0.126953 -0.005188
v -0.024170 0.091797 -0.013672
v -0.116211 -0.147461 -0.005005
v -0.122558 -0.149414 -0.004852
v -0.125000 -0.149414 -0.006470
v 0.145508 0.030884 0.010376
v 0.153321 0.018677 0.012146
v 0.204102 0.018554 0.010559
v 0.145508 0.030884 0.010376
v 0.107422 0.039551 0.010254
v 0.105469 0.026734 0.012634
v 0.149414 0.034912 0.008484
v 0.145508 0.030884 0.010376
v 0.105469 0.026734 0.012634
v 0.153321 0.018677 0.012146
v 0.149414 0.034912 0.008484
v 0.012634 -0.060059 -0.015503
v 0.002762 -0.033935 -0.016236
v 0.019287 -0.036865 -0.015625
v 0.012634 -0.060059 -0.015503
v 0.000366 -0.058594 -0.015747
v 0.002762 -0.033935 -0.016236
v 0.012634 -0.060059 -0.015503
v 0.026001 -0.058594 -0.014954
v 0.025512 -0.085449 -0.014404
v 0.012634 -0.060059 -0.015503
v 0.011657 -0.089844 -0.015076
v 0.000366 -0.058594 -0.015747
v 0.026001 -0.058594 -0.014954
v 0.025512 -0.085449 -0.014404
v -0.150391 0.131836 0.005890
v -0.147461 0.136719 0.006042
v -0.148438 0.137696 0.004608
v -0.149414 0.132812 0.007080
v -0.150391 0.132812 0.004486
v -0.151367 0.125977 0.006012
v -0.151367 0.128906 0.004242
v -0.150391 0.129883 0.007171
v 0.039551 0.016113 0.015625
v 0.039062 0.035645 0.015198
v 0.023316 0.027832 0.015869
v 0.055664 0.016601 0.015014
v 0.067383 0.031983 0.013977
v 0.059082 0.036133 0.014404
v 0.036377 -0.000469 0.015991
v 0.039551 0.016113 0.015625
v 0.004914 0.011780 0.016479
v 0.004669 -0.001244 0.016723
v 0.004669 -0.001244 0.016723
v 0.023316 0.027832 0.015869
v 0.131836 -0.089355 0.006897
v 0.150391 -0.117676 0.004669
v 0.131836 -0.088867 0.005035
v 0.131836 -0.089355 0.006897
v 0.109375 -0.056396 0.006927
v 0.107910 -0.056885 0.007812
v 0.131836 -0.089355 0.006897
v 0.131836 -0.088867 0.005035
v 0.109375 -0.056396 0.006927
v 0.129883 -0.089355 0.007873
v -0.087403 0.127929 -0.008423
v -0.056153 0.104492 -0.009583
v -0.086914 0.123047 -0.009949
v -0.087403 0.127929 -0.008423
v -0.116211 0.146484 -0.007935
v -0.114746 0.147461 -0.006500
v -0.056396 0.107422 -0.008484
v -0.086914 0.128906 -0.007233
v -0.086914 0.128906 -0.007233
v 0.141602 0.141602 0.008240
v 0.142578 0.142578 0.007232
v 0.137696 0.144531 0.008606
v 0.141602 0.141602 0.008240
v 0.141602 0.137696 0.008972
v 0.145508 0.138672 0.008423
v 0.137696 0.142578 0.009216
v 0.146484 0.139648 0.007202
v 0.146484 0.139648 0.007202
v 0.137696 0.142578 0.009216
v 0.088379 -0.130859 -0.008606
v 0.114746 -0.147461 -0.006897
v 0.088379 -0.132812 -0.007416
v 0.088379 -0.130859 -0.008606
v 0.088379 -0.132812 -0.007416
v 0.062988 -0.113281 -0.008301
v -0.129883 0.085938 0.004547
v -0.108398 0.054199 0.006500
v -0.129883 0.085938 0.006409
v -0.109375 0.054444 -0.005310
v -0.109375 0.054931 0.004394
v -0.130859 0.085938 -0.005341
v -0.129883 0.085938 0.004547
v -0.148438 0.116699 0.004028
v -0.130859 0.085938 -0.005341
v -0.129883 0.085938 0.006409
v -0.125000 -0.121094 -0.011658
v -0.107422 -0.119140 -0.012268
v -0.126953 -0.135742 -0.010987
v -0.136719 -0.128906 -0.011170
v -0.125000 -0.121094 -0.011658
v -0.126953 -0.135742 -0.010987
v -0.131836 -0.132812 -0.011231
v -0.136719 -0.128906 -0.011170
v -0.125000 -0.121094 -0.011658
v -0.101074 -0.093750 -0.012573
v -0.107422 -0.119140 -0.012268
v 0.136719 0.128906 0.009949
v 0.130859 0.130859 0.013183
v 0.007141 0.002259 0.016601
v 0.136719 0.128906 0.009949
v 0.136719 0.133789 0.009888
v 0.140625 -0.144531 -0.006348
v 0.141602 -0.144531 -0.005280
v 0.136719 -0.147461 -0.006836
v 0.136719 -0.146484 -0.007843
v 0.140625 -0.144531 -0.007752
v 0.140625 -0.144531 -0.006348
v 0.144531 -0.142578 -0.006561
v 0.144531 -0.141602 -0.005310
v 0.141602 -0.144531 -0.005280
v -0.004577 -0.024170 0.015747
v 0.004669 -0.001244 0.016723
v -0.006531 -0.010742 0.016236
v -0.031494 -0.191406 0.006409
v -0.021118 -0.232422 0.007538
v -0.031494 -0.191406 0.006409
v -0.040283 -0.141602 0.004852
v -0.031494 -0.192383 0.004700
v -0.031494 -0.191406 0.006409
v -0.030639 -0.191406 0.007934
v -0.040283 -0.138672 0.006836
v -0.031494 -0.191406 0.006409
v -0.040283 -0.138672 0.006836
v -0.040283 -0.141602 0.004852
v -0.030639 -0.191406 0.007934
v 0.235352 0.007447 -0.011658
v 0.238281 0.002609 -0.011597
v 0.208984 0.003754 -0.013001
v 0.235352 0.007447 -0.011658
v 0.238281 0.002609 -0.011597
v 0.202148 0.012818 -0.011902
v 0.237304 0.011841 -0.010254
v 0.041504 -0.049316 0.014465
v 0.048340 -0.070312 0.013550
v 0.066895 -0.074707 0.013489
v 0.052246 -0.043701 0.014221
v 0.034180 -0.034180 0.015076
v 0.024903 -0.058105 0.014648
v -0.144531 0.140625 -0.005219
v -0.148438 0.136719 -0.005219
v -0.145508 0.141602 0.004852
v -0.144531 0.140625 -0.005219
v -0.141602 0.143554 -0.004914
v -0.139648 0.144531 -0.006989
v -0.143554 0.140625 -0.006806
v -0.143554 0.140625 -0.006806
v -0.250000 -0.010376 0.004700
v -0.249023 -0.013916 0.006012
v -0.250000 -0.010803 0.005981
v -0.249023 -0.013794 0.004730
v -0.250000 -0.010376 0.004700
v -0.250000 -0.010742 -0.005066
v -0.250000 -0.006012 0.004181
v -0.250000 -0.010376 0.004700
v -0.249023 -0.014404 -0.005127
v -0.249023 -0.013794 0.004730
v -0.250000 -0.010742 -0.005066
v 0.007324 0.243164 -0.010376
v 0.000824 0.241211 -0.011048
v 0.005371 0.245117 -0.009949
v 0.006134 0.239258 -0.010925
v 0.011536 0.243164 -0.009522
v 0.011963 0.239258 -0.010193
v 0.136719 -0.143554 0.009277
v 0.140625 -0.139648 0.009643
v 0.136719 -0.140625 0.009949
v 0.136719 -0.143554 0.009277
v 0.132812 -0.145508 0.009155
v 0.136719 -0.144531 0.008606
v 0.129883 -0.144531 0.009888
v 0.136719 -0.144531 0.008606
v 0.141602 -0.141602 0.008545
v 0.136719 -0.140625 0.009949
v -0.061767 0.062988 -0.014099
v -0.089355 0.084961 -0.012879
v -0.075683 0.092285 -0.012634
v -0.061767 0.062988 -0.014099
v -0.052246 0.077637 -0.012940
v -0.041992 0.052735 -0.014649
v -0.048584 0.037354 -0.014832
v -0.052246 0.077637 -0.012940
v -0.094238 0.072265 -0.012940
v -0.004792 -0.248047 -0.009278
v -0.008423 -0.246094 -0.009278
v -0.007996 -0.244141 -0.010315
v -0.000813 -0.248047 -0.009339
v -0.000592 -0.249023 -0.008301
v -0.004364 -0.245117 -0.010193
v -0.004577 -0.249023 -0.008118
v 0.250000 -0.002808 0.005920
v 0.250000 -0.002808 0.007232
v 0.250000 -0.007447 0.005676
v 0.250000 -0.007599 0.004761
v 0.250000 -0.002808 0.005920
v 0.250000 0.001702 0.005951
v 0.250000 0.001549 0.006897
v 0.250000 -0.002808 0.007232
v 0.250000 -0.003052 0.004394
v 0.250000 -0.003052 0.004394
v 0.060791 -0.113770 -0.007080
v 0.060791 -0.113770 -0.007080
v -0.130859 0.131836 0.013489
v -0.133789 0.136719 0.010376
v -0.136719 0.133789 0.010071
v -0.130859 0.131836 0.013489
v -0.006806 0.002029 0.016236
v -0.005310 0.004425 0.016479
v -0.003616 0.006165 0.016114
v -0.128906 0.136719 0.009949
v -0.130859 0.131836 0.013489
v -0.137696 0.128906 0.010498
v -0.006806 0.002029 0.016236
v -0.130859 0.131836 0.013489
v -0.136719 0.133789 0.010071
v -0.137696 0.128906 0.010498
v -0.130859 0.131836 0.013489
v -0.003616 0.006165 0.016114
v -0.128906 0.136719 0.009949
v -0.151367 -0.124512 -0.005005
v -0.151367 -0.124512 -0.006775
v -0.151367 -0.124512 -0.005005
v -0.151367 -0.124512 -0.006775
v -0.152344 -0.127929 -0.005036
v -0.151367 -0.124023 0.004730
v -0.149414 -0.117188 0.004516
v -0.151367 -0.124023 0.004730
v 0.048828 0.089355 0.011047
v 0.040283 0.076660 0.012695
v 0.051514 0.073730 0.013122
v 0.048828 0.089355 0.011047
v 0.073730 0.094727 0.012024
v 0.048828 0.089355 0.011047
v 0.073730 0.094727 0.012024
v 0.042236 0.090820 0.010620
v 0.247071 -0.010071 -0.009766
v 0.249023 -0.010498 -0.008972
v 0.250000 -0.006988 -0.009155
v 0.244141 -0.008728 -0.010559
v 0.248047 -0.005493 -0.010132
v -0.008423 0.248047 0.006378
v -0.004151 0.250000 0.005005
v -0.008423 0.248047 0.006378
v -0.008179 0.249023 0.005096
v -0.013001 0.245117 0.006286
v -0.011352 0.246094 0.007294
v -0.008179 0.249023 0.005096
v -0.008117 0.247071 0.007751
v -0.105469 -0.056396 0.009216
v -0.098633 -0.062988 0.011597
v -0.105469 -0.056396 0.009216
v -0.098145 -0.048584 0.009460
v -0.103028 -0.049316 0.008362
v -0.098633 -0.062988 0.011597
v -0.085938 -0.044677 0.011780
v -0.103028 -0.049316 0.008362
v 0.123535 0.148438 -0.007843
v 0.126953 0.149414 -0.007843
v 0.128906 0.146484 -0.009278
v 0.115722 0.146484 -0.007691
v 0.115722 0.146484 -0.007111
v 0.123047 0.149414 -0.006775
v 0.124023 0.146484 -0.009033
v -0.000206 -0.250000 0.006073
v 0.003769 -0.249023 0.007477
v -0.000156 -0.249023 0.007599
v -0.004425 -0.249023 0.006134
v 0.003906 -0.249023 0.006073
v -0.249023 0.002533 -0.009216
v -0.250000 -0.001869 -0.009033
v -0.250000 -0.002121 -0.008057
v -0.247071 -0.001663 -0.009705
v -0.250000 -0.001869 -0.009033
v -0.250000 -0.002121 -0.008057
v -0.151367 -0.130859 0.004547
v -0.149414 -0.135742 -0.004914
v -0.152344 -0.126953 0.004394
v -0.150391 -0.130859 -0.004791
v -0.151367 -0.130859 0.004547
v -0.151367 -0.130859 0.006256
v -0.149414 -0.134766 0.006256
v 0.012024 0.089355 -0.014404
v 0.000342 0.081055 -0.015076
v -0.000119 0.120117 -0.014649
v 0.025146 0.090332 -0.013794
v 0.012146 0.059082 -0.015076
v -0.000119 0.120117 -0.014649
v 0.110352 -0.043457 0.009338
v 0.151367 -0.037842 0.009521
v 0.109863 -0.033203 0.012146
v 0.110352 -0.043457 0.009338
v 0.103515 -0.046142 0.008179
v 0.111328 -0.046631 0.007751
v 0.110352 -0.043457 0.009338
v 0.098145 -0.042725 0.010071
v 0.110352 -0.043457 0.009338
v 0.109863 -0.033203 0.012146
v 0.091308 -0.034668 0.012146
v 0.111328 -0.046631 0.007751
v 0.098145 -0.042725 0.010071
v -0.018921 0.238281 -0.005554
v -0.016846 0.241211 -0.006958
v -0.016236 0.241211 -0.007996
v -0.051514 -0.099121 -0.010315
v -0.042969 -0.088867 -0.011414
v -0.045655 -0.099610 -0.009644
v -0.051514 -0.099121 -0.010315
v -0.040771 -0.093262 -0.011048
v 0.152344 0.126953 0.006378
v 0.152344 0.131836 0.006134
v 0.149414 0.135742 0.007202
v 0.012573 -0.245117 -0.007111
v 0.008240 -0.248047 0.004761
v 0.008911 -0.248047 -0.005188
v 0.008667 -0.249023 -0.007050
v -0.235352 0.004639 0.010986
v -0.210938 0.006928 0.011597
v -0.236328 0.010254 0.009765
v -0.236328 0.010254 0.009765
v -0.111328 -0.046386 -0.007172
v -0.151367 -0.039306 -0.005219
v -0.151367 -0.039062 -0.007233
v -0.111328 -0.046386 -0.007172
v 0.016724 0.238281 0.008850
v 0.018677 0.237304 0.007812
v 0.015015 0.240234 0.009033
v 0.013550 0.239258 0.009704
v 0.020874 0.229492 0.008240
v 0.018066 0.229492 0.009399
v 0.148438 -0.134766 -0.008728
v 0.149414 -0.135742 -0.007873
v 0.149414 -0.131836 -0.008850
v 0.151367 -0.130859 -0.007508
v 0.144531 -0.134766 -0.009644
v 0.147461 -0.130859 -0.009644
v -0.025635 0.060791 0.014526
v -0.026734 0.091308 0.013244
v -0.038819 0.090332 0.011169
v -0.025635 0.060791 0.014526
v -0.038819 0.090332 0.011169
v -0.025635 0.060791 0.014526
v -0.011352 0.033691 0.015869
v -0.012390 0.058838 0.015076
v -0.028443 0.047364 0.014648
v -0.025635 0.060791 0.014526
v -0.012390 0.058838 0.015076
v -0.026734 0.091308 0.013244
v -0.014709 -0.244141 0.007477
v -0.011657 -0.245117 0.008423
v -0.015869 -0.241211 0.008301
v -0.015991 -0.244141 0.006225
v -0.011780 -0.247071 0.007355
v 0.222656 -0.003723 -0.012146
v 0.242188 -0.003693 -0.011109
v 0.222656 -0.003723 -0.012146
v 0.238281 -0.009399 -0.011597
v 0.197266 -0.011292 -0.012512
v 0.222656 -0.003723 -0.012146
v 0.197266 -0.011292 -0.012512
v 0.222656 -0.003723 -0.012146
v 0.242188 -0.003693 -0.011109
v 0.238281 -0.009399 -0.011597
v 0.222656 -0.003723 -0.012146
v 0.045899 -0.105469 0.004822
v 0.047119 -0.104004 0.006897
v 0.045410 -0.104980 0.006439
v 0.044434 -0.109863 -0.005432
v 0.047608 -0.104492 0.005035
v 0.045410 -0.104980 0.006439
v -0.148438 0.125977 -0.008850
v -0.143554 0.121582 -0.010254
v -0.147461 0.120605 -0.008728
v -0.148438 0.125977 -0.008850
v -0.148438 0.128906 -0.008484
v -0.146484 0.130859 -0.009339
v -0.149414 0.125000 -0.007324
v -0.144531 0.127929 -0.010254
v -0.143554 0.121582 -0.010254
v -0.148438 0.125977 -0.008850
v -0.147461 0.120605 -0.008728
v -0.149414 0.125000 -0.007324
v -0.214844 -0.023193 0.009338
v -0.152344 -0.037354 0.008423
v -0.150391 -0.034668 0.009704
v -0.203125 -0.020508 0.010681
v -0.214844 -0.023193 0.009338
v -0.239258 -0.017700 0.008972
v -0.236328 -0.021363 0.007934
v -0.206054 -0.028564 0.007995
v -0.236328 -0.014892 0.010071
v -0.203125 -0.020508 0.010681
v -0.206054 -0.028564 0.007995
v 0.041260 0.127929 -0.005554
v 0.044190 0.106445 -0.005585
v 0.043701 0.105469 -0.007691
v 0.041260 0.127929 -0.005554
v 0.032959 0.178711 -0.005585
v 0.041260 0.126953 0.005157
v 0.041260 0.126953 -0.007233
v 0.043701 0.105957 0.004608
v 0.041260 0.126953 -0.007233
v 0.041260 0.126953 0.005157
v 0.132812 -0.148438 0.006134
v 0.132812 -0.149414 0.004547
v 0.136719 -0.146484 0.005768
v 0.128906 -0.150391 0.006073
v 0.127929 -0.150391 0.004700
v 0.136719 -0.146484 0.007202
v 0.132812 -0.148438 0.007171
v -0.065918 0.018311 -0.014649
v -0.081543 0.031006 -0.013123
v -0.064942 0.025146 -0.014282
v -0.065918 0.018311 -0.014649
v -0.064942 0.025146 -0.014282
v -0.043457 0.016358 -0.015503
v -0.084961 0.010254 -0.015076
v -0.103028 0.024781 -0.013306
v -0.083985 0.029419 -0.013245
v -0.055664 0.007569 -0.015503
v -0.084961 0.010254 -0.015076
v -0.019043 -0.190429 -0.012390
v -0.019165 -0.232422 -0.009339
v -0.019043 -0.190429 -0.012390
v -0.012268 -0.130859 -0.014588
v -0.010193 -0.183594 -0.013855
v -0.019043 -0.190429 -0.012390
v -0.027588 -0.191406 -0.010132
v -0.025024 -0.134766 -0.013062
v -0.027588 -0.191406 -0.010132
v -0.019043 -0.190429 -0.012390
v -0.025024 -0.134766 -0.013062
v -0.012268 -0.130859 -0.014588
v 0.246094 0.010987 0.007355
v 0.246094 0.008240 0.008117
v 0.250000 0.005737 0.006592
v 0.099121 -0.043701 -0.010132
v 0.103515 -0.047364 -0.008484
v 0.092285 -0.036133 -0.012146
v -0.114258 0.147461 0.004669
v -0.085938 0.129883 0.004791
v -0.114746 0.147461 -0.005219
v -0.114746 0.147461 0.006592
v -0.114258 0.147461 0.004669
v -0.121094 0.149414 0.006012
v -0.114746 0.147461 0.006592
v -0.122070 0.150391 0.005035
v -0.114258 0.147461 0.004669
v -0.114746 0.147461 -0.005219
v -0.132812 -0.142578 -0.009888
v -0.136719 -0.141602 -0.009705
v -0.135742 -0.137696 -0.010559
v -0.132812 -0.144531 -0.009339
v -0.128906 -0.141602 -0.010315
v -0.127929 -0.144531 -0.009766
v 0.102051 0.046142 0.006195
v 0.102539 0.046631 0.004425
v 0.107910 0.054931 0.006347
v 0.104004 0.045899 0.004364
v 0.102051 0.046142 0.006195
v 0.107910 0.054931 0.006347
v 0.107422 0.055420 0.007324
v 0.100586 0.046142 0.007599
v 0.246094 -0.018432 -0.006531
v 0.243164 -0.020996 -0.006714
v 0.250000 -0.015015 -0.006745
v 0.247071 -0.018189 -0.005066
v 0.250000 -0.014404 -0.005799
v -0.011413 0.230469 0.011047
v -0.017578 0.229492 0.009155
v -0.011413 0.230469 0.011047
v -0.011413 0.230469 0.011047
v -0.017578 0.229492 0.009155
v -0.018677 0.179688 0.012451
v -0.011413 0.230469 0.011047
v -0.018677 0.179688 0.012451
v -0.008850 0.179688 0.013305
v -0.004669 0.233398 0.011658
v -0.095703 -0.019165 0.013733
v -0.142578 -0.016846 0.013244
v -0.106445 -0.031739 0.012329
v -0.095703 -0.019165 0.013733
v -0.088379 -0.005218 0.014770
v -0.131836 -0.004669 0.014404
v -0.083985 -0.031739 0.012573
v -0.095703 -0.019165 0.013733
v -0.088379 -0.005218 0.014770
v -0.095703 -0.019165 0.013733
v -0.131836 -0.004669 0.014404
v -0.142578 -0.016846 0.013244
v 0.126953 0.150391 -0.006714
v 0.130859 0.148438 -0.007721
v 0.130859 0.147461 -0.008972
v 0.023438 -0.137696 0.012390
v 0.017334 -0.192383 0.011658
v 0.008545 -0.184571 0.013000
v 0.011352 -0.130859 0.013916
v 0.023438 -0.137696 0.012390
v 0.023438 -0.137696 0.012390
v 0.035889 -0.138672 0.009643
v 0.040039 -0.105469 0.009949
v 0.040039 -0.105469 0.009949
v -0.244141 0.016479 -0.004791
v -0.243164 0.016236 -0.006500
v -0.246094 0.014160 -0.005463
v -0.244141 0.016479 -0.004791
v -0.237304 0.019165 0.004486
v -0.239258 0.018799 -0.004547
v -0.243164 0.016846 0.004333
v -0.240234 0.017700 -0.006867
v -0.240234 0.017700 -0.006867
v -0.244141 0.016479 -0.004791
v -0.243164 0.016846 0.004333
v -0.237304 0.019165 0.004486
v -0.249023 -0.005829 -0.009400
v -0.248047 -0.009643 -0.008606
v -0.247071 -0.005249 -0.009827
v -0.246094 -0.009278 -0.009705
v -0.250000 -0.006195 -0.007996
v 0.004455 0.248047 0.008117
v 0.008545 0.247071 0.007751
v 0.004455 0.248047 0.008117
v 0.008972 0.248047 0.006439
v 0.004699 0.250000 0.006683
v -0.000084 0.247071 0.009155
v 0.008972 0.248047 0.006439
v 0.129883 -0.135742 -0.010681
v 0.003144 -0.008484 -0.016601
v 0.131836 -0.130859 -0.013977
v 0.129883 -0.135742 -0.010681
v 0.134766 -0.135742 -0.010681
v -0.057373 0.062500 0.013611
v -0.072265 0.052979 0.013244
v -0.008728 -0.248047 0.006256
v -0.012695 -0.246094 0.006286
v -0.016968 -0.244141 0.004669
v -0.008728 -0.248047 0.006256
v 0.244141 0.001816 -0.010498
v 0.052979 -0.089844 0.011902
v 0.040283 -0.074707 0.013061
v 0.043945 -0.091797 0.010925
v 0.052979 -0.089844 0.011902
v 0.071289 -0.113770 0.009826
v 0.072265 -0.093750 0.012512
v 0.052979 -0.089844 0.011902
v 0.040283 -0.074707 0.013061
v 0.051025 -0.101074 0.009155
v 0.072265 -0.093750 0.012512
v 0.052979 -0.089844 0.011902
v 0.051025 -0.101074 0.009155
v 0.071289 -0.113770 0.009826
v -0.137696 0.136719 -0.010315
v -0.140625 0.132812 -0.010315
v -0.137696 0.136719 -0.010315
v -0.132812 0.133789 -0.010925
v -0.140625 0.132812 -0.010315
v -0.130859 0.138672 -0.010254
v -0.133789 0.141602 -0.010132
v -0.129883 -0.142578 0.009765
v -0.127929 -0.136719 0.010742
v -0.134766 -0.138672 0.010071
v -0.129883 -0.142578 0.009765
v -0.124023 -0.141602 0.010193
v -0.127929 -0.136719 0.010742
v -0.129883 -0.144531 0.009155
v -0.129883 -0.144531 0.009155
v 0.101562 0.046386 -0.007172
v 0.101562 0.046386 -0.007172
v 0.099610 0.043945 -0.008972
v 0.099610 0.045899 -0.008850
v 0.107910 0.054931 -0.007324
v 0.101074 0.044677 -0.007721
v 0.250000 -0.011963 0.004333
v 0.250000 -0.015320 0.004486
v 0.250000 -0.010803 -0.005646
v 0.250000 -0.006592 -0.005951
v 0.250000 -0.011596 0.005615
v 0.250000 -0.011963 0.004333
v 0.250000 -0.010803 -0.005646
v 0.000396 0.230469 -0.011780
v -0.005249 0.240234 -0.010803
v -0.000232 0.243164 -0.010315
v -0.049316 -0.104980 -0.005280
v -0.050049 -0.104492 -0.007508
v -0.059815 -0.111817 0.004822
v -0.050049 -0.104492 -0.007508
v -0.049560 -0.104492 0.005768
v 0.138672 0.129883 0.010376
v 0.135742 0.134766 0.010315
v 0.126953 0.126953 0.011169
v 0.145508 0.128906 0.009949
v 0.141602 0.134766 0.010010
v 0.138672 0.124023 0.010376
v 0.138672 0.129883 0.010376
v 0.138672 0.124023 0.010376
v 0.145508 0.128906 0.009949
v 0.005981 -0.248047 -0.008179
v 0.006256 -0.246094 -0.009339
v 0.008911 -0.247071 -0.007935
v 0.005981 -0.248047 -0.008179
v 0.003494 -0.249023 -0.007812
v 0.002640 -0.248047 -0.009461
v 0.003494 -0.249023 -0.007812
v 0.006256 -0.246094 -0.009339
v -0.242188 0.001999 0.010254
v -0.241211 -0.002334 0.009888
v -0.237304 -0.000824 0.013794
v -0.239258 0.004486 0.010437
v -0.141602 -0.142578 -0.006745
v -0.142578 -0.142578 -0.005005
v -0.145508 -0.139648 -0.006745
v -0.137696 -0.145508 -0.006653
v -0.138672 -0.145508 -0.005066
v -0.140625 -0.141602 -0.007904
v -0.144531 -0.138672 -0.007812
v 0.005432 0.004059 0.016723
v 0.130859 0.130859 0.013183
v 0.004029 0.005462 0.016358
v 0.007141 0.002259 0.016601
v 0.119629 -0.087403 -0.010925
v 0.137696 -0.119140 -0.011353
v 0.105957 -0.090820 -0.012329
v 0.119629 -0.087403 -0.010925
v 0.105957 -0.090820 -0.012329
v 0.090820 -0.061767 -0.012695
v 0.119629 -0.087403 -0.010925
v 0.090820 -0.061767 -0.012695
v 0.102539 -0.054931 -0.010559
v 0.128906 -0.090332 -0.009766
v 0.102539 -0.054931 -0.010559
v -0.092285 0.131836 0.008179
v -0.057129 0.110352 0.004700
v -0.086914 0.130859 0.006347
v -0.048584 0.104004 0.004455
v -0.003708 -0.008056 0.016236
v -0.130859 -0.131836 0.013000
v -0.128906 -0.135742 0.010071
v -0.003708 -0.008056 0.016236
v -0.005677 -0.006378 0.016479
v -0.130859 -0.131836 0.013000
v 0.147461 0.140625 -0.004975
v 0.150391 0.135742 0.004700
v 0.147461 0.140625 -0.004975
v 0.150391 0.136719 -0.006531
v 0.146484 0.139648 -0.006531
v 0.150391 0.136719 -0.005005
v 0.147461 0.140625 -0.004975
v 0.146484 0.139648 -0.006531
v 0.147461 0.139648 0.004730
v 0.150391 0.135742 0.004700
v 0.088379 -0.132812 0.006836
v 0.060302 -0.113281 0.005676
v 0.087890 -0.132812 0.004700
v 0.088379 -0.132812 0.006836
v 0.060302 -0.112793 0.007660
v 0.060302 -0.113281 0.005676
v 0.087890 -0.129883 0.008484
v 0.088379 -0.132812 0.006836
v 0.087890 -0.132812 0.004700
v 0.115235 -0.147461 0.006195
v 0.115235 -0.146484 0.007599
v 0.087890 -0.129883 0.008484
v -0.126953 0.086914 -0.009461
v -0.108398 0.054931 -0.008301
v -0.126953 0.086914 -0.009461
v -0.143554 0.121582 -0.010254
v -0.122558 0.100586 -0.011536
v -0.126953 0.086914 -0.009461
v -0.128906 0.086914 -0.008240
v -0.147461 0.120605 -0.008728
v -0.106445 0.067871 -0.011475
v -0.128906 0.086914 -0.008240
v -0.126953 0.086914 -0.009461
v -0.207031 -0.029907 0.006347
v -0.208008 -0.030029 0.004791
v -0.151367 -0.039062 0.004974
v -0.150391 -0.038574 0.006866
v -0.207031 -0.029907 0.006347
v -0.237304 -0.021484 0.006409
v -0.208008 -0.030029 0.004791
v 0.018921 0.229492 -0.009522
v 0.029052 0.176758 -0.009888
v 0.019043 0.179688 -0.012024
v 0.018921 0.229492 -0.009522
v 0.018677 0.237304 -0.008240
v 0.020996 0.228516 -0.008240
v 0.013366 0.230469 -0.010925
v 0.013366 0.230469 -0.010925
v 0.020996 0.228516 -0.008240
v 0.140625 -0.134766 0.010010
v 0.144531 -0.138672 0.008545
v 0.144531 -0.135742 0.009826
v -0.069824 0.035645 -0.014099
v -0.048584 0.037354 -0.014832
v -0.048584 0.037354 -0.014832
v -0.107422 -0.119140 -0.012268
v -0.081055 -0.087403 -0.013062
v -0.089355 -0.111817 -0.011963
v -0.118164 -0.136719 -0.010681
v -0.107422 -0.119140 -0.012268
v -0.089355 -0.111817 -0.011963
v -0.118164 -0.136719 -0.010681
v 0.149414 0.117188 0.004516
v 0.149414 0.117676 0.006164
v 0.001281 -0.001839 -0.016846
v 0.005921 -0.000305 -0.017456
v 0.005615 -0.001915 -0.017334
v 0.001281 -0.001839 -0.016846
v 0.005615 -0.001915 -0.017334
v 0.002640 -0.004395 -0.016601
v 0.002075 0.001778 -0.016846
v -0.143554 0.140625 0.007294
v -0.140625 0.143554 0.007538
v -0.142578 0.139648 0.008484
v -0.143554 0.140625 0.007294
v -0.142578 0.139648 0.008484
v -0.147461 0.136719 0.007049
v -0.144531 0.140625 0.006347
v -0.250000 -0.002075 0.005951
v -0.250000 -0.006225 0.006134
v -0.003860 0.250000 -0.006989
v -0.003463 0.248047 -0.008240
v 0.000859 0.247071 -0.009155
v 0.131836 -0.131836 0.013000
v 0.003662 -0.008240 0.016601
v 0.129883 -0.135742 0.010132
v 0.131836 -0.131836 0.013000
v 0.137696 -0.132812 0.009949
v 0.137696 -0.128906 0.009826
v 0.131836 -0.131836 0.013000
v 0.006897 -0.005554 0.016358
v 0.005859 -0.006897 0.016479
v 0.131836 -0.131836 0.013000
v 0.137696 -0.128906 0.009826
v 0.006897 -0.005554 0.016358
v 0.134766 -0.135742 0.010315
v 0.129883 -0.135742 0.010132
v 0.003662 -0.008240 0.016601
v -0.019165 -0.232422 -0.009339
v 0.247071 0.013794 -0.005371
v 0.247071 0.012939 0.004394
v 0.249023 0.010193 0.004761
v 0.250000 0.010742 -0.005463
v 0.247071 0.013794 -0.005371
v 0.250000 0.010742 -0.005463
v 0.042236 -0.070312 -0.013550
v 0.026001 -0.058594 -0.014954
v 0.049316 -0.057861 -0.014527
v 0.042969 -0.087890 -0.011597
v 0.035889 -0.079590 -0.012818
v 0.042236 -0.070312 -0.013550
v 0.059815 -0.097168 -0.011902
v 0.047851 -0.096680 -0.010559
v 0.042969 -0.087890 -0.011597
v 0.067383 -0.081543 -0.013489
v 0.059815 -0.097168 -0.011902
v -0.138672 0.137696 0.009765
v -0.141602 0.136719 0.009460
v -0.138672 0.137696 0.009765
v -0.141602 0.131836 0.010132
v 0.051514 0.073730 0.013122
v 0.068360 0.065430 0.013550
v 0.247071 -0.013794 -0.009278
v 0.000458 0.250000 0.005249
v -0.051514 -0.094238 0.011108
v -0.055176 -0.079590 0.013000
v -0.084961 -0.092773 0.012329
v -0.078125 -0.104980 0.011474
v -0.064942 -0.069824 0.013428
v -0.055176 -0.079590 0.013000
v -0.078125 -0.104980 0.011474
v -0.051514 -0.094238 0.011108
v 0.152344 0.124023 -0.005036
v 0.149414 0.118164 -0.006348
v 0.152344 0.124023 -0.005036
v 0.152344 0.127929 -0.005158
v 0.152344 0.124023 -0.005036
v 0.152344 0.127929 -0.005158
v 0.151367 0.123535 0.004638
v 0.149414 0.118164 -0.006348
v 0.149414 0.117188 0.004516
v 0.003632 -0.248047 0.008972
v 0.007996 -0.248047 0.007660
v 0.007782 -0.247071 0.008789
v -0.250000 0.002304 -0.006684
v -0.250000 0.002731 -0.007812
v -0.250000 -0.002090 -0.006775
v -0.250000 0.002304 -0.006684
v -0.250000 0.002731 -0.007812
v -0.132812 -0.147461 0.007538
v -0.132812 -0.148438 0.006134
v -0.129883 -0.147461 0.008606
v -0.132812 -0.148438 0.006134
v -0.129883 -0.147461 0.008606
v 0.083008 -0.013672 -0.014649
v 0.055664 -0.004883 -0.015686
v 0.109375 -0.004608 -0.014771
v 0.043213 0.008850 -0.015625
v 0.150391 -0.117676 0.004669
v 0.150391 -0.118164 -0.005341
v 0.131836 -0.089355 -0.005158
v 0.131836 -0.089355 -0.005158
v -0.056153 0.104492 -0.009583
v -0.066895 0.101562 -0.011475
v -0.066895 0.101562 -0.011475
v -0.056153 0.104492 -0.009583
v -0.047119 0.095215 -0.010254
v -0.052246 0.077637 -0.012940
v -0.056153 0.104492 -0.009583
v -0.056396 0.107422 -0.008484
v -0.047119 0.095215 -0.010254
v -0.009461 -0.039551 -0.015686
v -0.009461 -0.039551 -0.015686
v -0.023193 -0.029663 -0.015625
v -0.011902 -0.063477 -0.015320
v -0.023193 -0.029663 -0.015625
v 0.114746 -0.147461 -0.006897
v -0.101074 0.045655 0.007812
v -0.107910 0.054444 0.007751
v -0.151367 -0.037110 -0.008606
v -0.111328 -0.045410 -0.008423
v -0.152344 -0.031006 -0.010987
v -0.111817 -0.042480 -0.010071
v -0.151367 -0.037110 -0.008606
v -0.151367 -0.039062 -0.007233
v -0.206054 -0.029052 -0.008118
v -0.206054 -0.026611 -0.009339
v -0.152344 -0.031006 -0.010987
v 0.032715 0.178711 0.006805
v 0.032715 0.178711 0.005249
v 0.022217 0.230469 0.006714
v 0.032715 0.178711 0.006805
v 0.040771 0.125977 0.006622
v 0.020874 0.229492 0.008240
v 0.031739 0.178711 0.008240
v 0.031739 0.178711 0.008240
v 0.032715 0.178711 0.005249
v 0.141602 -0.144531 -0.005280
v 0.140625 -0.146484 0.004852
v 0.137696 -0.147461 -0.005280
v 0.137696 -0.147461 -0.005280
v -0.042725 0.020752 0.014892
v -0.025635 0.025879 0.015503
v -0.050049 0.036621 0.014587
v -0.042725 0.020752 0.014892
v -0.041260 0.046142 0.014648
v -0.091797 -0.133789 -0.005188
v -0.116211 -0.147461 -0.005005
v -0.116699 -0.146484 -0.006531
v -0.091797 -0.133789 0.004944
v -0.091797 -0.133789 -0.005188
v -0.091797 -0.133789 0.004944
v -0.115722 -0.147461 0.004883
v -0.115722 -0.147461 0.004883
v 0.119629 0.104004 -0.011902
v 0.106445 0.111817 -0.011902
v 0.129883 0.125977 -0.011292
v 0.139648 0.125977 -0.010620
v 0.140625 0.119140 -0.010010
v 0.119629 0.104004 -0.011902
v 0.106445 0.111817 -0.011902
v 0.124512 0.092285 -0.010681
v 0.099610 0.074707 -0.012329
v 0.124512 0.092285 -0.010681
v -0.138672 0.144531 -0.007935
v -0.147461 0.136719 -0.006592
v -0.148438 -0.125977 -0.009094
v -0.148438 -0.127929 -0.008911
v -0.150391 -0.125000 -0.007935
v -0.148438 -0.124023 -0.009278
v 0.044922 0.101562 0.006622
v 0.044922 0.101562 0.006622
v 0.046875 0.102539 0.004333
v 0.045655 0.102539 0.004364
v 0.043701 0.104980 0.006500
v 0.042969 0.103028 0.007934
v 0.048584 0.103028 0.006256
v 0.048584 0.103028 0.006256
v 0.043701 0.104980 0.006500
v 0.155273 -0.019409 -0.012818
v 0.197266 -0.011292 -0.012512
v 0.208984 -0.018189 -0.011231
v 0.116211 -0.014709 -0.014527
v 0.155273 -0.019409 -0.012818
v 0.154297 -0.030396 -0.011231
v 0.110352 -0.027222 -0.013367
v 0.154297 -0.030396 -0.011231
v 0.116211 -0.014709 -0.014527
v -0.013001 0.243164 0.008484
v -0.014282 0.243164 0.007232
v -0.026367 -0.071778 0.013794
v -0.040528 -0.094727 0.010498
v -0.036865 -0.090332 0.011658
v -0.026367 -0.071778 0.013794
v 0.148438 0.134766 -0.008484
v 0.149414 0.134766 -0.007508
v 0.149414 0.131836 -0.008606
v 0.148438 0.130859 -0.009522
v 0.146484 0.139648 -0.007630
v 0.019409 -0.232422 0.007477
v 0.019409 -0.232422 0.007477
v -0.111328 -0.042480 0.009643
v -0.090820 -0.037597 0.011230
v -0.100097 -0.043213 0.009521
v -0.111328 -0.042480 0.009643
v -0.150391 -0.034668 0.009704
v -0.110840 -0.044922 0.008240
v -0.106445 -0.031739 0.012329
v -0.148438 -0.027466 0.011352
v -0.110840 -0.044922 0.008240
v 0.019653 0.237304 -0.006928
v 0.018311 0.241211 -0.006684
v 0.020019 0.238281 -0.005341
v 0.021972 0.230469 -0.007019
v 0.019653 0.237304 -0.006928
v 0.021972 0.230469 -0.007019
v 0.018432 0.241211 -0.005219
v -0.011292 0.085938 -0.014710
v 0.000342 0.081055 -0.015076
v 0.000110 0.045166 -0.015625
v -0.010498 0.057861 -0.015198
v 0.012146 0.059082 -0.015076
v -0.010498 0.057861 -0.015198
v -0.012146 -0.246094 -0.007935
v -0.011657 -0.246094 -0.008911
v -0.012146 -0.246094 -0.007935
v -0.008728 -0.248047 -0.008057
v -0.009033 -0.248047 -0.006836
v -0.008728 -0.248047 -0.008057
v 0.044922 -0.099610 -0.009705
v 0.040771 -0.094238 -0.010925
v 0.044922 -0.103028 -0.008362
v 0.042480 -0.102051 -0.009827
v 0.048828 -0.102539 -0.009155
v 0.046875 -0.103028 -0.008484
v -0.151367 0.125977 0.004455
v -0.150391 0.124512 -0.005219
v -0.148438 0.117188 -0.005158
v -0.151367 0.125977 0.004455
v -0.150391 0.124512 -0.005219
v -0.149414 0.122558 0.005737
v -0.150391 0.123535 0.004516
v -0.148438 0.117188 -0.005158
v -0.148438 -0.117676 -0.007996
v 0.038574 0.124512 0.009338
v 0.029419 0.176758 0.009826
v 0.032226 0.125000 0.011047
v 0.038574 0.124512 0.009338
v 0.040283 0.101074 0.009826
v 0.040283 0.125000 0.007995
v 0.032226 0.125000 0.011047
v 0.038574 0.124512 0.009338
v 0.042969 0.103028 0.007934
v 0.040283 0.125000 0.007995
v 0.132812 -0.146484 -0.008789
v 0.132812 -0.148438 -0.007691
v 0.136719 -0.144531 -0.008911
v 0.128906 -0.147461 -0.009094
v -0.072754 0.018799 0.014282
v -0.102539 0.020141 0.013367
v -0.078613 0.007354 0.014770
v -0.086426 0.031250 0.012146
v -0.104492 0.031983 0.011841
v -0.072754 0.018799 0.014282
v -0.052246 0.006622 0.015198
v -0.060302 0.017944 0.014648
v -0.078613 0.007354 0.014770
v -0.006073 -0.236328 0.010559
v -0.000179 -0.235352 0.013794
v -0.000836 -0.007416 0.016601
v -0.006073 -0.236328 0.010559
v 0.250000 0.005677 -0.008301
v 0.249023 0.004273 -0.009766
v 0.249023 0.010559 -0.006714
v 0.250000 0.000614 -0.009400
v 0.111328 -0.047851 0.006439
v 0.110840 -0.048584 -0.005188
v 0.111817 -0.048340 0.004638
v -0.126953 0.143554 -0.009949
v -0.125000 0.131836 -0.011048
v -0.124512 0.148438 -0.008911
v -0.128906 0.145508 -0.009400
v -0.128906 0.145508 -0.009400
v -0.135742 -0.147461 0.004730
v -0.130859 -0.149414 -0.005280
v -0.131836 -0.149414 0.004700
v -0.139648 -0.144531 0.004791
v -0.134766 -0.148438 -0.004914
v -0.135742 -0.147461 0.004730
v -0.134766 -0.148438 -0.004914
v -0.130859 -0.149414 -0.005280
v 0.085938 0.042236 -0.011963
v 0.096192 0.045410 -0.010071
v 0.206054 -0.031128 0.006042
v 0.237304 -0.022827 0.005646
v -0.032715 0.179688 -0.007202
v -0.032715 0.179688 -0.007202
v -0.032226 0.178711 -0.008240
v -0.041260 0.127929 -0.007202
v -0.019653 0.229492 -0.008545
v -0.041504 0.127929 -0.005585
v -0.099610 -0.044677 -0.010376
v -0.100586 -0.042969 -0.010437
v -0.087403 -0.035400 -0.012573
v 0.126953 0.149414 0.004852
v 0.122558 0.149414 0.006561
v 0.039306 -0.140625 -0.005371
v 0.029785 -0.192383 -0.007355
v 0.039062 -0.138672 -0.007660
v 0.039306 -0.140625 -0.005371
v 0.039062 -0.138672 -0.007660
v 0.044434 -0.109863 -0.005432
v 0.039306 -0.141602 0.004852
v 0.030151 -0.193359 -0.005371
v 0.039306 -0.141602 0.004852
v 0.030151 -0.193359 0.004883
v -0.246094 0.011841 0.007477
v -0.248047 0.006653 0.008423
v -0.244141 0.014404 0.007355
v -0.146484 -0.139648 -0.005127
v -0.149414 -0.133789 0.004425
v 0.009949 0.037354 0.015747
v 0.025512 0.054199 0.014709
v 0.023316 0.027832 0.015869
v 0.107910 -0.056885 -0.008423
v 0.128906 -0.090332 -0.009766
v 0.103028 -0.050049 -0.007782
v 0.108398 -0.056640 -0.007263
v 0.129883 -0.089355 -0.008423
v -0.092285 0.131836 0.008179
v -0.115722 0.146484 0.007812
v -0.121094 0.144531 0.009155
v -0.086914 0.130859 0.006347
v -0.102539 0.129883 0.009888
v -0.102539 0.129883 0.009888
v -0.007232 -0.005371 0.016114
v -0.007232 -0.005371 0.016114
v -0.137696 -0.127929 0.010071
v -0.130859 -0.131836 0.013000
v 0.142578 0.143554 -0.006378
v 0.142578 0.142578 -0.007752
v 0.134766 0.148438 -0.005188
v 0.060302 -0.113281 0.005676
v 0.049073 -0.104980 0.004913
v 0.060302 -0.113281 -0.005585
v 0.060302 -0.112793 0.007660
v 0.049560 -0.104492 0.006836
v 0.087403 -0.132812 -0.005310
v 0.060302 -0.113281 0.005676
v 0.060302 -0.113281 -0.005585
v 0.087403 -0.132812 -0.005310
v -0.134766 0.124512 -0.011414
v -0.122558 0.100586 -0.011536
v -0.129883 -0.087890 0.006592
v -0.109375 -0.056153 0.006714
v -0.110352 -0.055664 0.005035
v -0.129883 -0.087890 0.006592
v -0.148438 -0.117188 0.006561
v -0.130859 -0.087890 0.004852
v -0.130859 -0.087890 0.004852
v 0.101562 0.122558 -0.011292
v 0.101562 0.122558 -0.011292
v 0.073730 0.107422 -0.011109
v 0.090820 0.126953 -0.009339
v 0.101562 0.122558 -0.011292
v 0.124512 0.133789 -0.011353
v 0.106445 0.111817 -0.011902
v 0.121582 0.140625 -0.010254
v 0.101562 0.122558 -0.011292
v 0.121582 0.140625 -0.010254
v 0.124512 0.133789 -0.011353
v 0.073730 0.107422 -0.011109
v 0.136719 -0.146484 0.007202
v 0.136719 -0.146484 0.007202
v 0.146484 -0.139648 0.007294
v -0.006806 0.002060 -0.016723
v -0.039551 -0.138672 -0.008484
v -0.043945 -0.108887 -0.008545
v -0.041992 -0.107910 -0.010193
v -0.036621 -0.139648 -0.010010
v -0.040283 -0.138672 -0.007294
v -0.039551 -0.138672 -0.008484
v -0.030396 -0.191406 -0.008484
v -0.031250 -0.192383 -0.007294
v -0.039551 -0.138672 -0.008484
v -0.031250 -0.192383 -0.007294
v -0.040283 -0.138672 -0.007294
v -0.039551 -0.138672 -0.008484
v -0.036621 -0.139648 -0.010010
v -0.030396 -0.191406 -0.008484
v 0.149414 0.036865 0.007355
v 0.149414 0.036865 0.007355
v 0.207031 0.023926 0.008240
v 0.149414 0.037842 0.006164
v 0.149414 0.036865 0.007355
v 0.108887 0.043213 0.008301
v 0.149414 0.034912 0.008484
v 0.149414 0.036865 0.007355
v 0.149414 0.037842 0.006164
v 0.110352 0.044434 0.006653
v 0.025512 -0.020630 -0.015991
v 0.040039 -0.015320 -0.015686
v 0.051270 -0.030517 -0.015076
v 0.006225 -0.001571 -0.016846
v 0.025512 -0.020630 -0.015991
v 0.051270 -0.030517 -0.015076
v 0.037842 -0.039062 -0.015198
v -0.138672 0.142578 0.008606
v -0.204102 -0.021240 -0.010864
v -0.237304 -0.019898 -0.009094
v -0.237304 -0.019898 -0.009094
v 0.018432 0.241211 0.005066
v 0.015991 0.244141 -0.005524
v 0.015991 0.243164 0.005035
v 0.018432 0.241211 0.005066
v 0.015991 0.243164 0.005035
v 0.019898 0.238281 0.005096
v 0.019898 0.238281 0.005096
v -0.054199 0.086426 0.012207
v -0.050049 0.036621 0.014587
v -0.072265 0.052979 0.013244
v -0.003860 -0.248047 0.007538
v 0.250000 -0.003341 -0.009644
v 0.250000 -0.003341 -0.009644
v 0.248047 0.000419 -0.010437
v 0.250000 -0.002686 -0.008179
v 0.248047 -0.005493 -0.010132
v 0.117676 -0.124023 0.011535
v 0.102539 -0.090332 0.012390
v 0.091308 -0.094238 0.012451
v 0.117676 -0.124023 0.011535
v 0.120605 -0.142578 0.009888
v 0.126953 -0.137696 0.010742
v 0.126953 -0.121094 0.011230
v 0.117676 -0.124023 0.011535
v 0.126953 -0.121094 0.011230
v 0.102539 -0.090332 0.012390
v 0.104004 -0.123535 0.011474
v 0.120605 -0.142578 0.009888
v -0.108887 0.110840 -0.011963
v -0.134766 0.124512 -0.011414
v -0.134766 0.124512 -0.011414
v -0.130859 -0.131836 0.013000
v -0.136719 -0.131836 0.009949
v -0.133789 -0.135742 0.010132
v -0.137696 -0.127929 0.010071
v -0.128906 -0.135742 0.010071
v 0.106933 0.055420 -0.008240
v 0.099610 0.045899 -0.008850
v 0.250000 -0.010559 0.006775
v 0.250000 -0.006195 0.007873
v 0.249023 -0.013489 0.007019
v 0.249023 -0.014648 0.005859
v 0.250000 -0.007050 0.007019
v -0.002823 0.247071 -0.008911
v 0.000915 0.246094 -0.009644
v -0.073242 -0.058594 -0.013977
v -0.091797 -0.063965 -0.012818
v -0.098633 -0.058350 -0.011780
v -0.091797 -0.063965 -0.012818
v -0.073242 -0.058594 -0.013977
v 0.003998 -0.245117 -0.010315
v 0.008301 -0.244141 -0.009949
v 0.003998 -0.245117 -0.010315
v 0.000070 -0.246094 -0.010315
v 0.008423 -0.240234 -0.010925
v -0.249023 0.006866 0.006622
v -0.250000 0.002533 0.005707
v -0.247071 -0.012329 0.008240
v -0.244141 -0.015442 0.008240
v -0.243164 -0.014160 0.008728
v -0.248047 -0.014099 0.007080
v -0.246094 -0.010071 0.009094
v -0.248047 -0.014099 0.007080
v 0.004273 0.237304 -0.010987
v 0.000523 0.231446 -0.013428
v 0.000984 0.238281 -0.011170
v 0.006897 0.233398 -0.011109
v 0.127929 -0.150391 -0.005127
v 0.124023 -0.150391 0.004638
v -0.091797 0.038819 -0.011109
v -0.044677 -0.110840 -0.005371
v -0.044434 -0.110352 0.004822
v -0.046142 -0.104492 -0.007477
v -0.044677 -0.110840 -0.005371
v -0.044434 -0.109863 -0.007416
v -0.040528 -0.140625 -0.005310
v -0.044434 -0.109863 -0.007416
v -0.044434 -0.110352 0.004822
v 0.242188 0.011536 0.008606
v 0.244141 0.011657 0.007934
v 0.242188 0.014282 0.006805
v 0.236328 0.014038 0.008667
v 0.236328 0.008545 0.010071
v 0.243164 0.006622 0.009704
v 0.083008 -0.013672 -0.014649
v 0.116211 -0.014709 -0.014527
v 0.057861 -0.015991 -0.015137
v 0.083008 -0.013672 -0.014649
v 0.116211 -0.014709 -0.014527
v 0.110352 -0.027222 -0.013367
v 0.083985 -0.024781 -0.013977
v 0.057861 -0.015991 -0.015137
v -0.126953 0.150391 0.006012
v -0.126953 0.149414 0.007232
v -0.124512 0.150391 0.006256
v -0.125977 0.150391 0.004822
v -0.130859 0.149414 0.006225
v -0.130859 0.148438 0.007477
v -0.128906 -0.147461 -0.008545
v -0.127929 -0.149414 -0.007599
v 0.107422 0.039551 0.010254
v 0.087890 0.036621 0.011474
v 0.096680 0.040771 0.009888
v 0.087890 0.036621 0.011474
v 0.087403 0.032715 0.012085
v 0.087403 0.032715 0.012085
v 0.243164 -0.020508 -0.004791
v 0.238281 -0.022949 0.004089
v 0.238281 -0.022949 -0.004975
v 0.238281 -0.023316 -0.006653
v 0.243164 -0.020752 0.004577
v 0.243164 -0.020508 -0.004791
v 0.243164 -0.020752 0.004577
v 0.238281 -0.022949 0.004089
v 0.010071 0.180664 0.012939
v -0.000068 0.121094 0.014526
v 0.000778 0.170898 0.013855
v 0.009949 0.126953 0.014038
v 0.010071 0.180664 0.012939
v 0.000778 0.170898 0.013855
v -0.000068 0.121094 0.014526
v 0.009949 0.126953 0.014038
v -0.085449 -0.038086 0.011902
v -0.090820 -0.037597 0.011230
v 0.135742 0.145508 -0.008972
v 0.135742 0.145508 -0.008972
v 0.135742 0.144531 -0.009400
v 0.135742 0.146484 -0.008423
v 0.135742 0.146484 -0.008423
v 0.008545 -0.184571 0.013000
v 0.025879 -0.193359 0.009460
v -0.239258 0.018799 -0.004547
v -0.236328 0.020141 -0.006043
v -0.150391 -0.130859 0.007324
v -0.148438 -0.130859 0.008484
v -0.151367 -0.126953 0.007416
v -0.151367 -0.126953 0.006378
v -0.149414 -0.133789 0.007324
v -0.146484 -0.134766 0.008667
v 0.041992 0.074707 -0.013001
v 0.047119 0.096680 -0.010376
v 0.041992 0.074707 -0.013001
v 0.042969 0.055176 -0.014343
v 0.026611 0.050537 -0.014893
v 0.035645 0.077637 -0.012879
v 0.042480 0.090332 -0.011109
v 0.035645 0.077637 -0.012879
v 0.150391 -0.041015 0.007324
v 0.155273 -0.028076 0.011719
v 0.150391 -0.041015 0.007324
v -0.017456 0.241211 -0.005402
v -0.018799 0.238281 0.004913
v -0.018921 0.238281 -0.005554
v -0.018799 0.238281 0.004913
v -0.017090 0.242188 0.005005
v -0.017090 0.242188 0.005005
v -0.014588 -0.092773 -0.014527
v -0.014588 -0.092773 -0.014527
v -0.031006 -0.101074 -0.012573
v -0.014588 -0.092773 -0.014527
v -0.001404 -0.086426 -0.015259
v -0.012268 -0.130859 -0.014588
v -0.014588 -0.092773 -0.014527
v -0.014588 -0.092773 -0.014527
v -0.025024 -0.134766 -0.013062
v -0.031006 -0.101074 -0.012573
v -0.014588 -0.092773 -0.014527
v -0.011902 -0.063477 -0.015320
v -0.001404 -0.086426 -0.015259
v 0.244141 0.015320 0.004150
v 0.247071 0.012939 0.004394
v 0.245117 0.015625 -0.005890
v 0.239258 0.016846 0.006103
v 0.245117 0.014771 0.005462
v 0.245117 0.014771 0.005462
v 0.012207 -0.246094 -0.007904
v 0.015869 -0.243164 -0.006928
v -0.158203 0.007263 0.013428
v -0.206054 0.015320 0.011047
v -0.159179 0.018921 0.012207
v -0.158203 0.007263 0.013428
v -0.118164 0.009399 0.014282
v -0.159179 0.018921 0.012207
v -0.131836 -0.004669 0.014404
v -0.131836 -0.004669 0.014404
v 0.012451 0.246094 0.006622
v 0.142578 -0.134766 -0.010193
v 0.145508 -0.128906 -0.010315
v 0.138672 -0.129883 -0.011231
v 0.138672 -0.137696 -0.010437
v -0.046631 0.104004 0.004425
v -0.047364 0.104004 -0.004944
v -0.044677 0.106933 0.004944
v 0.109863 0.044190 -0.007202
v 0.150391 0.037842 -0.006684
v 0.149414 0.037110 -0.007996
v 0.109863 0.044190 -0.007202
v 0.103515 0.045166 -0.005219
v 0.110840 0.044677 -0.005524
v 0.102539 0.044677 -0.007263
v 0.149414 0.037110 -0.007996
v 0.109375 0.043701 -0.008423
v 0.110840 0.044677 -0.005524
v 0.037597 -0.092285 0.011108
v 0.034912 -0.079590 0.012817
v 0.041504 -0.095215 0.010071
v 0.042480 -0.102051 0.009155
v -0.147461 0.132812 -0.008362
v 0.025146 0.090332 -0.013794
v 0.026856 0.068360 -0.014038
v 0.025146 0.090332 -0.013794
v 0.034180 0.114746 -0.011536
v 0.026856 0.068360 -0.014038
v 0.111328 -0.047851 0.006439
v -0.015991 0.237304 -0.009033
v -0.046875 -0.102539 -0.008545
v -0.050049 -0.103028 -0.008911
v -0.045655 -0.103515 -0.008606
v -0.047608 -0.104004 -0.007355
v 0.150391 0.124512 0.007477
v 0.150391 0.124512 0.007477
v 0.149414 0.125977 0.008545
v 0.148438 0.118653 0.007873
v 0.151367 0.123535 0.006164
v 0.149414 0.117676 0.006164
v 0.011780 -0.242188 -0.009705
v 0.009094 -0.246094 -0.009216
v 0.012329 -0.239258 -0.010315
v -0.250000 0.002609 0.004730
v -0.250000 -0.002075 0.005951
v -0.250000 0.002609 0.004730
v -0.250000 -0.002304 -0.005158
v -0.250000 0.001816 -0.005402
v -0.250000 0.002609 0.004730
v -0.250000 0.001816 -0.005402
v -0.250000 -0.002304 -0.005158
v -0.162109 -0.004730 -0.014343
v -0.122070 -0.007447 -0.015137
v -0.144531 -0.018799 -0.013489
v -0.162109 -0.004730 -0.014343
v -0.144531 -0.018799 -0.013489
v -0.201172 -0.012024 -0.012451
v -0.211914 -0.002808 -0.012512
v -0.169922 0.006622 -0.013428
v -0.120117 0.005677 -0.014832
v -0.169922 0.006622 -0.013428
v 0.012695 0.247071 0.005096
v 0.009094 0.249023 -0.005341
v 0.008789 0.249023 0.005218
v 0.012573 0.248047 -0.005310
v 0.012695 0.247071 0.005096
v 0.012573 0.248047 -0.005310
v 0.009094 0.249023 -0.005341
v 0.152344 -0.127929 -0.006989
v 0.152344 -0.127929 -0.006989
v 0.152344 -0.131836 -0.006867
v 0.151367 -0.127929 -0.008057
v 0.152344 -0.124512 -0.006622
v 0.151367 -0.127929 -0.008057
v 0.153321 -0.126953 -0.005188
v -0.026734 0.091308 0.013244
v -0.023193 0.126953 0.012939
v -0.035156 0.123535 0.010681
v -0.035156 0.123535 0.010681
v -0.039795 0.101562 0.009949
v -0.011841 0.086426 0.014526
v -0.012390 0.058838 0.015076
v -0.018432 -0.238281 0.007599
v -0.021118 -0.232422 0.007538
v 0.205078 0.020752 -0.009766
v 0.205078 0.020752 -0.009766
v 0.144531 0.030274 -0.011231
v 0.238281 0.015503 -0.008423
v 0.207031 0.024048 -0.008423
v 0.149414 0.034424 -0.009400
v 0.207031 0.024048 -0.008423
v 0.034912 -0.079590 0.012817
v 0.026489 -0.082520 0.013428
v -0.149414 0.132812 -0.005036
v -0.150391 0.132812 0.004486
v -0.148438 0.137696 0.004608
v -0.149414 0.132812 -0.005036
v -0.238281 -0.021729 0.004700
v -0.207031 -0.030274 -0.004730
v -0.238281 -0.021729 0.004700
v -0.238281 -0.022217 -0.005005
v -0.238281 -0.022217 -0.005005
v 0.038819 0.124023 -0.009522
v 0.031494 0.177734 -0.008118
v 0.031494 0.177734 -0.008118
v 0.125977 -0.146484 0.008667
v 0.133789 -0.146484 0.008301
v -0.012268 -0.130859 -0.014588
v 0.000000 -0.125977 -0.015015
v -0.010193 -0.183594 -0.013855
v -0.001404 -0.086426 -0.015259
v 0.244141 0.014527 0.006103
v 0.104004 -0.049560 -0.007019
v 0.104492 -0.048584 -0.007172
v -0.130859 -0.149414 -0.005280
v -0.133789 -0.147461 -0.006653
v -0.128906 -0.149414 -0.006287
v -0.133789 -0.147461 -0.006653
v -0.126953 -0.150391 -0.005066
v -0.130859 -0.149414 -0.005280
v -0.126953 -0.150391 -0.005066
v -0.131836 -0.149414 0.004700
v 0.060059 0.005432 0.015198
v 0.093750 0.009217 0.014770
v 0.073730 0.019898 0.014404
v 0.151367 -0.125000 -0.008118
v 0.149414 -0.117676 -0.007294
v 0.151367 -0.125000 -0.008118
v 0.149414 -0.127929 -0.008850
v 0.151367 -0.125000 -0.008118
v 0.149414 -0.127929 -0.008850
v 0.149414 -0.125977 -0.009278
v 0.148438 -0.118653 -0.008301
v 0.149414 -0.117676 -0.007294
v -0.042969 0.103515 0.008117
v -0.039795 0.124512 0.008789
v -0.041504 0.122558 0.007934
v -0.042969 0.103515 0.008117
v -0.044922 0.101562 0.008117
v -0.042480 0.098633 0.009216
v -0.043945 0.106933 0.006927
v -0.043945 0.106933 0.006927
v -0.039795 0.124512 0.008789
v -0.103028 -0.046875 0.007934
v -0.104492 -0.048828 0.006897
v -0.099121 -0.044922 0.009338
v -0.104492 -0.046142 0.007873
v 0.125000 0.149414 -0.005188
v 0.122070 0.149414 -0.005219
v 0.004059 -0.250000 0.004944
v 0.008240 -0.248047 0.004761
v 0.008117 -0.248047 0.006134
v 0.004059 -0.250000 0.004944
v 0.008911 -0.248047 -0.005188
v 0.008240 -0.248047 0.004761
v 0.004364 -0.249023 -0.005463
v 0.004059 -0.250000 0.004944
v 0.004364 -0.249023 -0.005463
v 0.008911 -0.248047 -0.005188
v -0.244141 0.001785 -0.010925
v -0.245117 0.012024 -0.008972
v -0.243164 0.007629 -0.010498
v 0.132812 -0.134766 -0.011109
v 0.127929 -0.136719 -0.011414
v 0.125977 -0.121094 -0.012024
v 0.132812 -0.134766 -0.011109
v 0.134766 -0.139648 -0.010315
v -0.104004 0.046386 0.004455
v -0.100586 0.043945 0.007873
v -0.102539 0.043701 0.007995
v -0.008117 -0.244141 0.009765
v -0.008117 -0.246094 0.008667
v -0.003937 -0.247071 0.008850
v -0.008117 -0.244141 0.009765
v -0.013183 -0.240234 0.009826
v -0.011902 -0.242188 0.009216
v -0.011902 -0.242188 0.009216
v -0.002808 -0.245117 0.010132
v -0.009094 -0.240234 0.010376
v -0.009094 -0.240234 0.010376
v 0.250000 -0.001580 -0.005463
v 0.250000 -0.001580 -0.005463
v 0.250000 -0.003052 0.004394
v 0.250000 -0.007599 0.004761
v 0.048828 -0.103028 0.008117
v 0.045410 -0.100097 0.009155
v 0.046142 -0.102539 0.007873
v 0.048828 -0.103028 0.008117
v 0.051025 -0.101074 0.009155
v 0.046142 -0.102539 0.007873
v 0.045410 -0.100097 0.009155
v -0.136719 0.133789 -0.010315
v -0.130859 0.130859 -0.013428
v -0.137696 0.129883 -0.010559
v -0.136719 0.133789 -0.010315
v -0.133789 0.136719 -0.010376
v -0.130859 0.130859 -0.013428
v 0.106445 0.111817 -0.011902
v 0.124512 0.133789 -0.011353
v 0.129883 0.125977 -0.011292
v 0.250000 -0.002228 0.007995
v 0.247071 -0.005036 0.008972
v -0.008056 0.249023 -0.006867
v -0.008362 0.248047 -0.005432
v -0.004151 0.249023 -0.005127
v -0.059326 -0.079590 -0.013489
v -0.081055 -0.087403 -0.013062
v -0.054444 -0.051514 -0.014527
v -0.059326 -0.079590 -0.013489
v -0.038330 -0.057861 -0.014343
v -0.041748 -0.073730 -0.013184
v -0.061280 -0.098145 -0.011780
v -0.059326 -0.079590 -0.013489
v -0.061280 -0.098145 -0.011780
v -0.038330 -0.057861 -0.014343
v 0.146484 0.139648 0.006195
v 0.014648 -0.242188 -0.009033
v 0.011841 -0.244141 -0.009155
v -0.135742 -0.144531 -0.008789
v -0.139648 -0.138672 -0.010010
v -0.140625 -0.140625 -0.009216
v 0.063477 0.050049 0.014099
v 0.041748 0.056153 0.014221
v 0.039062 0.035645 0.015198
v 0.041748 0.056153 0.014221
v 0.110840 -0.048584 -0.005188
v 0.150391 -0.041748 -0.007141
v -0.028931 0.176758 0.009949
v -0.020141 0.229492 0.007873
v -0.031983 0.178711 0.008240
v -0.023193 0.126953 0.012939
v -0.018677 0.179688 0.012451
v -0.028931 0.176758 0.009949
v -0.017578 0.229492 0.009155
v -0.020141 0.229492 0.007873
v -0.035156 0.123535 0.010681
v -0.017578 0.229492 0.009155
v -0.002655 -0.004455 0.016114
v -0.000820 -0.001641 0.016236
v -0.004974 -0.001778 0.017334
v -0.002655 -0.004455 0.016114
v -0.237304 -0.000824 0.013794
v -0.239258 -0.004852 0.010742
v -0.002655 -0.004455 0.016114
v -0.004974 -0.001778 0.017334
v -0.237304 -0.000824 0.013794
v 0.111328 -0.141602 0.009277
v 0.087403 -0.111328 0.011658
v 0.111328 -0.141602 0.009277
v 0.087890 -0.129883 0.008484
v 0.087403 -0.111328 0.011658
v 0.111328 -0.141602 0.009277
v 0.111328 -0.141602 0.009277
v 0.121094 -0.146484 0.008911
v 0.120605 -0.142578 0.009888
v 0.115235 -0.146484 0.007599
v -0.128906 0.086914 -0.008240
v -0.147461 0.117188 -0.007782
v -0.128906 0.086914 -0.008240
v -0.129883 0.085938 -0.006836
v -0.147461 0.117188 -0.007782
v -0.108398 0.054688 -0.007294
v -0.129883 0.085938 -0.006836
v -0.136719 -0.118164 0.010742
v 0.048584 0.103028 -0.005219
v 0.058594 0.108398 -0.008545
v 0.048828 0.103028 -0.007355
v 0.132812 -0.149414 0.004547
v 0.132812 -0.149414 -0.005066
v 0.132812 -0.149414 0.004547
v 0.132812 -0.149414 -0.005066
v -0.005127 0.000362 -0.017456
v -0.238281 0.004211 -0.010925
v -0.001419 0.002548 -0.016723
v -0.005127 0.000362 -0.017456
v -0.000584 -0.001168 -0.016846
v -0.002136 -0.003891 -0.016601
v -0.001419 0.002548 -0.016723
v -0.122558 -0.149414 0.004730
v -0.116211 -0.147461 -0.005005
v -0.115722 -0.147461 0.004883
v -0.122558 -0.149414 0.004730
v 0.107422 0.066895 0.010437
v 0.099121 0.073242 0.012268
v 0.085938 0.052490 0.012512
v 0.107422 0.066895 0.010437
v 0.085938 0.052490 0.012512
v 0.096192 0.047851 0.010132
v 0.096192 0.047851 0.010132
v -0.145508 0.141602 0.004852
v -0.242188 -0.020264 -0.006531
v 0.011657 0.230469 0.010864
v 0.010071 0.180664 0.012939
v 0.021851 0.126953 0.013000
v 0.010071 0.180664 0.012939
v 0.021851 0.126953 0.013000
v 0.018677 0.180664 0.011963
v 0.018677 0.180664 0.011963
v 0.018432 -0.240234 -0.005341
v 0.021118 -0.234375 -0.005432
v 0.018432 -0.240234 0.004791
v 0.018432 -0.240234 -0.005341
v 0.015747 -0.244141 0.004669
v 0.018066 -0.241211 -0.006867
v 0.021118 -0.234375 -0.005432
v -0.102539 0.020141 0.013367
v -0.104492 0.031983 0.011841
v -0.153321 0.030029 0.010071
v -0.102539 0.020141 0.013367
v -0.118164 0.009399 0.014282
v -0.153321 0.030029 0.010071
v -0.040283 -0.141602 0.004852
v -0.040283 -0.138672 0.006836
v -0.040283 -0.141602 0.004852
v -0.040528 -0.140625 -0.005310
v -0.031494 -0.192383 -0.005646
v -0.031494 -0.192383 -0.005646
v 0.076172 -0.045410 0.012573
v 0.096192 -0.048584 0.010193
v 0.094727 -0.043701 0.010132
v -0.127929 0.150391 -0.006378
v -0.131836 0.149414 -0.005097
v -0.132812 0.148438 -0.006256
v 0.099610 0.043945 -0.008972
v 0.095703 0.041748 -0.010071
v 0.099610 0.045899 -0.008850
v 0.097168 0.040771 -0.010193
v 0.101074 0.043701 -0.008728
v 0.101074 0.043701 -0.008728
v 0.247071 -0.018677 0.004394
v 0.247071 -0.018677 0.004394
v 0.247071 -0.017823 0.006103
v 0.243164 -0.020752 0.004577
v 0.247071 -0.018677 0.004394
v 0.247071 -0.018189 -0.005066
v 0.247071 -0.017823 0.006103
v 0.250000 -0.014404 -0.005799
v 0.000523 0.231446 -0.013428
v 0.001022 0.005127 -0.016723
v -0.000782 0.004883 -0.016479
v 0.000523 0.231446 -0.013428
v -0.000782 0.004883 -0.016479
v -0.005432 0.234375 -0.011292
v -0.005432 0.234375 -0.011292
v -0.002426 0.238281 -0.011109
v 0.000523 0.231446 -0.013428
v 0.006897 0.233398 -0.011109
v 0.001022 0.005127 -0.016723
v -0.085449 -0.029052 -0.013428
v -0.099610 -0.038819 -0.011414
v -0.099610 -0.038819 -0.011414
v 0.130859 0.147461 0.008179
v 0.133789 0.146484 0.008179
v 0.134766 0.147461 0.007171
v 0.041260 -0.107422 -0.009766
v 0.036621 -0.092285 -0.011902
v 0.041260 -0.107422 -0.009766
v 0.029297 -0.173828 -0.010132
v 0.026489 -0.139648 -0.012451
v 0.041260 -0.107422 -0.009766
v 0.026489 -0.139648 -0.012451
v 0.032959 -0.106445 -0.012390
v 0.041260 -0.107422 -0.009766
v 0.043701 -0.105957 -0.008606
v 0.040039 -0.126953 -0.008667
v 0.029297 -0.173828 -0.010132
v 0.043701 -0.105957 -0.008606
v 0.036621 -0.092285 -0.011902
v -0.242188 0.016601 0.006256
v -0.237304 0.018799 0.006470
v -0.244141 0.014527 0.005920
v -0.240234 0.015991 0.007324
v -0.148438 -0.131836 -0.009033
v 0.236328 -0.014588 -0.010742
v 0.236328 -0.014588 -0.010742
v -0.011780 0.247071 0.004913
v -0.015136 0.244141 0.004852
v -0.013001 0.245117 0.006286
v -0.011780 0.247071 0.004913
v -0.012024 0.246094 -0.005463
v -0.014953 0.244141 -0.005158
v -0.011780 0.247071 0.004913
v -0.012024 0.246094 -0.005463
v -0.014953 0.244141 -0.005158
v -0.000190 -0.085449 0.014892
v 0.000381 -0.049805 0.015503
v -0.013122 -0.090332 0.014465
v -0.000190 -0.085449 0.014892
v -0.012757 -0.129883 0.013916
v -0.000859 -0.125977 0.014526
v -0.000190 -0.085449 0.014892
v 0.011841 -0.063477 0.014892
v 0.000381 -0.049805 0.015503
v -0.000190 -0.085449 0.014892
v -0.013122 -0.090332 0.014465
v -0.012757 -0.129883 0.013916
v 0.151367 0.132812 -0.005097
v 0.151367 0.131836 0.004516
v 0.151367 0.132812 -0.005097
v 0.152344 0.127929 0.004608
v 0.151367 0.132812 -0.006745
v 0.151367 0.131836 0.004516
v 0.020630 -0.234375 0.006164
v 0.029785 -0.193359 0.006622
v 0.028686 -0.191406 0.008056
v 0.020630 -0.234375 0.006164
v 0.020874 -0.233398 0.004608
v 0.020874 -0.233398 0.004608
v -0.108887 0.036621 -0.011231
v -0.153321 0.034424 -0.009094
v -0.151367 0.028076 -0.011292
v -0.108887 0.036621 -0.011231
v -0.103028 0.024781 -0.013306
v -0.152344 -0.037354 0.008423
v -0.110840 -0.044922 0.008240
v -0.150391 -0.034668 0.009704
v -0.041015 0.076172 -0.013001
v -0.047119 0.095215 -0.010254
v -0.041015 0.076172 -0.013001
v -0.047119 0.095215 -0.010254
v -0.041992 0.090332 -0.010987
v -0.035156 0.076660 -0.012879
v -0.024658 0.060547 -0.014588
v 0.208984 0.007812 0.011597
v 0.157227 0.007232 0.013489
v 0.157227 0.007232 0.013489
v 0.045410 -0.104492 -0.007508
v 0.046875 -0.104004 -0.007324
v 0.044190 -0.108398 -0.007782
v 0.044190 -0.108398 -0.007782
v -0.148438 0.129883 0.008056
v -0.143554 -0.141602 0.004486
v -0.145508 -0.139648 -0.006745
v 0.004151 0.005218 -0.016846
v 0.129883 0.130859 -0.013916
v 0.005859 0.004181 -0.016723
v 0.004151 0.005218 -0.016846
v 0.128906 0.136719 -0.010742
v 0.129883 0.130859 -0.013916
v 0.123047 -0.100097 0.011169
v 0.090332 -0.061524 0.012024
v 0.102539 -0.090332 0.012390
v 0.123047 -0.100097 0.011169
v 0.123047 -0.100097 0.011169
v 0.145508 -0.119629 0.009460
v 0.127929 -0.090332 0.009399
v 0.123047 -0.100097 0.011169
v 0.126953 -0.121094 0.011230
v 0.137696 -0.121582 0.010315
v 0.090332 -0.061524 0.012024
v 0.145508 -0.119629 0.009460
v -0.086914 0.123047 -0.009949
v -0.096680 0.118653 -0.011414
v -0.025024 -0.011352 -0.016358
v -0.036865 -0.041992 -0.015015
v -0.023193 -0.029663 -0.015625
v -0.044922 -0.028443 -0.015320
v -0.025024 -0.011352 -0.016358
v -0.036865 -0.041992 -0.015015
v 0.138672 0.145508 0.007416
v 0.029297 -0.191406 -0.008484
v 0.030151 -0.193359 -0.005371
v -0.151367 0.036133 0.008728
v -0.107422 0.041748 0.009033
v -0.151367 0.036133 0.008728
v -0.207031 0.025635 0.007599
v -0.153321 0.030029 0.010071
v -0.109863 -0.056396 -0.005219
v -0.109863 -0.056396 -0.005219
v -0.104980 -0.048584 0.004913
v -0.104492 -0.048828 -0.005188
v -0.104980 -0.048584 0.004913
v -0.104492 -0.048584 -0.007324
v 0.104004 0.121094 0.011352
v 0.125977 0.137696 0.010437
v 0.120117 0.141602 0.009765
v 0.104004 0.121094 0.011352
v -0.000095 0.018799 0.016479
v -0.001755 0.046875 0.015625
v -0.059570 -0.109863 0.008056
v -0.071778 -0.113281 0.009704
v -0.093750 -0.131836 0.008301
v -0.048584 -0.102539 0.008301
v -0.050293 -0.101562 0.009155
v -0.092285 -0.133789 0.006805
v -0.059326 -0.109863 0.006714
v 0.129883 0.087403 -0.007935
v 0.128906 0.089355 -0.009155
v 0.152344 0.124512 -0.006317
v 0.040528 -0.017700 0.015198
v 0.034180 -0.034180 0.015076
v 0.019165 -0.013366 0.015991
v -0.132812 0.145508 -0.009339
v -0.243164 -0.006531 0.010132
v -0.241211 -0.012085 0.009826
v 0.009094 0.249023 -0.005341
v 0.004669 0.250000 -0.005280
v 0.008789 0.249023 0.005218
v 0.012573 0.248047 -0.005310
v 0.135742 -0.136719 0.010254
v 0.138672 -0.129883 0.010864
v 0.135742 -0.136719 0.010254
v 0.126953 -0.137696 0.010742
v 0.129883 -0.141602 0.010010
v 0.131836 -0.133789 0.010681
v 0.131836 -0.133789 0.010681
v -0.089355 0.084961 -0.012879
v -0.122558 0.100586 -0.011536
v -0.108887 0.110840 -0.011963
v -0.122558 0.100586 -0.011536
v -0.108887 0.110840 -0.011963
v -0.011657 -0.246094 -0.008911
v 0.248047 0.000618 0.009155
v 0.250000 0.001274 0.008117
v 0.249023 0.004730 0.007995
v 0.246094 0.005707 0.009216
v 0.244141 0.002198 0.009704
v 0.244141 -0.003296 0.010193
v 0.247071 -0.005036 0.008972
v 0.250000 -0.002228 0.007995
v 0.079590 -0.072265 -0.013306
v 0.061035 -0.048584 -0.014649
v 0.094238 -0.098633 -0.012879
v 0.067383 -0.081543 -0.013489
v 0.079590 -0.072265 -0.013306
v 0.061035 -0.048584 -0.014649
v 0.102539 0.046631 0.004425
v 0.104004 0.045899 0.004364
v 0.102051 0.046142 -0.005402
v 0.102539 0.046631 0.004425
v 0.108887 0.055176 -0.005249
v 0.238281 -0.022949 -0.007691
v 0.237304 -0.021851 -0.008545
v 0.237304 -0.021851 -0.008545
v -0.003647 0.241211 0.010620
v -0.009949 0.239258 0.010437
v -0.003647 0.241211 0.010620
v -0.006073 0.244141 0.009888
v 0.129883 0.125977 -0.011292
v 0.124512 0.133789 -0.011353
v 0.137696 0.131836 -0.010681
v 0.129883 0.125977 -0.011292
v 0.137696 0.131836 -0.010681
v 0.139648 0.125977 -0.010620
v 0.000160 -0.247071 0.009033
v 0.002731 -0.244141 0.009826
v -0.000080 -0.244141 0.010254
v -0.250000 -0.010681 -0.006622
v -0.242188 -0.017456 0.008423
v -0.239258 -0.017700 0.008972
v -0.244141 -0.016724 0.007934
v -0.245117 -0.017090 0.006775
v 0.043701 0.105957 0.004608
v -0.122070 -0.007447 -0.015137
v -0.086426 -0.004852 -0.015137
v -0.093262 -0.018432 -0.014710
v -0.086426 -0.004852 -0.015137
v -0.093262 -0.018432 -0.014710
v -0.022094 -0.234375 -0.006958
v -0.031250 -0.192383 -0.007294
v -0.022094 -0.234375 -0.006958
v -0.020752 -0.234375 -0.007996
v -0.019287 -0.241211 -0.006714
v -0.030396 -0.191406 -0.008484
v -0.020752 -0.234375 -0.007996
v 0.237304 0.003097 0.010620
v 0.208984 0.007812 0.011597
v 0.204102 -0.002289 0.011902
v 0.238281 -0.003296 0.010925
v 0.237304 0.003097 0.010620
v 0.236328 0.008545 0.010071
v 0.238281 -0.003296 0.010925
v 0.061035 -0.048584 -0.014649
v 0.051270 -0.030517 -0.015076
v 0.076660 -0.043701 -0.013550
v 0.037842 -0.039062 -0.015198
v 0.051270 -0.030517 -0.015076
v 0.061035 -0.048584 -0.014649
v 0.076660 -0.043701 -0.013550
v 0.090820 -0.061767 -0.012695
v -0.132812 0.148438 0.004822
v -0.136719 0.146484 0.006561
v -0.129883 0.149414 0.004761
v -0.136719 0.146484 -0.004608
v 0.110352 0.044922 0.004211
v 0.110352 0.044922 0.004211
v -0.008850 0.179688 0.013305
v -0.010987 0.123047 0.014160
v -0.000068 0.121094 0.014526
v -0.008850 0.179688 0.013305
v -0.018677 0.179688 0.012451
v -0.010987 0.123047 0.014160
v -0.001159 -0.177734 0.013550
v -0.001205 -0.230469 0.011597
v -0.001205 -0.230469 0.011597
v -0.238281 0.017578 -0.007782
v -0.243164 0.015198 -0.007935
v -0.246094 0.013977 -0.006653
v -0.152344 -0.126953 0.004394
v -0.151367 -0.124023 0.004730
v -0.152344 -0.127929 -0.005036
v 0.039306 0.098145 -0.010803
v 0.039795 0.092773 -0.010803
v 0.039306 0.098145 -0.010803
v 0.042236 0.103028 -0.009033
v 0.039795 0.092773 -0.010803
v 0.038819 0.124023 -0.009522
v 0.034180 0.114746 -0.011536
v 0.208984 -0.011108 0.011719
v 0.237304 -0.009094 0.010742
v 0.204102 -0.002289 0.011902
v 0.208984 -0.011108 0.011719
v 0.204102 -0.002289 0.011902
v 0.158203 -0.005737 0.013733
v 0.158203 -0.016968 0.013244
v -0.014709 0.244141 -0.006622
v -0.001404 -0.086426 -0.015259
v -0.001404 -0.086426 -0.015259
v 0.021118 -0.234375 -0.005432
v -0.107422 0.041748 0.009033
v -0.097656 0.041015 0.009399
v -0.097656 0.041015 0.009399
v -0.207031 -0.030274 -0.004730
v -0.151367 -0.039306 -0.005219
v 0.010498 0.239258 0.010376
v 0.011657 0.230469 0.010864
v -0.035889 0.071778 0.013122
v -0.041015 0.088867 0.011169
v -0.045166 0.091797 0.010986
v -0.016358 -0.239258 0.008850
v 0.150391 0.037842 -0.006684
v 0.150391 0.038330 -0.005097
v 0.208008 0.026734 -0.005310
v 0.208008 0.025635 -0.007294
v 0.149414 0.037110 -0.007996
v 0.150391 0.038330 -0.005097
v 0.044190 -0.109863 0.006195
v 0.044677 -0.103028 0.008117
v 0.042969 -0.108398 0.008545
v 0.044190 -0.109863 0.006195
v 0.044190 -0.109863 0.006195
v 0.039795 -0.138672 0.006897
v 0.039306 -0.141602 0.004852
v 0.045410 -0.104980 0.006439
v 0.039306 -0.141602 0.004852
v 0.042969 -0.108398 0.008545
v -0.238281 0.015747 -0.008972
v -0.238281 0.015747 -0.008972
v -0.137696 -0.144531 -0.007843
v 0.002289 0.001678 0.016358
v 0.000976 -0.001824 0.016601
v 0.005432 0.000526 0.017456
v 0.137696 -0.119140 -0.011353
v 0.128906 -0.090332 -0.009766
v 0.145508 -0.119629 -0.009400
v 0.145508 -0.128906 -0.010315
v 0.137696 -0.119140 -0.011353
v 0.137696 -0.119140 -0.011353
v 0.138672 -0.129883 -0.011231
v 0.125977 -0.121094 -0.012024
v 0.125977 -0.121094 -0.012024
v -0.085938 0.129883 0.004791
v -0.085938 0.129883 -0.005768
v -0.057129 0.110352 -0.005219
v -0.022339 -0.028443 0.015442
v -0.043457 -0.037597 0.014709
v -0.030396 -0.046142 0.014709
v -0.043457 -0.037597 0.014709
v -0.047608 -0.052490 0.014221
v 0.150391 0.131836 -0.007660
v 0.030151 -0.193359 0.004883
v -0.153321 0.034424 -0.009094
v -0.151367 0.028076 -0.011292
v -0.206054 0.021606 -0.009766
v -0.109375 -0.056153 0.006714
v -0.104492 -0.048828 0.006897
v -0.104492 -0.048828 0.006897
v 0.118164 0.143554 -0.009461
v 0.118164 0.143554 -0.009461
v 0.012512 0.038086 -0.015747
v -0.011475 0.034424 -0.015869
v 0.000110 0.045166 -0.015625
v -0.051514 -0.099121 -0.010315
v -0.050049 -0.103028 -0.008911
v -0.071778 -0.115235 -0.009339
v -0.051514 -0.099121 -0.010315
v -0.061280 -0.098145 -0.011780
v -0.041748 -0.073730 -0.013184
v -0.061280 -0.098145 -0.011780
v 0.151367 0.123535 0.006164
v 0.034668 -0.002838 -0.016236
v 0.062988 -0.026611 -0.014649
v -0.135742 0.145508 0.007355
v -0.134766 0.144531 0.008423
v -0.244141 0.001785 -0.010925
v -0.247071 -0.001663 -0.009705
v -0.059326 0.104492 0.009521
v -0.078125 0.108398 0.011352
v -0.054199 0.086426 0.012207
v -0.045166 0.091797 0.010986
v -0.008240 -0.248047 0.007538
v -0.012695 -0.246094 0.006286
v 0.246094 0.005859 -0.010071
v 0.074707 -0.064942 0.013244
v 0.090332 -0.061524 0.012024
v 0.104492 -0.056396 0.009338
v 0.096192 -0.048584 0.010193
v 0.090332 -0.061524 0.012024
v 0.127929 -0.090332 0.009399
v 0.104492 -0.056396 0.009338
v 0.076172 -0.045410 0.012573
v 0.090332 -0.061524 0.012024
v -0.116211 0.146484 -0.007935
v -0.122070 0.149414 -0.007873
v -0.114746 0.147461 -0.006500
v -0.138672 -0.133789 0.010498
v -0.141602 -0.134766 0.009704
v -0.138672 -0.133789 0.010498
v -0.137696 -0.127929 0.010620
v -0.141602 -0.134766 0.009704
v -0.131836 -0.131836 0.010742
v -0.137696 -0.127929 0.010620
v 0.047119 0.096680 -0.010376
v 0.047608 0.101562 -0.008911
v 0.056640 0.104492 -0.009766
v 0.043701 0.098633 -0.009583
v 0.042480 0.090332 -0.011109
v 0.054199 0.080567 -0.012940
v 0.250000 -0.015320 0.004486
v -0.005249 0.240234 -0.010803
v -0.109375 -0.055664 -0.007111
v -0.103515 -0.048828 -0.008362
v -0.148438 -0.134766 -0.007873
v 0.033935 0.078125 0.013122
v 0.024903 0.071778 0.013977
v 0.031494 0.093750 0.011902
v 0.016968 0.092285 0.013916
v 0.033935 0.078125 0.013122
v 0.038574 0.091797 0.010742
v 0.111328 -0.048095 -0.007233
v 0.111328 -0.048095 -0.007233
v 0.111328 -0.048095 -0.007233
v 0.104492 -0.048584 -0.007172
v 0.146484 0.126953 -0.009583
v 0.144531 0.131836 -0.010071
v 0.140625 0.119140 -0.010010
v 0.011475 -0.246094 0.007294
v 0.008117 -0.248047 0.006134
v 0.007996 -0.248047 0.007660
v -0.142578 -0.016846 0.013244
v -0.148438 -0.027466 0.011352
v -0.142578 -0.016846 0.013244
v -0.148438 -0.027466 0.011352
v -0.106445 -0.031739 0.012329
v -0.170898 -0.003540 0.013489
v 0.015991 0.243164 -0.006775
v 0.012573 0.248047 -0.005310
v 0.152344 -0.131836 0.004700
v 0.152344 -0.130859 -0.005158
v -0.024658 0.060547 -0.014588
v -0.011108 0.125000 -0.014099
v -0.011292 0.085938 -0.014710
v -0.010498 0.057861 -0.015198
v -0.024658 0.060547 -0.014588
v -0.031494 -0.192383 -0.005646
v 0.204102 0.018554 0.010559
v 0.035889 -0.079590 -0.012818
v -0.237304 -0.021972 -0.006256
v -0.237304 -0.021972 -0.006256
v -0.236328 -0.021851 -0.007873
v -0.236328 -0.021851 -0.007873
v -0.207031 -0.030274 -0.007111
v -0.238281 -0.022217 -0.005005
v 0.018066 0.229492 0.009399
v 0.136719 -0.142578 -0.009888
v -0.105957 0.054931 0.008972
v -0.068360 0.035156 0.013794
v -0.091797 0.052002 0.011535
v -0.000859 -0.125977 0.014526
v -0.010864 -0.184571 0.013000
v -0.001159 -0.177734 0.013550
v -0.001159 -0.177734 0.013550
v -0.010864 -0.184571 0.013000
v 0.247071 0.012939 0.004394
v 0.111328 -0.018799 0.013977
v 0.155273 -0.028076 0.011719
v 0.158203 -0.016968 0.013244
v 0.114746 -0.004883 0.014770
v 0.077637 -0.005402 0.015014
v 0.111328 -0.018799 0.013977
v -0.127929 -0.149414 0.004791
v -0.131836 -0.149414 0.004700
v 0.089355 0.035156 -0.012146
v 0.101074 0.033203 -0.011841
v 0.101074 0.033203 -0.011841
v -0.041260 0.127929 -0.007202
v -0.032226 0.178711 -0.008240
v -0.044677 0.106933 -0.007172
v -0.085449 -0.029052 -0.013428
v -0.107422 -0.030029 -0.012940
v -0.093262 -0.018432 -0.014710
v -0.066406 -0.016601 -0.014954
v -0.093262 -0.018432 -0.014710
v 0.125000 0.149414 -0.005188
v 0.129883 0.150391 -0.005219
v 0.013306 -0.130859 -0.014282
v 0.026489 -0.139648 -0.012451
v 0.018799 -0.195312 -0.011841
v 0.018799 -0.195312 -0.011841
v -0.248047 0.011231 0.006286
v -0.249023 -0.013916 0.006012
v -0.249023 -0.013794 0.004730
v -0.246094 -0.017334 0.005371
v -0.250000 -0.010803 0.005981
v 0.007263 0.231446 -0.011536
v -0.101074 0.044434 -0.008423
v -0.101074 0.044434 -0.008423
v -0.097656 0.042969 -0.010010
v -0.102539 0.045899 -0.007141
v -0.101074 0.044434 -0.008423
v -0.103515 0.044434 -0.007233
v -0.008423 -0.246094 -0.009278
v -0.011841 -0.243164 -0.010010
v 0.049316 -0.104980 -0.005371
v 0.049560 -0.104980 -0.007538
v 0.049560 -0.104980 -0.007538
v -0.136719 0.125977 0.010376
v -0.132812 0.134766 0.010620
v -0.124512 0.101562 0.011230
v 0.099121 0.073242 0.012268
v 0.063477 0.050049 0.014099
v 0.085938 0.052490 0.012512
v 0.068360 0.065430 0.013550
v 0.004761 0.250000 0.005310
v -0.051514 -0.094238 0.011108
v -0.045410 -0.097656 0.009643
v -0.041748 -0.086426 0.011902
v -0.051514 -0.094238 0.011108
v -0.050293 -0.101562 0.009155
v -0.078125 -0.104980 0.011474
v 0.133789 0.136719 -0.010620
v -0.235352 0.004425 -0.011231
v -0.236328 -0.002869 -0.011536
v -0.143554 -0.138672 0.008728
v -0.146484 -0.137696 0.007232
v -0.143554 -0.140625 0.007355
v -0.143554 -0.138672 0.008728
v -0.146484 -0.137696 0.007232
v -0.144531 -0.134766 0.009155
v -0.144531 -0.134766 0.009155
v 0.042969 0.055176 -0.014343
v 0.028076 0.026611 -0.015564
v 0.028076 0.026611 -0.015564
v 0.109375 -0.056396 0.006927
v 0.131836 -0.088867 0.005035
v 0.103028 -0.050049 0.007995
v 0.107910 -0.056885 0.007812
v -0.043457 0.105469 -0.008789
v -0.032226 0.178711 -0.008240
v -0.019653 0.229492 -0.008545
v -0.016968 0.229492 -0.009705
v -0.032226 0.178711 -0.008240
v -0.016968 0.229492 -0.009705
v -0.029419 0.177734 -0.009766
v -0.043457 0.105469 -0.008789
v 0.059815 -0.097168 -0.011902
v -0.148438 0.116211 0.006286
v -0.146484 0.117188 0.007751
v -0.148438 0.116211 0.006286
v -0.148438 0.116699 0.004028
v -0.128906 0.085938 0.007873
v -0.146484 0.117188 0.007751
v -0.145508 -0.117676 -0.009888
v -0.143554 -0.127929 -0.010437
v -0.145508 -0.117676 -0.009888
v -0.148438 -0.124023 -0.009278
v 0.058594 0.110352 0.004394
v 0.048584 0.103515 0.004272
v 0.087890 0.129883 0.004761
v 0.048584 0.103028 0.006256
v 0.058350 0.109375 0.006622
v 0.132812 -0.149414 -0.006256
v -0.035400 -0.001144 0.015625
v -0.122558 -0.149414 0.006622
v -0.116211 -0.146484 0.006470
v -0.093750 -0.131836 0.008301
v 0.129883 0.087403 -0.007935
v 0.106933 0.055420 -0.008240
v 0.096192 0.045410 -0.010071
v 0.105957 0.057373 -0.009644
v 0.105957 0.057373 -0.009644
v -0.000836 -0.007416 0.016601
v -0.148438 0.136719 -0.005219
v -0.143554 -0.140625 0.007355
v 0.012512 0.038086 -0.015747
v 0.028076 0.026611 -0.015564
v 0.091308 -0.094238 0.012451
v -0.085938 0.129883 -0.005768
v -0.049805 -0.014527 -0.015625
v -0.034180 -0.001114 -0.016479
v -0.006134 -0.001556 -0.016968
v 0.134766 0.148438 0.006103
v 0.134766 0.147461 0.007171
v 0.060791 -0.113770 -0.007080
v 0.060791 -0.113770 -0.007080
v 0.088379 -0.132812 -0.007416
v 0.087403 -0.132812 -0.005310
v -0.125000 0.085938 0.009216
v -0.143554 0.119140 0.008911
v -0.136719 -0.117676 -0.011048
v -0.136719 -0.128906 -0.011170
v -0.143554 -0.127929 -0.010437
v 0.126953 0.126953 0.011169
v 0.074219 0.108398 0.010437
v -0.019165 -0.233398 0.008972
v -0.029419 -0.187500 0.009094
v -0.030639 -0.191406 0.007934
v -0.029419 -0.187500 0.009094
v -0.039306 -0.138672 0.008179
v -0.030639 -0.191406 0.007934
v -0.039306 -0.138672 0.008179
v -0.040283 -0.138672 0.006836
v 0.150391 0.038574 0.004333
v 0.208008 0.026001 0.004089
v 0.150391 0.038574 0.004333
v -0.143554 0.133789 -0.009766
v -0.241211 -0.012085 0.009826
v -0.236328 -0.014892 0.010071
v -0.236328 -0.008545 0.010620
v 0.013794 0.243164 -0.008728
v 0.144531 -0.142578 0.004577
v 0.144531 -0.141602 -0.005310
v 0.094238 -0.098633 -0.012879
v -0.122558 0.149414 0.007538
v -0.115722 0.146484 0.007812
v -0.140625 -0.133789 -0.010681
v -0.136719 -0.128906 -0.011170
v 0.058594 0.107422 0.008240
v 0.047608 0.101074 0.007751
v -0.000721 0.246094 0.009826
v -0.108887 -0.056396 0.007873
v 0.133789 0.136719 -0.010620
v 0.130859 0.139648 -0.010742
v 0.130859 0.139648 -0.010742
v 0.004151 -0.240234 0.010742
v 0.007691 -0.240234 0.010559
v 0.004517 -0.232422 0.011230
v -0.000523 -0.240234 0.011047
v -0.250000 0.006866 -0.006806
v -0.249023 0.010864 -0.006806
v -0.248047 0.010742 -0.008057
v 0.032959 0.178711 -0.005585
v 0.022339 0.229492 -0.005371
v 0.022461 0.229492 0.005462
v 0.128906 -0.149414 -0.007904
v -0.044434 -0.109863 0.006866
v -0.125977 0.150391 0.004822
v 0.246094 -0.016479 0.006927
v -0.000119 0.120117 -0.014649
v -0.011108 0.125000 -0.014099
v 0.000358 0.180664 -0.013428
v 0.009826 0.180664 -0.013001
v -0.000119 0.120117 -0.014649
v 0.000358 0.180664 -0.013428
v 0.009826 0.180664 -0.013001
v 0.137696 0.138672 0.009704
v 0.145508 0.134766 0.009399
v 0.013733 -0.231446 -0.010681
v 0.013733 -0.231446 -0.010681
v -0.237304 0.018799 0.006470
v -0.207031 0.027466 0.006347
v -0.236328 0.017823 0.007660
v -0.236328 0.017823 0.007660
v -0.237304 0.019165 0.004486
v 0.040283 0.076660 0.012695
v 0.041748 0.056153 0.014221
v 0.205078 -0.026489 -0.009400
v 0.237304 -0.019165 -0.009705
v 0.205078 -0.026489 -0.009400
v 0.151367 -0.038086 -0.009400
v 0.208984 -0.018189 -0.011231
v -0.016724 0.242188 0.006195
v -0.030762 -0.097168 0.013122
v -0.012757 -0.064453 0.014709
v -0.030762 -0.097168 0.013122
v -0.036865 -0.090332 0.011658
v -0.013122 -0.090332 0.014465
v -0.013122 -0.090332 0.014465
v -0.140625 0.016236 -0.013367
v -0.151367 0.028076 -0.011292
v -0.103028 0.024781 -0.013306
v -0.140625 0.016236 -0.013367
v -0.084961 0.010254 -0.015076
v -0.140625 0.016236 -0.013367
v -0.140625 0.016236 -0.013367
v -0.169922 0.006622 -0.013428
v -0.205078 0.012695 -0.011231
v -0.239258 -0.004852 0.010742
v -0.237304 -0.000824 0.013794
v -0.241211 -0.002334 0.009888
v 0.150391 -0.125000 0.007324
v 0.149414 -0.126953 0.008606
v 0.148438 -0.118164 0.007599
v 0.151367 -0.128906 0.007110
v -0.045655 0.103515 -0.007080
v -0.045655 0.103515 -0.007080
v -0.119140 -0.143554 -0.009461
v -0.126953 -0.135742 -0.010987
v -0.118164 -0.136719 -0.010681
v -0.119140 -0.143554 -0.009461
v -0.097656 -0.128906 -0.009949
v -0.093750 -0.132812 -0.008118
v -0.119140 -0.143554 -0.009461
v -0.118164 -0.136719 -0.010681
v -0.097656 -0.128906 -0.009949
v -0.093750 -0.132812 -0.008118
v -0.128906 -0.141602 -0.010315
v 0.110352 0.044922 0.004211
v 0.036621 -0.092285 -0.011902
v 0.026001 -0.058594 -0.014954
v 0.001800 0.243164 0.010498
v 0.001800 0.243164 0.010498
v 0.006744 0.244141 0.010071
v -0.105957 0.054931 0.008972
v -0.128906 0.085938 0.007873
v -0.096680 0.044190 0.009094
v -0.008117 -0.246094 0.008667
v 0.246094 -0.003083 -0.010437
v -0.132812 0.133789 -0.010925
v -0.125000 -0.149414 0.004608
v -0.122558 -0.149414 0.004730
v 0.095703 0.054931 -0.011475
v 0.095703 0.054931 -0.011475
v 0.128906 0.089355 -0.009155
v 0.095703 0.054931 -0.011475
v 0.085938 0.042236 -0.011963
v -0.007447 0.248047 -0.008362
v 0.145508 0.121094 0.009277
v 0.004273 -0.250000 -0.006714
v 0.004273 -0.250000 -0.006714
v -0.131836 -0.146484 -0.008484
v -0.132812 -0.144531 -0.009339
v -0.128906 -0.147461 -0.008545
v -0.127929 -0.144531 -0.009766
v 0.077148 0.029663 0.013061
v 0.055664 0.016601 0.015014
v 0.077148 0.029663 0.013061
v 0.082031 0.036621 0.012268
v 0.067383 0.031983 0.013977
v 0.149414 -0.117676 -0.007294
v 0.131836 -0.088867 -0.007416
v 0.131836 -0.089355 -0.005158
v 0.131836 -0.088867 -0.007416
v -0.039795 0.124512 0.008789
v -0.035156 0.123535 0.010681
v -0.031983 0.178711 0.008240
v -0.039795 0.124512 0.008789
v -0.032959 0.178711 0.007110
v -0.039795 0.101562 0.009949
v 0.000381 -0.049805 0.015503
v -0.004577 -0.024170 0.015747
v -0.012757 -0.064453 0.014709
v 0.000381 -0.049805 0.015503
v -0.022339 -0.028443 0.015442
v -0.103028 0.046631 -0.005188
v 0.032470 0.178711 -0.006867
v 0.032470 0.178711 -0.006867
v 0.147461 -0.139648 0.006347
v -0.026734 0.028809 -0.015686
v -0.026734 0.028809 -0.015686
v -0.024658 0.060547 -0.014588
v -0.043457 0.016358 -0.015503
v -0.048584 0.037354 -0.014832
v -0.041992 0.052735 -0.014649
v 0.043213 0.008850 -0.015625
v -0.136719 0.146484 0.004638
v -0.136719 0.146484 -0.004608
v -0.151367 -0.124023 0.006409
v 0.043701 0.105469 -0.007691
v 0.041260 0.126953 -0.007233
v 0.044677 0.101562 -0.008240
v 0.145508 0.134766 0.009399
v 0.016601 -0.241211 -0.008118
v 0.015015 -0.243164 -0.008057
v -0.207031 0.022583 0.008911
v -0.206054 0.015320 0.011047
v -0.238281 0.014892 0.008545
v -0.236328 0.010254 0.009765
v -0.207031 0.022583 0.008911
v -0.210938 0.006928 0.011597
v -0.104980 -0.047119 -0.007172
v -0.111328 -0.045410 -0.008423
v -0.111817 -0.042480 -0.010071
v 0.019898 0.237304 0.006714
v 0.022461 0.229492 0.005462
v 0.022217 0.230469 0.006714
v 0.019898 0.237304 0.006714
v -0.001755 0.046875 0.015625
v 0.001587 0.082520 0.014831
v -0.001755 0.046875 0.015625
v -0.011841 0.086426 0.014526
v -0.012390 0.058838 0.015076
v -0.016968 -0.243164 -0.005310
v 0.237304 -0.001534 -0.015015
v 0.242188 -0.002442 -0.011048
v 0.238281 -0.005340 -0.011475
v 0.237304 -0.001534 -0.015015
v 0.238281 -0.005340 -0.011475
v 0.002640 -0.004395 -0.016601
v 0.237304 -0.001534 -0.015015
v 0.238281 0.003571 -0.011719
v 0.241211 0.001717 -0.011536
v 0.237304 -0.001534 -0.015015
v 0.005921 -0.000305 -0.017456
v 0.238281 0.003571 -0.011719
v 0.242188 -0.002442 -0.011048
v 0.237304 -0.001534 -0.015015
v 0.002640 -0.004395 -0.016601
v 0.005615 -0.001915 -0.017334
v 0.005921 -0.000305 -0.017456
v -0.147461 0.116699 -0.006684
v -0.150391 0.124512 -0.006592
v -0.246094 -0.017456 0.004608
v 0.019043 0.179688 -0.012024
v 0.010925 0.125977 -0.014160
v 0.009826 0.180664 -0.013001
v 0.009826 0.180664 -0.013001
v 0.128906 -0.148438 0.008362
v 0.125000 -0.149414 0.007202
v 0.127929 -0.149414 0.007202
v 0.000000 -0.125977 -0.015015
v 0.102539 -0.048340 -0.008179
v -0.130859 0.147461 0.008362
v -0.126953 0.147461 0.008667
v -0.143554 -0.137696 -0.009583
v 0.059082 0.036133 0.014404
v 0.063477 0.050049 0.014099
v 0.068360 0.065430 0.013550
v 0.041748 0.056153 0.014221
v 0.237304 -0.019165 -0.009705
v -0.021363 0.229492 0.005218
v -0.021363 0.230469 -0.005432
v -0.021363 0.229492 0.005218
v -0.033448 0.178711 0.005554
v -0.032959 0.178711 0.007110
v -0.088379 -0.005218 0.014770
v -0.078613 0.007354 0.014770
v -0.088379 -0.005218 0.014770
v -0.060302 -0.004699 0.014953
v -0.245117 0.013366 -0.007904
v -0.242188 0.012512 -0.008911
v -0.242188 -0.020264 -0.004944
v 0.001587 0.082520 0.014831
v 0.016968 0.092285 0.013916
v -0.017456 0.241211 -0.005402
v -0.017090 0.242188 0.005005
v -0.015136 0.244141 0.004852
v -0.014953 0.244141 -0.005158
v -0.016724 0.242188 0.006195
v -0.043457 -0.037597 0.014709
v -0.074707 -0.058594 0.013367
v 0.150391 0.136719 -0.005005
v 0.150391 0.135742 0.004700
v -0.206054 0.021606 -0.009766
v 0.146484 -0.131836 0.008972
v 0.147461 -0.135742 0.008667
v -0.046875 0.100586 -0.008240
v -0.044922 0.102051 -0.007873
v -0.048095 0.103515 -0.006958
v -0.045655 0.103515 -0.007080
v -0.046875 0.100586 -0.008240
v 0.208008 0.025879 0.006225
v -0.150391 -0.125000 -0.007935
v -0.148438 -0.117676 -0.007996
v 0.040771 0.125977 0.006622
v 0.040771 0.125977 0.006622
v 0.040283 0.125000 0.007995
v 0.043701 0.104980 0.006500
v 0.040771 0.125977 0.006622
v 0.102539 -0.047851 0.007812
v 0.098633 -0.045410 0.009216
v 0.238281 -0.022949 0.004089
v 0.207031 -0.031128 0.004242
v 0.238281 -0.022949 -0.004975
v -0.008301 0.231446 -0.011231
v 0.000396 0.230469 -0.011780
v -0.009217 0.179688 -0.013001
v -0.008301 0.231446 -0.011231
v -0.009217 0.179688 -0.013001
v -0.019776 0.179688 -0.011841
v -0.008301 0.231446 -0.011231
v -0.016968 0.229492 -0.009705
v -0.008301 0.231446 -0.011231
v -0.008301 0.231446 -0.011231
v -0.008301 0.231446 -0.011231
v -0.029419 0.177734 -0.009766
v -0.016968 0.229492 -0.009705
v 0.133789 0.144531 0.008911
v 0.000012 -0.177734 -0.014221
v 0.000000 -0.125977 -0.015015
v 0.013306 -0.130859 -0.014282
v -0.246094 0.014344 0.005798
v 0.004669 0.250000 -0.005280
v 0.008789 0.249023 0.005218
v 0.000271 0.250000 -0.005432
v 0.004761 0.250000 0.005310
v -0.007996 -0.244141 -0.010315
v 0.090820 -0.061767 -0.012695
v -0.129883 0.149414 0.004761
v 0.248047 -0.014709 -0.007935
v -0.040528 -0.094727 0.010498
v -0.048584 -0.102539 0.008301
v -0.045410 -0.097656 0.009643
v 0.150391 0.128906 -0.008972
v 0.007416 -0.245117 0.009521
v -0.250000 0.002304 -0.006684
v -0.139648 -0.144531 0.004791
v -0.138672 -0.145508 -0.005066
v 0.006439 0.010987 -0.016479
v 0.145508 -0.119629 0.009460
v 0.148438 -0.118164 0.007599
v 0.127929 -0.090332 0.009399
v 0.143554 -0.128906 0.010010
v -0.057129 0.109375 -0.007019
v -0.057129 0.109375 -0.007019
v -0.085938 0.129883 -0.005768
v -0.038330 -0.057861 -0.014343
v -0.041748 -0.073730 -0.013184
v 0.149414 0.135742 0.006103
v 0.149414 0.135742 0.007202
v 0.149414 0.135742 0.007202
v 0.149414 0.135742 0.006103
v 0.147461 0.134766 0.008240
v 0.114746 -0.147461 -0.005371
v 0.114746 -0.148438 0.004547
v 0.087403 -0.132812 -0.005310
v 0.114746 -0.147461 -0.005371
v 0.114746 -0.148438 0.004547
v -0.125000 0.085938 0.009216
v -0.091797 0.052002 0.011535
v -0.102051 0.071778 0.011474
v -0.207031 -0.030274 -0.007111
v 0.029419 0.176758 0.009826
v 0.029419 0.176758 0.009826
v 0.018677 0.180664 0.011963
v 0.032226 0.125000 0.011047
v -0.050049 0.036621 0.014587
v -0.068360 0.035156 0.013794
v -0.062500 0.025757 0.014038
v -0.122070 -0.119629 0.011474
v -0.122070 -0.119629 0.011474
v -0.249023 -0.013794 0.004730
v -0.246094 -0.017700 -0.005280
v -0.246094 -0.017456 0.004608
v -0.249023 -0.013794 0.004730
v 0.000396 0.230469 -0.011780
v 0.007263 0.231446 -0.011536
v 0.000358 0.180664 -0.013428
v -0.009217 0.179688 -0.013001
v 0.121582 -0.149414 0.007660
v -0.043945 -0.108887 -0.008545
v -0.044190 -0.102051 -0.009644
v -0.041992 -0.107910 -0.010193
v 0.239258 0.016846 0.006103
v 0.208008 0.026001 0.004089
v 0.208008 0.025879 0.006225
v 0.238281 0.016358 0.006805
v 0.238281 0.016358 0.006805
v 0.062988 -0.026611 -0.014649
v -0.125000 -0.150391 -0.005097
v -0.127929 -0.149414 0.004791
v -0.125000 -0.149414 0.004608
v -0.125000 -0.150391 -0.005097
v 0.093750 0.009217 0.014770
v 0.093750 0.009217 0.014770
v 0.105469 0.026734 0.012634
v 0.073730 0.019898 0.014404
v -0.023193 0.126953 0.012939
v -0.010987 0.123047 0.014160
v -0.018677 0.179688 0.012451
v -0.010987 0.123047 0.014160
v -0.098145 -0.048584 0.009460
v 0.133789 0.148438 -0.007233
v -0.236328 0.010864 -0.010437
v 0.048584 0.103028 -0.005219
v 0.048584 0.103515 0.004272
v -0.031006 -0.101074 -0.012573
v -0.037354 -0.092773 -0.011597
v -0.031006 -0.101074 -0.012573
v -0.025024 -0.134766 -0.013062
v -0.036621 -0.139648 -0.010010
v -0.036621 -0.139648 -0.010010
v -0.144531 -0.018799 -0.013489
v -0.107422 -0.030029 -0.012940
v -0.152344 -0.031006 -0.010987
v -0.204102 -0.021240 -0.010864
v -0.144531 -0.018799 -0.013489
v 0.144531 0.030274 -0.011231
v -0.151367 0.128906 0.004242
v -0.151367 0.128906 -0.005158
v -0.144531 -0.138672 -0.007812
v 0.109375 -0.056885 -0.005463
v 0.131836 -0.088867 0.005035
v 0.131836 -0.089355 -0.005158
v 0.109375 -0.056885 -0.005463
v 0.131836 -0.088867 -0.007416
v 0.108398 -0.056640 -0.007263
v 0.131836 -0.088867 -0.007416
v -0.036621 -0.018799 0.015320
v 0.071289 -0.113770 0.009826
v 0.051025 -0.101074 0.009155
v -0.147461 0.116699 -0.006684
v -0.130859 0.085938 -0.005341
v -0.148438 0.117188 -0.005158
v 0.115235 0.147461 -0.005310
v 0.115235 0.147461 -0.005310
v 0.148438 -0.138672 -0.005036
v 0.144531 -0.142578 0.004577
v 0.207031 0.023926 0.008240
v 0.236328 0.014038 0.008667
v -0.103515 0.045166 -0.005036
v -0.011780 -0.247071 0.007355
v 0.066895 -0.074707 0.013489
v 0.047608 0.101562 -0.008911
v 0.056640 0.104492 -0.009766
v 0.044677 0.101562 -0.008240
v 0.237304 -0.009094 0.010742
v 0.243164 -0.009461 0.010010
v 0.244141 -0.003296 0.010193
v 0.238281 -0.003296 0.010925
v 0.238281 -0.003296 0.010925
v -0.008362 0.248047 -0.005432
v -0.004151 0.249023 -0.005127
v -0.008362 0.248047 -0.005432
v -0.008056 0.249023 -0.006867
v -0.008179 0.249023 0.005096
v -0.106933 -0.056885 -0.009461
v -0.101562 -0.048584 -0.009583
v -0.106933 -0.056885 -0.009461
v 0.122558 0.149414 0.004791
v 0.115722 0.146484 0.006866
v 0.122070 0.149414 -0.005219
v 0.122558 0.149414 0.004791
v 0.122070 0.149414 -0.005219
v 0.115235 0.147461 -0.005310
v 0.115722 0.147461 0.004944
v 0.115722 0.146484 0.006866
v -0.008240 -0.248047 0.007538
v -0.136719 -0.118164 0.010742
v -0.137696 -0.127929 0.010620
v -0.122070 -0.119629 0.011474
v 0.090820 0.126953 -0.009339
v 0.129883 0.144531 0.009460
v 0.132812 0.139648 0.010559
v -0.250000 0.007050 0.004608
v -0.133789 -0.147461 -0.007538
v -0.128906 -0.149414 -0.006287
v 0.096192 0.047851 0.010132
v 0.128906 -0.090332 -0.009766
v 0.129883 -0.089355 -0.008423
v 0.145508 -0.119629 -0.009400
v -0.041260 0.128906 0.006958
v -0.041748 0.128906 0.005462
v -0.041260 0.128906 0.006958
v -0.033448 0.178711 0.005554
v -0.041260 0.128906 0.006958
v 0.146484 0.139648 -0.007630
v 0.115235 -0.147461 0.006195
v -0.134766 0.124512 -0.011414
v -0.106445 0.067871 -0.011475
v -0.151367 -0.124023 0.006409
v 0.073730 0.107422 -0.011109
v 0.054199 0.080567 -0.012940
v 0.076172 0.095215 -0.012329
v 0.141602 -0.141602 0.008545
v -0.006806 0.002060 -0.016723
v -0.137696 0.129883 -0.010559
v -0.130859 0.130859 -0.013428
v 0.100586 0.046142 0.007599
v 0.043701 0.098633 -0.009583
v 0.042480 0.090332 -0.011109
v -0.111817 -0.042480 -0.010071
v -0.152344 -0.031006 -0.010987
v -0.000068 0.121094 0.014526
v -0.019165 -0.233398 0.008972
v -0.013611 -0.231446 0.010559
v -0.013611 -0.231446 0.010559
v -0.020264 -0.189453 0.011597
v 0.208008 0.025635 -0.007294
v 0.048340 -0.070312 0.013550
v 0.040771 0.125977 -0.008301
v 0.110840 -0.037110 -0.011780
v -0.131836 -0.146484 -0.008484
v -0.133789 -0.147461 -0.007538
v 0.077148 0.029663 0.013061
v 0.129883 0.144531 -0.009827
v 0.129883 0.144531 -0.009827
v 0.005799 -0.236328 0.010681
v -0.147461 -0.137696 0.006439
v -0.054444 -0.051514 -0.014527
v -0.065918 -0.026367 -0.014588
v -0.070312 -0.038819 -0.014221
v -0.044922 -0.028443 -0.015320
v 0.137696 0.142578 0.009216
v 0.133789 0.144531 0.008911
v 0.029297 -0.173828 -0.010132
v 0.019531 -0.226562 -0.009583
v 0.040039 -0.126953 -0.008667
v 0.029297 -0.173828 -0.010132
v 0.013733 -0.231446 -0.010681
v 0.029297 -0.173828 -0.010132
v 0.019531 -0.226562 -0.009583
v 0.013733 -0.231446 -0.010681
v -0.207031 0.025635 0.007599
v 0.089355 0.128906 0.007049
v -0.135742 0.147461 -0.006745
v -0.132812 0.148438 -0.006256
v -0.129883 0.149414 -0.007752
v 0.143554 -0.128906 0.010010
v -0.045655 0.104004 -0.004975
v 0.000156 -0.239258 -0.010925
v -0.000259 -0.235352 -0.014099
v 0.002655 -0.238281 -0.011109
v -0.003189 -0.237304 -0.011170
v 0.250000 0.001778 0.004700
v 0.104004 -0.049560 -0.007019
v -0.102051 -0.092285 0.012268
v -0.084961 -0.092773 0.012329
v -0.122070 -0.119629 0.011474
v -0.108398 -0.123047 0.011413
v -0.108398 -0.123047 0.011413
v -0.122070 -0.119629 0.011474
v 0.136719 0.128906 -0.011048
v 0.129883 0.130859 -0.013916
v 0.136719 0.133789 -0.010620
v 0.136719 0.128906 -0.011048
v 0.007141 0.002381 -0.016846
v 0.129883 0.130859 -0.013916
v -0.246094 -0.017456 0.004608
v -0.242188 -0.019898 0.004425
v -0.242188 -0.020264 -0.004944
v 0.021851 0.126953 0.013000
v 0.031494 0.093750 0.011902
v 0.032226 0.125000 0.011047
v 0.018677 0.180664 0.011963
v 0.021851 0.126953 0.013000
v 0.016968 0.092285 0.013916
v 0.031494 0.093750 0.011902
v -0.100586 0.043945 0.007873
v -0.102539 0.043701 0.007995
v -0.029419 -0.187500 0.009094
v -0.020264 -0.189453 0.011597
v -0.026489 -0.133789 0.012390
v 0.101074 -0.048340 0.008606
v -0.126953 -0.150391 -0.005066
v -0.058350 -0.003708 -0.015564
v -0.086426 -0.004852 -0.015137
v -0.066406 -0.016601 -0.014954
v 0.138672 0.146484 0.004730
v 0.039062 -0.138672 -0.007660
v 0.044190 -0.108398 -0.007782
v 0.044434 -0.109863 -0.005432
v 0.039062 -0.138672 -0.007660
v 0.044190 -0.108398 -0.007782
v 0.150391 -0.040771 -0.008301
v -0.016479 0.240234 0.007355
v 0.020019 0.238281 -0.005341
v 0.022461 0.229492 0.005462
v -0.016358 -0.244141 -0.006684
v 0.158203 -0.005737 0.013733
v 0.000000 -0.125977 -0.015015
v 0.011657 -0.089844 -0.015076
v -0.246094 0.014160 -0.005463
v -0.101074 0.045655 0.007812
v 0.047119 -0.104004 0.006897
v -0.007447 0.248047 -0.008362
v -0.011657 0.247071 -0.006989
v -0.008056 0.249023 -0.006867
v 0.004273 -0.250000 -0.006714
v 0.008667 -0.249023 -0.007050
v -0.001846 0.001824 0.016236
v -0.005493 0.000824 0.017090
v 0.126953 -0.137696 0.010742
v 0.126953 -0.121094 0.011230
v -0.130859 0.085938 -0.005341
v -0.148438 0.116699 0.004028
v -0.148438 0.117188 -0.005158
v -0.102051 -0.092285 0.012268
v 0.107422 0.057861 0.009094
v 0.096192 0.047851 0.010132
v 0.098633 0.045410 0.008911
v 0.238281 0.003571 -0.011719
v 0.005921 -0.000305 -0.017456
v 0.002075 0.001778 -0.016846
v 0.007263 0.231446 -0.011536
v -0.103515 0.045166 -0.005036
v -0.104492 0.044677 -0.004975
v 0.095703 0.042725 0.009460
v 0.095703 0.042725 0.009460
v 0.148438 -0.118653 -0.008301
v 0.149414 -0.125977 -0.009278
v 0.129883 -0.089355 -0.008423
v -0.044677 0.106933 0.004944
v -0.001205 -0.230469 0.011597
v -0.001159 -0.177734 0.013550
v -0.007751 -0.231446 0.011169
v -0.001205 -0.230469 0.011597
v -0.005188 -0.241211 0.010620
v -0.007751 -0.231446 0.011169
v 0.138672 -0.129883 0.010864
v -0.038330 -0.057861 -0.014343
v -0.108887 -0.055664 -0.008423
v -0.000469 0.004792 0.016479
v 0.001037 0.004974 0.016358
v 0.000242 0.232422 0.013611
v -0.000469 0.004792 0.016479
v 0.000242 0.232422 0.013611
v -0.006043 0.234375 0.010803
v -0.004669 -0.250000 -0.005341
v 0.058350 0.109375 0.006622
v 0.007141 0.002381 -0.016846
v 0.040283 0.125000 0.007995
v 0.066895 -0.074707 0.013489
v 0.074707 -0.064942 0.013244
v 0.076172 -0.045410 0.012573
v -0.131836 0.149414 -0.005097
v -0.129883 0.149414 0.004761
v -0.009217 0.179688 -0.013001
v -0.011108 0.125000 -0.014099
v -0.023804 0.126953 -0.012757
v -0.009217 0.179688 -0.013001
v -0.009217 0.179688 -0.013001
v 0.000358 0.180664 -0.013428
v -0.011108 0.125000 -0.014099
v 0.133789 0.146484 0.008179
v 0.013306 -0.130859 -0.014282
v 0.031494 0.093750 0.011902
v 0.155273 -0.003860 -0.014099
v -0.014282 0.243164 0.007232
v 0.108887 0.043213 0.008301
v 0.105469 0.026734 0.012634
v -0.236328 0.010864 -0.010437
v -0.205078 0.012695 -0.011231
v -0.235352 0.004425 -0.011231
v -0.032715 0.081543 -0.012818
v -0.010498 0.057861 -0.015198
v -0.206054 -0.029052 -0.008118
v -0.010864 -0.184571 0.013000
v -0.012757 -0.129883 0.013916
v -0.020264 -0.189453 0.011597
v -0.010864 -0.184571 0.013000
v -0.007751 -0.231446 0.011169
v -0.007751 -0.231446 0.011169
v -0.086426 -0.004852 -0.015137
v -0.250000 -0.010803 0.005981
v -0.250000 -0.006225 0.006134
v 0.046875 -0.103028 -0.008484
v 0.048828 -0.102539 -0.009155
v -0.122558 -0.149414 -0.004852
v 0.148438 -0.118164 0.007599
v 0.129883 -0.089355 0.007873
v 0.127929 -0.090332 0.009399
v -0.206054 -0.026611 -0.009339
v -0.050049 0.036621 0.014587
v -0.072265 0.052979 0.013244
v -0.093750 -0.131836 0.008301
v -0.116211 -0.146484 0.006470
v -0.092285 -0.133789 0.006805
v 0.005066 -0.002060 0.017456
v 0.237304 -0.001869 0.013489
v 0.005432 0.000526 0.017456
v 0.002884 -0.004669 0.016114
v 0.005066 -0.002060 0.017456
v 0.005066 -0.002060 0.017456
v 0.000976 -0.001824 0.016601
v 0.002884 -0.004669 0.016114
v -0.040283 -0.138672 -0.007294
v -0.031250 -0.192383 -0.007294
v -0.031494 -0.192383 -0.005646
v -0.040283 -0.138672 -0.007294
v -0.246094 0.014099 0.004425
v -0.014709 0.244141 -0.006622
v -0.011657 0.247071 -0.006989
v 0.149414 -0.125977 -0.009278
v -0.045410 0.103028 0.006897
v -0.045410 0.103028 0.006897
v -0.046386 0.101562 0.007660
v -0.043945 0.106933 0.006927
v 0.149414 0.037110 -0.007996
v 0.149414 0.034424 -0.009400
v 0.109375 0.043701 -0.008423
v -0.148438 -0.135742 -0.006684
v -0.145508 -0.139648 -0.006745
v -0.027588 -0.191406 -0.010132
v -0.030396 -0.191406 -0.008484
v -0.036621 -0.139648 -0.010010
v -0.027588 -0.191406 -0.010132
v 0.246094 -0.003083 -0.010437
v 0.072265 -0.093750 0.012512
v 0.104004 -0.123535 0.011474
v 0.091308 -0.094238 0.012451
v 0.132812 0.139648 0.010559
v 0.125977 0.137696 0.010437
v 0.089355 0.128906 0.007049
v 0.115722 0.147461 0.004944
v 0.087890 0.129883 0.004761
v -0.092285 -0.133789 0.006805
v 0.034180 -0.034180 0.015076
v 0.052246 -0.043701 0.014221
v 0.052490 -0.029541 0.014526
v 0.250000 0.002487 -0.005676
v -0.074707 -0.058594 0.013367
v -0.098633 -0.062988 0.011597
v -0.098633 -0.062988 0.011597
v -0.070801 -0.043945 0.013305
v 0.101562 0.018189 -0.013855
v 0.082520 0.023071 -0.013916
v 0.101074 0.033203 -0.011841
v 0.144531 0.030274 -0.011231
v 0.000271 0.250000 -0.005432
v -0.091797 0.052002 0.011535
v -0.045410 0.098145 0.009155
v -0.013122 -0.090332 0.014465
v 0.010498 -0.042725 0.015320
v 0.090820 0.126953 -0.009339
v 0.090820 0.126953 -0.009339
v 0.118164 0.143554 -0.009461
v 0.121582 0.140625 -0.010254
v -0.006012 0.011902 -0.016479
v -0.097656 -0.128906 -0.009949
v -0.097656 -0.128906 -0.009949
v -0.071778 -0.115235 -0.009339
v -0.061280 -0.098145 -0.011780
v 0.042236 0.103028 -0.009033
v 0.038819 0.124023 -0.009522
v 0.040771 0.125977 -0.008301
v 0.041260 0.126953 -0.007233
v 0.127929 -0.150391 0.004700
v -0.006439 -0.235352 -0.011353
v -0.001343 -0.006500 -0.017090
v -0.000259 -0.235352 -0.014099
v -0.006439 -0.235352 -0.011353
v 0.019531 -0.226562 -0.009583
v 0.131836 -0.088867 -0.007416
v 0.148438 -0.118653 -0.008301
v 0.129883 -0.089355 -0.008423
v 0.131836 -0.088867 -0.007416
v 0.129883 -0.089355 -0.008423
v 0.108398 -0.056640 -0.007263
v -0.078125 0.108398 0.011352
v -0.022339 -0.028443 0.015442
v -0.043457 -0.037597 0.014709
v 0.250000 0.001778 0.004700
v 0.104492 -0.056396 0.009338
v 0.127929 -0.090332 0.009399
v -0.128906 0.137696 -0.010315
v 0.154297 -0.030396 -0.011231
v 0.110352 -0.027222 -0.013367
v 0.149414 -0.126953 0.008606
v -0.045655 0.103515 -0.007080
v -0.012757 -0.129883 0.013916
v -0.013122 -0.090332 0.014465
v -0.026489 -0.133789 0.012390
v -0.020264 -0.189453 0.011597
v -0.001343 -0.006500 -0.017090
v 0.001449 -0.006378 -0.017090
v -0.000259 -0.235352 -0.014099
v 0.109375 0.043701 -0.008423
v 0.108887 0.041748 -0.009583
v 0.109375 0.043701 -0.008423
v 0.149414 0.034424 -0.009400
v 0.108887 0.041748 -0.009583
v 0.011841 -0.063477 0.014892
v -0.005493 0.000824 0.017090
v -0.237304 -0.000824 0.013794
v -0.005493 0.000824 0.017090
v -0.239258 0.004486 0.010437
v 0.000427 0.239258 0.010925
v 0.051514 0.073730 0.013122
v -0.007751 -0.231446 0.011169
v 0.250000 0.006317 0.004516
v 0.052490 -0.029541 0.014526
v 0.134766 0.148438 -0.005188
v 0.137696 -0.121582 0.010315
v -0.086426 0.052246 -0.013245
v 0.237304 -0.001869 0.013489
v 0.002884 -0.004669 0.016114
v 0.238281 -0.005707 0.010498
v -0.169922 0.006622 -0.013428
v -0.211914 -0.002808 -0.012512
v 0.094727 -0.043701 0.010132
v 0.098633 -0.045410 0.009216
v -0.102539 0.129883 0.009888
v 0.040039 -0.105469 0.009949
v -0.211914 -0.002808 -0.012512
v -0.116211 -0.146484 0.006470
v 0.011841 -0.063477 0.014892
v -0.001846 0.001824 0.016236
v -0.239258 0.004486 0.010437
v -0.005493 0.000824 0.017090
v 0.250000 0.006928 -0.005737
v -0.073242 0.117676 0.008789
v -0.092285 -0.133789 0.006805
v -0.086426 0.052246 -0.013245
v -0.005188 0.004608 -0.016723
v -0.003616 0.006225 -0.017090
v -0.078965 0.078719 -0.013423
v -0.078965 0.078719 -0.013423
v -0.128906 0.137696 -0.010315
v -0.133789 0.136719 -0.010376
v -0.078965 0.078719 -0.013423
v -0.136719 0.133789 -0.010315
v -0.136719 0.133789 -0.010315
v -0.137696 0.129883 -0.010559
v -0.078965 0.078719 -0.013423
v -0.078965 0.078719 -0.013423
v -0.006806 0.002060 -0.016723
v 0.007019 -0.005462 -0.016723
v 0.005829 -0.006958 -0.016846
v 0.079575 -0.079163 -0.013409
v 0.003144 -0.008484 -0.016601
v 0.079575 -0.079163 -0.013409
v 0.129883 -0.135742 -0.010681
v 0.134766 -0.135742 -0.010681
v 0.079575 -0.079163 -0.013409
v 0.134766 -0.135742 -0.010681
v 0.138672 -0.132812 -0.010681
v 0.079575 -0.079163 -0.013409
v 0.137696 -0.128906 -0.010742
v 0.079575 -0.079163 -0.013409
v -0.006043 0.234375 0.010803
v -0.003433 0.237304 0.010864
v 0.000362 0.170341 0.012489
v 0.000427 0.239258 0.010925
v 0.000362 0.170341 0.012489
v 0.004029 0.237304 0.010864
v 0.006988 0.234375 0.010925
v 0.000362 0.170341 0.012489
v 0.006988 0.234375 0.010925
v 0.001037 0.004974 0.016358
v 0.000362 0.170341 0.012489
v 0.001037 0.004974 0.016358
v -0.000469 0.004792 0.016479
v 0.000362 0.170341 0.012489
v -0.000469 0.004792 0.016479
v -0.006043 0.234375 0.010803
v 0.000362 0.170341 0.012489
v -0.242188 -0.002182 -0.010315
v -0.239258 -0.004852 -0.011109
v -0.138015 -0.000429 -0.013640
v -0.239258 -0.004852 -0.011109
v -0.002136 -0.003891 -0.016601
v -0.138015 -0.000429 -0.013640
v -0.002136 -0.003891 -0.016601
v -0.000584 -0.001168 -0.016846
v -0.138015 -0.000429 -0.013640
v -0.001419 0.002548 -0.016723
v -0.001419 0.002548 -0.016723
v -0.238281 0.004211 -0.010925
v -0.138015 -0.000429 -0.013640
v -0.238281 0.004211 -0.010925
v -0.242188 0.002334 -0.010742
v -0.138015 -0.000429 -0.013640
v -0.242188 -0.002182 -0.010315
v -0.003647 -0.007812 -0.016723
v -0.005921 -0.006043 -0.016723
v -0.079125 -0.078425 -0.013069
v -0.007202 -0.004852 -0.016846
v -0.079125 -0.078425 -0.013069
v -0.136719 -0.127929 -0.010437
v -0.136719 -0.131836 -0.010193
v -0.079125 -0.078425 -0.013069
v -0.133789 -0.135742 -0.010437
v -0.133789 -0.135742 -0.010437
v -0.129883 -0.134766 -0.010376
v -0.079125 -0.078425 -0.013069
v -0.079125 -0.078425 -0.013069
v 0.079104 0.078275 0.012894
v 0.129883 0.136719 0.010193
v 0.133789 0.136719 0.009949
v 0.079104 0.078275 0.012894
v 0.136719 0.133789 0.009888
v 0.136719 0.133789 0.009888
v 0.136719 0.128906 0.009949
v 0.079104 0.078275 0.012894
v 0.079104 0.078275 0.012894
v 0.007141 0.002259 0.016601
v 0.005432 0.004059 0.016723
v 0.079104 0.078275 0.012894
v 0.004029 0.005462 0.016358
v -0.241211 -0.002334 0.009888
v -0.242188 0.001999 0.010254
v -0.138176 -0.000710 0.012818
v -0.239258 0.004486 0.010437
v -0.239258 0.004486 0.010437
v -0.001846 0.001824 0.016236
v -0.138176 -0.000710 0.012818
v -0.001846 0.001824 0.016236
v -0.000820 -0.001641 0.016236
v -0.138176 -0.000710 0.012818
v -0.002655 -0.004455 0.016114
v -0.002655 -0.004455 0.016114
v -0.239258 -0.004852 0.010742
v -0.138176 -0.000710 0.012818
v -0.239258 -0.004852 0.010742
v -0.241211 -0.002334 0.009888
v -0.138176 -0.000710 0.012818
v 0.002075 0.001778 -0.016846
v 0.001281 -0.001839 -0.016846
v 0.137995 -0.000996 -0.013802
v 0.002640 -0.004395 -0.016601
v 0.002640 -0.004395 -0.016601
v 0.238281 -0.005340 -0.011475
v 0.137995 -0.000996 -0.013802
v 0.238281 -0.005340 -0.011475
v 0.242188 -0.002442 -0.011048
v 0.137995 -0.000996 -0.013802
v 0.242188 -0.002442 -0.011048
v 0.241211 0.001717 -0.011536
v 0.137995 -0.000996 -0.013802
v 0.238281 0.003571 -0.011719
v 0.238281 0.003571 -0.011719
v 0.002075 0.001778 -0.016846
v 0.137995 -0.000996 -0.013802
v 0.136719 0.133789 -0.010620
v 0.133789 0.135742 -0.010620
v 0.079040 0.078131 -0.013287
v 0.128906 0.136719 -0.010742
v 0.079040 0.078131 -0.013287
v 0.004151 0.005218 -0.016846
v 0.005859 0.004181 -0.016723
v 0.079040 0.078131 -0.013287
v 0.007141 0.002381 -0.016846
v 0.079040 0.078131 -0.013287
v 0.136719 0.128906 -0.011048
v 0.136719 0.133789 -0.010620
v 0.079040 0.078131 -0.013287
v 0.006897 0.233398 -0.011109
v 0.004273 0.237304 -0.010987
v 0.000647 0.170234 -0.012624
v 0.004273 0.237304 -0.010987
v 0.000984 0.238281 -0.011170
v 0.000647 0.170234 -0.012624
v 0.000984 0.238281 -0.011170
v -0.002426 0.238281 -0.011109
v 0.000647 0.170234 -0.012624
v -0.005432 0.234375 -0.011292
v -0.005432 0.234375 -0.011292
v -0.000782 0.004883 -0.016479
v 0.000647 0.170234 -0.012624
v -0.000782 0.004883 -0.016479
v 0.001022 0.005127 -0.016723
v 0.000647 0.170234 -0.012624
v 0.001022 0.005127 -0.016723
v 0.006897 0.233398 -0.011109
v 0.000647 0.170234 -0.012624
v 0.002655 -0.238281 -0.011109
v 0.005921 -0.235352 -0.011048
v -0.000112 -0.171204 -0.012836
v 0.005921 -0.235352 -0.011048
v 0.001449 -0.006378 -0.017090
v -0.000112 -0.171204 -0.012836
v 0.001449 -0.006378 -0.017090
v -0.001343 -0.006500 -0.017090
v -0.000112 -0.171204 -0.012836
v -0.001343 -0.006500 -0.017090
v -0.006439 -0.235352 -0.011353
v -0.000112 -0.171204 -0.012836
v -0.006439 -0.235352 -0.011353
v -0.003189 -0.237304 -0.011170
v -0.000112 -0.171204 -0.012836
v -0.003189 -0.237304 -0.011170
v 0.000156 -0.239258 -0.010925
v -0.005677 -0.006378 0.016479
v -0.003708 -0.008056 0.016236
v -0.079102 -0.078721 0.012659
v -0.079102 -0.078721 0.012659
v -0.128906 -0.135742 0.010071
v -0.133789 -0.135742 0.010132
v -0.079102 -0.078721 0.012659
v -0.133789 -0.135742 0.010132
v -0.136719 -0.131836 0.009949
v -0.079102 -0.078721 0.012659
v -0.137696 -0.127929 0.010071
v -0.079102 -0.078721 0.012659
v -0.007232 -0.005371 0.016114
v 0.000349 -0.006165 0.016601
v 0.002014 -0.006836 0.016479
v -0.000078 -0.151110 0.012754
v 0.002014 -0.006836 0.016479
v 0.005799 -0.236328 0.010681
v -0.000078 -0.151110 0.012754
v 0.005799 -0.236328 0.010681
v 0.002289 -0.238281 0.010437
v -0.000078 -0.151110 0.012754
v -0.000492 -0.239258 0.010864
v -0.000492 -0.239258 0.010864
v -0.003677 -0.238281 0.010498
v -0.000078 -0.151110 0.012754
v -0.006073 -0.236328 0.010559
v -0.006073 -0.236328 0.010559
v -0.000836 -0.007416 0.016601
v -0.000078 -0.151110 0.012754
v -0.000836 -0.007416 0.016601
v 0.079495 -0.079127 0.012839
v 0.003662 -0.008240 0.016601
v 0.005859 -0.006897 0.016479
v 0.079495 -0.079127 0.012839
v 0.006897 -0.005554 0.016358
v 0.079495 -0.079127 0.012839
v 0.137696 -0.128906 0.009826
v 0.137696 -0.132812 0.009949
v 0.079495 -0.079127 0.012839
v 0.134766 -0.135742 0.010315
v 0.134766 -0.135742 0.010315
v 0.129883 -0.135742 0.010132
v 0.079495 -0.079127 0.012839
v 0.242188 0.001381 0.010071
v 0.241211 -0.003174 0.010010
v 0.138151 -0.001286 0.012661
v 0.241211 -0.003174 0.010010
v 0.238281 -0.005707 0.010498
v 0.138151 -0.001286 0.012661
v 0.238281 -0.005707 0.010498
v 0.002884 -0.004669 0.016114
v 0.138151 -0.001286 0.012661
v 0.002884 -0.004669 0.016114
v 0.000976 -0.001824 0.016601
v 0.138151 -0.001286 0.012661
v 0.002289 0.001678 0.016358
v 0.002289 0.001678 0.016358
v 0.239258 0.003327 0.010071
v 0.138151 -0.001286 0.012661
v 0.239258 0.003327 0.010071
v -0.136719 0.133789 0.010071
v -0.133789 0.136719 0.010376
v -0.078978 0.078405 0.013092
v -0.133789 0.136719 0.010376
v -0.128906 0.136719 0.009949
v -0.078978 0.078405 0.013092
v -0.078978 0.078405 0.013092
v -0.003616 0.006165 0.016114
v -0.005310 0.004425 0.016479
v -0.078978 0.078405 0.013092
v -0.006806 0.002029 0.016236
v -0.078978 0.078405 0.013092
v -0.137696 0.128906 0.010498
vn 0.0681 -0.0124 0.9976
vn 0.0454 -0.0123 0.9989
vn 0.0453 -0.0123 0.9989
vn 0.4599 -0.0148 0.8878
vn -0.0176 -0.0625 -0.9979
vn -0.0401 -0.1030 -0.9939
vn -0.0223 -0.0675 -0.9975
vn -0.0172 -0.0674 -0.9976
vn -0.0173 -0.0855 -0.9962
vn -0.0366 -0.1314 -0.9907
vn -0.0027 -0.0358 -0.9994
vn 0.0082 -0.0264 -0.9996
vn 0.0146 -0.0372 -0.9992
vn -0.0410 -0.1007 -0.9941
vn -0.0615 -0.0018 0.9981
vn -0.0276 0.0168 0.9995
vn -0.0414 -0.0029 0.9991
vn 0.0059 0.0472 0.9989
vn -0.0481 -0.0105 0.9988
vn -0.0530 0.0084 0.9986
vn -0.1157 -0.0601 0.9915
vn 0.0137 0.0687 0.9975
vn -0.0880 -0.0414 0.9953
vn -0.1006 -0.0678 0.9926
vn 0.0237 0.0496 0.9985
vn 0.0382 0.0647 0.9972
vn 0.0263 0.0540 0.9982
vn 0.0077 -0.0777 0.9969
vn 0.0140 -0.0862 0.9962
vn 0.0170 -0.1157 0.9931
vn -0.0125 -0.0521 0.9986
vn -0.0274 -0.0617 0.9977
vn -0.0252 -0.0353 0.9991
vn -0.0231 -0.0346 0.9991
vn -0.0127 -0.0423 0.9990
vn -0.0066 -0.0391 0.9992
vn -0.0195 -0.0281 0.9994
vn -0.0164 -0.0293 0.9994
vn -0.0058 -0.0495 0.9988
vn -0.0380 -0.0977 0.9945
vn 0.2168 0.2977 -0.9297
vn 0.0731 0.0975 -0.9925
vn 0.0914 0.1520 -0.9841
vn 0.3387 0.4469 -0.8280
vn 0.3147 0.4513 -0.8351
vn 0.2283 0.1985 -0.9531
vn 0.2504 0.1689 -0.9533
vn 0.1406 0.0848 -0.9864
vn 0.1566 0.2463 -0.9565
vn 0.3774 0.2562 -0.8899
vn 0.3411 0.4555 -0.8223
vn 0.2144 -0.0640 0.9746
vn 0.3409 -0.0948 0.9353
vn 0.3228 -0.0869 0.9425
vn 0.1533 -0.0519 0.9868
vn 0.0911 -0.0439 0.9949
vn 0.1635 -0.0629 0.9845
vn 0.0824 -0.0520 0.9952
vn 0.1413 -0.0987 0.9850
vn 0.2624 -0.1344 0.9556
vn 0.3813 -0.1111 0.9177
vn 0.0976 -0.0666 0.9930
vn -0.2516 0.9653 -0.0703
vn -0.1857 0.6910 -0.6986
vn -0.2662 0.9575 -0.1106
vn -0.1985 0.9776 -0.0698
vn -0.1980 0.9781 0.0639
vn -0.2017 0.9774 -0.0629
vn -0.1792 0.8788 -0.4423
vn -0.1577 0.7547 -0.6368
vn -0.2762 0.9592 0.0597
vn -0.1985 0.9797 0.0272
vn -0.2349 0.1476 0.9607
vn -0.2342 0.1318 0.9632
vn -0.1233 0.0650 0.9902
vn -0.2917 0.1862 0.9382
vn -0.2265 0.1469 0.9629
vn -0.4327 0.2816 0.8564
vn -0.4810 0.3050 0.8220
vn -0.0996 0.0533 0.9936
vn -0.6203 0.3992 0.6752
vn -0.5177 0.7568 -0.3991
vn -0.5061 0.7529 -0.4206
vn -0.5629 0.8251 -0.0497
vn -0.4707 0.7597 -0.4487
vn -0.3105 0.5035 -0.8063
vn -0.2534 0.4095 -0.8764
vn -0.4898 0.7915 -0.3655
vn -0.5705 0.8209 -0.0238
vn -0.3318 0.5020 -0.7987
vn -0.5326 0.8452 -0.0446
vn 0.1023 -0.5495 0.8292
vn 0.3227 -0.7529 0.5737
vn 0.1735 -0.6260 0.7603
vn 0.6149 -0.5756 0.5391
vn 0.7080 -0.7050 0.0417
vn 0.5834 -0.6702 0.4588
vn 0.4284 -0.9012 0.0653
vn 0.4490 -0.8927 -0.0374
vn 0.4342 -0.5623 0.7037
vn -0.1268 -0.1004 -0.9868
vn -0.0646 -0.0382 -0.9972
vn -0.0647 -0.0384 -0.9972
vn 0.6131 0.6102 -0.5018
vn 0.2930 0.3256 -0.8990
vn 0.6130 0.6101 -0.5020
vn 0.4559 -0.8805 -0.1302
vn 0.4803 -0.7023 -0.5255
vn 0.3638 -0.5471 -0.7539
vn 0.5624 -0.8246 -0.0613
vn 0.5657 -0.8243 -0.0233
vn 0.2992 -0.5370 -0.7887
vn 0.4025 -0.7875 -0.4666
vn 0.3758 -0.7819 -0.4974
vn 0.2735 -0.5509 -0.7884
vn 0.2964 -0.4393 -0.8480
vn 0.4035 -0.2350 0.8843
vn 0.4928 -0.2822 0.8231
vn 0.1958 -0.0994 0.9756
vn 0.4886 -0.3354 0.8055
vn 0.1725 -0.1084 0.9790
vn 0.3489 -0.2386 0.9063
vn 0.5962 -0.4205 0.6840
vn 0.7171 -0.5105 0.4746
vn 0.7269 -0.4362 0.5304
vn 0.1909 -0.0919 0.9773
vn -0.0075 -0.0308 -0.9995
vn 0.0576 0.0355 -0.9977
vn -0.0077 -0.0310 -0.9995
vn -0.0491 -0.0729 -0.9961
vn -0.5492 0.8350 0.0352
vn -0.5977 0.7978 -0.0795
vn -0.5145 0.8575 0.0001
vn -0.4611 0.8872 0.0177
vn -0.5804 0.8140 -0.0240
vn -0.4748 0.6959 0.5388
vn -0.5688 0.7837 0.2496
vn -1.0000 -0.0000 -0.0000
vn 0.1943 0.4909 0.8493
vn 0.4105 0.6140 0.6742
vn 0.2439 0.7645 0.5967
vn 0.0527 0.5480 0.8348
vn 0.1034 0.4920 0.8644
vn 0.0601 0.3969 0.9159
vn 0.1228 0.7781 0.6160
vn 0.2905 0.3854 0.8758
vn 0.2320 0.2602 0.9373
vn 0.0577 0.4006 0.9144
vn 0.1223 0.2363 0.9639
vn 0.4552 0.1000 -0.8848
vn 0.3869 -0.1739 -0.9056
vn 0.2677 -0.3126 -0.9114
vn 0.6105 0.6226 -0.4896
vn 0.3637 0.3431 -0.8660
vn 0.6105 0.6224 -0.4898
vn 0.2730 0.4105 0.8700
vn 0.4483 0.6402 0.6238
vn 0.1963 0.2912 0.9363
vn 0.1233 0.2207 0.9675
vn 0.1810 0.3236 0.9287
vn 0.2862 0.8255 0.4864
vn 0.3089 0.5743 0.7582
vn 0.0082 -0.6004 0.7997
vn 0.3006 -0.5981 0.7429
vn -0.0028 -0.5880 0.8088
vn -0.3154 -0.5179 0.7951
vn 1.0000 -0.0000 -0.0000
vn 0.9849 0.0847 -0.1512
vn 0.9520 0.3062 0.0011
vn 0.1273 -0.9897 0.0660
vn 0.1630 -0.6735 0.7210
vn 0.2477 -0.9675 -0.0516
vn 0.8179 0.4507 0.3577
vn 0.8153 0.5786 -0.0213
vn 0.8485 0.5283 -0.0295
vn -0.0026 0.1165 -0.9932
vn -0.0075 0.1439 -0.9896
vn 0.0834 0.2936 -0.9523
vn -0.0110 0.0915 -0.9957
vn 0.0566 0.1129 -0.9920
vn 0.1019 0.1581 -0.9821
vn 0.0385 0.0892 -0.9953
vn 0.0126 0.0585 -0.9982
vn 0.1342 0.3022 -0.9437
vn 0.1723 0.2839 -0.9432
vn -0.5964 -0.7980 0.0867
vn -0.5995 -0.8001 0.0206
vn -0.6077 -0.7903 0.0787
vn -0.8994 -0.4351 0.0415
vn -0.5404 -0.7451 0.3908
vn -0.7661 -0.5683 0.3001
vn -0.6494 -0.7286 0.2179
vn -0.8912 -0.4536 -0.0090
vn -0.9264 -0.3723 -0.0558
vn -0.6002 -0.7996 0.0201
vn -0.5990 -0.8000 -0.0343
vn -0.0012 0.0557 -0.9984
vn -0.0121 0.0605 -0.9981
vn -0.0250 0.0807 -0.9964
vn -0.0044 0.0446 -0.9990
vn 0.0169 0.0238 -0.9996
vn 0.0368 0.0078 -0.9993
vn 0.0180 0.0262 -0.9995
vn 0.0191 0.0279 -0.9994
vn 0.0120 0.0315 -0.9994
vn -0.0074 0.0527 -0.9986
vn -0.0206 0.0601 -0.9980
vn 0.2912 -0.2185 0.9314
vn 0.1734 -0.3777 0.9096
vn 0.2666 -0.3843 0.8839
vn 0.4001 -0.2589 0.8791
vn 0.4270 -0.1522 0.8913
vn 0.3428 -0.1377 0.9293
vn 0.1830 -0.2627 0.9474
vn 0.3922 -0.3885 0.8338
vn -0.1982 0.2416 -0.9499
vn -0.3816 0.7188 -0.5811
vn -0.2852 0.5287 -0.7995
vn -0.1348 0.2794 -0.9507
vn -0.0509 0.3056 -0.9508
vn -0.0460 0.1635 -0.9855
vn -0.0847 0.1835 -0.9794
vn -0.1833 0.0989 -0.9781
vn -0.1455 0.5550 -0.8190
vn -0.4141 0.3777 -0.8282
vn -0.3912 0.2042 -0.8974
vn -0.0798 0.0317 -0.9963
vn -0.0460 0.0049 -0.9989
vn -0.1061 0.0526 -0.9930
vn -0.1011 0.0477 -0.9937
vn -0.0665 0.0210 -0.9976
vn -0.0359 -0.0049 -0.9993
vn -0.2011 0.1354 -0.9702
vn -0.1726 0.0992 -0.9800
vn -0.0410 0.0024 -0.9992
vn -0.2402 0.1393 -0.9607
vn 0.0553 0.4612 0.8856
vn 0.3209 0.2548 0.9122
vn 0.2078 0.3911 0.8966
vn -0.6747 0.6622 0.3261
vn -0.6746 0.6622 0.3262
vn -0.3525 0.3782 0.8560
vn 0.0982 -0.9943 0.0405
vn -0.1727 -0.9563 -0.2359
vn 0.0354 -0.9762 -0.2141
vn -0.2268 -0.9732 0.0394
vn -0.0025 -0.9956 0.0939
vn -0.2102 -0.9776 -0.0070
vn -0.0884 -0.9961 -0.0030
vn -0.2203 -0.9744 0.0448
vn 0.1903 -0.9785 0.0789
vn 0.2131 -0.9770 0.0071
vn -0.5950 0.0097 0.8037
vn -0.2229 -0.0243 0.9745
vn -0.3075 0.0974 0.9465
vn -0.8465 0.1026 0.5224
vn -0.9753 0.0094 0.2206
vn -0.5825 0.1634 0.7963
vn -0.5758 -0.0583 0.8155
vn -0.8749 -0.0356 0.4829
vn -0.6754 -0.0626 0.7348
vn -0.2286 0.0102 0.9735
vn -0.3631 -0.8813 0.3025
vn -0.5273 -0.7954 0.2988
vn -0.4678 -0.8830 0.0388
vn -0.3362 -0.9245 0.1797
vn -0.3657 -0.6397 0.6761
vn -0.3442 -0.5919 0.7288
vn 0.1094 0.0176 -0.9938
vn 0.0760 0.0089 -0.9971
vn 0.0748 0.0170 -0.9971
vn 0.0905 0.0334 -0.9953
vn 0.0441 0.0312 -0.9985
vn 0.1514 0.0388 -0.9877
vn 0.2631 0.0517 -0.9634
vn 0.2094 0.0433 -0.9769
vn 0.2173 0.0311 -0.9756
vn 0.1102 0.0229 -0.9936
vn 0.1492 0.0362 -0.9881
vn -0.0301 0.6317 -0.7746
vn -0.1076 0.8445 -0.5246
vn -0.0938 0.8966 -0.4329
vn -0.1473 0.2372 -0.9602
vn -0.1326 0.2230 -0.9658
vn -0.0298 0.2086 -0.9775
vn -0.1854 0.5116 -0.8390
vn -0.1509 0.4809 -0.8637
vn -0.0420 0.3739 -0.9265
vn -0.0634 0.4176 -0.9064
vn -0.1105 -0.0475 -0.9927
vn -0.0131 -0.0470 -0.9988
vn -0.0809 -0.1042 -0.9913
vn -0.1378 -0.0521 -0.9891
vn -0.1607 -0.0573 -0.9853
vn -0.1292 -0.0527 -0.9902
vn -0.0103 -0.0444 -0.9990
vn -0.0188 -0.0297 -0.9994
vn -0.0170 -0.0435 -0.9989
vn -0.1372 -0.1079 -0.9846
vn -0.1822 -0.1066 -0.9775
vn -0.1978 -0.1129 -0.9737
vn -0.2298 -0.0975 -0.9683
vn 0.8335 0.3722 0.4083
vn 0.5830 0.2642 0.7684
vn 0.9716 0.1476 0.1850
vn 0.9109 0.4060 0.0732
vn 0.6885 0.6365 0.3477
vn 0.4361 0.5037 0.7457
vn 0.9921 0.1165 0.0459
vn 0.4870 0.2481 -0.8374
vn 0.3283 -0.0771 -0.9414
vn 0.5235 0.3094 -0.7939
vn 0.4547 0.3122 -0.8341
vn 0.2439 0.0923 -0.9654
vn 0.1490 0.0571 -0.9872
vn 0.1244 0.0134 -0.9921
vn 0.0796 -0.0864 -0.9931
vn 0.2039 -0.0272 -0.9786
vn -0.0375 0.2208 0.9746
vn -0.1332 0.1873 0.9732
vn -0.0518 0.1138 0.9921
vn -0.0299 0.1456 0.9889
vn 0.0504 0.2965 0.9537
vn -0.1224 0.3441 0.9309
vn 0.0511 0.2963 0.9537
vn 0.1797 -0.6945 -0.6967
vn 0.2617 -0.8557 -0.4464
vn 0.0815 -0.5730 -0.8155
vn -0.0443 -0.4819 -0.8751
vn 0.0795 -0.3343 -0.9391
vn 0.0697 0.6195 0.7819
vn 0.0212 0.3601 0.9327
vn 0.0694 0.6614 0.7468
vn 0.0958 0.7949 0.5992
vn 0.1549 0.8399 0.5201
vn 0.4275 0.1542 0.8908
vn 0.2177 0.1270 0.9677
vn 0.1739 -0.2996 -0.9381
vn 0.5781 -0.5487 -0.6039
vn 0.4288 -0.6943 -0.5780
vn 0.1681 -0.3594 -0.9179
vn 0.1449 -0.1830 -0.9724
vn 0.2020 -0.1283 -0.9709
vn 0.4138 -0.2183 -0.8838
vn -0.2579 0.3189 0.9120
vn -0.3223 0.2681 0.9079
vn -0.1981 0.3630 0.9105
vn -0.0711 -0.0378 0.9968
vn -0.0916 -0.0447 0.9948
vn -0.1063 0.0242 0.9940
vn -0.0370 -0.0324 0.9988
vn -0.0303 -0.0254 0.9992
vn -0.0159 -0.0397 0.9991
vn -0.0280 -0.0871 0.9958
vn -0.0391 -0.1020 0.9940
vn -0.0385 -0.0207 0.9990
vn -0.0472 -0.0159 0.9988
vn -0.1021 0.0398 0.9940
vn 0.3025 0.6277 -0.7173
vn 0.4639 0.7464 -0.4771
vn 0.3714 0.5780 -0.7267
vn 0.3194 0.8934 -0.3161
vn 0.1903 0.7772 -0.5998
vn 0.1200 0.9315 -0.3434
vn 0.3894 0.7047 -0.5932
vn 0.4061 0.9138 -0.0000
vn 0.4472 0.8944 -0.0000
vn 0.1215 0.8655 -0.4860
vn 0.6115 -0.1131 0.7831
vn 0.7887 -0.1460 0.5972
vn 0.9176 -0.1675 0.3604
vn 0.5665 -0.1048 0.8174
vn 0.5724 -0.1006 0.8138
vn 0.6176 -0.1072 0.7791
vn 0.4924 -0.0816 0.8666
vn 0.2865 -0.0529 0.9566
vn 0.4520 -0.0735 0.8890
vn -0.1175 0.5507 -0.8264
vn -0.1605 0.5945 -0.7879
vn -0.1856 0.6447 -0.7416
vn -0.1196 0.4667 -0.8763
vn -0.0893 0.4108 -0.9073
vn -0.3583 0.0799 0.9302
vn -0.5696 0.3221 0.7562
vn -0.2883 0.0416 0.9566
vn -0.2734 -0.0626 0.9599
vn -0.1876 -0.0311 0.9818
vn -0.2002 0.0437 0.9788
vn -0.4689 0.1628 0.8681
vn -0.3432 0.0232 0.9390
vn -0.1489 0.0261 0.9885
vn -0.5964 0.1947 0.7787
vn 0.4728 0.7901 -0.3900
vn 0.9349 0.3528 -0.0378
vn 0.7519 0.6560 -0.0663
vn 0.8904 0.2830 -0.3566
vn -0.1708 0.8168 -0.5510
vn 0.5183 0.6803 -0.5183
vn -0.2348 0.9398 -0.2484
vn -0.2560 0.9663 -0.0268
vn 0.1945 -0.9809 -0.0043
vn 0.1955 -0.9799 -0.0404
vn 0.1945 -0.9808 -0.0145
vn 0.1745 -0.8668 0.4671
vn 0.1795 -0.8862 0.4271
vn 0.1563 -0.9877 -0.0076
vn 0.1560 -0.9875 0.0231
vn 0.1569 -0.9874 -0.0184
vn 0.1363 -0.9161 0.3770
vn 0.1924 -0.9813 -0.0044
vn -0.5346 0.6491 -0.5412
vn -0.4033 0.5049 -0.7632
vn -0.0429 -0.0837 -0.9956
vn -0.0140 -0.1130 -0.9935
vn -0.0058 -0.0964 -0.9953
vn -0.0876 -0.0381 -0.9954
vn -0.0410 -0.0365 -0.9985
vn -0.0903 -0.0300 -0.9955
vn -0.1327 -0.0355 -0.9905
vn -0.0897 -0.0825 -0.9925
vn -0.1187 -0.0272 -0.9926
vn -0.0046 -0.0768 -0.9970
vn 0.4665 0.1314 0.8747
vn 0.4998 0.1170 0.8582
vn 0.4441 0.1681 0.8801
vn 0.4087 0.1049 0.9066
vn 0.5301 0.0610 0.8457
vn 0.5675 -0.0066 0.8233
vn 0.6873 -0.1666 -0.7070
vn 0.8572 -0.1956 -0.4764
vn 0.8807 -0.1971 -0.4307
vn 0.6973 -0.1637 -0.6979
vn 0.5547 -0.1973 -0.8083
vn 0.7595 -0.2651 -0.5940
vn 0.5785 -0.2222 -0.7849
vn 0.4409 -0.1654 -0.8822
vn 0.5484 -0.1442 -0.8237
vn 0.3487 -0.1559 -0.9242
vn -0.1639 0.8116 0.5608
vn -0.1473 0.7178 0.6805
vn -0.1306 0.9817 0.1387
vn -0.1198 0.9924 0.0281
vn -0.1308 0.9905 -0.0429
vn -0.1122 0.8003 0.5890
vn -0.1160 0.9025 0.4148
vn -0.0929 -0.0900 -0.9916
vn -0.0930 -0.1748 -0.9802
vn -0.1570 -0.1243 -0.9797
vn -0.1569 -0.0518 -0.9863
vn -0.0869 -0.0370 -0.9955
vn -0.0425 -0.0789 -0.9960
vn -0.0432 -0.1118 -0.9928
vn -0.0484 -0.1709 -0.9841
vn -0.0397 -0.0598 -0.9974
vn -0.0407 -0.0562 -0.9976
vn 0.5255 0.5598 0.6406
vn 0.5601 0.3552 0.7484
vn 0.7342 0.5093 0.4489
vn 0.6440 0.6847 0.3413
vn 0.3665 0.3556 0.8598
vn 0.8924 -0.4427 -0.0878
vn 0.7020 -0.7114 0.0326
vn 0.7342 -0.5251 -0.4303
vn 0.9644 -0.2630 -0.0292
vn 0.9697 -0.2431 -0.0244
vn 0.7984 -0.5992 -0.0586
vn 0.7844 -0.4097 -0.4657
vn 0.7965 -0.6016 -0.0603
vn 0.8947 -0.4451 0.0366
vn 0.7127 -0.7007 0.0329
vn 0.0053 0.0707 0.9975
vn -0.0271 0.0410 0.9988
vn -0.0174 0.0440 0.9989
vn -0.0253 0.0767 0.9967
vn 0.0441 0.1171 0.9921
vn 0.0137 0.0836 0.9964
vn -0.0230 0.0508 0.9984
vn -0.9749 -0.2152 0.0567
vn -0.9087 -0.2069 0.3625
vn -0.9759 -0.2152 0.0367
vn -0.9096 -0.4025 0.1034
vn -0.9031 -0.4293 -0.0095
vn -0.8757 -0.4829 0.0007
vn -0.9766 -0.2146 -0.0150
vn -0.7034 -0.3868 0.5964
vn -0.7463 -0.3424 0.5708
vn -0.8449 -0.5298 0.0738
vn 0.0161 0.0474 -0.9987
vn 0.0174 0.0461 -0.9988
vn 0.0155 0.1115 -0.9936
vn 0.0134 -0.0035 -0.9999
vn 0.0238 0.0721 -0.9971
vn 0.0429 0.1530 -0.9873
vn 0.0326 0.1373 -0.9900
vn 0.0146 0.1230 -0.9923
vn 0.0146 -0.0011 -0.9999
vn 0.0229 0.0364 -0.9991
vn 0.0246 -0.0257 -0.9994
vn 0.0665 -0.0155 0.9977
vn 0.0252 -0.0109 0.9996
vn 0.0261 -0.0095 0.9996
vn 0.0436 -0.0158 0.9989
vn 0.0429 -0.0177 0.9989
vn 0.0428 -0.0177 0.9989
vn 0.1061 -0.0186 0.9942
vn 0.1400 -0.0261 0.9898
vn 0.1077 -0.0324 0.9937
vn 0.0564 -0.0136 0.9983
vn -0.8461 -0.0340 -0.5320
vn -0.9916 0.1292 -0.0000
vn -0.8763 0.4694 -0.1083
vn -0.9762 -0.2169 -0.0000
vn -0.5250 -0.0208 -0.8509
vn -0.7490 -0.1401 -0.6476
vn -0.5294 0.1746 -0.8302
vn -0.6226 -0.2075 0.7545
vn -0.8909 -0.1147 0.4394
vn -0.7349 -0.1592 0.6592
vn -0.5873 -0.1530 0.7948
vn -0.2596 -0.1634 0.9518
vn -0.3541 -0.1079 0.9289
vn 0.0974 0.6201 -0.7785
vn -0.0302 0.5726 -0.8193
vn -0.0521 0.9104 -0.4104
vn 0.3691 0.6412 -0.6728
vn 0.2358 0.4574 -0.8574
vn 0.0362 0.4742 -0.8797
vn 0.2095 0.9275 -0.3097
vn -0.2085 -0.9741 0.0880
vn -0.0000 -1.0000 -0.0000
vn -0.0874 -0.8886 0.4503
vn -0.2727 -0.9503 0.1504
vn -0.2747 -0.9615 -0.0000
vn -0.2367 -0.8862 0.3982
vn -0.3117 -0.9492 -0.0434
vn -0.1643 -0.0820 -0.9830
vn -0.0926 -0.0271 -0.9953
vn -0.1235 -0.0081 -0.9923
vn -0.2129 -0.1334 -0.9679
vn -0.3059 -0.1954 -0.9318
vn -0.1975 -0.1162 -0.9734
vn -0.4953 -0.3612 -0.7900
vn -0.2633 -0.0868 -0.9608
vn -0.4355 -0.0884 -0.8958
vn -0.1620 -0.0964 -0.9821
vn -0.0866 -0.0353 -0.9956
vn -0.4250 -0.9051 -0.0157
vn -0.4484 -0.8936 0.0188
vn -0.5072 -0.8615 -0.0223
vn -0.4139 -0.9103 -0.0038
vn -0.4087 -0.9127 -0.0050
vn -0.4528 -0.8916 -0.0000
vn -0.4364 -0.8993 -0.0272
vn -0.4259 -0.9048 -0.0052
vn -0.3267 -0.9438 0.0497
vn -0.4256 -0.9048 0.0114
vn -0.4761 -0.8051 -0.3537
vn 0.6305 -0.1454 0.7625
vn 0.5020 0.1428 0.8530
vn 0.5079 -0.4454 0.7373
vn -0.3991 -0.5639 -0.7230
vn -0.2769 -0.3730 -0.8855
vn -0.3561 -0.5306 -0.7692
vn -0.3188 -0.4425 -0.8382
vn -0.1757 -0.2863 -0.9419
vn -0.2132 -0.2611 -0.9415
vn -0.1145 -0.1664 -0.9794
vn -0.1133 -0.1663 -0.9795
vn -0.1167 -0.1666 -0.9791
vn -0.2879 -0.0631 0.9556
vn -0.3744 -0.0519 0.9258
vn -0.6560 -0.0299 0.7542
vn -0.5284 -0.1745 0.8309
vn -0.2136 -0.0690 0.9745
vn -0.1783 -0.0512 0.9826
vn -0.2623 -0.0196 0.9648
vn 0.0061 -0.0340 -0.9994
vn 0.0061 -0.0339 -0.9994
vn -0.0122 -0.0157 -0.9998
vn -0.2929 -0.2829 -0.9133
vn -0.1948 -0.3985 -0.8963
vn -0.4343 -0.1629 -0.8859
vn 0.1527 -0.5599 -0.8144
vn 0.0358 -0.0637 -0.9973
vn -0.4539 -0.0555 -0.8893
vn -0.3025 0.2707 -0.9139
vn -0.5435 0.5385 -0.6439
vn -0.5435 0.5384 -0.6440
vn 0.4270 -0.4634 -0.7764
vn 0.7079 -0.6989 0.1020
vn 0.7080 -0.6988 0.1021
vn -0.0025 0.0307 0.9995
vn 0.0067 0.0319 0.9995
vn 0.0562 -0.0129 0.9983
vn -0.0514 0.0843 0.9951
vn -0.0340 0.0702 0.9970
vn -0.0064 0.0562 0.9984
vn 0.0559 -0.0046 0.9984
vn 0.0946 -0.0295 0.9951
vn 0.0726 -0.0174 0.9972
vn 0.0630 -0.0181 0.9978
vn 1.0000 -0.0000 -0.0001
vn 0.9498 -0.0810 -0.3021
vn 0.8758 -0.2247 -0.4272
vn 0.9904 -0.0441 -0.1311
vn -0.0981 0.6338 0.7672
vn -0.2156 0.9188 0.3307
vn -0.3437 0.6882 0.6389
vn 0.0117 0.8625 0.5059
vn -0.0838 0.4971 0.8636
vn 0.0166 0.6233 0.7818
vn -0.1995 0.4965 0.8448
vn 0.0074 -0.9998 0.0210
vn -0.7744 -0.6213 0.1197
vn 0.0231 -0.9992 0.0340
vn 0.1762 -0.9843 -0.0066
vn 0.0283 -0.9969 -0.0736
vn -0.8666 -0.4975 0.0388
vn -0.8246 -0.5642 -0.0413
vn 0.1812 0.4465 -0.8762
vn 0.1811 0.4465 -0.8762
vn 0.1193 0.4882 -0.8645
vn 0.2594 0.3892 -0.8839
vn 0.2855 -0.2844 0.9152
vn 0.2272 -0.2486 0.9416
vn 0.3504 -0.3966 0.8485
vn 0.4230 -0.2225 0.8784
vn 0.4399 -0.4228 0.7923
vn 0.3735 -0.4761 0.7961
vn -0.4471 0.1629 -0.8795
vn -0.5035 0.0111 -0.8639
vn -0.9143 0.1030 -0.3918
vn -0.8159 0.2101 -0.5386
vn -0.2751 0.1464 -0.9502
vn -0.2971 0.0587 -0.9530
vn -0.3636 0.2241 -0.9042
vn -0.3415 -0.6360 0.6920
vn -0.2412 -0.3614 0.9007
vn -0.4811 -0.6146 0.6252
vn -0.3271 -0.6564 0.6798
vn -0.1749 -0.3798 0.9084
vn -0.6030 -0.7667 0.2204
vn -0.4718 -0.8083 0.3523
vn 0.0446 0.0080 -0.9990
vn 0.0365 0.0090 -0.9993
vn 0.0939 -0.0305 -0.9951
vn 0.1069 -0.0348 -0.9937
vn 0.0288 0.0183 -0.9994
vn 0.0275 0.0309 -0.9991
vn 0.0249 0.0226 -0.9994
vn 0.0654 0.0332 -0.9973
vn 0.1388 -0.3683 0.9193
vn 0.1809 -0.5312 0.8277
vn 0.0693 -0.2990 0.9517
vn 0.0797 -0.3472 0.9344
vn 0.1147 -0.5410 0.8331
vn 0.0537 -0.2244 0.9730
vn 0.1325 -0.2136 0.9679
vn 0.0459 -0.1720 0.9840
vn 0.1527 -0.5825 0.7983
vn 0.1584 -0.6085 0.7776
vn 0.1753 -0.6633 0.7275
vn 0.0711 -0.2734 0.9593
vn 0.0518 -0.1567 0.9863
vn 0.0553 -0.1732 0.9833
vn -0.7575 0.2499 -0.6031
vn -0.8174 0.2862 -0.4999
vn -0.6042 0.2105 -0.7685
vn -0.9650 0.2274 -0.1308
vn -0.9719 0.1949 -0.1318
vn -0.9796 0.1969 -0.0412
vn -0.5262 0.1854 -0.8299
vn -0.7085 0.1673 -0.6856
vn -0.9525 0.2967 -0.0685
vn -0.9224 0.2105 -0.3237
vn -0.9745 0.2225 -0.0301
vn -0.9745 0.2225 -0.0306
vn 0.0052 0.0409 -0.9992
vn 0.0018 0.0301 -0.9995
vn 0.0255 0.0269 -0.9993
vn -0.0044 -0.0334 -0.9994
vn 0.0416 -0.0080 -0.9991
vn 0.0191 -0.0263 -0.9995
vn 0.0304 0.0286 -0.9991
vn -0.0225 -0.0333 -0.9992
vn -0.0185 -0.0366 -0.9992
vn -0.0214 0.0239 -0.9995
vn -0.0443 0.0366 -0.9983
vn 0.6895 0.7226 0.0501
vn 0.7453 0.6570 0.1137
vn 0.7071 0.7072 -0.0000
vn 0.5835 0.5877 0.5604
vn 0.4731 0.8007 0.3674
vn 0.5291 0.8476 0.0415
vn 0.6039 0.7929 -0.0816
vn 0.4778 0.8784 -0.0118
vn 0.4457 0.8941 0.0443
vn 0.4410 0.8571 -0.2663
vn -0.1072 -0.2087 -0.9721
vn -0.1851 -0.3293 -0.9259
vn -0.1381 -0.2468 -0.9592
vn -0.0782 -0.1382 -0.9873
vn -0.0825 -0.1382 -0.9870
vn -0.0494 -0.0887 -0.9948
vn -0.1183 -0.1875 -0.9751
vn -0.1139 -0.2574 -0.9596
vn -0.2162 -0.4469 -0.8681
vn -0.0590 -0.1313 -0.9896
vn -0.0389 0.0484 0.9981
vn -0.0612 0.0668 0.9959
vn -0.0624 -0.0000 0.9981
vn 0.0616 0.0973 0.9933
vn -0.7676 0.4638 -0.4423
vn -0.7346 0.4033 -0.5456
vn -0.8585 0.5113 -0.0403
vn -0.7570 0.4930 -0.4288
vn -0.8299 0.5567 -0.0371
vn -0.4870 0.3078 -0.8173
vn -0.3466 0.2032 -0.9157
vn -0.4614 0.3082 -0.8319
vn -0.8448 0.5351 -0.0000
vn -0.8384 0.5441 -0.0331
vn -0.1854 0.3042 0.9344
vn -0.3535 0.5454 0.7600
vn -0.1305 0.2187 0.9670
vn -0.2304 0.3495 0.9082
vn -0.3479 0.5372 0.7683
vn -0.3813 0.5795 0.7203
vn -0.1779 0.2703 0.9462
vn -0.4008 0.6209 0.6737
vn -0.0894 0.1574 0.9835
vn -0.1233 0.1890 0.9742
vn 0.2756 -0.3632 -0.8900
vn 0.1738 -0.2473 -0.9532
vn 0.2114 -0.2108 -0.9544
vn 0.2445 -0.4502 -0.8588
vn 0.3344 -0.3017 -0.8928
vn 0.4953 -0.3472 -0.7963
vn 0.3684 -0.7467 -0.5539
vn 0.4318 -0.4637 -0.7736
vn -0.0410 0.0128 0.9991
vn -0.0042 0.0232 0.9997
vn -0.0136 0.0186 0.9997
vn -0.0282 0.0206 0.9994
vn -0.0330 0.0183 0.9993
vn -0.0284 0.0226 0.9993
vn -0.0353 0.0107 0.9993
vn -0.0316 0.0014 0.9995
vn -0.0605 0.0344 0.9976
vn -0.0311 -0.0287 0.9991
vn -0.0166 -0.0366 0.9992
vn -0.0319 0.0115 0.9994
vn 0.1053 -0.1974 0.9746
vn 0.1163 -0.2087 0.9710
vn 0.2783 -0.5186 0.8085
vn 0.1044 -0.1762 0.9788
vn 0.1670 -0.3197 0.9327
vn 0.1770 -0.3044 0.9359
vn 0.1142 -0.1819 0.9767
vn 0.0830 -0.1384 0.9869
vn 0.0787 -0.1352 0.9877
vn 0.0507 -0.1099 0.9926
vn 0.8147 -0.5794 -0.0223
vn 0.8182 -0.5707 0.0689
vn 0.8131 -0.5789 0.0617
vn 0.7189 -0.5121 -0.4700
vn 0.6536 -0.4604 -0.6007
vn 0.8683 -0.4961 -0.0000
vn 0.8654 -0.5005 -0.0242
vn 0.8590 -0.5106 0.0375
vn 0.8095 -0.5857 -0.0417
vn 0.7818 -0.4528 -0.4287
vn 0.0193 -0.0272 0.9994
vn 0.0265 -0.0281 0.9993
vn 0.0292 -0.0236 0.9993
vn 0.0116 -0.0292 0.9995
vn 0.0211 -0.0235 0.9995
vn 0.0214 -0.0275 0.9994
vn 0.0231 -0.0259 0.9994
vn -0.2656 0.3102 -0.9128
vn -0.4629 0.5216 -0.7167
vn -0.2722 0.4015 -0.8745
vn -0.1599 0.2207 -0.9621
vn -0.4393 0.3876 -0.8104
vn -0.4128 0.2442 -0.8775
vn -0.5419 0.4171 -0.7297
vn -0.2270 0.1268 -0.9656
vn -0.1282 0.2669 -0.9552
vn -0.5928 0.4934 -0.6365
vn -0.9706 -0.2034 -0.1286
vn -0.9146 -0.3999 -0.0600
vn -0.9359 -0.3433 -0.0786
vn -0.8163 -0.2323 -0.5288
vn -0.7469 -0.0586 -0.6624
vn -0.7824 -0.1714 -0.5988
vn -0.8686 -0.4246 -0.2556
vn 0.0346 0.0244 0.9991
vn 0.0382 0.0318 0.9988
vn 0.0568 0.0313 0.9979
vn 0.0106 0.0259 0.9996
vn 0.0658 0.0284 0.9974
vn -0.0020 0.0259 0.9997
vn 0.0022 0.0221 0.9998
vn 0.0374 0.0347 0.9987
vn 0.0248 -0.3033 -0.9526
vn 0.0697 -0.2796 -0.9576
vn 0.0229 -0.2805 -0.9596
vn 0.0017 -0.3233 -0.9463
vn 0.0536 -0.3656 -0.9292
vn 0.0739 -0.5000 -0.8629
vn 0.0846 -0.5597 -0.8244
vn 0.0443 -0.2337 -0.9713
vn 0.0509 -0.3026 -0.9517
vn 0.0605 -0.4128 -0.9088
vn -0.8390 0.2525 0.4819
vn -0.5356 0.1940 0.8219
vn -0.6306 0.2483 0.7353
vn -0.8817 0.3063 0.3589
vn -0.9577 0.2796 0.0676
vn -0.9268 0.2229 0.3022
vn -0.8264 0.1965 0.5276
vn -0.7437 0.1817 0.6434
vn -0.7481 0.1476 0.6470
vn -0.7481 0.1478 0.6470
vn -0.4996 -0.1533 0.8526
vn -0.4650 -0.0857 0.8811
vn -0.2989 -0.0449 0.9532
vn -0.5713 -0.4062 0.7132
vn -0.6892 -0.1371 0.7115
vn -0.1854 -0.1789 0.9662
vn -0.1609 -0.5895 0.7916
vn 0.6283 -0.1933 -0.7535
vn 0.5724 -0.3234 -0.7535
vn 0.2679 -0.1436 -0.9527
vn 0.5798 -0.1116 -0.8071
vn 0.8148 -0.1619 -0.5567
vn 0.5628 -0.1732 -0.8082
vn 0.9101 0.0663 -0.4091
vn 0.2509 -0.0588 -0.9662
vn 0.3858 -0.1222 -0.9144
vn 0.7201 -0.0113 -0.6937
vn 0.6559 -0.7538 0.0394
vn 0.5824 -0.8128 -0.0112
vn 0.6979 -0.7152 -0.0380
vn 0.4619 -0.8868 -0.0158
vn 0.6127 -0.6960 0.3745
vn 0.4906 -0.8382 0.2384
vn 0.4570 -0.8891 0.0258
vn 0.4582 -0.8884 0.0275
vn 0.6864 -0.7272 -0.0063
vn 0.4613 -0.8840 -0.0761
vn -0.4932 -0.2983 -0.8172
vn -0.0146 -0.2068 -0.9783
vn -0.4269 0.1762 -0.8870
vn -0.4269 0.1761 -0.8870
vn -0.2474 0.4303 -0.8681
vn -0.0172 -0.5465 -0.8373
vn -0.5578 -0.0781 -0.8263
vn -0.0167 0.4795 -0.8774
vn -0.1711 -0.9850 0.0204
vn -0.1870 -0.9820 -0.0276
vn -0.2153 -0.9758 -0.0385
vn -0.1874 -0.9783 0.0879
vn -0.1765 -0.9189 0.3528
vn -0.1849 -0.9817 0.0447
vn -0.1435 -0.9534 0.2653
vn -0.2697 -0.8331 0.4829
vn -0.1229 -0.8428 0.5240
vn -0.3432 -0.9043 0.2538
vn -0.3507 -0.9359 0.0326
vn -0.1855 -0.9825 -0.0137
vn -0.1623 -0.8624 0.4796
vn 0.3402 0.2357 -0.9103
vn 0.3153 0.2001 -0.9277
vn 0.4013 0.3656 -0.8398
vn 0.4682 0.3695 -0.8027
vn 0.2971 0.1455 -0.9437
vn 0.2153 0.1300 -0.9679
vn 0.4687 0.4504 -0.7599
vn 0.6419 -0.2036 0.7392
vn 0.7818 -0.2109 0.5868
vn 0.6642 -0.0373 0.7466
vn 0.4311 -0.1393 0.8915
vn 0.6346 -0.3269 0.7003
vn 0.4349 -0.0690 0.8978
vn 0.6899 -0.3995 0.6037
vn -0.2104 0.0841 -0.9740
vn -0.2106 0.0385 -0.9768
vn -0.1637 0.0441 -0.9855
vn -0.3562 0.0405 -0.9335
vn -0.3574 0.1203 -0.9262
vn -0.0156 0.1613 -0.9868
vn -0.0339 0.2624 -0.9644
vn -0.0928 0.1083 -0.9898
vn -0.3720 -0.2681 -0.8887
vn -0.5115 -0.4408 -0.7376
vn -0.4798 -0.5411 -0.6906
vn -0.3081 -0.1435 -0.9405
vn -0.2464 -0.2357 -0.9401
vn -0.5018 -0.3378 -0.7963
vn 0.0138 0.7094 0.7046
vn 0.2955 0.4450 0.8454
vn 0.0200 0.5442 0.8387
vn 0.2515 -0.9661 -0.0578
vn 0.7889 -0.6144 0.0128
vn 0.9012 -0.4229 -0.0945
vn 0.7746 -0.5636 -0.2870
vn -0.1938 -0.9470 -0.2563
vn -0.2428 -0.9697 -0.0279
vn 0.1239 -0.9923 -0.0060
vn -0.3082 0.1034 0.9457
vn -0.3963 0.1411 0.9072
vn -0.3972 0.2508 0.8828
vn -0.2520 0.1701 0.9527
vn -0.1443 -0.0058 0.9895
vn -0.3341 -0.4051 -0.8510
vn -0.4998 -0.5519 -0.6675
vn -0.4788 -0.4301 -0.7654
vn -0.2072 -0.3026 -0.9303
vn -0.3471 -0.6293 -0.6953
vn -0.4318 -0.2412 -0.8691
vn -0.3594 -0.2444 -0.9006
vn 0.2770 0.2989 0.9132
vn 0.0310 0.0625 -0.9976
vn 0.2421 0.3262 0.9138
vn 0.3667 0.0125 0.9303
vn -0.0447 -0.9082 -0.4162
vn -0.0560 -0.6790 -0.7320
vn 0.1153 -0.9472 -0.2991
vn 0.1030 -0.9946 0.0089
vn -0.2231 -0.8028 -0.5530
vn -0.1513 -0.6197 -0.7701
vn -0.1139 0.0395 0.9927
vn -0.1761 -0.0826 0.9809
vn -0.2493 -0.1031 0.9629
vn -0.1056 0.0094 0.9944
vn -0.0586 0.1397 0.9885
vn -0.0469 0.1056 0.9933
vn -0.1694 0.0777 0.9825
vn -0.5915 -0.0843 0.8019
vn -0.5989 -0.0833 0.7965
vn -0.5162 -0.0593 0.8544
vn -0.8285 -0.1358 0.5432
vn -0.7583 -0.1178 0.6411
vn 0.4257 0.4221 -0.8004
vn 0.2961 0.7157 -0.6326
vn 0.6192 0.5627 -0.5477
vn 0.2576 0.5251 -0.8112
vn 0.3498 0.3198 -0.8805
vn 0.4015 0.2878 -0.8695
vn 0.5583 0.3500 -0.7522
vn 0.0092 -0.1047 0.9945
vn 0.0396 -0.0988 0.9943
vn 0.0120 -0.1535 0.9881
vn 0.0076 -0.0940 0.9955
vn 0.0052 -0.0642 0.9979
vn 0.0102 -0.1272 0.9918
vn 0.0190 -0.0624 0.9979
vn 0.0227 -0.0373 0.9990
vn 0.0287 -0.0473 0.9985
vn 0.0159 -0.0184 0.9997
vn 0.0004 0.9937 -0.1117
vn -0.0772 0.9970 -0.0113
vn 0.1557 0.9877 0.0152
vn 0.2061 0.8404 -0.5012
vn 0.0805 0.9559 -0.2824
vn 0.3111 0.9493 -0.0449
vn -0.1071 -0.2302 0.9672
vn -0.1717 -0.2018 0.9643
vn -0.2911 -0.3621 0.8855
vn 0.0313 0.1247 -0.9917
vn 0.1227 -0.0045 -0.9924
vn 0.0990 0.1016 -0.9899
vn 0.0106 0.1671 -0.9859
vn 0.0264 0.1282 -0.9914
vn 0.4328 0.2521 0.8655
vn 0.7563 0.4073 0.5120
vn 0.7563 0.4074 0.5120
vn 0.7369 0.4426 0.5110
vn 0.9147 0.3901 0.1058
vn 0.9290 0.3571 0.0968
vn 0.9570 0.2901 0.0050
vn 0.6833 0.4051 0.6074
vn 0.7142 0.2947 0.6349
vn 0.8316 0.2309 0.5051
vn 0.6751 0.4291 0.6001
vn -0.2466 0.0468 -0.9680
vn -0.3146 0.0483 -0.9480
vn -0.1583 0.0317 -0.9869
vn -0.2114 0.0341 -0.9768
vn -0.1883 0.0378 -0.9814
vn -0.1625 0.0295 -0.9863
vn -0.2194 0.0478 -0.9745
vn -0.4218 -0.0624 -0.9046
vn -0.2954 0.0501 -0.9541
vn -0.4220 0.1834 -0.8878
vn -0.2900 -0.3113 -0.9050
vn -0.1147 -0.5028 -0.8568
vn -0.0725 -0.4212 -0.9041
vn -0.8690 0.3270 -0.3715
vn -0.3112 -0.2109 -0.9266
vn -0.6440 0.3388 -0.6859
vn -0.5300 0.3262 -0.7828
vn -0.0628 0.3111 0.9483
vn -0.0393 0.1403 0.9893
vn -0.0168 0.2025 0.9791
vn 0.0629 0.3717 0.9262
vn -0.0119 0.6312 0.7755
vn -0.1790 0.4688 0.8650
vn -0.1578 0.6499 0.7435
vn -0.0000 -0.0377 -0.9993
vn 0.0868 -0.0436 -0.9953
vn 0.1063 -0.0464 -0.9933
vn -0.0000 -0.0417 -0.9991
vn 0.1033 -0.0609 -0.9928
vn 0.0842 -0.0924 -0.9921
vn 0.0282 -0.0434 -0.9987
vn 0.0399 -0.0292 -0.9988
vn 0.0946 -0.0273 -0.9951
vn 0.0118 -0.1464 -0.9891
vn -0.0193 -0.1324 -0.9910
vn -0.8779 0.4787 0.0082
vn -0.9007 0.2206 0.3742
vn -0.8015 0.4799 0.3567
vn -0.9939 0.1100 -0.0070
vn -0.7713 0.6350 -0.0429
vn -0.9689 0.2471 -0.0139
vn -0.8972 0.4292 -0.1044
vn -0.8817 0.4707 0.0342
vn -0.9765 0.2157 0.0033
vn -0.7370 0.6693 -0.0940
vn -0.6253 -0.5005 -0.5987
vn -0.5787 -0.4152 -0.7019
vn -0.6151 -0.6579 -0.4345
vn -0.7261 -0.4601 -0.5109
vn -0.8380 -0.3748 -0.3965
vn -0.7447 -0.3993 -0.5348
vn -0.5711 -0.8187 -0.0599
vn -0.7478 -0.6630 -0.0357
vn -0.8714 -0.4875 -0.0543
vn -0.6083 -0.2491 -0.7536
vn 0.0205 0.0363 0.9991
vn 0.0463 0.0337 0.9984
vn 0.0677 0.0344 0.9971
vn -0.0239 0.0362 0.9991
vn -0.0331 0.0262 0.9991
vn 0.0319 0.0898 0.9954
vn 0.0549 0.1064 0.9928
vn 0.0460 0.0943 0.9945
vn 0.0296 0.0821 0.9962
vn -0.0041 0.1128 0.9936
vn 0.0007 0.1060 0.9944
vn 0.0798 0.0919 0.9926
vn 0.0108 0.0298 0.9995
vn -0.0529 0.0347 0.9980
vn 0.0570 -0.2051 -0.9771
vn 0.0933 -0.1512 -0.9841
vn 0.0783 -0.1469 -0.9860
vn 0.0916 -0.2693 -0.9587
vn -0.0583 -0.4343 -0.8989
vn -0.0141 -0.1634 -0.9865
vn -0.0096 -0.1557 -0.9878
vn 0.0308 -0.4006 -0.9157
vn -0.7375 0.6172 0.2743
vn -0.7779 -0.3995 0.4850
vn -0.9573 -0.2474 0.1497
vn -0.0950 0.9017 0.4218
vn -0.1376 0.9902 0.0241
vn -0.0549 0.5969 0.8004
vn -0.5630 0.5149 0.6464
vn -0.0896 0.6792 0.7284
vn -0.2323 -0.0341 0.9720
vn -0.1555 -0.0312 0.9873
vn -0.2742 -0.0237 0.9614
vn -0.2898 -0.0631 0.9550
vn -0.1988 -0.0492 0.9788
vn -0.6303 -0.1132 0.7681
vn -0.1168 -0.0335 0.9926
vn 0.2838 0.9566 -0.0659
vn 0.2780 0.9589 0.0562
vn 0.3940 0.9171 -0.0601
vn 0.3024 0.7387 -0.6024
vn 0.2893 0.9569 -0.0248
vn 0.2798 0.9597 -0.0266
vn 0.2785 0.9589 0.0544
vn 0.2389 0.8200 -0.5201
vn 0.3613 0.9325 -0.0012
vn 0.3624 0.9316 0.0286
vn 0.3602 0.9319 0.0421
vn 0.0893 -0.0265 0.9957
vn 0.0303 -0.1453 0.9889
vn 0.0299 -0.0360 0.9989
vn 0.0356 -0.0207 0.9992
vn 0.0839 -0.0227 0.9962
vn -0.1470 0.4683 -0.8712
vn -0.0874 0.3496 -0.9328
vn -0.1564 0.7210 -0.6751
vn 0.0122 0.8334 -0.5525
vn -0.1743 0.4327 -0.8845
vn -0.0613 0.1841 -0.9810
vn -0.1547 0.4706 -0.8687
vn -0.2687 0.4666 -0.8427
vn -0.2216 0.4063 -0.8865
vn 0.0649 -0.6885 0.7224
vn 0.0364 -0.4249 0.9045
vn -0.0643 -0.7421 0.6671
vn -0.0560 -0.9739 0.2201
vn -0.0133 -0.9046 0.4260
vn 0.0059 -0.3432 0.9392
vn 0.1464 -0.5610 0.8148
vn 0.0076 0.0741 -0.9972
vn 0.0173 0.0192 -0.9997
vn 0.0183 0.0632 -0.9978
vn 0.0141 -0.0026 -0.9999
vn 0.0241 0.0814 -0.9964
vn 0.2859 -0.6102 0.7388
vn 0.2898 -0.8537 0.4326
vn 0.4002 -0.7792 0.4824
vn 0.4479 -0.5372 0.7147
vn -0.9789 0.1970 -0.0538
vn -0.9806 0.1582 -0.1157
vn -0.9812 0.1886 -0.0418
vn -0.9897 0.1422 -0.0148
vn -0.9879 0.1552 -0.0024
vn -0.9864 0.1607 -0.0360
vn -0.9615 0.2745 -0.0094
vn -0.9614 0.2747 0.0136
vn -0.9765 0.1570 -0.1474
vn -0.9912 0.1320 0.0065
vn -0.1029 -0.0037 -0.9947
vn -0.1750 -0.0029 -0.9846
vn -0.0696 -0.0879 -0.9937
vn -0.0719 -0.0379 -0.9967
vn -0.0695 0.0038 -0.9976
vn -0.1134 0.0323 -0.9930
vn -0.2393 0.1225 -0.9632
vn -0.2349 0.0914 -0.9677
vn 0.1214 0.9920 -0.0335
vn -0.0316 0.9843 0.1737
vn 0.0106 0.9978 0.0657
vn 0.3175 0.9379 0.1398
vn 0.3284 0.9441 0.0289
vn 0.2241 0.7182 0.6588
vn 0.3999 -0.4289 -0.8100
vn 0.4427 -0.0150 -0.8965
vn -0.2465 0.2790 0.9281
vn -0.3000 0.2377 0.9239
vn -0.3911 0.2096 0.8962
vn -0.1210 0.1660 0.9787
vn -0.1486 0.3234 0.9345
vn -0.2092 0.3950 0.8945
vn -0.2070 -0.1102 -0.9721
vn -0.3734 -0.2777 -0.8851
vn -0.2429 -0.0648 -0.9679
vn -0.2023 -0.0285 -0.9789
vn -0.1887 -0.0723 -0.9794
vn -0.1999 -0.1234 -0.9720
vn -0.2947 -0.1844 -0.9376
vn -0.0469 0.3040 0.9515
vn 0.3446 0.1811 0.9211
vn 0.1732 0.0937 0.9804
vn -0.3393 0.5839 0.7375
vn -0.0482 0.5799 0.8132
vn -0.1256 0.2917 0.9482
vn -0.0189 0.1633 0.9864
vn 0.1776 -0.9056 -0.3853
vn 0.1599 -0.8174 -0.5534
vn 0.2070 -0.8750 -0.4376
vn 0.1656 -0.7038 -0.6908
vn 0.2374 -0.9710 -0.0284
vn 0.1073 -0.4652 -0.8787
vn 0.2444 -0.9697 0.0006
vn 0.0989 -0.4905 -0.8658
vn -0.3013 0.2790 0.9118
vn -0.2316 0.1441 0.9621
vn -0.1926 0.2883 0.9380
vn -0.3242 0.4585 0.8275
vn -0.4297 0.2922 0.8544
vn -0.3901 0.1703 0.9049
vn -0.3085 0.4521 0.8369
vn -0.9366 -0.3434 0.0696
vn -0.9484 -0.2963 0.1126
vn -0.9070 -0.2903 0.3051
vn -0.2007 -0.7248 0.6590
vn 0.1456 0.3301 -0.9326
vn 0.1484 0.2756 -0.9497
vn 0.1792 0.4837 -0.8567
vn 0.2136 0.2594 -0.9419
vn 0.1560 0.1351 -0.9785
vn 0.5942 -0.4129 0.6903
vn 0.7561 -0.3809 0.5322
vn 0.5258 -0.5438 0.6541
vn 0.5924 -0.1948 0.7817
vn -0.1207 0.8926 -0.4344
vn -0.1152 0.9864 -0.1174
vn -0.0899 0.6027 -0.7929
vn -0.0740 -0.0978 0.9925
vn -0.1070 -0.0169 0.9941
vn -0.0840 0.0105 0.9964
vn -0.0281 0.0155 0.9995
vn -0.0605 0.0984 0.9933
vn -0.0637 0.0034 0.9980
vn -0.0366 -0.0430 0.9984
vn -0.0377 -0.0830 0.9958
vn -0.0393 -0.0819 0.9959
vn -0.0261 0.0117 0.9996
vn -0.0542 -0.0771 0.9956
vn -0.0417 -0.0124 0.9991
vn -0.0349 -0.1094 0.9934
vn -0.0346 -0.0089 0.9994
vn -0.0371 0.0505 0.9980
vn 0.2419 0.5072 -0.8272
vn 0.3884 0.5570 -0.7341
vn 0.2798 0.7718 -0.5710
vn 0.1886 0.7077 -0.6809
vn 0.3214 0.4834 -0.8143
vn 0.5802 0.5368 -0.6125
vn 0.1616 0.4813 -0.8615
vn 0.9491 0.3144 0.0211
vn 0.9547 0.2970 -0.0164
vn 0.9671 -0.2470 0.0608
vn 0.9729 -0.2303 0.0193
vn 0.9704 -0.2406 -0.0230
vn 0.8087 -0.0000 0.5882
vn 0.5142 0.0512 0.8562
vn 0.5905 0.0306 0.8065
vn 0.8772 -0.1078 0.4679
vn 0.9265 0.3687 -0.0754
vn -0.1147 0.0281 -0.9930
vn 0.3068 -0.9464 -0.1010
vn 0.3074 -0.9515 -0.0090
vn 0.1070 -0.8826 -0.4578
vn 0.0454 0.2302 0.9721
vn 0.0325 0.1350 0.9903
vn 0.0469 0.2216 0.9740
vn 0.0491 0.2295 0.9721
vn 0.0566 0.2735 0.9602
vn 0.0371 0.1770 0.9835
vn 0.0826 0.3989 0.9133
vn 0.0382 0.1673 0.9852
vn 0.0289 0.1256 0.9917
vn 0.0349 0.1474 0.9885
vn 0.0775 0.3855 0.9194
vn 0.0379 -0.0161 -0.9992
vn 0.0079 -0.0241 -0.9997
vn 0.0286 -0.0249 -0.9993
vn 0.0173 -0.0215 -0.9996
vn -0.0194 -0.0165 -0.9997
vn -0.0093 -0.0189 -0.9998
vn 0.0434 -0.0212 -0.9988
vn 0.0368 -0.0155 -0.9992
vn 0.0311 -0.0141 -0.9994
vn 0.0137 -0.0165 -0.9998
vn 0.0301 -0.0216 -0.9993
vn 0.1175 -0.0255 -0.9927
vn -0.8747 0.2783 0.3969
vn -0.7295 0.4546 0.5111
vn -0.8714 0.4853 0.0716
vn -0.6560 0.3090 0.6886
vn -0.9484 0.3165 -0.0188
vn -0.9263 -0.1065 0.3613
vn -0.9902 0.1395 0.0110
vn -0.6798 0.0831 0.7286
vn 0.0350 0.0204 0.9992
vn 0.0308 0.0274 0.9992
vn 0.0314 0.0226 0.9993
vn 0.0291 0.0419 0.9987
vn 0.0459 0.0232 0.9987
vn 0.0435 0.0146 0.9989
vn 0.0266 -0.0069 0.9996
vn 0.0228 0.0149 0.9996
vn 0.0223 0.0190 0.9996
vn 0.0258 0.0183 0.9995
vn 0.0232 -0.0036 0.9997
vn 0.0172 0.0183 0.9997
vn 0.8332 0.5348 0.1404
vn 0.8407 0.5415 0.0002
vn 0.8407 0.5415 -0.0000
vn 0.4256 0.2894 0.8574
vn 0.4232 0.2876 0.8592
vn 0.4251 0.2892 0.8577
vn 0.8175 0.5570 0.1462
vn 0.4435 0.3041 0.8431
vn 0.2542 0.3909 -0.8846
vn 0.1638 0.2503 -0.9542
vn 0.1482 0.2267 -0.9626
vn 0.3375 0.5179 -0.7860
vn 0.3445 0.5797 -0.7384
vn 0.4436 0.6919 -0.5697
vn 0.3464 0.5249 -0.7775
vn 0.4126 0.6232 -0.6643
vn 0.4530 0.7204 -0.5252
vn 0.3546 0.3979 0.8462
vn 0.4860 0.5791 0.6546
vn 0.2595 0.4280 0.8657
vn 0.2351 0.2680 0.9343
vn 0.1763 0.2233 0.9587
vn 0.2928 0.2812 0.9139
vn 0.1566 0.1375 0.9780
vn 0.6740 0.6669 0.3178
vn 0.4582 0.4783 0.7492
vn 0.1903 0.2928 0.9370
vn -0.2446 -0.4314 -0.8684
vn -0.3918 -0.7094 -0.5858
vn -0.4330 -0.8031 -0.4094
vn -0.3475 -0.4881 -0.8006
vn -0.3444 -0.4842 -0.8043
vn -0.3445 -0.4842 -0.8043
vn -0.8285 -0.5564 0.0630
vn -0.8051 -0.5468 0.2299
vn -0.7954 -0.5362 0.2826
vn -0.8230 -0.5671 -0.0324
vn -0.8272 -0.5600 0.0464
vn -0.8261 -0.5635 -0.0002
vn -0.8547 -0.5143 0.0710
vn -0.8554 -0.5163 0.0417
vn -0.8539 -0.5136 0.0843
vn -0.8495 -0.5175 0.1025
vn -0.0300 -0.0417 -0.9987
vn -0.0091 -0.0663 -0.9978
vn -0.0488 0.0109 -0.9987
vn -0.0048 -0.0337 -0.9994
vn 0.0096 -0.0672 -0.9977
vn -0.0200 -0.0626 -0.9978
vn -0.0407 -0.0466 -0.9981
vn -0.0343 -0.0034 -0.9994
vn 0.6422 -0.6343 0.4305
vn 0.3688 -0.3317 0.8683
vn 0.6421 -0.6343 0.4305
vn 0.4860 0.0109 0.8739
vn 0.4227 0.1585 0.8923
vn 0.5342 -0.7533 -0.3835
vn 0.5617 -0.7140 -0.4180
vn 0.4568 -0.7499 -0.4785
vn 0.3286 -0.6123 -0.7191
vn 0.3768 -0.7268 -0.5742
vn 0.5321 -0.8446 0.0595
vn 0.5081 -0.8112 0.2895
vn 0.6421 -0.7664 -0.0180
vn 0.7011 -0.7024 -0.1226
vn -0.0175 -0.0346 0.9992
vn 0.0237 -0.0417 0.9988
vn -0.0236 -0.0333 0.9992
vn -0.8927 -0.2084 0.3995
vn -0.7582 -0.1806 0.6265
vn -0.9806 -0.1700 0.0972
vn -0.9852 -0.1706 0.0142
vn -0.9852 -0.1706 0.0138
vn -0.8629 -0.1477 0.4833
vn -0.9576 -0.1615 0.2386
vn -0.6462 -0.1530 0.7476
vn 0.0414 0.1530 -0.9874
vn 0.0475 -0.0103 -0.9988
vn 0.0401 0.0570 -0.9976
vn 0.1520 0.1580 -0.9757
vn 0.1068 -0.0027 -0.9943
vn 0.0443 0.2147 -0.9757
vn 0.0646 0.2967 -0.9528
vn 0.0202 -0.0285 0.9994
vn -0.0084 -0.0669 0.9977
vn 0.0204 -0.0198 0.9996
vn 0.0494 -0.0029 0.9988
vn 0.0349 -0.0234 0.9991
vn 0.0346 -0.0543 0.9979
vn -0.6962 0.6962 -0.1750
vn -0.8264 0.5354 -0.1745
vn -0.7005 0.7006 -0.1359
vn -0.6593 0.6655 -0.3500
vn -0.5455 0.8374 -0.0337
vn -0.5837 0.6968 -0.4168
vn -0.6718 0.6628 -0.3307
vn -0.6459 0.6752 -0.3563
vn -0.9990 -0.0443 -0.0095
vn -0.9561 -0.2865 -0.0614
vn -0.9974 -0.0682 -0.0227
vn -0.9611 -0.2748 -0.0262
vn -0.9662 -0.2578 0.0097
vn -0.9662 -0.2578 0.0070
vn -0.9614 -0.2745 0.0170
vn 0.1176 0.1939 -0.9739
vn -0.0025 0.1262 -0.9920
vn 0.0264 0.3065 -0.9515
vn 0.0691 0.0867 -0.9938
vn 0.2389 0.3324 -0.9124
vn 0.1384 0.1150 -0.9837
vn 0.2349 -0.3465 0.9082
vn 0.1799 -0.2173 0.9594
vn 0.0951 -0.1020 0.9902
vn 0.1401 -0.2953 0.9451
vn 0.1077 -0.5155 0.8501
vn 0.2933 -0.5496 0.7822
vn 0.0194 -0.2383 0.9710
vn 0.3306 -0.5348 0.7777
vn 0.3812 -0.4789 0.7907
vn 0.0481 -0.1093 0.9928
vn -0.0126 0.0307 -0.9994
vn -0.0175 0.0289 -0.9994
vn 0.0171 0.0591 -0.9981
vn -0.0212 0.0275 -0.9994
vn 0.0089 0.0897 -0.9959
vn -0.0101 0.0518 -0.9986
vn -0.0317 0.0123 -0.9994
vn 0.0596 0.0910 -0.9941
vn -0.0564 -0.0066 -0.9984
vn -0.1089 -0.4938 -0.8627
vn -0.1964 -0.5136 -0.8353
vn -0.1467 -0.3198 -0.9361
vn -0.0281 -0.5404 -0.8409
vn 0.0163 -0.7780 -0.6281
vn -0.0583 -0.3067 -0.9500
vn -0.1238 -0.7365 -0.6650
vn 1.0000 -0.0000 0.0001
vn 0.9875 0.0509 0.1490
vn -0.4687 -0.6464 -0.6021
vn -0.3418 -0.4810 -0.8074
vn -0.1592 0.4610 0.8730
vn -0.3998 0.3100 0.8626
vn 0.0036 0.0270 0.9996
vn -0.0775 -0.0530 0.9956
vn 0.0034 0.0268 0.9996
vn 0.0944 0.1162 0.9887
vn 0.0718 0.5664 0.8210
vn -0.2917 -0.2593 0.9207
vn -0.5517 -0.5405 0.6352
vn -0.5519 -0.5406 0.6349
vn -0.4545 0.1674 0.8749
vn 0.4037 0.4256 0.8099
vn 0.7102 0.6884 0.1474
vn 0.7101 0.6885 0.1474
vn -0.9584 0.2815 -0.0466
vn -0.9268 0.3707 -0.0605
vn -0.9614 0.2748 -0.0117
vn -0.8396 0.1294 -0.5276
vn -0.9872 -0.1396 -0.0767
vn -0.9614 0.2749 -0.0138
vn -0.8839 0.4657 0.0427
vn -0.9615 0.2744 -0.0117
vn -0.0445 0.1273 0.9909
vn 0.0021 0.1118 0.9937
vn -0.0390 0.1093 0.9932
vn -0.0781 0.1358 0.9877
vn -0.0642 0.1173 0.9910
vn -0.0295 0.1556 0.9874
vn -0.0648 0.1204 0.9906
vn 0.0409 0.1421 0.9890
vn 0.2468 -0.1388 -0.9591
vn 0.5301 -0.1823 -0.8281
vn 0.6375 -0.1359 -0.7584
vn 0.1795 -0.0906 -0.9796
vn 0.2398 -0.0972 -0.9659
vn -0.3448 0.8484 0.4016
vn -0.1565 0.9859 -0.0590
vn -0.4579 0.7898 0.4081
vn -0.4847 0.8694 0.0964
vn -0.5108 0.7423 0.4336
vn -0.4190 0.6290 0.6549
vn -0.2356 0.9718 -0.0012
vn -0.3268 0.5521 0.7671
vn -0.2499 0.1661 0.9539
vn -0.1411 0.0910 0.9858
vn -0.2197 0.1556 0.9631
vn -0.2212 0.1083 0.9692
vn -0.3610 0.1941 0.9121
vn -0.2078 0.1344 0.9689
vn -0.2168 0.1504 0.9646
vn -0.3558 0.2320 0.9053
vn -0.1519 0.5769 -0.8026
vn -0.0331 0.5931 -0.8045
vn -0.0102 0.3509 -0.9364
vn -0.1591 0.5208 -0.8387
vn -0.2750 0.8011 -0.5316
vn -0.2580 0.8293 -0.4957
vn -0.0941 0.3755 -0.9220
vn -0.0289 -0.9700 0.2413
vn 0.1433 -0.8936 0.4254
vn -0.1182 -0.7352 0.6675
vn -0.2071 -0.8947 0.3958
vn 0.1800 -0.9517 0.2488
vn -0.9742 0.2185 0.0564
vn -0.6249 0.0204 -0.7804
vn -0.9993 0.0373 0.0096
vn -0.2962 -0.0399 -0.9543
vn -0.2240 0.0092 -0.9745
vn -0.8186 0.0288 -0.5736
vn -0.9158 -0.4010 -0.0212
vn -0.8242 -0.5543 0.1159
vn -0.9997 -0.0028 0.0227
vn -0.9642 -0.2451 -0.1008
vn -0.9759 -0.1926 -0.1021
vn -0.9087 -0.2336 0.3459
vn -0.8474 -0.5182 0.1158
vn 0.0459 0.0179 -0.9988
vn 0.0109 0.0148 -0.9998
vn -0.0060 0.0126 -0.9999
vn 0.0448 0.0223 -0.9987
vn 0.0430 0.0223 -0.9988
vn 0.0356 0.0162 -0.9992
vn 0.0378 -0.3071 0.9509
vn 0.0442 -0.3169 0.9474
vn 0.0294 -0.1972 0.9799
vn 0.0244 -0.4481 0.8936
vn 0.0625 -0.4331 0.8992
vn 0.0242 -0.5501 0.8347
vn 0.0458 -0.2125 0.9761
vn 0.0353 -0.2152 0.9759
vn 0.0208 -0.2631 0.9645
vn 0.0820 -0.5558 0.8273
vn 0.0590 -0.4109 0.9098
vn -0.9370 0.3464 -0.0459
vn -0.7480 0.5193 -0.4132
vn -0.5904 0.3372 -0.7333
vn 0.0129 -0.1172 -0.9930
vn 0.0248 -0.1686 -0.9854
vn -0.0070 -0.1997 -0.9798
vn 0.0931 -0.2183 -0.9714
vn -0.1322 -0.1141 -0.9846
vn 0.8992 -0.0869 0.4289
vn 0.9254 0.2924 0.2411
vn 0.6027 0.2898 0.7435
vn 0.5918 -0.7640 -0.2570
vn 0.4655 -0.8845 0.0314
vn 0.4331 -0.8896 0.1454
vn 0.4610 -0.8122 -0.3575
vn -0.0437 0.2050 0.9778
vn -0.0775 0.1561 0.9847
vn -0.1247 -0.9126 -0.3893
vn -0.1843 -0.9829 -0.0000
vn -0.1616 -0.8594 -0.4851
vn -0.1631 -0.8953 -0.4145
vn 0.3859 0.1462 0.9109
vn 0.5972 0.2340 0.7672
vn 0.3492 0.2687 0.8977
vn 0.2439 0.1045 0.9642
vn 0.5066 0.1700 0.8453
vn 0.2814 0.0930 0.9551
vn 0.3558 -0.1799 -0.9171
vn 0.6284 -0.4039 -0.6648
vn 0.4605 -0.0989 -0.8821
vn 0.5796 -0.1441 -0.8021
vn 0.2231 -0.1495 -0.9633
vn 0.2895 -0.1122 -0.9506
vn -0.1719 0.0352 0.9845
vn -0.1969 0.0369 0.9797
vn -0.1723 0.0600 0.9832
vn -0.0674 0.0644 0.9956
vn -0.0289 0.1001 0.9946
vn -0.0446 0.0260 0.9987
vn -0.0340 0.0292 0.9990
vn -0.0283 0.0304 0.9991
vn -0.0346 0.0314 0.9989
vn -0.0354 0.0407 0.9985
vn -0.5245 -0.4523 0.7213
vn -0.2728 -0.3532 0.8949
vn -0.4547 -0.3618 0.8139
vn -0.6474 -0.6168 0.4476
vn -0.4467 -0.7249 0.5244
vn 0.0531 -0.0444 -0.9976
vn 0.0922 -0.0167 -0.9956
vn 0.0237 -0.0314 -0.9992
vn 0.0266 -0.0951 -0.9951
vn 0.0293 -0.1053 -0.9940
vn 0.0290 -0.0550 -0.9981
vn 0.0290 -0.0491 -0.9984
vn 0.0529 0.0491 -0.9974
vn 0.0929 0.0211 -0.9955
vn 0.1075 -0.0393 -0.9934
vn 0.0467 -0.0287 -0.9985
vn 0.4115 -0.8409 0.3515
vn 0.0417 -0.8520 0.5219
vn 0.3837 -0.8455 0.3713
vn 0.9815 -0.1908 0.0160
vn -0.1920 -0.9743 0.1175
vn 0.9367 -0.3441 0.0645
vn -0.3443 -0.0838 -0.9351
vn -0.3233 -0.1632 -0.9321
vn -0.4121 0.0097 -0.9111
vn -0.6227 0.0929 -0.7769
vn -0.3728 0.1206 -0.9200
vn -0.7063 -0.0281 -0.7073
vn -0.1760 0.0308 -0.9839
vn -0.1326 -0.0466 -0.9901
vn -0.7836 -0.1561 -0.6013
vn -0.5126 -0.2280 -0.8278
vn -0.7947 -0.1926 -0.5756
vn -0.0612 -0.3179 0.9461
vn -0.0850 -0.4682 0.8796
vn -0.0511 -0.2674 0.9622
vn -0.0371 -0.1834 0.9823
vn -0.0767 -0.3015 0.9504
vn -0.0845 -0.3124 0.9462
vn -0.1457 -0.5701 0.8086
vn -0.1260 -0.5223 0.8434
vn -0.0506 -0.1777 0.9828
vn -0.0425 -0.1297 0.9906
vn -0.1008 -0.5895 0.8015
vn 0.9921 0.1252 -0.0027
vn 0.9908 0.1351 -0.0055
vn 0.9740 0.1239 -0.1896
vn 0.9869 0.1613 -0.0000
vn 0.9867 0.1625 -0.0101
vn 0.9860 0.1612 0.0425
vn 0.9913 0.1140 -0.0663
vn 0.9907 0.1236 0.0561
vn 0.9388 0.1588 -0.3056
vn 0.9918 0.1138 0.0580
vn 0.4003 -0.8981 0.1819
vn 0.2302 -0.9636 0.1359
vn 0.4505 -0.8495 0.2745
vn 0.1864 -0.9542 0.2340
vn 0.1316 -0.9909 0.0273
vn 0.3879 -0.7266 0.5671
vn 0.2712 -0.7042 0.6562
vn -0.0229 0.0916 -0.9955
vn -0.0558 0.0903 -0.9943
vn -0.0732 0.0251 -0.9970
vn -0.0224 0.0603 -0.9979
vn -0.0483 0.0207 -0.9986
vn -0.0296 0.0353 -0.9989
vn -0.0197 0.0968 -0.9951
vn -0.0220 0.1052 -0.9942
vn -0.0262 0.1387 -0.9900
vn -0.0238 0.0354 -0.9991
vn -0.0129 0.0247 -0.9996
vn -0.1982 -0.0632 -0.9781
vn -0.2890 -0.0779 -0.9541
vn -0.1485 -0.0196 -0.9887
vn -0.2512 -0.0387 -0.9672
vn -0.3581 -0.0922 -0.9291
vn -0.1115 -0.0240 -0.9935
vn -0.1137 -0.0168 -0.9934
vn -0.1138 -0.0165 -0.9934
vn 0.3518 0.2442 0.9036
vn 0.4585 0.2925 0.8392
vn 0.7569 0.2141 0.6174
vn 0.1305 -0.1368 -0.9820
vn 0.1136 -0.4258 -0.8977
vn 0.0478 -0.1365 -0.9895
vn 0.5274 0.8496 -0.0000
vn 0.5234 0.8520 -0.0137
vn 0.5235 0.8492 -0.0690
vn 0.5022 0.8254 0.2578
vn 0.3117 0.9151 0.2557
vn 0.2923 0.9123 0.2868
vn 0.2807 0.8843 0.3732
vn 0.2034 0.9219 0.3298
vn 0.3827 0.9238 0.0094
vn 0.4184 0.9081 -0.0183
vn -0.0781 -0.2077 -0.9751
vn -0.1367 -0.2614 -0.9555
vn -0.0596 -0.1215 -0.9908
vn -0.1372 -0.3491 -0.9270
vn -0.0347 -0.1329 -0.9905
vn -0.0686 -0.2320 -0.9703
vn 0.7900 -0.3107 0.5285
vn 0.8987 -0.4179 0.1327
vn 0.8291 -0.5540 0.0757
vn 0.2791 0.8032 0.5264
vn 0.6789 -0.4625 0.5703
vn 0.7394 -0.5335 0.4108
vn 0.6217 -0.4389 0.6487
vn 0.6199 -0.4067 0.6711
vn 0.6705 -0.7347 -0.1033
vn 0.5131 -0.8518 -0.1057
vn 0.8478 -0.3688 -0.3810
vn 0.6592 -0.7504 -0.0487
vn 0.9190 -0.3937 -0.0219
vn -0.2195 0.1039 0.9701
vn -0.3486 0.1394 0.9268
vn -0.1068 0.0388 0.9935
vn -0.3028 0.0696 0.9505
vn -0.0866 0.0399 0.9954
vn -0.1026 0.1135 0.9882
vn -0.0138 -0.0993 0.9950
vn -0.0152 -0.0981 0.9951
vn -0.0144 -0.1337 0.9909
vn -0.0093 -0.0693 0.9976
vn -0.0108 -0.1373 0.9905
vn -0.0239 -0.0865 0.9960
vn -0.0228 -0.0622 0.9978
vn -0.0145 -0.0822 0.9965
vn -0.0194 -0.0778 0.9968
vn 0.0521 0.9940 -0.0961
vn 0.2014 0.7415 -0.6400
vn 0.1304 0.5348 -0.8348
vn 0.1536 -0.0293 0.9877
vn 0.1953 -0.0371 0.9800
vn 0.0807 -0.0263 0.9964
vn 0.0816 -0.0213 0.9964
vn 0.1590 -0.0255 0.9869
vn 0.2126 -0.0356 0.9765
vn 0.2105 -0.0340 0.9770
vn -0.7239 0.6842 -0.0886
vn -0.4838 0.7298 -0.4830
vn -0.8211 0.5703 -0.0242
vn -0.4288 0.9034 -0.0059
vn -0.4307 0.9007 0.0567
vn -0.4383 0.8982 -0.0323
vn -0.7717 0.6334 0.0572
vn -0.4428 0.8680 -0.2247
vn -0.4232 0.7037 -0.5707
vn -0.3681 0.9298 0.0021
vn -0.4895 0.8679 0.0845
vn -0.3747 0.9245 0.0699
vn -0.4600 -0.1438 -0.8762
vn -0.3972 -0.2408 -0.8856
vn -0.2402 -0.0350 -0.9701
vn -0.3366 -0.1784 -0.9246
vn -0.9301 -0.0941 -0.3551
vn 0.1293 0.5676 0.8131
vn 0.1782 0.4114 0.8939
vn 0.2334 0.7421 0.6283
vn 0.3424 0.7341 0.5864
vn 0.1501 0.7632 0.6284
vn 0.0247 0.6210 0.7834
vn 0.3284 0.6305 0.7033
vn -0.6927 -0.6983 -0.1806
vn -0.6927 -0.6982 -0.1808
vn -0.3742 -0.4114 -0.8311
vn -0.0000 -0.5595 -0.8288
vn 0.1613 -0.4838 -0.8602
vn -0.0056 0.0289 0.9996
vn -0.0620 -0.0252 0.9978
vn -0.4318 -0.8803 0.1962
vn -0.4489 -0.8935 0.0120
vn -0.6480 -0.7617 0.0016
vn -0.2562 -0.9391 0.2292
vn 0.1409 0.0375 -0.9893
vn -0.0687 -0.1735 0.9824
vn -0.0229 -0.1288 0.9914
vn -0.0366 -0.1694 0.9849
vn -0.0577 -0.1300 0.9898
vn -0.0896 -0.1501 0.9846
vn -0.0458 -0.0972 0.9942
vn -0.0383 -0.0930 0.9949
vn 0.0008 -0.0882 0.9961
vn -0.0499 -0.2238 0.9734
vn -0.0509 -0.0960 0.9941
vn -0.1621 -0.2077 0.9647
vn -0.0971 0.0728 -0.9926
vn -0.1027 0.0704 -0.9922
vn -0.0696 0.1228 -0.9900
vn -0.0162 0.0897 -0.9958
vn -0.0857 0.0642 -0.9943
vn -0.0103 0.0961 -0.9953
vn -0.0596 0.1423 -0.9880
vn -0.0632 -0.1761 0.9823
vn -0.0513 -0.0626 0.9967
vn -0.0684 -0.1257 0.9897
vn -0.0511 -0.1954 0.9794
vn 0.0583 -0.1459 0.9876
vn 0.0028 -0.0656 0.9978
vn -0.0842 -0.2610 0.9617
vn -0.0645 -0.3070 0.9495
vn 0.7651 -0.5736 -0.2925
vn 0.7381 -0.4430 -0.5089
vn 0.5803 0.2035 -0.7886
vn 0.6533 -0.3968 -0.6448
vn 0.6368 -0.4838 -0.6003
vn 0.5527 0.4678 -0.6897
vn 0.9146 -0.3982 0.0699
vn 0.9825 -0.0808 0.1681
vn -0.0144 0.0708 -0.9974
vn -0.0545 0.0976 -0.9937
vn -0.0241 0.2302 -0.9728
vn 0.5624 -0.8268 -0.0112
vn 0.4835 -0.7274 -0.4869
vn 0.5617 -0.8219 0.0944
vn 0.2317 -0.8767 -0.4216
vn 0.5534 -0.8109 0.1902
vn 0.0615 0.0278 0.9977
vn 0.0800 0.0436 0.9958
vn 0.0423 0.0301 0.9987
vn 0.1011 0.0571 0.9932
vn 0.1010 0.1165 0.9880
vn 0.0676 -0.0000 0.9977
vn 0.0623 -0.0000 0.9981
vn 0.0970 -0.0488 0.9941
vn 0.1838 -0.0350 0.9823
vn 0.1928 -0.5169 -0.8341
vn 0.1369 -0.5211 -0.8424
vn 0.2817 -0.6699 -0.6869
vn 0.2764 -0.6359 -0.7206
vn 0.0920 -0.7641 -0.6385
vn 0.1373 -0.5335 -0.8346
vn 0.1172 -0.5961 -0.7943
vn 0.2679 -0.4426 -0.8558
vn -0.5497 0.0905 0.8304
vn -0.6501 -0.2082 0.7307
vn -0.3826 0.3890 0.8380
vn -0.4929 -0.6578 -0.5694
vn -0.5986 -0.7975 -0.0753
vn -0.4925 -0.6567 -0.5711
vn -0.4720 -0.6984 -0.5380
vn -0.5985 -0.7992 -0.0562
vn -0.5005 -0.5949 -0.6290
vn -0.4256 -0.5525 -0.7167
vn -0.0246 0.0522 0.9983
vn -0.1151 0.1413 0.9833
vn 0.0493 -0.0209 0.9986
vn 0.1201 0.0794 -0.9896
vn 0.0897 0.0580 -0.9943
vn 0.0591 0.0345 -0.9977
vn 0.0932 0.0360 -0.9950
vn 0.0599 0.0179 -0.9980
vn 0.0659 0.0126 -0.9977
vn 0.1328 0.0810 -0.9878
vn 0.1533 0.0961 -0.9835
vn 0.1517 0.0910 -0.9842
vn 0.2493 0.3748 0.8930
vn 0.5671 0.8235 0.0168
vn 0.5133 0.7408 0.4332
vn 0.5344 0.8423 0.0700
vn 0.7137 -0.6959 -0.0794
vn 0.3886 -0.4206 0.8199
vn 0.7137 -0.6959 -0.0793
vn 0.0539 -0.0814 0.9952
vn -0.0317 0.0039 0.9995
vn -0.0318 0.0040 0.9995
vn 0.7988 0.5986 0.0602
vn 0.7896 0.5900 0.1686
vn 0.7777 0.6256 -0.0613
vn 0.6170 0.4409 -0.6518
vn 0.5094 0.5224 -0.6838
vn 0.8998 0.4348 0.0365
vn 0.6252 0.7786 -0.0543
vn 0.5925 0.6417 -0.4870
vn 0.6206 0.7802 0.0785
vn 0.7988 0.5986 0.0603
vn -0.5698 -0.8114 0.1303
vn -0.5761 -0.8161 0.0465
vn -0.5761 -0.8161 0.0463
vn -0.4646 -0.6751 0.5731
vn -0.3381 -0.4840 0.8071
vn -0.5653 -0.8010 0.1971
vn -0.2410 -0.3425 0.9081
vn -0.3979 -0.7330 0.5517
vn -0.4874 -0.8727 0.0298
vn -0.4440 -0.8074 0.3886
vn -0.3113 -0.5690 0.7611
vn -0.2806 -0.5056 0.8159
vn -0.3400 -0.2113 -0.9164
vn -0.6212 -0.4120 -0.6666
vn -0.1691 -0.0945 -0.9811
vn -0.1582 -0.0983 -0.9825
vn -0.5069 -0.2910 -0.8114
vn -0.1804 -0.0907 -0.9794
vn -0.6345 -0.4133 -0.6532
vn -0.3201 -0.1746 -0.9312
vn -0.1422 -0.8943 0.4242
vn -0.1587 -0.9869 0.0284
vn -0.1566 -0.9841 0.0838
vn -0.1374 -0.8511 0.5067
vn -0.2303 -0.8706 0.4347
vn -0.2581 -0.9324 0.2529
vn -0.2643 -0.9621 0.0664
vn 0.2786 0.0583 -0.9586
vn 0.3471 0.0733 -0.9350
vn 0.1878 0.0437 -0.9812
vn 0.3666 0.1454 -0.9189
vn 0.5959 0.2009 -0.7775
vn 0.6696 0.1767 -0.7214
vn 0.1468 0.0380 -0.9884
vn 0.2131 0.1187 -0.9698
vn 0.5825 0.1215 -0.8037
vn 0.0924 -0.0779 0.9927
vn 0.3618 -0.4180 0.8333
vn 0.2137 -0.1041 0.9713
vn -0.0435 0.0133 -0.9990
vn -0.0357 0.0157 -0.9992
vn -0.0363 0.0231 -0.9991
vn 0.0059 -0.0299 -0.9995
vn -0.0028 -0.0327 -0.9995
vn 0.0301 -0.0677 -0.9973
vn 0.0230 -0.1038 -0.9943
vn 0.0703 -0.1322 -0.9887
vn 0.0839 -0.1520 -0.9848
vn 0.0850 -0.1490 -0.9852
vn 0.8635 -0.5043 -0.0010
vn 0.8309 -0.4732 0.2926
vn -0.1319 0.0046 -0.9913
vn -0.1128 -0.0538 -0.9922
vn -0.1134 -0.1540 -0.9816
vn -0.1404 0.0308 -0.9896
vn -0.5899 0.6084 0.5309
vn -0.3883 0.5683 0.7254
vn -0.2830 0.3046 0.9095
vn -0.4850 0.3970 0.7792
vn -0.4173 0.2723 0.8670
vn -0.5616 0.3746 0.7377
vn -0.6802 0.5183 0.5184
vn -0.9860 -0.0439 0.1607
vn -0.1139 0.9333 -0.3405
vn -0.0344 0.6175 -0.7859
vn -0.0207 0.5809 -0.8137
vn -0.3790 -0.4171 0.8260
vn -0.7091 -0.7040 0.0406
vn -0.7089 -0.7041 0.0404
vn 0.3022 -0.2891 0.9084
vn 0.4417 -0.1258 0.8883
vn 0.4653 0.0277 0.8847
vn 0.0536 0.0262 0.9982
vn 0.0664 0.0392 0.9970
vn 0.3316 0.3043 0.8930
vn 0.5392 0.5374 0.6485
vn 0.5392 0.5375 0.6484
vn 0.1909 -0.4548 0.8699
vn -0.0305 -0.5817 0.8128
vn 0.0448 0.0174 0.9988
vn -0.3193 -0.1393 -0.9373
vn 0.8107 0.5833 0.0510
vn 0.8033 0.5940 0.0431
vn 0.7190 0.6870 0.1056
vn 0.9219 0.3860 -0.0344
vn 0.7132 0.7008 0.0159
vn 0.9659 0.2367 0.1050
vn -0.0075 -0.0830 -0.9965
vn 0.0251 -0.0606 -0.9978
vn 0.0135 -0.0416 -0.9990
vn 0.0441 -0.1085 -0.9931
vn 0.0386 -0.0905 -0.9951
vn -0.0901 -0.1312 -0.9873
vn -0.1160 -0.1363 -0.9839
vn -0.0898 -0.1401 -0.9861
vn 0.0131 -0.1298 -0.9915
vn -0.0098 -0.0562 -0.9984
vn -0.0351 -0.0841 -0.9958
vn -0.0912 0.1314 0.9871
vn -0.2007 0.2245 0.9536
vn -0.1469 0.1348 0.9799
vn -0.0907 0.1073 0.9901
vn -0.0068 0.0533 0.9986
vn 0.0260 0.0156 0.9995
vn 0.5558 -0.2650 -0.7880
vn -0.0641 0.9976 -0.0271
vn 0.0183 -0.1236 0.9922
vn 0.0025 -0.0564 0.9984
vn 0.0057 -0.0469 0.9989
vn 0.0188 -0.0594 0.9981
vn -0.0117 -0.0316 0.9994
vn 0.0594 -0.1133 0.9918
vn 0.9067 -0.4201 -0.0377
vn 0.7568 -0.4325 -0.4901
vn 0.9560 -0.2741 -0.1044
vn 0.9956 0.0736 0.0575
vn 0.9784 -0.1863 0.0894
vn 0.9996 0.0009 0.0297
vn 0.9775 -0.2055 0.0481
vn 0.8969 -0.4133 -0.1574
vn 0.9530 -0.2946 0.0702
vn 0.0219 -0.4446 0.8955
vn 0.2079 -0.9451 0.2521
vn 0.1631 -0.6265 0.7621
vn -0.9829 0.0436 -0.1791
vn -0.3287 -0.6781 0.6574
vn -0.2949 -0.8831 0.3650
vn -0.0195 -0.4040 0.9145
vn -0.4068 -0.8325 0.3760
vn -0.1801 -0.3312 0.9262
vn 0.0186 -0.0296 -0.9994
vn 0.0256 -0.0097 -0.9996
vn 0.0076 -0.0355 -0.9993
vn 0.0239 0.0293 -0.9993
vn 0.8664 0.4987 -0.0243
vn 0.8782 0.4745 -0.0607
vn 0.8385 0.5405 -0.0685
vn 0.8403 0.5415 -0.0260
vn 0.1340 0.1421 -0.9807
vn 0.0717 0.1104 -0.9913
vn 0.1219 0.1829 -0.9755
vn 0.0628 0.1328 -0.9892
vn 0.3005 0.3567 -0.8846
vn 0.3194 0.4064 -0.8560
vn 0.2726 0.3378 -0.9009
vn -0.0371 -0.0185 -0.9991
vn -0.0286 -0.0291 -0.9992
vn -0.0201 -0.0349 -0.9992
vn -0.0588 -0.0186 -0.9981
vn -0.0216 -0.0335 -0.9992
vn -0.3810 -0.8762 -0.2952
vn -0.5445 -0.3863 0.7445
vn -0.5966 -0.4175 0.6854
vn -0.0954 -0.4496 -0.8881
vn -0.1152 -0.5917 -0.7979
vn -0.0850 -0.3738 -0.9236
vn -0.0902 -0.4178 -0.9040
vn -0.0695 -0.4325 -0.8989
vn -0.1229 -0.7712 -0.6246
vn -0.0855 -0.5276 -0.8452
vn -0.0586 -0.3420 -0.9379
vn -0.0452 -0.2454 -0.9684
vn 0.8598 0.1779 0.4786
vn 0.9796 0.2010 0.0068
vn 0.9255 0.1927 0.3262
vn 0.9297 0.1448 0.3387
vn 0.8767 0.1340 0.4621
vn 0.6073 0.1278 0.7841
vn 0.7149 0.1093 0.6906
vn 0.5339 0.1174 0.8374
vn 0.9865 0.1628 0.0194
vn 0.5304 -0.8447 -0.0720
vn 0.7051 -0.7058 -0.0681
vn 0.4469 -0.8935 -0.0442
vn 0.4006 -0.9138 -0.0666
vn -0.0356 0.0226 0.9991
vn -0.0291 0.0237 0.9993
vn -0.0324 0.0115 0.9994
vn -0.0364 0.0024 0.9993
vn -0.0172 0.0289 0.9994
vn 0.4847 -0.8670 -0.1156
vn 0.4847 -0.8670 -0.1158
vn 0.3941 -0.7116 -0.5816
vn 0.5669 -0.8212 0.0657
vn 0.4961 -0.8682 -0.0000
vn 0.4960 -0.8681 0.0202
vn 0.4883 -0.8723 -0.0241
vn 0.0773 -0.0190 -0.9968
vn 0.0129 0.0218 -0.9997
vn 0.0334 0.0122 -0.9994
vn 0.0985 -0.0317 -0.9946
vn 0.1378 -0.0604 -0.9886
vn 0.0524 -0.0114 -0.9986
vn -0.0032 0.0453 -0.9990
vn 0.1388 -0.0851 -0.9867
vn 0.0776 -0.0343 -0.9964
vn 0.1673 -0.0813 -0.9825
vn -0.3879 0.5547 -0.7361
vn -0.7739 0.5623 -0.2914
vn -0.3697 -0.0420 -0.9282
vn -0.4755 0.0016 -0.8797
vn -0.6896 0.0302 -0.7235
vn -0.2624 -0.0144 -0.9648
vn 0.4073 0.3550 0.8415
vn 0.3067 0.8766 0.3708
vn -0.2462 0.9678 0.0516
vn 0.8641 0.4977 0.0748
vn 0.8042 0.1251 0.5810
vn 0.6360 0.0952 0.7658
vn -0.3709 0.6487 0.6645
vn -0.4021 0.9067 0.1271
vn 0.9648 0.2154 0.1508
vn 0.0314 -0.1311 -0.9909
vn 0.0292 -0.0932 -0.9952
vn 0.0387 -0.1692 -0.9848
vn 0.0282 -0.0824 -0.9962
vn 0.0340 -0.1258 -0.9915
vn 0.0375 -0.1461 -0.9886
vn 0.0448 -0.2031 -0.9781
vn 0.0307 -0.1065 -0.9938
vn -0.3728 0.4028 0.8359
vn -0.5784 0.4920 0.6507
vn -0.0683 -0.0299 0.9972
vn -0.0505 -0.1345 0.9896
vn -0.1847 -0.0171 0.9826
vn -0.1119 -0.0159 0.9936
vn 0.5018 0.2778 -0.8192
vn 0.5919 0.3638 -0.7193
vn 0.6119 0.2620 -0.7463
vn 0.2601 0.0345 -0.9650
vn 0.7158 0.4335 -0.5474
vn 0.5192 -0.1311 0.8446
vn 0.5598 -0.2199 0.7989
vn -0.0172 -0.2733 0.9618
vn -0.0237 -0.2232 0.9745
vn -0.0598 -0.2854 0.9565
vn -0.0508 -0.2552 0.9655
vn -0.0572 -0.2933 0.9543
vn -0.1008 -0.5109 0.8537
vn -0.0453 -0.2229 0.9738
vn -0.0436 -0.2188 0.9748
vn -0.0453 -0.5407 0.8400
vn 0.8408 0.2973 -0.4523
vn 0.7635 0.4777 -0.4346
vn 0.9399 0.3390 -0.0408
vn 0.8719 0.3010 -0.3863
vn 0.5762 0.2061 -0.7909
vn 0.8271 0.1749 -0.5341
vn 0.8515 0.5238 -0.0250
vn -0.0484 0.0177 -0.9987
vn 0.0050 0.0153 -0.9999
vn 0.0055 0.0193 -0.9998
vn -0.0218 0.0154 -0.9996
vn 0.0345 0.0266 -0.9990
vn -0.0244 0.0167 -0.9996
vn -0.5699 -0.7252 -0.3863
vn -0.3775 -0.5038 -0.7770
vn -0.4956 -0.8597 -0.1239
vn -0.2533 -0.7331 -0.6312
vn -0.4474 -0.8570 -0.2557
vn -0.4877 -0.8383 -0.2440
vn 0.0271 -0.2017 -0.9791
vn 0.1254 -0.1028 -0.9868
vn 0.3229 -0.3289 -0.8874
vn 0.2649 -0.1106 -0.9579
vn -0.0891 -0.2971 -0.9507
vn -0.1209 -0.4645 -0.8773
vn -0.9645 -0.2577 -0.0583
vn -0.9649 -0.2576 -0.0511
vn -0.9573 -0.2682 -0.1082
vn -0.9780 -0.2084 -0.0000
vn -0.9950 -0.0072 -0.0993
vn -0.8447 -0.2789 0.4569
vn -0.9568 -0.2858 0.0526
vn -0.9535 -0.3013 0.0052
vn -0.6416 0.3696 -0.6721
vn 0.3537 0.0533 0.9338
vn 0.3990 0.0602 0.9150
vn 0.2625 0.0370 0.9642
vn 0.3635 0.0459 0.9305
vn 0.2773 0.0389 0.9600
vn 0.6459 0.1013 0.7567
vn 0.2305 0.0280 0.9727
vn 0.6036 0.0716 0.7941
vn 0.2044 -0.4891 -0.8479
vn 0.2348 -0.6192 -0.7493
vn 0.2257 -0.4648 -0.8562
vn 0.1338 -0.4802 -0.8669
vn -0.0222 0.1124 0.9934
vn -0.0189 0.0926 0.9955
vn -0.0163 0.0789 0.9967
vn -0.0112 0.2041 0.9789
vn -0.0159 0.1705 0.9852
vn -0.0186 0.0438 0.9989
vn -0.0201 0.0180 0.9996
vn -0.0227 0.0413 0.9989
vn -0.0123 0.0148 0.9998
vn -0.4796 -0.0122 0.8774
vn -0.3633 -0.4707 0.8040
vn 0.8455 0.2272 -0.4832
vn 0.4303 0.2224 -0.8749
vn 0.7346 0.3971 -0.5502
vn 0.7318 0.0627 -0.6786
vn 0.0707 -0.8594 0.5063
vn 0.0725 -0.9967 -0.0364
vn 0.1169 -0.9915 0.0576
vn -0.0223 0.1050 -0.9942
vn -0.0072 0.0828 -0.9965
vn 0.0167 0.3326 -0.9429
vn -0.0280 0.3045 -0.9521
vn -0.1007 0.2707 -0.9574
vn -0.5235 -0.8513 0.0346
vn -0.4471 -0.8934 -0.0437
vn -0.4472 -0.8944 -0.0000
vn -0.5979 -0.8012 0.0246
vn -0.5997 -0.8000 0.0203
vn -0.2353 -0.9691 0.0743
vn -0.4485 -0.8893 -0.0889
vn -0.2460 -0.9683 -0.0423
vn 0.1538 -0.0463 -0.9870
vn 0.1885 -0.0329 -0.9815
vn 0.2190 -0.8227 0.5245
vn 0.2471 -0.9227 0.2959
vn -0.9759 0.1611 -0.1472
vn -0.8218 0.1676 -0.5445
vn -0.8394 0.1386 -0.5256
vn -0.8034 0.1955 -0.5623
vn -0.9857 0.1629 -0.0441
vn -0.1055 -0.0956 -0.9898
vn -0.0525 -0.1915 -0.9801
vn -0.0593 -0.1741 -0.9829
vn -0.0000 1.0000 -0.0000
vn -0.2115 0.8382 0.5028
vn 0.9837 -0.1722 -0.0519
vn 0.9369 -0.1634 -0.3091
vn 0.8743 -0.1516 -0.4611
vn 0.9847 -0.1642 -0.0577
vn 0.9578 -0.1601 -0.2387
vn 0.9863 -0.1644 -0.0157
vn 0.9843 -0.1709 -0.0431
vn 0.9846 -0.1742 -0.0115
vn 0.9848 -0.1734 0.0098
vn -0.5800 0.4665 0.6678
vn -0.5240 0.1943 0.8292
vn -0.4438 0.5553 0.7034
vn -0.8050 -0.5904 -0.0584
vn -0.7904 -0.5996 0.1254
vn 0.0163 0.0254 0.9995
vn 0.0294 0.0479 0.9984
vn 0.0213 0.0422 0.9989
vn 0.5509 0.3833 -0.7414
vn 0.4917 0.3408 -0.8013
vn 0.6710 0.4378 -0.5984
vn 0.7163 0.4951 -0.4917
vn 0.6600 0.4466 -0.6042
vn 0.1782 0.3004 0.9370
vn 0.2574 0.4329 0.8639
vn 0.1336 0.2251 0.9651
vn 0.4383 0.7277 0.5275
vn 0.1225 0.2065 0.9708
vn 0.0974 0.1509 0.9837
vn -0.1509 0.1234 0.9808
vn -0.4673 0.4601 0.7550
vn -0.4672 0.4601 0.7550
vn -0.2654 0.2365 0.9347
vn 0.5807 0.7004 -0.4150
vn 0.4313 0.5799 -0.6912
vn 0.3714 0.9285 -0.0000
vn -0.5983 -0.7982 0.0698
vn -0.5851 -0.8106 0.0243
vn -0.6001 -0.7999 -0.0081
vn -0.4456 -0.5705 0.6900
vn -0.5411 -0.7701 0.3379
vn -0.5769 -0.8163 0.0281
vn -0.5847 -0.8113 -0.0000
vn -0.5847 -0.8112 0.0087
vn -0.5847 -0.8112 0.0085
vn -0.1082 -0.0120 -0.9941
vn -0.1133 -0.0528 -0.9922
vn -0.7353 0.4703 0.4880
vn -0.7277 0.4748 0.4950
vn -0.8354 0.5486 0.0334
vn -0.7619 0.4844 0.4300
vn -0.7859 0.4643 0.4085
vn -0.8428 0.5361 0.0479
vn -0.8440 0.5342 0.0481
vn -0.0334 0.0689 -0.9971
vn -0.1055 0.1770 -0.9785
vn -0.1043 0.1799 -0.9782
vn -0.1053 0.1773 -0.9785
vn -0.0249 0.0454 -0.9987
vn -0.1066 0.1744 -0.9789
vn -0.0665 0.1305 -0.9892
vn -0.0545 0.1481 -0.9875
vn -0.0434 0.1207 -0.9917
vn -0.0547 0.0885 -0.9946
vn 0.4052 -0.5959 0.6933
vn 0.5146 -0.8575 -0.0000
vn 0.4465 -0.5081 0.7365
vn -0.0160 0.0102 -0.9998
vn -0.6090 -0.0978 -0.7871
vn -0.7475 -0.1112 -0.6549
vn -0.5428 -0.0895 -0.8351
vn -0.4827 -0.0867 -0.8715
vn -0.9067 -0.1329 -0.4002
vn -0.7516 -0.1305 -0.6466
vn -0.8432 -0.1418 -0.5185
vn -0.4820 -0.0837 -0.8722
vn 0.1310 0.7374 0.6626
vn 0.1263 0.6157 0.7778
vn 0.1045 0.5143 0.8512
vn 0.1579 0.7688 0.6197
vn 0.0981 0.4981 0.8616
vn 0.1371 0.7657 0.6284
vn 0.1526 0.9076 0.3910
vn 0.1591 0.9156 0.3693
vn 0.0276 -0.0181 -0.9995
vn 0.0282 -0.0243 -0.9993
vn 0.0333 -0.0155 -0.9993
vn 0.0235 -0.0063 -0.9997
vn 0.0262 -0.0258 -0.9993
vn 0.0256 -0.0259 -0.9993
vn 0.0219 -0.0266 -0.9994
vn -0.2479 0.4328 0.8667
vn -0.0528 -0.2088 -0.9765
vn -0.0803 -0.3345 -0.9390
vn -0.2018 -0.4184 -0.8856
vn 0.7747 0.6319 0.0229
vn 0.7278 0.6858 -0.0018
vn 0.7066 0.7046 0.0652
vn 0.7354 0.6019 0.3113
vn 0.7443 0.6595 0.1046
vn 0.9060 0.3540 0.2321
vn 0.9338 0.3578 0.0088
vn 0.0469 0.0874 0.9951
vn -0.0394 0.0265 0.9989
vn -0.0412 0.0260 0.9988
vn -0.1050 -0.7984 0.5929
vn 0.7634 -0.0857 -0.6402
vn 0.6699 -0.0046 -0.7424
vn 0.1812 0.0307 -0.9830
vn 0.1956 -0.0505 -0.9794
vn 0.0011 -0.0420 0.9991
vn 0.0123 -0.0198 0.9997
vn 0.0038 -0.0274 0.9996
vn -0.0046 -0.0610 0.9981
vn -0.0588 -0.0975 0.9935
vn 0.0421 -0.0294 0.9987
vn 0.0358 -0.0093 0.9993
vn 0.0520 0.0036 0.9986
vn -0.0263 -0.0789 0.9965
vn -0.0613 -0.1313 0.9894
vn 0.0076 0.0494 -0.9987
vn -0.0024 0.0531 -0.9986
vn 0.0030 0.0459 -0.9989
vn -0.3204 -0.3496 0.8804
vn -0.4508 -0.2186 0.8655
vn -0.2393 -0.4517 0.8595
vn -0.4572 -0.1417 0.8780
vn 0.0100 -0.5968 0.8024
vn 0.5313 -0.3715 -0.7613
vn 0.5346 -0.3623 -0.7635
vn 0.8873 -0.1743 0.4269
vn 0.4927 -0.0822 0.8663
vn 0.5973 -0.3277 0.7320
vn 0.7942 -0.4000 0.4575
vn -0.0412 0.5532 -0.8320
vn 0.0076 0.3408 -0.9401
vn -0.0402 -0.0080 -0.9992
vn -0.1128 0.0461 -0.9925
vn -0.1883 0.0622 -0.9801
vn -0.0937 0.0245 -0.9953
vn -0.0337 -0.0143 -0.9993
vn 0.1756 -0.3108 -0.9341
vn 0.1710 -0.2793 -0.9448
vn 0.1145 -0.3201 -0.9404
vn -0.0052 -0.3084 -0.9512
vn 0.1721 -0.1282 -0.9767
vn -0.7500 0.2479 0.6132
vn -0.2798 -0.2759 0.9196
vn -0.3089 -0.2511 0.9174
vn -0.2412 -0.2228 0.9446
vn -0.5130 -0.4230 0.7469
vn -0.2426 -0.2575 0.9353
vn -0.6536 -0.1601 0.7397
vn 0.2185 0.2529 -0.9425
vn 0.0361 0.2621 -0.9644
vn 0.0624 0.3093 -0.9489
vn 0.2753 0.2142 -0.9372
vn -0.1199 0.1065 -0.9871
vn -0.9500 -0.3121 -0.0079
vn -0.9568 -0.2876 0.0421
vn -0.8400 -0.3933 -0.3737
vn -0.9904 -0.1380 -0.0055
vn -0.9497 -0.1360 -0.2820
vn -0.9906 -0.1357 -0.0182
vn -0.8578 -0.2778 -0.4325
vn -0.9902 -0.1350 0.0361
vn 0.1687 0.3229 0.9313
vn 0.2945 0.3412 0.8926
vn 0.2309 0.5097 0.8288
vn 0.1826 0.3840 0.9051
vn 0.1061 0.1983 0.9744
vn 0.1490 0.1523 0.9770
vn 0.0030 -0.0221 -0.9998
vn 0.0100 -0.0174 -0.9998
vn 0.0259 -0.0387 -0.9989
vn 0.0125 -0.0730 -0.9973
vn 0.0008 -0.0927 -0.9957
vn 0.0078 -0.1003 -0.9949
vn 0.0266 -0.0903 -0.9956
vn 0.0292 -0.0451 -0.9986
vn -0.1235 0.9351 0.3321
vn -0.0794 0.6759 0.7327
vn 0.0945 0.8819 0.4619
vn -0.1681 0.9780 -0.1237
vn -0.3427 0.8828 0.3212
vn -0.2963 0.6768 0.6739
vn 0.0451 -0.3799 -0.9239
vn -0.0835 -0.7091 -0.7001
vn 0.0203 0.2354 0.9717
vn 0.0604 0.2422 0.9683
vn 0.1116 0.1398 0.9839
vn 0.0152 0.2324 0.9725
vn 0.0373 0.1465 0.9885
vn 0.0199 0.2040 0.9788
vn 0.4727 -0.8802 0.0426
vn 0.4471 -0.8945 -0.0000
vn 0.4461 -0.8945 0.0305
vn 0.4318 -0.8970 0.0944
vn 0.5092 -0.8603 -0.0224
vn 0.4122 -0.9108 -0.0237
vn 0.4312 -0.9015 -0.0374
vn 0.3994 -0.9167 0.0129
vn 0.0984 0.0350 0.9945
vn -0.0440 0.0142 0.9989
vn 0.0770 0.0202 0.9968
vn 0.0413 0.0128 0.9991
vn 0.0420 0.0115 0.9991
vn 0.0636 0.0132 0.9979
vn -0.1459 -0.0714 0.9867
vn -0.1304 -0.0745 0.9887
vn 0.1459 0.4649 -0.8733
vn 0.3338 0.4216 -0.8431
vn 0.0802 0.3392 -0.9373
vn 0.1052 0.5586 -0.8227
vn 0.4053 0.5954 -0.6937
vn 0.0875 -0.0442 0.9952
vn 0.3065 -0.0593 0.9500
vn -0.2940 0.9538 0.0612
vn -0.4895 0.8496 -0.1964
vn -0.6262 -0.1724 0.7603
vn -0.4142 -0.1484 0.8980
vn -0.6989 -0.0514 0.7133
vn -0.9430 0.0113 0.3326
vn -0.6134 -0.3496 0.7081
vn -0.3981 -0.2199 0.8906
vn -0.0269 0.1047 -0.9941
vn -0.0470 0.1293 -0.9905
vn 0.0133 0.0696 -0.9975
vn 0.0201 0.0474 -0.9987
vn 0.0311 0.0442 -0.9985
vn 0.0599 0.1029 -0.9929
vn 0.0158 0.1228 -0.9923
vn 0.0433 0.0597 -0.9973
vn 0.1260 -0.6175 0.7764
vn 0.0285 -0.1705 0.9849
vn 0.0973 -0.6299 0.7705
vn -0.8244 0.5630 -0.0585
vn -0.9544 0.2984 0.0111
vn -0.9162 0.4006 0.0107
vn -0.9470 0.3191 0.0378
vn -0.9139 0.4028 0.0511
vn -0.8942 0.4476 -0.0106
vn -0.1171 -0.0055 -0.9931
vn -0.1072 -0.0218 -0.9940
vn -0.1276 -0.0164 -0.9917
vn -0.0546 -0.0017 -0.9985
vn -0.1007 -0.0177 -0.9948
vn -0.1151 -0.0060 -0.9933
vn -0.0444 -0.0230 -0.9988
vn 0.6266 0.7772 0.0585
vn 0.6241 0.7768 0.0843
vn 0.3533 0.8714 0.3405
vn 0.3955 0.7731 0.4959
vn 0.6309 0.7611 -0.1508
vn 0.4740 -0.7377 -0.4807
vn 0.6547 -0.7468 -0.1168
vn -0.0316 0.0673 0.9972
vn -0.0367 0.1430 0.9890
vn -0.0426 0.1876 0.9813
vn -0.0247 0.0643 0.9976
vn -0.0182 0.0548 0.9983
vn -0.0247 0.1447 0.9892
vn -0.0225 0.0321 0.9992
vn -0.0151 0.0233 0.9996
vn 0.5307 0.7176 0.4510
vn 0.1749 -0.1227 -0.9769
vn 0.1662 -0.0517 -0.9847
vn 0.0838 -0.0575 -0.9948
vn 0.1004 -0.1277 -0.9867
vn -0.6028 0.7968 0.0420
vn 0.2508 0.9673 -0.0366
vn -0.6685 0.7337 0.1213
vn 0.1436 0.8799 -0.4529
vn 0.1477 0.9040 -0.4011
vn 0.1354 0.8188 -0.5579
vn 0.1144 0.9199 -0.3751
vn 0.1517 0.9833 -0.1004
vn 0.0636 0.9957 -0.0666
vn 0.1074 0.8907 -0.4418
vn 0.1519 0.8952 -0.4189
vn 0.1176 0.8880 -0.4445
vn 0.1577 0.9851 -0.0680
vn 0.1821 -0.0574 0.9816
vn 0.0703 -0.1252 0.9896
vn 0.0621 -0.1640 0.9845
vn 0.3296 -0.0552 0.9425
vn -0.4438 0.1103 -0.8893
vn 0.0604 0.0158 -0.9980
vn 0.0581 0.0330 -0.9978
vn 0.1788 0.0248 -0.9836
vn 0.1949 0.0221 -0.9806
vn 0.1635 0.0364 -0.9859
vn 0.1168 -0.7948 0.5955
vn -0.3991 0.1422 -0.9058
vn -0.0178 -0.4875 -0.8730
vn 0.1285 -0.4301 -0.8936
vn -0.5663 -0.2503 -0.7853
vn 0.0073 -0.8439 -0.5364
vn 0.7860 -0.2230 0.5765
vn 0.6572 -0.1462 0.7394
vn 0.3793 -0.0727 0.9224
vn 0.4267 -0.1388 0.8937
vn 0.8497 -0.2560 0.4610
vn 0.6909 -0.2303 0.6853
vn 0.2428 -0.2239 -0.9439
vn 0.2006 -0.4711 -0.8589
vn 0.2588 -0.1382 -0.9560
vn -0.0238 0.0002 -0.9997
vn -0.0178 -0.0386 -0.9991
vn -0.0244 -0.0961 -0.9951
vn -0.0338 -0.0348 -0.9988
vn -0.0342 -0.1447 -0.9889
vn -0.0346 -0.1056 -0.9938
vn -0.0364 0.0087 -0.9993
vn -0.0267 0.0738 -0.9969
vn -0.0171 0.0500 -0.9986
vn -0.0345 0.0567 -0.9978
vn 0.6203 0.7741 0.1268
vn 0.4475 0.8942 0.0129
vn 0.4478 0.8907 0.0785
vn 0.7637 0.6435 0.0514
vn 0.2685 0.9594 0.0869
vn 0.8778 0.1410 -0.4578
vn 0.7693 -0.0471 -0.6372
vn 0.8844 -0.2688 -0.3816
vn 0.7924 0.0293 -0.6093
vn 0.8921 0.2331 -0.3871
vn 0.5094 -0.0676 -0.8579
vn 0.9746 -0.2125 -0.0711
vn -0.1144 0.0214 0.9932
vn -0.1188 0.0184 0.9927
vn -0.1930 0.0276 0.9808
vn -0.2323 0.0166 0.9725
vn -0.2650 0.0444 0.9632
vn -0.0573 0.0168 0.9982
vn -0.0788 0.0214 0.9967
vn -0.6559 -0.3207 0.6833
vn -0.6511 -0.3036 0.6956
vn 0.0739 0.3083 -0.9484
vn 0.0592 0.2480 -0.9669
vn 0.0596 0.2295 -0.9715
vn 0.1200 0.4482 -0.8858
vn 0.1084 0.3965 -0.9116
vn 0.0810 0.3641 -0.9278
vn 0.0929 0.4257 -0.9001
vn 0.0589 -0.0575 0.9966
vn 0.0575 -0.0461 0.9973
vn -0.9297 0.3681 -0.0095
vn -0.8896 0.4476 -0.0912
vn -0.9701 0.2414 -0.0240
vn -0.9235 0.3717 -0.0947
vn -0.2563 -0.9655 0.0451
vn -0.2573 -0.9663 -0.0013
vn -0.4280 -0.8989 0.0943
vn -0.2496 -0.9683 -0.0007
vn -0.4266 -0.9033 0.0455
vn 0.4086 0.0707 -0.9100
vn 0.5690 0.1026 -0.8159
vn 0.6284 0.1272 -0.7674
vn 0.0220 -0.4342 0.9005
vn 0.1506 -0.4933 0.8567
vn -0.0300 -0.0120 -0.9995
vn -0.0302 -0.0115 -0.9995
vn -0.0288 -0.0150 -0.9995
vn -0.0319 -0.0073 -0.9995
vn 0.3323 0.6002 0.7276
vn 0.9320 0.3601 0.0413
vn 0.1191 -0.9781 -0.1708
vn -0.2484 -0.8404 -0.4817
vn -0.2777 -0.7954 -0.5387
vn -0.1700 -0.9021 -0.3966
vn -0.3808 -0.8077 -0.4502
vn -0.0377 -0.9966 -0.0731
vn -0.2412 -0.9702 -0.0236
vn 0.0186 0.0210 0.9996
vn 0.0098 0.0256 0.9996
vn 0.0133 0.0599 0.9981
vn 0.7912 0.1939 -0.5800
vn 0.8208 0.4642 -0.3329
vn 0.3763 -0.0193 -0.9263
vn 0.4153 -0.0350 -0.9090
vn 0.5067 0.1502 -0.8489
vn 0.5663 -0.1762 -0.8051
vn 0.4700 0.1014 -0.8768
vn 0.5074 0.2745 -0.8168
vn 0.5239 0.2987 -0.7977
vn -0.5865 0.0529 0.8082
vn -0.5177 0.0803 0.8518
vn -0.6506 0.0937 0.7536
vn -0.4304 0.0907 0.8981
vn -0.2797 0.2886 0.9157
vn -0.2067 0.1622 0.9649
vn -0.8836 0.1029 0.4568
vn -0.4733 0.2717 0.8379
vn -0.4787 0.0443 0.8769
vn -0.4375 -0.0674 0.8967
vn -0.6568 0.2122 0.7236
vn -0.1881 -0.0664 0.9799
vn -0.1178 -0.5411 0.8327
vn -0.0020 0.9822 0.1879
vn -0.2097 0.9778 -0.0000
vn 0.0592 -0.9957 0.0716
vn 0.4243 -0.9047 0.0377
vn 0.2851 -0.9247 0.2524
vn 0.4241 -0.9052 0.0286
vn 0.0050 -0.9956 -0.0933
vn 0.2141 -0.9731 -0.0850
vn 0.2097 -0.9778 0.0040
vn 0.2098 -0.9777 0.0038
vn -0.1216 0.0664 -0.9904
vn -0.2298 0.3317 -0.9150
vn -0.1112 0.1713 -0.9789
vn 0.0480 -0.0630 -0.9969
vn 0.0741 -0.0297 -0.9968
vn 0.0451 -0.0443 -0.9980
vn 0.1085 -0.1170 -0.9872
vn 0.0371 -0.1361 -0.9900
vn -0.8907 -0.4545 -0.0084
vn -0.3446 0.3404 0.8749
vn -0.0291 0.6228 0.7819
vn -0.1689 -0.3663 0.9150
vn -0.2088 -0.4807 0.8517
vn -0.0985 -0.5819 0.8073
vn -0.1990 -0.2728 0.9413
vn -0.2274 -0.1537 0.9616
vn -0.2789 -0.3491 0.8946
vn -0.3547 -0.4583 0.8150
vn -0.0643 -0.2925 0.9541
vn -0.1179 -0.0964 0.9883
vn -0.0921 -0.1279 0.9875
vn -0.1678 -0.4973 0.8512
vn -0.0520 -0.2579 0.9648
vn 0.0811 -0.4988 0.8629
vn -0.2719 -0.4525 0.8493
vn -0.1685 -0.3079 0.9364
vn -0.1828 -0.6268 0.7575
vn -0.0704 -0.4051 0.9115
vn -0.4011 0.1567 -0.9025
vn -0.3235 0.3048 -0.8958
vn -0.1889 0.3777 -0.9065
vn 0.0217 0.0071 -0.9997
vn 0.6742 -0.0227 0.7382
vn 0.3325 -0.0596 0.9412
vn -0.1348 0.8849 -0.4459
vn -0.2094 0.8573 0.4702
vn -0.1485 0.9353 0.3213
vn -0.0052 -0.0360 -0.9993
vn -0.0125 -0.0316 -0.9994
vn -0.0172 -0.0267 -0.9995
vn 0.0474 -0.0903 -0.9948
vn 0.0447 -0.0824 -0.9956
vn 0.0495 -0.0968 -0.9941
vn 0.0259 -0.0713 -0.9971
vn 0.0538 -0.0972 -0.9938
vn -0.0030 -0.0364 -0.9993
vn 0.6890 0.6202 0.3749
vn 0.3709 -0.2585 -0.8920
vn 0.3291 -0.4002 -0.8553
vn -0.2436 -0.4555 -0.8563
vn -0.1256 -0.2120 -0.9692
vn -0.3350 -0.4533 -0.8260
vn 0.0262 0.0318 0.9992
vn 0.0183 0.0452 0.9988
vn 0.0227 0.0429 0.9988
vn 0.0228 0.0602 0.9979
vn 0.1584 -0.9857 -0.0582
vn 0.1408 -0.8798 -0.4540
vn -0.2716 0.0527 0.9610
vn -0.4326 0.1073 0.8952
vn -0.4440 0.0866 0.8918
vn -0.2185 0.0334 0.9753
vn -0.2501 0.0494 0.9670
vn -0.4446 0.1091 0.8891
vn -0.2592 0.0436 0.9648
vn -0.2552 0.0694 0.9644
vn 0.2564 -0.2081 0.9439
vn 0.2400 -0.0017 0.9708
vn 0.2567 -0.0406 0.9656
vn -0.0172 -0.5984 0.8010
vn -0.0155 -0.4258 0.9047
vn -0.0157 -0.1901 0.9816
vn -0.0797 -0.1406 0.9868
vn -0.0971 -0.1589 0.9825
vn -0.1050 -0.1704 0.9798
vn -0.1496 -0.2342 0.9606
vn -0.0752 -0.1249 0.9893
vn -0.2800 -0.5047 0.8166
vn -0.1402 -0.3499 0.9262
vn -0.0945 -0.3583 0.9288
vn -0.0375 -0.1907 0.9809
vn -0.2303 -0.5084 0.8297
vn -0.4171 -0.2424 -0.8759
vn -0.5427 -0.2438 -0.8038
vn -0.6214 -0.3705 -0.6903
vn -0.7395 -0.4278 -0.5198
vn -0.7297 -0.4266 -0.5343
vn -0.7476 -0.5089 -0.4267
vn -0.6984 -0.4733 -0.5369
vn -0.0768 0.0238 0.9968
vn -0.5613 0.8256 -0.0571
vn -0.2975 0.4698 -0.8311
vn -0.5104 0.8010 -0.3129
vn 0.3714 -0.9285 -0.0000
vn 0.2833 -0.9590 0.0081
vn 0.2404 -0.9648 0.1066
vn 0.1961 -0.9806 -0.0000
vn -0.0205 0.3488 -0.9370
vn 0.1223 -0.0324 -0.9920
vn 0.0863 -0.1376 -0.9867
vn 0.1551 0.0672 -0.9856
vn 0.2941 -0.9558 -0.0000
vn 0.2750 -0.9614 -0.0136
vn 0.3259 -0.9028 0.2807
vn 0.2721 -0.9588 0.0816
vn 0.1669 -0.1090 0.9799
vn 0.0967 -0.0464 0.9942
vn 0.1522 -0.0851 0.9847
vn 0.1736 -0.1180 0.9777
vn 0.2171 -0.1435 0.9655
vn -0.7946 0.5839 0.1664
vn -0.4283 -0.8251 -0.3685
vn 0.1578 0.0427 0.9865
vn 0.0868 0.0202 0.9960
vn 0.0868 0.0177 0.9961
vn 0.1127 0.0258 0.9933
vn 0.1842 0.0486 0.9817
vn 0.8762 -0.4819 -0.0000
vn 0.9271 -0.3738 0.0293
vn 0.9049 -0.4243 0.0330
vn 0.7881 -0.6156 -0.0020
vn 0.7663 -0.6410 -0.0445
vn 0.8174 -0.3967 -0.4176
vn 0.9044 -0.3536 -0.2389
vn -0.0408 0.1211 0.9918
vn -0.0416 0.1947 0.9800
vn -0.0421 0.1578 0.9866
vn -0.0237 0.1611 0.9867
vn -0.0073 0.0955 0.9954
vn -0.0244 0.2012 0.9793
vn -0.9905 -0.1315 0.0411
vn -0.9579 -0.1339 0.2540
vn -0.9851 -0.1720 0.0072
vn -0.9843 -0.1715 -0.0414
vn -0.9854 -0.1705 -0.0000
vn 0.1165 0.0442 0.9922
vn 0.1289 0.0560 0.9901
vn 0.0901 -0.0776 0.9929
vn -0.1233 0.9545 -0.2716
vn -0.2522 0.9676 0.0104
vn -0.3636 0.8923 -0.2675
vn 0.1823 0.1822 -0.9662
vn 0.1904 0.1314 -0.9729
vn 0.3370 -0.1330 -0.9321
vn 0.0498 0.2657 -0.9628
vn 0.0350 0.4395 -0.8976
vn 0.0670 0.7990 -0.5976
vn 0.7641 -0.6411 0.0722
vn 0.4700 -0.8822 0.0291
vn 0.4444 -0.8013 0.4006
vn 0.4700 -0.8822 0.0289
vn 0.7873 -0.6157 -0.0318
vn 0.4669 -0.8831 -0.0456
vn 0.5702 -0.5322 0.6258
vn 0.7530 -0.6555 -0.0583
vn -0.1359 0.0141 -0.9906
vn -0.3312 0.0146 -0.9434
vn -0.2307 0.2219 -0.9474
vn -0.1417 0.2627 -0.9544
vn 0.3379 0.0145 -0.9411
vn -0.0294 -0.0973 -0.9948
vn -0.0622 -0.1143 -0.9915
vn -0.0284 -0.1996 -0.9795
vn 0.1453 0.4485 0.8819
vn 0.1349 0.4047 0.9044
vn 0.2582 0.5669 0.7823
vn 0.2938 -0.0776 -0.9527
vn 0.2099 -0.0699 -0.9752
vn 0.2691 -0.0432 -0.9621
vn 0.2955 -0.0521 -0.9539
vn 0.1877 -0.0348 -0.9816
vn 0.1841 -0.0365 -0.9822
vn 0.4640 -0.0786 -0.8823
vn 0.5373 -0.0913 -0.8385
vn 0.5174 -0.0882 -0.8512
vn 0.4634 -0.0786 -0.8826
vn 0.5302 -0.1371 -0.8367
vn 0.2251 -0.0268 -0.9740
vn -0.4354 0.7781 0.4528
vn -0.3674 0.7334 0.5719
vn -0.5312 0.6267 0.5701
vn -0.2587 0.5127 0.8187
vn -0.4243 -0.1368 -0.8951
vn 0.1392 -0.2017 -0.9695
vn 0.0352 -0.1631 -0.9860
vn -0.6573 0.7521 0.0480
vn -0.6730 0.7379 0.0512
vn -0.5673 0.6819 0.4617
vn -0.4778 0.8778 0.0334
vn -0.4727 0.8783 -0.0715
vn -0.6574 0.7534 -0.0120
vn -0.5583 0.8271 -0.0647
vn -0.5083 0.8608 0.0238
vn -0.5746 0.8182 -0.0199
vn -0.0267 -0.0167 0.9995
vn -0.0486 -0.0082 0.9988
vn -0.0466 -0.0141 0.9988
vn -0.0466 -0.0140 0.9988
vn 0.0322 -0.0176 0.9993
vn 0.0320 -0.0179 0.9993
vn -0.0277 -0.0141 0.9995
vn 0.9710 0.2369 0.0327
vn 0.9700 0.2419 0.0246
vn 0.9761 0.2169 0.0109
vn 0.9978 0.0606 -0.0253
vn 0.8984 0.2282 -0.3753
vn 0.9627 0.2699 -0.0197
vn 0.7843 -0.1833 0.5926
vn 0.9049 -0.2086 0.3711
vn 0.5898 -0.1434 0.7947
vn 0.8221 -0.3472 0.4511
vn 0.9747 -0.2206 0.0352
vn 0.9413 -0.3351 0.0396
vn -0.0468 0.2544 -0.9660
vn -0.0602 0.3249 -0.9438
vn -0.0412 0.2117 -0.9765
vn -0.0295 0.1734 -0.9844
vn -0.0304 0.1579 -0.9870
vn -0.1156 -0.6382 0.7611
vn -0.0966 -0.5498 0.8297
vn -0.0670 -0.3896 0.9185
vn -0.0054 0.0954 -0.9954
vn 0.0138 0.1471 -0.9890
vn -0.0079 0.1403 -0.9901
vn 0.0234 0.2010 -0.9793
vn 0.0088 0.1414 -0.9899
vn -0.0199 0.1019 -0.9946
vn -0.0216 0.0565 -0.9982
vn 0.0342 0.0863 0.9957
vn 0.0365 0.0562 0.9978
vn 0.0243 0.0732 0.9970
vn 0.5635 -0.2242 -0.7951
vn 0.1025 -0.6208 -0.7773
vn 0.6166 -0.1382 -0.7750
vn 0.9347 -0.2626 -0.2397
vn -0.3507 0.1081 0.9302
vn -0.5997 -0.7999 0.0206
vn -0.5581 -0.7583 -0.3369
vn 0.0531 -0.0299 -0.9981
vn 0.0109 0.0115 -0.9999
vn -0.7081 0.6805 -0.1886
vn -0.7081 0.6805 -0.1885
vn -0.3732 0.3930 -0.8404
vn 0.0818 0.0473 0.9955
vn 0.0743 0.0408 0.9964
vn 0.0570 0.0258 0.9980
vn 0.0667 0.0153 0.9977
vn 0.1528 0.1018 0.9830
vn 0.1600 0.0980 0.9822
vn 0.1526 0.1019 0.9830
vn 0.0930 0.0238 0.9954
vn 0.0865 0.0351 0.9956
vn 0.0931 0.0336 0.9951
vn 0.1484 0.1041 0.9834
vn 0.1754 0.0444 0.9835
vn 0.0820 0.1464 -0.9858
vn 0.0401 0.0870 -0.9954
vn -0.0135 -0.0396 -0.9991
vn -0.0168 -0.0363 -0.9992
vn -0.0161 -0.0375 -0.9992
vn -0.0235 -0.0318 -0.9992
vn -0.0211 -0.0342 -0.9992
vn -0.0111 -0.0340 -0.9994
vn 0.3545 0.5653 0.7449
vn 0.5489 -0.0996 -0.8300
vn 0.9746 -0.2213 -0.0340
vn -0.0520 0.3287 0.9430
vn -0.0452 0.3303 0.9428
vn -0.0877 0.3654 0.9267
vn -0.0898 0.4050 0.9099
vn -0.0588 0.2508 0.9662
vn -0.8279 0.5568 -0.0672
vn -0.8150 0.5785 -0.0325
vn -0.8711 0.4911 -0.0020
vn -0.9399 0.3387 -0.0429
vn -0.7964 0.6045 0.0202
vn -0.8231 0.5679 0.0074
vn -0.0226 0.0849 0.9961
vn -0.0252 0.0988 0.9948
vn -0.1096 0.1713 0.9791
vn -0.0943 0.1502 0.9841
vn -0.0151 0.0295 0.9994
vn -0.0160 0.0301 0.9994
vn 0.3146 -0.4731 0.8229
vn 0.1434 -0.2369 0.9609
vn 0.2457 -0.3722 0.8951
vn 0.4419 -0.7097 0.5486
vn 0.1793 -0.2841 0.9419
vn 0.4915 -0.6983 0.5204
vn 0.5331 -0.7718 0.3467
vn 0.5949 -0.3479 -0.7246
vn 0.3567 -0.2089 -0.9106
vn 0.7237 -0.3312 -0.6054
vn 0.0330 -0.0201 0.9993
vn 0.0353 -0.0210 0.9992
vn 0.0263 -0.0351 0.9990
vn -0.1414 0.3602 -0.9221
vn -0.1394 -0.0851 0.9866
vn -0.1379 -0.1026 0.9851
vn 0.2208 0.9618 -0.1616
vn 0.1287 0.9912 -0.0316
vn 0.2156 0.9765 0.0062
vn 0.2379 0.8317 -0.5016
vn 0.0656 -0.1015 0.9927
vn 0.0650 -0.0463 0.9968
vn 0.0527 -0.0935 0.9942
vn 0.0440 -0.1311 0.9904
vn 0.0227 -0.1062 0.9941
vn 0.0623 -0.0622 0.9961
vn 0.0174 -0.0480 0.9987
vn -0.0369 0.0075 -0.9993
vn -0.0317 0.0006 -0.9995
vn -0.0318 0.0007 -0.9995
vn -0.0658 -0.0163 -0.9977
vn 0.0046 0.0444 -0.9990
vn -0.0964 -0.5168 -0.8507
vn 0.3157 0.0267 0.9485
vn 0.7952 0.0912 0.5994
vn 0.5780 0.2455 0.7782
vn 0.3020 0.1820 0.9358
vn 0.1458 0.0635 0.9873
vn 0.1961 0.0414 0.9797
vn 0.3644 -0.0930 0.9266
vn 0.5117 -0.0716 0.8561
vn 0.0420 0.0010 -0.9991
vn 0.0619 -0.0081 -0.9981
vn 0.0178 -0.0151 -0.9997
vn -0.0151 -0.0437 -0.9989
vn 0.0259 -0.0302 -0.9992
vn 0.0175 -0.0289 -0.9994
vn 0.8762 -0.4815 -0.0196
vn 0.2777 0.9571 -0.0831
vn 0.9361 -0.3352 -0.1070
vn 0.8086 -0.5857 0.0558
vn 0.7967 -0.6020 -0.0544
vn 0.3314 -0.6837 -0.6502
vn 0.0853 -0.3840 -0.9194
vn 0.1607 -0.4311 -0.8879
vn -0.0723 0.1406 0.9874
vn -0.0831 0.1763 0.9808
vn -0.0509 0.1658 0.9848
vn -0.0925 0.2508 0.9636
vn 0.0553 0.0302 -0.9980
vn 0.0570 0.0413 -0.9975
vn 0.0580 0.0458 -0.9973
vn 0.0686 0.0125 -0.9976
vn 0.0801 0.0219 -0.9965
vn 0.1143 -0.0164 -0.9933
vn -0.0291 -0.4775 0.8782
vn 0.0435 -0.2425 0.9692
vn 0.0508 -0.2378 0.9700
vn -0.9734 -0.0671 -0.2191
vn -0.2966 -0.4521 0.8412
vn -0.2511 -0.3400 0.9063
vn -0.4331 -0.4417 0.7857
vn -0.5194 -0.6106 0.5978
vn 0.9386 0.3343 0.0851
vn 0.0024 -0.0326 -0.9995
vn -0.0048 0.0136 -0.9999
vn -0.0230 -0.0989 -0.9948
vn -0.8055 -0.1826 -0.5637
vn -0.9250 -0.2044 -0.3204
vn -0.8355 -0.3736 -0.4028
vn -0.5452 -0.2311 -0.8058
vn -0.7578 -0.4633 -0.4595
vn -0.5888 -0.1395 -0.7961
vn -0.5404 -0.1295 -0.8314
vn 0.0380 0.0469 0.9982
vn 0.0459 0.0740 0.9962
vn 0.0339 0.0290 0.9990
vn 0.0301 0.0523 0.9982
vn 0.1218 0.0735 0.9898
vn 0.0636 0.1542 0.9860
vn 0.1336 0.0771 0.9880
vn 0.0663 0.0123 -0.9977
vn 0.0574 -0.0051 -0.9983
vn 0.0948 0.0173 -0.9953
vn 0.0167 -0.0223 -0.9996
vn 0.0179 -0.0139 -0.9997
vn 0.0682 0.0063 -0.9977
vn -0.4006 0.9157 -0.0310
vn -0.4513 0.8249 0.3404
vn -0.3049 0.9476 -0.0954
vn -0.3934 0.9190 -0.0274
vn 0.1047 0.9932 -0.0502
vn 0.0926 0.9352 0.3418
vn -0.0306 0.0162 0.9994
vn -0.0866 0.0183 0.9961
vn 0.0369 -0.0279 0.9989
vn 0.0499 -0.0411 0.9979
vn 0.0305 -0.0370 0.9988
vn -0.3022 0.6208 -0.7234
vn -0.3244 0.4959 -0.8055
vn -0.6913 0.6764 -0.2542
vn -0.8329 -0.5505 0.0570
vn -0.9607 0.2733 0.0482
vn -0.9470 0.3196 -0.0331
vn 0.1678 0.0413 -0.9850
vn 0.1420 0.0961 -0.9852
vn 0.3743 0.0520 -0.9258
vn 0.4414 0.0911 -0.8927
vn 0.1811 0.1307 -0.9747
vn 0.3656 0.0529 -0.9293
vn 0.3069 0.0528 -0.9503
vn 0.0399 -0.0658 0.9970
vn 0.0343 -0.0416 0.9985
vn 0.0315 -0.0166 0.9994
vn 0.0384 -0.0474 0.9981
vn 0.0380 0.0130 0.9992
vn 0.0375 -0.0072 0.9993
vn 0.0379 -0.0950 0.9948
vn -0.5932 0.5559 -0.5823
vn -0.0285 -0.0157 -0.9995
vn 0.0112 -0.0109 -0.9999
vn 0.9764 -0.2150 -0.0203
vn -0.0091 0.2674 0.9635
vn -0.0194 0.2632 0.9645
vn 0.0018 0.4658 0.8849
vn -0.1601 -0.9871 0.0071
vn -0.1587 -0.9873 0.0037
vn 0.1453 0.1096 0.9833
vn 0.2016 0.0776 0.9764
vn -0.0027 0.1128 0.9936
vn -0.0026 0.1591 0.9873
vn 0.0818 0.1771 0.9808
vn -0.4849 -0.2996 0.8216
vn 0.1780 0.8744 -0.4515
vn 0.2035 0.9791 -0.0002
vn 0.1977 0.9781 -0.0645
vn 0.1552 0.7469 -0.6466
vn 0.1210 0.5752 -0.8090
vn 0.1588 0.9851 -0.0655
vn 0.7936 -0.2166 0.5685
vn 0.4463 -0.2180 0.8679
vn 0.5496 -0.1133 0.8277
vn 0.9860 -0.1652 0.0207
vn 0.9457 -0.1371 0.2947
vn 0.9883 -0.1512 -0.0194
vn 0.5460 -0.3889 0.7420
vn 0.9880 -0.1529 0.0207
vn 0.8496 -0.1171 0.5142
vn -0.0914 0.3522 -0.9314
vn -0.2119 0.2946 -0.9318
vn -0.4795 -0.6494 -0.5902
vn -0.2701 0.1673 0.9482
vn -0.2404 0.1050 0.9650
vn 0.2478 0.1203 -0.9613
vn 0.2481 0.1286 -0.9602
vn 0.2561 0.1349 -0.9572
vn 0.2274 0.0956 -0.9691
vn 0.1326 0.0008 -0.9912
vn 0.0582 -0.0060 -0.9983
vn 0.0441 0.0191 -0.9988
vn 0.5610 0.8275 -0.0215
vn 0.5613 0.8268 -0.0362
vn 0.5619 0.8252 -0.0579
vn -0.0186 -0.0283 0.9994
vn -0.0208 -0.0319 0.9993
vn -0.0181 -0.0277 0.9995
vn 0.6199 0.2294 -0.7504
vn 0.9737 -0.2258 0.0298
vn -0.0685 0.3269 -0.9426
vn -0.0473 0.1820 -0.9822
vn -0.0586 0.2527 -0.9658
vn -0.8056 0.5305 0.2637
vn -0.8526 0.4503 0.2653
vn -0.7585 0.4951 0.4237
vn -0.0768 0.2810 -0.9566
vn -0.2107 0.3458 -0.9144
vn 0.0158 0.0237 -0.9996
vn -0.0182 0.0290 -0.9994
vn -0.0009 0.0271 -0.9996
vn 0.1423 -0.2372 -0.9610
vn 0.2460 -0.3970 -0.8842
vn 0.1756 -0.2805 -0.9436
vn 0.1306 -0.1608 -0.9783
vn 0.1349 -0.2209 -0.9659
vn 0.9445 -0.3148 0.0933
vn 0.0242 -0.0066 -0.9997
vn 0.0352 -0.0203 -0.9992
vn -0.2652 0.5627 0.7830
vn -0.2839 0.5302 0.7990
vn -0.1717 -0.0342 -0.9846
vn -0.2855 -0.0108 -0.9583
vn 0.1328 0.1825 0.9742
vn 0.0540 0.1107 0.9924
vn 0.0394 0.1579 0.9867
vn 0.0760 0.1975 0.9774
vn -0.1648 -0.7636 0.6243
vn -0.4345 -0.8853 0.1656
vn 0.1862 0.1326 -0.9735
vn 0.0476 0.0122 0.9988
vn 0.1630 0.0655 0.9845
vn 0.2310 0.1317 0.9640
vn 0.2211 0.1080 0.9692
vn 0.1487 0.1045 0.9834
vn 0.0716 0.0289 0.9970
vn 0.1303 0.0808 0.9882
vn 0.2758 0.6455 -0.7122
vn 0.2055 0.7187 -0.6642
vn 0.2974 0.8277 -0.4758
vn -0.0631 -0.0957 0.9934
vn -0.1955 -0.1582 0.9679
vn -0.1238 -0.0619 0.9904
vn -0.1180 0.0165 0.9929
vn -0.1947 -0.1625 0.9673
vn -0.0392 -0.0401 0.9984
vn -0.0375 -0.0250 0.9990
vn -0.0762 0.1766 -0.9813
vn -0.1552 0.3205 -0.9344
vn -0.0730 0.1658 -0.9835
vn -0.1105 0.2713 -0.9561
vn -0.1142 0.1958 -0.9740
vn -0.0483 0.1362 -0.9895
vn -0.0883 0.0997 -0.9911
vn -0.6164 0.4048 -0.6754
vn -0.7535 0.5946 -0.2805
vn -0.5450 -0.4410 -0.7131
vn 0.0699 0.0415 0.9967
vn 0.1166 0.0718 0.9906
vn 0.1462 0.0494 0.9880
vn 0.1318 0.0539 0.9898
vn 0.0395 0.1555 0.9870
vn 0.0940 0.1022 0.9903
vn 0.0598 -0.6525 -0.7554
vn 0.0677 -0.9739 -0.2166
vn 0.1430 -0.8732 -0.4658
vn 0.1387 -0.6531 -0.7445
vn 0.1905 -0.0609 -0.9798
vn 0.1270 0.0224 -0.9917
vn 0.1588 -0.0653 -0.9851
vn 0.5136 -0.7179 0.4699
vn 0.4603 -0.8830 0.0921
vn 0.4796 -0.7266 0.4920
vn -0.0363 -0.1226 0.9918
vn -0.0351 -0.1567 0.9870
vn -0.0387 -0.1545 0.9872
vn -0.0255 -0.0725 0.9970
vn 0.6232 0.5878 -0.5158
vn 0.7520 0.6571 -0.0518
vn 0.9698 -0.2426 -0.0240
vn 0.9699 -0.2424 -0.0240
vn -0.0942 0.0306 -0.9951
vn -0.0728 0.0195 -0.9972
vn -0.0400 0.0162 -0.9991
vn -0.9767 -0.2138 -0.0199
vn 0.0780 0.2211 0.9721
vn 0.1105 -0.0910 -0.9897
vn -0.2584 -0.9522 -0.1630
vn -0.3143 -0.8496 -0.4235
vn -0.3506 -0.7560 -0.5528
vn -0.1885 -0.7179 -0.6701
vn -0.2467 -0.9086 -0.3370
vn -0.4302 -0.9023 -0.0263
vn 0.2818 0.0664 0.9572
vn 0.0955 -0.2396 -0.9662
vn -0.2335 -0.1539 0.9601
vn -0.0955 -0.0145 0.9953
vn -0.1315 -0.0410 0.9905
vn -0.0435 -0.0186 0.9989
vn -0.0358 -0.0295 0.9989
vn 0.0423 -0.0191 0.9989
vn -0.0452 -0.0183 0.9988
vn 0.6733 0.7366 0.0645
vn 0.0157 -0.0854 0.9962
vn 0.0210 -0.1415 0.9897
vn 0.0204 -0.0813 0.9965
vn 0.0172 -0.0132 0.9998
vn 0.0069 -0.0240 0.9997
vn 0.0238 -0.1285 0.9914
vn 0.0011 -0.9968 0.0795
vn -0.0308 -0.9907 0.1327
vn 0.0675 0.2426 -0.9678
vn 0.0478 0.2360 -0.9706
vn 0.0457 0.1194 -0.9918
vn -0.7764 0.1255 -0.6177
vn -0.7438 0.1192 -0.6577
vn -0.7420 0.1218 -0.6593
vn -0.0151 -0.1550 -0.9878
vn -0.0276 -0.1665 -0.9856
vn -0.0208 -0.1260 -0.9918
vn -0.0155 -0.0637 -0.9978
vn -0.0043 -0.0706 -0.9975
vn -0.0906 0.9949 0.0439
vn 0.1318 0.9892 0.0639
vn 0.0933 -0.0186 -0.9955
vn 0.1652 -0.0305 -0.9858
vn 0.2193 -0.0455 -0.9746
vn 0.1480 -0.0497 -0.9877
vn -0.6714 0.4052 0.6205
vn -0.7059 -0.5826 0.4028
vn -0.7704 -0.6376 -0.0000
vn -0.7072 -0.6463 0.2867
vn -0.7380 -0.2253 0.6361
vn 0.0697 0.0877 -0.9937
vn -0.3135 0.3303 -0.8903
vn -0.5089 0.0548 -0.8591
vn -0.4608 -0.1232 -0.8789
vn -0.8221 -0.4007 -0.4044
vn -0.3317 0.2196 -0.9174
vn -0.6609 0.4768 -0.5795
vn -0.1053 -0.3549 -0.9290
vn -0.1796 -0.4305 -0.8846
vn -0.5811 -0.8135 -0.0224
vn -0.5794 -0.7638 -0.2844
vn -0.2783 -0.8100 -0.5162
vn -0.1271 -0.0380 0.9912
vn -0.0542 -0.0036 0.9985
vn -0.1616 -0.0497 0.9856
vn 0.0549 -0.0055 0.9985
vn 0.0589 -0.0042 0.9983
vn 0.0965 -0.0315 0.9948
vn 0.0354 0.0244 0.9991
vn 0.1094 0.9940 -0.0003
vn 0.1017 -0.2330 0.9671
vn 0.0778 -0.2403 0.9676
vn 0.1043 -0.2287 0.9679
vn 0.1039 -0.1827 0.9777
vn 0.1267 -0.2774 0.9524
vn 0.0752 -0.1526 0.9854
vn 0.0680 0.0714 -0.9951
vn -0.0453 0.0622 -0.9970
vn -0.0424 0.0474 -0.9980
vn -0.2926 -0.3345 0.8958
vn -0.5203 -0.4911 0.6986
vn -0.5535 -0.6051 0.5723
vn -0.4096 -0.2937 0.8637
vn -0.5536 -0.4214 0.7182
vn -0.1821 -0.1518 0.9715
vn -0.2521 -0.1323 0.9586
vn 0.0188 0.0329 -0.9993
vn 0.0249 0.0255 -0.9994
vn 0.0294 0.0298 -0.9991
vn 0.8083 0.5875 -0.0382
vn 0.8144 0.5799 -0.0227
vn 0.4153 0.2885 0.8627
vn 0.4250 0.2805 0.8606
vn -0.7364 0.1212 -0.6656
vn -0.3947 0.0922 -0.9142
vn -0.4513 0.0898 -0.8878
vn -0.4454 0.1082 -0.8887
vn -0.4555 0.0765 -0.8869
vn -0.0655 -0.0997 -0.9929
vn -0.8710 -0.1444 0.4696
vn -0.5809 -0.1700 0.7960
vn -0.7575 -0.4514 0.4716
vn -0.9617 -0.2731 -0.0233
vn -0.4795 -0.2745 0.8335
vn -0.3490 -0.1904 0.9176
vn -0.2699 0.1702 -0.9477
vn -0.1308 0.0282 -0.9910
vn -0.2237 0.0096 -0.9746
vn -0.5674 0.1630 -0.8072
vn -0.5581 0.8296 0.0181
vn -0.5640 0.8258 -0.0000
vn -0.5576 0.8250 0.0916
vn -0.5416 0.8032 0.2479
vn -0.4553 0.6970 0.5541
vn 0.3175 -0.8798 -0.3538
vn -0.0287 -0.0013 0.9996
vn 0.2482 -0.8181 0.5188
vn 0.3693 -0.7026 0.6082
vn 0.3471 -0.6201 0.7035
vn 0.4999 -0.3494 -0.7925
vn 0.4174 -0.2905 -0.8610
vn 0.3107 -0.1979 -0.9297
vn 0.2539 -0.1677 -0.9526
vn 0.3121 -0.2108 -0.9264
vn 0.0130 -0.0123 0.9998
vn -0.7968 0.6013 -0.0598
vn -0.5410 -0.5133 0.6662
vn 0.0259 0.0315 -0.9992
vn 0.0272 0.0209 -0.9994
vn 0.0252 -0.0128 0.9996
vn 0.5161 0.8493 -0.1109
vn -0.0321 -0.0308 -0.9990
vn -0.0260 0.0078 -0.9996
vn -0.0189 0.0262 -0.9995
vn 0.3549 0.9126 0.2028
vn 0.2469 0.6281 0.7380
vn -0.5836 -0.8087 0.0735
vn -0.5513 -0.7942 -0.2557
vn -0.2254 -0.1313 0.9654
vn -0.2423 -0.1266 0.9619
vn -0.1050 0.0108 -0.9944
vn -0.0092 0.0672 0.9977
vn -0.0806 0.1178 0.9898
vn -0.3365 -0.0803 0.9383
vn -0.3195 -0.0739 0.9447
vn -0.5206 -0.0895 0.8491
vn -0.8015 -0.1344 0.5827
vn 0.2109 0.9757 0.0600
vn 0.2058 0.9782 0.0285
vn 0.1577 0.9872 0.0227
vn -0.2338 0.1042 -0.9667
vn -0.1769 -0.1780 0.9680
vn -0.1274 -0.1361 0.9825
vn -0.0989 -0.0857 0.9914
vn 0.2483 0.6625 -0.7067
vn 0.6541 -0.7562 0.0152
vn 0.7030 -0.7078 -0.0699
vn 0.0372 0.0145 -0.9992
vn 0.1396 0.6584 0.7396
vn 0.1486 0.4196 0.8954
vn -0.0561 -0.1011 -0.9933
vn -0.1083 -0.0128 -0.9940
vn -0.3148 0.4819 0.8177
vn -0.3609 0.5677 0.7399
vn -0.0402 0.2813 0.9588
vn -0.5675 0.4208 0.7077
vn 0.0698 0.0283 -0.9972
vn -0.0088 0.1255 -0.9921
vn 0.0933 0.1467 -0.9848
vn 0.0738 -0.1565 0.9849
vn 0.0314 -0.2226 0.9744
vn 0.0535 -0.0579 0.9969
vn 0.0089 -0.0892 0.9960
vn -0.9483 0.1099 -0.2978
vn -0.8552 0.5112 -0.0860
vn -0.5989 0.3397 -0.7252
vn 0.9786 0.2047 -0.0198
vn 0.9784 0.2057 -0.0211
vn 0.9783 0.2072 -0.0075
vn 0.1266 -0.6509 -0.7485
vn -0.9482 -0.1422 0.2840
vn -0.1645 0.9858 0.0324
vn 0.4138 -0.4482 0.7924
vn -0.0409 0.0205 -0.9990
vn 0.0326 0.0218 -0.9992
vn 0.0450 0.0198 -0.9988
vn 0.1497 0.1748 0.9732
vn 0.1864 0.2004 0.9618
vn 0.1954 -0.0791 -0.9775
vn 0.1619 -0.0543 -0.9853
vn -0.2524 0.8725 0.4184
vn -0.2001 0.7212 0.6631
vn -0.3062 0.5052 0.8069
vn -0.1280 0.4726 0.8719
vn -0.2838 0.9576 0.0503
vn 0.0391 0.0637 0.9972
vn -0.0189 0.0728 0.9972
vn 0.0580 -0.2851 -0.9567
vn 0.0521 -0.2612 -0.9639
vn 0.0558 -0.2550 -0.9653
vn 0.0622 -0.2949 -0.9535
vn 0.0407 -0.1886 -0.9812
vn -0.6737 0.3823 0.6324
vn -0.0974 -0.0069 0.9952
vn -0.0668 -0.0116 0.9977
vn -0.2692 -0.0342 0.9625
vn -0.2676 -0.0349 0.9629
vn -0.0727 -0.0084 0.9973
vn -0.0653 -0.0276 0.9975
vn -0.0313 0.1449 -0.9890
vn -0.0233 0.0929 -0.9954
vn -0.0134 0.0494 -0.9987
vn -0.0202 0.0961 -0.9952
vn -0.0401 0.1334 -0.9902
vn -0.0399 0.1278 -0.9910
vn -0.0418 0.1398 -0.9893
vn -0.6364 -0.2454 0.7313
vn 0.5250 0.1235 0.8421
vn 0.3705 0.0742 0.9259
vn 0.4732 0.1000 0.8752
vn 0.6252 0.1141 0.7721
vn -0.6550 0.0795 -0.7514
vn -0.6990 0.1809 -0.6919
vn 0.0995 -0.2395 -0.9658
vn 0.0371 -0.1557 -0.9871
vn 0.0144 -0.1778 -0.9840
vn 0.1671 -0.2765 -0.9464
vn 0.1674 -0.2762 -0.9464
vn 0.1676 -0.2760 -0.9464
vn 0.1071 -0.1896 -0.9760
vn 0.1977 -0.3530 -0.9145
vn 0.0573 -0.1536 -0.9865
vn 0.1580 0.9838 0.0844
vn 0.0713 -0.0676 -0.9952
vn 0.2057 -0.0238 -0.9783
vn -0.0040 0.2293 0.9733
vn 0.0451 0.1499 0.9877
vn 0.0196 0.3156 0.9487
vn -0.2723 -0.1818 0.9449
vn -0.4674 -0.3085 0.8285
vn -0.3896 -0.3133 0.8660
vn -0.1615 -0.3551 0.9208
vn 0.0950 0.0074 -0.9954
vn -0.0864 0.0705 -0.9938
vn 0.0027 -0.9991 0.0431
vn 0.1372 -0.9905 -0.0000
vn 0.1505 -0.0745 -0.9858
vn 0.1704 -0.1090 -0.9793
vn 0.2505 -0.1679 -0.9534
vn 0.2017 -0.1177 -0.9724
vn 0.2119 -0.1320 -0.9683
vn -0.0088 0.5788 -0.8154
vn 0.2186 -0.0951 0.9712
vn 0.2270 -0.8744 0.4289
vn 0.1324 -0.7861 0.6037
vn -0.1707 -0.4722 -0.8648
vn -0.0251 -0.3773 -0.9258
vn -0.1734 -0.4662 -0.8675
vn -0.0379 -0.4104 -0.9111
vn 0.0092 0.1331 0.9911
vn 0.0958 0.0104 0.9953
vn 0.1177 0.0306 0.9926
vn 0.1364 -0.0074 0.9906
vn 0.1234 -0.0276 0.9920
vn 0.8481 0.5179 0.1121
vn 0.5142 0.3103 -0.7996
vn -0.3666 0.0577 0.9286
vn -0.3657 0.0621 0.9287
vn -0.7515 0.1149 0.6497
vn -0.6340 0.1077 0.7658
vn -0.3687 0.0469 0.9283
vn 0.0076 -0.0169 0.9998
vn -0.0232 -0.0218 0.9995
vn -0.0378 -0.0200 0.9991
vn -0.0453 -0.0135 0.9989
vn -0.0181 -0.0286 0.9994
vn -0.8417 -0.5349 -0.0733
vn 0.9002 0.1839 -0.3946
vn 0.8335 0.1471 -0.5325
vn 0.6090 -0.6285 0.4838
vn -0.0124 0.0354 -0.9993
vn -0.0255 0.0248 -0.9994
vn -0.0303 0.0337 -0.9990
vn -0.0264 0.0207 -0.9994
vn -0.0294 0.0246 -0.9993
vn -0.0295 0.0245 -0.9993
vn 0.0249 0.0287 -0.9993
vn -0.5146 0.8575 -0.0000
vn -0.5043 0.8617 0.0558
vn -0.9647 0.0856 0.2490
vn 0.5672 0.1087 -0.8164
vn 0.5931 0.0845 -0.8007
vn 0.4278 0.2411 -0.8711
vn 0.4166 0.1238 0.9006
vn 0.5824 -0.4105 -0.7016
vn 0.5199 -0.5292 -0.6705
vn -0.0528 0.2642 0.9630
vn -0.0713 0.1970 0.9778
vn -0.0814 0.2689 0.9597
vn -0.0667 0.1490 0.9866
vn -0.0874 0.3145 0.9452
vn -0.0587 0.0992 0.9933
vn -0.2686 -0.8368 -0.4771
vn -0.0939 -0.6663 -0.7397
vn -0.0599 -0.4651 -0.8832
vn 0.8182 0.3232 0.4755
vn 0.9440 0.2824 0.1705
vn 0.6547 0.2229 0.7223
vn 0.9449 0.3206 -0.0661
vn -0.0158 0.0237 0.9996
vn -0.0221 0.0139 0.9997
vn -0.0286 0.0205 0.9994
vn -0.7162 -0.6977 -0.0139
vn 0.4719 -0.5324 -0.7027
vn 0.0132 -0.6791 -0.7339
vn 0.5212 0.2477 -0.8167
vn 0.3435 0.4622 -0.8175
vn 0.5213 0.2476 -0.8166
vn 0.0117 0.5409 -0.8410
vn 0.6360 0.0591 -0.7694
vn 0.0101 -0.2124 -0.9771
vn 0.0101 -0.2944 -0.9556
vn 0.0101 -0.2123 -0.9772
vn 0.0101 -0.0775 -0.9969
vn -0.8218 -0.2667 -0.5036
vn -0.8416 -0.2771 -0.4636
vn -0.5521 -0.8336 0.0192
vn 0.1078 0.0232 -0.9939
vn 0.0834 0.0328 -0.9960
vn 0.0308 -0.4306 0.9020
vn -0.0429 -0.6324 0.7735
vn 0.1271 -0.7041 0.6986
vn -0.0270 -0.0153 -0.9995
vn 0.4381 -0.1522 -0.8859
vn -0.1525 0.4576 0.8760
vn -0.0729 0.4384 0.8958
vn -0.4185 -0.5388 -0.7312
vn 0.0657 0.0075 0.9978
vn 0.0144 0.0311 0.9994
vn 0.0092 0.0458 0.9989
vn 0.1516 -0.2427 -0.9582
vn -0.9747 0.2226 0.0204
vn -0.9594 0.2807 0.0258
vn -0.9726 0.2316 0.0179
vn -0.9802 0.1974 0.0148
vn -0.9367 0.1903 0.2938
vn -0.0099 0.0133 0.9999
vn -0.0119 0.0092 0.9999
vn -0.0062 -0.0198 0.9998
vn -0.0165 -0.0168 0.9997
vn -0.4138 0.5267 -0.7425
vn -0.1599 0.2976 -0.9412
vn -0.5074 -0.8617 0.0079
vn 0.0500 0.0084 0.9987
vn 0.0677 0.0102 0.9977
vn -0.7080 0.7050 -0.0413
vn -0.7076 0.7064 -0.0148
vn -0.7597 0.6501 -0.0139
vn -0.7589 0.6506 -0.0283
vn -0.5825 0.6927 0.4252
vn -0.0407 -0.0034 0.9992
vn -0.0460 -0.0006 0.9989
vn 0.9701 0.2414 0.0243
vn 0.9659 0.2365 0.1058
vn -0.0575 0.2354 -0.9702
vn 0.2667 -0.0294 0.9633
vn 0.3897 -0.2206 0.8941
vn -0.0178 0.3339 -0.9424
vn -0.0811 0.3959 -0.9147
vn 0.3696 0.7006 -0.6104
vn -0.0214 0.8812 -0.4723
vn 0.2958 0.4362 -0.8499
vn 0.1807 0.8659 0.4665
vn -0.6116 0.1566 -0.7755
vn -0.7122 0.1843 -0.6774
vn 0.9880 0.1374 0.0709
vn 0.9038 0.1237 0.4096
vn 0.9228 0.0975 0.3727
vn 0.3210 -0.1820 0.9294
vn 0.2208 -0.1552 0.9629
vn 0.2532 -0.9668 0.0344
vn 0.2507 -0.9679 0.0172
vn 0.2491 -0.9685 0.0058
vn -0.0590 0.0352 -0.9976
vn -0.1091 0.0359 -0.9934
vn -0.1459 0.0581 -0.9876
vn -0.2541 0.0773 -0.9641
vn -0.2217 0.0606 -0.9732
vn -0.0553 0.0677 -0.9962
vn -0.1831 0.0452 -0.9821
vn 0.1231 0.3735 0.9194
vn 0.0494 -0.0153 -0.9987
vn 0.0489 -0.0165 -0.9987
vn 0.0490 -0.0162 -0.9987
vn -0.6720 0.7236 0.1575
vn 0.2355 0.9719 -0.0020
vn 0.2579 0.9637 0.0684
vn -0.0222 0.9997 -0.0062
vn -0.0884 -0.0366 -0.9954
vn 0.1422 0.0648 -0.9877
vn -0.2429 0.9688 0.0481
vn 0.6484 -0.1994 -0.7347
vn -0.2191 -0.0820 0.9722
vn 0.0152 -0.4168 0.9089
vn -0.0664 -0.1759 0.9822
vn 0.5589 0.0148 -0.8291
vn 0.0378 -0.2309 0.9722
vn -0.6003 -0.7995 0.0198
vn -0.6009 -0.7991 0.0197
vn 0.0246 0.0244 -0.9994
vn 0.4239 0.2562 0.8687
vn 0.1558 0.0257 0.9875
vn 0.4826 0.7028 -0.5227
vn 0.4151 0.6258 -0.6604
vn 0.4060 0.6118 -0.6789
vn -0.0159 -0.0551 -0.9984
vn -0.0116 -0.0704 -0.9975
vn 0.8700 0.4930 0.0001
vn 0.4670 0.2722 0.8413
vn 0.8000 0.5999 -0.0000
vn 0.7832 0.5823 0.2179
vn 0.4470 0.1825 0.8757
vn -0.4858 -0.8729 -0.0457
vn -0.5027 -0.8642 0.0214
vn -0.4722 -0.8813 -0.0191
vn -0.3901 -0.9174 -0.0783
vn -0.3892 -0.9167 -0.0903
vn -0.1982 -0.1203 0.9728
vn -0.1754 -0.1047 0.9789
vn -0.1401 -0.0696 0.9877
vn -0.1519 -0.9467 -0.2839
vn 0.2830 0.0687 0.9566
vn 0.2069 0.0343 0.9778
vn -0.0432 -0.0008 0.9991
vn -0.0433 -0.0009 0.9991
vn -0.0347 0.0333 0.9988
vn -0.0386 -0.0290 0.9988
vn -0.0057 -0.0408 0.9991
vn -0.7805 -0.6249 0.0154
vn -0.7458 -0.6649 0.0412
vn -0.0150 0.0331 -0.9993
vn 0.0571 0.0325 -0.9978
vn 0.0072 0.0324 -0.9994
vn -0.0479 0.0331 -0.9983
vn -0.1371 -0.6629 0.7361
vn -0.5993 -0.1761 -0.7809
vn -0.2890 -0.0782 -0.9541
vn -0.2097 -0.0366 -0.9771
vn 0.2658 0.9290 0.2574
vn 0.2701 0.9588 0.0883
vn 0.2383 0.8174 0.5245
vn 0.2623 0.5154 0.8158
vn 0.1813 0.6008 0.7786
vn 0.0563 -0.0391 -0.9976
vn 0.1926 -0.9788 -0.0691
vn 0.0015 -0.9951 0.0987
vn 0.3617 -0.9276 0.0933
vn 0.0063 -0.9950 0.1001
vn 0.0191 0.0604 0.9980
vn 0.0343 0.0983 0.9946
vn 0.0292 0.1212 0.9922
vn 0.0324 0.1207 0.9922
vn -0.0940 0.0173 0.9954
vn -0.0488 0.0098 0.9988
vn -0.1853 -0.0045 0.9827
vn 0.4128 0.7381 -0.5337
vn -0.1139 0.2068 -0.9717
vn -0.2416 0.9693 -0.0458
vn -0.3830 0.9237 0.0029
vn -0.1901 -0.0362 -0.9811
vn -0.2062 -0.0343 -0.9779
vn -0.2429 -0.0291 -0.9696
vn -0.2404 -0.0353 -0.9700
vn -0.2403 -0.0356 -0.9700
vn -0.1891 -0.0377 -0.9812
vn -0.0389 -0.1767 -0.9835
vn -0.0392 -0.1867 -0.9816
vn -0.0227 -0.1236 -0.9921
vn 0.0138 0.1650 -0.9862
vn -0.9702 0.2425 -0.0000
vn -0.5009 -0.4763 -0.7227
vn 0.8224 0.5689 -0.0000
vn 0.8222 0.5685 -0.0272
vn 0.8099 0.5857 -0.0321
vn 0.7606 0.5548 -0.3372
vn 0.7804 0.5615 -0.2751
vn 0.8157 0.5654 0.1223
vn -0.0224 -0.0298 0.9993
vn -0.2227 -0.3066 0.9254
vn -0.2099 -0.2904 0.9336
vn -0.8044 -0.4549 -0.3821
vn -0.7841 -0.4422 -0.4355
vn -0.8096 -0.4532 -0.3730
vn -0.5328 0.8435 -0.0685
vn -0.2909 0.8771 -0.3822
vn 0.6028 -0.7941 -0.0777
vn 0.6016 -0.7949 -0.0785
vn 0.1426 0.4731 0.8694
vn 0.1130 0.3504 0.9298
vn -0.9898 0.1010 -0.1005
vn -0.1778 -0.4842 0.8567
vn -0.0077 -0.0534 0.9985
vn -0.3375 0.5820 -0.7399
vn -0.1274 0.1985 -0.9718
vn -0.1981 0.4623 -0.8643
vn 0.1202 -0.0743 0.9900
vn 0.1884 -0.0962 0.9774
vn 0.1733 -0.0578 0.9832
vn 0.1239 -0.0521 0.9909
vn 0.0275 -0.0362 0.9990
vn -0.2275 0.9696 -0.0896
vn -0.1431 0.9878 -0.0609
vn -0.4705 0.8824 -0.0047
vn -0.4357 0.7936 0.4248
vn -0.4688 0.8802 -0.0735
vn -0.2979 0.1785 -0.9377
vn -0.3508 0.2136 -0.9118
vn -0.2960 0.1243 -0.9471
vn -0.0810 0.9967 -0.0000
vn -0.3098 0.7796 0.5443
vn -0.2734 0.9604 0.0543
vn -0.2748 0.9614 0.0134
vn -0.2747 0.9614 0.0133
vn -0.3830 0.8964 0.2233
vn -0.4613 0.7911 0.4018
vn -0.1915 -0.8007 -0.5677
vn -0.1406 0.0016 0.9901
vn -0.0507 -0.0075 0.9987
vn -0.0496 0.0035 0.9988
vn -0.1581 0.2559 -0.9537
vn 0.1342 0.2192 0.9664
vn 0.0680 0.0784 0.9946
vn -0.3788 -0.7171 -0.5851
vn -0.3714 -0.9285 -0.0000
vn 0.1771 -0.0692 0.9818
vn 0.6224 0.3439 -0.7031
vn -0.8495 0.1206 0.5136
vn -0.9373 0.1157 0.3289
vn -0.9390 0.1559 0.3064
vn -0.9864 0.1644 0.0064
vn -0.9424 0.1562 0.2959
vn 0.5629 0.6626 -0.4941
vn -0.3075 -0.8637 0.3993
vn -0.0254 -0.0078 -0.9996
vn -0.1039 -0.0425 -0.9937
vn -0.8762 0.3237 0.3572
vn -0.0831 0.1387 -0.9868
vn -0.0728 0.1204 -0.9901
vn -0.0341 0.0927 -0.9951
vn 0.3390 -0.5491 0.7640
vn -0.6531 -0.6501 -0.3883
vn -0.6532 -0.6501 -0.3882
vn -0.3329 -0.2977 -0.8947
vn 0.6383 -0.4518 0.6233
vn 0.1249 0.1786 -0.9760
vn 0.0463 0.1740 -0.9837
vn -0.0394 -0.2117 -0.9765
vn -0.0379 -0.2117 -0.9766
vn -0.0324 0.0065 0.9995
vn -0.3367 -0.1520 0.9292
vn -0.1629 -0.0847 0.9830
vn -0.1531 -0.0500 0.9869
vn -0.2122 -0.0565 0.9756
vn 0.1935 0.6834 -0.7039
vn -0.0095 -0.0539 0.9985
vn 0.6464 0.1171 -0.7540
vn 0.0097 -0.1551 -0.9879
vn -0.1759 -0.4921 -0.8526
vn -0.2494 -0.7281 -0.6385
vn 0.0216 0.1795 0.9835
vn 0.0795 0.1897 -0.9786
vn -0.0331 0.2172 -0.9756
vn 0.2866 -0.6075 0.7408
vn -0.6000 -0.8000 -0.0000
vn -0.0087 -0.0352 -0.9993
vn -0.0370 -0.0291 -0.9989
vn -0.0365 -0.0165 -0.9992
vn -0.0351 -0.0199 -0.9992
vn 0.1278 0.3978 0.9085
vn 0.0737 0.3242 0.9431
vn 0.4456 -0.0836 -0.8913
vn 0.4089 -0.0852 -0.9086
vn 0.5475 -0.0936 -0.8315
vn 0.2716 -0.0563 -0.9608
vn 0.3043 -0.0732 -0.9498
vn 0.2283 -0.0524 -0.9722
vn -0.1212 0.4614 0.8789
vn -0.5090 0.7675 0.3898
vn -0.4764 0.8662 -0.1509
vn -0.4090 0.9125 -0.0000
vn -0.3469 0.8931 -0.2865
vn 0.1871 -0.0075 0.9823
vn -0.0049 0.9620 -0.2731
vn -0.0979 -0.6338 -0.7673
vn -0.1806 -0.6276 -0.7573
vn 0.1812 -0.6085 -0.7726
vn -0.3159 -0.6127 -0.7244
vn 0.5026 0.1812 -0.8453
vn -0.0221 -0.0168 0.9996
vn -0.0026 -0.0282 0.9996
vn 0.0297 -0.0532 0.9981
vn -0.0043 -0.0259 0.9997
vn 0.4050 0.0797 -0.9108
vn 0.5746 -0.5612 -0.5957
vn 0.5746 -0.5611 -0.5958
vn 0.3055 -0.2711 -0.9128
vn -0.5498 -0.8351 0.0206
vn -0.4466 -0.8941 0.0349
vn -0.5286 -0.8482 0.0331
vn 0.1899 0.0272 0.9814
vn 0.1890 0.0224 0.9817
vn 0.1904 0.0302 0.9812
vn 0.1366 0.0069 0.9906
vn -0.1693 0.2639 0.9496
vn -0.0022 0.4602 0.8878
vn -0.2722 -0.0441 0.9612
vn 0.3456 0.0917 0.9339
vn -0.0023 -0.9951 0.0984
vn -0.0236 -0.0084 -0.9997
vn -0.0146 -0.0146 -0.9998
vn -0.0252 -0.0348 -0.9991
vn 0.9654 -0.1643 -0.2027
vn 0.6846 -0.1188 -0.7191
vn 0.6785 -0.1172 -0.7252
vn 0.1081 -0.5425 -0.8330
vn -0.5465 0.3309 0.7693
vn 0.9667 0.2552 -0.0180
vn 0.9598 0.2804 0.0112
vn -0.5643 -0.7147 -0.4133
vn 0.0237 -0.0091 0.9997
vn 0.0125 -0.0057 -0.9999
vn 0.0486 -0.0174 -0.9987
vn -0.6841 0.7293 -0.0119
vn -0.2994 0.0209 0.9539
vn 0.0697 -0.5207 0.8509
vn -0.3552 0.4288 -0.8306
vn -0.3829 0.4386 -0.8131
vn -0.3622 0.7058 -0.6088
vn 0.0518 -0.9222 -0.3833
vn 0.1034 -0.7059 -0.7007
vn 0.2114 0.0626 0.9754
vn 0.2284 0.0972 0.9687
vn 0.0361 -0.0294 0.9989
vn 0.0147 -0.0376 0.9992
vn -0.8713 -0.4900 -0.0261
vn -0.0501 0.0083 0.9987
vn 0.3912 -0.2890 0.8737
vn 0.2781 -0.1925 0.9411
vn 0.3932 -0.2697 0.8790
vn 0.0183 0.3117 -0.9500
vn 0.1150 0.1007 -0.9883
vn -0.4497 0.8900 -0.0750
vn -0.0953 0.9939 -0.0559
vn 0.2419 -0.0978 0.9654
vn -0.2856 0.6096 0.7395
vn 0.2929 0.1781 -0.9394
vn 0.2310 0.1236 -0.9651
vn 0.2920 0.1810 -0.9391
vn -0.9318 0.1161 0.3439
vn -0.0596 -0.0369 0.9975
vn -0.0284 -0.0623 0.9977
vn -0.0645 -0.0944 0.9934
vn -0.0639 -0.0728 0.9953
vn 0.0881 0.0761 0.9932
vn -0.0051 -0.0418 -0.9991
vn -0.5191 0.4146 -0.7474
vn 0.0792 0.0123 0.9968
vn -0.4045 0.0128 0.9144
vn -0.2305 -0.9694 0.0840
vn -0.4593 0.6732 0.5795
vn -0.0269 0.0485 -0.9985
vn 0.8250 0.0993 0.5564
vn 0.0381 -0.0055 0.9993
vn 0.0561 0.0134 0.9983
vn 0.0692 0.0073 0.9976
vn -0.5092 0.8586 0.0593
vn -0.5045 0.8576 0.1000
vn -0.1016 0.0235 -0.9946
vn -0.1091 0.0256 -0.9937
vn -0.0467 0.0217 -0.9987
vn 0.1842 0.5265 0.8300
vn 0.1082 -0.0277 -0.9937
vn 0.2057 0.0303 0.9781
vn 0.0273 -0.0589 -0.9979
vn -0.5036 0.6213 0.6004
vn 0.0864 0.4417 0.8930
vn 0.0291 0.1782 0.9836
vn -0.0434 0.1731 -0.9840
vn -0.0356 0.1400 -0.9895
vn -0.0359 0.1017 -0.9942
vn -0.0809 0.0529 -0.9953
vn -0.0235 0.0296 -0.9993
vn -0.1257 -0.5182 -0.8460
vn -0.1368 -0.0213 0.9904
vn -0.1166 -0.0448 0.9922
vn -0.1035 -0.0457 0.9936
vn -0.0278 -0.0409 0.9988
vn -0.0072 -0.0278 -0.9996
vn -0.7107 -0.0925 0.6974
vn -0.2083 -0.6433 -0.7368
vn -0.1336 -0.5748 -0.8073
vn 0.4866 0.3056 0.8184
vn -0.0749 -0.3141 -0.9464
vn -0.0450 0.0209 0.9988
vn -0.0670 0.0161 0.9976
vn 0.2383 -0.4715 0.8491
vn 0.0167 -0.2579 0.9660
vn 0.0171 -0.0024 0.9999
vn 0.0155 -0.4677 0.8838
vn -0.2029 0.0287 0.9788
vn -0.2117 -0.3014 0.9297
vn -0.9758 -0.1641 -0.1445
vn -0.9467 -0.1634 -0.2776
vn -0.8754 0.4833 0.0030
vn -0.6951 0.7095 -0.1158
vn -0.5602 0.7942 0.2354
vn 0.3670 -0.0773 -0.9270
vn -0.6145 0.3740 0.6946
vn -0.4511 0.4765 0.7546
vn -0.2729 0.4039 0.8731
vn -0.8857 0.3295 0.3269
vn 0.0854 0.4616 -0.8830
vn -0.7877 -0.5189 -0.3321
vn -0.6246 -0.5115 -0.5902
vn -0.5044 -0.0860 -0.8592
vn -0.2388 -0.0394 -0.9703
vn 0.1547 -0.0322 -0.9874
vn 0.0024 -0.0323 0.9995
vn -0.0688 0.1795 0.9813
vn -0.0363 0.0647 0.9972
vn -0.4393 0.6896 0.5757
vn -0.5320 0.8415 0.0940
vn -0.5286 0.8354 0.1503
vn 0.4918 -0.8611 0.1289
vn 0.0356 -0.0221 0.9991
vn -0.0512 0.0144 0.9986
vn -0.1030 0.0615 0.9928
vn -0.0783 0.0251 0.9966
vn -0.0663 0.0218 0.9976
vn 0.0274 0.1338 -0.9906
vn 0.0375 0.1341 -0.9903
vn 0.0280 0.1629 -0.9862
vn 0.0322 0.1995 -0.9794
vn -0.1112 0.9938 0.0019
vn -0.0851 -0.0410 0.9955
vn 0.0052 0.2499 0.9683
vn -0.0506 -0.0087 0.9987
vn 0.0317 -0.0181 0.9993
vn 0.0318 -0.0180 0.9993
vn 0.0311 -0.0186 0.9993
vn -0.1963 0.3165 -0.9280
vn -0.0972 0.1529 -0.9834
vn -0.0217 0.0364 -0.9991
vn 0.0888 -0.1590 -0.9833
vn 0.1414 -0.2245 -0.9642
vn 0.1680 -0.2757 -0.9465
vn 0.0824 -0.1561 -0.9843
vn 0.6397 0.0653 -0.7659
vn 0.4862 0.0589 -0.8719
vn 0.6398 0.0653 -0.7658
vn 0.8809 0.0712 -0.4680
vn -0.4061 -0.0139 -0.9137
vn -0.3231 -0.6058 -0.7270
vn 0.2935 -0.1117 -0.9494
vn 0.3949 0.2464 -0.8850
vn 0.3830 0.2827 -0.8794
vn 0.1355 0.1970 0.9710
vn -0.0244 -0.0236 0.9994
vn -0.0381 -0.0186 0.9991
vn 0.4486 0.3083 0.8389
vn 0.4738 0.3287 0.8170
vn -0.0749 0.4309 -0.8993
vn 0.0427 -0.1964 -0.9796
vn 0.0367 -0.1566 -0.9870
vn 0.2760 -0.0203 0.9609
vn -0.9600 0.2727 -0.0633
vn -0.1044 -0.0211 0.9943
vn -0.1063 -0.0148 0.9942
vn -0.1043 -0.0217 0.9943
vn -0.1032 -0.0257 0.9943
vn 0.0006 -0.0131 -0.9999
vn 0.0317 0.5044 -0.8629
vn 0.0270 0.3133 -0.9493
vn 0.0927 0.4911 -0.8662
vn 0.0738 0.3856 -0.9197
vn 0.0488 0.2989 -0.9530
vn 0.0264 -0.0189 0.9995
vn -0.0148 0.0904 0.9958
vn -0.0158 0.5301 0.8478
vn -0.0071 0.0179 -0.9998
vn 0.0043 0.0600 0.9982
vn -0.1033 -0.0738 0.9919
vn 0.0671 -0.0226 0.9975
vn 0.1556 0.0835 0.9843
vn -0.0595 -0.0080 -0.9982
vn 0.0162 -0.6121 0.7907
vn -0.0367 0.0984 -0.9945
vn -0.0356 0.0615 -0.9975
vn 0.2846 0.0751 0.9557
vn 0.0986 -0.2854 0.9533
vn 0.0732 0.1504 0.9859
vn 0.3849 -0.0566 0.9212
vn -0.0400 0.0471 -0.9981
vn 0.3469 -0.7474 0.5667
vn 0.0381 -0.0474 0.9981
vn -0.0106 0.6718 0.7407
vn 0.1216 0.2044 0.9713
vn 0.3799 -0.7310 0.5668
vn -0.0385 0.0088 -0.9992
vn 0.0749 0.0302 0.9967
vn 0.1360 0.0914 0.9865
vn 0.0752 0.0305 0.9967
vn -0.0110 -0.0619 0.9980
vn -0.0017 -0.0540 0.9985
vn 0.0178 -0.0356 0.9992
vn 0.0175 -0.0359 0.9992
vn 0.0377 -0.0169 0.9991
vn -0.0046 -0.0612 0.9981
vn 0.0624 0.0158 0.9979
vn 0.0273 -0.0173 0.9995
vn -0.0709 -0.0249 0.9972
vn -0.0031 0.0444 0.9990
vn -0.0033 0.0442 0.9990
vn 0.0402 0.0884 0.9953
vn 0.0158 0.0622 0.9979
vn -0.0000 0.0482 0.9988
vn -0.0209 0.0278 0.9994
vn -0.0272 0.0208 0.9994
vn -0.0275 0.0205 0.9994
vn -0.0413 0.0053 0.9991
vn -0.0469 -0.0013 0.9989
vn 0.0475 -0.0215 -0.9986
vn 0.0357 -0.0222 -0.9991
vn 0.0360 -0.0222 -0.9991
vn 0.0273 -0.0227 -0.9994
vn -0.0292 -0.0227 -0.9993
vn -0.0032 -0.0241 -0.9997
vn -0.0096 -0.0234 -0.9997
vn -0.0778 -0.0236 -0.9967
vn 0.0212 -0.0242 -0.9995
vn 0.0351 -0.2491 0.9678
vn 0.0229 0.0462 0.9987
vn 0.0237 0.0758 0.9968
vn 0.0234 0.0163 0.9996
vn 0.0234 0.0165 0.9996
vn 0.0232 -0.0276 0.9994
vn 0.0240 -0.0659 0.9975
vn 0.0288 0.0375 0.9989
vn 0.0299 0.0770 0.9966
vn 0.0298 0.0768 0.9966
vn 0.0302 0.0941 0.9951
vn 0.0220 0.0282 0.9994
vn 0.0042 0.0462 0.9989
vn 0.0041 0.0463 0.9989
vn -0.0248 0.0755 0.9968
vn 0.0098 0.0417 0.9991
vn -0.0080 0.0623 0.9980
vn 0.0370 0.0139 0.9992
vn 0.0635 -0.0147 0.9979
vn -0.0354 0.0795 0.9962
vn 0.0236 0.0265 0.9994
vn -0.0083 -0.0389 -0.9992
vn -0.0623 0.0080 -0.9980
vn -0.0473 -0.0061 -0.9989
vn -0.0474 -0.0060 -0.9989
vn -0.0368 -0.0160 -0.9992
vn -0.0401 -0.0125 -0.9991
vn -0.0491 -0.0023 -0.9988
vn -0.0613 0.0094 -0.9981
vn 0.0126 -0.0638 -0.9979
vn 0.0125 -0.0639 -0.9979
vn 0.1032 -0.1531 -0.9828
vn 0.0269 0.0901 -0.9956
vn 0.0265 0.0729 -0.9970
vn 0.0265 0.0725 -0.9970
vn 0.0257 0.0432 -0.9987
vn 0.0247 0.0215 -0.9995
vn 0.0249 0.0074 -0.9997
vn 0.0250 0.0160 -0.9996
vn 0.0250 0.0162 -0.9996
vn 0.0250 0.0270 -0.9993
vn 0.0228 -0.0549 -0.9982
vn 0.0318 -0.2990 -0.9537
vn -0.0223 0.0049 0.9997
vn -0.0225 0.0375 0.9990
vn -0.0227 0.0830 0.9963
vn -0.0216 0.0368 0.9991
vn -0.0278 -0.1089 0.9937
vn -0.0247 0.1108 0.9935
vn -0.0244 0.0953 0.9951
vn -0.0243 0.0953 0.9952
vn -0.0235 0.0613 0.9978
vn -0.0219 0.0246 0.9995
vn -0.0189 -0.0283 0.9994
vn -0.0243 -0.0232 0.9994
vn -0.0244 -0.0231 0.9994
vn -0.0288 -0.0189 0.9994
vn -0.0305 -0.0175 0.9994
vn -0.0621 0.0151 0.9980
vn -0.0227 -0.0239 0.9995
vn -0.0227 -0.0240 0.9995
vn 0.0125 -0.0587 0.9982
vn 0.0153 -0.0614 0.9980
vn 0.0381 -0.0872 0.9955
vn 0.0094 -0.0249 0.9996
vn -0.0618 -0.0210 0.9979
vn 0.0179 -0.0215 0.9996
vn -0.0053 -0.0225 0.9997
vn -0.0055 -0.0225 0.9997
vn -0.0301 -0.0236 0.9993
vn -0.0246 -0.0231 0.9994
vn 0.1372 -0.0243 0.9902
vn 0.0083 -0.0248 0.9997
vn 0.0036 0.0259 0.9997
vn -0.0402 0.0241 0.9989
vn -0.0189 0.0266 0.9995
vn -0.0200 0.0260 0.9995
vn -0.0011 0.0258 0.9997
vn -0.0254 0.0256 0.9993
vn -0.0400 0.0270 0.9988
vn -0.0567 0.0278 0.9980
vn -0.0057 0.0280 0.9996
vn 0.0422 0.0099 -0.9991
vn -0.0421 0.0952 -0.9946
vn 0.0425 0.0097 -0.9991
vn 0.0270 0.0218 -0.9994
vn -0.0125 0.0562 -0.9983
vn 0.0533 -0.0068 -0.9986
vn 0.0372 0.0106 -0.9993
vn 0.0368 0.0111 -0.9993
vn 0.0148 0.0349 -0.9993
vn 0.0260 0.0215 -0.9994
vn 0.1595 -0.1101 -0.9810
vn -0.0482 0.0266 -0.9985
vn -0.0624 0.0267 -0.9977
vn -0.0481 0.0266 -0.9985
vn 0.0178 0.0255 -0.9995
vn 0.0538 0.0280 -0.9982
vn -0.0409 0.0254 -0.9988
vn -0.0410 0.0254 -0.9988
vn -0.1594 0.0219 -0.9870
vn 0.1205 0.0207 -0.9925
vn 0.0667 0.0231 -0.9975
vn -0.0042 0.0261 -0.9997
vn -0.0133 0.0267 -0.9996
vn -0.0281 0.0266 -0.9993
vn -0.0293 0.0217 -0.9993
vn -0.0531 -0.0038 -0.9986
vn -0.0634 -0.0144 -0.9979
vn -0.0634 -0.0143 -0.9979
vn -0.0785 -0.0298 -0.9965
vn -0.0694 -0.0208 -0.9974
vn -0.0783 -0.0312 -0.9964
vn -0.0829 -0.0363 -0.9959
vn -0.0824 -0.0358 -0.9960
vn -0.0854 -0.0390 -0.9956
vn 0.0373 0.0809 -0.9960
vn -0.0249 0.0016 -0.9997
vn -0.0254 0.0188 -0.9995
vn -0.0249 0.0023 -0.9997
vn -0.0283 -0.1575 -0.9871
vn -0.0241 -0.0565 -0.9981
vn -0.0290 0.1501 -0.9883
vn -0.0288 0.0353 -0.9990
vn -0.0288 0.0359 -0.9989
vn -0.0284 -0.0589 -0.9979
vn -0.0267 0.0235 -0.9994
vn -0.0240 -0.0361 -0.9991
vn 0.0252 -0.0282 -0.9993
vn 0.0774 0.0263 -0.9967
vn -0.0864 -0.1272 -0.9881
vn -0.0641 -0.1083 -0.9921
vn -0.0826 -0.1275 -0.9884
vn 0.0092 -0.0366 -0.9993
vn 0.0907 0.0447 -0.9949
vn 0.0468 0.0031 -0.9989
vn -0.0264 -0.0818 -0.9963
vt 0.371630 0.386606
vt 0.372567 0.388998
vt 0.045582 0.386606
vt 0.461828 0.139916
vt 0.415986 0.463122
vt 0.406260 0.463122
vt 0.934398 0.131367
vt 0.917740 0.120060
vt 0.926082 0.083419
vt 0.927537 0.841070
vt 0.914597 0.825750
vt 0.924780 0.819921
vt 0.946941 0.081466
vt 0.946941 0.137012
vt 0.914133 0.847331
vt 0.920054 0.147474
vt 0.695931 0.187041
vt 0.710206 0.227810
vt 0.695931 0.234148
vt 0.661832 0.086691
vt 0.680401 0.038827
vt 0.700330 0.050667
vt 0.422152 0.902016
vt 0.429487 0.934005
vt 0.404673 0.905807
vt 0.676094 0.101589
vt 0.661832 0.037451
vt 0.429487 0.858267
vt 0.706410 0.750309
vt 0.707960 0.729763
vt 0.745093 0.731184
vt 0.650495 0.890969
vt 0.662244 0.872044
vt 0.667918 0.889583
vt 0.840299 0.423529
vt 0.846336 0.407098
vt 0.875918 0.430860
vt 0.862956 0.443273
vt 0.835855 0.441698
vt 0.473471 0.912013
vt 0.453561 0.901780
vt 0.469809 0.878487
vt 0.649847 0.860411
vt 0.660499 0.901696
vt 0.512291 0.179777
vt 0.514125 0.183844
vt 0.507141 0.182910
vt 0.504523 0.177637
vt 0.510252 0.176967
vt 0.050408 0.962054
vt 0.046313 0.968574
vt 0.046099 0.962414
vt 0.500948 0.180055
vt 0.050587 0.968076
vt 0.517172 0.175605
vt 0.939748 0.309441
vt 0.930958 0.309141
vt 0.929967 0.249043
vt 0.942596 0.250144
vt 0.948704 0.309879
vt 0.989720 0.439707
vt 0.979645 0.444372
vt 0.979523 0.439222
vt 0.981225 0.433577
vt 0.991657 0.430238
vt 0.990049 0.448892
vt 0.736610 0.063597
vt 0.739320 0.062240
vt 0.773348 0.083620
vt 0.284314 0.605374
vt 0.367624 0.614394
vt 0.363958 0.627309
vt 0.362933 0.630149
vt 0.282061 0.607402
vt 0.729379 0.075782
vt 0.288250 0.591762
vt 0.794474 0.297533
vt 0.832528 0.298014
vt 0.778249 0.312465
vt 0.583344 0.103714
vt 0.604423 0.099342
vt 0.636997 0.110542
vt 0.784712 0.294415
vt 0.596771 0.085322
vt 0.587264 0.108665
vt 0.793628 0.658637
vt 0.839314 0.658408
vt 0.839314 0.662154
vt 0.329834 0.983239
vt 0.330396 0.937543
vt 0.332606 0.982759
vt 0.329568 0.937551
vt 0.794555 0.661514
vt 0.793095 0.655729
vt 0.327301 0.984457
vt 0.384115 0.394440
vt 0.385503 0.397146
vt 0.378266 0.394466
vt 0.298938 0.953203
vt 0.300834 0.954973
vt 0.294062 0.955863
vt 0.377767 0.391522
vt 0.383913 0.392320
vt 0.295829 0.952525
vt 0.535877 0.259227
vt 0.539138 0.259130
vt 0.543327 0.513573
vt 0.260021 0.313060
vt 0.005586 0.313060
vt 0.000656 0.303131
vt 0.015682 0.757645
vt 0.018111 0.756907
vt 0.018111 0.796880
vt 0.040109 0.920644
vt 0.045428 0.864388
vt 0.048135 0.865222
vt 0.042632 0.920370
vt 0.601389 0.843450
vt 0.601389 0.804731
vt 0.604128 0.842087
vt 0.652488 0.173347
vt 0.662257 0.131761
vt 0.664524 0.132859
vt 0.037105 0.921222
vt 0.651808 0.315592
vt 0.701324 0.314289
vt 0.702154 0.320032
vt 0.614520 0.553288
vt 0.617752 0.559486
vt 0.560344 0.555306
vt 0.559880 0.550971
vt 0.613422 0.548978
vt 0.649540 0.311756
vt 0.656459 0.320575
vt 0.478286 0.562755
vt 0.475562 0.562993
vt 0.482373 0.310366
vt 0.482526 0.564025
vt 0.483201 0.965472
vt 0.468686 0.962134
vt 0.479951 0.958840
vt 0.485795 0.971225
vt 0.471533 0.967674
vt 0.482607 0.957866
vt 0.485570 0.963726
vt 0.772682 0.010330
vt 0.774658 0.010576
vt 0.772703 0.015309
vt 0.773296 0.005353
vt 0.775046 0.004895
vt 0.763697 0.007925
vt 0.763594 0.000420
vt 0.932278 0.630290
vt 0.931343 0.641856
vt 0.926588 0.640478
vt 0.578588 0.753965
vt 0.572832 0.752718
vt 0.577540 0.750921
vt 0.678195 0.964158
vt 0.674725 0.963915
vt 0.673537 0.960577
vt 0.581562 0.750871
vt 0.573943 0.756210
vt 0.573696 0.759081
vt 0.584247 0.753769
vt 0.580155 0.757043
vt 0.199220 0.014230
vt 0.193479 0.013880
vt 0.199220 0.004272
vt 0.517268 0.520042
vt 0.508148 0.516043
vt 0.508148 0.263310
vt 0.858219 0.516755
vt 0.860517 0.527188
vt 0.854115 0.545701
vt 0.849335 0.520075
vt 0.856114 0.504669
vt 0.861796 0.510627
vt 0.860055 0.507695
vt 0.414279 0.380794
vt 0.415257 0.384934
vt 0.408048 0.383958
vt 0.411669 0.376781
vt 0.878920 0.956337
vt 0.872320 0.956101
vt 0.872410 0.954403
vt 0.879522 0.958452
vt 0.878190 0.954142
vt 0.886358 0.957992
vt 0.885641 0.956281
vt 0.524780 0.862252
vt 0.525185 0.860015
vt 0.528517 0.860808
vt 0.513794 0.851278
vt 0.527198 0.863627
vt 0.517056 0.872153
vt 0.513422 0.853115
vt 0.912722 0.945043
vt 0.919689 0.944815
vt 0.915596 0.951791
vt 0.911196 0.930505
vt 0.747368 0.668033
vt 0.691927 0.670427
vt 0.700654 0.657712
vt 0.744997 0.653165
vt 0.751602 0.674664
vt 0.729801 0.675368
vt 0.935561 0.018603
vt 0.928381 0.011562
vt 0.940604 0.014952
vt 0.119020 0.972014
vt 0.115429 0.970164
vt 0.120800 0.970041
vt 0.940537 0.019969
vt 0.125563 0.975269
vt 0.112331 0.979435
vt 0.379163 0.003063
vt 0.385100 0.015742
vt 0.379163 0.019405
vt 0.146769 0.003191
vt 0.177302 0.001281
vt 0.147388 0.027384
vt 0.582903 0.442570
vt 0.595894 0.473665
vt 0.568882 0.462448
vt 0.290695 0.920937
vt 0.312374 0.905808
vt 0.313060 0.927537
vt 0.593813 0.433581
vt 0.604105 0.450484
vt 0.602072 0.955763
vt 0.605993 0.963336
vt 0.602297 0.960872
vt 0.598969 0.952336
vt 0.599579 0.947762
vt 0.604074 0.948959
vt 0.607237 0.956304
vt 0.600804 0.957809
vt 0.224289 0.985859
vt 0.225695 0.985205
vt 0.228355 0.989056
vt 0.988338 0.966343
vt 0.981112 0.968464
vt 0.982584 0.962467
vt 0.221183 0.991778
vt 0.218624 0.983584
vt 0.984327 0.969268
vt 0.223464 0.981383
vt 0.219606 0.978491
vt 0.776242 0.248994
vt 0.821364 0.238087
vt 0.826340 0.254773
vt 0.592782 0.156785
vt 0.644056 0.161121
vt 0.595784 0.173984
vt 0.778601 0.261832
vt 0.643652 0.148700
vt 0.770137 0.230560
vt 0.592910 0.144766
vt 0.060230 0.172054
vt 0.060230 0.162555
vt 0.065781 0.171391
vt 0.000305 0.289440
vt 0.260021 0.297536
vt 0.005272 0.297536
vt 0.356791 0.981143
vt 0.349565 0.980170
vt 0.356174 0.978705
vt 0.349780 0.982512
vt 0.353745 0.992219
vt 0.963724 0.848717
vt 0.964115 0.839801
vt 0.971295 0.841163
vt 0.363160 0.979030
vt 0.366306 0.987922
vt 0.925127 0.532177
vt 0.927537 0.529512
vt 0.932456 0.534204
vt 0.928107 0.537756
vt 0.923815 0.533556
vt 0.928941 0.535830
vt 0.925007 0.648734
vt 0.924698 0.646803
vt 0.930055 0.648368
vt 0.925219 0.652117
vt 0.466710 0.974642
vt 0.463567 0.977826
vt 0.463840 0.973570
vt 0.471536 0.971743
vt 0.473989 0.973339
vt 0.466198 0.977176
vt 0.482466 0.587478
vt 0.490598 0.535939
vt 0.500654 0.587293
vt 0.952667 0.758933
vt 0.970042 0.803892
vt 0.952667 0.811109
vt 0.385503 0.814678
vt 0.356906 0.884941
vt 0.374216 0.797741
vt 0.884809 0.344107
vt 0.884809 0.264346
vt 0.899077 0.269599
vt 0.501505 0.664929
vt 0.971520 0.766604
vt 0.098104 0.839500
vt 0.108915 0.843238
vt 0.098428 0.843089
vt 0.404908 0.711922
vt 0.399371 0.709336
vt 0.395071 0.704903
vt 0.097207 0.841259
vt 0.092095 0.836909
vt 0.089049 0.832591
vt 0.107086 0.840537
vt 0.339013 0.953205
vt 0.350163 0.950230
vt 0.345374 0.964292
vt 0.905545 0.020828
vt 0.903679 0.029473
vt 0.836436 0.010026
vt 0.236290 0.098803
vt 0.249672 0.167464
vt 0.236290 0.177644
vt 0.901664 0.088046
vt 0.901664 0.166879
vt 0.891451 0.089372
vt 0.173326 0.993512
vt 0.174073 0.979915
vt 0.180704 0.989785
vt 0.338350 0.965789
vt 0.977749 0.213636
vt 0.975621 0.212113
vt 0.979662 0.207434
vt 0.978836 0.214275
vt 0.974698 0.217405
vt 0.972472 0.216280
vt 0.981200 0.208794
vt 0.470153 0.801354
vt 0.471104 0.800418
vt 0.475086 0.808077
vt 0.471684 0.814011
vt 0.440094 0.810871
vt 0.454715 0.811762
vt 0.428789 0.819979
vt 0.421020 0.817203
vt 0.438775 0.809379
vt 0.500520 0.970249
vt 0.493846 0.962999
vt 0.503369 0.962442
vt 0.509284 0.971144
vt 0.510083 0.978165
vt 0.495027 0.969497
vt 0.503170 0.979230
vt 0.664647 0.121267
vt 0.662043 0.120476
vt 0.665123 0.118405
vt 0.669695 0.118637
vt 0.669269 0.121336
vt 0.516007 0.829302
vt 0.508916 0.835068
vt 0.515112 0.818871
vt 0.518133 0.817506
vt 0.519386 0.828708
vt 0.517574 0.832703
vt 0.511982 0.837099
vt 0.050769 0.940043
vt 0.050999 0.944360
vt 0.046902 0.941176
vt 0.047060 0.937894
vt 0.056213 0.937549
vt 0.057464 0.941931
vt 0.052753 0.942657
vt 0.069807 0.067241
vt 0.073737 0.071235
vt 0.064250 0.075031
vt 0.064250 0.064538
vt 0.507726 0.948235
vt 0.495440 0.911101
vt 0.501776 0.905353
vt 0.263685 0.661387
vt 0.265634 0.688359
vt 0.247401 0.662791
vt 0.492539 0.945251
vt 0.491461 0.918115
vt 0.279886 0.677122
vt 0.275231 0.635894
vt 0.518748 0.921631
vt 0.498810 0.170552
vt 0.502478 0.171643
vt 0.502852 0.173668
vt 0.966916 0.852348
vt 0.966237 0.854245
vt 0.960522 0.853953
vt 0.971520 0.848850
vt 0.966778 0.850690
vt 0.971133 0.848435
vt 0.960141 0.851965
vt 0.596627 0.230580
vt 0.598309 0.308212
vt 0.593754 0.228939
vt 0.601049 0.305578
vt 0.443661 0.802054
vt 0.440800 0.800394
vt 0.442528 0.756888
vt 0.600557 0.229534
vt 0.447598 0.801033
vt 0.360420 0.632461
vt 0.778409 0.082131
vt 0.779923 0.084820
vt 0.739389 0.057985
vt 0.283226 0.611494
vt 0.843693 0.299464
vt 0.833516 0.293320
vt 0.139080 0.963859
vt 0.132190 0.964284
vt 0.131933 0.959535
vt 0.840853 0.303086
vt 0.141118 0.968955
vt 0.135614 0.968002
vt 0.139708 0.959104
vt 0.844687 0.294753
vt 0.736447 0.187588
vt 0.732528 0.182714
vt 0.737622 0.184916
vt 0.731503 0.185855
vt 0.737711 0.191458
vt 0.735837 0.188893
vt 0.740339 0.189699
vt 0.739429 0.185746
vt 0.196345 0.441530
vt 0.210188 0.445889
vt 0.185624 0.524653
vt 0.170282 0.518316
vt 0.194737 0.439520
vt 0.244311 0.805156
vt 0.300059 0.806971
vt 0.243896 0.819664
vt 0.245804 0.803058
vt 0.172337 0.520399
vt 0.224136 0.979500
vt 0.226704 0.984037
vt 0.343824 0.911251
vt 0.328579 0.923751
vt 0.334952 0.902866
vt 0.601493 0.849038
vt 0.622918 0.818587
vt 0.611124 0.850823
vt 0.335282 0.930886
vt 0.330299 0.930574
vt 0.357964 0.912079
vt 0.367392 0.880248
vt 0.805814 0.019750
vt 0.807682 0.022385
vt 0.801784 0.022272
vt 0.805793 0.017347
vt 0.811165 0.016881
vt 0.813021 0.020143
vt 0.902239 0.304725
vt 0.902964 0.247157
vt 0.904822 0.307150
vt 0.901044 0.245998
vt 0.995570 0.024696
vt 0.995525 0.027245
vt 0.988220 0.027851
vt 0.899044 0.315647
vt 0.899479 0.298110
vt 0.985907 0.024739
vt 0.290122 0.589799
vt 0.368333 0.610641
vt 0.166046 0.862638
vt 0.107866 0.860334
vt 0.166798 0.849202
vt 0.166145 0.866447
vt 0.107898 0.863427
vt 0.797035 0.015893
vt 0.796605 0.025229
vt 0.787058 0.019208
vt 0.788621 0.009419
vt 0.799467 0.006654
vt 0.871356 0.214797
vt 0.820062 0.221892
vt 0.868191 0.206489
vt 0.871914 0.224144
vt 0.837816 0.231561
vt 0.567298 0.756276
vt 0.563944 0.760233
vt 0.561770 0.759011
vt 0.564985 0.754749
vt 0.569441 0.757267
vt 0.798843 0.964883
vt 0.791315 0.963469
vt 0.791534 0.960788
vt 0.804694 0.965432
vt 0.804043 0.974108
vt 0.791573 0.973161
vt 0.799305 0.961788
vt 0.285697 0.974537
vt 0.281059 0.965115
vt 0.288202 0.962224
vt 0.396977 0.613799
vt 0.378004 0.594409
vt 0.407464 0.582456
vt 0.404814 0.620707
vt 0.375426 0.634967
vt 0.366610 0.622849
vt 0.423019 0.592485
vt 0.903900 0.060726
vt 0.902674 0.062902
vt 0.842483 0.061229
vt 0.201086 0.968976
vt 0.191435 0.978712
vt 0.186026 0.973931
vt 0.905138 0.046110
vt 0.195484 0.961351
vt 0.203178 0.967942
vt 0.192036 0.961909
vt 0.780990 0.718904
vt 0.762494 0.786153
vt 0.751126 0.765599
vt 0.785541 0.763601
vt 0.008313 0.429145
vt 0.029537 0.438399
vt 0.044606 0.512724
vt 0.768418 0.699460
vt 0.802054 0.700145
vt 0.035189 0.526017
vt 0.001118 0.456416
vt 0.319397 0.780409
vt 0.328819 0.802082
vt 0.301635 0.822752
vt 0.533906 0.547958
vt 0.551089 0.596168
vt 0.533593 0.603056
vt 0.301635 0.737432
vt 0.337432 0.761552
vt 0.354905 0.784463
vt 0.354431 0.810432
vt 0.914898 0.045897
vt 0.914089 0.044156
vt 0.920477 0.044460
vt 0.909117 0.047421
vt 0.916097 0.049077
vt 0.910092 0.049506
vt 0.921142 0.046546
vt 0.936288 0.649443
vt 0.930800 0.646401
vt 0.937519 0.647330
vt 0.940428 0.650219
vt 0.937627 0.652765
vt 0.931529 0.650574
vt 0.966612 0.973230
vt 0.972428 0.972194
vt 0.972417 0.975673
vt 0.961384 0.970333
vt 0.962312 0.968268
vt 0.967861 0.970015
vt 0.966506 0.975527
vt 0.745683 0.987622
vt 0.744426 0.984196
vt 0.746445 0.982413
vt 0.749992 0.996224
vt 0.740788 0.997393
vt 0.748613 0.987110
vt 0.737093 0.991207
vt 0.910441 0.899930
vt 0.920718 0.901788
vt 0.920546 0.905487
vt 0.399516 0.715252
vt 0.363141 0.720867
vt 0.380756 0.711154
vt 0.937033 0.817568
vt 0.935547 0.798073
vt 0.949073 0.791612
vt 0.932451 0.813095
vt 0.399470 0.711175
vt 0.404164 0.714860
vt 0.952116 0.822752
vt 0.393378 0.730110
vt 0.167578 0.968838
vt 0.175643 0.956392
vt 0.173596 0.970006
vt 0.342488 0.981761
vt 0.339516 0.991661
vt 0.338350 0.981543
vt 0.342653 0.979444
vt 0.984457 0.848752
vt 0.977343 0.842346
vt 0.982132 0.840805
vt 0.172994 0.971658
vt 0.101277 0.106499
vt 0.103735 0.100316
vt 0.108665 0.108665
vt 0.098316 0.011284
vt 0.092962 0.016817
vt 0.092962 0.009729
vt 0.530391 0.782540
vt 0.530391 0.831808
vt 0.527388 0.787806
vt 0.852257 0.494956
vt 0.848255 0.489976
vt 0.871845 0.493375
vt 0.896490 0.844744
vt 0.889039 0.803599
vt 0.896490 0.795471
vt 0.875791 0.500637
vt 0.925868 0.335106
vt 0.937886 0.321118
vt 0.937886 0.375154
vt 0.926228 0.308461
vt 0.848510 0.922073
vt 0.846075 0.919931
vt 0.847428 0.916469
vt 0.852248 0.920122
vt 0.855203 0.929531
vt 0.845567 0.927533
vt 0.840800 0.922911
vt 0.557451 0.240020
vt 0.561527 0.492296
vt 0.557451 0.492875
vt 0.115071 0.004582
vt 0.109382 0.011643
vt 0.105608 0.005768
vt 0.115134 0.011643
vt 0.564025 0.492166
vt 0.105891 0.000186
vt 0.556263 0.471807
vt 0.546522 0.474764
vt 0.556263 0.219617
vt 0.529124 0.253184
vt 0.529124 0.000379
vt 0.535536 0.256140
vt 0.632127 0.596776
vt 0.590658 0.610574
vt 0.625369 0.580626
vt 0.644231 0.611566
vt 0.607827 0.630025
vt 0.018111 0.930171
vt 0.018111 0.974108
vt 0.001825 0.944458
vt 0.653667 0.359631
vt 0.661191 0.337311
vt 0.700757 0.330679
vt 0.695825 0.347250
vt 0.065582 0.951533
vt 0.073338 0.954777
vt 0.066055 0.953199
vt 0.059883 0.950032
vt 0.061044 0.948472
vt 0.071382 0.950999
vt 0.066159 0.948350
vt 0.663340 0.961676
vt 0.661876 0.963522
vt 0.659398 0.956928
vt 0.667446 0.966676
vt 0.665416 0.958936
vt 0.669899 0.963464
vt 0.661501 0.955570
vt 0.734580 0.916085
vt 0.730930 0.914681
vt 0.734891 0.912853
vt 0.744756 0.925453
vt 0.743187 0.926981
vt 0.733226 0.917066
vt 0.741638 0.928459
vt 0.069008 0.020607
vt 0.061531 0.013823
vt 0.071150 0.013823
vt 0.065924 0.024579
vt 0.976894 0.432320
vt 0.973090 0.436070
vt 0.970412 0.434101
vt 0.983129 0.428118
vt 0.978438 0.428335
vt 0.974490 0.430600
vt 0.549539 0.908843
vt 0.555570 0.908622
vt 0.554923 0.911109
vt 0.548499 0.909768
vt 0.547512 0.903181
vt 0.554580 0.905479
vt 0.543780 0.905848
vt 0.953021 0.017528
vt 0.952401 0.021081
vt 0.946765 0.018924
vt 0.959417 0.016572
vt 0.957218 0.019461
vt 0.947972 0.016697
vt 0.953316 0.015165
vt 0.285716 0.896154
vt 0.273146 0.919726
vt 0.237028 0.927537
vt 0.276283 0.881965
vt 0.096048 0.629605
vt 0.117348 0.596264
vt 0.116429 0.625068
vt 0.292674 0.858170
vt 0.619652 0.973697
vt 0.607033 0.970136
vt 0.152683 0.548501
vt 0.186344 0.441118
vt 0.167367 0.516434
vt 0.171530 0.445135
vt 0.615665 0.958449
vt 0.152982 0.514770
vt 0.382328 0.920688
vt 0.417296 0.925270
vt 0.370020 0.924222
vt 0.232746 0.939540
vt 0.243328 0.928802
vt 0.234689 0.973214
vt 0.206569 0.968835
vt 0.218478 0.971581
vt 0.216364 0.973636
vt 0.518343 0.004432
vt 0.520042 0.078925
vt 0.517451 0.079064
vt 0.204481 0.971259
vt 0.912013 0.169466
vt 0.909319 0.168468
vt 0.912013 0.094947
vt 0.207486 0.966224
vt 0.922362 0.308281
vt 0.922362 0.382916
vt 0.919745 0.308569
vt 0.007026 0.613726
vt 0.027387 0.601593
vt 0.026039 0.617351
vt 0.089954 0.743267
vt 0.094750 0.750776
vt 0.082503 0.757660
vt 0.008164 0.622710
vt 0.072588 0.747202
vt 0.083335 0.737285
vt 0.015105 0.594555
vt 0.001826 0.609551
vt 0.184894 0.017635
vt 0.191581 0.024347
vt 0.176600 0.031047
vt 0.186465 0.015866
vt 0.183670 0.010299
vt 0.503136 0.157897
vt 0.510010 0.169288
vt 0.504336 0.169316
vt 0.495959 0.157592
vt 0.182256 0.010217
vt 0.301501 0.688178
vt 0.315570 0.666672
vt 0.301501 0.715381
vt 0.451731 0.808522
vt 0.451101 0.781326
vt 0.467240 0.774293
vt 0.944354 0.869517
vt 0.933372 0.898201
vt 0.932556 0.892341
vt 0.939153 0.894888
vt 0.513573 0.957092
vt 0.504927 0.955853
vt 0.513217 0.945847
vt 0.749836 0.715986
vt 0.785822 0.271924
vt 0.834756 0.271591
vt 0.835855 0.274067
vt 0.587425 0.133093
vt 0.640786 0.131647
vt 0.641004 0.133637
vt 0.587730 0.136140
vt 0.785206 0.268948
vt 0.786461 0.275023
vt 0.587766 0.129858
vt 0.797752 0.681146
vt 0.840652 0.684217
vt 0.851675 0.690483
vt 0.873138 0.224227
vt 0.870453 0.271625
vt 0.870454 0.226365
vt 0.874835 0.271805
vt 0.795204 0.678621
vt 0.817149 0.702142
vt 0.883951 0.192106
vt 0.785303 0.951560
vt 0.783462 0.944223
vt 0.789683 0.949580
vt 0.780508 0.945732
vt 0.792669 0.954861
vt 0.792601 0.957174
vt 0.781867 0.951636
vt 0.786442 0.956055
vt 0.855128 0.773367
vt 0.838692 0.770897
vt 0.866864 0.760034
vt 0.295983 0.745042
vt 0.261531 0.749339
vt 0.260076 0.722334
vt 0.886140 0.778771
vt 0.301417 0.732467
vt 0.154371 0.773072
vt 0.143606 0.765391
vt 0.150055 0.759178
vt 0.881516 0.800761
vt 0.558851 0.969668
vt 0.536584 0.941150
vt 0.542332 0.940392
vt 0.888735 0.363742
vt 0.883584 0.399733
vt 0.883509 0.360975
vt 0.890505 0.320451
vt 0.905545 0.322157
vt 0.905545 0.372508
vt 0.541317 0.974507
vt 0.612812 0.532427
vt 0.613469 0.546017
vt 0.561825 0.546578
vt 0.558949 0.529867
vt 0.612958 0.529471
vt 0.650294 0.295143
vt 0.700894 0.295549
vt 0.649550 0.308793
vt 0.559246 0.532959
vt 0.649613 0.292218
vt 0.132976 0.700578
vt 0.139800 0.668440
vt 0.148595 0.690775
vt 0.133535 0.737556
vt 0.116720 0.707412
vt 0.155939 0.726713
vt 0.114500 0.677379
vt 0.650676 0.951581
vt 0.651870 0.955267
vt 0.642734 0.952879
vt 0.643354 0.949538
vt 0.935230 0.050594
vt 0.927765 0.049811
vt 0.928202 0.047160
vt 0.932257 0.052453
vt 0.653194 0.949118
vt 0.934928 0.047054
vt 0.980051 0.879932
vt 0.986791 0.882763
vt 0.979442 0.882357
vt 0.974341 0.878184
vt 0.975255 0.875840
vt 0.981916 0.877894
vt 0.984865 0.879384
vt 0.600204 0.920148
vt 0.599292 0.883645
vt 0.626847 0.923114
vt 0.577665 0.867984
vt 0.628822 0.944354
vt 0.582623 0.900831
vt 0.579423 0.934345
vt 0.967639 0.711498
vt 0.967639 0.759364
vt 0.949144 0.741016
vt 0.489303 0.797191
vt 0.471921 0.798415
vt 0.465475 0.784150
vt 0.492875 0.787451
vt 0.299891 0.830029
vt 0.243422 0.824425
vt 0.300618 0.825803
vt 0.297933 0.840908
vt 0.241330 0.828265
vt 0.489208 0.801122
vt 0.971071 0.331769
vt 0.972230 0.329654
vt 0.977817 0.339826
vt 0.976502 0.341858
vt 0.968192 0.331429
vt 0.906839 0.723142
vt 0.904541 0.721558
vt 0.906839 0.647154
vt 0.910720 0.626727
vt 0.910720 0.702444
vt 0.908862 0.627985
vt 0.015524 0.155236
vt 0.012125 0.079284
vt 0.014246 0.079502
vt 0.972868 0.268177
vt 0.970223 0.259930
vt 0.976773 0.269043
vt 0.970510 0.267887
vt 0.969371 0.261804
vt 0.977496 0.273337
vt 0.971747 0.269530
vt 0.710786 0.289059
vt 0.701441 0.290691
vt 0.702562 0.287870
vt 0.032446 0.979391
vt 0.032323 0.982808
vt 0.025979 0.984488
vt 0.038963 0.981766
vt 0.026553 0.976223
vt 0.033911 0.977448
vt 0.038583 0.979622
vt 0.982343 0.047422
vt 0.977725 0.038168
vt 0.984139 0.036140
vt 0.972816 0.424133
vt 0.978310 0.422875
vt 0.973506 0.426230
vt 0.968019 0.428056
vt 0.961038 0.422045
vt 0.978047 0.420899
vt 0.967755 0.414589
vt 0.079267 0.023631
vt 0.084086 0.029162
vt 0.079267 0.032341
vt 0.309493 0.000449
vt 0.315647 0.332010
vt 0.309493 0.336345
vt 0.100229 0.116427
vt 0.107396 0.110363
vt 0.108665 0.116427
vt 0.010569 0.245114
vt 0.252134 0.011685
vt 0.013305 0.251921
vt 0.101444 0.107803
vt 0.328067 0.002228
vt 0.336345 0.000601
vt 0.336345 0.333758
vt 0.806676 0.741347
vt 0.806968 0.726300
vt 0.816974 0.728767
vt 0.714302 0.911983
vt 0.714729 0.968338
vt 0.711812 0.969440
vt 0.744054 0.429213
vt 0.751047 0.425842
vt 0.744847 0.431109
vt 0.749738 0.423669
vt 0.818007 0.742871
vt 0.699685 0.911978
vt 0.716911 0.912236
vt 0.976215 0.586373
vt 0.984568 0.584812
vt 0.982739 0.587671
vt 0.975410 0.589189
vt 0.973261 0.585593
vt 0.979470 0.581383
vt 0.981218 0.589575
vt 0.275562 0.960775
vt 0.274989 0.964078
vt 0.271096 0.961769
vt 0.275702 0.958583
vt 0.281467 0.960089
vt 0.271445 0.959145
vt 0.281249 0.962476
vt 0.758660 0.580499
vt 0.765429 0.582450
vt 0.749527 0.593705
vt 0.767998 0.572146
vt 0.762878 0.571162
vt 0.749768 0.576692
vt 0.758723 0.574450
vt 0.743820 0.589247
vt 0.179566 0.978529
vt 0.175719 0.975966
vt 0.177409 0.974757
vt 0.181887 0.980293
vt 0.172745 0.977665
vt 0.182226 0.977014
vt 0.001116 0.346954
vt 0.332464 0.346954
vt 0.328123 0.349282
vt 0.108665 0.099355
vt 0.326250 0.336345
vt 0.326250 0.002169
vt 0.335052 0.333313
vt 0.947363 0.317803
vt 0.958896 0.324185
vt 0.945764 0.320043
vt 0.942947 0.317359
vt 0.944791 0.315318
vt 0.947968 0.314070
vt 0.960201 0.321656
vt 0.836246 0.922845
vt 0.838927 0.919011
vt 0.832641 0.919376
vt 0.829769 0.924441
vt 0.836141 0.927699
vt 0.785571 0.026611
vt 0.783580 0.029084
vt 0.783083 0.024614
vt 0.788987 0.026436
vt 0.787894 0.031506
vt 0.782013 0.021328
vt 0.785078 0.021611
vt 0.776181 0.305380
vt 0.770381 0.304055
vt 0.773610 0.294952
vt 0.369980 0.360924
vt 0.359707 0.357796
vt 0.369980 0.033056
vt 0.923027 0.905766
vt 0.925841 0.907539
vt 0.922451 0.912994
vt 0.919889 0.911440
vt 0.923503 0.901409
vt 0.927381 0.901643
vt 0.205367 0.840223
vt 0.208827 0.833464
vt 0.224841 0.831845
vt 0.177929 0.845951
vt 0.204675 0.844358
vt 0.174777 0.858845
vt 0.224542 0.835521
vt 0.980644 0.397302
vt 0.984457 0.367357
vt 0.983794 0.407495
vt 0.979209 0.398868
vt 0.980501 0.356468
vt 0.894226 0.950381
vt 0.899114 0.947744
vt 0.896156 0.951542
vt 0.897132 0.945046
vt 0.891627 0.946166
vt 0.887336 0.948978
vt 0.890350 0.951691
vt 0.879749 0.892907
vt 0.862974 0.869842
vt 0.903981 0.889373
vt 0.890154 0.930124
vt 0.867752 0.906492
vt 0.908615 0.913550
vt 0.676608 0.475139
vt 0.670752 0.517773
vt 0.658325 0.497335
vt 0.695889 0.492480
vt 0.922086 0.958848
vt 0.926854 0.958073
vt 0.922513 0.973442
vt 0.917556 0.957370
vt 0.921738 0.956338
vt 0.917572 0.960631
vt 0.954830 0.023558
vt 0.946761 0.027126
vt 0.946052 0.022117
vt 0.266138 0.866618
vt 0.262962 0.874642
vt 0.246681 0.868376
vt 0.252764 0.862993
vt 0.263754 0.857009
vt 0.020620 0.902372
vt 0.023285 0.950497
vt 0.020620 0.952116
vt 0.952116 0.097067
vt 0.949091 0.097419
vt 0.949091 0.048963
vt 0.932711 0.474764
vt 0.927007 0.468308
vt 0.927586 0.464954
vt 0.576962 0.875223
vt 0.575039 0.876066
vt 0.575533 0.864693
vt 0.951103 0.107372
vt 0.576962 0.924950
vt 0.799627 0.563252
vt 0.764539 0.298028
vt 0.759399 0.325996
vt 0.759399 0.220844
vt 0.809666 0.578278
vt 0.061036 0.160411
vt 0.062991 0.077441
vt 0.077618 0.151558
vt 0.050128 0.083831
vt 0.566531 0.947065
vt 0.572588 0.944474
vt 0.568395 0.950382
vt 0.819557 0.722028
vt 0.816782 0.722299
vt 0.818896 0.716408
vt 0.821513 0.726233
vt 0.571144 0.942975
vt 0.821316 0.723685
vt 0.564450 0.948204
vt 0.187466 0.916675
vt 0.184700 0.907753
vt 0.197318 0.916310
vt 0.193627 0.918658
vt 0.191222 0.922961
vt 0.180115 0.912226
vt 0.186065 0.919918
vt 0.842681 0.840863
vt 0.842681 0.772528
vt 0.851345 0.839123
vt 0.964513 0.007356
vt 0.971281 0.010489
vt 0.969031 0.021522
vt 0.443732 0.447504
vt 0.464415 0.522899
vt 0.448290 0.515688
vt 0.359483 0.960701
vt 0.353837 0.964244
vt 0.934108 0.549064
vt 0.930963 0.544176
vt 0.936172 0.548060
vt 0.929614 0.545408
vt 0.940344 0.551760
vt 0.922585 0.554077
vt 0.539164 0.922912
vt 0.540278 0.913266
vt 0.547598 0.914488
vt 0.931718 0.559155
vt 0.778035 0.023713
vt 0.779710 0.023189
vt 0.781710 0.029348
vt 0.973432 0.695730
vt 0.971676 0.699655
vt 0.967401 0.699384
vt 0.779711 0.029668
vt 0.974352 0.691916
vt 0.977636 0.696043
vt 0.777122 0.017273
vt 0.631726 0.370590
vt 0.716315 0.352349
vt 0.633524 0.378932
vt 0.221694 0.080368
vt 0.235442 0.154313
vt 0.221694 0.166894
vt 0.587011 0.776181
vt 0.581133 0.761647
vt 0.587311 0.763578
vt 0.680452 0.940860
vt 0.675778 0.952165
vt 0.673510 0.940340
vt 0.578477 0.775317
vt 0.027166 0.899036
vt 0.019062 0.900370
vt 0.027166 0.823821
vt 0.934130 0.912664
vt 0.941847 0.919463
vt 0.939113 0.924831
vt 0.931658 0.918658
vt 0.929760 0.905590
vt 0.914133 0.815069
vt 0.927316 0.812887
vt 0.929526 0.909448
vt 0.911910 0.810217
vt 0.910822 0.808338
vt 0.914701 0.809058
vt 0.097354 0.863056
vt 0.097405 0.859632
vt 0.095936 0.865334
vt 0.095505 0.861803
vt 0.105685 0.865302
vt 0.956205 0.472177
vt 0.953301 0.425691
vt 0.968933 0.434768
vt 0.296905 0.895196
vt 0.314252 0.815150
vt 0.314353 0.892119
vt 0.295246 0.883729
vt 0.933611 0.470306
vt 0.906272 0.941635
vt 0.913307 0.949815
vt 0.900423 0.950128
vt 0.904330 0.940229
vt 0.834048 0.101667
vt 0.788902 0.103154
vt 0.835033 0.087632
vt 0.834282 0.103981
vt 0.963225 0.235442
vt 0.963076 0.225366
vt 0.970681 0.222201
vt 0.890429 0.868406
vt 0.898170 0.880248
vt 0.644027 0.522812
vt 0.637979 0.499167
vt 0.863271 0.852941
vt 0.926020 0.952407
vt 0.934005 0.952063
vt 0.929199 0.953761
vt 0.923417 0.954019
vt 0.922882 0.952091
vt 0.629551 0.954875
vt 0.634853 0.952598
vt 0.634416 0.955971
vt 0.928357 0.945536
vt 0.529673 0.933309
vt 0.527314 0.936115
vt 0.525308 0.931933
vt 0.526244 0.930394
vt 0.531652 0.932011
vt 0.529782 0.937022
vt 0.533180 0.936391
vt 0.099450 0.561470
vt 0.120419 0.571631
vt 0.096916 0.576432
vt 0.485113 0.880210
vt 0.474673 0.910719
vt 0.474673 0.843884
vt 0.355750 0.330100
vt 0.355750 0.355750
vt 0.333743 0.338313
vt 0.602455 0.965905
vt 0.604979 0.971749
vt 0.598472 0.965121
vt 0.599753 0.961677
vt 0.710304 0.183467
vt 0.711419 0.212268
vt 0.706024 0.183311
vt 0.820234 0.832314
vt 0.807724 0.802647
vt 0.824046 0.802976
vt 0.705762 0.179067
vt 0.716674 0.169722
vt 0.713084 0.212105
vt 0.803238 0.833101
vt 0.193356 0.614064
vt 0.187041 0.601377
vt 0.197034 0.610620
vt 0.219531 0.626299
vt 0.206671 0.639150
vt 0.174854 0.614430
vt 0.587311 0.930911
vt 0.577294 0.947716
vt 0.193100 0.925799
vt 0.189191 0.924185
vt 0.191938 0.927850
vt 0.200210 0.927816
vt 0.198960 0.929715
vt 0.194927 0.925075
vt 0.067269 0.034928
vt 0.062637 0.030708
vt 0.067269 0.025085
vt 0.386009 0.000228
vt 0.395853 0.000228
vt 0.395556 0.327290
vt 0.942922 0.540727
vt 0.940440 0.542394
vt 0.937498 0.538085
vt 0.941103 0.537502
vt 0.951827 0.541444
vt 0.944847 0.543895
vt 0.988084 0.867934
vt 0.987849 0.872719
vt 0.982610 0.870947
vt 0.980209 0.865069
vt 0.989543 0.863325
vt 0.996099 0.864526
vt 0.993406 0.870107
vt 0.854232 0.605440
vt 0.859414 0.605767
vt 0.848380 0.611199
vt 0.854544 0.600484
vt 0.857518 0.603204
vt 0.848780 0.601052
vt 0.843141 0.609566
vt 0.188127 0.523968
vt 0.212645 0.446805
vt 0.415214 0.947300
vt 0.367792 0.945589
vt 0.368005 0.944032
vt 0.416007 0.950105
vt 0.413944 0.945039
vt 0.191037 0.523802
vt 0.990777 0.342162
vt 0.989637 0.333362
vt 0.997393 0.342734
vt 0.996303 0.346454
vt 0.983748 0.342452
vt 0.980925 0.338707
vt 0.991269 0.344447
vt 0.731271 0.917748
vt 0.722935 0.918655
vt 0.722515 0.916926
vt 0.967409 0.270073
vt 0.894724 0.942637
vt 0.895385 0.936292
vt 0.901587 0.938513
vt 0.890972 0.944485
vt 0.886414 0.942063
vt 0.982988 0.424522
vt 0.985027 0.422698
vt 0.978960 0.425094
vt 0.985933 0.425047
vt 0.167030 0.846199
vt 0.109359 0.846702
vt 0.168776 0.842601
vt 0.955997 0.499285
vt 0.947556 0.524683
vt 0.938605 0.527818
vt 0.928300 0.694682
vt 0.920239 0.661550
vt 0.927194 0.663664
vt 0.850163 0.140384
vt 0.873123 0.155789
vt 0.820062 0.143085
vt 0.074622 0.954012
vt 0.087967 0.942956
vt 0.087967 0.977989
vt 0.935128 0.667674
vt 0.278363 0.543800
vt 0.307003 0.534155
vt 0.345248 0.547876
vt 0.287092 0.558771
vt 0.956698 0.967821
vt 0.957686 0.966197
vt 0.960706 0.972425
vt 0.956123 0.970718
vt 0.986230 0.588749
vt 0.987688 0.591413
vt 0.986396 0.587563
vt 0.923597 0.469739
vt 0.913299 0.460144
vt 0.269323 0.966028
vt 0.274938 0.966427
vt 0.264927 0.977989
vt 0.074609 0.950822
vt 0.075782 0.946812
vt 0.076559 0.949290
vt 0.269602 0.963649
vt 0.910580 0.463016
vt 0.766534 0.604801
vt 0.659772 0.130042
vt 0.659388 0.119651
vt 0.663096 0.117535
vt 0.088522 0.423013
vt 0.105030 0.435755
vt 0.098130 0.507988
vt 0.096624 0.203564
vt 0.101653 0.251640
vt 0.086263 0.252259
vt 0.108665 0.200519
vt 0.103491 0.657183
vt 0.085559 0.711900
vt 0.088527 0.642656
vt 0.081745 0.428074
vt 0.036923 0.811795
vt 0.056286 0.776907
vt 0.068338 0.797627
vt 0.675298 0.847079
vt 0.658217 0.842244
vt 0.679159 0.813094
vt 0.698901 0.107646
vt 0.717968 0.105223
vt 0.717968 0.143594
vt 0.640007 0.231232
vt 0.678821 0.211984
vt 0.649463 0.246005
vt 0.050856 0.825023
vt 0.659291 0.203828
vt 0.841224 0.912955
vt 0.832903 0.914027
vt 0.832344 0.911087
vt 0.839065 0.915081
vt 0.840274 0.910690
vt 0.849469 0.915237
vt 0.846236 0.911378
vt 0.843216 0.915596
vt 0.688007 0.555101
vt 0.696364 0.585581
vt 0.679991 0.581402
vt 0.700486 0.540746
vt 0.719636 0.561271
vt 0.714319 0.575722
vt 0.662910 0.540622
vt 0.834875 0.712758
vt 0.852823 0.757387
vt 0.834875 0.765731
vt 0.624221 0.563870
vt 0.858315 0.720305
vt 0.079155 0.733852
vt 0.095729 0.688315
vt 0.081570 0.735164
vt 0.976695 0.443677
vt 0.974901 0.484292
vt 0.971840 0.484434
vt 0.230166 0.897744
vt 0.232854 0.898318
vt 0.230166 0.954703
vt 0.973769 0.444650
vt 0.983322 0.149693
vt 0.977017 0.190164
vt 0.973700 0.150311
vt 0.696077 0.676471
vt 0.744914 0.678908
vt 0.743788 0.681946
vt 0.982636 0.188290
vt 0.986250 0.149307
vt 0.696155 0.678775
vt 0.189218 0.013049
vt 0.188089 0.014858
vt 0.185558 0.007333
vt 0.993159 0.488301
vt 0.987664 0.487744
vt 0.990969 0.482728
vt 0.993046 0.494241
vt 0.193428 0.018991
vt 0.993512 0.481667
vt 0.187331 0.006815
vt 0.310823 0.709492
vt 0.319474 0.665772
vt 0.313936 0.708500
vt 0.265195 0.959066
vt 0.261217 0.959878
vt 0.265082 0.926516
vt 0.925363 0.748203
vt 0.911969 0.795542
vt 0.922312 0.747182
vt 0.928092 0.795880
vt 0.915110 0.794832
vt 0.942781 0.749600
vt 0.394183 0.875543
vt 0.355466 0.904365
vt 0.383443 0.867503
vt 0.395776 0.877295
vt 0.155236 0.239675
vt 0.130713 0.245791
vt 0.155236 0.218547
vt 0.839778 0.246088
vt 0.954902 0.615771
vt 0.945884 0.596826
vt 0.953070 0.595457
vt 0.960707 0.596624
vt 0.435711 0.053039
vt 0.435711 0.001131
vt 0.452772 0.034392
vt 0.474134 0.260021
vt 0.464964 0.256142
vt 0.464964 0.001210
vt 0.069856 0.160005
vt 0.069724 0.166978
vt 0.928045 0.932446
vt 0.926215 0.934005
vt 0.925842 0.925598
vt 0.928377 0.925864
vt 0.930192 0.931901
vt 0.780498 0.953415
vt 0.785239 0.957955
vt 0.784643 0.960258
vt 0.780153 0.955762
vt 0.121616 0.741219
vt 0.154681 0.753694
vt 0.133840 0.756275
vt 0.841144 0.063701
vt 0.901571 0.065212
vt 0.803558 0.914989
vt 0.820165 0.844660
vt 0.805686 0.916825
vt 0.323409 0.907871
vt 0.320924 0.908132
vt 0.320924 0.831590
vt 0.848330 0.307885
vt 0.848330 0.231505
vt 0.851212 0.235658
vt 0.841440 0.066182
vt 0.834735 0.120191
vt 0.840863 0.125452
vt 0.800550 0.136951
vt 0.888906 0.931781
vt 0.880949 0.934028
vt 0.787261 0.127530
vt 0.835421 0.113068
vt 0.742840 0.790221
vt 0.709942 0.807990
vt 0.700444 0.786754
vt 0.732203 0.770236
vt 0.754896 0.776827
vt 0.755400 0.814497
vt 0.934747 0.043223
vt 0.927397 0.042418
vt 0.940473 0.032436
vt 0.653286 0.959541
vt 0.646909 0.960986
vt 0.643918 0.957634
vt 0.935152 0.045663
vt 0.652028 0.956912
vt 0.378937 0.403803
vt 0.374429 0.400437
vt 0.378850 0.402600
vt 0.373996 0.401400
vt 0.983163 0.712793
vt 0.974234 0.700550
vt 0.385446 0.403183
vt 0.266489 0.278423
vt 0.266489 0.293655
vt 0.261793 0.280354
vt 0.383461 0.417844
vt 0.964045 0.963664
vt 0.972994 0.961229
vt 0.966813 0.966861
vt 0.965522 0.957824
vt 0.958023 0.964112
vt 0.957547 0.958312
vt 0.294908 0.942816
vt 0.289334 0.947598
vt 0.291049 0.941690
vt 0.754518 0.964156
vt 0.752875 0.970303
vt 0.752680 0.964519
vt 0.755556 0.974285
vt 0.296101 0.943187
vt 0.292664 0.949919
vt 0.759065 0.963285
vt 0.817938 0.186624
vt 0.762831 0.181188
vt 0.777406 0.162736
vt 0.196190 0.743887
vt 0.223747 0.751483
vt 0.192652 0.776579
vt 0.172629 0.764409
vt 0.822752 0.161920
vt 0.769475 0.197785
vt 0.348992 0.975307
vt 0.342954 0.973940
vt 0.342919 0.970310
vt 0.354791 0.973789
vt 0.355360 0.975950
vt 0.348685 0.970492
vt 0.349575 0.977650
vt 0.599608 0.936860
vt 0.601393 0.937304
vt 0.597086 0.942645
vt 0.595930 0.942331
vt 0.980191 0.194713
vt 0.980689 0.201272
vt 0.978814 0.200552
vt 0.978065 0.194267
vt 0.982277 0.195011
vt 0.597667 0.936544
vt 0.850359 0.487259
vt 0.261217 0.924600
vt 0.087967 0.010349
vt 0.082598 0.002794
vt 0.087967 0.000267
vt 0.491915 0.257434
vt 0.491915 0.000950
vt 0.495840 0.001943
vt 0.499343 0.002077
vt 0.079042 0.008824
vt 0.257529 0.274386
vt 0.261314 0.285191
vt 0.001061 0.274386
vt 0.085166 0.012023
vt 0.086674 0.021992
vt 0.079536 0.021992
vt 0.388548 0.501529
vt 0.388548 0.246067
vt 0.397095 0.504518
vt 0.845987 0.274142
vt 0.845994 0.271621
vt 0.970056 0.877842
vt 0.971275 0.876033
vt 0.974190 0.880962
vt 0.961956 0.883304
vt 0.835500 0.287948
vt 0.846038 0.290546
vt 0.141628 0.933968
vt 0.143926 0.912107
vt 0.158965 0.919105
vt 0.856387 0.704537
vt 0.815883 0.715381
vt 0.835879 0.601981
vt 0.164292 0.962465
vt 0.133005 0.929608
vt 0.062148 0.942845
vt 0.061663 0.946207
vt 0.066631 0.947130
vt 0.063788 0.937956
vt 0.068657 0.943641
vt 0.657500 0.958694
vt 0.660453 0.965309
vt 0.995688 0.350717
vt 0.996382 0.352815
vt 0.988051 0.349028
vt 0.991094 0.348207
vt 0.656449 0.960940
vt 0.995744 0.348482
vt 0.641056 0.106187
vt 0.643235 0.092809
vt 0.749296 0.414700
vt 0.759814 0.418113
vt 0.752775 0.421346
vt 0.743864 0.399688
vt 0.766871 0.407700
vt 0.646846 0.107420
vt 0.951323 0.858164
vt 0.956534 0.857018
vt 0.959943 0.861661
vt 0.940448 0.862237
vt 0.939839 0.861325
vt 0.950361 0.856041
vt 0.952334 0.861575
vt 0.964574 0.837822
vt 0.959540 0.834416
vt 0.965141 0.835215
vt 0.970867 0.838914
vt 0.958701 0.836264
vt 0.777145 0.000049
vt 0.778313 0.004864
vt 0.776724 0.005263
vt 0.559438 0.905847
vt 0.559829 0.909399
vt 0.559084 0.913073
vt 0.130132 0.976886
vt 0.124192 0.982885
vt 0.137163 0.976309
vt 0.136105 0.987044
vt 0.982242 0.891315
vt 0.131178 0.973767
vt 0.125584 0.972293
vt 0.789313 0.653054
vt 0.768265 0.642064
vt 0.820165 0.617644
vt 0.793946 0.667971
vt 0.765795 0.670103
vt 0.514867 0.576462
vt 0.301417 0.796561
vt 0.242306 0.795260
vt 0.300438 0.781393
vt 0.535696 0.852703
vt 0.532956 0.860417
vt 0.531463 0.853037
vt 0.931418 0.883964
vt 0.918720 0.882753
vt 0.068886 0.230863
vt 0.084086 0.230863
vt 0.083288 0.257434
vt 0.300546 0.801745
vt 0.541532 0.861347
vt 0.219628 0.969548
vt 0.222311 0.974282
vt 0.221602 0.975927
vt 0.313498 0.935517
vt 0.764539 0.942641
vt 0.751176 0.935043
vt 0.755735 0.928819
vt 0.757914 0.943608
vt 0.814891 0.021280
vt 0.809509 0.025354
vt 0.802727 0.026019
vt 0.977947 0.035197
vt 0.969386 0.049158
vt 0.971198 0.038962
vt 0.969803 0.036394
vt 0.730904 0.932222
vt 0.722977 0.966346
vt 0.722977 0.929679
vt 0.950581 0.533565
vt 0.808574 0.724080
vt 0.697269 0.968689
vt 0.694372 0.968616
vt 0.697150 0.910550
vt 0.564830 0.764174
vt 0.561453 0.764199
vt 0.567462 0.761388
vt 0.569747 0.763185
vt 0.556993 0.775370
vt 0.561770 0.776181
vt 0.799636 0.956950
vt 0.798398 0.959278
vt 0.803866 0.956864
vt 0.805618 0.960298
vt 0.797825 0.951160
vt 0.804515 0.953175
vt 0.888728 0.817144
vt 0.860624 0.854281
vt 0.845250 0.850442
vt 0.419411 0.612419
vt 0.411129 0.639056
vt 0.874264 0.594318
vt 0.915181 0.606894
vt 0.877844 0.613351
vt 0.893815 0.585088
vt 0.714087 0.630127
vt 0.697908 0.640350
vt 0.697908 0.589584
vt 0.189966 0.956340
vt 0.186827 0.953173
vt 0.194271 0.956940
vt 0.186303 0.957095
vt 0.179978 0.954070
vt 0.868354 0.912609
vt 0.872264 0.939087
vt 0.381294 0.979282
vt 0.362215 0.965129
vt 0.419138 0.979282
vt 0.031060 0.547921
vt 0.009558 0.516777
vt 0.075031 0.907364
vt 0.070508 0.933610
vt 0.062397 0.928934
vt 0.822466 0.141006
vt 0.874379 0.471342
vt 0.872949 0.469691
vt 0.874577 0.469272
vt 0.943604 0.326126
vt 0.872175 0.472465
vt 0.961171 0.325347
vt 0.924760 0.410082
vt 0.921645 0.400957
vt 0.927537 0.402707
vt 0.913262 0.054016
vt 0.916822 0.051056
vt 0.920861 0.052361
vt 0.911316 0.051340
vt 0.919170 0.057497
vt 0.912014 0.063719
vt 0.948235 0.481341
vt 0.946152 0.486872
vt 0.945761 0.481236
vt 0.284444 0.515162
vt 0.374822 0.500659
vt 0.377397 0.505043
vt 0.300918 0.520365
vt 0.837586 0.166792
vt 0.873204 0.169795
vt 0.867639 0.173806
vt 0.823299 0.170786
vt 0.870416 0.164477
vt 0.822764 0.157915
vt 0.297438 0.508002
vt 0.985965 0.765832
vt 0.985237 0.734873
vt 0.988338 0.733507
vt 0.355470 0.812722
vt 0.347950 0.885827
vt 0.340391 0.809780
vt 0.988338 0.764396
vt 0.970648 0.734639
vt 0.358006 0.811602
vt 0.970635 0.764838
vt 0.745765 0.970771
vt 0.743263 0.971019
vt 0.747250 0.964688
vt 0.744673 0.977087
vt 0.742751 0.978309
vt 0.749133 0.964931
vt 0.747321 0.971035
vt 0.348123 0.704762
vt 0.373858 0.703501
vt 0.351134 0.711424
vt 0.566799 0.688979
vt 0.563681 0.678908
vt 0.595638 0.676389
vt 0.357572 0.675299
vt 0.387547 0.676838
vt 0.375195 0.698935
vt 0.586466 0.697303
vt 0.547777 0.712676
vt 0.843280 0.024607
vt 0.901878 0.038104
vt 0.844807 0.388091
vt 0.844807 0.302415
vt 0.856387 0.376892
vt 0.604128 0.873684
vt 0.591605 0.875791
vt 0.591605 0.794702
vt 0.842072 0.037250
vt 0.626120 0.450185
vt 0.608545 0.372176
vt 0.626120 0.364501
vt 0.972486 0.213687
vt 0.972152 0.209676
vt 0.978496 0.206630
vt 0.436516 0.807844
vt 0.478054 0.804816
vt 0.420445 0.809195
vt 0.742704 0.697863
vt 0.695160 0.696653
vt 0.743707 0.683773
vt 0.743216 0.700646
vt 0.512258 0.992219
vt 0.503926 0.986484
vt 0.513573 0.989355
vt 0.500706 0.987361
vt 0.908903 0.976695
vt 0.908239 0.962349
vt 0.946936 0.581561
vt 0.952293 0.579250
vt 0.954190 0.585235
vt 0.944912 0.578701
vt 0.944156 0.586964
vt 0.941488 0.583951
vt 0.521713 0.832065
vt 0.522891 0.831261
vt 0.529942 0.840703
vt 0.522050 0.829069
vt 0.549476 0.551312
vt 0.560009 0.549184
vt 0.529790 0.842189
vt 0.520737 0.833647
vt 0.047849 0.945104
vt 0.044094 0.940822
vt 0.054364 0.949116
vt 0.047284 0.947624
vt 0.054167 0.950640
vt 0.986414 0.324100
vt 0.976165 0.328037
vt 0.010294 0.894525
vt 0.917188 0.734785
vt 0.908230 0.732233
vt 0.917188 0.661493
vt 0.130820 0.019155
vt 0.144887 0.091087
vt 0.130820 0.091848
vt 0.994884 0.324628
vt 0.780483 0.459232
vt 0.743864 0.505812
vt 0.758385 0.453026
vt 0.957290 0.718097
vt 0.937193 0.728317
vt 0.937193 0.666244
vt 0.789118 0.437523
vt 0.465349 0.925403
vt 0.462141 0.948235
vt 0.411296 0.675583
vt 0.429487 0.728131
vt 0.411296 0.742612
vt 0.956105 0.854971
vt 0.962168 0.856200
vt 0.962144 0.858820
vt 0.618807 0.230275
vt 0.617913 0.308866
vt 0.631852 0.299305
vt 0.637247 0.222668
vt 0.314635 0.716343
vt 0.448892 0.443717
vt 0.432087 0.436565
vt 0.448892 0.391825
vt 0.354245 0.748731
vt 0.531499 0.907417
vt 0.532145 0.904717
vt 0.535423 0.909033
vt 0.373861 0.425312
vt 0.363080 0.437249
vt 0.366058 0.424780
vt 0.520835 0.913302
vt 0.368875 0.422039
vt 0.528982 0.901533
vt 0.954293 0.560042
vt 0.947474 0.550627
vt 0.955997 0.550066
vt 0.779164 0.010516
vt 0.779001 0.016582
vt 0.782193 0.009800
vt 0.782743 0.015766
vt 0.776678 0.010631
vt 0.674851 0.966312
vt 0.678288 0.967417
vt 0.580206 0.746845
vt 0.576203 0.749409
vt 0.672926 0.968933
vt 0.670467 0.961280
vt 0.677964 0.971766
vt 0.519410 0.391972
vt 0.527803 0.135461
vt 0.527803 0.389118
vt 0.191122 0.000667
vt 0.190434 0.007606
vt 0.719869 0.007596
vt 0.695707 0.000180
vt 0.173170 0.950040
vt 0.176651 0.954806
vt 0.182415 0.958084
vt 0.976960 0.839173
vt 0.879544 0.943201
vt 0.385503 0.754926
vt 0.378943 0.780511
vt 0.371750 0.760645
vt 0.190164 0.148400
vt 0.187380 0.191442
vt 0.170214 0.168215
vt 0.698317 0.831640
vt 0.720505 0.821989
vt 0.376819 0.747548
vt 0.678496 0.839570
vt 0.960443 0.236294
vt 0.972814 0.247579
vt 0.960443 0.279425
vt 0.935064 0.057037
vt 0.928494 0.058744
vt 0.648013 0.943801
vt 0.645773 0.935704
vt 0.651614 0.939936
vt 0.639086 0.940781
vt 0.639991 0.946886
vt 0.961441 0.026245
vt 0.961914 0.035711
vt 0.953353 0.029391
vt 0.520425 0.940762
vt 0.528981 0.943826
vt 0.520584 0.949121
vt 0.962087 0.023040
vt 0.521410 0.938135
vt 0.548286 0.529107
vt 0.829719 0.553768
vt 0.827187 0.556126
vt 0.826574 0.553738
vt 0.820011 0.539884
vt 0.829305 0.556242
vt 0.593744 0.948222
vt 0.592395 0.952960
vt 0.586029 0.946798
vt 0.586646 0.937670
vt 0.595461 0.948385
vt 0.064505 0.961818
vt 0.059751 0.951758
vt 0.974331 0.946188
vt 0.981594 0.959629
vt 0.974603 0.964212
vt 0.051449 0.847611
vt 0.048029 0.847660
vt 0.063480 0.867191
vt 0.747297 0.926924
vt 0.067128 0.849519
vt 0.975300 0.488576
vt 0.981017 0.494628
vt 0.966863 0.503261
vt 0.977996 0.478943
vt 0.983532 0.486715
vt 0.967143 0.488118
vt 0.800251 0.004581
vt 0.803519 0.000660
vt 0.805700 0.012858
vt 0.967383 0.033486
vt 0.968734 0.030330
vt 0.971761 0.033867
vt 0.363945 0.971975
vt 0.361209 0.974627
vt 0.359523 0.971879
vt 0.964513 0.034903
vt 0.363654 0.968210
vt 0.107258 0.021794
vt 0.104641 0.015991
vt 0.112546 0.013890
vt 0.112546 0.023285
vt 0.958345 0.571983
vt 0.959999 0.569391
vt 0.965052 0.571603
vt 0.950943 0.571278
vt 0.952351 0.568472
vt 0.957306 0.574699
vt 0.964290 0.574064
vt 0.563793 0.249517
vt 0.560321 0.000194
vt 0.566613 0.249453
vt 0.560321 0.249672
vt 0.780862 0.516158
vt 0.774306 0.567906
vt 0.762200 0.508357
vt 0.517464 0.803309
vt 0.505048 0.787342
vt 0.534272 0.750798
vt 0.821268 0.913937
vt 0.840863 0.965471
vt 0.821268 0.966346
vt 0.789118 0.527456
vt 0.789118 0.464403
vt 0.860521 0.574256
vt 0.864906 0.528198
vt 0.866711 0.570674
vt 0.864881 0.512071
vt 0.494169 0.280122
vt 0.494169 0.533596
vt 0.486920 0.535565
vt 0.324703 0.325996
vt 0.321008 0.325661
vt 0.324703 0.072474
vt 0.205688 0.031047
vt 0.199428 0.024086
vt 0.055809 0.973697
vt 0.049658 0.977408
vt 0.053639 0.971399
vt 0.050818 0.979531
vt 0.518631 0.168060
vt 0.517857 0.171025
vt 0.523922 0.157592
vt 0.063388 0.983816
vt 0.967640 0.119297
vt 0.967640 0.168173
vt 0.964583 0.119973
vt 0.769713 0.821459
vt 0.766348 0.790364
vt 0.769713 0.790953
vt 0.766387 0.818886
vt 0.334263 0.710783
vt 0.331141 0.711019
vt 0.338640 0.667303
vt 0.340894 0.668243
vt 0.338015 0.713856
vt 0.952116 0.753068
vt 0.932341 0.797605
vt 0.839570 0.785959
vt 0.838772 0.840863
vt 0.825012 0.800707
vt 0.170760 0.952116
vt 0.167824 0.950633
vt 0.170760 0.895770
vt 0.825012 0.748623
vt 0.948964 0.751166
vt 0.927537 0.346408
vt 0.296054 0.504958
vt 0.294492 0.502846
vt 0.376041 0.495091
vt 0.377581 0.497804
vt 0.823996 0.174053
vt 0.868827 0.176111
vt 0.825181 0.176401
vt 0.639982 0.427275
vt 0.716674 0.428034
vt 0.709753 0.441573
vt 0.964611 0.578973
vt 0.971056 0.588007
vt 0.961263 0.580638
vt 0.637051 0.435040
vt 0.970072 0.574618
vt 0.641930 0.424067
vt 0.282272 0.945589
vt 0.287423 0.953442
vt 0.282653 0.951872
vt 0.553069 0.667122
vt 0.348123 0.742547
vt 0.576925 0.654735
vt 0.567530 0.194265
vt 0.610140 0.192841
vt 0.586724 0.206650
vt 0.142601 0.218783
vt 0.798819 0.553914
vt 0.799999 0.526093
vt 0.815503 0.578255
vt 0.700262 0.308803
vt 0.700850 0.311186
vt 0.051632 0.000358
vt 0.055192 0.006423
vt 0.052846 0.006468
vt 0.082793 0.011321
vt 0.079859 0.016817
vt 0.078644 0.011321
vt 0.056920 0.000358
vt 0.484571 0.958125
vt 0.486911 0.963143
vt 0.487288 0.957523
vt 0.825891 0.918189
vt 0.826353 0.921166
vt 0.832900 0.915605
vt 0.826359 0.916047
vt 0.924560 0.643005
vt 0.930972 0.645016
vt 0.978901 0.975727
vt 0.978934 0.972335
vt 0.973081 0.970288
vt 0.529540 0.538793
vt 0.529540 0.284459
vt 0.536745 0.540740
vt 0.007762 0.257118
vt 0.002686 0.249042
vt 0.007762 0.246721
vt 0.558851 0.254846
vt 0.552872 0.001163
vt 0.555290 0.001425
vt 0.507105 0.501521
vt 0.497149 0.504518
vt 0.507105 0.247752
vt 0.000258 0.254464
vt 0.001591 0.261314
vt 0.558851 0.000493
vt 0.188009 0.985976
vt 0.982162 0.224197
vt 0.975771 0.218243
vt 0.900843 0.962562
vt 0.892082 0.956630
vt 0.897540 0.953046
vt 0.988109 0.215615
vt 0.817910 0.362972
vt 0.837124 0.379109
vt 0.814518 0.386578
vt 0.831377 0.340496
vt 0.832594 0.352319
vt 0.969339 0.152649
vt 0.970401 0.117512
vt 0.985144 0.123857
vt 0.985710 0.137516
vt 0.777283 0.371007
vt 0.768836 0.352034
vt 0.495038 0.956322
vt 0.491111 0.953903
vt 0.827256 0.926347
vt 0.497340 0.949074
vt 0.568681 0.637235
vt 0.556786 0.613395
vt 0.056857 0.943543
vt 0.666608 0.968596
vt 0.678136 0.876748
vt 0.652610 0.029859
vt 0.602422 0.043839
vt 0.609490 0.026954
vt 0.656162 0.045550
vt 0.963759 0.666451
vt 0.963759 0.715380
vt 0.945719 0.678573
vt 0.710878 0.295156
vt 0.701526 0.293264
vt 0.032184 0.984500
vt 0.038033 0.983696
vt 0.831808 0.027769
vt 0.827748 0.032526
vt 0.819562 0.021027
vt 0.025977 0.989631
vt 0.825705 0.017026
vt 0.960437 0.831944
vt 0.953947 0.832178
vt 0.954763 0.830096
vt 0.554877 0.912872
vt 0.003726 0.065975
vt 0.003726 0.058932
vt 0.005175 0.065040
vt 0.774585 0.000215
vt 0.520042 0.931445
vt 0.520718 0.929216
vt 0.522681 0.934512
vt 0.959800 0.014076
vt 0.963301 0.018823
vt 0.120896 0.534356
vt 0.141409 0.569787
vt 0.096048 0.510858
vt 0.151670 0.601389
vt 0.931972 0.456009
vt 0.917760 0.452005
vt 0.932711 0.407372
vt 0.095718 0.738666
vt 0.799143 0.137668
vt 0.783651 0.145200
vt 0.967727 0.181902
vt 0.732198 0.626120
vt 0.721302 0.611144
vt 0.732198 0.587062
vt 0.888490 0.514930
vt 0.884656 0.517235
vt 0.890021 0.499552
vt 0.656103 0.811993
vt 0.038856 0.768790
vt 0.036923 0.744696
vt 0.634689 0.839869
vt 0.647078 0.791564
vt 0.927246 0.891887
vt 0.909014 0.808600
vt 0.910067 0.795328
vt 0.690980 0.968966
vt 0.694889 0.910697
vt 0.681871 0.971520
vt 0.690196 0.911927
vt 0.373563 0.474393
vt 0.374333 0.477716
vt 0.295116 0.483275
vt 0.294191 0.479487
vt 0.369940 0.465656
vt 0.714908 0.401481
vt 0.714915 0.403703
vt 0.639481 0.401857
vt 0.330336 0.884060
vt 0.338253 0.808283
vt 0.640455 0.398787
vt 0.327860 0.884019
vt 0.714624 0.399019
vt 0.332549 0.884289
vt 0.385241 0.378378
vt 0.769369 0.961754
vt 0.376359 0.378378
vt 0.923510 0.927288
vt 0.242413 0.735479
vt 0.921296 0.584263
vt 0.906472 0.550426
vt 0.930124 0.561016
vt 0.894685 0.565613
vt 0.965901 0.699857
vt 0.979377 0.662233
vt 0.981870 0.663219
vt 0.056995 0.922112
vt 0.975401 0.554970
vt 0.961810 0.550003
vt 0.975401 0.513068
vt 0.965901 0.657955
vt 0.662801 0.264495
vt 0.663175 0.242611
vt 0.697329 0.261686
vt 0.704257 0.273828
vt 0.696485 0.279963
vt 0.627514 0.502218
vt 0.635446 0.482560
vt 0.617589 0.516051
vt 0.583783 0.492693
vt 0.651756 0.278980
vt 0.642874 0.955777
vt 0.927643 0.044844
vt 0.975316 0.871856
vt 0.977758 0.872880
vt 0.972631 0.874431
vt 0.972928 0.870713
vt 0.861066 0.601012
vt 0.746236 0.171149
vt 0.745000 0.173887
vt 0.743166 0.172853
vt 0.867493 0.599821
vt 0.866464 0.604484
vt 0.856211 0.598825
vt 0.750309 0.174263
vt 0.741612 0.168090
vt 0.238857 0.468696
vt 0.220220 0.526869
vt 0.203430 0.536797
vt 0.271664 0.423013
vt 0.226351 0.954703
vt 0.210437 0.954555
vt 0.210437 0.891556
vt 0.225597 0.459902
vt 0.228974 0.898525
vt 0.987594 0.344964
vt 0.985009 0.346965
vt 0.861172 0.407387
vt 0.686218 0.892431
vt 0.681359 0.899616
vt 0.656409 0.913773
vt 0.046137 0.973454
vt 0.046862 0.975505
vt 0.042409 0.975662
vt 0.040558 0.974083
vt 0.052521 0.970062
vt 0.926979 0.305584
vt 0.996099 0.426567
vt 0.747761 0.437515
vt 0.774589 0.435535
vt 0.760062 0.429846
vt 0.967172 0.114651
vt 0.971520 0.064635
vt 0.971520 0.116415
vt 0.951445 0.119014
vt 0.956565 0.065647
vt 0.746589 0.433388
vt 0.969486 0.590209
vt 0.975475 0.591717
vt 0.969891 0.592868
vt 0.963794 0.591454
vt 0.629199 0.422424
vt 0.639467 0.421479
vt 0.974977 0.593780
vt 0.759957 0.628053
vt 0.716663 0.828606
vt 0.697699 0.859306
vt 0.688745 0.836866
vt 0.724158 0.862563
vt 0.747115 0.651113
vt 0.171915 0.972821
vt 0.171033 0.973848
vt 0.339282 0.979261
vt 0.343206 0.977633
vt 0.167410 0.970240
vt 0.166864 0.971366
vt 0.990410 0.122736
vt 0.992862 0.131238
vt 0.993759 0.118355
vt 0.995557 0.121386
vt 0.990267 0.116896
vt 0.992204 0.116953
vt 0.936033 0.471568
vt 0.943377 0.479367
vt 0.938345 0.485539
vt 0.850456 0.913245
vt 0.853644 0.902937
vt 0.854210 0.917914
vt 0.853787 0.915240
vt 0.866736 0.908467
vt 0.835407 0.269835
vt 0.333118 0.806160
vt 0.323772 0.881339
vt 0.323772 0.807288
vt 0.888143 0.637929
vt 0.862259 0.608979
vt 0.336237 0.806798
vt 0.888728 0.646818
vt 0.012936 0.002410
vt 0.009779 0.033635
vt 0.009779 0.002019
vt 0.929507 0.919972
vt 0.925850 0.919478
vt 0.932129 0.926357
vt 0.928866 0.913815
vt 0.192844 0.863622
vt 0.227238 0.876351
vt 0.193714 0.882191
vt 0.210765 0.847392
vt 0.232487 0.858700
vt 0.210311 0.708259
vt 0.242281 0.708921
vt 0.224351 0.719065
vt 0.215804 0.686951
vt 0.000181 0.395852
vt 0.001886 0.386301
vt 0.327290 0.395852
vt 0.408048 0.374255
vt 0.884381 0.954109
vt 0.882470 0.951203
vt 0.891595 0.954210
vt 0.877217 0.952539
vt 0.529308 0.852956
vt 0.517511 0.842477
vt 0.527589 0.851192
vt 0.630579 0.943632
vt 0.638030 0.928409
vt 0.920853 0.952625
vt 0.631346 0.948001
vt 0.923423 0.946353
vt 0.954933 0.012487
vt 0.965052 0.000199
vt 0.961144 0.011628
vt 0.947551 0.014375
vt 0.954004 0.002304
vt 0.935948 0.557699
vt 0.946843 0.568134
vt 0.940286 0.567971
vt 0.253111 0.880797
vt 0.243725 0.871656
vt 0.416339 0.928604
vt 0.370206 0.926451
vt 0.716674 0.284600
vt 0.289774 0.075210
vt 0.287975 0.074033
vt 0.286183 0.000357
vt 0.287975 0.148768
vt 0.520042 0.153943
vt 0.463891 0.619616
vt 0.461229 0.618021
vt 0.481232 0.612426
vt 0.188131 0.926185
vt 0.183660 0.921637
vt 0.576442 0.232882
vt 0.578150 0.308077
vt 0.572912 0.230407
vt 0.951563 0.527218
vt 0.949178 0.523626
vt 0.965052 0.484768
vt 0.965052 0.532978
vt 0.581154 0.309179
vt 0.591101 0.233352
vt 0.595770 0.308278
vt 0.940064 0.545367
vt 0.933981 0.540505
vt 0.944458 0.546403
vt 0.993866 0.879704
vt 0.996099 0.890460
vt 0.875345 0.730933
vt 0.625915 0.899441
vt 0.615168 0.867984
vt 0.474994 0.820580
vt 0.465475 0.873204
vt 0.476571 0.809395
vt 0.476385 0.820587
vt 0.467568 0.873064
vt 0.704180 0.702980
vt 0.743618 0.703246
vt 0.748569 0.710002
vt 0.697005 0.698978
vt 0.854343 0.584723
vt 0.715003 0.713498
vt 0.318377 0.325061
vt 0.540936 0.000620
vt 0.552577 0.256140
vt 0.540936 0.253232
vt 0.510269 0.171560
vt 0.510754 0.174074
vt 0.497831 0.169016
vt 0.851044 0.468782
vt 0.870156 0.472809
vt 0.851456 0.485173
vt 0.851404 0.466060
vt 0.869922 0.469692
vt 0.950310 0.121035
vt 0.716674 0.350575
vt 0.701396 0.345551
vt 0.716674 0.300352
vt 0.922432 0.072448
vt 0.903948 0.106078
vt 0.586661 0.112238
vt 0.637234 0.111359
vt 0.636509 0.114218
vt 0.785415 0.292007
vt 0.834810 0.291102
vt 0.585690 0.116324
vt 0.786111 0.289252
vt 0.644231 0.470746
vt 0.802054 0.827956
vt 0.802054 0.873204
vt 0.788924 0.838451
vt 0.795586 0.680889
vt 0.780438 0.714087
vt 0.780438 0.673452
vt 0.792891 0.790520
vt 0.938298 0.905545
vt 0.950479 0.872416
vt 0.953692 0.882135
vt 0.609831 0.438816
vt 0.301912 0.951210
vt 0.378142 0.396170
vt 0.288307 0.957493
vt 0.543327 0.258110
vt 0.955822 0.356118
vt 0.955154 0.399112
vt 0.951356 0.400031
vt 0.951356 0.354057
vt 0.957810 0.356297
vt 0.537251 0.769703
vt 0.539446 0.846104
vt 0.537251 0.847331
vt 0.879672 0.274241
vt 0.877684 0.351869
vt 0.877684 0.274066
vt 0.880966 0.391972
vt 0.876512 0.389881
vt 0.880966 0.315530
vt 0.532978 0.759959
vt 0.078531 0.427852
vt 0.089467 0.511489
vt 0.076333 0.427807
vt 0.169466 0.881962
vt 0.166294 0.940473
vt 0.166294 0.881397
vt 0.456653 0.967252
vt 0.454462 0.967077
vt 0.453510 0.910502
vt 0.198560 0.564427
vt 0.172261 0.568697
vt 0.180577 0.545905
vt 0.205688 0.594431
vt 0.091782 0.789410
vt 0.104785 0.826633
vt 0.083074 0.819885
vt 0.490520 0.963275
vt 0.821445 0.207965
vt 0.868251 0.199723
vt 0.794328 0.031589
vt 0.976116 0.608083
vt 0.980766 0.593585
vt 0.981687 0.608664
vt 0.560613 0.756472
vt 0.563697 0.753157
vt 0.557998 0.760317
vt 0.970038 0.608026
vt 0.733387 0.039367
vt 0.400255 0.563118
vt 0.366610 0.573693
vt 0.970756 0.835550
vt 0.071515 0.946742
vt 0.871672 0.951911
vt 0.876989 0.948894
vt 0.071942 0.949126
vt 0.868778 0.948348
vt 0.899077 0.688295
vt 0.899077 0.741061
vt 0.882159 0.742547
vt 0.244497 0.073973
vt 0.244497 0.100904
vt 0.234428 0.095344
vt 0.230750 0.071910
vt 0.951777 0.618632
vt 0.965584 0.617009
vt 0.951777 0.671397
vt 0.881548 0.696927
vt 0.891986 0.662314
vt 0.709890 0.639193
vt 0.648821 0.923081
vt 0.751602 0.637040
vt 0.430781 0.183341
vt 0.426348 0.191671
vt 0.423000 0.185548
vt 0.430781 0.195339
vt 0.424792 0.178808
vt 0.558915 0.527919
vt 0.546941 0.526401
vt 0.597396 0.947530
vt 0.600660 0.942311
vt 0.596782 0.952204
vt 0.594848 0.953277
vt 0.599101 0.942866
vt 0.978278 0.970471
vt 0.973115 0.968715
vt 0.655430 0.182977
vt 0.587311 0.972814
vt 0.578487 0.965774
vt 0.159809 0.636707
vt 0.183189 0.657750
vt 0.966380 0.027358
vt 0.972499 0.028276
vt 0.360425 0.966901
vt 0.355644 0.970028
vt 0.974258 0.022635
vt 0.932053 0.542835
vt 0.926284 0.539219
vt 0.461808 0.989064
vt 0.465201 0.984270
vt 0.467179 0.985952
vt 0.459493 0.986163
vt 0.464302 0.992375
vt 0.943060 0.648051
vt 0.358337 0.428530
vt 0.347812 0.428234
vt 0.357104 0.423782
vt 0.355578 0.434662
vt 0.734371 0.982142
vt 0.908930 0.907199
vt 0.390187 0.708258
vt 0.733490 0.932785
vt 0.723819 0.921532
vt 0.743523 0.931480
vt 0.960005 0.396575
vt 0.957015 0.397861
vt 0.960780 0.353631
vt 0.735605 0.935374
vt 0.974557 0.397450
vt 0.966185 0.214090
vt 0.969418 0.214364
vt 0.966937 0.218950
vt 0.957636 0.218643
vt 0.957341 0.210213
vt 0.966820 0.206816
vt 0.787947 0.803348
vt 0.802054 0.758050
vt 0.150696 0.553120
vt 0.388870 0.814749
vt 0.382846 0.770426
vt 0.396224 0.782919
vt 0.403936 0.816633
vt 0.382749 0.850486
vt 0.495686 0.982974
vt 0.497475 0.980993
vt 0.499019 0.984308
vt 0.494928 0.985128
vt 0.492124 0.978220
vt 0.493721 0.976735
vt 0.669702 0.114186
vt 0.665923 0.113927
vt 0.506839 0.821102
vt 0.506143 0.845321
vt 0.949959 0.891088
vt 0.958777 0.895834
vt 0.960798 0.901387
vt 0.490328 0.843835
vt 0.042167 0.943347
vt 0.028664 0.940544
vt 0.037648 0.936554
vt 0.039274 0.934722
vt 0.034526 0.949109
vt 0.595091 0.976695
vt 0.597073 0.965592
vt 0.601985 0.971974
vt 0.705457 0.368303
vt 0.222999 0.238029
vt 0.816284 0.849288
vt 0.803004 0.912013
vt 0.803004 0.835286
vt 0.231373 0.637805
vt 0.231373 0.566657
vt 0.245548 0.575276
vt 0.779423 0.430359
vt 0.490410 0.907594
vt 0.968798 0.858780
vt 0.500158 0.178733
vt 0.969089 0.860532
vt 0.968904 0.857051
vt 0.499446 0.177222
vt 0.957290 0.241788
vt 0.605236 0.308800
vt 0.776176 0.087835
vt 0.363080 0.419826
vt 0.131505 0.971243
vt 0.131345 0.967732
vt 0.137092 0.971188
vt 0.137048 0.972817
vt 0.127245 0.970760
vt 0.125483 0.965956
vt 0.166725 0.027201
vt 0.146769 0.052778
vt 0.754255 0.901967
vt 0.729610 0.909426
vt 0.719697 0.887980
vt 0.173193 0.034809
vt 0.156622 0.047294
vt 0.755899 0.889513
vt 0.191997 0.440525
vt 0.235168 0.781675
vt 0.244191 0.800626
vt 0.223560 0.972203
vt 0.217033 0.958027
vt 0.964766 0.351754
vt 0.974761 0.343022
vt 0.978948 0.347275
vt 0.229847 0.961611
vt 0.616510 0.310858
vt 0.367392 0.937548
vt 0.341861 0.944354
vt 0.019405 0.927181
vt 0.003245 0.940473
vt 0.003245 0.875136
vt 0.606677 0.874498
vt 0.954703 0.138680
vt 0.954703 0.200514
vt 0.934684 0.155926
vt 0.842330 0.983163
vt 0.842330 0.941129
vt 0.860268 0.972394
vt 0.385503 0.035238
vt 0.380458 0.037171
vt 0.380458 0.021736
vt 0.962308 0.223498
vt 0.971712 0.220172
vt 0.384561 0.037515
vt 0.976828 0.033734
vt 0.983435 0.033630
vt 0.362234 0.564561
vt 0.293169 0.571260
vt 0.359604 0.581150
vt 0.461825 0.723645
vt 0.475965 0.668139
vt 0.477962 0.728317
vt 0.401027 0.550227
vt 0.452445 0.683366
vt 0.570684 0.751703
vt 0.796926 0.948201
vt 0.806174 0.949040
vt 0.801818 0.939587
vt 0.791177 0.943964
vt 0.865108 0.509354
vt 0.877005 0.507090
vt 0.864987 0.504979
vt 0.433476 0.910385
vt 0.435764 0.968933
vt 0.433476 0.967782
vt 0.832696 0.570032
vt 0.833876 0.559315
vt 0.835948 0.568686
vt 0.830660 0.558888
vt 0.820011 0.630001
vt 0.831083 0.569555
vt 0.436072 0.911585
vt 0.361609 0.764019
vt 0.368017 0.780466
vt 0.365216 0.758330
vt 0.360853 0.751211
vt 0.922376 0.049333
vt 0.765832 0.868772
vt 0.743777 0.877654
vt 0.179614 0.057548
vt 0.153377 0.084086
vt 0.190164 0.027890
vt 0.300723 0.804298
vt 0.215654 0.976349
vt 0.747089 0.931820
vt 0.749474 0.928346
vt 0.745017 0.933531
vt 0.745221 0.929669
vt 0.710133 0.315007
vt 0.816306 0.015605
vt 0.812691 0.014914
vt 0.817461 0.007180
vt 0.818618 0.017351
vt 0.822469 0.013294
vt 0.978290 0.027597
vt 0.972566 0.031508
vt 0.980028 0.023607
vt 0.925454 0.540170
vt 0.921836 0.534661
vt 0.920459 0.638533
vt 0.920229 0.628463
vt 0.916242 0.545863
vt 0.561438 0.930124
vt 0.554207 0.916128
vt 0.558836 0.916826
vt 0.679598 0.685866
vt 0.677965 0.628561
vt 0.697270 0.658974
vt 0.346837 0.432576
vt 0.376254 0.445623
vt 0.295580 0.457088
vt 0.277367 0.448320
vt 0.664498 0.698563
vt 0.659034 0.627596
vt 0.331824 0.419783
vt 0.569887 0.749010
vt 0.572583 0.736259
vt 0.576048 0.747455
vt 0.561622 0.739875
vt 0.378110 0.331975
vt 0.382916 0.346108
vt 0.378110 0.347988
vt 0.907580 0.462691
vt 0.809745 0.961203
vt 0.804191 0.962476
vt 0.906039 0.461606
vt 0.911531 0.459415
vt 0.809675 0.958908
vt 0.810596 0.964611
vt 0.551999 0.797680
vt 0.554537 0.856387
vt 0.540665 0.853988
vt 0.856427 0.901664
vt 0.844764 0.873948
vt 0.570949 0.789910
vt 0.533445 0.757811
vt 0.198538 0.961226
vt 0.205202 0.966667
vt 0.787705 0.115079
vt 0.057058 0.513179
vt 0.043047 0.426745
vt 0.835081 0.107067
vt 0.788870 0.109399
vt 0.051281 0.431517
vt 0.062733 0.514354
vt 0.726510 0.830712
vt 0.738124 0.839570
vt 0.920929 0.041827
vt 0.914470 0.032350
vt 0.927802 0.031019
vt 0.834324 0.901586
vt 0.869954 0.178710
vt 0.823085 0.189913
vt 0.468952 0.970194
vt 0.869101 0.192561
vt 0.466294 0.960626
vt 0.363790 0.808651
vt 0.352391 0.885254
vt 0.715989 0.423560
vt 0.753085 0.979662
vt 0.750584 0.969263
vt 0.515641 0.562814
vt 0.531684 0.552883
vt 0.531684 0.636469
vt 0.519855 0.497612
vt 0.970046 0.219506
vt 0.511300 0.850390
vt 0.511897 0.848911
vt 0.663135 0.108940
vt 0.664053 0.104801
vt 0.664369 0.111996
vt 0.943948 0.571314
vt 0.661830 0.112985
vt 0.353074 0.319145
vt 0.358337 0.316808
vt 0.358337 0.332464
vt 0.691467 0.523146
vt 0.725495 0.481239
vt 0.717899 0.518219
vt 0.909232 0.458664
vt 0.915401 0.449840
vt 0.812924 0.957959
vt 0.809101 0.955549
vt 0.932330 0.400531
vt 0.929354 0.403614
vt 0.929293 0.401187
vt 0.931089 0.392108
vt 0.934005 0.391409
vt 0.157428 0.672691
vt 0.153376 0.653161
vt 0.157700 0.653078
vt 0.839139 0.875745
vt 0.838273 0.872344
vt 0.841831 0.867995
vt 0.159126 0.669556
vt 0.836830 0.878631
vt 0.822127 0.898735
vt 0.754377 0.425180
vt 0.751480 0.422478
vt 0.760143 0.425459
vt 0.753143 0.427237
vt 0.953085 0.852620
vt 0.948570 0.854020
vt 0.957823 0.838229
vt 0.952128 0.835543
vt 0.953028 0.834086
vt 0.331900 0.376448
vt 0.331900 0.360164
vt 0.337639 0.373197
vt 0.952128 0.847741
vt 0.419814 0.337639
vt 0.420251 0.322711
vt 0.426900 0.322976
vt 0.555275 0.900797
vt 0.540587 0.904646
vt 0.546577 0.900006
vt 0.791094 0.934182
vt 0.789674 0.927252
vt 0.803536 0.918878
vt 0.944354 0.927526
vt 0.786365 0.939777
vt 0.914936 0.807724
vt 0.908913 0.810217
vt 0.910681 0.810613
vt 0.977785 0.829760
vt 0.977520 0.833039
vt 0.971302 0.833073
vt 0.189323 0.947811
vt 0.195421 0.953786
vt 0.191291 0.952213
vt 0.981924 0.829500
vt 0.970372 0.829058
vt 0.194734 0.948323
vt 0.979309 0.823687
vt 0.873811 0.958504
vt 0.591411 0.928463
vt 0.868354 0.968632
vt 0.075031 0.965052
vt 0.370595 0.746102
vt 0.368596 0.750862
vt 0.366994 0.747695
vt 0.872373 0.467864
vt 0.871406 0.463246
vt 0.874692 0.468048
vt 0.875791 0.463136
vt 0.065701 0.062812
vt 0.071150 0.054003
vt 0.071150 0.064682
vt 0.060012 0.008418
vt 0.063416 0.003577
vt 0.069856 0.011643
vt 0.762234 0.690801
vt 0.750998 0.651751
vt 0.764539 0.651751
vt 0.602728 0.937498
vt 0.605653 0.942588
vt 0.984866 0.975105
vt 0.985570 0.977645
vt 0.979128 0.978628
vt 0.191068 0.706325
vt 0.161852 0.692424
vt 0.204530 0.659186
vt 0.943060 0.590905
vt 0.938982 0.633882
vt 0.928613 0.613080
vt 0.928613 0.568383
vt 0.610147 0.225980
vt 0.597107 0.227680
vt 0.214219 0.686820
vt 0.192528 0.020765
vt 0.982238 0.029565
vt 0.977372 0.030399
vt 0.948626 0.575782
vt 0.958480 0.580816
vt 0.957809 0.577071
vt 0.727023 0.594728
vt 0.713494 0.609302
vt 0.639358 0.873004
vt 0.649405 0.893228
vt 0.301089 0.821042
vt 0.243710 0.822279
vt 0.203937 0.177064
vt 0.208621 0.253337
vt 0.198767 0.179514
vt 0.218624 0.106851
vt 0.218624 0.182448
vt 0.316796 0.890021
vt 0.316796 0.812968
vt 0.320822 0.813712
vt 0.201698 0.100552
vt 0.213240 0.253553
vt 0.120741 0.098872
vt 0.124189 0.102213
vt 0.118203 0.103582
vt 0.394810 0.522629
vt 0.513597 0.209218
vt 0.521335 0.209218
vt 0.316815 0.001125
vt 0.320986 0.004481
vt 0.316815 0.336345
vt 0.880388 0.668929
vt 0.866951 0.722484
vt 0.161592 0.256140
vt 0.180486 0.223815
vt 0.166043 0.201104
vt 0.344107 0.676914
vt 0.765358 0.997393
vt 0.755508 0.986157
vt 0.762172 0.985186
vt 0.755716 0.994123
vt 0.936033 0.526510
vt 0.940716 0.488798
vt 0.416551 0.052604
vt 0.413772 0.053039
vt 0.416551 0.001890
vt 0.930814 0.797504
vt 0.945619 0.750888
vt 0.827317 0.308075
vt 0.851716 0.659579
vt 0.840038 0.656133
vt 0.851567 0.656414
vt 0.913445 0.929496
vt 0.920847 0.919363
vt 0.372538 0.392562
vt 0.732849 0.969764
vt 0.266477 0.033955
vt 0.029263 0.267785
vt 0.267783 0.027860
vt 0.093402 0.000236
vt 0.097453 0.005823
vt 0.093402 0.007762
vt 0.099610 0.000827
vt 0.652488 0.118082
vt 0.449823 0.736079
vt 0.455443 0.722676
vt 0.464415 0.729863
vt 0.566296 0.566478
vt 0.570800 0.575940
vt 0.549206 0.585036
vt 0.172359 0.804641
vt 0.172359 0.767580
vt 0.186284 0.776299
vt 0.545746 0.560164
vt 0.825731 0.913039
vt 0.785790 0.032932
vt 0.636362 0.385616
vt 0.244473 0.651992
vt 0.262608 0.575585
vt 0.787380 0.919775
vt 0.787380 0.841239
vt 0.799467 0.917142
vt 0.708026 0.380403
vt 0.985118 0.408422
vt 0.996099 0.408065
vt 0.985254 0.420872
vt 0.988912 0.034129
vt 0.992724 0.043264
vt 0.987332 0.032083
vt 0.996099 0.030738
vt 0.099054 0.900370
vt 0.100136 0.883175
vt 0.169636 0.878711
vt 0.495463 0.649300
vt 0.238029 0.897783
vt 0.495463 0.723339
vt 0.975315 0.352433
vt 0.978135 0.356626
vt 0.073231 0.533625
vt 0.087689 0.531729
vt 0.090554 0.606715
vt 0.820165 0.919775
vt 0.900716 0.856278
vt 0.921981 0.872584
vt 0.917066 0.877512
vt 0.926794 0.956213
vt 0.932287 0.957480
vt 0.933747 0.955378
vt 0.110354 0.789900
vt 0.116185 0.788567
vt 0.110608 0.792507
vt 0.114104 0.787273
vt 0.108462 0.789242
vt 0.827752 0.557070
vt 0.593296 0.958716
vt 0.304910 0.323018
vt 0.306592 0.325167
vt 0.299332 0.325996
vt 0.042915 0.955587
vt 0.299332 0.310691
vt 0.595564 0.958614
vt 0.582119 0.956352
vt 0.418863 0.324703
vt 0.460497 0.004170
vt 0.463122 0.004170
vt 0.324160 0.367393
vt 0.000664 0.358473
vt 0.328584 0.358473
vt 0.347812 0.418277
vt 0.354746 0.419520
vt 0.378518 0.406959
vt 0.381622 0.416551
vt 0.055375 0.416551
vt 0.203662 0.605497
vt 0.193811 0.596817
vt 0.458281 0.614111
vt 0.196525 0.922255
vt 0.200975 0.923169
vt 0.201255 0.925709
vt 0.999980 0.115432
vt 0.999980 0.134568
vt 0.157663 0.824046
vt 0.157663 0.727674
vt 0.170760 0.774988
vt 0.665629 0.158372
vt 0.709320 0.133172
vt 0.673468 0.168470
vt 0.967610 0.321795
vt 0.967639 0.323409
vt 0.960868 0.309604
vt 0.967639 0.279456
vt 0.996788 0.115162
vt 0.658264 0.184395
vt 0.948678 0.547934
vt 0.955304 0.547345
vt 0.943890 0.548577
vt 0.950188 0.545113
vt 0.982922 0.874409
vt 0.053714 0.928119
vt 0.367005 0.958709
vt 0.930843 0.943595
vt 0.936442 0.947389
vt 0.931153 0.946277
vt 0.990048 0.352430
vt 0.997393 0.364805
vt 0.941767 0.932409
vt 0.147862 0.983163
vt 0.154974 0.967317
vt 0.158132 0.969847
vt 0.447598 0.367985
vt 0.432278 0.416551
vt 0.432278 0.355517
vt 0.101676 0.000162
vt 0.108665 0.065755
vt 0.092840 0.057377
vt 0.128070 0.248378
vt 0.111384 0.216727
vt 0.128070 0.197455
vt 0.767126 0.932711
vt 0.751247 0.920965
vt 0.767126 0.866747
vt 0.045272 0.981798
vt 0.053493 0.989631
vt 0.821335 0.037144
vt 0.815123 0.024700
vt 0.044499 0.979464
vt 0.810273 0.028270
vt 0.924057 0.307993
vt 0.923121 0.247976
vt 0.926027 0.245527
vt 0.994405 0.422737
vt 0.921798 0.306616
vt 0.995737 0.420457
vt 0.107413 0.831217
vt 0.170760 0.838872
vt 0.169457 0.828995
vt 0.402843 0.690796
vt 0.102274 0.812971
vt 0.717102 0.971520
vt 0.720029 0.911338
vt 0.721849 0.969701
vt 0.228497 0.767260
vt 0.248378 0.749645
vt 0.740398 0.563252
vt 0.754940 0.570357
vt 0.247221 0.770629
vt 0.232298 0.774480
vt 0.211881 0.796341
vt 0.112820 0.516383
vt 0.120891 0.442850
vt 0.073569 0.633815
vt 0.994509 0.115548
vt 0.993453 0.114689
vt 0.998663 0.112111
vt 0.941141 0.322481
vt 0.842007 0.918566
vt 0.965052 0.558617
vt 0.385503 0.018409
vt 0.566612 0.250865
vt 0.566612 0.499343
vt 0.563891 0.251532
vt 0.001119 0.325996
vt 0.260021 0.317779
vt 0.255019 0.325996
vt 0.671293 0.798173
vt 0.669984 0.725937
vt 0.684129 0.768327
vt 0.972814 0.646641
vt 0.716325 0.177424
vt 0.722956 0.135364
vt 0.730904 0.183507
vt 0.074609 0.887371
vt 0.095980 0.910450
vt 0.091303 0.924562
vt 0.716325 0.249672
vt 0.082697 0.931545
vt 0.755900 0.112948
vt 0.746945 0.123710
vt 0.055192 0.725774
vt 0.626411 0.789956
vt 0.652764 0.723789
vt 0.626376 0.738245
vt 0.637110 0.700568
vt 0.648459 0.745133
vt 0.184584 0.008967
vt 0.576215 0.306940
vt 0.905943 0.248328
vt 0.166221 0.870075
vt 0.102938 0.868376
vt 0.368788 0.607021
vt 0.290477 0.586652
vt 0.366700 0.597905
vt 0.640265 0.128728
vt 0.829199 0.729928
vt 0.820047 0.743398
vt 0.819747 0.729102
vt 0.646049 0.116760
vt 0.648783 0.133757
vt 0.176755 0.871681
vt 0.195168 0.904379
vt 0.880825 0.272957
vt 0.892609 0.237549
vt 0.930124 0.627413
vt 0.900820 0.623663
vt 0.068907 0.865872
vt 0.073084 0.883642
vt 0.063627 0.923656
vt 0.071355 0.847144
vt 0.073972 0.848761
vt 0.059588 0.923022
vt 0.067032 0.865341
vt 0.649540 0.289945
vt 0.651265 0.286816
vt 0.711500 0.292784
vt 0.172054 0.700049
vt 0.623453 0.511028
vt 0.626357 0.542503
vt 0.635457 0.951312
vt 0.932444 0.657394
vt 0.940486 0.660041
vt 0.960086 0.974945
vt 0.966127 0.977712
vt 0.955279 0.985958
vt 0.955645 0.973100
vt 0.285621 0.938391
vt 0.275824 0.940623
vt 0.764720 0.962477
vt 0.767320 0.974901
vt 0.760419 0.972667
vt 0.771007 0.966595
vt 0.281920 0.931665
vt 0.148843 0.151648
vt 0.151355 0.204034
vt 0.129266 0.193633
vt 0.733643 0.222505
vt 0.733643 0.142189
vt 0.339672 0.975341
vt 0.973628 0.198542
vt 0.976961 0.199718
vt 0.976128 0.204618
vt 0.971270 0.205760
vt 0.967883 0.200528
vt 0.967720 0.192929
vt 0.972408 0.190305
vt 0.976586 0.194537
vt 0.514067 0.742163
vt 0.534272 0.704194
vt 0.488073 0.776522
vt 0.494903 0.731566
vt 0.768319 0.395565
vt 0.815359 0.408222
vt 0.847875 0.550516
vt 0.848093 0.552387
vt 0.832874 0.556719
vt 0.550199 0.544504
vt 0.836381 0.543124
vt 0.040739 0.934007
vt 0.368659 0.947858
vt 0.042421 0.932029
vt 0.997058 0.330357
vt 0.663785 0.945810
vt 0.669496 0.950828
vt 0.664580 0.953383
vt 0.519341 0.208275
vt 0.507980 0.207379
vt 0.515913 0.193863
vt 0.028942 0.947887
vt 0.039008 0.957485
vt 0.031175 0.962284
vt 0.965666 0.831599
vt 0.962766 0.826478
vt 0.966757 0.827049
vt 0.774633 0.016207
vt 0.467372 0.980913
vt 0.471762 0.980197
vt 0.464820 0.982225
vt 0.462827 0.981068
vt 0.738409 0.168633
vt 0.211621 0.584723
vt 0.211621 0.533682
vt 0.230267 0.544827
vt 0.669360 0.578245
vt 0.689709 0.586113
vt 0.903751 0.043882
vt 0.842367 0.044076
vt 0.190972 0.981120
vt 0.189047 0.982314
vt 0.183628 0.974528
vt 0.841245 0.041826
vt 0.904143 0.041490
vt 0.837211 0.063928
vt 0.796354 0.060174
vt 0.793257 0.044448
vt 0.840863 0.055432
vt 0.957475 0.201395
vt 0.833910 0.071152
vt 0.958065 0.191951
vt 0.426939 0.858671
vt 0.398803 0.865442
vt 0.427384 0.838420
vt 0.842157 0.412838
vt 0.835219 0.433368
vt 0.091954 0.926209
vt 0.107372 0.943855
vt 0.091954 0.972814
vt 0.488947 0.977081
vt 0.488347 0.970037
vt 0.491202 0.980389
vt 0.479500 0.979033
vt 0.851212 0.559693
vt 0.522157 0.819292
vt 0.144887 0.085380
vt 0.129875 0.005814
vt 0.144887 0.000736
vt 0.887434 0.181109
vt 0.873346 0.181109
vt 0.884502 0.100200
vt 0.646818 0.291295
vt 0.957290 0.308833
vt 0.637618 0.366099
vt 0.529805 0.897638
vt 0.534288 0.903479
vt 0.536641 0.907734
vt 0.971600 0.888311
vt 0.141261 0.973996
vt 0.147474 0.982418
vt 0.156197 0.059409
vt 0.158619 0.052097
vt 0.125783 0.944413
vt 0.117413 0.941710
vt 0.135178 0.944697
vt 0.103752 0.968933
vt 0.115009 0.966238
vt 0.247635 0.968056
vt 0.251696 0.927688
vt 0.260021 0.975401
vt 0.139714 0.519027
vt 0.127862 0.510845
vt 0.139194 0.446040
vt 0.155171 0.447640
vt 0.226238 0.977785
vt 0.644756 0.866379
vt 0.675074 0.236950
vt 0.907484 0.308291
vt 0.238029 0.845003
vt 0.225916 0.837177
vt 0.089049 0.869756
vt 0.294584 0.489170
vt 0.374669 0.480595
vt 0.574091 0.763456
vt 0.571351 0.776035
vt 0.822127 0.831021
vt 0.841049 0.850715
vt 0.838190 0.856606
vt 0.197571 0.957876
vt 0.057827 0.431197
vt 0.060166 0.430806
vt 0.068962 0.514281
vt 0.065789 0.514940
vt 0.055431 0.430292
vt 0.438129 0.968761
vt 0.362839 0.742613
vt 0.364466 0.748847
vt 0.359365 0.745050
vt 0.959508 0.332641
vt 0.398531 0.721238
vt 0.402321 0.762698
vt 0.399690 0.767126
vt 0.366837 0.745485
vt 0.941141 0.372567
vt 0.402321 0.719161
vt 0.780513 0.079830
vt 0.532935 0.896397
vt 0.951339 0.573529
vt 0.112546 0.038809
vt 0.107193 0.038809
vt 0.112478 0.033777
vt 0.540230 0.688139
vt 0.516603 0.733491
vt 0.538334 0.678867
vt 0.561438 0.681469
vt 0.813697 0.933558
vt 0.382916 0.435955
vt 0.367509 0.435955
vt 0.381665 0.419006
vt 0.759205 0.560108
vt 0.869218 0.568281
vt 0.888079 0.564608
vt 0.879419 0.521079
vt 0.881474 0.461354
vt 0.862009 0.461828
vt 0.359631 0.360651
vt 0.338383 0.367393
vt 0.338383 0.345302
vt 0.042881 0.977660
vt 0.920582 0.247927
vt 0.357358 0.635387
vt 0.355488 0.645202
vt 0.282086 0.616868
vt 0.822470 0.755483
vt 0.818597 0.745098
vt 0.646071 0.110679
vt 0.944737 0.867410
vt 0.336345 0.936724
vt 0.062520 0.602899
vt 0.040023 0.572189
vt 0.062551 0.580757
vt 0.039612 0.844089
vt 0.045541 0.846177
vt 0.038509 0.881028
vt 0.430781 0.962705
vt 0.418769 0.970227
vt 0.418769 0.925528
vt 0.029241 0.853745
vt 0.709668 0.311459
vt 0.167353 0.586367
vt 0.161739 0.542814
vt 0.490690 0.969479
vt 0.493458 0.969392
vt 0.789092 0.000049
vt 0.783093 0.004420
vt 0.733491 0.066463
vt 0.708844 0.078761
vt 0.834921 0.501261
vt 0.848546 0.499552
vt 0.976977 0.836439
vt 0.981128 0.839375
vt 0.885162 0.946732
vt 0.690023 0.714832
vt 0.549795 0.877758
vt 0.527815 0.873843
vt 0.540566 0.866502
vt 0.915614 0.535565
vt 0.915614 0.467813
vt 0.934005 0.523771
vt 0.669984 0.695289
vt 0.927820 0.852941
vt 0.909331 0.957134
vt 0.918055 0.955629
vt 0.908239 0.960468
vt 0.946608 0.035065
vt 0.943339 0.032305
vt 0.126471 0.953205
vt 0.134363 0.950450
vt 0.125107 0.957927
vt 0.955291 0.040867
vt 0.946697 0.044222
vt 0.575230 0.974313
vt 0.571496 0.983644
vt 0.560911 0.987044
vt 0.576936 0.979282
vt 0.586017 0.977640
vt 0.560911 0.955275
vt 0.055210 0.960811
vt 0.218506 0.992219
vt 0.829220 0.717025
vt 0.649038 0.136006
vt 0.986795 0.876239
vt 0.640400 0.925609
vt 0.131543 0.892539
vt 0.118512 0.922745
vt 0.103953 0.907543
vt 0.135651 0.907812
vt 0.128105 0.927299
vt 0.489990 0.802049
vt 0.515731 0.839633
vt 0.300205 0.823995
vt 0.479055 0.808137
vt 0.034652 0.972553
vt 0.040473 0.967980
vt 0.023495 0.965671
vt 0.973500 0.428149
vt 0.968608 0.430046
vt 0.969257 0.432262
vt 0.386892 0.531656
vt 0.379524 0.515746
vt 0.957291 0.227296
vt 0.941152 0.234148
vt 0.941152 0.173847
vt 0.428286 0.783943
vt 0.980006 0.591441
vt 0.988338 0.594338
vt 0.813697 0.973983
vt 0.274130 0.977119
vt 0.735098 0.612153
vt 0.815882 0.598160
vt 0.133820 0.809816
vt 0.133820 0.769695
vt 0.153943 0.774114
vt 0.842319 0.046455
vt 0.785760 0.073366
vt 0.999459 0.149187
vt 0.867745 0.194410
vt 0.792584 0.036582
vt 0.795751 0.035306
vt 0.866326 0.196713
vt 0.822909 0.193308
vt 0.790307 0.037834
vt 0.639630 0.394528
vt 0.934875 0.926999
vt 0.234221 0.814820
vt 0.184770 0.832942
vt 0.215805 0.817419
vt 0.083216 0.152649
vt 0.079277 0.067814
vt 0.091848 0.079217
vt 0.551089 0.670103
vt 0.092840 0.142300
vt 0.907992 0.956167
vt 0.023505 0.690192
vt 0.023505 0.625941
vt 0.040043 0.625234
vt 0.043992 0.689567
vt 0.032240 0.741253
vt 0.295987 0.761031
vt 0.528366 0.928851
vt 0.523038 0.927670
vt 0.122412 0.780411
vt 0.113715 0.776011
vt 0.246649 0.850172
vt 0.236101 0.211011
vt 0.231322 0.252259
vt 0.236735 0.194006
vt 0.477013 0.603836
vt 0.435592 0.609283
vt 0.451412 0.597630
vt 0.228352 0.615643
vt 0.211125 0.589251
vt 0.181291 0.939499
vt 0.189471 0.941563
vt 0.463527 0.592485
vt 0.441915 0.585276
vt 0.431747 0.505662
vt 0.858489 0.783676
vt 0.936902 0.547100
vt 0.457447 0.985874
vt 0.456073 0.984831
vt 0.460625 0.979967
vt 0.454582 0.989317
vt 0.962757 0.946234
vt 0.094870 0.841572
vt 0.931616 0.813817
vt 0.933583 0.817490
vt 0.930011 0.810568
vt 0.403853 0.712540
vt 0.929407 0.812611
vt 0.167036 0.975552
vt 0.338816 0.970363
vt 0.871152 0.486493
vt 0.870501 0.489403
vt 0.945302 0.312391
vt 0.841143 0.937014
vt 0.831030 0.937027
vt 0.866736 0.965052
vt 0.892012 0.171010
vt 0.931176 0.193602
vt 0.903491 0.198441
vt 0.930874 0.172099
vt 0.672360 0.972493
vt 0.971239 0.284421
vt 0.980566 0.278525
vt 0.973638 0.294949
vt 0.084476 0.845550
vt 0.970685 0.274112
vt 0.087967 0.886384
vt 0.507431 0.192574
vt 0.549927 0.887928
vt 0.560036 0.887869
vt 0.940899 0.025242
vt 0.937467 0.023934
vt 0.941178 0.021543
vt 0.119896 0.963161
vt 0.120986 0.967974
vt 0.938928 0.030655
vt 0.125135 0.962550
vt 0.106677 0.649405
vt 0.135036 0.627446
vt 0.688745 0.905602
vt 0.519467 0.874136
vt 0.475973 0.912013
vt 0.529267 0.865203
vt 0.522133 0.874643
vt 0.231322 0.192345
vt 0.913307 0.544621
vt 0.909290 0.470015
vt 0.913307 0.468866
vt 0.044268 0.078042
vt 0.050452 0.002534
vt 0.049012 0.078553
vt 0.050452 0.183696
vt 0.470018 0.730711
vt 0.861836 0.921547
vt 0.859437 0.924792
vt 0.358645 0.906611
vt 0.862469 0.918182
vt 0.398004 0.878680
vt 0.362077 0.909722
vt 0.833161 0.265404
vt 0.843915 0.255104
vt 0.968844 0.863642
vt 0.843140 0.264803
vt 0.839569 0.676183
vt 0.853067 0.671024
vt 0.796099 0.676472
vt 0.853414 0.673296
vt 0.841310 0.679658
vt 0.922901 0.919297
vt 0.268846 0.710617
vt 0.534798 0.933901
vt 0.540858 0.936136
vt 0.556777 0.926927
vt 0.613183 0.527215
vt 0.101659 0.806362
vt 0.116164 0.794521
vt 0.103326 0.809481
vt 0.559901 0.524509
vt 0.370767 0.390678
vt 0.821815 0.903765
vt 0.116954 0.967053
vt 0.694857 0.879765
vt 0.062724 0.627815
vt 0.699857 0.761922
vt 0.695597 0.681593
vt 0.609703 0.722904
vt 0.618321 0.694234
vt 0.650745 0.673902
vt 0.180435 0.003097
vt 0.181625 0.002992
vt 0.699666 0.343957
vt 0.344107 0.686913
vt 0.344107 0.734785
vt 0.341008 0.733607
vt 0.404404 0.881323
vt 0.366512 0.915474
vt 0.336345 0.364805
vt 0.327410 0.351486
vt 0.336345 0.347184
vt 0.198283 0.890225
vt 0.622279 0.637762
vt 0.903592 0.068349
vt 0.836436 0.069626
vt 0.769209 0.830517
vt 0.772301 0.835749
vt 0.769209 0.906839
vt 0.172288 0.848342
vt 0.174641 0.924662
vt 0.172288 0.924950
vt 0.073547 0.429263
vt 0.082367 0.513026
vt 0.451596 0.968365
vt 0.927000 0.053997
vt 0.471260 0.988588
vt 0.477121 0.984011
vt 0.478645 0.993512
vt 0.955274 0.964519
vt 0.294584 0.958817
vt 0.307885 0.963916
vt 0.742099 0.507263
vt 0.503176 0.983593
vt 0.513120 0.986315
vt 0.962027 0.587241
vt 0.984662 0.855805
vt 0.837210 0.593587
vt 0.853288 0.687587
vt 0.670228 0.959286
vt 0.747385 0.413627
vt 0.965294 0.877937
vt 0.962952 0.872657
vt 0.502830 0.192761
vt 0.961790 0.820321
vt 0.956617 0.820096
vt 0.962051 0.808697
vt 0.967919 0.820888
vt 0.548319 0.912209
vt 0.542046 0.910912
vt 0.542634 0.908850
vt 0.715037 0.419179
vt 0.640939 0.419114
vt 0.640923 0.403641
vt 0.924999 0.913323
vt 0.977467 0.398190
vt 0.929032 0.972436
vt 0.598233 0.957895
vt 0.853559 0.229154
vt 0.869323 0.236018
vt 0.853559 0.315647
vt 0.514867 0.664125
vt 0.783943 0.865442
vt 0.770589 0.779981
vt 0.783943 0.777773
vt 0.987211 0.493702
vt 0.985709 0.481129
vt 0.980729 0.012081
vt 0.861561 0.835722
vt 0.765880 0.100090
vt 0.727119 0.077280
vt 0.955541 0.544801
vt 0.763831 0.101697
vt 0.767208 0.097534
vt 0.648571 0.920254
vt 0.164292 0.890840
vt 0.414646 0.954849
vt 0.367539 0.951882
vt 0.195389 0.526123
vt 0.217636 0.450866
vt 0.405904 0.964952
vt 0.980678 0.346597
vt 0.689228 0.909970
vt 0.649847 0.936154
vt 0.997393 0.259930
vt 0.996496 0.273071
vt 0.685743 0.936592
vt 0.933611 0.409590
vt 0.532978 0.678118
vt 0.516986 0.694682
vt 0.516986 0.625427
vt 0.646776 0.658248
vt 0.647682 0.578245
vt 0.400374 0.629150
vt 0.361157 0.667516
vt 0.317735 0.660203
vt 0.277367 0.628948
vt 0.077618 0.054525
vt 0.076007 0.062095
vt 0.072906 0.054525
vt 0.078327 0.944233
vt 0.080815 0.944721
vt 0.077207 0.935790
vt 0.078256 0.949106
vt 0.764374 0.569545
vt 0.235054 0.190667
vt 0.669525 0.126476
vt 0.689508 0.123547
vt 0.683255 0.131336
vt 0.891647 0.168173
vt 0.887233 0.131289
vt 0.895196 0.128909
vt 0.388394 0.735157
vt 0.395853 0.741841
vt 0.388394 0.772300
vt 0.679826 0.141230
vt 0.679897 0.118340
vt 0.449955 0.910490
vt 0.842157 0.335491
vt 0.620490 0.197782
vt 0.675150 0.956765
vt 0.586421 0.759626
vt 0.679908 0.958491
vt 0.906834 0.795302
vt 0.919738 0.746780
vt 0.904058 0.811530
vt 0.185476 0.948450
vt 0.872294 0.945167
vt 0.933191 0.067072
vt 0.532631 0.929588
vt 0.535798 0.930457
vt 0.239533 0.898280
vt 0.555779 0.509478
vt 0.614578 0.523766
vt 0.115279 0.814991
vt 0.128070 0.799097
vt 0.984338 0.972353
vt 0.813220 0.005416
vt 0.965783 0.039945
vt 0.419814 0.320483
vt 0.942174 0.576179
vt 0.676972 0.111203
vt 0.939187 0.576143
vt 0.674620 0.117504
vt 0.727023 0.517516
vt 0.935341 0.247084
vt 0.910496 0.234334
vt 0.907692 0.223864
vt 0.924411 0.224163
vt 0.460534 0.907803
vt 0.460534 0.955997
vt 0.457291 0.955390
vt 0.929293 0.350636
vt 0.028460 0.755057
vt 0.021258 0.756187
vt 0.021258 0.677178
vt 0.015524 0.001260
vt 0.153376 0.602452
vt 0.026633 0.787824
vt 0.099491 0.711195
vt 0.904352 0.461819
vt 0.882189 0.410847
vt 0.905545 0.422239
vt 0.099929 0.755728
vt 0.927549 0.809046
vt 0.714899 0.421134
vt 0.349882 0.886140
vt 0.288119 0.959602
vt 0.174395 0.816284
vt 0.023571 0.552021
vt 0.072762 0.548291
vt 0.001224 0.549733
vt 0.001525 0.524354
vt 0.004530 0.514778
vt 0.001224 0.664929
vt 0.642480 0.972774
vt 0.638123 0.962341
vt 0.141125 0.971415
vt 0.116988 0.937637
vt 0.103752 0.911214
vt 0.120903 0.938969
vt 0.799914 0.019727
vt 0.985226 0.030460
vt 0.982141 0.031873
vt 0.290903 0.581926
vt 0.720701 0.094937
vt 0.765360 0.106653
vt 0.760889 0.112546
vt 0.724882 0.084869
vt 0.724469 0.108306
vt 0.818167 0.725212
vt 0.808111 0.721857
vt 0.805774 0.717962
vt 0.559188 0.762899
vt 0.550192 0.764459
vt 0.554468 0.772843
vt 0.629171 0.401910
vt 0.630001 0.757811
vt 0.591347 0.789165
vt 0.949529 0.359528
vt 0.949529 0.417844
vt 0.939030 0.379850
vt 0.180518 0.971331
vt 0.099480 0.118115
vt 0.104785 0.125483
vt 0.097810 0.125483
vt 0.291068 0.336114
vt 0.283668 0.337639
vt 0.283668 0.001071
vt 0.106733 0.023262
vt 0.115134 0.025847
vt 0.112404 0.029986
vt 0.338058 0.330833
vt 0.346694 0.000474
vt 0.346694 0.332464
vt 0.106733 0.032341
vt 0.328583 0.369980
vt 0.000546 0.369980
vt 0.004742 0.366405
vt 0.005195 0.364150
vt 0.939654 0.487589
vt 0.944436 0.480392
vt 0.459933 0.979015
vt 0.906839 0.626184
vt 0.903099 0.703738
vt 0.893529 0.626184
vt 0.705783 0.454277
vt 0.749057 0.976411
vt 0.748392 0.982065
vt 0.746780 0.977855
vt 0.245800 0.250965
vt 0.476449 0.806369
vt 0.495361 0.975482
vt 0.500075 0.977714
vt 0.963453 0.577407
vt 0.939180 0.211481
vt 0.905751 0.997393
vt 0.882691 0.997393
vt 0.906839 0.965177
vt 0.046918 0.931165
vt 0.904589 0.310472
vt 0.959258 0.336790
vt 0.500145 0.006505
vt 0.501851 0.081040
vt 0.499523 0.080948
vt 0.463790 0.622338
vt 0.484122 0.612164
vt 0.212688 0.663213
vt 0.244953 0.687432
vt 0.537874 0.905501
vt 0.538644 0.900898
vt 0.784149 0.034581
vt 0.234685 0.511614
vt 0.256441 0.525947
vt 0.941767 0.963759
vt 0.934909 0.950296
vt 0.232854 0.971007
vt 0.227067 0.976268
vt 0.933803 0.949583
vt 0.429796 0.909742
vt 0.452324 0.865706
vt 0.799914 0.040103
vt 0.804238 0.030119
vt 0.742048 0.053182
vt 0.276341 0.953877
vt 0.281912 0.956550
vt 0.760436 0.569875
vt 0.881965 0.502932
vt 0.880374 0.507114
vt 0.879741 0.504276
vt 0.883736 0.503691
vt 0.085409 0.512733
vt 0.845883 0.267213
vt 0.963870 0.872123
vt 0.731503 0.141824
vt 0.042690 0.173347
vt 0.040532 0.172073
vt 0.042690 0.143070
vt 0.968346 0.763587
vt 0.531284 0.862729
vt 0.538133 0.862864
vt 0.368772 0.928655
vt 0.414840 0.931117
vt 0.368020 0.941579
vt 0.575668 0.929203
vt 0.563177 0.930124
vt 0.563177 0.856291
vt 0.913307 0.448892
vt 0.898487 0.376415
vt 0.913307 0.373170
vt 0.204916 0.989465
vt 0.203854 0.975856
vt 0.058814 0.001836
vt 0.987322 0.947253
vt 0.858636 0.377742
vt 0.858636 0.295289
vt 0.869323 0.370563
vt 0.202567 0.920306
vt 0.110340 0.126776
vt 0.110340 0.052844
vt 0.129364 0.059837
vt 0.940961 0.550320
vt 0.680452 0.983163
vt 0.676348 0.972226
vt 0.972558 0.977856
vt 0.966287 0.989631
vt 0.167569 0.978852
vt 0.457947 0.830972
vt 0.934005 0.972281
vt 0.055280 0.945923
vt 0.987190 0.274768
vt 0.971527 0.271913
vt 0.690801 0.887862
vt 0.038413 0.977412
vt 0.955745 0.827021
vt 0.772744 0.000473
vt 0.949710 0.557747
vt 0.939757 0.006148
vt 0.148963 0.639648
vt 0.021868 0.902312
vt 0.027166 0.901378
vt 0.027161 0.950822
vt 0.087750 0.938897
vt 0.882365 0.519450
vt 0.988338 0.186811
vt 0.988338 0.149418
vt 0.615633 0.794550
vt 0.601493 0.783025
vt 0.803289 0.027899
vt 0.990157 0.476174
vt 0.200133 0.021434
vt 0.199638 0.022390
vt 0.987428 0.478361
vt 0.321640 0.666015
vt 0.335847 0.666894
vt 0.316860 0.710060
vt 0.924631 0.891599
vt 0.913744 0.888740
vt 0.914449 0.747202
vt 0.887172 0.791130
vt 0.888254 0.760026
vt 0.294251 0.485786
vt 0.716674 0.394582
vt 0.871911 0.697230
vt 0.858017 0.706325
vt 0.858017 0.624489
vt 0.226556 0.750309
vt 0.206073 0.737314
vt 0.217018 0.727396
vt 0.965052 0.062095
vt 0.520042 0.975401
vt 0.368686 0.363129
vt 0.368686 0.379035
vt 0.362742 0.366221
vt 0.983163 0.680920
vt 0.633373 0.453249
vt 0.633959 0.443355
vt 0.703094 0.467544
vt 0.701700 0.481232
vt 0.750646 0.986340
vt 0.736993 0.937131
vt 0.746654 0.936876
vt 0.736225 0.940238
vt 0.835087 0.085136
vt 0.788712 0.089690
vt 0.788652 0.086635
vt 0.961240 0.222152
vt 0.833891 0.083720
vt 0.398835 0.847917
vt 0.660668 0.115905
vt 0.654839 0.103111
vt 0.653191 0.109616
vt 0.530999 0.918681
vt 0.057450 0.723089
vt 0.987044 0.934005
vt 0.957666 0.929142
vt 0.987044 0.908266
vt 0.859198 0.292349
vt 0.875791 0.284426
vt 0.875791 0.366099
vt 0.564730 0.849308
vt 0.498135 0.894406
vt 0.496420 0.176582
vt 0.539723 0.892020
vt 0.741565 0.187339
vt 0.747850 0.175200
vt 0.747940 0.960649
vt 0.757038 0.948660
vt 0.589092 0.311167
vt 0.600247 0.358753
vt 0.583542 0.366683
vt 0.722515 0.970227
vt 0.946941 0.828411
vt 0.929482 0.880966
vt 0.929482 0.816733
vt 0.294908 0.471069
vt 0.403335 0.548429
vt 0.750720 0.701739
vt 0.903948 0.035539
vt 0.845447 0.901445
vt 0.994088 0.873491
vt 0.955997 0.899494
vt 0.955997 0.957290
vt 0.941784 0.954064
vt 0.503202 0.863902
vt 0.475973 0.833274
vt 0.503987 0.859431
vt 0.938795 0.952667
vt 0.096217 0.780062
vt 0.752887 0.805671
vt 0.751775 0.784250
vt 0.414928 0.002452
vt 0.411336 0.052282
vt 0.412619 0.001090
vt 0.326563 0.937448
vt 0.938298 0.858229
vt 0.296979 0.969227
vt 0.779829 0.969069
vt 0.787941 0.082453
vt 0.831972 0.079015
vt 0.928042 0.811657
vt 0.980506 0.835663
vt 0.161592 0.141268
vt 0.853461 0.653529
vt 0.844338 0.651101
vt 0.574804 0.984098
vt 0.617381 0.950786
vt 0.608418 0.950047
vt 0.611054 0.941985
vt 0.619652 0.943064
vt 0.260021 0.926545
vt 0.644589 0.970933
vt 0.650968 0.975288
vt 0.156226 0.960691
vt 0.159904 0.960851
vt 0.147862 0.947139
vt 0.641152 0.137243
vt 0.649963 0.139370
vt 0.568936 0.964134
vt 0.182221 0.924158
vt 0.176774 0.915606
vt 0.176755 0.938061
vt 0.923380 0.149271
vt 0.930839 0.137161
vt 0.939179 0.142539
vt 0.932868 0.156752
vt 0.930971 0.158200
vt 0.182559 0.949896
vt 0.147474 0.945131
vt 0.839932 0.314105
vt 0.818248 0.327014
vt 0.792387 0.651782
vt 0.993512 0.505156
vt 0.986246 0.501030
vt 0.551267 0.926088
vt 0.943809 0.572788
vt 0.938958 0.569321
vt 0.892012 0.209527
vt 0.942975 0.601390
vt 0.945648 0.600736
vt 0.945648 0.649405
vt 0.159873 0.647740
vt 0.162998 0.649632
vt 0.806266 0.802335
vt 0.803238 0.735398
vt 0.500371 0.153057
vt 0.517541 0.172762
vt 0.752748 0.994942
vt 0.129329 0.235442
vt 0.761572 0.217653
vt 0.845573 0.292891
vt 0.824823 0.636342
vt 0.856387 0.624655
vt 0.828106 0.621539
vt 0.751819 0.957500
vt 0.003907 0.271664
vt 0.265195 0.262723
vt 0.259351 0.271663
vt 0.548345 0.553479
vt 0.125550 0.941355
vt 0.139713 0.943003
vt 0.442159 0.627216
vt 0.403335 0.685627
vt 0.581633 0.851820
vt 0.204891 0.963194
vt 0.207990 0.955668
vt 0.902759 0.077018
vt 0.842239 0.082190
vt 0.789464 0.106344
vt 0.180238 0.121419
vt 0.359906 0.810531
vt 0.412986 0.783113
vt 0.670768 0.110367
vt 0.669304 0.106760
vt 0.974476 0.897967
vt 0.496654 0.187574
vt 0.961502 0.864899
vt 0.415079 0.390678
vt 0.936139 0.019979
vt 0.637630 0.764476
vt 0.596908 0.747237
vt 0.599628 0.760631
vt 0.230267 0.660631
vt 0.208275 0.921932
vt 0.184034 0.001198
vt 0.569811 0.282551
vt 0.574095 0.359033
vt 0.569811 0.213838
vt 0.424932 0.539216
vt 0.424931 0.453971
vt 0.019520 0.749155
vt 0.025873 0.825489
vt 0.019520 0.834395
vt 0.726180 0.080305
vt 0.939179 0.200514
vt 0.636861 0.958731
vt 0.633411 0.961688
vt 0.630034 0.959282
vt 0.272857 0.947971
vt 0.876945 0.504834
vt 0.006468 0.218008
vt 0.000219 0.221609
vt 0.003788 0.215258
vt 0.006466 0.223552
vt 0.983378 0.201603
vt 0.478322 0.809455
vt 0.594797 0.063588
vt 0.934005 0.680995
vt 0.934005 0.746428
vt 0.918599 0.733475
vt 0.590642 0.000977
vt 0.567530 0.037733
vt 0.085414 0.142128
vt 0.091848 0.133269
vt 0.091848 0.144887
vt 0.479150 0.258727
vt 0.488994 0.000110
vt 0.488994 0.253933
vt 0.777635 0.041450
vt 0.786162 0.046571
vt 0.454582 0.968817
vt 0.565550 0.090013
vt 0.567822 0.040657
vt 0.579549 0.083753
vt 0.579549 0.165585
vt 0.536866 0.697023
vt 0.557557 0.742561
vt 0.536866 0.746428
vt 0.228976 0.832712
vt 0.230871 0.832575
vt 0.786531 0.887140
vt 0.773335 0.891315
vt 0.773335 0.811317
vt 0.532855 0.864234
vt 0.523068 0.918132
vt 0.590948 0.715121
vt 0.555474 0.733492
vt 0.588643 0.735792
vt 0.204182 0.932817
vt 0.769713 0.914729
vt 0.769713 0.958584
vt 0.766294 0.956566
vt 0.950224 0.311013
vt 0.966623 0.322132
vt 0.214614 0.447704
vt 0.981004 0.343317
vt 0.627957 0.419122
vt 0.961263 0.610596
vt 0.178256 0.972476
vt 0.055739 0.628598
vt 0.711500 0.265195
vt 0.127016 0.001243
vt 0.944266 0.561438
vt 0.229381 0.830697
vt 0.368717 0.745836
vt 0.230994 0.988848
vt 0.229422 0.983271
vt 0.232854 0.987642
vt 0.362579 0.976722
vt 0.367393 0.975848
vt 0.124086 0.107372
vt 0.118548 0.107372
vt 0.281450 0.923441
vt 0.264927 0.923315
vt 0.077618 0.000697
vt 0.077618 0.053039
vt 0.064775 0.050271
vt 0.770137 0.331171
vt 0.532978 0.849919
vt 0.518122 0.839544
vt 0.518959 0.835903
vt 0.348763 0.000928
vt 0.351869 0.325839
vt 0.348763 0.331171
vt 0.976046 0.568282
vt 0.098061 0.846367
vt 0.099618 0.846403
vt 0.892142 0.216940
vt 0.949734 0.889864
vt 0.540097 0.676162
vt 0.558103 0.675094
vt 0.516603 0.619539
vt 0.162333 0.669824
vt 0.455292 0.861601
vt 0.464415 0.786788
vt 0.464415 0.864149
vt 0.970884 0.807269
vt 0.973861 0.823143
vt 0.981525 0.810184
vt 0.108665 0.925657
vt 0.658461 0.765832
vt 0.550682 0.947014
vt 0.325996 0.419567
vt 0.325726 0.421725
vt 0.000904 0.419567
vt 0.359631 0.328583
vt 0.349895 0.003603
vt 0.359631 0.000498
vt 0.976077 0.852506
vt 0.844688 0.591242
vt 0.560842 0.251018
vt 0.888728 0.566638
vt 0.707619 0.717923
vt 0.701499 0.766155
vt 0.719191 0.745313
vt 0.632462 0.964085
vt 0.629519 0.975401
vt 0.891112 0.540740
vt 0.891112 0.462577
vt 0.909426 0.464776
vt 0.077618 0.073413
vt 0.014230 0.870381
vt 0.001101 0.874498
vt 0.001101 0.793322
vt 0.182165 0.001462
vt 0.711500 0.160116
vt 0.851952 0.617553
vt 0.258422 0.479382
vt 0.929182 0.948821
vt 0.108665 0.251932
vt 0.486689 0.826811
vt 0.783593 0.072668
vt 0.750112 0.043018
vt 0.789118 0.065097
vt 0.237546 0.778458
vt 0.078912 0.565360
vt 0.821891 0.195761
vt 0.041396 0.775357
vt 0.028838 0.852506
vt 0.028838 0.766689
vt 0.838655 0.097023
vt 0.904750 0.085193
vt 0.091848 0.001853
vt 0.230267 0.584336
vt 0.938610 0.645598
vt 0.385503 0.400437
vt 0.942977 0.313642
vt 0.942127 0.310735
vt 0.536919 0.919865
vt 0.860399 0.095442
vt 0.864149 0.144243
vt 0.860399 0.144887
vt 0.822600 0.199595
vt 0.166982 0.820817
vt 0.186230 0.812836
vt 0.016817 0.647457
vt 0.012760 0.685627
vt 0.012760 0.646943
vt 0.366910 0.381419
vt 0.042276 0.385504
vt 0.366348 0.377812
vt 0.369980 0.385504
vt 0.108817 0.033059
vt 0.066945 0.058214
vt 0.063620 0.053248
vt 0.068563 0.053248
vt 0.533186 0.847331
vt 0.533186 0.769556
vt 0.535565 0.769612
vt 0.090554 0.528948
vt 0.529106 0.918424
vt 0.161704 0.969550
vt 0.158319 0.965792
vt 0.811259 0.953545
vt 0.836815 0.873951
vt 0.861499 0.507123
vt 0.836628 0.872578
vt 0.863486 0.503430
vt 0.950822 0.660135
vt 0.946592 0.661048
vt 0.946592 0.602324
vt 0.987829 0.878418
vt 0.994518 0.876566
vt 0.913884 0.090544
vt 0.918481 0.091241
vt 0.913884 0.165585
vt 0.600247 0.439836
vt 0.071782 0.939822
vt 0.771011 0.950822
vt 0.771011 0.888640
vt 0.789118 0.930517
vt 0.200957 0.911280
vt 0.981703 0.509692
vt 0.308979 0.983169
vt 0.311905 0.937116
vt 0.312993 0.984119
vt 0.959499 0.548514
vt 0.116188 0.230090
vt 0.129364 0.256140
vt 0.109132 0.256140
vt 0.990925 0.191718
vt 0.659754 0.065649
vt 0.515161 0.882649
vt 0.450991 0.834132
vt 0.429796 0.870390
vt 0.814944 0.453536
vt 0.830556 0.430125
vt 0.836040 0.458430
vt 0.814944 0.513254
vt 0.657415 0.979737
vt 0.668352 0.006314
vt 0.838388 0.867703
vt 0.896958 0.381181
vt 0.113779 0.187117
vt 0.336345 0.982412
vt 0.956563 0.142071
vt 0.962465 0.187373
vt 0.956563 0.190164
vt 0.642670 0.654735
vt 0.817578 0.546964
vt 0.029241 0.921824
vt 0.887233 0.089478
vt 0.798819 0.481507
vt 0.820165 0.961171
vt 0.815298 0.931173
vt 0.818558 0.928350
vt 0.820165 0.926874
vt 0.911742 0.917223
vt 0.340226 0.406202
vt 0.013208 0.406202
vt 0.339933 0.396548
vt 0.006468 0.228974
vt 0.990736 0.008645
vt 0.918481 0.370514
vt 0.915397 0.419138
vt 0.915397 0.369606
vt 0.319528 0.922362
vt 0.316496 0.921292
vt 0.319528 0.865450
vt 0.838353 0.536597
vt 0.301417 0.686418
vt 0.300502 0.662223
vt 0.878656 0.968933
vt 0.966944 0.486407
vt 0.966944 0.443620
vt 0.069856 0.000558
vt 0.235168 0.838610
vt 0.295975 0.855093
vt 0.268647 0.956927
vt 0.701958 0.178888
vt 0.264450 0.483388
vt 0.272135 0.427421
vt 0.283306 0.491456
vt 0.264450 0.569200
vt 0.000423 0.411376
vt 0.000218 0.407389
vt 0.327290 0.407389
vt 0.101659 0.779643
vt 0.103411 0.779325
vt 0.848625 0.474203
vt 0.821095 0.522629
vt 0.845047 0.472767
vt 0.096217 0.685910
vt 0.324703 0.005288
vt 0.004045 0.335218
vt 0.335052 0.344107
vt 0.001002 0.344107
vt 0.765233 0.301273
vt 0.878645 0.970871
vt 0.208275 0.947811
vt 0.890467 0.966860
vt 0.749012 0.752098
vt 0.196513 0.944354
vt 0.267773 0.939536
vt 0.796241 0.217620
vt 0.304004 0.004069
vt 0.297083 0.338933
vt 0.297083 0.002549
vt 0.720701 0.001291
vt 0.772696 0.034099
vt 0.545605 0.863272
vt 0.920905 0.880718
vt 0.683475 0.117721
vt 0.447598 0.753237
vt 0.561438 0.853736
vt 0.457735 0.721829
vt 0.772301 0.828611
vt 0.005466 0.245952
vt 0.244530 0.005479
vt 0.010525 0.243708
vt 0.990925 0.205604
vt 0.719379 0.090010
vt 0.449823 0.686146
vt 0.172629 0.710312
vt 0.021318 0.003289
vt 0.024579 0.003418
vt 0.017141 0.152649
vt 0.111094 0.300870
vt 0.446304 0.752552
vt 0.440478 0.756632
vt 0.434542 0.642718
vt 0.434561 0.756777
vt 0.733491 0.575668
vt 0.728486 0.572816
vt 0.733491 0.461617
vt 0.153904 0.260194
vt 0.017141 0.002222
vt 0.456171 0.187435
vt 0.458899 0.187631
vt 0.463122 0.335052
vt 0.463122 0.186305
vt 0.516825 0.283801
vt 0.745134 0.497064
vt 0.740140 0.501931
vt 0.740140 0.388978
vt 0.730146 0.374745
vt 0.737060 0.373845
vt 0.730146 0.487701
vt 0.739960 0.378813
vt 0.518748 0.410719
vt 0.149877 0.151728
vt 0.153604 0.147543
vt 0.159117 0.243204
vt 0.159117 0.144751
vt 0.765233 0.399733
vt 0.408789 0.780062
vt 0.404339 0.776114
vt 0.408789 0.684259
vt 0.386797 0.060261
vt 0.386797 0.388091
vt 0.379707 0.151954
vt 0.265626 0.038008
vt 0.267783 0.037731
vt 0.267783 0.274251
vt 0.328583 0.357043
vt 0.000542 0.357043
vt 0.092211 0.350116
vt 0.275544 0.325996
vt 0.271534 0.321844
vt 0.275544 0.177116
vt 0.014740 0.253348
vt 0.253562 0.013119
vt 0.120800 0.154802
vt 0.015524 0.194322
vt 0.011672 0.196633
vt 0.006337 0.000396
vt 0.006337 0.195550
vt 0.266576 0.026517
vt 0.027984 0.266514
vt 0.125020 0.160915
vt 0.254836 0.050928
vt 0.257423 0.045299
vt 0.263902 0.194045
vt 0.263902 0.045171
vt 0.465709 0.499343
vt 0.461643 0.498699
vt 0.465709 0.351655
vt 0.459145 0.498531
vt 0.545249 0.366243
vt 0.011643 0.785226
vt 0.007788 0.789275
vt 0.000899 0.677224
vt 0.000899 0.790411
vt 0.447100 0.626786
vt 0.450185 0.631639
vt 0.447100 0.739960
vt 0.538152 0.147805
vt 0.110922 0.287461
vt 0.728317 0.355490
vt 0.724441 0.359518
vt 0.718524 0.245279
vt 0.718524 0.359631
vt 0.730904 0.304004
vt 0.725882 0.299166
vt 0.730904 0.189651
vt 0.476058 0.150403
vt 0.195339 0.256140
vt 0.191796 0.255956
vt 0.195339 0.106548
vt 0.188913 0.255860
vt 0.432700 0.055864
vt 0.438935 0.054582
vt 0.432700 0.203101
vt 0.442423 0.058828
vt 0.000020 0.240538
vt 0.239129 0.000020
vt 0.105986 0.142180
vt 0.025873 0.195261
vt 0.020900 0.196633
vt 0.025873 0.000456
vt 0.016926 0.193937
vt 0.269863 0.338933
vt 0.269863 0.000903
vt 0.275544 0.145322
vt 0.311832 0.003002
vt 0.315647 0.000236
vt 0.315647 0.147474
vt 0.037951 0.001389
vt 0.043026 0.000386
vt 0.037951 0.191458
vt 0.046571 0.002362
vt 0.294949 0.002337
vt 0.294949 0.338933
vt 0.289315 0.195654
vt 0.031047 0.160050
vt 0.026804 0.165585
vt 0.026804 0.016717
vt 0.426114 0.001174
vt 0.432068 0.002668
vt 0.426114 0.150062
vt 0.434662 0.006895
vt 0.282013 0.000200
vt 0.282013 0.337639
vt 0.276576 0.143505
vt 0.019405 0.747721
vt 0.014491 0.746648
vt 0.019405 0.633178
vt 0.008645 0.742594
vt 0.150105 0.315342
vt 0.260021 0.261314
vt 0.257239 0.260645
vt 0.257239 0.111984
vt 0.254125 0.261192
vt 0.477650 0.148937
vt 0.716810 0.366375
vt 0.721849 0.361515
vt 0.721849 0.476058
vt 0.812403 0.499147
vt 0.808359 0.504518
vt 0.808359 0.408552
vt 0.428656 0.669980
vt 0.433368 0.668614
vt 0.433368 0.765832
vt 0.659671 0.700972
vt 0.664542 0.700994
vt 0.659671 0.798173
vt 0.668810 0.706598
vt 0.328583 0.377742
vt 0.000687 0.377742
vt 0.236803 0.370915
vt 0.338922 0.000452
vt 0.341520 0.000814
vt 0.338922 0.236735
vt 0.417710 0.327290
vt 0.417710 0.001065
vt 0.424313 0.091504
vt 0.798881 0.437431
vt 0.803348 0.441825
vt 0.790463 0.532978
vt 0.403614 0.000113
vt 0.403614 0.327290
vt 0.396786 0.091911
vt 0.360819 0.001217
vt 0.364805 0.001430
vt 0.360819 0.236735
vt 0.416551 0.062393
vt 0.416551 0.389384
vt 0.409554 0.297578
vt 0.018111 0.839580
vt 0.013340 0.842157
vt 0.013340 0.747623
vt 0.790463 0.438437
vt 0.795374 0.435864
vt 0.375123 0.374754
vt 0.371435 0.375154
vt 0.371435 0.227500
vt 0.483760 0.427422
vt 0.746428 0.369038
vt 0.741389 0.373861
vt 0.741389 0.260961
vt 0.732084 0.223444
vt 0.738973 0.224565
vt 0.732084 0.336345
vt 0.743841 0.227630
vt 0.553676 0.146807
vt 0.377742 0.374096
vt 0.003507 0.209569
vt 0.001112 0.208641
vt 0.001112 0.002509
vt 0.377742 0.000651
vt 0.377742 0.328583
vt 0.371356 0.206709
vt 0.410083 0.427850
vt 0.405078 0.430674
vt 0.401061 0.306148
vt 0.401061 0.432074
vt 0.463122 0.138419
vt 0.458533 0.137058
vt 0.463122 0.012491
vt 0.455099 0.134281
vt 0.405600 0.327290
vt 0.405600 0.000132
vt 0.411376 0.205366
vt 0.005175 0.207759
vt 0.539446 0.432470
vt 0.452773 0.360924
vt 0.449226 0.359936
vt 0.452773 0.212552
vt 0.446807 0.360156
vt 0.496073 0.395055
vt 0.758071 0.331012
vt 0.754162 0.334997
vt 0.748222 0.221987
vt 0.748222 0.335052
vt 0.738666 0.600247
vt 0.733659 0.595387
vt 0.738666 0.487195
vt 0.469527 0.343048
vt 0.476058 0.344321
vt 0.476058 0.491582
vt 0.371414 0.000203
vt 0.375154 0.004337
vt 0.371414 0.147474
vt 0.307885 0.000027
vt 0.307885 0.336345
vt 0.302193 0.143104
vt 0.027206 0.005072
vt 0.031166 0.002297
vt 0.036222 0.194045
vt 0.036111 0.004029
vt 0.020353 0.258928
vt 0.259064 0.018812
vt 0.161149 0.125225
vt 0.466823 0.347282
vt 0.509058 0.721681
vt 0.503126 0.721849
vt 0.503126 0.607482
vt 0.724471 0.361685
vt 0.729611 0.366438
vt 0.724471 0.476058
vt 0.399733 0.394813
vt 0.246129 0.055425
vt 0.249633 0.055262
vt 0.253553 0.204394
vt 0.253553 0.054254
vt 0.150660 0.287187
vt 0.514867 0.717532
s 1
usemtl Material_0
f 1/1/1 2/2/2 3/3/3
s 0
f 4/4/4 5/5/4 6/6/4
s 1
f 7/7/5 8/8/6 9/9/7
f 10/10/8 11/11/9 12/12/10
f 7/7/5 13/13/11 14/14/12
f 7/7/5 9/9/7 13/13/11
f 10/10/8 15/15/13 11/11/9
f 7/7/5 16/16/14 8/8/6
s 0
f 17/17/15 18/18/15 19/19/15
s 1
f 20/20/16 21/21/17 22/22/18
f 23/23/19 24/24/20 25/25/21
f 20/20/16 22/22/18 26/26/22
f 20/20/16 27/27/23 21/21/17
f 23/23/19 25/25/21 28/28/24
f 29/29/25 30/30/26 31/31/27
f 32/32/28 33/33/29 34/34/30
f 35/35/31 36/36/32 37/37/33
f 35/35/31 38/38/34 39/39/35
f 40/40/36 41/41/37 42/42/38
f 32/32/28 43/43/39 33/33/29
f 35/35/31 37/37/33 38/38/34
f 32/32/28 34/34/30 44/44/40
f 45/45/41 46/46/42 47/47/43
f 45/45/41 48/48/44 49/49/45
f 50/50/46 51/51/47 52/52/48
f 45/45/41 53/53/49 48/48/44
f 45/45/41 47/47/43 53/53/49
f 50/50/46 54/54/50 51/51/47
f 45/45/41 49/49/45 55/55/51
f 56/56/52 57/57/53 58/58/54
f 56/56/52 59/59/55 60/60/56
f 61/61/57 62/62/58 63/63/59
f 61/61/57 64/64/60 65/65/61
f 61/61/57 66/66/62 62/62/58
f 61/61/57 63/63/59 64/64/60
f 56/56/52 58/58/54 59/59/55
f 67/67/63 68/68/64 69/69/65
f 70/70/66 71/71/67 72/72/68
f 70/70/66 73/73/69 74/74/70
f 67/67/63 69/69/65 75/75/71
f 70/70/66 72/72/68 73/73/69
f 70/70/66 76/76/72 71/71/67
f 77/77/73 78/78/74 79/79/75
f 80/80/76 81/81/77 82/82/78
f 77/77/73 83/83/79 78/78/74
f 80/80/76 84/84/80 81/81/77
f 80/80/76 82/82/78 85/85/81
f 86/86/82 87/87/83 88/88/84
f 89/89/85 90/90/86 91/91/87
f 89/89/85 92/92/88 90/90/86
f 86/86/82 88/88/84 93/93/89
f 86/86/82 94/94/90 87/87/83
f 89/89/85 95/95/91 92/92/88
f 96/96/92 97/97/93 98/98/94
f 99/99/95 100/100/96 101/101/97
f 96/96/92 98/98/94 102/102/98
f 96/96/92 102/102/98 103/103/99
f 99/99/95 101/101/97 104/104/100
f 105/105/101 106/106/102 107/107/103
f 108/108/104 109/109/105 110/110/106
s 0
f 111/111/107 112/112/107 113/113/107
s 1
f 114/114/108 115/115/109 116/116/110
f 114/114/108 116/116/110 117/117/111
s 0
f 118/118/112 119/119/112 120/120/112
s 1
f 121/121/113 122/122/114 123/123/115
f 114/114/108 124/124/116 115/115/109
f 125/125/117 126/126/118 127/127/119
f 128/128/120 129/129/121 130/130/122
f 128/128/120 131/131/123 132/132/124
f 128/128/120 130/130/122 131/131/123
f 125/125/117 133/133/125 126/126/118
f 125/125/117 127/127/119 134/134/126
f 135/135/127 136/136/128 137/137/129
f 135/135/127 137/137/129 138/138/130
f 139/139/131 140/140/132 141/141/133
f 139/139/131 142/142/134 143/143/135
f 139/139/131 143/143/135 140/140/132
f 139/139/131 141/141/133 144/144/136
f 139/139/131 144/144/136 145/145/137
f 139/139/131 145/145/137 142/142/134
s 0
f 146/146/138 147/147/138 148/148/138
f 146/146/138 149/149/138 150/150/138
f 146/146/138 148/148/138 151/151/138
f 146/146/138 150/150/138 147/147/138
f 146/146/138 152/152/138 149/149/138
f 153/153/138 154/154/138 155/155/138
s 1
f 156/156/139 157/157/140 158/158/141
f 159/159/142 160/160/143 161/161/144
f 156/156/139 158/158/141 162/162/145
f 156/156/139 163/163/146 157/157/140
f 156/156/139 164/164/147 163/163/146
f 156/156/139 165/165/148 166/166/149
f 156/156/139 166/166/149 164/164/147
f 167/167/150 168/168/151 169/169/152
f 170/170/153 171/171/154 172/172/155
f 173/173/156 174/174/157 175/175/158
f 173/173/156 176/176/159 177/177/160
f 173/173/156 178/178/161 174/174/157
f 173/173/156 179/179/162 178/178/161
f 173/173/156 177/177/160 179/179/162
f 173/173/156 175/175/158 176/176/159
f 180/180/163 181/181/164 182/182/165
f 180/180/163 182/182/165 183/183/166
s 0
f 184/184/167 185/185/167 186/186/167
f 184/184/167 187/187/167 185/185/167
f 184/184/167 186/186/167 188/188/167
f 184/184/167 189/189/167 187/187/167
s 1
f 184/184/167 188/188/167 190/190/168
f 184/184/167 190/190/168 189/189/167
f 191/191/169 192/192/170 193/193/171
f 191/191/169 194/194/172 192/192/170
f 191/191/169 193/193/171 195/195/173
f 191/191/169 195/195/173 196/196/174
f 191/191/169 197/197/175 194/194/172
f 191/191/169 196/196/174 197/197/175
f 198/198/176 199/199/177 200/200/178
f 198/198/176 201/201/179 199/199/177
f 202/202/180 203/203/181 204/204/182
f 202/202/180 204/204/182 205/205/183
f 202/202/180 206/206/184 207/207/185
f 202/202/180 207/207/185 203/203/181
f 208/208/186 209/209/187 210/210/188
f 211/211/189 212/212/190 213/213/191
f 208/208/186 210/210/188 214/214/192
f 211/211/189 215/215/193 216/216/194
f 211/211/189 213/213/191 215/215/193
f 217/217/195 218/218/196 219/219/196
f 220/220/197 221/221/198 222/222/199
f 223/223/200 224/224/201 225/225/202
f 226/226/203 227/227/204 228/228/205
f 223/223/200 229/229/206 230/230/207
f 223/223/200 230/230/207 224/224/201
f 231/231/208 232/232/209 233/233/210
f 231/231/208 234/234/211 235/235/212
f 231/231/208 235/235/212 236/236/213
f 231/231/208 237/237/214 232/232/209
f 231/231/208 233/233/210 238/238/215
f 231/231/208 236/236/213 237/237/214
f 231/231/208 238/238/215 234/234/211
f 239/239/216 240/240/217 241/241/218
f 242/242/219 243/243/220 244/244/221
f 239/239/216 245/245/222 246/246/223
f 242/242/219 247/247/224 243/243/220
f 239/239/216 248/248/225 240/240/217
f 239/239/216 249/249/226 248/248/225
f 239/239/216 246/246/223 249/249/226
f 250/250/227 251/251/228 252/252/229
f 253/253/230 254/254/231 255/255/232
f 250/250/227 252/252/229 256/256/233
f 253/253/230 257/257/234 254/254/231
f 250/250/227 258/258/235 251/251/228
f 253/253/230 259/259/236 257/257/234
f 260/260/237 261/261/238 262/262/239
f 263/263/240 264/264/241 265/265/242
f 266/266/243 267/267/244 268/268/245
f 266/266/243 269/269/246 267/267/244
f 266/266/243 270/270/247 269/269/246
f 271/271/248 272/272/249 273/273/250
f 266/266/243 274/274/251 275/275/252
f 266/266/243 268/268/245 274/274/251
f 276/276/253 277/277/254 278/278/255
f 276/276/253 279/279/256 280/280/257
f 276/276/253 278/278/255 281/281/258
f 282/282/259 283/283/260 284/284/261
f 282/282/259 284/284/261 285/285/262
f 276/276/253 281/281/258 279/279/256
f 286/286/263 287/287/264 288/288/265
f 286/286/263 289/289/266 290/290/267
f 286/286/263 290/290/267 291/291/268
f 286/286/263 291/291/268 287/287/264
f 286/286/263 288/288/265 289/289/266
f 292/292/269 293/293/270 294/294/271
f 295/295/272 296/296/272 297/297/273
f 298/298/274 299/299/275 300/300/276
s 0
f 301/301/277 302/302/277 303/303/277
s 1
f 292/292/269 294/294/271 304/304/278
f 295/295/272 305/305/279 296/296/272
f 306/306/280 307/307/281 308/308/282
f 309/309/283 310/310/284 311/311/285
f 306/306/280 312/312/286 313/313/287
f 306/306/280 314/314/288 315/315/289
f 306/306/280 315/315/289 307/307/281
f 306/306/280 308/308/282 312/312/286
f 316/316/290 317/317/291 318/318/292
f 319/319/293 320/320/294 321/321/295
f 322/322/296 323/323/297 324/324/297
s 0
f 325/325/298 326/326/298 327/327/298
s 1
f 328/328/299 329/329/300 330/330/301
f 316/316/290 318/318/292 331/331/302
f 332/332/303 333/333/304 334/334/305
f 332/332/303 335/335/306 336/336/307
f 332/332/303 337/337/308 333/333/304
f 332/332/303 336/336/307 337/337/308
f 332/332/303 338/338/309 335/335/306
f 332/332/303 334/334/305 338/338/309
f 339/339/310 340/340/311 341/341/312
f 339/339/310 341/341/312 342/342/313
f 343/343/314 344/344/315 345/345/316
f 343/343/314 345/345/316 346/346/317
f 343/343/314 346/346/317 347/347/318
f 348/348/319 349/349/320 350/350/321
f 348/348/319 351/351/322 352/352/323
f 348/348/319 353/353/324 349/349/320
f 348/348/319 350/350/321 351/351/322
f 348/348/319 354/354/325 353/353/324
f 348/348/319 352/352/323 354/354/325
f 355/355/326 356/356/327 357/357/328
f 355/355/326 357/357/328 358/358/329
f 355/355/326 123/123/115 122/122/114
f 355/355/326 122/122/114 356/356/327
f 355/355/326 358/358/329 359/359/330
f 355/355/326 359/359/330 123/123/115
f 360/360/331 361/361/332 362/362/333
f 360/360/331 363/363/334 364/364/335
f 360/360/331 365/365/336 366/366/337
f 360/360/331 362/362/333 363/363/334
f 360/360/331 366/366/337 361/361/332
f 360/360/331 364/364/335 365/365/336
f 367/367/338 368/368/339 369/369/340
f 367/367/338 370/370/341 371/371/342
f 367/367/338 371/371/342 372/372/343
f 367/367/338 373/373/344 368/368/339
f 367/367/338 369/369/340 370/370/341
f 367/367/338 372/372/343 373/373/344
f 374/374/345 375/375/346 376/376/345
f 374/374/345 376/376/345 377/377/347
f 378/378/348 379/379/349 380/380/350
f 381/381/351 382/382/352 383/383/353
f 378/378/348 384/384/354 385/385/355
f 381/381/351 386/386/356 382/382/352
f 381/381/351 387/387/357 386/386/356
f 378/378/348 385/385/355 379/379/349
f 378/378/348 380/380/350 388/388/358
f 389/389/359 390/390/360 391/391/361
f 392/392/362 393/393/363 394/394/364
f 392/392/362 395/395/365 393/393/363
f 392/392/362 396/396/366 397/397/367
f 392/392/362 394/394/364 398/398/368
f 392/392/362 398/398/368 396/396/366
f 399/399/369 400/400/370 401/401/371
f 399/399/369 402/402/372 400/400/370
f 403/403/373 404/404/374 405/405/375
f 399/399/369 406/406/376 402/402/372
f 403/403/373 405/405/375 407/407/377
f 74/74/70 73/73/69 408/408/378
f 68/68/64 409/409/379 410/410/380
f 68/68/64 411/411/381 409/409/379
f 74/74/70 408/408/378 412/412/382
f 68/68/64 410/410/380 69/69/65
f 413/413/383 78/78/74 414/414/384
f 415/415/385 416/416/386 417/417/387
f 413/413/383 418/418/388 78/78/74
f 415/415/385 419/419/389 420/420/390
f 415/415/385 417/417/387 421/421/391
f 413/413/383 414/414/384 422/422/392
f 415/415/385 420/420/390 416/416/386
f 423/423/393 424/424/394 425/425/395
f 423/423/393 426/426/396 424/424/394
f 423/423/393 427/427/397 428/428/398
f 423/423/393 429/429/399 427/427/397
f 423/423/393 430/430/400 429/429/399
f 423/423/393 428/428/398 426/426/396
f 423/423/393 425/425/395 430/430/400
f 431/431/401 432/432/402 433/433/403
f 431/431/401 434/434/404 435/435/405
f 436/436/406 437/437/407 438/438/408
f 436/436/406 439/439/409 437/437/407
f 431/431/401 440/440/410 434/434/404
f 431/431/401 433/433/403 440/440/410
f 240/240/217 441/441/411 442/442/412
f 240/240/217 248/248/225 441/441/411
f 240/240/217 442/442/412 241/241/218
f 443/443/413 444/444/414 445/445/415
f 446/446/416 447/447/417 448/448/418
f 443/443/413 449/449/419 450/450/420
f 443/443/413 451/451/421 449/449/419
f 443/443/413 445/445/415 452/452/422
f 443/443/413 450/450/420 444/444/414
f 453/453/423 454/454/424 455/455/425
f 453/453/423 456/456/426 457/457/427
f 453/453/423 455/455/425 456/456/426
f 453/453/423 458/458/428 454/454/424
f 453/453/423 457/457/427 458/458/428
f 459/459/429 460/460/430 461/461/431
f 459/459/429 462/462/432 460/460/430
f 463/463/433 464/464/434 465/465/435
f 459/459/429 466/466/436 467/467/437
f 463/463/433 465/465/435 468/468/438
f 459/459/429 467/467/437 462/462/432
f 71/71/67 469/469/439 470/470/440
f 471/471/441 472/472/442 473/473/443
f 471/471/441 474/474/444 475/475/445
f 471/471/441 475/475/445 472/472/442
f 71/71/67 76/76/72 469/469/439
f 476/476/446 477/477/447 478/478/448
f 476/476/446 479/479/449 480/480/450
f 481/481/451 482/482/452 483/483/453
f 481/481/451 484/484/454 485/485/455
f 476/476/446 478/478/448 479/479/449
f 481/481/451 485/485/455 482/482/452
f 486/486/456 157/157/140 163/163/146
f 486/486/456 487/487/457 488/488/458
f 486/486/456 488/488/458 489/489/459
f 486/486/456 490/490/460 487/487/457
f 486/486/456 163/163/146 490/490/460
f 486/486/456 489/489/459 157/157/140
f 491/491/461 492/492/462 493/493/463
f 491/491/461 494/494/464 495/495/465
f 491/491/461 496/496/466 492/492/462
f 491/491/461 493/493/463 497/497/467
f 498/498/468 499/499/469 500/500/470
f 491/491/461 497/497/467 494/494/464
f 501/501/471 502/502/472 503/503/473
f 501/501/471 504/504/474 505/505/475
f 501/501/471 506/506/476 502/502/472
f 501/501/471 507/507/477 504/504/474
f 501/501/471 503/503/473 507/507/477
f 501/501/471 505/505/475 506/506/476
f 508/508/478 509/509/479 510/510/480
f 511/511/481 512/512/482 513/513/483
f 508/508/478 510/510/480 514/514/484
f 511/511/481 515/515/485 516/516/486
f 511/511/481 517/517/487 515/515/485
f 511/511/481 513/513/483 517/517/487
f 518/518/488 519/519/489 520/520/490
f 518/518/488 521/521/491 519/519/489
f 522/522/492 523/523/493 524/524/494
f 518/518/488 520/520/490 525/525/495
f 518/518/488 526/526/496 521/521/491
f 522/522/492 524/524/494 527/527/497
f 522/522/492 527/527/497 528/528/498
f 529/529/499 530/530/500 531/531/501
f 532/532/502 533/533/503 534/534/504
f 529/529/499 535/535/505 536/536/506
f 529/529/499 536/536/506 537/537/507
f 529/529/499 538/538/508 530/530/500
f 529/529/499 537/537/507 538/538/508
f 539/539/509 540/540/510 541/541/511
f 539/539/509 542/542/512 540/540/510
f 539/539/509 543/543/513 544/544/514
f 539/539/509 545/545/515 543/543/513
f 539/539/509 544/544/514 542/542/512
f 539/539/509 541/541/511 545/545/515
f 546/546/516 547/547/517 548/548/518
f 546/546/516 549/549/519 550/550/520
f 546/546/516 550/550/520 551/551/521
f 546/546/516 284/284/261 547/547/517
f 546/546/516 548/548/518 549/549/519
f 546/546/516 551/551/521 284/284/261
f 552/552/522 553/553/523 554/554/524
f 552/552/522 555/555/525 556/556/526
f 552/552/522 557/557/527 553/553/523
f 552/552/522 554/554/524 558/558/528
f 552/552/522 558/558/528 555/555/525
f 552/552/522 556/556/526 557/557/527
f 559/559/529 560/560/530 561/561/531
f 559/559/529 562/562/532 563/563/533
f 559/559/529 561/561/531 564/564/534
f 559/559/529 564/564/534 562/562/532
f 559/559/529 565/565/530 560/560/530
f 566/566/530 567/567/535 568/568/530
f 569/569/536 570/570/537 571/571/538
f 572/572/539 573/573/540 574/574/541
f 572/572/539 575/575/542 573/573/540
f 569/569/536 576/576/543 577/577/544
f 569/569/536 571/571/538 576/576/543
f 572/572/539 574/574/541 578/578/545
f 569/569/536 579/579/546 570/570/537
f 580/580/547 581/581/548 582/582/549
f 583/583/550 269/269/246 584/584/551
f 583/583/550 585/585/552 586/586/553
f 583/583/550 586/586/553 269/269/246
f 587/587/554 588/588/555 589/589/556
f 580/580/547 582/582/549 590/590/557
f 591/591/558 592/592/559 593/593/559
s 0
f 594/594/560 595/595/560 596/596/560
f 597/597/561 598/598/561 599/599/561
s 1
f 600/600/562 601/601/563 602/602/564
s 0
f 603/603/565 604/604/565 605/605/565
s 1
f 600/600/562 602/602/564 606/606/566
f 607/607/567 608/608/567 609/609/568
f 607/607/567 610/610/569 608/608/567
f 611/611/570 612/612/571 613/613/572
f 611/611/570 614/614/573 615/615/574
f 611/611/570 615/615/574 616/616/575
f 611/611/570 613/613/572 614/614/573
f 611/611/570 616/616/575 617/617/576
f 611/611/570 617/617/576 612/612/571
f 618/618/577 619/619/578 620/620/579
f 621/621/580 622/622/581 623/623/582
f 621/621/580 624/624/583 622/622/581
f 618/618/577 625/625/584 619/619/578
f 621/621/580 623/623/582 626/626/585
f 627/627/586 628/628/587 629/629/588
f 630/630/589 631/631/590 632/632/591
f 633/633/592 634/634/593 635/635/594
f 633/633/592 636/636/595 637/637/596
f 633/633/592 637/637/596 634/634/593
s 0
f 638/638/597 639/639/597 640/640/597
s 1
f 641/641/598 642/642/599 643/643/600
f 641/641/598 643/643/600 644/644/601
s 0
f 645/645/602 646/646/602 647/647/602
s 1
f 645/645/167 647/647/167 648/648/603
f 645/645/167 648/648/603 649/649/604
s 0
f 645/645/167 650/650/167 646/646/167
s 1
f 645/645/167 651/651/605 650/650/167
f 645/645/167 649/649/604 651/651/605
f 652/652/606 653/653/607 654/654/608
f 652/652/606 655/655/609 653/653/607
f 652/652/606 656/656/610 657/657/611
f 652/652/606 657/657/611 655/655/609
f 652/652/606 658/658/612 656/656/610
f 652/652/606 654/654/608 658/658/612
f 659/659/613 660/660/614 661/661/615
f 659/659/613 662/662/616 663/663/617
f 659/659/613 664/664/618 660/660/614
f 659/659/613 663/663/617 665/665/619
f 659/659/613 665/665/619 664/664/618
f 659/659/613 661/661/615 662/662/616
f 666/666/620 667/667/621 668/668/622
f 666/666/620 669/669/623 667/667/621
f 670/670/624 671/671/625 672/672/626
f 670/670/624 673/673/627 64/64/60
f 670/670/624 64/64/60 671/671/625
f 670/670/624 674/674/628 673/673/627
f 670/670/624 675/675/629 674/674/628
f 670/670/624 672/672/626 675/675/629
f 676/676/630 677/677/631 678/678/632
f 676/676/630 678/678/632 679/679/633
f 676/676/630 680/680/634 681/681/635
f 676/676/630 679/679/633 682/682/636
f 676/676/630 682/682/636 680/680/634
f 676/676/630 681/681/635 677/677/631
f 683/683/637 684/684/638 685/685/639
f 683/683/637 686/686/640 687/687/641
f 683/683/637 687/687/641 684/684/638
f 683/683/637 685/685/639 688/688/642
f 683/683/637 689/689/643 686/686/640
f 683/683/637 688/688/642 689/689/643
f 690/690/644 691/691/645 692/692/646
f 690/690/644 692/692/646 693/693/647
f 694/694/648 695/695/649 696/696/650
f 690/690/644 693/693/647 697/697/651
f 698/698/652 699/699/653 232/232/209
f 700/700/654 701/701/655 702/702/656
f 698/698/652 232/232/209 237/237/214
f 700/700/654 703/703/657 701/701/655
f 698/698/652 237/237/214 704/704/658
f 700/700/654 705/705/659 703/703/657
f 706/706/660 707/707/661 708/708/662
f 709/709/663 710/710/664 711/711/665
f 712/712/666 713/713/667 714/714/668
f 715/715/669 716/716/670 717/717/671
f 712/712/666 714/714/668 718/718/672
s 0
f 719/719/673 720/720/673 721/721/673
s 1
f 712/712/666 722/722/674 713/713/667
f 723/723/675 724/724/676 725/725/677
f 726/726/678 727/727/679 728/728/680
f 729/729/681 730/730/682 731/731/683
f 726/726/678 728/728/680 732/732/684
f 729/729/681 733/733/685 734/734/686
f 726/726/678 735/735/687 727/727/679
f 729/729/681 731/731/683 733/733/685
f 726/726/678 736/736/688 735/735/687
f 737/737/689 738/738/690 739/739/691
f 737/737/689 740/740/692 738/738/690
f 737/737/689 741/741/693 740/740/692
f 742/742/694 743/743/695 744/744/696
f 742/742/694 744/744/696 745/745/697
f 737/737/689 746/746/698 741/741/693
f 747/747/699 748/748/700 749/749/701
f 750/750/702 751/751/703 752/752/704
f 753/753/705 754/754/706 755/755/707
f 753/753/705 756/756/708 754/754/706
f 757/757/709 351/351/322 350/350/321
f 757/757/709 758/758/710 759/759/711
f 757/757/709 350/350/321 758/758/710
f 31/31/27 30/30/26 760/760/712
f 761/761/713 762/762/714 763/763/715
f 764/764/716 765/765/717 766/766/718
f 764/764/716 766/766/718 767/767/719
f 761/761/713 768/768/720 762/762/714
f 761/761/713 763/763/715 769/769/721
f 764/764/716 770/770/722 765/765/717
f 771/771/723 772/772/724 773/773/725
f 774/774/726 775/775/727 776/776/728
f 774/774/726 777/777/729 775/775/727
f 771/771/723 778/778/730 772/772/724
f 771/771/723 773/773/725 779/779/731
f 774/774/726 780/780/732 777/777/729
f 781/781/733 782/782/734 783/783/735
f 781/781/733 784/784/736 782/782/734
f 781/781/733 785/785/737 786/786/738
f 781/781/733 787/787/739 784/784/736
f 781/781/733 788/788/740 787/787/739
f 781/781/733 783/783/735 785/785/737
f 781/781/733 786/786/738 788/788/740
f 789/789/741 790/790/742 791/791/743
f 792/792/744 793/793/745 794/794/746
f 789/789/741 791/791/743 795/795/747
f 792/792/744 794/794/746 796/796/748
f 797/797/749 798/798/750 799/799/751
f 789/789/741 795/795/747 800/800/752
f 801/801/753 802/802/754 803/803/755
f 804/804/756 805/805/757 806/806/758
f 804/804/756 807/807/759 808/808/760
f 804/804/756 806/806/758 807/807/759
f 804/804/756 808/808/760 809/809/761
f 801/801/753 810/810/762 802/802/754
f 811/811/763 812/812/764 813/813/765
f 811/811/763 814/814/766 815/815/767
f 816/816/768 817/817/769 818/818/770
f 811/811/763 819/819/771 814/814/766
f 811/811/763 813/813/765 819/819/771
f 816/816/768 820/820/772 817/817/769
f 821/821/773 822/822/774 823/823/775
f 821/821/773 824/824/776 825/825/777
f 821/821/773 826/826/778 824/824/776
f 821/821/773 823/823/775 826/826/778
f 821/821/773 825/825/777 827/827/779
f 821/821/773 827/827/779 822/822/774
f 828/828/780 829/829/781 830/830/782
f 828/828/780 830/830/782 831/831/783
f 832/832/784 833/833/785 834/834/786
f 832/832/784 835/835/787 833/833/785
f 828/828/780 831/831/783 836/836/788
f 832/832/784 834/834/786 837/837/789
f 838/838/790 839/839/791 840/840/792
f 838/838/790 840/840/792 841/841/793
f 838/838/790 842/842/794 843/843/795
f 838/838/790 843/843/795 844/844/796
f 838/838/790 844/844/796 839/839/791
f 838/838/790 841/841/793 842/842/794
f 845/845/797 846/846/798 847/847/799
f 845/845/797 848/848/800 846/846/798
f 845/845/797 847/847/799 849/849/801
f 845/845/797 850/850/802 848/848/800
f 845/845/797 851/851/803 850/850/802
s 0
f 852/852/804 853/853/804 854/854/804
s 1
f 855/855/805 856/856/806 857/857/807
f 855/855/805 857/857/807 858/858/808
f 859/859/809 860/860/810 861/861/811
f 859/859/809 862/862/812 863/863/813
f 859/859/809 863/863/813 860/860/810
f 855/855/805 864/864/814 856/856/806
f 865/865/815 866/866/816 867/867/817
f 865/865/815 868/868/818 869/869/819
s 0
f 870/870/820 871/871/820 872/872/820
f 873/873/821 874/874/821 875/875/821
s 1
f 876/876/822 877/877/823 878/878/824
f 865/865/815 867/867/817 868/868/818
f 879/879/825 880/880/826 881/881/827
f 879/879/825 882/882/828 883/883/829
f 879/879/825 884/884/830 885/885/831
f 879/879/825 883/883/829 880/880/826
f 879/879/825 881/881/827 884/884/830
f 879/879/825 885/885/831 882/882/828
f 886/886/832 887/887/833 888/888/834
f 889/889/835 890/890/836 891/891/837
f 889/889/835 892/892/838 890/890/836
f 889/889/835 893/893/839 894/894/840
f 889/889/835 894/894/840 895/895/841
f 889/889/835 895/895/841 892/892/838
f 896/896/842 897/897/843 898/898/844
f 899/899/845 900/900/846 901/901/847
f 899/899/845 902/902/848 903/903/849
f 899/899/845 904/904/850 900/900/846
f 899/899/845 905/905/851 904/904/850
f 899/899/845 901/901/847 902/902/848
s 0
f 906/906/852 907/907/852 908/908/852
f 909/909/853 910/910/853 911/911/853
s 1
f 912/912/854 913/913/855 914/914/856
s 0
f 915/915/857 916/916/857 917/917/857
s 1
f 912/912/854 918/918/858 913/913/855
s 0
f 919/919/859 920/920/859 921/921/859
s 1
f 922/922/860 923/923/861 924/924/862
f 925/925/863 926/926/864 927/927/865
f 928/928/866 929/929/867 930/930/868
f 928/928/866 931/931/869 929/929/867
f 922/922/860 924/924/862 932/932/870
f 925/925/863 927/927/865 933/933/871
f 925/925/863 934/934/872 926/926/864
f 935/935/873 936/936/874 937/937/875
f 935/935/873 938/938/876 939/939/877
f 935/935/873 939/939/877 940/940/878
f 935/935/873 940/940/878 936/936/874
f 935/935/873 941/941/879 938/938/876
f 935/935/873 937/937/875 941/941/879
f 942/942/880 943/943/881 944/944/882
f 942/942/880 945/945/883 946/946/884
f 942/942/880 947/947/885 945/945/883
f 942/942/880 948/948/886 943/943/881
f 942/942/880 946/946/884 948/948/886
f 942/942/880 944/944/882 947/947/885
f 949/949/887 950/950/888 951/951/889
f 949/949/887 952/952/890 950/950/888
f 949/949/887 953/953/891 952/952/890
f 949/949/887 954/954/892 955/955/893
f 949/949/887 955/955/893 953/953/891
f 949/949/887 956/956/894 954/954/892
f 949/949/887 951/951/889 956/956/894
f 957/957/895 958/958/896 959/959/897
f 957/957/895 960/960/898 329/329/300
f 957/957/895 329/329/300 961/961/899
f 957/957/895 962/962/900 960/960/898
f 957/957/895 961/961/899 958/958/896
f 957/957/895 959/959/897 962/962/900
s 0
f 963/963/901 964/964/901 965/965/901
s 1
f 966/966/902 593/593/559 592/592/559
s 0
f 967/967/903 968/968/903 969/969/903
s 1
f 970/970/904 971/971/905 972/972/906
f 970/970/904 973/973/907 974/974/908
f 970/970/904 975/975/909 976/976/910
f 970/970/904 976/976/910 971/971/905
f 970/970/904 974/974/908 975/975/909
f 970/970/904 972/972/906 973/973/907
f 977/977/911 978/978/912 617/617/576
f 977/977/911 979/979/913 978/978/912
f 977/977/911 980/980/914 979/979/913
f 977/977/911 981/981/915 980/980/914
f 977/977/911 617/617/576 981/981/915
f 982/982/916 983/983/917 984/984/918
f 982/982/916 985/985/919 986/986/920
f 982/982/916 984/984/918 987/987/921
f 982/982/916 986/986/920 983/983/917
f 982/982/916 988/988/922 985/985/919
f 982/982/916 987/987/921 988/988/922
f 989/989/923 990/990/924 991/991/925
s 0
f 992/992/926 993/993/926 994/994/926
s 1
f 995/995/927 996/996/928 997/997/929
f 995/995/927 997/997/929 998/998/930
f 995/995/927 999/999/931 1000/1000/932
f 995/995/927 1000/1000/932 996/996/928
f 995/995/927 998/998/930 568/568/530
f 995/995/927 568/568/530 999/999/931
f 1001/1001/933 1002/1002/934 1003/1003/935
f 1001/1001/933 1004/1004/936 1002/1002/934
f 1001/1001/933 1005/1005/937 1006/1006/938
f 1001/1001/933 1003/1003/935 1007/1007/939
f 1001/1001/933 1007/1007/939 1005/1005/937
f 1001/1001/933 1006/1006/938 1004/1004/936
f 1008/1008/940 1009/1009/941 1010/1010/942
f 1008/1008/940 1011/1011/943 1012/1012/944
f 1008/1008/940 1012/1012/944 1009/1009/941
f 1013/1013/945 1014/1014/946 1015/1015/947
f 1013/1013/945 1016/1016/948 1014/1014/946
f 1013/1013/945 1017/1017/949 1016/1016/948
f 1013/1013/945 1018/1018/950 1017/1017/949
f 1013/1013/945 1015/1015/947 1019/1019/951
f 1013/1013/945 1019/1019/951 1018/1018/950
f 1020/1020/952 1021/1021/953 1022/1022/954
f 1020/1020/952 1023/1023/955 1024/1024/956
f 1020/1020/952 1022/1022/954 1025/1025/957
f 1020/1020/952 1025/1025/957 1023/1023/955
f 1026/1026/958 1027/1027/959 1028/1028/960
f 1026/1026/958 1029/1029/961 1027/1027/959
f 1030/1030/962 1031/1031/963 1032/1032/964
f 1030/1030/962 1033/1033/965 1034/1034/966
f 1030/1030/962 1032/1032/964 1035/1035/967
f 1030/1030/962 1034/1034/966 1031/1031/963
f 1030/1030/962 1035/1035/967 1033/1033/965
f 684/684/638 687/687/641 1036/1036/968
f 684/684/638 1037/1037/969 1038/1038/970
f 684/684/638 1036/1036/968 1037/1037/969
f 684/684/638 1038/1038/970 685/685/639
f 1039/1039/971 1040/1040/972 1041/1041/973
f 1039/1039/971 1042/1042/974 1043/1043/975
f 1039/1039/971 1041/1041/973 1042/1042/974
f 1039/1039/971 1043/1043/975 697/697/651
f 1039/1039/971 697/697/651 1040/1040/972
s 0
f 1044/1044/976 1045/1045/976 1046/1046/976
s 1
f 1047/1047/977 1048/1048/978 1049/1049/979
f 1050/1050/980 1051/1051/981 1052/1052/982
f 1053/1053/983 1054/1054/983 1055/1055/984
f 1047/1047/977 1056/1056/985 1048/1048/978
f 1053/1053/983 1057/1057/986 1054/1054/983
f 1058/1058/987 950/950/888 952/952/890
s 0
f 1059/1059/988 1060/1060/988 1061/1061/988
s 1
f 1058/1058/987 1062/1062/989 950/950/888
f 1063/1063/990 1064/1064/991 1065/1065/992
f 1063/1063/990 1066/1066/993 1064/1064/991
f 1067/1067/994 1068/1068/995 1069/1069/996
f 1070/1070/997 1071/1071/998 1072/1072/999
f 1070/1070/997 1073/1073/1000 1071/1071/998
f 1067/1067/994 1074/1074/1001 1068/1068/995
f 1070/1070/997 1075/1075/1002 1073/1073/1000
f 1067/1067/994 1069/1069/996 1076/1076/1003
f 1077/1077/1004 1078/1078/1005 1079/1079/1006
f 1077/1077/1004 1080/1080/1007 1081/1081/1008
f 1077/1077/1004 1082/1082/1009 1078/1078/1005
f 1077/1077/1004 1079/1079/1006 1080/1080/1007
f 1077/1077/1004 1081/1081/1008 1083/1083/1010
f 1077/1077/1004 1083/1083/1010 1082/1082/1009
f 1084/1084/1011 1085/1085/1012 1086/1086/1013
f 1087/1087/1014 1088/1088/1015 1089/1089/1016
f 1090/1090/1017 1091/1091/1018 1092/1092/1019
f 317/317/291 1093/1093/1020 1094/1094/1021
f 317/317/291 1094/1094/1021 318/318/292
f 1095/1095/1022 1096/1096/1023 1097/1097/1024
f 1095/1095/1022 1098/1098/1025 1096/1096/1023
f 1095/1095/1022 1097/1097/1024 1099/1099/1026
f 1095/1095/1022 1100/1100/1027 1098/1098/1025
f 1101/1101/1028 1102/1102/1029 1103/1103/1030
f 1095/1095/1022 1099/1099/1026 1104/1104/1031
f 1105/1105/1032 1106/1106/1033 1107/1107/1034
f 1108/1108/1035 1109/1109/1036 1110/1110/1037
f 1105/1105/1032 1107/1107/1034 1111/1111/1038
f 1108/1108/1035 1112/1112/1039 1113/1113/1040
f 1105/1105/1032 1114/1114/1041 1106/1106/1033
f 1108/1108/1035 1113/1113/1040 1109/1109/1036
f 1115/1115/1042 1116/1116/1043 1117/1117/1044
f 1118/1118/1045 1119/1119/1046 1120/1120/1046
f 1121/1121/1047 1122/1122/1048 1123/1123/1049
f 1124/1124/1050 1125/1125/1051 1126/1126/1052
f 1121/1121/1047 1127/1127/1053 1122/1122/1048
f 1128/1128/1054 1129/1129/1055 1130/1130/1055
f 1131/1131/1056 1132/1132/1057 1133/1133/1058
f 1131/1131/1056 1133/1133/1058 1134/1134/1059
f 1131/1131/1056 1135/1135/1060 754/754/706
f 1136/1136/1061 1137/1137/1062 12/12/10
f 1131/1131/1056 1134/1134/1059 1138/1138/1063
f 1131/1131/1056 1138/1138/1063 1135/1135/1060
f 1136/1136/1061 12/12/10 11/11/9
f 1139/1139/1064 1140/1140/1065 1141/1141/1066
f 1142/1142/1067 1143/1143/1068 472/472/442
f 1142/1142/1067 472/472/442 475/475/445
f 1142/1142/1067 1144/1144/1069 1145/1145/1070
f 1142/1142/1067 1146/1146/1071 1144/1144/1069
f 1142/1142/1067 475/475/445 1146/1146/1071
f 1147/1147/1072 1148/1148/1073 1149/1149/1074
f 1150/1150/1075 1151/1151/1075 1152/1152/1076
f 1150/1150/1075 1153/1153/1077 1151/1151/1075
f 1147/1147/1072 1154/1154/1078 1148/1148/1073
f 1155/1155/1079 1156/1156/1080 1157/1157/1081
f 1155/1155/1079 1014/1014/946 1158/1158/1082
f 1159/1159/1083 1160/1160/1084 1161/1161/1085
f 1159/1159/1083 1162/1162/1086 1160/1160/1084
f 1163/1163/1087 1164/1164/1088 1165/1165/1089
f 1155/1155/1079 1157/1157/1081 1014/1014/946
f 1021/1021/953 1166/1166/1090 1167/1167/1091
f 1028/1028/960 1168/1168/1092 1169/1169/1093
f 1021/1021/953 1167/1167/1091 1022/1022/954
f 1021/1021/953 1170/1170/1094 1166/1166/1090
f 1028/1028/960 1027/1027/959 1168/1168/1092
f 1171/1171/1095 1172/1172/1096 1173/1173/1097
f 1171/1171/1095 1174/1174/1098 1175/1175/1099
f 1176/1176/1100 1177/1177/1101 1178/1178/1102
f 1171/1171/1095 1173/1173/1097 1174/1174/1098
f 1171/1171/1095 1175/1175/1099 1179/1179/1103
f 1180/1180/1104 1181/1181/1105 1182/1182/1106
f 1180/1180/1104 1183/1183/1107 1184/1184/1108
f 1180/1180/1104 1185/1185/1109 1181/1181/1105
f 1180/1180/1104 1182/1182/1106 1183/1183/1107
f 1180/1180/1104 1184/1184/1108 1186/1186/1110
f 1180/1180/1104 1186/1186/1110 1185/1185/1109
f 1187/1187/1111 1188/1188/1112 1189/1189/1113
s 0
f 1190/1190/1114 1191/1191/1114 1192/1192/1114
f 1193/1193/1115 1194/1194/1115 1195/1195/1115
s 1
f 1196/1196/1116 699/699/653 1197/1197/1117
f 1196/1196/1116 232/232/209 699/699/653
f 1196/1196/1116 1198/1198/1118 1199/1199/1119
f 1196/1196/1116 233/233/210 232/232/209
f 1196/1196/1116 1197/1197/1117 1198/1198/1118
f 1196/1196/1116 1199/1199/1119 233/233/210
f 1200/1200/1120 1201/1201/1121 1202/1202/1122
f 1203/1203/1123 1204/1204/1124 1205/1205/1125
f 1200/1200/1120 1206/1206/1126 1207/1207/1127
f 1200/1200/1120 1208/1208/1128 1201/1201/1121
f 1200/1200/1120 1202/1202/1122 1206/1206/1126
f 1203/1203/1123 1209/1209/1129 1204/1204/1124
f 1210/1210/1130 1211/1211/1131 1212/1212/1132
f 1210/1210/1130 1212/1212/1132 1213/1213/1133
f 1210/1210/1130 1213/1213/1133 1214/1214/1134
f 1210/1210/1130 1214/1214/1134 1215/1215/1135
f 1216/1216/1136 1217/1217/1137 1068/1068/995
f 1218/1218/1138 1219/1219/1139 1081/1081/1008
f 1218/1218/1138 1220/1220/1140 1219/1219/1139
f 1218/1218/1138 1221/1221/1141 1222/1222/1142
f 1218/1218/1138 1222/1222/1142 1220/1220/1140
f 1218/1218/1138 1081/1081/1008 1223/1223/1143
f 1218/1218/1138 1223/1223/1143 1221/1221/1141
s 0
f 1224/1224/1144 1225/1225/1144 1226/1226/1144
f 1227/1227/1145 1228/1228/1145 1229/1229/1145
s 1
f 1230/1230/1146 1231/1231/1147 1232/1232/1148
f 1230/1230/1146 1233/1233/1149 1234/1234/1150
f 1230/1230/1146 1234/1234/1150 1235/1235/1151
f 1230/1230/1146 1235/1235/1151 1231/1231/1147
f 1230/1230/1146 1232/1232/1148 1233/1233/1149
f 1236/1236/1152 1237/1237/1153 1238/1238/1154
f 1236/1236/1152 1238/1238/1154 1239/1239/1155
f 1236/1236/1152 1239/1239/1155 1240/1240/1156
f 1236/1236/1152 1241/1241/1157 1242/1242/1158
f 1236/1236/1152 1242/1242/1158 1237/1237/1153
f 1236/1236/1152 1240/1240/1156 1241/1241/1157
f 1243/1243/1159 1244/1244/1160 1245/1245/1161
f 1243/1243/1159 1246/1246/1162 1247/1247/1163
f 1243/1243/1159 1247/1247/1163 1244/1244/1160
f 1243/1243/1159 1248/1248/1164 1246/1246/1162
f 1243/1243/1159 1245/1245/1161 1249/1249/1165
f 1243/1243/1159 1249/1249/1165 1248/1248/1164
f 1250/1250/1166 432/432/402 1251/1251/1167
f 1252/1252/1168 1253/1253/1169 1254/1254/1170
f 1252/1252/1168 1255/1255/1171 1253/1253/1169
f 1252/1252/1168 1254/1254/1170 1256/1256/1172
f 1250/1250/1166 1251/1251/1167 1257/1257/1173
f 1250/1250/1166 433/433/403 432/432/402
f 1258/1258/1174 1259/1259/1175 1260/1260/1176
f 1258/1258/1174 1260/1260/1176 1261/1261/1177
f 1258/1258/1174 1262/1262/1178 1263/1263/1179
f 1258/1258/1174 1263/1263/1179 1259/1259/1175
f 1258/1258/1174 1261/1261/1177 1264/1264/1180
f 1258/1258/1174 1264/1264/1180 1262/1262/1178
f 660/660/614 664/664/618 1265/1265/1181
f 660/660/614 1266/1266/1182 1267/1267/1183
f 660/660/614 1265/1265/1181 1266/1266/1182
f 882/882/828 885/885/831 1268/1268/1184
f 1269/1269/1185 1270/1270/1186 1271/1271/1187
f 1269/1269/1185 1272/1272/1188 1273/1273/1189
f 1269/1269/1185 1271/1271/1187 1016/1016/948
f 1269/1269/1185 1273/1273/1189 1270/1270/1186
f 1269/1269/1185 1016/1016/948 1272/1272/1188
f 1274/1274/1190 900/900/846 1275/1275/1191
f 1274/1274/1190 673/673/627 1276/1276/1192
f 1274/1274/1190 1277/1277/1193 673/673/627
f 1274/1274/1190 1275/1275/1191 1277/1277/1193
f 1274/1274/1190 1276/1276/1192 900/900/846
f 307/307/281 1278/1278/1194 1279/1279/1195
f 307/307/281 1280/1280/1196 1278/1278/1194
f 307/307/281 1279/1279/1195 308/308/282
f 307/307/281 315/315/289 1280/1280/1196
f 1281/1281/1197 1282/1282/1198 1283/1283/1199
f 1284/1284/1200 1285/1285/1201 1286/1286/1202
f 1287/1287/1203 1288/1288/1204 1289/1289/1205
s 0
f 1290/1290/1206 1291/1291/1206 1292/1292/1206
s 1
f 1284/1284/1200 1286/1286/1202 1293/1293/1207
f 1294/1294/1208 1295/1295/1209 1296/1296/1210
f 1294/1294/1208 1296/1296/1210 1297/1297/1211
f 1298/1298/1212 1299/1299/1213 555/555/525
f 1298/1298/1212 555/555/525 1300/1300/1214
f 1298/1298/1212 1300/1300/1214 1301/1301/1215
f 1302/1302/1216 1303/1303/1217 941/941/879
f 1302/1302/1216 941/941/879 937/937/875
f 1302/1302/1216 937/937/875 1304/1304/1218
f 1305/1305/1219 1306/1306/1220 1052/1052/982
f 1307/1307/1221 1308/1308/1222 1309/1309/1223
f 1310/1310/1224 1311/1311/1225 1312/1312/1226
f 1307/1307/1221 1313/1313/1227 1308/1308/1222
f 1305/1305/1219 1052/1052/982 1051/1051/981
f 1305/1305/1219 1314/1314/1228 1306/1306/1220
f 950/950/888 1062/1062/989 1315/1315/1229
f 950/950/888 1315/1315/1229 951/951/889
f 356/356/327 1316/1316/1230 1317/1317/1231
f 356/356/327 122/122/114 1316/1316/1230
f 356/356/327 1317/1317/1231 1318/1318/1232
f 356/356/327 1318/1318/1232 357/357/328
f 1319/1319/1233 1320/1320/1234 1321/1321/1235
f 1322/1322/1236 1323/1323/1237 1324/1324/1238
f 1322/1322/1236 1325/1325/1239 1323/1323/1237
f 1326/1326/1240 1327/1327/1241 1328/1328/1242
f 1319/1319/1233 1321/1321/1235 1329/1329/1243
f 1330/1330/1244 1331/1331/1245 1332/1332/1246
f 1333/1333/1247 1334/1334/1248 1335/1335/1249
s 0
f 1336/1336/1250 1337/1337/1250 1338/1338/1250
s 1
f 1339/1339/1251 1340/1340/1252 1341/1341/1253
f 1330/1330/1244 1332/1332/1246 1342/1342/1254
f 1339/1339/1251 1343/1343/1255 1340/1340/1252
f 1344/1344/1256 1345/1345/1257 1346/1346/1258
f 1344/1344/1256 1347/1347/1259 1345/1345/1257
f 1344/1344/1256 1346/1346/1258 1348/1348/1260
f 1344/1344/1256 1349/1349/1261 613/613/572
f 1344/1344/1256 1350/1350/1262 1349/1349/1261
f 1344/1344/1256 613/613/572 1351/1351/1263
f 1344/1344/1256 1351/1351/1263 1347/1347/1259
f 1344/1344/1256 1348/1348/1260 1350/1350/1262
f 1352/1352/1264 1353/1353/1265 1354/1354/1266
f 1352/1352/1264 1355/1355/1267 1356/1356/1268
f 1352/1352/1264 1356/1356/1268 1357/1357/1269
f 1352/1352/1264 1357/1357/1269 1353/1353/1265
f 1352/1352/1264 1358/1358/1270 1355/1355/1267
f 1359/1359/1271 1360/1360/1272 1361/1361/1273
f 1352/1352/1264 1362/1362/1274 1358/1358/1270
f 1359/1359/1271 1363/1363/1275 1360/1360/1272
f 1364/1364/1276 1365/1365/1277 1366/1366/1278
f 1367/1367/1279 1368/1368/1280 1369/1369/1281
s 0
f 1370/1370/1282 1371/1371/1282 1372/1372/1282
s 1
f 1367/1367/1279 1369/1369/1281 1373/1373/1283
f 1374/1374/1284 1375/1375/1285 1376/1376/1286
f 1377/1377/1287 203/203/181 207/207/185
f 1377/1377/1287 1378/1378/1288 1379/1379/1289
f 1374/1374/1284 1380/1380/1290 1375/1375/1285
f 1377/1377/1287 207/207/185 1378/1378/1288
f 1374/1374/1284 1381/1381/1291 1380/1380/1290
f 1377/1377/1287 1379/1379/1289 1382/1382/1292
f 1383/1383/1293 1384/1384/1294 1385/1385/1295
f 1386/1386/1296 1387/1387/1297 1388/1388/1298
f 1386/1386/1296 1389/1389/1299 1387/1387/1297
f 1383/1383/1293 1390/1390/1300 1384/1384/1294
f 1386/1386/1296 1388/1388/1298 1391/1391/1301
f 1383/1383/1293 1385/1385/1295 1392/1392/1302
f 1393/1393/1303 748/748/700 1394/1394/1304
f 1393/1393/1303 749/749/701 748/748/700
f 1393/1393/1303 1394/1394/1304 1395/1395/1305
f 1396/1396/1306 1397/1397/1307 1398/1398/1308
f 1399/1399/1309 1400/1400/1310 1401/1401/1311
f 1399/1399/1309 1402/1402/1312 1403/1403/1313
f 1399/1399/1309 1404/1404/1314 1402/1402/1312
f 1399/1399/1309 1403/1403/1313 1400/1400/1310
f 1405/1405/1315 1406/1406/1316 1407/1407/1317
f 1405/1405/1315 1408/1408/1318 1406/1406/1316
f 1409/1409/1319 1410/1410/1320 1411/1411/1320
f 251/251/228 1412/1412/1321 252/252/229
f 1413/1413/1322 1414/1414/1323 1415/1415/1324
f 1413/1413/1322 1415/1415/1324 1416/1416/1325
s 0
f 1417/1417/1326 1418/1418/1326 1419/1419/1326
s 1
f 1420/1420/1327 1421/1421/1328 1422/1422/1329
f 1423/1423/1330 1424/1424/1331 261/261/238
f 1425/1425/1332 1426/1426/1333 1427/1427/1334
f 1425/1425/1332 1428/1428/1335 1429/1429/1336
f 1425/1425/1332 1427/1427/1334 1428/1428/1335
f 1430/1430/1337 787/787/739 1431/1431/1338
f 1430/1430/1337 1432/1432/1339 1433/1433/1340
f 1430/1430/1337 1431/1431/1338 1432/1432/1339
f 799/799/751 1434/1434/1341 824/824/776
f 799/799/751 824/824/776 1435/1435/1342
f 799/799/751 798/798/750 1436/1436/1343
f 790/790/742 1360/1360/1272 791/791/743
f 790/790/742 1361/1361/1273 1360/1360/1272
f 799/799/751 1436/1436/1343 1434/1434/1341
f 1437/1437/1344 509/509/479 1438/1438/1345
f 1439/1439/1346 1440/1440/1347 1441/1441/1348
s 0
f 1442/1442/1349 1443/1443/1349 1444/1444/1349
f 1445/1445/1350 1446/1446/1350 1447/1447/1350
s 1
f 1437/1437/1344 510/510/480 509/509/479
f 1437/1437/1344 1438/1438/1345 1448/1448/1351
f 1449/1449/1352 1450/1450/1353 1451/1451/1354
f 1452/1452/1355 1270/1270/1186 1273/1273/1189
f 1452/1452/1355 1273/1273/1189 1453/1453/1356
f 1449/1449/1352 1454/1454/1357 1455/1455/1358
f 1449/1449/1352 1451/1451/1354 1454/1454/1357
f 1456/1456/1359 1457/1457/1360 1458/1458/1361
f 1456/1456/1359 1458/1458/1361 1459/1459/1362
f 1456/1456/1359 1459/1459/1362 1460/1460/1363
f 1456/1456/1359 1461/1461/1364 1457/1457/1360
f 1462/1462/1365 1463/1463/1366 1464/1464/1367
f 1465/1465/1368 1466/1466/1369 1467/1467/1370
f 1462/1462/1365 1468/1468/1371 1463/1463/1366
f 1465/1465/1368 1467/1467/1370 1469/1469/1372
f 1470/1470/1373 1471/1471/1374 1472/1472/1375
f 1470/1470/1373 1473/1473/1376 1471/1471/1374
f 1474/1474/1377 1475/1475/1378 1113/1113/1040
f 1470/1470/1373 1472/1472/1375 1476/1476/138
s 0
f 1477/1477/1379 1478/1478/1379 1479/1479/1379
s 1
f 1470/1470/1373 1476/1476/138 1480/1480/138
f 1481/1481/1380 1482/1482/1381 1483/1483/1382
f 1481/1481/1380 1484/1484/1383 1482/1482/1381
f 1481/1481/1380 1485/1485/1384 1486/1486/1385
f 1481/1481/1380 1483/1483/1382 556/556/526
f 1481/1481/1380 1486/1486/1385 1484/1484/1383
f 1481/1481/1380 556/556/526 1485/1485/1384
f 1487/1487/1386 1488/1488/1387 1489/1489/1388
f 1490/1490/1389 1491/1491/1390 1492/1492/1391
f 1490/1490/1389 1493/1493/1392 1491/1491/1390
f 1487/1487/1386 1494/1494/1393 1495/1495/1394
f 1487/1487/1386 1495/1495/1394 1488/1488/1387
f 1490/1490/1389 1496/1496/1395 1493/1493/1392
f 1497/1497/1396 1498/1498/1397 1499/1499/1398
f 1500/1500/1399 1501/1501/1400 1502/1502/1401
f 1500/1500/1399 1502/1502/1401 1503/1503/1402
f 1497/1497/1396 1499/1499/1398 1504/1504/1403
f 1497/1497/1396 1505/1505/1404 1498/1498/1397
f 1506/1506/1405 1507/1507/1406 1508/1508/1407
f 1506/1506/1405 1509/1509/1408 1510/1510/1409
f 1506/1506/1405 1508/1508/1407 1511/1511/1410
f 1506/1506/1405 1511/1511/1410 1509/1509/1408
f 1506/1506/1405 1512/1512/1411 1507/1507/1406
f 1506/1506/1405 1510/1510/1409 1512/1512/1411
s 0
f 1513/1513/167 1514/1514/167 1515/1515/167
f 1513/1513/1412 1515/1515/1412 1516/1516/1412
s 1
f 1517/1517/167 1518/1518/167 1519/1519/1413
f 1517/1517/167 1519/1519/1413 1520/1520/167
s 0
f 1517/1517/167 1521/1521/167 1518/1518/167
f 1513/1513/167 1516/1516/167 1522/1522/167
s 1
f 601/601/563 1523/1523/1414 602/602/564
f 1398/1398/1308 1397/1397/1307 1524/1524/1415
f 1525/1525/1416 1526/1526/1416 1527/1527/1417
f 1528/1528/1418 1529/1529/1419 1530/1530/1420
f 1528/1528/1418 1530/1530/1420 1531/1531/1421
f 1525/1525/1416 1532/1532/1422 1526/1526/1416
f 1533/1533/1423 1534/1534/1424 1535/1535/1425
s 0
f 1536/1536/1426 1537/1537/1426 1538/1538/1426
s 1
f 1539/1539/1427 1540/1540/1428 1541/1541/1429
f 1542/1542/1430 762/762/714 1543/1543/1431
f 1544/1544/1432 1545/1545/1433 1546/1546/1434
f 1542/1542/1430 763/763/715 762/762/714
f 1544/1544/1432 1546/1546/1434 1547/1547/1435
f 1542/1542/1430 1548/1548/1436 763/763/715
f 1542/1542/1430 1549/1549/1437 1548/1548/1436
f 1550/1550/1438 1551/1551/1439 1552/1552/1440
f 1553/1553/1441 1554/1554/1442 779/779/731
f 1555/1555/1443 1248/1248/1164 1249/1249/1165
f 1550/1550/1438 1552/1552/1440 1556/1556/1444
f 1550/1550/1438 1557/1557/1445 1551/1551/1439
f 1553/1553/1441 779/779/731 773/773/725
f 1558/1558/1446 1559/1559/1447 372/372/343
f 1558/1558/1446 1560/1560/1448 1559/1559/1447
f 1558/1558/1446 371/371/342 1561/1561/1449
f 1558/1558/1446 1561/1561/1449 1562/1562/1450
f 1558/1558/1446 1562/1562/1450 1560/1560/1448
f 1558/1558/1446 372/372/343 371/371/342
f 1563/1563/1451 653/653/607 1564/1564/1452
f 1565/1565/1453 1566/1566/1454 1567/1567/1455
f 1565/1565/1453 1567/1567/1455 1568/1568/1456
f 1563/1563/1451 1564/1564/1452 1569/1569/1457
f 1565/1565/1453 1568/1568/1456 1570/1570/1458
f 1563/1563/1451 654/654/608 653/653/607
f 1571/1571/1459 81/81/77 1572/1572/1460
f 1573/1573/1461 1574/1574/1462 1575/1575/1463
f 1573/1573/1461 1576/1576/1464 1577/1577/1465
f 1571/1571/1459 1578/1578/1466 82/82/78
f 1571/1571/1459 82/82/78 81/81/77
f 1573/1573/1461 1577/1577/1465 1574/1574/1462
f 1579/1579/1467 1580/1580/1468 1581/1581/1469
f 1579/1579/1467 1582/1582/1470 1583/1583/1471
f 1579/1579/1467 1583/1583/1471 1584/1584/1472
f 1579/1579/1467 1585/1585/1473 1582/1582/1470
f 1579/1579/1467 1584/1584/1472 1580/1580/1468
f 1579/1579/1467 1581/1581/1469 1585/1585/1473
f 1586/1586/1474 1587/1587/1475 1588/1588/1476
f 1586/1586/1474 1589/1589/1477 273/273/250
f 1586/1586/1474 1588/1588/1476 1589/1589/1477
f 1586/1586/1474 273/273/250 272/272/249
f 1586/1586/1474 272/272/249 1590/1590/1478
f 1586/1586/1474 1590/1590/1478 1587/1587/1475
f 1591/1591/1479 1592/1592/1480 1593/1593/1481
f 677/677/631 1594/1594/1482 1595/1595/1483
f 677/677/631 1596/1596/1484 678/678/632
f 677/677/631 681/681/635 1594/1594/1482
f 1597/1597/1485 1598/1598/1486 215/215/193
f 1597/1597/1485 1599/1599/1487 1600/1600/1488
f 1601/1601/1489 840/840/792 839/839/791
f 1597/1597/1485 1602/1602/1490 1599/1599/1487
f 1597/1597/1485 1603/1603/1491 1602/1602/1490
f 1597/1597/1485 215/215/193 1603/1603/1491
f 1604/1604/1492 1605/1605/1493 1606/1606/1494
f 1604/1604/1492 1607/1607/1495 1608/1608/1496
f 293/293/270 1609/1609/1497 294/294/271
f 1604/1604/1492 1608/1608/1496 1605/1605/1493
f 1610/1610/1498 1611/1611/1499 1612/1612/1500
f 1613/1613/1501 1614/1614/1502 1615/1615/1503
f 1616/1616/1504 1022/1022/954 1617/1617/1505
s 0
f 1618/1618/1506 1619/1619/1506 1620/1620/1506
s 1
f 1610/1610/1498 1621/1621/1507 1611/1611/1499
f 1613/1613/1501 1622/1622/1508 1614/1614/1502
f 713/713/667 1623/1623/1509 1624/1624/1510
f 713/713/667 1625/1625/1511 714/714/668
f 713/713/667 722/722/674 1623/1623/1509
f 713/713/667 1624/1624/1510 1625/1625/1511
f 444/444/414 1626/1626/1512 445/445/415
f 1627/1627/1513 1628/1628/1514 1629/1629/1515
f 1627/1627/1513 1630/1630/1516 1628/1628/1514
f 454/454/424 1631/1631/1517 1632/1632/1518
f 454/454/424 1633/1633/1519 455/455/425
f 454/454/424 1632/1632/1518 1633/1633/1519
f 454/454/424 458/458/428 1631/1631/1517
f 897/897/843 1634/1634/1520 898/898/844
f 897/897/843 1635/1635/1521 1636/1636/1522
f 897/897/843 1636/1636/1522 1637/1637/1523
f 897/897/843 1637/1637/1523 1634/1634/1520
s 0
f 1638/1638/1524 1639/1639/1524 1640/1640/1524
s 1
f 1282/1282/1198 1641/1641/1525 1283/1283/1199
f 923/923/861 1642/1642/1526 924/924/862
f 933/933/871 1643/1643/1527 1644/1644/1528
f 933/933/871 1644/1644/1528 1645/1645/1529
f 933/933/871 927/927/865 1643/1643/1527
f 1646/1646/1530 1647/1647/1531 1648/1648/1532
f 1646/1646/1530 1648/1648/1532 1649/1649/1533
f 1646/1646/1530 1650/1650/1534 1647/1647/1531
f 1646/1646/1530 1649/1649/1533 1651/1651/1535
f 1646/1646/1530 1651/1651/1535 1650/1650/1534
f 1652/1652/1536 1653/1653/1537 785/785/737
f 1652/1652/1536 1654/1654/1538 1655/1655/1539
f 1652/1652/1536 785/785/737 1656/1656/1540
f 1652/1652/1536 1655/1655/1539 1653/1653/1537
f 1652/1652/1536 1657/1657/1541 1654/1654/1538
f 1652/1652/1536 1656/1656/1540 1657/1657/1541
f 1658/1658/1542 1659/1659/1543 1660/1660/1544
f 1661/1661/1545 504/504/474 507/507/477
f 1661/1661/1545 1662/1662/1546 504/504/474
f 1663/1663/1547 1664/1664/1548 1665/1665/1549
f 1663/1663/1547 1666/1666/1550 1664/1664/1548
s 0
f 1667/1667/1551 1668/1668/1551 1669/1669/1551
s 1
f 1670/1670/1552 1671/1671/1553 1672/1672/1554
f 1670/1670/1552 515/515/485 1673/1673/1555
f 1670/1670/1552 1674/1674/1556 1671/1671/1553
f 1670/1670/1552 1672/1672/1554 515/515/485
f 1670/1670/1552 1673/1673/1555 1674/1674/1556
f 1675/1675/1557 1453/1453/1356 1676/1676/1558
f 1677/1677/1559 1678/1678/1560 1679/1679/1561
f 1680/1680/1562 1681/1681/1563 528/528/498
f 1680/1680/1562 528/528/498 527/527/497
f 1682/1682/1564 1683/1683/1565 1684/1684/1566
f 1685/1685/1567 1451/1451/1354 1450/1450/1353
f 1686/1686/1568 1687/1687/1569 1688/1688/1570
f 971/971/905 1689/1689/1571 972/972/906
f 1686/1686/1568 1690/1690/1572 1687/1687/1569
f 971/971/905 1691/1691/1573 1689/1689/1571
f 1692/1692/1574 1693/1693/1575 1694/1694/1575
f 1695/1695/1576 1696/1696/1577 1697/1697/1578
f 1695/1695/1576 1698/1698/1579 1696/1696/1577
f 1695/1695/1576 1699/1699/1580 1700/1700/1581
f 1695/1695/1576 1697/1697/1578 1699/1699/1580
f 1701/1701/1582 1702/1702/1583 1703/1703/1584
f 1704/1704/1585 1705/1705/1586 1706/1706/1587
f 1704/1704/1585 1706/1706/1587 1707/1707/1588
f 1708/1708/1589 1709/1709/1590 1710/1710/1591
f 1708/1708/1589 1710/1710/1591 1711/1711/1592
f 1708/1708/1589 1712/1712/1593 1709/1709/1590
f 1708/1708/1589 1713/1713/1594 1712/1712/1593
f 1704/1704/1585 1714/1714/1595 1705/1705/1586
f 1715/1715/1596 1716/1716/1597 1717/1717/1598
f 1718/1718/1599 1719/1719/1600 1720/1720/1601
f 1715/1715/1596 1717/1717/1598 1721/1721/1602
f 1715/1715/1596 1722/1722/1603 1716/1716/1597
f 1718/1718/1599 1723/1723/1604 1719/1719/1600
f 1715/1715/1596 1724/1724/1605 1722/1722/1603
f 1725/1725/1606 1726/1726/1607 1727/1727/1608
f 1725/1725/1606 1728/1728/1609 1729/1729/1610
f 1725/1725/1606 1730/1730/1611 1731/1731/1612
f 1725/1725/1606 1727/1727/1608 1730/1730/1611
f 1725/1725/1606 1731/1731/1612 1728/1728/1609
f 1725/1725/1606 1729/1729/1610 1726/1726/1607
f 1732/1732/1613 1733/1733/1614 1734/1734/1615
f 1735/1735/1616 1736/1736/1617 1737/1737/1618
f 1732/1732/1613 1738/1738/1619 1739/1739/1620
f 1732/1732/1613 1739/1739/1620 1740/1740/1621
f 1735/1735/1616 1737/1737/1618 1741/1741/1622
f 1735/1735/1616 1741/1741/1622 1742/1742/1623
f 1732/1732/1613 1740/1740/1621 1733/1733/1614
f 1743/1743/1624 320/320/294 1744/1744/1625
s 0
f 1745/1745/1626 1746/1746/1626 1747/1747/1626
s 1
f 1743/1743/1624 321/321/295 320/320/294
s 0
f 1748/1748/1627 1749/1749/1627 1750/1750/1627
s 1
f 1743/1743/1624 1744/1744/1625 1751/1751/1628
f 1752/1752/1629 1753/1753/1630 1754/1754/1631
f 333/333/304 337/337/308 1755/1755/1632
f 333/333/304 1756/1756/1633 1757/1757/1634
f 333/333/304 1755/1755/1632 1756/1756/1633
f 333/333/304 1757/1757/1634 334/334/305
f 1758/1758/1635 347/347/318 346/346/317
f 856/856/806 1759/1759/1636 340/340/311
f 1758/1758/1635 346/346/317 1760/1760/1637
f 856/856/806 864/864/814 1759/1759/1636
f 1761/1761/1638 1762/1762/1639 1763/1763/1640
f 1761/1761/1638 1764/1764/1641 1762/1762/1639
f 1765/1765/1642 1766/1766/1643 1767/1767/1644
f 1765/1765/1642 1768/1768/1645 1766/1766/1643
f 1769/1769/1646 1770/1770/1647 1035/1035/967
f 1769/1769/1646 1035/1035/967 1032/1032/964
f 1771/1771/1648 1772/1772/1649 1773/1773/1650
f 1771/1771/1648 1774/1774/1651 1772/1772/1649
f 1771/1771/1648 1773/1773/1650 1775/1775/1652
f 1771/1771/1648 1776/1776/1653 1774/1774/1651
f 1771/1771/1648 1775/1775/1652 1776/1776/1653
f 1777/1777/1654 1778/1778/1655 1779/1779/1656
f 1777/1777/1654 1780/1780/1657 1778/1778/1655
f 1781/1781/1658 1782/1782/1659 131/131/123
f 1777/1777/1654 1783/1783/1660 1784/1784/1661
f 1777/1777/1654 365/365/336 364/364/335
f 1777/1777/1654 364/364/335 1780/1780/1657
f 1777/1777/1654 1784/1784/1661 365/365/336
f 1785/1785/1662 1786/1786/1663 369/369/340
f 1785/1785/1662 368/368/339 1787/1787/1664
f 1785/1785/1662 1788/1788/1665 1786/1786/1663
f 1785/1785/1662 369/369/340 368/368/339
f 1785/1785/1662 1787/1787/1664 1789/1789/1666
f 1785/1785/1662 1789/1789/1666 1788/1788/1665
f 1790/1790/1667 1259/1259/1175 1791/1791/1668
f 1792/1792/1669 1130/1130/1055 1129/1129/1055
s 0
f 1793/1793/1670 1794/1794/1670 1795/1795/1670
f 1796/1796/1671 1797/1797/1671 1798/1798/1671
s 1
f 1790/1790/1667 1799/1799/1672 1259/1259/1175
f 1800/1800/1673 1801/1801/1674 1802/1802/1675
s 0
f 1803/1803/1676 1804/1804/1676 1805/1805/1676
s 1
f 1800/1800/1673 1802/1802/1675 1806/1806/1677
f 1807/1807/1678 384/384/354 1808/1808/1679
f 1807/1807/1678 385/385/355 384/384/354
f 1809/1809/1680 1810/1810/1681 1811/1811/1681
f 1580/1580/1468 1812/1812/1682 1813/1813/1683
f 1580/1580/1468 1814/1814/1684 1581/1581/1469
f 1580/1580/1468 1813/1813/1683 1814/1814/1684
f 1580/1580/1468 1584/1584/1472 1812/1812/1682
f 1815/1815/1685 1816/1816/1686 406/406/376
f 1815/1815/1685 1817/1817/1687 1816/1816/1686
f 1815/1815/1685 1818/1818/1688 1817/1817/1687
f 1819/1819/1689 536/536/506 535/535/505
s 0
f 1820/1820/1690 1821/1821/1690 1822/1822/1690
s 1
f 1819/1819/1689 1823/1823/1691 536/536/506
f 1824/1824/1692 1825/1825/1693 1826/1826/1694
f 1827/1827/1695 1828/1828/1696 1829/1829/1697
f 1824/1824/1692 1826/1826/1694 1830/1830/1698
f 1827/1827/1695 1829/1829/1697 1831/1831/1699
f 1824/1824/1692 1832/1832/1700 1825/1825/1693
f 1833/1833/1701 1834/1834/1702 1835/1835/1703
f 1836/1836/1704 1837/1837/1705 1114/1114/1041
f 1836/1836/1704 1592/1592/1480 1838/1838/1706
f 1836/1836/1704 1839/1839/1707 1837/1837/1705
f 1836/1836/1704 1838/1838/1706 1839/1839/1707
f 1836/1836/1704 1114/1114/1041 1840/1840/1708
f 1836/1836/1704 1840/1840/1708 1592/1592/1480
f 1841/1841/1709 160/160/143 1842/1842/1710
f 1843/1843/1711 158/158/141 1844/1844/1712
f 1841/1841/1709 1845/1845/1713 657/657/611
f 1841/1841/1709 1846/1846/1714 160/160/143
f 1841/1841/1709 1847/1847/1715 1845/1845/1713
f 1841/1841/1709 657/657/611 1846/1846/1714
f 1848/1848/1716 1849/1849/1717 1850/1850/1718
f 1851/1851/1719 169/169/152 1852/1852/1720
f 21/21/17 1853/1853/1721 22/22/18
f 21/21/17 27/27/23 1854/1854/1722
f 21/21/17 1854/1854/1722 1853/1853/1721
f 581/581/548 1855/1855/1723 1856/1856/1724
f 581/581/548 1857/1857/1725 582/582/549
f 589/589/556 588/588/555 1858/1858/1726
f 581/581/548 1856/1856/1724 1857/1857/1725
f 1453/1453/1356 1273/1273/1189 1859/1859/1727
f 1453/1453/1356 1859/1859/1727 1676/1676/1558
f 1860/1860/1728 1861/1861/1729 1862/1862/1730
f 1863/1863/1731 1864/1864/1732 1865/1865/1733
f 1866/1866/1734 1457/1457/1360 1867/1867/1735
f 1860/1860/1728 1862/1862/1730 1868/1868/1736
f 1866/1866/1734 1869/1869/1737 1457/1457/1360
s 0
f 1870/1870/1738 1871/1871/1738 1872/1872/1738
s 1
f 1873/1873/1739 1874/1874/1740 835/835/787
f 1875/1875/1741 1876/1876/1742 1877/1877/1743
f 1875/1875/1741 836/836/788 831/831/783
f 1875/1875/1741 1878/1878/1744 1876/1876/1742
f 1875/1875/1741 831/831/783 1879/1879/1745
f 1875/1875/1741 1879/1879/1745 1878/1878/1744
f 1880/1880/1746 1881/1881/1747 1882/1882/1748
f 1883/1883/1749 1185/1185/1109 1884/1884/1750
f 1883/1883/1749 1884/1884/1750 1885/1885/1751
f 1880/1880/1746 1036/1036/968 1886/1886/1752
f 1880/1880/1746 1882/1882/1748 1036/1036/968
f 1883/1883/1749 1887/1887/1753 1185/1185/1109
f 1888/1888/1754 814/814/766 819/819/771
f 1889/1889/1755 1890/1890/1756 1891/1891/1757
f 1889/1889/1755 1891/1891/1757 1892/1892/1758
f 1889/1889/1755 1893/1893/1759 1890/1890/1756
f 1894/1894/167 1895/1895/1760 1896/1896/167
s 0
f 1894/1894/167 1897/1897/167 1516/1516/167
s 1
f 1894/1894/167 1515/1515/167 1898/1898/1761
s 0
f 1899/1899/167 1900/1900/167 647/647/167
s 1
f 1894/1894/167 1898/1898/1761 1895/1895/1760
s 0
f 1894/1894/167 1516/1516/167 1515/1515/167
s 1
f 1482/1482/1381 1484/1484/1383 1901/1901/1762
f 1482/1482/1381 1901/1901/1762 1902/1902/1763
f 1482/1482/1381 1903/1903/1764 1483/1483/1382
f 1482/1482/1381 1902/1902/1763 1903/1903/1764
f 1904/1904/1765 116/116/110 1905/1905/1766
f 1904/1904/1765 1906/1906/1767 116/116/110
f 662/662/616 1907/1907/1768 663/663/617
f 1904/1904/1765 1908/1908/1769 1906/1906/1767
f 1909/1909/1770 1910/1910/1771 1911/1911/1772
f 1909/1909/1770 1912/1912/1773 1913/1913/1774
f 1909/1909/1770 1913/1913/1774 1910/1910/1771
f 1909/1909/1770 1911/1911/1772 1914/1914/1775
f 1915/1915/1776 1916/1916/1777 1917/1917/1778
f 1918/1918/1779 1919/1919/1780 1920/1920/1781
f 1921/1921/1782 1922/1922/1783 1923/1923/1784
f 1918/1918/1779 1637/1637/1523 1924/1924/1785
f 1918/1918/1779 1920/1920/1781 1637/1637/1523
f 1921/1921/1782 1923/1923/1784 1925/1925/1786
f 1926/1926/1787 1927/1927/1788 1928/1928/1787
f 1926/1926/1787 1928/1928/1787 1929/1929/1789
f 1930/1930/1790 1931/1931/1791 1932/1932/1792
f 1930/1930/1790 1933/1933/1793 1934/1934/1794
f 1930/1930/1790 1935/1935/1795 1933/1933/1793
f 1930/1930/1790 1934/1934/1794 1931/1931/1791
f 1930/1930/1790 1936/1936/1796 1935/1935/1795
f 1930/1930/1790 1932/1932/1792 1936/1936/1796
f 1937/1937/1797 1938/1938/1797 1939/1939/1798
f 1937/1937/1797 1940/1940/1799 1938/1938/1797
f 1941/1941/1800 1942/1942/1801 1943/1943/1802
f 1944/1944/1803 1945/1945/1804 1946/1946/1805
s 0
f 1947/1947/1806 1948/1948/1806 1949/1949/1806
s 1
f 1941/1941/1800 1950/1950/1807 1942/1942/1801
f 1941/1941/1800 1951/1951/1808 1950/1950/1807
f 174/174/157 1952/1952/1809 175/175/158
f 174/174/157 1953/1953/1810 1954/1954/1811
f 174/174/157 1954/1954/1811 1952/1952/1809
f 174/174/157 178/178/161 1955/1955/1812
f 174/174/157 1955/1955/1812 1953/1953/1810
f 1956/1956/1813 1957/1957/1814 1958/1958/1815
f 1959/1959/1816 1960/1960/1817 1961/1961/1818
f 1962/1962/1819 738/738/690 1963/1963/1820
f 1964/1964/1821 1965/1965/1822 1966/1966/1823
f 1964/1964/1821 1967/1967/1824 1965/1965/1822
f 1968/1968/1825 1969/1969/1826 743/743/695
f 1968/1968/1825 743/743/695 1970/1970/1827
f 1964/1964/1821 1971/1971/1828 1967/1967/1824
f 1972/1972/1829 1973/1973/1830 1974/1974/1831
f 1975/1975/1832 1976/1976/1833 1977/1977/1834
f 1975/1975/1832 1978/1978/1835 1976/1976/1833
f 1979/1979/1836 1980/1980/1837 1981/1981/1838
f 1979/1979/1836 1981/1981/1838 1982/1982/1839
f 1979/1979/1836 1982/1982/1839 1983/1983/1840
f 1984/1984/1841 573/573/540 1985/1985/1842
f 1986/1986/1843 1987/1987/1844 1988/1988/1843
s 0
f 1989/1989/1845 1990/1990/1845 1991/1991/1845
s 1
f 1986/1986/1843 1988/1988/1843 1992/1992/1846
f 1984/1984/1841 1985/1985/1842 1993/1993/1847
f 1984/1984/1841 574/574/541 573/573/540
f 1994/1994/1848 1694/1694/1575 1693/1693/1575
f 1995/1995/1849 1996/1996/1850 1997/1997/1851
f 1995/1995/1849 1998/1998/1852 1714/1714/1595
f 1999/1999/1853 2000/2000/1854 2001/2001/1855
f 1999/1999/1853 1710/1710/1591 2000/2000/1854
f 1999/1999/1853 1711/1711/1592 1710/1710/1591
f 1995/1995/1849 1997/1997/1851 1998/1998/1852
f 2002/2002/1856 2003/2003/1857 2004/2004/1858
f 2005/2005/1859 2006/2006/1860 2007/2007/1861
f 2002/2002/1856 2004/2004/1858 2008/2008/1862
f 2005/2005/1859 2009/2009/1863 939/939/877
f 2005/2005/1859 939/939/877 2006/2006/1860
f 2002/2002/1856 2010/2010/1864 2003/2003/1857
f 1488/1488/1387 2011/2011/1865 1489/1489/1388
f 1488/1488/1387 1495/1495/1394 2012/2012/1866
f 1488/1488/1387 2013/2013/1867 2011/2011/1865
f 1488/1488/1387 2012/2012/1866 2013/2013/1867
f 570/570/537 1734/1734/1615 571/571/538
f 2014/2014/1868 1737/1737/1618 1736/1736/1617
f 570/570/537 579/579/546 2015/2015/1869
f 2014/2014/1868 2016/2016/1870 1737/1737/1618
f 2017/2017/1871 2018/2018/1872 2019/2019/1873
f 2017/2017/1871 255/255/232 2018/2018/1872
f 1410/1410/1320 2020/2020/1874 1411/1411/1320
f 2021/2021/1875 2022/2022/1876 2023/2023/1877
f 818/818/770 2024/2024/1878 2025/2025/1879
f 818/818/770 817/817/769 2024/2024/1878
f 812/812/764 132/132/124 813/813/765
f 818/818/770 2025/2025/1879 133/133/125
f 2026/2026/1880 2027/2027/1880 2028/2028/1881
s 0
f 2029/2029/1882 2030/2030/1882 2031/2031/1882
s 1
f 2026/2026/1880 2032/2032/1883 2027/2027/1880
f 2033/2033/1884 2034/2034/1885 145/145/137
f 2033/2033/1884 2035/2035/1886 2034/2034/1885
f 2036/2036/1887 979/979/913 2037/2037/1888
f 2036/2036/1887 2038/2038/1889 979/979/913
f 2036/2036/1887 2039/2039/1890 2038/2038/1889
f 2033/2033/1884 145/145/137 144/144/136
f 547/547/517 2040/2040/138 2041/2041/1891
f 547/547/517 283/283/260 2040/2040/138
f 547/547/517 2041/2041/1891 548/548/518
f 547/547/517 284/284/261 283/283/260
f 553/553/523 2042/2042/1892 554/554/524
f 553/553/523 2043/2043/1893 2042/2042/1892
f 553/553/523 2044/2044/1894 2043/2043/1893
f 553/553/523 557/557/527 2044/2044/1894
f 2045/2045/1895 2046/2046/1896 2047/2047/1897
f 2048/2048/1898 2049/2049/1899 2050/2050/1900
f 2051/2051/1901 2052/2052/1902 2053/2053/1901
f 2054/2054/1903 2055/2055/1904 2056/2056/1905
f 2048/2048/1898 2057/2057/1906 2049/2049/1899
f 2048/2048/1898 2058/2058/1907 2057/2057/1906
f 2051/2051/1901 2053/2053/1901 2059/2059/1908
f 573/573/540 575/575/542 1985/1985/1842
f 330/330/301 960/960/898 2060/2060/1909
f 330/330/301 329/329/300 960/960/898
f 335/335/306 2061/2061/1910 2062/2062/1911
f 335/335/306 2062/2062/1911 336/336/307
f 2063/2063/1912 2064/2064/1913 2065/2065/1914
f 335/335/306 338/338/309 2066/2066/1915
f 2067/2067/1916 2068/2068/1917 2069/2069/1918
f 2067/2067/1916 2070/2070/1919 2071/2071/1920
f 2072/2072/1921 2073/2073/1922 2074/2074/1923
f 2072/2072/1921 2074/2074/1923 2075/2075/1924
f 2067/2067/1916 2071/2071/1920 2068/2068/1917
f 2067/2067/1916 2069/2069/1918 2076/2076/1925
f 2067/2067/1916 2076/2076/1925 2077/2077/1926
f 2078/2078/1927 349/349/320 2079/2079/1928
f 2078/2078/1927 758/758/710 350/350/321
f 2078/2078/1927 350/350/321 349/349/320
f 2080/2080/1929 980/980/914 981/981/915
f 2078/2078/1927 2081/2081/1930 758/758/710
f 634/634/593 637/637/596 2082/2082/1931
f 634/634/593 2082/2082/1931 2083/2083/1932
f 634/634/593 2083/2083/1932 635/635/594
f 1559/1559/1447 1560/1560/1448 651/651/605
f 1559/1559/1447 651/651/605 649/649/604
f 1559/1559/1447 649/649/604 2084/2084/1933
f 1559/1559/1447 2084/2084/1933 372/372/343
f 653/653/607 655/655/609 2085/2085/1934
f 653/653/607 2085/2085/1934 1564/1564/1452
f 33/33/29 2086/2086/1935 34/34/30
f 2087/2087/1936 2088/2088/1937 2089/2089/1938
f 2087/2087/1936 2090/2090/1939 2088/2088/1937
s 0
f 2091/2091/1940 2092/2092/1940 2093/2093/1940
s 1
f 2094/2094/1941 2024/2024/1878 817/817/769
f 2094/2094/1941 817/817/769 2095/2095/1942
f 2096/2096/1943 890/890/836 2097/2097/1944
f 2098/2098/1945 2099/2099/1946 2100/2100/1947
f 2096/2096/1943 2101/2101/1948 890/890/836
f 2098/2098/1945 2100/2100/1947 2102/2102/1949
f 1587/1587/1475 2103/2103/1950 1588/1588/1476
f 1587/1587/1475 2104/2104/1951 2105/2105/1952
f 1587/1587/1475 2105/2105/1952 2103/2103/1950
f 1587/1587/1475 1590/1590/1478 2104/2104/1951
f 678/678/632 2106/2106/1953 679/679/633
s 0
f 2107/2107/138 2108/2108/138 2109/2109/138
s 1
f 2110/2110/138 1593/1593/1481 150/150/138
f 2111/2111/1954 2112/2112/1955 1182/1182/1106
f 2111/2111/1954 1182/1182/1106 2113/2113/1956
f 686/686/640 689/689/643 2114/2114/1957
f 686/686/640 2115/2115/1958 687/687/641
f 1188/1188/1112 2116/2116/1959 2117/2117/1960
f 1188/1188/1112 2118/2118/1961 2116/2116/1959
f 1188/1188/1112 2119/2119/1962 695/695/649
f 1188/1188/1112 695/695/649 1189/1189/1113
f 1188/1188/1112 2117/2117/1960 2119/2119/1962
f 2120/2120/1963 2121/2121/1964 2122/2122/1965
f 2120/2120/1963 1052/1052/982 2121/2121/1964
f 1365/1365/1277 2123/2123/1966 1366/1366/1278
f 2124/2124/1967 1504/1504/1403 2125/2125/1968
f 1375/1375/1285 2126/2126/1969 1376/1376/1286
s 0
f 2127/2127/1970 2128/2128/1970 2129/2129/1970
s 1
f 2130/2130/1971 2131/2131/1972 2132/2132/1973
f 2133/2133/1974 1335/1335/1249 1334/1334/1248
f 2134/2134/1975 2135/2135/1976 733/733/685
f 2133/2133/1974 1334/1334/1248 2136/2136/1977
f 2133/2133/1974 447/447/417 2137/2137/1978
f 2134/2134/1975 733/733/685 1331/1331/1245
f 2133/2133/1974 2136/2136/1977 447/447/417
f 755/755/707 999/999/931 2138/2138/1979
f 755/755/707 1000/1000/932 999/999/931
f 755/755/707 754/754/706 1000/1000/932
f 1400/1400/1310 1140/1140/1065 2139/2139/1980
f 1400/1400/1310 2140/2140/1981 1401/1401/1311
f 1400/1400/1310 2139/2139/1980 2140/2140/1981
f 1400/1400/1310 1403/1403/1313 1140/1140/1065
f 2141/2141/1982 2142/2142/1983 1644/1644/1528
f 2141/2141/1982 2143/2143/1984 2144/2144/1985
f 2145/2145/1986 2146/2146/1987 2147/2147/1988
f 2141/2141/1982 2144/2144/1985 2142/2142/1983
f 2145/2145/1986 2147/2147/1988 2148/2148/1989
f 2145/2145/1986 2148/2148/1989 2149/2149/1990
f 2150/2150/1991 2151/2151/1992 2152/2152/1993
f 2153/2153/1994 2154/2154/1995 1720/1720/1601
f 2150/2150/1991 2152/2152/1993 2155/2155/1996
f 2153/2153/1994 2156/2156/1997 2154/2154/1995
f 2150/2150/1991 2155/2155/1996 2157/2157/1998
f 2153/2153/1994 1720/1720/1601 2158/2158/1999
f 2159/2159/2000 103/103/99 102/102/98
f 1433/1433/1340 1432/1432/1339 2160/2160/2001
f 2159/2159/2000 102/102/98 2161/2161/2002
f 1426/1426/1333 2162/2162/2003 1427/1427/1334
f 793/793/745 2163/2163/2004 794/794/746
f 2164/2164/2005 1664/1664/1548 1666/1666/1550
f 2164/2164/2005 2165/2165/2006 2166/2166/2007
f 2164/2164/2005 1666/1666/1550 2167/2167/2008
f 2164/2164/2005 2167/2167/2008 2165/2165/2006
f 2168/2168/2009 2169/2169/2010 2170/2170/2011
f 117/117/111 116/116/110 2171/2171/2012
f 2172/2172/2013 2173/2173/2014 2174/2174/2014
f 2168/2168/2009 2175/2175/2015 2169/2169/2010
f 2176/2176/2016 2177/2177/2017 2178/2178/2018
f 2176/2176/2016 2178/2178/2018 2179/2179/2019
f 2176/2176/2016 2179/2179/2019 2180/2180/2020
f 2181/2181/2021 224/224/201 2182/2182/2022
f 2181/2181/2021 2183/2183/2023 2184/2184/2024
f 2181/2181/2021 2184/2184/2024 224/224/201
f 2176/2176/2016 2180/2180/2020 2185/2185/2025
f 829/829/781 1469/1469/1372 2186/2186/2026
f 829/829/781 2186/2186/2026 830/830/782
f 837/837/789 2187/2187/2027 1468/1468/1371
f 837/837/789 834/834/786 2187/2187/2027
f 2188/2188/2028 2189/2189/2029 842/842/794
f 2188/2188/2028 1238/1238/1154 2189/2189/2029
f 2188/2188/2028 842/842/794 2190/2190/2030
f 2188/2188/2028 1239/1239/1155 1238/1238/1154
f 2188/2188/2028 2191/2191/2031 1239/1239/1155
f 2188/2188/2028 2190/2190/2030 2191/2191/2031
f 2192/2192/2032 1244/1244/1160 1247/1247/1163
f 2193/2193/2033 2194/2194/2034 2195/2195/2035
f 2192/2192/2032 2196/2196/2036 2197/2197/2037
f 2192/2192/2032 1247/1247/1163 2198/2198/2038
f 2193/2193/2033 2199/2199/2039 2194/2194/2034
f 2193/2193/2033 2195/2195/2035 2200/2200/2040
f 2192/2192/2032 2197/2197/2037 1244/1244/1160
f 2201/2201/2041 2202/2202/2042 2203/2203/2043
f 2201/2201/2041 2204/2204/2044 2202/2202/2042
f 2205/2205/2045 2206/2206/2046 2207/2207/2045
f 2201/2201/2041 2203/2203/2043 2208/2208/2047
f 2205/2205/2045 2207/2207/2045 2209/2209/2048
f 2210/2210/2049 1262/1262/1178 1264/1264/1180
f 2210/2210/2049 1568/1568/1456 2211/2211/2050
f 2210/2210/2049 2211/2211/2050 1262/1262/1178
f 2210/2210/2049 1264/1264/1180 1568/1568/1456
f 36/36/32 2212/2212/2051 37/37/33
f 44/44/40 2213/2213/2052 2214/2214/2053
f 44/44/40 2214/2214/2053 2215/2215/2054
f 44/44/40 34/34/30 2213/2213/2052
f 2216/2216/2055 2217/2217/2056 2218/2218/2057
f 2216/2216/2055 2219/2219/2058 51/51/47
f 2216/2216/2055 2220/2220/2059 2217/2217/2056
f 2216/2216/2055 51/51/47 54/54/50
f 2216/2216/2055 2218/2218/2057 2219/2219/2058
f 2216/2216/2055 54/54/50 2220/2220/2059
f 57/57/53 2221/2221/2060 58/58/54
f 65/65/61 673/673/627 1277/1277/1193
f 65/65/61 64/64/60 673/673/627
f 65/65/61 1277/1277/1193 2222/2222/2061
f 1278/1278/1194 473/473/443 1279/1279/1195
f 2223/2223/2062 2224/2224/2063 1802/1802/1675
f 2223/2223/2062 2225/2225/2064 2224/2224/2063
f 2226/2226/2065 2227/2227/2066 2228/2228/2067
f 2226/2226/2065 2229/2229/2068 2230/2230/2069
f 2223/2223/2062 2231/2231/2070 2225/2225/2064
f 2226/2226/2065 2230/2230/2069 2227/2227/2066
f 2232/2232/2071 2006/2006/1860 2233/2233/2072
f 2232/2232/2071 2234/2234/2073 2235/2235/2074
f 2236/2236/2075 2237/2237/2076 2010/2010/1864
f 2232/2232/2071 2233/2233/2072 2238/2238/2077
f 2232/2232/2071 2238/2238/2077 2234/2234/2073
f 2232/2232/2071 2007/2007/1861 2006/2006/1860
f 943/943/881 1308/1308/1222 1313/1313/1227
f 943/943/881 1313/1313/1227 944/944/882
f 943/943/881 499/499/469 1308/1308/1222
f 943/943/881 948/948/886 499/499/469
f 1605/1605/1493 2239/2239/2078 1606/1606/1494
f 2240/2240/2079 2241/2241/2080 2242/2242/2081
f 2240/2240/2079 2243/2243/2082 2241/2241/2080
f 1605/1605/1493 2244/2244/2083 2239/2239/2078
f 2245/2245/2084 958/958/896 2246/2246/2085
f 2247/2247/2086 2248/2248/2087 586/586/553
f 2245/2245/2084 590/590/557 959/959/897
f 2245/2245/2084 2249/2249/2088 590/590/557
f 2245/2245/2084 2246/2246/2085 2250/2250/2089
f 2245/2245/2084 959/959/897 958/958/896
f 2251/2251/2090 2252/2252/2091 2075/2075/1924
f 2251/2251/2090 2253/2253/2092 2254/2254/2093
f 2251/2251/2090 2255/2255/2094 2256/2256/2095
f 2251/2251/2090 2075/2075/1924 2074/2074/1923
f 2251/2251/2090 2254/2254/2093 2252/2252/2091
f 2251/2251/2090 2074/2074/1923 2255/2255/2094
f 2251/2251/2090 2256/2256/2095 2253/2253/2092
f 2257/2257/2096 2258/2258/2097 2259/2259/2098
f 2260/2260/2099 1349/1349/1261 1350/1350/1262
f 2260/2260/2099 1350/1350/1262 2261/2261/2100
f 2260/2260/2099 2262/2262/2101 1349/1349/1261
f 2260/2260/2099 2263/2263/2102 2262/2262/2101
f 2260/2260/2099 2264/2264/2103 2263/2263/2102
f 762/762/714 2265/2265/2104 1543/1543/1431
f 762/762/714 768/768/720 2265/2265/2104
f 2266/2266/2105 2267/2267/2106 2268/2268/2107
f 2269/2269/2108 2270/2270/2109 2197/2197/2037
f 2266/2266/2105 2271/2271/2110 2267/2267/2106
f 2269/2269/2108 2272/2272/2111 2270/2270/2109
s 0
f 2273/2273/2112 2274/2274/2112 2275/2275/2112
s 1
f 2276/2276/2113 1428/1428/1335 2277/2277/2114
f 2276/2276/2113 2278/2278/2115 1428/1428/1335
f 2276/2276/2113 1134/1134/1059 2278/2278/2115
f 2276/2276/2113 2277/2277/2114 2279/2279/2116
f 2276/2276/2113 2279/2279/2116 1134/1134/1059
f 2280/2280/2117 2281/2281/2118 2282/2282/2119
f 2280/2280/2117 2283/2283/2120 2284/2284/2121
f 2285/2285/2122 2286/2286/2123 2287/2287/2124
f 2280/2280/2117 2284/2284/2121 2281/2281/2118
f 2285/2285/2122 2288/2288/2125 2286/2286/2123
f 2280/2280/2117 1006/1006/938 2283/2283/2120
s 0
f 2289/2289/2126 2290/2290/2126 2291/2291/2126
s 1
f 2292/2292/2127 183/183/166 182/182/165
f 2293/2293/2128 2294/2294/2129 1019/1019/951
f 2293/2293/2128 2295/2295/2130 190/190/168
f 2293/2293/2128 2296/2296/2131 2294/2294/2129
f 2293/2293/2128 188/188/167 2296/2296/2131
f 2293/2293/2128 1019/1019/951 2295/2295/2130
f 2293/2293/2128 190/190/168 188/188/167
f 192/192/170 2297/2297/2132 193/193/171
f 192/192/170 194/194/172 2298/2298/2133
f 192/192/170 2299/2299/2134 2297/2297/2132
f 192/192/170 2298/2298/2133 2299/2299/2134
f 2300/2300/2135 2301/2301/2136 1878/1878/1744
f 199/199/177 2302/2302/2137 200/200/178
f 2300/2300/2135 1878/1878/1744 1879/1879/1745
f 2300/2300/2135 1879/1879/1745 2303/2303/2138
f 199/199/177 2304/2304/2139 2302/2302/2137
f 2305/2305/2140 2306/2306/2141 2307/2307/2142
f 2305/2305/2140 2308/2308/2143 2309/2309/2144
f 2305/2305/2140 2114/2114/1957 689/689/643
f 2310/2310/2145 2311/2311/2146 2312/2312/2147
f 2305/2305/2140 689/689/643 2308/2308/2143
f 2305/2305/2140 2307/2307/2142 2114/2114/1957
f 1040/1040/972 2313/2313/2148 2314/2314/2149
f 1040/1040/972 2314/2314/2149 1041/1041/973
f 1040/1040/972 697/697/651 693/693/647
f 1040/1040/972 693/693/647 2313/2313/2148
f 708/708/662 2315/2315/2150 2316/2316/2151
f 708/708/662 707/707/661 2315/2315/2150
f 2317/2317/2152 1201/1201/1121 1208/1208/1128
f 2318/2318/2153 2319/2319/2153 2320/2320/2154
f 2318/2318/2153 2321/2321/2155 2319/2319/2153
f 716/716/670 2322/2322/2156 717/717/671
f 2323/2323/2157 2324/2324/2158 2325/2325/2159
f 1068/1068/995 1217/1217/1137 1069/1069/996
f 1219/1219/1139 1220/1220/1140 2326/2326/2160
f 1219/1219/1139 2326/2326/2160 2327/2327/2161
f 1219/1219/1139 1083/1083/1010 1081/1081/1008
f 1219/1219/1139 2327/2327/2161 1083/1083/1010
f 2328/2328/2162 2329/2329/2163 2330/2330/2164
f 2331/2331/2165 2332/2332/2166 2333/2333/2165
f 2331/2331/2165 2333/2333/2165 2334/2334/2167
f 2328/2328/2162 2335/2335/2168 2329/2329/2163
f 2328/2328/2162 2336/2336/2169 2337/2337/2170
f 2328/2328/2162 2337/2337/2170 2335/2335/2168
f 1231/1231/1147 2338/2338/2171 2339/2339/2172
f 1231/1231/1147 1235/1235/1151 2340/2340/2173
f 1231/1231/1147 2340/2340/2173 2338/2338/2171
f 1231/1231/1147 2339/2339/2172 1232/1232/1148
f 839/839/791 844/844/796 2341/2341/2174
f 839/839/791 2341/2341/2174 2342/2342/2175
f 2343/2343/2176 791/791/743 1360/1360/1272
f 846/846/798 2344/2344/2177 847/847/799
f 2343/2343/2176 1360/1360/1272 1363/1363/1275
f 846/846/798 2345/2345/2178 2344/2344/2177
f 2346/2346/2179 2347/2347/2180 342/342/313
f 2346/2346/2179 2348/2348/2181 2349/2349/2182
f 2346/2346/2179 341/341/312 2348/2348/2181
f 2346/2346/2179 342/342/313 341/341/312
f 2346/2346/2179 2349/2349/2182 2350/2350/2183
f 2346/2346/2179 2350/2350/2183 2347/2347/2180
f 2351/2351/2184 2352/2352/2185 2353/2353/2186
f 2351/2351/2184 2354/2354/2187 2352/2352/2185
f 1952/1952/1809 2355/2355/2188 175/175/158
f 2351/2351/2184 2353/2353/2186 2356/2356/2189
f 2357/2357/2190 1961/1961/1818 1960/1960/1817
f 2358/2358/2191 2359/2359/2192 2360/2360/2193
f 390/390/360 744/744/696 2361/2361/2194
f 390/390/360 2361/2361/2194 2362/2362/2195
f 390/390/360 2363/2363/2196 744/744/696
f 390/390/360 2362/2362/2195 391/391/361
f 2364/2364/2197 2365/2365/2198 2366/2366/2199
f 2364/2364/2197 2367/2367/2200 2368/2368/2201
f 1973/1973/1830 2369/2369/2202 1974/1974/1831
f 2370/2370/2203 2371/2371/2204 2372/2372/2205
f 2364/2364/2197 2368/2368/2201 2365/2365/2198
f 1700/1700/1581 1699/1699/1580 2373/2373/2206
f 1700/1700/1581 2373/2373/2206 2374/2374/2207
f 2375/2375/2208 2376/2376/2209 2377/2377/2210
f 2378/2378/2211 2379/2379/2212 414/414/384
f 2375/2375/2208 2377/2377/2210 2380/2380/2213
f 2375/2375/2208 85/85/81 2376/2376/2209
f 2378/2378/2211 2381/2381/2214 2379/2379/2212
f 2378/2378/2211 414/414/384 83/83/79
f 2382/2382/2215 2182/2182/2022 230/230/207
f 2383/2383/2216 2384/2384/2217 2385/2385/2218
s 0
f 2386/2386/2219 2387/2387/2219 2388/2388/2219
s 1
f 2383/2383/2216 2385/2385/2218 2389/2389/2220
f 2390/2390/2221 2391/2391/2222 2392/2392/2223
f 2382/2382/2215 230/230/207 2393/2393/2224
f 104/104/100 1495/1495/1394 2394/2394/2225
f 97/97/93 2395/2395/2226 98/98/94
f 104/104/100 2396/2396/2227 2012/2012/1866
f 104/104/100 2012/2012/1866 1495/1495/1394
f 104/104/100 101/101/97 2396/2396/2227
f 106/106/102 2397/2397/2228 107/107/103
f 2398/2398/2229 2399/2399/2230 2400/2400/2231
f 2398/2398/2229 2400/2400/2231 2401/2401/2232
f 2398/2398/2229 2402/2402/2233 2399/2399/2230
s 0
f 2403/2403/2234 2404/2404/2234 2405/2405/2234
f 2406/2406/2235 2407/2407/2235 2408/2408/2235
f 2409/2409/2236 2410/2410/2236 2411/2411/2236
s 1
f 2412/2412/2237 363/363/334 362/362/333
f 2413/2413/2238 2414/2414/2239 2415/2415/2240
s 0
f 2416/2416/2241 2417/2417/2241 2418/2418/2241
s 1
f 2419/2419/2242 2420/2420/2243 2421/2421/2244
f 2413/2413/2238 1329/1329/1243 2414/2414/2239
f 2422/2422/2245 2423/2423/2246 2424/2424/2247
f 2422/2422/2245 2425/2425/2248 2423/2423/2246
f 2426/2426/2249 2427/2427/2250 2428/2428/2251
f 2426/2426/2249 2428/2428/2251 1332/1332/1246
f 2426/2426/2249 731/731/683 730/730/682
f 2426/2426/2249 1332/1332/1246 731/731/683
f 349/349/320 2035/2035/1886 2079/2079/1928
f 349/349/320 353/353/324 2429/2429/2252
f 349/349/320 2429/2429/2252 2035/2035/1886
f 477/477/447 985/985/919 478/478/448
f 483/483/453 2430/2430/2253 2431/2431/2254
f 483/483/453 482/482/452 2430/2430/2253
f 477/477/447 2432/2432/2255 985/985/919
f 2433/2433/2256 2434/2434/2257 2435/2435/2258
f 2436/2436/2259 2437/2437/2260 489/489/459
f 2436/2436/2259 488/488/458 2438/2438/2261
f 2433/2433/2256 2439/2439/2262 2238/2238/2077
f 2433/2433/2256 2238/2238/2077 2434/2434/2257
f 2436/2436/2259 489/489/459 488/488/458
f 1428/1428/1335 1427/1427/1334 2277/2277/2114
f 1428/1428/1335 2278/2278/2115 1429/1429/1336
f 1853/1853/1721 2440/2440/2263 22/22/18
f 502/502/472 2441/2441/2264 503/503/473
f 502/502/472 2442/2442/2265 2441/2441/2264
f 1589/1589/1477 1858/1858/1726 588/588/555
f 1589/1589/1477 1588/1588/1476 2443/2443/2266
f 1589/1589/1477 588/588/555 273/273/250
f 1589/1589/1477 2443/2443/2266 1858/1858/1726
f 2444/2444/2267 1560/1560/1448 1562/1562/1450
f 2445/2445/2268 2446/2446/2269 2296/2296/2131
f 2444/2444/2267 2447/2447/167 1560/1560/1448
f 2445/2445/2268 2296/2296/2131 188/188/167
f 2445/2445/2268 2448/2448/2270 2446/2446/2269
f 2445/2445/2268 188/188/167 186/186/167
f 2449/2449/2271 2450/2450/2272 2451/2451/2273
f 2452/2452/2274 2453/2453/2275 2454/2454/2274
f 2452/2452/2274 2454/2454/2274 2455/2455/2276
f 2456/2456/2277 2457/2457/2278 2458/2458/2278
f 2449/2449/2271 2451/2451/2273 2459/2459/2279
f 2449/2449/2271 2459/2459/2279 2460/2460/2280
f 2301/2301/2136 1876/1876/1742 1878/1878/1744
f 205/205/183 204/204/182 2461/2461/2281
f 2301/2301/2136 2462/2462/2282 1876/1876/1742
f 205/205/183 2461/2461/2281 2463/2463/2283
f 2464/2464/2284 2465/2465/2285 2466/2466/2286
f 2464/2464/2284 2467/2467/2287 2465/2465/2285
f 2464/2464/2284 2466/2466/2286 2468/2468/2288
f 814/814/766 2469/2469/2289 815/815/767
f 814/814/766 2470/2470/2290 2469/2469/2289
f 2471/2471/2291 2472/2472/2292 235/235/212
f 2471/2471/2291 2473/2473/2293 2474/2474/2294
f 2471/2471/2291 235/235/212 2473/2473/2293
f 2471/2471/2291 2475/2475/167 2472/2472/2292
f 2471/2471/2291 1898/1898/1761 2475/2475/167
f 2471/2471/2291 2474/2474/2294 1898/1898/1761
f 243/243/220 2476/2476/2295 2477/2477/2296
f 243/243/220 247/247/224 2476/2476/2295
f 243/243/220 1903/1903/1764 244/244/221
f 243/243/220 2477/2477/2296 1903/1903/1764
f 254/254/231 2478/2478/2297 255/255/232
f 2479/2479/2298 2480/2480/2299 1217/1217/1137
f 2481/2481/2300 1214/1214/1134 2482/2482/2301
f 2481/2481/2300 1215/1215/1135 1214/1214/1134
f 262/262/239 261/261/238 1424/1424/1331
f 2483/2483/2302 2484/2484/2303 1919/1919/1780
f 2485/2485/2304 2486/2486/2305 1093/1093/1020
f 2483/2483/2302 1089/1089/1016 2487/2487/2306
f 2485/2485/2304 1925/1925/1786 1923/1923/1784
f 2483/2483/2302 2487/2487/2306 2484/2484/2303
f 2485/2485/2304 1923/1923/1784 2486/2486/2305
f 1096/1096/1023 279/279/256 2488/2488/2307
f 1096/1096/1023 1098/1098/1025 2489/2489/138
f 1096/1096/1023 2488/2488/2307 1097/1097/1024
f 1096/1096/1023 2489/2489/138 279/279/256
f 2490/2490/2308 2491/2491/2309 2492/2492/2310
f 2490/2490/2308 2493/2493/2311 2491/2491/2309
f 2490/2490/2308 2492/2492/2310 2494/2494/2312
f 549/549/519 548/548/518 2495/2495/2313
f 2496/2496/2314 2497/2497/2315 2498/2498/2316
f 2496/2496/2314 2499/2499/2317 2497/2497/2315
f 560/560/530 1728/1728/1609 561/561/531
f 560/560/530 2500/2500/530 1729/1729/1610
f 2501/2501/530 568/568/530 998/998/930
f 560/560/530 1729/1729/1610 1728/1728/1609
f 2502/2502/2318 1733/1733/1614 311/311/285
f 2502/2502/2318 310/310/284 576/576/543
f 2502/2502/2318 311/311/285 310/310/284
f 2502/2502/2318 576/576/543 571/571/538
f 2502/2502/2318 571/571/538 1733/1733/1614
f 2503/2503/2319 664/664/618 665/665/619
f 2503/2503/2319 2504/2504/2320 1265/1265/1181
f 2503/2503/2319 665/665/619 2505/2505/2321
f 2506/2506/2322 2507/2507/2323 2508/2508/2324
f 2503/2503/2319 2505/2505/2321 2509/2509/2325
f 2503/2503/2319 1265/1265/1181 664/664/618
f 2506/2506/2322 2508/2508/2324 2510/2510/2326
f 2511/2511/2327 2512/2512/2328 2513/2513/2329
f 2511/2511/2327 2514/2514/2330 2515/2515/2331
f 2511/2511/2327 2516/2516/2332 2512/2512/2328
f 2511/2511/2327 2513/2513/2329 2514/2514/2330
f 2511/2511/2327 2515/2515/2331 2516/2516/2332
f 2517/2517/2333 521/521/491 2518/2518/2334
f 2116/2116/1959 2519/2519/2335 2117/2117/1960
f 2520/2520/2336 2521/2521/2337 2522/2522/2338
f 2520/2520/2336 2523/2523/2339 2524/2524/2340
f 2520/2520/2336 2522/2522/2338 2523/2523/2339
f 2525/2525/2341 2526/2526/2342 2527/2527/2343
f 2525/2525/2341 2528/2528/2344 2529/2529/2345
f 2525/2525/2341 2529/2529/2345 2530/2530/2346
f 2525/2525/2341 1768/1768/1645 2528/2528/2344
f 2525/2525/2341 2530/2530/2346 2526/2526/2342
f 2525/2525/2341 2527/2527/2343 1768/1768/1645
f 357/357/328 2531/2531/2347 358/358/329
f 357/357/328 1318/1318/1232 2532/2532/2348
f 357/357/328 2532/2532/2348 2531/2531/2347
f 361/361/332 2533/2533/2349 362/362/333
f 361/361/332 366/366/337 2534/2534/2350
f 2535/2535/2351 2536/2536/2352 2537/2537/2353
f 361/361/332 2538/2538/2354 2533/2533/2349
f 2539/2539/2355 1786/1786/1663 1788/1788/1665
f 2539/2539/2355 2540/2540/2356 2541/2541/2357
f 2539/2539/2355 2542/2542/2358 1786/1786/1663
f 2539/2539/2355 2541/2541/2357 2542/2542/2358
f 2539/2539/2355 1788/1788/1665 2543/2543/2359
f 2544/2544/2360 2545/2545/2361 2546/2546/2362
f 1116/1116/1043 2547/2547/2363 1117/1117/1044
f 1120/1120/1046 1119/1119/1046 2548/2548/2364
s 0
f 2549/2549/2365 2550/2550/2365 2551/2551/2365
s 1
f 2552/2552/2366 2553/2553/2367 2554/2554/2368
f 2224/2224/2063 2225/2225/2064 2555/2555/2369
f 2556/2556/2370 379/379/349 385/385/355
f 2224/2224/2063 1806/1806/1677 1802/1802/1675
f 2557/2557/2371 1814/1814/1684 1813/1813/1683
f 2558/2558/2372 48/48/44 53/53/49
f 2557/2557/2371 2559/2559/2373 1581/1581/1469
f 2557/2557/2371 1813/1813/1683 2560/2560/2374
f 2557/2557/2371 1581/1581/1469 1814/1814/1684
f 2558/2558/2372 2561/2561/2375 48/48/44
f 59/59/55 2562/2562/2376 60/60/56
f 1816/1816/1686 2563/2563/2377 406/406/376
f 69/69/65 2564/2564/2378 75/75/71
f 2565/2565/2379 1831/1831/1699 1829/1829/1697
f 2566/2566/2380 2567/2567/2381 2568/2568/2382
f 2566/2566/2380 2568/2568/2382 2569/2569/2383
f 2566/2566/2380 1602/1602/1490 2570/2570/2384
f 2566/2566/2380 2570/2570/2384 2571/2571/2385
f 2566/2566/2380 2571/2571/2385 2567/2567/2381
f 2566/2566/2380 2569/2569/2383 1602/1602/1490
f 2572/2572/2386 2573/2573/2387 222/222/199
f 2574/2574/2388 2575/2575/2389 2576/2576/2390
f 2572/2572/2386 2577/2577/2391 2578/2578/2392
f 2572/2572/2386 222/222/199 221/221/198
f 2574/2574/2388 2576/2576/2390 2579/2579/2393
f 2572/2572/2386 2578/2578/2392 2573/2573/2387
f 701/701/655 2580/2580/2394 702/702/656
f 1611/1611/1499 2581/2581/2395 1612/1612/1500
f 1611/1611/1499 1621/1621/1507 2582/2582/2396
f 1623/1623/1509 2583/2583/2397 1624/1624/1510
f 1623/1623/1509 722/722/674 2584/2584/2398
f 2585/2585/2399 2586/2586/2400 2587/2587/2401
f 1623/1623/1509 2588/2588/2402 2583/2583/2397
f 2589/2589/2403 1754/1754/1631 1753/1753/1630
f 2590/2590/2404 2591/2591/2405 451/451/421
s 0
f 2592/2592/2406 2593/2593/2406 2594/2594/2406
s 1
f 2595/2595/2407 448/448/418 2136/2136/1977
s 0
f 2596/2596/2408 2597/2597/2408 2598/2598/2408
f 2599/2599/2409 2600/2600/2409 2601/2601/2409
s 1
f 2602/2602/2410 2603/2603/2410 2604/2604/2411
f 1165/1165/1089 2605/2605/2412 2606/2606/2413
f 2602/2602/2410 2607/2607/2414 2603/2603/2410
f 1165/1165/1089 1164/1164/1088 2605/2605/2412
f 1634/1634/1520 2608/2608/2415 2609/2609/2416
f 1634/1634/1520 2609/2609/2416 898/898/844
f 1634/1634/1520 1637/1637/1523 1920/1920/1781
f 1634/1634/1520 1920/1920/1781 2608/2608/2415
f 2610/2610/2417 2611/2611/2418 1297/1297/1211
f 2610/2610/2417 2612/2612/2419 2611/2611/2418
f 2610/2610/2417 1297/1297/1211 1296/1296/1210
f 2613/2613/2420 2614/2614/2421 2615/2615/2422
f 2610/2610/2417 1296/1296/1210 2616/2616/2423
f 2613/2613/2420 2617/2617/2424 2614/2614/2421
f 157/157/140 2618/2618/2425 158/158/141
f 157/157/140 489/489/459 2618/2618/2425
f 2619/2619/2426 2620/2620/2427 1656/1656/1540
f 2619/2619/2426 2621/2621/2428 2620/2620/2427
f 2619/2619/2426 2622/2622/2429 2621/2621/2428
f 2619/2619/2426 1656/1656/1540 783/783/735
f 2619/2619/2426 783/783/735 2622/2622/2429
f 2623/2623/2430 2624/2624/2431 1955/1955/1812
f 2623/2623/2430 178/178/161 2625/2625/2432
f 2623/2623/2430 1955/1955/1812 178/178/161
f 2623/2623/2430 2625/2625/2432 2624/2624/2431
f 802/802/754 1185/1185/1109 1186/1186/1110
f 802/802/754 1884/1884/1750 1185/1185/1109
f 802/802/754 810/810/762 1884/1884/1750
f 802/802/754 1186/1186/1110 803/803/755
f 2626/2626/2433 2627/2627/2434 2628/2628/2435
f 2629/2629/2436 2630/2630/2437 2631/2631/2438
f 2629/2629/2436 2632/2632/2439 2630/2630/2437
f 2629/2629/2436 2633/2633/2440 2634/2634/2441
f 2629/2629/2436 2634/2634/2441 2632/2632/2439
f 2626/2626/2433 2635/2635/2442 2627/2627/2434
f 2636/2636/2443 2637/2637/2444 537/537/507
f 2636/2636/2443 2638/2638/2445 2637/2637/2444
f 2636/2636/2443 536/536/506 1823/1823/1691
f 2636/2636/2443 2639/2639/2446 2638/2638/2445
f 2636/2636/2443 1823/1823/1691 2639/2639/2446
f 2636/2636/2443 537/537/507 536/536/506
f 1696/1696/1577 1698/1698/1579 543/543/513
f 1696/1696/1577 543/543/513 2640/2640/2447
f 1696/1696/1577 2640/2640/2447 1697/1697/1578
f 2567/2567/2381 416/416/386 420/420/390
f 2567/2567/2381 2571/2571/2385 416/416/386
f 2567/2567/2381 420/420/390 2568/2568/2382
f 2641/2641/2448 2642/2642/2449 2243/2243/2082
f 2643/2643/2450 2644/2644/2451 2645/2645/2452
f 2646/2646/2453 2582/2582/2396 1621/1621/1507
f 2646/2646/2453 437/437/407 439/439/409
f 2646/2646/2453 439/439/409 2582/2582/2396
f 2297/2297/2132 1615/1615/1503 193/193/171
f 714/714/668 1625/1625/1511 249/249/226
f 714/714/668 2647/2647/2454 718/718/672
f 714/714/668 249/249/226 2647/2647/2454
f 2648/2648/2455 2649/2649/2456 1628/1628/1514
f 2648/2648/2455 2650/2650/2457 2505/2505/2321
f 2648/2648/2455 1628/1628/1514 2650/2650/2457
f 2648/2648/2455 2651/2651/2458 2649/2649/2456
f 2648/2648/2455 2505/2505/2321 2651/2651/2458
f 2652/2652/2459 126/126/118 2025/2025/1879
f 2653/2653/2460 2654/2654/2461 2655/2655/2462
f 2653/2653/2460 458/458/428 457/457/427
f 2653/2653/2460 2656/2656/2463 458/458/428
f 2653/2653/2460 457/457/427 2654/2654/2461
f 2653/2653/2460 2657/2657/2464 2656/2656/2463
f 2484/2484/2303 2658/2658/2465 2659/2659/2466
f 2484/2484/2303 2659/2659/2466 1919/1919/1780
f 2484/2484/2303 2487/2487/2306 2660/2660/2467
f 2484/2484/2303 2660/2660/2467 2658/2658/2465
s 0
f 2661/2661/138 2662/2662/138 2489/2489/138
f 2663/2663/138 2664/2664/138 155/155/138
s 1
f 2661/2661/138 1098/1098/1025 2665/2665/138
f 2661/2661/138 2489/2489/138 1098/1098/1025
s 0
f 2666/2666/138 2667/2667/138 2668/2668/138
f 2663/2663/138 155/155/138 2040/2040/138
s 1
f 2669/2669/2468 2670/2670/2469 2671/2671/2470
f 2672/2672/2471 2673/2673/2472 2674/2674/2473
f 2672/2672/2471 2674/2674/2473 2675/2675/2474
f 2669/2669/2468 2676/2676/2475 2677/2677/2476
f 2669/2669/2468 2677/2677/2476 2670/2670/2469
f 2672/2672/2471 2675/2675/2474 2678/2678/2477
f 2679/2679/2478 2680/2680/2479 2681/2681/2480
f 2679/2679/2478 2437/2437/2260 2682/2682/2481
f 2679/2679/2478 1844/1844/1712 2618/2618/2425
f 2679/2679/2478 2618/2618/2425 2437/2437/2260
s 0
f 2683/2683/2482 2684/2684/2482 2685/2685/2482
s 1
f 2679/2679/2478 2681/2681/2480 1844/1844/1712
f 2686/2686/2483 1306/1306/1220 1314/1314/1228
f 2687/2687/2484 2688/2688/2485 1655/1655/1539
f 2686/2686/2483 2689/2689/2486 2690/2690/2487
f 2687/2687/2484 1655/1655/1539 2691/2691/2488
f 2686/2686/2483 2690/2690/2487 1306/1306/1220
f 2687/2687/2484 2692/2692/2489 2688/2688/2485
f 2693/2693/2490 2694/2694/2491 2695/2695/2492
f 1659/1659/1543 2696/2696/2493 2697/2697/2494
f 2693/2693/2490 2698/2698/2495 2694/2694/2491
f 2693/2693/2490 2699/2699/2496 2698/2698/2495
f 1659/1659/1543 2697/2697/2494 1660/1660/1544
f 516/516/486 2700/2700/2497 2701/2701/2498
f 516/516/486 515/515/485 2700/2700/2497
f 2702/2702/2499 1455/1455/1358 1454/1454/1357
f 2703/2703/2500 523/523/493 2704/2704/2501
f 2702/2702/2499 2705/2705/2502 1455/1455/1358
f 2703/2703/2500 524/524/494 523/523/493
f 2702/2702/2499 2706/2706/2503 2705/2705/2502
f 2703/2703/2500 2707/2707/2504 2708/2708/2505
f 2703/2703/2500 2704/2704/2501 2707/2707/2504
f 2709/2709/2506 1867/1867/1735 1461/1461/1364
f 2637/2637/2444 2638/2638/2445 1862/1862/1730
f 2637/2637/2444 1862/1862/1730 1861/1861/1729
f 2709/2709/2506 1461/1461/1364 2710/2710/2507
f 2711/2711/2508 1463/1463/1366 2187/2187/2027
f 2711/2711/2508 540/540/510 2712/2712/2509
f 2711/2711/2508 2713/2713/2510 1463/1463/1366
f 2711/2711/2508 2187/2187/2027 541/541/511
f 2714/2714/2511 1348/1348/1260 1346/1346/1258
f 2711/2711/2508 541/541/511 540/540/510
f 2715/2715/2512 2001/2001/1855 2000/2000/1854
f 2715/2715/2512 2716/2716/2513 2001/2001/1855
f 2717/2717/2514 289/289/266 288/288/265
f 2715/2715/2512 2718/2718/2515 2716/2716/2513
f 2717/2717/2514 288/288/265 2719/2719/2516
f 299/299/275 2720/2720/2517 300/300/276
f 299/299/275 2721/2721/2518 2720/2720/2517
f 2003/2003/1857 2010/2010/1864 2722/2722/2519
f 1491/1491/1390 1493/1493/1392 2723/2723/2520
f 1491/1491/1390 2724/2724/2521 1492/1492/1391
f 1491/1491/1390 2723/2723/2520 2724/2724/2521
f 1733/1733/1614 571/571/538 1734/1734/1615
f 1733/1733/1614 1740/1740/1621 311/311/285
f 2725/2725/2522 2726/2726/2523 2727/2727/2524
f 2725/2725/2522 2728/2728/2525 2726/2726/2523
f 337/337/308 2729/2729/2526 2513/2513/2329
f 337/337/308 2512/2512/2328 1755/1755/1632
f 337/337/308 336/336/307 2729/2729/2526
f 337/337/308 2513/2513/2329 2512/2512/2328
f 194/194/172 197/197/175 2730/2730/2527
f 194/194/172 2731/2731/2528 2298/2298/2133
f 194/194/172 2730/2730/2527 2731/2731/2528
f 2732/2732/2529 2733/2733/2530 2734/2734/2531
f 2312/2312/2147 2311/2311/2146 2735/2735/2532
f 2732/2732/2529 2734/2734/2531 2736/2736/2533
s 0
f 2737/2737/2534 2738/2738/2534 2739/2739/2534
s 1
f 2740/2740/2535 1355/1355/1267 1358/1358/1270
f 2740/2740/2535 2741/2741/2536 2742/2742/2537
f 2740/2740/2535 2742/2742/2537 1355/1355/1267
f 2740/2740/2535 1358/1358/1270 1027/1027/959
f 2740/2740/2535 1027/1027/959 1029/1029/961
f 2740/2740/2535 1029/1029/961 2741/2741/2536
f 2743/2743/2538 2744/2744/2539 2690/2690/2487
f 2745/2745/2540 2691/2691/2488 2746/2746/2541
f 2747/2747/2542 2748/2748/2543 2749/2749/2544
f 2747/2747/2542 2750/2750/2545 2751/2751/2546
f 2743/2743/2538 2690/2690/2487 2689/2689/2486
f 2747/2747/2542 2749/2749/2544 2750/2750/2545
f 2752/2752/2547 2753/2753/2548 2754/2754/2549
f 2755/2755/2550 2756/2756/2551 2757/2757/2552
f 2755/2755/2550 2757/2757/2552 2697/2697/2494
f 2752/2752/2547 2754/2754/2549 2758/2758/2553
f 2755/2755/2550 2759/2759/2554 2756/2756/2551
f 2755/2755/2550 2697/2697/2494 2760/2760/2555
f 2761/2761/2556 2762/2762/2557 1575/1575/1463
f 2761/2761/2556 929/929/867 2762/2762/2557
f 2761/2761/2556 1575/1575/1463 2763/2763/2558
f 2761/2761/2556 2764/2764/2559 929/929/867
f 2761/2761/2556 2763/2763/2558 2764/2764/2559
f 1812/1812/1682 2765/2765/2560 394/394/364
f 1812/1812/1682 2766/2766/2561 2765/2765/2560
f 1812/1812/1682 1584/1584/1472 2766/2766/2561
f 1812/1812/1682 394/394/364 1813/1813/1683
f 2767/2767/2562 2768/2768/2563 2769/2769/2564
s 0
f 2770/2770/2565 2771/2771/2565 2772/2772/2565
s 1
f 2767/2767/2562 2769/2769/2564 1590/1590/1478
f 2767/2767/2562 272/272/249 2773/2773/2566
f 2774/2774/2567 2775/2775/2568 2776/2776/2569
f 2767/2767/2562 1590/1590/1478 272/272/249
f 680/680/634 2777/2777/2570 681/681/635
f 680/680/634 2778/2778/2571 2779/2779/2572
f 680/680/634 2779/2779/2572 2777/2777/2570
f 680/680/634 682/682/636 2778/2778/2571
f 1106/1106/1033 983/983/917 1107/1107/1034
f 1106/1106/1033 984/984/918 983/983/917
f 1106/1106/1033 1837/1837/1705 987/987/921
f 1106/1106/1033 1114/1114/1041 1837/1837/1705
f 1106/1106/1033 987/987/921 984/984/918
f 160/160/143 1846/1846/1714 161/161/144
f 2780/2780/2573 2781/2781/2574 2782/2782/2575
f 2783/2783/2576 1133/1133/1058 1132/1132/1057
f 2780/2780/2573 2621/2621/2428 2622/2622/2429
f 2780/2780/2573 2622/2622/2429 2784/2784/2577
f 2780/2780/2573 2782/2782/2575 2621/2621/2428
f 1140/1140/1065 2785/2785/2578 1141/1141/1066
f 1140/1140/1065 1403/1403/1313 2785/2785/2578
f 1140/1140/1065 2786/2786/2579 2139/2139/1980
f 1140/1140/1065 2787/2787/2580 2786/2786/2579
f 2788/2788/2581 2789/2789/2582 2790/2790/2583
f 2791/2791/2584 2792/2792/2585 2793/2793/2586
f 2788/2788/2581 2794/2794/2587 2789/2789/2582
f 2788/2788/2581 2790/2790/2583 2795/2795/2588
f 2791/2791/2584 2796/2796/2589 2792/2792/2585
f 2788/2788/2581 2795/2795/2588 2797/2797/2590
s 0
f 2798/2798/167 185/185/167 187/187/167
f 2799/2799/167 1522/1522/167 1516/1516/167
f 2798/2798/167 187/187/167 2800/2800/167
f 646/646/167 2801/2801/167 647/647/167
s 1
f 2802/2802/2591 2803/2803/2592 2804/2804/2593
f 2805/2805/2594 1687/1687/1569 2368/2368/2201
f 2805/2805/2594 2367/2367/2200 2806/2806/2595
f 2805/2805/2594 2807/2807/2596 1687/1687/1569
f 2805/2805/2594 2806/2806/2595 2808/2808/2597
f 2805/2805/2594 2368/2368/2201 2367/2367/2200
s 0
f 2809/2809/2598 2810/2810/2598 2811/2811/2598
s 1
f 2812/2812/2599 2813/2813/2600 2814/2814/2600
f 2182/2182/2022 224/224/201 230/230/207
s 0
f 2815/2815/2601 2816/2816/2601 2817/2817/2601
s 1
f 2472/2472/2292 2475/2475/167 2818/2818/2602
f 2472/2472/2292 2819/2819/2603 236/236/213
f 2472/2472/2292 2818/2818/2602 2819/2819/2603
f 2472/2472/2292 236/236/213 235/235/212
f 2042/2042/1892 2043/2043/1893 2820/2820/2604
f 2042/2042/1892 2821/2821/2605 2822/2822/2606
f 2042/2042/1892 2820/2820/2604 2821/2821/2605
f 2042/2042/1892 2822/2822/2606 554/554/524
f 2823/2823/2607 2824/2824/2608 2825/2825/2609
f 2826/2826/2610 2827/2827/2611 2828/2828/2610
f 2826/2826/2610 2828/2828/2610 2829/2829/2612
f 2830/2830/2613 2831/2831/2614 2019/2019/1873
f 2830/2830/2613 2019/2019/1873 2018/2018/1872
f 2823/2823/2607 2825/2825/2609 2832/2832/2615
f 738/738/690 740/740/692 2833/2833/2616
f 738/738/690 2833/2833/2616 1963/1963/1820
f 2658/2658/2465 2834/2834/2617 2835/2835/2618
f 2658/2658/2465 2835/2835/2618 2659/2659/2466
f 2658/2658/2465 468/468/438 2834/2834/2617
f 2658/2658/2465 2660/2660/2467 468/468/438
f 1233/1233/1149 1283/1283/1199 1641/1641/1525
f 1233/1233/1149 278/278/255 1283/1283/1199
f 1233/1233/1149 1641/1641/1525 1234/1234/1150
f 1233/1233/1149 1232/1232/1148 278/278/255
f 1772/1772/1649 1774/1774/1651 2836/2836/2619
f 1772/1772/1649 2837/2837/2620 1773/1773/1650
f 1772/1772/1649 2836/2836/2619 2838/2838/2621
f 1772/1772/1649 2838/2838/2621 2837/2837/2620
f 1353/1353/1265 2839/2839/2622 2840/2840/2623
f 2841/2841/2624 2344/2344/2177 2345/2345/2178
f 1353/1353/1265 1357/1357/1269 2839/2839/2622
f 2841/2841/2624 2842/2842/2625 2344/2344/2177
f 438/438/408 437/437/407 2843/2843/2626
f 438/438/408 2843/2843/2626 2844/2844/2627
f 2845/2845/2628 2846/2846/2629 2847/2847/2630
f 2845/2845/2628 2848/2848/2631 2849/2849/2632
s 0
f 2850/2850/2633 2851/2851/2633 2852/2852/2633
s 1
f 2845/2845/2628 2853/2853/2634 2848/2848/2631
f 2845/2845/2628 2847/2847/2630 2853/2853/2634
f 2845/2845/2628 2849/2849/2632 2854/2854/2635
f 2855/2855/2636 2856/2856/2637 2857/2857/2638
s 0
f 2858/2858/2639 2859/2859/2639 2860/2860/2639
s 1
f 2861/2861/2640 2862/2862/2641 2863/2863/2641
f 2864/2864/2642 2460/2460/2280 2865/2865/2643
f 2866/2866/2644 1864/1864/1732 2867/2867/2645
f 2866/2866/2644 2868/2868/2646 1864/1864/1732
f 2869/2869/2647 1983/1983/1840 1982/1982/1839
f 2870/2870/2648 2871/2871/2649 2872/2872/2650
f 2870/2870/2648 2873/2873/2651 2871/2871/2649
f 2874/2874/2652 2875/2875/2653 1702/1702/1583
f 2876/2876/2654 2877/2877/2655 2878/2878/2656
f 1993/1993/1847 1985/1985/1842 2879/2879/2657
f 1993/1993/1847 2879/2879/2657 2880/2880/2658
f 78/78/74 2881/2881/2659 79/79/75
f 78/78/74 83/83/79 414/414/384
f 78/78/74 418/418/388 2881/2881/2659
f 87/87/83 2882/2882/2660 88/88/84
f 87/87/83 2883/2883/2661 2884/2884/2662
f 87/87/83 2884/2884/2662 2882/2882/2660
f 87/87/83 94/94/90 2883/2883/2661
f 2885/2885/2663 2886/2886/2664 2162/2162/2003
f 2887/2887/2665 102/102/98 98/98/94
f 1726/1726/1607 1729/1729/1610 2888/2888/2666
f 2887/2887/2665 2161/2161/2002 102/102/98
s 0
f 2889/2889/2667 2890/2890/2667 2891/2891/2667
s 1
f 2892/2892/2668 2893/2893/2668 2894/2894/2669
f 2892/2892/2668 2895/2895/2670 2893/2893/2668
f 1316/1316/1230 2896/2896/2671 1317/1317/1231
f 2897/2897/2672 2898/2898/2673 2899/2899/2674
f 2900/2900/2675 2901/2901/2676 2902/2902/2677
f 2900/2900/2675 129/129/121 2901/2901/2676
f 2903/2903/2678 2904/2904/2678 2905/2905/2678
f 2900/2900/2675 130/130/122 129/129/121
f 2900/2900/2675 2906/2906/2679 130/130/122
f 1331/1331/1245 733/733/685 731/731/683
f 1331/1331/1245 731/731/683 1332/1332/1246
f 1345/1345/1257 1347/1347/1259 2038/2038/1889
f 1345/1345/1257 2038/2038/1889 2039/2039/1890
f 1345/1345/1257 2907/2907/2680 1346/1346/1258
f 1345/1345/1257 2039/2039/1890 2907/2907/2680
f 983/983/917 986/986/920 2908/2908/2681
f 983/983/917 2908/2908/2681 1107/1107/1034
f 2547/2547/2363 2909/2909/2682 1117/1117/1044
f 2910/2910/2683 2554/2554/2368 2911/2911/2684
s 0
f 2912/2912/2685 2913/2913/2685 2914/2914/2685
s 1
f 2547/2547/2363 2915/2915/2686 2909/2909/2682
f 2916/2916/2687 2917/2917/2688 2918/2918/2689
f 2919/2919/2690 2920/2920/2691 898/898/844
f 2919/2919/2690 2609/2609/2416 2921/2921/2692
f 2919/2919/2690 898/898/844 2609/2609/2416
f 2919/2919/2690 2921/2921/2692 2922/2922/2693
f 2916/2916/2687 2918/2918/2689 904/904/850
f 2923/2923/2694 2924/2924/2695 2925/2925/2696
f 2926/2926/2697 2615/2615/2422 2614/2614/2421
f 2281/2281/2118 2927/2927/2698 2282/2282/2119
f 2926/2926/2697 2928/2928/2699 2615/2615/2422
f 2929/2929/2700 2930/2930/2701 2510/2510/2326
f 2929/2929/2700 2510/2510/2326 2508/2508/2324
f 2931/2931/2702 2932/2932/2703 2933/2933/2703
f 1440/1440/1347 2934/2934/2704 1441/1441/1348
f 1166/1166/1090 2935/2935/2705 2936/2936/2706
f 1166/1166/1090 1170/1170/1094 2935/2935/2705
f 1166/1166/1090 2937/2937/2707 1167/1167/1091
f 1166/1166/1090 2936/2936/2706 2937/2937/2707
f 2938/2938/2708 1031/1031/963 1034/1034/966
f 2938/2938/2708 2939/2939/2709 1031/1031/963
f 2938/2938/2708 1174/1174/1098 1173/1173/1097
f 2938/2938/2708 2940/2940/2710 2939/2939/2709
f 2938/2938/2708 1034/1034/966 1174/1174/1098
f 2938/2938/2708 1173/1173/1097 2940/2940/2710
f 1181/1181/1105 1185/1185/1109 1887/1887/1753
f 1181/1181/1105 2113/2113/1956 1182/1182/1106
f 1181/1181/1105 1887/1887/1753 2113/2113/1956
f 2941/2941/2711 2942/2942/2712 2943/2943/2713
f 2941/2941/2711 2944/2944/2714 2942/2942/2712
f 2941/2941/2711 2945/2945/2715 2944/2944/2714
f 1890/1890/1756 1893/1893/1759 2946/2946/2716
f 2947/2947/2717 1895/1895/1760 2474/2474/2294
f 2948/2948/2718 2949/2949/2719 2950/2950/2720
f 2951/2951/2721 1788/1788/1665 1789/1789/1666
f 2948/2948/2718 2950/2950/2720 2952/2952/2722
f 2947/2947/2717 2474/2474/2294 2953/2953/2723
f 2947/2947/2717 2954/2954/2724 1895/1895/1760
s 0
f 2955/2955/2725 2956/2956/2725 2957/2957/2725
f 2958/2958/2726 2959/2959/2726 2960/2960/2726
s 1
f 2497/2497/2315 2961/2961/2727 2962/2962/2728
s 0
f 2963/2963/2729 2964/2964/2729 2965/2965/2729
s 1
f 2497/2497/2315 2962/2962/2728 2498/2498/2316
f 1212/1212/1132 2966/2966/2730 1213/1213/1133
f 1212/1212/1132 2967/2967/2731 2966/2966/2730
f 2325/2325/2159 2324/2324/2158 2968/2968/2732
f 2969/2969/2733 1080/1080/1007 2970/2970/2734
f 2969/2969/2733 2970/2970/2734 2971/2971/2735
f 2969/2969/2733 2971/2971/2735 1223/1223/1143
f 2969/2969/2733 1081/1081/1008 1080/1080/1007
f 2969/2969/2733 1223/1223/1143 1081/1081/1008
f 2972/2972/2736 2973/2973/2737 2254/2254/2093
s 0
f 2974/2974/2738 2975/2975/2738 2976/2976/2738
s 1
f 2977/2977/2739 2978/2978/2740 2979/2979/2741
f 2980/2980/2742 2981/2981/2743 2982/2982/2744
f 2980/2980/2742 2982/2982/2744 2983/2983/2745
f 2972/2972/2736 2254/2254/2093 2984/2984/2746
f 2977/2977/2739 2979/2979/2741 2985/2985/2747
f 2986/2986/2748 2987/2987/2749 1835/1835/1703
f 2986/2986/2748 2988/2988/2750 2340/2340/2173
f 2986/2986/2748 1835/1835/1703 1834/1834/1702
f 2986/2986/2748 2989/2989/2751 2987/2987/2749
f 2986/2986/2748 2340/2340/2173 2989/2989/2751
f 2986/2986/2748 1834/1834/1702 2988/2988/2750
f 2189/2189/2029 2990/2990/2752 843/843/795
f 2189/2189/2029 1238/1238/1154 2990/2990/2752
f 2189/2189/2029 843/843/795 842/842/794
f 1244/1244/1160 2270/2270/2109 1245/1245/1161
f 1244/1244/1160 2197/2197/2037 2270/2270/2109
f 1684/1684/1566 371/371/342 2991/2991/2753
f 1684/1684/1566 1561/1561/1449 371/371/342
f 1684/1684/1566 1683/1683/1565 1561/1561/1449
f 1678/1678/1560 2992/2992/2754 1679/1679/1561
f 2993/2993/2755 2994/2994/2756 2995/2995/2757
f 2996/2996/2758 1566/1566/1454 2997/2997/2759
f 2996/2996/2758 1567/1567/1455 1566/1566/1454
f 2993/2993/2755 2998/2998/2760 2994/2994/2756
f 2999/2999/2761 3000/3000/2762 3001/3001/2763
s 0
f 3002/3002/2764 3003/3003/2764 3004/3004/2764
s 1
f 3005/3005/2765 3006/3006/2766 3007/3007/2767
s 0
f 3008/3008/2768 3009/3009/2769 3010/3010/2769
f 3011/3011/2770 3012/3012/2770 3013/3013/2770
s 1
f 3014/3014/2771 1967/1967/1824 3015/3015/2772
f 3016/3016/2773 3017/3017/2774 2099/2099/1946
f 3014/3014/2771 3018/3018/2775 1967/1967/1824
f 3014/3014/2771 2097/2097/1944 892/892/838
f 3014/3014/2771 892/892/838 3018/3018/2775
f 3016/3016/2773 3019/3019/2776 3017/3017/2774
f 3020/3020/2777 3021/3021/2778 3022/3022/2779
f 3023/3023/2780 2222/2222/2061 1275/1275/1191
f 3020/3020/2777 3022/3022/2779 2221/2221/2060
f 3020/3020/2777 3024/3024/2781 3021/3021/2778
f 3023/3023/2780 1275/1275/1191 2918/2918/2689
f 3023/3023/2780 2918/2918/2689 3025/3025/2782
f 3026/3026/2783 3027/3027/2784 315/315/289
f 3026/3026/2783 3028/3028/2785 3027/3027/2784
f 3029/3029/2786 311/311/285 1740/1740/1621
f 3026/3026/2783 315/315/289 314/314/288
f 3026/3026/2783 3030/3030/2787 3028/3028/2785
f 3029/3029/2786 1740/1740/1621 1739/1739/1620
f 3031/3031/2788 926/926/864 934/934/872
f 3031/3031/2788 3032/3032/2789 3033/3033/2790
f 1705/1705/1586 1714/1714/1595 1998/1998/1852
f 3031/3031/2788 934/934/872 3032/3032/2789
f 2006/2006/1860 938/938/876 2233/2233/2072
f 2006/2006/1860 939/939/877 938/938/876
f 3034/3034/2791 1501/1501/1400 3035/3035/2792
f 3034/3034/2791 1502/1502/1401 1501/1501/1400
f 3036/3036/2793 3037/3037/2794 954/954/892
f 3034/3034/2791 3038/3038/2795 3039/3039/2796
f 3034/3034/2791 3040/3040/2797 1502/1502/1401
f 3034/3034/2791 3039/3039/2796 3040/3040/2797
f 958/958/896 961/961/899 2246/2246/2085
f 1320/1320/1234 3041/3041/2798 1321/1321/1235
f 1320/1320/1234 3042/3042/2799 3041/3041/2798
f 1328/1328/1242 1327/1327/1241 3043/3043/2800
f 3044/3044/2801 2253/2253/2092 3045/3045/2802
f 3044/3044/2801 2984/2984/2746 2253/2253/2092
f 3044/3044/2801 3046/3046/2803 2984/2984/2746
f 973/973/907 972/972/906 3047/3047/2804
f 612/612/571 3048/3048/2805 1351/1351/1263
f 612/612/571 1351/1351/1263 613/613/572
f 612/612/571 617/617/576 3048/3048/2805
f 1931/1931/1791 1934/1934/1794 3049/3049/2806
f 219/219/196 218/218/196 3050/3050/2807
f 3051/3051/2808 3052/3052/2809 3053/3053/2809
f 3054/3054/2810 3055/3055/2811 3056/3056/2812
f 3057/3057/2813 3058/3058/2814 3059/3059/2815
f 3060/3060/2816 2458/2458/2278 2457/2457/2278
f 3061/3061/2817 3062/3062/2818 3063/3063/2819
f 3064/3064/2820 3065/3065/2821 3066/3066/2822
f 3061/3061/2817 3063/3063/2819 3067/3067/2823
f 3064/3064/2820 3066/3066/2822 3068/3068/2824
f 3069/3069/2825 2125/2125/1968 3070/3070/2826
f 2135/2135/1976 3071/3071/2827 733/733/685
f 2137/2137/1978 447/447/417 3072/3072/2828
f 3073/3073/2829 3074/3074/2830 3075/3075/2831
f 3073/3073/2829 3076/3076/2832 3074/3074/2830
f 740/740/692 1384/1384/1294 2833/2833/2616
f 740/740/692 741/741/693 3077/3077/2833
f 740/740/692 3077/3077/2833 1384/1384/1294
f 2329/2329/2163 3078/3078/2834 2330/2330/2164
f 460/460/430 3079/3079/2835 461/461/431
f 3080/3080/2836 3081/3081/2837 1146/1146/1071
f 3080/3080/2836 2924/2924/2695 3081/3081/2837
f 3080/3080/2836 2925/2925/2696 2924/2924/2695
f 3082/3082/2838 470/470/440 3083/3083/2839
f 3082/3082/2838 3083/3083/2839 3084/3084/2840
f 3080/3080/2836 1146/1146/1071 474/474/444
f 3085/3085/2841 765/765/717 770/770/722
f 3086/3086/2842 3087/3087/2843 3088/3088/2844
f 3085/3085/2841 2377/2377/2210 3089/3089/2845
f 3086/3086/2842 3088/3088/2844 1073/1073/1000
f 3085/3085/2841 3090/3090/2846 765/765/717
f 3085/3085/2841 770/770/722 2377/2377/2210
f 1078/1078/1005 3091/3091/2847 3092/3092/2848
f 3093/3093/2849 777/777/729 780/780/732
f 1078/1078/1005 3092/3092/2848 1079/1079/1006
f 3093/3093/2849 780/780/732 3094/3094/2850
f 1653/1653/1537 2688/2688/2485 497/497/467
f 1653/1653/1537 1655/1655/1539 2688/2688/2485
f 1653/1653/1537 497/497/467 786/786/738
f 1653/1653/1537 786/786/738 785/785/737
f 3095/3095/2851 3096/3096/2852 1664/1664/1548
f 3097/3097/2853 3098/3098/2854 3099/3099/2855
f 3097/3097/2853 3100/3100/2856 3101/3101/2857
f 3097/3097/2853 3101/3101/2857 3098/3098/2854
f 3097/3097/2853 3099/3099/2855 3102/3102/2858
f 3097/3097/2853 3103/3103/2859 3100/3100/2856
f 3097/3097/2853 3102/3102/2858 3103/3103/2859
f 887/887/833 3104/3104/2860 3105/3105/2861
f 887/887/833 3106/3106/2862 2095/2095/1942
f 887/887/833 3105/3105/2861 888/888/834
f 887/887/833 2095/2095/1942 3104/3104/2860
f 3107/3107/2863 826/826/778 823/823/775
f 1168/1168/1092 3108/3108/2864 1169/1169/1093
f 1168/1168/1092 1358/1358/1270 3109/3109/2865
f 1168/1168/1092 1027/1027/959 1358/1358/1270
f 830/830/782 3110/3110/2866 831/831/783
f 830/830/782 1177/1177/1101 3110/3110/2866
f 830/830/782 2186/2186/2026 1177/1177/1101
f 3111/3111/2867 3112/3112/2868 1293/1293/1207
f 3111/3111/2867 285/285/262 551/551/521
f 3111/3111/2867 1293/1293/1207 1286/1286/1202
f 3111/3111/2867 1286/1286/1202 285/285/262
f 3111/3111/2867 550/550/520 3112/3112/2868
f 3111/3111/2867 551/551/521 550/550/520
f 3113/3113/2869 3114/3114/2870 3115/3115/2871
f 3113/3113/2869 1300/1300/1214 3114/3114/2870
f 3113/3113/2869 1301/1301/1215 1300/1300/1214
f 3113/3113/2869 3116/3116/2872 1301/1301/1215
f 3117/3117/2873 2011/2011/1865 3118/3118/2874
f 3119/3119/2875 3120/3120/2876 3121/3121/2877
f 3119/3119/2875 3122/3122/2878 3120/3120/2876
f 3117/3117/2873 1489/1489/1388 2011/2011/1865
f 3117/3117/2873 3118/3118/2874 3123/3123/2879
f 3119/3119/2875 3121/3121/2877 1496/1496/1395
f 3124/3124/2880 3125/3125/2881 3126/3126/2882
f 1498/1498/1397 1505/1505/1404 3127/3127/2883
f 1498/1498/1397 3128/3128/2884 1499/1499/1398
f 2248/2248/2087 1507/1507/1406 1512/1512/1411
f 2248/2248/2087 267/267/244 586/586/553
f 2248/2248/2087 3129/3129/2885 1507/1507/1406
f 2248/2248/2087 1512/1512/1411 267/267/244
f 3130/3130/2886 3131/3131/2887 3132/3132/2888
f 3130/3130/2886 3133/3133/2889 3134/3134/2890
f 3130/3130/2886 3132/3132/2888 3133/3133/2889
f 3130/3130/2886 3135/3135/2891 3136/3136/2892
f 3130/3130/2886 3136/3136/2892 3137/3137/2893
f 3130/3130/2886 3137/3137/2893 3131/3131/2887
f 3130/3130/2886 3134/3134/2890 3135/3135/2891
f 3138/3138/2894 3139/3139/2895 1946/1946/1805
f 3138/3138/2894 1945/1945/1804 3140/3140/2896
f 3138/3138/2894 1946/1946/1805 1945/1945/1804
f 3138/3138/2894 3140/3140/2896 3141/3141/2897
f 3142/3142/2898 2069/2069/1918 3143/3143/2899
f 3142/3142/2898 2076/2076/1925 2069/2069/1918
f 3144/3144/2900 3145/3145/2901 3146/3146/2902
f 3147/3147/2903 819/819/771 813/813/765
f 3147/3147/2903 813/813/765 1782/1782/1659
f 3144/3144/2900 3146/3146/2902 3148/3148/2904
f 3149/3149/2905 1786/1786/1663 2542/2542/2358
f 3149/3149/2905 370/370/341 369/369/340
f 1253/1253/1169 1255/1255/1171 3150/3150/2906
f 3149/3149/2905 369/369/340 1786/1786/1663
f 3149/3149/2905 3151/3151/2907 370/370/341
f 1259/1259/1175 1263/1263/1179 1791/1791/1668
f 1259/1259/1175 1799/1799/1672 3152/3152/2908
f 3153/3153/2909 3154/3154/2910 3155/3155/2911
f 3156/3156/2912 3157/3157/2913 3158/3158/2914
f 3159/3159/2915 3160/3160/2916 3161/3161/2917
f 3162/3162/2918 1588/1588/1476 2103/2103/1950
f 3162/3162/2918 3163/3163/2919 3164/3164/2920
f 3162/3162/2918 3164/3164/2920 2795/2795/2588
f 3162/3162/2918 2103/2103/1950 3163/3163/2919
f 3162/3162/2918 2790/2790/2583 2443/2443/2266
f 3162/3162/2918 2443/2443/2266 1588/1588/1476
f 3162/3162/2918 2795/2795/2588 2790/2790/2583
f 147/147/138 3165/3165/2921 148/148/138
f 147/147/138 150/150/138 1593/1593/1481
f 147/147/138 1840/1840/1708 3165/3165/2921
f 147/147/138 1593/1593/1481 1840/1840/1708
f 3166/3166/2922 3167/3167/2923 2492/2492/2310
f 3166/3166/2922 3168/3168/2924 3169/3169/2925
f 3166/3166/2922 2491/2491/2309 3168/3168/2924
f 3166/3166/2922 2492/2492/2310 2491/2491/2309
f 3166/3166/2922 291/291/268 3167/3167/2923
f 3166/3166/2922 3169/3169/2925 291/291/268
f 424/424/394 3170/3170/2926 2195/2195/2035
f 424/424/394 2195/2195/2035 425/425/395
f 900/900/846 904/904/850 1275/1275/1191
f 900/900/846 1276/1276/1192 901/901/847
s 0
f 3171/3171/2927 3172/3172/2927 3173/3173/2927
s 1
f 2670/2670/2469 2677/2677/2476 3174/3174/2928
f 2670/2670/2469 3175/3175/2929 2671/2671/2470
f 3176/3176/2930 514/514/484 3177/3177/2931
f 3178/3178/2932 3179/3179/2933 3180/3180/2934
f 3176/3176/2930 3181/3181/2935 3182/3182/2936
f 3178/3178/2932 513/513/483 512/512/482
f 3176/3176/2930 3177/3177/2931 3181/3181/2935
f 3178/3178/2932 3180/3180/2934 513/513/483
f 3183/3183/2937 3184/3184/2938 3185/3185/2939
f 3183/3183/2937 3185/3185/2939 3186/3186/2940
f 3187/3187/2941 2516/2516/2332 2515/2515/2331
f 3183/3183/2937 3188/3188/2942 3184/3184/2938
f 3187/3187/2941 3189/3189/2943 3134/3134/2890
f 3187/3187/2941 3134/3134/2890 2516/2516/2332
f 3190/3190/2944 3191/3191/2945 3192/3192/2946
f 3143/3143/2899 3193/3193/2947 3194/3194/2948
s 0
f 3195/3195/2949 3196/3196/2949 3197/3197/2949
s 1
f 3143/3143/2899 2069/2069/1918 3193/3193/2947
f 3198/3198/2950 142/142/134 3199/3199/2951
f 3198/3198/2950 3199/3199/2951 2529/2529/2345
f 3198/3198/2950 3200/3200/2952 3201/3201/2953
f 3198/3198/2950 2529/2529/2345 3200/3200/2952
f 3198/3198/2950 3201/3201/2953 142/142/134
f 3145/3145/2901 2630/2630/2437 3146/3146/2902
f 3145/3145/2901 3202/3202/2954 2630/2630/2437
f 1780/1780/1657 364/364/335 3203/3203/2955
s 0
f 3204/3204/2956 3205/3205/2956 3206/3206/2956
f 3207/3207/2957 3208/3208/2957 3209/3209/2957
s 1
f 2225/2225/2064 2231/2231/2070 2764/2764/2559
f 2225/2225/2064 2764/2764/2559 2763/2763/2558
f 2225/2225/2064 2763/2763/2558 2555/2555/2369
f 1817/1817/1687 1818/1818/1688 3210/3210/2958
f 2562/2562/2376 3211/3211/2959 60/60/56
f 1817/1817/1687 3210/3210/2958 3212/3212/2960
f 1825/1825/1693 3213/3213/2961 3214/3214/2962
f 1825/1825/1693 3215/3215/2963 1826/1826/1694
f 1825/1825/1693 3214/3214/2962 3215/3215/2963
f 1825/1825/1693 1832/1832/1700 3213/3213/2961
f 1599/1599/1487 1602/1602/1490 2569/2569/2383
f 3216/3216/2964 1546/1546/1434 840/840/792
f 1599/1599/1487 2569/2569/2383 3217/3217/2965
f 1599/1599/1487 3217/3217/2965 3218/3218/2966
f 3219/3219/2967 3220/3220/2968 2577/2577/2391
f 3219/3219/2967 2577/2577/2391 2645/2645/2452
f 3219/3219/2967 2645/2645/2452 2644/2644/2451
f 3221/3221/2969 3222/3222/2970 3223/3223/2971
f 3221/3221/2969 3224/3224/2972 3222/3222/2970
f 3221/3221/2969 3225/3225/2973 3224/3224/2972
f 3226/3226/2974 3227/3227/2975 3228/3228/2976
f 3229/3229/2977 3230/3230/2978 3231/3231/2979
f 3226/3226/2974 711/711/665 710/710/664
f 3229/3229/2977 3231/3231/2979 3232/3232/2980
f 3226/3226/2974 710/710/664 3227/3227/2975
f 3229/3229/2977 3232/3232/2980 705/705/659
f 441/441/411 1625/1625/1511 1624/1624/1510
f 441/441/411 3233/3233/2981 442/442/412
f 441/441/411 248/248/225 1625/1625/1511
f 441/441/411 1624/1624/1510 3233/3233/2981
f 1334/1334/1248 3234/3234/2982 2136/2136/1977
f 1341/1341/1253 1340/1340/1252 3235/3235/2983
f 1631/1631/1517 3017/3017/2774 1632/1632/1518
f 1631/1631/1517 458/458/428 2656/2656/2463
f 1631/1631/1517 2656/2656/2463 2100/2100/1947
f 1631/1631/1517 2100/2100/1947 3017/3017/2774
f 2917/2917/2688 3025/3025/2782 2918/2918/2689
f 3236/3236/2984 3079/3079/2835 3024/3024/2781
f 3236/3236/2984 461/461/431 3079/3079/2835
f 2922/2922/2693 2921/2921/2692 464/464/434
f 3237/3237/2985 2283/2283/2120 3238/3238/2986
f 3237/3237/2985 2284/2284/2121 2283/2283/2120
f 3081/3081/2837 3239/3239/2987 1144/1144/1069
f 3081/3081/2837 1144/1144/1069 1146/1146/1071
f 1996/1996/1850 3240/3240/2988 3241/3241/2989
f 1996/1996/1850 3241/3241/2989 1997/1997/1851
f 3242/3242/2990 3243/3243/2991 1649/1649/1533
f 3242/3242/2990 1122/1122/1048 1127/1127/1053
f 3242/3242/2990 1127/1127/1053 3243/3243/2991
f 3242/3242/2990 164/164/147 166/166/149
f 3242/3242/2990 1649/1649/1533 164/164/147
f 3242/3242/2990 166/166/149 1122/1122/1048
f 1654/1654/1538 2691/2691/2488 1655/1655/1539
f 1654/1654/1538 2746/2746/2541 2691/2691/2488
f 1654/1654/1538 1657/1657/1541 2746/2746/2541
f 3244/3244/2992 1660/1660/1544 3245/3245/2993
f 3244/3244/2992 3245/3245/2993 3246/3246/2994
f 2700/2700/2497 515/515/485 1672/1672/1554
f 2700/2700/2497 1672/1672/1554 3247/3247/2995
f 2700/2700/2497 3247/3247/2995 2701/2701/2498
f 3248/3248/2996 3249/3249/2997 3250/3250/2998
f 3248/3248/2996 3250/3250/2998 3251/3251/2999
f 3248/3248/2996 3251/3251/2999 3252/3252/3000
f 2627/2627/2434 2635/2635/2442 3253/3253/3001
f 3254/3254/3002 3255/3255/3003 3256/3256/3004
f 3257/3257/3005 1689/1689/1571 1691/1691/1573
f 3258/3258/3006 3259/3259/3006 3260/3260/3007
f 3254/3254/3002 3261/3261/3008 3255/3255/3003
f 3257/3257/3005 3262/3262/3009 1689/1689/1571
f 3258/3258/3006 3263/3263/3010 3259/3259/3006
f 409/409/379 411/411/381 3264/3264/3011
f 3213/3213/2961 3265/3265/3012 3214/3214/2962
f 1933/1933/1793 1935/1935/1795 3266/3266/3013
f 1933/1933/1793 2735/2735/2532 2311/2311/2146
f 1933/1933/1793 2311/2311/2146 1934/1934/1794
f 1933/1933/1793 3266/3266/3013 2735/2735/2532
f 3267/3267/3014 3268/3268/3015 3269/3269/3015
f 3270/3270/3016 3271/3271/3017 3272/3272/3018
f 3270/3270/3016 3272/3272/3018 3273/3273/3019
f 3274/3274/3020 2620/2620/2427 2621/2621/2428
s 0
f 3275/3275/3021 3276/3276/3021 3277/3277/3021
s 1
f 1942/1942/1801 3278/3278/3022 1943/1943/1802
f 1953/1953/1810 3279/3279/3023 1954/1954/1811
f 1953/1953/1810 3280/3280/3024 3279/3279/3023
f 1953/1953/1810 1955/1955/1812 3281/3281/3025
f 1953/1953/1810 3281/3281/3025 3280/3280/3024
f 38/38/34 3282/3282/3026 3283/3283/3027
f 38/38/34 37/37/33 3282/3282/3026
s 0
f 3284/3284/3028 3285/3285/3028 3286/3286/3028
s 1
f 1965/1965/1822 2217/2217/2056 1966/1966/1823
f 1965/1965/1822 1967/1967/1824 3018/3018/2775
f 1965/1965/1822 3287/3287/3029 2217/2217/2056
f 1965/1965/1822 3018/3018/2775 3287/3287/3029
f 3021/3021/2778 3024/3024/2781 3288/3288/3030
f 400/400/370 2337/2337/2170 401/401/371
f 3289/3289/3031 412/412/382 408/408/378
f 3027/3027/2784 1280/1280/1196 315/315/289
f 3289/3289/3031 3290/3290/3032 3291/3291/3033
f 3289/3289/3031 3291/3291/3033 412/412/382
f 3292/3292/3034 3293/3293/3035 3087/3087/2843
f 2376/2376/2209 3089/3089/2845 2377/2377/2210
f 2376/2376/2209 85/85/81 82/82/78
f 2376/2376/2209 82/82/78 3294/3294/3036
f 1582/1582/1470 1585/1585/1473 3295/3295/3037
f 90/90/86 3296/3296/3038 91/91/87
f 727/727/679 3297/3297/3039 728/728/680
f 727/727/679 735/735/687 3298/3298/3040
f 727/727/679 3299/3299/3041 3297/3297/3039
f 727/727/679 3298/3298/3040 3299/3299/3041
f 3300/3300/3042 3301/3301/3043 3302/3302/3044
f 1629/1629/1515 1628/1628/1514 2649/2649/2456
s 0
f 3303/3303/3045 3304/3304/3045 3305/3305/3045
s 1
f 3300/3300/3042 3302/3302/3044 3306/3306/3046
f 2024/2024/1878 3307/3307/3047 2025/2025/1879
f 2102/2102/1949 2100/2100/1947 2656/2656/2463
f 2423/2423/2246 2425/2425/2248 3308/3308/3048
f 2423/2423/2246 2519/2519/2335 3309/3309/3049
f 2423/2423/2246 3309/3309/3049 2424/2424/2247
f 2423/2423/2246 3308/3308/3048 2519/2519/2335
f 3310/3310/3050 3199/3199/2951 2034/2034/1885
f 3310/3310/3050 2034/2034/1885 2429/2429/2252
f 3310/3310/3050 2529/2529/2345 3199/3199/2951
f 3310/3310/3050 2530/2530/2346 2529/2529/2345
f 3310/3310/3050 2429/2429/2252 3311/3311/3051
f 3310/3310/3050 3311/3311/3051 2530/2530/2346
f 479/479/449 3312/3312/3052 480/480/450
f 479/479/449 1838/1838/1706 3313/3313/3053
f 479/479/449 3313/3313/3053 3312/3312/3052
f 479/479/449 478/478/448 1838/1838/1706
f 158/158/141 2618/2618/2425 1844/1844/1712
f 1306/1306/1220 2121/2121/1964 1052/1052/982
f 1306/1306/1220 2690/2690/2487 2121/2121/1964
f 2440/2440/2263 3314/3314/3054 3315/3315/3055
f 2440/2440/2263 3315/3315/3055 22/22/18
f 3316/3316/3056 3317/3317/3057 176/176/159
f 1858/1858/1726 3318/3318/3058 3319/3319/3059
f 1858/1858/1726 2443/2443/2266 3318/3318/3058
f 2294/2294/2129 2446/2446/2269 3320/3320/3060
f 2294/2294/2129 3320/3320/3060 1018/1018/950
f 2294/2294/2129 1018/1018/950 1019/1019/951
f 2294/2294/2129 2296/2296/2131 2446/2446/2269
f 3058/3058/2814 3321/3321/3061 3059/3059/2815
f 3322/3322/3062 3323/3323/3063 3324/3324/3064
s 0
f 3325/3325/3065 3326/3326/3065 3327/3327/3065
s 1
f 3058/3058/2814 3328/3328/3066 3321/3321/3061
f 3329/3329/3067 2936/2936/2706 2935/2935/2705
f 3330/3330/3068 3331/3331/3069 1033/1033/965
f 3330/3330/3068 200/200/178 3331/3331/3069
f 1378/1378/1288 207/207/185 206/206/184
f 3330/3330/3068 1033/1033/965 3332/3332/3070
f 3333/3333/3071 3334/3334/3072 1037/1037/969
f 3335/3335/3073 3336/3336/3074 417/417/387
f 3335/3335/3073 417/417/387 3337/3337/3075
f 3333/3333/3071 3338/3338/3076 3339/3339/3077
f 3333/3333/3071 1882/1882/1748 3338/3338/3076
f 3340/3340/3078 3341/3341/3079 3342/3342/3080
f 3340/3340/3078 3343/3343/3081 3341/3341/3079
f 3340/3340/3078 3344/3344/3082 3343/3343/3081
f 3340/3340/3078 3342/3342/3080 3345/3345/3083
f 1895/1895/1760 1898/1898/1761 2474/2474/2294
f 3346/3346/167 1789/1789/1666 1900/1900/167
f 244/244/221 1903/1903/1764 1902/1902/1763
f 245/245/222 3347/3347/3084 246/246/223
f 3348/3348/3085 1073/1073/1000 1075/1075/1002
f 765/765/717 3349/3349/3086 766/766/718
f 2486/2486/2305 1509/1509/1408 1511/1511/1410
f 2486/2486/2305 1094/1094/1021 1093/1093/1020
f 2486/2486/2305 1511/1511/1410 1094/1094/1021
f 2486/2486/2305 1923/1923/1784 1509/1509/1408
f 2662/2662/138 280/280/257 2489/2489/138
f 2040/2040/138 155/155/138 2041/2041/1891
f 2990/2990/2752 1237/1237/1153 3350/3350/3087
f 2990/2990/2752 1238/1238/1154 1237/1237/1153
f 2990/2990/2752 3350/3350/3087 843/843/795
f 847/847/799 2344/2344/2177 3351/3351/3088
f 3352/3352/3089 3353/3353/3090 3354/3354/3091
f 3352/3352/3089 3355/3355/3092 3356/3356/3093
f 3352/3352/3089 3356/3356/3093 3353/3353/3090
f 3357/3357/3094 1759/1759/1636 864/864/814
f 3358/3358/3095 2298/2298/2133 2731/2731/2528
f 3359/3359/3096 2844/2844/2627 2843/2843/2626
f 3357/3357/3094 3360/3360/3097 1759/1759/1636
f 3359/3359/3096 861/861/811 2844/2844/2627
f 866/866/816 1791/1791/1668 1263/1263/1179
f 866/866/816 1263/1263/1179 867/867/817
f 3361/3361/3098 2219/2219/2058 894/894/840
f 3361/3361/3098 3161/3161/2917 3362/3362/3099
f 3361/3361/3098 893/893/839 3363/3363/3100
f 3361/3361/3098 894/894/840 893/893/839
f 3361/3361/3098 3362/3362/3099 2219/2219/2058
f 3361/3361/3098 3363/3363/3100 3161/3161/2917
f 3364/3364/3101 3365/3365/3102 901/901/847
f 3364/3364/3101 674/674/628 675/675/629
f 3364/3364/3101 901/901/847 1276/1276/1192
f 3364/3364/3101 1276/1276/1192 674/674/628
f 3364/3364/3101 3366/3366/3103 3365/3365/3102
f 3364/3364/3101 675/675/629 3366/3366/3103
f 3367/3367/3104 1295/1295/1209 3368/3368/3105
f 3367/3367/3104 1296/1296/1210 1295/1295/1209
s 0
f 3369/3369/3106 3370/3370/3106 3371/3371/3106
s 1
f 1811/1811/1681 1810/1810/1681 3372/3372/3107
f 3373/3373/3108 2434/2434/2257 2233/2233/2072
f 3373/3373/3108 938/938/876 941/941/879
f 3373/3373/3108 1303/1303/1217 3374/3374/3109
f 3373/3373/3108 941/941/879 1303/1303/1217
f 3373/3373/3108 2233/2233/2072 938/938/876
f 3373/3373/3108 3374/3374/3109 2434/2434/2257
f 3375/3375/3110 494/494/464 2692/2692/2489
f 1308/1308/1222 499/499/469 3376/3376/3111
f 2239/2239/2078 3377/3377/3112 1315/1315/1229
f 2239/2239/2078 3378/3378/3113 1606/1606/1494
s 0
f 3379/3379/3114 3380/3380/3114 3381/3381/3114
s 1
f 2239/2239/2078 1315/1315/1229 3378/3378/3113
f 514/514/484 510/510/480 3382/3382/3115
f 514/514/484 3382/3382/3115 3177/3177/2931
f 3041/3041/2798 3042/3042/2799 3230/3230/2978
f 3184/3184/2938 3188/3188/2942 3383/3383/3116
f 2252/2252/2091 2973/2973/2737 3384/3384/3117
f 2252/2252/2091 2254/2254/2093 2973/2973/2737
f 2252/2252/2091 3384/3384/3117 2075/2075/1924
f 1347/1347/1259 978/978/912 2038/2038/1889
f 1347/1347/1259 3048/3048/2805 978/978/912
f 1347/1347/1259 1351/1351/1263 3048/3048/2805
f 3385/3385/3118 2716/2716/2513 2718/2718/2515
f 3386/3386/3119 986/986/920 3387/3387/3120
f 3385/3385/3118 3388/3388/3121 3389/3389/3122
f 3386/3386/3119 2908/2908/2681 986/986/920
f 3386/3386/3119 3390/3390/3123 2908/2908/2681
f 3385/3385/3118 3389/3389/3122 2716/2716/2513
f 2909/2909/2682 2915/2915/2686 3391/3391/3124
f 3243/3243/2991 1651/1651/1535 1649/1649/1533
f 3392/3392/3125 2278/2278/2115 1134/1134/1059
f 782/782/734 2784/2784/2577 2622/2622/2429
f 3392/3392/3125 1134/1134/1059 1133/1133/1058
f 782/782/734 2622/2622/2429 783/783/735
f 1002/1002/934 3393/3393/3126 1003/1003/935
f 1002/1002/934 1004/1004/936 3394/3394/3127
f 1002/1002/934 3395/3395/3128 3393/3393/3126
f 1002/1002/934 3394/3394/3127 3395/3395/3128
f 3396/3396/3129 3397/3397/3130 3398/3398/3130
f 533/533/503 3399/3399/3131 534/534/504
f 3007/3007/2767 3006/3006/2766 3400/3400/3132
f 2065/2065/1914 2295/2295/2130 1015/1015/947
f 2065/2065/1914 2064/2064/1913 2295/2295/2130
f 2065/2065/1914 1157/1157/1081 3401/3401/3133
f 2065/2065/1914 1015/1015/947 1157/1157/1081
f 3402/3402/3134 3403/3403/3135 3404/3404/3136
f 3402/3402/3134 3405/3405/3137 3406/3406/3138
f 3407/3407/3139 1612/1612/1500 2581/2581/2395
f 3402/3402/3134 3404/3404/3136 3405/3405/3137
f 3331/3331/3069 2302/2302/2137 1174/1174/1098
f 3331/3331/3069 200/200/178 2302/2302/2137
f 3331/3331/3069 1174/1174/1098 1034/1034/966
f 3331/3331/3069 1034/1034/966 1033/1033/965
f 1183/1183/1107 3408/3408/3140 1184/1184/1108
f 1183/1183/1107 2112/2112/1955 3409/3409/3141
f 1183/1183/1107 1182/1182/1106 2112/2112/1955
f 1183/1183/1107 3409/3409/3141 3408/3408/3140
f 3410/3410/3142 2942/2942/2712 2944/2944/2714
f 3410/3410/3142 2944/2944/2714 3411/3411/3143
f 1042/1042/974 3412/3412/3144 1043/1043/975
f 3413/3413/3145 3414/3414/3146 3415/3415/3147
f 3416/3416/3148 3417/3417/3149 3418/3418/3150
f 3416/3416/3148 2968/2968/2732 3417/3417/3149
f 2966/2966/2730 3419/3419/3151 1213/1213/1133
f 2966/2966/2730 3420/3420/3152 3419/3419/3151
f 1220/1220/1140 3421/3421/3153 2326/2326/2160
f 1220/1220/1140 1222/1222/1142 3422/3422/3154
f 1220/1220/1140 3422/3422/3154 3421/3421/3153
f 1092/1092/1019 1091/1091/1018 3423/3423/3155
f 1092/1092/1019 3424/3424/3156 3425/3425/3157
f 1092/1092/1019 3423/3423/3155 3424/3424/3156
f 1085/1085/1012 3426/3426/3158 1086/1086/1013
f 2338/2338/2171 2988/2988/2750 3427/3427/3159
f 2338/2338/2171 3427/3427/3159 2339/2339/2172
f 2338/2338/2171 2340/2340/2173 2988/2988/2750
f 3428/3428/3160 3429/3429/3161 3430/3430/3162
f 3428/3428/3160 2493/2493/2311 3431/3431/3163
f 3428/3428/3160 3430/3430/3162 3169/3169/2925
f 3428/3428/3160 3169/3169/2925 2493/2493/2311
f 1484/1484/1383 3432/3432/3164 1901/1901/1762
f 1484/1484/1383 1486/1486/1385 3432/3432/3164
f 1493/1493/1392 2872/2872/2650 2871/2871/2649
f 1493/1493/1392 1496/1496/1395 3121/3121/2877
f 1493/1493/1392 2871/2871/2649 2723/2723/2520
f 1493/1493/1392 3121/3121/2877 2872/2872/2650
f 3433/3433/3165 313/313/287 312/312/286
f 3433/3433/3165 312/312/286 308/308/282
f 3434/3434/3166 575/575/542 3435/3435/3167
f 3434/3434/3166 3436/3436/3168 575/575/542
f 3437/3437/3169 576/576/543 310/310/284
f 3434/3434/3166 3438/3438/3170 3436/3436/3168
f 3439/3439/3171 2246/2246/2085 961/961/899
f 1507/1507/1406 3440/3440/3172 1508/1508/1407
f 1520/1520/167 3131/3131/2887 3137/3137/2893
f 1520/1520/167 1519/1519/1413 3131/3131/2887
s 0
f 1514/1514/167 2475/2475/167 1515/1515/167
s 1
f 1514/1514/1412 2818/2818/2602 2475/2475/167
f 3441/3441/3173 2365/2365/2198 1690/1690/1572
f 3441/3441/3173 3442/3442/3174 2366/2366/2199
f 975/975/909 974/974/908 3443/3443/3175
f 3441/3441/3173 2366/2366/2199 2365/2365/2198
f 3444/3444/3176 3445/3445/3177 981/981/915
f 3444/3444/3176 616/616/575 3446/3446/3178
f 3444/3444/3176 981/981/915 616/616/575
f 2901/2901/2676 129/129/121 635/635/594
f 3447/3447/3179 3448/3448/3180 3449/3449/3181
f 2901/2901/2676 635/635/594 2083/2083/1932
f 3447/3447/3179 3450/3450/3182 3448/3448/3180
f 1560/1560/1448 2447/2447/167 651/651/605
f 655/655/609 1845/1845/1713 3451/3451/3183
f 655/655/609 3451/3451/3183 2085/2085/1934
f 655/655/609 657/657/611 1845/1845/1713
f 3452/3452/3184 3453/3453/3185 3454/3454/3186
f 3455/3455/3187 3098/3098/2854 3101/3101/2857
f 3452/3452/3184 3456/3456/3188 3453/3453/3185
f 3455/3455/3187 3457/3457/3189 3098/3098/2854
f 46/46/42 3458/3458/3190 47/47/43
f 52/52/48 51/51/47 3362/3362/3099
f 46/46/42 3158/3158/2914 3458/3458/3190
f 52/52/48 3362/3362/3099 3160/3160/2916
f 902/902/848 901/901/847 3365/3365/3102
f 2777/2777/2570 1594/1594/1482 681/681/635
f 2777/2777/2570 2779/2779/2572 3459/3459/3191
f 2777/2777/2570 3459/3459/3191 3460/3460/3192
f 3461/3461/3193 3462/3462/3194 3463/3463/3195
f 3461/3461/3193 3463/3463/3195 1038/1038/970
f 3464/3464/3196 2571/2571/2385 3465/3465/3197
f 3461/3461/3193 1037/1037/969 3466/3466/3198
f 3461/3461/3193 1038/1038/970 1037/1037/969
f 3464/3464/3196 3467/3467/3199 2571/2571/2385
f 3468/3468/3200 696/696/650 3469/3469/3201
f 2575/2575/2389 3470/3470/3202 2576/2576/2390
f 3471/3471/3203 3472/3472/3204 196/196/174
f 3471/3471/3203 195/195/173 3473/3473/3205
f 3471/3471/3203 3473/3473/3205 3474/3474/3206
f 3471/3471/3203 196/196/174 195/195/173
f 3414/3414/3146 3475/3475/3207 3415/3415/3147
s 0
f 3476/3476/3208 3477/3477/3208 3478/3478/3208
s 1
f 3479/3479/3209 3480/3480/3210 3481/3481/3209
f 3479/3479/3209 3481/3481/3209 3482/3482/3211
f 1384/1384/1294 1390/1390/1300 2833/2833/2616
f 1384/1384/1294 3077/3077/2833 1385/1385/1295
f 751/751/703 3483/3483/3212 752/752/704
f 3484/3484/3213 3485/3485/3214 2262/2262/2101
f 3484/3484/3213 2262/2262/2101 2263/2263/2102
f 3486/3486/3215 1406/1406/1316 1408/1408/1318
f 3484/3484/3213 2263/2263/2102 3487/3487/3216
f 3486/3486/3215 1408/1408/1318 3488/3488/3217
f 3486/3486/3215 3488/3488/3217 3489/3489/3218
f 3490/3490/3219 252/252/229 3491/3491/3220
f 3490/3490/3219 2265/2265/2104 768/768/720
f 3490/3490/3219 768/768/720 256/256/233
f 3492/3492/3221 1239/1239/1155 2191/2191/2031
f 3490/3490/3219 3493/3493/3222 2265/2265/2104
f 3490/3490/3219 256/256/233 252/252/229
f 3494/3494/3223 2882/2882/2660 3495/3495/3224
f 3494/3494/3223 88/88/84 2882/2882/2660
f 3494/3494/3223 3496/3496/3225 88/88/84
f 3494/3494/3223 3497/3497/3226 3498/3498/3227
f 3494/3494/3223 3495/3495/3224 3497/3497/3226
f 3494/3494/3223 3498/3498/3227 3496/3496/3225
f 1427/1427/1334 2162/2162/2003 3499/3499/3228
f 1427/1427/1334 3499/3499/3228 2277/2277/2114
f 794/794/746 2286/2286/2123 3500/3500/3229
f 794/794/746 2163/2163/2004 2287/2287/2124
f 794/794/746 3500/3500/3229 796/796/748
f 794/794/746 2287/2287/2124 2286/2286/2123
f 803/803/755 3501/3501/3230 3502/3502/3231
f 803/803/755 3502/3502/3231 3503/3503/3232
f 803/803/755 1186/1186/1110 3501/3501/3230
f 2469/2469/2289 3504/3504/3233 815/815/767
f 3505/3505/3234 3506/3506/3235 3507/3507/3236
f 2469/2469/2289 3508/3508/3237 3504/3504/3233
f 3505/3505/3234 2943/2943/2713 3506/3506/3235
f 2/2/2 3509/3509/3238 3/3/3
f 3510/3510/3239 1346/1346/1258 2907/2907/2680
f 1463/1463/1366 1468/1468/1371 2187/2187/2027
f 3465/3465/3197 2570/2570/2384 1603/1603/1491
f 3465/3465/3197 1603/1603/1491 213/213/191
f 3465/3465/3197 2571/2571/2385 2570/2570/2384
f 3465/3465/3197 213/213/191 3511/3511/3240
f 3512/3512/3241 2241/2241/2080 2243/2243/2082
f 3297/3297/3039 3513/3513/3242 728/728/680
f 3512/3512/3241 2243/2243/2082 2576/2576/2390
f 3512/3512/3241 2576/2576/2390 3470/3470/3202
f 3059/3059/2815 3321/3321/3061 3514/3514/3243
f 1762/1762/1639 1764/1764/1641 2354/2354/2187
f 1762/1762/1639 3515/3515/3244 1763/1763/1640
f 3075/3075/2831 3074/3074/2830 3516/3516/3245
f 3075/3075/2831 3517/3517/3246 3518/3518/3247
f 3071/3071/2827 734/734/686 733/733/685
f 3075/3075/2831 3516/3516/3245 3517/3517/3246
f 741/741/693 3519/3519/3248 3520/3520/3249
f 741/741/693 3520/3520/3249 3077/3077/2833
f 741/741/693 746/746/698 3519/3519/3248
f 1523/1523/1414 3442/3442/3174 602/602/564
f 3521/3521/3250 2372/2372/2205 2371/2371/2204
f 1523/1523/1414 2366/2366/2199 3442/3442/3174
s 0
f 3522/3522/3251 3523/3523/3251 3524/3524/3251
s 1
f 3489/3489/3218 3525/3525/3252 3526/3526/3253
f 3485/3485/3214 614/614/573 2262/2262/2101
f 3485/3485/3214 615/615/574 614/614/573
f 3489/3489/3218 3488/3488/3217 3525/3525/3252
s 0
f 3527/3527/3254 3528/3528/3254 3529/3529/3254
s 1
f 3091/3091/2847 3530/3530/3255 3092/3092/2848
f 636/636/595 3531/3531/3256 637/637/596
f 1448/1448/1351 3532/3532/3257 3533/3533/3258
s 0
f 3534/3534/3259 3535/3535/3259 3536/3536/3259
s 1
f 1448/1448/1351 1438/1438/1345 3532/3532/3257
s 0
f 3537/3537/3260 3538/3538/3260 3539/3539/3260
s 1
f 3249/3249/2997 3540/3540/3261 3541/3541/3262
f 3249/3249/2997 3541/3541/3262 3250/3250/2998
f 3253/3253/3001 2635/2635/2442 3542/3542/3263
f 1867/1867/1735 1457/1457/1360 1461/1461/1364
f 833/833/785 835/835/787 3543/3543/3264
f 833/833/785 3543/3543/3264 1697/1697/1578
f 833/833/785 2640/2640/2447 545/545/515
f 833/833/785 1697/1697/1578 2640/2640/2447
f 833/833/785 545/545/515 834/834/786
f 3544/3544/3265 3167/3167/2923 3545/3545/3266
f 3544/3544/3265 2494/2494/2312 2492/2492/2310
f 3544/3544/3265 3545/3545/3266 3546/3546/3267
f 3544/3544/3265 2492/2492/2310 3167/3167/2923
f 1299/1299/1213 1485/1485/1384 556/556/526
f 1299/1299/1213 3547/3547/3268 1485/1485/1384
f 1299/1299/1213 556/556/526 555/555/525
f 100/100/96 3548/3548/3269 101/101/97
f 100/100/96 3549/3549/3270 3548/3548/3269
f 1504/1504/1403 1499/1499/1398 2125/2125/1968
f 267/267/244 269/269/246 586/586/553
f 267/267/244 1512/1512/1411 268/268/245
f 3131/3131/2887 1519/1519/1413 3132/3132/2888
f 1943/1943/1802 3278/3278/3022 3550/3550/3271
f 1767/1767/1644 3551/3551/3272 3552/3552/3273
f 1764/1764/1641 2352/2352/2185 2354/2354/2187
f 1767/1767/1644 1766/1766/1643 3551/3551/3272
f 1416/1416/1325 1773/1773/1650 3553/3553/3274
f 1416/1416/1325 1415/1415/1324 1773/1773/1650
f 3554/3554/3275 1240/1240/1156 1239/1239/1155
f 3555/3555/3276 1246/1246/1162 1248/1248/1164
f 772/772/724 778/778/730 3498/3498/3227
f 772/772/724 3498/3498/3227 3556/3556/3277
f 647/647/167 1900/1900/167 648/648/603
f 656/656/610 3557/3557/3278 1846/1846/1714
f 656/656/610 3155/3155/2911 3557/3557/3278
f 656/656/610 1846/1846/1714 657/657/611
f 656/656/610 658/658/612 3155/3155/2911
f 2762/2762/2557 929/929/867 931/931/869
f 3293/3293/3035 932/932/870 3087/3087/2843
f 2762/2762/2557 3558/3558/3279 1575/1575/1463
f 3559/3559/3280 2392/2392/2223 3560/3560/3281
f 3458/3458/3190 3158/3158/2914 3157/3157/2913
f 3458/3458/3190 3561/3561/3282 47/47/43
f 3562/3562/3283 3163/3163/2919 3563/3563/3284
f 3562/3562/3283 3564/3564/3285 3565/3565/3286
f 3562/3562/3283 3164/3164/2920 3163/3163/2919
f 3562/3562/3283 3565/3565/3286 3164/3164/2920
f 3566/3566/3287 3567/3567/3288 3568/3568/3289
f 3566/3566/3287 3568/3568/3289 679/679/633
f 3566/3566/3287 2106/2106/1953 2667/2667/138
f 3566/3566/3287 679/679/633 2106/2106/1953
f 3566/3566/3287 1103/1103/1030 3567/3567/3288
f 3566/3566/3287 2667/2667/138 1103/1103/1030
f 985/985/919 2432/2432/2255 986/986/920
f 985/985/919 988/988/922 478/478/448
f 2151/2151/1992 3569/3569/3290 3570/3570/3291
f 2151/2151/1992 3571/3571/3292 2152/2152/1993
f 2151/2151/1992 3570/3570/3291 3571/3571/3292
f 2158/2158/1999 1720/1720/1601 1719/1719/1600
f 996/996/928 1000/1000/932 1135/1135/1060
f 996/996/928 1135/1135/1060 1138/1138/1063
f 996/996/928 1138/1138/1063 3572/3572/3293
f 996/996/928 3572/3572/3293 997/997/929
f 2283/2283/2120 1005/1005/937 3238/3238/2986
f 2283/2283/2120 1006/1006/938 1005/1005/937
f 2930/2930/2701 3573/3573/3294 2510/2510/2326
f 2930/2930/2701 1012/1012/944 3573/3573/3294
f 1272/1272/1188 3320/3320/3060 1273/1273/1189
f 1272/1272/1188 1016/1016/948 1017/1017/949
f 1272/1272/1188 1017/1017/949 3320/3320/3060
f 1167/1167/1091 2937/2937/2707 1617/1617/1505
f 1167/1167/1091 1617/1617/1505 1022/1022/954
f 1031/1031/963 3574/3574/3295 1032/1032/964
f 1031/1031/963 2939/2939/2709 3574/3574/3295
f 2630/2630/2437 2632/2632/2439 3146/3146/2902
f 2630/2630/2437 3202/3202/2954 2631/2631/2438
f 1198/1198/1118 2546/2546/2362 2545/2545/2361
f 1198/1198/1118 2953/2953/2723 3575/3575/3296
f 1198/1198/1118 3575/3575/3296 1199/1199/1119
f 1198/1198/1118 1197/1197/1117 2546/2546/2362
f 1198/1198/1118 2545/2545/2361 2953/2953/2723
s 0
f 3576/3576/3297 3577/3577/3297 3578/3578/3297
s 1
f 1609/1609/1497 3579/3579/3298 294/294/271
s 0
f 3580/3580/3299 3581/3581/3299 3582/3582/3299
s 1
f 2478/2478/2297 2018/2018/1872 255/255/232
f 2482/2482/2301 1214/1214/1134 2825/2825/2609
f 2482/2482/2301 2825/2825/2609 2824/2824/2608
f 1387/1387/1297 3583/3583/3300 1913/1913/1774
f 1387/1387/1297 1389/1389/1299 3583/3583/3300
f 1387/1387/1297 1913/1913/1774 3584/3584/3301
f 1387/1387/1297 3584/3584/3301 1388/1388/1298
f 1088/1088/1015 2487/2487/2306 1089/1089/1016
f 1088/1088/1015 3585/3585/3302 2487/2487/2306
f 1086/1086/1013 3426/3426/3158 3586/3586/3303
f 3587/3587/3304 3588/3588/3305 75/75/71
f 2987/2987/2749 2989/2989/2751 3589/3589/3306
f 3587/3587/3304 3590/3590/3307 3588/3588/3305
f 3587/3587/3304 75/75/71 3591/3591/3308
f 840/840/792 1546/1546/1434 841/841/793
f 3592/3592/3309 2344/2344/2177 2842/2842/2625
f 3592/3592/3309 3351/3351/3088 2344/2344/2177
f 1551/1551/1439 3593/3593/3310 1552/1552/1440
f 1551/1551/1439 1557/1557/1445 3355/3355/3092
f 3594/3594/3311 3595/3595/3312 3150/3150/2906
f 3596/3596/3313 1257/1257/1173 3597/3597/3314
f 3596/3596/3313 3597/3597/3314 2208/2208/2047
f 3596/3596/3313 2208/2208/2047 2203/2203/2043
f 3594/3594/3311 3598/3598/3315 3595/3595/3312
f 3594/3594/3311 3150/3150/2906 1255/1255/1171
f 868/868/818 2586/2586/2400 869/869/819
f 868/868/818 2587/2587/2401 2586/2586/2400
f 868/868/818 867/867/817 3599/3599/3316
f 868/868/818 3599/3599/3316 2587/2587/2401
f 3600/3600/3317 2215/2215/2054 2214/2214/2053
f 3600/3600/3317 3601/3601/3318 2215/2215/2054
f 3602/3602/3319 3603/3603/3320 881/881/827
f 3600/3600/3317 3604/3604/3321 3601/3601/3318
f 1148/1148/1073 1154/1154/1078 3605/3605/3322
f 1014/1014/946 1016/1016/948 1158/1158/1082
f 1014/1014/946 1157/1157/1081 1015/1015/947
f 904/904/850 2918/2918/2689 1275/1275/1191
s 0
f 3606/3606/3323 3607/3607/3323 3608/3608/3323
s 1
f 3609/3609/3324 3610/3610/3325 2677/2677/2476
f 3611/3611/3326 1739/1739/1620 1738/1738/1619
f 3612/3612/3327 3613/3613/3328 3614/3614/3329
f 3609/3609/3324 2677/2677/2476 2676/2676/2475
f 3612/3612/3327 3614/3614/3329 3290/3290/3032
s 0
f 3615/3615/3330 3616/3616/3330 3617/3617/3330
s 1
f 3618/3618/3331 3068/3068/2824 3619/3619/3332
f 3618/3618/3331 1311/1311/1225 3620/3620/3333
f 3618/3618/3331 3620/3620/3333 3068/3068/2824
f 3618/3618/3331 1312/1312/1226 1311/1311/1225
f 3618/3618/3331 3621/3621/3334 1312/1312/1226
f 3618/3618/3331 3619/3619/3332 3621/3621/3334
f 952/952/890 953/953/891 3622/3622/3335
f 3475/3475/3207 3623/3623/3336 3415/3415/3147
f 3624/3624/3337 3625/3625/3338 3626/3626/3339
f 3624/3624/3337 123/123/115 359/359/330
f 3627/3627/3340 3628/3628/3341 3629/3629/3342
s 0
f 3630/3630/3343 3631/3631/3343 3632/3632/3343
s 1
f 3624/3624/3337 3633/3633/3344 123/123/115
f 3624/3624/3337 359/359/330 3634/3634/3345
f 3624/3624/3337 3634/3634/3345 3625/3625/3338
f 2421/2421/2244 2420/2420/2243 3635/3635/3346
f 363/363/334 3203/3203/2955 364/364/335
f 3636/3636/3347 2068/2068/1917 2071/2071/1920
f 2985/2985/2747 1343/1343/1255 3637/3637/3348
f 2985/2985/2747 2979/2979/2741 1343/1343/1255
f 978/978/912 3048/3048/2805 617/617/576
f 978/978/912 979/979/913 2038/2038/1889
f 3165/3165/2921 1840/1840/1708 1114/1114/1041
f 1109/1109/1036 1113/1113/1040 1475/1475/1378
f 3638/3638/3349 3557/3557/3278 3154/3154/2910
f 3639/3639/3350 1122/1122/1048 166/166/149
f 3639/3639/3350 1123/1123/1049 1122/1122/1048
f 3638/3638/3349 161/161/144 3557/3557/3278
f 3638/3638/3349 3640/3640/3351 161/161/144
f 3638/3638/3349 3154/3154/2910 1125/1125/1051
f 2140/2140/1981 3641/3641/3352 3642/3642/3353
f 2140/2140/1981 2139/2139/1980 3643/3643/3354
f 2140/2140/1981 3643/3643/3354 3641/3641/3352
f 2140/2140/1981 3642/3642/3353 1401/1401/1311
f 1671/1671/1553 3644/3644/3355 2793/2793/2586
f 1671/1671/1553 1674/1674/1556 3644/3644/3355
f 1671/1671/1553 2793/2793/2586 1672/1672/1554
f 2446/2446/2269 3645/3645/3356 1859/1859/1727
f 2446/2446/2269 1859/1859/1727 3320/3320/3060
f 2446/2446/2269 2448/2448/2270 3645/3645/3356
f 2365/2365/2198 2368/2368/2201 1690/1690/1572
f 1874/1874/1740 3646/3646/3357 2373/2373/2206
f 1874/1874/1740 1699/1699/1580 3543/3543/3264
f 1874/1874/1740 3543/3543/3264 835/835/787
f 1874/1874/1740 2373/2373/2206 1699/1699/1580
f 3501/3501/3230 3647/3647/3358 3648/3648/3359
f 3501/3501/3230 1184/1184/1108 3647/3647/3358
f 3501/3501/3230 3648/3648/3359 3502/3502/3231
f 3501/3501/3230 1186/1186/1110 1184/1184/1108
f 3649/3649/3360 2313/2313/2148 693/693/647
f 3650/3650/3361 2183/2183/2023 3651/3651/3362
f 3650/3650/3361 3651/3651/3362 3508/3508/3237
f 3650/3650/3361 2184/2184/2024 2183/2183/2023
f 3652/3652/3363 3507/3507/3236 3653/3653/3364
f 3649/3649/3360 693/693/647 692/692/646
f 234/234/211 2473/2473/2293 235/235/212
f 234/234/211 3575/3575/3296 2473/2473/2293
f 234/234/211 238/238/215 3575/3575/3296
f 2043/2043/1893 2476/2476/2295 3654/3654/3365
f 2043/2043/1893 3654/3654/3365 2820/2820/2604
f 2043/2043/1893 2044/2044/1894 2476/2476/2295
f 3301/3301/3043 115/115/109 3302/3302/3044
f 3301/3301/3043 1905/1905/1766 115/115/109
f 2649/2649/2456 2651/2651/2458 1907/1907/1768
f 2655/2655/2462 2654/2654/2461 3655/3655/3366
f 126/126/118 133/133/125 2025/2025/1879
f 1636/1636/1522 3656/3656/3367 1637/1637/1523
f 2776/2776/2569 2775/2775/2568 3657/3657/3368
f 1285/1285/1201 285/285/262 1286/1286/1202
f 1283/1283/1199 278/278/255 277/277/254
f 1774/1774/1651 3658/3658/3369 2836/2836/2619
f 3659/3659/3370 358/358/329 2531/2531/2347
f 1774/1774/1651 3660/3660/3371 3658/3658/3369
f 3659/3659/3370 3661/3661/3372 358/358/329
f 1355/1355/1267 2742/2742/2537 3662/3662/3373
f 3663/3663/3374 3664/3664/3375 3665/3665/3376
f 3663/3663/3374 3665/3665/3376 3666/3666/3377
f 2744/2744/2539 2121/2121/1964 2690/2690/2487
s 0
f 3667/3667/3378 3668/3668/3378 3669/3669/3378
s 1
f 2751/2751/2546 2750/2750/2545 3670/3670/3379
f 2744/2744/2539 2122/2122/1965 2121/2121/1964
f 3671/3671/3380 3672/3672/3380 3673/3673/3381
f 3674/3674/3382 878/878/824 877/877/823
f 2753/2753/2548 3675/3675/3383 2754/2754/2549
f 3671/3671/3380 3676/3676/3384 3672/3672/3380
f 1434/1434/1341 3677/3677/3385 824/824/776
f 3678/3678/3386 3282/3282/3026 37/37/33
f 3678/3678/3386 3679/3679/3387 3680/3680/3388
f 3678/3678/3386 37/37/33 3679/3679/3387
f 1434/1434/1341 1436/1436/1343 3681/3681/3389
f 2217/2217/2056 2220/2220/2059 1966/1966/1823
f 2217/2217/2056 3287/3287/3029 2218/2218/2057
f 2872/2872/2650 3121/3121/2877 3120/3120/2876
f 2460/2460/2280 2459/2459/2279 2865/2865/2643
f 1402/1402/1312 1404/1404/1314 2880/2880/2658
f 1402/1402/1312 2880/2880/2658 2879/2879/2657
f 1402/1402/1312 2879/2879/2657 3682/3682/3390
f 1402/1402/1312 3682/3682/3390 1403/1403/1313
f 1706/1706/1587 3368/3368/3105 1707/1707/1588
f 3569/3569/3290 3683/3683/3391 3570/3570/3291
f 1719/1719/1600 1723/1723/1604 3684/3684/3392
f 3685/3685/3393 3548/3548/3269 500/500/470
f 3685/3685/3393 500/500/470 948/948/886
f 3685/3685/3393 2396/2396/2227 101/101/97
f 3685/3685/3393 948/948/886 946/946/884
f 3685/3685/3393 946/946/884 2396/2396/2227
f 3685/3685/3393 101/101/97 3548/3548/3269
f 3686/3686/3394 1502/1502/1401 3040/3040/2797
f 3687/3687/3395 3688/3688/3396 3298/3298/3040
f 3687/3687/3395 735/735/687 3689/3689/3397
f 3687/3687/3395 3689/3689/3397 3690/3690/3398
f 3687/3687/3395 3690/3690/3398 3691/3691/3399
f 3687/3687/3395 3298/3298/3040 735/735/687
f 115/115/109 1905/1905/1766 116/116/110
f 115/115/109 124/124/116 3302/3302/3044
f 134/134/126 127/127/119 642/642/599
f 2425/2425/2248 2119/2119/1962 3308/3308/3048
f 732/732/684 728/728/680 3692/3692/3400
f 3693/3693/3401 3694/3694/3402 1466/1466/1369
f 142/142/134 145/145/137 3199/3199/2951
f 2568/2568/2382 419/419/389 3695/3695/3403
f 2568/2568/2382 3695/3695/3403 2569/2569/2383
f 2568/2568/2382 420/420/390 419/419/389
f 3696/3696/3404 3222/3222/2970 3697/3697/3405
f 3696/3696/3404 3698/3698/3406 3222/3222/2970
f 2580/2580/2394 434/434/404 702/702/656
f 2580/2580/2394 435/435/405 434/434/404
f 1625/1625/1511 248/248/225 249/249/226
f 663/663/617 1907/1907/1768 2651/2651/2458
f 663/663/617 2651/2651/2458 665/665/619
f 456/456/426 2654/2654/2461 457/457/427
f 456/456/426 455/455/425 3699/3699/3407
f 456/456/426 1917/1917/1778 2654/2654/2461
f 456/456/426 3699/3699/3407 1917/1917/1778
f 2834/2834/2617 468/468/438 465/465/435
f 2834/2834/2617 465/465/435 3700/3700/3408
f 2834/2834/2617 3700/3700/3408 3701/3701/3409
f 2834/2834/2617 3701/3701/3409 2835/2835/2618
f 2611/2611/2418 2612/2612/2419 3702/3702/3410
f 3703/3703/3411 3704/3704/3412 3705/3705/3413
f 3703/3703/3411 3706/3706/3414 3704/3704/3412
f 3703/3703/3411 3705/3705/3413 3707/3707/3415
f 1071/1071/998 3708/3708/3416 3709/3709/3417
f 1071/1071/998 3709/3709/3417 3710/3710/3418
f 1071/1071/998 1073/1073/1000 3708/3708/3416
f 1071/1071/998 3710/3710/3418 1072/1072/999
f 3711/3711/3419 487/487/457 1647/1647/1531
f 3711/3711/3419 488/488/458 487/487/457
f 3711/3711/3419 3712/3712/3420 2438/2438/2261
f 3711/3711/3419 1647/1647/1531 3713/3713/3421
f 3714/3714/3422 2152/2152/1993 3571/3571/3292
f 3711/3711/3419 2438/2438/2261 488/488/458
f 2688/2688/2485 494/494/464 497/497/467
f 2688/2688/2485 2692/2692/2489 494/494/464
f 3715/3715/3423 3716/3716/3424 2698/2698/2495
s 0
f 3717/3717/3425 3718/3718/3425 3719/3719/3425
s 1
f 3096/3096/2852 1665/1665/1549 1664/1664/1548
f 1857/1857/1725 517/517/487 3720/3720/3426
f 1857/1857/1725 1673/1673/1555 517/517/487
f 1857/1857/1725 3720/3720/3426 582/582/549
f 1857/1857/1725 1856/1856/1724 1673/1673/1555
s 0
f 3721/3721/3427 3722/3722/3427 3723/3723/3427
f 3724/3724/3428 3725/3725/3428 3726/3726/3428
s 1
f 3727/3727/3429 3728/3728/3430 3729/3729/3431
s 0
f 3730/3730/3432 3731/3731/3432 3732/3732/3432
s 1
f 3727/3727/3429 3729/3729/3431 3733/3733/3433
f 3734/3734/3434 3735/3735/3435 3736/3736/3436
f 3734/3734/3434 3736/3736/3436 3737/3737/3437
f 3255/3255/3003 2638/2638/2445 2639/2639/2446
f 3255/3255/3003 2803/2803/2592 2638/2638/2445
f 3255/3255/3003 2804/2804/2593 2803/2803/2592
f 3255/3255/3003 3261/3261/3008 2804/2804/2593
f 3255/3255/3003 2639/2639/2446 3256/3256/3004
f 1703/1703/1584 3738/3738/3438 3739/3739/3439
f 1703/1703/1584 2875/2875/2653 3738/3738/3438
f 1698/1698/1579 544/544/514 543/543/513
f 1703/1703/1584 1702/1702/1583 2875/2875/2653
f 287/287/264 3740/3740/3440 288/288/265
f 287/287/264 3430/3430/3162 3740/3740/3440
f 287/287/264 291/291/268 3169/3169/2925
f 287/287/264 3169/3169/2925 3430/3430/3162
s 0
f 3741/3741/3441 3742/3742/3441 3743/3743/3441
s 1
f 2004/2004/1858 3744/3744/3442 2008/2008/1862
f 3745/3745/3443 3746/3746/3444 3747/3747/3445
f 3745/3745/3443 2724/2724/2521 2723/2723/2520
f 3745/3745/3443 2723/2723/2520 3746/3746/3444
f 3745/3745/3443 3747/3747/3445 2724/2724/2521
f 323/323/297 3748/3748/3446 324/324/297
f 2062/2062/1911 2606/2606/2413 336/336/307
f 340/340/311 1759/1759/1636 3749/3749/3447
f 340/340/311 3749/3749/3447 341/341/312
f 2526/2526/2342 3750/3750/3448 3751/3751/3449
f 2526/2526/2342 3551/3551/3272 2527/2527/2343
f 2526/2526/2342 3751/3751/3449 3551/3551/3272
f 2526/2526/2342 2530/2530/2346 3750/3750/3448
f 1935/1935/1795 2838/2838/2621 3266/3266/3013
f 1935/1935/1795 1936/1936/1796 3752/3752/3450
f 1935/1935/1795 3752/3752/3450 2838/2838/2621
f 3448/3448/3180 3753/3753/3451 3449/3449/3181
f 3754/3754/3452 3755/3755/3453 3756/3756/3453
f 3757/3757/3454 370/370/341 3151/3151/2907
f 3757/3757/3454 371/371/342 370/370/341
f 3757/3757/3454 2991/2991/2753 371/371/342
f 3595/3595/3312 3598/3598/3315 2992/2992/2754
f 3758/3758/3455 725/725/677 724/724/676
f 869/869/819 2586/2586/2400 3759/3759/3456
f 3760/3760/3457 3761/3761/3458 3762/3762/3459
f 3760/3760/3457 717/717/671 3761/3761/3458
f 3763/3763/3460 3764/3764/3461 2614/2614/2421
f 3763/3763/3460 2614/2614/2421 2617/2617/2424
f 3765/3765/3462 383/383/353 3766/3766/3463
f 3765/3765/3462 3766/3766/3463 2288/2288/2125
f 2434/2434/2257 3374/3374/3109 2435/2435/2258
f 2434/2434/2257 2238/2238/2077 2233/2233/2072
f 3767/3767/3464 3768/3768/3465 2778/2778/2571
f 3767/3767/3464 3567/3567/3288 3215/3215/2963
f 3767/3767/3464 3568/3568/3289 3567/3567/3288
f 3767/3767/3464 3215/3215/2963 3214/3214/2962
f 3767/3767/3464 3214/3214/2962 3768/3768/3465
f 3767/3767/3464 2778/2778/2571 3568/3568/3289
f 1107/1107/1034 3769/3769/3466 1111/1111/1038
f 1107/1107/1034 2908/2908/2681 3769/3769/3466
f 2554/2554/2368 2553/2553/2367 3770/3770/3467
f 2554/2554/2368 3770/3770/3467 3771/3771/3468
f 2554/2554/2368 3771/3771/3468 2911/2911/2684
f 521/521/491 526/526/496 2518/2518/2334
f 2994/2994/2756 3772/3772/3469 3773/3773/3470
f 3774/3774/3471 3775/3775/3472 2583/2583/2397
f 2994/2994/2756 3773/3773/3470 3776/3776/3473
f 2994/2994/2756 3776/3776/3473 2995/2995/2757
f 41/41/37 3777/3777/3474 3778/3778/3475
f 41/41/37 3778/3778/3475 42/42/38
f 3779/3779/3476 3780/3780/3477 3019/3019/2776
f 2221/2221/2060 3022/3022/2779 58/58/54
f 2222/2222/2061 1277/1277/1193 1275/1275/1191
f 411/411/381 3781/3781/3478 3264/3264/3011
f 945/945/883 947/947/885 3782/3782/3479
f 945/945/883 3782/3782/3479 3783/3783/3480
f 945/945/883 3783/3783/3480 946/946/884
f 953/953/891 955/955/893 3784/3784/3481
f 3785/3785/3482 3786/3786/3483 3787/3787/3484
f 3785/3785/3482 3788/3788/3485 3786/3786/3483
f 960/960/898 962/962/900 3179/3179/2933
f 960/960/898 3179/3179/2933 2060/2060/1909
f 3540/3540/3261 2415/2415/2240 3789/3789/3486
f 3542/3542/3263 3635/3635/3346 2420/2420/2243
f 3542/3542/3263 2635/2635/2442 3635/3635/3346
f 3540/3540/3261 3789/3789/3486 3541/3541/3262
f 2253/2253/2092 2984/2984/2746 2254/2254/2093
f 2253/2253/2092 2256/2256/2095 3045/3045/2802
f 2265/2265/2104 3493/3493/3222 3790/3790/3487
f 3791/3791/3488 2190/2190/2030 1545/1545/1433
f 3792/3792/3489 2200/2200/2040 3170/3170/2926
s 0
f 3793/3793/3490 3794/3794/3490 3795/3795/3490
s 1
f 2154/2154/1995 2156/2156/1997 2271/2271/2110
f 3796/3796/3491 1722/1722/1603 1724/1724/1605
f 997/997/929 2886/2886/2664 998/998/930
f 997/997/929 3572/3572/3293 3499/3499/3228
f 997/997/929 3499/3499/3228 2886/2886/2664
f 2286/2286/2123 2288/2288/2125 3766/3766/3463
f 2286/2286/2123 3766/3766/3463 3500/3500/3229
f 3320/3320/3060 1859/1859/1727 1273/1273/1189
f 3320/3320/3060 1017/1017/949 1018/1018/950
f 1614/1614/1502 3797/3797/3492 193/193/171
f 1614/1614/1502 193/193/171 1615/1615/1503
f 1614/1614/1502 3798/3798/3493 3797/3797/3492
f 1614/1614/1502 1622/1622/1508 3798/3798/3493
f 2302/2302/2137 1175/1175/1099 1174/1174/1098
f 2302/2302/2137 2304/2304/2139 1175/1175/1099
f 687/687/641 2115/2115/1958 1886/1886/1752
f 687/687/641 1886/1886/1752 1036/1036/968
f 2942/2942/2712 3506/3506/3235 2943/2943/2713
f 3799/3799/3494 2316/2316/2151 3800/3800/3495
f 3799/3799/3494 3800/3800/3495 3801/3801/3496
s 0
f 3802/3802/3497 3803/3803/3497 3804/3804/3497
f 3805/3805/3498 3806/3806/3498 3807/3807/3498
s 1
f 3808/3808/3499 3809/3809/3500 246/246/223
f 3810/3810/3501 1064/1064/991 1066/1066/993
f 3811/3811/3502 1902/1902/1763 1901/1901/1762
s 0
f 3812/3812/3503 3813/3813/3503 3814/3814/3503
s 1
f 3808/3808/3499 246/246/223 3347/3347/3084
f 3708/3708/3416 3088/3088/2844 924/924/862
f 3708/3708/3416 1642/1642/1526 3709/3709/3417
f 3708/3708/3416 1073/1073/1000 3088/3088/2844
f 3708/3708/3416 924/924/862 1642/1642/1526
f 1080/1080/1007 1079/1079/1006 3815/3815/3504
f 1080/1080/1007 3815/3815/3504 2970/2970/2734
f 3816/3816/3505 3817/3817/3506 3818/3818/3507
f 2988/2988/2750 3819/3819/3508 3427/3427/3159
f 2988/2988/2750 1834/1834/1702 3819/3819/3508
f 285/285/262 284/284/261 551/551/521
f 3114/3114/2870 1300/1300/1214 558/558/528
f 3820/3820/3509 3451/3451/3183 3821/3821/3510
f 3114/3114/2870 3822/3822/3511 3823/3823/2160
f 3114/3114/2870 558/558/528 3822/3822/3511
f 2125/2125/1968 1499/1499/1398 3070/3070/2826
f 329/329/300 3824/3824/3512 961/961/899
f 331/331/302 318/318/292 1508/1508/1407
f 3133/3133/2889 2512/2512/2328 2516/2516/2332
f 3133/3133/2889 3132/3132/2888 1756/1756/1633
f 3133/3133/2889 1756/1756/1633 2512/2512/2328
f 3133/3133/2889 2516/2516/2332 3134/3134/2890
f 3825/3825/3513 3192/3192/2946 344/344/315
f 3574/3574/3295 2939/2939/2709 3826/3826/3514
f 2528/2528/2344 3200/3200/2952 2529/2529/2345
f 1414/1414/1323 1775/1775/1652 1415/1415/1324
f 1782/1782/1659 132/132/124 131/131/123
f 1782/1782/1659 813/813/765 132/132/124
f 648/648/603 1900/1900/167 1787/1787/1664
f 648/648/603 3827/3827/3515 649/649/604
f 648/648/603 1787/1787/1664 3827/3827/3515
f 3557/3557/3278 3155/3155/2911 3154/3154/2910
f 3557/3557/3278 161/161/144 1846/1846/1714
f 3453/3453/3185 884/884/830 3828/3828/3516
f 3453/3453/3185 3829/3829/3517 884/884/830
f 3453/3453/3185 3456/3456/3188 3829/3829/3517
f 3830/3830/3518 2213/2213/2052 34/34/30
f 2219/2219/2058 3831/3831/3519 894/894/840
f 2219/2219/2058 2218/2218/2057 3831/3831/3519
f 2219/2219/2058 3362/3362/3099 51/51/47
f 3832/3832/3520 3163/3163/2919 2103/2103/1950
f 671/671/625 64/64/60 63/63/59
f 3832/3832/3520 3563/3563/3284 3163/3163/2919
f 3832/3832/3520 2103/2103/1950 2105/2105/1952
s 0
f 149/149/138 3833/3833/138 150/150/138
s 1
f 2668/2668/138 2667/2667/138 2106/2106/1953
f 3834/3834/3521 1934/1934/1794 2311/2311/2146
f 2308/2308/2143 210/210/188 3835/3835/3522
f 2308/2308/2143 689/689/643 688/688/642
f 2308/2308/2143 688/688/642 210/210/188
f 2119/2119/1962 3836/3836/3523 3469/3469/3201
f 2119/2119/1962 3469/3469/3201 695/695/649
f 2119/2119/1962 2117/2117/1960 3308/3308/3048
s 0
f 3837/3837/3524 3838/3838/3524 3839/3839/3524
s 1
f 3068/3068/2824 3066/3066/2822 3840/3840/3525
f 3068/3068/2824 3840/3840/3525 3619/3619/3332
f 3841/3841/3526 3280/3280/3024 3281/3281/3025
f 3842/3842/3527 1380/1380/1290 1381/1381/1291
f 3842/3842/3527 1381/1381/1291 3843/3843/3528
f 3841/3841/3526 3786/3786/3483 3788/3788/3485
f 3841/3841/3526 3281/3281/3025 3786/3786/3483
f 3841/3841/3526 3788/3788/3485 2131/2131/1972
f 447/447/417 3844/3844/3529 3072/3072/2828
f 447/447/417 3845/3845/3530 3844/3844/3529
f 447/447/417 2136/2136/1977 448/448/418
f 1633/1633/1519 1632/1632/1518 3846/3846/3531
f 3847/3847/3532 1391/1391/1301 1388/1388/1298
f 3848/3848/3533 3849/3849/3534 1390/1390/1300
f 3847/3847/3532 1388/1388/1298 3850/3850/3535
f 3851/3851/3536 3852/3852/3537 1980/1980/1837
f 3851/3851/3536 3853/3853/3538 1395/1395/1305
f 3851/3851/3536 1980/1980/1837 3853/3853/3538
f 3854/3854/3539 2138/2138/1979 567/567/535
f 3854/3854/3539 567/567/535 3855/3855/3540
f 3851/3851/3536 1395/1395/1305 1394/1394/1304
f 3856/3856/3541 3641/3641/3352 3857/3857/3542
f 3525/3525/3252 28/28/24 25/25/21
f 3856/3856/3541 3857/3857/3542 3858/3858/3543
f 3525/3525/3252 25/25/21 3526/3526/3253
f 3856/3856/3541 3642/3642/3353 3641/3641/3352
f 3240/3240/2988 3859/3859/3544 3241/3241/2989
f 2267/2267/2106 2271/2271/2110 2156/2156/1997
f 3860/3860/3545 2157/2157/1998 3391/3391/3124
s 0
f 3861/3861/3546 3862/3862/3546 3863/3863/3546
s 1
f 3860/3860/3545 3391/3391/3124 2915/2915/2686
f 2163/2163/2004 3864/3864/3547 3865/3865/3548
f 2163/2163/2004 3866/3866/3549 2287/2287/2124
f 2163/2163/2004 3865/3865/3548 3866/3866/3549
f 1885/1885/1751 1884/1884/1750 810/810/762
f 1881/1881/1747 3338/3338/3076 1882/1882/1748
f 1881/1881/1747 3867/3867/3550 3338/3338/3076
f 1885/1885/1751 810/810/762 3868/3868/3551
f 3104/3104/2860 2095/2095/1942 820/820/772
f 3504/3504/3233 3508/3508/3237 3651/3651/3362
f 824/824/776 826/826/778 1435/1435/1342
f 824/824/776 3677/3677/3385 825/825/777
f 3869/3869/3552 3870/3870/3552 3871/3871/3552
f 3429/3429/3161 3740/3740/3440 3430/3430/3162
f 3872/3872/3553 1113/1113/1040 1112/1112/1039
f 3873/3873/3554 3874/3874/3555 3875/3875/3556
f 3873/3873/3554 3875/3875/3556 3876/3876/3557
f 3746/3746/3444 561/561/531 3747/3747/3445
f 3746/3746/3444 564/564/534 561/561/531
f 3746/3746/3444 3877/3877/3558 564/564/534
f 3746/3746/3444 2723/2723/2520 3877/3877/3558
f 3878/3878/3559 2650/2650/2457 3879/3879/3560
f 2399/2399/2230 2402/2402/2233 2507/2507/2323
f 3878/3878/3559 2509/2509/2325 2650/2650/2457
f 3878/3878/3559 3879/3879/3560 3880/3880/3561
f 3881/3881/3562 3882/3882/3563 3883/3883/3564
f 2605/2605/2412 3884/3884/3565 2606/2606/2413
f 3881/3881/3562 1161/1161/1085 3882/3882/3563
f 3881/3881/3562 3883/3883/3564 3885/3885/3566
f 2519/2519/2335 3308/3308/3048 2117/2117/1960
f 2524/2524/2340 2523/2523/2339 3886/3886/3567
f 3750/3750/3448 2530/2530/2346 3311/3311/3051
f 3750/3750/3448 3311/3311/3051 3751/3751/3449
f 3887/3887/3568 3888/3888/3569 2736/2736/2533
f 3887/3887/3568 1317/1317/1231 3889/3889/3570
f 3890/3890/3571 3647/3647/3358 3408/3408/3140
f 3887/3887/3568 2734/2734/2531 1318/1318/1232
f 3887/3887/3568 1318/1318/1232 1317/1317/1231
f 3887/3887/3568 2736/2736/2533 2734/2734/2531
f 3891/3891/3572 3405/3405/3137 3043/3043/2800
f 3891/3891/3572 3043/3043/2800 1327/1327/1241
f 3892/3892/3573 3893/3893/3574 3894/3894/3575
f 3891/3891/3572 3406/3406/3138 3405/3405/3137
f 368/368/339 3827/3827/3515 1787/1787/1664
f 368/368/339 373/373/344 3827/3827/3515
s 0
f 3895/3895/3576 3896/3896/3576 3897/3897/3576
s 1
f 2694/2694/2491 2698/2698/2495 3898/3898/3577
f 379/379/349 3899/3899/3578 380/380/350
f 2555/2555/2369 2763/2763/2558 1574/1574/1462
f 393/393/363 1813/1813/1683 394/394/364
f 3900/3900/3579 391/391/361 2561/2561/2375
f 393/393/363 2560/2560/2374 1813/1813/1683
f 402/402/372 406/406/376 2563/2563/2377
f 3768/3768/3465 3901/3901/3580 2779/2779/2572
f 3768/3768/3465 3265/3265/3012 3901/3901/3580
f 3768/3768/3465 3214/3214/2962 3265/3265/3012
f 3768/3768/3465 2779/2779/2572 2778/2778/2571
f 3337/3337/3075 417/417/387 3467/3467/3199
f 3334/3334/3072 3466/3466/3198 1037/1037/969
f 3902/3902/3581 429/429/399 430/430/400
f 3902/3902/3581 430/430/400 3903/3903/3582
f 2315/2315/2150 3800/3800/3495 2316/2316/2151
f 2647/2647/2454 3809/3809/3500 718/718/672
f 2647/2647/2454 249/249/226 246/246/223
f 2647/2647/2454 246/246/223 3809/3809/3500
f 2591/2591/2405 449/449/419 451/451/421
f 3904/3904/3583 3880/3880/3561 3905/3905/3584
f 3906/3906/3585 3907/3907/3586 3908/3908/3587
f 3904/3904/3583 3909/3909/3588 3880/3880/3561
f 2729/2729/2526 336/336/307 2606/2606/2413
f 2729/2729/2526 2606/2606/2413 3884/3884/3565
f 2729/2729/2526 3884/3884/3565 2513/2513/2329
f 2835/2835/2618 2608/2608/2415 2659/2659/2466
f 2835/2835/2618 3701/3701/3409 2608/2608/2415
s 0
f 3910/3910/3589 3911/3911/3589 3912/3912/3589
s 1
f 2673/2673/2472 3913/3913/3590 2674/2674/2473
f 2673/2673/2472 2149/2149/1990 3913/3913/3590
f 3914/3914/3591 3418/3418/3150 3417/3417/3149
f 2437/2437/2260 2618/2618/2425 489/489/459
f 1660/1660/1544 2757/2757/2552 3245/3245/2993
f 1660/1660/1544 2697/2697/2494 2757/2757/2552
f 515/515/485 517/517/487 1673/1673/1555
f 525/525/495 520/520/490 3915/3915/3592
f 2638/2638/2445 2803/2803/2592 1862/1862/1730
f 540/540/510 542/542/512 3916/3916/512
f 3917/3917/3593 1350/1350/1262 1348/1348/1260
f 1237/1237/1153 3918/3918/3594 3350/3350/3087
f 1237/1237/1153 1242/1242/1158 3918/3918/3594
f 3919/3919/3595 3920/3920/3596 3921/3921/3595
f 3922/3922/3597 3923/3923/3598 3924/3924/3599
f 3922/3922/3597 197/197/175 196/196/174
f 3922/3922/3597 196/196/174 3472/3472/3204
f 3919/3919/3595 3921/3921/3595 3925/3925/3600
f 796/796/748 382/382/352 386/386/356
f 796/796/748 3500/3500/3229 382/382/352
f 798/798/750 3926/3926/3601 1436/1436/1343
f 48/48/44 391/391/361 49/49/45
f 48/48/44 2561/2561/2375 391/391/361
f 1864/1864/1732 2868/2868/2646 1865/1865/1733
f 3927/3927/3602 3928/3928/3603 1978/1978/1835
f 3929/3929/3604 3930/3930/3605 3931/3931/3606
f 3929/3929/3604 2878/2878/2656 2877/2877/2655
f 3929/3929/3604 2877/2877/2655 3930/3930/3605
f 3738/3738/3438 2259/2259/2098 3739/3739/3439
f 81/81/77 84/84/80 1572/1572/1460
f 92/92/88 95/95/91 3932/3932/3607
f 1583/1583/1471 3933/3933/3608 1584/1584/1472
f 3548/3548/3269 3934/3934/3609 500/500/470
f 3935/3935/3610 1432/1432/1339 492/492/462
f 116/116/110 1906/1906/1767 2171/2171/2012
f 3936/3936/3611 3937/3937/3612 3885/3885/3566
f 3936/3936/3611 3885/3885/3566 3883/3883/3564
f 2414/2414/2239 1329/1329/1243 1321/1321/1235
f 3936/3936/3611 3383/3383/3116 3937/3937/3612
f 2414/2414/2239 3789/3789/3486 2415/2415/2240
f 3191/3191/2945 3886/3886/3567 3192/3192/2946
f 3199/3199/2951 145/145/137 2034/2034/1885
f 2785/2785/2578 3938/3938/3613 1141/1141/1066
f 2785/2785/2578 1403/1403/1313 3682/3682/3390
f 2785/2785/2578 3682/3682/3390 3938/3938/3613
f 2789/2789/2582 3939/3939/3614 3318/3318/3058
f 2789/2789/2582 3318/3318/3058 2790/2790/2583
f 650/650/167 651/651/605 2447/2447/167
f 2868/2868/2646 3940/3940/3615 1865/1865/1733
f 416/416/386 2571/2571/2385 3467/3467/3199
f 416/416/386 3467/3467/3199 417/417/387
f 3941/3941/3616 2883/2883/2661 3942/3942/3617
f 3941/3941/3616 2884/2884/2662 2883/2883/2661
f 3341/3341/3079 3343/3343/3081 3943/3943/3618
f 3944/3944/3619 704/704/658 3945/3945/3620
f 3944/3944/3619 3946/3946/3621 3947/3947/3622
f 3944/3944/3619 3945/3945/3620 3946/3946/3621
f 3227/3227/2975 3948/3948/3623 3228/3228/2976
f 3949/3949/3624 1569/1569/1457 1564/1564/1452
f 3949/3949/3624 1564/1564/1452 3950/3950/3625
f 3951/3951/3626 3952/3952/3627 3000/3000/2762
f 3951/3951/3626 3000/3000/2762 3953/3953/3628
f 3954/3954/3629 257/257/234 259/259/236
f 3954/3954/3629 766/766/718 3955/3955/3630
f 3954/3954/3629 767/767/719 766/766/718
f 3954/3954/3629 259/259/236 767/767/719
f 3956/3956/3631 1217/1217/1137 2480/2480/2299
f 3956/3956/3631 1069/1069/996 1217/1217/1137
f 3957/3957/3632 3958/3958/3633 2327/2327/2161
f 3957/3957/3632 2326/2326/2160 3959/3959/2160
f 3960/3960/3634 3961/3961/3635 3962/3962/3636
f 3960/3960/3634 3963/3963/3637 3964/3964/3638
f 3957/3957/3632 2327/2327/2161 2326/2326/2160
f 3960/3960/3634 3962/3962/3636 3963/3963/3637
f 1509/1509/1408 1922/1922/1783 1510/1510/1409
f 1509/1509/1408 1923/1923/1784 1922/1922/1783
f 279/279/256 2489/2489/138 280/280/257
f 279/279/256 281/281/258 2488/2488/2307
f 1837/1837/1705 1839/1839/1707 988/988/922
f 1837/1837/1705 988/988/922 987/987/921
f 1845/1845/1713 1847/1847/1715 3821/3821/3510
f 1845/1845/1713 3821/3821/3510 3451/3451/3183
f 999/999/931 568/568/530 567/567/535
f 999/999/931 567/567/535 2138/2138/1979
f 1674/1674/1556 1673/1673/1555 1856/1856/1724
f 1674/1674/1556 1856/1856/1724 3965/3965/3639
f 2803/2803/2592 1868/1868/1736 1862/1862/1730
f 2258/2258/2097 3739/3739/3439 2259/2259/2098
f 3336/3336/3074 3966/3966/3640 421/421/391
f 3336/3336/3074 421/421/391 417/417/387
f 3339/3339/3077 3338/3338/3076 3867/3867/3550
f 3967/3967/3641 3968/3968/3642 2881/2881/2659
f 2883/2883/2661 3969/3969/3643 3942/3942/3617
f 2883/2883/2661 94/94/90 3969/3969/3643
f 1515/1515/167 2475/2475/167 1898/1898/1761
f 2476/2476/2295 247/247/224 3654/3654/3365
f 2476/2476/2295 2044/2044/1894 2477/2477/2296
f 3583/3583/3300 1389/1389/1299 3970/3970/3644
f 3583/3583/3300 1910/1910/1771 1913/1913/1774
f 3583/3583/3300 3970/3970/3644 3971/3971/3645
f 3583/3583/3300 3971/3971/3645 1910/1910/1771
f 3972/3972/138 1103/1103/1030 2667/2667/138
f 2735/2735/2532 3973/3973/3646 3974/3974/3647
f 2735/2735/2532 3266/3266/3013 3973/3973/3646
f 3666/3666/3377 3449/3449/3181 3753/3753/3451
f 3666/3666/3377 3975/3975/3648 3449/3449/3181
f 3666/3666/3377 3665/3665/3376 3975/3975/3648
s 0
f 3976/3976/3649 3977/3977/3649 3978/3978/3649
s 1
f 3979/3979/3650 3980/3980/3651 2758/2758/2553
f 3979/3979/3650 2754/2754/2549 3675/3675/3383
f 3981/3981/3652 3982/3982/3653 1204/1204/1124
f 3979/3979/3650 2758/2758/2553 2754/2754/2549
f 3983/3983/3654 3762/3762/3459 3761/3761/3458
f 1969/1969/1826 3984/3984/3655 2361/2361/2194
f 1969/1969/1826 2361/2361/2194 743/743/695
f 562/562/532 564/564/534 3985/3985/3656
f 3852/3852/3537 1981/1981/1838 1980/1980/1837
f 3125/3125/2881 3986/3986/3657 3126/3126/2882
f 3127/3127/2883 1505/1505/1404 3987/3987/3658
f 2379/2379/2212 2381/2381/2214 1548/1548/1436
f 2379/2379/2212 422/422/392 414/414/384
f 2379/2379/2212 3988/3988/3659 422/422/392
f 2379/2379/2212 1548/1548/1436 3988/3988/3659
f 3989/3989/3660 3990/3990/3661 3942/3942/3617
f 3989/3989/3660 3991/3991/3662 3990/3990/3661
f 3989/3989/3660 3942/3942/3617 3969/3969/3643
f 1492/1492/1391 1730/1730/1611 3992/3992/3663
f 1492/1492/1391 2724/2724/2521 1731/1731/1612
f 1492/1492/1391 1731/1731/1612 1730/1730/1611
f 3993/3993/3664 3994/3994/3665 3995/3995/3666
f 131/131/123 130/130/122 3996/3996/3667
f 2068/2068/1917 3193/3193/2947 2069/2069/1918
f 1342/1342/1254 1332/1332/1246 2428/2428/2251
f 1602/1602/1490 1603/1603/1491 2570/2570/2384
f 3223/3223/2971 3222/3222/2970 3997/3997/3668
f 3223/3223/2971 3997/3997/3668 3998/3998/3669
f 3220/3220/2968 2578/2578/2392 2577/2577/2391
f 703/703/657 705/705/659 3232/3232/2980
f 2583/2583/2397 3233/3233/2981 1624/1624/1510
f 2583/2583/2397 3775/3775/3472 3233/3233/2981
f 3905/3905/3584 3880/3880/3561 3879/3879/3560
f 3905/3905/3584 3879/3879/3560 1630/1630/1516
f 3017/3017/2774 2100/2100/1947 2099/2099/1946
f 3017/3017/2774 3019/3019/2776 1632/1632/1518
f 2608/2608/2415 1920/1920/1781 2659/2659/2466
f 2608/2608/2415 3701/3701/3409 2609/2609/2416
f 2612/2612/2419 3084/3084/2840 3702/3702/3410
f 3417/3417/3149 2968/2968/2732 3999/3999/3670
f 3417/3417/3149 3999/3999/3670 4000/4000/3671
f 487/487/457 490/490/460 1648/1648/1532
f 487/487/457 1648/1648/1532 1647/1647/1531
f 4001/4001/3672 3898/3898/3577 3716/3716/3424
f 4002/4002/3673 2792/2792/2585 4003/4003/3674
f 4002/4002/3673 2701/2701/2498 3247/3247/2995
f 4002/4002/3673 3247/3247/2995 2792/2792/2585
f 3532/3532/3257 4004/4004/3675 4005/4005/3676
f 3532/3532/3257 4005/4005/3676 3533/3533/3258
f 1160/1160/1084 3882/3882/3563 1161/1161/1085
f 1160/1160/1084 1162/1162/1086 4006/4006/3677
f 4007/4007/3678 1865/1865/1733 3940/3940/3615
f 3167/3167/2923 291/291/268 290/290/267
f 3683/3683/3391 2237/2237/2076 3570/3570/3291
f 3684/3684/3392 4008/4008/3679 2721/2721/2518
f 3683/3683/3391 2722/2722/2519 2237/2237/2076
f 3684/3684/3392 1723/1723/1604 4008/4008/3679
f 1728/1728/1609 3747/3747/3445 561/561/531
f 1728/1728/1609 1731/1731/1612 3747/3747/3445
f 2504/2504/2320 1266/1266/1182 1265/1265/1181
f 2512/2512/2328 1756/1756/1633 1755/1755/1632
f 1760/1760/1637 2523/2523/2339 4009/4009/3680
f 1760/1760/1637 346/346/317 2523/2523/2339
f 3551/3551/3272 3751/3751/3449 354/354/325
f 3551/3551/3272 1766/1766/1643 2527/2527/2343
f 3551/3551/3272 354/354/325 3552/3552/3273
f 3658/3658/3369 3973/3973/3646 2836/2836/2619
f 4010/4010/3681 2531/2531/2347 2532/2532/2348
f 4010/4010/3681 2532/2532/2348 4011/4011/3682
f 3894/3894/3575 3893/3893/3574 2537/2537/2353
f 3894/3894/3575 2537/2537/2353 4012/4012/3683
f 3087/3087/2843 932/932/870 3088/3088/2844
f 4013/4013/3684 53/53/49 47/47/43
f 4014/4014/3685 1585/1585/1473 1581/1581/1469
f 4013/4013/3684 47/47/43 3561/3561/3282
f 4014/4014/3685 1581/1581/1469 2559/2559/2373
f 4014/4014/3685 2391/2391/2222 3295/3295/3037
f 4014/4014/3685 3560/3560/3281 2391/2391/2222
f 4014/4014/3685 3295/3295/3037 1585/1585/1473
f 181/181/164 4015/4015/3686 182/182/165
f 3567/3567/3288 1103/1103/1030 1102/1102/1029
f 3567/3567/3288 1102/1102/1029 3215/3215/2963
f 3463/3463/3195 214/214/192 685/685/639
f 3463/3463/3195 685/685/639 1038/1038/970
f 3463/3463/3195 4016/4016/3687 214/214/192
f 3070/3070/2826 1499/1499/1398 3128/3128/2884
f 3074/3074/2830 3076/3076/2832 4017/4017/3688
f 3074/3074/2830 4018/4018/3689 3516/3516/3245
f 3074/3074/2830 4019/4019/3690 4018/4018/3689
f 4020/4020/3691 2825/2825/2609 1214/1214/1134
f 4021/4021/3692 3815/3815/3504 1079/1079/1006
f 1392/1392/1302 1385/1385/1295 4022/4022/3693
f 4023/4023/3694 3078/3078/2834 4024/4024/3695
f 4023/4023/3694 4025/4025/3696 3078/3078/2834
f 4026/4026/3697 4027/4027/3698 3425/3425/3157
f 4026/4026/3697 3425/3425/3157 3424/3424/3156
s 0
f 4028/4028/3699 4029/4029/3699 4030/4030/3699
s 1
f 3588/3588/3305 3590/3590/3307 4031/4031/3700
f 469/469/439 3083/3083/2839 470/470/440
f 2142/2142/1983 1645/1645/1529 1644/1644/1528
f 3958/3958/3633 1082/1082/1009 2327/2327/2161
f 3964/3964/3638 3963/3963/3637 4032/4032/3701
f 492/492/462 1432/1432/1339 1431/1431/1338
f 492/492/462 1431/1431/1338 493/493/463
f 1906/1906/1767 3103/3103/2859 2171/2171/2012
f 1906/1906/1767 1908/1908/1769 3103/3103/2859
f 3161/3161/2917 3160/3160/2916 3362/3362/3099
f 4033/4033/3702 1178/1178/1102 1467/1467/1370
f 4033/4033/3702 1466/1466/1369 3694/3694/3402
f 4033/4033/3702 4034/4034/3703 4035/4035/3704
f 4033/4033/3702 3694/3694/3402 4034/4034/3703
f 4033/4033/3702 4035/4035/3704 1178/1178/1102
f 4033/4033/3702 1467/1467/1370 1466/1466/1369
f 555/555/525 558/558/528 1300/1300/1214
f 2011/2011/1865 2013/2013/1867 4036/4036/3705
f 2011/2011/1865 4036/4036/3705 3118/3118/2874
f 2624/2624/2431 4037/4037/3706 3787/3787/3484
f 2624/2624/2431 3786/3786/3483 3281/3281/3025
f 2624/2624/2431 3787/3787/3484 3786/3786/3483
f 2624/2624/2431 2625/2625/2432 4037/4037/3706
f 2624/2624/2431 3281/3281/3025 1955/1955/1812
f 4038/4038/3707 4039/4039/3708 4040/4040/3709
f 4038/4038/3707 4041/4041/3710 4039/4039/3708
s 0
f 1518/1518/167 1521/1521/167 4042/4042/167
s 1
f 1518/1518/167 1757/1757/1634 1519/1519/1413
f 1518/1518/167 4042/4042/167 334/334/305
f 1518/1518/167 334/334/305 1757/1757/1634
f 2348/2348/2181 341/341/312 3749/3749/3447
f 2348/2348/2181 3749/3749/3447 4043/4043/3711
f 2348/2348/2181 4043/4043/3711 2349/2349/2182
f 760/760/712 30/30/26 2356/2356/2189
f 760/760/712 2356/2356/2189 2353/2353/2186
f 1773/1773/1650 1415/1415/1324 1775/1775/1652
f 1773/1773/1650 2837/2837/2620 3553/3553/3274
f 2088/2088/1937 2090/2090/1939 4044/4044/3712
s 0
f 4045/4045/3713 4046/4046/3713 4047/4047/3713
s 1
f 2088/2088/1937 4048/4048/3714 2089/2089/1938
f 2088/2088/1937 4044/4044/3712 4049/4049/3715
s 0
f 4050/4050/3716 4051/4051/3716 4052/4052/3716
s 1
f 4053/4053/3717 4054/4054/3718 4055/4055/3719
f 1592/1592/1480 3313/3313/3053 1838/1838/1706
f 1592/1592/1480 1840/1840/1708 1593/1593/1481
f 3769/3769/3466 4056/4056/3720 1111/1111/1038
f 3769/3769/3466 2908/2908/2681 3390/3390/3123
f 3769/3769/3466 3390/3390/3123 4057/4057/3721
f 4058/4058/3722 288/288/265 3740/3740/3440
f 4059/4059/3723 4060/4060/3724 4061/4061/3723
f 4059/4059/3723 4061/4061/3723 4062/4062/3725
s 0
f 4063/4063/3726 4064/4064/3726 4065/4065/3726
s 1
f 1000/1000/932 754/754/706 1135/1135/1060
f 3238/3238/2986 4066/4066/3727 4067/4067/3728
f 3238/3238/2986 1005/1005/937 1007/1007/939
f 3238/3238/2986 1007/1007/939 4066/4066/3727
s 0
f 4068/4068/3729 4069/4069/3729 4070/4070/3729
s 1
f 1271/1271/1187 1158/1158/1082 1016/1016/948
f 2705/2705/2502 2706/2706/2503 4006/4006/3677
f 2705/2705/2502 4006/4006/3677 1162/1162/1086
f 3797/3797/3492 195/195/173 193/193/171
f 3797/3797/3492 3798/3798/3493 4071/4071/3730
f 3797/3797/3492 4071/4071/3730 195/195/173
f 3110/3110/2866 1177/1177/1101 2303/2303/2138
f 3110/3110/2866 1879/1879/1745 831/831/783
f 3110/3110/2866 2303/2303/2138 1879/1879/1745
f 3408/3408/3140 3647/3647/3358 1184/1184/1108
f 3408/3408/3140 3409/3409/3141 4072/4072/3731
f 3653/3653/3364 3507/3507/3236 3506/3506/3235
f 2473/2473/2293 2953/2953/2723 2474/2474/2294
f 2473/2473/2293 3575/3575/3296 2953/2953/2723
f 4073/4073/3732 3517/3517/3246 3516/3516/3245
f 4073/4073/3732 4074/4074/3733 1742/1742/1623
f 4073/4073/3732 1742/1742/1623 1741/1741/1622
f 4073/4073/3732 4075/4075/3734 4074/4074/3733
f 4073/4073/3732 1741/1741/1622 3517/3517/3246
f 4073/4073/3732 3516/3516/3245 4075/4075/3734
f 1221/1221/1141 1223/1223/1143 2971/2971/2735
f 1221/1221/1141 4076/4076/367 1222/1222/1142
f 2330/2330/2164 3078/3078/2834 4025/4025/3696
s 0
f 4077/4077/3735 4078/4078/3735 4079/4079/3735
s 1
f 4080/4080/3736 2982/2982/2744 4081/4081/3737
f 3704/3704/3412 3706/3706/3414 3590/3590/3307
f 1234/1234/1150 2989/2989/2751 1235/1235/1151
f 1234/1234/1150 3589/3589/3306 2989/2989/2751
f 2194/2194/2034 430/430/400 425/425/395
f 2194/2194/2034 2199/2199/2039 3903/3903/3582
f 2194/2194/2034 3903/3903/3582 430/430/400
f 2194/2194/2034 425/425/395 2195/2195/2035
f 4082/4082/3738 1257/1257/1173 1251/1251/1167
f 860/860/810 2844/2844/2627 861/861/811
f 4082/4082/3738 3597/3597/3314 1257/1257/1173
f 4083/4083/3739 1262/1262/1178 2211/2211/2050
f 4083/4083/3739 1263/1263/1179 1262/1262/1178
f 4083/4083/3739 2211/2211/2050 3599/3599/3316
f 4083/4083/3739 867/867/817 1263/1263/1179
f 4083/4083/3739 3599/3599/3316 867/867/817
f 884/884/830 3829/3829/3517 885/885/831
f 884/884/830 881/881/827 3828/3828/3516
f 3831/3831/3519 3287/3287/3029 895/895/841
f 3831/3831/3519 2218/2218/2057 3287/3287/3029
f 3831/3831/3519 895/895/841 894/894/840
f 673/673/627 674/674/628 1276/1276/1192
f 1288/1288/1204 1712/1712/1593 1713/1713/1594
f 1288/1288/1204 1713/1713/1594 1289/1289/1205
f 4084/4084/3740 3571/3571/3292 3570/3570/3291
f 4084/4084/3740 3570/3570/3291 2237/2237/2076
f 2234/2234/2073 2439/2439/2262 4085/4085/3741
f 2234/2234/2073 2238/2238/2077 2439/2439/2262
f 4086/4086/3742 962/962/900 959/959/897
f 4086/4086/3742 590/590/557 582/582/549
f 4086/4086/3742 3720/3720/3426 3180/3180/2934
f 4086/4086/3742 3180/3180/2934 962/962/900
f 4086/4086/3742 959/959/897 590/590/557
f 4086/4086/3742 582/582/549 3720/3720/3426
f 3405/3405/3137 4087/4087/3743 3043/3043/2800
f 3405/3405/3137 3404/3404/3136 4087/4087/3743
f 4088/4088/3744 3235/3235/2983 1340/1340/1252
f 3817/3817/3506 4089/4089/3745 3818/3818/3507
f 3819/3819/3508 4090/4090/3746 1099/1099/1026
f 3819/3819/3508 1097/1097/1024 3427/3427/3159
f 3819/3819/3508 1099/1099/1026 1097/1097/1024
f 3819/3819/3508 1834/1834/1702 4090/4090/3746
f 1125/1125/1051 3154/3154/2910 1126/1126/1052
f 4091/4091/3747 4066/4066/3727 1007/1007/939
f 4091/4091/3747 1007/1007/939 1003/1003/935
f 3318/3318/3058 2443/2443/2266 2790/2790/2583
f 1687/1687/1569 1690/1690/1572 2368/2368/2201
f 4092/4092/3748 2804/2804/2593 3261/3261/3008
f 1699/1699/1580 1697/1697/1578 3543/3543/3264
f 224/224/201 2184/2184/2024 225/225/202
f 4093/4093/3749 241/241/218 442/442/412
f 4093/4093/3749 4094/4094/3750 4095/4095/3751
f 4093/4093/3749 442/442/412 4094/4094/3750
f 1910/1910/1771 3971/3971/3645 1911/1911/1772
f 4096/4096/3752 1922/1922/1783 4097/4097/3753
f 4096/4096/3752 274/274/251 268/268/245
f 4096/4096/3752 268/268/245 1510/1510/1409
f 4096/4096/3752 1510/1510/1409 1922/1922/1783
f 278/278/255 1232/1232/1148 281/281/258
f 2856/2856/2637 4098/4098/3754 4099/4099/3755
f 2856/2856/2637 4099/4099/3755 2857/2857/2638
f 3984/3984/3655 55/55/51 2362/2362/2195
f 3984/3984/3655 2362/2362/2195 2361/2361/2194
f 4100/4100/3756 3123/3123/2879 4101/4101/3757
s 0
f 4102/4102/3758 4103/4103/3758 4104/4104/3758
s 1
f 2881/2881/2659 3968/3968/3642 4105/4105/3759
f 2881/2881/2659 4105/4105/3759 79/79/75
f 88/88/84 3496/3496/3225 93/93/89
f 3517/3517/3246 1737/1737/1618 3518/3518/3247
f 3517/3517/3246 1741/1741/1622 1737/1737/1618
f 4106/4106/3760 4107/4107/3761 4108/4108/3762
f 4106/4106/3760 4108/4108/3762 1784/1784/1661
f 2579/2579/2393 2576/2576/2390 2642/2642/2449
f 2650/2650/2457 1628/1628/1514 3879/3879/3560
f 2650/2650/2457 2509/2509/2325 2505/2505/2321
f 2654/2654/2461 1917/1917/1778 3655/3655/3366
f 2659/2659/2466 1920/1920/1781 1919/1919/1780
f 2968/2968/2732 2324/2324/2158 3999/3999/3670
f 3716/3716/3424 3898/3898/3577 2698/2698/2495
f 517/517/487 513/513/483 3720/3720/3426
f 4109/4109/3763 4110/4110/3763 4111/4111/3763
f 543/543/513 545/545/515 2640/2640/2447
f 3168/3168/2924 2491/2491/2309 2493/2493/2311
f 3168/3168/2924 2493/2493/2311 3169/3169/2925
f 2009/2009/1863 4112/4112/3764 940/940/878
f 2009/2009/1863 940/940/878 939/939/877
f 2008/2008/1862 3744/3744/3442 3874/3874/3555
f 3938/3938/3613 3436/3436/3168 3438/3438/3170
f 4113/4113/3765 308/308/282 4114/4114/3766
f 3938/3938/3613 3682/3682/3390 3436/3436/3168
f 4113/4113/3765 4114/4114/3766 1143/1143/1068
f 1759/1759/1636 3360/3360/3097 3749/3749/3447
f 3751/3751/3449 353/353/324 354/354/325
f 3751/3751/3449 3311/3311/3051 353/353/324
f 3973/3973/3646 3266/3266/3013 2836/2836/2619
f 4011/4011/3682 2532/2532/2348 2734/2734/2531
f 3664/3664/3375 4115/4115/3767 3665/3665/3376
f 4012/4012/3683 2536/2536/2352 4116/4116/3768
f 4012/4012/3683 2537/2537/2353 2536/2536/2352
f 3272/3272/3018 4117/4117/3769 4118/4118/3770
f 3272/3272/3018 4118/4118/3770 3273/3273/3019
f 3272/3272/3018 4119/4119/3771 4117/4117/3769
f 1204/1204/1124 3982/3982/3653 1205/1205/1125
f 3980/3980/3651 4120/4120/3772 2758/2758/2553
f 3421/3421/3153 3959/3959/2160 2326/2326/2160
f 2765/2765/2560 398/398/368 394/394/364
s 0
f 4121/4121/3773 4122/4122/3773 4123/4123/3773
s 1
f 4124/4124/3774 4125/4125/3775 3565/3565/3286
f 4124/4124/3774 3565/3565/3286 3564/3564/3285
f 4124/4124/3774 4126/4126/3776 4125/4125/3775
f 3568/3568/3289 2778/2778/2571 682/682/636
f 3568/3568/3289 682/682/636 679/679/633
f 214/214/192 210/210/188 688/688/642
f 214/214/192 688/688/642 685/685/639
f 4101/4101/3757 3123/3123/2879 3118/3118/2874
f 3065/3065/2821 4127/4127/3777 3066/3066/2822
f 3515/3515/3244 1382/1382/1292 1763/1763/1640
f 3076/3076/2832 4128/4128/3778 4017/4017/3688
f 743/743/695 2361/2361/2194 744/744/696
f 3702/3702/3410 3084/3084/2840 3083/3083/2839
f 3706/3706/3414 4031/4031/3700 3590/3590/3307
f 4129/4129/3779 1076/1076/1003 1069/1069/996
f 1082/1082/1009 1083/1083/1010 2327/2327/2161
f 785/785/737 783/783/735 1656/1656/1540
s 0
f 4130/4130/3780 4131/4131/3780 4132/4132/3780
f 4133/4133/3781 4134/4134/3781 4135/4135/3781
s 1
f 817/817/769 820/820/772 2095/2095/1942
f 3109/3109/2865 1358/1358/1270 1362/1362/1274
f 1178/1178/1102 1177/1177/1101 2186/2186/2026
f 1178/1178/1102 2186/2186/2026 1467/1467/1370
f 2132/2132/1973 2131/2131/1972 3788/3788/3485
f 3037/3037/2794 955/955/893 954/954/892
f 3037/3037/2794 3784/3784/3481 955/955/893
f 4136/4136/3782 273/273/250 588/588/555
f 3132/3132/2888 1519/1519/1413 1757/1757/1634
f 3132/3132/2888 1757/1757/1634 1756/1756/1633
f 3552/3552/3273 354/354/325 352/352/323
f 1246/1246/1162 2198/2198/2038 1247/1247/1163
f 1246/1246/1162 4137/4137/3783 2198/2198/2038
f 1900/1900/167 1789/1789/1666 1787/1787/1664
f 2377/2377/2210 770/770/722 2380/2380/2213
f 3052/3052/2809 4138/4138/3784 3053/3053/2809
f 986/986/920 2432/2432/2255 3387/3387/3120
f 2196/2196/2036 4139/4139/3785 2197/2197/2037
f 2200/2200/2040 2195/2195/2035 3170/3170/2926
f 2609/2609/2416 3700/3700/3408 2921/2921/2692
f 2609/2609/2416 3701/3701/3409 3700/3700/3408
f 2792/2792/2585 3247/3247/2995 2793/2793/2586
f 2792/2792/2585 2796/2796/2589 4003/4003/3674
f 3321/3321/3061 4140/4140/3786 3514/3514/3243
f 4141/4141/3787 4142/4142/3788 1459/1459/1362
f 4141/4141/3787 1459/1459/1362 1458/1458/1361
f 4143/4143/3789 4034/4034/3703 3694/3694/3402
f 4143/4143/3789 3694/3694/3402 4144/4144/3790
f 2632/2632/2439 2634/2634/2441 2946/2946/2716
f 2632/2632/2439 2946/2946/2716 1893/1893/1759
f 2632/2632/2439 1893/1893/1759 3146/3146/2902
s 0
f 4145/4145/3791 4146/4146/3791 4147/4147/3791
s 1
f 4148/4148/3792 1065/1065/992 1064/1064/991
s 0
f 4149/4149/3793 4150/4150/3793 4151/4151/3793
s 1
f 4018/4018/3689 4075/4075/3734 3516/3516/3245
f 4152/4152/3794 4022/4022/3693 1385/1385/1295
f 4152/4152/3794 3077/3077/2833 3520/3520/3249
f 4152/4152/3794 1385/1385/1295 3077/3077/2833
f 2978/2978/2740 4153/4153/3795 2979/2979/2741
f 3591/3591/3308 75/75/71 2564/2564/2378
f 1545/1545/1433 841/841/793 1546/1546/1434
f 1545/1545/1433 2190/2190/2030 841/841/793
f 2270/2270/2109 4154/4154/3796 1245/1245/1161
f 2270/2270/2109 2272/2272/2111 4154/4154/3796
f 2202/2202/2042 2204/2204/2044 4155/4155/3797
f 1679/1679/1561 2992/2992/2754 3598/3598/3315
f 1567/1567/1455 2211/2211/2050 1568/1568/1456
f 2995/2995/2757 3776/3776/3473 4156/4156/3798
f 2212/2212/2051 3679/3679/3387 37/37/33
f 3287/3287/3029 3018/3018/2775 895/895/841
f 3024/3024/2781 3079/3079/2835 3288/3288/3030
f 3290/3290/3032 3614/3614/3329 3291/3291/3033
f 2013/2013/1867 3782/3782/3479 4036/4036/3705
f 2013/2013/1867 2012/2012/1866 3783/3783/3480
f 2013/2013/1867 3783/3783/3480 3782/3782/3479
f 962/962/900 3180/3180/2934 3179/3179/2933
f 1323/1323/1237 1325/1325/1239 4157/4157/3799
f 2533/2533/2349 2538/2538/2354 4158/4158/3800
f 1689/1689/1571 3047/3047/2804 972/972/906
f 1235/1235/1151 2989/2989/2751 2340/2340/2173
f 842/842/794 841/841/793 2190/2190/2030
f 3100/3100/2856 3103/3103/2859 1908/1908/1769
f 3829/3829/3517 1268/1268/1184 885/885/831
f 4159/4159/3801 3264/3264/3011 3781/3781/3478
f 4159/4159/3801 3781/3781/3478 4160/4160/3802
f 3901/3901/3580 3459/3459/3191 2779/2779/2572
f 4159/4159/3801 4160/4160/3802 4161/4161/3803
f 2231/2231/2070 930/930/868 2764/2764/2559
f 2237/2237/2076 2722/2722/2519 2010/2010/1864
f 500/500/470 499/499/469 948/948/886
f 3040/3040/2797 3039/3039/2796 4162/4162/3804
f 3688/3688/3396 4163/4163/3805 3298/3298/3040
f 3377/3377/3112 951/951/889 1315/1315/1229
f 3230/3230/2978 3042/3042/2799 3231/3231/2979
f 2981/2981/2743 4081/4081/3737 2982/2982/2744
f 1349/1349/1261 614/614/573 613/613/572
f 1349/1349/1261 2262/2262/2101 614/614/573
f 3388/3388/3121 2431/2431/2254 4164/4164/3806
f 3388/3388/3121 4164/4164/3806 3389/3389/3122
f 1143/1143/1068 4114/4114/3766 472/472/442
s 0
f 4165/4165/3807 4166/4166/3807 4167/4167/3807
s 1
f 4168/4168/3808 4004/4004/3675 4169/4169/3809
f 4168/4168/3808 4005/4005/3676 4004/4004/3675
f 3397/3397/3130 4170/4170/3810 3398/3398/3130
f 2295/2295/2130 2064/2064/1913 190/190/168
f 2295/2295/2130 1019/1019/951 1015/1015/947
f 237/237/214 236/236/213 3945/3945/3620
f 237/237/214 3945/3945/3620 704/704/658
f 4171/4171/3811 3419/3419/3151 3420/3420/3152
f 3174/3174/2928 2677/2677/2476 3610/3610/3325
f 4172/4172/3812 2495/2495/2313 548/548/518
f 1472/1472/1375 4173/4173/138 1476/1476/138
f 4172/4172/3812 548/548/518 2041/2041/1891
f 1483/1483/1382 1903/1903/1764 2477/2477/2296
f 1483/1483/1382 557/557/527 556/556/526
f 1483/1483/1382 2477/2477/2296 557/557/527
f 575/575/542 3436/3436/3168 1985/1985/1842
f 1508/1508/1407 318/318/292 1511/1511/1410
f 3443/3443/3175 974/974/908 4174/4174/3813
f 3443/3443/3175 4174/4174/3813 4175/4175/3814
f 4176/4176/530 3648/3648/3359 3647/3647/3358
f 3975/3975/3648 3665/3665/3376 4115/4115/3767
f 4107/4107/3761 366/366/337 4108/4108/3762
f 3827/3827/3515 373/373/344 2084/2084/1933
f 3827/3827/3515 2084/2084/1933 649/649/604
f 890/890/836 892/892/838 2097/2097/1944
f 2769/2769/2564 2104/2104/1951 1590/1590/1478
f 696/696/650 695/695/649 3469/3469/3201
s 0
f 4177/4177/3815 4178/4178/3815 4179/4179/3815
s 1
f 3850/3850/3535 1388/1388/1298 3584/3584/3301
f 3913/3913/3590 2149/2149/1990 2148/2148/1989
f 2430/2430/2253 4180/4180/3816 2431/2431/2254
f 787/787/739 788/788/740 1431/1431/1338
f 4181/4181/3817 4182/4182/3818 3394/3394/3127
s 0
f 4183/4183/3819 4184/4184/3819 4185/4185/3819
s 1
f 2185/2185/2025 888/888/834 3105/3105/2861
f 2185/2185/2025 2180/2180/2020 888/888/834
f 4186/4186/3820 4187/4187/3820 4188/4188/3821
f 4186/4186/3820 4189/4189/3822 4187/4187/3820
f 4190/4190/3823 3269/3269/3015 3268/3268/3015
s 0
f 4191/4191/3824 4192/4192/3824 4193/4193/3824
s 1
f 3874/3874/3555 3744/3744/3442 3875/3875/3556
s 0
f 4194/4194/3825 4195/4195/3825 4196/4196/3825
s 1
f 2402/2402/2233 2508/2508/2324 2507/2507/2323
f 4197/4197/3826 2933/2933/2703 2932/2932/2703
f 3937/3937/3612 3383/3383/3116 3188/3188/2942
f 2514/2514/2330 2513/2513/2329 3884/3884/3565
f 3886/3886/3567 345/345/316 3192/3192/2946
f 3886/3886/3567 2523/2523/2339 346/346/317
f 3886/3886/3567 346/346/317 345/345/316
f 358/358/329 3661/3661/3372 359/359/330
f 365/365/336 4108/4108/3762 366/366/337
f 365/365/336 1784/1784/1661 4108/4108/3762
f 1254/1254/1170 3801/3801/3496 1256/1256/1172
f 1574/1574/1462 2763/2763/2558 1575/1575/1463
f 1826/1826/1694 3215/3215/2963 1102/1102/1029
f 1826/1826/1694 1102/1102/1029 4198/4198/3827
f 1603/1603/1491 215/215/193 213/213/191
f 4199/4199/3828 3001/3001/2763 4200/4200/3829
f 3233/3233/2981 4094/4094/3750 442/442/412
f 490/490/460 163/163/146 1648/1648/1532
f 2746/2746/2541 1657/1657/1541 4201/4201/3830
f 4202/4202/3831 2756/2756/2551 2759/2759/2554
f 4203/4203/3832 178/178/161 179/179/162
f 4202/4202/3831 4204/4204/3833 2756/2756/2551
f 4203/4203/3832 4205/4205/3834 2625/2625/2432
f 4203/4203/3832 2625/2625/2432 178/178/161
f 3252/3252/3000 2708/2708/2505 2707/2707/2504
f 3252/3252/3000 3251/3251/2999 2708/2708/2505
s 0
f 4206/4206/3835 4207/4207/3835 4208/4208/3835
s 1
f 4209/4209/3836 843/843/795 3350/3350/3087
f 4209/4209/3836 844/844/796 843/843/795
f 4209/4209/3836 3350/3350/3087 4210/4210/3837
f 4209/4209/3836 4210/4210/3837 2341/2341/2174
f 4209/4209/3836 2341/2341/2174 844/844/796
f 344/344/315 3192/3192/2946 345/345/316
f 744/744/696 2363/2363/2196 745/745/697
f 1976/1976/1833 1978/1978/1835 3928/3928/3603
f 2392/2392/2223 2391/2391/2222 3560/3560/3281
f 1751/1751/1628 3182/3182/2936 3181/3181/2935
f 4211/4211/3838 4212/4212/3838 4213/4213/3838
f 1751/1751/1628 1744/1744/1625 3182/3182/2936
f 4214/4214/3839 3908/3908/3587 3907/3907/3586
f 2034/2034/1885 2035/2035/1886 2429/2429/2252
f 1839/1839/1707 1838/1838/1706 478/478/448
f 1839/1839/1707 478/478/448 988/988/922
f 1134/1134/1059 2279/2279/2116 1138/1138/1063
f 22/22/18 3315/3315/3055 26/26/22
f 4215/4215/3840 1561/1561/1449 1683/1683/1565
f 3645/3645/3356 1676/1676/1558 1859/1859/1727
f 4215/4215/3840 1562/1562/1450 1561/1561/1449
s 0
f 4216/4216/3841 4217/4217/3841 4218/4218/3841
s 1
f 3088/3088/2844 932/932/870 924/924/862
f 3092/3092/2848 4219/4219/3842 1079/1079/1006
f 4220/4220/3843 1911/1911/1772 3971/3971/3645
f 1094/1094/1021 1511/1511/1410 318/318/292
f 2488/2488/2307 3427/3427/3159 1097/1097/1024
f 2488/2488/2307 2339/2339/2172 3427/3427/3159
f 2488/2488/2307 281/281/258 2339/2339/2172
f 2642/2642/2449 2576/2576/2390 2243/2243/2082
f 195/195/173 4071/4071/3730 3473/3473/3205
f 382/382/352 3500/3500/3229 3766/3766/3463
f 382/382/352 3766/3766/3463 383/383/353
f 778/778/730 3496/3496/3225 3498/3498/3227
f 4221/4221/3844 4222/4222/3845 4223/4223/3846
f 2171/2171/2012 3103/3103/2859 3102/3102/2858
f 2173/2173/2014 4224/4224/3847 2174/2174/2014
s 0
f 4225/4225/3848 4226/4226/3848 4227/4227/3848
s 1
f 1469/1469/1372 1467/1467/1370 2186/2186/2026
f 3436/3436/3168 2879/2879/2657 1985/1985/1842
f 3436/3436/3168 3682/3682/3390 2879/2879/2657
s 0
f 1521/1521/167 4228/4228/167 4042/4042/167
s 1
f 3140/3140/2896 752/752/704 3141/3141/2897
f 1564/1564/1452 2085/2085/1934 3950/3950/3625
f 1572/1572/1460 84/84/80 4229/4229/3849
f 4230/4230/3850 388/388/358 380/380/350
f 4231/4231/3851 3778/3778/3475 4232/4232/3852
f 2766/2766/2561 1584/1584/1472 3933/3933/3608
f 3164/3164/2920 4125/4125/3775 2795/2795/2588
f 3164/3164/2920 3565/3565/3286 4125/4125/3775
f 1138/1138/1063 2279/2279/2116 3572/3572/3293
f 1011/1011/943 3573/3573/3294 1012/1012/944
f 4233/4233/3853 4234/4234/3854 4235/4235/3855
f 4233/4233/3853 4235/4235/3855 4236/4236/3856
f 3575/3575/3296 238/238/215 1199/1199/1119
f 3378/3378/3113 1315/1315/1229 1062/1062/989
f 2837/2837/2620 2838/2838/2621 3752/3752/3450
f 881/881/827 3603/3603/3320 3828/3828/3516
f 1279/1279/1195 472/472/442 4114/4114/3766
f 1279/1279/1195 473/473/443 472/472/442
f 1279/1279/1195 4114/4114/3766 308/308/282
f 1295/1295/1209 1707/1707/1588 3368/3368/3105
f 1340/1340/1252 1343/1343/1255 4153/4153/3795
f 3451/3451/3183 4237/4237/3857 2085/2085/1934
f 168/168/151 1852/1852/1720 169/169/152
f 27/27/23 4238/4238/3858 1854/1854/1722
f 1672/1672/1554 2793/2793/2586 3247/3247/2995
f 2044/2044/1894 557/557/527 2477/2477/2296
f 1912/1912/1773 3584/3584/3301 1913/1913/1774
f 1917/1917/1778 1916/1916/1777 3655/3655/3366
f 2620/2620/2427 1657/1657/1541 1656/1656/1540
f 2620/2620/2427 4201/4201/3830 1657/1657/1541
f 2756/2756/2551 4204/4204/3833 4239/4239/3859
f 2756/2756/2551 4239/4239/3859 2757/2757/2552
f 3680/3680/3388 3679/3679/3387 4240/4240/3860
f 3010/3010/3861 3009/3009/3862 4241/4241/3863
f 3018/3018/2775 892/892/838 895/895/841
f 564/564/534 3877/3877/3558 3985/3985/3656
f 2381/2381/2214 763/763/715 1548/1548/1436
f 2381/2381/2214 769/769/721 763/763/715
f 4242/4242/3864 91/91/87 3296/3296/3038
s 0
f 4243/4243/3865 4244/4244/3865 4245/4245/3865
s 1
f 2396/2396/2227 946/946/884 3783/3783/3480
f 2396/2396/2227 3783/3783/3480 2012/2012/1866
f 4246/4246/3866 3518/3518/3247 1737/1737/1618
f 4247/4247/3867 2023/2023/1877 2022/2022/1876
f 4248/4248/3868 3306/3306/3046 3302/3302/3044
f 3628/3628/3341 4249/4249/3869 3629/3629/3342
f 4247/4247/3867 2022/2022/1876 4250/4250/3870
f 2037/2037/1888 979/979/913 980/980/914
f 4251/4251/3871 4252/4252/3872 4253/4253/3873
f 4251/4251/3871 4253/4253/3873 4254/4254/3874
f 3222/3222/2970 3698/3698/3406 3997/3997/3668
f 3001/3001/2763 3000/3000/2762 4200/4200/3829
f 1632/1632/1518 3019/3019/2776 3846/3846/3531
f 464/464/434 2921/2921/2692 465/465/435
f 1647/1647/1531 1650/1650/1534 3713/3713/3421
f 2720/2720/2517 2721/2721/2518 4008/4008/3679
f 998/998/930 2886/2886/2664 4255/4255/2666
s 0
f 4256/4256/3875 4257/4257/3875 4258/4258/3875
s 1
f 4259/4259/3876 4039/4039/3708 4041/4041/3710
f 1766/1766/1643 1768/1768/1645 2527/2527/2343
f 2836/2836/2619 3266/3266/3013 2838/2838/2621
f 3801/3801/3496 3800/3800/3495 1256/1256/1172
f 929/929/867 2764/2764/2559 930/930/868
f 3749/3749/3447 3360/3360/3097 4043/4043/3711
f 353/353/324 3311/3311/3051 2429/2429/2252
f 2734/2734/2531 2532/2532/2348 1318/1318/1232
f 373/373/344 372/372/343 2084/2084/1933
f 401/401/371 2337/2337/2170 2336/2336/2169
f 468/468/438 2660/2660/2467 4260/4260/3877
f 493/493/463 1431/1431/1338 788/788/740
f 493/493/463 788/788/740 786/786/738
f 493/493/463 786/786/738 497/497/467
s 0
f 4261/4261/3878 4262/4262/3878 4263/4263/3878
f 4264/4264/3879 4265/4265/3879 4266/4266/3879
s 1
f 176/176/159 3317/3317/3057 177/177/160
f 176/176/159 175/175/158 4267/4267/3880
f 4268/4268/3881 386/386/356 4269/4269/3882
f 3681/3681/3389 1436/1436/1343 3926/3926/3601
f 3299/3299/3041 3298/3298/3040 4163/4163/3805
f 665/665/619 2651/2651/2458 2505/2505/2321
f 127/127/119 643/643/600 642/642/599
f 163/163/146 164/164/147 1648/1648/1532
f 4125/4125/3775 2797/2797/2590 2795/2795/2588
f 4125/4125/3775 4126/4126/3776 2797/2797/2590
s 0
f 187/187/167 189/189/167 4270/4270/167
s 1
f 4271/4271/3883 4272/4272/3884 1373/1373/1283
f 3323/3323/3063 3473/3473/3205 3324/3324/3064
f 4271/4271/3883 1373/1373/1283 1369/1369/1281
f 3323/3323/3063 3474/3474/3206 3473/3473/3205
f 4273/4273/3885 2814/2814/2600 2813/2813/2600
f 4200/4200/3829 3000/3000/2762 3952/3952/3627
f 3355/3355/3092 1557/1557/1445 3356/3356/3093
f 862/862/812 4274/4274/3886 863/863/813
f 4009/4009/3680 2523/2523/2339 2522/2522/2338
f 862/862/812 4275/4275/3887 4274/4274/3886
f 947/947/885 944/944/882 4276/4276/3888
f 947/947/885 4276/4276/3888 3782/3782/3479
f 1206/1206/1126 1202/1202/1122 4277/4277/3889
f 2431/2431/2254 4180/4180/3816 4164/4164/3806
f 2157/2157/1998 2155/2155/1996 3391/3391/3124
f 2886/2886/2664 3499/3499/3228 2162/2162/2003
f 4278/4278/3890 4279/4279/3891 4280/4280/3892
f 4278/4278/3890 4280/4280/3892 4281/4281/3893
f 1033/1033/965 1035/1035/967 3332/3332/3070
f 3822/3822/3511 554/554/524 2822/2822/2606
f 4237/4237/3857 3950/3950/3625 2085/2085/1934
f 3822/3822/3511 558/558/528 554/554/524
f 2871/2871/2649 3877/3877/3558 2723/2723/2520
f 2871/2871/2649 2873/2873/2651 3877/3877/3558
f 3946/3946/3621 3945/3945/3620 2819/2819/2603
f 3135/3135/2891 3134/3134/2890 3189/3189/2943
f 3483/3483/3212 3141/3141/2897 752/752/704
f 4223/4223/3846 4222/4222/3845 95/95/91
f 2090/2090/1939 4229/4229/3849 4044/4044/3712
f 1382/1382/1292 1379/1379/1289 1763/1763/1640
s 0
f 4282/4282/3894 4283/4283/3894 4284/4284/3894
s 1
f 2833/2833/2616 1390/1390/1300 3849/3849/3534
f 2833/2833/2616 3849/3849/3534 1963/1963/1820
f 615/615/574 3446/3446/3178 616/616/575
f 2277/2277/2114 3572/3572/3293 2279/2279/2116
f 2277/2277/2114 3499/3499/3228 3572/3572/3293
f 4285/4285/3895 4286/4286/3896 2945/2945/2715
f 4287/4287/3897 4288/4288/3898 4289/4289/3899
f 825/825/777 4290/4290/3900 827/827/779
f 3473/3473/3205 4071/4071/3730 3324/3324/3064
f 3332/3332/3070 1035/1035/967 1770/1770/1647
f 1628/1628/1514 1630/1630/1516 3879/3879/3560
f 2863/2863/2641 2862/2862/2641 4291/4291/3901
s 0
f 4292/4292/3902 4293/4293/3902 4294/4294/3902
s 1
f 3241/3241/2989 3859/3859/3544 2146/2146/1987
f 1648/1648/1532 164/164/147 1649/1649/1533
f 2757/2757/2552 4239/4239/3859 3245/3245/2993
f 2724/2724/2521 3747/3747/3445 1731/1731/1612
f 990/990/924 4295/4295/3903 991/991/925
f 3395/3395/3128 3394/3394/3127 4182/4182/3818
f 2487/2487/2306 3585/3585/3302 2660/2660/2467
f 3918/3918/3594 4210/4210/3837 3350/3350/3087
f 3756/3756/3453 3755/3755/3453 4296/4296/3904
f 3761/3761/3458 717/717/671 2322/2322/2156
f 465/465/435 2921/2921/2692 3700/3700/3408
f 4003/4003/3674 2796/2796/2589 4297/4297/3905
f 2064/2064/1913 4298/4298/167 189/189/167
f 2064/2064/1913 189/189/167 190/190/168
f 4142/4142/3788 4299/4299/3906 1459/1459/1362
f 1179/1179/1103 1175/1175/1099 2304/2304/2139
f 2944/2944/2714 4286/4286/3896 3411/3411/3143
f 2944/2944/2714 2945/2945/2715 4286/4286/3896
f 233/233/210 1199/1199/1119 238/238/215
f 1222/1222/1142 4300/4300/366 3422/3422/3154
f 1222/1222/1142 4076/4076/367 4300/4300/366
f 1261/1261/1177 1570/1570/1458 1264/1264/1180
f 3877/3877/3558 2873/2873/2651 3985/3985/3656
f 513/513/483 3180/3180/2934 3720/3720/3426
f 3585/3585/3302 4260/4260/3877 2660/2660/2467
f 4222/4222/3845 3932/3932/3607 95/95/91
f 2041/2041/1891 155/155/138 154/154/138
f 3118/3118/2874 4036/4036/3705 4301/4301/3907
f 1568/1568/1456 1264/1264/1180 1570/1570/1458
f 84/84/80 4044/4044/3712 4229/4229/3849
f 3987/3987/3658 1505/1505/1404 4302/4302/3908
s 0
f 4303/4303/3909 4304/4304/3909 4305/4305/3909
s 1
f 3661/3661/3372 3634/3634/3345 359/359/330
f 3846/3846/3531 3019/3019/2776 3780/3780/3477
f 2146/2146/1987 3859/3859/3544 2147/2147/1988
f 4306/4306/3910 4161/4161/3803 4160/4160/3802
f 4306/4306/3910 4307/4307/3911 4161/4161/3803
f 616/616/575 981/981/915 617/617/576
f 4308/4308/3912 3324/3324/3064 4071/4071/3730
f 2937/2937/2707 4309/4309/3913 1617/1617/1505
f 4308/4308/3912 4071/4071/3730 3798/3798/3493
f 4153/4153/3795 1343/1343/1255 2979/2979/2741
f 26/26/22 3315/3315/3055 4310/4310/3914
f 386/386/356 387/387/357 4269/4269/3882
f 391/391/361 2362/2362/2195 49/49/45
f 407/407/377 405/405/375 4311/4311/3915
f 3487/3487/3216 2263/2263/2102 2264/2264/2103
f 3988/3988/3659 1548/1548/1436 1549/1549/1437
f 3695/3695/3403 3217/3217/2965 2569/2569/2383
f 2819/2819/2603 3945/3945/3620 236/236/213
f 1232/1232/1148 2339/2339/2172 281/281/258
f 4232/4232/3852 3778/3778/3475 3777/3777/3474
f 474/474/444 1146/1146/1071 475/475/445
f 3460/3460/3192 3459/3459/3191 4312/4312/3916
f 4239/4239/3859 3246/3246/2994 3245/3245/2993
f 2899/2899/2674 2898/2898/2673 4313/4313/3917
f 4289/4289/3899 4288/4288/3898 4236/4236/3856
f 4289/4289/3899 4236/4236/3856 4235/4235/3855
f 4314/4314/3918 2710/2710/2507 1461/1461/1364
f 545/545/515 541/541/511 834/834/786
f 3782/3782/3479 4276/4276/3888 4036/4036/3705
s 0
f 4315/4315/3919 4316/4316/3919 4317/4317/3919
s 1
f 1512/1512/1411 1510/1510/1409 268/268/245
f 2639/2639/2446 1823/1823/1691 3256/3256/3004
f 338/338/309 4042/4042/167 4318/4318/167
f 338/338/309 334/334/305 4042/4042/167
f 3315/3315/3055 4319/4319/3920 4310/4310/3914
f 55/55/51 49/49/45 2362/2362/2195
f 3366/3366/3103 675/675/629 672/672/626
f 4313/4313/3917 2898/2898/2673 4320/4320/3921
f 2187/2187/2027 834/834/786 541/541/511
f 3924/3924/3599 2730/2730/2527 197/197/175
f 3924/3924/3599 197/197/175 3922/3922/3597
f 226/226/203 691/691/645 690/690/644
f 226/226/203 690/690/644 227/227/204
f 1500/1500/1399 1503/1503/1402 4321/4321/3922
f 1497/1497/1396 4302/4302/3908 1505/1505/1404
f 1037/1037/969 1036/1036/968 1882/1882/1748
f 1037/1037/969 1882/1882/1748 3333/3333/3071
f 1889/1889/1755 3148/3148/2904 3146/3146/2902
f 1889/1889/1755 3146/3146/2902 1893/1893/1759
f 4322/4322/3923 4323/4323/3924 4324/4324/3925
f 108/108/104 110/110/106 4325/4325/3926
f 4326/4326/3927 4327/4327/3928 4328/4328/3929
f 4327/4327/3928 4329/4329/3930 4328/4328/3929
s 0
f 4330/4330/3931 4331/4331/3931 4332/4332/3931
s 1
f 3994/3994/3665 3993/3993/3664 4333/4333/3932
f 4334/4334/3933 4322/4322/3923 4324/4324/3925
f 4335/4335/3934 4336/4336/3935 4337/4337/3936
f 4336/4336/3935 4338/4338/3937 4337/4337/3936
f 1849/1849/1717 1848/1848/1716 4339/4339/3938
s 0
f 4340/4340/3939 4341/4341/3939 4342/4342/3939
s 1
f 4343/4343/3940 4344/4344/3941 4345/4345/3942
f 4344/4344/3941 4346/4346/3943 4345/4345/3942
f 170/170/153 172/172/155 4347/4347/3944
f 4348/4348/3945 4349/4349/3946 4350/4350/3947
f 4349/4349/3946 4351/4351/3948 4350/4350/3947
f 4295/4295/3903 990/990/924 4352/4352/3949
s 0
f 4353/4353/3950 4354/4354/3950 4355/4355/3950
f 4356/4356/3951 4357/4357/3951 4358/4358/3951
f 4359/4359/3952 4360/4360/3952 4361/4361/3952
s 1
f 4362/4362/3953 4363/4363/3953 4364/4364/3953
s 0
f 4365/4365/3954 4366/4366/3954 4367/4367/3954
f 4368/4368/3955 4369/4369/3955 4370/4370/3955
s 1
f 4371/4371/3956 4372/4372/3957 4373/4373/3958
f 4372/4372/3957 4374/4374/3959 4373/4373/3958
s 0
f 4375/4375/3960 4376/4376/3960 4377/4377/3960
s 1
f 4378/4378/3961 4379/4379/3962 4380/4380/3963
f 4379/4379/3962 4381/4381/3964 4380/4380/3963
f 4382/4382/3965 4383/4383/3966 4384/4384/3967
f 4383/4383/3966 4385/4385/3968 4384/4384/3967
f 629/629/588 628/628/587 4386/4386/3969
f 4387/4387/3970 4388/4388/3971 4389/4389/3971
f 4388/4388/3971 4390/4390/3972 4389/4389/3971
s 0
f 4391/4391/3973 4392/4392/3973 4393/4393/3973
s 1
f 632/632/591 631/631/590 4394/4394/3974
f 264/264/241 263/263/240 4395/4395/3975
f 4396/4396/3976 4397/4397/3977 4398/4398/3978
f 4397/4397/3977 4399/4399/3979 4398/4398/3978
s 0
f 4400/4400/3980 4401/4401/3980 4402/4402/3980
s 1
f 1420/1420/1327 1422/1422/1329 4403/4403/3981
f 4404/4404/3982 4405/4405/3983 4406/4406/3984
f 4405/4405/3983 4407/4407/3985 4406/4406/3984
f 4408/4408/3986 4409/4409/3987 4410/4410/3988
f 4409/4409/3987 4411/4411/3989 4410/4410/3988
s 0
f 4412/4412/3990 4413/4413/3990 4414/4414/3990
s 1
f 4415/4415/3991 4416/4416/3992 4417/4417/3993
f 4416/4416/3992 4418/4418/3994 4417/4417/3993
s 0
f 4419/4419/3995 4420/4420/3995 4421/4421/3995
f 4422/4422/3996 4423/4423/3996 4424/4424/3996
s 1
f 4425/4425/3997 4426/4426/3998 4427/4427/3998
f 4426/4426/3998 4428/4428/3999 4427/4427/3998
s 0
f 4429/4429/4000 4430/4430/4000 4431/4431/4000
f 4432/4432/4001 4433/4433/4001 4434/4434/4001
s 1
f 4435/4435/4002 4436/4436/4003 4437/4437/4004
f 4436/4436/4003 4438/4438/4005 4437/4437/4004
s 0
f 4439/4439/4006 4440/4440/4006 4441/4441/4006
s 1
f 4442/4442/4007 4443/4443/4008 4444/4444/4009
f 4443/4443/4008 4445/4445/4010 4444/4444/4009
f 3055/3055/2811 3054/3054/2810 4446/4446/4011
f 4447/4447/4012 4448/4448/4013 4449/4449/4014
f 4448/4448/4013 4450/4450/4015 4449/4449/4014
f 4054/4054/3718 4053/4053/3717 4451/4451/4016
s 0
f 4452/4452/4017 4453/4453/4017 4454/4454/4017
f 4455/4455/4018 4456/4456/4018 4457/4457/4018
f 4458/4458/4019 4459/4459/4019 4460/4460/4019
s 1
f 4461/4461/4020 4462/4462/4021 4463/4463/4022
f 4462/4462/4021 4464/4464/4023 4463/4463/4022
f 4465/4465/4024 4466/4466/4024 4467/4467/4024
s 0
f 4468/4468/4025 4469/4469/4025 4470/4470/4025
f 4471/4471/4026 4472/4472/4026 4473/4473/4026
s 1
f 4474/4474/4027 4475/4475/4028 4476/4476/4029
s 0
f 4477/4477/4030 4478/4478/4030 4479/4479/4030
f 4480/4480/4031 4481/4481/4031 4482/4482/4031
f 4483/4483/4032 4484/4484/4032 4485/4485/4032
f 4486/4486/4033 4487/4487/4033 4488/4488/4033
s 1
f 4489/4489/4034 4490/4490/4035 4476/4476/4029
f 4490/4490/4035 4474/4474/4027 4476/4476/4029
f 4491/4491/4036 4492/4492/4037 4493/4493/4038
f 1956/1956/1813 1958/1958/1815 4494/4494/4039
s 0
f 4495/4495/4040 4496/4496/4040 4497/4497/4040
s 1
f 4498/4498/4041 4499/4499/4042 4500/4500/4043
f 4499/4499/4042 4501/4501/4044 4500/4500/4043
f 2359/2359/2192 2358/2358/2191 4502/4502/4045
f 4503/4503/4046 4491/4491/4036 4493/4493/4038
f 4504/4504/4047 4505/4505/4048 4506/4506/4049
f 4507/4507/4050 4508/4508/4050 4509/4509/4050
f 4510/4510/4051 4511/4511/4052 4512/4512/4053
f 4511/4511/4052 4513/4513/4054 4512/4512/4053
f 4514/4514/4055 4515/4515/4056 4516/4516/4056
f 4515/4515/4056 4517/4517/4057 4516/4516/4056
s 0
f 4518/4518/4058 4519/4519/4058 4520/4520/4058
s 1
f 4521/4521/4059 4504/4504/4047 4506/4506/4049
f 2047/2047/1897 2046/2046/1896 4522/4522/4060
f 4523/4523/4061 4524/4524/4062 4525/4525/4063
f 4524/4524/4062 4526/4526/4064 4525/4525/4063
f 2056/2056/1905 2055/2055/1904 4527/4527/4065
f 4528/4528/4066 4529/4529/4067 4530/4530/4068
f 4529/4529/4067 4531/4531/4069 4530/4530/4068
s 0
f 4532/4532/4070 4533/4533/4070 4534/4534/4070
s 1
f 4535/4535/4071 4536/4536/4072 4537/4537/4073
s 0
f 4538/4538/4074 4539/4539/4074 4540/4540/4074
f 4541/4541/4075 4542/4542/4075 4543/4543/4075
s 1
f 4544/4544/4076 4545/4545/4077 4546/4546/4078
f 4545/4545/4077 4547/4547/4079 4546/4546/4078
s 0
f 4548/4548/4080 4549/4549/4080 4550/4550/4080
s 1
f 4551/4551/4081 4535/4535/4071 4537/4537/4073
f 4552/4552/4082 4553/4553/4083 4554/4554/4082
s 0
f 4555/4555/4084 4556/4556/4084 4557/4557/4084
s 1
f 1541/1541/1429 1540/1540/1428 4558/4558/4085
f 4559/4559/4086 4560/4560/4087 4561/4561/4087
f 4560/4560/4087 4562/4562/4088 4561/4561/4087
f 1535/1535/1425 1534/1534/1424 4563/4563/4089
f 4564/4564/4090 4552/4552/4082 4554/4554/4082
