# Blender 5.2.0 LTS
# www.blender.org
mtllib hub_prop_bag.mtl
o Mesh_0
v -0.007141 0.172852 0.028565
v -0.007385 0.178711 0.028565
v -0.003342 0.173828 0.026245
v -0.009155 0.177734 0.033447
v -0.008606 0.172852 0.033692
v 0.133301 -0.182617 -0.061523
v 0.153809 -0.182617 -0.062988
v 0.137207 -0.197266 -0.061523
v 0.133301 -0.182617 -0.061523
v 0.126465 -0.183594 -0.058594
v 0.127441 -0.085449 -0.059326
v 0.133301 -0.182617 -0.061523
v 0.127441 -0.085449 -0.059326
v 0.132324 -0.088867 -0.062500
v 0.130371 -0.200196 -0.057861
v 0.126465 -0.183594 -0.058594
v 0.133301 -0.182617 -0.061523
v 0.161621 -0.134766 -0.061523
v 0.153809 -0.182617 -0.062988
v 0.161621 -0.134766 -0.061523
v -0.068359 0.091797 0.126953
v -0.079590 0.050781 0.143555
v -0.091797 0.082520 0.122559
v -0.068359 0.091797 0.126953
v -0.053711 0.051025 0.144531
v -0.079590 0.050781 0.143555
v -0.046875 0.090332 0.126953
v -0.053711 0.051025 0.144531
v -0.063965 0.109863 0.114258
v -0.010437 -0.037354 0.172852
v -0.024292 -0.038086 0.173828
v -0.024902 -0.030151 0.173828
v -0.010437 -0.037354 0.172852
v 0.000214 -0.029541 0.173828
v -0.000458 -0.041015 0.172852
v -0.010437 -0.037354 0.172852
v -0.024902 -0.030151 0.173828
v -0.011108 -0.029297 0.173828
v -0.022339 -0.042480 0.174805
v -0.010437 -0.037354 0.172852
v -0.011047 -0.041992 0.173828
v -0.022339 -0.042480 0.174805
v -0.000458 -0.041015 0.172852
v 0.000214 -0.029541 0.173828
v 0.157715 0.222656 -0.106445
v 0.147949 0.234375 -0.087890
v 0.155762 0.221679 -0.105957
v 0.163574 0.211914 -0.120117
v 0.156738 0.229492 -0.104004
v 0.147949 0.236328 -0.088379
v 0.157715 0.222656 -0.106445
v 0.155762 0.221679 -0.105957
v 0.163574 0.208008 -0.120605
v 0.163574 0.211914 -0.120117
v 0.053223 -0.153321 0.162110
v -0.000244 -0.172852 0.153321
v -0.000584 -0.154297 0.163086
v 0.091797 -0.144531 0.162110
v 0.052734 -0.170898 0.153321
v 0.054688 -0.141602 0.165039
v -0.145996 0.096680 -0.001159
v -0.153809 0.046875 -0.007324
v -0.143066 0.095215 -0.005310
v -0.129394 0.142578 -0.002701
v -0.143066 0.096192 0.002602
v -0.157715 0.047608 -0.000702
v -0.024292 -0.038574 0.189453
v -0.015869 -0.037597 0.189453
v -0.024902 -0.030639 0.189453
v -0.026123 -0.037842 0.182617
v -0.024658 -0.042480 0.183594
v -0.022339 -0.042480 0.187500
v -0.026001 -0.031983 0.186524
v 0.034912 0.183594 0.020020
v 0.034912 0.196289 0.021362
v 0.029419 0.194336 0.020508
v 0.029541 0.182617 0.019165
v 0.034668 0.172852 0.017822
v 0.034912 0.183594 0.020020
v 0.034668 0.172852 0.017822
v 0.050537 0.179688 -0.030273
v 0.049072 0.192383 -0.030762
v 0.034912 0.196289 0.021362
v 0.152832 -0.214844 0.100098
v 0.152832 -0.215821 0.105469
v 0.145020 -0.223633 0.104981
v 0.152832 -0.214844 0.100098
v 0.154785 -0.216797 0.075684
v 0.164551 -0.204102 0.075684
v 0.161621 -0.203125 0.100586
v 0.164551 -0.204102 0.075684
v 0.144043 -0.222656 0.100098
v 0.154785 -0.216797 0.075684
v -0.044189 0.128906 -0.034179
v -0.043701 0.149414 -0.033935
v -0.043945 0.128906 -0.032226
v -0.044922 0.127929 -0.035888
v -0.130371 -0.200196 -0.051269
v -0.131348 -0.200196 -0.057373
v -0.125488 -0.182617 -0.052246
v -0.160644 -0.140625 -0.052734
v -0.135254 -0.204102 -0.051513
v -0.140137 -0.206054 -0.057373
v 0.091797 0.056640 0.150391
v 0.056397 0.047608 0.153321
v 0.099121 0.092285 0.136719
v 0.090332 0.027710 0.157227
v 0.099609 0.035645 0.155274
v 0.091797 0.056640 0.150391
v 0.117188 0.063477 0.146485
v 0.107422 0.044922 0.151367
v 0.107422 0.044922 0.151367
v 0.121582 0.094238 0.136719
v 0.121582 0.094238 0.136719
v 0.129395 -0.032715 -0.179687
v 0.128418 -0.011231 -0.182617
v 0.129395 -0.031983 -0.183594
v 0.131348 -0.052735 -0.180664
v 0.130371 -0.053467 -0.177734
v 0.128418 -0.033203 -0.177734
v 0.127441 -0.011657 -0.179687
v -0.121094 0.168946 0.047363
v -0.120117 0.164062 0.023926
v -0.120605 0.166016 0.047363
v -0.121094 0.166016 0.023926
v -0.119629 0.170898 0.047119
v -0.121094 0.168946 0.047363
v -0.120605 0.166016 0.047363
v -0.121094 0.166016 0.071778
v -0.119141 0.167969 0.072266
v -0.119629 0.170898 0.047119
v -0.169434 -0.000500 0.000183
v -0.169434 -0.050781 0.024780
v -0.159668 0.003967 0.023438
v -0.172363 -0.000584 -0.004272
v -0.179199 -0.051514 -0.004638
v -0.169434 -0.000500 0.000183
v -0.162598 0.050781 -0.002762
v -0.172363 -0.000584 -0.004272
v -0.176269 -0.051758 0.000168
v -0.159668 0.003967 0.023438
v -0.158691 0.049805 0.002526
v 0.000130 0.123535 0.130860
v -0.000179 0.144531 0.114746
v -0.054687 0.144531 0.114258
v 0.000130 0.123535 0.130860
v 0.000229 0.093750 0.146485
v 0.054443 0.124512 0.129883
v -0.055176 0.124023 0.129883
v 0.000229 0.093750 0.146485
v 0.000130 0.123535 0.130860
v 0.054443 0.144531 0.113770
v -0.000179 0.144531 0.114746
v 0.054443 0.124512 0.129883
v 0.168457 -0.183594 -0.061035
v 0.147949 -0.199219 -0.061523
v 0.141113 -0.198242 -0.061523
v 0.207520 -0.147461 -0.059082
v 0.153809 -0.182617 -0.062988
v 0.147949 -0.199219 -0.061523
v 0.141113 -0.198242 -0.061523
v -0.030273 0.040283 0.169922
v -0.027222 0.023193 0.174805
v -0.028320 0.038574 0.173828
v -0.027954 0.047119 0.172852
v -0.027466 0.053955 0.167969
v -0.028931 0.039795 0.167969
v -0.000244 -0.172852 0.153321
v -0.000187 -0.183594 0.145508
v -0.053223 -0.184571 0.145508
v 0.053467 -0.184571 0.144531
v -0.000244 -0.172852 0.153321
v -0.053223 -0.184571 0.145508
v -0.053467 -0.171875 0.153321
v -0.000187 -0.183594 0.145508
v -0.054199 -0.153321 0.163086
v -0.000584 -0.154297 0.163086
v 0.162598 0.050537 -0.003052
v 0.158691 0.049316 -0.007568
v 0.149902 0.101074 -0.002563
v 0.168457 -0.001061 0.000191
v 0.171387 -0.001152 -0.004364
v 0.167481 -0.001526 -0.009521
v 0.157715 0.049316 0.002304
v 0.023315 -0.038086 0.172852
v 0.025513 -0.031983 0.177735
v 0.025269 -0.037110 0.177735
v 0.023315 -0.038086 0.172852
v 0.009766 -0.036865 0.172852
v 0.023804 -0.030274 0.172852
v 0.023804 -0.030274 0.172852
v 0.023438 -0.041992 0.177735
v 0.021362 -0.041992 0.173828
v 0.021362 -0.041992 0.173828
v -0.109863 0.209961 -0.146484
v -0.115234 0.191406 -0.158203
v -0.116211 0.195312 -0.160156
v -0.166504 0.188477 -0.127929
v -0.104492 0.225586 -0.130859
v -0.161621 0.206054 -0.118652
v -0.110840 0.212891 -0.146484
v -0.166504 -0.208008 0.023194
v -0.180176 -0.195312 -0.003937
v -0.169434 -0.192383 0.024536
v -0.155762 -0.220703 0.022827
v -0.165527 -0.225586 -0.003509
v -0.174316 -0.210938 -0.004242
v -0.166504 -0.208008 0.023194
v -0.169434 -0.192383 0.024536
v -0.160644 -0.202148 0.075684
v -0.152832 -0.211914 0.075196
v -0.155762 -0.220703 0.022827
v 0.125488 0.099121 -0.187500
v 0.123535 0.102051 -0.184570
v 0.124023 0.125000 -0.183594
v 0.126465 0.069824 -0.188476
v 0.126465 0.100586 -0.190429
v 0.128418 0.070801 -0.192383
v 0.113770 -0.047851 0.136719
v 0.120606 -0.106445 0.145508
v 0.119141 -0.105957 0.140625
v 0.113770 -0.047851 0.136719
v 0.109375 -0.003738 0.131836
v 0.110352 -0.004211 0.134766
v 0.135254 -0.047364 0.121582
v 0.131348 -0.002320 0.117676
v 0.135254 -0.047364 0.121582
v 0.111328 -0.003662 0.138672
v 0.116699 -0.046875 0.148438
v 0.116699 -0.046875 0.148438
v -0.038574 0.215821 -0.032471
v -0.034668 0.208008 0.022339
v -0.031250 0.218750 0.022339
v -0.027832 0.224609 -0.032715
v -0.038574 0.215821 -0.032471
v -0.030273 0.217773 -0.032715
v -0.038574 0.209961 -0.032226
v -0.020508 0.224609 -0.033203
v -0.047119 0.205078 -0.031494
v -0.027832 0.224609 -0.032715
v -0.038574 0.215821 -0.032471
v -0.038574 0.209961 -0.032226
v -0.047119 0.205078 -0.031494
v -0.133301 -0.183594 -0.061523
v -0.131348 -0.088867 -0.062500
v -0.126465 -0.085449 -0.059082
v -0.133301 -0.183594 -0.061523
v -0.138184 -0.197266 -0.061035
v -0.133301 -0.183594 -0.061523
v -0.153809 -0.181641 -0.062988
v -0.161621 -0.135742 -0.061523
v -0.161621 -0.135742 -0.061523
v -0.153809 -0.181641 -0.062988
v -0.133301 -0.183594 -0.061523
v -0.126465 -0.085449 -0.059082
v -0.125488 -0.184571 -0.058594
v -0.125488 -0.184571 -0.058594
v 0.103516 0.137696 0.084961
v 0.111816 0.137696 0.080078
v 0.114258 0.087890 0.100098
v 0.103516 0.137696 0.084961
v 0.088867 0.138672 0.088379
v 0.099121 0.153321 0.077637
v 0.104492 0.153321 0.075684
v 0.092285 0.084472 0.111328
v 0.088867 0.138672 0.088379
v 0.104492 0.153321 0.075684
v 0.060303 -0.250000 -0.009216
v 0.123047 -0.244141 -0.000076
v 0.060303 -0.247071 -0.005035
v 0.060303 -0.250000 -0.009216
v -0.000957 -0.250000 -0.011291
v -0.000607 -0.247071 -0.014465
v 0.060303 -0.250000 -0.009216
v 0.060303 -0.247071 -0.005035
v -0.000957 -0.250000 -0.011291
v 0.123535 -0.247071 -0.003937
v 0.060059 -0.247071 -0.012024
v 0.123535 -0.247071 -0.003937
v -0.108887 -0.002503 0.145508
v -0.083496 -0.047608 0.163086
v -0.083008 -0.003677 0.158203
v -0.112793 -0.047119 0.149414
v -0.108887 -0.002503 0.145508
v -0.104004 0.049073 0.138672
v -0.108887 0.048340 0.135742
v -0.114746 -0.002716 0.143555
v -0.104004 0.049073 0.138672
v -0.108887 0.048340 0.135742
v -0.169434 -0.162109 0.100098
v -0.167480 -0.110352 0.097656
v -0.172363 -0.165039 0.077149
v -0.169434 -0.162109 0.100098
v -0.166504 -0.186523 0.100098
v -0.167480 -0.186523 0.104981
v -0.170410 -0.163086 0.104981
v -0.170410 -0.163086 0.104981
v -0.172363 -0.165039 0.077149
v 0.047607 0.178711 -0.031006
v 0.048340 0.164062 -0.030273
v 0.046631 0.166016 -0.030151
v 0.029663 0.171875 0.016724
v 0.029541 0.182617 0.019165
v 0.050537 0.166016 -0.029541
v 0.046387 0.190429 -0.031494
v 0.103516 -0.208984 0.127930
v 0.125488 -0.206054 0.124024
v 0.116211 -0.182617 0.140625
v 0.098145 -0.190429 0.139649
v 0.127441 -0.221679 0.111328
v 0.114746 -0.225586 0.110352
v 0.103516 -0.208984 0.127930
v 0.098145 -0.190429 0.139649
v 0.050293 -0.208984 0.129883
v 0.050293 -0.208984 0.129883
v -0.145996 0.046142 0.025513
v -0.143066 0.046631 0.060059
v -0.154785 0.001632 0.026245
v -0.137207 0.097656 0.012451
v -0.124512 0.090820 0.031861
v -0.109375 -0.196289 -0.105469
v -0.113769 -0.186523 -0.124023
v -0.114258 -0.183594 -0.123047
v -0.109375 -0.196289 -0.105469
v -0.150879 -0.194336 -0.087402
v -0.145996 -0.205078 -0.071289
v -0.103027 -0.207031 -0.085449
v -0.108398 -0.200196 -0.105957
v -0.113769 -0.186523 -0.124023
v -0.114258 -0.183594 -0.123047
v 0.150879 0.047851 0.086426
v 0.160645 0.000238 0.095703
v 0.158691 -0.000519 0.091309
v 0.150879 0.047851 0.086426
v 0.148926 0.048095 0.059815
v 0.137207 0.092285 0.078613
v 0.142090 0.092773 0.085449
v 0.150879 0.047851 0.086426
v 0.153809 0.048095 0.091797
v 0.160645 0.000238 0.095703
v 0.150879 0.047851 0.086426
v 0.158691 -0.000519 0.091309
v 0.160645 -0.001396 0.064942
v 0.153809 0.048095 0.091797
v 0.148926 0.048095 0.059815
v 0.131348 -0.077637 -0.053955
v 0.127441 -0.085449 -0.059326
v 0.126465 -0.084472 -0.053222
v 0.131348 -0.077637 -0.053955
v 0.133301 -0.077637 -0.059570
v 0.127441 -0.085449 -0.059326
v 0.160645 -0.139648 -0.052490
v 0.137207 -0.075683 -0.053467
v 0.137207 -0.075683 -0.053467
v -0.100098 0.122070 0.122559
v -0.100586 0.141602 0.107910
v -0.055908 0.120605 0.123047
v -0.100098 0.122070 0.122559
v -0.055908 0.120605 0.123047
v -0.056641 0.089844 0.138672
v -0.100098 0.122070 0.122559
v -0.123047 0.122070 0.122559
v -0.122559 0.139648 0.108887
v -0.100586 0.141602 0.107910
v -0.099121 0.092773 0.136719
v -0.123047 0.122070 0.122559
v -0.132324 -0.228516 -0.027099
v -0.136230 -0.223633 -0.037842
v -0.135254 -0.227539 -0.036865
v -0.132324 -0.230469 -0.025635
v -0.130371 -0.224609 -0.027954
v 0.024414 0.013733 0.182617
v 0.035645 0.013672 0.182617
v 0.034424 0.004761 0.181641
v 0.023071 0.005859 0.181641
v 0.021484 0.006165 0.183594
v 0.022217 0.013366 0.184571
v 0.019897 0.019043 0.184571
v 0.173340 -0.054199 -0.153320
v 0.134277 -0.041992 -0.185547
v 0.173340 -0.038819 -0.154297
v 0.171387 -0.057129 -0.152344
v 0.135254 -0.058105 -0.182617
v 0.172363 -0.052490 -0.146484
v 0.173340 -0.054199 -0.153320
v 0.135254 -0.058105 -0.182617
v 0.134277 -0.041992 -0.185547
v -0.003693 0.172852 0.041016
v -0.003616 0.177734 0.041016
v -0.007111 0.172852 0.038330
v -0.003693 0.172852 0.041016
v 0.001663 0.172852 0.041016
v 0.001938 0.177734 0.040772
v -0.003616 0.177734 0.041016
v -0.002624 -0.019653 0.184571
v -0.000629 -0.019776 0.184571
v -0.002533 -0.009826 0.186524
v -0.002945 -0.009766 0.184571
v -0.003220 -0.019776 0.182617
v -0.000778 -0.029907 0.183594
v -0.002594 -0.030151 0.182617
v 0.108398 0.215821 -0.023804
v 0.115723 0.228516 -0.033935
v 0.107422 0.218750 -0.021240
v 0.108398 0.215821 -0.023804
v 0.107422 0.218750 -0.021240
v 0.101074 0.205078 -0.014282
v 0.107422 0.212891 -0.024780
v 0.115234 0.226562 -0.035156
v 0.102051 0.199219 -0.017090
v 0.107422 0.212891 -0.024780
v 0.006653 -0.069824 0.176758
v 0.003723 -0.072754 0.180664
v 0.000702 -0.072754 0.177735
v 0.001846 -0.062256 0.178711
v 0.017578 -0.065430 0.177735
v -0.174316 0.119629 -0.148437
v -0.123535 0.122558 -0.181640
v -0.121582 0.147461 -0.176758
v -0.173340 0.145508 -0.143554
v -0.175293 0.120605 -0.150390
v -0.175293 0.083985 -0.150390
v -0.177246 0.084472 -0.154297
v -0.162598 -0.163086 0.104492
v -0.159668 -0.103028 0.101563
v -0.138184 -0.106445 0.121582
v -0.162598 -0.163086 0.104492
v -0.141113 -0.160156 0.123047
v -0.160644 -0.186523 0.104981
v -0.163574 -0.185547 0.102051
v -0.165527 -0.164062 0.102539
v -0.164551 -0.104980 0.100586
v -0.141113 -0.160156 0.123047
v -0.165527 -0.164062 0.102539
v 0.047363 0.142578 -0.028442
v 0.045654 0.143554 -0.028076
v 0.049561 0.143554 -0.027344
v 0.048340 0.143554 -0.028198
v 0.155762 -0.005799 0.064942
v 0.153809 0.002243 0.025879
v 0.159668 -0.046386 0.071289
v 0.155762 -0.005799 0.064942
v 0.143066 0.046631 0.059815
v 0.153809 0.002243 0.025879
v 0.155762 -0.005799 0.064942
v 0.156738 -0.002045 0.093262
v 0.149902 0.046142 0.088867
v 0.156738 -0.002045 0.093262
v 0.149902 0.046142 0.088867
v -0.093750 0.248047 -0.104004
v -0.141113 0.244141 -0.076172
v -0.086426 0.249023 -0.090820
v -0.095703 0.243164 -0.109863
v -0.097656 0.244141 -0.113281
v -0.086914 0.247071 -0.092773
v -0.147949 0.239258 -0.087402
v -0.066894 -0.112305 -0.053955
v -0.061035 -0.051758 -0.049316
v -0.122070 -0.050537 -0.045166
v -0.000004 -0.112793 -0.054931
v -0.066894 -0.112305 -0.053955
v -0.126465 -0.112793 -0.048340
v -0.070312 -0.166992 -0.056640
v -0.126465 -0.112793 -0.048340
v -0.066894 -0.112305 -0.053955
v 0.009033 -0.164062 -0.059082
v -0.000004 -0.112793 -0.054931
v -0.020019 -0.169922 -0.059082
v -0.070312 -0.166992 -0.056640
v 0.121094 0.095215 0.139649
v 0.118652 0.097168 0.142578
v 0.118652 0.066895 0.148438
v 0.121094 0.095215 0.139649
v 0.122070 0.122070 0.122559
v 0.121094 0.124023 0.126953
v 0.121582 0.094238 0.136719
v 0.118652 0.097168 0.142578
v 0.136231 -0.204102 -0.057373
v 0.130371 -0.200196 -0.057861
v 0.137207 -0.197266 -0.061523
v 0.142090 -0.205078 -0.058105
v 0.129395 -0.199219 -0.051513
v 0.135254 -0.204102 -0.051758
v -0.102539 0.045166 0.127930
v -0.103516 0.043945 0.120606
v -0.093750 0.085449 0.111817
v -0.102539 0.045166 0.127930
v -0.085449 0.102051 0.110352
v -0.102539 0.045166 0.127930
v -0.102051 0.046386 0.134766
v -0.106934 -0.004822 0.141602
v -0.102539 0.045166 0.127930
v -0.106934 -0.004822 0.141602
v -0.109375 -0.004364 0.135742
v -0.093750 0.085449 0.111817
v -0.091797 0.082520 0.122559
v -0.109375 -0.004364 0.135742
v -0.171387 -0.050537 -0.147461
v -0.129394 -0.052979 -0.173828
v -0.128418 -0.032959 -0.176758
v -0.171387 -0.050537 -0.147461
v -0.169434 -0.077148 -0.145508
v -0.129394 -0.052979 -0.173828
v -0.173340 -0.041504 -0.149414
v -0.171387 -0.030396 -0.147461
v -0.173340 -0.041504 -0.149414
v 0.048096 0.146484 0.090821
v 0.041504 0.155273 0.082520
v 0.000008 0.149414 0.089356
v 0.083984 0.156250 0.082520
v -0.001118 0.137696 0.102051
v 0.041504 0.118164 0.117188
v 0.083984 0.145508 0.089356
v 0.059570 0.120605 0.113770
v 0.048096 0.146484 0.090821
v 0.000008 0.149414 0.089356
v -0.001118 0.137696 0.102051
v 0.174316 -0.210938 -0.004059
v 0.178223 -0.195312 -0.007141
v 0.173340 -0.210938 -0.007568
v 0.163574 -0.224609 -0.006317
v 0.163574 -0.225586 -0.003570
v 0.180176 -0.195312 -0.004272
v 0.165527 -0.207031 0.023682
v -0.011597 0.020752 0.189453
v -0.012512 0.025269 0.192383
v -0.027710 0.023926 0.191406
v -0.011597 0.020752 0.189453
v -0.018311 0.017700 0.185547
v -0.011230 0.019165 0.187500
v -0.000496 0.021729 0.189453
v -0.020508 0.018799 0.188477
v -0.018311 0.017700 0.185547
v -0.012512 0.025269 0.192383
v -0.116211 -0.233398 0.098633
v -0.129394 -0.229492 0.099121
v -0.129394 -0.231446 0.076172
v -0.059570 -0.234375 0.104492
v -0.116699 -0.233398 0.104004
v -0.116211 -0.233398 0.098633
v -0.129394 -0.231446 0.076172
v -0.115723 -0.234375 0.077149
v -0.116211 -0.233398 0.098633
v -0.060059 -0.233398 0.098145
v -0.059570 -0.234375 0.104492
v -0.116211 -0.233398 0.098633
v -0.115723 -0.234375 0.077149
v -0.060059 -0.233398 0.098145
v 0.126465 0.013489 -0.182617
v 0.128418 -0.011231 -0.182617
v 0.127441 -0.011657 -0.179687
v 0.173340 -0.010193 -0.149414
v 0.174316 0.016236 -0.151367
v 0.126465 0.040528 -0.185547
v 0.127441 0.014038 -0.185547
v -0.000786 -0.053955 0.184571
v -0.005127 -0.054931 0.183594
v -0.000221 -0.054931 0.181641
v -0.000786 -0.053955 0.184571
v 0.003937 -0.055176 0.183594
v 0.002625 -0.039062 0.183594
v -0.000786 -0.053955 0.184571
v 0.002625 -0.039062 0.183594
v -0.002792 -0.039062 0.183594
v -0.002792 -0.039062 0.183594
v -0.000221 -0.054931 0.181641
v -0.135254 0.147461 -0.000412
v -0.129394 0.157227 -0.000137
v -0.133301 0.144531 -0.006012
v -0.135254 0.147461 -0.000412
v -0.145996 0.099121 -0.006470
v -0.149902 0.101074 -0.002182
v -0.145019 0.100097 0.005066
v -0.129394 0.143554 0.013306
v -0.145996 0.099121 -0.006470
v -0.145019 0.100097 0.005066
v -0.136230 -0.047608 0.121582
v -0.140137 -0.108398 0.126953
v -0.115234 -0.047851 0.136719
v -0.136230 -0.047608 0.121582
v -0.155762 -0.000335 0.098633
v -0.160644 -0.043701 0.100586
v -0.132324 -0.002594 0.118164
v -0.155762 -0.000335 0.098633
v -0.163574 -0.105469 0.104004
v -0.140137 -0.108398 0.126953
v 0.018311 0.224609 -0.033447
v 0.018677 0.223633 0.022583
v 0.011169 0.229492 0.022583
v 0.028320 0.217773 -0.032959
v 0.018311 0.224609 -0.033447
v 0.028198 0.222656 -0.032959
v 0.028320 0.217773 -0.032959
v 0.018311 0.224609 -0.033447
v 0.011169 0.229492 0.022583
v 0.007690 0.228516 -0.033447
v 0.017090 0.229492 -0.033203
v 0.007690 0.228516 -0.033447
v 0.142090 -0.221679 0.075684
v 0.143066 -0.219727 0.100098
v 0.152832 -0.212891 0.075684
v 0.144043 -0.228516 0.023438
v 0.127441 -0.227539 0.075684
v 0.142090 -0.221679 0.075684
v 0.128418 -0.225586 0.101074
v 0.143066 -0.219727 0.100098
v 0.155762 -0.220703 0.022461
v 0.142090 -0.221679 0.075684
v 0.127441 -0.227539 0.075684
v 0.128418 -0.225586 0.101074
v -0.125488 0.099121 -0.186523
v -0.125000 0.125000 -0.183594
v -0.061523 -0.250000 -0.009460
v -0.061768 -0.247071 -0.012085
v -0.000607 -0.247071 -0.014465
v -0.061523 -0.250000 -0.009460
v -0.000957 -0.250000 -0.011291
v -0.061279 -0.247071 -0.004791
v -0.124512 -0.247071 -0.003570
v -0.061768 -0.247071 -0.012085
v -0.123535 -0.245117 0.000614
v -0.000957 -0.250000 -0.011291
v 0.076172 0.020264 0.166016
v 0.094727 0.027588 0.162110
v 0.074707 0.022949 0.169922
v 0.076172 0.020264 0.166016
v 0.045410 0.012695 0.171875
v 0.044678 0.012757 0.166992
v 0.073731 0.021118 0.161133
v 0.074707 0.022949 0.169922
v 0.076172 0.020264 0.166016
v 0.073731 0.021118 0.161133
v 0.094727 0.027588 0.162110
v 0.124023 -0.182617 -0.052490
v 0.126465 -0.183594 -0.058594
v 0.126465 -0.183594 -0.058594
v 0.124023 -0.182617 -0.052490
v 0.126465 -0.084472 -0.053222
v -0.096191 0.084961 0.115723
v -0.104492 0.044922 0.126953
v -0.107422 0.047119 0.131836
v -0.096191 0.084961 0.115723
v -0.099609 0.140625 0.087403
v -0.116699 0.089355 0.102539
v -0.096191 0.084961 0.115723
v -0.098144 0.079590 0.128906
v -0.088379 0.117188 0.107422
v -0.096191 0.084961 0.115723
v -0.116699 0.089355 0.102539
v -0.104492 0.044922 0.126953
v -0.098144 0.079590 0.128906
v -0.099609 0.140625 0.087403
v -0.159668 -0.167969 -0.114258
v -0.154785 -0.181641 -0.101074
v -0.118164 -0.168946 -0.137695
v -0.159668 -0.167969 -0.114258
v -0.165527 -0.152344 -0.125976
v -0.161621 -0.169922 -0.115234
v -0.161621 -0.169922 -0.115234
v -0.159668 -0.167969 -0.114258
v -0.120605 -0.151367 -0.150390
v -0.163574 -0.151367 -0.125000
v -0.118164 -0.168946 -0.137695
v -0.163574 -0.151367 -0.125000
v 0.081543 0.089844 0.123535
v 0.091309 0.081543 0.123047
v 0.079102 0.083985 0.127930
v 0.081543 0.089844 0.123535
v 0.071289 0.118164 0.106934
v 0.091309 0.081543 0.123047
v 0.065918 0.104004 0.116211
v 0.065918 0.104004 0.116211
v 0.173340 -0.052002 -0.009521
v 0.179199 -0.052002 -0.004364
v 0.179199 -0.114746 -0.009155
v 0.167481 -0.001526 -0.009521
v 0.171387 -0.001152 -0.004364
v 0.173340 -0.052002 -0.009521
v 0.161621 -0.115235 -0.036865
v 0.159668 -0.052979 -0.034912
v 0.167481 -0.001526 -0.009521
v 0.173340 -0.052002 -0.009521
v 0.179199 -0.114746 -0.009155
v 0.161621 -0.115235 -0.036865
v 0.000172 0.114746 0.121582
v -0.044678 0.109375 0.124512
v 0.000137 0.089355 0.138672
v 0.000172 0.114746 0.121582
v 0.000137 0.089355 0.138672
v 0.049316 0.095703 0.133789
v -0.001118 0.137696 0.102051
v 0.000172 0.114746 0.121582
v 0.041504 0.118164 0.117188
v -0.024658 -0.041992 0.177735
v -0.026367 -0.037354 0.176758
v 0.115723 0.198242 -0.163086
v 0.174316 0.172852 -0.141601
v 0.120606 0.174804 -0.173828
v 0.110840 0.215821 -0.149414
v 0.169434 0.195312 -0.132812
v 0.115723 0.198242 -0.163086
v 0.120606 0.174804 -0.173828
v 0.114746 0.195312 -0.161133
v 0.110352 0.213867 -0.148437
v 0.110840 0.215821 -0.149414
v 0.052734 -0.189453 0.139649
v -0.000149 -0.189453 0.140625
v -0.000212 -0.187500 0.145508
v 0.053711 -0.188477 0.145508
v -0.133301 0.095703 -0.023804
v -0.123535 0.096680 -0.029297
v -0.125488 0.136719 -0.018066
v -0.142090 0.045899 -0.027344
v -0.129394 0.046142 -0.034912
v -0.133301 0.095703 -0.023804
v -0.125488 0.136719 -0.018066
v -0.129394 0.142578 -0.002701
v -0.150879 -0.211914 0.100098
v -0.143066 -0.218750 0.100098
v -0.152832 -0.211914 0.075196
v -0.143066 -0.218750 0.103028
v -0.150879 -0.211914 0.100098
v -0.152832 -0.211914 0.075196
v -0.160644 -0.202148 0.075684
v -0.158691 -0.200196 0.100098
v -0.149902 -0.211914 0.104004
v -0.158691 -0.200196 0.100098
v 0.043213 0.128906 -0.033935
v 0.042969 0.149414 -0.033935
v 0.043945 0.128906 -0.035888
v 0.043457 0.128906 -0.032471
v 0.053467 -0.048340 0.167969
v -0.000256 -0.048584 0.169922
v -0.000294 -0.105469 0.172852
v 0.053467 -0.048340 0.167969
v 0.054443 -0.104492 0.171875
v 0.082520 -0.048095 0.163086
v -0.000294 -0.105469 0.172852
v 0.053467 -0.048340 0.167969
v 0.053223 -0.004395 0.162110
v -0.000256 -0.048584 0.169922
v 0.082520 -0.048095 0.163086
v 0.082031 -0.003830 0.157227
v -0.036133 0.196289 0.020874
v -0.050781 0.193359 -0.030517
v -0.035889 0.183594 0.019409
v -0.029053 0.206054 0.021362
v -0.030762 0.194336 0.020264
v 0.118652 0.170898 0.046875
v 0.120117 0.166016 0.023194
v 0.118164 0.167969 0.023071
v 0.118164 0.167969 0.072266
v 0.120606 0.167969 0.046875
v 0.113281 0.167969 0.071778
v 0.113770 0.168946 0.046875
v 0.142090 -0.194336 -0.047607
v 0.158691 -0.168946 -0.034424
v 0.141113 -0.168946 -0.046875
v 0.142090 -0.194336 -0.047607
v 0.141113 -0.168946 -0.046875
v 0.130371 -0.193359 -0.051758
v 0.155762 -0.210938 -0.032226
v 0.158691 -0.196289 -0.034179
v 0.139160 -0.209961 -0.043213
v 0.155762 -0.210938 -0.032226
v -0.056396 0.047364 0.153321
v 0.000118 0.045655 0.154297
v -0.045898 0.012695 0.166992
v -0.073730 0.020508 0.162110
v -0.056396 0.047364 0.153321
v -0.092773 0.056640 0.151367
v -0.099121 0.092773 0.136719
v -0.092773 0.056640 0.151367
v -0.056641 0.089844 0.138672
v -0.056396 0.047364 0.153321
v -0.163574 -0.170898 -0.037597
v -0.183105 -0.167969 -0.008850
v -0.181152 -0.114746 -0.008301
v -0.163574 -0.170898 -0.037597
v -0.162598 -0.197266 -0.037109
v -0.183105 -0.167969 -0.008850
v -0.163574 -0.170898 -0.037597
v -0.162598 -0.114746 -0.037109
v -0.147949 -0.114746 -0.049560
v -0.163574 -0.170898 -0.037597
v -0.147949 -0.169922 -0.050049
v -0.145019 -0.195312 -0.050537
v -0.163574 -0.170898 -0.037597
v -0.181152 -0.114746 -0.008301
v -0.162598 -0.114746 -0.037109
v -0.147949 -0.114746 -0.049560
v -0.163574 -0.170898 -0.037597
v -0.145019 -0.195312 -0.050537
v -0.162598 -0.197266 -0.037109
v 0.026856 0.052490 0.168946
v 0.026611 0.047364 0.171875
v 0.028809 0.039551 0.170899
v 0.025391 0.054444 0.169922
v 0.019409 0.060059 0.165039
v 0.025757 0.052490 0.165039
v 0.027710 0.039795 0.167969
v 0.151856 -0.198242 -0.086914
v 0.151856 -0.193359 -0.087890
v 0.145996 -0.205078 -0.072754
v 0.156738 -0.187500 -0.102051
v 0.156738 -0.184571 -0.101562
v 0.145996 -0.208984 -0.070801
v 0.151856 -0.201172 -0.086426
v -0.013184 0.010010 0.177735
v -0.000095 0.010437 0.181641
v -0.012634 0.012207 0.180664
v -0.013184 0.010010 0.177735
v -0.020752 0.016601 0.180664
v -0.023193 0.015198 0.178711
v -0.012634 0.012207 0.180664
v -0.019043 0.011657 0.176758
v -0.019409 0.011536 0.174805
v -0.013184 0.010010 0.177735
v -0.000488 0.007721 0.177735
v -0.000095 0.010437 0.181641
v -0.019409 0.011536 0.174805
v -0.056641 -0.142578 0.170899
v -0.094238 -0.142578 0.167969
v -0.055664 -0.159179 0.166016
v -0.000416 -0.161133 0.165039
v -0.089355 -0.103515 0.167969
v -0.000198 -0.142578 0.170899
v -0.055420 -0.104004 0.171875
v 0.111816 0.135742 0.023804
v 0.099609 0.134766 0.036865
v 0.131348 0.109863 0.022339
v 0.111816 0.135742 0.023804
v 0.129395 0.143554 0.012940
v 0.124512 0.156250 0.013977
v 0.111816 0.135742 0.023804
v 0.131348 0.109863 0.022339
v 0.129395 0.143554 0.012940
v 0.105469 0.152344 0.024780
v 0.124512 0.156250 0.013977
v 0.001602 -0.029907 0.180664
v 0.001877 -0.019409 0.182617
v 0.001663 -0.029663 0.182617
v -0.001026 -0.030029 0.180664
v 0.001404 -0.019531 0.181641
v -0.141113 0.241211 -0.075195
v -0.134277 0.244141 -0.061523
v -0.142090 0.238281 -0.076172
v -0.134277 0.239258 -0.061523
v -0.147949 0.236328 -0.087890
v -0.179199 -0.212891 -0.005401
v -0.165527 -0.227539 -0.008484
v -0.169434 -0.227539 -0.004913
v -0.179199 -0.212891 -0.005401
v -0.176269 -0.211914 -0.002075
v -0.184082 -0.196289 -0.006409
v -0.162598 -0.225586 0.003372
v -0.175293 -0.212891 -0.009216
v -0.169434 -0.227539 -0.004913
v -0.184082 -0.196289 -0.006409
v 0.001236 0.022583 0.188477
v 0.001831 0.022827 0.189453
v 0.001633 0.011963 0.189453
v -0.000496 0.011841 0.187500
v -0.000641 0.022583 0.188477
v 0.165527 -0.052002 -0.144531
v 0.128418 -0.056396 -0.171875
v 0.166504 -0.054931 -0.145508
v 0.165527 -0.052002 -0.144531
v 0.127441 -0.038330 -0.173828
v 0.128418 -0.056396 -0.171875
v 0.173340 -0.039795 -0.147461
v 0.167481 -0.037597 -0.144531
v 0.127441 -0.038330 -0.173828
v -0.073242 0.154297 0.080567
v -0.070312 0.136719 0.094727
v -0.097656 0.154297 0.078125
v -0.073242 0.154297 0.080567
v -0.040771 0.133789 0.098145
v -0.070312 0.136719 0.094727
v -0.073242 0.154297 0.080567
v -0.097656 0.154297 0.078125
v -0.074219 0.156250 0.082031
v -0.038330 0.153321 0.081055
v -0.074219 0.156250 0.082031
v -0.004349 -0.056640 0.181641
v -0.004974 -0.059815 0.183594
v -0.004608 -0.060302 0.177735
v -0.004456 -0.054931 0.178711
v -0.004349 -0.056640 0.181641
v -0.004456 -0.054931 0.178711
v -0.000221 -0.054931 0.181641
v 0.122070 0.144531 -0.015503
v 0.116211 0.152344 -0.010620
v 0.114258 0.147461 -0.017700
v 0.117676 0.134766 -0.022949
v 0.130371 0.141602 -0.003326
v 0.123047 0.154297 -0.003479
v 0.122070 0.144531 -0.015503
v 0.117676 0.134766 -0.022949
v 0.126465 0.135742 -0.018066
v 0.130371 0.141602 -0.003326
v 0.115723 -0.240234 0.025269
v 0.140137 -0.241211 -0.000435
v 0.130371 -0.238281 0.025025
v 0.058594 -0.243164 0.022827
v 0.115723 -0.234375 0.076172
v -0.129394 0.014648 -0.188476
v -0.178223 0.017334 -0.155273
v -0.129394 0.042480 -0.191406
v -0.176269 -0.008972 -0.153320
v -0.128418 0.014404 -0.185547
v -0.130371 -0.010620 -0.185547
v -0.128418 0.041748 -0.188476
v -0.108887 -0.004120 0.127930
v -0.103516 0.043945 0.120606
v -0.112793 -0.047851 0.132813
v -0.131348 -0.003097 0.114258
v -0.108887 -0.004120 0.127930
v -0.125488 0.043701 0.107422
v -0.103516 0.043945 0.120606
v -0.125488 0.043701 0.107422
v 0.094238 0.245117 -0.110840
v 0.086914 0.250000 -0.093750
v 0.146973 0.242188 -0.082031
v 0.094727 0.243164 -0.109863
v 0.086914 0.247071 -0.094238
v 0.104004 0.232422 -0.130859
v 0.162598 -0.185547 0.106934
v 0.168457 -0.162109 0.104492
v 0.163574 -0.161133 0.106934
v 0.143066 -0.184571 0.125488
v 0.158691 -0.201172 0.106446
v 0.167481 -0.187500 0.104981
v 0.000382 0.154297 -0.008362
v -0.052490 0.155273 -0.007446
v 0.000156 0.144531 -0.019409
v 0.000382 0.154297 -0.008362
v 0.054688 0.153321 -0.008179
v 0.052734 0.156250 -0.006592
v 0.000324 0.156250 -0.006531
v -0.052734 0.157227 -0.005646
v 0.000382 0.154297 -0.008362
v 0.000156 0.144531 -0.019409
v 0.054688 0.153321 -0.008179
v 0.000382 0.154297 -0.008362
v 0.052734 0.156250 -0.006592
v 0.000324 0.156250 -0.006531
v -0.089355 -0.222656 -0.047851
v -0.086914 -0.226562 -0.035156
v -0.087891 -0.225586 -0.047119
v -0.096191 -0.219727 -0.066406
v -0.096680 -0.215821 -0.065918
v -0.089355 -0.222656 -0.047851
v -0.135254 -0.220703 -0.038818
v -0.135254 -0.220703 -0.038818
v -0.130371 -0.224609 -0.027954
v 0.102051 0.046386 0.135742
v 0.081055 -0.005371 0.152344
v 0.082031 0.049805 0.143555
v 0.102051 0.046386 0.135742
v 0.101074 0.044922 0.126953
v 0.106934 -0.005432 0.140625
v 0.091309 0.081543 0.123047
v 0.102051 0.046386 0.135742
v 0.106934 -0.005432 0.140625
v 0.081055 -0.005371 0.152344
v 0.126465 -0.112793 -0.048584
v 0.122070 -0.051025 -0.045898
v 0.066895 -0.111817 -0.054443
v 0.126465 -0.112793 -0.048584
v 0.069824 -0.167969 -0.057617
v 0.130371 -0.167969 -0.050781
v 0.126465 -0.112793 -0.048584
v 0.066895 -0.111817 -0.054443
v 0.069824 -0.167969 -0.057617
v 0.126465 -0.112793 -0.048584
v 0.143066 -0.113281 -0.044678
v 0.141113 -0.052002 -0.042236
v 0.126465 -0.112793 -0.048584
v 0.141113 -0.052002 -0.042236
v 0.122070 -0.051025 -0.045898
v 0.130371 -0.167969 -0.050781
v -0.112793 0.096192 0.139649
v -0.120117 0.097656 0.142578
v -0.117187 0.067383 0.152344
v -0.112793 0.096192 0.139649
v -0.117187 0.067383 0.152344
v -0.107910 0.062988 0.152344
v -0.091797 0.058350 0.157227
v -0.098144 0.095703 0.142578
v -0.114258 0.125000 0.126953
v -0.091797 0.058350 0.157227
v -0.171387 -0.056396 -0.151367
v -0.173340 -0.053711 -0.153320
v -0.135254 -0.057373 -0.182617
v -0.171387 -0.052002 -0.146484
v -0.166504 -0.055420 -0.145508
v -0.171387 -0.056396 -0.151367
v -0.135254 -0.057373 -0.182617
v -0.135254 -0.059570 -0.180664
v 0.005676 0.177734 0.038330
v 0.005371 0.172852 0.038330
v 0.007233 0.177734 0.033692
v 0.002869 0.179688 0.037598
v 0.150879 -0.224609 -0.024170
v 0.136231 -0.227539 -0.027954
v 0.152832 -0.232422 -0.004852
v 0.150879 -0.224609 -0.024170
v 0.155762 -0.210938 -0.032226
v 0.136231 -0.227539 -0.027954
v -0.023071 0.012818 0.184571
v -0.027100 0.014038 0.188477
v -0.024658 0.004608 0.185547
v -0.023071 0.012818 0.184571
v -0.026001 0.013427 0.182617
v -0.018311 0.017700 0.185547
v -0.023071 0.012818 0.184571
v -0.024658 0.004608 0.185547
v -0.022461 0.005615 0.183594
v -0.022461 0.005615 0.183594
v -0.002228 -0.062256 0.178711
v -0.002212 -0.062988 0.183594
v -0.000339 -0.062011 0.179688
v -0.002228 -0.062256 0.178711
v -0.009216 -0.069336 0.176758
v -0.004608 -0.060302 0.177735
v -0.000339 -0.062011 0.179688
v -0.001572 -0.072754 0.176758
v 0.129395 0.137696 -0.021850
v 0.127441 0.097168 -0.034424
v 0.118652 0.136719 -0.027954
v 0.137207 0.097656 -0.026855
v 0.126465 0.149414 -0.018188
v 0.133301 0.144531 -0.006134
v 0.020508 -0.004242 0.183594
v 0.021484 0.006165 0.183594
v 0.017212 -0.003449 0.181641
v 0.024170 0.005005 0.185547
v 0.020508 -0.004242 0.183594
v 0.031006 -0.006897 0.184571
v 0.024170 0.005005 0.185547
v 0.020508 -0.004242 0.183594
v 0.014893 -0.014648 0.182617
v 0.026489 -0.016113 0.183594
v 0.014893 -0.014648 0.182617
v 0.026489 -0.016113 0.183594
v -0.103027 0.206054 -0.014099
v -0.059570 0.223633 -0.040527
v -0.108887 0.218750 -0.021728
v -0.103027 0.206054 -0.014099
v -0.104004 0.204102 -0.017700
v -0.099121 0.188477 -0.010742
v -0.103027 0.206054 -0.014099
v -0.108887 0.218750 -0.021728
v -0.109863 0.216797 -0.024292
v -0.053223 0.207031 -0.035400
v -0.109863 0.216797 -0.024292
v -0.053223 0.207031 -0.035400
v -0.124023 -0.206054 0.125000
v -0.115234 -0.225586 0.110840
v -0.104492 -0.208984 0.127930
v -0.144043 -0.215821 0.110352
v -0.127441 -0.221679 0.111328
v -0.117676 -0.180664 0.141602
v -0.142090 -0.199219 0.121582
v 0.054199 0.131836 -0.025635
v 0.055420 0.095703 -0.034424
v 0.101563 0.133789 -0.024292
v -0.000256 0.093262 -0.034668
v 0.100098 0.147461 -0.018310
v 0.054443 0.145508 -0.020508
v -0.000092 0.129883 -0.025879
v 0.165527 -0.162109 0.103028
v 0.168457 -0.164062 0.077149
v 0.163574 -0.185547 0.102051
v 0.160645 -0.186523 0.104492
v 0.162598 -0.163086 0.104981
v 0.165527 -0.162109 0.103028
v 0.159668 -0.104492 0.101563
v 0.163574 -0.106445 0.100098
v 0.165527 -0.162109 0.103028
v 0.162598 -0.163086 0.104981
v 0.159668 -0.104492 0.101563
v 0.168457 -0.164062 0.077149
v -0.046143 0.171875 -0.031494
v -0.049072 0.190429 -0.032226
v -0.096191 0.170898 -0.010986
v -0.046143 0.171875 -0.031494
v -0.044189 0.150391 -0.031250
v -0.045654 0.171875 -0.033447
v -0.045654 0.171875 -0.033447
v -0.049072 0.189453 -0.034668
v -0.046143 0.171875 -0.031494
v -0.093750 0.154297 -0.014038
v -0.044189 0.150391 -0.031250
v -0.046143 0.171875 -0.031494
v -0.096191 0.170898 -0.010986
v -0.093750 0.154297 -0.014038
v -0.141113 -0.074219 -0.053467
v -0.132324 -0.077637 -0.059326
v -0.142090 -0.074707 -0.059570
v -0.151855 -0.077148 -0.053711
v -0.160644 -0.140625 -0.052734
v -0.131348 -0.077637 -0.053711
v 0.099609 0.140625 0.107910
v 0.099121 0.121582 0.122559
v 0.055420 0.120605 0.122071
v 0.121094 0.154297 0.092285
v 0.122070 0.139648 0.108887
v 0.099609 0.140625 0.107910
v 0.054443 0.139648 0.108399
v 0.100098 0.155273 0.091309
v 0.100098 0.155273 0.091309
v 0.054443 0.139648 0.108399
v -0.150879 0.047851 0.086914
v -0.161621 0.000086 0.095703
v -0.154785 0.048340 0.091797
v -0.159668 -0.000469 0.091309
v -0.147949 0.049073 0.060547
v -0.160644 -0.001824 0.064942
v -0.150879 0.047851 0.086914
v -0.141113 0.093262 0.084961
v -0.137207 0.092773 0.079102
v -0.154785 0.048340 0.091797
v -0.147949 0.049073 0.060547
v -0.210449 -0.134766 -0.055664
v -0.188965 -0.112793 -0.052734
v -0.187988 -0.112305 -0.056640
v -0.213379 -0.142578 -0.055908
v -0.211426 -0.141602 -0.050293
v -0.208496 -0.134766 -0.050537
v -0.187012 -0.114258 -0.059814
v -0.206543 -0.134766 -0.059082
v -0.000133 0.120117 0.123047
v -0.000078 0.088867 0.138672
v -0.000133 0.120117 0.123047
v -0.000215 0.139648 0.108399
v -0.054687 0.139648 0.108399
v -0.000215 0.139648 0.108399
v 0.055420 0.120605 0.122071
v -0.000078 0.088867 0.138672
v 0.117676 -0.173828 -0.143554
v 0.156738 -0.187500 -0.102051
v 0.114258 -0.189453 -0.125000
v 0.113281 -0.186523 -0.125000
v 0.117188 -0.169922 -0.141601
v 0.160645 -0.171875 -0.116211
v 0.122070 -0.154297 -0.157226
v -0.103516 0.043945 0.120606
v -0.115723 0.087890 0.099610
v -0.093750 0.085449 0.111817
v -0.115723 0.087890 0.099610
v -0.020019 -0.054444 0.183594
v -0.019165 -0.062988 0.183594
v -0.014770 -0.069336 0.182617
v 0.127441 0.142578 0.010803
v 0.142090 0.095703 0.004669
v 0.129395 0.108887 0.018189
v 0.127441 0.142578 0.010803
v 0.112305 0.131836 0.021607
v 0.123047 0.155273 0.011292
v 0.126465 0.155273 0.000780
v 0.127441 0.142578 0.010803
v 0.129395 0.108887 0.018189
v 0.112305 0.131836 0.021607
v 0.131348 0.143554 0.000902
v 0.127441 0.142578 0.010803
v 0.131348 0.143554 0.000902
v 0.142090 0.095703 0.004669
v 0.013245 -0.014344 0.178711
v 0.018677 -0.003799 0.179688
v 0.025513 -0.015442 0.178711
v 0.013245 -0.014344 0.178711
v 0.012329 -0.014160 0.181641
v 0.018677 -0.003799 0.179688
v 0.008606 -0.024536 0.178711
v 0.012329 -0.014160 0.181641
v 0.022705 -0.026123 0.177735
v -0.130371 -0.230469 0.104492
v -0.144043 -0.222656 0.104981
v -0.144043 -0.222656 0.100098
v 0.119141 0.045899 -0.041992
v 0.106934 0.047608 -0.045166
v 0.114258 0.095215 -0.035400
v 0.135254 0.046631 -0.040039
v 0.115234 -0.003662 -0.049316
v 0.121094 -0.145508 0.155274
v 0.117676 -0.104492 0.152344
v 0.092285 -0.143554 0.166992
v 0.121094 -0.145508 0.155274
v 0.119141 -0.161133 0.154297
v 0.125488 -0.151367 0.152344
v 0.122559 -0.104980 0.152344
v 0.119141 -0.161133 0.154297
v 0.122559 -0.104980 0.152344
v -0.004318 0.179688 0.028565
v -0.003677 0.178711 0.026245
v -0.130371 -0.052735 -0.176758
v -0.131348 -0.052002 -0.179687
v -0.129394 -0.032470 -0.179687
v -0.129394 -0.076172 -0.172851
v -0.131348 -0.072265 -0.178711
v 0.104981 0.152344 0.072266
v 0.098633 0.133789 0.057862
v 0.114258 0.138672 0.073731
v 0.104981 0.152344 0.072266
v 0.109863 0.153321 0.073242
v 0.094238 0.152344 0.055908
v 0.090332 0.150391 0.057373
v 0.104981 0.152344 0.072266
v 0.104492 0.153321 0.075684
v 0.105957 0.154297 0.077637
v 0.109863 0.153321 0.073242
v 0.115234 0.139648 0.076172
v 0.098633 0.133789 0.057862
v 0.104981 0.152344 0.072266
v 0.114258 0.138672 0.073731
v 0.115234 0.139648 0.076172
v 0.082520 -0.231446 -0.033691
v 0.086914 -0.229492 -0.045898
v 0.083984 -0.232422 -0.033691
v 0.083008 -0.228516 -0.034424
v -0.109863 0.044677 0.152344
v -0.116211 0.056153 0.149414
v -0.092773 0.056640 0.151367
v -0.101562 0.036133 0.155274
v -0.105469 0.035645 0.159180
v -0.112793 0.045655 0.156250
v -0.168457 -0.184571 -0.060791
v -0.148926 -0.205078 -0.057617
v -0.171387 -0.188477 -0.056885
v -0.168457 -0.184571 -0.060791
v -0.206543 -0.147461 -0.059570
v -0.144043 -0.199219 -0.062012
v -0.171387 -0.188477 -0.056885
v 0.020630 0.029663 0.174805
v 0.000027 0.036377 0.170899
v 0.013306 0.018189 0.177735
v 0.021973 0.024903 0.177735
v 0.023926 0.036377 0.174805
v 0.020386 0.043701 0.170899
v 0.173340 -0.052002 -0.003723
v 0.173340 -0.052735 -0.000519
v 0.166504 -0.002731 -0.001022
v 0.178223 -0.114258 -0.006775
v 0.166504 -0.002365 -0.005096
v 0.173340 -0.052002 -0.003723
v 0.171387 -0.052735 -0.007934
v 0.178223 -0.114258 -0.006775
v 0.166504 -0.002365 -0.005096
v -0.018066 0.061280 0.168946
v -0.023193 0.050781 0.171875
v -0.015137 0.058350 0.169922
v -0.026733 0.054199 0.169922
v -0.015991 0.062988 0.166016
v -0.003983 0.065918 0.167969
v -0.000256 -0.048584 0.169922
v -0.000195 -0.004577 0.164063
v -0.054199 -0.004089 0.163086
v -0.000256 -0.048584 0.169922
v 0.053223 -0.004395 0.162110
v -0.000195 -0.004577 0.164063
v -0.000256 -0.048584 0.169922
v -0.054443 -0.048340 0.167969
v -0.000294 -0.105469 0.172852
v -0.000256 -0.048584 0.169922
v -0.054199 -0.004089 0.163086
v -0.054443 -0.048340 0.167969
v 0.176270 0.149414 -0.146484
v 0.168457 0.190429 -0.132812
v 0.172363 0.169922 -0.140625
v 0.102051 -0.207031 0.124024
v 0.097656 -0.184571 0.138672
v 0.112793 -0.181641 0.138672
v 0.114258 -0.223633 0.108887
v 0.050049 -0.205078 0.126953
v 0.122559 -0.206054 0.121094
v 0.102051 -0.207031 0.124024
v 0.050049 -0.205078 0.126953
v 0.097656 -0.184571 0.138672
v -0.105469 0.097168 -0.031494
v -0.117187 0.134766 -0.023315
v -0.123535 0.096680 -0.029297
v -0.129394 0.046142 -0.034912
v -0.111816 0.046875 -0.038330
v -0.105469 0.097168 -0.031494
v -0.080566 -0.005371 0.153321
v -0.079590 0.050781 0.143555
v -0.053955 -0.005707 0.156250
v -0.080566 -0.005371 0.153321
v -0.079590 0.050781 0.143555
v -0.082031 -0.048340 0.158203
v -0.053955 -0.048828 0.162110
v -0.102051 0.046386 0.134766
v 0.064941 0.235352 -0.051025
v 0.057617 0.222656 -0.041748
v 0.065430 0.234375 -0.052734
v 0.057129 0.220703 -0.043213
v 0.064941 0.235352 -0.051025
v 0.115234 0.232422 -0.032226
v 0.072266 0.244141 -0.064453
v 0.065430 0.234375 -0.052734
v 0.169434 -0.192383 0.024536
v 0.169434 -0.192383 0.024536
v 0.166504 -0.186523 0.076660
v 0.171387 -0.167969 0.025269
v 0.165527 -0.207031 0.023682
v 0.160645 -0.201172 0.075196
v 0.169434 -0.192383 0.024536
v 0.171387 -0.167969 0.025269
v 0.181152 -0.168946 -0.003296
v 0.181152 -0.168946 -0.003296
v -0.137207 -0.238281 -0.004761
v -0.140137 -0.238281 -0.000595
v -0.123535 -0.239258 -0.004364
v -0.125000 -0.228516 -0.028320
v -0.136230 -0.228516 -0.027466
v -0.153809 -0.234375 -0.004455
v -0.154785 -0.232422 -0.001922
v 0.037598 0.013855 0.185547
v 0.033203 0.020752 0.184571
v 0.034912 0.021729 0.187500
v 0.130371 -0.039551 -0.181640
v 0.129395 -0.058838 -0.172851
v 0.166504 -0.054931 -0.145508
v 0.130371 -0.057373 -0.178711
v -0.122070 0.140625 0.076660
v -0.113769 0.139648 0.081543
v -0.109375 0.153321 0.073242
v -0.122070 0.140625 0.076660
v -0.134277 0.091308 0.088867
v -0.113769 0.139648 0.081543
v -0.141113 0.093262 0.084961
v -0.137207 0.092773 0.079102
v -0.115723 0.139648 0.070801
v -0.115723 0.139648 0.070801
v -0.125000 -0.170898 0.146485
v -0.125488 -0.152344 0.153321
v -0.123047 -0.172852 0.142578
v -0.116699 -0.170898 0.153321
v -0.122070 -0.150391 0.155274
v -0.117676 -0.180664 0.141602
v -0.117676 -0.181641 0.144531
v 0.005371 0.172852 0.028931
v 0.001877 0.172852 0.026245
v 0.001678 0.177734 0.026123
v 0.005463 0.177734 0.028565
v 0.006805 0.172852 0.033936
v 0.116699 -0.104492 0.136719
v 0.137207 -0.106933 0.121582
v 0.119141 -0.158203 0.138672
v 0.116699 -0.104492 0.136719
v 0.110840 -0.047851 0.132813
v 0.133301 -0.046875 0.117188
v 0.137207 -0.106933 0.121582
v 0.120606 -0.156250 0.146485
v 0.117676 -0.115235 0.145508
v 0.117676 -0.115235 0.145508
v -0.053223 0.207031 -0.035400
v -0.099121 0.188477 -0.010742
v -0.049072 0.190429 -0.032226
v -0.099121 0.188477 -0.010742
v -0.096191 0.170898 -0.010986
v -0.057861 -0.004151 -0.046631
v -0.000111 -0.056640 -0.050537
v -0.116211 -0.003662 -0.042724
v 0.000401 -0.007324 -0.047851
v -0.057861 -0.004151 -0.046631
v -0.056152 0.045899 -0.041260
v -0.116211 -0.003662 -0.042724
v 0.000401 -0.007324 -0.047851
v 0.119141 0.144531 0.113281
v 0.112793 0.144531 0.111817
v 0.118652 0.126953 0.127930
v 0.121094 0.156250 0.093750
v 0.118652 0.159179 0.094727
v 0.122070 0.142578 0.111817
v 0.116699 -0.166992 -0.139648
v 0.162598 -0.152344 -0.123535
v 0.121094 -0.148438 -0.155273
v 0.113770 -0.182617 -0.123047
v 0.155762 -0.178711 -0.102539
v 0.116699 -0.166992 -0.139648
v 0.121582 -0.150391 -0.157226
v 0.121094 -0.148438 -0.155273
v 0.113770 -0.182617 -0.123047
v -0.115723 0.087890 0.099610
v -0.104492 0.137696 0.085449
v -0.093750 0.085449 0.111817
v -0.131348 0.090820 0.087403
v -0.112305 0.137696 0.079102
v -0.115723 0.087890 0.099610
v -0.125488 0.043701 0.107422
v -0.131348 0.090820 0.087403
v -0.127441 -0.121582 -0.168945
v -0.129394 -0.113770 -0.173828
v -0.130371 -0.097656 -0.172851
v -0.126465 -0.117188 -0.166992
v -0.124023 -0.136719 -0.159179
v -0.123047 -0.149414 -0.157226
v -0.126465 -0.135742 -0.166992
v -0.128418 -0.098145 -0.169922
v 0.098633 0.133789 0.057862
v 0.123047 0.094238 0.059082
v 0.114258 0.138672 0.073731
v 0.096680 0.133789 0.035156
v 0.123047 0.094238 0.059082
v 0.088379 0.150391 0.035401
v 0.168457 -0.227539 -0.005615
v 0.165527 -0.227539 -0.008911
v 0.179199 -0.212891 -0.006073
v 0.164551 -0.226562 -0.001098
v 0.156738 -0.237304 -0.004303
v 0.154785 -0.235352 -0.007873
v 0.154785 -0.235352 -0.000763
v -0.002502 0.001244 0.186524
v -0.002945 -0.009766 0.184571
v -0.002624 0.000953 0.187500
v -0.002335 0.011902 0.188477
v -0.002640 -0.009582 0.182617
v -0.000710 -0.009461 0.182617
v -0.000645 0.001763 0.185547
v -0.057861 -0.223633 0.109863
v -0.115234 -0.222656 0.108887
v -0.050293 -0.205078 0.126953
v -0.000156 -0.206054 0.125488
v -0.000275 -0.224609 0.108399
v -0.059082 -0.230469 0.102539
v -0.000523 -0.229492 0.101563
v 0.127441 0.097168 -0.034424
v 0.137207 0.097656 -0.026855
v 0.114258 0.095215 -0.035400
v 0.010742 -0.035400 0.189453
v 0.000565 -0.037110 0.189453
v 0.010498 -0.041260 0.189453
v 0.022583 -0.038819 0.188477
v 0.023682 -0.030639 0.189453
v 0.011841 -0.029541 0.188477
v -0.119629 0.167969 0.022949
v -0.114258 0.169922 0.046875
v -0.114258 0.166992 0.022827
v -0.114746 0.162109 -0.003937
v -0.119629 0.167969 0.022949
v -0.114746 0.162109 -0.003937
v -0.123047 0.161133 -0.002807
v -0.123047 0.161133 -0.002807
v -0.170410 -0.108887 0.074707
v -0.165527 -0.048095 0.070313
v -0.174316 -0.114746 0.027100
v 0.098145 0.234375 -0.120117
v 0.092773 0.240234 -0.107422
v 0.103027 0.229492 -0.129883
v 0.103516 0.223633 -0.131836
v 0.138184 -0.198242 0.119141
v 0.141113 -0.184571 0.122071
v 0.154785 -0.202148 0.103516
v 0.122559 -0.206054 0.121094
v 0.112793 -0.181641 0.138672
v 0.142090 -0.213867 0.108399
v 0.118652 -0.178711 0.138672
v -0.053711 0.149414 -0.023559
v -0.000164 0.147461 -0.024292
v -0.000050 0.131836 -0.032959
v -0.053711 0.149414 -0.023559
v -0.000050 0.131836 -0.032959
v -0.053955 0.132812 -0.032471
v -0.053711 0.149414 -0.023559
v -0.053955 0.132812 -0.032471
v -0.101562 0.150391 -0.020630
v -0.053711 0.149414 -0.023559
v -0.101562 0.150391 -0.020630
v -0.094727 0.160156 -0.010925
v -0.052490 0.160156 -0.011902
v -0.053711 0.149414 -0.023559
v -0.094727 0.160156 -0.010925
v -0.052490 0.160156 -0.011902
v -0.000454 -0.234375 -0.037353
v -0.065430 -0.234375 -0.036133
v -0.000454 -0.234375 -0.037353
v 0.063965 -0.234375 -0.035888
v -0.000587 -0.212891 -0.054443
v -0.000587 -0.212891 -0.054443
v 0.160645 0.000238 0.095703
v 0.159668 -0.044190 0.101563
v 0.164551 -0.043457 0.099121
v 0.160645 0.000238 0.095703
v 0.153809 0.048095 0.091797
v 0.154785 -0.000584 0.098633
v 0.154785 -0.000584 0.098633
v 0.158691 -0.000519 0.091309
v 0.143066 -0.113281 -0.044678
v 0.179199 -0.167969 -0.006897
v 0.158691 -0.114746 -0.033447
v -0.055176 0.054444 0.160156
v -0.072266 0.027099 0.166992
v -0.045410 0.019898 0.171875
v -0.055176 0.054444 0.160156
v -0.055908 0.093750 0.145508
v -0.000221 0.054688 0.161133
v -0.055908 0.093750 0.145508
v -0.091797 0.058350 0.157227
v -0.055176 0.054444 0.160156
v -0.098144 0.095703 0.142578
v -0.091797 0.058350 0.157227
v -0.178223 -0.195312 -0.007446
v -0.182129 -0.168946 -0.003815
v 0.026245 0.024292 0.191406
v 0.032959 0.020386 0.189453
v 0.010681 0.020996 0.189453
v 0.020142 0.019409 0.188477
v 0.011841 0.025269 0.191406
v 0.027466 0.025757 0.188477
v 0.172363 -0.030639 -0.147461
v 0.173340 -0.030884 -0.149414
v 0.173340 -0.010193 -0.149414
v 0.172363 -0.030639 -0.147461
v 0.170410 -0.050781 -0.146484
v 0.172363 -0.050781 -0.148437
v 0.128418 -0.033203 -0.177734
v 0.127441 -0.011657 -0.179687
v 0.172363 -0.030639 -0.147461
v 0.127441 -0.011657 -0.179687
v 0.128418 -0.033203 -0.177734
v 0.173340 -0.030884 -0.149414
v -0.038574 0.156250 0.083008
v -0.000065 0.156250 0.082520
v -0.000030 0.153321 0.080567
v -0.038574 0.156250 0.083008
v -0.038330 0.148438 0.089356
v -0.000030 0.153321 0.080567
v -0.000065 0.156250 0.082520
v -0.020630 -0.039795 0.181641
v -0.020508 -0.054931 0.180664
v -0.020142 -0.040771 0.183594
v -0.020142 -0.040528 0.178711
v 0.096191 0.173828 -0.014282
v 0.092773 0.153321 -0.013794
v 0.093262 0.154297 -0.016601
v 0.096191 0.173828 -0.014282
v 0.097656 0.188477 -0.010376
v 0.094727 0.171875 -0.010864
v 0.094727 0.171875 -0.010864
v 0.096191 0.173828 -0.014282
v 0.093262 0.154297 -0.016601
v 0.096191 0.170898 -0.015625
v 0.099609 0.188477 -0.015869
v 0.099609 0.188477 -0.015869
v 0.058350 -0.229492 0.097168
v 0.114746 -0.228516 0.098633
v 0.114746 -0.229492 0.075196
v 0.058350 -0.229492 0.097168
v -0.000626 -0.229492 0.096192
v -0.000835 -0.232422 0.064942
v -0.000626 -0.229492 0.096192
v 0.058838 -0.231446 0.071289
v 0.058350 -0.229492 0.097168
v -0.000523 -0.229492 0.101563
v 0.058106 -0.229492 0.102051
v 0.058350 -0.229492 0.097168
v 0.058106 -0.229492 0.102051
v 0.114746 -0.228516 0.098633
v -0.178223 0.045655 -0.158203
v -0.179199 0.072265 -0.158203
v -0.128418 0.071289 -0.192383
v -0.176269 0.016113 -0.153320
v -0.176269 0.047364 -0.155273
v -0.170410 -0.188477 0.076660
v -0.160644 -0.203125 0.099610
v -0.177246 -0.167969 0.026001
v -0.170410 -0.188477 0.076660
v -0.174316 -0.194336 0.025269
v -0.163574 -0.204102 0.075196
v -0.163574 -0.204102 0.075196
v -0.177246 -0.167969 0.026001
v 0.042969 0.149414 -0.033935
v 0.043213 0.150391 -0.031982
v 0.044922 0.170898 -0.033691
v 0.044434 0.150391 -0.036377
v 0.043945 0.128906 -0.035888
v 0.043457 0.128906 -0.032471
v 0.023804 -0.026245 0.179688
v 0.020142 -0.031983 0.181641
v 0.020386 -0.031983 0.179688
v 0.027832 -0.016724 0.181641
v 0.022705 -0.026123 0.182617
v 0.019653 -0.031983 0.177735
v 0.022705 -0.026123 0.177735
v -0.066894 0.236328 -0.050781
v -0.053223 0.206054 -0.037109
v -0.060059 0.221679 -0.042724
v -0.059570 0.223633 -0.040527
v -0.053223 0.206054 -0.037109
v -0.131348 -0.088867 -0.062500
v -0.136230 -0.081543 -0.062500
v -0.161621 -0.135742 -0.061523
v -0.126465 -0.085449 -0.059082
v 0.115234 0.139648 0.076172
v 0.111816 0.137696 0.080078
v 0.115234 0.139648 0.076172
v 0.132324 0.090332 0.088379
v 0.114258 0.087890 0.100098
v 0.123047 -0.244141 -0.000076
v 0.141113 -0.244141 -0.003784
v 0.140137 -0.241211 -0.000435
v 0.123535 -0.247071 -0.003937
v -0.036621 0.012451 0.187500
v -0.037109 0.003937 0.184571
v -0.034668 0.001205 0.186524
v -0.036621 0.012451 0.187500
v -0.033936 0.020019 0.189453
v -0.039062 0.013611 0.185547
v -0.039062 0.013611 0.185547
v -0.027100 0.014038 0.188477
v -0.159668 -0.114258 -0.032959
v -0.178223 -0.114258 -0.006409
v -0.180176 -0.167969 -0.006592
v -0.159668 -0.169922 -0.034912
v -0.143066 -0.112793 -0.044678
v -0.159668 -0.114258 -0.032959
v -0.154785 -0.052246 -0.031738
v -0.170410 -0.052002 -0.007629
v -0.178223 -0.114258 -0.006409
v -0.143066 -0.112793 -0.044678
v 0.054932 0.093750 0.145508
v 0.054932 0.054931 0.160156
v 0.098633 0.094727 0.142578
v 0.054932 0.093750 0.145508
v 0.000229 0.093750 0.146485
v -0.000221 0.054688 0.161133
v -0.000221 0.054688 0.161133
v 0.054932 0.093750 0.145508
v 0.098633 0.094727 0.142578
v 0.097168 0.125000 0.127930
v 0.054932 0.093750 0.145508
v 0.054443 0.124512 0.129883
v 0.171387 -0.187500 -0.057373
v 0.149902 -0.205078 -0.058105
v 0.000027 0.036377 0.170899
v -0.014648 0.018311 0.176758
v -0.000641 0.014282 0.179688
v 0.013306 0.018189 0.177735
v 0.000027 0.036377 0.170899
v -0.021728 0.043701 0.170899
v -0.022095 0.029175 0.174805
v -0.014709 0.055420 0.166992
v 0.014099 0.055176 0.167969
v -0.000729 0.060302 0.166016
v -0.000729 0.060302 0.166016
v -0.014648 0.018311 0.176758
v -0.115234 -0.225586 0.110840
v -0.051025 -0.208008 0.129883
v -0.104492 -0.208984 0.127930
v -0.058594 -0.226562 0.110840
v 0.154785 -0.003250 -0.033203
v 0.142090 -0.004181 -0.044433
v 0.147949 0.046631 -0.030517
v 0.154785 -0.003250 -0.033203
v 0.145020 -0.052490 -0.046875
v 0.142090 -0.004181 -0.044433
v 0.154785 -0.003250 -0.033203
v 0.145020 -0.052490 -0.046875
v 0.003510 -0.055176 0.178711
v 0.002686 -0.038330 0.178711
v 0.019165 -0.040039 0.178711
v 0.003510 -0.055176 0.178711
v -0.000423 -0.053711 0.179688
v 0.002686 -0.038330 0.178711
v 0.003510 -0.055176 0.178711
v 0.018555 -0.054688 0.177735
v 0.004028 -0.059570 0.178711
v 0.004028 -0.059570 0.178711
v 0.003113 -0.057129 0.180664
v 0.019165 -0.040039 0.178711
v -0.000221 -0.054931 0.181641
v -0.176269 0.149414 -0.147461
v -0.172363 0.170898 -0.139648
v -0.174316 0.172852 -0.140625
v -0.121094 0.175781 -0.173828
v -0.123535 0.153321 -0.180664
v -0.174316 0.146484 -0.146484
v -0.178223 0.125000 -0.151367
v -0.118652 -0.104492 0.153321
v -0.118652 -0.104492 0.153321
v -0.117676 -0.047119 0.148438
v -0.089355 -0.103515 0.167969
v -0.118652 -0.104492 0.153321
v -0.123047 -0.104980 0.151367
v -0.123047 -0.104980 0.151367
v -0.094238 -0.142578 0.167969
v 0.029663 0.171875 0.016724
v 0.029785 0.167969 0.016052
v 0.033691 0.167969 0.017212
v 0.034668 0.172852 0.017822
v 0.029785 0.167969 0.016052
v 0.029541 0.182617 0.019165
v 0.142090 -0.218750 0.103516
v 0.149902 -0.212891 0.100098
v 0.152832 -0.212891 0.075684
v -0.107910 0.047608 -0.044189
v -0.055420 0.047364 -0.047607
v -0.057617 -0.004089 -0.052978
v -0.115723 0.095703 -0.035400
v -0.104004 0.097168 -0.037597
v -0.121094 0.045899 -0.041260
v -0.115234 -0.003388 -0.049560
v -0.000690 -0.228516 -0.035888
v 0.059326 -0.240234 -0.009949
v 0.063477 -0.228516 -0.033447
v -0.000545 -0.208008 -0.051758
v -0.000690 -0.228516 -0.035888
v -0.000545 -0.208008 -0.051758
v -0.064453 -0.228516 -0.033935
v -0.060303 -0.240234 -0.010376
v -0.000702 -0.241211 -0.012939
v -0.000702 -0.241211 -0.012939
v 0.147949 0.047364 0.095703
v 0.147949 0.047364 0.095703
v 0.154785 -0.000584 0.098633
v 0.147949 0.047364 0.095703
v 0.135254 0.090820 0.089356
v 0.126465 0.044434 0.110840
v 0.147949 0.047364 0.095703
v 0.154785 -0.000584 0.098633
v 0.153809 0.048095 0.091797
v 0.135254 0.090820 0.089356
v 0.131348 -0.002320 0.117676
v 0.134277 -0.041992 -0.185547
v 0.134277 -0.037597 -0.185547
v 0.173340 -0.038819 -0.154297
v 0.130371 -0.039551 -0.181640
v -0.092285 0.151367 0.036377
v -0.090332 0.150391 0.057129
v -0.089355 0.150391 0.035401
v -0.092285 0.151367 0.036377
v -0.100586 0.135742 0.037354
v -0.100098 0.135742 0.056153
v -0.104980 0.152344 0.021973
v -0.093750 0.151367 0.055908
v -0.105957 0.152344 0.024536
v -0.100586 0.135742 0.037354
v -0.093750 0.151367 0.055908
v -0.154785 -0.181641 -0.101074
v -0.156738 -0.184571 -0.101074
v -0.154785 -0.181641 -0.101074
v -0.114258 -0.183594 -0.123047
v -0.156738 -0.184571 -0.101074
v 0.073731 0.021118 0.161133
v 0.000118 0.045655 0.154297
v 0.055908 0.090332 0.137696
v 0.044678 0.012757 0.166992
v 0.187012 -0.111817 -0.051269
v 0.188965 -0.112305 -0.056396
v 0.153809 -0.078125 -0.058594
v 0.210449 -0.133789 -0.055908
v 0.153809 -0.077637 -0.053467
v 0.209473 -0.134766 -0.050781
v -0.009094 0.065918 0.163086
v -0.018799 0.059082 0.163086
v -0.000326 0.066406 0.160156
v -0.000011 0.069336 0.166016
v -0.000078 0.069336 0.162110
v -0.019531 -0.004059 0.180664
v -0.033691 -0.002914 0.179688
v -0.024292 0.005462 0.180664
v -0.019531 -0.004059 0.180664
v -0.013061 -0.014099 0.180664
v -0.014770 -0.014892 0.178711
v -0.027100 -0.015747 0.178711
v -0.033691 -0.002914 0.179688
v -0.018188 -0.003388 0.182617
v -0.013061 -0.014099 0.180664
v 0.080078 0.249023 -0.079101
v 0.079102 0.246094 -0.080078
v 0.125488 0.241211 -0.045898
v 0.135254 0.245117 -0.062988
v 0.071777 0.242188 -0.066406
v -0.000473 -0.062988 0.183594
v 0.001205 -0.063477 0.184571
v -0.000339 -0.062011 0.179688
v -0.000473 -0.062988 0.183594
v -0.004074 -0.072265 0.183594
v -0.000492 -0.073730 0.183594
v 0.004028 -0.071778 0.183594
v -0.000492 -0.073730 0.183594
v -0.125488 0.155273 0.000736
v -0.129394 0.142578 -0.002701
v -0.122070 0.154297 -0.004211
v -0.125488 0.155273 0.000736
v -0.127441 0.141602 0.010498
v -0.129394 0.142578 -0.002701
v -0.125488 0.155273 0.000736
v -0.129394 0.157227 -0.000137
v -0.125000 0.156250 0.013489
v -0.121582 0.158203 -0.001968
v -0.123047 0.155273 0.010559
v -0.121582 0.158203 -0.001968
v -0.123047 0.155273 0.010559
v -0.174316 -0.030274 -0.151367
v -0.174316 -0.013611 -0.150390
v -0.176269 -0.008972 -0.153320
v -0.173340 -0.041504 -0.149414
v -0.130371 -0.010620 -0.185547
v -0.173340 -0.051270 -0.150390
v -0.130371 -0.031739 -0.182617
v -0.000053 0.175781 0.045899
v 0.053467 0.174804 0.046143
v -0.000069 0.172852 0.018311
v -0.052978 0.175781 0.046143
v -0.000244 0.171875 0.071778
v 0.178223 -0.195312 -0.007141
v 0.179199 -0.167969 -0.006897
v 0.158691 -0.196289 -0.034179
v 0.178223 -0.195312 -0.007141
v 0.179199 -0.167969 -0.006897
v 0.178223 -0.195312 -0.007141
v -0.027832 0.024414 0.185547
v -0.011719 0.021240 0.184571
v -0.020996 0.019043 0.184571
v -0.027832 0.024414 0.185547
v -0.013428 0.027099 0.190430
v -0.013367 0.025879 0.185547
v -0.034180 0.020019 0.183594
v -0.028076 0.025757 0.189453
v -0.013367 0.025879 0.185547
v -0.028076 0.025757 0.189453
v -0.058105 -0.238281 0.022217
v -0.118164 -0.235352 0.025635
v -0.115723 -0.230469 0.075196
v -0.000538 -0.239258 0.020996
v -0.001163 -0.242188 -0.008850
v -0.060303 -0.241211 -0.006836
v -0.059814 -0.232422 0.070801
v 0.178223 0.046142 -0.158203
v 0.176270 0.016479 -0.154297
v 0.177246 0.017456 -0.156250
v 0.179199 0.072265 -0.158203
v 0.176270 0.046875 -0.155273
v 0.128418 0.041992 -0.191406
v 0.019287 -0.039306 0.180664
v 0.018921 -0.040039 0.183594
v 0.019409 -0.054931 0.180664
v -0.115234 0.163086 -0.007446
v -0.114746 0.159179 -0.012878
v -0.122559 0.163086 -0.005188
v -0.100098 0.162109 -0.006103
v -0.094727 0.160156 -0.010925
v -0.111816 -0.169922 0.150391
v -0.096680 -0.184571 0.144531
v -0.116699 -0.171875 0.147461
v -0.095703 -0.167969 0.157227
v -0.118652 -0.150391 0.150391
v 0.092773 0.153321 -0.013794
v 0.045410 0.171875 -0.031982
v 0.092773 0.153321 -0.013794
v 0.043213 0.150391 -0.031982
v 0.092773 0.153321 -0.013794
v 0.045410 0.171875 -0.031982
v 0.091797 0.147461 -0.015381
v 0.091797 0.147461 -0.015381
v 0.162598 -0.044434 0.093750
v 0.165527 -0.047119 0.069824
v 0.170410 -0.108887 0.074707
v 0.167481 -0.110840 0.097168
v 0.168457 -0.106933 0.102539
v -0.001118 0.229492 -0.033203
v 0.008911 0.232422 -0.032959
v -0.015747 0.231446 -0.033203
v -0.001217 0.233398 -0.032715
v -0.001118 0.229492 -0.033203
v -0.006836 0.231446 0.022583
v -0.010620 0.227539 -0.032959
v -0.010620 0.227539 -0.032959
v -0.001041 0.233398 0.022583
v 0.007690 0.228516 -0.033447
v 0.004547 0.231446 0.022949
v -0.142090 -0.220703 0.075196
v -0.131348 -0.233398 0.024903
v -0.155762 -0.220703 0.022827
v -0.131348 -0.233398 0.024903
v -0.165527 -0.225586 -0.003509
v 0.090820 0.058105 0.157227
v 0.107910 0.054444 0.156250
v 0.108398 0.066406 0.151367
v 0.071777 0.027710 0.166992
v 0.095703 0.040771 0.160156
v 0.100098 0.048095 0.158203
v 0.088379 0.035156 0.163086
v 0.129395 -0.231446 -0.025268
v 0.086914 -0.226562 -0.047363
v 0.096191 -0.222656 -0.067383
v 0.086914 -0.229492 -0.045898
v 0.096191 -0.222656 -0.067383
v 0.134277 -0.227539 -0.036621
v 0.129395 -0.231446 -0.025268
v -0.113281 -0.003266 0.137696
v -0.104492 0.044922 0.126953
v -0.111328 -0.003616 0.132813
v -0.116211 -0.047851 0.142578
v -0.107422 0.047119 0.131836
v -0.113281 -0.003266 0.137696
v -0.165527 -0.227539 -0.008484
v -0.152832 -0.226562 -0.027099
v -0.154785 -0.235352 -0.007202
v -0.169434 -0.227539 -0.004913
v -0.152832 -0.226562 -0.027099
v -0.014832 0.015747 0.180664
v 0.016602 0.011536 0.177735
v 0.019043 0.015869 0.180664
v 0.014343 0.016113 0.180664
v -0.000488 0.007721 0.177735
v 0.171387 -0.074707 -0.147461
v 0.169434 -0.077148 -0.144531
v 0.170410 -0.095215 -0.146484
v 0.172363 -0.075683 -0.150390
v 0.173340 -0.051514 -0.151367
v 0.172363 -0.050781 -0.148437
v 0.171387 -0.074707 -0.147461
v 0.173340 -0.051514 -0.151367
v 0.172363 -0.050781 -0.148437
v -0.090332 0.150391 0.057129
v -0.104492 0.152344 0.071289
v -0.098633 0.134766 0.057373
v -0.098633 0.134766 0.057373
v 0.001526 -0.029907 0.183594
v -0.000660 -0.009949 0.186524
v 0.001587 -0.019776 0.184571
v 0.122070 0.161133 -0.003021
v 0.119629 0.163086 0.023804
v 0.121094 0.158203 -0.002716
v 0.120117 0.166016 0.023194
v 0.121094 0.158203 -0.002716
v 0.122070 0.161133 -0.003021
v 0.052002 -0.183594 0.140625
v 0.095215 -0.184571 0.142578
v 0.097656 -0.184571 0.138672
v 0.095215 -0.184571 0.142578
v 0.113281 -0.179688 0.143555
v 0.112793 -0.181641 0.138672
v -0.118652 0.136719 -0.027954
v -0.115723 0.095703 -0.035400
v -0.127441 0.097656 -0.033935
v -0.118652 0.136719 -0.027954
v -0.125488 0.150391 -0.018432
v -0.117187 0.150391 -0.021240
v -0.129394 0.137696 -0.021972
v -0.117187 0.150391 -0.021240
v -0.101562 0.135742 -0.028930
v -0.104004 0.097168 -0.037597
v -0.129394 0.137696 -0.021972
v -0.159668 -0.103028 0.101563
v -0.159668 -0.043945 0.096192
v -0.157715 -0.043945 0.099121
v -0.133301 -0.046875 0.117188
v -0.164551 -0.104980 0.100586
v -0.138184 -0.106445 0.121582
v 0.059814 0.219727 -0.045410
v 0.103516 0.202148 -0.019653
v 0.053467 0.205078 -0.040283
v 0.065918 0.232422 -0.054687
v 0.107422 0.212891 -0.024780
v 0.122070 -0.176758 0.141602
v 0.122559 -0.175781 0.145508
v 0.117188 -0.182617 0.143555
v 0.122070 -0.176758 0.141602
v 0.142090 -0.198242 0.121582
v 0.116211 -0.182617 0.140625
v 0.143066 -0.184571 0.125488
v 0.142090 -0.159179 0.127930
v 0.116211 -0.182617 0.140625
v 0.122559 -0.154297 0.142578
v -0.052490 0.155273 -0.007446
v -0.099121 0.157227 -0.004516
v -0.097656 0.155273 -0.008545
v -0.052490 0.155273 -0.007446
v -0.097656 0.155273 -0.008545
v -0.049316 0.146484 -0.018554
v -0.052490 0.155273 -0.007446
v -0.052734 0.157227 -0.005646
v -0.099121 0.157227 -0.004516
v -0.049316 0.146484 -0.018554
v -0.169434 -0.134766 -0.137695
v -0.171387 -0.115722 -0.144531
v -0.130371 -0.092285 -0.177734
v -0.129394 -0.113770 -0.173828
v -0.130371 -0.092285 -0.177734
v -0.130371 -0.097656 -0.172851
v 0.091797 0.151367 0.036377
v 0.100586 0.135742 0.055420
v 0.099609 0.134766 0.036865
v 0.125488 0.093750 0.033936
v 0.131348 0.109863 0.022339
v 0.127441 0.098145 0.059082
v 0.125488 0.093750 0.033936
v -0.000195 -0.005524 -0.054199
v -0.000130 0.046386 -0.048584
v -0.000195 -0.005524 -0.054199
v -0.000332 -0.052979 -0.056885
v -0.057617 -0.004089 -0.052978
v -0.000195 -0.005524 -0.054199
v -0.000130 0.046386 -0.048584
v 0.055664 0.047119 -0.047851
v -0.000195 -0.005524 -0.054199
v 0.057861 -0.004181 -0.052978
v -0.000332 -0.052979 -0.056885
v 0.057861 -0.004181 -0.052978
v -0.121582 0.157227 0.093750
v -0.121582 0.155273 0.092774
v -0.122070 0.142578 0.110840
v -0.118652 0.159179 0.095215
v -0.121094 0.166016 0.071778
v -0.120605 0.164062 0.070801
v -0.120117 0.144531 0.112305
v -0.161621 0.000086 0.095703
v -0.159668 -0.000469 0.091309
v -0.165527 -0.043457 0.098633
v -0.155762 -0.000335 0.098633
v 0.008911 0.232422 -0.032959
v 0.004791 0.239258 0.022827
v 0.012756 0.235352 0.022827
v 0.008911 0.232422 -0.032959
v -0.001217 0.233398 -0.032715
v 0.004791 0.239258 0.022827
v 0.008911 0.232422 -0.032959
v 0.012756 0.235352 0.022827
v 0.017090 0.229492 -0.033203
v 0.018799 -0.053955 0.183594
v 0.003845 -0.059815 0.183594
v 0.017944 -0.062988 0.183594
v 0.019409 -0.054931 0.180664
v 0.018921 -0.040039 0.183594
v -0.099121 0.157227 -0.004516
v -0.113281 0.164062 0.023194
v -0.114746 0.158203 -0.003998
v -0.097656 0.155273 -0.008545
v -0.099121 0.157227 -0.004516
v -0.052734 0.157227 -0.005646
v -0.097656 0.166992 0.022583
v -0.097656 0.166992 0.022583
v -0.113769 -0.186523 -0.124023
v -0.115234 -0.189453 -0.125000
v -0.119141 -0.173828 -0.142578
v -0.118164 -0.169922 -0.140625
v -0.115234 -0.189453 -0.125000
v 0.148926 0.048095 0.059815
v 0.158691 0.003601 0.023804
v 0.147949 0.050537 0.026978
v 0.148926 0.048095 0.059815
v 0.127441 0.098145 0.059082
v 0.160645 -0.001396 0.064942
v 0.147949 0.050537 0.026978
v 0.127441 0.098145 0.059082
v 0.133301 -0.077637 -0.059570
v -0.100098 0.155273 0.090821
v -0.100586 0.141602 0.107910
v -0.114258 0.155273 0.092774
v -0.100098 0.155273 0.090821
v -0.122559 0.139648 0.108887
v -0.155762 -0.211914 -0.031982
v -0.139160 -0.210938 -0.042969
v -0.142090 -0.194336 -0.047363
v -0.155762 -0.211914 -0.031982
v -0.150879 -0.224609 -0.024414
v -0.139160 -0.210938 -0.042969
v -0.155762 -0.211914 -0.031982
v -0.173340 -0.210938 -0.007263
v -0.158691 -0.195312 -0.034179
v -0.150879 -0.224609 -0.024414
v -0.158691 -0.195312 -0.034179
v 0.021973 0.024903 0.177735
v 0.013306 0.018189 0.177735
v 0.014343 0.016113 0.180664
v 0.024780 0.024048 0.176758
v 0.019043 0.015869 0.180664
v 0.024780 0.024048 0.176758
v 0.173340 -0.034912 -0.153320
v 0.172363 -0.033448 -0.150390
v 0.173340 -0.039795 -0.147461
v 0.133301 -0.035400 -0.184570
v 0.173340 -0.034912 -0.153320
v 0.134277 -0.037597 -0.185547
v 0.173340 -0.034912 -0.153320
v 0.133301 -0.035400 -0.184570
v -0.001339 0.180664 0.038819
v -0.006744 0.179688 0.034668
v -0.001339 0.180664 0.038819
v -0.007355 0.177734 0.038330
v -0.011047 -0.035645 0.189453
v -0.015869 -0.037597 0.189453
v -0.011169 -0.041260 0.189453
v -0.011047 -0.035645 0.189453
v -0.011169 -0.041260 0.189453
v 0.113281 0.164062 0.023438
v 0.112793 0.166016 0.046631
v 0.097656 0.166016 0.023316
v 0.119629 0.166016 0.046875
v 0.115234 0.157227 -0.003631
v 0.113281 0.164062 0.023438
v 0.098633 0.157227 -0.004333
v 0.115234 0.157227 -0.003631
v 0.098633 0.157227 -0.004333
v 0.057617 -0.227539 0.110840
v -0.000755 -0.234375 0.100586
v 0.058350 -0.234375 0.104004
v 0.057617 -0.227539 0.110840
v 0.058350 -0.234375 0.104004
v 0.057617 -0.227539 0.110840
v -0.000292 -0.227539 0.109375
v -0.000755 -0.234375 0.100586
v -0.000336 -0.208008 0.128906
v 0.057617 -0.227539 0.110840
v 0.050293 -0.208984 0.129883
v -0.000336 -0.208008 0.128906
v -0.148926 -0.003998 -0.029907
v -0.164551 -0.002578 -0.008301
v -0.150879 -0.212891 0.108887
v -0.000103 0.043701 -0.041504
v 0.056885 0.045655 -0.041504
v 0.105469 0.097168 -0.031738
v 0.166504 -0.186523 0.076660
v 0.168457 -0.164062 0.077149
v 0.171387 -0.167969 0.025269
v 0.166504 -0.186523 0.076660
v 0.165527 -0.107910 0.074707
v 0.171387 -0.167969 0.025269
v -0.171387 0.168946 -0.135742
v -0.115234 0.191406 -0.158203
v -0.171387 0.168946 -0.135742
v -0.119141 0.171875 -0.168945
v -0.120117 0.173828 -0.170898
v -0.119141 0.171875 -0.168945
v 0.111816 0.095703 0.140625
v 0.116699 0.066406 0.152344
v 0.112793 0.125000 0.126953
v 0.111816 0.095703 0.140625
v 0.124023 -0.182617 -0.052490
v -0.079590 0.050781 0.143555
v -0.053711 0.051025 0.144531
v -0.053955 -0.005707 0.156250
v -0.172363 -0.074219 -0.147461
v -0.172363 -0.075683 -0.150390
v -0.170410 -0.095215 -0.146484
v -0.173340 -0.051270 -0.150390
v 0.041504 0.155273 0.082520
v -0.000065 0.156250 0.082520
v 0.000008 0.149414 0.089356
v 0.041016 0.153321 0.080078
v -0.000065 0.156250 0.082520
v 0.083496 0.153321 0.079102
v -0.002960 0.011841 0.190430
v -0.002411 0.022705 0.188477
v -0.002335 0.011902 0.188477
v -0.002960 0.011841 0.190430
v -0.002747 0.000714 0.189453
v -0.002274 0.011780 0.191406
v -0.002274 0.011780 0.191406
v -0.002716 0.022827 0.190430
v -0.118164 -0.235352 0.025635
v -0.124023 -0.240234 -0.000587
v -0.131348 -0.233398 0.024903
v -0.124023 -0.240234 -0.000587
v 0.125488 0.126953 -0.186523
v 0.178223 0.098633 -0.156250
v 0.125488 0.126953 -0.186523
v 0.123535 0.151367 -0.181640
v 0.177246 0.125000 -0.152344
v 0.125488 0.126953 -0.186523
v 0.124023 0.125000 -0.183594
v 0.122070 0.149414 -0.178711
v 0.126465 0.100586 -0.190429
v 0.178223 0.098633 -0.156250
v 0.122070 0.149414 -0.178711
v 0.001877 -0.019409 0.182617
v 0.001923 -0.009522 0.184571
v 0.001770 -0.009766 0.185547
v 0.001480 -0.009643 0.183594
v 0.001923 -0.009522 0.184571
v 0.001663 -0.029663 0.182617
v -0.080566 0.249023 -0.076660
v -0.125000 0.241211 -0.046142
v -0.168457 -0.134766 -0.135742
v -0.169434 -0.114746 -0.142578
v -0.166504 -0.132812 -0.134765
v 0.041016 0.110352 0.114258
v -0.000132 0.110352 0.114746
v -0.000675 0.133789 0.098633
v 0.041016 0.110352 0.114258
v 0.042481 0.133789 0.097168
v -0.000330 0.086426 0.128906
v 0.041016 0.110352 0.114258
v 0.049805 0.089844 0.127930
v -0.000330 0.086426 0.128906
v 0.042481 0.133789 0.097168
v 0.049805 0.089844 0.127930
v 0.123047 -0.051758 -0.051269
v 0.115234 -0.003662 -0.049316
v -0.054443 0.161133 0.095703
v 0.000053 0.161133 0.096192
v -0.098633 0.161133 0.094727
v -0.054443 0.161133 0.095703
v -0.053467 0.170898 0.071778
v -0.098633 0.169922 0.071778
v -0.053467 0.170898 0.071778
v -0.098633 0.161133 0.094727
v -0.004166 -0.030762 0.179688
v -0.004883 -0.031250 0.178711
v -0.008545 -0.023926 0.179688
v -0.005310 -0.031128 0.181641
v 0.142090 0.238281 -0.076172
v 0.141113 0.241211 -0.076660
v 0.134277 0.239258 -0.062500
v 0.085449 0.244141 -0.093262
v 0.055420 -0.142578 0.169922
v 0.054443 -0.104492 0.171875
v -0.000198 -0.142578 0.170899
v 0.054688 -0.158203 0.165039
v -0.000416 -0.161133 0.165039
v 0.087891 -0.103515 0.166992
v -0.130371 0.109863 0.021973
v -0.112305 0.137696 0.023926
v -0.130371 0.109863 0.021973
v -0.147949 0.050781 0.026856
v -0.126465 0.094727 0.033447
v -0.126465 0.094727 0.033447
v -0.024170 -0.026245 0.181641
v -0.029175 -0.016846 0.180664
v -0.025146 -0.026367 0.179688
v -0.010071 -0.024781 0.181641
v -0.015747 -0.014832 0.182617
v -0.024170 -0.026245 0.181641
v -0.021484 -0.031983 0.181641
v -0.010071 -0.024781 0.181641
v -0.025146 -0.026367 0.179688
v -0.028198 -0.015991 0.183594
v 0.047607 0.190429 -0.032715
v 0.051758 0.207031 -0.035644
v 0.166504 -0.186523 0.099610
v 0.169434 -0.188477 0.076660
v 0.172363 -0.164062 0.077149
v 0.162598 -0.202148 0.104492
v 0.168457 -0.162109 0.099610
v -0.000164 0.147461 -0.024292
v 0.053711 0.148438 -0.023559
v -0.000050 0.131836 -0.032959
v -0.000160 0.159179 -0.013122
v 0.052490 0.159179 -0.012268
v -0.000160 0.159179 -0.013122
v -0.125488 -0.232422 -0.030029
v -0.123535 -0.243164 -0.007812
v -0.125488 -0.232422 -0.030029
v -0.123535 -0.243164 -0.007812
v -0.139160 -0.243164 -0.006622
v -0.126465 -0.212891 -0.048340
v -0.065918 -0.213867 -0.053467
v -0.139160 -0.231446 -0.029663
v -0.125488 -0.232422 -0.030029
v -0.139160 -0.231446 -0.029663
v -0.126465 -0.212891 -0.048340
v 0.094727 0.027588 0.162110
v 0.090332 0.027710 0.157227
v 0.099609 0.035645 0.155274
v 0.103516 0.034424 0.159180
v 0.094727 0.027588 0.162110
v 0.129395 -0.075683 -0.175781
v 0.131348 -0.073242 -0.179687
v 0.130371 -0.092285 -0.177734
v 0.128418 -0.100097 -0.172851
v 0.129395 -0.077637 -0.172851
v 0.129395 -0.053222 -0.174804
v 0.130371 -0.053467 -0.177734
v 0.129395 -0.075683 -0.175781
v 0.129395 -0.053222 -0.174804
v -0.105957 0.152344 0.024536
v -0.126465 0.098633 0.058838
v -0.183105 -0.167969 -0.008850
v -0.162598 -0.197266 -0.037109
v -0.180176 -0.195312 -0.009155
v -0.187012 -0.167969 -0.005340
v -0.186035 -0.114258 -0.004852
v -0.180176 -0.195312 -0.009155
v 0.012268 0.025757 0.185547
v -0.000446 0.028076 0.190430
v 0.012146 0.027099 0.189453
v 0.012268 0.025757 0.185547
v 0.026123 0.024658 0.185547
v 0.010559 0.020752 0.184571
v -0.000504 0.026856 0.186524
v 0.012268 0.025757 0.185547
v -0.000456 0.021972 0.186524
v -0.000504 0.026856 0.186524
v 0.010559 0.020752 0.184571
v 0.026123 0.024658 0.185547
v 0.145996 -0.211914 -0.070312
v 0.108887 -0.203125 -0.107422
v 0.102539 -0.214844 -0.086914
v 0.139160 -0.220703 -0.052734
v 0.145996 -0.211914 -0.070312
v 0.145996 -0.208984 -0.070801
v 0.141113 -0.217773 -0.053467
v 0.139160 -0.220703 -0.052734
v -0.023560 0.014527 0.175781
v -0.026855 0.021729 0.172852
v -0.027222 0.023193 0.174805
v -0.000149 -0.189453 0.140625
v -0.000212 -0.187500 0.145508
v -0.053223 -0.188477 0.139649
v 0.050293 -0.208984 0.129883
v 0.145996 0.099121 -0.007202
v 0.136231 0.147461 -0.000038
v 0.149902 0.101074 -0.002563
v 0.145996 0.099121 -0.007202
v 0.145996 0.099121 -0.007202
v 0.136231 0.147461 -0.000038
v 0.053711 -0.049073 0.162110
v 0.054199 -0.104492 0.165039
v -0.000507 -0.104980 0.166992
v 0.053711 -0.049073 0.162110
v 0.081543 -0.048584 0.157227
v 0.053711 -0.049073 0.162110
v -0.000469 -0.049560 0.163086
v 0.053955 -0.005921 0.156250
v 0.053711 -0.049073 0.162110
v -0.000507 -0.104980 0.166992
v -0.000469 -0.049560 0.163086
v 0.081543 -0.048584 0.157227
v 0.081055 -0.005371 0.152344
v -0.116211 0.198242 -0.163086
v -0.116211 0.198242 -0.163086
v -0.174316 0.172852 -0.140625
v -0.169434 0.193359 -0.131836
v -0.111816 0.216797 -0.149414
v -0.121094 0.175781 -0.173828
v -0.142090 -0.220703 0.075196
v -0.128418 -0.225586 0.099610
v -0.127441 -0.226562 0.075196
v -0.127441 -0.226562 0.075196
v 0.127441 0.041260 -0.187500
v 0.129395 0.014404 -0.189453
v 0.125488 0.069824 -0.186523
v 0.120606 -0.106445 0.145508
v 0.119141 -0.105957 0.140625
v 0.122559 -0.104980 0.152344
v -0.050781 0.193359 -0.030517
v -0.048096 0.191406 -0.031494
v -0.052002 0.180664 -0.030273
v -0.052002 0.180664 -0.030273
v -0.044922 0.201172 -0.031494
v -0.167480 -0.037354 -0.144531
v -0.129394 -0.034180 -0.175781
v -0.167480 -0.033691 -0.145508
v -0.166504 -0.052246 -0.144531
v -0.127441 -0.037842 -0.173828
v -0.167480 -0.037354 -0.144531
v -0.167480 -0.033691 -0.145508
v -0.173340 -0.039551 -0.147461
v -0.166504 -0.052246 -0.144531
v 0.098633 0.165039 0.069824
v 0.053711 0.165039 0.069824
v 0.098145 0.168946 0.046387
v 0.054199 0.154297 0.091309
v 0.098633 0.165039 0.069824
v 0.098145 0.168946 0.046387
v 0.113770 0.163086 0.070313
v 0.113770 0.163086 0.070313
v 0.122070 -0.240234 -0.003631
v 0.059082 -0.242188 -0.006683
v 0.123535 -0.240234 -0.000442
v 0.059326 -0.240234 -0.009949
v 0.123535 -0.240234 -0.000442
v 0.122070 -0.240234 -0.003631
v -0.110352 0.048095 0.159180
v -0.100098 0.048828 0.158203
v -0.103516 0.037597 0.163086
v -0.167480 -0.210938 0.024292
v -0.181152 -0.195312 -0.002502
v 0.001709 0.011596 0.191406
v 0.002045 0.011596 0.189453
v 0.001389 0.022827 0.192383
v 0.001709 0.011596 0.191406
v -0.000557 0.011292 0.191406
v -0.000374 0.000859 0.190430
v -0.000343 0.023071 0.192383
v -0.000557 0.011292 0.191406
v 0.001663 0.000839 0.189453
v 0.002045 0.011596 0.189453
v 0.145996 -0.080567 -0.062012
v 0.144043 -0.075195 -0.059082
v 0.151856 -0.081055 -0.062500
v 0.139160 -0.082031 -0.062500
v -0.062256 0.123535 0.110840
v -0.099609 0.140625 0.087403
v -0.088379 0.117188 0.107422
v -0.086914 0.098145 0.120117
v -0.066894 0.105957 0.124024
v -0.039062 0.132812 0.105469
v -0.072266 0.144531 0.090821
v -0.002945 -0.009766 0.184571
v -0.002640 -0.009582 0.182617
v -0.002426 -0.019653 0.180664
v -0.002533 -0.009826 0.186524
v -0.003220 -0.019776 0.182617
v 0.123535 0.234375 -0.047119
v 0.123535 0.235352 -0.046142
v 0.085449 -0.104004 0.162110
v 0.054199 -0.104492 0.165039
v -0.000339 -0.140625 0.165039
v -0.000339 -0.140625 0.165039
v 0.085449 -0.104004 0.162110
v -0.173340 0.145508 -0.143554
v -0.171387 0.168946 -0.135742
v -0.175293 0.120605 -0.150390
v -0.168457 -0.164062 0.077149
v -0.166504 -0.186523 0.076660
v -0.171387 -0.166992 0.025757
v -0.168457 -0.164062 0.077149
v -0.165527 -0.106933 0.074707
v -0.165527 -0.106933 0.074707
v 0.114258 0.191406 -0.159179
v 0.109375 0.208984 -0.146484
v 0.118652 0.172852 -0.170898
v 0.114258 0.191406 -0.159179
v 0.170410 0.168946 -0.136719
v 0.166504 0.187500 -0.128906
v 0.118164 0.170898 -0.168945
v 0.118652 0.172852 -0.170898
v 0.109375 0.208984 -0.146484
v 0.149902 -0.213867 0.107910
v -0.000256 0.093262 -0.034668
v -0.054199 0.095215 -0.033935
v -0.000103 0.043701 -0.041504
v -0.000256 0.093262 -0.034668
v -0.000092 0.129883 -0.025879
v -0.052246 0.130859 -0.024902
v -0.000256 0.093262 -0.034668
v -0.052246 0.130859 -0.024902
v -0.054199 0.095215 -0.033935
v 0.103027 0.044677 0.126953
v 0.109375 -0.003738 0.131836
v 0.126465 0.044434 0.110840
v 0.104981 0.046631 0.131836
v 0.111328 -0.003662 0.138672
v 0.115723 0.088379 0.102539
v 0.094238 0.084961 0.116211
v 0.103027 0.044677 0.126953
v 0.116211 -0.003937 -0.042724
v 0.059570 -0.051025 -0.049316
v 0.136231 -0.004639 -0.038818
v 0.141113 -0.052002 -0.042236
v -0.120117 0.125977 0.127930
v -0.120117 0.125977 0.127930
v -0.122559 0.124023 0.125488
v -0.120117 0.097656 0.142578
v -0.114258 0.125000 0.126953
v -0.113281 0.143554 0.111817
v -0.122070 0.142578 0.110840
v -0.120117 0.144531 0.112305
v -0.173340 -0.053711 -0.153320
v -0.173340 -0.038819 -0.153320
v -0.134277 -0.038086 -0.185547
v -0.173340 -0.053711 -0.153320
v -0.133301 -0.043701 -0.185547
v -0.173340 -0.038819 -0.153320
v -0.134277 -0.038086 -0.185547
v 0.004547 0.179688 0.033936
v 0.004547 0.179688 0.033936
v 0.007233 0.177734 0.033692
v 0.001938 0.179688 0.028443
v -0.000935 0.181641 0.033203
v 0.149902 -0.204102 -0.052002
v 0.171387 -0.186523 -0.050781
v 0.160645 -0.139648 -0.052490
v 0.142090 -0.205078 -0.051758
v 0.149902 -0.204102 -0.052002
v 0.142090 -0.205078 -0.051758
v 0.149902 -0.205078 -0.058105
v -0.014832 0.015747 0.180664
v -0.014648 0.018311 0.176758
v -0.024170 0.026367 0.177735
v -0.000755 -0.234375 0.100586
v 0.059082 -0.236328 0.072754
v 0.058838 -0.233398 0.098145
v -0.000755 -0.234375 0.100586
v -0.060059 -0.236328 0.072754
v -0.000660 -0.236328 0.070313
v -0.000660 -0.236328 0.070313
v -0.060059 -0.236328 0.072754
v 0.058838 -0.233398 0.098145
v 0.176270 0.016479 -0.154297
v 0.175293 0.046631 -0.152344
v 0.176270 0.046875 -0.155273
v 0.174316 -0.010987 -0.151367
v 0.176270 -0.009338 -0.153320
v 0.176270 -0.009338 -0.153320
v 0.019409 -0.042969 0.184571
v 0.020142 -0.042969 0.177735
v 0.023438 -0.041992 0.177735
v 0.023682 -0.041748 0.184571
v 0.021118 -0.042480 0.187500
v 0.019409 -0.042969 0.184571
v 0.023682 -0.041748 0.184571
v 0.006928 -0.042725 0.178711
v 0.010376 -0.042725 0.185547
v -0.055176 0.144531 -0.021240
v -0.102051 0.147461 -0.018554
v -0.055176 0.144531 -0.021240
v -0.114746 0.154297 -0.009338
v -0.098144 -0.169922 0.160156
v -0.098144 -0.169922 0.160156
v 0.052246 0.166016 0.021485
v 0.053223 0.169922 0.045654
v -0.000065 0.166992 0.021118
v 0.000324 0.156250 -0.006531
v 0.058350 0.157227 -0.004669
v 0.052246 0.166016 0.021485
v 0.058350 0.157227 -0.004669
v 0.053223 0.169922 0.045654
v 0.162598 -0.108398 0.105469
v 0.140137 -0.108398 0.125488
v -0.015747 0.231446 -0.033203
v -0.023926 0.229492 0.022339
v -0.013245 0.236328 0.022827
v -0.142090 -0.167969 -0.046387
v -0.142090 -0.194336 -0.047363
v -0.130371 -0.167969 -0.049804
v -0.142090 -0.167969 -0.046387
v -0.131348 -0.193359 -0.050293
v -0.130371 -0.167969 -0.049804
v 0.083008 0.098633 0.122071
v 0.097656 0.079590 0.129883
v 0.090332 0.090332 0.117676
v 0.083008 0.098633 0.122071
v 0.090332 0.090332 0.117676
v 0.059570 0.120605 0.113770
v 0.068848 0.102539 0.125488
v 0.077637 0.084961 0.135742
v 0.092773 0.080567 0.132813
v 0.068848 0.102539 0.125488
v 0.102051 -0.210938 -0.086426
v 0.102539 -0.207031 -0.085937
v 0.107910 -0.200196 -0.106933
v 0.094727 -0.219727 -0.066406
v 0.095703 -0.215821 -0.065918
v -0.163574 -0.044190 0.094727
v -0.160644 -0.001824 0.064942
v -0.140137 -0.108398 0.126953
v -0.144043 -0.160156 0.127930
v -0.120117 -0.106933 0.141602
v -0.163574 -0.105469 0.104004
v -0.164551 -0.162109 0.106934
v -0.120117 -0.106933 0.141602
v 0.037109 0.210938 -0.032715
v 0.038086 0.214844 -0.032226
v 0.045654 0.205078 -0.031250
v 0.028320 0.217773 -0.032959
v 0.037109 0.210938 -0.032715
v 0.027344 0.206054 0.021485
v 0.023804 0.215821 0.022095
v 0.043213 0.201172 -0.031738
v 0.027344 0.206054 0.021485
v 0.144043 -0.228516 0.023438
v 0.155762 -0.220703 0.022461
v 0.154785 -0.233398 -0.002029
v 0.130371 -0.234375 0.025269
v 0.141113 -0.238281 -0.001114
v 0.130371 -0.234375 0.025269
v -0.126465 0.070312 -0.189453
v -0.125488 0.069824 -0.185547
v -0.125488 0.099121 -0.186523
v -0.090332 -0.229492 -0.031738
v 0.107910 0.054444 0.156250
v 0.108887 0.046631 0.160156
v 0.108398 0.066406 0.151367
v 0.100098 0.048095 0.158203
v 0.129395 -0.010498 -0.186523
v 0.129395 -0.010498 -0.186523
v -0.113769 0.166992 0.072266
v -0.113769 0.166992 0.072266
v -0.098633 0.161133 0.094727
v -0.098633 0.169922 0.071778
v -0.113769 0.166992 0.072266
v -0.119141 0.167969 0.072266
v -0.113281 0.159179 0.094727
v -0.140137 -0.220703 -0.052490
v -0.141113 -0.217773 -0.053222
v 0.034424 0.004761 0.181641
v 0.037598 0.013855 0.185547
v 0.035645 0.004547 0.183594
v 0.031982 -0.002884 0.179688
v 0.023071 0.005859 0.181641
v 0.183106 -0.168946 -0.002289
v 0.182129 -0.114746 -0.000091
v 0.176270 -0.167969 0.025513
v 0.186035 -0.167969 -0.005310
v 0.184082 -0.114746 -0.004577
v 0.183106 -0.168946 -0.002289
v 0.172363 -0.193359 0.024658
v 0.181152 -0.195312 -0.002807
v 0.172363 -0.193359 0.024658
v 0.181152 -0.195312 -0.002807
v -0.012512 0.025269 0.192383
v -0.000664 0.025757 0.192383
v -0.000446 0.028076 0.190430
v -0.000504 0.026856 0.186524
v -0.012512 0.025269 0.192383
v -0.009644 -0.024781 0.177735
v -0.021240 -0.032226 0.176758
v -0.024048 -0.026123 0.177735
v -0.009644 -0.024781 0.177735
v -0.008545 -0.023926 0.179688
v -0.024048 -0.026123 0.177735
v -0.009644 -0.024781 0.177735
v -0.004883 -0.031250 0.178711
v -0.021240 -0.032226 0.176758
v -0.008545 -0.023926 0.179688
v -0.000336 -0.074219 0.180664
v 0.017578 -0.067871 0.180664
v -0.143066 0.096192 0.002602
v -0.123047 0.145508 -0.015625
v -0.123047 0.145508 -0.015625
v -0.161621 -0.203125 0.105469
v -0.160644 -0.203125 0.099610
v -0.152832 -0.214844 0.100098
v -0.153809 -0.216797 0.105469
v -0.161621 -0.203125 0.105469
v -0.152832 -0.214844 0.100098
v 0.024658 -0.028931 0.186524
v 0.016235 -0.027832 0.185547
v 0.011841 -0.029541 0.188477
v 0.024658 -0.028931 0.186524
v 0.025147 -0.029297 0.178711
v 0.022705 -0.027588 0.177735
v 0.023682 -0.030639 0.189453
v 0.022705 -0.027588 0.177735
v 0.025269 -0.033448 0.185547
v 0.023682 -0.030639 0.189453
v -0.026001 0.215821 0.021973
v -0.169434 -0.107422 -0.141601
v -0.166504 -0.132812 -0.134765
v 0.121582 0.139648 0.077149
v 0.118652 0.138672 0.071778
v 0.131348 -0.228516 -0.026123
v -0.035889 0.004395 0.180664
v -0.032715 -0.009155 0.182617
v -0.151855 -0.077148 -0.058838
v -0.188965 -0.112793 -0.052734
v -0.183105 -0.111817 -0.050293
v -0.187988 -0.112305 -0.056640
v -0.143066 -0.080078 -0.062500
v -0.150879 -0.080567 -0.062012
v 0.054199 0.161133 0.095215
v 0.098145 0.161133 0.095215
v 0.098145 0.169922 0.071778
v 0.054199 0.170898 0.072266
v 0.000053 0.161133 0.096192
v 0.171387 -0.116211 -0.144531
v 0.172363 -0.097168 -0.148437
v 0.171387 -0.116211 -0.144531
v 0.169434 -0.114746 -0.142578
v 0.167481 -0.134766 -0.135742
v 0.169434 -0.136719 -0.137695
v 0.129395 -0.114258 -0.174804
v 0.129395 -0.114258 -0.174804
v 0.172363 -0.097168 -0.148437
v -0.097168 0.133789 0.035156
v -0.089355 0.150391 0.035401
v -0.098633 0.134766 0.057373
v -0.097168 0.133789 0.035156
v -0.098144 -0.184571 0.138672
v -0.114258 -0.179688 0.143555
v -0.096680 -0.184571 0.144531
v -0.095703 -0.167969 0.157227
v -0.052490 -0.182617 0.140625
v -0.098144 -0.184571 0.138672
v 0.142090 0.095703 0.004669
v 0.154785 0.046875 -0.000107
v 0.145996 0.045166 0.025269
v 0.122559 0.090332 0.032471
v 0.142090 0.095703 0.004669
v 0.145996 0.097168 -0.000770
v 0.154785 0.046875 -0.000107
v 0.145996 0.045166 0.025269
v 0.131348 0.143554 0.000902
v -0.000423 -0.053711 0.179688
v -0.002823 -0.038574 0.178711
v -0.166504 0.188477 -0.127929
v -0.168457 0.190429 -0.131836
v -0.168457 0.190429 -0.131836
v -0.143066 -0.184571 0.126953
v -0.144043 -0.160156 0.127930
v -0.163574 -0.185547 0.107422
v -0.143066 -0.184571 0.126953
v -0.158691 -0.201172 0.107422
v -0.143066 -0.184571 0.126953
v -0.158691 -0.201172 0.107422
v -0.080566 0.242188 -0.079590
v -0.086914 0.244141 -0.092285
v -0.080566 0.242188 -0.079590
v -0.124023 0.234375 -0.047363
v -0.080566 0.242188 -0.079590
v -0.077148 0.244141 -0.073730
v -0.073730 0.239258 -0.065918
v -0.086914 0.244141 -0.092285
v -0.077148 0.244141 -0.073730
v -0.124023 0.234375 -0.047363
v -0.128418 -0.173828 -0.054443
v -0.147949 -0.169922 -0.050049
v -0.126465 -0.115235 -0.053955
v -0.128418 -0.173828 -0.054443
v -0.130371 -0.193359 -0.054443
v -0.147949 -0.169922 -0.050049
v -0.068848 -0.193359 -0.061035
v -0.128418 -0.173828 -0.054443
v -0.069824 -0.172852 -0.061279
v -0.068848 -0.193359 -0.061035
v -0.128418 -0.173828 -0.054443
v -0.126465 -0.115235 -0.053955
v -0.069824 -0.172852 -0.061279
v 0.097656 0.079590 0.129883
v 0.109375 0.047851 0.137696
v 0.104981 0.046631 0.131836
v 0.103516 0.050293 0.138672
v 0.103516 0.050293 0.138672
v 0.104981 0.046631 0.131836
v 0.114258 -0.189453 -0.125000
v -0.149902 0.046631 0.089844
v -0.155762 -0.006012 0.064942
v -0.143066 0.046631 0.060059
v -0.123535 0.095215 0.059082
v -0.134277 0.092285 0.078125
v -0.124512 0.090820 0.031861
v -0.149902 0.046631 0.089844
v -0.172363 -0.033448 -0.151367
v -0.133301 -0.033691 -0.181640
v -0.134277 -0.035400 -0.184570
v -0.173340 -0.034668 -0.153320
v -0.172363 -0.033448 -0.151367
v -0.173340 -0.034668 -0.153320
v 0.054199 0.170898 0.072266
v 0.053467 0.174804 0.046143
v 0.054443 0.172852 0.019165
v -0.000069 0.172852 0.018311
v 0.053467 0.174804 0.046143
v 0.098145 0.172852 0.047119
v 0.054443 0.172852 0.019165
v 0.053467 0.174804 0.046143
v 0.098145 0.172852 0.047119
v 0.209473 -0.148438 -0.051513
v 0.210449 -0.148438 -0.056152
v 0.209473 -0.148438 -0.051513
v 0.213379 -0.141602 -0.055908
v 0.212402 -0.141602 -0.050537
v 0.210449 -0.148438 -0.056152
v -0.115234 -0.222656 0.108887
v -0.130371 -0.220703 0.109375
v -0.123047 -0.205078 0.122071
v -0.116211 -0.228516 0.102539
v -0.102539 -0.207031 0.124024
v -0.059082 -0.230469 0.102539
v -0.102539 -0.207031 0.124024
v 0.123535 0.096680 -0.029297
v 0.134277 0.096192 -0.023437
v 0.123535 0.096680 -0.029297
v 0.130371 0.046142 -0.035156
v 0.134277 0.096192 -0.023437
v 0.111816 0.046875 -0.038818
v 0.105469 0.097168 -0.031738
v 0.105469 0.097168 -0.031738
v 0.000565 -0.037110 0.189453
v -0.000055 -0.029541 0.189453
v -0.011047 -0.035645 0.189453
v 0.000565 -0.037110 0.189453
v -0.000055 -0.029541 0.189453
v 0.000019 -0.041748 0.188477
v -0.011169 -0.041260 0.189453
v -0.121582 0.158203 -0.001968
v -0.113281 0.164062 0.023194
v -0.114746 0.158203 -0.003998
v -0.120117 0.164062 0.023926
v -0.167480 -0.110352 0.097656
v -0.170410 -0.108887 0.074707
v -0.174316 -0.114746 0.027100
v -0.177246 -0.167969 0.026001
v -0.170410 -0.108887 0.074707
v -0.170410 -0.108887 0.074707
v 0.049072 0.188477 -0.037353
v 0.051514 0.206054 -0.038086
v 0.049072 0.188477 -0.037353
v 0.046631 0.170898 -0.036133
v 0.047852 0.189453 -0.034668
v 0.047852 0.189453 -0.034668
v 0.046631 0.170898 -0.036133
v 0.125488 -0.206054 0.124024
v 0.143066 -0.215821 0.109375
v 0.143066 -0.215821 0.109375
v -0.102051 0.147461 -0.018554
v -0.052246 0.130859 -0.024902
v -0.000092 0.129883 -0.025879
v -0.000463 -0.191406 -0.062988
v -0.052246 -0.158203 -0.063965
v 0.003098 -0.163086 -0.064941
v -0.000463 -0.191406 -0.062988
v 0.067383 -0.194336 -0.061523
v 0.064453 -0.213867 -0.053711
v 0.003098 -0.163086 -0.064941
v 0.068359 -0.171875 -0.062012
v 0.180176 -0.115235 -0.002060
v 0.169434 -0.115722 0.025879
v 0.163574 -0.048584 0.021729
v 0.173340 -0.052735 -0.000519
v 0.180176 -0.115235 -0.002060
v 0.169434 -0.115722 0.025879
v -0.098144 0.125977 0.127930
v -0.055176 0.124023 0.129883
v -0.098144 0.125977 0.127930
v -0.098144 0.145508 0.111817
v -0.098144 0.125977 0.127930
v -0.098144 0.145508 0.111817
v -0.156738 -0.238281 -0.004181
v -0.140137 -0.241211 0.000366
v -0.154785 -0.235352 -0.000625
v -0.141113 -0.244141 -0.003509
v 0.024170 0.005005 0.185547
v 0.208496 -0.141602 -0.059326
v 0.208496 -0.134766 -0.059326
v 0.207520 -0.147461 -0.059082
v -0.026611 0.052002 0.165039
v -0.021728 -0.031739 0.178711
v 0.103516 0.202148 -0.019653
v -0.000896 -0.244141 0.021485
v -0.178223 0.098145 -0.155273
v -0.126465 0.100586 -0.190429
v -0.177246 0.084472 -0.154297
v -0.183105 -0.111817 -0.050293
v 0.164551 -0.153321 -0.125976
v 0.160645 -0.168946 -0.115234
v 0.166504 -0.132812 -0.133789
v 0.124512 -0.127929 -0.164062
v -0.085449 0.102051 0.110352
v -0.063965 0.109863 0.114258
v -0.094727 0.139648 0.086426
v -0.094727 0.139648 0.086426
v -0.000095 -0.182617 0.150391
v -0.000095 -0.182617 0.150391
v -0.054443 -0.183594 0.150391
v 0.054199 -0.183594 0.150391
v -0.000095 -0.182617 0.150391
v -0.054443 -0.183594 0.150391
v -0.053711 -0.188477 0.145508
v 0.158691 0.003601 0.023804
v 0.169434 -0.051025 0.024414
v 0.160645 -0.001396 0.064942
v 0.168457 -0.001061 0.000191
v 0.009644 -0.041260 0.172852
v 0.020142 -0.042969 0.177735
v -0.129394 0.155273 -0.006531
v -0.101562 0.150391 -0.020630
v -0.141113 -0.184571 0.123047
v -0.121094 -0.164062 0.137696
v -0.141113 -0.184571 0.123047
v -0.118164 -0.105469 0.136719
v 0.100098 0.150391 -0.020996
v 0.053711 0.148438 -0.023559
v 0.095215 0.160156 -0.010498
v 0.100098 0.150391 -0.020996
v 0.112305 0.159179 -0.012939
v 0.115723 0.150391 -0.021240
v 0.101074 0.135742 -0.029419
v 0.053955 0.131836 -0.033203
v 0.101074 0.135742 -0.029419
v 0.095215 0.160156 -0.010498
v 0.112793 -0.003052 0.143555
v 0.109375 0.047851 0.137696
v 0.107910 -0.002426 0.144531
v 0.112793 -0.046631 0.148438
v 0.112793 -0.003052 0.143555
v 0.104981 0.046631 0.131836
v -0.003845 0.240234 0.022827
v -0.003845 0.240234 0.022827
v -0.013245 0.236328 0.022827
v -0.001041 0.233398 0.022583
v -0.131348 -0.052002 -0.179687
v -0.131348 -0.072265 -0.178711
v 0.104004 0.152344 0.022217
v 0.088379 -0.222656 -0.047607
v 0.085938 -0.226562 -0.035400
v 0.129395 -0.225586 -0.026489
v 0.094727 -0.219727 -0.066406
v 0.088379 -0.222656 -0.047607
v 0.129395 -0.225586 -0.026489
v 0.135254 -0.220703 -0.038086
v 0.095703 -0.215821 -0.065918
v 0.095703 -0.215821 -0.065918
v -0.149902 -0.204102 -0.051269
v -0.143066 -0.206054 -0.051269
v 0.178223 -0.114258 -0.006775
v 0.171387 -0.052735 -0.007934
v 0.158691 -0.114746 -0.033447
v 0.178223 -0.114258 -0.006775
v 0.158691 -0.114746 -0.033447
v -0.025146 0.041260 0.174805
v -0.000256 -0.006195 0.157227
v 0.055176 0.050293 0.144531
v 0.053955 -0.005921 0.156250
v -0.000256 -0.006195 0.157227
v -0.000469 -0.049560 0.163086
v -0.053955 -0.005707 0.156250
v -0.000256 -0.006195 0.157227
v -0.053711 0.051025 0.144531
v 0.000641 0.061035 0.139649
v -0.000256 -0.006195 0.157227
v 0.053955 -0.005921 0.156250
v -0.000469 -0.049560 0.163086
v -0.000256 -0.006195 0.157227
v -0.053955 -0.005707 0.156250
v -0.053711 0.051025 0.144531
v -0.000256 -0.006195 0.157227
v 0.000641 0.061035 0.139649
v 0.055176 0.050293 0.144531
v 0.104004 0.232422 -0.130859
v -0.000198 -0.142578 0.170899
v 0.087891 -0.103515 0.166992
v -0.101074 0.133789 -0.024414
v -0.052246 0.130859 -0.024902
v -0.117676 0.151367 -0.013244
v -0.114258 0.146484 -0.018554
v -0.087402 -0.103515 0.163086
v -0.054932 -0.104492 0.166016
v -0.087402 -0.103515 0.163086
v -0.056396 -0.141602 0.165039
v -0.092285 -0.144531 0.163086
v -0.115234 -0.105469 0.148438
v -0.110840 -0.048584 0.145508
v -0.115234 -0.105469 0.148438
v -0.054932 -0.104492 0.166016
v 0.053223 0.161133 -0.008972
v -0.000017 0.162109 -0.010132
v 0.054443 0.172852 0.019165
v 0.053223 0.161133 -0.008972
v 0.098145 0.170898 0.021851
v 0.099121 0.162109 -0.005798
v 0.053223 0.161133 -0.008972
v 0.099121 0.162109 -0.005798
v 0.052490 0.159179 -0.012268
v 0.167481 -0.209961 0.024048
v 0.144043 -0.222656 0.100098
v 0.144043 -0.224609 0.075684
v 0.158691 -0.222656 0.023316
v -0.055420 0.047364 -0.047607
v -0.054932 0.096680 -0.041015
v -0.000130 0.046386 -0.048584
v -0.054932 0.096680 -0.041015
v 0.026123 0.014221 0.187500
v 0.035400 0.012757 0.187500
v -0.067871 -0.051758 -0.054931
v 0.069824 -0.052002 -0.055176
v -0.000099 -0.113281 -0.062012
v -0.000099 -0.113281 -0.062012
v -0.114746 0.164062 0.070801
v -0.206543 -0.147461 -0.059570
v -0.209473 -0.148438 -0.055664
v -0.208496 -0.149414 -0.051269
v -0.207519 -0.142578 -0.059082
v -0.000078 0.088867 0.138672
v 0.000118 0.045655 0.154297
v -0.056641 0.089844 0.138672
v -0.000078 0.088867 0.138672
v 0.055420 0.120605 0.122071
v 0.055908 0.090332 0.137696
v -0.000078 0.088867 0.138672
v 0.055908 0.090332 0.137696
v 0.000118 0.045655 0.154297
v -0.056641 0.089844 0.138672
v 0.130371 -0.238281 0.025025
v -0.024658 0.004608 0.185547
v -0.059082 -0.228516 0.096680
v -0.000626 -0.229492 0.096192
v -0.000835 -0.232422 0.064942
v -0.059082 -0.228516 0.096680
v -0.115723 -0.230469 0.075196
v -0.116211 -0.229492 0.098145
v -0.059082 -0.228516 0.096680
v -0.116211 -0.229492 0.098145
v 0.175293 0.120605 -0.151367
v 0.176270 0.084472 -0.154297
v 0.178223 0.098633 -0.156250
v 0.175293 0.120605 -0.151367
v 0.176270 0.084472 -0.154297
v 0.008545 -0.024658 0.181641
v 0.020142 -0.031983 0.181641
v 0.022705 -0.026123 0.182617
v 0.004028 -0.031128 0.181641
v 0.008545 -0.024658 0.181641
v 0.006775 -0.023926 0.179688
v 0.004028 -0.031128 0.181641
v 0.022705 -0.026123 0.182617
v -0.116699 0.225586 -0.034912
v -0.067871 0.231446 -0.054687
v -0.106445 0.208984 -0.022461
v -0.117187 0.229492 -0.034179
v -0.124023 0.234375 -0.047363
v -0.116699 0.225586 -0.034912
v -0.067871 0.231446 -0.054687
v -0.142090 -0.214844 0.107910
v -0.129394 -0.225586 0.102051
v 0.101563 0.133789 -0.024292
v 0.100098 0.147461 -0.018310
v 0.117676 0.134766 -0.022949
v 0.174316 -0.115235 0.026978
v 0.170410 -0.108887 0.074707
v 0.175293 -0.052490 0.000321
v 0.174316 -0.115235 0.026978
v 0.174316 -0.115235 0.026978
v 0.175293 -0.052490 0.000321
v 0.169434 -0.051025 0.024414
v -0.104004 0.230469 -0.128906
v -0.094238 0.240234 -0.106933
v -0.104004 0.230469 -0.128906
v -0.104004 0.230469 -0.128906
v -0.094238 0.240234 -0.106933
v -0.099121 0.233398 -0.120605
v -0.104492 0.233398 -0.131836
v -0.104492 0.233398 -0.131836
v -0.104492 0.225586 -0.130859
v -0.137207 -0.004151 -0.039062
v -0.137207 -0.004151 -0.039062
v 0.098145 0.145508 0.111817
v 0.112793 0.158203 0.094727
v 0.151856 -0.193359 -0.087890
v 0.109375 -0.196289 -0.105469
v 0.113770 -0.182617 -0.123047
v 0.109375 -0.196289 -0.105469
v 0.151856 -0.193359 -0.087890
v -0.137207 0.092285 0.083985
v -0.145996 0.046631 0.093750
v -0.137207 0.092285 0.083985
v -0.115234 0.139648 0.076172
v -0.113769 0.138672 0.073731
v -0.134277 0.092285 0.078125
v -0.157715 -0.212891 -0.034424
v -0.157715 -0.212891 -0.034424
v 0.022339 0.050293 0.171875
v 0.027100 0.038086 0.174805
v 0.172363 -0.033448 -0.150390
v 0.133301 -0.035400 -0.184570
v 0.131348 -0.033935 -0.181640
v 0.172363 -0.033448 -0.150390
v 0.131348 -0.033935 -0.181640
v 0.167481 -0.033935 -0.146484
v -0.052978 0.175781 0.046143
v -0.053467 0.172852 0.019409
v -0.098144 0.173828 0.047119
v -0.052978 0.175781 0.046143
v -0.000244 0.171875 0.071778
v -0.052978 0.175781 0.046143
v -0.000069 0.172852 0.018311
v -0.053467 0.172852 0.019409
v 0.129395 0.156250 -0.000229
v 0.129395 0.156250 -0.000229
v 0.136231 0.147461 -0.000038
v 0.133301 0.144531 -0.006134
v 0.129395 0.155273 -0.005890
v 0.122070 0.161133 -0.003021
v 0.124512 0.156250 0.013977
v 0.128418 -0.225586 0.101074
v 0.114258 -0.228516 0.102051
v 0.127441 -0.227539 0.075684
v 0.130371 -0.220703 0.108887
v 0.142090 -0.213867 0.108399
v -0.135254 0.046142 -0.039795
v -0.127441 0.097656 -0.033935
v 0.114746 -0.178711 0.148438
v -0.035156 0.167969 0.017090
v -0.030395 0.168946 0.015930
v -0.035400 0.171875 0.017945
v -0.051758 0.166016 -0.029663
v -0.035156 0.167969 0.017090
v -0.051758 0.166016 -0.029663
v -0.050293 0.143554 -0.027466
v -0.103516 -0.213867 -0.086914
v -0.140137 -0.220703 -0.052490
v -0.145996 -0.212891 -0.069824
v -0.103516 -0.213867 -0.086914
v -0.097656 -0.222656 -0.066894
v -0.103516 -0.213867 -0.086914
v -0.145996 -0.212891 -0.069824
v -0.110352 -0.203125 -0.106933
v -0.102539 -0.210938 -0.086426
v -0.103516 -0.213867 -0.086914
v -0.097656 -0.222656 -0.066894
v -0.102539 -0.210938 -0.086426
v 0.126465 0.044434 0.110840
v 0.069824 -0.167969 -0.057617
v 0.066895 -0.111817 -0.054443
v 0.009033 -0.164062 -0.059082
v -0.000202 -0.191406 -0.057617
v 0.067871 -0.193359 -0.057617
v 0.069824 -0.167969 -0.057617
v 0.067871 -0.193359 -0.057617
v 0.130371 -0.167969 -0.050781
v -0.119141 0.067383 0.149414
v -0.122559 0.095703 0.139649
v -0.118652 0.066406 0.145508
v -0.119141 0.067383 0.149414
v -0.120117 0.097656 0.142578
v -0.122559 0.095703 0.139649
v -0.120117 0.097656 0.142578
v -0.167480 -0.210938 0.024292
v -0.154785 -0.215821 0.074707
v -0.162598 -0.225586 0.003372
v -0.174316 -0.194336 0.025269
v 0.140137 -0.108398 0.125488
v -0.094238 0.153321 -0.017212
v -0.092285 0.147461 -0.015014
v -0.093750 0.154297 -0.014038
v -0.093750 0.150391 -0.019653
v -0.093262 0.146484 -0.018188
v -0.097168 0.170898 -0.014587
v -0.093750 0.154297 -0.019043
v -0.129394 -0.076172 -0.172851
v 0.109863 0.153321 0.073242
v 0.121582 0.139648 0.077149
v 0.118652 0.138672 0.071778
v 0.112305 0.140625 0.064942
v 0.113770 0.139648 0.081055
v 0.113770 0.139648 0.081055
v 0.118652 0.138672 0.071778
v 0.124023 -0.228516 -0.028686
v 0.135254 -0.239258 -0.004547
v 0.127441 -0.208984 -0.046387
v 0.064941 -0.209961 -0.051513
v 0.124023 -0.228516 -0.028686
v 0.124023 -0.228516 -0.028686
v 0.122070 -0.240234 -0.003631
v 0.135254 -0.239258 -0.004547
v 0.064941 -0.209961 -0.051513
v -0.072266 0.027099 0.166992
v -0.076172 0.022827 0.170899
v -0.047119 0.015564 0.174805
v -0.088867 0.034912 0.164063
v -0.076172 0.022827 0.170899
v -0.045410 0.019898 0.171875
v -0.172363 -0.052002 -0.001968
v -0.180176 -0.114746 -0.001449
v -0.178223 -0.114258 -0.006409
v -0.180176 -0.114746 -0.001449
v -0.180176 -0.167969 -0.006592
v -0.018799 -0.067383 0.179688
v -0.004791 -0.072754 0.180664
v -0.020630 -0.063477 0.181641
v -0.019287 -0.063477 0.176758
v 0.113770 0.154297 -0.006897
v 0.009399 -0.027710 0.177735
v 0.010315 -0.029541 0.173828
v 0.009399 -0.027710 0.177735
v -0.001156 -0.027344 0.185547
v 0.010498 -0.027832 0.185547
v -0.000519 -0.027832 0.176758
v 0.010498 -0.027832 0.185547
v 0.010315 -0.029541 0.173828
v -0.163574 0.211914 -0.120117
v -0.156738 0.223633 -0.105957
v -0.156738 0.228516 -0.104004
v -0.162598 0.208984 -0.120605
v -0.055420 -0.104004 0.171875
v 0.022095 0.227539 0.022339
v 0.029297 0.217773 0.022705
v 0.141113 -0.160156 0.123535
v 0.141113 -0.184571 0.122071
v 0.118652 -0.178711 0.138672
v 0.141113 -0.160156 0.123535
v -0.092773 0.145508 -0.020386
v -0.093750 0.150391 -0.019653
v -0.046631 0.129883 -0.037109
v -0.092773 0.145508 -0.020386
v -0.123535 -0.243164 -0.007812
v 0.102539 0.036865 0.163086
v 0.102539 0.036865 0.163086
v 0.094238 0.030639 0.166016
v 0.131348 -0.052735 -0.180664
v 0.172363 -0.075683 -0.150390
v 0.131348 -0.073242 -0.179687
v -0.104492 0.152344 0.071289
v -0.105957 0.153321 0.073731
v -0.115234 0.139648 0.076172
v -0.109375 0.153321 0.073242
v -0.113769 0.138672 0.073731
v -0.113769 0.138672 0.073731
v -0.166504 -0.154297 -0.127929
v 0.055176 0.050293 0.144531
v 0.053955 -0.005921 0.156250
v 0.000641 0.061035 0.139649
v 0.187012 -0.114258 -0.059326
v -0.047119 0.092285 0.135742
v -0.123535 -0.153321 0.144531
v 0.093262 0.152344 -0.018432
v 0.093262 0.152344 -0.018432
v 0.093262 0.152344 -0.018432
v 0.093262 0.154297 -0.016601
v 0.092285 0.146484 -0.018066
v 0.046143 0.129883 -0.036865
v 0.092285 0.146484 -0.019653
v 0.093262 0.152344 -0.018432
v 0.096191 0.170898 -0.015625
v 0.093262 0.154297 -0.016601
v 0.046143 0.129883 -0.036865
v -0.166504 -0.001190 -0.009216
v -0.172363 -0.000584 -0.004272
v -0.166504 -0.001190 -0.009216
v -0.174316 -0.052002 -0.009155
v -0.172363 -0.000584 -0.004272
v -0.174316 -0.052002 -0.009155
v -0.179199 -0.051514 -0.004638
v 0.115723 -0.233398 0.104004
v 0.115723 -0.232422 0.098145
v 0.129395 -0.230469 0.098633
v 0.129395 -0.230469 0.104492
v -0.141113 -0.004029 -0.044678
v 0.110840 0.044190 0.155274
v 0.173340 -0.051514 -0.151367
v 0.131348 -0.052735 -0.180664
v 0.173340 -0.051514 -0.151367
v 0.172363 -0.075683 -0.150390
v -0.102539 0.153321 0.076660
v -0.112305 0.137696 0.079102
v -0.105469 0.154297 0.078613
v -0.156738 -0.188477 -0.102051
v -0.152832 -0.198242 -0.086914
v -0.156738 -0.188477 -0.102051
v -0.151855 -0.202148 -0.085937
v -0.156738 -0.188477 -0.102051
v -0.161621 -0.172852 -0.116211
v -0.151855 -0.202148 -0.085937
v -0.156738 -0.188477 -0.102051
v -0.161621 -0.172852 -0.116211
v 0.102051 0.043701 0.121094
v 0.101074 0.044922 0.126953
v 0.092285 0.084472 0.111328
v 0.102051 0.043701 0.121094
v 0.107422 -0.004547 0.128906
v 0.107910 -0.005280 0.135742
v 0.114258 0.087890 0.100098
v 0.124512 0.043457 0.107910
v 0.107422 -0.004547 0.128906
v 0.107910 -0.005280 0.135742
v -0.000326 0.066406 0.160156
v -0.000078 0.069336 0.162110
v 0.017090 0.059570 0.162110
v -0.023315 -0.027832 0.177735
v -0.026245 -0.031494 0.177735
v -0.025269 -0.029052 0.185547
v -0.021118 -0.027710 0.186524
v -0.023315 -0.027832 0.177735
v -0.010437 -0.027588 0.176758
v -0.011108 -0.029297 0.173828
v -0.011108 -0.029297 0.173828
v -0.010437 -0.027588 0.176758
v 0.001846 -0.062256 0.178711
v 0.016724 -0.067383 0.183594
v -0.137207 0.097656 0.012451
v -0.115723 0.126953 0.020874
v -0.166504 -0.186523 0.076660
v -0.171387 -0.166992 0.025757
v 0.121094 0.146484 -0.176758
v 0.175293 0.118653 -0.148437
v 0.172363 0.146484 -0.143554
v 0.123535 0.102051 -0.184570
v 0.081055 -0.005371 0.152344
v 0.053955 -0.005921 0.156250
v 0.082031 0.049805 0.143555
v -0.074219 0.244141 -0.063965
v -0.116699 0.232422 -0.032471
v -0.067871 0.234375 -0.053711
v -0.052246 -0.158203 -0.063965
v -0.070801 -0.113281 -0.059326
v -0.070801 -0.113281 -0.059326
v -0.000099 -0.113281 -0.062012
v 0.113770 0.139648 0.081055
v 0.141113 -0.238281 -0.004638
v -0.035889 0.021363 0.187500
v -0.036621 0.013672 0.182617
v -0.036621 0.013672 0.182617
v -0.164551 -0.049073 0.021362
v -0.172363 -0.052002 -0.001968
v -0.167480 -0.001915 -0.001373
v -0.164551 -0.049073 0.021362
v -0.167480 -0.001915 -0.001373
v 0.017456 0.061035 0.168946
v -0.024170 0.026367 0.177735
v -0.098144 -0.190429 0.139649
v -0.098144 -0.190429 0.139649
v 0.166504 -0.002731 -0.001022
v 0.153809 0.002243 0.025879
v 0.145996 0.097168 -0.000770
v 0.156738 0.047364 -0.004974
v -0.000423 -0.053711 0.179688
v -0.002823 -0.038574 0.178711
v -0.152832 -0.226562 -0.027099
v -0.142090 -0.213867 -0.045654
v -0.157715 -0.212891 -0.034424
v 0.001343 0.001107 0.185547
v 0.001923 -0.009522 0.184571
v 0.001480 -0.009643 0.183594
v 0.001633 0.011963 0.189453
v 0.002152 0.001098 0.187500
v -0.000496 0.011841 0.187500
v -0.098633 0.170898 0.021607
v -0.000017 0.162109 -0.010132
v -0.052978 0.162109 -0.008728
v -0.053467 0.172852 0.019409
v -0.052978 0.162109 -0.008728
v -0.098633 0.170898 0.021607
v -0.002594 -0.030151 0.182617
v -0.002838 -0.029785 0.180664
v 0.122559 0.162109 -0.005188
v 0.113770 0.161133 -0.003937
v 0.118164 0.167969 0.023071
v 0.127441 -0.227539 0.075684
v -0.175293 0.083985 -0.150390
v -0.175293 0.047364 -0.152344
v -0.177246 0.084472 -0.154297
v -0.053955 -0.048828 0.162110
v -0.000469 -0.049560 0.163086
v -0.000507 -0.104980 0.166992
v -0.000507 -0.104980 0.166992
v -0.000469 -0.049560 0.163086
v -0.123535 -0.155273 -0.156250
v 0.135254 0.091797 0.079590
v 0.143066 0.046631 0.059815
v 0.149902 0.046142 0.088867
v 0.137207 0.092285 0.084961
v 0.145996 0.046386 0.093262
v 0.116211 -0.003937 -0.042724
v 0.136231 -0.004639 -0.038818
v 0.063965 -0.001457 -0.045654
v 0.063965 -0.001457 -0.045654
v -0.113281 0.143554 0.111817
v -0.174316 -0.013611 -0.150390
v -0.176269 0.016113 -0.153320
v -0.176269 -0.008972 -0.153320
v -0.174316 -0.013611 -0.150390
v -0.173340 -0.009522 -0.148437
v -0.173340 -0.009522 -0.148437
v 0.000053 0.161133 0.096192
v -0.000664 0.025757 0.192383
v -0.100098 0.188477 -0.013977
v -0.106445 0.208984 -0.022461
v -0.097168 0.170898 -0.014587
v -0.096191 0.170898 -0.010986
v -0.100586 0.188477 -0.015991
v -0.141113 -0.184571 0.123047
v -0.139160 -0.198242 0.118653
v -0.155762 -0.201172 0.104492
v -0.114746 -0.179688 0.137696
v -0.114746 -0.179688 0.137696
v -0.155762 -0.201172 0.104492
v -0.000050 0.131836 -0.032959
v -0.159668 -0.169922 -0.034912
v -0.158691 -0.195312 -0.034179
v 0.044189 0.020264 0.172852
v -0.155762 -0.000335 0.098633
v -0.132324 -0.002594 0.118164
v -0.148926 0.047364 0.095215
v -0.148926 0.047364 0.095215
v -0.209473 -0.148438 -0.055664
v -0.161621 -0.135742 -0.061523
v -0.000113 0.015869 0.174805
v -0.045410 0.019898 0.171875
v -0.000338 0.011536 0.178711
v -0.000113 0.015869 0.174805
v -0.000221 0.054688 0.161133
v -0.045410 0.019898 0.171875
v -0.000113 0.015869 0.174805
v -0.000338 0.011536 0.178711
v 0.044189 0.020264 0.172852
v -0.000113 0.015869 0.174805
v 0.044189 0.020264 0.172852
v -0.000221 0.054688 0.161133
v 0.154785 -0.052735 -0.031494
v 0.147949 -0.004151 -0.030151
v 0.141113 -0.052002 -0.042236
v 0.154785 -0.052735 -0.031494
v 0.163574 -0.003083 -0.008667
v 0.154785 -0.052735 -0.031494
v 0.143066 -0.113281 -0.044678
v 0.158691 -0.114746 -0.033447
v 0.143066 -0.113281 -0.044678
v 0.154785 -0.052735 -0.031494
v 0.163574 -0.003083 -0.008667
v 0.147949 -0.004151 -0.030151
v 0.158691 -0.114746 -0.033447
v -0.055908 0.093750 0.145508
v -0.055908 0.093750 0.145508
v -0.000221 0.054688 0.161133
v 0.000229 0.093750 0.146485
v 0.174316 0.146484 -0.147461
v 0.056641 -0.224609 0.109863
v -0.137207 -0.004151 -0.039062
v -0.032715 -0.009155 0.182617
v 0.169434 -0.188477 0.076660
v 0.172363 -0.193359 0.024658
v 0.176270 -0.167969 0.025513
v 0.169434 -0.188477 0.076660
v 0.176270 -0.167969 0.025513
v 0.172363 -0.164062 0.077149
v -0.046631 0.129883 -0.037109
v -0.045654 0.150391 -0.036133
v -0.060303 -0.240234 -0.010376
v -0.123535 -0.239258 -0.004364
v 0.035645 0.004547 0.183594
v 0.126465 -0.115722 -0.053955
v 0.146973 -0.114746 -0.049316
v 0.146973 -0.170898 -0.050293
v 0.145020 -0.052490 -0.046875
v 0.126465 -0.115722 -0.053955
v 0.068359 -0.171875 -0.062012
v 0.071289 -0.113281 -0.059814
v 0.126465 -0.115722 -0.053955
v 0.127441 -0.173828 -0.054687
v 0.068359 -0.171875 -0.062012
v 0.126465 -0.115722 -0.053955
v 0.146973 -0.170898 -0.050293
v 0.127441 -0.173828 -0.054687
v 0.123047 -0.051758 -0.051269
v 0.126465 -0.115722 -0.053955
v 0.123047 -0.051758 -0.051269
v 0.145020 -0.052490 -0.046875
v -0.099609 0.140625 0.087403
v -0.162598 -0.114746 -0.037109
v -0.181152 -0.114746 -0.008301
v -0.159668 -0.052735 -0.034668
v -0.147949 -0.114746 -0.049560
v -0.000011 0.069336 0.166016
v 0.003815 0.066406 0.166992
v 0.145996 -0.205078 -0.072754
v 0.151856 -0.193359 -0.087890
v 0.156738 -0.184571 -0.101562
v 0.155762 -0.178711 -0.102539
v -0.026855 0.021729 0.172852
v 0.129395 0.143554 0.012940
v 0.144043 0.100586 0.005524
v 0.129395 0.143554 0.012940
v 0.144043 0.100586 0.005524
v 0.136231 0.147461 -0.000038
v 0.025513 -0.015442 0.178711
v -0.080566 0.249023 -0.076660
v -0.125000 0.241211 -0.046142
v -0.129394 -0.229492 0.099121
v -0.144043 -0.224609 0.075196
v -0.129394 -0.231446 0.076172
v -0.144043 -0.224609 0.075196
v 0.102539 0.097168 -0.038086
v 0.117676 -0.104492 0.152344
v 0.112793 -0.046631 0.148438
v 0.087891 -0.103515 0.166992
v -0.030640 0.182617 0.018799
v -0.048096 0.191406 -0.031494
v -0.048828 0.180664 -0.031006
v -0.030151 0.172852 0.016419
v -0.131348 -0.038819 -0.181640
v 0.120117 0.164062 0.070313
v -0.169434 -0.106933 0.103028
v 0.065918 0.232422 -0.054687
v 0.098145 -0.190429 0.139649
v -0.092285 0.147461 -0.015014
v -0.043945 0.128906 -0.032226
v -0.088379 -0.229492 -0.045166
v -0.084473 -0.229492 -0.033935
v -0.085937 -0.232422 -0.032226
v -0.135254 -0.227539 -0.036865
v -0.129394 -0.232422 -0.025879
v -0.088379 -0.229492 -0.045166
v -0.129394 -0.232422 -0.025879
v 0.130371 -0.167969 -0.050781
v 0.130371 -0.193359 -0.051758
v -0.096680 0.041748 0.162110
v -0.136230 -0.228516 -0.027466
v -0.127441 -0.209961 -0.045410
v -0.127441 -0.209961 -0.045410
v 0.027466 0.025757 0.188477
v 0.174316 -0.030762 -0.151367
v 0.174316 -0.010987 -0.151367
v 0.173340 -0.030884 -0.149414
v 0.174316 -0.030762 -0.151367
v 0.041016 0.153321 0.080078
v 0.000008 0.149414 0.089356
v -0.021362 -0.043701 0.178711
v -0.020264 -0.043457 0.184571
v -0.021362 -0.043701 0.178711
v -0.007477 -0.042480 0.176758
v -0.011475 -0.042725 0.185547
v -0.011047 -0.041992 0.173828
v -0.011475 -0.042725 0.185547
v 0.126465 0.149414 -0.018188
v 0.113770 0.163086 -0.007629
v 0.058594 -0.243164 0.022827
v -0.000782 -0.248047 -0.006897
v -0.000896 -0.244141 0.021485
v 0.141113 -0.160156 0.123535
v 0.156738 -0.043945 0.099121
v -0.055176 0.205078 -0.039551
v -0.062012 0.219727 -0.045654
v -0.055176 0.205078 -0.039551
v -0.050781 0.189453 -0.036865
v -0.055176 0.205078 -0.039551
v -0.100586 0.188477 -0.015991
v -0.050781 0.189453 -0.036865
v -0.062012 0.219727 -0.045654
v -0.115234 -0.003388 -0.049560
v 0.120117 0.164062 0.070313
v 0.120606 0.165039 0.071778
v 0.121094 0.156250 0.093750
v 0.120606 0.165039 0.071778
v 0.126465 -0.126953 -0.167969
v 0.125488 -0.135742 -0.167969
v 0.126465 -0.126953 -0.167969
v 0.127441 -0.103515 -0.169922
v 0.126465 -0.126953 -0.167969
v 0.128418 -0.100097 -0.172851
v 0.127441 -0.103515 -0.169922
v -0.100098 0.135742 0.056153
v -0.126465 0.098633 0.058838
v -0.115723 0.139648 0.070801
v -0.115723 0.139648 0.070801
v -0.169434 -0.114746 -0.142578
v -0.169434 -0.107422 -0.141601
v -0.128418 -0.098145 -0.169922
v -0.170410 -0.095215 -0.146484
v 0.047852 0.146484 0.086426
v -0.000095 0.146484 0.087891
v -0.000095 0.146484 0.087891
v 0.151856 -0.226562 -0.026977
v 0.175293 -0.211914 -0.009643
v -0.098144 -0.184571 0.138672
v -0.098144 -0.184571 0.138672
v -0.052490 -0.182617 0.140625
v 0.118652 0.136719 -0.027954
v 0.118652 0.136719 -0.027954
v 0.102539 0.097168 -0.038086
v 0.055176 0.096680 -0.041504
v -0.000055 -0.029541 0.189453
v 0.011841 -0.029541 0.188477
v -0.011658 -0.029419 0.189453
v -0.000055 -0.029541 0.189453
v -0.011658 -0.029419 0.189453
v -0.011047 -0.035645 0.189453
v -0.121094 0.166016 0.023926
v -0.123047 0.161133 -0.002807
v -0.000328 0.096192 -0.041992
v -0.000328 0.096192 -0.041992
v 0.022583 -0.038819 0.188477
v 0.021118 -0.042480 0.187500
v -0.098633 0.170898 0.021607
v -0.052978 0.162109 -0.008728
v -0.100098 0.162109 -0.006103
v -0.098633 0.170898 0.021607
v -0.114258 0.166992 0.022827
v 0.118164 0.167969 0.072266
v 0.113281 0.167969 0.071778
v 0.112793 0.158203 0.094727
v 0.118652 0.159179 0.094727
v 0.118652 0.159179 0.094727
v 0.127441 -0.208984 -0.046387
v 0.067871 -0.193359 -0.057617
v -0.088867 0.034912 0.164063
v -0.095215 0.030762 0.166016
v -0.147949 -0.169922 -0.050049
v -0.147949 -0.114746 -0.049560
v -0.126465 -0.115235 -0.053955
v 0.156738 -0.184571 -0.101562
v -0.000195 -0.004577 0.164063
v -0.053467 0.050781 0.152344
v -0.054199 -0.004089 0.163086
v -0.000195 -0.004577 0.164063
v 0.053711 0.050781 0.151367
v 0.000019 0.049073 0.154297
v -0.000195 -0.004577 0.164063
v 0.053223 -0.004395 0.162110
v 0.053711 0.050781 0.151367
v -0.000195 -0.004577 0.164063
v 0.000019 0.049073 0.154297
v -0.053467 0.050781 0.152344
v -0.000339 -0.140625 0.165039
v 0.112305 0.131836 0.021607
v 0.129395 0.108887 0.018189
v 0.096680 0.133789 0.035156
v 0.112305 0.131836 0.021607
v 0.123047 0.155273 0.011292
v 0.003479 -0.031250 0.178711
v 0.002426 -0.031006 0.179688
v 0.003479 -0.031250 0.178711
v 0.008606 -0.024536 0.178711
v 0.019653 -0.031983 0.177735
v -0.156738 0.223633 -0.105957
v -0.156738 0.228516 -0.104004
v -0.155762 0.221679 -0.105957
v -0.155762 0.221679 -0.105957
v -0.113281 -0.048340 0.141602
v -0.118652 -0.114258 0.144531
v 0.038086 0.214844 -0.032226
v 0.028320 0.217773 -0.032959
v 0.028198 0.222656 -0.032959
v 0.029297 0.217773 0.022705
v 0.032715 0.207031 0.022461
v 0.032715 0.207031 0.022461
v -0.125488 0.126953 -0.186523
v -0.123047 0.150391 -0.177734
v -0.126465 0.100586 -0.190429
v -0.000782 -0.248047 -0.006897
v 0.129395 -0.077637 -0.172851
v 0.129395 -0.053222 -0.174804
v 0.127441 -0.103515 -0.169922
v 0.168457 -0.107910 -0.142578
v -0.104492 0.137696 0.085449
v -0.094727 0.139648 0.086426
v -0.094727 0.139648 0.086426
v 0.025635 0.023193 0.174805
v 0.025024 0.021240 0.172852
v 0.166504 -0.002731 -0.001022
v 0.163574 -0.048584 0.021729
v 0.166504 -0.002365 -0.005096
v 0.001877 0.064942 0.168946
v 0.003815 0.066406 0.166992
v -0.002014 0.064453 0.167969
v 0.161621 0.206054 -0.119140
v 0.103516 0.223633 -0.131836
v 0.103516 0.223633 -0.131836
v -0.000040 -0.183594 0.140625
v -0.000040 -0.183594 0.140625
v -0.000156 -0.206054 0.125488
v -0.158691 0.049560 -0.006775
v -0.172363 -0.096680 -0.148437
v -0.026001 0.013427 0.182617
v -0.022461 0.005615 0.183594
v -0.000507 -0.104980 0.166992
v 0.175293 0.118653 -0.148437
v 0.175293 0.081543 -0.152344
v -0.104004 0.204102 -0.017700
v -0.097168 -0.188477 0.146485
v -0.097168 -0.188477 0.146485
v -0.098144 -0.190429 0.139649
v -0.053711 -0.188477 0.145508
v -0.098144 -0.190429 0.139649
v 0.143066 0.046631 0.059815
v 0.168457 -0.162109 0.104492
v 0.168457 -0.162109 0.104492
v 0.168457 -0.106933 0.102539
v 0.163574 -0.161133 0.106934
v 0.168457 -0.162109 0.104492
v 0.168457 -0.162109 0.099610
v 0.167481 -0.110840 0.097168
v -0.127441 -0.084472 -0.053222
v -0.125488 -0.182617 -0.052246
v -0.125488 -0.184571 -0.058594
v -0.127441 -0.084472 -0.053222
v -0.127441 -0.084472 -0.053222
v -0.125488 -0.184571 -0.058594
v -0.126465 -0.085449 -0.059082
v -0.127441 -0.084472 -0.053222
v -0.160644 -0.140625 -0.052734
v -0.125488 -0.182617 -0.052246
v 0.099121 0.092285 0.136719
v 0.055908 0.090332 0.137696
v 0.141113 -0.213867 -0.054199
v -0.149902 0.046631 0.089844
v -0.152832 -0.000744 0.097168
v -0.156738 -0.002548 0.094238
v -0.145996 0.046631 0.093750
v -0.149902 0.046631 0.089844
v -0.156738 -0.002548 0.094238
v -0.155762 -0.006012 0.064942
v -0.163574 -0.224609 -0.006012
v 0.010681 0.020996 0.189453
v 0.011841 0.025269 0.191406
v 0.010376 0.019531 0.186524
v 0.020142 0.019409 0.188477
v -0.000439 0.020630 0.186524
v 0.170410 -0.050781 -0.146484
v 0.169434 -0.077148 -0.144531
v 0.129395 -0.053222 -0.174804
v -0.054199 0.154297 0.091309
v -0.100098 0.155273 0.090821
v -0.098633 0.165039 0.069824
v -0.054199 0.154297 0.091309
v -0.052978 0.165039 0.069824
v -0.000099 0.154297 0.092285
v -0.052978 0.165039 0.069824
v -0.005127 -0.054931 0.183594
v -0.002792 -0.039062 0.183594
v -0.020142 -0.040771 0.183594
v -0.020142 -0.040771 0.183594
v 0.144043 0.100586 0.005524
v 0.129395 -0.231446 0.076172
v 0.130371 -0.238281 0.025025
v 0.146973 -0.232422 0.024292
v 0.129395 -0.231446 0.076172
v 0.129395 -0.230469 0.098633
v 0.115723 -0.232422 0.098145
v 0.144043 -0.224609 0.075684
v -0.126465 0.014221 -0.182617
v -0.127441 -0.011413 -0.178711
v -0.129394 -0.011292 -0.182617
v -0.126465 0.014221 -0.182617
v -0.129394 -0.011292 -0.182617
v -0.126465 0.041504 -0.184570
v -0.174316 0.016236 -0.150390
v -0.173340 -0.009522 -0.148437
v -0.173340 -0.009522 -0.148437
v -0.154785 0.001632 0.026245
v -0.160644 -0.046386 0.070801
v -0.164551 -0.049073 0.021362
v -0.170410 -0.115235 0.026612
v -0.170410 -0.115235 0.026612
v 0.085449 0.244141 -0.093262
v 0.103027 0.229492 -0.129883
v 0.092773 0.240234 -0.107422
v -0.049561 0.165039 -0.030517
v -0.048584 0.142578 -0.028808
v -0.050293 0.143554 -0.027466
v -0.051758 0.166016 -0.029663
v -0.049561 0.165039 -0.030517
v -0.048828 0.180664 -0.031006
v -0.047607 0.166992 -0.030517
v -0.047607 0.166992 -0.030517
v -0.051758 0.166016 -0.029663
v -0.140137 -0.213867 -0.054199
v -0.103027 -0.207031 -0.085449
v -0.145996 -0.205078 -0.071289
v -0.140137 -0.213867 -0.054199
v -0.135254 -0.220703 -0.038818
v -0.096680 -0.215821 -0.065918
v -0.103027 -0.207031 -0.085449
v -0.145996 -0.208984 -0.070801
v -0.141113 -0.217773 -0.053222
v -0.140137 -0.213867 -0.054199
v 0.101074 0.044922 0.126953
v 0.091309 0.081543 0.123047
v 0.086426 0.099121 0.110352
v 0.092285 0.084472 0.111328
v 0.101074 0.044922 0.126953
v 0.106934 -0.005432 0.140625
v -0.000004 -0.112793 -0.054931
v -0.000111 -0.056640 -0.050537
v -0.000004 -0.112793 -0.054931
v -0.122559 0.095703 0.139649
v -0.122559 0.094238 0.135742
v -0.118652 0.066406 0.145508
v -0.122559 0.124023 0.125488
v -0.122559 0.095703 0.139649
v -0.186035 -0.114258 -0.004852
v -0.176269 -0.051758 0.000168
v -0.053467 0.050781 0.152344
v -0.069824 0.093750 0.133789
v -0.080078 0.051514 0.149414
v -0.053467 0.050781 0.152344
v -0.047119 0.092285 0.135742
v -0.069824 0.093750 0.133789
v -0.053467 0.050781 0.152344
v 0.000019 0.049073 0.154297
v -0.047119 0.092285 0.135742
v -0.053467 0.050781 0.152344
v -0.080078 0.051514 0.149414
v -0.054199 -0.004089 0.163086
v -0.053223 -0.188477 0.139649
v -0.120117 0.173828 -0.170898
v 0.110352 -0.048095 0.145508
v 0.110352 -0.048095 0.145508
v 0.114258 -0.104980 0.148438
v 0.085449 -0.104004 0.162110
v 0.114258 -0.079102 0.144531
v 0.110352 -0.048095 0.145508
v 0.114258 -0.079102 0.144531
v 0.085449 -0.104004 0.162110
v -0.013306 0.229492 0.022827
v -0.006836 0.231446 0.022583
v 0.092773 0.136719 0.091309
v 0.094238 0.084961 0.116211
v 0.094238 0.084961 0.116211
v -0.076172 0.022827 0.170899
v -0.096191 0.027832 0.162110
v -0.077148 0.019898 0.166016
v -0.095215 0.030762 0.166016
v -0.077148 0.019898 0.166016
v -0.095215 0.030762 0.166016
v -0.145996 -0.208984 -0.070801
v 0.016724 0.011352 0.174805
v 0.016602 0.011536 0.177735
v -0.000568 0.008301 0.174805
v 0.016724 0.011352 0.174805
v 0.025024 0.021240 0.172852
v 0.021606 0.015076 0.176758
v 0.016602 0.011536 0.177735
v 0.162598 -0.170898 -0.037597
v 0.146973 -0.114746 -0.049316
v 0.161621 -0.115235 -0.036865
v 0.162598 -0.170898 -0.037597
v 0.146973 -0.170898 -0.050293
v 0.146973 -0.114746 -0.049316
v 0.145020 -0.195312 -0.051025
v 0.161621 -0.115235 -0.036865
v 0.182129 -0.168946 -0.009277
v 0.161621 -0.197266 -0.037109
v -0.026489 0.023926 0.177735
v -0.000452 -0.019287 0.180664
v 0.117676 -0.147461 0.151367
v 0.116211 -0.161133 0.150391
v 0.114258 -0.104980 0.148438
v 0.094727 -0.167969 0.156250
v -0.125000 0.156250 0.013489
v -0.123047 0.155273 0.010559
v -0.125000 0.156250 0.013489
v 0.027344 0.206054 0.021485
v 0.045654 0.205078 -0.031250
v 0.032715 0.207031 0.022461
v 0.034912 0.196289 0.021362
v 0.049072 0.192383 -0.030762
v -0.142090 -0.213867 -0.045654
v -0.126465 -0.212891 -0.048340
v 0.086426 0.099121 0.110352
v 0.129395 -0.010498 -0.186523
v 0.174316 -0.030762 -0.151367
v 0.129395 -0.031983 -0.183594
v 0.129395 -0.010498 -0.186523
v 0.176270 -0.009338 -0.153320
v -0.164551 -0.162109 0.106934
v -0.000017 0.162109 -0.010132
v -0.000069 0.172852 0.018311
v 0.054443 0.172852 0.019165
v 0.129395 -0.003235 0.113770
v 0.110840 -0.047851 0.132813
v 0.124512 0.043457 0.107910
v -0.126465 -0.112793 -0.048340
v -0.122070 -0.050537 -0.045166
v -0.141113 -0.051758 -0.042236
v -0.130371 -0.167969 -0.049804
v -0.126465 -0.112793 -0.048340
v -0.143066 -0.112793 -0.044678
v -0.130371 -0.167969 -0.049804
v 0.111816 0.095703 0.140625
v 0.125488 -0.213867 -0.049072
v 0.067383 -0.194336 -0.061523
v 0.129395 -0.194336 -0.054931
v 0.142090 -0.212891 -0.045654
v 0.138184 -0.231446 -0.030273
v 0.124512 -0.232422 -0.030029
v 0.064453 -0.213867 -0.053711
v 0.125488 -0.213867 -0.049072
v -0.104492 0.044922 0.126953
v -0.116699 0.089355 0.102539
v -0.127441 0.044677 0.111817
v -0.111328 -0.003616 0.132813
v -0.127441 -0.056153 -0.171875
v -0.166504 -0.052246 -0.144531
v -0.173340 -0.039551 -0.147461
v -0.127441 -0.056153 -0.171875
v 0.175293 -0.210938 -0.003113
v 0.184082 -0.195312 -0.006195
v -0.002045 0.022949 0.192383
v -0.002274 0.011780 0.191406
v -0.002716 0.022827 0.190430
v -0.059570 -0.243164 0.022583
v -0.000896 -0.244141 0.021485
v -0.117187 -0.241211 0.025635
v 0.003937 -0.055176 0.183594
v 0.003113 -0.057129 0.180664
v -0.133301 0.144531 -0.006012
v -0.125488 0.150391 -0.018432
v -0.129394 0.137696 -0.021972
v -0.133301 0.144531 -0.006012
v -0.169434 -0.106933 0.103028
v 0.047607 0.190429 -0.032715
v -0.101074 0.133789 -0.024414
v -0.105469 0.097168 -0.031494
v -0.054199 0.095215 -0.033935
v -0.101074 0.133789 -0.024414
v -0.105469 0.097168 -0.031494
v -0.056152 0.045899 -0.041260
v 0.147949 -0.075195 -0.053222
v 0.144043 -0.075195 -0.059082
v -0.098633 0.165039 0.069824
v -0.150879 -0.224609 -0.024414
v -0.163574 -0.224609 -0.006012
v 0.017822 0.017823 0.186524
v 0.171387 -0.057129 -0.152344
v 0.134277 -0.059570 -0.180664
v -0.020874 -0.004577 0.184571
v -0.020874 -0.004577 0.184571
v -0.020874 -0.004577 0.184571
v -0.018188 -0.003388 0.182617
v -0.015747 -0.014832 0.182617
v -0.000339 -0.062011 0.179688
v 0.001846 -0.062256 0.178711
v -0.160644 -0.140625 -0.052734
v -0.013367 0.025879 0.185547
v 0.130371 -0.039551 -0.181640
v -0.011658 -0.029419 0.189453
v 0.119629 0.163086 0.023804
v -0.127441 0.097656 -0.033935
v -0.137207 0.097656 -0.026733
v -0.129394 0.137696 -0.021972
v -0.137207 0.097656 -0.026733
v -0.118164 -0.105469 0.136719
v -0.138184 -0.106445 0.121582
v -0.133301 -0.046875 0.117188
v 0.065918 0.232422 -0.054687
v 0.072754 0.239258 -0.067871
v 0.072754 0.239258 -0.067871
v 0.163574 -0.161133 0.106934
v -0.046387 0.143554 -0.028442
v -0.047607 0.166992 -0.030517
v 0.143066 0.046631 0.059815
v 0.123047 0.094238 0.059082
v -0.122559 0.094238 0.135742
v -0.092773 0.056640 0.151367
v -0.172363 -0.096680 -0.148437
v -0.169434 -0.114746 -0.142578
v 0.042481 0.133789 0.097168
v 0.139160 -0.242188 -0.006592
v -0.000538 -0.239258 0.020996
v 0.057617 -0.237304 0.022339
v -0.001163 -0.242188 -0.008850
v -0.000538 -0.239258 0.020996
v 0.057617 -0.237304 0.022339
v 0.098145 0.155273 -0.007324
v 0.000156 0.144531 -0.019409
v 0.172363 -0.164062 0.077149
v 0.176270 -0.167969 0.025513
v -0.167480 -0.001915 -0.001373
v -0.167480 -0.001915 -0.001373
v -0.170410 -0.052002 -0.007629
v -0.164551 -0.002578 -0.008301
v 0.098145 0.145508 0.111817
v 0.098145 0.161133 0.095215
v 0.054443 0.144531 0.113770
v 0.067383 -0.194336 -0.061523
v 0.129395 -0.194336 -0.054931
v -0.134277 0.091308 0.088867
v -0.148926 0.047364 0.095215
v -0.127441 0.044677 0.111817
v -0.116699 0.089355 0.102539
v 0.004547 0.231446 0.022949
v 0.141113 -0.160156 0.123535
v -0.093750 0.150391 -0.019653
v -0.045654 0.150391 -0.036133
v -0.046631 0.129883 -0.037109
v -0.093750 0.150391 -0.019653
v -0.093750 0.154297 -0.019043
v -0.045654 0.150391 -0.036133
v 0.107910 -0.002426 0.144531
v 0.168457 -0.001061 0.000191
v 0.175293 -0.052490 0.000321
v 0.184082 -0.114746 -0.004577
v -0.019653 -0.054688 0.177735
v -0.020508 -0.054931 0.180664
v -0.020142 -0.040528 0.178711
v -0.004456 -0.054931 0.178711
v 0.096191 -0.167969 0.161133
v -0.146973 -0.231446 0.024780
v -0.154785 -0.215821 0.074707
v 0.117676 -0.115235 0.145508
v 0.117676 -0.147461 0.151367
v 0.116211 -0.161133 0.150391
v -0.052978 0.162109 -0.008728
v -0.052490 0.160156 -0.011902
v -0.100098 0.162109 -0.006103
v -0.124023 -0.051025 -0.051269
v -0.070801 -0.113281 -0.059326
v -0.069824 -0.172852 -0.061279
v -0.126465 -0.115235 -0.053955
v -0.070801 -0.113281 -0.059326
v -0.126465 -0.115235 -0.053955
v -0.124023 -0.051025 -0.051269
v 0.121094 0.154297 0.092285
v 0.121094 0.154297 0.092285
v 0.014343 0.058105 0.169922
v 0.145996 -0.205078 -0.072754
v 0.141113 -0.213867 -0.054199
v -0.092285 -0.144531 0.163086
v 0.000214 -0.029541 0.173828
v -0.011108 -0.029297 0.173828
v -0.174316 -0.114746 0.027100
v -0.182129 -0.114746 -0.000427
v -0.177246 -0.167969 0.026001
v -0.174316 -0.114746 0.027100
v -0.182129 -0.114746 -0.000427
v -0.101074 0.133789 -0.024414
v -0.117187 0.134766 -0.023315
v -0.103027 -0.207031 -0.085449
v 0.115723 0.088379 0.102539
v 0.126465 0.044434 0.110840
v 0.147949 -0.004151 -0.030151
v 0.143066 0.045899 -0.027221
v 0.147949 -0.004151 -0.030151
v -0.098144 0.145508 0.111817
v -0.123535 -0.245117 0.000614
v -0.117187 -0.241211 0.025635
v -0.131348 -0.238281 0.025391
v 0.033936 0.003021 0.186524
v 0.026123 0.014221 0.187500
v 0.026123 0.014221 0.187500
v 0.000137 0.089355 0.138672
v -0.047119 0.092285 0.135742
v 0.000019 0.049073 0.154297
v 0.000137 0.089355 0.138672
v 0.000019 0.049073 0.154297
v 0.049316 0.095703 0.133789
v -0.013061 -0.014099 0.180664
v -0.010071 -0.024781 0.181641
v -0.021484 -0.031983 0.181641
v -0.008545 -0.023926 0.179688
v 0.056641 -0.224609 0.109863
v 0.056641 -0.224609 0.109863
v 0.056641 -0.224609 0.109863
v -0.178223 0.098145 -0.155273
v -0.178223 0.098145 -0.155273
v 0.033691 0.167969 0.017212
v -0.000202 -0.191406 -0.057617
v -0.068848 -0.193359 -0.057373
v -0.065918 -0.209961 -0.051269
v 0.114746 0.054199 0.152344
v 0.096191 -0.222656 -0.067383
v -0.127441 0.044677 0.111817
v 0.053223 0.169922 0.045654
v -0.000195 0.169922 0.045654
v -0.000065 0.166992 0.021118
v 0.053711 0.165039 0.069824
v -0.000132 0.165039 0.070313
v 0.053223 0.169922 0.045654
v -0.011230 0.019165 0.187500
v -0.011719 0.021240 0.184571
v -0.116211 -0.229492 0.098145
v -0.129394 0.157227 -0.000137
v -0.172363 -0.185547 -0.050293
v -0.149902 -0.204102 -0.051269
v -0.160644 -0.140625 -0.052734
v -0.208496 -0.149414 -0.051269
v -0.172363 -0.185547 -0.050293
v 0.182129 -0.114746 -0.000091
v -0.000710 -0.009461 0.182617
v 0.167481 -0.209961 0.024048
v 0.158691 -0.222656 0.023316
v -0.123535 -0.239258 -0.004364
v -0.125000 -0.228516 -0.028320
v -0.114746 0.164062 0.070801
v -0.120605 0.164062 0.070801
v -0.113769 0.167969 0.047119
v -0.114746 0.164062 0.070801
v -0.098144 0.168946 0.046387
v -0.113769 0.167969 0.047119
v -0.187012 -0.114258 -0.059814
v -0.000099 0.154297 0.092285
v 0.165527 -0.155273 -0.127929
v -0.123535 0.095215 0.059082
v -0.124512 0.090820 0.031861
v -0.123535 0.095215 0.059082
v -0.098633 0.134766 0.057373
v 0.175293 -0.052490 0.000321
v -0.101562 0.135742 -0.028930
v 0.031982 -0.007110 0.182617
v 0.025513 -0.015442 0.178711
v 0.031982 -0.007110 0.182617
v 0.035645 0.004547 0.183594
v 0.027832 -0.016724 0.181641
v 0.031982 -0.002884 0.179688
v 0.025513 -0.015442 0.178711
v -0.020508 0.224609 -0.033203
v -0.020142 0.222656 0.022583
v -0.131348 -0.072265 -0.178711
v -0.130371 -0.092285 -0.177734
v -0.096191 0.027832 0.162110
v -0.091309 0.027710 0.158203
v 0.145020 -0.195312 -0.051025
v 0.157715 -0.212891 -0.034912
v 0.151856 -0.226562 -0.026977
v -0.026489 0.023926 0.177735
v -0.113281 0.164062 0.023194
v -0.120605 0.166016 0.047363
v -0.097656 0.166992 0.022583
v -0.115234 -0.105469 0.148438
v -0.122070 -0.153321 0.146485
v -0.118652 -0.114258 0.144531
v -0.121582 -0.171875 0.143555
v 0.098145 0.155273 -0.007324
v 0.098633 0.157227 -0.004333
v 0.159668 -0.044434 0.095215
v 0.156738 -0.043945 0.099121
v 0.152832 -0.000854 0.097168
v 0.152832 -0.000854 0.097168
v 0.083984 0.145508 0.089356
v 0.092773 0.136719 0.091309
v 0.105957 0.139648 0.085449
v 0.100098 0.154297 0.080078
v 0.105957 0.139648 0.085449
v 0.083984 0.145508 0.089356
v 0.107910 -0.200196 -0.106933
v 0.113281 -0.186523 -0.125000
v -0.126465 0.098633 0.058838
v -0.126465 0.094727 0.033447
v 0.001831 0.022827 0.189453
v 0.001633 0.011963 0.189453
v 0.002152 0.001098 0.187500
v 0.002045 0.011596 0.189453
v 0.079590 0.242188 -0.080078
v 0.130371 -0.234375 0.025269
v 0.123535 -0.240234 -0.000442
v 0.123535 -0.240234 -0.000442
v 0.116699 -0.236328 0.025757
v 0.129395 -0.230469 0.104492
v 0.079590 0.050781 0.149414
v 0.053711 0.050781 0.151367
v 0.053223 -0.004395 0.162110
v 0.079590 0.050781 0.149414
v 0.053223 -0.004395 0.162110
v 0.082031 -0.003830 0.157227
v 0.082031 -0.003830 0.157227
v 0.034668 -0.010132 -0.047607
v 0.031006 -0.006897 0.184571
v 0.026489 -0.016113 0.183594
v 0.124512 -0.232422 -0.030029
v 0.122070 -0.245117 -0.006775
v 0.124512 -0.232422 -0.030029
v 0.139160 -0.242188 -0.006592
v 0.122070 -0.245117 -0.006775
v -0.046875 0.012268 0.171875
v -0.073730 0.020508 0.162110
v -0.046875 0.012268 0.171875
v -0.000299 0.008301 0.173828
v -0.000338 0.011536 0.178711
v -0.046875 0.012268 0.171875
v -0.045898 0.012695 0.166992
v -0.000299 0.008301 0.173828
v -0.046875 0.012268 0.171875
v -0.000338 0.011536 0.178711
v -0.047119 0.015564 0.174805
v -0.045898 0.012695 0.166992
v -0.148926 -0.003998 -0.029907
v -0.164551 -0.002578 -0.008301
v -0.154785 -0.052246 -0.031738
v -0.141113 -0.051758 -0.042236
v 0.169434 -0.114746 -0.142578
v 0.168457 -0.107910 -0.142578
v 0.172363 -0.097168 -0.148437
v -0.000132 0.110352 0.114746
v -0.000330 0.086426 0.128906
v -0.040527 0.108398 0.115723
v -0.000675 0.133789 0.098633
v -0.147949 0.233398 -0.088379
v 0.029419 0.194336 0.020508
v 0.149902 -0.212891 0.100098
v 0.059082 -0.242188 -0.006683
v -0.000702 -0.241211 -0.012939
v -0.001163 -0.242188 -0.008850
v -0.060303 -0.241211 -0.006836
v 0.153809 -0.077637 -0.053467
v 0.153809 -0.078125 -0.058594
v -0.099121 0.155273 0.080078
v -0.072266 0.144531 0.090821
v -0.074219 0.156250 0.082031
v -0.099121 0.155273 0.080078
v -0.072266 0.144531 0.090821
v -0.074219 0.156250 0.082031
v -0.145996 -0.212891 -0.069824
v 0.016602 0.011536 0.177735
v -0.000568 0.008301 0.174805
v 0.186035 -0.167969 -0.005310
v 0.180176 -0.195312 -0.009460
v 0.180176 -0.195312 -0.009460
v 0.182129 -0.168946 -0.009277
v 0.103027 0.229492 -0.129883
v 0.104004 0.232422 -0.130859
v -0.001572 -0.072754 0.176758
v -0.000336 -0.074219 0.180664
v -0.147949 0.046631 -0.030517
v -0.133301 0.144531 -0.006012
v -0.154785 -0.215821 0.074707
v -0.000130 0.046386 -0.048584
v 0.169434 -0.115722 0.025879
v 0.165527 -0.107910 0.074707
v 0.165527 -0.107910 0.074707
v 0.071289 0.118164 0.106934
v -0.115723 -0.230469 0.075196
v -0.115723 -0.230469 0.075196
v -0.127441 -0.226562 0.075196
v -0.116211 -0.229492 0.098145
v 0.118652 0.172852 -0.170898
v 0.001923 -0.009522 0.184571
v 0.001770 -0.009766 0.185547
v -0.124023 0.236328 -0.045898
v -0.116699 0.232422 -0.032471
v -0.124023 0.236328 -0.045898
v -0.125000 0.241211 -0.046142
v 0.022095 0.227539 0.022339
v 0.017090 0.229492 -0.033203
v 0.096191 -0.167969 0.161133
v 0.146973 -0.114746 -0.049316
v 0.159668 -0.052979 -0.034912
v -0.066894 0.105957 0.124024
v -0.086914 0.098145 0.120117
v -0.093750 0.082520 0.129883
v -0.080078 0.051514 0.149414
v 0.025635 0.023193 0.174805
v 0.058838 -0.233398 0.098145
v -0.176269 0.016113 -0.153320
v -0.176269 0.047364 -0.155273
v -0.181152 -0.195312 -0.002502
v -0.184082 -0.168946 -0.001907
v -0.187012 -0.167969 -0.005340
v -0.180176 -0.195312 -0.009155
v 0.011841 0.025269 0.191406
v 0.135254 -0.224609 -0.037597
v -0.000294 -0.105469 0.172852
v -0.000294 -0.105469 0.172852
v 0.143066 0.096192 -0.005005
v 0.131348 0.143554 0.000902
v -0.155762 0.221679 -0.105957
v 0.142090 -0.159179 0.127930
v 0.163574 -0.161133 0.106934
v 0.162598 -0.108398 0.105469
v -0.030273 0.217773 -0.032715
v -0.038574 0.209961 -0.032226
v -0.127441 -0.011413 -0.178711
v -0.129394 -0.011292 -0.182617
v 0.098145 0.169922 0.071778
v 0.042481 0.133789 0.097168
v -0.000675 0.133789 0.098633
v -0.000095 0.146484 0.087891
v -0.007477 -0.042480 0.176758
v -0.000324 -0.041992 0.182617
v -0.000324 -0.041992 0.182617
v 0.161621 0.206054 -0.119140
v 0.114258 -0.172852 0.147461
v 0.114258 -0.172852 0.147461
v 0.023804 0.215821 0.022095
v 0.043213 0.201172 -0.031738
v 0.157715 -0.201172 0.100098
v 0.148926 -0.212891 0.103516
v -0.046387 0.143554 -0.028442
v -0.124512 -0.247071 -0.003570
v 0.035400 0.012757 0.187500
v 0.033936 0.003021 0.186524
v 0.071289 -0.113281 -0.059814
v -0.000099 -0.113281 -0.062012
v 0.001877 0.064942 0.168946
v -0.047119 0.015564 0.174805
v -0.169434 -0.192383 0.024536
v -0.182129 -0.168946 -0.003815
v -0.171387 -0.166992 0.025757
v 0.099121 0.153321 0.077637
v -0.091309 0.027710 0.158203
v -0.054932 0.096680 -0.041015
v -0.053955 0.132812 -0.032471
v -0.125000 -0.228516 -0.028320
v 0.127441 -0.038330 -0.173828
v 0.167481 -0.037597 -0.144531
v 0.128418 -0.034424 -0.174804
v 0.130371 -0.039551 -0.181640
v -0.127441 -0.209961 -0.045410
v -0.068848 -0.193359 -0.057373
v -0.130371 -0.167969 -0.049804
v -0.132324 -0.002594 0.118164
v 0.083984 0.156250 0.082520
v -0.060059 -0.233398 0.098145
v 0.096191 -0.186523 0.145508
v 0.114746 -0.178711 0.148438
v 0.096191 -0.186523 0.145508
v -0.051758 0.167969 0.021240
v 0.000324 0.156250 -0.006531
v -0.000065 0.166992 0.021118
v -0.051758 0.167969 0.021240
v -0.051758 0.167969 0.021240
v -0.052246 0.169922 0.045654
v -0.051758 0.167969 0.021240
v -0.097656 0.166992 0.022583
v -0.052734 0.157227 -0.005646
v -0.051758 0.167969 0.021240
v -0.000065 0.166992 0.021118
v -0.052246 0.169922 0.045654
v 0.163574 -0.003083 -0.008667
v -0.000095 0.146484 0.087891
v 0.055664 0.047119 -0.047851
v -0.100098 0.162109 -0.006103
v -0.052490 0.160156 -0.011902
v -0.094727 0.160156 -0.010925
v -0.130371 -0.056640 -0.178711
v 0.129395 -0.199219 -0.051513
v 0.124023 -0.182617 -0.052490
v 0.135254 -0.204102 -0.051758
v -0.083008 -0.003677 0.158203
v -0.080078 0.051514 0.149414
v -0.093750 0.082520 0.129883
v -0.145019 -0.052002 -0.046875
v 0.041504 0.118164 0.117188
v 0.049316 0.095703 0.133789
v 0.049316 0.095703 0.133789
v 0.012756 0.235352 0.022827
v 0.011169 0.229492 0.022583
v 0.022095 0.227539 0.022339
v 0.160645 -0.201172 0.075196
v -0.047852 0.170898 -0.035888
v -0.097168 0.170898 -0.014587
v -0.047852 0.170898 -0.035888
v -0.047852 0.170898 -0.035888
v -0.045654 0.150391 -0.036133
v -0.093750 0.154297 -0.019043
v -0.047852 0.170898 -0.035888
v -0.093750 0.154297 -0.019043
v -0.097168 0.170898 -0.014587
v 0.000019 0.049073 0.154297
v -0.153809 -0.003280 -0.033203
v -0.171387 -0.115722 -0.144531
v -0.052246 0.169922 0.045654
v 0.138184 -0.231446 -0.030273
v 0.096680 0.133789 0.035156
v 0.168457 -0.162109 0.099610
v -0.044922 0.201172 -0.031494
v -0.145019 -0.052002 -0.046875
v -0.141113 -0.004029 -0.044678
v -0.126465 0.098633 0.058838
v -0.180176 -0.167969 -0.006592
v -0.178223 -0.195312 -0.007446
v 0.146973 -0.232422 0.024292
v -0.165527 -0.106933 0.074707
v 0.079590 0.242188 -0.080078
v 0.120117 -0.174804 0.144531
v 0.045410 0.012695 0.171875
v 0.045654 0.016113 0.174805
v -0.000299 0.008301 0.173828
v 0.044678 0.012757 0.166992
v 0.045654 0.016113 0.174805
v -0.053711 0.051025 0.144531
v -0.046875 0.090332 0.126953
v 0.000641 0.061035 0.139649
v 0.157715 0.049316 0.002304
v 0.082520 -0.048095 0.163086
v 0.087891 -0.103515 0.166992
v 0.130371 -0.193359 -0.051758
v -0.162598 -0.225586 0.003372
v -0.146973 -0.231446 0.024780
v 0.020142 0.019409 0.188477
v 0.006805 0.172852 0.033936
v 0.114258 0.095215 -0.035400
v -0.000660 -0.009949 0.186524
v 0.144043 -0.222656 0.100098
v 0.129395 -0.230469 0.098633
v 0.144043 -0.224609 0.075684
v 0.144043 -0.222656 0.100098
v 0.103516 0.050293 0.138672
v 0.082031 -0.003830 0.157227
v 0.129395 -0.031983 -0.183594
v -0.145996 -0.212891 -0.069824
v -0.151855 -0.202148 -0.085937
v -0.000519 -0.027832 0.176758
v -0.011414 -0.027588 0.185547
v -0.021118 -0.027710 0.186524
v -0.170410 -0.052002 -0.007629
v -0.046875 0.090332 0.126953
v -0.000330 0.086426 0.128906
v 0.000641 0.061035 0.139649
v -0.046875 0.090332 0.126953
v 0.143066 0.096192 -0.005005
v -0.169434 0.193359 -0.131836
v 0.113281 0.166016 0.022583
v 0.113770 0.161133 -0.003937
v -0.000092 0.129883 -0.025879
v 0.122559 0.090332 0.032471
v 0.071289 -0.113281 -0.059814
v 0.157715 -0.212891 -0.034912
v 0.180176 -0.195312 -0.009460
v 0.161621 -0.197266 -0.037109
v 0.182129 -0.168946 -0.009277
v 0.180176 -0.195312 -0.009460
v 0.157715 -0.212891 -0.034912
v -0.050781 0.189453 -0.036865
v -0.097168 0.170898 -0.014587
v 0.133301 -0.046875 0.117188
v 0.129395 -0.003235 0.113770
v 0.124512 0.043457 0.107910
v 0.145996 0.046386 0.093262
v 0.152832 -0.000854 0.097168
v 0.145996 0.046386 0.093262
v 0.052734 0.156250 -0.006592
v 0.129395 -0.194336 -0.054931
v -0.150879 -0.080567 -0.062012
v -0.152832 -0.000744 0.097168
v 0.094727 -0.167969 0.156250
v 0.146973 -0.170898 -0.050293
v -0.147949 0.046631 -0.030517
v -0.141113 -0.004029 -0.044678
v -0.131348 -0.238281 0.025391
v -0.131348 -0.238281 0.025391
v 0.105957 0.154297 0.077637
v 0.113770 0.139648 0.081055
v 0.000118 0.045655 0.154297
v -0.000351 0.008362 0.168946
v 0.000118 0.045655 0.154297
v -0.000351 0.008362 0.168946
v -0.045898 0.012695 0.166992
v 0.147949 -0.075195 -0.053222
v 0.071777 0.027710 0.166992
v 0.044189 0.020264 0.172852
v -0.152832 -0.000744 0.097168
v -0.145996 0.046631 0.093750
v -0.131348 -0.003097 0.114258
v -0.152832 -0.000744 0.097168
v -0.011414 -0.027588 0.185547
v -0.001156 -0.027344 0.185547
v -0.011658 -0.029419 0.189453
v -0.170410 -0.115235 0.026612
v -0.165527 -0.106933 0.074707
v -0.171387 -0.166992 0.025757
v 0.124512 0.043457 0.107910
v 0.034668 -0.010132 -0.047607
v 0.056885 0.045655 -0.041504
v 0.000401 -0.007324 -0.047851
v 0.000401 -0.007324 -0.047851
v -0.166504 -0.055420 -0.145508
v -0.129394 -0.058350 -0.171875
v 0.144043 0.100586 0.005524
v -0.162598 0.208984 -0.120605
v 0.017822 0.017823 0.186524
v 0.010376 0.019531 0.186524
v -0.018188 -0.003388 0.182617
v 0.059082 -0.242188 -0.006683
v 0.133301 -0.046875 0.117188
v -0.125488 0.043701 0.107422
v -0.131348 -0.003097 0.114258
v -0.145996 0.046631 0.093750
v -0.000099 0.154297 0.092285
v -0.011475 -0.042725 0.185547
v 0.000019 -0.041748 0.188477
v -0.011169 -0.041260 0.189453
v -0.011475 -0.042725 0.185547
v -0.000299 0.008301 0.173828
v -0.114746 -0.002716 0.143555
v 0.132324 0.090332 0.088379
v 0.124023 -0.182617 -0.052490
v 0.011169 0.229492 0.022583
v 0.004547 0.231446 0.022949
v 0.007690 0.228516 -0.033447
v -0.101562 0.150391 -0.020630
v -0.020142 -0.040528 0.178711
v -0.002823 -0.038574 0.178711
v -0.004456 -0.054931 0.178711
v 0.154785 -0.235352 -0.007873
v -0.169434 0.193359 -0.131836
v -0.174316 -0.194336 0.025269
v -0.184082 -0.168946 -0.001907
v 0.115723 0.088379 0.102539
v 0.123535 -0.247071 -0.003937
v 0.060059 -0.247071 -0.012024
v 0.122070 -0.245117 -0.006775
v -0.080078 0.051514 0.149414
v 0.043213 0.201172 -0.031738
v 0.131348 -0.033935 -0.181640
v 0.167481 -0.033935 -0.146484
v -0.000132 0.165039 0.070313
v -0.052246 0.169922 0.045654
v 0.022705 -0.026123 0.177735
v -0.125488 0.136719 -0.018066
v 0.029297 0.217773 0.022705
v -0.000103 0.043701 -0.041504
v 0.099121 0.162109 -0.005798
v -0.166504 -0.001190 -0.009216
v -0.166504 -0.001190 -0.009216
v -0.153809 -0.003280 -0.033203
v -0.159668 -0.052735 -0.034668
v 0.128418 -0.034424 -0.174804
v 0.098633 0.157227 -0.004333
v 0.161621 -0.115235 -0.036865
v 0.179199 -0.114746 -0.009155
v -0.000103 0.043701 -0.041504
v 0.046387 0.190429 -0.031494
v 0.113281 0.166016 0.022583
v 0.159668 -0.044434 0.095215
v -0.104980 0.152344 0.021973
v 0.149902 0.046142 0.088867
v 0.152832 -0.000854 0.097168
v 0.145996 0.046386 0.093262
v 0.143066 0.096192 -0.005005
v -0.129394 -0.058350 -0.171875
v 0.129395 -0.058838 -0.172851
v -0.042126 0.153166 -0.010265
v -0.042126 0.153166 -0.010265
v -0.048584 0.142578 -0.028808
v -0.046387 0.143554 -0.028442
v -0.030395 0.168946 0.015930
v -0.065409 0.136510 -0.027585
v -0.065409 0.136510 -0.027585
v -0.065409 0.136510 -0.027585
v -0.092773 0.145508 -0.020386
v -0.046631 0.129883 -0.037109
v -0.065409 0.136510 -0.027585
v 0.103596 -0.229122 -0.030411
v 0.103596 -0.229122 -0.030411
v 0.020386 -0.031983 0.179688
v 0.011684 -0.031586 0.179851
v 0.002426 -0.031006 0.179688
v -0.000463 0.022746 0.190312
v -0.000463 0.022746 0.190312
v -0.013149 -0.031255 0.179516
v -0.013149 -0.031255 0.179516
v -0.021240 -0.032226 0.176758
v 0.045654 0.143554 -0.028076
v 0.047363 0.142578 -0.028442
v 0.042358 0.151102 -0.012911
v 0.048340 0.143554 -0.028198
v 0.049561 0.143554 -0.027344
v -0.090332 -0.229492 -0.031738
v -0.000346 -0.029997 0.182058
v -0.000346 -0.029997 0.182058
v -0.020630 -0.039795 0.181641
v -0.000386 -0.039465 0.181159
v -0.000386 -0.039465 0.181159
v 0.064738 0.136700 -0.027463
v -0.000882 0.172685 0.033624
v -0.000882 0.172685 0.033624
vn -0.5710 -0.7025 -0.4248
vn -0.7280 0.2351 -0.6440
vn -0.2520 -0.6728 -0.6956
vn -0.9427 0.3237 -0.0811
vn -0.6637 -0.7436 0.0811
vn -0.2259 -0.0670 -0.9718
vn -0.0611 -0.0305 -0.9977
vn -0.1556 -0.0523 -0.9864
vn -0.3935 -0.0029 -0.9193
vn -0.0802 -0.0112 -0.9967
vn -0.5372 0.0157 -0.8433
vn -0.0770 -0.0013 -0.9970
vn -0.5999 -0.1661 -0.7826
vn -0.6846 -0.1921 -0.7031
vn -0.0712 0.0421 -0.9966
vn 0.0199 0.0273 -0.9994
vn 0.0412 0.0022 -0.9991
vn 0.0373 -0.0015 -0.9993
vn 0.1680 -0.4848 -0.8583
vn 0.3280 -0.4302 -0.8410
vn 0.4756 -0.5140 -0.7139
vn 0.0384 -0.3839 -0.9226
vn -0.0315 -0.4616 -0.8865
vn -0.0276 -0.4041 -0.9143
vn 0.2357 -0.5901 -0.7722
vn -0.0652 -0.0923 -0.9936
vn -0.2855 -0.1507 -0.9464
vn -0.3789 0.3367 -0.8620
vn 0.0305 0.0830 -0.9961
vn -0.0016 0.0964 -0.9953
vn -0.0000 -0.3291 -0.9443
vn -0.0029 0.1201 -0.9928
vn -0.0074 0.1197 -0.9928
vn -0.0026 0.1201 -0.9928
vn -0.1789 -0.6630 -0.7269
vn -0.0738 -0.1961 -0.9778
vn -0.0166 -0.6476 -0.7618
vn -0.0761 -0.1958 -0.9777
vn -0.0165 -0.6120 -0.7907
vn 0.0026 0.1205 -0.9927
vn 0.8494 -0.1289 0.5118
vn -0.2139 -0.8986 0.3830
vn -0.3091 -0.7688 0.5598
vn 0.3973 0.6993 -0.5943
vn 0.3417 0.8233 -0.4532
vn 0.8298 -0.1671 0.5324
vn 0.7362 -0.2945 0.6093
vn 0.6244 -0.3764 0.6844
vn 0.7727 -0.2196 0.5956
vn 0.4136 0.7033 -0.5781
vn -0.0405 0.3996 -0.9158
vn -0.0174 0.5020 -0.8647
vn -0.0159 0.3155 -0.9488
vn -0.2183 0.0923 -0.9715
vn -0.0106 0.4374 -0.8992
vn -0.0407 0.0551 -0.9977
vn 0.9434 -0.2667 0.1973
vn 0.8251 -0.1817 0.5349
vn 0.8435 -0.2215 0.4894
vn 0.8932 -0.2947 0.3396
vn 0.8523 -0.2448 -0.4622
vn 0.9453 -0.2106 -0.2492
vn -0.6031 -0.2453 0.7590
vn -0.0260 -0.1270 0.9916
vn -0.1645 0.2120 0.9633
vn -0.9845 -0.1476 0.0950
vn -0.7166 -0.6824 0.1442
vn -0.1611 -0.6359 0.7548
vn -0.9870 0.0122 0.1604
vn -0.1238 -0.1358 0.9830
vn 0.8485 0.1256 0.5140
vn -0.9832 -0.1783 0.0388
vn -0.1279 -0.1540 0.9798
vn -0.1191 -0.1964 0.9733
vn 0.9588 0.0082 0.2838
vn 0.9470 -0.0610 0.3153
vn 0.9696 0.0227 0.2436
vn 0.9676 0.0459 0.2483
vn 0.9641 -0.0279 0.2640
vn 0.7403 -0.6704 0.0507
vn 0.7533 -0.5986 0.2724
vn 0.4721 -0.7339 0.4884
vn 0.7877 -0.6059 0.1115
vn 0.7337 -0.6694 0.1166
vn 0.8982 -0.4286 0.0975
vn 0.9081 -0.4083 0.0931
vn 0.8852 -0.4491 0.1218
vn 0.6190 -0.7853 -0.0136
vn 0.6601 -0.7427 0.1122
vn 0.5274 -0.8454 0.0847
vn 0.9326 0.0308 -0.3595
vn 0.8795 -0.4698 0.0762
vn 0.3155 -0.7897 -0.5261
vn 0.1461 -0.0620 0.9873
vn 0.6945 -0.3901 -0.6046
vn 0.2830 -0.0367 0.9584
vn 0.0128 0.0284 0.9995
vn 0.0285 -0.0618 0.9977
vn 0.2842 -0.8017 -0.5258
vn -0.0044 -0.3100 -0.9507
vn -0.0168 -0.3376 -0.9411
vn 0.0084 -0.3531 -0.9355
vn -0.0234 -0.3052 -0.9520
vn -0.0762 -0.2527 -0.9645
vn -0.0770 -0.2635 -0.9616
vn 0.1495 -0.3088 -0.9393
vn 0.1664 -0.3520 -0.9211
vn -0.1475 -0.2758 -0.9498
vn 0.0316 -0.3636 -0.9310
vn 0.0600 -0.3098 -0.9489
vn -0.9695 -0.0791 -0.2321
vn -0.9807 -0.0540 -0.1877
vn 0.3792 -0.0823 -0.9216
vn 0.4103 -0.0785 -0.9086
vn -0.9387 -0.0474 -0.3414
vn -0.6819 0.0756 0.7275
vn -0.9195 -0.0853 -0.3838
vn -0.9999 0.0001 -0.0119
vn -0.3610 -0.9211 0.1459
vn -0.3644 -0.9286 0.0698
vn -0.9700 0.2431 -0.0018
vn -0.1418 0.9895 -0.0267
vn -0.9174 0.3946 0.0517
vn -0.3724 -0.9247 -0.0793
vn -0.9895 0.1430 0.0196
vn -0.3131 0.9430 0.1126
vn -0.1363 0.9837 0.1171
vn -0.9260 0.1446 0.3488
vn -0.9818 0.1163 0.1499
vn -0.9814 0.1538 0.1147
vn -0.8316 0.1077 0.5448
vn -0.8391 0.1103 0.5327
vn -0.8877 0.1681 0.4287
vn -0.9720 0.2075 -0.1104
vn -0.9340 0.1865 -0.3048
vn -0.9524 0.1041 0.2866
vn -0.9616 0.2245 0.1577
vn -0.8828 0.1958 0.4269
vn -0.0094 0.5531 0.8331
vn -0.0063 0.7007 0.7135
vn -0.0139 0.6732 0.7394
vn 0.0076 0.4646 0.8855
vn 0.0118 0.4587 0.8885
vn -0.0142 0.5393 0.8420
vn -0.0134 0.4618 0.8869
vn 0.0086 0.6178 0.7863
vn 0.0087 0.6874 0.7262
vn 0.0128 0.7005 0.7135
vn 0.0027 0.6270 0.7790
vn 0.2521 -0.2498 -0.9349
vn 0.2070 -0.2421 -0.9479
vn -0.0194 -0.0777 -0.9968
vn 0.1398 -0.0747 -0.9874
vn -0.0120 -0.0837 -0.9964
vn -0.0218 -0.2741 -0.9615
vn -0.0707 -0.2897 -0.9545
vn -0.9965 0.0195 0.0808
vn -0.9886 -0.1260 0.0824
vn -0.7845 0.0572 0.6175
vn -0.6450 0.2721 0.7141
vn -0.8528 0.4831 -0.1982
vn -0.9244 -0.0703 -0.3749
vn -0.0108 0.5881 -0.8087
vn -0.0073 0.8936 -0.4488
vn -0.0149 0.8216 -0.5698
vn -0.0095 0.6641 -0.7476
vn 0.0088 0.4814 -0.8765
vn 0.0121 0.6467 -0.7626
vn -0.0046 0.5153 -0.8570
vn 0.0019 0.8597 -0.5108
vn 0.0109 0.3646 -0.9311
vn 0.0037 0.2953 -0.9554
vn 0.9794 0.1998 0.0291
vn 0.8501 0.1798 -0.4950
vn 0.9454 0.2401 -0.2204
vn 0.8805 0.1651 0.4444
vn 0.9798 0.1693 -0.1066
vn 0.8331 0.1626 -0.5287
vn 0.8927 0.1911 0.4082
vn 0.9134 -0.1980 -0.3556
vn 0.9835 0.0042 -0.1809
vn 0.9785 -0.1970 -0.0616
vn -0.0073 -0.0815 -0.9966
vn -0.0135 0.0370 -0.9992
vn -0.0201 0.4409 -0.8973
vn 0.9221 0.2030 -0.3294
vn 0.7469 -0.6459 -0.1578
vn 0.6111 -0.7219 -0.3247
vn 0.0089 -0.4514 -0.8923
vn 0.4637 -0.5995 0.6523
vn 0.5394 -0.4906 0.6844
vn 0.9439 -0.0273 -0.3290
vn 0.4316 -0.5043 0.7479
vn 0.4103 -0.6853 0.6016
vn 0.3335 -0.6394 0.6927
vn 0.9274 0.0310 -0.3727
vn 0.8473 0.4132 -0.3337
vn 0.9426 0.1838 -0.2787
vn 0.9247 0.1202 -0.3612
vn 0.7030 0.6056 -0.3729
vn 0.7835 0.5530 -0.2834
vn 0.8890 0.4287 -0.1610
vn 0.8578 0.4921 -0.1485
vn 0.9772 0.1914 -0.0914
vn 0.9165 0.3798 -0.1255
vn 0.7185 0.6778 -0.1562
vn 0.5949 0.7912 -0.1416
vn -0.8936 -0.0078 -0.4488
vn -0.5982 -0.0853 0.7968
vn -0.8925 0.0175 -0.4506
vn -0.9027 -0.0239 -0.4296
vn 0.5228 0.1046 -0.8460
vn 0.4998 0.0149 -0.8660
vn 0.8766 0.1128 0.4679
vn 0.9609 0.0747 -0.2666
vn 0.6477 0.1057 0.7545
vn 0.7672 0.1331 0.6275
vn 0.6153 0.1645 0.7709
vn 0.9580 0.0822 -0.2746
vn 0.6020 0.1059 0.7914
vn 0.5767 0.1394 0.8050
vn 0.5973 0.1206 0.7929
vn 0.9616 0.0710 -0.2653
vn 0.9953 0.0886 -0.0383
vn 0.9934 0.0922 -0.0677
vn -0.7934 0.6003 0.1010
vn -0.8978 0.3554 0.2603
vn -0.8063 0.5711 0.1543
vn -0.6583 0.7528 0.0019
vn -0.0395 -0.0016 -0.9992
vn -0.0193 -0.0427 -0.9989
vn -0.0196 -0.0417 -0.9989
vn -0.0519 0.0678 -0.9963
vn -0.9068 0.3679 0.2057
vn -0.0354 0.0275 -0.9990
vn -0.0617 -0.0416 -0.9972
vn -0.0631 -0.0391 -0.9972
vn -0.0725 -0.0434 -0.9964
vn 0.0864 -0.0120 -0.9962
vn 0.0864 -0.0121 -0.9962
vn 0.5829 -0.0204 -0.8123
vn 0.2075 -0.1203 -0.9708
vn 0.1903 -0.1383 -0.9719
vn 0.0754 0.0446 -0.9962
vn -0.0326 0.0070 -0.9994
vn -0.0119 0.0299 -0.9995
vn -0.0168 -0.0100 -0.9998
vn 0.0034 -0.0702 -0.9975
vn 0.3510 -0.0012 -0.9364
vn 0.7403 -0.3236 -0.5892
vn -0.3602 -0.3660 -0.8581
vn -0.4810 -0.3802 -0.7900
vn -0.4104 -0.3451 -0.8441
vn -0.2502 -0.4677 -0.8477
vn -0.0902 -0.5917 -0.8011
vn -0.1790 -0.4120 -0.8934
vn -0.4905 -0.4413 -0.7515
vn -0.3870 -0.3613 -0.8484
vn -0.3789 -0.4014 -0.8338
vn -0.3011 -0.4729 -0.8281
vn -0.0102 -0.8085 0.5884
vn 0.0465 -0.9613 0.2717
vn 0.0351 -0.9809 0.1911
vn 0.0481 -0.7050 -0.7076
vn 0.0229 -0.7359 -0.6767
vn 0.0212 -0.8410 -0.5406
vn -0.0194 -0.8188 0.5737
vn 0.0063 -0.9720 0.2350
vn -0.0090 -0.8689 0.4949
vn -0.0134 -0.7973 0.6034
vn 0.0352 -0.8676 -0.4960
vn 0.0921 -0.6850 -0.7227
vn -0.4139 0.1300 0.9010
vn -0.2812 0.1047 0.9539
vn -0.2720 0.1332 0.9530
vn -0.4048 0.1135 0.9073
vn -0.5254 0.1605 0.8356
vn -0.4358 0.2414 0.8671
vn -0.8942 0.2355 0.3808
vn -0.7742 0.1464 0.6158
vn -0.4291 0.1585 0.8893
vn -0.3170 0.1789 0.9314
vn -0.9969 0.0408 0.0670
vn -0.9981 0.0370 0.0498
vn -0.9913 0.0415 0.1252
vn -0.9921 -0.1198 0.0381
vn -0.9778 -0.1806 0.1065
vn -0.9286 -0.1817 0.3235
vn -0.7235 -0.0681 0.6869
vn -0.9700 0.0317 0.2409
vn -0.9939 -0.0202 0.1081
vn -0.9132 -0.0033 -0.4074
vn 0.1632 -0.0808 -0.9833
vn -0.9285 0.0216 -0.3706
vn -0.9374 0.0536 -0.3440
vn -0.9446 -0.0086 -0.3282
vn 0.9617 -0.0300 0.2726
vn -0.9301 -0.1199 -0.3473
vn 0.1267 -0.6273 0.7684
vn 0.2390 -0.5529 0.7982
vn 0.1960 -0.5004 0.8433
vn 0.1664 -0.4917 0.8547
vn 0.2141 -0.6062 0.7660
vn 0.0389 -0.6964 0.7166
vn 0.0312 -0.5273 0.8491
vn 0.0124 -0.6006 0.7994
vn 0.0138 -0.4761 0.8793
vn 0.0281 -0.7140 0.6996
vn 0.9096 -0.2762 -0.3104
vn 0.9629 -0.2696 0.0098
vn 0.9573 -0.2039 -0.2051
vn 0.7886 -0.2741 -0.5504
vn 0.8760 -0.3789 -0.2984
vn 0.9714 0.2030 -0.1232
vn 0.2772 0.8462 0.4551
vn 0.2261 0.8036 0.5505
vn 0.1501 0.8678 0.4737
vn 0.3194 0.8730 0.3686
vn 0.9439 -0.0548 -0.3257
vn 0.9572 -0.0064 -0.2894
vn 0.3044 0.7794 0.5476
vn 0.9021 0.1034 -0.4189
vn 0.9398 0.2435 -0.2396
vn 0.9254 0.3270 -0.1918
vn 0.8984 0.2969 -0.3236
vn 0.9098 0.3407 0.2371
vn 0.8730 0.0855 -0.4801
vn 0.9807 0.1955 -0.0024
vn 0.9839 0.1657 0.0674
vn 0.9807 0.1955 -0.0023
vn 0.9106 0.2818 0.3024
vn 0.9723 0.2231 -0.0693
vn -0.0441 0.0568 0.9974
vn -0.9847 0.0527 -0.1660
vn -0.1620 0.0228 0.9865
vn -0.6223 0.7523 -0.2165
vn -0.3464 0.9278 -0.1383
vn -0.7745 0.5724 -0.2693
vn -0.0217 0.0029 0.9998
vn -0.0440 -0.0009 0.9990
vn -0.1321 0.9655 -0.2244
vn -0.0111 -0.6001 -0.7998
vn -0.0189 -0.6643 -0.7472
vn -0.0083 -0.5265 -0.8501
vn 0.0022 -0.4424 -0.8968
vn -0.0052 -0.4528 -0.8916
vn 0.0100 -0.3981 -0.9173
vn 0.0088 -0.6069 -0.7947
vn -0.3628 -0.5741 -0.7341
vn -0.1425 -0.5977 -0.7890
vn 0.0177 -0.5996 -0.8001
vn 0.0137 -0.3880 -0.9216
vn -0.0815 -0.4315 -0.8984
vn -0.8836 0.2266 0.4097
vn -0.9225 0.1200 0.3668
vn -0.2209 -0.9201 -0.3235
vn -0.7464 -0.3918 0.5379
vn 0.0370 0.7788 0.6262
vn -0.1319 0.1581 -0.9786
vn 0.1997 0.2465 -0.9483
vn 0.1283 0.0966 -0.9870
vn -0.1325 0.1442 -0.9806
vn -0.9733 0.1427 -0.1799
vn -0.8979 -0.2951 0.3266
vn -0.0866 0.1288 -0.9879
vn 0.7088 -0.1454 -0.6903
vn 0.6264 -0.0494 -0.7780
vn 0.7457 -0.0051 -0.6663
vn 0.1797 -0.9824 0.0513
vn 0.5381 -0.5666 -0.6240
vn 0.8535 -0.1729 0.4916
vn 0.6131 -0.1052 -0.7830
vn 0.4074 -0.2337 -0.8828
vn 0.5166 -0.1226 -0.8474
vn -0.3451 -0.8295 0.4392
vn -0.5666 0.4482 0.6914
vn -0.5193 -0.7288 0.4463
vn 0.0180 -0.5772 0.8164
vn 0.2537 -0.7276 0.6373
vn 0.2140 0.3109 0.9260
vn 0.0424 0.2586 0.9650
vn -0.6719 -0.1158 0.7315
vn -0.0047 -0.1436 0.9896
vn -0.4192 -0.1733 0.8912
vn -0.9677 -0.0314 0.2500
vn -0.9549 -0.0447 0.2937
vn -0.1522 -0.2216 0.9632
vn -0.7428 -0.2000 0.6389
vn 0.9071 -0.2603 0.3307
vn 0.8821 -0.1983 0.4273
vn -0.0925 0.6550 0.7499
vn 0.8837 -0.1670 0.4373
vn -0.2323 0.5943 0.7700
vn -0.2557 0.4105 0.8753
vn 0.2460 -0.6712 -0.6992
vn 0.1726 -0.8216 -0.5434
vn 0.9103 -0.1573 0.3829
vn 0.9456 -0.2981 0.1304
vn 0.0736 -0.1697 -0.9827
vn 0.3518 -0.9056 -0.2369
vn 0.0133 -0.1933 -0.9810
vn -0.1123 0.1598 -0.9807
vn 0.2309 -0.1684 -0.9583
vn 0.4966 -0.1383 0.8569
vn 0.5908 -0.1447 0.7937
vn 0.5693 -0.2257 0.7906
vn 0.5172 -0.2642 0.8141
vn -0.8670 -0.0189 0.4979
vn 0.5428 -0.1226 0.8308
vn -0.8732 -0.0052 0.4874
vn 0.6316 -0.0618 -0.7728
vn 0.6191 -0.0684 -0.7823
vn 0.6486 -0.0606 -0.7587
vn 0.6479 0.0419 -0.7606
vn 0.6646 0.0195 -0.7469
vn 0.6684 0.0766 -0.7399
vn 0.9626 0.1605 -0.2182
vn 0.9777 -0.0231 -0.2088
vn 0.9767 -0.0412 -0.2107
vn 0.6135 -0.0450 -0.7884
vn 0.9728 0.0933 -0.2118
vn -0.0452 -0.0828 -0.9955
vn -0.9177 0.0034 -0.3973
vn 0.9624 -0.0147 0.2712
vn 0.4766 -0.0885 -0.8746
vn -0.9952 -0.0899 0.0377
vn -0.9800 -0.1487 -0.1320
vn -0.9935 -0.1079 -0.0354
vn -0.9695 -0.2253 0.0969
vn -0.9719 -0.2353 0.0001
vn -0.9894 -0.1356 0.0521
vn -0.9870 -0.1461 -0.0674
vn -0.9870 -0.1462 -0.0673
vn -0.9925 -0.0842 -0.0890
vn -0.9527 -0.2091 0.2206
vn -0.1344 0.9690 -0.2075
vn -0.1640 0.9847 -0.0595
vn -0.0317 0.9995 -0.0071
vn 0.9053 0.0422 -0.4226
vn -0.2574 0.8837 -0.3909
vn 0.8816 0.0670 -0.4673
vn -0.3063 0.8996 -0.3112
vn 0.0568 -0.0727 0.9957
vn 0.0389 -0.0707 0.9967
vn 0.0902 -0.0686 0.9936
vn 0.0139 -0.0779 0.9969
vn 0.0941 -0.0547 0.9941
vn 0.1041 -0.0444 0.9936
vn 0.1038 -0.0446 0.9936
vn 0.0942 -0.0573 0.9939
vn 0.0250 -0.0688 0.9973
vn 0.0113 -0.0612 0.9981
vn 0.0140 -0.0782 0.9968
vn 0.0315 -0.0197 0.9993
vn 0.0516 -0.0147 0.9986
vn 0.9778 -0.0393 0.2060
vn 0.3705 0.2529 0.8937
vn 0.9563 -0.0319 0.2906
vn 0.9454 0.1298 0.2989
vn 0.2036 -0.4810 -0.8527
vn 0.9111 0.1915 0.3649
vn 0.1766 -0.4488 -0.8760
vn 0.0806 0.4314 0.8986
vn -0.3847 -0.7574 -0.5276
vn -0.7931 -0.5354 -0.2905
vn -0.2011 -0.4872 -0.8498
vn -0.0985 -0.8262 -0.5548
vn -0.8314 -0.5510 -0.0722
vn -0.3393 -0.9394 -0.0497
vn 0.9758 -0.1957 -0.0975
vn 0.9758 -0.1957 -0.0976
vn 0.9654 -0.2457 -0.0878
vn 0.9000 -0.3505 -0.2592
vn 0.6580 -0.4396 -0.6114
vn 0.9832 -0.1787 -0.0383
vn 0.5765 -0.2660 -0.7726
vn 0.9934 -0.1018 -0.0528
vn 0.9018 -0.1860 -0.3902
vn 0.4784 -0.1389 -0.8671
vn 0.9813 -0.1188 -0.1512
vn 0.5999 -0.3629 -0.7130
vn 0.5803 -0.4036 -0.7074
vn 0.9827 -0.1523 -0.1056
vn 0.5270 0.0472 0.8486
vn 0.6752 0.0798 0.7333
vn 0.5862 0.0443 0.8090
vn 0.5030 0.0999 0.8585
vn 0.4979 0.0952 0.8620
vn 0.5473 0.0705 0.8340
vn -0.7237 0.0144 0.6900
vn 0.5100 0.0466 0.8589
vn -0.7071 -0.0000 0.7071
vn 0.0389 0.6663 0.7447
vn 0.0004 0.9111 0.4122
vn 0.0204 0.6945 0.7192
vn 0.0067 0.8011 0.5985
vn 0.0393 0.6642 0.7465
vn 0.0409 0.6661 0.7447
vn 0.0487 0.6394 0.7674
vn 0.0483 0.6746 0.7366
vn 0.0240 0.7335 0.6792
vn -0.8597 0.4619 -0.2181
vn -0.8139 0.2145 0.5400
vn -0.7489 0.4324 0.5022
vn -0.6447 0.6496 0.4029
vn -0.7439 0.6103 -0.2724
vn -0.9394 0.1840 -0.2893
vn -0.8344 0.4347 -0.3387
vn 0.0273 -0.5963 0.8023
vn -0.0491 -0.1617 0.9856
vn -0.0975 -0.2274 0.9689
vn 0.0427 -0.6476 0.7608
vn -0.0127 -0.7772 0.6291
vn 0.0911 -0.9790 0.1821
vn 0.0328 -0.6611 0.7496
vn 0.1493 -0.4897 0.8590
vn 0.3167 -0.7853 0.5320
vn 0.0359 -0.5621 0.8263
vn -0.1665 -0.9855 0.0338
vn -0.3498 -0.9367 0.0160
vn -0.2804 -0.9564 0.0814
vn -0.0190 -0.8414 0.5401
vn -0.0752 -0.8375 0.5413
vn -0.2121 -0.9765 0.0396
vn -0.2157 -0.9703 0.1093
vn -0.0620 -0.9898 0.1282
vn -0.0013 -0.9884 -0.1520
vn -0.0162 -0.9995 0.0274
vn 0.0120 -0.8805 0.4739
vn 0.0004 -0.9990 0.0454
vn -0.5905 0.0784 0.8032
vn -0.9519 -0.0714 -0.2980
vn -0.5940 0.0703 0.8014
vn -0.5323 0.0789 0.8428
vn -0.5094 0.0706 0.8577
vn -0.5916 0.0445 0.8050
vn -0.9239 -0.0493 -0.3794
vn -0.1849 -0.1496 0.9713
vn -0.0020 -0.0521 0.9986
vn 0.2048 -0.8328 0.5143
vn 0.1631 -0.1494 0.9752
vn -0.0137 -0.0609 0.9980
vn 0.2067 0.0168 0.9783
vn -0.0000 0.0655 0.9979
vn 0.0071 0.1733 0.9848
vn -0.0000 0.2292 0.9734
vn -0.2266 0.0333 0.9734
vn -0.2577 -0.8596 0.4412
vn -0.9306 0.3045 0.2031
vn -0.8751 0.4137 0.2512
vn -0.8460 0.2905 -0.4470
vn -0.9527 0.2987 0.0554
vn -0.8592 0.2293 -0.4574
vn -0.9644 0.2611 0.0416
vn -0.8313 0.2006 0.5183
vn -0.7343 0.2345 0.6370
vn -0.8675 0.2469 -0.4317
vn -0.8397 0.2424 0.4860
vn -0.5971 0.1110 0.7944
vn -0.5861 0.1116 0.8025
vn -0.6847 0.1145 0.7198
vn -0.6594 0.0944 0.7459
vn -0.6075 0.1039 0.7875
vn -0.5962 0.0865 0.7982
vn -0.5855 0.1283 0.8005
vn -0.6296 0.1130 0.7686
vn -0.6158 0.0891 0.7828
vn -0.6887 0.1076 0.7171
vn -0.5866 -0.8098 -0.0103
vn -0.6700 -0.7398 0.0620
vn -0.6132 -0.7856 0.0830
vn -0.6668 -0.7431 -0.0564
vn 0.0439 0.0401 -0.9982
vn 0.0557 0.0326 -0.9979
vn 0.0496 0.0012 -0.9988
vn -0.3449 -0.9379 0.0378
vn 0.0333 0.0767 -0.9965
vn 0.0080 0.0967 -0.9953
vn -0.5319 0.8376 -0.1247
vn -0.6328 0.7735 -0.0366
vn -0.7565 0.6422 -0.1239
vn -0.4427 0.8862 -0.1366
vn -0.3863 0.9117 -0.1398
vn -0.3741 0.9255 -0.0591
vn -0.3591 0.9093 -0.2102
vn -0.5087 0.8540 -0.1091
vn -0.6780 0.7223 -0.1361
vn -0.3708 0.9270 -0.0570
vn 0.6966 -0.1989 0.6894
vn 0.9240 0.0222 -0.3817
vn -0.0246 -0.7029 -0.7108
vn -0.0380 -0.8752 -0.4823
vn -0.0204 -0.8395 -0.5429
vn -0.0129 -0.9580 0.2864
vn 0.0083 -0.8805 0.4740
vn -0.0131 -0.9783 0.2070
vn -0.0776 -0.9137 -0.3990
vn -0.0960 -0.7003 -0.7074
vn -0.0098 -0.9673 0.2535
vn -0.0205 -0.7336 -0.6793
vn 0.3980 -0.6795 0.6163
vn 0.4454 -0.6706 0.5933
vn 0.1996 -0.0026 0.9799
vn 0.2674 -0.9591 0.0933
vn 0.2859 -0.8496 0.4433
vn 0.2240 -0.9609 -0.1629
vn 0.2152 -0.9380 -0.2717
vn 0.2284 -0.2639 0.9371
vn 0.2934 -0.9060 -0.3052
vn -0.9157 -0.2300 -0.3295
vn -0.9872 0.0086 -0.1593
vn -0.9272 0.0203 -0.3741
vn -0.9560 0.1878 -0.2254
vn -0.8503 0.0337 -0.5253
vn -0.9304 0.1353 -0.3406
vn -0.4389 0.3859 0.8114
vn -0.4156 0.3822 0.8253
vn -0.4637 0.3716 0.8043
vn -0.8002 0.3240 0.5047
vn -0.7787 0.4615 0.4250
vn -0.7029 0.3846 0.5983
vn -0.4605 0.3269 0.8253
vn -0.9074 0.3407 0.2462
vn -0.6009 0.3329 0.7268
vn 0.3082 0.7151 0.6274
vn 0.2553 0.7174 0.6482
vn 0.3583 0.7112 0.6048
vn -0.6047 0.3202 0.7292
vn -0.7787 0.1994 0.5949
vn -0.8705 0.0910 0.4836
vn -0.7973 0.2565 0.5464
vn 0.4177 0.5653 0.7113
vn 0.4976 0.5445 0.6752
vn 0.4425 0.5207 0.7301
vn 0.4395 0.6291 0.6412
vn -0.5850 0.3202 0.7451
vn -0.2368 -0.5179 -0.8220
vn -0.3985 -0.4144 -0.8182
vn -0.1317 -0.4438 -0.8864
vn -0.2855 -0.5595 -0.7781
vn -0.2890 -0.5274 -0.7989
vn -0.5545 -0.5699 -0.6064
vn -0.0645 -0.5631 -0.8238
vn -0.1136 -0.5565 -0.8230
vn 0.6970 0.0812 -0.7125
vn 0.9696 0.1076 -0.2199
vn 0.6704 0.0565 -0.7398
vn 0.7906 0.0918 -0.6054
vn 0.9002 0.1266 -0.4166
vn 0.8773 0.0690 -0.4750
vn 0.8790 0.0425 -0.4749
vn 0.8124 0.0763 -0.5780
vn 0.8738 0.1019 -0.4754
vn 0.8414 0.0755 -0.5351
vn -0.0202 0.6034 0.7972
vn -0.0352 0.6019 0.7978
vn -0.0147 0.5552 0.8316
vn 0.0213 0.5779 0.8158
vn 0.0103 0.5583 0.8295
vn 0.0213 0.5779 0.8159
vn -0.0222 0.6739 0.7385
vn 0.0272 0.6488 0.7605
vn 0.0351 0.6019 0.7978
vn -0.8152 -0.5483 -0.1866
vn -0.9631 -0.1276 -0.2368
vn 0.4527 0.4929 -0.7430
vn 0.5180 0.3609 -0.7755
vn 0.4884 0.3363 -0.8052
vn 0.3916 0.6817 -0.6181
vn 0.4690 0.5558 -0.6864
vn -0.9136 0.0314 -0.4053
vn -0.8763 0.0464 -0.4794
vn -0.9197 0.0184 -0.3923
vn -0.9199 0.0404 -0.3900
vn -0.9054 0.0832 -0.4163
vn -0.0000 -0.6470 0.7625
vn 0.0152 -0.5645 0.8253
vn -0.0092 -0.8937 0.4486
vn -0.0000 -0.8420 0.5396
vn 0.7236 -0.2077 0.6583
vn 0.3777 -0.1872 0.9068
vn 0.4908 -0.2130 0.8448
vn 0.7496 -0.1679 0.6403
vn 0.5050 -0.1503 0.8499
vn 0.9221 -0.2202 0.3183
vn 0.9145 -0.2416 0.3246
vn 0.6877 0.7213 -0.0824
vn 0.5535 0.8320 -0.0369
vn 0.6435 0.7643 -0.0426
vn 0.5016 0.7676 -0.3990
vn 0.8047 0.5872 -0.0870
vn 0.7779 0.6254 -0.0610
vn 0.8596 0.5024 -0.0938
vn 0.8060 0.4975 -0.3208
vn 0.6851 0.5193 -0.5109
vn 0.9044 0.4043 -0.1362
vn -0.4876 -0.8703 -0.0696
vn -0.9899 -0.0118 -0.1411
vn -0.1029 -0.9844 -0.1429
vn -0.3041 -0.1668 0.9379
vn 0.0361 0.0514 0.9980
vn 0.0686 0.0704 0.9952
vn 0.0729 0.0444 0.9963
vn 0.1524 0.0777 0.9853
vn 0.0175 0.0211 0.9996
vn 0.1024 0.1320 0.9859
vn 0.0805 0.1322 0.9879
vn 0.0354 0.1323 0.9906
vn 0.1632 0.1312 0.9778
vn 0.1632 0.1313 0.9778
vn -0.9324 0.1026 0.3466
vn -0.9536 0.1180 0.2771
vn -0.9118 -0.0259 0.4098
vn 0.9324 -0.3436 -0.1117
vn 0.9727 -0.1275 -0.1936
vn 0.1833 0.9830 -0.0000
vn 0.9354 0.3521 -0.0335
vn -0.0922 0.9864 -0.1363
vn 0.5949 0.7927 0.1331
vn 0.9685 0.2480 0.0217
vn -0.0023 0.9985 0.0543
vn 0.1179 0.9928 -0.0203
vn -0.6057 0.0352 0.7949
vn -0.6932 -0.0107 0.7207
vn -0.5006 -0.0248 0.8653
vn -0.4019 0.1879 0.8962
vn -0.3366 -0.0401 0.9408
vn -0.1740 0.2738 0.9459
vn -0.7229 0.2314 0.6511
vn -0.7390 0.0856 0.6683
vn -0.3388 0.5089 0.7914
vn -0.4748 0.4485 0.7573
vn 0.0089 -0.3364 -0.9417
vn 0.0058 -0.3439 -0.9390
vn 0.0241 -0.3604 -0.9325
vn 0.0264 -0.3254 -0.9452
vn -0.0480 -0.3825 -0.9227
vn 0.0204 -0.2750 -0.9612
vn 0.0065 -0.3260 -0.9454
vn 0.0210 -0.3258 -0.9452
vn -0.8249 0.0361 -0.5641
vn -0.7756 0.0282 -0.6305
vn -0.7945 0.0354 -0.6062
vn -0.8284 -0.0410 -0.5586
vn -0.6475 0.0179 -0.7618
vn -0.6226 -0.0131 -0.7824
vn -0.6226 -0.0132 -0.7824
vn -0.6201 -0.0565 -0.7825
vn -0.8406 0.0193 -0.5414
vn -0.6235 0.0069 -0.7818
vn -0.6040 -0.0371 -0.7961
vn -0.4763 -0.1688 -0.8629
vn -0.5908 -0.1425 -0.7941
vn 0.9450 0.3110 -0.1015
vn 0.6129 0.2746 0.7409
vn 0.9948 -0.0129 0.1011
vn 0.4943 0.5664 0.6594
vn 0.5438 0.8314 -0.1138
vn 0.8446 0.3984 -0.3577
vn 0.9573 -0.0736 -0.2797
vn 0.9215 0.0779 0.3806
vn 0.9142 0.0795 0.3975
vn 0.8873 0.1459 0.4376
vn 0.4157 -0.7452 -0.5213
vn 0.9425 0.0208 0.3336
vn 0.9035 0.1232 0.4106
vn 0.3391 -0.7952 -0.5027
vn -0.1571 -0.7757 0.6112
vn 0.0694 -0.2975 0.9522
vn -0.1354 -0.4812 0.8661
vn -0.3150 -0.7195 0.6189
vn -0.0475 0.0518 0.9975
vn -0.6073 -0.3966 0.6884
vn -0.2697 -0.4983 0.8240
vn -0.4285 -0.8282 0.3613
vn -0.5385 -0.7567 -0.3707
vn -0.1678 -0.9309 0.3245
vn -0.0723 -0.9962 0.0487
vn -0.1452 -0.8054 0.5746
vn -0.1701 -0.9713 -0.1660
vn -0.0405 -0.1126 0.9928
vn -0.1825 -0.0921 0.9789
vn -0.0124 -0.4450 0.8954
vn -0.0003 -0.4083 0.9128
vn -0.2091 0.0143 0.9778
vn -0.0074 -0.0933 0.9956
vn -0.0343 -0.0345 0.9988
vn 0.6129 0.2965 0.7324
vn 0.8430 0.5163 0.1511
vn 0.6373 0.4454 0.6289
vn 0.4846 0.1155 0.8671
vn 0.6976 0.3001 0.6506
vn 0.6945 0.2109 0.6879
vn 0.4182 0.2665 0.8684
vn 0.5404 0.3866 0.7474
vn 0.4220 0.3044 0.8540
vn 0.6836 -0.1061 -0.7221
vn 0.9578 0.0374 -0.2850
vn 0.9787 -0.2052 -0.0049
vn 0.1169 -0.0479 -0.9920
vn 0.4556 0.1058 -0.8839
vn -0.8884 0.0776 0.4525
vn -0.1285 0.9830 0.1311
vn 0.1184 -0.9781 0.1710
vn -0.0873 -0.9923 -0.0883
vn -0.8498 -0.1278 0.5113
vn -0.6416 -0.3720 -0.6707
vn -0.6802 -0.4795 -0.5545
vn -0.6096 -0.4286 -0.6669
vn -0.6671 -0.3502 0.6575
vn -0.8254 -0.4213 0.3758
vn -0.9575 -0.1531 0.2446
vn -0.7200 -0.5607 0.4090
vn -0.7333 -0.3829 -0.5619
vn -0.6521 -0.4135 0.6355
vn -0.6159 -0.1971 -0.7628
vn 0.5256 0.1101 -0.8436
vn 0.8132 0.2015 -0.5459
vn 0.7341 -0.0349 -0.6781
vn 0.1643 0.0344 -0.9858
vn -0.1664 0.1659 -0.9720
vn -0.4334 -0.0117 0.9011
vn -0.5057 -0.4198 0.7537
vn -0.1519 -0.8747 0.4603
vn -0.5965 0.0543 0.8008
vn -0.7194 0.0361 0.6936
vn -0.7807 -0.0377 0.6238
vn 0.6918 0.0692 0.7188
vn -0.4878 0.1447 0.8609
vn -0.5896 0.0800 0.8038
vn 0.0783 -0.6175 -0.7827
vn 0.1484 -0.5472 -0.8238
vn 0.1651 -0.4781 -0.8627
vn 0.0088 -0.6032 -0.7975
vn 0.0151 -0.6141 -0.7891
vn 0.1620 -0.5468 -0.8215
vn 0.0779 0.6227 -0.7785
vn 0.0042 -0.5614 -0.8275
vn -0.0236 0.7846 0.6195
vn 0.9480 -0.2104 0.2389
vn 0.1303 -0.0081 0.9914
vn 0.9341 0.3555 0.0314
vn 0.9987 -0.0196 -0.0479
vn 0.3348 -0.8085 -0.4839
vn 0.2958 -0.2574 -0.9199
vn 0.3452 -0.7950 -0.4989
vn -0.5812 -0.5549 0.5953
vn -0.1959 -0.8072 0.5569
vn -0.1368 -0.5211 0.8425
vn -0.1662 -0.4147 0.8947
vn -0.7778 -0.4191 0.4683
vn -0.5882 -0.5662 0.5774
vn -0.6424 -0.4925 0.5872
vn -0.2681 -0.2182 0.9384
vn -0.6859 -0.2710 0.6754
vn -0.8845 -0.2693 0.3809
vn 0.0630 -0.9885 0.1372
vn 0.1529 -0.9713 0.1821
vn 0.1622 -0.9780 0.1315
vn 0.0309 -0.9910 0.1304
vn 0.0570 -0.9914 0.1177
vn -0.5237 -0.0912 -0.8470
vn -0.5874 -0.0905 -0.8042
vn -0.5188 -0.0631 -0.8526
vn -0.5875 -0.0885 -0.8044
vn 0.8992 -0.0599 -0.4334
vn -0.4835 -0.0823 -0.8714
vn 0.9309 -0.0530 -0.3614
vn 0.6867 -0.1640 -0.7082
vn 0.9930 -0.1020 0.0588
vn 0.7467 -0.1129 -0.6556
vn 0.5586 -0.1231 -0.8202
vn 0.5071 -0.1849 -0.8418
vn 0.5037 -0.2198 -0.8355
vn 0.5037 -0.2197 -0.8355
vn 0.5046 -0.1863 -0.8430
vn 0.2092 0.9055 -0.3692
vn 0.0838 0.9924 -0.0901
vn 0.2358 0.9471 -0.2176
vn -0.8958 0.0530 -0.4412
vn -0.8950 0.0474 -0.4435
vn 0.2701 0.7954 -0.5425
vn 0.6179 -0.0785 0.7823
vn 0.6893 -0.0197 0.7242
vn 0.6506 -0.0260 0.7590
vn 0.6438 -0.1584 0.7486
vn 0.5982 -0.2370 0.7655
vn 0.8829 -0.1237 0.4529
vn -0.0018 -0.7317 0.6816
vn -0.0099 -0.7601 0.6498
vn -0.0073 -0.6559 0.7548
vn -0.0116 -0.4823 0.8759
vn 0.0212 -0.7915 0.6108
vn -0.0062 -0.6136 0.7896
vn -0.0101 -0.9144 0.4047
vn -0.0093 -0.9014 0.4328
vn -0.0157 -0.7490 0.6624
vn 0.0008 -0.6839 0.7295
vn 0.1935 0.9452 0.2631
vn 0.1980 0.8980 0.3929
vn 0.9589 0.0428 -0.2805
vn 0.9322 -0.0466 -0.3589
vn 0.3308 0.9157 0.2281
vn 0.0989 0.9497 0.2971
vn -0.0996 0.9267 0.3623
vn 0.1022 0.9434 0.3155
vn 0.1063 0.9130 0.3938
vn -0.3889 -0.2528 -0.8859
vn -0.3805 -0.1389 -0.9143
vn -0.2192 -0.2922 -0.9309
vn -0.9798 -0.1490 0.1337
vn -0.9890 -0.0816 0.1235
vn -0.9596 -0.2402 0.1466
vn -0.4096 -0.1238 -0.9038
vn -0.3973 -0.1223 -0.9095
vn -0.3375 -0.1158 -0.9342
vn -0.0986 -0.0502 0.9939
vn -0.0889 -0.0745 0.9933
vn -0.0514 -0.0757 0.9958
vn -0.1121 -0.0475 0.9926
vn -0.0987 -0.0613 0.9932
vn -0.2301 -0.0504 0.9719
vn -0.2301 -0.0503 0.9719
vn -0.2301 -0.0461 0.9721
vn -0.1913 -0.0562 0.9799
vn -0.2302 -0.0550 0.9716
vn 0.0172 0.3704 0.9287
vn 0.3573 0.3793 0.8535
vn 0.4061 0.3159 0.8575
vn -0.0555 0.3494 0.9353
vn -0.2173 0.2845 0.9337
vn -0.0361 0.3521 0.9353
vn -0.1741 0.3337 0.9264
vn -0.0776 0.3869 0.9188
vn 0.0162 0.4238 0.9056
vn -0.1701 0.3124 0.9346
vn -0.2284 -0.9732 -0.0277
vn -0.8085 -0.5451 -0.2218
vn -0.4673 -0.7165 -0.5179
vn -0.8670 -0.1705 0.4683
vn 0.1369 -0.8817 0.4516
vn -0.1113 -0.9933 -0.0296
vn -0.5106 -0.1918 -0.8381
vn -0.0487 -0.9968 -0.0641
vn 0.7246 0.2564 0.6397
vn 0.5913 -0.7313 0.3399
vn 0.8989 0.3077 0.3118
vn 0.4270 0.8352 0.3466
vn -0.5804 0.6750 0.4556
vn -0.3010 0.8535 0.4254
vn -0.4004 0.8174 0.4141
vn -0.3685 0.6134 0.6986
vn -0.7500 0.3893 0.5347
vn -0.1699 0.7325 0.6592
vn 0.5870 -0.3978 0.7051
vn 0.2433 -0.2349 0.9411
vn 0.6880 -0.0469 0.7242
vn 0.5463 -0.0525 -0.8359
vn 0.2638 0.1479 -0.9532
vn 0.3876 -0.1347 -0.9119
vn 0.6747 -0.0428 0.7369
vn 0.6412 0.0810 0.7631
vn 0.5994 0.1138 0.7923
vn 0.5704 0.1577 -0.8061
vn 0.3122 0.9396 0.1400
vn 0.0709 0.2281 0.9711
vn -0.1163 0.9752 0.1881
vn 0.2053 0.1290 -0.9702
vn -0.0804 -0.2798 -0.9567
vn 0.0755 0.1020 -0.9919
vn 0.4312 0.1910 -0.8818
vn -0.0224 -0.2391 -0.9707
vn 0.7152 0.2587 -0.6493
vn 0.3712 0.2148 -0.9034
vn 0.2787 0.2322 -0.9319
vn 0.8425 0.2402 -0.4822
vn 0.7068 0.3659 -0.6054
vn 0.8831 0.2495 -0.3974
vn -0.5122 0.0959 0.8535
vn -0.7621 0.1977 0.6166
vn -0.8365 0.3590 0.4139
vn -0.5721 0.0537 0.8184
vn -0.1182 -0.1043 0.9875
vn -0.0053 -0.1621 0.9868
vn -0.1311 -0.1622 0.9780
vn -0.0895 -0.0451 0.9950
vn -0.1022 -0.0402 0.9939
vn -0.0905 -0.0534 0.9945
vn -0.4123 0.1635 0.8962
vn -0.1059 -0.0534 0.9929
vn 0.3035 0.4839 0.8208
vn 0.3034 0.5629 0.7688
vn 0.2151 0.6498 0.7290
vn 0.2464 0.2283 0.9419
vn -0.9287 -0.1736 0.3276
vn 0.1975 0.2250 0.9541
vn -0.8846 -0.1411 0.4445
vn -0.8784 -0.1413 0.4565
vn -0.9008 -0.2322 0.3669
vn 0.3543 0.3969 0.8467
vn -0.9023 -0.2259 0.3671
vn 0.3762 0.2537 0.8911
vn -0.2567 -0.5434 0.7993
vn -0.1212 -0.6439 0.7555
vn -0.1902 -0.5385 0.8209
vn -0.3061 -0.5480 0.7785
vn -0.2015 -0.6015 0.7731
vn -0.2773 -0.4546 0.8464
vn -0.4334 -0.4051 0.8050
vn -0.0038 -0.2716 0.9624
vn -0.0152 -0.1750 0.9845
vn -0.0338 -0.2448 0.9690
vn 0.0037 -0.1954 0.9807
vn -0.0116 -0.5311 0.8472
vn 0.0123 -0.6169 0.7869
vn 0.0101 -0.2996 0.9540
vn -0.9564 0.0894 -0.2780
vn -0.9891 0.0880 -0.1180
vn -0.9663 0.1737 -0.1900
vn -0.6495 0.1158 -0.7515
vn -0.6384 0.0692 -0.7666
vn -0.9706 -0.0465 -0.2360
vn -0.6286 -0.0677 -0.7748
vn -0.9777 -0.0610 -0.2011
vn -0.5355 -0.0758 -0.8411
vn -0.6449 -0.0766 -0.7605
vn -0.6448 -0.0766 -0.7605
vn -0.9961 -0.0511 -0.0718
vn 0.4383 0.1059 0.8926
vn 0.4144 0.1830 0.8915
vn 0.3758 0.0957 0.9217
vn 0.9661 0.0906 0.2416
vn 0.9812 0.0564 0.1844
vn 0.9410 0.0938 -0.3251
vn 0.9098 0.1500 -0.3870
vn 0.9237 0.1573 -0.3494
vn 0.3307 0.0408 0.9429
vn 0.3291 0.0153 0.9442
vn 0.3261 -0.0080 0.9453
vn 0.3786 -0.1132 0.9186
vn 0.3142 -0.1267 0.9409
vn 0.3142 -0.1268 0.9409
vn 0.0143 0.1418 0.9898
vn 0.4605 0.6854 -0.5641
vn -0.0300 0.8640 -0.5025
vn -0.0183 0.1227 0.9923
vn 0.0455 0.0096 0.9989
vn 0.0842 0.1129 0.9900
vn 0.0078 -0.6420 -0.7666
vn 0.0123 -0.5078 -0.8614
vn 0.0161 -0.5411 -0.8408
vn 0.2039 -0.7282 -0.6544
vn 0.1957 -0.6466 -0.7374
vn 0.0091 -0.7499 -0.6614
vn 0.0024 -0.6871 -0.7265
vn -0.0009 -0.8429 -0.5380
vn -0.0041 -0.7498 -0.6617
vn 0.0038 -0.5831 -0.8124
vn -0.9735 0.1922 -0.1237
vn -0.9883 0.1520 -0.0090
vn -0.8062 0.1568 0.5705
vn -0.9837 0.1751 -0.0421
vn -0.9572 0.2892 -0.0078
vn -0.9745 0.2239 -0.0154
vn -0.9330 0.2394 -0.2686
vn -0.9079 0.3161 0.2753
vn -0.9158 0.3023 -0.2645
vn -0.9194 0.3156 0.2349
vn -0.9228 0.3493 -0.1627
vn -0.7576 0.6212 -0.2005
vn -0.6628 0.6526 0.3671
vn -0.6761 0.6620 -0.3235
vn -0.9031 -0.0961 -0.4185
vn -0.1073 -0.0304 0.9938
vn -0.0781 0.0671 0.9947
vn -0.1091 0.0566 -0.9924
vn -0.1308 0.0650 -0.9893
vn -0.0032 -0.5405 -0.8413
vn -0.0059 -0.4500 -0.8930
vn -0.0076 -0.5324 -0.8464
vn -0.0038 -0.6998 -0.7143
vn -0.0090 -0.6843 -0.7292
vn 0.0039 -0.6999 -0.7143
vn -0.0108 -0.5035 -0.8639
vn -0.0118 -0.4472 -0.8944
vn 0.3422 -0.6759 -0.6527
vn 0.4008 -0.7061 -0.5838
vn 0.2428 -0.7618 -0.6005
vn -0.9723 -0.0082 -0.2335
vn -0.9722 0.0155 -0.2335
vn 0.4785 -0.6066 -0.6349
vn 0.4034 -0.5688 -0.7168
vn 0.4413 -0.2841 -0.8512
vn 0.4994 -0.2567 -0.8275
vn -0.1905 -0.0028 0.9817
vn -0.1001 -0.1002 0.9899
vn -0.1874 -0.3351 0.9234
vn -0.7966 -0.1731 -0.5792
vn -0.7726 -0.2433 -0.5865
vn -0.7193 -0.2424 -0.6511
vn -0.7372 -0.2511 -0.6273
vn -0.5061 -0.1424 -0.8507
vn -0.6994 -0.1468 -0.6995
vn -0.9807 -0.1956 -0.0036
vn -0.4614 -0.2154 -0.8606
vn -0.9102 -0.3810 -0.1624
vn -0.8971 -0.2310 -0.3767
vn -0.0869 0.0969 -0.9915
vn 0.0079 0.0882 -0.9961
vn 0.0079 0.0886 -0.9960
vn -0.8392 0.4593 -0.2910
vn -0.8937 0.4478 0.0259
vn -0.2097 0.2220 -0.9522
vn -0.2633 0.1546 -0.9522
vn -0.8731 0.4264 0.2363
vn -0.0310 0.0578 -0.9978
vn -0.3062 -0.7795 0.5465
vn -0.4785 -0.7672 0.4272
vn -0.5571 -0.8294 0.0417
vn 0.1811 0.1388 -0.9736
vn 0.0934 0.1178 -0.9886
vn 0.1640 0.1432 -0.9760
vn 0.3148 0.1457 -0.9379
vn 0.1205 0.1049 -0.9872
vn 0.3434 0.0450 0.9381
vn 0.3857 0.0729 0.9198
vn 0.2493 -0.0552 0.9669
vn 0.5506 -0.0045 0.8348
vn 0.4510 -0.3321 0.8284
vn 0.9975 -0.0089 0.0695
vn 0.9782 0.0618 0.1982
vn 0.3459 -0.1415 0.9275
vn 0.0072 0.0718 0.9974
vn -0.2530 0.9361 -0.2444
vn -0.1289 0.3384 -0.9321
vn 0.9452 -0.0396 -0.3241
vn -0.4180 -0.1058 -0.9023
vn 0.9324 -0.0777 -0.3530
vn 0.9465 -0.0143 -0.3223
vn 0.9462 -0.0150 -0.3233
vn -0.6152 -0.3413 0.7107
vn -0.7112 0.0781 0.6986
vn 0.5900 0.6133 -0.5251
vn 0.6333 0.6209 -0.4620
vn -0.9097 -0.0840 0.4068
vn -0.9860 -0.1086 -0.1267
vn -0.9855 -0.0178 -0.1687
vn 0.4645 0.6737 0.5748
vn 0.6096 0.6910 0.3883
vn -0.7858 -0.6152 0.0634
vn -0.8613 -0.4739 0.1832
vn -0.7483 -0.4561 0.4817
vn -0.6796 -0.0325 0.7328
vn -0.1504 -0.9453 -0.2895
vn -0.0053 -0.9995 0.0296
vn -0.7072 0.5084 0.4913
vn -0.1093 -0.3521 -0.9296
vn -0.2085 -0.3537 -0.9118
vn 0.0928 -0.2756 -0.9568
vn -0.0579 -0.3869 -0.9203
vn -0.7068 -0.6995 -0.1053
vn -0.8954 -0.3057 0.3237
vn -0.2510 -0.3194 -0.9138
vn -0.3963 -0.6972 -0.5973
vn -0.6054 -0.7771 -0.1721
vn -0.2432 -0.2185 -0.9450
vn -0.1525 -0.0934 -0.9839
vn -0.0995 -0.2597 -0.9605
vn -0.6647 -0.6326 -0.3975
vn -0.1617 0.2930 0.9423
vn -0.0779 0.2404 0.9675
vn -0.1253 0.3198 0.9392
vn -0.2149 0.3469 0.9130
vn -0.2964 0.1958 0.9348
vn -0.1872 0.2087 0.9599
vn -0.9931 -0.1153 -0.0196
vn -0.9514 -0.1161 -0.2852
vn -0.9450 -0.1323 -0.2992
vn -0.9709 -0.0992 0.2181
vn -0.9905 -0.1368 -0.0123
vn -0.8958 -0.1003 0.4329
vn -0.8230 -0.0941 0.5602
vn -0.8972 -0.0916 0.4320
vn -0.8323 -0.1113 0.5430
vn -0.2737 0.5958 0.7551
vn 0.2633 0.1232 0.9568
vn 0.2455 -0.1267 0.9611
vn -0.3716 0.4788 0.7954
vn -0.4878 0.8721 -0.0372
vn -0.1880 0.6848 0.7041
vn -0.0167 0.1320 0.9911
vn 0.0358 0.1319 0.9906
vn -0.0357 0.0514 0.9980
vn -0.0353 0.1098 0.9933
vn -0.1059 0.1264 0.9863
vn -0.0852 0.0912 0.9922
vn 0.5504 0.2525 -0.7958
vn 0.8106 -0.0988 0.5772
vn 0.7707 -0.0861 0.6313
vn -0.0823 0.6074 -0.7901
vn -0.1025 0.5293 -0.8423
vn -0.1273 0.5355 -0.8349
vn -0.0429 0.6981 -0.7147
vn -0.0209 0.6594 -0.7515
vn -0.1670 0.5654 -0.8078
vn -0.0269 0.5424 -0.8397
vn -0.0055 0.5687 -0.8226
vn -0.0234 0.5866 -0.8095
vn 0.0917 -0.1843 0.9786
vn 0.1847 -0.1941 0.9634
vn 0.1588 -0.1399 0.9774
vn 0.1865 -0.1130 0.9759
vn 0.0833 -0.1169 0.9896
vn 0.0677 -0.1428 0.9874
vn 0.2349 -0.1434 -0.9614
vn 0.1056 -0.1722 -0.9794
vn 0.0645 -0.1460 -0.9872
vn 0.3872 -0.1645 -0.9072
vn 0.3954 -0.2580 -0.8815
vn 0.2580 -0.1064 -0.9603
vn 0.0639 -0.1008 -0.9929
vn 0.3982 -0.1586 -0.9035
vn -0.3095 0.6718 0.6730
vn -0.3261 0.5571 0.7638
vn -0.8264 0.0690 -0.5589
vn -0.8120 0.1162 -0.5720
vn -0.1943 0.7789 0.5963
vn -0.0889 0.7974 0.5969
vn -0.1354 0.9042 0.4051
vn -0.9206 0.2527 -0.2977
vn -0.9252 0.1262 -0.3578
vn -0.9721 0.2170 -0.0893
vn -0.9768 0.1997 -0.0774
vn -0.9945 0.0815 -0.0651
vn -0.8707 0.4738 -0.1317
vn -0.9021 0.4156 -0.1163
vn -0.9419 0.0851 -0.3249
vn -0.9716 -0.0146 -0.2360
vn -0.9723 0.0171 -0.2333
vn -0.9615 0.0457 -0.2710
vn 0.1301 0.9307 0.3420
vn 0.2186 0.9571 -0.1902
vn 0.0642 0.9359 0.3463
vn 0.0432 0.9148 0.4016
vn 0.2014 0.8863 0.4170
vn 0.3805 0.8436 0.3789
vn 0.4469 0.8320 -0.3288
vn 0.9744 0.0357 0.2219
vn 0.1539 0.4170 -0.8958
vn 0.7719 0.6332 0.0571
vn -0.8639 -0.1025 -0.4932
vn -0.1780 -0.9578 0.2257
vn -0.4851 -0.4851 0.7276
vn -0.8422 -0.1845 -0.5066
vn -0.6846 0.7182 0.1245
vn -0.4648 0.4804 0.7438
vn -0.6792 0.7031 0.2105
vn -0.8798 0.4064 0.2464
vn -0.4991 0.3351 0.7991
vn -0.4751 0.3529 0.8061
vn -0.8591 0.4011 0.3179
vn -0.8206 0.2791 -0.4986
vn -0.8244 0.2920 -0.4848
vn -0.5882 0.3987 -0.7036
vn -0.7390 -0.3567 0.5715
vn -0.9973 0.0205 0.0699
vn -0.7023 -0.1303 0.6999
vn -0.3678 -0.3528 0.8604
vn -0.4369 -0.0276 0.8991
vn -0.5933 -0.5877 0.5501
vn -0.4259 -0.7310 0.5331
vn 0.5104 -0.7412 -0.4361
vn 0.0551 -0.7058 -0.7063
vn 0.3558 0.2107 -0.9105
vn 0.8151 0.3393 -0.4696
vn 0.7485 -0.6195 -0.2364
vn -0.8442 -0.0626 -0.5324
vn -0.5836 -0.0642 -0.8095
vn -0.6951 -0.0348 -0.7181
vn -0.6648 -0.1108 -0.7387
vn -0.8003 -0.1220 -0.5870
vn -0.5879 -0.1028 -0.8023
vn -0.6305 -0.0827 -0.7718
vn -0.9959 -0.0289 -0.0854
vn -0.9916 -0.1005 -0.0818
vn -0.9857 -0.0740 -0.1514
vn 0.4661 0.2808 0.8390
vn 0.3719 0.2632 0.8902
vn 0.3922 0.0526 0.9184
vn 0.0328 -0.0575 0.9978
vn 0.0156 -0.0641 0.9978
vn 0.0824 -0.0623 0.9946
vn 0.0179 -0.0546 0.9983
vn 0.0437 -0.1024 0.9938
vn 0.0283 -0.1199 0.9924
vn 0.1128 -0.0974 0.9888
vn 0.0071 -0.1154 0.9933
vn 0.2620 0.7056 0.6584
vn -0.0370 0.6809 0.7314
vn 0.0821 0.5524 0.8295
vn 0.8639 0.4386 0.2476
vn 0.2563 0.7854 0.5634
vn 0.9090 0.2916 0.2978
vn -0.4110 0.6542 0.6349
vn -0.4075 0.5605 0.7210
vn -0.5107 0.5282 0.6784
vn -0.3621 0.7079 0.6065
vn -0.3397 0.6788 0.6510
vn -0.9713 -0.0020 -0.2378
vn -0.9541 0.0088 -0.2994
vn -0.9599 0.0377 -0.2777
vn -0.9862 0.1107 -0.1228
vn 0.4978 -0.3437 -0.7963
vn 0.4076 -0.3604 -0.8390
vn 0.3527 -0.3628 -0.8625
vn 0.5074 -0.3487 -0.7880
vn 0.5518 -0.3496 -0.7572
vn 0.5629 -0.2629 -0.7836
vn 0.5300 -0.2749 -0.8022
vn 0.5173 -0.2745 -0.8106
vn 0.9312 0.0215 -0.3639
vn -0.5082 -0.2755 -0.8160
vn 0.9118 0.0450 -0.4082
vn 0.5539 0.2789 0.7845
vn 0.5398 0.4481 0.7127
vn 0.9330 -0.0370 -0.3579
vn -0.4611 -0.4167 -0.7834
vn 0.6444 0.1812 0.7429
vn -0.6095 -0.3544 0.7092
vn -0.7701 -0.3403 0.5396
vn -0.7604 -0.3391 0.5540
vn -0.8671 -0.4873 -0.1034
vn -0.8516 -0.5175 0.0831
vn -0.9263 -0.3181 -0.2019
vn 0.7041 -0.6983 0.1289
vn 0.6203 -0.5717 -0.5370
vn 0.8791 -0.4644 0.1076
vn 0.6995 -0.6141 0.3654
vn 0.4727 -0.8811 0.0145
vn 0.4078 -0.7981 -0.4436
vn 0.4500 -0.8397 0.3038
vn -0.7002 0.1979 -0.6860
vn -0.9996 0.0285 -0.0011
vn -0.9975 0.0121 -0.0702
vn -0.7501 0.1276 -0.6489
vn -0.6548 0.2639 -0.7082
vn -0.0211 0.2832 -0.9588
vn -0.1512 0.2097 -0.9660
vn 0.0023 0.6999 -0.7143
vn 0.0208 0.6890 -0.7245
vn 0.0099 0.5985 -0.8011
vn -0.0022 0.6501 -0.7598
vn 0.0061 0.7143 -0.6998
vn -0.0041 0.9376 -0.3478
vn -0.0024 0.9329 -0.3601
vn 0.3303 0.1545 -0.9312
vn 0.7413 0.2013 -0.6403
vn 0.0475 0.1715 -0.9840
vn 0.0113 0.0271 0.9996
vn 0.0186 -0.0345 0.9992
vn 0.0247 -0.3902 0.9204
vn 0.0764 -0.1222 0.9896
vn -0.0000 -0.0000 1.0000
vn 0.0049 0.1055 0.9944
vn -0.0733 0.9880 -0.1357
vn -0.1486 0.9889 -0.0002
vn -0.0744 0.9881 -0.1344
vn 0.1721 0.9685 -0.1798
vn -0.1451 0.9609 -0.2358
vn -0.0548 0.9910 -0.1225
vn -0.2732 0.9530 -0.1312
vn -0.8104 0.5840 -0.0475
vn -0.9933 0.0793 0.0836
vn -0.9921 0.1130 0.0546
vn -0.9870 0.0804 0.1392
vn -0.2941 -0.8421 0.4520
vn -0.1833 -0.9511 0.2485
vn -0.8018 0.2672 -0.5345
vn -0.3521 -0.7175 0.6010
vn -0.4525 0.3992 -0.7974
vn -0.6208 0.2009 -0.7578
vn -0.6298 0.3112 -0.7117
vn -0.3349 0.4650 -0.8195
vn -0.3149 0.4810 -0.8182
vn -0.4651 0.4508 -0.7619
vn -0.4392 0.3765 -0.8157
vn 0.0114 0.6102 -0.7922
vn 0.0065 0.6366 -0.7712
vn 0.0057 0.4851 -0.8744
vn 0.0006 0.4729 -0.8811
vn -0.0027 0.3248 -0.9458
vn -0.0078 0.2870 -0.9579
vn -0.0442 0.4730 -0.8800
vn -0.0282 0.7145 -0.6991
vn 0.0065 0.7286 -0.6849
vn -0.0156 0.7361 -0.6767
vn -0.0142 -0.8056 -0.5923
vn -0.0466 -0.7780 -0.6266
vn 0.0162 -0.8049 -0.5932
vn 0.0433 -0.7765 -0.6286
vn -0.0084 -0.5604 -0.8282
vn 0.0073 -0.5647 -0.8253
vn 0.7332 0.1178 0.6697
vn 0.6104 0.0967 0.7862
vn 0.8919 0.0916 0.4428
vn 0.4280 0.1341 0.8938
vn 0.5897 0.1197 0.7987
vn 0.9952 0.0979 0.0093
vn -0.5317 -0.0159 0.8468
vn -0.8018 -0.0051 0.5976
vn -0.7314 -0.0123 0.6818
vn -0.0342 0.3176 0.9476
vn -0.0537 0.2981 0.9530
vn -0.0416 0.3104 0.9497
vn -0.0488 0.3480 0.9362
vn -0.0377 0.4101 0.9113
vn -0.0182 0.3338 0.9425
vn -0.0182 0.3489 0.9370
vn -0.0455 0.2719 0.9612
vn -0.0362 0.3595 0.9324
vn 0.8109 0.1488 0.5660
vn 0.9600 0.0724 -0.2704
vn 0.0976 -0.0917 0.9910
vn 0.1400 -0.2184 0.9658
vn -0.0134 -0.4623 0.8866
vn -0.0291 -0.4120 0.9107
vn 0.0111 0.1633 0.9865
vn 0.3241 0.9412 0.0950
vn -0.5162 0.1059 0.8499
vn 0.8945 -0.0000 0.4472
vn -0.4815 0.1061 0.8700
vn -0.4921 0.0914 0.8657
vn -0.5257 0.0866 0.8463
vn 0.7617 -0.0056 0.6479
vn -0.5685 0.0947 0.8172
vn -0.5499 0.1054 0.8286
vn -0.5686 0.0487 0.8212
vn 0.8931 -0.0218 0.4493
vn -0.0105 0.5546 -0.8321
vn -0.0102 0.5546 -0.8321
vn -0.0116 -0.2721 -0.9622
vn -0.0033 0.8614 0.5079
vn -0.0271 0.6890 0.7242
vn -0.0112 -0.4821 -0.8760
vn -0.0038 0.6689 0.7433
vn -1.0000 -0.0080 -0.0004
vn -1.0000 -0.0080 -0.0002
vn -0.9725 -0.0228 0.2316
vn -0.9863 0.0027 -0.1650
vn 0.9611 -0.1547 0.2287
vn 0.9639 -0.1593 0.2135
vn 0.9794 -0.1679 0.1119
vn 0.9302 -0.1766 0.3217
vn -0.3208 0.1553 0.9343
vn -0.3636 -0.0405 0.9307
vn 0.9369 -0.1486 0.3165
vn 0.9059 -0.1765 0.3851
vn 0.8994 -0.1821 0.3973
vn 0.3999 -0.0433 -0.9155
vn 0.9120 -0.1644 0.3759
vn 0.3825 -0.2239 -0.8964
vn -0.0120 0.9972 -0.0737
vn -0.0412 0.9983 -0.0416
vn -0.0398 0.9933 -0.1086
vn -0.0000 1.0000 -0.0000
vn 0.0085 1.0000 -0.0002
vn -0.0016 0.9933 -0.1153
vn 0.0015 0.9956 -0.0934
vn -0.0191 0.9932 -0.1152
vn 0.0030 0.9334 -0.3587
vn 0.0030 0.9335 -0.3586
vn -0.0173 0.9999 -0.0009
vn -0.0192 0.9189 -0.3941
vn -0.1014 0.9944 -0.0300
vn -0.6077 -0.0370 -0.7933
vn -0.6117 0.0608 -0.7888
vn -0.5063 0.0216 -0.8621
vn -0.7632 0.0372 0.6451
vn -0.8381 -0.0131 0.5454
vn -0.9748 -0.1785 0.1335
vn -0.9008 -0.4172 0.1208
vn -0.9955 0.0023 0.0949
vn -0.9680 -0.2304 0.0998
vn -0.9552 -0.2760 0.1066
vn -0.8801 -0.4579 0.1259
vn -0.8497 -0.5154 0.1110
vn -0.9898 -0.1124 0.0880
vn -0.9632 0.0449 -0.2652
vn -0.4285 0.0394 0.9027
vn -0.9515 0.1079 -0.2880
vn 0.2524 0.0171 -0.9675
vn -0.6819 -0.0011 -0.7314
vn -0.9913 -0.0143 0.1310
vn 0.8983 -0.4387 -0.0264
vn 0.8528 -0.4606 0.2460
vn 0.8542 -0.5089 -0.1068
vn 0.9241 -0.3469 -0.1602
vn 0.8119 -0.3984 0.4267
vn 0.8038 -0.4485 -0.3908
vn 0.7861 -0.2208 -0.5773
vn 0.2280 0.7593 0.6095
vn 0.8251 0.1670 -0.5398
vn 0.8456 0.1390 -0.5154
vn 0.9365 0.3044 -0.1739
vn 0.8737 0.1753 -0.4537
vn 0.0781 0.0529 -0.9955
vn 0.0293 0.0544 -0.9981
vn -0.0280 -0.0076 -0.9996
vn 0.7530 0.5036 -0.4235
vn -0.5457 -0.4539 -0.7044
vn -0.5012 -0.3553 -0.7890
vn -0.6658 -0.4131 -0.6213
vn -0.4933 -0.3140 -0.8112
vn -0.4884 -0.3070 -0.8169
vn 0.1316 -0.7560 0.6412
vn 0.2462 -0.9629 0.1109
vn 0.3339 -0.8552 0.3965
vn 0.1622 -0.9795 0.1191
vn -0.3287 -0.1434 0.9335
vn -0.9546 -0.2684 0.1292
vn -0.0709 -0.2252 0.9717
vn -0.2290 -0.1663 0.9591
vn -0.1639 -0.1648 0.9726
vn -0.9803 -0.1147 -0.1609
vn -0.8997 0.2642 0.3475
vn 0.0450 -0.1762 0.9833
vn 0.7661 -0.0268 0.6421
vn 0.8193 -0.0317 0.5726
vn 0.8136 -0.0114 0.5813
vn 0.6953 -0.0118 0.7186
vn 0.5030 -0.0231 0.8640
vn 0.7738 -0.0797 0.6284
vn 0.7104 -0.0665 0.7006
vn 0.8468 -0.0878 0.5246
vn 0.8525 -0.0973 0.5136
vn 0.4849 -0.0545 0.8729
vn 0.0326 0.3529 0.9351
vn 0.0412 0.3387 0.9400
vn 0.0709 0.3522 0.9332
vn 0.0167 0.3509 0.9363
vn 0.0151 0.3465 0.9379
vn 0.0430 0.4451 0.8944
vn 0.0609 0.4337 0.8990
vn 0.0419 0.5066 0.8612
vn 0.0159 0.4530 0.8914
vn 0.0292 0.5574 0.8297
vn 0.6349 -0.6782 -0.3700
vn 0.5147 -0.6192 -0.5930
vn -0.0308 0.3702 0.9284
vn -0.0536 0.4586 0.8870
vn -0.0228 0.4485 0.8935
vn 0.0038 0.4364 0.8997
vn 0.0657 0.2399 0.9686
vn 0.2146 0.2264 0.9501
vn 0.2117 0.2602 0.9420
vn 0.1545 0.0775 0.9849
vn -0.1583 0.0616 0.9855
vn -0.1049 0.0745 0.9917
vn 0.0238 0.0809 0.9964
vn 0.1539 0.2760 0.9488
vn -0.0122 -0.6998 0.7142
vn -0.0038 -0.6055 0.7959
vn -0.0169 -0.6288 0.7774
vn 0.0055 -0.7071 0.7071
vn 0.8323 0.1522 -0.5331
vn 0.4351 0.1290 -0.8911
vn 0.7931 0.1824 -0.5811
vn 0.6574 0.0778 -0.7496
vn 0.4095 0.0708 -0.9096
vn 0.3162 0.0706 -0.9461
vn 0.7880 0.0983 -0.6078
vn 0.6325 0.0675 -0.7716
vn -0.0000 -0.0000 -1.0000
vn 0.0114 0.1449 -0.9894
vn 0.1206 0.2801 -0.9524
vn -0.3985 -0.1786 -0.8996
vn -0.2808 -0.1189 -0.9524
vn -0.2452 -0.0120 -0.9694
vn -0.0663 0.0514 -0.9965
vn 0.0975 0.0258 -0.9949
vn -0.0651 0.0097 -0.9978
vn -0.7817 0.1837 -0.5960
vn -0.7409 -0.1064 -0.6631
vn 0.1208 0.0610 -0.9908
vn -0.4873 -0.6657 -0.5651
vn -0.5605 0.2483 -0.7901
vn -0.8500 -0.0459 0.5248
vn -0.5473 0.3702 -0.7506
vn -0.4968 0.3511 -0.7937
vn -0.4891 0.2364 -0.8395
vn -0.8223 -0.0629 0.5655
vn -0.5826 0.1697 -0.7948
vn -0.4480 0.0560 0.8923
vn -0.4156 0.1017 0.9038
vn -0.9745 0.0959 0.2029
vn -0.3278 0.1101 0.9383
vn -0.4277 0.0702 0.9012
vn -0.9917 0.0645 0.1116
vn -0.9899 0.0971 0.1036
vn -0.3959 -0.0554 0.9166
vn -0.1949 -0.1780 0.9645
vn -0.2328 -0.8580 0.4579
vn -0.0464 -0.8121 0.5817
vn -0.1774 -0.1793 0.9677
vn -0.9393 0.0122 -0.3430
vn -0.1679 -0.2203 0.9609
vn -0.4298 0.7361 -0.5229
vn -0.7743 0.6211 -0.1212
vn -0.7046 0.7046 -0.0846
vn -0.0923 0.1224 -0.9882
vn -0.0445 0.1168 -0.9922
vn -0.0462 0.1079 -0.9931
vn -0.1574 0.1343 -0.9784
vn -0.0797 0.1359 -0.9875
vn -0.1717 0.1316 -0.9763
vn -0.1161 0.1237 -0.9855
vn -0.0288 0.8100 0.5857
vn -0.0352 0.8872 0.4601
vn -0.0272 0.8013 0.5977
vn -0.0027 0.5810 0.8139
vn 0.0246 0.8102 0.5856
vn 0.0027 0.5739 0.8190
vn 0.0308 0.7988 0.6008
vn 0.0344 0.8941 0.4465
vn 0.0331 0.9011 0.4323
vn -0.0385 0.8725 0.4872
vn 0.4681 0.2517 0.8471
vn 0.6187 0.1355 0.7738
vn 0.6196 0.1286 0.7743
vn 0.5408 0.2239 0.8108
vn 0.5292 0.2720 0.8037
vn 0.5390 0.1277 0.8325
vn 0.4730 0.3142 0.8231
vn 0.5507 0.1768 0.8158
vn 0.5369 -0.0000 -0.8437
vn 0.5150 0.2015 -0.8332
vn 0.6247 -0.0000 -0.7809
vn -0.7071 -0.0000 -0.7071
vn -0.2969 0.8093 0.5069
vn 0.9908 -0.1275 0.0460
vn 0.8856 -0.2423 -0.3961
vn -0.9056 0.4236 -0.0231
vn -0.8238 0.4986 0.2696
vn -0.8599 0.4880 -0.1499
vn 0.6555 0.1520 -0.7398
vn -0.7268 0.4736 -0.4974
vn -0.3856 0.7444 0.5451
vn -0.5956 0.3612 0.7175
vn 0.2680 0.9632 0.0201
vn 0.2951 0.7407 0.6035
vn -0.9060 0.0978 0.4118
vn 0.3638 0.7054 0.6083
vn 0.4609 0.6859 0.5631
vn -0.8265 0.2755 0.4909
vn -0.0676 -0.3834 -0.9211
vn -0.0040 -0.3528 -0.9357
vn -0.0052 -0.3435 -0.9391
vn -0.0319 -0.3557 -0.9341
vn 0.1342 0.1799 0.9745
vn 0.6676 0.6602 -0.3441
vn 0.6578 0.7060 -0.2625
vn 0.7508 0.6508 -0.1132
vn 0.0420 0.0900 0.9951
vn 0.0595 0.0751 0.9954
vn -0.4259 0.8525 -0.3029
vn -0.5158 0.6123 -0.5992
vn -0.3027 0.4739 -0.8269
vn -0.2611 0.7978 0.5434
vn -0.3624 0.8413 -0.4012
vn 0.2762 0.1545 -0.9486
vn -0.2836 -0.0246 -0.9586
vn 0.1985 0.1899 -0.9615
vn 0.0928 0.1674 -0.9815
vn 0.6432 0.3895 -0.6593
vn 0.0734 0.1592 -0.9845
vn -0.1363 0.0562 -0.9891
vn -0.1466 -0.0000 -0.9892
vn 0.7177 0.4037 -0.5674
vn 0.6679 0.4304 -0.6072
vn -0.0418 0.9818 0.1851
vn -0.8843 0.0947 -0.4573
vn 0.0355 0.9235 0.3819
vn 0.1350 0.9844 0.1128
vn -0.9028 0.2158 -0.3720
vn -0.1263 0.0361 0.9913
vn -0.0663 0.1436 0.9874
vn 0.1813 0.9563 0.2295
vn -0.0000 0.1197 0.9928
vn -0.1277 -0.2243 0.9661
vn -0.1717 -0.4711 0.8652
vn 0.1227 -0.4626 0.8780
vn 0.1644 -0.4128 0.8958
vn 0.7210 -0.3874 0.5745
vn 0.8028 -0.4516 0.3893
vn 0.6483 -0.5897 0.4817
vn 0.9432 -0.2715 -0.1916
vn 0.8065 -0.2335 -0.5431
vn 0.9446 -0.2861 -0.1609
vn 0.3878 0.9137 0.1216
vn 0.3727 0.8192 0.4358
vn 0.4215 0.9028 -0.0853
vn 0.1645 -0.9188 0.3588
vn 0.3410 0.9362 -0.0848
vn -0.7913 -0.1506 0.5926
vn 0.5940 -0.1987 -0.7795
vn -0.6085 -0.1020 -0.7870
vn -0.8927 -0.0264 0.4499
vn -0.6143 -0.1277 -0.7787
vn -0.9433 -0.0245 0.3310
vn -0.5541 -0.1217 -0.8235
vn -0.5867 -0.0772 -0.8061
vn -0.5307 -0.0940 -0.8423
vn 0.0092 0.9998 0.0183
vn 0.0176 0.9979 0.0616
vn 0.0091 0.9944 -0.1056
vn 0.0001 0.9998 0.0184
vn 0.0120 0.9765 0.2151
vn -0.8108 0.0237 0.5848
vn -0.8756 0.0270 0.4822
vn -0.8335 -0.0152 0.5524
vn -0.7922 0.2336 0.5638
vn -0.0544 0.3103 -0.9491
vn 0.0185 -0.0259 -0.9995
vn 0.0906 0.0938 -0.9915
vn -0.0827 0.9559 -0.2817
vn -0.0903 0.9959 -0.0037
vn -0.0761 0.9632 -0.2578
vn -0.1782 0.4560 -0.8720
vn -0.4009 0.9044 0.1462
vn -0.0202 0.1991 -0.9798
vn -0.0971 0.9909 0.0935
vn 0.0262 0.9938 -0.1081
vn 0.0418 0.9917 -0.1214
vn 0.0422 0.9923 -0.1163
vn 0.0036 0.9919 -0.1268
vn 0.0140 0.9949 -0.0995
vn 0.0188 0.9935 -0.1125
vn 0.0072 0.9908 -0.1354
vn 0.5994 -0.0420 -0.7993
vn 0.8660 0.0128 0.5000
vn 0.5858 -0.0737 -0.8071
vn 0.6145 0.0513 -0.7872
vn 0.8060 -0.0102 0.5919
vn 0.5046 -0.0505 -0.8619
vn 0.6159 0.7872 0.0308
vn 0.1640 0.3329 0.9286
vn 0.9987 0.0078 0.0497
vn 0.0157 0.9415 -0.3368
vn -0.1451 0.7098 -0.6892
vn -0.4088 0.8132 -0.4143
vn -0.1212 0.9691 -0.2150
vn 0.0408 0.7852 -0.6179
vn 0.3360 0.3648 -0.8683
vn 0.2541 0.6423 -0.7231
vn 0.4016 0.3749 -0.8356
vn 0.3636 0.2665 -0.8926
vn 0.5058 0.0253 -0.8623
vn -0.3915 -0.1031 0.9144
vn -0.3976 0.0070 0.9175
vn -0.3261 -0.0629 0.9432
vn -0.3431 -0.0253 0.9390
vn -0.3462 0.0354 0.9375
vn -0.4220 0.0453 0.9054
vn 0.0151 -0.6361 0.7715
vn 0.9762 -0.1907 0.1035
vn 0.9960 0.0809 0.0377
vn 0.9911 0.1173 0.0635
vn 0.9935 0.0686 0.0909
vn 0.9944 0.0488 0.0940
vn 0.9530 0.0551 0.2979
vn -0.0027 0.0729 -0.9973
vn -0.0043 0.1239 -0.9923
vn 0.0013 -0.0101 -0.9999
vn 0.0049 0.1242 -0.9922
vn 0.0323 -0.9978 0.0583
vn 0.2612 -0.9610 0.0906
vn 0.2558 -0.9654 0.0501
vn -0.0142 -0.0160 -0.9998
vn -0.0023 -0.9976 0.0699
vn -0.1088 -0.9930 0.0455
vn -0.1996 -0.9784 0.0542
vn 0.4817 0.8649 -0.1414
vn 0.4055 0.9037 -0.1375
vn 0.4815 0.7993 -0.3595
vn 0.3682 0.8724 -0.3215
vn 0.5619 0.7869 -0.2550
vn 0.0850 0.3092 0.9472
vn 0.1183 0.2998 0.9466
vn 0.1348 0.3421 0.9300
vn 0.0841 0.2932 0.9523
vn 0.0454 0.3323 0.9421
vn 0.0367 0.2288 0.9728
vn 0.0790 0.3459 0.9349
vn 0.0213 -0.9998 0.0011
vn -0.9417 0.1214 -0.3139
vn -0.8584 -0.2519 -0.4469
vn 0.0930 -0.9575 -0.2731
vn 0.1201 -0.9467 -0.2990
vn 0.1506 -0.9472 -0.2832
vn 0.1295 -0.9797 -0.1527
vn -0.9602 0.0569 -0.2735
vn -0.9230 0.0847 -0.3753
vn -0.7072 0.1494 0.6910
vn -0.9767 0.0566 -0.2070
vn -0.9649 0.0832 -0.2491
vn -0.8494 0.0376 -0.5265
vn -0.5038 -0.7601 -0.4105
vn -0.4395 -0.8049 -0.3987
vn -0.4161 -0.7842 -0.4604
vn -0.6067 -0.7738 0.1820
vn -0.7044 -0.5060 -0.4978
vn 0.0737 0.5264 0.8470
vn 0.2022 -0.7224 0.6612
vn 0.1768 -0.4672 0.8663
vn -0.1003 0.5277 0.8435
vn 0.1821 -0.8158 0.5489
vn 0.8965 -0.0199 0.4427
vn -0.4971 0.0674 0.8651
vn 0.8404 0.0265 0.5414
vn 0.8980 -0.0000 0.4400
vn 0.9458 -0.0251 0.3237
vn 0.8365 -0.0118 0.5478
vn 0.9465 -0.0255 0.3218
vn 0.6952 -0.0308 -0.7181
vn 0.9462 -0.0283 0.3224
vn 0.6903 -0.1405 0.7097
vn 0.6918 -0.1559 0.7050
vn 0.6496 -0.3269 0.6864
vn 0.8827 -0.4683 0.0397
vn 0.2154 -0.2070 0.9543
vn 0.1471 -0.1596 0.9762
vn 0.6182 -0.1060 0.7789
vn 0.7075 0.7024 -0.0781
vn 0.3606 -0.9165 0.1734
vn 0.9857 -0.1474 0.0816
vn 0.9450 -0.3017 0.1266
vn 0.3245 -0.7834 0.5301
vn 0.8634 -0.2417 0.4428
vn -0.0061 0.7301 -0.6833
vn -0.0694 0.7680 -0.6367
vn -0.2142 0.9424 -0.2570
vn -0.1606 0.7277 -0.6668
vn -0.2249 0.7722 -0.5942
vn -0.3306 0.8736 -0.3571
vn -0.1721 0.2295 -0.9580
vn -0.1488 0.1663 -0.9748
vn -0.2833 0.2071 -0.9364
vn -0.3668 0.4011 -0.8394
vn -0.5044 0.5016 -0.7028
vn -0.1487 0.6411 -0.7529
vn -0.4566 0.2342 -0.8583
vn -0.0259 0.4429 -0.8962
vn -0.0541 0.2772 -0.9593
vn -0.0826 0.2129 -0.9736
vn -0.4280 0.3625 -0.8279
vn 0.6165 -0.0805 -0.7832
vn 0.9875 -0.0832 -0.1335
vn 0.6164 -0.0752 -0.7838
vn 0.6175 -0.0867 -0.7818
vn 0.9755 -0.0924 -0.1994
vn 0.6683 -0.1091 -0.7358
vn 0.2234 -0.5172 -0.8262
vn 0.3186 -0.4203 -0.8496
vn 0.2983 -0.3327 -0.8946
vn 0.1764 -0.6346 -0.7525
vn 0.2507 -0.5823 -0.7734
vn 0.6608 -0.0779 0.7465
vn 0.8908 -0.2791 0.3587
vn 0.4107 -0.8024 0.4331
vn 0.4382 -0.3594 0.8239
vn 0.4520 -0.3956 0.7995
vn 0.3317 -0.4566 0.8255
vn 0.6509 -0.0478 0.7577
vn 0.6511 0.0073 0.7590
vn 0.4994 -0.8502 -0.1665
vn 0.7950 0.0492 0.6046
vn -0.0105 -0.9013 0.4331
vn -0.0150 -0.7862 0.6178
vn -0.0156 -0.7874 0.6163
vn -0.0386 -0.7623 0.6461
vn 0.0179 -0.6765 0.7362
vn -0.0099 -0.6009 0.7993
vn -0.5626 -0.3599 -0.7443
vn -0.6064 -0.2431 -0.7571
vn -0.5581 -0.1729 -0.8115
vn 0.9964 0.0566 0.0623
vn 0.9968 0.0539 0.0593
vn 0.9781 0.0026 -0.2081
vn 0.7529 0.6381 0.1612
vn 0.8001 0.4476 -0.3993
vn 0.5899 0.3192 0.7417
vn 0.8776 0.4088 0.2503
vn 0.7511 0.2635 0.6053
vn 0.7924 0.4973 -0.3532
vn 0.8300 0.5350 -0.1579
vn -0.0170 0.1061 -0.9942
vn -0.0157 0.1076 -0.9941
vn -0.0198 0.0565 -0.9982
vn -0.0255 0.0649 -0.9976
vn -0.0351 0.0520 -0.9980
vn 0.0152 0.1038 -0.9945
vn 0.0116 0.1075 -0.9941
vn 0.0319 0.1130 -0.9931
vn 0.0197 0.0564 -0.9982
vn 0.0346 0.0563 -0.9978
vn 0.0224 0.0667 -0.9975
vn 0.0438 0.0973 -0.9943
vn -0.8857 0.3995 0.2364
vn -0.3606 -0.8082 -0.4656
vn -0.9574 0.2355 0.1672
vn -0.2071 0.8240 0.5273
vn -0.8270 0.5257 0.1992
vn -0.5661 -0.7587 -0.3224
vn -0.3093 0.7295 0.6101
vn -0.7217 0.1057 0.6841
vn -0.9951 0.0953 -0.0249
vn -0.8342 0.0943 0.5434
vn -0.4598 0.1325 0.8781
vn 0.4390 0.8951 -0.0773
vn 0.4234 0.8719 0.2460
vn 0.4331 0.8623 0.2623
vn 0.0926 0.9891 -0.1144
vn -0.0903 0.9899 -0.1091
vn 0.1014 0.9882 -0.1152
vn 0.3345 0.9396 -0.0724
vn 0.1579 -0.0068 0.9874
vn -0.1344 0.0861 0.9872
vn 0.3436 -0.0509 0.9377
vn 0.9963 -0.0796 -0.0338
vn 0.1861 -0.0016 0.9825
vn 0.0618 -0.9569 0.2837
vn 0.0698 -0.9596 0.2724
vn 0.0180 -0.9440 0.3294
vn -0.0056 -0.7987 0.6017
vn 0.0082 -0.9409 0.3386
vn 0.1865 -0.9274 0.3241
vn 0.9509 -0.0713 -0.3011
vn -0.2748 -0.7482 -0.6039
vn -0.3153 -0.6844 -0.6574
vn 0.9618 -0.0025 -0.2737
vn -0.2356 -0.7912 -0.5644
vn 0.9739 0.2265 -0.0157
vn 0.9676 0.2126 0.1362
vn 0.9518 0.2151 0.2185
vn 0.9014 0.4288 -0.0600
vn 0.9108 0.3889 -0.1387
vn 0.9734 0.2286 -0.0185
vn 0.8654 0.3647 0.3436
vn 0.8784 0.3382 -0.3377
vn -0.2423 0.3432 -0.9075
vn -0.0178 -0.7697 -0.6382
vn -0.0133 -0.7480 -0.6636
vn -0.0192 -0.8193 -0.5731
vn -0.0326 -0.8822 -0.4698
vn -0.0970 -0.7174 -0.6899
vn 0.5592 0.2553 0.7888
vn 0.3477 0.3066 0.8861
vn 0.5023 0.1479 0.8519
vn 0.4262 0.5785 0.6955
vn 0.3687 0.6218 0.6910
vn 0.2905 0.6406 0.7108
vn 0.7702 0.3337 0.5435
vn 0.7489 0.4423 0.4935
vn 0.8028 0.1072 0.5865
vn 0.6928 0.5435 0.4740
vn 0.6141 0.1117 0.7813
vn -0.0719 0.4197 0.9048
vn -0.4836 0.6243 0.6135
vn -0.2345 0.4845 0.8428
vn 0.4055 0.0992 0.9087
vn 0.4889 -0.0817 0.8685
vn 0.7004 -0.1450 0.6989
vn 0.3817 0.8713 -0.3085
vn 0.3815 0.8714 -0.3085
vn 0.9509 0.2377 0.1981
vn 0.2683 0.8945 -0.3577
vn 0.6924 0.1750 -0.6999
vn 0.6168 0.1909 -0.7636
vn 0.5181 0.5290 -0.6721
vn 0.4305 0.5194 -0.7382
vn -0.1527 0.9487 0.2768
vn -0.4348 0.8899 0.1381
vn 0.2078 0.7914 0.5749
vn -0.8312 0.2333 0.5047
vn -0.0375 -0.7394 0.6722
vn -0.1179 -0.9760 0.1829
vn -0.1046 -0.9945 0.0094
vn -0.0418 -0.9707 0.2367
vn 0.1803 -0.9831 0.0323
vn -0.1609 -0.9596 0.2307
vn -0.0103 -0.9697 0.2441
vn -0.0182 -0.9435 0.3310
vn 0.0024 -0.9431 0.3326
vn -0.0357 -0.9528 0.3016
vn -0.0407 -0.7087 0.7043
vn -0.0241 -0.9086 0.4170
vn 0.0303 -0.7087 0.7048
vn 0.0215 -0.8897 0.4561
vn -0.0172 -0.7317 0.6814
vn -0.0062 -0.7319 0.6814
vn -0.0039 -0.9226 0.3857
vn -0.0018 -0.6564 0.7544
vn -0.0273 -0.7212 0.6922
vn 0.7788 -0.1567 0.6074
vn 0.8214 -0.1854 0.5395
vn -0.4872 -0.3835 0.7846
vn 0.0031 -0.1382 0.9904
vn -0.0204 -0.1406 0.9899
vn -0.0505 -0.1726 0.9837
vn -0.9594 0.2567 -0.1170
vn -0.9942 0.0878 -0.0628
vn -0.9963 -0.0583 -0.0628
vn -0.9972 -0.0543 -0.0522
vn 0.4778 -0.4266 0.7679
vn 0.4860 -0.4938 0.7211
vn 0.5077 -0.3989 0.7636
vn 0.5372 -0.3651 0.7604
vn 0.9272 0.0195 -0.3740
vn 0.9105 0.0441 -0.4112
vn -0.2102 0.3327 0.9193
vn 0.1707 0.2809 0.9444
vn -0.0482 0.4841 0.8737
vn -0.0517 0.4237 0.9043
vn -0.9452 -0.3116 -0.0975
vn 0.0388 -0.2023 -0.9786
vn -0.8660 -0.0205 0.4996
vn -0.6086 -0.0455 -0.7922
vn -0.8633 0.0200 0.5043
vn -0.6369 -0.0246 -0.7705
vn 0.0166 0.7071 0.7069
vn -0.0186 -0.4413 -0.8972
vn 0.0183 0.7790 -0.6268
vn -0.0573 -0.3485 -0.9356
vn -0.9988 0.0106 -0.0484
vn -0.8071 0.1519 -0.5705
vn -0.5684 0.0271 -0.8223
vn -0.9999 -0.0000 -0.0113
vn -0.6891 -0.1825 0.7013
vn -0.3881 -0.1191 0.9139
vn -0.8174 0.0182 0.5758
vn -0.9805 0.1554 0.1201
vn 0.1344 0.9661 -0.2205
vn 0.1191 0.9816 -0.1491
vn 0.1514 0.9830 -0.1043
vn 0.0065 0.9961 -0.0883
vn 0.5492 0.1423 -0.8235
vn 0.5762 0.1120 -0.8096
vn 0.5237 0.1743 -0.8339
vn 0.4914 0.2532 -0.8333
vn 0.5746 0.1856 -0.7971
vn -0.9003 0.0232 -0.4347
vn -0.8887 0.0279 -0.4577
vn -0.9167 0.0048 -0.3995
vn -0.9019 0.0304 -0.4308
vn 0.5829 0.1402 -0.8004
vn -0.8984 0.0156 -0.4389
vn 0.9894 -0.0277 0.1428
vn 0.9887 -0.0335 0.1460
vn 0.8111 -0.0717 0.5805
vn 0.6782 0.1380 -0.7218
vn 0.9044 0.0787 -0.4194
vn 0.9887 -0.0855 0.1235
vn -0.0166 0.9939 0.1091
vn -0.1788 0.9399 0.2908
vn -0.7209 0.2119 0.6598
vn -0.6979 0.1724 0.6951
vn -0.6241 0.2547 0.7387
vn -0.0161 -0.5561 -0.8309
vn -0.0100 -0.5388 -0.8423
vn -0.0189 -0.5777 -0.8160
vn -0.0845 -0.5808 -0.8097
vn -0.0526 -0.5670 -0.8221
vn -0.0102 -0.5092 -0.8606
vn 0.0211 -0.5483 -0.8360
vn -0.0167 -0.4361 -0.8997
vn 0.0146 -0.4671 -0.8841
vn -0.0274 -0.5878 -0.8085
vn -0.0834 -0.5773 -0.8123
vn 0.1063 0.0661 -0.9921
vn 0.0900 0.0595 -0.9942
vn -0.0072 0.8033 0.5956
vn -0.0089 0.8740 0.4858
vn -0.0179 0.7416 0.6706
vn -0.0142 0.9298 0.3678
vn -0.0268 0.9699 0.2419
vn -0.0545 0.9619 0.2679
vn -0.0128 0.9456 0.3250
vn -0.0079 0.9338 0.3576
vn 0.8365 -0.5287 0.1439
vn 0.2252 -0.9638 0.1424
vn 0.7639 0.5213 0.3804
vn 0.2192 -0.2627 0.9397
vn -0.1109 -0.9809 0.1600
vn 0.8369 -0.2140 0.5038
vn 0.0977 -0.9918 -0.0824
vn -0.0939 -0.9953 0.0239
vn 0.0562 -0.1260 0.9904
vn 0.0661 -0.0494 0.9966
vn 0.0174 -0.1364 0.9905
vn 0.0117 -0.4322 0.9017
vn 0.0223 -0.4148 0.9096
vn 0.2210 0.0041 0.9753
vn -0.6585 0.2831 0.6973
vn -0.5568 0.2629 0.7879
vn -0.7790 0.2782 0.5619
vn -0.9112 0.2910 0.2915
vn -0.8881 0.4003 0.2261
vn -0.8310 0.5014 0.2408
vn -0.1065 -0.1822 0.9775
vn -0.9198 -0.3560 -0.1648
vn -0.9217 -0.3858 -0.0409
vn 0.2053 0.0100 0.9786
vn 0.1414 -0.0830 0.9865
vn -0.1223 -0.0573 0.9908
vn -0.2530 -0.4001 0.8809
vn -0.8834 -0.4673 -0.0347
vn -0.1066 -0.1580 0.9817
vn -0.4128 0.1687 0.8950
vn -0.4040 0.3365 0.8506
vn 0.9830 -0.1547 0.0992
vn 0.9662 -0.2195 0.1351
vn 0.9826 -0.0998 0.1565
vn 0.8304 -0.3700 0.4166
vn 0.9932 -0.0731 0.0907
vn 0.0037 0.6323 -0.7747
vn -0.0001 0.6036 -0.7973
vn 0.0031 0.4851 -0.8745
vn 0.0142 0.7242 -0.6895
vn 0.0045 0.7255 -0.6882
vn -0.0054 0.7222 -0.6917
vn -0.0828 -0.7513 -0.6547
vn -0.0807 -0.8931 -0.4426
vn -0.0534 -0.8954 -0.4421
vn -0.0502 -0.8795 -0.4733
vn -0.1885 -0.8694 -0.4567
vn -0.0794 -0.5466 -0.8336
vn -0.0468 -0.5269 -0.8486
vn -0.2902 -0.8552 -0.4294
vn -0.0683 -0.6842 -0.7261
vn -0.1666 -0.6808 -0.7133
vn -0.0759 -0.6811 -0.7282
vn 0.2942 -0.9114 -0.2876
vn 0.4457 -0.7207 -0.5310
vn 0.4626 -0.6384 -0.6152
vn 0.7137 -0.6942 -0.0937
vn 0.6081 -0.7934 -0.0273
vn -0.9582 0.0048 -0.2862
vn 0.5270 -0.0751 -0.8465
vn 0.4871 -0.1490 -0.8605
vn -0.9583 0.0122 -0.2856
vn -0.9961 0.0286 -0.0834
vn -1.0000 -0.0000 -0.0000
vn -0.8944 -0.0000 -0.4472
vn -0.9483 0.0138 -0.3172
vn -0.6640 0.0833 0.7431
vn -0.5815 0.2194 0.7834
vn -0.8303 0.5559 -0.0400
vn -0.8462 -0.0848 -0.5262
vn -0.8382 -0.1809 -0.5144
vn -0.8188 -0.1907 -0.5415
vn -0.9887 -0.0240 -0.1480
vn -0.9920 0.0243 -0.1240
vn -0.6670 -0.0632 -0.7424
vn 0.0612 0.9472 -0.3149
vn 0.0593 0.9847 0.1637
vn 0.0912 0.9889 0.1175
vn 0.0148 0.1866 -0.9823
vn 0.0522 0.2630 -0.9634
vn -0.0040 0.0295 -0.9996
vn 0.0591 0.9526 -0.2985
vn -0.1103 0.1160 -0.9871
vn -0.0008 0.1059 -0.9944
vn 0.0004 -0.0000 -1.0000
vn -0.1692 -0.2192 -0.9609
vn 0.0667 0.9358 -0.3461
vn 0.2447 -0.8747 -0.4185
vn 0.1938 -0.8448 -0.4987
vn 0.1186 -0.9066 -0.4051
vn 0.1780 -0.9203 -0.3485
vn 0.9442 -0.2778 0.1771
vn 0.9481 0.0901 0.3049
vn 0.9555 -0.1319 0.2638
vn 0.2840 -0.9119 -0.2962
vn -0.8064 -0.5872 -0.0702
vn -0.7620 -0.5107 -0.3981
vn -0.9132 -0.3464 0.2148
vn -0.0156 -0.5460 0.8376
vn 0.0042 -0.9160 0.4012
vn -0.0041 -0.6042 0.7968
vn -0.0266 -0.5336 0.8453
vn 0.6902 0.2406 -0.6825
vn 0.9545 0.2751 0.1148
vn 0.9093 0.2365 0.3424
vn 0.8628 0.2181 -0.4561
vn 0.8639 0.2518 -0.4362
vn 0.8238 0.2424 -0.5125
vn -0.0818 -0.0533 -0.9952
vn -0.0732 -0.0365 -0.9966
vn -0.0356 -0.0110 -0.9993
vn -0.1698 -0.1125 -0.9790
vn -0.3374 -0.1154 -0.9343
vn -0.0577 -0.1340 -0.9893
vn -0.0166 -0.1344 -0.9908
vn -0.0173 -0.0703 -0.9974
vn -0.1295 -0.0748 -0.9888
vn -0.1388 -0.1325 -0.9814
vn -0.4879 0.4607 -0.7414
vn -0.3751 0.5283 -0.7617
vn -0.4844 0.4395 -0.7564
vn -0.4681 0.5381 -0.7010
vn -0.3536 0.6521 -0.6706
vn 0.9698 -0.0817 -0.2297
vn 0.4727 0.8804 -0.0382
vn 0.3640 0.9308 -0.0335
vn 0.3432 0.9268 -0.1526
vn 0.3405 0.9399 -0.0240
vn -0.9287 -0.0418 -0.3686
vn 0.5132 -0.0846 -0.8541
vn -0.5875 -0.0268 0.8087
vn 0.9545 0.0581 -0.2926
vn 0.7174 0.0787 0.6922
vn 0.7216 0.1187 0.6821
vn -0.2340 0.0133 -0.9721
vn -0.2820 0.0244 -0.9591
vn -0.2596 -0.0214 -0.9655
vn -0.9493 0.0075 0.3142
vn -0.1377 -0.0056 -0.9905
vn 0.5874 0.1802 0.7890
vn 0.4470 0.8001 0.4000
vn 0.1757 0.9619 0.2095
vn 0.5833 0.0648 0.8096
vn 0.6622 0.1295 0.7380
vn -0.4540 0.0230 0.8907
vn -0.6231 0.3988 0.6729
vn -0.6629 0.1672 0.7298
vn -0.4384 -0.0287 0.8983
vn -0.0046 -0.9359 -0.3522
vn -0.0068 -0.9462 -0.3235
vn -0.0092 -0.9834 -0.1814
vn 0.0021 -0.8336 -0.5523
vn -0.1212 -0.9795 -0.1607
vn -0.0667 -0.9946 0.0801
vn -0.0673 -0.9815 -0.1790
vn -0.0593 -0.9223 -0.3818
vn -0.0387 0.9018 0.4305
vn -0.0575 0.8587 0.5093
vn -0.0752 0.8583 0.5077
vn -0.1214 0.2992 0.9464
vn -0.0984 0.3601 0.9277
vn -0.3818 0.0266 0.9239
vn -0.8594 -0.4311 0.2749
vn -0.9256 -0.2253 0.3043
vn 0.4034 -0.0661 0.9126
vn 0.9970 0.0168 0.0762
vn 0.8843 0.1477 0.4429
vn 0.5386 -0.1183 0.8342
vn -0.0043 -0.0933 0.9956
vn 0.0018 -0.2089 0.9779
vn 0.0066 0.0238 0.9997
vn -0.0009 -0.0839 0.9965
vn 0.7390 -0.1917 0.6459
vn 0.9783 -0.0349 0.2041
vn 0.0129 0.0842 -0.9964
vn 0.0266 0.4978 -0.8669
vn 0.1588 0.1073 -0.9815
vn 0.0066 0.0675 -0.9977
vn -0.1952 0.6057 0.7714
vn -0.2133 0.5958 0.7743
vn -0.2379 0.5470 0.8026
vn -0.2960 0.5680 0.7679
vn -0.1604 0.6157 0.7715
vn -0.0554 0.6680 0.7421
vn -0.0983 0.6589 0.7458
vn -0.9623 0.0547 -0.2663
vn -0.4404 0.1638 -0.8828
vn -0.6082 0.0698 -0.7907
vn -0.8753 -0.1254 0.4671
vn -0.9748 0.0272 -0.2214
vn 0.0785 -0.9437 -0.3215
vn 0.8456 -0.2728 0.4588
vn -0.0915 -0.0938 -0.9914
vn -0.0340 -0.0004 -0.9994
vn 0.0007 0.0385 -0.9993
vn -0.0361 0.0545 -0.9979
vn -0.2010 -0.0275 -0.9792
vn -0.9503 -0.0176 0.3109
vn -0.9590 0.0364 0.2811
vn -0.6637 -0.0918 0.7423
vn 0.9976 0.0088 -0.0691
vn 0.9813 0.1697 -0.0908
vn 0.9983 -0.0136 -0.0561
vn 0.9966 -0.0363 -0.0745
vn 0.9980 -0.0526 -0.0337
vn 0.9971 -0.0534 -0.0538
vn -0.9505 -0.0355 -0.3086
vn -0.9315 0.0110 -0.3635
vn -0.9062 0.0259 -0.4220
vn -0.4787 -0.4945 0.7255
vn -0.4279 -0.3914 0.8147
vn -0.3724 -0.5174 0.7705
vn -0.5402 -0.3556 0.7627
vn -0.9574 -0.0458 -0.2850
vn -0.4048 -0.6172 0.6747
vn 0.4392 -0.4275 0.7902
vn 0.0085 -0.1366 0.9906
vn 0.0155 -0.1439 0.9895
vn 0.0038 -0.1415 0.9899
vn 0.0138 -0.2334 0.9723
vn 0.0043 -0.2459 0.9693
vn -0.0003 -0.2456 0.9694
vn -0.0001 -0.2457 0.9693
vn 0.6360 0.2498 0.7301
vn 0.5607 0.1555 0.8133
vn 0.5545 0.2173 0.8033
vn 0.9149 0.0760 -0.3964
vn 0.9178 0.0625 -0.3922
vn 0.5122 0.3007 0.8045
vn 0.6383 0.3253 0.6977
vn 0.9564 0.0994 -0.2747
vn -0.0769 -0.0741 0.9943
vn -0.0335 -0.0759 0.9966
vn -0.3054 -0.0996 0.9470
vn -0.3714 -0.1049 0.9225
vn 0.2191 0.4483 0.8666
vn -0.3329 0.5757 0.7468
vn -0.9314 0.2031 0.3021
vn -0.7823 0.2862 0.5533
vn -0.0000 0.6321 0.7749
vn -0.0066 0.6355 0.7721
vn -0.8758 0.3141 0.3666
vn -0.1548 0.6364 0.7557
vn -0.6364 -0.0000 -0.7714
vn -0.6511 -0.0000 -0.7590
vn -0.6111 -0.0883 -0.7866
vn -0.4360 -0.1069 -0.8936
vn -0.9855 -0.0648 0.1566
vn -0.5366 0.0310 -0.8433
vn 0.4182 0.8879 0.1917
vn 0.4100 0.9091 -0.0738
vn 0.9023 0.2981 -0.3115
vn 0.2246 0.8992 -0.3754
vn -0.0047 0.9974 -0.0720
vn 0.0851 -0.1413 0.9863
vn 0.1212 -0.1350 0.9834
vn -0.0219 0.0240 0.9995
vn 0.0166 0.0065 0.9998
vn 0.1273 -0.9794 0.1567
vn -0.0000 -0.9985 0.0542
vn 0.0477 -0.9547 -0.2938
vn 0.0802 0.5559 0.8274
vn 0.3508 0.5228 0.7769
vn 0.0595 0.2670 0.9619
vn 0.0081 -0.9961 0.0874
vn 0.0119 -0.9919 0.1264
vn 0.0220 -0.9940 0.1070
vn 0.0026 -0.9979 0.0644
vn -0.0102 -0.9918 0.1275
vn 0.0050 -0.9925 0.1225
vn -0.0050 -0.9925 0.1225
vn -0.0211 -0.9932 0.1146
vn 0.0095 -0.9865 -0.1636
vn 0.8467 0.0053 0.5320
vn -0.5199 0.0170 0.8540
vn 0.9361 -0.0000 0.3518
vn 0.8129 0.0085 0.5823
vn 0.6952 0.0272 0.7183
vn 0.5888 -0.1023 -0.8018
vn 0.0306 -0.9991 0.0285
vn 0.0010 -0.9909 -0.1348
vn 0.2841 -0.9583 0.0304
vn 0.2748 -0.9615 -0.0000
vn 0.0650 -0.8404 0.5381
vn 0.2747 -0.9612 0.0245
vn 0.8902 -0.4216 0.1725
vn -0.0265 -0.9952 -0.0937
vn -0.0440 -0.9894 0.1385
vn 0.0008 -0.3915 0.9202
vn -0.0022 -0.6176 0.7865
vn -0.0136 -0.7853 0.6189
vn 0.0792 -0.8070 0.5852
vn -0.3005 -0.3886 0.8710
vn -0.0171 -0.4671 0.8841
vn -0.0106 -0.9571 0.2896
vn -0.0195 -0.9869 0.1603
vn -0.0192 -0.9621 0.2722
vn -0.0066 -0.9388 0.3444
vn 0.0049 -0.9422 0.3351
vn -0.0141 -0.9780 0.2081
vn -0.0078 -0.9508 0.3096
vn -0.0241 -0.9867 0.1605
vn 0.6125 0.0680 0.7876
vn 0.6362 0.0843 0.7669
vn -0.3842 0.9214 -0.0592
vn -0.6294 0.7729 0.0809
vn -0.3432 0.9388 -0.0287
vn 0.4767 -0.0222 0.8788
vn 0.5488 -0.0309 0.8354
vn 0.2799 -0.0248 0.9597
vn 0.2731 -0.0324 0.9614
vn 0.1487 0.1092 0.9828
vn 0.1400 -0.0244 0.9898
vn 0.4646 0.6414 0.6105
vn 0.8937 0.4390 0.0926
vn 0.9234 0.3769 -0.0727
vn 0.5575 0.7382 0.3797
vn 0.4474 0.4886 0.7491
vn 0.3421 0.5302 0.7758
vn 0.2246 0.5723 0.7887
vn 0.1978 0.4148 0.8882
vn 0.3585 0.4357 0.8256
vn 0.1566 0.6087 0.7778
vn -0.9539 0.0370 -0.2979
vn -0.2311 0.9017 0.3654
vn -0.9678 0.1338 -0.2134
vn -0.9403 -0.0224 -0.3395
vn -0.2732 0.9122 0.3054
vn -0.9973 0.0732 0.0022
vn -0.9944 0.1057 0.0069
vn -0.6757 0.0581 0.7349
vn -0.6460 0.0414 0.7622
vn -0.7394 0.0804 0.6685
vn -0.6302 0.0509 0.7748
vn -0.6414 0.0565 0.7651
vn -0.9233 0.1130 0.3670
vn -0.7691 -0.5089 -0.3867
vn 0.7840 0.6191 0.0458
vn 0.8892 0.4448 0.1075
vn 0.1036 0.0979 -0.9898
vn -0.7963 -0.5883 -0.1409
vn -0.9258 -0.3233 -0.1959
vn -0.8110 -0.5777 -0.0924
vn -0.7643 -0.5166 -0.3860
vn -0.8226 -0.5337 -0.1963
vn -0.4299 0.8413 -0.3276
vn -0.6618 0.6651 -0.3459
vn -0.5114 0.8153 -0.2718
vn -0.4062 0.9021 -0.1459
vn -0.2676 0.9345 -0.2346
vn -0.2536 0.9366 -0.2419
vn 0.9213 -0.0349 -0.3872
vn 0.6152 -0.0084 0.7883
vn 0.7122 0.0234 0.7016
vn 0.2608 0.4984 0.8268
vn -0.1943 0.4191 0.8869
vn 0.3774 0.1329 0.9165
vn -0.1229 0.3733 0.9195
vn -0.1361 0.3950 0.9085
vn -0.9680 -0.0339 -0.2485
vn 0.4542 -0.1067 -0.8845
vn 0.1778 0.9778 0.1105
vn -0.0995 0.9351 0.3401
vn -0.1332 0.8807 0.4545
vn -0.1669 0.9208 0.3526
vn -0.0901 0.9892 0.1159
vn -0.0742 0.9353 0.3460
vn -0.0549 0.8401 0.5397
vn -0.2334 -0.9151 -0.3289
vn -0.9384 0.0814 0.3358
vn 0.3053 0.1553 -0.9395
vn 0.8429 -0.0648 -0.5341
vn 0.8396 -0.0943 -0.5350
vn 0.0380 0.1508 -0.9878
vn -0.1393 0.2746 -0.9514
vn 0.9493 -0.0373 0.3122
vn 0.9611 0.0465 0.2724
vn 0.9828 0.0043 0.1845
vn 0.9904 -0.0002 -0.1383
vn 0.9710 0.0320 -0.2371
vn 0.9481 -0.0763 0.3088
vn 0.9373 -0.1573 0.3111
vn 0.9184 -0.2045 0.3388
vn 0.9580 -0.1555 0.2410
vn 0.7271 -0.0673 0.6833
vn -0.0266 0.6454 0.7634
vn 0.0555 0.6669 0.7431
vn -0.0667 0.9965 -0.0494
vn -0.0498 0.9535 -0.2972
vn -0.0842 0.7070 0.7022
vn -0.0141 0.1517 -0.9883
vn -0.2309 -0.1378 -0.9632
vn -0.1341 0.0961 -0.9863
vn 0.1857 0.1860 -0.9648
vn 0.7202 0.3881 -0.5751
vn -0.1326 0.0481 -0.9900
vn 0.2171 0.0125 -0.9761
vn 0.1219 -0.0598 -0.9907
vn 0.6965 0.4253 -0.5780
vn 0.2985 -0.9400 -0.1655
vn 0.6997 -0.7132 -0.0417
vn 0.9156 -0.2621 -0.3048
vn 0.8723 -0.3399 0.3514
vn 0.5851 -0.5356 0.6089
vn -0.9383 -0.3233 0.1227
vn -0.8262 -0.5129 -0.2329
vn -0.6752 -0.7355 -0.0565
vn -0.7506 -0.6325 0.1914
vn -0.7476 -0.4089 0.5233
vn -0.8118 -0.5750 0.1021
vn 0.0784 0.9369 0.3406
vn 0.0590 0.9700 0.2360
vn 0.0323 0.8501 0.5256
vn 0.9268 0.3598 0.1076
vn 0.9129 0.4048 -0.0521
vn 0.6002 0.7915 -0.1152
vn 0.0373 0.8577 0.5128
vn 0.0237 0.9963 -0.0822
vn 0.9782 -0.0828 0.1902
vn 0.8941 -0.1015 0.4362
vn 0.8173 -0.5762 -0.0092
vn 0.4887 0.2396 0.8389
vn 0.4842 0.3681 0.7938
vn 0.8500 0.4213 0.3163
vn 0.8739 0.2924 -0.3883
vn 0.3155 0.1544 0.9363
vn -0.2842 0.1272 -0.9503
vn -0.4693 -0.4379 0.7668
vn -0.6498 0.7544 -0.0931
vn -0.5974 0.6915 0.4062
vn -0.0467 0.1531 0.9871
vn -0.6248 0.6206 -0.4738
vn -0.0400 0.0719 -0.9966
vn -0.3250 0.3134 -0.8923
vn 0.0095 0.8444 0.5357
vn 0.0341 0.8431 0.5367
vn 0.0271 0.9549 0.2958
vn 0.0234 0.9627 0.2695
vn 0.0097 0.8440 0.5362
vn 0.5621 -0.1619 -0.8111
vn 0.5620 -0.1259 -0.8175
vn 0.6820 -0.2910 -0.6709
vn 0.8175 0.1067 0.5660
vn 0.8237 0.1263 0.5528
vn 0.5707 -0.3735 -0.7313
vn 0.4665 -0.3312 -0.8202
vn 0.5091 -0.1359 -0.8499
vn 0.7398 0.0986 0.6656
vn 0.6068 -0.2745 -0.7460
vn 0.9016 -0.4254 0.0782
vn 0.8623 -0.5002 0.0788
vn 0.8480 -0.4880 -0.2065
vn 0.2769 0.9598 -0.0462
vn 0.3850 0.8192 -0.4251
vn -0.0091 0.7577 -0.6525
vn 0.0007 0.4378 -0.8991
vn -0.0275 0.9831 0.1807
vn -0.0432 0.9990 0.0108
vn -0.9201 -0.2067 -0.3326
vn -0.9138 -0.1952 -0.3561
vn -0.9527 -0.1883 -0.2384
vn -0.8600 -0.3741 -0.3470
vn -0.7749 -0.1817 -0.6054
vn -0.9125 -0.2407 -0.3308
vn -0.7847 -0.1451 -0.6026
vn -0.8575 -0.3918 -0.3334
vn -0.9488 -0.2956 -0.1109
vn 0.0028 -0.0639 -0.9980
vn -0.0045 0.1029 -0.9947
vn -0.9249 0.0578 0.3758
vn -0.8544 -0.0432 0.5178
vn -0.7654 -0.1011 0.6355
vn -0.6819 -0.1174 0.7219
vn -0.7011 -0.0359 0.7122
vn -0.6589 -0.0759 0.7484
vn -0.5032 -0.3269 0.8000
vn -0.5850 -0.2992 0.7538
vn -0.5485 -0.1578 0.8211
vn -0.6286 -0.1957 0.7527
vn 0.8799 -0.1065 -0.4631
vn 0.8929 -0.0463 -0.4479
vn -0.0250 -0.9724 -0.2320
vn -0.0814 -0.9589 -0.2718
vn 0.0664 -0.9683 -0.2407
vn 0.9168 0.2024 -0.3441
vn -0.0289 -0.8934 -0.4482
vn 0.0945 -0.9953 0.0214
vn 0.8907 0.1774 -0.4185
vn -0.0526 -0.9215 -0.3849
vn -0.2166 0.0154 -0.9761
vn -0.1337 0.0134 -0.9909
vn -0.1440 -0.1492 -0.9783
vn -0.2357 0.0054 -0.9718
vn -0.1052 -0.1587 -0.9817
vn -0.1156 -0.0173 -0.9931
vn -0.0880 -0.0326 -0.9956
vn -0.0592 -0.1931 -0.9794
vn -0.1161 0.0121 -0.9932
vn 0.9369 0.3493 0.0137
vn 0.9735 0.1965 0.1167
vn 0.7946 0.0454 -0.6054
vn 0.2415 0.1998 0.9496
vn 0.3898 0.2464 0.8873
vn 0.9521 0.2773 -0.1291
vn 0.2862 -0.7813 -0.5546
vn 0.9530 -0.2095 0.2187
vn 0.9704 -0.2261 0.0854
vn 0.9219 -0.3268 0.2082
vn 0.9098 -0.3617 0.2035
vn 0.9028 -0.2847 0.3224
vn 0.9277 -0.3724 0.0268
vn 0.9520 -0.2716 0.1410
vn -0.1230 0.9783 -0.1669
vn 0.0232 0.9966 -0.0787
vn -0.3558 0.7316 -0.5815
vn -0.4940 0.5974 -0.6317
vn -0.7437 0.4407 0.5027
vn -0.7429 0.0244 -0.6689
vn 0.0147 0.9605 0.2780
vn 0.0011 0.9974 -0.0722
vn 0.0451 0.9965 -0.0705
vn 0.0980 0.9939 -0.0500
vn 0.0542 0.9803 -0.1899
vn 0.0400 0.9884 0.1467
vn 0.0320 0.9906 0.1329
vn 0.0652 -0.0458 0.9968
vn 0.7064 -0.7008 -0.0995
vn 0.1384 -0.1961 0.9708
vn 0.9229 -0.0789 -0.3770
vn 0.1158 -0.0320 0.9928
vn 0.8868 -0.3702 -0.2766
vn 0.0712 0.6750 -0.7344
vn 0.2110 0.6552 -0.7254
vn 0.2267 0.5133 -0.8277
vn 0.0733 0.8478 -0.5252
vn 0.0216 0.6098 -0.7922
vn 0.0288 0.8420 -0.5387
vn 0.1518 0.5382 -0.8290
vn -0.3257 -0.2023 0.9236
vn -0.8203 -0.2469 0.5159
vn -0.2473 -0.1530 0.9568
vn -0.3341 -0.1256 0.9341
vn -0.6975 -0.1785 0.6940
vn -0.0836 -0.1134 0.9900
vn -0.1365 -0.1833 0.9735
vn -0.0679 -0.1475 0.9867
vn 0.0818 0.0067 0.9966
vn 0.0021 -0.8432 0.5376
vn 0.0757 -0.2139 0.9739
vn -0.8843 -0.4421 0.1501
vn 0.0163 -0.9882 0.1522
vn 0.0224 -0.9776 0.2094
vn 0.0644 -0.9741 0.2168
vn -0.9977 0.0603 0.0302
vn -0.9957 0.0533 0.0751
vn -0.9908 0.0401 0.1291
vn -0.9949 0.0386 0.0928
vn 0.3503 -0.1492 -0.9247
vn -0.9103 0.1800 -0.3728
vn -0.8932 0.0935 -0.4399
vn 0.2016 -0.0101 -0.9794
vn -0.9395 0.1159 -0.3223
vn -0.9562 0.1718 -0.2369
vn 0.3823 -0.0163 -0.9239
vn 0.3412 -0.4872 0.8039
vn 0.3073 -0.5639 0.7665
vn 0.2537 -0.4871 0.8357
vn 0.0398 -0.2506 0.9673
vn 0.0258 -0.2535 0.9670
vn -0.0210 -0.3729 0.9276
vn -0.0261 -0.1871 -0.9820
vn -0.0497 -0.0104 -0.9987
vn -0.0165 0.0126 -0.9998
vn 0.0176 -0.2015 -0.9793
vn 0.0305 -0.2531 -0.9670
vn 0.0340 -0.5067 -0.8615
vn 0.0394 0.0229 -0.9990
vn 0.0397 -0.0052 -0.9992
vn -0.9261 -0.1102 0.3608
vn -0.9177 -0.1038 -0.3835
vn -0.9173 -0.1147 -0.3813
vn -0.9288 -0.0927 -0.3587
vn -0.9570 -0.0459 -0.2864
vn -0.9693 -0.0531 -0.2402
vn -0.0386 0.4453 0.8946
vn -0.0195 0.4589 0.8883
vn -0.0839 0.6331 0.7695
vn -0.0819 0.6342 0.7688
vn -0.0061 0.6364 0.7714
vn -0.0196 0.6594 0.7515
vn -0.4767 -0.8774 0.0544
vn -0.2732 -0.9174 0.2895
vn -0.4795 -0.8039 0.3519
vn -0.2266 -0.9707 0.0797
vn -0.5960 -0.0456 0.8017
vn 0.1044 -0.0272 -0.9942
vn 0.1277 0.0927 -0.9875
vn 0.1520 -0.0787 -0.9852
vn -0.8302 0.3207 -0.4560
vn -0.3769 -0.9258 0.0274
vn 0.9280 -0.1774 0.3275
vn 0.0035 -0.9892 0.1467
vn -0.5995 0.1129 -0.7924
vn -0.5300 0.1020 -0.8418
vn -0.8494 -0.0327 0.5268
vn -0.0050 -0.0051 1.0000
vn 0.8434 0.1317 0.5209
vn 0.9060 0.0874 0.4142
vn -0.4662 0.3547 0.8104
vn -0.5620 0.3748 0.7373
vn 0.2723 -0.4917 -0.8271
vn 0.1065 -0.5551 -0.8250
vn 0.5555 -0.3445 -0.7568
vn 0.2298 -0.4815 -0.8458
vn 0.0051 -0.5674 0.8234
vn 0.0025 -0.5505 0.8348
vn 0.0095 -0.5649 0.8251
vn -0.0019 -0.5662 0.8243
vn 0.0128 -0.7066 0.7075
vn 0.0127 -0.7061 0.7080
vn 0.0154 -0.8467 0.5318
vn 0.9811 0.1639 0.1028
vn 0.9841 0.1261 0.1251
vn 0.9942 0.1069 0.0065
vn 0.9441 0.1585 0.2889
vn -0.0082 -0.7829 -0.6221
vn 0.2810 -0.9480 -0.1493
vn -0.6148 0.6258 -0.4800
vn 0.0337 0.6207 -0.7833
vn 0.6711 0.0931 -0.7355
vn 0.7830 0.0059 -0.6220
vn 0.5308 0.0842 -0.8433
vn 0.6839 -0.0512 -0.7278
vn 0.0214 0.5730 -0.8192
vn 0.0099 0.6020 -0.7984
vn 0.0074 0.7616 -0.6480
vn -0.0284 0.6290 -0.7769
vn 0.0948 0.7353 -0.6711
vn 0.0893 0.5526 -0.8286
vn 0.0591 0.2701 -0.9610
vn 0.0176 0.3249 -0.9456
vn 0.0184 0.4734 -0.8807
vn -0.0616 0.7965 -0.6015
vn 0.7519 0.1429 0.6436
vn 0.2100 0.1257 0.9696
vn 0.4089 0.1277 0.9036
vn 0.3984 0.1145 0.9100
vn 0.8014 -0.0150 -0.5979
vn 0.9520 0.0800 -0.2955
vn -0.1590 0.9789 -0.1280
vn 0.0052 -0.0335 0.9994
vn 0.0123 -0.0321 0.9994
vn -0.0066 -0.0233 0.9997
vn -0.5693 -0.0304 -0.8216
vn -0.5647 -0.0615 -0.8230
vn -0.5969 -0.0883 -0.7975
vn -0.3580 0.9162 0.1799
vn -0.1933 0.8853 0.4230
vn -0.1089 0.8949 0.4328
vn -0.9344 0.1209 -0.3351
vn -0.1047 0.9408 0.3225
vn -0.0096 0.8782 0.4782
vn -0.0488 0.9333 0.3558
vn -0.9253 0.2652 -0.2711
vn -0.1152 0.9376 0.3282
vn -0.3788 -0.5226 0.7638
vn 0.0098 -0.1222 0.9925
vn -0.8037 -0.0782 0.5899
vn -0.8252 -0.0163 0.5646
vn -0.8066 -0.0160 0.5909
vn 0.2463 0.2025 0.9478
vn -0.0166 -0.2037 -0.9789
vn 0.0168 -0.1340 -0.9908
vn -0.0404 -0.2522 -0.9668
vn -0.0172 -0.1338 -0.9909
vn 0.0160 -0.2023 -0.9792
vn 0.0367 -0.2532 -0.9667
vn 0.3591 0.7574 -0.5454
vn 0.0187 -0.0525 0.9984
vn 0.1416 0.0832 0.9864
vn 0.0031 -0.3925 0.9198
vn -0.0145 -0.3948 0.9187
vn 0.2584 -0.6848 0.6814
vn 0.1075 -0.4589 0.8820
vn 0.3222 -0.1004 -0.9413
vn 0.0661 -0.0780 -0.9948
vn 0.2039 -0.0138 -0.9789
vn 0.0313 0.0550 -0.9980
vn 0.1866 0.0539 -0.9810
vn 0.5768 -0.0864 -0.8123
vn 0.4950 -0.1088 -0.8621
vn 0.4681 -0.0557 -0.8819
vn 0.0276 0.0361 -0.9990
vn 0.0241 0.9001 -0.4351
vn 0.0259 0.9041 -0.4266
vn 0.0253 0.9225 -0.3853
vn 0.0328 0.9380 -0.3450
vn 0.1013 0.9645 -0.2439
vn 0.0800 0.9508 -0.2994
vn 0.0172 0.8584 -0.5126
vn 0.0048 0.8974 -0.4412
vn 0.0095 0.7962 -0.6050
vn 0.8663 -0.4876 0.1089
vn 0.5869 -0.8071 0.0646
vn 0.5530 -0.8215 0.1393
vn 0.6903 -0.7103 0.1376
vn -0.0152 0.1326 -0.9911
vn -0.0157 0.1586 -0.9872
vn -0.0159 0.1318 -0.9911
vn -0.0676 0.1328 -0.9888
vn -0.0355 -0.1925 0.9807
vn 0.1628 -0.1713 0.9717
vn -0.0449 0.0654 -0.9968
vn 0.0443 0.0692 -0.9966
vn 0.0269 0.0804 -0.9964
vn -0.0341 0.0811 -0.9961
vn -0.0061 -0.9213 -0.3889
vn -0.1871 0.0133 -0.9822
vn -0.7848 -0.5362 -0.3108
vn -0.1127 -0.1810 0.9770
vn -0.1128 0.0382 -0.9929
vn -0.0059 -0.3401 -0.9404
vn -0.0035 -0.4587 -0.8886
vn -0.0075 -0.3401 -0.9404
vn -0.0078 -0.4527 -0.8916
vn 0.3487 -0.9094 0.2268
vn 0.1481 -0.1554 0.9767
vn 0.0082 0.9917 -0.1282
vn 0.0158 0.9955 -0.0934
vn -0.0056 0.9909 -0.1341
vn -0.0182 0.9989 -0.0429
vn -0.0014 0.9750 0.2220
vn -0.0081 0.9486 0.3163
vn 0.8567 -0.0265 0.5152
vn 0.7733 -0.0172 0.6338
vn 0.7985 -0.0272 0.6014
vn 0.9330 -0.0040 0.3600
vn 0.9236 -0.0138 0.3832
vn -0.0366 -0.0580 0.9976
vn -0.0463 -0.2801 0.9589
vn -0.0815 -0.1290 0.9883
vn -0.0224 -0.3940 0.9188
vn -0.2448 0.0551 0.9680
vn -0.8477 0.5294 0.0341
vn -0.6401 0.4188 0.6441
vn -0.0818 -0.0557 0.9951
vn -0.3410 -0.6866 -0.6421
vn -0.2120 -0.6643 -0.7168
vn -0.2889 -0.5520 -0.7822
vn -0.8872 -0.1686 0.4295
vn -0.8970 -0.2188 0.3841
vn -0.1129 -0.8419 -0.5277
vn -0.0129 -0.8232 -0.5676
vn 0.4408 0.4940 -0.7494
vn 0.3492 0.8532 -0.3875
vn -0.0459 -0.3989 0.9159
vn -0.0364 -0.7145 0.6987
vn -0.0689 -0.2058 0.9762
vn 0.9801 0.0542 0.1911
vn 0.9964 0.0348 0.0769
vn 0.9552 0.1030 0.2775
vn 0.9944 0.0784 0.0709
vn 0.9695 0.0829 0.2307
vn 0.9286 -0.0572 -0.3667
vn 0.9028 0.0219 -0.4295
vn 0.9398 -0.0379 -0.3396
vn 0.7022 0.4323 -0.5657
vn 0.2114 -0.9400 0.2679
vn 0.2964 -0.8592 0.4170
vn -0.1832 0.8771 -0.4440
vn -0.3481 0.7367 -0.5798
vn 0.3402 -0.8253 0.4507
vn 0.1732 -0.1077 0.9790
vn 0.2931 -0.0863 0.9522
vn 0.0441 0.6490 0.7595
vn 0.0717 0.7570 0.6494
vn -0.3629 0.7055 0.6087
vn -0.9785 0.1762 -0.1076
vn -0.2800 0.7904 0.5448
vn -0.2904 0.8288 0.4783
vn -0.2760 0.7993 0.5338
vn 0.8327 -0.3075 -0.4605
vn 0.5192 -0.2810 -0.8071
vn 0.8878 -0.4400 -0.1351
vn 0.6493 -0.3998 -0.6470
vn 0.7312 -0.2613 0.6301
vn 0.7637 -0.3538 0.5400
vn -0.7799 -0.3536 -0.5165
vn -0.5631 -0.2994 -0.7703
vn -0.1843 0.1465 0.9719
vn 0.5499 0.1213 0.8264
vn 0.2259 0.9232 -0.3110
vn 0.1394 0.9198 -0.3669
vn 0.0185 0.9890 0.1468
vn -0.0547 0.9969 0.0562
vn -0.1748 0.8770 0.4476
vn -0.0424 0.9984 0.0373
vn -0.0468 0.9928 -0.1105
vn -0.0691 0.9972 0.0272
vn -0.0180 0.9822 0.1867
vn -0.0175 0.9544 0.2979
vn -0.0022 0.9941 -0.1089
vn -0.0050 0.9706 -0.2405
vn -0.0065 0.9597 -0.2810
vn -0.2981 0.8129 0.5004
vn 0.8474 0.5003 0.1777
vn 0.7731 0.6054 0.1892
vn 0.8489 0.3874 -0.3596
vn 0.7947 0.5337 -0.2892
vn 0.1694 0.9739 -0.1512
vn -0.3638 0.9234 -0.1222
vn -0.2574 0.9434 -0.2093
vn -0.0715 0.8943 -0.4418
vn -0.1975 0.9780 -0.0676
vn -0.2389 0.6768 -0.6963
vn -0.3812 0.6035 -0.7003
vn -0.3631 0.1502 -0.9196
vn -0.3569 0.1588 -0.9205
vn 0.3417 -0.5162 0.7853
vn -0.5076 -0.6463 0.5698
vn 0.9593 -0.0917 -0.2670
vn -0.9210 -0.0572 0.3853
vn -0.9442 -0.0291 0.3280
vn -0.9184 -0.1190 0.3772
vn -0.9416 -0.0286 0.3355
vn -0.9072 -0.1519 0.3923
vn -0.1653 -0.9189 -0.3583
vn 0.8695 -0.2964 -0.3952
vn 0.0758 -0.9427 -0.3248
vn -0.1262 -0.8914 -0.4352
vn -0.2199 -0.8705 -0.4403
vn -0.1745 -0.8516 -0.4944
vn 0.9576 0.0506 -0.2835
vn -0.1631 -0.9201 -0.3562
vn -0.1626 -0.9207 -0.3547
vn 0.9208 -0.1407 -0.3639
vn 0.5251 0.1766 0.8325
vn -0.0189 -0.0139 0.9997
vn -0.0169 -0.0699 0.9974
vn -0.0175 -0.0440 0.9989
vn -0.0026 0.1575 0.9875
vn -0.0199 0.2036 0.9789
vn -0.1122 0.0086 0.9936
vn -0.1026 -0.0152 0.9946
vn -0.9656 -0.1089 0.2360
vn -0.9852 -0.1486 -0.0860
vn -0.0743 -0.3457 -0.9354
vn -0.7980 0.1082 0.5929
vn -0.8121 0.1848 0.5535
vn -0.8280 0.0980 0.5521
vn -0.8570 -0.4951 0.1432
vn -0.7576 -0.6322 0.1622
vn -0.6822 -0.7125 0.1638
vn -0.9446 -0.2235 0.2404
vn 0.5987 0.0678 0.7981
vn -0.9840 -0.1658 0.0652
vn -0.4779 -0.7974 0.3685
vn -0.9565 -0.2031 0.2096
vn -0.9872 -0.1062 -0.1192
vn -0.4159 -0.8440 0.3387
vn -0.9864 -0.1644 0.0001
vn -0.9506 -0.0847 -0.2986
vn 0.6345 0.0780 0.7690
vn 0.6842 0.6693 0.2897
vn 0.6843 0.6693 0.2897
vn 0.7276 0.4851 -0.4851
vn 0.6154 0.3542 -0.7041
vn 0.7015 0.4940 0.5137
vn 0.3768 0.5384 0.7537
vn 0.7297 0.3786 -0.5694
vn -0.0789 0.7124 0.6974
vn -0.0979 0.8915 0.4423
vn -0.0944 0.5668 0.8184
vn -0.0707 0.6766 0.7329
vn -0.0449 0.8193 0.5716
vn -0.0379 0.9063 0.4209
vn -0.0525 0.9455 0.3214
vn -0.0746 0.9269 0.3679
vn -0.0196 0.5277 0.8492
vn 0.0328 0.6084 0.7929
vn -0.1424 -0.0376 0.9891
vn -0.1611 -0.0259 0.9866
vn -0.0031 0.3854 0.9227
vn 0.0486 0.5299 0.8467
vn -0.0004 0.5602 0.8284
vn 0.9912 -0.1211 -0.0530
vn 0.9739 -0.1228 -0.1911
vn 0.9311 -0.0351 0.3632
vn 0.9601 -0.0518 -0.2750
vn 0.8830 -0.0291 0.4685
vn -0.4868 -0.8010 -0.3484
vn -0.3348 -0.9278 -0.1644
vn -0.9574 -0.2289 0.1760
vn -0.2874 -0.0380 -0.9571
vn -0.0655 -0.8220 0.5657
vn -0.0021 0.9670 -0.2547
vn -0.0254 0.3569 -0.9338
vn 0.0206 0.9946 -0.1016
vn 0.0096 0.9935 0.1138
vn 0.0413 0.9651 0.2586
vn -0.0025 0.9743 -0.2252
vn -0.0057 0.9969 0.0781
vn 0.0168 0.8895 -0.4566
vn -0.4308 0.6838 -0.5889
vn -0.7382 -0.2991 0.6046
vn -0.4134 0.7148 -0.5641
vn -0.6557 -0.3348 0.6767
vn -0.0805 0.0789 0.9936
vn 0.0213 0.0438 0.9988
vn -0.0250 -0.0245 0.9994
vn -0.6561 0.0573 -0.7525
vn -0.5771 0.0328 -0.8160
vn -0.7233 0.0686 -0.6871
vn -0.5690 -0.0338 -0.8216
vn -0.3160 0.0786 -0.9455
vn -0.3446 -0.8839 0.3163
vn -0.0931 -0.7216 -0.6860
vn 0.3964 -0.0940 0.9132
vn 0.0720 0.2254 0.9716
vn 0.1607 0.1537 0.9750
vn 0.5793 -0.0388 -0.8142
vn 0.5781 -0.0568 -0.8140
vn -0.9474 -0.0152 -0.3196
vn 0.7574 -0.3059 0.5768
vn 0.7544 -0.3101 -0.5785
vn 0.8275 -0.5615 -0.0001
vn -0.5910 0.5456 -0.5942
vn 0.7169 -0.3823 0.5831
vn 0.6551 -0.3225 0.6832
vn -0.5324 -0.4872 -0.6922
vn -0.0305 -0.3483 -0.9369
vn -0.0393 -0.2031 -0.9784
vn 0.0073 -0.3874 -0.9219
vn 0.1477 0.0969 -0.9843
vn -0.0448 0.5531 0.8319
vn -0.8963 0.0462 0.4410
vn 0.3812 0.0792 -0.9211
vn 0.3445 0.0124 -0.9387
vn 0.3695 0.1319 -0.9198
vn 0.9651 -0.1596 0.2078
vn 0.4765 -0.8427 0.2506
vn 0.3126 0.0487 -0.9486
vn 0.4636 -0.3842 -0.7984
vn 0.9641 -0.1815 0.1936
vn 0.4401 -0.3681 -0.8190
vn -0.8075 0.1534 -0.5696
vn -0.6360 0.0969 -0.7656
vn -0.6708 0.0953 -0.7355
vn -0.8346 0.0882 -0.5438
vn -0.8291 0.0934 -0.5513
vn 0.0614 -0.8607 0.5054
vn 0.0307 -0.9860 -0.1637
vn 0.2907 -0.9554 -0.0518
vn 0.2859 -0.7645 0.5777
vn -0.2820 0.1373 -0.9495
vn 0.7974 -0.5678 -0.2042
vn 0.5723 -0.0616 -0.8177
vn 0.5724 -0.0562 -0.8181
vn 0.4120 -0.3913 -0.8229
vn 0.5427 -0.4587 -0.7036
vn -0.4353 0.5371 0.7225
vn -0.9773 -0.1221 0.1734
vn -0.9104 0.1167 0.3969
vn -0.3239 -0.7676 -0.5531
vn -0.2902 -0.8040 -0.5190
vn -0.3681 -0.7115 -0.5986
vn -0.4469 -0.6105 -0.6539
vn -0.9602 -0.1884 0.2064
vn -0.9633 -0.0651 0.2604
vn -0.9643 -0.0728 0.2547
vn -0.5636 -0.2547 -0.7858
vn -0.9720 -0.2018 -0.1200
vn -0.5468 -0.3166 -0.7751
vn -0.9931 -0.1008 0.0602
vn -0.7030 -0.1411 -0.6970
vn -0.9939 -0.1005 -0.0454
vn -0.4468 -0.2803 -0.8496
vn -0.4950 -0.2250 -0.8392
vn -0.4983 -0.1924 -0.8454
vn -0.9791 -0.1562 -0.1306
vn 0.2920 0.5133 -0.8070
vn 0.4213 0.8020 -0.4235
vn 0.4310 0.6320 -0.6441
vn -0.2431 0.9604 -0.1364
vn -0.9714 0.2334 -0.0442
vn -0.7018 0.7079 0.0790
vn -0.1157 0.9723 0.2031
vn -0.0539 0.8678 -0.4939
vn -0.0025 0.9870 -0.1605
vn -0.0218 0.8657 -0.5000
vn -0.0538 0.8680 -0.4936
vn -0.0196 0.9998 -0.0090
vn -0.7716 0.5965 0.2210
vn 0.1383 -0.1499 0.9790
vn 0.6999 -0.2547 -0.6673
vn 0.6200 -0.2659 -0.7382
vn 0.9787 0.1905 -0.0764
vn 0.9947 0.0796 -0.0649
vn -0.5668 -0.2165 0.7949
vn -0.5130 -0.1848 0.8383
vn -0.4674 -0.2700 0.8418
vn -0.5715 -0.1725 0.8023
vn -0.1379 -0.1534 -0.9785
vn 0.1650 0.9015 0.4001
vn 0.1466 0.8133 0.5630
vn 0.8994 0.1531 -0.4095
vn -0.0378 0.0872 -0.9955
vn -0.0460 0.0775 -0.9959
vn -0.1749 0.0294 -0.9842
vn -0.0125 0.0579 -0.9982
vn 0.4747 0.3464 0.8091
vn -0.3212 0.8547 0.4078
vn -0.7674 0.6411 0.0035
vn -0.2011 0.2937 -0.9345
vn -0.2127 0.1852 -0.9594
vn 0.9458 -0.1203 -0.3016
vn 0.9478 -0.0888 -0.3062
vn 0.9265 -0.1152 -0.3583
vn 0.9780 -0.1281 -0.1645
vn 0.9410 -0.0956 0.3246
vn 0.2713 0.6352 0.7231
vn 0.4102 0.3126 0.8568
vn -0.0027 -0.4911 0.8711
vn -0.1582 -0.4880 0.8584
vn -0.9143 -0.2054 -0.3490
vn -0.9466 -0.1890 -0.2612
vn -0.9689 -0.2188 0.1157
vn -0.8719 -0.1783 0.4560
vn 0.2699 -0.1281 -0.9543
vn 0.2422 -0.0242 -0.9699
vn -0.4348 -0.6058 -0.6663
vn -0.3102 -0.6425 -0.7007
vn -0.5131 -0.5405 -0.6668
vn 0.6466 0.1799 -0.7413
vn 0.9150 0.0861 -0.3941
vn 0.4060 0.1979 -0.8922
vn 0.7484 0.1955 -0.6338
vn 0.8865 0.1104 -0.4495
vn 0.1896 0.2371 -0.9528
vn -0.1283 0.9853 -0.1130
vn -0.0090 0.9253 -0.3792
vn -0.0093 0.9100 -0.4144
vn -0.0577 0.9323 -0.3569
vn -0.9595 -0.2734 0.0687
vn -0.8414 -0.1560 -0.5174
vn 0.3790 0.8059 -0.4549
vn 0.0544 0.9932 -0.1026
vn 0.0275 0.9680 -0.2495
vn -0.1470 0.9830 -0.1098
vn 0.5414 -0.0132 0.8407
vn 0.5053 0.0066 0.8629
vn -0.9195 -0.0278 0.3921
vn 0.0172 -0.0703 -0.9974
vn 0.0173 -0.0703 -0.9974
vn 0.0162 -0.1346 -0.9908
vn -0.4037 -0.5533 -0.7286
vn -0.8982 -0.3082 0.3135
vn -0.8967 -0.2983 0.3269
vn -0.9537 -0.2894 0.0814
vn -0.8995 -0.3598 -0.2478
vn -0.8422 -0.2866 -0.4566
vn -0.1180 -0.0865 0.9892
vn -0.4170 -0.1069 0.9026
vn -0.0500 -0.0892 0.9948
vn -0.0544 -0.0688 0.9961
vn -0.0030 0.7417 0.6708
vn -0.8578 -0.0057 0.5140
vn -0.8321 -0.0000 0.5546
vn -0.7614 -0.0198 0.6480
vn -0.8841 -0.0120 0.4672
vn 0.5121 0.0879 0.8544
vn 0.0128 0.9153 0.4026
vn 0.0319 -0.5870 0.8090
vn -0.9473 -0.1691 0.2722
vn -0.9434 -0.1756 0.2814
vn -0.4717 -0.1610 -0.8669
vn -0.9484 -0.1647 0.2710
vn -0.4514 -0.1593 -0.8780
vn 0.4837 0.3297 -0.8108
vn 0.4428 0.3837 -0.8104
vn 0.5846 0.3582 -0.7280
vn 0.6385 0.4365 -0.6339
vn 0.2648 0.4419 -0.8571
vn 0.6845 0.2579 -0.6819
vn -0.0043 0.3366 -0.9416
vn 0.6195 0.0464 0.7836
vn 0.8106 0.0480 0.5837
vn 0.0472 0.3306 0.9426
vn -0.6252 0.1446 0.7670
vn -0.4831 0.1313 0.8657
vn -0.7175 -0.6890 -0.1024
vn -0.0601 0.0137 -0.9981
vn 0.0115 0.6692 0.7430
vn -0.0040 0.6198 0.7847
vn -0.0314 0.3320 0.9428
vn -0.0338 0.6701 0.7415
vn 0.0758 -0.1294 0.9887
vn -0.0030 0.5680 0.8230
vn 0.0086 0.3322 0.9432
vn -0.6185 -0.0765 0.7820
vn -0.6178 -0.1084 0.7788
vn -0.6185 -0.0764 0.7820
vn -0.8140 -0.0916 0.5736
vn -0.8044 -0.1180 0.5822
vn -0.5864 -0.0624 0.8077
vn -0.6187 -0.0510 0.7840
vn -0.7990 -0.1287 0.5875
vn -0.8155 -0.0695 0.5746
vn -0.0155 0.4589 0.8884
vn -0.0163 0.3512 0.9361
vn 0.7259 -0.1125 0.6785
vn -0.0240 0.7100 -0.7038
vn 0.5602 -0.1367 0.8170
vn -0.8118 -0.2664 0.5195
vn 0.9744 -0.2122 0.0748
vn 0.9693 -0.2331 0.0782
vn 0.9856 -0.1540 0.0700
vn 0.9892 -0.1204 0.0839
vn 0.4034 -0.3072 -0.8619
vn 0.7445 0.0557 -0.6653
vn 0.0400 0.9647 0.2602
vn 0.0392 0.9662 0.2549
vn 0.7124 -0.2841 0.6417
vn 0.2191 0.0318 -0.9752
vn 0.2191 0.0317 -0.9752
vn 0.2198 0.0170 -0.9754
vn 0.2183 0.0451 -0.9748
vn 0.1073 0.0400 -0.9934
vn 0.1069 0.0319 -0.9938
vn 0.1235 0.0146 -0.9922
vn 0.1194 0.0070 -0.9928
vn 0.1231 0.0030 -0.9924
vn 0.2172 0.0160 -0.9760
vn 0.2166 0.0202 -0.9761
vn 0.1076 0.0474 -0.9931
vn 0.1975 0.0517 -0.9789
vn -0.2469 0.4274 0.8697
vn -0.8106 0.0704 -0.5813
vn -0.7887 0.0794 -0.6096
vn -0.7824 0.0810 -0.6175
vn -0.4953 0.0587 -0.8667
vn 0.4311 0.8829 0.1860
vn 0.3319 0.8621 0.3830
vn -0.1988 0.8726 0.4461
vn 0.8656 0.2193 0.4501
vn -0.9873 -0.1358 -0.0830
vn 0.8314 0.1935 0.5209
vn 0.8339 0.2412 0.4965
vn 0.8408 0.1998 0.5031
vn -0.0055 0.0804 -0.9968
vn 0.1179 0.9452 0.3046
vn 0.0941 0.9042 0.4166
vn -0.4258 -0.9015 0.0767
vn -0.5205 -0.8412 0.1467
vn -0.4159 -0.9001 0.1298
vn -0.5220 -0.8503 0.0667
vn 0.0874 0.1485 -0.9850
vn 0.3908 0.0948 0.9156
vn 0.3569 0.0929 0.9295
vn 0.4418 0.0975 0.8918
vn 0.9616 0.0202 -0.2738
vn 0.9421 -0.1020 -0.3195
vn 0.9366 0.0400 -0.3482
vn 0.9638 0.0661 -0.2583
vn 0.8933 0.0388 -0.4478
vn 0.2133 -0.9548 -0.2070
vn -0.9874 0.0742 0.1396
vn -0.9034 0.0286 -0.4279
vn 0.2428 -0.8151 0.5260
vn 0.2853 -0.1432 0.9477
vn 0.2731 -0.1673 0.9473
vn 0.0169 -0.9615 -0.2743
vn 0.8500 0.5121 0.1236
vn 0.0668 -0.9977 0.0097
vn -0.0869 -0.9603 -0.2650
vn -0.0000 -1.0000 -0.0000
vn -0.1021 -0.9281 -0.3581
vn -0.0754 -0.9747 0.2102
vn -0.3439 -0.0285 0.9386
vn -0.3444 -0.0361 0.9381
vn -0.0770 0.3354 0.9389
vn 0.1714 0.6721 0.7203
vn 0.0768 0.6741 0.7346
vn 0.1172 0.3055 0.9449
vn 0.0947 0.9873 0.1279
vn 0.6370 -0.1260 -0.7605
vn 0.8330 -0.0000 0.5533
vn 0.9263 -0.0355 0.3750
vn 0.6140 -0.0289 -0.7887
vn -0.0104 -0.4819 -0.8762
vn -0.0184 0.7254 0.6881
vn -0.1060 -0.9897 -0.0963
vn -0.0160 -0.9808 0.1942
vn 0.0791 -0.9951 -0.0593
vn 0.0739 -0.9952 -0.0637
vn 0.0794 -0.9968 0.0084
vn 0.0152 -0.9533 -0.3016
vn 0.0639 -0.9845 0.1631
vn 0.4587 0.6205 -0.6361
vn 0.0033 0.9638 -0.2666
vn 0.0124 -0.9904 0.1379
vn 0.0116 -0.9871 0.1596
vn 0.0132 -0.9906 0.1364
vn -0.6589 -0.0758 -0.7484
vn -0.6314 -0.0797 -0.7714
vn 0.7748 0.1088 -0.6228
vn 0.8335 0.0840 -0.5461
vn 0.7566 0.1018 -0.6459
vn -0.2637 -0.0907 -0.9603
vn -0.3328 -0.3716 -0.8667
vn -0.3412 -0.3207 -0.8836
vn -0.3692 -0.2573 -0.8930
vn -0.2661 -0.5731 -0.7751
vn -0.0849 0.0542 -0.9949
vn 0.9991 0.0250 -0.0333
vn 0.7843 0.5819 0.2153
vn 0.9515 -0.2777 -0.1322
vn 0.9608 0.2687 0.0688
vn -0.9521 0.0570 -0.3005
vn 0.4501 -0.4468 -0.7732
vn -0.9536 0.0147 -0.3007
vn -0.9578 0.0286 -0.2859
vn -0.8921 -0.0211 -0.4513
vn -0.9142 -0.0072 -0.4052
vn -0.5556 0.2884 0.7798
vn -0.5867 0.3646 -0.7231
vn -0.6440 0.3308 -0.6898
vn -0.9733 -0.0303 0.2273
vn 0.4902 0.1115 0.8644
vn 0.5763 0.1172 0.8088
vn -0.9887 -0.0198 0.1483
vn -0.0455 -0.6321 -0.7735
vn -0.0230 -0.6593 -0.7515
vn -0.0081 -0.7310 -0.6823
vn 0.6557 -0.5773 -0.4866
vn 0.7256 -0.3936 -0.5644
vn 0.0210 0.5325 -0.8462
vn 0.1987 0.5078 -0.8382
vn 0.0109 0.6627 -0.7488
vn 0.1398 0.4604 -0.8766
vn 0.1439 0.1902 -0.9711
vn 0.0858 0.1738 -0.9810
vn 0.0341 0.1698 -0.9849
vn 0.0279 0.8732 0.4865
vn 0.0402 0.8710 0.4897
vn 0.0092 0.8727 0.4883
vn -0.9011 -0.4101 0.1407
vn -0.8575 -0.3115 0.4095
vn -0.0126 0.1949 -0.9807
vn 0.0038 0.1942 -0.9810
vn 0.8526 -0.2417 0.4632
vn 0.7292 -0.4330 0.5298
vn -0.0168 0.9533 -0.3015
vn -0.2534 0.9259 -0.2803
vn -0.1503 0.9602 -0.2356
vn -0.1008 0.9210 0.3763
vn 0.1293 0.9191 0.3722
vn 0.0718 0.9192 0.3871
vn -0.1532 0.9191 0.3630
vn 0.7672 0.6028 0.2192
vn -0.0819 0.3566 0.9306
vn -0.0878 0.3385 0.9369
vn 0.0247 0.3007 0.9534
vn -0.1840 0.1358 0.9735
vn -0.2002 0.0087 -0.9797
vn 0.9388 0.0635 0.3385
vn -0.0160 0.1923 0.9812
vn 0.0479 0.1787 0.9827
vn 0.0352 0.1907 0.9810
vn -0.0302 0.1791 0.9834
vn 0.0069 0.0565 -0.9984
vn -0.6343 -0.3714 -0.6780
vn -0.5609 -0.2031 -0.8026
vn -0.5121 0.1061 -0.8524
vn -0.4648 0.3193 -0.8258
vn -0.8441 0.5185 0.1365
vn -0.0726 -0.2675 -0.9608
vn -0.0613 0.0399 -0.9973
vn -0.0702 -0.1756 -0.9820
vn -0.7753 -0.2734 0.5693
vn -0.3358 0.8639 -0.3755
vn -0.6968 -0.3483 0.6270
vn 0.2505 -0.8444 0.4735
vn 0.9699 -0.0961 -0.2236
vn 0.9874 -0.0903 -0.1297
vn 0.8108 0.5821 0.0607
vn 0.0754 0.0019 -0.9972
vn 0.6546 0.7560 0.0020
vn 0.8065 0.5862 0.0767
vn 0.7718 0.6145 0.1636
vn 0.9450 0.2976 0.1353
vn -0.5124 0.1628 -0.8432
vn 0.9264 0.0127 -0.3763
vn -0.4645 0.1472 -0.8733
vn -0.0116 -0.9869 0.1609
vn -0.5651 0.0893 0.8201
vn -0.5768 0.0651 0.8143
vn -0.5396 0.1348 0.8311
vn -0.5171 0.1013 0.8499
vn 0.3809 -0.4890 -0.7847
vn 0.2389 -0.4536 -0.8586
vn 0.1724 -0.4153 -0.8932
vn 0.9838 -0.1661 0.0681
vn 0.9759 -0.1754 -0.1297
vn -0.9051 -0.1412 -0.4010
vn -0.9811 -0.1343 -0.1395
vn -0.9156 -0.1807 0.3592
vn -0.0956 0.2125 0.9725
vn 0.2810 0.6130 0.7384
vn 0.1748 -0.2833 0.9430
vn -0.3045 -0.6258 0.7181
vn -0.3492 -0.7287 0.5891
vn -0.9150 0.0416 -0.4012
vn 0.0064 0.6093 -0.7929
vn 0.0057 0.6012 -0.7990
vn 0.0113 0.6098 -0.7924
vn -0.8524 0.1715 -0.4940
vn -0.5914 -0.1094 -0.7989
vn 0.0997 0.2419 -0.9652
vn 0.7815 0.3631 -0.5074
vn 0.0184 0.0548 -0.9983
vn -0.4810 -0.0905 0.8720
vn -0.5193 -0.0586 0.8526
vn -0.9199 -0.3843 0.0776
vn -0.2782 -0.6550 0.7025
vn 0.0006 -0.7081 0.7061
vn 0.0235 -0.9882 0.1511
vn 0.0219 -0.9328 0.3598
vn -0.3798 -0.9160 0.1296
vn -0.9808 -0.1796 -0.0756
vn 0.9846 -0.0062 -0.1745
vn 0.4520 0.0316 0.8914
vn 0.9998 0.0190 -0.0000
vn 0.9998 0.0198 -0.0061
vn 0.0364 0.0919 0.9951
vn 0.9866 0.0105 0.1627
vn -0.0021 0.0099 0.9999
vn 0.0118 -0.4398 -0.8980
vn 0.0100 -0.4471 -0.8944
vn -0.1449 0.9162 0.3735
vn 0.6706 -0.1537 -0.7257
vn 0.6705 -0.1537 -0.7258
vn 0.6378 -0.1561 -0.7542
vn 0.6990 -0.1513 -0.6989
vn 0.9899 -0.1332 0.0487
vn 0.9931 -0.1111 -0.0367
vn 0.9920 -0.1227 0.0309
vn 0.6999 0.5316 0.4770
vn -0.0683 -0.7792 0.6230
vn 0.0093 -0.5078 0.8614
vn -0.1237 -0.9891 0.0800
vn -0.1017 -0.8855 0.4534
vn 0.0008 -0.9851 -0.1721
vn -0.5695 0.0918 0.8169
vn -0.5246 0.0822 0.8474
vn -0.5696 0.0817 0.8179
vn -0.0073 -0.9004 -0.4351
vn -0.0148 -0.9062 -0.4225
vn 0.0009 -0.9444 -0.3287
vn 0.0032 -0.7968 -0.6042
vn 0.0061 -0.9624 -0.2717
vn 0.0084 -0.8547 -0.5191
vn 0.0047 -0.9315 -0.3638
vn -0.0158 0.1602 0.9870
vn -0.0148 0.2809 0.9596
vn -0.1871 -0.0017 0.9823
vn 0.7901 0.1870 0.5838
vn 0.3773 -0.9147 0.1450
vn 0.3351 -0.9330 0.1311
vn 0.4643 -0.8732 0.1484
vn 0.2431 -0.9659 0.0890
vn 0.2961 -0.9543 0.0415
vn 0.0692 -0.9943 0.0809
vn 0.4237 -0.9050 0.0393
vn 0.6135 0.0961 0.7838
vn 0.6135 0.0960 0.7838
vn 0.8885 -0.1020 -0.4474
vn 0.6084 0.0668 0.7908
vn 0.8861 -0.0856 -0.4555
vn 0.6091 0.0433 0.7919
vn 0.5069 0.0716 0.8590
vn 0.5076 0.0843 0.8575
vn 0.5506 0.1052 0.8281
vn 0.9778 -0.1549 -0.1412
vn 0.9928 -0.1097 -0.0489
vn 0.9382 -0.1091 -0.3284
vn 0.9420 -0.0669 -0.3290
vn 0.9928 -0.0899 -0.0795
vn -0.8594 0.2417 -0.4506
vn -0.8683 0.1603 -0.4695
vn -0.8595 0.1719 -0.4813
vn -0.3535 -0.0968 -0.9304
vn -0.1300 -0.0849 -0.9879
vn -0.5260 -0.1020 -0.8444
vn -0.4041 -0.1151 -0.9074
vn -0.1968 -0.0214 -0.9802
vn -0.2124 -0.0306 -0.9767
vn 0.0328 -0.0328 -0.9989
vn 0.1399 -0.0747 -0.9873
vn -0.2883 -0.0301 -0.9571
vn 0.0377 0.8956 0.4433
vn 0.1736 0.8987 0.4027
vn 0.1045 0.8985 0.4264
vn 0.1402 0.9198 0.3666
vn 0.1397 0.9206 0.3648
vn 0.1405 0.9192 0.3680
vn -0.9216 0.1383 0.3627
vn -0.9126 0.2028 0.3549
vn -0.8544 0.3166 0.4120
vn -0.9410 -0.3014 -0.1538
vn -0.9666 -0.2559 0.0175
vn -0.8211 -0.3581 -0.4445
vn -0.9659 -0.1663 -0.1984
vn -0.9706 -0.1364 -0.1984
vn -0.0092 -0.0817 0.9966
vn -0.0136 -0.0637 0.9979
vn -0.0061 -0.0818 0.9966
vn -0.9973 -0.0684 0.0256
vn -0.1397 -0.4041 -0.9040
vn -0.9913 -0.1230 0.0461
vn -0.8197 0.2562 0.5123
vn -0.9904 0.0619 0.1237
vn -0.9831 0.0993 0.1537
vn -0.9250 0.0849 0.3703
vn -0.0919 0.3650 0.9264
vn -0.0551 0.3781 0.9241
vn -0.0480 0.4468 0.8933
vn -0.2247 0.4799 0.8480
vn -0.0219 0.3742 0.9271
vn -0.1021 0.1924 0.9760
vn 0.0434 -0.9990 0.0036
vn 0.9489 -0.0199 -0.3150
vn -0.3724 -0.1194 -0.9204
vn -0.4696 -0.0775 -0.8795
vn -0.4947 -0.0790 -0.8654
vn -0.4296 -0.0758 -0.8998
vn -0.9624 -0.0960 -0.2540
vn -0.9662 -0.1085 -0.2340
vn -0.9951 -0.0903 -0.0400
vn -0.3731 -0.1075 -0.9216
vn 0.4437 -0.8837 0.1492
vn 0.0117 -0.0346 0.9993
vn 0.3571 0.4436 0.8220
vn 0.7598 0.4165 0.4992
vn 0.4378 0.3790 0.8153
vn -0.4250 -0.7067 0.5656
vn -0.4281 -0.8505 0.3057
vn -0.3759 -0.9262 -0.0288
vn -0.0326 0.4659 0.8842
vn -0.2795 -0.8924 0.3544
vn -0.4332 -0.6657 0.6076
vn -0.9307 -0.0483 0.3626
vn 0.1734 -0.9825 0.0686
vn 0.6504 -0.7058 -0.2807
vn 0.7752 -0.5834 -0.2423
vn 0.8023 -0.5501 0.2318
vn 0.5867 -0.7369 0.3358
vn 0.6479 0.0214 -0.7614
vn 0.6479 0.0332 -0.7610
vn 0.6479 0.0334 -0.7610
vn 0.7472 -0.0030 -0.6646
vn 0.6307 0.0011 -0.7760
vn 0.6305 0.0135 -0.7760
vn 0.6302 -0.0893 -0.7713
vn 0.8223 0.0219 -0.5686
vn 0.8232 0.0017 -0.5678
vn 0.7550 -0.1278 -0.6432
vn -0.6081 0.1165 0.7853
vn 0.1947 0.1086 -0.9748
vn -0.4395 -0.0527 -0.8967
vn -0.3382 0.1576 -0.9278
vn -0.4436 -0.0829 -0.8924
vn -0.0640 0.4493 -0.8911
vn -0.6022 0.2050 0.7716
vn 0.2151 0.9748 -0.0586
vn 0.2737 0.9523 -0.1350
vn -0.9839 -0.1782 0.0127
vn 0.9589 0.1732 0.2247
vn 0.8594 0.1337 0.4935
vn 0.9363 0.2611 0.2348
vn 0.9569 0.2634 0.1225
vn -0.3299 -0.3048 -0.8934
vn -0.1093 -0.3163 -0.9423
vn -0.5093 -0.4408 -0.7391
vn 0.5813 -0.1099 -0.8062
vn 0.5755 -0.1261 -0.8080
vn 0.6105 -0.1269 -0.7818
vn -0.6557 -0.0116 0.7549
vn 0.0055 0.9355 -0.3533
vn -0.5609 -0.1319 -0.8173
vn -0.7590 -0.1170 -0.6405
vn -0.5534 -0.1604 -0.8173
vn 0.1834 -0.0541 0.9815
vn 0.1556 -0.0612 0.9859
vn 0.3277 -0.0545 0.9432
vn 0.1136 -0.0344 0.9929
vn 0.2152 -0.0411 0.9757
vn 0.1143 0.3302 0.9370
vn 0.0970 -0.5605 -0.8224
vn 0.1007 -0.3043 -0.9472
vn 0.1569 -0.2571 -0.9536
vn 0.3384 -0.4932 -0.8014
vn 0.2126 -0.7597 -0.6145
vn 0.0518 -0.7514 -0.6579
vn 0.0529 -0.7166 -0.6955
vn 0.0701 -0.3795 -0.9225
vn -0.5372 0.2329 0.8107
vn -0.5287 0.2926 0.7968
vn -0.5372 0.2330 0.8107
vn -0.5433 0.1756 0.8209
vn 0.7839 0.0018 0.6209
vn 0.2488 -0.1991 0.9479
vn -0.8495 -0.0925 0.5194
vn 0.5388 -0.2477 0.8052
vn 0.8196 -0.4464 0.3590
vn 0.9761 -0.1933 -0.0991
vn -0.4332 0.0871 0.8971
vn -0.6372 -0.0541 0.7688
vn -0.9329 0.1849 0.3091
vn -0.0198 -0.9905 0.1362
vn -0.0060 -0.9895 0.1441
vn -0.0434 -0.9890 0.1412
vn -0.8798 -0.1839 0.4383
vn -0.8987 0.3119 -0.3083
vn -0.8559 0.3654 -0.3660
vn -0.6595 0.0453 0.7503
vn -0.9782 0.1088 -0.1769
vn 0.0549 -0.1959 0.9791
vn 0.0393 -0.1942 0.9802
vn 0.0414 -0.1484 0.9881
vn 0.0190 -0.1476 0.9889
vn -0.0154 0.9929 -0.1177
vn 0.1036 0.9941 -0.0324
vn 0.0295 -0.9071 -0.4198
vn 0.4583 0.7699 0.4440
vn 0.5953 0.6668 0.4483
vn -0.4383 -0.8338 0.3358
vn 0.0841 -0.9962 -0.0243
vn 0.0390 -0.9979 -0.0515
vn 0.0409 -0.2308 0.9721
vn -0.0235 -0.0702 0.9973
vn 0.5621 0.1474 0.8138
vn 0.5417 0.1384 0.8291
vn 0.5497 0.1173 0.8271
vn 0.0097 0.1797 -0.9837
vn -0.5087 0.4133 -0.7552
vn 0.0426 -0.0525 0.9977
vn 0.1112 0.1210 -0.9864
vn -0.7911 0.1376 -0.5961
vn -0.0289 0.3136 0.9491
vn 0.1331 -0.9734 0.1866
vn -0.5807 0.2069 -0.7874
vn -0.8628 0.2302 -0.4501
vn -0.8094 0.2225 -0.5434
vn -0.5794 0.1796 -0.7950
vn 0.7371 -0.1139 -0.6661
vn 0.6011 -0.1087 -0.7918
vn 0.6050 -0.0910 -0.7910
vn 0.1430 -0.7889 -0.5977
vn 0.0636 -0.9173 -0.3931
vn -0.8690 -0.0700 -0.4899
vn 0.6993 0.0085 0.7148
vn 0.9373 0.0180 -0.3481
vn 0.9360 0.0326 -0.3506
vn -0.9055 -0.4243 0.0011
vn -0.9197 -0.3856 0.0735
vn 0.0937 -0.3179 -0.9435
vn 0.0153 -0.3733 -0.9276
vn -0.7285 0.1016 0.6775
vn -0.7390 0.0964 0.6667
vn -0.0635 -0.6315 -0.7728
vn 0.2461 -0.8472 -0.4708
vn -0.0312 0.9948 -0.0970
vn -0.0124 0.9912 -0.1318
vn -0.0122 0.9941 -0.1077
vn -0.0158 0.9907 -0.1352
vn -0.0191 0.9911 -0.1317
vn 0.0134 -0.8050 0.5932
vn 0.0271 -0.6419 0.7663
vn 0.9935 0.0365 0.1082
vn 0.9966 0.0385 0.0725
vn 0.9515 -0.1843 -0.2464
vn 0.9126 -0.1028 0.3958
vn 0.0143 0.7281 0.6853
vn 0.1662 0.7181 0.6758
vn 0.0208 0.6269 0.7788
vn 0.1141 -0.0030 -0.9935
vn 0.1057 0.0219 -0.9942
vn -0.5436 0.2933 0.7865
vn -0.5472 0.2403 0.8018
vn -0.5733 0.2509 0.7799
vn -0.5658 0.2959 0.7697
vn -0.0032 -0.0030 1.0000
vn -0.6577 -0.0766 -0.7494
vn -0.3236 0.0604 -0.9443
vn -0.3207 0.1463 -0.9358
vn 0.2137 0.1255 0.9688
vn 0.7962 0.1148 0.5940
vn 0.8147 0.0845 0.5737
vn 0.9936 0.0869 0.0722
vn -0.0947 0.0973 -0.9907
vn -0.9932 -0.0061 -0.1160
vn -0.1205 0.0642 -0.9906
vn 0.0654 0.1004 -0.9928
vn 0.0746 -0.4497 0.8901
vn -0.4483 -0.8824 0.1427
vn -0.6471 -0.7592 0.0694
vn -0.8098 -0.1050 -0.5773
vn -0.8753 -0.0234 -0.4830
vn -0.4898 0.2240 -0.8426
vn -0.0294 0.8492 -0.5272
vn -0.0999 0.0636 -0.9930
vn -0.0971 0.0310 -0.9948
vn -0.0975 0.0453 -0.9942
vn -0.1435 0.0474 -0.9885
vn -0.1280 0.0463 -0.9907
vn -0.0264 -0.9312 -0.3637
vn 0.1389 -0.9027 -0.4073
vn -0.1827 -0.0589 0.9814
vn 0.9331 0.1609 0.3217
vn 0.0702 0.9130 0.4019
vn 0.4323 0.0083 -0.9017
vn 0.0099 0.8648 -0.5020
vn 0.0187 0.8656 -0.5003
vn -0.9609 0.0473 0.2727
vn -0.9546 0.0354 0.2959
vn -0.9676 0.0077 0.2522
vn -0.9584 0.0866 0.2720
vn -0.9351 0.0837 0.3443
vn -0.0050 -0.2454 0.9694
vn 0.2280 -0.4222 0.8774
vn 0.9566 0.1773 -0.2311
vn 0.5027 0.3184 0.8037
vn 0.5131 0.2788 0.8118
vn -0.7775 -0.1275 0.6158
vn -0.7532 -0.1616 0.6376
vn -0.5873 -0.1183 0.8007
vn -0.0959 0.7341 0.6722
vn -0.2150 -0.9291 0.3010
vn -0.2157 -0.9566 0.1959
vn -0.3317 -0.9151 0.2292
vn 0.2329 -0.2376 0.9430
vn -0.1337 -0.1782 0.9749
vn -0.4696 -0.3769 0.7984
vn -0.0354 0.3615 0.9317
vn 0.0459 0.3611 0.9314
vn 0.5935 0.1952 0.7808
vn 0.1021 0.0767 0.9918
vn 0.0169 -0.3190 0.9476
vn 0.7035 0.2575 0.6624
vn 0.0091 0.6602 -0.7510
vn 0.0180 0.7140 -0.6999
vn 0.0044 0.8484 -0.5294
vn -0.5771 0.1288 -0.8065
vn -0.8195 -0.0176 0.5728
vn 0.9391 -0.0473 0.3404
vn 0.0076 0.1561 0.9877
vn 0.0495 0.1297 0.9903
vn 0.0340 0.5513 0.8336
vn 0.9405 -0.3348 0.0588
vn 0.0859 -0.9344 -0.3458
vn -0.5587 0.1668 0.8124
vn -0.0003 -0.9957 -0.0931
vn -0.0000 -0.9992 -0.0396
vn -0.0000 -0.9929 0.1186
vn -0.0029 -0.9472 -0.3207
vn -0.0014 -0.9662 -0.2577
vn -0.0181 -0.9801 -0.1976
vn 0.2299 -0.6322 -0.7399
vn 0.1402 -0.1891 -0.9719
vn 0.1915 0.9738 -0.1228
vn -0.8245 0.5412 -0.1653
vn -0.0846 -0.0786 0.9933
vn 0.0725 0.0353 0.9967
vn 0.0407 0.0436 0.9982
vn -0.0553 -0.0284 0.9981
vn -0.6113 -0.7528 0.2440
vn 0.9125 0.0976 0.3974
vn 0.3140 0.1874 -0.9308
vn 0.8767 -0.3910 0.2803
vn 0.7546 -0.5997 0.2663
vn 0.0468 0.9052 0.4224
vn 0.0591 0.7743 0.6301
vn -0.0000 -0.9867 -0.1628
vn -0.0075 -0.9929 -0.1190
vn 0.1488 -0.9817 -0.1190
vn 0.0519 -0.9855 -0.1618
vn 0.0245 -0.9981 -0.0567
vn 0.1280 -0.9906 0.0473
vn -0.5883 0.5952 -0.5473
vn -0.0101 -0.8287 -0.5596
vn 0.5103 -0.5251 -0.6811
vn 0.8424 -0.5347 0.0664
vn 0.8072 -0.4697 -0.3575
vn 0.7924 -0.4828 0.3727
vn 0.7495 -0.3565 0.5578
vn 0.9653 0.1289 0.2269
vn 0.0340 0.4927 -0.8695
vn 0.7081 -0.2381 -0.6648
vn 0.7289 -0.1865 -0.6587
vn 0.9319 -0.3595 -0.0483
vn 0.9558 -0.2675 0.1219
vn 0.8048 -0.3926 0.4452
vn 0.8354 -0.3131 -0.4517
vn 0.7759 -0.3594 -0.5185
vn 0.5304 -0.8477 -0.0059
vn 0.6699 -0.7379 0.0817
vn 0.9832 -0.0043 -0.1825
vn -0.5581 -0.1303 -0.8195
vn -0.6359 -0.7701 -0.0501
vn -0.0176 -0.3475 -0.9375
vn 0.3416 -0.2030 -0.9177
vn 0.5046 -0.4545 -0.7340
vn 0.4177 -0.6818 -0.6005
vn -0.6054 -0.1410 0.7834
vn 0.2155 -0.9630 0.1616
vn 0.2765 -0.9475 0.1604
vn 0.0665 -0.9928 0.0992
vn 0.5139 -0.0763 -0.8545
vn 0.9892 -0.0479 -0.1387
vn 0.9867 -0.0768 -0.1435
vn 0.9114 0.2935 -0.2886
vn -0.0668 -0.8212 0.5667
vn -0.0092 -0.8366 0.5478
vn -0.9956 -0.0850 -0.0395
vn -0.6445 -0.0908 -0.7592
vn -0.6202 -0.0915 -0.7791
vn -0.7221 -0.1637 -0.6721
vn 0.3113 0.4920 0.8131
vn 0.2690 0.4365 0.8586
vn 0.3035 0.4327 0.8489
vn 0.2527 0.5419 0.8016
vn 0.4119 0.3809 0.8278
vn 0.2246 0.4821 0.8468
vn -0.8412 -0.2804 -0.4623
vn -0.9351 0.3543 -0.0098
vn -0.9022 0.3843 -0.1958
vn -0.9166 0.3952 -0.0608
vn 0.9779 0.2086 0.0116
vn 0.9748 -0.0564 0.2159
vn 0.1620 0.1821 -0.9699
vn 0.0140 -0.9742 -0.2252
vn -0.1452 0.9779 -0.1501
vn -0.1152 0.9795 -0.1654
vn -0.0378 0.9869 -0.1570
vn -0.0289 0.9882 -0.1501
vn 0.3097 -0.7496 0.5849
vn 0.2407 0.2527 0.9371
vn 0.0597 0.3291 0.9424
vn 0.0739 0.1900 0.9790
vn 0.1625 0.1468 0.9757
vn 0.4076 0.1471 0.9012
vn -0.0220 -0.0567 0.9981
vn 0.6909 -0.4022 0.6007
vn 0.7089 -0.3673 0.6021
vn 0.1547 -0.8739 -0.4608
vn 0.1513 -0.8548 -0.4964
vn 0.0853 -0.7779 -0.6226
vn 0.0575 -0.9083 -0.4144
vn 0.0703 -0.8821 -0.4658
vn -0.2701 -0.9588 0.0881
vn -0.2126 -0.9523 -0.2188
vn -0.0938 -0.8304 0.5493
vn -0.0801 -0.9915 -0.1028
vn -0.1188 -0.6645 0.7377
vn -0.2461 -0.9600 -0.1333
vn 0.7037 -0.1117 0.7017
vn 0.8192 -0.1050 0.5638
vn 0.7763 -0.1056 0.6215
vn 0.4543 -0.0968 0.8856
vn 0.7369 0.0970 0.6690
vn -0.4522 0.3282 0.8293
vn 0.7426 0.0774 0.6652
vn 0.0057 -0.5385 -0.8426
vn -0.0020 -0.5172 -0.8559
vn 0.0067 -0.5463 -0.8376
vn 0.0089 -0.5854 -0.8107
vn 0.2289 -0.8937 0.3858
vn -0.9460 -0.1242 -0.2994
vn -0.8298 0.5491 -0.0996
vn 0.0042 0.9931 -0.1169
vn -0.0083 0.9728 0.2314
vn 0.0240 0.9718 0.2348
vn 0.0255 0.9681 0.2494
vn 0.3233 0.9333 -0.1564
vn 0.2903 0.9526 -0.0908
vn -0.1906 0.5793 0.7926
vn -0.1734 0.4451 0.8785
vn -0.0000 0.8944 -0.4472
vn -0.0861 0.5886 0.8039
vn -0.9435 -0.2646 0.1997
vn 0.2136 -0.9572 -0.1953
vn 0.0158 -0.9808 -0.1945
vn 0.9873 -0.0658 -0.1449
vn 0.7614 -0.1871 -0.6207
vn 0.7177 -0.0483 -0.6947
vn 0.8029 0.0392 -0.5948
vn -0.9030 0.0839 -0.4214
vn -0.8805 0.1428 -0.4521
vn 0.3936 -0.0734 -0.9163
vn -0.3112 -0.9465 -0.0860
vn -0.8573 0.1789 -0.4827
vn -0.8983 0.2381 -0.3693
vn -0.7955 -0.6001 0.0843
vn 0.0093 0.1293 -0.9916
vn -0.9931 -0.0947 -0.0691
vn -0.9966 -0.0364 -0.0739
vn -0.9945 -0.0970 -0.0404
vn -0.0800 -0.6302 -0.7723
vn 0.3126 0.9377 -0.1517
vn 0.3161 0.9481 -0.0336
vn -0.8750 0.0423 -0.4823
vn 0.9884 -0.0598 0.1394
vn 0.7851 -0.2103 0.5825
vn -0.8891 -0.1691 0.4253
vn -0.8816 -0.1353 0.4522
vn -0.8350 -0.2101 0.5086
vn -0.8855 -0.1552 0.4379
vn 0.6615 0.7500 -0.0044
vn 0.5820 0.8128 -0.0239
vn 0.3655 -0.3753 0.8518
vn 0.6328 0.0502 -0.7727
vn 0.6479 0.0442 -0.7605
vn -0.1970 0.6408 0.7420
vn -0.3608 0.5964 0.7170
vn -0.3604 0.4700 0.8057
vn -0.3263 0.3966 0.8580
vn 0.8784 -0.3604 0.3139
vn 0.0169 -0.9865 -0.1630
vn -0.8323 0.0233 0.5538
vn -0.9161 -0.0030 0.4009
vn -0.7707 -0.0998 0.6293
vn -0.9405 -0.0168 0.3394
vn -0.9848 -0.0964 -0.1445
vn -0.5702 -0.0280 -0.8210
vn 0.0956 0.7187 0.6887
vn 0.9446 -0.0596 0.3228
vn -0.0158 0.0703 0.9974
vn -0.0191 -0.0526 0.9984
vn -0.8783 -0.2604 0.4010
vn -0.9053 -0.2654 0.3316
vn 0.3101 -0.6668 0.6776
vn 0.6641 0.0614 0.7451
vn 0.4403 0.0331 0.8972
vn 0.7001 0.0328 0.7133
vn 0.6660 -0.7433 -0.0630
vn 0.8186 -0.5539 -0.1516
vn 0.6124 0.0644 0.7879
vn 0.9243 -0.0523 -0.3781
vn 0.1871 0.9792 0.0790
vn -0.0259 -0.6450 -0.7637
vn -0.0034 -0.9950 -0.0995
vn -0.0282 -0.9976 0.0635
vn 0.0662 -0.9978 0.0024
vn -0.3467 -0.6774 0.6488
vn -0.2687 0.3643 -0.8917
vn -0.1872 0.6212 -0.7610
vn -0.1222 -0.0827 0.9891
vn -0.9516 -0.1460 -0.2703
vn -0.8896 0.4297 -0.1549
vn -0.6731 0.4999 -0.5450
vn 0.1967 -0.0763 -0.9775
vn -0.1702 -0.9600 -0.2224
vn 0.8875 -0.1762 0.4259
vn -0.0154 -0.0975 0.9951
vn 0.0405 0.0473 -0.9981
vn 0.0307 0.0607 -0.9977
vn -0.1366 -0.0796 0.9874
vn -0.0202 0.5654 0.8246
vn 0.9343 0.0885 -0.3452
vn 0.9653 0.0121 -0.2607
vn 0.9414 0.0048 -0.3372
vn 0.0078 0.9274 -0.3741
vn 0.0102 -0.4535 -0.8912
vn -0.0619 0.2268 -0.9720
vn -0.0511 0.3153 -0.9476
vn 0.0556 0.6804 0.7308
vn -0.6754 0.3333 0.6578
vn -0.5613 0.3301 0.7589
vn -0.4081 0.8651 0.2917
vn -0.9155 0.1494 -0.3736
vn 0.0787 0.5573 0.8265
vn 0.1119 0.1111 0.9875
vn 0.1134 -0.0213 0.9933
vn -0.5897 0.1670 0.7902
vn 0.1896 0.6861 0.7023
vn -0.0258 -0.9931 0.1146
vn 0.2316 -0.7720 0.5919
vn 0.1488 -0.6370 0.7564
vn 0.0649 -0.6816 0.7288
vn -0.0168 -0.9321 0.3619
vn -0.0109 -0.9284 0.3714
vn 0.0231 -0.9964 0.0812
vn 0.0203 -0.9980 -0.0597
vn 0.0306 -0.9286 0.3699
vn -0.0186 -0.9967 0.0794
vn -0.7893 -0.1505 0.5953
vn 0.0095 -0.6691 -0.7431
vn 0.0384 0.1273 -0.9911
vn -0.0089 0.9233 -0.3839
vn 0.8392 -0.2162 -0.4990
vn -0.0169 0.0253 0.9995
vn -0.0499 0.0426 0.9978
vn 0.0207 0.0032 0.9998
vn -0.4179 0.1645 0.8935
vn -0.4180 0.2361 0.8772
vn -0.4140 0.3480 0.8411
vn -0.3444 0.0552 -0.9372
vn 0.1003 0.5980 0.7952
vn 0.1155 0.6161 0.7792
vn 0.0632 0.3902 0.9186
vn 0.6404 0.7674 -0.0307
vn 0.0240 -0.0481 0.9986
vn 0.0142 -0.0454 0.9989
vn -0.8806 0.4624 -0.1036
vn -0.2981 -0.0962 -0.9497
vn -0.3941 -0.1103 -0.9124
vn 0.7232 0.0857 -0.6853
vn -0.3365 -0.0248 -0.9414
vn -0.3912 0.1626 -0.9058
vn 0.0390 0.3674 0.9292
vn -0.8396 0.1383 -0.5253
vn -0.5474 -0.1950 -0.8138
vn 0.3396 -0.8512 -0.4001
vn -0.6180 -0.3238 -0.7164
vn 0.9853 0.0268 0.1690
vn 0.9074 -0.3340 -0.2550
vn -0.5031 0.0843 -0.8601
vn -0.3296 0.0739 -0.9412
vn -0.8693 0.3339 -0.3643
vn 0.8068 0.0392 0.5895
vn 0.8107 0.0397 0.5841
vn 0.5306 -0.8083 0.2553
vn 0.9948 -0.0838 -0.0576
vn -0.8852 0.0045 -0.4653
vn -0.8932 0.2746 -0.3561
vn 0.1150 -0.8846 0.4520
vn 0.0952 -0.1123 0.9891
vn 0.1028 -0.9738 0.2028
vn 0.0170 -0.5474 -0.8367
vn 0.1268 0.1928 0.9730
vn -0.0071 -0.4072 -0.9133
vn 0.7923 0.1746 0.5846
vn 0.4292 0.1168 0.8956
vn 0.4291 0.1048 0.8972
vn -0.0933 -0.0383 0.9949
vn -0.6340 -0.6667 0.3918
vn -0.5263 -0.8011 0.2850
vn -0.2461 -0.5883 0.7703
vn 0.5198 -0.8373 0.1696
vn 0.2441 0.1462 -0.9587
vn 0.1130 -0.3238 0.9394
vn 0.4706 -0.8823 -0.0000
vn 0.4639 -0.8830 0.0707
vn 0.4305 0.1351 0.8924
vn 0.4310 0.1296 0.8930
vn 0.5832 -0.0274 -0.8119
vn -0.9334 0.0870 0.3481
vn -0.9120 0.0995 0.3979
vn 0.0244 0.9893 -0.1437
vn 0.0057 0.9894 0.1453
vn 0.0019 0.9897 0.1430
vn 0.8352 -0.0917 0.5422
vn 0.0060 -0.3894 -0.9210
vn 0.0009 -0.5282 -0.8491
vn -0.8456 -0.2121 0.4898
vn -0.5884 -0.1961 0.7844
vn 0.1559 0.9675 -0.1993
vn -0.3505 0.9199 -0.1758
vn -0.0002 -0.4040 0.9147
vn -0.8531 -0.5137 0.0911
vn 0.0486 0.0765 -0.9959
vn 0.7593 -0.4008 -0.5127
vn 0.8309 -0.0577 -0.5535
vn 0.8072 -0.2752 -0.5222
vn 0.7349 -0.2711 -0.6216
vn -0.3799 -0.1468 -0.9133
vn -0.9482 -0.1867 0.2571
vn -0.5651 -0.1146 -0.8170
vn -0.5411 -0.1602 -0.8256
vn -0.5319 -0.2062 -0.8213
vn -0.5640 -0.1323 -0.8151
vn -0.5615 -0.1486 -0.8140
vn -0.0014 -0.8900 0.4560
vn 0.2148 0.0321 -0.9761
vn -0.0641 0.0036 -0.9979
vn 0.5898 -0.1029 -0.8010
vn -0.3347 0.2807 -0.8996
vn 0.2431 0.0097 -0.9700
vn -0.5780 0.1634 -0.7995
vn -0.6621 0.1176 -0.7402
vn -0.4015 -0.9055 0.1373
vn -0.2098 -0.9682 0.1364
vn 0.4446 0.4215 0.7904
vn 0.4549 0.3729 0.8087
vn -0.0047 -0.3656 -0.9308
vn 0.0068 -0.4634 -0.8861
vn 0.0051 -0.3657 -0.9307
vn -0.0061 -0.4633 -0.8862
vn 0.0014 0.0116 0.9999
vn 0.0397 0.4952 0.8679
vn 0.0696 0.4448 0.8929
vn 0.6063 -0.1439 -0.7821
vn 0.6151 -0.0799 -0.7844
vn -0.0237 0.9981 -0.0571
vn -0.0215 0.9058 0.4232
vn 0.0042 0.9054 0.4246
vn 0.9950 -0.0172 -0.0981
vn -0.5003 -0.2606 -0.8257
vn -0.0253 -0.0988 0.9948
vn -0.0274 -0.1150 0.9930
vn -0.0037 -0.1150 0.9934
vn -0.0116 -0.0543 0.9985
vn 0.4964 -0.4412 0.7476
vn 0.1710 -0.9607 0.2187
vn 0.9105 0.2209 0.3495
vn -0.8536 -0.0575 0.5178
vn -0.1892 -0.8245 -0.5332
vn -0.1537 -0.6697 0.7265
vn 0.5622 0.1199 0.8182
vn -0.0110 0.9873 -0.1588
vn -0.6009 -0.0905 -0.7942
vn 0.5263 -0.1870 -0.8295
vn -0.0040 -0.8984 -0.4392
vn 0.0752 -0.9965 0.0371
vn -0.0101 -0.9360 0.3517
vn -0.0942 -0.9955 -0.0114
vn -0.9298 0.0509 -0.3646
vn -0.5213 -0.2527 -0.8151
vn -0.0090 0.0077 0.9999
vn -0.2810 -0.9591 0.0342
vn -0.0343 0.4927 -0.8695
vn -0.0208 0.3462 -0.9379
vn -0.0182 0.1610 -0.9868
vn 0.3940 -0.8106 -0.4333
vn -0.6650 -0.2216 0.7132
vn -0.9641 -0.1138 0.2401
vn -0.9639 -0.1126 0.2412
vn 0.4598 0.3584 0.8125
vn 0.0754 -0.8028 -0.5915
vn -0.1626 0.1636 0.9730
vn -0.9192 -0.2779 -0.2790
vn -0.1537 0.9881 0.0047
vn -0.0489 0.9975 0.0503
vn 0.0037 -0.9472 -0.3207
vn 0.0018 -0.9802 -0.1980
vn -0.0652 0.0340 -0.9973
vn 0.4398 -0.3517 0.8264
vn -0.0921 -0.0519 0.9944
vn 0.0042 -0.1234 0.9923
vn 0.0511 0.9904 -0.1282
vn -0.8581 0.1313 -0.4965
vn -0.8735 0.1175 -0.4725
vn -0.7599 0.1056 -0.6413
vn -0.7909 0.1115 -0.6017
vn -0.5424 0.3953 0.7413
vn -0.0039 -0.8870 0.4618
vn 0.8431 0.0468 -0.5357
vn 0.8197 0.0456 -0.5710
vn -0.0005 -0.1235 0.9924
vn 0.2313 0.0462 -0.9718
vn 0.0880 0.9799 -0.1788
vn -0.9844 -0.0745 -0.1591
vn 0.5765 -0.2097 -0.7897
vn -0.7421 -0.1612 -0.6506
vn -0.7641 -0.2625 0.5893
vn 0.0245 -0.9892 0.1444
vn -0.0832 -0.9645 0.2506
vn 0.2769 -0.8729 0.4018
vn 0.1671 -0.8833 0.4380
vn 0.1155 -0.8794 0.4619
vn 0.3061 -0.8694 0.3879
vn 0.3005 -0.8705 0.3898
vn -0.3632 -0.9315 0.0211
vn -0.2890 -0.9366 0.1981
vn -0.2085 -0.9129 0.3511
vn -0.2886 -0.9528 0.0940
vn -0.1803 0.2917 0.9394
vn -0.1539 0.2013 0.9674
vn -0.0454 -0.9990 0.0056
vn -0.0511 -0.9984 0.0262
vn -0.0634 -0.9966 0.0534
vn 0.0057 0.9950 -0.0993
vn 0.0088 0.9965 -0.0832
vn 0.0447 -0.9977 0.0516
vn 0.0512 -0.9973 0.0523
vn 0.0262 -0.9645 0.2627
vn -0.3551 -0.8654 0.3536
vn 0.0222 -0.8734 0.4865
vn -0.1075 -0.8859 0.4512
vn 0.1428 -0.8642 0.4825
vn 0.0721 -0.8686 0.4902
vn 0.1231 0.2691 0.9552
vn 0.0303 -0.9995 -0.0114
vn 0.0850 -0.9964 0.0037
vn -0.0151 0.9986 0.0499
vn -0.0566 0.9955 0.0761
vn 0.0255 0.9959 0.0872
vn 0.3077 -0.9448 0.1123
vn -0.0138 -0.9990 -0.0418
vn 0.0110 -0.9998 0.0162
vt 0.284287 0.041417
vt 0.282527 0.039575
vt 0.285133 0.039850
vt 0.281068 0.041943
vt 0.283006 0.043082
vt 0.535004 0.263702
vt 0.533622 0.278706
vt 0.524050 0.265559
vt 0.177868 0.861947
vt 0.172426 0.862729
vt 0.172426 0.790794
vt 0.211805 0.064460
vt 0.222685 0.125840
vt 0.217568 0.123753
vt 0.522270 0.259751
vt 0.534685 0.258213
vt 0.574269 0.903003
vt 0.536760 0.918750
vt 0.562207 0.894015
vt 0.189847 0.092528
vt 0.343876 0.783915
vt 0.321709 0.788061
vt 0.331704 0.766118
vt 0.781498 0.846671
vt 0.781498 0.880936
vt 0.763509 0.874880
vt 0.358235 0.786633
vt 0.358537 0.815111
vt 0.353976 0.770470
vt 0.603630 0.021469
vt 0.597477 0.017580
vt 0.599299 0.010910
vt 0.493650 0.581276
vt 0.498484 0.575983
vt 0.498661 0.584208
vt 0.205878 0.063515
vt 0.200781 0.074228
vt 0.199943 0.064134
vt 0.595755 0.021243
vt 0.197570 0.266305
vt 0.196599 0.269681
vt 0.191777 0.262860
vt 0.203324 0.267688
vt 0.199943 0.055835
vt 0.628251 0.664853
vt 0.645440 0.666993
vt 0.628595 0.666404
vt 0.617260 0.661256
vt 0.632551 0.660798
vt 0.645596 0.664975
vt 0.379789 0.219945
vt 0.379913 0.218965
vt 0.391498 0.217836
vt 0.389244 0.219736
vt 0.613078 0.498274
vt 0.651362 0.480682
vt 0.652384 0.495989
vt 0.585038 0.505434
vt 0.612715 0.483899
vt 0.612405 0.507150
vt 0.349627 0.371072
vt 0.386096 0.370376
vt 0.350052 0.375421
vt 0.324015 0.375943
vt 0.348539 0.367133
vt 0.385862 0.364626
vt 0.586964 0.015028
vt 0.580826 0.015562
vt 0.587099 0.009479
vt 0.591981 0.015300
vt 0.590128 0.018427
vt 0.586730 0.017976
vt 0.589524 0.010449
vt 0.572923 0.332004
vt 0.587780 0.328915
vt 0.586883 0.334431
vt 0.571242 0.334147
vt 0.558279 0.332296
vt 0.827231 0.232108
vt 0.834992 0.232781
vt 0.833689 0.269061
vt 0.824651 0.269987
vt 0.818162 0.232068
vt 0.308831 0.868619
vt 0.309350 0.872561
vt 0.302552 0.873971
vt 0.757689 0.886700
vt 0.739735 0.885313
vt 0.740810 0.873625
vt 0.319783 0.867532
vt 0.318929 0.850502
vt 0.300721 0.871539
vt 0.293939 0.860355
vt 0.972520 0.526329
vt 0.972845 0.513706
vt 0.973731 0.526342
vt 0.971372 0.526923
vt 0.912408 0.098600
vt 0.913875 0.095491
vt 0.920844 0.103430
vt 0.891576 0.135852
vt 0.908803 0.096782
vt 0.906955 0.091505
vt 0.741539 0.262663
vt 0.753109 0.238414
vt 0.759330 0.284922
vt 0.725658 0.247701
vt 0.725801 0.256762
vt 0.931758 0.800710
vt 0.947663 0.791137
vt 0.944424 0.805817
vt 0.727581 0.265931
vt 0.749646 0.298314
vt 0.945097 0.768535
vt 0.324272 0.944250
vt 0.337529 0.957211
vt 0.322702 0.947195
vt 0.312334 0.935526
vt 0.313087 0.934505
vt 0.325379 0.942160
vt 0.337449 0.955623
vt 0.449631 0.845863
vt 0.433801 0.839918
vt 0.449368 0.844147
vt 0.433446 0.840652
vt 0.449834 0.847342
vt 0.054265 0.187118
vt 0.056441 0.187184
vt 0.055837 0.205069
vt 0.053814 0.205433
vt 0.052477 0.186923
vt 0.268587 0.649554
vt 0.284963 0.611881
vt 0.287129 0.652649
vt 0.264674 0.649454
vt 0.262073 0.611831
vt 0.509348 0.294636
vt 0.471350 0.291833
vt 0.509794 0.290741
vt 0.266204 0.611680
vt 0.504862 0.312927
vt 0.471544 0.296716
vt 0.503681 0.687747
vt 0.483038 0.686925
vt 0.485223 0.647557
vt 0.675374 0.476981
vt 0.700022 0.476700
vt 0.674978 0.516797
vt 0.504184 0.646063
vt 0.528001 0.691863
vt 0.353230 0.717073
vt 0.361641 0.673945
vt 0.372791 0.709169
vt 0.350437 0.684489
vt 0.553952 0.886996
vt 0.572815 0.886630
vt 0.523065 0.268342
vt 0.515235 0.891296
vt 0.893712 0.550609
vt 0.902823 0.559165
vt 0.900239 0.563311
vt 0.211491 0.494530
vt 0.208972 0.486349
vt 0.212703 0.492663
vt 0.214807 0.496165
vt 0.212855 0.501078
vt 0.210373 0.494794
vt 0.502202 0.373354
vt 0.511489 0.375497
vt 0.507569 0.415178
vt 0.611562 0.472054
vt 0.116984 0.836583
vt 0.107586 0.797525
vt 0.118512 0.797603
vt 0.650807 0.470982
vt 0.133886 0.797419
vt 0.132351 0.836687
vt 0.041395 0.133356
vt 0.040573 0.128989
vt 0.077029 0.126848
vt 0.002529 0.142085
vt 0.001567 0.138287
vt 0.001621 0.133711
vt 0.045873 0.137351
vt 0.283546 0.172847
vt 0.286848 0.167929
vt 0.287260 0.171652
vt 0.515658 0.581101
vt 0.505193 0.580428
vt 0.515266 0.575326
vt 0.282946 0.167168
vt 0.287290 0.175455
vt 0.284120 0.176062
vt 0.514165 0.584152
vt 0.641236 0.385587
vt 0.624246 0.387768
vt 0.625158 0.384563
vt 0.637993 0.428702
vt 0.657525 0.384553
vt 0.655187 0.427052
vt 0.642625 0.383642
vt 0.667005 0.934077
vt 0.652076 0.952036
vt 0.654824 0.930107
vt 0.680659 0.932835
vt 0.675744 0.953708
vt 0.663337 0.954436
vt 0.891859 0.706603
vt 0.889997 0.718147
vt 0.852917 0.707061
vt 0.853321 0.697896
vt 0.892140 0.694416
vt 0.573231 0.183100
vt 0.571506 0.185701
vt 0.559221 0.182432
vt 0.595124 0.183119
vt 0.571878 0.180414
vt 0.594259 0.179986
vt 0.245152 0.120291
vt 0.247380 0.072105
vt 0.251427 0.072853
vt 0.212334 0.559510
vt 0.249083 0.558388
vt 0.248134 0.561001
vt 0.265593 0.119742
vt 0.249278 0.534907
vt 0.208259 0.536841
vt 0.248400 0.564782
vt 0.210465 0.569264
vt 0.235807 0.119828
vt 0.061602 0.762406
vt 0.059757 0.723417
vt 0.068223 0.724395
vt 0.073468 0.763320
vt 0.175390 0.745746
vt 0.175959 0.750966
vt 0.171809 0.745301
vt 0.179402 0.757450
vt 0.049724 0.761100
vt 0.179956 0.752967
vt 0.944204 0.899143
vt 0.943313 0.894939
vt 0.948703 0.890117
vt 0.619036 0.372542
vt 0.614857 0.303225
vt 0.619036 0.300416
vt 0.919466 0.090064
vt 0.912187 0.089195
vt 0.364452 0.864536
vt 0.366524 0.879530
vt 0.335050 0.892751
vt 0.595514 0.339265
vt 0.919007 0.077763
vt 0.431364 0.323091
vt 0.425257 0.394950
vt 0.425257 0.322308
vt 0.921551 0.100857
vt 0.872977 0.153712
vt 0.874158 0.147617
vt 0.909785 0.154018
vt 0.003209 0.611544
vt 0.011551 0.602506
vt 0.015890 0.613246
vt 0.867683 0.142210
vt 0.908013 0.172850
vt 0.873520 0.165038
vt 0.012227 0.616235
vt 0.566733 0.548995
vt 0.612702 0.557089
vt 0.566721 0.552737
vt 0.246953 0.176593
vt 0.297613 0.182950
vt 0.296365 0.185549
vt 0.179268 0.348733
vt 0.176068 0.348279
vt 0.179268 0.306858
vt 0.613073 0.553538
vt 0.245123 0.178169
vt 0.242229 0.140327
vt 0.274334 0.319304
vt 0.248731 0.351804
vt 0.249224 0.317795
vt 0.274736 0.353040
vt 0.232890 0.827687
vt 0.215646 0.818412
vt 0.218621 0.814941
vt 0.279620 0.319828
vt 0.268469 0.295510
vt 0.287980 0.298224
vt 0.684925 0.224514
vt 0.721955 0.225769
vt 0.682966 0.241061
vt 0.800346 0.303629
vt 0.783481 0.298143
vt 0.785793 0.294449
vt 0.801600 0.299642
vt 0.684158 0.220969
vt 0.791897 0.321492
vt 0.834667 0.271093
vt 0.844900 0.269065
vt 0.843711 0.270477
vt 0.843085 0.306682
vt 0.835638 0.309086
vt 0.843307 0.267617
vt 0.826001 0.271989
vt 0.893341 0.897689
vt 0.897016 0.913810
vt 0.874906 0.912155
vt 0.876745 0.897795
vt 0.911765 0.912012
vt 0.912386 0.902247
vt 0.182726 0.713190
vt 0.198492 0.718001
vt 0.181303 0.752018
vt 0.884559 0.859564
vt 0.381215 0.344073
vt 0.382693 0.318608
vt 0.415546 0.342362
vt 0.345450 0.357781
vt 0.344995 0.337790
vt 0.051820 0.252096
vt 0.049651 0.236547
vt 0.051820 0.235808
vt 0.792614 0.206405
vt 0.798104 0.171873
vt 0.813453 0.174688
vt 0.812498 0.208251
vt 0.794903 0.210135
vt 0.781582 0.216160
vt 0.780079 0.197988
vt 0.485985 0.572972
vt 0.485985 0.609232
vt 0.482434 0.608879
vt 0.843275 0.447892
vt 0.825171 0.440286
vt 0.850213 0.413902
vt 0.855783 0.416607
vt 0.679259 0.425762
vt 0.674882 0.424772
vt 0.679259 0.389497
vt 0.970773 0.905112
vt 0.970773 0.869026
vt 0.990131 0.870084
vt 0.847329 0.449859
vt 0.990177 0.907546
vt 0.200176 0.158786
vt 0.200311 0.164684
vt 0.195677 0.163788
vt 0.540154 0.282609
vt 0.544330 0.281367
vt 0.544808 0.288510
vt 0.154846 0.139478
vt 0.201016 0.153782
vt 0.539925 0.278074
vt 0.177868 0.691979
vt 0.177218 0.708087
vt 0.147328 0.697281
vt 0.824571 0.036535
vt 0.823202 0.004715
vt 0.851131 0.010528
vt 0.409258 0.973020
vt 0.424977 0.965063
vt 0.424648 0.982351
vt 0.409464 0.991578
vt 0.854397 0.031608
vt 0.823202 0.050453
vt 0.708335 0.111545
vt 0.713917 0.118441
vt 0.710878 0.119295
vt 0.706804 0.111584
vt 0.710966 0.108815
vt 0.254676 0.677318
vt 0.250922 0.684549
vt 0.245410 0.681284
vt 0.249387 0.673889
vt 0.249767 0.672177
vt 0.255107 0.675340
vt 0.260886 0.677107
vt 0.894401 0.606332
vt 0.868546 0.591722
vt 0.896105 0.592254
vt 0.896043 0.609304
vt 0.878357 0.627934
vt 0.900744 0.604883
vt 0.357328 0.095329
vt 0.382609 0.133731
vt 0.372776 0.134353
vt 0.281696 0.045473
vt 0.271717 0.047618
vt 0.281587 0.044624
vt 0.233889 0.274648
vt 0.230435 0.277208
vt 0.227943 0.274817
vt 0.230486 0.271981
vt 0.216479 0.142946
vt 0.218016 0.142932
vt 0.216893 0.149656
vt 0.215312 0.149591
vt 0.214990 0.142702
vt 0.217663 0.136345
vt 0.216013 0.135829
vt 0.704947 0.668781
vt 0.693418 0.667186
vt 0.705466 0.666309
vt 0.724065 0.008522
vt 0.725965 0.010512
vt 0.712052 0.011512
vt 0.705869 0.670480
vt 0.693575 0.669054
vt 0.708613 0.006936
vt 0.721998 0.006845
vt 0.576171 0.982619
vt 0.576192 0.978201
vt 0.579552 0.979210
vt 0.578967 0.989500
vt 0.570754 0.987304
vt 0.538655 0.460813
vt 0.541591 0.504789
vt 0.523175 0.506138
vt 0.519552 0.461647
vt 0.538175 0.459147
vt 0.564415 0.458026
vt 0.563913 0.454878
vt 0.749570 0.736623
vt 0.705723 0.738140
vt 0.707414 0.716661
vt 0.818110 0.588556
vt 0.826315 0.610148
vt 0.802952 0.595111
vt 0.802173 0.591555
vt 0.750418 0.739146
vt 0.707405 0.741657
vt 0.746624 0.716033
vt 0.817005 0.585867
vt 0.859928 0.266026
vt 0.859674 0.268921
vt 0.859027 0.264396
vt 0.859096 0.265479
vt 0.730593 0.440365
vt 0.738507 0.468300
vt 0.699725 0.437334
vt 0.372091 0.970772
vt 0.392442 0.936671
vt 0.400553 0.977572
vt 0.703291 0.476066
vt 0.721088 0.487119
vt 0.703291 0.518197
vt 0.730078 0.420043
vt 0.372091 0.928642
vt 0.742467 0.648336
vt 0.741681 0.608367
vt 0.753429 0.647907
vt 0.737976 0.651870
vt 0.734684 0.649254
vt 0.751984 0.649342
vt 0.731503 0.608168
vt 0.294977 0.236065
vt 0.339627 0.233749
vt 0.338771 0.278586
vt 0.296741 0.187067
vt 0.456754 0.984575
vt 0.456754 0.940723
vt 0.496873 0.981939
vt 0.292990 0.279873
vt 0.067396 0.389990
vt 0.097936 0.440363
vt 0.064413 0.445370
vt 0.103472 0.418490
vt 0.103386 0.379538
vt 0.947268 0.768304
vt 0.950159 0.767728
vt 0.949918 0.789260
vt 0.649821 0.048394
vt 0.627338 0.052164
vt 0.627735 0.048409
vt 0.649628 0.050814
vt 0.649797 0.045169
vt 0.903338 0.568616
vt 0.899194 0.571404
vt 0.898514 0.565578
vt 0.905441 0.564941
vt 0.902851 0.575846
vt 0.906111 0.571543
vt 0.176621 0.819143
vt 0.182069 0.819807
vt 0.178616 0.851524
vt 0.304892 0.763839
vt 0.344165 0.757916
vt 0.911159 0.039192
vt 0.906133 0.038315
vt 0.914548 0.001227
vt 0.391706 0.467043
vt 0.414670 0.454164
vt 0.414007 0.459524
vt 0.333949 0.754105
vt 0.904756 0.067226
vt 0.182069 0.782457
vt 0.776619 0.695326
vt 0.775443 0.658977
vt 0.790206 0.657475
vt 0.725795 0.800907
vt 0.706243 0.799476
vt 0.721598 0.762522
vt 0.732479 0.803025
vt 0.791372 0.695602
vt 0.783198 0.697473
vt 0.059576 0.584917
vt 0.049364 0.577705
vt 0.055989 0.561130
vt 0.028039 0.606358
vt 0.094388 0.598338
vt 0.076751 0.612109
vt 0.034957 0.611351
vt 0.066604 0.609891
vt 0.283576 0.834982
vt 0.295513 0.868228
vt 0.283576 0.872532
vt 0.920706 0.805006
vt 0.927913 0.797408
vt 0.922569 0.806398
vt 0.916877 0.815528
vt 0.915056 0.815143
vt 0.926273 0.795918
vt 0.904789 0.795095
vt 0.525558 0.004571
vt 0.528001 0.007564
vt 0.521624 0.014877
vt 0.627947 0.550151
vt 0.626639 0.554611
vt 0.625973 0.549738
vt 0.627612 0.541948
vt 0.521058 0.008810
vt 0.521335 0.006282
vt 0.631641 0.550728
vt 0.492775 0.820002
vt 0.492922 0.831025
vt 0.482387 0.827297
vt 0.481513 0.784754
vt 0.496583 0.819777
vt 0.612354 0.716496
vt 0.596198 0.726760
vt 0.596588 0.716496
vt 0.369741 0.565816
vt 0.342247 0.546515
vt 0.342655 0.541889
vt 0.971970 0.553580
vt 0.957099 0.558813
vt 0.957099 0.515207
vt 0.637381 0.184046
vt 0.653906 0.181554
vt 0.654327 0.183738
vt 0.657770 0.226584
vt 0.638071 0.225889
vt 0.617575 0.183854
vt 0.636766 0.181834
vt 0.070372 0.381624
vt 0.071255 0.378456
vt 0.071772 0.382258
vt 0.557954 0.972487
vt 0.559568 0.975299
vt 0.552086 0.966911
vt 0.017183 0.571418
vt 0.017999 0.562108
vt 0.020874 0.563748
vt 0.064225 0.386547
vt 0.559209 0.972229
vt 0.763232 0.723686
vt 0.754919 0.724444
vt 0.764004 0.718900
vt 0.397657 0.297446
vt 0.434075 0.289218
vt 0.433256 0.293739
vt 0.798304 0.730162
vt 0.764262 0.734938
vt 0.797847 0.711924
vt 0.433336 0.300204
vt 0.305366 0.356277
vt 0.306729 0.401953
vt 0.287778 0.353102
vt 0.367445 0.610970
vt 0.344935 0.645639
vt 0.343786 0.613602
vt 0.306768 0.322605
vt 0.327025 0.322754
vt 0.344227 0.568082
vt 0.368340 0.566100
vt 0.991005 0.041523
vt 0.984710 0.004710
vt 0.991578 0.002776
vt 0.980195 0.041044
vt 0.176680 0.781179
vt 0.174804 0.787100
vt 0.171809 0.786837
vt 0.000109 0.485985
vt 0.006258 0.444895
vt 0.008403 0.485985
vt 0.179755 0.780779
vt 0.179815 0.774961
vt 0.896458 0.769936
vt 0.878511 0.769146
vt 0.896077 0.759770
vt 0.935094 0.770595
vt 0.896419 0.781498
vt 0.289279 0.935902
vt 0.274417 0.934873
vt 0.277536 0.925805
vt 0.935556 0.760258
vt 0.162462 0.089634
vt 0.152357 0.084014
vt 0.162462 0.068307
vt 0.558984 0.503679
vt 0.540368 0.506974
vt 0.014215 0.470590
vt 0.016733 0.469936
vt 0.016174 0.520584
vt 0.531677 0.676942
vt 0.530445 0.632549
vt 0.535715 0.676751
vt 0.536575 0.723097
vt 0.528816 0.677345
vt 0.539958 0.722376
vt 0.013364 0.520999
vt 0.624621 0.791365
vt 0.630278 0.777650
vt 0.627570 0.793466
vt 0.555051 0.129050
vt 0.554702 0.152658
vt 0.551089 0.152456
vt 0.551089 0.129887
vt 0.558505 0.130185
vt 0.207797 0.205447
vt 0.211481 0.203765
vt 0.211481 0.219884
vt 0.535004 0.253353
vt 0.222685 0.222685
vt 0.331926 0.354335
vt 0.327151 0.353377
vt 0.331926 0.281583
vt 0.188416 0.785791
vt 0.218940 0.809490
vt 0.219278 0.813048
vt 0.698866 0.938358
vt 0.657292 0.919047
vt 0.698407 0.920208
vt 0.803563 0.038752
vt 0.803906 0.049277
vt 0.783157 0.024220
vt 0.962968 0.738659
vt 0.977572 0.727873
vt 0.977572 0.766092
vt 0.192821 0.795482
vt 0.777922 0.000754
vt 0.953495 0.501122
vt 0.966263 0.494524
vt 0.966368 0.533603
vt 0.656004 0.518596
vt 0.672273 0.520140
vt 0.655341 0.520724
vt 0.952653 0.499147
vt 0.654875 0.597712
vt 0.669179 0.567573
vt 0.670558 0.600881
vt 0.652905 0.568426
vt 0.672413 0.518462
vt 0.067165 0.673267
vt 0.059687 0.676120
vt 0.063625 0.667439
vt 0.903866 0.196980
vt 0.878140 0.182821
vt 0.910347 0.190807
vt 0.881772 0.195607
vt 0.082745 0.670526
vt 0.000615 0.848201
vt 0.007322 0.849015
vt 0.000707 0.885923
vt 0.000615 0.818115
vt 0.006294 0.818549
vt 0.165633 0.499983
vt 0.206579 0.542007
vt 0.154769 0.512690
vt 0.157635 0.456040
vt 0.521734 0.903949
vt 0.543407 0.944732
vt 0.521734 0.955164
vt 0.152448 0.000089
vt 0.160933 0.027214
vt 0.131116 0.001423
vt 0.439768 0.160240
vt 0.417631 0.163862
vt 0.417631 0.127347
vt 0.177203 0.003075
vt 0.107841 0.616235
vt 0.438757 0.129693
vt 0.593993 0.019344
vt 0.595655 0.015699
vt 0.408554 0.262168
vt 0.422268 0.218273
vt 0.431304 0.260655
vt 0.390100 0.262947
vt 0.404156 0.219990
vt 0.156857 0.939408
vt 0.153312 0.955164
vt 0.154675 0.939949
vt 0.155577 0.925878
vt 0.156860 0.925376
vt 0.197307 0.751116
vt 0.195506 0.789661
vt 0.199331 0.789953
vt 0.201665 0.750574
vt 0.344148 0.392630
vt 0.343680 0.398969
vt 0.323453 0.408582
vt 0.385229 0.387358
vt 0.383565 0.397579
vt 0.288510 0.917349
vt 0.279311 0.887864
vt 0.288510 0.879568
vt 0.592696 0.848472
vt 0.594951 0.841376
vt 0.608572 0.857126
vt 0.592903 0.840499
vt 0.780470 0.601581
vt 0.770367 0.586248
vt 0.779160 0.581645
vt 0.585322 0.855890
vt 0.589994 0.846558
vt 0.790860 0.595711
vt 0.927876 0.887525
vt 0.925436 0.901944
vt 0.926410 0.887270
vt 0.928921 0.887699
vt 0.942559 0.731079
vt 0.914008 0.703929
vt 0.942559 0.673475
vt 0.784737 0.463302
vt 0.822687 0.447114
vt 0.793155 0.483184
vt 0.807003 0.410177
vt 0.905638 0.415783
vt 0.938120 0.414981
vt 0.906462 0.455173
vt 0.905638 0.394192
vt 0.938358 0.393564
vt 0.050684 0.722893
vt 0.039486 0.759691
vt 0.041312 0.721389
vt 0.059713 0.718998
vt 0.050231 0.718432
vt 0.333172 0.456858
vt 0.333453 0.476878
vt 0.331754 0.476029
vt 0.334184 0.435072
vt 0.335972 0.456784
vt 0.330269 0.435434
vt 0.329088 0.456697
vt 0.616612 0.856058
vt 0.636614 0.861700
vt 0.625432 0.874063
vt 0.780770 0.436451
vt 0.780786 0.447871
vt 0.772571 0.437726
vt 0.614412 0.839613
vt 0.624830 0.840535
vt 0.780545 0.426489
vt 0.797259 0.428274
vt 0.871133 0.637213
vt 0.839507 0.665253
vt 0.842149 0.624808
vt 0.865865 0.613437
vt 0.040566 0.155792
vt 0.056021 0.178598
vt 0.040566 0.203077
vt 0.885393 0.613587
vt 0.887938 0.665253
vt 0.873933 0.000982
vt 0.902482 0.528593
vt 0.922435 0.525197
vt 0.922635 0.565328
vt 0.158926 0.179394
vt 0.173666 0.166872
vt 0.173666 0.200276
vt 0.682766 0.932567
vt 0.696065 0.971517
vt 0.682766 0.976172
vt 0.924352 0.278714
vt 0.909693 0.278902
vt 0.908461 0.260207
vt 0.397666 0.822113
vt 0.372638 0.780954
vt 0.397752 0.780954
vt 0.908461 0.319322
vt 0.847803 0.354335
vt 0.852739 0.336187
vt 0.858651 0.351560
vt 0.861421 0.944951
vt 0.860057 0.941106
vt 0.862088 0.935842
vt 0.860148 0.946245
vt 0.861165 0.952756
vt 0.864129 0.945662
vt 0.864129 0.936568
vt 0.829291 0.155741
vt 0.827405 0.152864
vt 0.843040 0.154560
vt 0.818416 0.152961
vt 0.817725 0.150874
vt 0.845555 0.156920
vt 0.830828 0.158689
vt 0.347551 0.541207
vt 0.356257 0.536178
vt 0.349720 0.542855
vt 0.116478 0.001359
vt 0.120267 0.006857
vt 0.118595 0.008270
vt 0.118833 0.001139
vt 0.116393 0.005295
vt 0.115177 0.005668
vt 0.594013 0.286442
vt 0.593138 0.277028
vt 0.596627 0.276774
vt 0.592289 0.291311
vt 0.556156 0.770974
vt 0.556535 0.743358
vt 0.568834 0.771583
vt 0.570747 0.812032
vt 0.527878 0.746530
vt 0.556498 0.812309
vt 0.527887 0.771551
vt 0.435891 0.634255
vt 0.437967 0.620668
vt 0.448360 0.647046
vt 0.013701 0.856975
vt 0.020066 0.874208
vt 0.016085 0.877653
vt 0.495789 0.542864
vt 0.481154 0.561614
vt 0.481154 0.535939
vt 0.424298 0.630860
vt 0.425115 0.647046
vt 0.210219 0.013445
vt 0.210991 0.007239
vt 0.211481 0.013929
vt 0.208565 0.013860
vt 0.210125 0.007348
vt 0.741553 0.606129
vt 0.753339 0.607026
vt 0.739941 0.604418
vt 0.752938 0.603504
vt 0.730503 0.606258
vt 0.981307 0.823958
vt 0.976047 0.813053
vt 0.979443 0.812698
vt 0.258167 0.962411
vt 0.254854 0.963316
vt 0.251043 0.949648
vt 0.255431 0.978973
vt 0.977271 0.824395
vt 0.261900 0.975699
vt 0.981774 0.836284
vt 0.025590 0.187181
vt 0.026347 0.186608
vt 0.026610 0.194674
vt 0.024572 0.194593
vt 0.024182 0.187241
vt 0.906633 0.607241
vt 0.914702 0.629720
vt 0.904256 0.609236
vt 0.357328 0.182069
vt 0.372221 0.147428
vt 0.384877 0.146106
vt 0.903270 0.593794
vt 0.910755 0.594055
vt 0.929319 0.608133
vt 0.335350 0.930401
vt 0.339749 0.914121
vt 0.346517 0.942824
vt 0.212329 0.052547
vt 0.232406 0.031469
vt 0.229742 0.052402
vt 0.205449 0.218483
vt 0.205449 0.200503
vt 0.207279 0.217878
vt 0.213902 0.024686
vt 0.210201 0.052820
vt 0.073248 0.380073
vt 0.075471 0.378667
vt 0.075983 0.382133
vt 0.072633 0.381974
vt 0.212482 0.225486
vt 0.212402 0.223063
vt 0.215682 0.224428
vt 0.923151 0.468566
vt 0.914976 0.468534
vt 0.920898 0.463154
vt 0.931355 0.459856
vt 0.923683 0.480580
vt 0.912839 0.476735
vt 0.352860 0.999631
vt 0.346154 0.992791
vt 0.353550 0.992205
vt 0.363825 0.998397
vt 0.607160 0.575835
vt 0.625413 0.557326
vt 0.617994 0.576010
vt 0.565264 0.573348
vt 0.606744 0.613394
vt 0.172363 0.615896
vt 0.214838 0.614741
vt 0.172637 0.636011
vt 0.213092 0.595808
vt 0.170167 0.615530
vt 0.172800 0.597602
vt 0.170470 0.635296
vt 0.412811 0.465041
vt 0.391258 0.475102
vt 0.446919 0.470358
vt 0.412127 0.483823
vt 0.869393 0.886538
vt 0.868053 0.846532
vt 0.885137 0.854332
vt 0.392454 0.487633
vt 0.650080 0.616822
vt 0.665166 0.620220
vt 0.651019 0.661749
vt 0.650085 0.615028
vt 0.664902 0.618159
vt 0.631253 0.612818
vt 0.332614 0.874229
vt 0.349650 0.871555
vt 0.349881 0.876266
vt 0.329395 0.893177
vt 0.320756 0.873598
vt 0.332089 0.870294
vt 0.959090 0.347025
vt 0.940449 0.381008
vt 0.949668 0.341733
vt 0.404820 0.000632
vt 0.399421 0.037565
vt 0.398292 0.035220
vt 0.960766 0.348049
vt 0.942042 0.382143
vt 0.790691 0.934952
vt 0.801105 0.932063
vt 0.801105 0.973371
vt 0.977572 0.135261
vt 0.976452 0.173666
vt 0.975610 0.135261
vt 0.879390 0.536729
vt 0.871570 0.531389
vt 0.881553 0.534522
vt 0.895094 0.543296
vt 0.894972 0.545096
vt 0.739364 0.076431
vt 0.715462 0.116150
vt 0.879471 0.572818
vt 0.849366 0.541814
vt 0.036488 0.672001
vt 0.004985 0.680659
vt 0.035314 0.655464
vt 0.880009 0.410420
vt 0.886538 0.409693
vt 0.886538 0.448171
vt 0.882652 0.382041
vt 0.000085 0.535958
vt 0.035630 0.526501
vt 0.041608 0.547839
vt 0.465124 0.503819
vt 0.461845 0.549128
vt 0.421252 0.504275
vt 0.211300 0.942559
vt 0.211300 0.884230
vt 0.242292 0.916379
vt 0.590447 0.991578
vt 0.590447 0.947704
vt 0.631641 0.950284
vt 0.000396 0.225639
vt 0.012605 0.228337
vt 0.000699 0.271704
vt 0.194539 0.481175
vt 0.208680 0.525014
vt 0.194539 0.526601
vt 0.012605 0.186948
vt 0.871560 0.753171
vt 0.868637 0.750022
vt 0.876502 0.735297
vt 0.588224 0.958143
vt 0.566125 0.951511
vt 0.570308 0.943922
vt 0.891748 0.746499
vt 0.873954 0.764031
vt 0.844541 0.756657
vt 0.576671 0.933080
vt 0.755424 0.967645
vt 0.756292 0.970343
vt 0.721320 0.976172
vt 0.760139 0.966583
vt 0.758075 0.962647
vt 0.097960 0.874507
vt 0.115268 0.858377
vt 0.115728 0.860822
vt 0.226366 0.277451
vt 0.228751 0.279720
vt 0.224158 0.280200
vt 0.225380 0.275520
vt 0.928282 0.825418
vt 0.928557 0.835074
vt 0.914125 0.823607
vt 0.802064 0.419317
vt 0.936957 0.819321
vt 0.790999 0.414815
vt 0.515955 0.005296
vt 0.514318 0.008983
vt 0.511928 0.002599
vt 0.516752 0.030139
vt 0.515429 0.028187
vt 0.522145 0.028804
vt 0.240892 0.145655
vt 0.237433 0.141134
vt 0.240025 0.140971
vt 0.513394 0.033613
vt 0.078308 0.382552
vt 0.079580 0.379759
vt 0.079565 0.382711
vt 0.091160 0.362962
vt 0.087439 0.369299
vt 0.089365 0.360508
vt 0.092435 0.363205
vt 0.092015 0.373943
vt 0.171365 0.983742
vt 0.179296 0.953688
vt 0.180434 0.983689
vt 0.170248 0.953688
vt 0.171282 0.992978
vt 0.160070 0.989897
vt 0.007647 0.658487
vt 0.009261 0.650447
vt 0.010327 0.659202
vt 0.006876 0.650068
vt 0.054621 0.229581
vt 0.045647 0.230023
vt 0.052219 0.221756
vt 0.086098 0.538685
vt 0.082998 0.546353
vt 0.081340 0.538305
vt 0.004232 0.664983
vt 0.049581 0.234883
vt 0.805501 0.750686
vt 0.808853 0.710370
vt 0.817517 0.747484
vt 0.040517 0.407512
vt 0.038644 0.403466
vt 0.052785 0.400663
vt 0.592165 0.872550
vt 0.597857 0.879395
vt 0.597275 0.881498
vt 0.797473 0.712723
vt 0.024952 0.407049
vt 0.063024 0.442569
vt 0.520929 0.829502
vt 0.504178 0.818258
vt 0.524938 0.815753
vt 0.505967 0.841790
vt 0.505061 0.828607
vt 0.544808 0.830566
vt 0.521585 0.843644
vt 0.397841 0.059278
vt 0.395291 0.086699
vt 0.363171 0.062150
vt 0.435834 0.091325
vt 0.364926 0.050316
vt 0.398426 0.048411
vt 0.435548 0.063044
vt 0.251721 0.885956
vt 0.262633 0.874638
vt 0.260242 0.900762
vt 0.258244 0.902832
vt 0.250416 0.887904
vt 0.195345 0.314420
vt 0.156486 0.291335
vt 0.159407 0.289259
vt 0.409855 0.009611
vt 0.411850 0.007824
vt 0.431364 0.046218
vt 0.199936 0.305219
vt 0.250390 0.665517
vt 0.243861 0.654631
vt 0.298314 0.655479
vt 0.974771 0.499852
vt 0.974534 0.513128
vt 0.973533 0.499844
vt 0.249098 0.667479
vt 0.242743 0.658772
vt 0.909610 0.992978
vt 0.919425 0.954891
vt 0.925421 0.992978
vt 0.510012 0.606651
vt 0.522399 0.644312
vt 0.510012 0.645982
vt 0.934081 0.185096
vt 0.928763 0.186125
vt 0.932314 0.182640
vt 0.937792 0.181126
vt 0.955164 0.211481
vt 0.930300 0.188442
vt 0.608067 0.069620
vt 0.626941 0.069282
vt 0.626031 0.100150
vt 0.595186 0.052630
vt 0.611205 0.053334
vt 0.167467 0.585423
vt 0.138792 0.568867
vt 0.176199 0.571743
vt 0.592906 0.066489
vt 0.609880 0.102239
vt 0.472952 0.360359
vt 0.509037 0.366324
vt 0.473113 0.364969
vt 0.509128 0.362766
vt 0.471166 0.340915
vt 0.509794 0.343350
vt 0.813850 0.807633
vt 0.805654 0.774562
vt 0.810553 0.772903
vt 0.809503 0.809125
vt 0.832231 0.801235
vt 0.089034 0.908671
vt 0.105775 0.922869
vt 0.104290 0.925341
vt 0.085304 0.904055
vt 0.089277 0.902455
vt 0.092413 0.906718
vt 0.102010 0.926857
vt 0.088138 0.912252
vt 0.105864 0.698394
vt 0.101381 0.673019
vt 0.095316 0.563397
vt 0.104555 0.548072
vt 0.146169 0.715315
vt 0.106579 0.717713
vt 0.130486 0.583924
vt 0.082098 0.585326
vt 0.465682 0.705048
vt 0.452059 0.744556
vt 0.449082 0.705865
vt 0.450122 0.703607
vt 0.466850 0.702107
vt 0.468362 0.742608
vt 0.483579 0.705102
vt 0.138012 0.474781
vt 0.138012 0.437983
vt 0.154059 0.447205
vt 0.885137 0.817534
vt 0.071874 0.366928
vt 0.077434 0.369054
vt 0.082132 0.371447
vt 0.058518 0.854325
vt 0.068677 0.827019
vt 0.081511 0.836699
vt 0.925249 0.490958
vt 0.931355 0.508394
vt 0.916582 0.489518
vt 0.913672 0.481406
vt 0.122963 0.039367
vt 0.138653 0.019496
vt 0.138653 0.040615
vt 0.922992 0.484054
vt 0.636437 0.573811
vt 0.644245 0.573184
vt 0.644245 0.609232
vt 0.088099 0.551000
vt 0.096637 0.551763
vt 0.096637 0.557104
vt 0.007603 0.666654
vt 0.005764 0.665667
vt 0.012236 0.659479
vt 0.081379 0.557341
vt 0.085044 0.548779
vt 0.091282 0.561227
vt 0.496884 0.830743
vt 0.499562 0.841838
vt 0.495975 0.843115
vt 0.039326 0.086585
vt 0.041339 0.077366
vt 0.074162 0.084963
vt 0.039465 0.098490
vt 0.002000 0.082028
vt 0.238883 0.702148
vt 0.268902 0.704386
vt 0.239746 0.724866
vt 0.645965 0.758624
vt 0.635347 0.763261
vt 0.641859 0.755256
vt 0.680659 0.756589
vt 0.227398 0.702920
vt 0.268517 0.700827
vt 0.281400 0.037920
vt 0.283133 0.037605
vt 0.775668 0.656719
vt 0.776249 0.654467
vt 0.790609 0.655220
vt 0.758440 0.659307
vt 0.761393 0.654851
vt 0.100332 0.183010
vt 0.112043 0.169562
vt 0.112043 0.186271
vt 0.422835 0.589432
vt 0.426746 0.587126
vt 0.424170 0.603270
vt 0.420962 0.603283
vt 0.198733 0.687590
vt 0.197879 0.690019
vt 0.195056 0.690317
vt 0.194159 0.685970
vt 0.211481 0.679043
vt 0.406969 0.600549
vt 0.127449 0.012605
vt 0.125417 0.000617
vt 0.127449 0.000305
vt 0.965097 0.872236
vt 0.969169 0.866937
vt 0.965250 0.873554
vt 0.964169 0.871051
vt 0.557152 0.934225
vt 0.559358 0.944400
vt 0.544857 0.936767
vt 0.555493 0.924542
vt 0.558932 0.925137
vt 0.560303 0.935181
vt 0.904020 0.070541
vt 0.901934 0.088095
vt 0.896230 0.071763
vt 0.371109 0.889601
vt 0.350862 0.922913
vt 0.909211 0.085504
vt 0.375214 0.891635
vt 0.853905 0.929475
vt 0.839894 0.939523
vt 0.851810 0.918949
vt 0.856732 0.924698
vt 0.856957 0.933639
vt 0.854828 0.939492
vt 0.542216 0.317217
vt 0.539330 0.315827
vt 0.590436 0.314497
vt 0.513379 0.366940
vt 0.591025 0.316074
vt 0.657001 0.103982
vt 0.654584 0.103982
vt 0.683460 0.050014
vt 0.683460 0.147056
vt 0.215553 0.506069
vt 0.217629 0.496779
vt 0.217551 0.505765
vt 0.213850 0.501017
vt 0.212078 0.508028
vt 0.212109 0.513967
vt 0.148457 0.960766
vt 0.123444 0.939958
vt 0.148457 0.909274
vt 0.942858 0.142854
vt 0.942858 0.091691
vt 0.967769 0.121925
vt 0.915259 0.305815
vt 0.943960 0.278329
vt 0.943960 0.336128
vt 0.195034 0.342476
vt 0.227596 0.316413
vt 0.225300 0.351526
vt 0.439726 0.216207
vt 0.407024 0.217456
vt 0.423580 0.215968
vt 0.867748 0.480937
vt 0.849443 0.488253
vt 0.845310 0.477860
vt 0.881518 0.468510
vt 0.874179 0.518197
vt 0.865036 0.466139
vt 0.575009 0.450001
vt 0.613133 0.450395
vt 0.579082 0.469509
vt 0.342741 0.410675
vt 0.324323 0.412883
vt 0.583835 0.240112
vt 0.621173 0.236972
vt 0.620540 0.250077
vt 0.583246 0.253427
vt 0.415550 0.429245
vt 0.391258 0.409171
vt 0.416312 0.409624
vt 0.883858 0.001227
vt 0.888714 0.042720
vt 0.447548 0.432619
vt 0.449635 0.410777
vt 0.391435 0.446062
vt 0.731079 0.049150
vt 0.718604 0.048088
vt 0.731017 0.050533
vt 0.717668 0.049866
vt 0.704823 0.622298
vt 0.693425 0.663824
vt 0.692058 0.622183
vt 0.704179 0.620814
vt 0.909014 0.786367
vt 0.931795 0.737091
vt 0.893306 0.738073
vt 0.928893 0.719369
vt 0.933759 0.748044
vt 0.895621 0.749452
vt 0.303903 0.775103
vt 0.295671 0.789151
vt 0.275532 0.773622
vt 0.936957 0.782873
vt 0.248606 0.619346
vt 0.246151 0.616602
vt 0.258412 0.617891
vt 0.259099 0.636889
vt 0.250958 0.637074
vt 0.236443 0.621385
vt 0.235054 0.619406
vt 0.250223 0.687702
vt 0.256700 0.685506
vt 0.256507 0.687792
vt 0.372497 0.140040
vt 0.386351 0.144033
vt 0.414558 0.160710
vt 0.383244 0.139619
vt 0.366171 0.961516
vt 0.359059 0.960066
vt 0.357912 0.949368
vt 0.660670 0.901109
vt 0.698866 0.903831
vt 0.660255 0.908191
vt 0.698437 0.897902
vt 0.696606 0.893064
vt 0.658386 0.895160
vt 0.367577 0.956692
vt 0.677815 0.174594
vt 0.691275 0.170280
vt 0.677156 0.177315
vt 0.677421 0.166786
vt 0.692619 0.167442
vt 0.670980 0.174446
vt 0.668730 0.172205
vt 0.286806 0.035657
vt 0.286087 0.038156
vt 0.284379 0.035509
vt 0.283356 0.032416
vt 0.288510 0.034687
vt 0.904334 0.631416
vt 0.925497 0.632005
vt 0.911024 0.667207
vt 0.111101 0.291381
vt 0.093311 0.253610
vt 0.126303 0.250116
vt 0.135415 0.295607
vt 0.904857 0.666793
vt 0.107534 0.301907
vt 0.895377 0.639156
vt 0.232824 0.648416
vt 0.218874 0.614144
vt 0.971609 0.142854
vt 0.971609 0.102913
vt 0.984575 0.104494
vt 0.374643 0.232928
vt 0.337976 0.188977
vt 0.373325 0.275769
vt 0.374136 0.190157
vt 0.657260 0.290621
vt 0.620123 0.290885
vt 0.657746 0.247814
vt 0.658251 0.333327
vt 0.610254 0.047369
vt 0.609314 0.042554
vt 0.626336 0.045880
vt 0.594822 0.050743
vt 0.593957 0.047815
vt 0.610840 0.050189
vt 0.471319 0.780556
vt 0.484134 0.748141
vt 0.489083 0.783321
vt 0.453454 0.781294
vt 0.457172 0.748735
vt 0.467463 0.699638
vt 0.485939 0.703031
vt 0.486344 0.701135
vt 0.450791 0.700358
vt 0.199054 0.913789
vt 0.161004 0.921532
vt 0.196011 0.895532
vt 0.200021 0.928446
vt 0.162446 0.928768
vt 0.620398 0.888995
vt 0.654049 0.888327
vt 0.619536 0.903659
vt 0.695849 0.566167
vt 0.703149 0.564955
vt 0.711090 0.569022
vt 0.697526 0.569267
vt 0.682413 0.568026
vt 0.673308 0.563652
vt 0.685526 0.561774
vt 0.709751 0.571512
vt 0.818751 0.879535
vt 0.820669 0.845433
vt 0.835333 0.877181
vt 0.406618 0.620011
vt 0.371823 0.597839
vt 0.420696 0.617905
vt 0.818877 0.094646
vt 0.816165 0.095019
vt 0.817682 0.081478
vt 0.822934 0.094898
vt 0.817638 0.104497
vt 0.813001 0.104724
vt 0.822625 0.104486
vt 0.221059 0.061878
vt 0.220325 0.069791
vt 0.220331 0.061896
vt 0.221706 0.054208
vt 0.221716 0.070027
vt 0.223074 0.069819
vt 0.222589 0.061748
vt 0.552078 0.419504
vt 0.539011 0.455173
vt 0.532717 0.414066
vt 0.536177 0.376793
vt 0.555044 0.377282
vt 0.559579 0.422297
vt 0.561557 0.375822
vt 0.074585 0.095226
vt 0.074222 0.105003
vt 0.189072 0.953893
vt 0.507113 0.600574
vt 0.499815 0.600146
vt 0.506358 0.596526
vt 0.516011 0.597611
vt 0.518197 0.603581
vt 0.507640 0.604524
vt 0.432710 0.842448
vt 0.449571 0.851060
vt 0.431314 0.844187
vt 0.423180 0.835435
vt 0.228287 0.984494
vt 0.211147 0.971710
vt 0.217605 0.970874
vt 0.424807 0.830389
vt 0.318649 0.566863
vt 0.318558 0.611735
vt 0.284357 0.564776
vt 0.636286 0.706678
vt 0.648077 0.705082
vt 0.626956 0.708670
vt 0.622558 0.707038
vt 0.252819 0.923847
vt 0.244636 0.917120
vt 0.266094 0.912893
vt 0.251669 0.936957
vt 0.229206 0.936957
vt 0.267560 0.925914
vt 0.229298 0.931807
vt 0.848526 0.132680
vt 0.887778 0.133963
vt 0.887938 0.147056
vt 0.922633 0.263300
vt 0.889450 0.251461
vt 0.922633 0.251703
vt 0.801105 0.979150
vt 0.788405 0.984575
vt 0.788405 0.946382
vt 0.493830 0.456574
vt 0.493830 0.421431
vt 0.504192 0.425851
vt 0.849396 0.121060
vt 0.243693 0.482332
vt 0.232061 0.512595
vt 0.232061 0.481635
vt 0.034796 0.516911
vt 0.037247 0.467129
vt 0.290479 0.202868
vt 0.242236 0.199912
vt 0.055859 0.513492
vt 0.285365 0.223866
vt 0.292965 0.151444
vt 0.291870 0.119268
vt 0.296322 0.119732
vt 0.534435 0.360527
vt 0.539205 0.325307
vt 0.539205 0.361338
vt 0.287178 0.150666
vt 0.297175 0.151785
vt 0.668442 0.887009
vt 0.650178 0.843783
vt 0.677858 0.872136
vt 0.900173 0.362213
vt 0.894349 0.386006
vt 0.873160 0.375234
vt 0.892140 0.805307
vt 0.871682 0.794868
vt 0.869198 0.335402
vt 0.915949 0.335402
vt 0.913128 0.386562
vt 0.470579 0.346630
vt 0.470579 0.392149
vt 0.453583 0.367707
vt 0.650228 0.955724
vt 0.637780 0.945329
vt 0.262605 0.688664
vt 0.256881 0.689865
vt 0.268498 0.697466
vt 0.263804 0.694699
vt 0.270303 0.694055
vt 0.262740 0.685609
vt 0.526601 0.298645
vt 0.526436 0.300307
vt 0.511503 0.299302
vt 0.020257 0.403774
vt 0.012653 0.392516
vt 0.016016 0.392586
vt 0.000035 0.434165
vt 0.510411 0.259564
vt 0.149857 0.303093
vt 0.149857 0.345932
vt 0.135363 0.339465
vt 0.022198 0.403412
vt 0.863636 0.922952
vt 0.861240 0.894829
vt 0.863807 0.894566
vt 0.209769 0.021745
vt 0.199905 0.026351
vt 0.230505 0.004583
vt 0.193369 0.000089
vt 0.190513 0.247894
vt 0.188284 0.237004
vt 0.191873 0.246978
vt 0.188284 0.247660
vt 0.001395 0.151315
vt 0.003542 0.166404
vt 0.001395 0.165888
vt 0.690025 0.001133
vt 0.699626 0.011681
vt 0.686458 0.004896
vt 0.004202 0.152579
vt 0.684569 0.091252
vt 0.679241 0.098037
vt 0.683323 0.090799
vt 0.701585 0.003578
vt 0.696075 0.087207
vt 0.273289 0.708972
vt 0.273056 0.667549
vt 0.290274 0.667911
vt 0.585423 0.347707
vt 0.564529 0.376246
vt 0.296091 0.752932
vt 0.273056 0.752274
vt 0.292345 0.709029
vt 0.660461 0.275420
vt 0.670856 0.233422
vt 0.664019 0.275842
vt 0.901944 0.504921
vt 0.898588 0.506069
vt 0.889570 0.465652
vt 0.215136 0.635206
vt 0.217104 0.654246
vt 0.173167 0.656737
vt 0.216613 0.613493
vt 0.217781 0.636163
vt 0.773338 0.314173
vt 0.770669 0.292807
vt 0.778676 0.349882
vt 0.417359 0.841971
vt 0.399199 0.875368
vt 0.405531 0.837792
vt 0.760262 0.307658
vt 0.417359 0.882336
vt 0.579844 0.408719
vt 0.580102 0.406999
vt 0.594862 0.403127
vt 0.582904 0.410975
vt 0.571675 0.420523
vt 0.571477 0.409877
vt 0.177953 0.182384
vt 0.179853 0.187213
vt 0.178411 0.187257
vt 0.178878 0.174728
vt 0.180246 0.182488
vt 0.176939 0.187671
vt 0.176379 0.182861
vt 0.822598 0.708814
vt 0.796988 0.705497
vt 0.809098 0.708649
vt 0.226053 0.642855
vt 0.232471 0.649520
vt 0.923495 0.183914
vt 0.927729 0.183194
vt 0.911088 0.159192
vt 0.925159 0.189243
vt 0.874510 0.143886
vt 0.841437 0.877103
vt 0.837377 0.877438
vt 0.845842 0.837698
vt 0.861126 0.842890
vt 0.821211 0.126472
vt 0.817902 0.116567
vt 0.823111 0.115294
vt 0.819104 0.127646
vt 0.390819 0.273219
vt 0.384723 0.275946
vt 0.382449 0.273680
vt 0.509655 0.015549
vt 0.515694 0.014836
vt 0.392149 0.275296
vt 0.509555 0.018372
vt 0.389779 0.266087
vt 0.776845 0.884518
vt 0.800572 0.883780
vt 0.802506 0.923122
vt 0.776937 0.925338
vt 0.761932 0.883780
vt 0.041558 0.765733
vt 0.043321 0.811295
vt 0.022269 0.811736
vt 0.017819 0.765959
vt 0.056434 0.767014
vt 0.683460 0.803754
vt 0.653248 0.805828
vt 0.682692 0.771787
vt 0.967769 0.051820
vt 0.943656 0.019784
vt 0.967769 0.000981
vt 0.656916 0.845922
vt 0.655450 0.000744
vt 0.651862 0.030583
vt 0.626939 0.029963
vt 0.700267 0.516797
vt 0.626081 0.000952
vt 0.553727 0.882535
vt 0.573995 0.881148
vt 0.369741 0.551810
vt 0.352418 0.548384
vt 0.357902 0.538921
vt 0.368049 0.535366
vt 0.224765 0.484468
vt 0.217405 0.493324
vt 0.213880 0.487091
vt 0.222724 0.497469
vt 0.853333 0.949389
vt 0.849160 0.959473
vt 0.229688 0.496411
vt 0.213989 0.480773
vt 0.369741 0.512959
vt 0.326831 0.516616
vt 0.357440 0.496379
vt 0.336254 0.535538
vt 0.001486 0.114264
vt 0.001503 0.101791
vt 0.038830 0.110429
vt 0.164032 0.478983
vt 0.175050 0.442475
vt 0.176434 0.477966
vt 0.146193 0.465088
vt 0.139570 0.509613
vt 0.028736 0.549812
vt 0.023234 0.558640
vt 0.015937 0.548867
vt 0.046725 0.247819
vt 0.043770 0.246314
vt 0.047618 0.235623
vt 0.576714 0.995796
vt 0.564425 0.992524
vt 0.577502 0.992792
vt 0.047614 0.251022
vt 0.045957 0.249679
vt 0.560517 0.999981
vt 0.043269 0.247939
vt 0.522884 0.555778
vt 0.506407 0.559191
vt 0.504992 0.556736
vt 0.503138 0.511210
vt 0.519999 0.510568
vt 0.524790 0.557622
vt 0.540875 0.555429
vt 0.528614 0.722542
vt 0.278564 0.397775
vt 0.278701 0.353437
vt 0.252858 0.395960
vt 0.725476 0.165443
vt 0.725163 0.168884
vt 0.282066 0.398533
vt 0.697952 0.145521
vt 0.203488 0.935880
vt 0.203356 0.932968
vt 0.206351 0.932889
vt 0.207279 0.936459
vt 0.849241 0.305000
vt 0.204045 0.943960
vt 0.273919 0.925748
vt 0.275649 0.918265
vt 0.291311 0.923192
vt 0.538954 0.080227
vt 0.538704 0.041682
vt 0.576636 0.042612
vt 0.503278 0.086835
vt 0.502266 0.078091
vt 0.540117 0.090134
vt 0.576620 0.084911
vt 0.097604 0.251436
vt 0.071569 0.206681
vt 0.092904 0.203210
vt 0.118107 0.245336
vt 0.151896 0.439139
vt 0.132333 0.434045
vt 0.154758 0.389896
vt 0.174126 0.395499
vt 0.170211 0.444788
vt 0.080001 0.257698
vt 0.852419 0.450972
vt 0.257095 0.493666
vt 0.239365 0.518659
vt 0.859668 0.242866
vt 0.876734 0.214034
vt 0.876734 0.252049
vt 0.005602 0.539033
vt 0.000482 0.574219
vt 0.000482 0.538189
vt 0.861722 0.417211
vt 0.863642 0.284308
vt 0.816583 0.031870
vt 0.814071 0.034446
vt 0.806476 0.000096
vt 0.822113 0.034454
vt 0.566947 0.272306
vt 0.554595 0.263935
vt 0.568695 0.269777
vt 0.750161 0.764696
vt 0.763081 0.763391
vt 0.765053 0.777030
vt 0.576781 0.283629
vt 0.752820 0.778800
vt 0.574673 0.284763
vt 0.563872 0.282941
vt 0.554341 0.266282
vt 0.787179 0.165506
vt 0.966215 0.491944
vt 0.620300 0.575243
vt 0.639438 0.563394
vt 0.788237 0.164059
vt 0.729475 0.234852
vt 0.778697 0.206016
vt 0.778697 0.259803
vt 0.737998 0.213950
vt 0.172088 0.118585
vt 0.173314 0.114778
vt 0.202487 0.135728
vt 0.156752 0.102680
vt 0.200200 0.139366
vt 0.155228 0.105855
vt 0.210458 0.511485
vt 0.210525 0.505851
vt 0.207806 0.514989
vt 0.210590 0.516295
vt 0.209205 0.515911
vt 0.377939 0.290641
vt 0.379351 0.280387
vt 0.384844 0.286976
vt 0.411613 0.657819
vt 0.420155 0.655901
vt 0.420403 0.657875
vt 0.417328 0.666395
vt 0.406750 0.667054
vt 0.378988 0.292210
vt 0.374711 0.298314
vt 0.678476 0.621294
vt 0.678715 0.619019
vt 0.680849 0.662734
vt 0.666881 0.661787
vt 0.691574 0.620072
vt 0.568443 0.972638
vt 0.567678 0.973949
vt 0.566651 0.971090
vt 0.080572 0.380830
vt 0.087262 0.377309
vt 0.089560 0.379302
vt 0.574326 0.976756
vt 0.577300 0.974340
vt 0.177033 0.894027
vt 0.179924 0.900585
vt 0.172282 0.894612
vt 0.005506 0.971169
vt 0.015257 0.963613
vt 0.015269 0.973371
vt 0.203416 0.489438
vt 0.199313 0.488945
vt 0.204507 0.481437
vt 0.174216 0.892528
vt 0.205878 0.483108
vt 0.203304 0.492950
vt 0.004783 0.963822
vt 0.783543 0.614198
vt 0.795041 0.610037
vt 0.799055 0.610835
vt 0.775205 0.615047
vt 0.806707 0.651218
vt 0.768544 0.617754
vt 0.791191 0.652969
vt 0.041194 0.865913
vt 0.059628 0.900543
vt 0.023217 0.875410
vt 0.023217 0.831543
vt 0.058126 0.856899
vt 0.375686 0.014347
vt 0.390749 0.001109
vt 0.390749 0.033613
vt 0.275668 0.754674
vt 0.272383 0.772545
vt 0.612507 0.818500
vt 0.522384 0.020153
vt 0.526227 0.031094
vt 0.521680 0.026702
vt 0.125316 0.132229
vt 0.128281 0.143147
vt 0.124606 0.142856
vt 0.515991 0.020092
vt 0.522432 0.017208
vt 0.528001 0.028472
vt 0.128344 0.132348
vt 0.695644 0.313545
vt 0.698441 0.269499
vt 0.734932 0.271365
vt 0.694611 0.355736
vt 0.672622 0.355232
vt 0.674249 0.311893
vt 0.731507 0.312343
vt 0.612002 0.139405
vt 0.637492 0.137285
vt 0.636590 0.138833
vt 0.590174 0.138122
vt 0.611553 0.136976
vt 0.616130 0.179442
vt 0.014362 0.550163
vt 0.011851 0.551727
vt 0.008231 0.541979
vt 0.210603 0.968677
vt 0.210053 0.962919
vt 0.215887 0.969047
vt 0.199450 0.970724
vt 0.195856 0.964825
vt 0.753718 0.684818
vt 0.768807 0.681752
vt 0.754725 0.689089
vt 0.749785 0.669176
vt 0.738542 0.687677
vt 0.675088 0.001460
vt 0.682308 0.041491
vt 0.938687 0.847432
vt 0.943960 0.884762
vt 0.571477 0.368632
vt 0.595420 0.401446
vt 0.934699 0.849253
vt 0.002906 0.170865
vt 0.301059 0.119541
vt 0.318018 0.126158
vt 0.322883 0.084822
vt 0.308951 0.069103
vt 0.303714 0.070554
vt 0.181057 0.769647
vt 0.182135 0.775987
vt 0.183288 0.760842
vt 0.183470 0.769868
vt 0.096046 0.677664
vt 0.087291 0.720118
vt 0.090033 0.678819
vt 0.180530 0.763697
vt 0.090591 0.719133
vt 0.100838 0.675274
vt 0.094684 0.717085
vt 0.853042 0.687728
vt 0.889492 0.674365
vt 0.227939 0.600918
vt 0.247466 0.596831
vt 0.225858 0.620628
vt 0.654395 0.778809
vt 0.651476 0.766370
vt 0.660872 0.765480
vt 0.631686 0.795537
vt 0.641735 0.776250
vt 0.646325 0.771797
vt 0.637609 0.783313
vt 0.969169 0.897742
vt 0.963729 0.864176
vt 0.960916 0.849915
vt 0.848898 0.619036
vt 0.830259 0.612467
vt 0.847359 0.583406
vt 0.855985 0.586076
vt 0.284637 0.319839
vt 0.303713 0.301227
vt 0.288372 0.320135
vt 0.283322 0.353585
vt 0.297116 0.299510
vt 0.238790 0.793285
vt 0.951621 0.065759
vt 0.961543 0.054404
vt 0.959964 0.068920
vt 0.948806 0.067902
vt 0.957525 0.812542
vt 0.350034 0.545904
vt 0.366103 0.528249
vt 0.369741 0.530441
vt 0.367171 0.532760
vt 0.354250 0.533296
vt 0.812920 0.958239
vt 0.813360 0.955617
vt 0.828801 0.960030
vt 0.813704 0.959440
vt 0.805457 0.969169
vt 0.804145 0.968348
vt 0.291099 0.934156
vt 0.297672 0.917053
vt 0.299535 0.918638
vt 0.750074 0.778587
vt 0.755469 0.792309
vt 0.739609 0.786243
vt 0.553902 0.255279
vt 0.219438 0.136885
vt 0.218481 0.149568
vt 0.219830 0.143028
vt 0.329656 0.486792
vt 0.336265 0.476847
vt 0.333845 0.486373
vt 0.895806 0.480540
vt 0.908213 0.476838
vt 0.907792 0.478374
vt 0.612513 0.469068
vt 0.580990 0.472266
vt 0.901988 0.693264
vt 0.898699 0.692963
vt 0.904642 0.683432
vt 0.907664 0.684998
vt 0.930211 0.951873
vt 0.960766 0.949783
vt 0.959153 0.958407
vt 0.216628 0.943144
vt 0.218641 0.952777
vt 0.211721 0.952596
vt 0.928585 0.960766
vt 0.919037 0.950936
vt 0.931020 0.939335
vt 0.960001 0.941013
vt 0.223502 0.944355
vt 0.520756 0.216250
vt 0.533323 0.174427
vt 0.535743 0.175358
vt 0.556012 0.185034
vt 0.516826 0.216496
vt 0.540118 0.226186
vt 0.718336 0.052405
vt 0.711049 0.088697
vt 0.705347 0.052242
vt 0.730755 0.052208
vt 0.721824 0.089190
vt 0.623495 0.757202
vt 0.625358 0.759360
vt 0.620461 0.763705
vt 0.328002 0.913816
vt 0.319087 0.889811
vt 0.320632 0.915949
vt 0.613442 0.742738
vt 0.631963 0.729136
vt 0.619035 0.763283
vt 0.638842 0.748383
vt 0.120055 0.945360
vt 0.120055 0.911087
vt 0.123247 0.912402
vt 0.201677 0.408373
vt 0.191156 0.439768
vt 0.192469 0.403044
vt 0.857127 0.910347
vt 0.855198 0.910026
vt 0.857127 0.876078
vt 0.932642 0.373783
vt 0.690067 0.523403
vt 0.704906 0.522298
vt 0.714272 0.560449
vt 0.682843 0.755351
vt 0.690922 0.759667
vt 0.688432 0.763881
vt 0.423634 0.618247
vt 0.437132 0.605815
vt 0.778697 0.791661
vt 0.763799 0.821752
vt 0.753377 0.809058
vt 0.469112 0.595369
vt 0.470579 0.611205
vt 0.577020 0.000511
vt 0.538763 0.001152
vt 0.004060 0.355035
vt 0.002622 0.320231
vt 0.046160 0.354274
vt 0.003273 0.000659
vt 0.046808 0.004184
vt 0.047196 0.041791
vt 0.281144 0.478896
vt 0.238571 0.478982
vt 0.282018 0.444069
vt 0.000664 0.041542
vt 0.294801 0.979684
vt 0.294631 0.981287
vt 0.278347 0.981989
vt 0.294581 0.976879
vt 0.311965 0.982925
vt 0.311799 0.984568
vt 0.278175 0.979688
vt 0.340119 0.645735
vt 0.336565 0.645694
vt 0.339923 0.613579
vt 0.508730 0.371141
vt 0.194522 0.399152
vt 0.201233 0.358549
vt 0.207647 0.360447
vt 0.100838 0.770294
vt 0.095555 0.766686
vt 0.096902 0.728956
vt 0.962858 0.941701
vt 0.969169 0.901150
vt 0.969169 0.942559
vt 0.559652 0.987247
vt 0.563075 0.975085
vt 0.565100 0.985239
vt 0.561055 0.990196
vt 0.552086 0.989115
vt 0.157166 0.883509
vt 0.176053 0.872338
vt 0.168726 0.889308
vt 0.153762 0.885663
vt 0.827585 0.151258
vt 0.828534 0.117265
vt 0.848723 0.151258
vt 0.166601 0.867263
vt 0.638655 0.561831
vt 0.638140 0.560026
vt 0.653221 0.560971
vt 0.654068 0.565171
vt 0.782036 0.218064
vt 0.038219 0.179479
vt 0.008450 0.156530
vt 0.038532 0.153369
vt 0.767419 0.865530
vt 0.776377 0.830212
vt 0.000664 0.186971
vt 0.746427 0.854983
vt 0.838208 0.402380
vt 0.218573 0.131598
vt 0.177868 0.725688
vt 0.283802 0.999981
vt 0.295944 0.986530
vt 0.295477 0.997068
vt 0.278389 0.984612
vt 0.845828 0.482225
vt 0.844233 0.497139
vt 0.829115 0.496080
vt 0.574249 0.131650
vt 0.563282 0.128511
vt 0.578921 0.117810
vt 0.667518 0.977755
vt 0.663085 0.956745
vt 0.653894 0.980374
vt 0.680659 0.973208
vt 0.839696 0.479625
vt 0.263086 0.046598
vt 0.267502 0.053491
vt 0.265351 0.055269
vt 0.858860 0.924519
vt 0.262093 0.053952
vt 0.260844 0.046040
vt 0.119045 0.598721
vt 0.116712 0.597807
vt 0.118916 0.593127
vt 0.116712 0.635842
vt 0.897076 0.590839
vt 0.871353 0.568276
vt 0.806476 0.068626
vt 0.815386 0.036284
vt 0.272058 0.040640
vt 0.277642 0.041947
vt 0.225732 0.271900
vt 0.278731 0.044136
vt 0.578308 0.012431
vt 0.207802 0.166393
vt 0.211481 0.168746
vt 0.207631 0.170202
vt 0.579704 0.020559
vt 0.341513 0.475182
vt 0.343010 0.456513
vt 0.354801 0.472192
vt 0.337659 0.456819
vt 0.340215 0.486802
vt 0.892770 0.464488
vt 0.907138 0.459997
vt 0.907775 0.472052
vt 0.360668 0.490721
vt 0.969169 0.331622
vt 0.969169 0.375343
vt 0.962122 0.332532
vt 0.904770 0.860952
vt 0.911329 0.860074
vt 0.262440 0.560955
vt 0.296019 0.548210
vt 0.297584 0.556754
vt 0.288496 0.528488
vt 0.221284 0.282908
vt 0.205801 0.269917
vt 0.221267 0.236174
vt 0.423661 0.390180
vt 0.423482 0.369246
vt 0.506655 0.847314
vt 0.436967 0.128149
vt 0.393092 0.121031
vt 0.356005 0.090509
vt 0.273068 0.889785
vt 0.535352 0.988777
vt 0.535352 0.950587
vt 0.551810 0.987267
vt 0.175889 0.284227
vt 0.229687 0.293501
vt 0.624176 0.434165
vt 0.488080 0.506601
vt 0.501572 0.461779
vt 0.504499 0.506648
vt 0.607344 0.385435
vt 0.606947 0.386547
vt 0.955293 0.768874
vt 0.952453 0.790991
vt 0.627427 0.041088
vt 0.650648 0.039714
vt 0.893712 0.584023
vt 0.602229 0.095126
vt 0.583250 0.095236
vt 0.583250 0.052780
vt 0.708428 0.802377
vt 0.707312 0.805280
vt 0.692996 0.805307
vt 0.724762 0.804126
vt 0.120446 0.499990
vt 0.113510 0.470316
vt 0.120446 0.468871
vt 0.047423 0.576267
vt 0.048273 0.554809
vt 0.026049 0.603398
vt 0.021156 0.194566
vt 0.022857 0.187305
vt 0.022818 0.194480
vt 0.220285 0.053885
vt 0.218946 0.061687
vt 0.219450 0.053733
vt 0.020411 0.194674
vt 0.021432 0.186585
vt 0.259099 0.595417
vt 0.257792 0.615117
vt 0.698074 0.259724
vt 0.678897 0.265198
vt 0.557737 0.174228
vt 0.569565 0.134850
vt 0.469932 0.261799
vt 0.451102 0.261121
vt 0.456678 0.214676
vt 0.455976 0.152855
vt 0.456964 0.156719
vt 0.442964 0.164813
vt 0.465863 0.139248
vt 0.472823 0.215379
vt 0.452638 0.263710
vt 0.221284 0.142966
vt 0.221284 0.149857
vt 0.220607 0.149722
vt 0.210836 0.001057
vt 0.211481 0.000868
vt 0.220705 0.136252
vt 0.764413 0.646150
vt 0.766545 0.606671
vt 0.689453 0.521789
vt 0.704948 0.520248
vt 0.690583 0.519695
vt 0.757867 0.193900
vt 0.727709 0.193907
vt 0.727445 0.173061
vt 0.876141 0.210080
vt 0.867683 0.199421
vt 0.727445 0.214282
vt 0.098407 0.650988
vt 0.079987 0.650541
vt 0.105040 0.627475
vt 0.759089 0.172650
vt 0.885692 0.208810
vt 0.191468 0.443182
vt 0.196435 0.478578
vt 0.466235 0.646530
vt 0.463446 0.687686
vt 0.473417 0.616650
vt 0.483886 0.896341
vt 0.465006 0.895533
vt 0.468131 0.861265
vt 0.447131 0.649403
vt 0.485985 0.862762
vt 0.184864 0.079356
vt 0.183818 0.079812
vt 0.186919 0.073169
vt 0.186314 0.079605
vt 0.655458 0.667381
vt 0.655553 0.664534
vt 0.667551 0.666327
vt 0.663207 0.704821
vt 0.239997 0.752201
vt 0.267717 0.754692
vt 0.237436 0.792702
vt 0.228046 0.751917
vt 0.223262 0.791889
vt 0.268902 0.728910
vt 0.787836 0.744666
vt 0.764132 0.750294
vt 0.424184 0.315642
vt 0.469437 0.316172
vt 0.433599 0.321887
vt 0.797706 0.754888
vt 0.424905 0.670536
vt 0.417302 0.668634
vt 0.424907 0.668933
vt 0.428541 0.680139
vt 0.420133 0.679594
vt 0.480383 0.101639
vt 0.475993 0.100114
vt 0.480383 0.091241
vt 0.480072 0.103213
vt 0.417065 0.670928
vt 0.690894 0.049035
vt 0.704789 0.048018
vt 0.332721 0.866395
vt 0.332380 0.850704
vt 0.351534 0.850502
vt 0.320923 0.870347
vt 0.349961 0.867379
vt 0.262136 0.172167
vt 0.274505 0.134660
vt 0.274505 0.176467
vt 0.250954 0.168200
vt 0.263441 0.131685
vt 0.887751 0.122098
vt 0.025827 0.430690
vt 0.004706 0.433701
vt 0.980566 0.054525
vt 0.981774 0.071031
vt 0.971318 0.071687
vt 0.048050 0.426363
vt 0.057953 0.464662
vt 0.971399 0.054404
vt 0.572818 0.336453
vt 0.572114 0.346478
vt 0.553184 0.336453
vt 0.720911 0.248511
vt 0.938131 0.822113
vt 0.941922 0.814356
vt 0.948405 0.815541
vt 0.949444 0.823514
vt 0.450817 0.906425
vt 0.452733 0.909008
vt 0.438842 0.909136
vt 0.431433 0.904519
vt 0.449199 0.904621
vt 0.460044 0.897587
vt 0.461805 0.902367
vt 0.308778 0.926609
vt 0.314745 0.932293
vt 0.752460 0.751215
vt 0.798304 0.773705
vt 0.981774 0.855726
vt 0.954339 0.839200
vt 0.978796 0.837753
vt 0.926029 0.524525
vt 0.927461 0.564603
vt 0.915547 0.513184
vt 0.531463 0.020019
vt 0.534131 0.010252
vt 0.534452 0.019529
vt 0.266688 0.674974
vt 0.262460 0.683016
vt 0.265324 0.672835
vt 0.531151 0.010602
vt 0.620258 0.533022
vt 0.623854 0.541765
vt 0.620070 0.541937
vt 0.623984 0.533670
vt 0.532552 0.030146
vt 0.846588 0.158968
vt 0.831262 0.193194
vt 0.849828 0.193171
vt 0.865530 0.157652
vt 0.820582 0.572392
vt 0.820164 0.571208
vt 0.833973 0.576959
vt 0.834841 0.579493
vt 0.116722 0.008754
vt 0.115177 0.013827
vt 0.121049 0.014005
vt 0.284147 0.511475
vt 0.282842 0.507780
vt 0.323610 0.500836
vt 0.258291 0.519146
vt 0.053968 0.248571
vt 0.058880 0.212380
vt 0.058583 0.247869
vt 0.075683 0.122137
vt 0.154601 0.955820
vt 0.155232 0.992281
vt 0.848723 0.372910
vt 0.811214 0.357180
vt 0.826655 0.320151
vt 0.072305 0.565816
vt 0.072591 0.541804
vt 0.228287 0.861017
vt 0.203616 0.892140
vt 0.203616 0.840769
vt 0.948161 0.568850
vt 0.948161 0.626039
vt 0.919887 0.596740
vt 0.841053 0.392149
vt 0.215644 0.824703
vt 0.484762 0.512317
vt 0.625267 0.381281
vt 0.625231 0.333752
vt 0.636831 0.336800
vt 0.642835 0.379919
vt 0.607243 0.383992
vt 0.611131 0.846275
vt 0.597098 0.829347
vt 0.852228 0.676195
vt 0.612033 0.833151
vt 0.616865 0.182317
vt 0.636204 0.178693
vt 0.595271 0.184704
vt 0.678512 0.751517
vt 0.678560 0.748416
vt 0.241922 0.071645
vt 0.949562 0.881132
vt 0.947219 0.880161
vt 0.948538 0.871840
vt 0.029564 0.758680
vt 0.946530 0.887654
vt 0.167159 0.859593
vt 0.132097 0.854964
vt 0.167207 0.855365
vt 0.161949 0.870480
vt 0.131364 0.857599
vt 0.952754 0.828059
vt 0.953718 0.829920
vt 0.948153 0.830678
vt 0.951949 0.821187
vt 0.184182 0.556362
vt 0.155964 0.539403
vt 0.192846 0.541252
vt 0.147202 0.554676
vt 0.353811 0.435627
vt 0.355068 0.456440
vt 0.343770 0.435875
vt 0.193274 0.562888
vt 0.060442 0.177789
vt 0.069383 0.209009
vt 0.030992 0.209740
vt 0.185517 0.212881
vt 0.185517 0.165304
vt 0.187671 0.166709
vt 0.563107 0.934915
vt 0.568769 0.930413
vt 0.561768 0.924118
vt 0.239566 0.972705
vt 0.248366 0.949430
vt 0.215229 0.009677
vt 0.213543 0.009733
vt 0.215255 0.002827
vt 0.214718 0.054004
vt 0.218197 0.053930
vt 0.217141 0.061418
vt 0.216497 0.002432
vt 0.217202 0.009804
vt 0.215566 0.061723
vt 0.213367 0.054401
vt 0.208369 0.131208
vt 0.210196 0.134811
vt 0.204187 0.132050
vt 0.213264 0.129117
vt 0.175276 0.046560
vt 0.188713 0.072127
vt 0.167756 0.066490
vt 0.153344 0.065725
vt 0.159152 0.049672
vt 0.182079 0.028072
vt 0.198437 0.053527
vt 0.205574 0.001034
vt 0.207169 0.001075
vt 0.206556 0.007498
vt 0.218947 0.069458
vt 0.204430 0.007394
vt 0.681974 0.667834
vt 0.682364 0.666882
vt 0.802531 0.378485
vt 0.613959 0.534253
vt 0.652649 0.506088
vt 0.802531 0.310027
vt 0.590138 0.535004
vt 0.525177 0.559940
vt 0.507222 0.562334
vt 0.544257 0.557366
vt 0.808478 0.566270
vt 0.790875 0.574148
vt 0.791692 0.538817
vt 0.750928 0.757766
vt 0.709290 0.760490
vt 0.826315 0.529369
vt 0.152192 0.941019
vt 0.152629 0.927346
vt 0.150872 0.954730
vt 0.405736 0.169906
vt 0.422928 0.212705
vt 0.407219 0.213417
vt 0.424914 0.169554
vt 0.423998 0.167707
vt 0.387968 0.170714
vt 0.309468 0.875777
vt 0.904745 0.264288
vt 0.904633 0.297514
vt 0.873984 0.262930
vt 0.264925 0.930008
vt 0.287109 0.946430
vt 0.264925 0.977572
vt 0.675057 0.007903
vt 0.675057 0.055466
vt 0.652612 0.040484
vt 0.736411 0.383423
vt 0.764691 0.427163
vt 0.728511 0.399038
vt 0.734991 0.380610
vt 0.764691 0.336264
vt 0.683657 0.387103
vt 0.692549 0.378542
vt 0.266861 0.565085
vt 0.457589 0.583722
vt 0.415971 0.549000
vt 0.472542 0.583421
vt 0.476068 0.548613
vt 0.842380 0.753467
vt 0.430999 0.965748
vt 0.427666 0.964803
vt 0.435532 0.950243
vt 0.435396 0.966920
vt 0.435210 0.984424
vt 0.427325 0.983171
vt 0.429772 0.984090
vt 0.936231 0.838964
vt 0.948146 0.836408
vt 0.953763 0.872532
vt 0.097884 0.821948
vt 0.123539 0.851350
vt 0.765569 0.976172
vt 0.127130 0.847951
vt 0.223424 0.277393
vt 0.278570 0.032214
vt 0.283030 0.030145
vt 0.281803 0.034437
vt 0.277702 0.037120
vt 0.573120 0.876711
vt 0.552401 0.877845
vt 0.528530 0.851969
vt 0.577240 0.872681
vt 0.911747 0.561717
vt 0.909518 0.566825
vt 0.907759 0.559924
vt 0.120676 0.003059
vt 0.124190 0.004170
vt 0.124647 0.012147
vt 0.521150 0.630240
vt 0.565242 0.610289
vt 0.564858 0.629020
vt 0.613434 0.632187
vt 0.593088 0.675697
vt 0.591200 0.632170
vt 0.521469 0.608072
vt 0.344418 0.560790
vt 0.957795 0.333133
vt 0.638080 0.228415
vt 0.614742 0.227037
vt 0.614636 0.229318
vt 0.658251 0.227985
vt 0.657937 0.230512
vt 0.658251 0.137006
vt 0.514001 0.592196
vt 0.513485 0.587247
vt 0.515314 0.588489
vt 0.515674 0.594597
vt 0.514329 0.595534
vt 0.292600 0.177868
vt 0.292656 0.174577
vt 0.503579 0.588768
vt 0.506439 0.593563
vt 0.188862 0.406413
vt 0.147703 0.893469
vt 0.128341 0.869073
vt 0.165102 0.893331
vt 0.678308 0.151427
vt 0.577340 0.740344
vt 0.847612 0.899098
vt 0.857127 0.915502
vt 0.815672 0.918750
vt 0.807749 0.897411
vt 0.845167 0.878697
vt 0.389668 0.479549
vt 0.391449 0.495789
vt 0.390416 0.461952
vt 0.298075 0.069760
vt 0.272667 0.070510
vt 0.085061 0.764863
vt 0.077765 0.724841
vt 0.086777 0.723725
vt 0.761524 0.924242
vt 0.761552 0.943578
vt 0.752579 0.924381
vt 0.812719 0.503690
vt 0.832193 0.505387
vt 0.814916 0.512743
vt 0.797016 0.512967
vt 0.787480 0.497877
vt 0.797410 0.504336
vt 0.512179 0.905535
vt 0.514935 0.913818
vt 0.492277 0.891562
vt 0.796641 0.523181
vt 0.782098 0.516554
vt 0.784577 0.503208
vt 0.509132 0.894910
vt 0.848587 0.196012
vt 0.847230 0.198783
vt 0.829259 0.195816
vt 0.865213 0.196215
vt 0.864002 0.198881
vt 0.336678 0.613449
vt 0.317182 0.646082
vt 0.723317 0.193987
vt 0.686256 0.195595
vt 0.724473 0.176268
vt 0.725476 0.217420
vt 0.684952 0.216573
vt 0.289320 0.399019
vt 0.814150 0.657896
vt 0.811827 0.656041
vt 0.820627 0.653791
vt 0.806937 0.661716
vt 0.970062 0.042016
vt 0.970062 0.004073
vt 0.977238 0.005029
vt 0.822522 0.656607
vt 0.822871 0.697466
vt 0.893515 0.811210
vt 0.899489 0.804458
vt 0.912176 0.822148
vt 0.933767 0.781498
vt 0.909986 0.831176
vt 0.886997 0.818218
vt 0.168912 0.655830
vt 0.166063 0.655216
vt 0.168029 0.676639
vt 0.869089 0.528757
vt 0.954993 0.801560
vt 0.952035 0.806938
vt 0.957965 0.793033
vt 0.957965 0.809267
vt 0.336513 0.959365
vt 0.653235 0.178691
vt 0.049838 0.205878
vt 0.313036 0.976942
vt 0.294311 0.961997
vt 0.315120 0.965752
vt 0.468563 0.851304
vt 0.312564 0.980943
vt 0.294444 0.972901
vt 0.723130 0.128011
vt 0.723818 0.126888
vt 0.018905 0.646789
vt 0.022409 0.640193
vt 0.020246 0.646086
vt 0.019702 0.653284
vt 0.011007 0.650483
vt 0.772809 0.159418
vt 0.754908 0.123621
vt 0.792776 0.145711
vt 0.769819 0.161028
vt 0.752201 0.126057
vt 0.824920 0.053738
vt 0.845922 0.067674
vt 0.820449 0.069472
vt 0.801105 0.159457
vt 0.774010 0.175592
vt 0.536404 0.001346
vt 0.536348 0.010037
vt 0.127586 0.152658
vt 0.124606 0.152333
vt 0.130250 0.143797
vt 0.473320 0.113443
vt 0.474479 0.103376
vt 0.479288 0.104669
vt 0.428563 0.657117
vt 0.428100 0.655421
vt 0.425519 0.667274
vt 0.212513 0.244775
vt 0.206837 0.246494
vt 0.210278 0.234900
vt 0.212881 0.246494
vt 0.578863 0.976368
vt 0.569302 0.984950
vt 0.050419 0.968498
vt 0.277851 0.881100
vt 0.168779 0.901919
vt 0.773660 0.289099
vt 0.505879 0.859927
vt 0.499026 0.851458
vt 0.502691 0.849317
vt 0.510011 0.857180
vt 0.759782 0.287756
vt 0.518197 0.565056
vt 0.511266 0.565958
vt 0.508062 0.563728
vt 0.292976 0.164987
vt 0.287191 0.165855
vt 0.285728 0.164096
vt 0.517983 0.562753
vt 0.515754 0.571114
vt 0.292633 0.168370
vt 0.295383 0.165901
vt 0.068049 0.719492
vt 0.708326 0.604182
vt 0.688196 0.600885
vt 0.861104 0.378835
vt 0.858473 0.377724
vt 0.854670 0.583577
vt 0.385033 0.278913
vt 0.375672 0.276352
vt 0.936003 0.179377
vt 0.955164 0.162885
vt 0.954903 0.166008
vt 0.939268 0.154975
vt 0.930022 0.180669
vt 0.931734 0.177247
vt 0.379770 0.667054
vt 0.364871 0.638253
vt 0.383846 0.631352
vt 0.398415 0.661130
vt 0.392641 0.702036
vt 0.419972 0.946761
vt 0.436911 0.945492
vt 0.515454 0.744211
vt 0.515575 0.746169
vt 0.500811 0.746349
vt 0.500250 0.743845
vt 0.518217 0.702198
vt 0.424396 0.908165
vt 0.525200 0.747186
vt 0.584022 0.265552
vt 0.000342 0.931266
vt 0.016605 0.918301
vt 0.013338 0.934507
vt 0.770294 0.685896
vt 0.758077 0.689637
vt 0.107962 0.765673
vt 0.123256 0.766750
vt 0.103718 0.797935
vt 0.103718 0.764417
vt 0.136055 0.013536
vt 0.118985 0.040377
vt 0.112125 0.018096
vt 0.092124 0.820812
vt 0.066836 0.246221
vt 0.071807 0.245497
vt 0.072620 0.282908
vt 0.076996 0.783901
vt 0.066836 0.210174
vt 0.032212 0.561962
vt 0.023627 0.562064
vt 0.491945 0.565816
vt 0.639137 0.432024
vt 0.490702 0.560883
vt 0.790031 0.268882
vt 0.809508 0.272451
vt 0.787377 0.290563
vt 0.532612 0.848758
vt 0.512554 0.855606
vt 0.668783 0.195463
vt 0.775741 0.286450
vt 0.762556 0.653029
vt 0.752253 0.651481
vt 0.757158 0.562532
vt 0.766796 0.601548
vt 0.842828 0.698898
vt 0.839327 0.700911
vt 0.833380 0.700377
vt 0.746762 0.562822
vt 0.767492 0.651654
vt 0.848723 0.667340
vt 0.133704 0.116693
vt 0.148457 0.119105
vt 0.133704 0.159661
vt 0.842159 0.315238
vt 0.855182 0.323121
vt 0.834903 0.327683
vt 0.871132 0.281519
vt 0.102322 0.439401
vt 0.089428 0.461596
vt 0.074458 0.459145
vt 0.981774 0.981774
vt 0.938858 0.979684
vt 0.981774 0.938535
vt 0.077661 0.907546
vt 0.082687 0.882599
vt 0.087637 0.884856
vt 0.078493 0.884737
vt 0.760884 0.498444
vt 0.803906 0.483503
vt 0.815911 0.190483
vt 0.385766 0.296567
vt 0.423661 0.313515
vt 0.648971 0.932373
vt 0.610844 0.927948
vt 0.617764 0.913337
vt 0.611401 0.948161
vt 0.654049 0.910560
vt 0.168064 0.848504
vt 0.131023 0.850919
vt 0.128936 0.849306
vt 0.167793 0.846601
vt 0.952009 0.835318
vt 0.950112 0.836391
vt 0.077029 0.892046
vt 0.337529 0.989772
vt 0.317697 0.990177
vt 0.317697 0.950221
vt 0.284217 0.459381
vt 0.316832 0.456221
vt 0.282988 0.479053
vt 0.415958 0.654442
vt 0.402487 0.624902
vt 0.513665 0.885091
vt 0.513752 0.888557
vt 0.146470 0.100947
vt 0.152510 0.099910
vt 0.151206 0.104104
vt 0.149312 0.097120
vt 0.588679 0.817354
vt 0.588999 0.829432
vt 0.573751 0.828349
vt 0.594894 0.818763
vt 0.520386 0.448164
vt 0.612033 0.782169
vt 0.568846 0.815189
vt 0.342681 0.964322
vt 0.351468 0.962410
vt 0.149185 0.078356
vt 0.114622 0.073868
vt 0.147879 0.068534
vt 0.115989 0.088501
vt 0.329791 0.967960
vt 0.151958 0.092654
vt 0.056021 0.144255
vt 0.050456 0.144255
vt 0.054257 0.135861
vt 0.211481 0.177868
vt 0.499354 0.605031
vt 0.498483 0.597889
vt 0.495487 0.602684
vt 0.425833 0.828497
vt 0.435701 0.836756
vt 0.425352 0.825229
vt 0.190473 0.889560
vt 0.335532 0.564776
vt 0.955164 0.676458
vt 0.930967 0.650796
vt 0.955164 0.620118
vt 0.723134 0.242292
vt 0.809508 0.357136
vt 0.692172 0.053283
vt 0.704809 0.049951
vt 0.610226 0.401349
vt 0.596932 0.404677
vt 0.610125 0.399366
vt 0.690912 0.050557
vt 0.681578 0.058738
vt 0.307620 0.898312
vt 0.911943 0.924352
vt 0.305403 0.878684
vt 0.179803 0.439678
vt 0.179803 0.400923
vt 0.191751 0.364602
vt 0.074318 0.512705
vt 0.100864 0.475645
vt 0.093291 0.520297
vt 0.283943 0.241440
vt 0.230698 0.234340
vt 0.233663 0.219186
vt 0.285898 0.262247
vt 0.233257 0.250334
vt 0.510909 0.366688
vt 0.510909 0.257919
vt 0.547648 0.302969
vt 0.230555 0.840320
vt 0.256509 0.808320
vt 0.273941 0.823290
vt 0.844987 0.766291
vt 0.842380 0.798932
vt 0.446770 0.972818
vt 0.445776 0.991578
vt 0.508660 0.616928
vt 0.491680 0.617895
vt 0.959185 0.071922
vt 0.966495 0.081023
vt 0.957825 0.074979
vt 0.970180 0.073863
vt 0.249762 0.670647
vt 0.156492 0.096480
vt 0.158093 0.100495
vt 0.152453 0.092920
vt 0.211157 0.500801
vt 0.475455 0.102210
vt 0.710938 0.005285
vt 0.521667 0.571825
vt 0.219054 0.672879
vt 0.174319 0.677858
vt 0.221284 0.662576
vt 0.110331 0.923185
vt 0.484885 0.745860
vt 0.469683 0.744857
vt 0.501530 0.748457
vt 0.505788 0.781882
vt 0.257703 0.065183
vt 0.253618 0.047073
vt 0.358537 0.726632
vt 0.228319 0.071130
vt 0.204362 0.790230
vt 0.589791 0.812112
vt 0.590073 0.772181
vt 0.206712 0.750365
vt 0.280881 0.503582
vt 0.321053 0.493669
vt 0.322258 0.497489
vt 0.343197 0.172927
vt 0.348137 0.131320
vt 0.316699 0.158344
vt 0.356147 0.182770
vt 0.505523 0.583907
vt 0.286602 0.177868
vt 0.220800 0.963262
vt 0.200996 0.952789
vt 0.808332 0.614834
vt 0.748674 0.697847
vt 0.764399 0.715252
vt 0.705918 0.698417
vt 0.434758 0.700069
vt 0.400817 0.701750
vt 0.431396 0.689523
vt 0.036847 0.915390
vt 0.026259 0.906074
vt 0.036287 0.904531
vt 0.435293 0.712427
vt 0.400790 0.715782
vt 0.051820 0.916532
vt 0.024910 0.917349
vt 0.248149 0.569127
vt 0.268478 0.587382
vt 0.248081 0.572686
vt 0.210018 0.572277
vt 0.099438 0.848897
vt 0.268256 0.578091
vt 0.092259 0.726229
vt 0.195743 0.353331
vt 0.194522 0.344706
vt 0.200433 0.353023
vt 0.729494 0.837068
vt 0.712462 0.838465
vt 0.422206 0.630952
vt 0.957415 0.864584
vt 0.962607 0.871341
vt 0.950860 0.890319
vt 0.959969 0.850849
vt 0.868331 0.550897
vt 0.855387 0.581304
vt 0.846121 0.578246
vt 0.957657 0.849566
vt 0.850839 0.545404
vt 0.896317 0.090495
vt 0.902676 0.093748
vt 0.967769 0.684356
vt 0.945834 0.724076
vt 0.945834 0.674060
vt 0.253819 0.806547
vt 0.240608 0.791863
vt 0.214710 0.492949
vt 0.394500 0.935557
vt 0.394500 0.876813
vt 0.422961 0.907825
vt 0.966368 0.483837
vt 0.941585 0.504192
vt 0.941585 0.453255
vt 0.914730 0.068626
vt 0.914730 0.010489
vt 0.949562 0.031467
vt 0.697869 0.941840
vt 0.722675 0.910796
vt 0.722675 0.962167
vt 0.931355 0.387948
vt 0.902610 0.361055
vt 0.931355 0.329810
vt 0.955055 0.334728
vt 0.945083 0.284781
vt 0.985976 0.284781
vt 0.374184 0.264701
vt 0.831917 0.399176
vt 0.831917 0.470113
vt 0.148111 0.907033
vt 0.128341 0.931355
vt 0.164959 0.897232
vt 0.159408 0.899631
vt 0.489883 0.441988
vt 0.493011 0.418249
vt 0.170865 0.773638
vt 0.142625 0.795993
vt 0.140863 0.769638
vt 0.489904 0.465780
vt 0.446572 0.458046
vt 0.170076 0.750557
vt 0.169799 0.797645
vt 0.260978 0.130234
vt 0.248096 0.167080
vt 0.240295 0.121747
vt 0.274399 0.495789
vt 0.313787 0.473769
vt 0.306492 0.490640
vt 0.400737 0.687556
vt 0.434325 0.685864
vt 0.400146 0.690344
vt 0.702690 0.872226
vt 0.757160 0.895160
vt 0.739211 0.895034
vt 0.701056 0.883436
vt 0.922922 0.198223
vt 0.922952 0.228846
vt 0.888884 0.197913
vt 0.502243 0.042043
vt 0.256259 0.695910
vt 0.250569 0.690286
vt 0.052134 0.319015
vt 0.230579 0.443711
vt 0.282908 0.399771
vt 0.000456 0.275930
vt 0.311163 0.988844
vt 0.079107 0.911821
vt 0.083680 0.899315
vt 0.086262 0.897299
vt 0.082624 0.911282
vt 0.310918 0.432219
vt 0.285043 0.453773
vt 0.285043 0.399826
vt 0.418760 0.913758
vt 0.418760 0.962167
vt 0.397587 0.948928
vt 0.382346 0.423161
vt 0.356647 0.455173
vt 0.356647 0.401397
vt 0.143275 0.675873
vt 0.845922 0.116793
vt 0.381738 0.266190
vt 0.750686 0.312893
vt 0.750233 0.355736
vt 0.727232 0.355566
vt 0.685729 0.754888
vt 0.670824 0.713044
vt 0.687662 0.713044
vt 0.563602 0.422171
vt 0.585410 0.447890
vt 0.460743 0.210675
vt 0.580257 0.132880
vt 0.578628 0.239491
vt 0.562692 0.238083
vt 0.586434 0.231894
vt 0.168309 0.259849
vt 0.173024 0.268726
vt 0.168553 0.270303
vt 0.173285 0.256904
vt 0.078621 0.554658
vt 0.079979 0.556376
vt 0.074443 0.559715
vt 0.075380 0.544509
vt 0.609988 0.880794
vt 0.612741 0.919591
vt 0.593485 0.885771
vt 0.610130 0.877965
vt 0.618452 0.872768
vt 0.836804 0.670315
vt 0.822362 0.703227
vt 0.588399 0.839565
vt 0.595252 0.829453
vt 0.930362 0.447398
vt 0.918497 0.453728
vt 0.351601 0.064110
vt 0.772004 0.109721
vt 0.801105 0.094836
vt 0.732776 0.089694
vt 0.353996 0.083251
vt 0.056419 0.000423
vt 0.072828 0.047618
vt 0.054624 0.047618
vt 0.719371 0.653538
vt 0.740305 0.654049
vt 0.660500 0.381548
vt 0.717276 0.560311
vt 0.735876 0.563301
vt 0.723042 0.562379
vt 0.718410 0.650666
vt 0.660869 0.378708
vt 0.712924 0.562990
vt 0.658251 0.232215
vt 0.372468 0.291369
vt 0.607530 0.032040
vt 0.594098 0.043421
vt 0.447119 0.755039
vt 0.440083 0.693333
vt 0.818238 0.206184
vt 0.829910 0.199994
vt 0.829525 0.229688
vt 0.619105 0.908727
vt 0.653851 0.906516
vt 0.200276 0.933526
vt 0.161615 0.932020
vt 0.161460 0.934221
vt 0.198575 0.938015
vt 0.955842 0.825136
vt 0.866560 0.351198
vt 0.857454 0.943559
vt 0.859319 0.934422
vt 0.917349 0.920351
vt 0.917349 0.958420
vt 0.914580 0.958043
vt 0.907584 0.590075
vt 0.930921 0.568276
vt 0.910729 0.591024
vt 0.446038 0.896341
vt 0.425571 0.892099
vt 0.449485 0.862457
vt 0.429190 0.650823
vt 0.444110 0.691863
vt 0.848726 0.076548
vt 0.887664 0.096748
vt 0.848526 0.096260
vt 0.912106 0.482106
vt 0.022904 0.888716
vt 0.026965 0.883685
vt 0.030180 0.885968
vt 0.025197 0.892381
vt 0.017540 0.896993
vt 0.916451 0.491426
vt 0.883882 0.456037
vt 0.887395 0.466895
vt 0.901944 0.451182
vt 0.877196 0.457444
vt 0.871392 0.449487
vt 0.539961 0.100563
vt 0.501877 0.095494
vt 0.622483 0.766768
vt 0.029966 0.719826
vt 0.031120 0.716663
vt 0.032659 0.720470
vt 0.019939 0.757436
vt 0.973819 0.448905
vt 0.973819 0.412516
vt 0.990347 0.413744
vt 0.073680 0.037814
vt 0.073680 0.000641
vt 0.086833 0.006934
vt 0.910347 0.549160
vt 0.895752 0.541994
vt 0.814236 0.212795
vt 0.815111 0.244369
vt 0.796692 0.213034
vt 0.909885 0.550912
vt 0.739482 0.170865
vt 0.723888 0.159457
vt 0.813385 0.210838
vt 0.267991 0.529452
vt 0.141990 0.194954
vt 0.181204 0.203891
vt 0.152032 0.243131
vt 0.131979 0.243819
vt 0.123895 0.191734
vt 0.433764 0.334889
vt 0.452372 0.333472
vt 0.433750 0.379545
vt 0.562962 0.953083
vt 0.557803 0.966368
vt 0.559273 0.953484
vt 0.127142 0.874865
vt 0.130250 0.897410
vt 0.127142 0.896963
vt 0.568789 0.964860
vt 0.386905 0.870627
vt 0.395733 0.833390
vt 0.370301 0.879978
vt 0.229657 0.959115
vt 0.671506 0.730661
vt 0.260979 0.959076
vt 0.262765 0.954698
vt 0.263300 0.959761
vt 0.259248 0.956910
vt 0.260345 0.954086
vt 0.262565 0.971970
vt 0.259569 0.959690
vt 0.706072 0.762974
vt 0.057422 0.251410
vt 0.051020 0.263300
vt 0.048094 0.259829
vt 0.437316 0.593332
vt 0.182816 0.679043
vt 0.057422 0.263300
vt 0.440804 0.586608
vt 0.783154 0.408975
vt 0.806707 0.402991
vt 0.769233 0.424377
vt 0.746352 0.377603
vt 0.081415 0.170439
vt 0.927715 0.844522
vt 0.910035 0.843506
vt 0.911835 0.835528
vt 0.111075 0.194374
vt 0.194929 0.546477
vt 0.199729 0.544699
vt 0.200404 0.566822
vt 0.901488 0.396010
vt 0.892011 0.391566
vt 0.196381 0.567114
vt 0.017884 0.811903
vt 0.013904 0.765733
vt 0.332514 0.002329
vt 0.332131 0.006232
vt 0.293124 0.002470
vt 0.081541 0.368053
vt 0.088521 0.375041
vt 0.078156 0.367359
vt 0.080867 0.364633
vt 0.911210 0.468907
vt 0.505232 0.571711
vt 0.504820 0.574849
vt 0.165673 0.080676
vt 0.174701 0.084823
vt 0.165396 0.086415
vt 0.174284 0.077677
vt 0.506790 0.566126
vt 0.164262 0.077913
vt 0.654862 0.338222
vt 0.670885 0.333853
vt 0.672256 0.335883
vt 0.653614 0.335909
vt 0.227455 0.395967
vt 0.986092 0.001403
vt 0.977397 0.001574
vt 0.234047 0.901703
vt 0.931355 0.683434
vt 0.910177 0.681079
vt 0.931355 0.667450
vt 0.970371 0.312507
vt 0.973371 0.310361
vt 0.973371 0.350133
vt 0.258753 0.953314
vt 0.532310 0.722676
vt 0.951685 0.815317
vt 0.637217 0.772106
vt 0.633611 0.779100
vt 0.463577 0.908814
vt 0.454096 0.946761
vt 0.307133 0.929633
vt 0.358494 0.946500
vt 0.356944 0.945517
vt 0.367441 0.936937
vt 0.758239 0.795083
vt 0.369741 0.938133
vt 0.746960 0.801105
vt 0.671776 0.522173
vt 0.047623 0.637508
vt 0.016333 0.615993
vt 0.082552 0.615993
vt 0.174683 0.112031
vt 0.147095 0.031909
vt 0.691175 0.176750
vt 0.675088 0.094882
vt 0.595981 0.445370
vt 0.928502 0.846345
vt 0.934840 0.844195
vt 0.932643 0.849465
vt 0.572876 0.421396
vt 0.931763 0.849185
vt 0.008664 0.260499
vt 0.008664 0.246579
vt 0.009804 0.258902
vt 0.925436 0.885697
vt 0.509373 0.285101
vt 0.001366 0.746651
vt 0.007003 0.746651
vt 0.005548 0.784299
vt 0.510107 0.006617
vt 0.487207 0.027599
vt 0.486641 0.022509
vt 0.919764 0.901373
vt 0.924042 0.900512
vt 0.924352 0.911284
vt 0.920057 0.911558
vt 0.577020 0.104211
vt 0.948000 0.806599
vt 0.283987 0.959365
vt 0.974771 0.497189
vt 0.958526 0.463351
vt 0.974771 0.456218
vt 0.352738 0.944399
vt 0.365707 0.935722
vt 0.352985 0.948045
vt 0.789744 0.162122
vt 0.799957 0.169582
vt 0.783690 0.250696
vt 0.795461 0.244638
vt 0.637836 0.520318
vt 0.654091 0.523069
vt 0.801800 0.168039
vt 0.966368 0.488997
vt 0.952604 0.496885
vt 0.806467 0.847816
vt 0.810909 0.847951
vt 0.805760 0.879358
vt 0.411421 0.824284
vt 0.429381 0.809661
vt 0.430739 0.816374
vt 0.787505 0.879535
vt 0.787505 0.845627
vt 0.809776 0.811933
vt 0.810064 0.810276
vt 0.862777 0.967403
vt 0.860369 0.967769
vt 0.863160 0.954424
vt 0.596569 0.007632
vt 0.596165 0.011259
vt 0.590211 0.008566
vt 0.588430 0.005665
vt 0.175623 0.275905
vt 0.184171 0.269209
vt 0.183889 0.271355
vt 0.603630 0.002444
vt 0.594713 0.000960
vt 0.564570 0.971480
vt 0.568039 0.983357
vt 0.047971 0.960434
vt 0.022506 0.949757
vt 0.851511 0.719230
vt 0.887634 0.736681
vt 0.444878 0.166701
vt 0.461393 0.208469
vt 0.440830 0.210747
vt 0.473380 0.158725
vt 0.242292 0.154182
vt 0.224710 0.163862
vt 0.224710 0.117198
vt 0.834634 0.707012
vt 0.833853 0.748332
vt 0.823582 0.705543
vt 0.037176 0.241315
vt 0.052263 0.273759
vt 0.122001 0.464583
vt 0.122547 0.520999
vt 0.867463 0.377898
vt 0.912203 0.831751
vt 0.515713 0.017016
vt 0.510246 0.021629
vt 0.392102 0.278168
vt 0.000224 0.816132
vt 0.463922 0.151861
vt 0.477852 0.117532
vt 0.481590 0.154836
vt 0.020034 0.848723
vt 0.858095 0.953096
vt 0.211861 0.486316
vt 0.348429 0.483280
vt 0.542808 0.815214
vt 0.076586 0.037304
vt 0.084689 0.018245
vt 0.148900 0.048607
vt 0.115136 0.044481
vt 0.215646 0.222748
vt 0.215682 0.211808
vt 0.570438 0.357151
vt 0.554633 0.348004
vt 0.559281 0.361338
vt 0.223972 0.062295
vt 0.225486 0.069375
vt 0.224774 0.069659
vt 0.225193 0.054189
vt 0.225450 0.062034
vt 0.223160 0.054478
vt 0.431677 0.857229
vt 0.887853 0.119030
vt 0.849032 0.118330
vt 0.715673 0.971765
vt 0.697693 0.984575
vt 0.697693 0.943891
vt 0.206454 0.015292
vt 0.207385 0.013563
vt 0.019604 0.897951
vt 0.016785 0.903592
vt 0.003198 0.904518
vt 0.290053 0.658477
vt 0.123089 0.668530
vt 0.125092 0.634391
vt 0.120388 0.660724
vt 0.952363 0.462176
vt 0.924322 0.434771
vt 0.952363 0.405249
vt 0.501391 0.387666
vt 0.443247 0.380850
vt 0.669595 0.561264
vt 0.837172 0.839249
vt 0.818751 0.807539
vt 0.840306 0.803510
vt 0.841355 0.838746
vt 0.842241 0.803890
vt 0.078003 0.087259
vt 0.077313 0.072549
vt 0.079668 0.123605
vt 0.419231 0.585423
vt 0.277443 0.974633
vt 0.065016 0.000580
vt 0.067226 0.022409
vt 0.063234 0.004460
vt 0.803610 0.698866
vt 0.067226 0.003161
vt 0.806707 0.696714
vt 0.075583 0.848101
vt 0.631530 0.542359
vt 0.049823 0.398220
vt 0.035294 0.402649
vt 0.057606 0.391084
vt 0.058565 0.391969
vt 0.048796 0.396615
vt 0.563304 0.846484
vt 0.573199 0.841094
vt 0.583309 0.852380
vt 0.760131 0.693397
vt 0.549797 0.829452
vt 0.792344 0.599578
vt 0.361328 0.715116
vt 0.832494 0.472602
vt 0.777524 0.943960
vt 0.627233 0.816356
vt 0.019607 0.640522
vt 0.000748 0.652649
vt 0.000748 0.610562
vt 0.473229 0.370006
vt 0.353250 0.925673
vt 0.085846 0.944165
vt 0.978973 0.342554
vt 0.978662 0.375950
vt 0.974708 0.342214
vt 0.845922 0.990177
vt 0.815935 0.986939
vt 0.845922 0.956780
vt 0.756519 0.494388
vt 0.755917 0.490152
vt 0.789178 0.494388
vt 0.658773 0.220323
vt 0.682060 0.197425
vt 0.682060 0.239491
vt 0.135852 0.484451
vt 0.123402 0.518197
vt 0.123402 0.481682
vt 0.641830 0.117869
vt 0.680888 0.146876
vt 0.441314 0.162462
vt 0.441314 0.116244
vt 0.455173 0.119061
vt 0.135020 0.438239
vt 0.466505 0.496232
vt 0.485985 0.531812
vt 0.466505 0.532203
vt 0.588203 0.109134
vt 0.525281 0.649655
vt 0.762126 0.343999
vt 0.792702 0.385004
vt 0.762126 0.385147
vt 0.441541 0.213898
vt 0.891365 0.509145
vt 0.423400 0.400903
vt 0.411159 0.669624
vt 0.743043 0.861815
vt 0.704762 0.859706
vt 0.707987 0.841147
vt 0.056270 0.974632
vt 0.074228 0.938113
vt 0.074228 0.976172
vt 0.970093 0.525706
vt 0.971041 0.513091
vt 0.671557 0.311868
vt 0.676035 0.265531
vt 0.245971 0.691870
vt 0.184870 0.220114
vt 0.200276 0.219341
vt 0.200276 0.260499
vt 0.199098 0.173671
vt 0.767492 0.034632
vt 0.761429 0.093836
vt 0.735354 0.059611
vt 0.939758 0.093599
vt 0.938887 0.136184
vt 0.895335 0.133202
vt 0.939758 0.511195
vt 0.925059 0.470546
vt 0.939758 0.468599
vt 0.735354 0.000358
vt 0.966368 0.441168
vt 0.950521 0.396934
vt 0.966368 0.392593
vt 0.347515 0.958536
vt 0.441923 0.049002
vt 0.439382 0.025122
vt 0.488475 0.051502
vt 0.441625 0.063646
vt 0.855081 0.966325
vt 0.855423 0.962949
vt 0.845947 0.227980
vt 0.156860 0.187672
vt 0.153987 0.175570
vt 0.156860 0.172221
vt 0.207806 0.486233
vt 0.732670 0.791661
vt 0.736864 0.814673
vt 0.070027 0.134380
vt 0.068650 0.168064
vt 0.058902 0.134380
vt 0.022409 0.662288
vt 0.844036 0.703738
vt 0.848723 0.749864
vt 0.386263 0.807366
vt 0.386963 0.828224
vt 0.377137 0.821567
vt 0.481513 0.849109
vt 0.076869 0.075746
vt 0.238348 0.071670
vt 0.232812 0.120100
vt 0.213597 0.071733
vt 0.041234 0.717630
vt 0.045238 0.678548
vt 0.036687 0.677989
vt 0.033906 0.716698
vt 0.127248 0.853177
vt 0.338933 0.435870
vt 0.339925 0.566917
vt 0.703694 0.618720
vt 0.610698 0.778424
vt 0.924530 0.955724
vt 0.941159 0.992092
vt 0.882187 0.528570
vt 0.873613 0.528589
vt 0.870826 0.527052
vt 0.910347 0.505240
vt 0.858701 0.508585
vt 0.666791 0.117068
vt 0.703724 0.110935
vt 0.626611 0.880106
vt 0.612507 0.890739
vt 0.567133 0.923517
vt 0.561617 0.117300
vt 0.579821 0.109054
vt 0.845922 0.506025
vt 0.534957 0.030812
vt 0.526309 0.301930
vt 0.511915 0.300959
vt 0.312319 0.911086
vt 0.311415 0.909777
vt 0.861240 0.864593
vt 0.186877 0.000864
vt 0.592413 0.021956
vt 0.587298 0.020484
vt 0.191777 0.277999
vt 0.200136 0.271208
vt 0.200162 0.278706
vt 0.596176 0.028011
vt 0.582518 0.023599
vt 0.034676 0.896362
vt 0.020690 0.904823
vt 0.153628 0.345691
vt 0.175152 0.307159
vt 0.153288 0.302821
vt 0.139473 0.314420
vt 0.147626 0.246028
vt 0.798103 0.704429
vt 0.810006 0.706261
vt 0.232135 0.651675
vt 0.241031 0.660584
vt 0.586963 0.924666
vt 0.577102 0.887942
vt 0.577102 0.929954
vt 0.600214 0.922868
vt 0.088446 0.353051
vt 0.579825 0.050939
vt 0.579612 0.047828
vt 0.337084 0.417645
vt 0.337877 0.434792
vt 0.506080 0.699942
vt 0.500574 0.704122
vt 0.417822 0.889501
vt 0.430215 0.901594
vt 0.507816 0.784299
vt 0.524797 0.694806
vt 0.525200 0.782147
vt 0.471980 0.110555
vt 0.456270 0.140053
vt 0.456270 0.107767
vt 0.769116 0.792457
vt 0.705124 0.605742
vt 0.685045 0.801817
vt 0.688468 0.766555
vt 0.714272 0.609232
vt 0.037786 0.578356
vt 0.039575 0.549365
vt 0.871132 0.894051
vt 0.804782 0.098392
vt 0.813908 0.081373
vt 0.502173 0.441443
vt 0.547369 0.817595
vt 0.511237 0.415612
vt 0.048538 0.902877
vt 0.448171 0.711510
vt 0.436331 0.741322
vt 0.401635 0.742182
vt 0.173956 0.087868
vt 0.164262 0.088664
vt 0.178834 0.091035
vt 0.155103 0.075629
vt 0.155103 0.067125
vt 0.159661 0.067621
vt 0.205878 0.509794
vt 0.200658 0.493647
vt 0.889338 0.228829
vt 0.360700 0.741983
vt 0.295513 0.172303
vt 0.295462 0.175267
vt 0.126120 0.985976
vt 0.126120 0.945291
vt 0.144255 0.974741
vt 0.186702 0.987376
vt 0.198788 0.987376
vt 0.376154 0.618583
vt 0.377499 0.621744
vt 0.361254 0.628395
vt 0.360185 0.624471
vt 0.335104 0.417450
vt 0.124854 0.162357
vt 0.746352 0.466378
vt 0.568202 0.915278
vt 0.562420 0.915711
vt 0.772041 0.933016
vt 0.787100 0.970545
vt 0.772041 0.976172
vt 0.453416 0.746271
vt 0.952363 0.225951
vt 0.952363 0.282908
vt 0.923880 0.253444
vt 0.926333 0.249295
vt 0.926333 0.191908
vt 0.953763 0.220231
vt 0.946761 0.093836
vt 0.918643 0.066559
vt 0.946761 0.036448
vt 0.053710 0.899608
vt 0.081231 0.928587
vt 0.053710 0.956564
vt 0.142465 0.837079
vt 0.490686 0.104633
vt 0.498590 0.085049
vt 0.498590 0.117645
vt 0.409076 0.635911
vt 0.423075 0.646989
vt 0.075820 0.561614
vt 0.074935 0.561244
vt 0.175452 0.256555
vt 0.180669 0.259886
vt 0.175894 0.268432
vt 0.713254 0.606059
vt 0.715800 0.608552
vt 0.670686 0.332600
vt 0.712775 0.604548
vt 0.447072 0.462333
vt 0.494839 0.473063
vt 0.982941 0.807327
vt 0.974491 0.809509
vt 0.971729 0.807229
vt 0.975649 0.770667
vt 0.806937 0.615660
vt 0.983175 0.768786
vt 0.539615 0.509441
vt 0.521432 0.507902
vt 0.558793 0.506783
vt 0.533970 0.632416
vt 0.816789 0.922103
vt 0.804145 0.918442
vt 0.838461 0.920235
vt 0.838067 0.957357
vt 0.360077 0.931829
vt 0.352127 0.931049
vt 0.156919 0.915441
vt 0.860401 0.924150
vt 0.862034 0.923361
vt 0.739482 0.490187
vt 0.702464 0.474106
vt 0.076188 0.040060
vt 0.224769 0.510792
vt 0.212869 0.516797
vt 0.223003 0.510044
vt 0.391652 0.215589
vt 0.374184 0.169868
vt 0.150872 0.914212
vt 0.650545 0.467418
vt 0.515398 0.376285
vt 0.649775 0.447621
vt 0.471659 0.287630
vt 0.692305 0.809393
vt 0.391518 0.285893
vt 0.385480 0.289204
vt 0.168622 0.837519
vt 0.563506 0.235945
vt 0.588624 0.229344
vt 0.590218 0.885283
vt 0.659259 0.159964
vt 0.594227 0.740831
vt 0.599428 0.740081
vt 0.595137 0.772654
vt 0.658634 0.184224
vt 0.111517 0.000035
vt 0.309530 0.048240
vt 0.724266 0.955164
vt 0.724266 0.914701
vt 0.728277 0.954512
vt 0.184129 0.799556
vt 0.187672 0.800062
vt 0.184129 0.837519
vt 0.852803 0.880936
vt 0.873267 0.811957
vt 0.878135 0.811957
vt 0.929796 0.192258
vt 0.201572 0.266101
vt 0.201572 0.192627
vt 0.205878 0.265143
vt 0.014067 0.188554
vt 0.039215 0.229216
vt 0.014067 0.260499
vt 0.651495 0.067501
vt 0.655450 0.099574
vt 0.865530 0.228669
vt 0.497189 0.085292
vt 0.493685 0.050267
vt 0.497189 0.048759
vt 0.493143 0.085433
vt 0.556012 0.111109
vt 0.544306 0.145884
vt 0.523555 0.139444
vt 0.675634 0.956187
vt 0.627995 0.533839
vt 0.631641 0.533531
vt 0.625620 0.533689
vt 0.628786 0.527866
vt 0.625011 0.541806
vt 0.336618 0.904643
vt 0.029411 0.379896
vt 0.000035 0.354937
vt 0.866600 0.919037
vt 0.902633 0.919725
vt 0.900499 0.935844
vt 0.146498 0.732547
vt 0.867099 0.937891
vt 0.105857 0.735093
vt 0.143409 0.750435
vt 0.155459 0.168462
vt 0.150130 0.178939
vt 0.140481 0.170565
vt 0.064225 0.366004
vt 0.065825 0.246750
vt 0.739294 0.906886
vt 0.701475 0.907546
vt 0.701056 0.894639
vt 0.616986 0.613765
vt 0.616563 0.630240
vt 0.606456 0.629560
vt 0.628840 0.613930
vt 0.976172 0.610686
vt 0.957427 0.613887
vt 0.957352 0.610686
vt 0.167653 0.615210
vt 0.170655 0.596855
vt 0.167354 0.634870
vt 0.126165 0.614370
vt 0.126985 0.595808
vt 0.961001 0.654049
vt 0.499756 0.122794
vt 0.515464 0.168587
vt 0.380945 0.024784
vt 0.332223 0.028011
vt 0.463953 0.200600
vt 0.666179 0.616155
vt 0.631506 0.610402
vt 0.652365 0.612826
vt 0.239624 0.158390
vt 0.239483 0.172266
vt 0.238143 0.171671
vt 0.238190 0.157751
vt 0.944430 0.860995
vt 0.946200 0.872327
vt 0.943313 0.862685
vt 0.240892 0.157256
vt 0.946269 0.861335
vt 0.959497 0.569911
vt 0.983175 0.542919
vt 0.973439 0.574647
vt 0.962549 0.696573
vt 0.974303 0.691394
vt 0.977572 0.725974
vt 0.962549 0.732479
vt 0.971184 0.576446
vt 0.957098 0.571773
vt 0.725076 0.125078
vt 0.114844 0.654049
vt 0.107231 0.627184
vt 0.110933 0.611321
vt 0.114844 0.622225
vt 0.410135 0.834718
vt 0.431619 0.818673
vt 0.372218 0.503629
vt 0.372218 0.544909
vt 0.187672 0.257698
vt 0.847336 0.057268
vt 0.849101 0.055972
vt 0.849567 0.074228
vt 0.126202 0.920151
vt 0.420761 0.949336
vt 0.438744 0.021112
vt 0.485979 0.018673
vt 0.994379 0.308192
vt 0.974999 0.338929
vt 0.974999 0.305080
vt 0.784000 0.089634
vt 0.766226 0.061724
vt 0.780768 0.053442
vt 0.942686 0.151027
vt 0.969169 0.122066
vt 0.969169 0.170865
vt 0.401953 0.436395
vt 0.384497 0.445370
vt 0.384497 0.399319
vt 0.599428 0.773011
vt 0.503704 0.508620
vt 0.066585 0.521854
vt 0.081190 0.262900
vt 0.100692 0.295364
vt 0.080394 0.303236
vt 0.093664 0.279588
vt 0.462766 0.832211
vt 0.487386 0.834718
vt 0.109242 0.521854
vt 0.082475 0.720113
vt 0.199819 0.348296
vt 0.476106 0.918785
vt 0.802372 0.501551
vt 0.518197 0.917586
vt 0.861724 0.605427
vt 0.871750 0.597013
vt 0.864760 0.607154
vt 0.901707 0.401953
vt 0.203893 0.543937
vt 0.870427 0.594168
vt 0.815111 0.172371
vt 0.131650 0.131650
vt 0.129498 0.131585
vt 0.131650 0.118781
vt 0.257310 0.057422
vt 0.257310 0.046981
vt 0.258737 0.052827
vt 0.259503 0.057399
vt 0.312236 0.347691
vt 0.326324 0.388921
vt 0.312236 0.388496
vt 0.538685 0.251274
vt 0.550618 0.258982
vt 0.568617 0.306717
vt 0.560503 0.236909
vt 0.480579 0.250338
vt 0.521319 0.238257
vt 0.549973 0.223670
vt 0.210345 0.485809
vt 0.208285 0.007241
vt 0.564632 0.502556
vt 0.565715 0.492530
vt 0.566801 0.535004
vt 0.582107 0.487877
vt 0.754416 0.734947
vt 0.584022 0.298633
vt 0.582844 0.299714
vt 0.591965 0.332325
vt 0.605030 0.278317
vt 0.594192 0.329556
vt 0.831917 0.615545
vt 0.830166 0.655195
vt 0.867009 0.336332
vt 0.871132 0.324645
vt 0.898466 0.179212
vt 0.956077 0.462176
vt 0.956077 0.417810
vt 0.970570 0.455658
vt 0.516642 0.344531
vt 0.510411 0.303399
vt 0.803577 0.295122
vt 0.032468 0.355953
vt 0.051820 0.366997
vt 0.032468 0.401953
vt 0.432889 0.791265
vt 0.461655 0.817869
vt 0.414744 0.786871
vt 0.068886 0.767431
vt 0.070027 0.813215
vt 0.055949 0.811802
vt 0.497189 0.937634
vt 0.107841 0.670856
vt 0.095382 0.670856
vt 0.105277 0.630383
vt 0.683460 0.762064
vt 0.322776 0.817669
vt 0.302951 0.780340
vt 0.327197 0.803463
vt 0.339503 0.813862
vt 0.348841 0.826860
vt 0.340065 0.833189
vt 0.302951 0.859928
vt 0.205391 0.232043
vt 0.868500 0.051249
vt 0.868500 0.013031
vt 0.886538 0.042271
vt 0.886503 0.082631
vt 0.122893 0.866949
vt 0.760517 0.962728
vt 0.767492 0.972276
vt 0.752988 0.928345
vt 0.821380 0.081269
vt 0.816823 0.069500
vt 0.217388 0.002276
vt 0.218483 0.009509
vt 0.218483 0.001361
vt 0.555978 0.675446
vt 0.554961 0.632442
vt 0.558507 0.717680
vt 0.008231 0.563805
vt 0.561046 0.973309
vt 0.227347 0.958868
vt 0.061442 0.055253
vt 0.070027 0.049982
vt 0.070027 0.063024
vt 0.724307 0.221634
vt 0.610633 0.398016
vt 0.324861 0.424362
vt 0.497189 0.220856
vt 0.474239 0.250696
vt 0.474239 0.205662
vt 0.904745 0.329125
vt 0.873924 0.297454
vt 0.540391 0.270205
vt 0.544531 0.273288
vt 0.312349 0.999981
vt 0.239769 0.637243
vt 0.226516 0.622936
vt 0.261329 0.674783
vt 0.411213 0.126839
vt 0.383877 0.135862
vt 0.374711 0.266723
vt 0.411273 0.679037
vt 0.238069 0.134512
vt 0.240892 0.134244
vt 0.238068 0.126977
vt 0.580444 0.989121
vt 0.047618 0.253497
vt 0.124647 0.894956
vt 0.619810 0.550700
vt 0.915244 0.962167
vt 0.580322 0.005900
vt 0.895019 0.477122
vt 0.432222 0.263772
vt 0.433897 0.272535
vt 0.403863 0.275687
vt 0.501177 0.104358
vt 0.487388 0.481619
vt 0.485063 0.497346
vt 0.443426 0.485936
vt 0.701581 0.708670
vt 0.688677 0.706436
vt 0.691290 0.617486
vt 0.614806 0.718585
vt 0.014410 0.679177
vt 0.027321 0.677735
vt 0.099219 0.777033
vt 0.104174 0.811135
vt 0.544857 0.965881
vt 0.866965 0.054655
vt 0.713811 0.512028
vt 0.683856 0.812525
vt 0.028525 0.570619
vt 0.814150 0.118548
vt 0.955349 0.257566
vt 0.956315 0.214922
vt 0.977280 0.259099
vt 0.328674 0.753487
vt 0.328508 0.710758
vt 0.365771 0.039952
vt 0.436967 0.050883
vt 0.335050 0.042944
vt 0.359937 0.042190
vt 0.423066 0.363565
vt 0.434322 0.043417
vt 0.434322 0.006366
vt 0.439768 0.042431
vt 0.350437 0.643269
vt 0.591661 0.033871
vt 0.608497 0.001960
vt 0.894084 0.149636
vt 0.939758 0.151258
vt 0.799790 0.775541
vt 0.804492 0.809482
vt 0.784540 0.810802
vt 0.783432 0.776464
vt 0.204794 0.354356
vt 0.431364 0.000300
vt 0.399501 0.819312
vt 0.399501 0.782052
vt 0.414558 0.782498
vt 0.051820 0.037446
vt 0.048945 0.037814
vt 0.048945 0.000299
vt 0.077661 0.845738
vt 0.011561 0.818386
vt 0.012605 0.849301
vt 0.007605 0.886331
vt 0.075963 0.360770
vt 0.072977 0.363375
vt 0.071010 0.354685
vt 0.087597 0.356946
vt 0.221266 0.720065
vt 0.367748 0.860250
vt 0.484414 0.859928
vt 0.562956 0.526457
vt 0.899186 0.663106
vt 0.901123 0.671074
vt 0.928689 0.612563
vt 0.931355 0.611869
vt 0.931355 0.647047
vt 0.093362 0.317869
vt 0.075240 0.981774
vt 0.075240 0.938087
vt 0.116244 0.981141
vt 0.437285 0.116945
vt 0.439362 0.079700
vt 0.490487 0.083267
vt 0.188887 0.580505
vt 0.341375 0.418451
vt 0.855125 0.951038
vt 0.817738 0.569359
vt 0.833292 0.574183
vt 0.732152 0.666885
vt 0.172741 0.076153
vt 0.175542 0.070330
vt 0.956564 0.568617
vt 0.932936 0.564152
vt 0.951213 0.527460
vt 0.437285 0.000410
vt 0.437595 0.017472
vt 0.655376 0.085433
vt 0.160600 0.908934
vt 0.909732 0.552482
vt 0.879155 0.417126
vt 0.879535 0.450972
vt 0.076826 0.061819
vt 0.114449 0.063254
vt 0.483184 0.584429
vt 0.277274 0.963371
vt 0.976257 0.086917
vt 0.969546 0.103639
vt 0.961572 0.098171
vt 0.044902 0.221391
vt 0.054247 0.215404
vt 0.254855 0.672301
vt 0.971970 0.591125
vt 0.949478 0.617635
vt 0.949478 0.568836
vt 0.937384 0.738333
vt 0.959365 0.715539
vt 0.959365 0.767492
vt 0.420604 0.682041
vt 0.189593 0.075748
vt 0.190473 0.086011
vt 0.428563 0.682060
vt 0.607523 0.431630
vt 0.551035 0.344864
vt 0.670856 0.275905
vt 0.564415 0.551865
vt 0.553957 0.454342
vt 0.838551 0.232609
vt 0.118364 0.432297
vt 0.123558 0.377749
vt 0.136009 0.384409
vt 0.948950 0.798880
vt 0.865512 0.194074
vt 0.314326 0.304200
vt 0.265022 0.827884
vt 0.248267 0.863265
vt 0.231940 0.855428
vt 0.281507 0.835295
vt 0.264937 0.871109
vt 0.164962 0.523726
vt 0.525496 0.033040
vt 0.623389 0.549835
vt 0.597938 0.819310
vt 0.222393 0.968112
vt 0.378146 0.896093
vt 0.392149 0.879959
vt 0.392149 0.927153
vt 0.356481 0.926648
vt 0.891576 0.070211
vt 0.011910 0.886538
vt 0.208992 0.001032
vt 0.843731 0.080117
vt 0.842760 0.092285
vt 0.191873 0.360166
vt 0.170603 0.354372
vt 0.061623 0.204222
vt 0.057332 0.204397
vt 0.061623 0.186618
vt 0.910617 0.938868
vt 0.898293 0.954622
vt 0.908986 0.956788
vt 0.937517 0.154291
vt 0.112909 0.534474
vt 0.484223 0.743778
vt 0.050419 0.922825
vt 0.050297 0.942951
vt 0.191125 0.952363
vt 0.156919 0.950169
vt 0.359937 0.141928
vt 0.200021 0.941015
vt 0.179253 0.167030
vt 0.175985 0.174599
vt 0.044073 0.230356
vt 0.042422 0.220662
vt 0.043392 0.235092
vt 0.041177 0.228043
vt 0.039263 0.235290
vt 0.082567 0.679448
vt 0.075275 0.719807
vt 0.706070 0.758136
vt 0.695856 0.843121
vt 0.558176 0.915294
vt 0.553032 0.914142
vt 0.339743 0.802209
vt 0.355691 0.812976
vt 0.358944 0.822227
vt 0.122580 0.012743
vt 0.911483 0.973371
vt 0.913148 0.958815
vt 0.901434 0.971133
vt 0.705723 0.689371
vt 0.740927 0.691307
vt 0.712351 0.692745
vt 0.754422 0.693635
vt 0.909481 0.458169
vt 0.364748 0.037880
vt 0.699543 0.419837
vt 0.700400 0.416048
vt 0.731350 0.415822
vt 0.724076 0.489986
vt 0.469253 0.912616
vt 0.191461 0.714188
vt 0.187991 0.700844
vt 0.197072 0.695632
vt 0.472849 0.929071
vt 0.198439 0.714272
vt 0.438473 0.696391
vt 0.821106 0.202983
vt 0.824373 0.762414
vt 0.843121 0.760697
vt 0.212952 0.001620
vt 0.213241 0.009657
vt 0.214166 0.062067
vt 0.225486 0.054449
vt 0.676157 0.704695
vt 0.327456 0.657651
vt 0.894035 0.834128
vt 0.346571 0.663536
vt 0.326942 0.667784
vt 0.291300 0.873915
vt 0.752526 0.515587
vt 0.754701 0.534604
vt 0.726459 0.538374
vt 0.189037 0.520999
vt 0.167654 0.480529
vt 0.189072 0.480529
vt 0.726459 0.487086
vt 0.397730 0.579003
vt 0.180669 0.167067
vt 0.180669 0.174623
vt 0.809083 0.135852
vt 0.817566 0.127697
vt 0.210297 0.188724
vt 0.359318 0.838687
vt 0.217131 0.168087
vt 0.203616 0.567215
vt 0.207279 0.545729
vt 0.977482 0.537805
vt 0.977482 0.503518
vt 0.981774 0.503598
vt 0.980374 0.193274
vt 0.976750 0.192737
vt 0.980374 0.158985
vt 0.975736 0.501391
vt 0.976776 0.466929
vt 0.978973 0.501391
vt 0.207279 0.567216
vt 0.372726 0.302266
vt 0.374643 0.321741
vt 0.337210 0.305305
vt 0.337405 0.292668
vt 0.841721 0.957604
vt 0.518889 0.749267
vt 0.829574 0.962639
vt 0.269898 0.007083
vt 0.287109 0.008773
vt 0.256475 0.031068
vt 0.248829 0.007478
vt 0.729493 0.604354
vt 0.827460 0.310918
vt 0.878245 0.762372
vt 0.977911 0.214922
vt 0.980374 0.258912
vt 0.172920 0.445370
vt 0.176469 0.396282
vt 0.541039 0.265596
vt 0.544808 0.265812
vt 0.348455 0.945039
vt 0.335350 0.964968
vt 0.339054 0.947775
vt 0.009804 0.487181
vt 0.009804 0.509794
vt 0.001124 0.503316
vt 0.730375 0.128873
vt 0.590974 0.264379
vt 0.590974 0.277363
vt 0.813958 0.052657
vt 0.812771 0.070166
vt 0.767446 0.179268
vt 0.766252 0.163338
vt 0.152223 0.910647
vt 0.154000 0.909745
vt 0.581221 0.978692
vt 0.091197 0.377518
vt 0.472111 0.268354
vt 0.399410 0.287991
vt 0.749620 0.303072
vt 0.360304 0.778697
vt 0.655321 0.477069
vt 0.303916 0.840320
vt 0.655321 0.436936
vt 0.000878 0.584768
vt 0.851511 0.667170
vt 0.134451 0.190473
vt 0.125404 0.190169
vt 0.134451 0.173634
vt 0.432584 0.263301
vt 0.215046 0.069844
vt 0.215763 0.069748
vt 0.617832 0.871484
vt 0.609959 0.875444
vt 0.767492 0.603178
vt 0.619036 0.868218
vt 0.965645 0.770980
vt 0.960074 0.808119
vt 0.627249 0.781498
vt 0.093634 0.542006
vt 0.312178 0.434165
vt 0.774195 0.043817
vt 0.789668 0.039715
vt 0.799998 0.049752
vt 0.803906 0.078149
vt 0.259134 0.045915
vt 0.915677 0.859564
vt 0.123632 0.614383
vt 0.122745 0.636805
vt 0.925306 0.512242
vt 0.929539 0.524243
vt 0.261900 0.931368
vt 0.255724 0.948510
vt 0.536404 0.019236
vt 0.846393 0.581166
vt 0.195289 0.401953
vt 0.529018 0.811928
vt 0.366940 0.963888
vt 0.366940 0.999981
vt 0.672256 0.428494
vt 0.269887 0.048961
vt 0.297505 0.049248
vt 0.610698 0.690328
vt 0.072844 0.679927
vt 0.063345 0.679906
vt 0.806050 0.656670
vt 0.806174 0.653471
vt 0.318951 0.435179
vt 0.212881 0.169465
vt 0.201297 0.140015
vt 0.212881 0.136203
vt 0.494162 0.588016
vt 0.498573 0.592515
vt 0.205878 0.274111
vt 0.616917 0.671286
vt 0.902174 0.678791
vt 0.567256 0.481838
vt 0.597095 0.333421
vt 0.605030 0.385147
vt 0.268145 0.910292
vt 0.272170 0.919904
vt 0.240892 0.171758
vt 0.981407 0.074860
vt 0.040036 0.215404
vt 0.247659 0.695891
vt 0.237556 0.291243
vt 0.297613 0.296213
vt 0.853275 0.963080
vt 0.974708 0.376744
vt 0.275596 0.028011
vt 0.292366 0.004945
vt 0.294280 0.027969
vt 0.198823 0.694654
vt 0.872780 0.602642
vt 0.960766 0.904968
vt 0.933553 0.904374
vt 0.561247 0.109054
vt 0.192660 0.872302
vt 0.201677 0.843899
vt 0.194970 0.873632
vt 0.184200 0.874315
vt 0.152692 0.346499
vt 0.845922 0.549009
vt 0.093805 0.353298
vt 0.783432 0.845922
vt 0.203181 0.707092
vt 0.611819 0.675635
vt 0.612716 0.780607
vt 0.209662 0.706072
vt 0.203575 0.719609
vt 0.958898 0.210080
vt 0.958898 0.165979
vt 0.977572 0.177110
vt 0.960766 0.392149
vt 0.865273 0.973371
vt 0.864396 0.956116
vt 0.985976 0.672208
vt 0.985976 0.705869
vt 0.964748 0.672515
vt 0.689062 0.364810
vt 0.673049 0.399152
vt 0.672976 0.356838
vt 0.075497 0.043225
vt 0.235970 0.005771
vt 0.402190 0.778697
vt 0.803426 0.960766
vt 0.803426 0.925585
vt 0.806707 0.956376
vt 0.119403 0.861619
vt 0.579765 0.862755
vt 0.572900 0.851969
vt 0.579821 0.868339
vt 0.188345 0.862729
vt 0.195230 0.824022
vt 0.188345 0.795874
vt 0.489007 0.066793
vt 0.492318 0.877968
vt 0.513539 0.879176
vt 0.790171 0.537951
vt 0.957368 0.768786
vt 0.209357 0.356616
vt 0.218483 0.355913
vt 0.281341 0.899764
vt 0.247254 0.671106
vt 0.218874 0.711471
vt 0.971464 0.500252
vt 0.901944 0.855807
vt 0.887073 0.858527
vt 0.887073 0.821010
vt 0.971746 0.945360
vt 0.971746 0.907520
vt 0.984575 0.908140
vt 0.761536 0.574219
vt 0.508970 0.265091
vt 0.682843 0.816281
vt 0.231940 0.897742
vt 0.800783 0.121798
vt 0.110642 0.854325
vt 0.324602 0.040889
vt 0.053945 0.679494
vt 0.109051 0.316646
vt 0.107721 0.351933
vt 0.686370 0.879057
vt 0.635784 0.963462
vt 0.273096 0.000789
vt 0.843337 0.103845
vt 0.498983 0.209632
vt 0.679306 0.616301
vt 0.906620 0.678283
vt 0.789733 0.487634
vt 0.789901 0.490934
vt 0.756096 0.485863
vt 0.789546 0.484021
vt 0.557991 0.152343
vt 0.499492 0.949517
vt 0.529402 0.960756
vt 0.499492 0.990177
vt 0.065825 0.285709
vt 0.203519 0.593154
vt 0.159993 0.596627
vt 0.452372 0.379478
vt 0.949050 0.075197
vt 0.954256 0.092582
vt 0.259583 0.672713
vt 0.227531 0.282908
vt 0.445173 0.742347
vt 0.217618 0.069568
vt 0.924054 0.923523
vt 0.028557 0.203077
vt 0.028557 0.182667
vt 0.039215 0.197110
vt 0.268903 0.596627
vt 0.240868 0.589041
vt 0.291099 0.875953
vt 0.968694 0.578030
vt 0.983175 0.581221
vt 0.191873 0.272904
vt 0.187464 0.264185
vt 0.181680 0.258272
vt 0.338452 0.326324
vt 0.000432 0.676518
vt 0.016806 0.706614
vt 0.000432 0.718474
vt 0.270200 0.033652
vt 0.147893 0.052219
vt 0.488715 0.559847
vt 0.328809 0.475929
vt 0.324714 0.486734
vt 0.939458 0.335943
vt 0.368558 0.614934
vt 0.230572 0.398655
vt 0.797562 0.086637
vt 0.289910 0.155300
vt 0.275528 0.175067
vt 0.275528 0.142315
vt 0.568617 0.196671
vt 0.560230 0.221946
vt 0.063024 0.356179
vt 0.522395 0.647047
vt 0.466977 0.796872
vt 0.679644 0.813635
vt 0.691864 0.846083
vt 0.674640 0.854518
vt 0.444336 0.775736
vt 0.429783 0.750962
vt 0.841582 0.879544
vt 0.938606 0.453544
vt 0.124647 0.953763
vt 0.548137 0.145817
vt 0.892556 0.681193
vt 0.338736 0.789440
vt 0.538899 0.112043
vt 0.507768 0.252555
vt 0.357250 0.853452
vt 0.558649 0.728278
vt 0.460715 0.929962
vt 0.471806 0.935556
vt 0.761369 0.453355
vt 0.756403 0.482297
vt 0.658251 0.986643
vt 0.629457 0.992409
vt 0.625924 0.959033
vt 0.200540 0.144943
vt 0.563015 0.131216
vt 0.561514 0.152542
vt 0.958794 0.660572
vt 0.976172 0.629996
vt 0.976172 0.670856
vt 0.408367 0.501391
vt 0.179268 0.083678
vt 0.191873 0.257300
vt 0.187314 0.259886
vt 0.727157 0.923996
vt 0.750686 0.896818
vt 0.750686 0.953763
vt 0.872532 0.810874
vt 0.075497 0.145145
vt 0.122044 0.126814
vt 0.080543 0.169465
vt 0.372637 0.581106
vt 0.106490 0.893540
vt 0.120876 0.867492
vt 0.059366 0.165322
vt 0.657583 0.429916
vt 0.623998 0.529301
vt 0.262729 0.670647
vt 0.411794 0.681602
vt 0.350133 0.710185
vt 0.704846 0.394689
vt 0.984575 0.387453
vt 0.969092 0.418760
vt 0.969092 0.377904
vt 0.281152 0.878747
vt 0.494035 0.597509
vt 0.074160 0.137252
vt 0.073964 0.129016
vt 0.077029 0.129016
vt 0.625924 0.992978
vt 0.243693 0.810547
vt 0.691864 0.883737
vt 0.126709 0.170074
vt 0.950962 0.335517
vt 0.945932 0.336128
vt 0.945932 0.294675
vt 0.918682 0.939551
vt 0.137999 0.173464
vt 0.147638 0.181845
vt 0.137999 0.189072
vt 0.371141 0.827847
vt 0.640388 0.433987
vt 0.956564 0.511916
vt 0.232819 0.940199
vt 0.512571 0.935556
vt 0.333727 0.327725
vt 0.333727 0.280821
vt 0.336128 0.326397
vt 0.231238 0.292622
vt 0.818162 0.273361
vt 0.188197 0.875826
vt 0.201677 0.903344
vt 0.101783 0.752991
vt 0.141588 0.767492
vt 0.180359 0.270303
vt 0.168657 0.907992
vt 0.598396 0.331210
vt 0.122720 0.164870
vt 0.019566 0.913642
vt 0.512595 0.030753
vt 0.140053 0.355035
vt 0.120256 0.352582
vt 0.123028 0.316174
vt 0.931355 0.577397
vt 0.857127 0.854629
vt 0.733354 0.140930
vt 0.748590 0.128229
vt 0.620635 0.331944
vt 0.830668 0.657636
vt 0.002760 0.917349
vt 0.151276 0.244500
vt 0.002434 0.948264
vt 0.883631 0.896342
vt 0.883631 0.861300
vt 0.887938 0.896134
vt 0.075629 0.245104
vt 0.729568 0.944937
vt 0.899046 0.633041
vt 0.013077 0.718102
vt 0.985196 0.428503
vt 0.992093 0.413679
vt 0.992978 0.415225
vt 0.976750 0.450972
vt 0.974771 0.540606
vt 0.936022 0.975854
vt 0.263300 0.931895
vt 0.100838 0.711543
vt 0.100838 0.749285
vt 0.098965 0.733219
vt 0.961950 0.879667
vt 0.868331 0.586459
vt 0.174451 0.268936
vt 0.174473 0.262552
vt 0.174742 0.255758
vt 0.023764 0.185586
vt 0.216051 0.000279
vt 0.185107 0.083989
vt 0.469681 0.099614
vt 0.183818 0.089634
vt 0.204228 0.894110
vt 0.205387 0.893202
vt 0.205467 0.906736
vt 0.206224 0.893475
vt 0.207279 0.893770
vt 0.692468 0.089721
vt 0.209312 0.015406
vt 0.218378 0.135300
vt 0.139173 0.171555
vt 0.150224 0.181464
vt 0.021466 0.561757
vt 0.929717 0.870662
vt 0.288510 0.046447
vt 0.233889 0.281317
s 1
usemtl Material_0
f 1/1/1 2/2/2 3/3/3
f 1/1/1 4/4/4 2/2/2
f 1/1/1 5/5/5 4/4/4
f 6/6/6 7/7/7 8/8/8
s 0
f 9/9/9 10/10/9 11/11/9
s 1
f 12/12/10 13/13/11 14/14/12
f 6/6/6 15/15/13 16/16/14
f 17/17/15 18/18/16 19/19/17
f 6/6/6 8/8/8 15/15/13
f 12/12/10 14/14/12 20/20/18
f 21/21/19 22/22/20 23/23/21
s 0
f 24/24/22 25/25/22 26/26/22
s 1
f 21/21/19 27/27/23 28/28/24
f 21/21/19 29/29/25 27/27/23
f 21/21/19 23/23/21 29/29/25
f 30/30/26 31/31/27 32/32/28
f 33/33/29 34/34/30 35/35/31
f 36/36/32 37/37/33 38/38/34
f 30/30/26 39/39/35 31/31/27
f 40/40/36 41/41/37 42/42/38
f 40/40/36 43/43/39 41/41/37
f 36/36/32 38/38/34 44/44/40
f 45/45/41 46/46/42 47/47/43
f 45/45/41 48/48/44 49/49/45
f 45/45/41 49/49/45 50/50/46
f 45/45/41 50/50/46 46/46/42
f 51/51/47 52/52/48 53/53/49
f 51/51/47 53/53/49 54/54/50
f 55/55/51 56/56/52 57/57/53
f 55/55/51 58/58/54 59/59/55
f 55/55/51 60/60/56 58/58/54
f 55/55/51 59/59/55 56/56/52
f 55/55/51 57/57/53 60/60/56
f 61/61/57 62/62/58 63/63/59
f 61/61/57 64/64/60 65/65/61
f 61/61/57 63/63/59 64/64/60
f 61/61/57 65/65/61 66/66/62
f 61/61/57 66/66/62 62/62/58
f 67/67/63 68/68/64 69/69/65
f 67/67/63 70/70/66 71/71/67
f 67/67/63 71/71/67 72/72/68
f 67/67/63 73/73/69 70/70/66
f 67/67/63 69/69/65 73/73/69
f 67/67/63 72/72/68 68/68/64
f 74/74/70 75/75/71 76/76/72
f 74/74/70 77/77/73 78/78/74
f 79/79/75 80/80/76 81/81/77
f 74/74/70 76/76/72 77/77/73
f 79/79/75 81/81/77 82/82/78
f 79/79/75 82/82/78 83/83/79
f 84/84/80 85/85/81 86/86/82
f 87/87/83 88/88/84 89/89/85
f 84/84/80 90/90/86 85/85/81
f 84/84/80 91/91/87 90/90/86
f 84/84/80 92/92/88 93/93/89
f 84/84/80 86/86/82 92/92/88
f 94/94/90 95/95/91 96/96/92
f 94/94/90 97/97/93 95/95/91
f 98/98/94 99/99/95 100/100/96
f 98/98/94 100/100/96 101/101/97
f 98/98/94 102/102/98 103/103/99
f 98/98/94 101/101/97 102/102/98
f 98/98/94 103/103/99 99/99/95
f 104/104/100 105/105/101 106/106/102
f 104/104/100 107/107/103 105/105/101
f 104/104/100 108/108/104 107/107/103
f 109/109/105 110/110/106 111/111/107
f 104/104/100 112/112/108 108/108/104
f 104/104/100 106/106/102 113/113/109
f 109/109/105 114/114/110 110/110/106
f 115/115/111 116/116/112 117/117/113
f 115/115/111 118/118/114 119/119/115
f 115/115/111 120/120/116 121/121/117
f 115/115/111 117/117/113 118/118/114
f 115/115/111 119/119/115 120/120/116
f 115/115/111 121/121/117 116/116/112
f 122/122/118 123/123/119 124/124/120
f 122/122/118 125/125/121 123/123/119
f 122/122/118 126/126/122 125/125/121
f 127/127/123 128/128/124 129/129/125
f 127/127/123 130/130/126 131/131/127
f 127/127/123 129/129/125 130/130/126
f 132/132/128 133/133/129 134/134/130
f 132/132/128 135/135/131 136/136/132
f 137/137/133 138/138/134 139/139/135
f 132/132/128 136/136/132 140/140/136
f 137/137/133 141/141/137 142/142/138
f 137/137/133 142/142/138 138/138/134
f 132/132/128 140/140/136 133/133/129
f 143/143/139 144/144/140 145/145/141
f 146/146/142 147/147/143 148/148/143
f 143/143/139 149/149/144 150/150/145
f 151/151/146 152/152/147 153/153/148
f 151/151/146 154/154/149 152/152/147
f 143/143/139 145/145/141 149/149/144
f 19/19/17 155/155/150 156/156/151
f 7/7/7 157/157/152 8/8/8
f 19/19/17 18/18/16 158/158/153
f 19/19/17 158/158/153 155/155/150
f 159/159/154 160/160/155 161/161/156
f 162/162/157 163/163/158 164/164/159
f 162/162/157 164/164/159 165/165/160
f 162/162/157 165/165/160 166/166/161
f 162/162/157 166/166/161 167/167/162
f 162/162/157 167/167/162 163/163/158
f 168/168/163 169/169/164 170/170/165
f 56/56/52 59/59/55 171/171/166
f 172/172/167 173/173/168 174/174/169
f 56/56/52 171/171/166 175/175/170
f 172/172/167 174/174/169 176/176/171
f 172/172/167 176/176/171 177/177/172
f 178/178/173 179/179/174 180/180/175
f 178/178/173 181/181/176 182/182/177
f 178/178/173 183/183/178 179/179/174
f 178/178/173 180/180/175 184/184/179
f 178/178/173 184/184/179 181/181/176
f 178/178/173 182/182/177 183/183/178
f 185/185/180 186/186/181 187/187/182
f 188/188/183 189/189/184 190/190/185
f 185/185/180 191/191/186 186/186/181
f 185/185/180 192/192/187 193/193/188
f 185/185/180 187/187/182 192/192/187
f 188/188/183 194/194/189 189/189/184
f 195/195/190 196/196/191 197/197/192
f 195/195/190 198/198/193 196/196/191
f 195/195/190 199/199/194 200/200/195
f 195/195/190 201/201/196 199/199/194
f 195/195/190 200/200/195 198/198/193
f 195/195/190 197/197/192 201/201/196
f 202/202/197 203/203/198 204/204/199
f 202/202/197 205/205/200 206/206/201
f 202/202/197 207/207/202 203/203/198
f 208/208/203 209/209/204 210/210/205
f 208/208/203 211/211/206 212/212/207
f 208/208/203 210/210/205 211/211/206
f 202/202/197 206/206/201 207/207/202
f 213/213/208 214/214/209 215/215/210
f 213/213/208 216/216/211 214/214/209
f 213/213/208 215/215/210 217/217/212
f 213/213/208 217/217/212 218/218/213
f 213/213/208 218/218/213 216/216/211
f 219/219/214 220/220/215 221/221/216
f 222/222/217 223/223/218 224/224/219
f 219/219/214 221/221/216 225/225/220
f 222/222/217 226/226/221 223/223/218
f 222/222/217 227/227/222 226/226/221
f 222/222/217 224/224/219 228/228/223
f 222/222/217 228/228/223 229/229/224
f 219/219/214 230/230/225 220/220/215
f 231/231/226 232/232/227 233/233/228
f 231/231/226 233/233/228 234/234/229
f 235/235/230 236/236/231 237/237/232
f 235/235/230 238/238/233 236/236/231
f 231/231/226 239/239/234 232/232/227
f 235/235/230 240/240/235 238/238/233
f 241/241/236 242/242/237 243/243/238
f 244/244/239 245/245/240 246/246/241
f 247/247/242 99/99/95 248/248/243
f 249/249/244 250/250/245 251/251/246
f 244/244/239 252/252/247 245/245/240
f 247/247/242 248/248/243 253/253/248
s 0
f 254/254/249 255/255/249 256/256/249
s 1
f 247/247/242 257/257/250 99/99/95
f 258/258/251 259/259/252 260/260/253
f 261/261/254 262/262/255 263/263/256
f 258/258/251 264/264/257 259/259/252
f 258/258/251 260/260/253 265/265/258
f 258/258/251 265/265/258 266/266/259
f 261/261/254 263/263/256 267/267/260
f 268/268/261 269/269/262 270/270/263
f 271/271/264 272/272/265 273/273/266
f 274/274/267 275/275/268 276/276/269
f 268/268/261 277/277/270 269/269/262
f 271/271/264 273/273/266 278/278/271
f 271/271/264 278/278/271 279/279/272
f 280/280/273 281/281/274 282/282/275
f 280/280/273 283/283/276 281/281/274
f 284/284/277 285/285/278 286/286/279
f 280/280/273 287/287/280 283/283/276
f 280/280/273 282/282/275 288/288/281
f 280/280/273 289/289/282 287/287/280
f 290/290/283 291/291/284 292/292/285
f 293/293/286 294/294/287 295/295/288
f 293/293/286 295/295/288 296/296/289
f 290/290/283 297/297/290 291/291/284
f 293/293/286 298/298/291 294/294/287
f 299/299/292 300/300/293 301/301/294
f 299/299/292 302/302/295 303/303/296
f 299/299/292 304/304/297 300/300/293
f 299/299/292 303/303/296 305/305/298
f 299/299/292 301/301/294 302/302/295
f 299/299/292 81/81/77 304/304/297
f 299/299/292 305/305/298 81/81/77
f 306/306/299 307/307/300 308/308/301
f 306/306/299 308/308/301 309/309/302
f 306/306/299 310/310/303 307/307/300
f 306/306/299 311/311/304 310/310/303
f 312/312/305 313/313/306 314/314/307
f 306/306/299 315/315/308 311/311/304
f 316/316/309 317/317/310 318/318/311
f 316/316/309 319/319/312 320/320/313
f 316/316/309 318/318/311 66/66/62
f 316/316/309 65/65/61 319/319/312
f 316/316/309 320/320/313 317/317/310
f 316/316/309 66/66/62 65/65/61
s 0
f 321/321/314 322/322/314 323/323/314
s 1
f 324/324/315 325/325/316 326/326/317
f 324/324/315 327/327/318 328/328/319
f 324/324/315 328/328/319 329/329/320
f 324/324/315 326/326/317 327/327/318
f 324/324/315 330/330/321 325/325/316
s 0
f 331/331/322 332/332/322 333/333/322
s 1
f 334/334/323 335/335/324 336/336/325
f 334/334/323 336/336/325 337/337/326
s 0
f 338/338/327 339/339/327 340/340/327
s 1
f 341/341/328 342/342/329 343/343/330
f 334/334/323 337/337/326 344/344/331
f 341/341/328 343/343/330 345/345/332
f 346/346/333 347/347/334 348/348/335
f 349/349/336 350/350/337 351/351/338
f 346/346/333 348/348/335 352/352/339
f 346/346/333 352/352/339 353/353/340
f 349/349/336 354/354/341 350/350/337
f 355/355/342 356/356/343 357/357/344
f 358/358/345 359/359/346 360/360/347
f 361/361/348 362/362/349 363/363/350
f 361/361/348 363/363/350 364/364/351
f 358/358/345 360/360/347 365/365/352
f 358/358/345 365/365/352 366/366/353
f 367/367/354 368/368/355 369/369/356
f 367/367/354 369/369/356 370/370/357
f 367/367/354 371/371/358 368/368/355
f 372/372/359 373/373/360 374/374/361
f 372/372/359 374/374/361 375/375/362
f 372/372/359 376/376/363 377/377/364
f 372/372/359 378/378/365 373/373/360
f 372/372/359 377/377/364 378/378/365
f 372/372/359 375/375/362 376/376/363
f 379/379/366 380/380/367 381/381/368
f 379/379/366 382/382/369 383/383/370
f 379/379/366 381/381/368 384/384/371
f 379/379/366 384/384/371 382/382/369
f 385/385/372 386/386/373 387/387/374
f 388/388/375 389/389/376 390/390/377
f 391/391/378 392/392/379 393/393/380
f 391/391/378 393/393/380 394/394/381
f 395/395/382 396/396/383 397/397/384
f 395/395/382 398/398/385 399/399/386
f 395/395/382 400/400/387 396/396/383
f 395/395/382 401/401/388 400/400/387
f 395/395/382 397/397/384 398/398/385
f 395/395/382 399/399/386 401/401/388
f 402/402/389 403/403/390 404/404/391
f 405/405/392 406/406/393 407/407/394
f 402/402/389 408/408/395 409/409/396
f 405/405/392 407/407/394 410/410/397
f 402/402/389 409/409/396 403/403/390
f 405/405/392 410/410/397 411/411/398
f 412/412/399 413/413/400 414/414/401
f 412/412/399 415/415/402 416/416/403
f 412/412/399 414/414/401 415/415/402
f 412/412/399 416/416/403 413/413/400
f 417/417/404 418/418/405 419/419/406
f 417/417/404 420/420/407 421/421/408
f 417/417/404 422/422/409 418/418/405
f 417/417/404 421/421/408 423/423/410
f 417/417/404 423/423/410 422/422/409
f 417/417/404 419/419/406 420/420/407
f 424/424/411 425/425/412 426/426/413
f 427/427/414 428/428/415 429/429/416
f 427/427/414 429/429/416 430/430/417
f 424/424/411 431/431/418 432/432/419
f 424/424/411 426/426/413 433/433/420
f 424/424/411 432/432/419 425/425/412
f 427/427/414 430/430/417 434/434/421
f 300/300/293 435/435/422 436/436/423
f 300/300/293 304/304/297 437/437/424
f 300/300/293 436/436/423 301/301/294
f 300/300/293 437/437/424 438/438/425
f 300/300/293 438/438/425 435/435/422
f 439/439/426 440/440/427 441/441/428
f 442/442/429 443/443/429 444/444/430
f 445/445/431 446/446/432 447/447/433
f 439/439/426 441/441/428 448/448/434
f 442/442/429 449/449/435 443/443/429
f 450/450/436 451/451/437 452/452/438
f 450/450/436 453/453/439 454/454/440
f 450/450/436 452/452/438 455/455/441
f 450/450/436 455/455/441 453/453/439
f 450/450/436 454/454/440 456/456/442
f 450/450/436 456/456/442 451/451/437
f 457/457/443 458/458/444 459/459/445
f 457/457/443 460/460/446 458/458/444
f 461/461/447 462/462/448 463/463/449
f 457/457/443 459/459/445 464/464/450
f 465/465/451 466/466/452 467/467/453
f 465/465/451 468/468/454 466/466/452
f 465/465/451 469/469/455 468/468/454
f 470/470/456 471/471/457 472/472/458
f 470/470/456 110/110/106 114/114/110
f 473/473/459 474/474/460 475/475/461
f 473/473/459 476/476/462 474/474/460
f 473/473/459 475/475/461 477/477/463
f 470/470/456 472/472/458 110/110/106
f 478/478/464 479/479/465 480/480/466
f 478/478/464 161/161/156 481/481/467
f 478/478/464 482/482/468 479/479/465
f 478/478/464 481/481/467 483/483/469
f 478/478/464 480/480/466 161/161/156
f 478/478/464 483/483/469 482/482/468
f 484/484/470 485/485/471 486/486/472
f 487/487/473 488/488/474 23/23/21
f 489/489/475 490/490/476 491/491/477
f 492/492/478 493/493/479 494/494/480
f 487/487/473 495/495/481 488/488/474
f 489/489/475 496/496/482 490/490/476
f 484/484/470 497/497/483 485/485/471
f 498/498/484 499/499/485 500/500/486
f 501/501/487 502/502/488 503/503/489
f 501/501/487 504/504/490 502/502/488
f 498/498/484 500/500/486 505/505/491
f 498/498/484 505/505/491 506/506/492
f 507/507/493 508/508/494 509/509/495
f 507/507/493 510/510/496 508/508/494
f 507/507/493 511/511/497 512/512/498
f 507/507/493 513/513/499 510/510/496
f 507/507/493 512/512/498 514/514/500
s 0
f 515/515/501 516/516/501 517/517/501
s 1
f 507/507/493 514/514/500 513/513/499
f 518/518/502 519/519/503 520/520/504
f 518/518/502 521/521/505 522/522/506
f 518/518/502 523/523/507 519/519/503
f 518/518/502 524/524/508 523/523/507
f 518/518/502 520/520/504 521/521/505
f 518/518/502 522/522/506 524/524/508
f 525/525/509 526/526/510 527/527/511
f 528/528/512 529/529/513 530/530/514
f 528/528/512 530/530/514 531/531/515
f 525/525/509 532/532/516 533/533/517
f 525/525/509 527/527/511 532/532/516
f 528/528/512 531/531/515 534/534/518
f 535/535/519 536/536/520 537/537/521
f 535/535/519 538/538/522 539/539/523
f 540/540/524 541/541/525 542/542/526
f 535/535/519 539/539/523 536/536/520
f 543/543/527 544/544/528 545/545/529
f 546/546/530 547/547/530 548/548/530
f 549/549/531 550/550/532 551/551/533
f 549/549/531 552/552/534 553/553/535
f 549/549/531 554/554/536 555/555/537
f 549/549/531 551/551/533 552/552/534
f 549/549/531 553/553/535 554/554/536
f 549/549/531 555/555/537 550/550/532
f 556/556/538 557/557/539 558/558/540
f 559/559/541 560/560/542 561/561/543
f 562/562/544 563/563/545 564/564/546
f 556/556/538 565/565/547 557/557/539
f 559/559/541 566/566/548 560/560/542
f 567/567/549 568/568/550 569/569/551
f 570/570/552 571/571/553 572/572/554
f 567/567/549 573/573/555 574/574/556
f 567/567/549 569/569/551 575/575/557
f 570/570/552 572/572/554 576/576/558
f 567/567/549 574/574/556 568/568/550
f 577/577/559 578/578/560 579/579/561
f 580/580/562 581/581/563 582/582/564
f 577/577/559 579/579/561 583/583/565
f 577/577/559 583/583/565 584/584/566
f 580/580/562 585/585/567 586/586/568
f 580/580/562 582/582/564 585/585/567
f 587/587/569 588/588/570 589/589/571
f 587/587/569 590/590/572 588/588/570
f 591/591/573 592/592/574 593/593/575
s 0
f 594/594/576 595/595/576 596/596/576
s 1
f 591/591/573 597/597/577 592/592/574
f 591/591/573 598/598/578 597/597/577
f 599/599/579 600/600/580 601/601/581
f 599/599/579 602/602/582 603/603/583
f 604/604/584 605/605/585 606/606/586
f 599/599/579 607/607/587 602/602/582
f 599/599/579 601/601/581 607/607/587
s 0
f 608/608/588 609/609/588 610/610/588
s 1
f 418/418/405 422/422/409 611/611/589
f 418/418/405 612/612/590 419/419/406
f 418/418/405 611/611/589 612/612/590
f 613/613/591 614/614/592 615/615/593
f 616/616/594 617/617/595 618/618/596
f 616/616/594 619/619/597 620/620/598
f 616/616/594 621/621/599 619/619/597
f 613/613/591 615/615/593 622/622/600
f 616/616/594 618/618/596 621/621/599
f 623/623/601 624/624/602 625/625/603
f 626/626/604 627/627/605 628/628/606
f 626/626/604 628/628/606 629/629/607
f 626/626/604 630/630/608 627/627/605
s 0
f 631/631/609 632/632/609 633/633/609
s 1
f 16/16/14 15/15/13 634/634/610
f 635/635/611 348/348/335 347/347/334
s 0
f 636/636/612 637/637/612 638/638/612
s 1
f 639/639/613 640/640/614 641/641/615
f 642/642/616 643/643/617 644/644/618
f 645/645/619 646/646/620 647/647/621
s 0
f 648/648/622 649/649/622 650/650/622
s 1
f 639/639/613 641/641/615 651/651/623
f 645/645/619 647/647/621 652/652/624
f 653/653/625 654/654/626 655/655/627
f 656/656/628 657/657/629 658/658/630
f 653/653/625 659/659/631 654/654/626
f 660/660/632 661/661/633 662/662/634
f 660/660/632 663/663/635 661/661/633
f 656/656/628 664/664/636 657/657/629
f 665/665/637 666/666/638 667/667/639
f 668/668/640 669/669/641 670/670/642
f 668/668/640 671/671/643 669/669/641
f 665/665/637 667/667/639 672/672/644
f 673/673/645 674/674/646 675/675/647
f 673/673/645 676/676/648 677/677/649
f 678/678/650 679/679/651 680/680/652
f 673/673/645 677/677/649 674/674/646
f 678/678/650 680/680/652 681/681/653
s 0
f 682/682/654 683/683/654 684/684/654
s 1
f 685/685/655 686/686/656 687/687/657
f 688/688/658 689/689/659 690/690/660
f 685/685/655 691/691/661 686/686/656
f 692/692/662 512/512/498 511/511/497
f 688/688/658 690/690/660 693/693/663
f 31/31/27 39/39/35 694/694/664
f 31/31/27 694/694/664 695/695/665
f 31/31/27 695/695/665 32/32/28
f 696/696/666 697/697/667 698/698/668
f 696/696/666 699/699/669 700/700/670
f 701/701/671 702/702/672 703/703/673
f 701/701/671 703/703/673 704/704/674
f 696/696/666 700/700/670 697/697/667
f 701/701/671 704/704/674 705/705/675
f 706/706/676 707/707/677 314/314/307
f 706/706/676 708/708/678 707/707/677
f 706/706/676 709/709/679 708/708/678
f 706/706/676 313/313/306 709/709/679
f 706/706/676 314/314/307 313/313/306
f 710/710/680 711/711/681 712/712/682
f 710/710/680 64/64/60 63/63/59
f 710/710/680 713/713/683 714/714/684
f 710/710/680 63/63/59 713/713/683
f 710/710/680 714/714/684 711/711/681
f 715/715/685 716/716/686 717/717/686
f 718/718/687 719/719/688 720/720/689
f 718/718/687 721/721/690 719/719/688
f 722/722/691 723/723/692 724/724/693
f 718/718/687 725/725/694 726/726/695
f 722/722/691 724/724/693 727/727/696
f 718/718/687 726/726/695 721/721/690
f 728/728/697 729/729/698 730/730/699
f 728/728/697 731/731/700 729/729/698
s 0
f 732/732/701 733/733/701 734/734/701
s 1
f 735/735/702 736/736/703 737/737/704
f 735/735/702 738/738/705 736/736/703
f 739/739/706 740/740/707 741/741/708
f 739/739/706 742/742/709 743/743/710
f 739/739/706 743/743/710 740/740/707
f 744/744/711 745/745/712 746/746/713
f 744/744/711 232/232/227 239/239/234
f 744/744/711 747/747/714 232/232/227
f 744/744/711 239/239/234 745/745/712
f 744/744/711 748/748/715 747/747/714
f 744/744/711 746/746/713 748/748/715
f 749/749/716 750/750/717 751/751/718
f 749/749/716 752/752/719 753/753/720
f 749/749/716 754/754/721 752/752/719
f 749/749/716 751/751/718 755/755/722
f 749/749/716 755/755/722 754/754/721
f 749/749/716 753/753/720 750/750/717
f 756/756/723 757/757/724 758/758/725
f 759/759/726 760/760/727 761/761/728
f 756/756/723 762/762/729 763/763/730
f 759/759/726 764/764/731 765/765/732
f 759/759/726 761/761/728 764/764/731
f 756/756/723 763/763/730 757/757/724
f 766/766/733 767/767/734 768/768/735
f 766/766/733 768/768/735 769/769/736
s 0
f 770/770/737 771/771/737 772/772/737
s 1
f 766/766/733 769/769/736 773/773/738
f 766/766/733 774/774/739 767/767/734
f 775/775/740 365/365/352 360/360/347
f 776/776/741 777/777/742 778/778/743
s 0
f 779/779/744 780/780/744 781/781/744
f 782/782/745 783/783/745 784/784/745
s 1
f 785/785/746 786/786/747 787/787/748
f 788/788/749 789/789/749 790/790/749
f 785/785/746 791/791/750 786/786/747
f 792/792/751 793/793/752 794/794/753
f 795/795/754 796/796/755 797/797/756
f 795/795/754 798/798/757 796/796/755
f 795/795/754 799/799/758 798/798/757
f 795/795/754 800/800/759 799/799/758
f 795/795/754 801/801/760 800/800/759
f 795/795/754 797/797/756 801/801/760
f 802/802/761 803/803/762 804/804/763
f 802/802/761 805/805/764 806/806/765
f 802/802/761 804/804/763 807/807/766
f 802/802/761 807/807/766 808/808/767
f 802/802/761 806/806/765 803/803/762
f 802/802/761 808/808/767 805/805/764
f 809/809/768 810/810/769 811/811/770
f 812/812/771 813/813/772 814/814/773
f 812/812/771 815/815/774 813/813/772
f 812/812/771 816/816/775 817/817/776
f 818/818/777 819/819/778 820/820/779
f 812/812/771 814/814/773 816/816/775
f 818/818/777 821/821/780 819/819/778
f 822/822/781 823/823/782 824/824/783
f 822/822/781 824/824/783 825/825/784
f 822/822/781 826/826/785 823/823/782
f 822/822/781 825/825/784 827/827/786
f 822/822/781 828/828/787 826/826/785
f 822/822/781 827/827/786 828/828/787
f 829/829/788 830/830/789 831/831/790
f 832/832/791 833/833/792 834/834/793
s 0
f 835/835/794 836/836/794 837/837/794
s 1
f 829/829/788 838/838/795 830/830/789
f 829/829/788 839/839/796 838/838/795
f 840/840/797 841/841/798 842/842/799
f 840/840/797 843/843/800 844/844/801
f 840/840/797 844/844/801 841/841/798
f 845/845/802 451/451/437 456/456/442
f 845/845/802 846/846/803 451/451/437
f 845/845/802 847/847/804 848/848/805
f 845/845/802 849/849/806 847/847/804
f 845/845/802 848/848/805 846/846/803
f 845/845/802 456/456/442 849/849/806
f 850/850/807 851/851/808 852/852/809
f 853/853/810 854/854/811 855/855/812
f 853/853/810 856/856/813 854/854/811
f 850/850/807 857/857/814 851/851/808
f 853/853/810 858/858/815 856/856/813
f 850/850/807 859/859/816 857/857/814
f 860/860/817 861/861/818 862/862/819
f 860/860/817 862/862/819 863/863/820
f 860/860/817 863/863/820 864/864/821
f 865/865/822 866/866/823 867/867/824
f 868/868/825 869/869/826 870/870/827
f 865/865/822 867/867/824 384/384/371
f 865/865/822 384/384/371 871/871/828
f 865/865/822 872/872/829 873/873/830
f 865/865/822 871/871/828 872/872/829
f 874/874/831 875/875/832 876/876/833
f 877/877/834 878/878/835 879/879/836
s 0
f 880/880/837 881/881/837 882/882/837
s 1
f 877/877/834 883/883/838 878/878/835
f 877/877/834 884/884/839 883/883/838
f 885/885/840 886/886/841 887/887/842
f 885/885/840 557/557/539 886/886/841
f 885/885/840 887/887/842 888/888/843
f 885/885/840 558/558/540 557/557/539
f 889/889/844 890/890/845 891/891/846
f 892/892/847 893/893/848 894/894/849
f 892/892/847 894/894/849 895/895/850
f 892/892/847 896/896/851 897/897/852
f 892/892/847 897/897/852 893/893/848
f 898/898/853 899/899/854 900/900/855
f 898/898/853 900/900/855 901/901/856
f 902/902/857 269/269/262 903/903/858
f 902/902/857 903/903/858 904/904/859
f 902/902/857 905/905/860 270/270/263
f 902/902/857 270/270/263 269/269/262
f 902/902/857 904/904/859 906/906/861
f 902/902/857 906/906/861 905/905/860
f 907/907/862 908/908/863 909/909/864
f 907/907/862 910/910/865 908/908/863
f 907/907/862 911/911/866 912/912/867
f 907/907/862 912/912/867 910/910/865
f 907/907/862 913/913/868 911/911/866
f 907/907/862 909/909/864 913/913/868
f 914/914/869 915/915/870 494/494/480
f 914/914/869 916/916/871 917/917/872
f 918/918/873 919/919/874 920/920/875
f 914/914/869 917/917/872 921/921/876
f 914/914/869 494/494/480 916/916/871
f 922/922/877 923/923/878 924/924/879
f 922/922/877 925/925/880 926/926/881
f 922/922/877 49/49/45 927/927/882
f 922/922/877 927/927/882 925/925/880
f 922/922/877 924/924/879 49/49/45
f 922/922/877 926/926/881 923/923/878
f 928/928/883 929/929/884 930/930/885
f 928/928/883 931/931/886 932/932/887
f 928/928/883 930/930/885 931/931/886
f 928/928/883 933/933/888 929/929/884
f 928/928/883 932/932/887 933/933/888
f 934/934/889 935/935/890 936/936/891
f 937/937/892 938/938/893 939/939/894
f 934/934/889 940/940/895 941/941/896
f 934/934/889 941/941/896 935/935/890
s 0
f 942/942/897 943/943/897 944/944/897
f 945/945/898 946/946/898 947/947/898
s 1
f 948/948/899 949/949/900 950/950/901
f 948/948/899 951/951/902 952/952/903
f 948/948/899 950/950/901 951/951/902
f 953/953/904 954/954/905 371/371/358
f 948/948/899 952/952/903 955/955/906
f 948/948/899 956/956/907 949/949/900
f 957/957/908 958/958/909 959/959/910
f 960/960/911 961/961/911 962/962/912
f 960/960/911 963/963/913 961/961/911
f 964/964/914 965/965/915 966/966/916
f 957/957/908 959/959/910 666/666/638
f 967/967/917 968/968/918 969/969/919
s 0
f 970/970/920 971/971/920 972/972/920
f 973/973/921 974/974/921 975/975/921
s 1
f 976/976/922 977/977/923 978/978/924
s 0
f 979/979/925 980/980/925 981/981/925
s 1
f 976/976/922 982/982/926 977/977/923
f 983/983/927 984/984/928 985/985/929
f 986/986/930 987/987/931 988/988/932
f 983/983/927 989/989/933 990/990/934
f 983/983/927 991/991/935 984/984/928
f 983/983/927 990/990/934 991/991/935
f 986/986/930 988/988/932 992/992/936
f 993/993/937 994/994/938 995/995/939
f 993/993/937 996/996/940 994/994/938
f 993/993/937 997/997/941 996/996/940
f 998/998/942 999/999/943 1000/1000/944
f 1001/1001/945 392/392/379 1002/1002/946
f 1001/1001/945 1003/1003/947 1004/1004/948
f 1001/1001/945 393/393/380 392/392/379
f 1001/1001/945 1004/1004/948 393/393/380
f 1001/1001/945 1002/1002/946 1003/1003/947
f 1005/1005/949 521/521/505 520/520/504
f 1005/1005/949 1006/1006/950 1007/1007/951
f 1008/1008/952 765/765/732 764/764/731
f 1005/1005/949 520/520/504 1009/1009/953
f 1008/1008/952 764/764/731 1010/1010/954
f 1005/1005/949 1007/1007/951 521/521/505
f 1011/1011/955 1012/1012/956 1013/1013/957
f 1014/1014/958 1015/1015/959 1016/1016/960
f 1017/1017/961 1018/1018/962 1019/1019/963
f 1011/1011/955 533/533/517 532/532/516
f 1011/1011/955 532/532/516 1012/1012/956
f 1014/1014/958 1020/1020/964 1015/1015/959
f 1021/1021/965 1022/1022/966 1023/1023/967
f 1024/1024/968 1025/1025/969 1026/1026/970
f 1021/1021/965 887/887/842 1022/1022/966
f 1024/1024/968 1027/1027/971 1028/1028/972
f 1024/1024/968 1028/1028/972 1025/1025/969
f 1029/1029/973 1030/1030/974 1031/1031/975
f 1029/1029/973 1032/1032/976 1030/1030/974
f 1029/1029/973 1031/1031/975 1033/1033/977
f 1029/1029/973 1034/1034/978 1032/1032/976
f 1029/1029/973 1033/1033/977 1034/1034/978
f 1035/1035/979 1036/1036/980 1037/1037/981
f 1035/1035/979 1038/1038/982 1036/1036/980
f 1039/1039/983 1040/1040/984 1041/1041/985
f 1042/1042/986 1043/1043/987 1044/1044/988
f 1035/1035/979 1037/1037/981 1045/1045/989
f 1039/1039/983 1046/1046/990 1040/1040/984
f 1047/1047/991 1048/1048/992 1049/1049/993
f 1050/1050/994 1051/1051/995 1052/1052/996
f 1053/1053/997 1054/1054/998 1055/1055/999
f 1047/1047/991 1056/1056/1000 1048/1048/992
f 1050/1050/994 1057/1057/1001 1051/1051/995
f 1050/1050/994 1052/1052/996 1058/1058/1002
f 1059/1059/1003 1060/1060/1004 1061/1061/1005
f 1059/1059/1003 1062/1062/1006 1063/1063/1007
f 1059/1059/1003 1061/1061/1005 1064/1064/1008
f 1059/1059/1003 1065/1065/1009 1062/1062/1006
f 1059/1059/1003 1063/1063/1007 1060/1060/1004
f 1059/1059/1003 1064/1064/1008 1065/1065/1009
f 1066/1066/1010 1067/1067/1011 1068/1068/1012
f 1066/1066/1010 1069/1069/1013 1067/1067/1011
f 1066/1066/1010 1068/1068/1012 1070/1070/1014
f 1066/1066/1010 1071/1071/1015 1072/1072/1016
f 1066/1066/1010 1072/1072/1016 1069/1069/1013
f 1066/1066/1010 1070/1070/1014 1071/1071/1015
f 1073/1073/1017 1074/1074/1018 1075/1075/1019
f 1073/1073/1017 1076/1076/1020 1077/1077/1021
f 1078/1078/1022 1079/1079/1023 1080/1080/1024
f 1073/1073/1017 1075/1075/1019 1076/1076/1020
f 1081/1081/1025 1082/1082/1026 1083/1083/1027
f 1078/1078/1022 1080/1080/1024 1084/1084/1028
f 1085/1085/1029 1086/1086/1030 1087/1087/1031
f 1088/1088/1032 1089/1089/1033 1090/1090/1034
f 1085/1085/1029 1091/1091/1035 1092/1092/1036
f 1093/1093/1037 1094/1094/1038 1095/1095/1039
f 1085/1085/1029 1092/1092/1036 1086/1086/1030
f 1096/1096/1040 1097/1097/1041 1098/1098/1042
f 1099/1099/1043 1100/1100/1044 1101/1101/1045
f 1099/1099/1043 1101/1101/1045 1102/1102/1046
f 1099/1099/1043 1102/1102/1046 1103/1103/1047
f 1099/1099/1043 1103/1103/1047 1104/1104/1048
f 1099/1099/1043 1104/1104/1048 1100/1100/1044
f 1105/1105/1049 1106/1106/1050 1107/1107/1051
f 1105/1105/1049 1108/1108/1052 1109/1109/1053
f 1110/1110/1054 1111/1111/1055 1112/1112/1056
f 1105/1105/1049 1113/1113/1057 1108/1108/1052
f 1105/1105/1049 1107/1107/1051 1114/1114/1058
f 1105/1105/1049 1109/1109/1053 1106/1106/1050
f 1115/1115/1059 1116/1116/1060 1117/1117/1061
f 1115/1115/1059 1118/1118/1062 1116/1116/1060
f 1115/1115/1059 1119/1119/1063 1120/1120/1064
f 1121/1121/1065 1122/1122/1066 1123/1123/1067
f 1121/1121/1065 1124/1124/1068 1122/1122/1066
f 1121/1121/1065 1123/1123/1067 1125/1125/1069
f 1115/1115/1059 1120/1120/1064 1118/1118/1062
f 1126/1126/1070 1127/1127/1071 1128/1128/1072
f 1126/1126/1070 1129/1129/1073 1130/1130/1074
f 1126/1126/1070 1130/1130/1074 1131/1131/1075
f 1126/1126/1070 1128/1128/1072 1132/1132/1076
f 1126/1126/1070 1133/1133/1077 1129/1129/1073
f 1126/1126/1070 1132/1132/1076 1133/1133/1077
f 1126/1126/1070 1131/1131/1075 1127/1127/1071
f 1134/1134/1078 1135/1135/1079 357/357/344
f 1136/1136/1080 1137/1137/1081 1111/1111/1055
f 1134/1134/1078 1138/1138/1082 1139/1139/1083
f 1134/1134/1078 357/357/344 1138/1138/1082
f 1136/1136/1080 1111/1111/1055 1140/1140/1084
f 1136/1136/1080 1140/1140/1084 1141/1141/1085
f 1142/1142/1086 1143/1143/1087 1144/1144/1088
f 1142/1142/1086 1145/1145/1089 1146/1146/1090
f 1142/1142/1086 1147/1147/1091 1143/1143/1087
f 1142/1142/1086 1144/1144/1088 1145/1145/1089
f 1142/1142/1086 1148/1148/1092 1147/1147/1091
f 1142/1142/1086 1146/1146/1090 1148/1148/1092
s 0
f 1149/1149/1093 1150/1150/1093 1151/1151/1093
s 1
f 920/920/875 919/919/874 1152/1152/1094
f 886/886/841 1022/1022/966 887/887/842
f 886/886/841 557/557/539 1153/1153/1095
f 886/886/841 1154/1154/1096 1155/1155/1097
f 886/886/841 1155/1155/1097 1022/1022/966
f 886/886/841 1153/1153/1095 1154/1154/1096
f 1156/1156/1098 1157/1157/1099 1158/1158/1100
f 1159/1159/1101 1160/1160/1102 1161/1161/1103
f 1159/1159/1101 1161/1161/1103 1162/1162/1104
s 0
f 1163/1163/1105 1164/1164/1105 1165/1165/1105
s 1
f 1159/1159/1101 1162/1162/1104 1166/1166/1106
s 0
f 1167/1167/1107 1168/1168/1107 1169/1169/1107
s 1
f 1170/1170/1108 1171/1171/1109 1172/1172/1110
f 1173/1173/1111 1174/1174/1112 1175/1175/1113
f 1170/1170/1108 1176/1176/1114 1177/1177/1115
f 1170/1170/1108 1172/1172/1110 1178/1178/1116
f 1170/1170/1108 1178/1178/1116 1176/1176/1114
f 451/451/437 846/846/803 452/452/438
f 1179/1179/1117 1062/1062/1006 1180/1180/1118
f 1179/1179/1117 536/536/520 539/539/523
f 1179/1179/1117 539/539/523 1063/1063/1007
f 1179/1179/1117 1063/1063/1007 1062/1062/1006
f 1179/1179/1117 1180/1180/1118 1181/1181/1119
f 1179/1179/1117 1181/1181/1119 536/536/520
f 1182/1182/1120 1183/1183/1121 1184/1184/1122
f 1182/1182/1120 1185/1185/1123 1186/1186/1124
f 1182/1182/1120 1186/1186/1124 1183/1183/1121
f 1182/1182/1120 1184/1184/1122 1185/1185/1123
f 1187/1187/1125 1188/1188/1126 1189/1189/1127
f 1190/1190/1128 1191/1191/1129 1192/1192/1130
f 1190/1190/1128 1192/1192/1130 1193/1193/1131
f 1187/1187/1125 1189/1189/1127 1194/1194/1132
f 1187/1187/1125 1195/1195/1133 1188/1188/1126
f 2/2/2 4/4/4 1196/1196/1134
f 2/2/2 1197/1197/1135 3/3/3
f 2/2/2 1196/1196/1134 1197/1197/1135
f 1198/1198/1136 1199/1199/1137 1200/1200/1138
f 1198/1198/1136 499/499/485 1201/1201/1139
f 1198/1198/1136 1202/1202/1140 1199/1199/1137
f 1198/1198/1136 1201/1201/1139 1202/1202/1140
f 1198/1198/1136 1200/1200/1138 499/499/485
s 0
f 1203/1203/1141 1204/1204/1141 1205/1205/1141
s 1
f 1206/1206/1142 1207/1207/1143 1208/1208/1144
f 1206/1206/1142 1208/1208/1144 1209/1209/1145
f 1210/1210/1146 1211/1211/1147 1212/1212/1148
f 1210/1210/1146 1212/1212/1148 1213/1213/1149
f 1210/1210/1146 1214/1214/1150 1211/1211/1147
f 1206/1206/1142 1209/1209/1145 1215/1215/1151
s 0
f 1216/1216/1152 1217/1217/1152 1218/1218/1152
s 1
f 1219/1219/1153 1220/1220/1154 1221/1221/1155
f 1219/1219/1153 1222/1222/1156 1220/1220/1154
f 1223/1223/1157 1224/1224/1158 1225/1225/1159
f 1223/1223/1157 1226/1226/1160 1227/1227/1161
f 1223/1223/1157 1228/1228/1162 1224/1224/1158
f 1223/1223/1157 1225/1225/1159 1226/1226/1160
f 1223/1223/1157 1227/1227/1161 1228/1228/1162
f 1229/1229/1163 1230/1230/1164 1231/1231/1165
f 1232/1232/1166 1233/1233/1167 250/250/245
f 1229/1229/1163 253/253/248 1234/1234/1168
f 1229/1229/1163 1234/1234/1168 1230/1230/1164
f 1232/1232/1166 1235/1235/1169 1233/1233/1167
f 1236/1236/1170 1237/1237/1171 1238/1238/1172
f 1236/1236/1170 1239/1239/1173 1240/1240/1174
f 1236/1236/1170 1238/1238/1172 1239/1239/1173
f 1236/1236/1170 1240/1240/1174 1241/1241/1175
f 1236/1236/1170 1241/1241/1175 1237/1237/1171
f 1242/1242/1176 1243/1243/1177 1244/1244/1178
f 1242/1242/1176 1245/1245/1179 1243/1243/1177
f 1242/1242/1176 1244/1244/1178 1246/1246/1180
f 1247/1247/1181 1248/1248/1182 1249/1249/1183
f 1247/1247/1181 1250/1250/1184 1248/1248/1182
f 1251/1251/1185 1252/1252/1186 1253/1253/1187
f 1251/1251/1185 1254/1254/1188 1252/1252/1186
f 1251/1251/1185 1255/1255/1189 166/166/161
f 1251/1251/1185 1253/1253/1187 1256/1256/1190
f 1251/1251/1185 1256/1256/1190 1255/1255/1189
f 1251/1251/1185 166/166/161 1254/1254/1188
s 0
f 1257/1257/1191 1258/1258/1191 1259/1259/1191
f 1260/1260/1192 1261/1261/1192 1262/1262/1192
f 1263/1263/1193 1264/1264/1193 1265/1265/1193
s 1
f 1266/1266/1194 1267/1267/1195 1268/1268/1196
f 697/697/667 1269/1269/1197 698/698/668
f 697/697/667 1270/1270/1198 1271/1271/1199
f 697/697/667 700/700/670 1270/1270/1198
f 697/697/667 1271/1271/1199 1269/1269/1197
f 1272/1272/1200 1273/1273/1201 1274/1274/1202
f 1272/1272/1200 1275/1275/1203 1276/1276/1204
f 1272/1272/1200 1277/1277/1205 1275/1275/1203
f 1272/1272/1200 1274/1274/1202 1277/1277/1205
f 1278/1278/1206 1279/1279/1207 1280/1280/1208
f 711/711/681 1281/1281/1209 1282/1282/1210
f 1283/1283/1211 1284/1284/1212 1285/1285/1213
f 711/711/681 1282/1282/1210 712/712/682
f 1283/1283/1211 1285/1285/1213 1286/1286/1214
f 1287/1287/1215 1288/1288/1216 1289/1289/1217
f 1290/1290/1218 490/490/476 1291/1291/1219
f 1287/1287/1215 1292/1292/1220 493/493/479
f 1287/1287/1215 1293/1293/1221 1292/1292/1220
f 1287/1287/1215 493/493/479 1294/1294/1222
f 1287/1287/1215 1289/1289/1217 1293/1293/1221
f 1295/1295/1223 1296/1296/1224 406/406/393
f 1295/1295/1223 1297/1297/1225 1298/1298/1226
f 1299/1299/1227 404/404/391 1300/1300/1228
f 1295/1295/1223 1298/1298/1226 1296/1296/1224
f 1299/1299/1227 1301/1301/1229 1302/1302/1230
f 1299/1299/1227 1300/1300/1228 1301/1301/1229
f 1303/1303/1231 523/523/507 524/524/508
f 1304/1304/1232 1305/1305/1233 1306/1306/1234
f 1304/1304/1232 1307/1307/1235 1308/1308/1236
f 1304/1304/1232 1308/1308/1236 1305/1305/1233
f 1309/1309/1237 1310/1310/1238 1311/1311/1239
f 1303/1303/1231 1312/1312/1240 523/523/507
f 1313/1313/1241 1314/1314/1242 1315/1315/1243
f 1313/1313/1241 1315/1315/1243 1316/1316/1244
f 1313/1313/1241 1317/1317/1245 1318/1318/1246
f 1313/1313/1241 1318/1318/1246 1319/1319/1247
f 1313/1313/1241 1319/1319/1247 1314/1314/1242
f 1313/1313/1241 1316/1316/1244 1317/1317/1245
f 373/373/360 1320/1320/1248 374/374/361
f 373/373/360 378/378/365 1321/1321/1249
f 373/373/360 1321/1321/1249 1322/1322/1250
f 373/373/360 1322/1322/1250 1320/1320/1248
f 870/870/827 869/869/826 1323/1323/1251
f 870/870/827 1324/1324/1252 1325/1325/1253
f 870/870/827 1323/1323/1251 1326/1326/1254
f 870/870/827 1326/1326/1254 1324/1324/1252
f 1327/1327/1255 1328/1328/1256 1329/1329/1257
f 1330/1330/1258 1331/1331/1259 1332/1332/1260
f 1330/1330/1258 1333/1333/1261 1331/1331/1259
f 1330/1330/1258 1334/1334/1262 1333/1333/1261
f 1330/1330/1258 1335/1335/1263 1334/1334/1262
f 1327/1327/1255 1329/1329/1257 1336/1336/1264
f 1337/1337/1265 1338/1338/1266 1339/1339/1267
f 1337/1337/1265 1340/1340/1268 1341/1341/1269
f 1337/1337/1265 1339/1339/1267 1342/1342/1270
f 1337/1337/1265 1343/1343/1271 1340/1340/1268
f 1337/1337/1265 1341/1341/1269 1338/1338/1266
f 1337/1337/1265 1342/1342/1270 1343/1343/1271
f 1344/1344/1272 1345/1345/1273 1346/1346/1274
f 1344/1344/1272 1346/1346/1274 1347/1347/1275
f 1344/1344/1272 1347/1347/1275 1348/1348/1276
f 1349/1349/1277 1350/1350/1278 1351/1351/1279
f 1352/1352/1280 1353/1353/1281 1354/1354/1282
f 1352/1352/1280 1354/1354/1282 1355/1355/1283
f 1349/1349/1277 1351/1351/1279 1356/1356/1284
f 1352/1352/1280 1357/1357/1285 1353/1353/1281
f 1349/1349/1277 1356/1356/1284 1358/1358/1286
f 1086/1086/1030 1359/1359/1287 1360/1360/1288
f 1086/1086/1030 1092/1092/1036 1359/1359/1287
s 0
f 1361/1361/1289 1362/1362/1289 1363/1363/1289
s 1
f 1364/1364/1290 458/458/444 1365/1365/1291
f 1364/1364/1290 1366/1366/1292 458/458/444
f 1364/1364/1290 1365/1365/1291 1367/1367/1293
f 1368/1368/1294 1369/1369/1295 1285/1285/1213
f 1368/1368/1294 1285/1285/1213 1370/1370/1296
f 1368/1368/1294 1371/1371/1297 1369/1369/1295
f 1372/1372/1298 1373/1373/1299 1374/1374/1300
f 1372/1372/1298 1375/1375/1301 1376/1376/1302
f 1372/1372/1298 1377/1377/1303 1375/1375/1301
f 1372/1372/1298 1374/1374/1300 1377/1377/1303
f 1372/1372/1298 1376/1376/1302 1373/1373/1299
f 1378/1378/1304 1379/1379/1305 1380/1380/1306
f 1378/1378/1304 1381/1381/1307 1382/1382/1308
f 1383/1383/1309 1384/1384/1310 1146/1146/1090
f 1383/1383/1309 1385/1385/1311 1384/1384/1310
f 1378/1378/1304 1382/1382/1308 1379/1379/1305
f 1383/1383/1309 1146/1146/1090 1386/1386/1312
f 1387/1387/1313 1388/1388/1314 1389/1389/1315
f 1387/1387/1313 1390/1390/1316 1391/1391/1317
f 1392/1392/1318 1393/1393/1319 1394/1394/1320
f 1387/1387/1313 1391/1391/1317 1388/1388/1314
f 1395/1395/1321 1396/1396/1322 1397/1397/1323
f 1395/1395/1321 1398/1398/1324 1399/1399/1325
f 1395/1395/1321 1400/1400/1326 1401/1401/1327
f 1395/1395/1321 1397/1397/1323 1402/1402/1328
f 1395/1395/1321 1401/1401/1327 1396/1396/1322
f 1395/1395/1321 1399/1399/1325 1400/1400/1326
f 1395/1395/1321 1402/1402/1328 1398/1398/1324
f 1403/1403/1329 1404/1404/1330 1405/1405/1331
f 1215/1215/1151 1406/1406/1332 1407/1407/1333
f 1215/1215/1151 1209/1209/1145 1408/1408/1334
f 1215/1215/1151 1408/1408/1334 1406/1406/1332
f 1409/1409/1335 1410/1410/1336 1411/1411/1337
f 1409/1409/1335 1411/1411/1337 1412/1412/1338
f 1409/1409/1335 1413/1413/1339 1414/1414/1340
f 1409/1409/1335 1412/1412/1338 1415/1415/1341
f 1409/1409/1335 1415/1415/1341 1413/1413/1339
f 1409/1409/1335 1414/1414/1340 1410/1410/1336
f 1416/1416/1342 1417/1417/1343 1418/1418/1344
f 1416/1416/1342 1418/1418/1344 1419/1419/1345
f 1416/1416/1342 1420/1420/1346 1417/1417/1343
f 1416/1416/1342 1421/1421/1347 1420/1420/1346
f 1416/1416/1342 1422/1422/1348 1421/1421/1347
f 1416/1416/1342 1419/1419/1345 1422/1422/1348
f 1423/1423/1349 1424/1424/1350 1425/1425/1351
f 1423/1423/1349 1425/1425/1351 1426/1426/1352
f 1423/1423/1349 1426/1426/1352 1427/1427/1353
f 1423/1423/1349 1428/1428/1354 1424/1424/1350
f 1423/1423/1349 1429/1429/1355 1428/1428/1354
f 1423/1423/1349 1427/1427/1353 1429/1429/1355
f 1430/1430/1356 1185/1185/1123 1184/1184/1122
f 1430/1430/1356 1431/1431/1357 1185/1185/1123
f 1030/1030/974 1432/1432/1358 1031/1031/975
f 1433/1433/1359 1434/1434/1360 1435/1435/1361
f 1433/1433/1359 1436/1436/1362 1437/1437/1363
f 1433/1433/1359 1435/1435/1361 1436/1436/1362
f 1433/1433/1359 1438/1438/1364 1434/1434/1360
f 1433/1433/1359 1437/1437/1363 1438/1438/1364
f 1439/1439/1365 125/125/121 126/126/122
f 1439/1439/1365 126/126/122 1440/1440/1366
f 1439/1439/1365 1441/1441/1367 1442/1442/1368
f 1439/1439/1365 1440/1440/1366 1441/1441/1367
f 1443/1443/1369 1444/1444/1370 1445/1445/1371
f 1439/1439/1365 1446/1446/1372 125/125/121
f 133/133/129 1447/1447/1373 1448/1448/1374
f 133/133/129 1449/1449/1375 1447/1447/1373
f 133/133/129 1448/1448/1374 134/134/130
f 133/133/129 140/140/136 1449/1449/1375
f 1450/1450/1376 46/46/42 1451/1451/1377
f 1450/1450/1376 1452/1452/1378 1453/1453/1379
f 1450/1450/1376 47/47/43 46/46/42
f 1450/1450/1376 1453/1453/1379 47/47/43
f 1450/1450/1376 1451/1451/1377 1452/1452/1378
f 1454/1454/1380 1455/1455/1381 1456/1456/1382
f 1454/1454/1380 1457/1457/1383 1458/1458/1384
f 1454/1454/1380 1456/1456/1382 1459/1459/1385
f 1454/1454/1380 1460/1460/1386 1455/1455/1381
f 1454/1454/1380 1459/1459/1385 1457/1457/1383
f 1454/1454/1380 1458/1458/1384 1460/1460/1386
f 1461/1461/1387 1462/1462/1388 1463/1463/1389
f 1464/1464/1390 1465/1465/1391 1466/1466/1392
s 0
f 1467/1467/1393 1468/1468/1393 1469/1469/1393
f 1470/1470/1394 1471/1471/1394 1472/1472/1394
s 1
f 1461/1461/1387 1473/1473/1395 1462/1462/1388
s 0
f 1474/1474/1396 1475/1475/1396 1476/1476/1396
s 1
f 1477/1477/1397 614/614/592 1478/1478/1398
f 1479/1479/1399 1480/1480/1400 278/278/271
f 1477/1477/1397 1478/1478/1398 1481/1481/1401
f 1477/1477/1397 615/615/593 614/614/592
f 1479/1479/1399 1482/1482/1402 1480/1480/1400
f 1479/1479/1399 278/278/271 273/273/266
f 1483/1483/1403 1484/1484/1404 1485/1485/1405
s 0
f 1486/1486/1406 1487/1487/1406 1488/1488/1406
s 1
f 1483/1483/1403 1489/1489/1407 1484/1484/1404
f 1483/1483/1403 1485/1485/1405 1490/1490/1408
f 757/757/724 1491/1491/1409 758/758/725
f 757/757/724 1492/1492/1410 1493/1493/1411
f 757/757/724 1493/1493/1411 1491/1491/1409
f 757/757/724 763/763/730 1492/1492/1410
f 1494/1494/1412 1495/1495/1413 1496/1496/1414
f 1497/1497/1415 1498/1498/1416 990/990/934
f 1494/1494/1412 1496/1496/1414 1499/1499/1417
f 1494/1494/1412 1499/1499/1417 1500/1500/1418
f 1494/1494/1412 1501/1501/1419 1495/1495/1413
s 0
f 1502/1502/1420 1503/1503/1420 1504/1504/1420
s 1
f 203/203/198 207/207/202 1505/1505/1421
f 203/203/198 1505/1505/1421 1506/1506/1422
f 203/203/198 1506/1506/1422 204/204/199
f 1507/1507/1423 1508/1508/1424 1322/1322/1250
f 1507/1507/1423 1509/1509/1425 1510/1510/1426
f 1507/1507/1423 1511/1511/1427 1509/1509/1425
f 1507/1507/1423 1512/1512/1428 1511/1511/1427
f 1507/1507/1423 1322/1322/1250 1512/1512/1428
f 1507/1507/1423 1510/1510/1426 1508/1508/1424
f 1513/1513/1429 1514/1514/1430 1515/1515/1431
f 1516/1516/1432 1517/1517/1433 1518/1518/1434
f 1516/1516/1432 1519/1519/1435 1517/1517/1433
f 1513/1513/1429 1515/1515/1431 1520/1520/1436
s 0
f 1521/1521/1437 1522/1522/1437 1523/1523/1437
s 1
f 1516/1516/1432 1518/1518/1434 1524/1524/1438
f 1525/1525/1439 1526/1526/1440 1527/1527/1441
f 1528/1528/1442 883/883/838 884/884/839
f 1528/1528/1442 884/884/839 1529/1529/1443
f 1528/1528/1442 1530/1530/1444 883/883/838
f 1528/1528/1442 1529/1529/1443 1531/1531/1445
f 1532/1532/1446 1533/1533/1447 1534/1534/1448
f 1532/1532/1446 1535/1535/1449 1533/1533/1447
f 1536/1536/1450 1537/1537/1451 1538/1538/1452
f 1539/1539/1453 1540/1540/1454 1541/1541/1455
f 1536/1536/1450 1542/1542/1456 1537/1537/1451
f 1543/1543/1457 1544/1544/1458 1545/1545/1459
f 1539/1539/1453 1546/1546/1460 410/410/397
f 1543/1543/1457 1545/1545/1459 1547/1547/1461
f 1539/1539/1453 410/410/397 1540/1540/1454
f 1548/1548/1462 1549/1549/1463 1550/1550/1464
f 1551/1551/1465 1552/1552/1466 1429/1429/1355
f 1548/1548/1462 1553/1553/1467 1554/1554/1468
f 1548/1548/1462 1550/1550/1464 1555/1555/1469
f 1556/1556/1465 1557/1557/1470 1558/1558/1471
f 1548/1548/1462 1555/1555/1469 1553/1553/1467
f 1559/1559/1472 1560/1560/1473 1561/1561/1474
f 1562/1562/1475 1563/1563/1476 1564/1564/1477
f 1562/1562/1475 1565/1565/1478 1566/1566/1479
f 1562/1562/1475 1564/1564/1477 909/909/864
f 1562/1562/1475 908/908/863 1565/1565/1478
f 1562/1562/1475 909/909/864 908/908/863
f 1562/1562/1475 1566/1566/1479 1563/1563/1476
f 1567/1567/1480 1568/1568/1481 294/294/287
f 1567/1567/1480 294/294/287 298/298/291
f 1567/1567/1480 298/298/291 1569/1569/1482
f 1570/1570/1483 1571/1571/1484 1572/1572/1485
f 1567/1567/1480 1573/1573/1486 1568/1568/1481
f 1570/1570/1483 1574/1574/1487 1571/1571/1484
f 1575/1575/1488 1576/1576/1489 1577/1577/1490
f 1575/1575/1488 1578/1578/1491 1579/1579/1492
f 1575/1575/1488 1577/1577/1490 1578/1578/1491
f 1575/1575/1488 1580/1580/1493 1576/1576/1489
f 1581/1581/1494 1582/1582/1495 1583/1583/1496
f 1581/1581/1494 1584/1584/1497 1585/1585/1498
f 1581/1581/1494 1583/1583/1496 1586/1586/1499
f 1581/1581/1494 1585/1585/1498 1582/1582/1495
f 1581/1581/1494 1587/1587/1500 1584/1584/1497
f 1581/1581/1494 1586/1586/1499 1587/1587/1500
f 1048/1048/992 1588/1588/1501 1049/1049/993
f 1048/1048/992 1589/1589/1502 1590/1590/1503
f 1591/1591/1504 1359/1359/1287 1592/1592/1505
f 1048/1048/992 1590/1590/1503 1588/1588/1501
f 1593/1593/1506 1594/1594/1507 1100/1100/1044
f 1593/1593/1506 1595/1595/1508 1594/1594/1507
f 1593/1593/1506 1100/1100/1044 1596/1596/1509
f 259/259/252 264/264/257 1597/1597/1510
f 1598/1598/1511 1599/1599/1512 1600/1600/1513
f 1598/1598/1511 1600/1600/1513 1601/1601/1514
f 1602/1602/1515 1603/1603/1516 1604/1604/1517
f 1602/1602/1515 1605/1605/1518 1603/1603/1516
f 1606/1606/1519 1607/1607/1520 1608/1608/1521
f 1609/1609/1522 1012/1012/956 1610/1610/1523
f 1606/1606/1519 1611/1611/1524 1607/1607/1520
f 1609/1609/1522 1610/1610/1523 1612/1612/1525
f 1606/1606/1519 1608/1608/1521 1613/1613/1526
f 1614/1614/1527 1615/1615/1528 1616/1616/1529
f 1614/1614/1527 1617/1617/1530 1618/1618/1531
f 1619/1619/1532 1620/1620/1533 1621/1621/1534
f 1619/1619/1532 1621/1621/1534 1622/1622/1535
f 1619/1619/1532 1623/1623/1536 1620/1620/1533
f 1614/1614/1527 1616/1616/1529 1617/1617/1530
f 1624/1624/1537 1625/1625/1538 1626/1626/1539
s 0
f 1627/1627/1540 1628/1628/1540 1629/1629/1540
s 1
f 1624/1624/1537 1630/1630/1541 1625/1625/1538
f 1631/1631/1542 1632/1632/1543 1633/1633/1544
f 1634/1634/1545 148/148/143 147/147/143
f 1631/1631/1542 1633/1633/1544 1635/1635/1546
f 155/155/150 1636/1636/1547 1637/1637/1548
f 155/155/150 158/158/153 1636/1636/1547
f 155/155/150 1637/1637/1548 156/156/151
f 1638/1638/1549 1639/1639/1550 1640/1640/1551
f 1638/1638/1549 1640/1640/1551 1641/1641/1552
f 1642/1642/1553 1643/1643/1554 1644/1644/1555
f 1642/1642/1553 1645/1645/1556 1643/1643/1554
f 1237/1237/1171 1646/1646/1557 1647/1647/1558
f 1642/1642/1553 1648/1648/1559 1645/1645/1556
f 1642/1642/1553 1644/1644/1555 1649/1649/1560
f 1237/1237/1171 1241/1241/1175 1646/1646/1557
f 1650/1650/1561 1651/1651/1562 1652/1652/1563
f 1650/1650/1561 545/545/529 1653/1653/1564
f 1650/1650/1561 1653/1653/1564 1651/1651/1562
f 1060/1060/1004 539/539/523 538/538/522
f 1060/1060/1004 1063/1063/1007 539/539/523
f 1654/1654/1565 1655/1655/1566 1656/1656/1567
f 1654/1654/1565 179/179/174 183/183/178
f 1657/1657/1568 1658/1658/1569 1659/1659/1570
f 1660/1660/1571 681/681/653 680/680/652
f 1660/1660/1571 680/680/652 1661/1661/1572
f 1654/1654/1565 1656/1656/1567 179/179/174
f 1662/1662/1573 1663/1663/1574 1664/1664/1575
f 1665/1665/1576 1666/1666/1577 1667/1667/1578
f 1668/1668/1579 1669/1669/1580 1670/1670/1581
f 1665/1665/1576 1671/1671/1582 1672/1672/1583
f 1668/1668/1579 1673/1673/1584 1669/1669/1580
f 1665/1665/1576 1672/1672/1583 1674/1674/1585
f 1665/1665/1576 1674/1674/1585 1666/1666/1577
f 1675/1675/1586 1676/1676/1587 1677/1677/1588
f 1675/1675/1586 1678/1678/1589 1679/1679/1590
f 1675/1675/1586 1680/1680/1591 1676/1676/1587
f 1675/1675/1586 1677/1677/1588 1678/1678/1589
f 1675/1675/1586 1679/1679/1590 1681/1681/1592
f 1675/1675/1586 1681/1681/1592 1680/1680/1591
f 1682/1682/1593 823/823/782 826/826/785
f 1683/1683/1594 283/283/276 1684/1684/1595
f 1683/1683/1594 1685/1685/1596 283/283/276
f 1686/1686/1597 1687/1687/1598 1341/1341/1269
f 1683/1683/1594 1684/1684/1595 1688/1688/1599
f 1686/1686/1597 1341/1341/1269 1689/1689/1600
f 1690/1690/1601 1691/1691/1602 1692/1692/1603
f 1690/1690/1601 1692/1692/1603 1693/1693/1604
f 302/302/295 301/301/294 1694/1694/1605
f 1690/1690/1601 1693/1693/1604 1695/1695/1606
f 606/606/586 605/605/585 1696/1696/1607
f 606/606/586 1696/1696/1607 1697/1697/1608
f 606/606/586 1697/1697/1608 1698/1698/1609
f 1699/1699/1610 1700/1700/1611 1701/1701/1612
f 1699/1699/1610 1702/1702/1613 1703/1703/1614
f 1699/1699/1610 1704/1704/1615 1702/1702/1613
f 1699/1699/1610 1701/1701/1612 1705/1705/1616
f 1699/1699/1610 1703/1703/1614 1700/1700/1611
f 1699/1699/1610 1705/1705/1616 1704/1704/1615
f 1706/1706/1617 1707/1707/1618 1708/1708/1619
f 1706/1706/1617 1708/1708/1619 1709/1709/1620
f 1710/1710/1621 1711/1711/1622 1712/1712/1623
f 1710/1710/1621 1713/1713/1624 1714/1714/1625
f 1710/1710/1621 1712/1712/1623 1713/1713/1624
f 1706/1706/1617 1715/1715/1626 1707/1707/1618
f 1716/1716/1627 344/344/331 337/337/326
f 1717/1717/1628 226/226/221 1718/1718/1629
f 1719/1719/1630 1720/1720/1631 1721/1721/1630
s 0
f 1722/1722/1632 1723/1723/1632 1724/1724/1632
s 1
f 1716/1716/1627 337/337/326 1725/1725/1633
f 1719/1719/1630 1721/1721/1630 1726/1726/1634
f 1727/1727/1635 1728/1728/1636 1729/1729/1637
f 387/387/374 386/386/373 1323/1323/1251
f 1727/1727/1635 1730/1730/1638 1728/1728/1636
f 1731/1731/1639 1732/1732/1640 1733/1733/1641
f 1734/1734/1642 1735/1735/1643 1736/1736/1644
f 1731/1731/1639 1733/1733/1641 1737/1737/1645
f 1734/1734/1642 1736/1736/1644 1738/1738/1646
f 1731/1731/1639 1739/1739/1647 1740/1740/1648
f 1731/1731/1639 1741/1741/1649 1732/1732/1640
f 1731/1731/1639 1737/1737/1645 1739/1739/1647
f 1742/1742/1650 325/325/316 330/330/321
f 654/654/626 659/659/631 1743/1743/1651
f 1744/1744/1652 1745/1745/1653 663/663/635
f 1742/1742/1650 1746/1746/1654 325/325/316
f 105/105/101 107/107/103 1747/1747/1655
f 105/105/101 1748/1748/1656 1749/1749/1657
f 105/105/101 1750/1750/1658 1748/1748/1656
f 105/105/101 1749/1749/1657 106/106/102
f 105/105/101 1747/1747/1655 1750/1750/1658
f 1751/1751/1659 1752/1752/1660 1753/1753/1661
f 1751/1751/1659 1754/1754/1662 1752/1752/1660
f 1751/1751/1659 1755/1755/1663 352/352/339
f 1751/1751/1659 1756/1756/1664 1754/1754/1662
f 1751/1751/1659 1753/1753/1661 1755/1755/1663
f 1751/1751/1659 352/352/339 1756/1756/1664
f 1757/1757/1665 1758/1758/1666 1255/1255/1189
f 1757/1757/1665 1759/1759/1667 1758/1758/1666
f 1757/1757/1665 1760/1760/1668 1761/1761/1669
f 1757/1757/1665 1761/1761/1669 1759/1759/1667
f 1757/1757/1665 1255/1255/1189 1256/1256/1190
f 1757/1757/1665 1256/1256/1190 1760/1760/1668
f 1762/1762/1670 1763/1763/1671 1764/1764/1672
f 1765/1765/1673 1766/1766/1674 1767/1767/1675
f 1765/1765/1673 1768/1768/1676 1769/1769/1677
f 1762/1762/1670 1770/1770/1678 1771/1771/1679
f 1762/1762/1670 1764/1764/1672 1770/1770/1678
f 1765/1765/1673 1767/1767/1675 1768/1768/1676
f 1772/1772/1680 923/923/878 1773/1773/1681
f 1772/1772/1680 1774/1774/1682 1775/1775/1683
f 1772/1772/1680 1301/1301/1229 1774/1774/1682
f 1772/1772/1680 1776/1776/1684 1301/1301/1229
f 1772/1772/1680 1775/1775/1683 923/923/878
f 1772/1772/1680 1773/1773/1681 1776/1776/1684
f 1777/1777/1685 1778/1778/1686 1779/1779/1687
f 1780/1780/1688 1022/1022/966 1781/1781/1689
f 1780/1780/1688 1781/1781/1689 1782/1782/1690
f 1777/1777/1685 1783/1783/1691 1778/1778/1686
f 1780/1780/1688 1023/1023/967 1022/1022/966
f 1777/1777/1685 1784/1784/1692 1783/1783/1691
f 1785/1785/1693 1786/1786/1694 1787/1787/1695
f 1788/1788/1696 1789/1789/1697 1790/1790/1698
f 1791/1791/1699 1792/1792/1700 1793/1793/1701
f 1785/1785/1693 1787/1787/1695 1794/1794/1702
f 1791/1791/1699 1793/1793/1701 1795/1795/1703
f 1791/1791/1699 1796/1796/1704 1792/1792/1700
f 1788/1788/1696 1797/1797/1705 1789/1789/1697
f 1798/1798/1706 1799/1799/1707 1800/1800/1708
f 1798/1798/1706 1801/1801/1709 1799/1799/1707
f 1798/1798/1706 1800/1800/1708 1802/1802/1710
f 1798/1798/1706 1803/1803/1711 1801/1801/1709
f 1798/1798/1706 1802/1802/1710 1804/1804/1712
f 1798/1798/1706 1804/1804/1712 1803/1803/1711
f 1805/1805/1713 1806/1806/1714 1807/1807/1715
f 1805/1805/1713 1808/1808/1716 1809/1809/1717
f 1805/1805/1713 1809/1809/1717 1806/1806/1714
f 1805/1805/1713 1807/1807/1715 1808/1808/1716
f 519/519/503 523/523/507 1312/1312/1240
f 519/519/503 1009/1009/953 520/520/504
s 0
f 1810/1810/1718 1811/1811/1718 1812/1812/1718
s 1
f 1813/1813/1719 1311/1311/1239 1814/1814/1720
f 1815/1815/1721 763/763/730 762/762/729
f 1816/1816/1722 1817/1817/1723 1818/1818/1724
f 1819/1819/1725 1820/1820/1726 1821/1821/1727
f 1816/1816/1722 1822/1822/1728 1823/1823/1729
f 1816/1816/1722 1824/1824/1730 1817/1817/1723
f 1819/1819/1725 1825/1825/1731 1820/1820/1726
f 1816/1816/1722 1818/1818/1724 1822/1822/1728
f 1826/1826/1732 1827/1827/1733 1828/1828/1734
f 1826/1826/1732 1829/1829/1735 1830/1830/1736
f 1826/1826/1732 1830/1830/1736 1831/1831/1737
f 1826/1826/1732 1828/1828/1734 1832/1832/1738
f 1826/1826/1732 1832/1832/1738 1829/1829/1735
f 1826/1826/1732 1831/1831/1737 1827/1827/1733
f 1833/1833/1739 1834/1834/1740 1835/1835/1741
f 1833/1833/1739 1836/1836/1742 1837/1837/1743
f 1833/1833/1739 1837/1837/1743 1834/1834/1740
f 1833/1833/1739 1835/1835/1741 1838/1838/1744
f 1833/1833/1739 218/218/213 1836/1836/1742
f 1833/1833/1739 1838/1838/1744 218/218/213
f 1839/1839/1745 1840/1840/1746 1841/1841/1747
f 1839/1839/1745 1841/1841/1747 1664/1664/1575
f 1842/1842/1748 1843/1843/1749 1844/1844/1750
f 1842/1842/1748 1844/1844/1750 1444/1444/1370
f 1842/1842/1748 1845/1845/1751 1846/1846/1752
f 1842/1842/1748 1444/1444/1370 1845/1845/1751
f 1842/1842/1748 1846/1846/1752 1843/1843/1749
f 1847/1847/1753 1848/1848/1754 1849/1849/1755
f 1847/1847/1753 1850/1850/1756 1848/1848/1754
f 1847/1847/1753 1851/1851/1757 1850/1850/1756
f 1847/1847/1753 1849/1849/1755 1851/1851/1757
f 1852/1852/1758 1541/1541/1455 1853/1853/1759
f 1854/1854/1760 1855/1855/1761 731/731/700
f 1856/1856/1762 1857/1857/1763 1576/1576/1489
f 1854/1854/1760 731/731/700 1858/1858/1764
f 1537/1537/1451 1859/1859/1765 1538/1538/1452
f 1860/1860/1766 1861/1861/1767 1490/1490/1408
f 1860/1860/1766 1862/1862/1768 1861/1861/1767
f 1860/1860/1766 1490/1490/1408 1485/1485/1405
f 1860/1860/1766 1863/1863/1769 1862/1862/1768
f 1860/1860/1766 1485/1485/1405 1864/1864/1770
f 1860/1860/1766 1864/1864/1770 1863/1863/1769
f 1865/1865/1771 1866/1866/1772 598/598/578
f 1865/1865/1771 1867/1867/1773 1868/1868/1774
f 1869/1869/1775 1870/1870/1776 1871/1871/1777
f 1865/1865/1771 1868/1868/1774 1866/1866/1772
f 1865/1865/1771 1872/1872/1778 1867/1867/1773
f 1869/1869/1775 1873/1873/1779 1870/1870/1776
f 1869/1869/1775 1874/1874/1780 1875/1875/1781
f 1869/1869/1775 1875/1875/1781 1873/1873/1779
f 212/212/207 1876/1876/1782 1877/1877/1783
f 1878/1878/1784 1879/1879/1785 1319/1319/1247
f 212/212/207 211/211/206 1876/1876/1782
f 1878/1878/1784 1319/1319/1247 1880/1880/1786
f 1881/1881/1787 1882/1882/1788 1883/1883/1789
f 1881/1881/1787 1625/1625/1538 1884/1884/1790
f 1881/1881/1787 1885/1885/1791 1886/1886/1792
f 1881/1881/1787 1883/1883/1789 1626/1626/1539
f 1881/1881/1787 1886/1886/1792 1882/1882/1788
f 1881/1881/1787 1626/1626/1539 1625/1625/1538
f 1881/1881/1787 1884/1884/1790 1887/1887/1793
f 1881/1881/1787 1887/1887/1793 1885/1885/1791
f 1220/1220/1154 1888/1888/1794 1221/1221/1155
f 1220/1220/1154 1889/1889/1795 1890/1890/1796
f 1220/1220/1154 1222/1222/1156 1889/1889/1795
f 1891/1891/1797 1892/1892/1798 1893/1893/1799
f 1891/1891/1797 1893/1893/1799 1894/1894/1800
f 1895/1895/1801 1896/1896/1802 1897/1897/1803
f 1895/1895/1801 1897/1897/1803 579/579/561
f 1895/1895/1801 579/579/561 1898/1898/1804
f 1895/1895/1801 287/287/280 1899/1899/1805
f 1895/1895/1801 1684/1684/1595 287/287/280
f 1900/1900/1806 641/641/615 640/640/614
f 1895/1895/1801 1898/1898/1804 1684/1684/1595
f 1901/1901/1807 1902/1902/1808 1903/1903/1809
f 1901/1901/1807 1903/1903/1809 1904/1904/1810
f 851/851/808 857/857/814 1905/1905/1811
f 810/810/769 1640/1640/1551 1906/1906/1812
f 810/810/769 1907/1907/1813 1908/1908/1814
f 810/810/769 1908/1908/1814 1909/1909/1815
f 810/810/769 1906/1906/1812 811/811/770
f 810/810/769 1909/1909/1815 1640/1640/1551
f 810/810/769 1910/1910/1816 1907/1907/1813
f 1911/1911/1817 1912/1912/1818 1913/1913/1819
f 1911/1911/1817 1914/1914/1820 1915/1915/1821
f 1911/1911/1817 1916/1916/1822 1912/1912/1818
f 1911/1911/1817 1913/1913/1819 1914/1914/1820
f 1917/1917/1823 1918/1918/1824 1919/1919/1825
f 1920/1920/1826 1921/1921/1827 1922/1922/1828
f 1920/1920/1826 1738/1738/1646 1921/1921/1827
f 1732/1732/1640 1923/1923/1829 1733/1733/1641
f 396/396/383 400/400/387 1924/1924/1830
f 396/396/383 1925/1925/1831 397/397/384
f 396/396/383 1924/1924/1830 1926/1926/1832
f 396/396/383 1926/1926/1832 1925/1925/1831
f 750/750/717 1927/1927/1833 751/751/718
f 750/750/717 1928/1928/1834 1929/1929/1835
f 1930/1930/1836 1931/1931/1837 1932/1932/1838
f 750/750/717 753/753/720 1928/1928/1834
f 1280/1280/1208 1933/1933/1839 1934/1934/1840
f 1935/1935/1841 1936/1936/1842 1937/1937/1843
f 1935/1935/1841 1937/1937/1843 1938/1938/1844
f 1280/1280/1208 1279/1279/1207 1933/1933/1839
f 1939/1939/1845 1940/1940/1846 1941/1941/1847
f 1942/1942/1848 1943/1943/1849 1944/1944/1850
f 1939/1939/1845 1941/1941/1847 1945/1945/1851
f 1939/1939/1845 1946/1946/1852 1947/1947/1853
f 1939/1939/1845 1948/1948/1854 1940/1940/1846
f 1939/1939/1845 1947/1947/1853 1948/1948/1854
f 1942/1942/1848 1949/1949/1855 1943/1943/1849
f 1950/1950/1856 1951/1951/1857 1952/1952/1858
f 1950/1950/1856 1952/1952/1858 1953/1953/1859
f 1950/1950/1856 1954/1954/1860 1951/1951/1857
f 1950/1950/1856 1953/1953/1859 1955/1955/1861
f 1956/1956/1862 1957/1957/1863 1958/1958/1864
f 1956/1956/1862 1958/1958/1864 1298/1298/1226
f 1956/1956/1862 1297/1297/1225 1959/1959/1865
f 1956/1956/1862 1959/1959/1865 1960/1960/1866
f 1956/1956/1862 1960/1960/1866 1957/1957/1863
f 1956/1956/1862 1298/1298/1226 1297/1297/1225
f 1961/1961/1867 1962/1962/1868 1963/1963/1869
f 1964/1964/1870 1965/1965/1871 931/931/886
f 1964/1964/1870 1966/1966/1872 1965/1965/1871
f 1961/1961/1867 1967/1967/1873 1968/1968/1874
f 1961/1961/1867 1963/1963/1869 1969/1969/1875
f 1961/1961/1867 1970/1970/1876 1962/1962/1868
f 1961/1961/1867 1968/1968/1874 1970/1970/1876
s 0
f 1971/1971/1877 1972/1972/1877 1973/1973/1877
s 1
f 1974/1974/1878 1975/1975/1879 1976/1976/1880
s 0
f 1977/1977/1881 1978/1978/1881 1979/1979/1881
s 1
f 935/935/890 1980/1980/1882 936/936/891
f 1396/1396/1322 1981/1981/1883 1982/1982/1884
f 1396/1396/1322 1982/1982/1884 1983/1983/1885
f 1984/1984/1886 1985/1985/1887 1986/1986/1888
f 1396/1396/1322 1401/1401/1327 1981/1981/1883
f 830/830/789 1987/1987/1889 1988/1988/1890
f 1989/1989/1891 1990/1990/1892 1991/1991/1893
f 830/830/789 838/838/795 1987/1987/1889
f 830/830/789 1988/1988/1890 1992/1992/1894
f 830/830/789 1992/1992/1894 1993/1993/1895
f 1994/1994/1896 1700/1700/1611 1995/1995/1897
f 1996/1996/1898 1997/1997/1899 1998/1998/1900
f 1994/1994/1896 1701/1701/1612 1700/1700/1611
f 1999/1999/1901 2000/2000/1902 2001/2001/1903
f 2002/2002/1904 2003/2003/1905 2004/2004/1906
f 1999/1999/1901 2001/2001/1903 2005/2005/1907
f 2006/2006/1908 2007/2007/1909 2008/2008/1910
f 2006/2006/1908 2009/2009/1911 2010/2010/1912
f 2006/2006/1908 2011/2011/1913 2007/2007/1909
f 2006/2006/1908 2008/2008/1910 2012/2012/1914
f 2006/2006/1908 2010/2010/1912 2011/2011/1913
f 2006/2006/1908 2012/2012/1914 2009/2009/1911
f 2013/2013/1915 2014/2014/1916 2015/2015/1917
f 1116/1116/1060 2016/2016/1918 1117/1117/1061
f 2013/2013/1915 582/582/564 581/581/563
f 2013/2013/1915 2015/2015/1917 582/582/564
f 2017/2017/1919 2018/2018/1920 2019/2019/1921
f 2020/2020/1922 2021/2021/1923 2022/2022/1924
s 0
f 2023/2023/1925 2024/2024/1925 2025/2025/1925
s 1
f 1866/1866/1772 597/597/577 598/598/578
f 2026/2026/1926 560/560/542 2027/2027/1927
f 2026/2026/1926 2028/2028/1928 2029/2029/1929
f 2026/2026/1926 2030/2030/1930 560/560/542
f 2026/2026/1926 2029/2029/1929 2030/2030/1930
f 2026/2026/1926 2027/2027/1927 2028/2028/1928
f 2031/2031/1931 2032/2032/1932 2033/2033/1933
f 2031/2031/1931 2033/2033/1933 2034/2034/1934
s 0
f 2035/2035/1935 2036/2036/1935 2037/2037/1935
s 1
f 2031/2031/1931 2038/2038/1936 2032/2032/1932
f 2039/2039/1937 2040/2040/1938 2041/2041/1939
f 2039/2039/1937 2042/2042/1940 1745/1745/1653
f 329/329/320 328/328/319 2043/2043/1941
f 2039/2039/1937 2041/2041/1939 2042/2042/1940
f 2044/2044/1942 2045/2045/1943 2046/2046/1944
f 2047/2047/1945 1990/1990/1892 2048/2048/1946
f 2044/2044/1942 2049/2049/1947 2045/2045/1943
f 2047/2047/1945 2050/2050/1948 1990/1990/1892
f 335/335/324 2051/2051/1949 336/336/325
f 13/13/11 2052/2052/1950 14/14/12
f 356/356/343 2053/2053/1951 1138/1138/1082
f 356/356/343 1138/1138/1082 357/357/344
f 2054/2054/1952 2055/2055/1953 2056/2056/1954
f 2054/2054/1952 2057/2057/1955 2055/2055/1953
f 2058/2058/1956 2059/2059/1957 2060/2060/1958
f 2061/2061/1959 2062/2062/1960 2063/2063/1961
f 2064/2064/1962 1505/1505/1421 2065/2065/1963
f 2064/2064/1962 2066/2066/1964 1505/1505/1421
f 2064/2064/1962 2065/2065/1963 2067/2067/1965
f 2058/2058/1956 2060/2060/1958 2068/2068/1966
f 2069/2069/1967 2070/2070/1968 2071/2071/1969
f 1239/1239/1173 2072/2072/1970 1240/1240/1174
f 2069/2069/1967 2073/2073/1971 2074/2074/1972
f 2069/2069/1967 2071/2071/1969 2073/2073/1971
f 2075/2075/1973 2076/2076/1974 2077/2077/1975
f 2075/2075/1973 2078/2078/1976 2076/2076/1974
f 2079/2079/1977 381/381/368 2080/2080/1978
f 2081/2081/1979 1728/1728/1636 2082/2082/1980
f 2079/2079/1977 871/871/828 381/381/368
f 389/389/376 2083/2083/1981 2084/2084/1982
f 394/394/381 393/393/380 2085/2085/1983
f 389/389/376 2086/2086/1984 390/390/377
f 389/389/376 2084/2084/1982 2086/2086/1984
f 68/68/64 2087/2087/1363 69/69/65
s 0
f 2088/2088/1363 2089/2089/1363 2090/2090/1363
s 1
f 68/68/64 72/72/68 2091/2091/1985
f 2092/2092/1986 2093/2093/1987 2094/2094/1988
f 2092/2092/1986 1928/1928/1834 2095/2095/1989
f 2092/2092/1986 2096/2096/1990 1928/1928/1834
f 2092/2092/1986 2095/2095/1989 2093/2093/1987
f 2097/2097/1991 2098/2098/1992 2099/2099/1993
f 2092/2092/1986 2094/2094/1988 2100/2100/1994
f 2101/2101/1995 2102/2102/1996 2103/2103/1996
f 2104/2104/1997 2105/2105/1998 311/311/304
f 2104/2104/1997 311/311/304 315/315/308
f 2106/2106/1999 2107/2107/2000 2108/2108/2001
f 2106/2106/1999 2109/2109/2002 2107/2107/2000
s 0
f 2110/2110/2003 2111/2111/2003 2112/2112/2003
s 1
f 62/62/58 713/713/683 63/63/59
f 62/62/58 2113/2113/2004 713/713/683
f 62/62/58 2114/2114/2005 2113/2113/2004
f 62/62/58 66/66/62 2114/2114/2005
f 1062/1062/1006 1065/1065/1009 2115/2115/2006
f 1062/1062/1006 2115/2115/2006 1180/1180/1118
f 1067/1067/1011 1069/1069/1013 2116/2116/2007
f 1067/1067/1011 2117/2117/2008 2118/2118/2009
f 1067/1067/1011 2118/2118/2009 1068/1068/1012
f 1067/1067/1011 2116/2116/2007 2117/2117/2008
f 1074/1074/1018 2119/2119/2010 1075/1075/1019
s 0
f 2120/2120/2011 2121/2121/2011 2122/2122/2011
s 1
f 1084/1084/1028 2123/2123/2012 2124/2124/2013
f 1084/1084/1028 1080/1080/1024 2123/2123/2012
f 196/196/191 198/198/193 2125/2125/2014
f 2126/2126/2015 2127/2127/2016 2128/2128/2017
f 196/196/191 2129/2129/2018 197/197/192
f 196/196/191 2130/2130/2019 2129/2129/2018
f 458/458/444 1366/1366/1292 459/459/445
f 458/458/444 460/460/446 1365/1365/1291
f 471/471/457 2131/2131/2020 2132/2132/2021
f 477/477/463 2133/2133/2022 2134/2134/2023
f 477/477/463 1374/1374/1300 2133/2133/2022
f 471/471/457 2132/2132/2021 472/472/458
f 477/477/463 475/475/461 1374/1374/1300
f 479/479/465 482/482/468 2135/2135/2024
f 1291/1291/1219 490/490/476 496/496/482
s 0
f 2136/2136/2025 2137/2137/2025 2138/2138/2025
s 1
f 2139/2139/2026 2140/2140/2027 2141/2141/2028
f 2139/2139/2026 502/502/488 504/504/490
f 2139/2139/2026 504/504/490 2142/2142/2029
f 2139/2139/2026 2142/2142/2029 2140/2140/2027
f 2139/2139/2026 2141/2141/2028 502/502/488
s 0
f 2143/2143/2030 2144/2144/2030 2145/2145/2030
s 1
f 508/508/494 2146/2146/2031 2147/2147/2032
f 508/508/494 2148/2148/2033 2146/2146/2031
f 508/508/494 510/510/496 2148/2148/2033
f 521/521/505 1007/1007/951 522/522/506
f 2149/2149/2034 2150/2150/2035 2151/2151/2036
f 2152/2152/2037 1418/1418/1344 2153/2153/2038
f 2152/2152/2037 2153/2153/2038 2154/2154/2039
f 2149/2149/2034 2155/2155/2040 2156/2156/2041
f 2149/2149/2034 2156/2156/2041 2150/2150/2035
f 2152/2152/2037 1419/1419/1345 1418/1418/1344
f 2157/2157/2042 1314/1314/1242 1879/1879/1785
f 2157/2157/2042 2158/2158/2043 1314/1314/1242
f 1827/1827/1733 2159/2159/2044 1828/1828/1734
f 1827/1827/1733 1831/1831/1737 2160/2160/2045
f 2161/2161/2046 2162/2162/2047 217/217/212
f 2163/2163/2048 2164/2164/2049 2165/2165/2050
f 2166/2166/2051 2167/2167/2052 2168/2168/2053
f 2166/2166/2051 2169/2169/2054 2167/2167/2052
f 2163/2163/2048 2165/2165/2050 2170/2170/2055
f 2163/2163/2048 2171/2171/2056 2164/2164/2049
f 2172/2172/2057 2173/2173/2058 2174/2174/2059
f 2172/2172/2057 2174/2174/2059 1926/1926/1832
f 841/841/798 2175/2175/2060 2176/2176/2061
f 841/841/798 844/844/801 2175/2175/2060
f 2172/2172/2057 1926/1926/1832 2177/2177/2062
f 846/846/803 2178/2178/2063 452/452/438
f 846/846/803 848/848/805 2179/2179/2064
f 846/846/803 2179/2179/2064 2178/2178/2063
f 2180/2180/2065 657/657/629 664/664/636
f 2180/2180/2065 2181/2181/2066 1982/1982/1884
f 2180/2180/2065 1981/1981/1883 657/657/629
f 2180/2180/2065 1982/1982/1884 1981/1981/1883
f 2180/2180/2065 2182/2182/2067 2181/2181/2066
f 2180/2180/2065 664/664/636 2182/2182/2067
f 2183/2183/2068 2184/2184/2069 2185/2185/2070
f 2186/2186/2071 2187/2187/2072 671/671/643
f 2183/2183/2068 2188/2188/2073 2184/2184/2069
f 2189/2189/2074 2190/2190/2075 2191/2191/2076
f 2183/2183/2068 2185/2185/2070 2192/2192/2077
f 2186/2186/2071 671/671/643 2193/2193/2078
f 1655/1655/1566 1185/1185/1123 1656/1656/1567
f 1659/1659/1570 1658/1658/1569 2194/2194/2079
f 1655/1655/1566 1186/1186/1124 1185/1185/1123
f 1659/1659/1570 2194/2194/2079 2195/2195/2080
f 2196/2196/2081 144/144/140 2197/2197/2082
f 2196/2196/2081 2198/2198/2083 145/145/141
f 2199/2199/2084 2200/2200/2085 2201/2201/2086
f 2196/2196/2081 145/145/141 144/144/140
f 2196/2196/2081 2197/2197/2082 2202/2202/2087
f 2199/2199/2084 2201/2201/2086 2203/2203/2088
f 2204/2204/2089 2205/2205/2090 2206/2206/2091
f 2204/2204/2089 2206/2206/2091 2207/2207/2092
f 2208/2208/2093 46/46/42 50/50/46
f 2208/2208/2093 2209/2209/2094 2210/2210/2095
f 2208/2208/2093 2210/2210/2095 2211/2211/2096
f 2208/2208/2093 50/50/46 2209/2209/2094
f 2208/2208/2093 2211/2211/2096 1451/1451/1377
f 2208/2208/2093 1451/1451/1377 46/46/42
f 2212/2212/2097 2213/2213/2098 2214/2214/2099
f 2212/2212/2097 2215/2215/2100 1189/1189/1127
f 2212/2212/2097 2216/2216/2101 2215/2215/2100
f 2212/2212/2097 2217/2217/2102 2213/2213/2098
f 2212/2212/2097 1189/1189/1127 2217/2217/2102
f 2212/2212/2097 2214/2214/2099 2216/2216/2101
f 2218/2218/2103 1735/1735/1643 2219/2219/2104
f 2220/2220/2105 576/576/558 2221/2221/2106
f 2220/2220/2105 2221/2221/2106 2222/2222/2107
f 2218/2218/2103 574/574/556 573/573/555
f 2218/2218/2103 2219/2219/2104 574/574/556
f 2218/2218/2103 2223/2223/2108 1735/1735/1643
f 2224/2224/2109 2225/2225/2110 2226/2226/2111
f 2224/2224/2109 2227/2227/2112 2228/2228/2113
f 2229/2229/2114 2230/2230/2115 2231/2231/1363
f 2229/2229/2114 2232/2232/2116 2230/2230/2115
f 2224/2224/2109 2228/2228/2113 2233/2233/2117
f 2224/2224/2109 2233/2233/2117 2225/2225/2110
f 1540/1540/1454 2234/2234/2118 1853/1853/1759
f 1540/1540/1454 407/407/394 2235/2235/2119
f 1540/1540/1454 2235/2235/2119 2234/2234/2118
f 1540/1540/1454 1853/1853/1759 1541/1541/1455
f 1540/1540/1454 410/410/397 407/407/394
f 2236/2236/2120 2237/2237/2121 2238/2238/2122
f 2236/2236/2120 90/90/86 2237/2237/2121
f 2236/2236/2120 933/933/888 2239/2239/2123
f 2236/2236/2120 2238/2238/2122 2240/2240/2124
f 2236/2236/2120 2239/2239/2123 90/90/86
f 2236/2236/2120 2240/2240/2124 933/933/888
f 2241/2241/2125 2242/2242/2126 2243/2243/2127
f 2241/2241/2125 2244/2244/2128 2245/2245/2129
f 2241/2241/2125 2245/2245/2129 2242/2242/2126
f 1462/1462/1388 1473/1473/1395 2246/2246/2130
f 2247/2247/2131 1478/1478/1398 2248/2248/2132
f 2249/2249/2133 2250/2250/2134 2251/2251/2135
f 2247/2247/2131 2252/2252/2136 2253/2253/2137
f 2249/2249/2133 2251/2251/2135 2254/2254/2138
f 2255/2255/2139 2256/2256/2140 2257/2257/2141
f 2247/2247/2131 2253/2253/2137 1478/1478/1398
f 107/107/103 2258/2258/2142 1747/1747/1655
f 2259/2259/2143 2260/2260/2144 2261/2261/2145
f 2259/2259/2143 2261/2261/2145 2262/2262/2146
f 2263/2263/2147 2264/2264/2148 2265/2265/2149
f 2263/2263/2147 2265/2265/2149 2266/2266/2150
f 2263/2263/2147 2267/2267/2151 2268/2268/2152
f 2263/2263/2147 2269/2269/2153 2264/2264/2148
f 2263/2263/2147 2266/2266/2150 2267/2267/2151
f 2270/2270/2154 2271/2271/2155 119/119/115
f 1735/1735/1643 2272/2272/2156 2219/2219/2104
f 1735/1735/1643 2273/2273/2157 1736/1736/1644
f 1735/1735/1643 2223/2223/2108 2273/2273/2157
f 2274/2274/2158 2275/2275/2159 2276/2276/2160
f 777/777/742 2277/2277/2161 2278/2278/2162
f 777/777/742 2278/2278/2162 778/778/743
f 777/777/742 2279/2279/2163 2277/2277/2161
f 2280/2280/2164 2281/2281/2165 2282/2282/2166
f 2283/2283/2167 2284/2284/2168 2285/2285/2169
f 2280/2280/2164 2286/2286/2170 2281/2281/2165
f 2287/2287/2171 2288/2288/2172 2289/2289/2173
f 2287/2287/2171 2290/2290/2174 2288/2288/2172
f 2280/2280/2164 2282/2282/2166 2291/2291/2175
f 2292/2292/2176 2293/2293/2177 808/808/767
f 2292/2292/2176 2294/2294/2178 2293/2293/2177
f 2292/2292/2176 2295/2295/2179 2294/2294/2178
f 2296/2296/2180 2297/2297/2181 2298/2298/2182
f 2296/2296/2180 2298/2298/2182 2299/2299/2183
f 2292/2292/2176 808/808/767 807/807/766
f 2300/2300/2184 2301/2301/2185 817/817/776
f 2300/2300/2184 816/816/775 814/814/773
f 2300/2300/2184 2302/2302/2186 2301/2301/2185
f 2300/2300/2184 814/814/773 2302/2302/2186
f 2300/2300/2184 817/817/776 816/816/775
f 2303/2303/2187 2304/2304/2188 2305/2305/2189
f 2303/2303/2187 2305/2305/2189 1651/1651/1562
f 2303/2303/2187 1651/1651/1562 2109/2109/2002
f 2303/2303/2187 2109/2109/2002 2306/2306/2190
f 2307/2307/2191 2308/2308/2192 2309/2309/2193
f 2310/2310/2194 179/179/174 1656/1656/1567
f 2311/2311/2195 1032/1032/976 1034/1034/978
f 2310/2310/2194 180/180/175 179/179/174
f 2311/2311/2195 1034/1034/978 2312/2312/2196
f 2310/2310/2194 1656/1656/1567 1431/1431/1357
f 2313/2313/2197 2314/2314/2198 2315/2315/2199
f 2316/2316/2200 966/966/916 2317/2317/2201
f 2318/2318/2202 2319/2319/2203 2320/2320/2202
s 0
f 2321/2321/2204 2322/2322/2204 2323/2323/2204
s 1
f 2313/2313/2197 2324/2324/2205 2314/2314/2198
f 2318/2318/2202 2320/2320/2202 2325/2325/2206
f 2326/2326/2207 1678/1678/1589 1677/1677/1588
f 2327/2327/2208 201/201/196 197/197/192
f 2327/2327/2208 2328/2328/2209 2329/2329/2210
f 2327/2327/2208 2329/2329/2210 2330/2330/2211
f 2327/2327/2208 197/197/192 2331/2331/2212
f 2327/2327/2208 2330/2330/2211 201/201/196
f 2332/2332/2213 719/719/688 2333/2333/2214
f 2332/2332/2213 720/720/689 719/719/688
f 1876/1876/1782 2334/2334/2215 1877/1877/1783
f 2332/2332/2213 2333/2333/2214 2335/2335/2216
f 2336/2336/2217 2337/2337/2218 555/555/537
f 2336/2336/2217 216/216/211 1838/1838/1744
f 2336/2336/2217 554/554/536 2338/2338/2219
f 2336/2336/2217 2338/2338/2219 216/216/211
f 2336/2336/2217 555/555/537 554/554/536
f 2336/2336/2217 1838/1838/1744 2337/2337/2218
f 2339/2339/2220 1192/1192/1130 1970/1970/1876
f 2339/2339/2220 1970/1970/1876 2340/2340/2221
f 220/220/215 230/230/225 2341/2341/2222
f 2339/2339/2220 1193/1193/1131 1192/1192/1130
f 2342/2342/2223 2343/2343/2224 2344/2344/2225
f 745/745/712 2345/2345/2226 746/746/713
f 2342/2342/2223 243/243/238 2346/2346/2227
f 2342/2342/2223 2346/2346/2227 2343/2343/2224
f 2347/2347/2228 2348/2348/2229 2349/2349/2230
f 2347/2347/2228 2350/2350/2231 2351/2351/2232
f 2352/2352/2233 2353/2353/2234 2354/2354/2235
f 2347/2347/2228 2351/2351/2232 2348/2348/2229
f 2352/2352/2233 2354/2354/2235 2355/2355/2236
f 2356/2356/2237 2357/2357/2238 2358/2358/2239
f 2356/2356/2237 1112/1112/1056 2359/2359/2240
f 2360/2360/2241 2361/2361/2242 2362/2362/2243
f 2356/2356/2237 2359/2359/2240 2357/2357/2238
f 2356/2356/2237 2363/2363/2244 1112/1112/1056
f 1707/1707/1618 2364/2364/2245 1708/1708/1619
f 1707/1707/1618 2365/2365/2246 2366/2366/2247
s 0
f 2367/2367/1465 2368/2368/1465 2369/2369/1465
s 1
f 1707/1707/1618 1715/1715/1626 2365/2365/2246
f 2370/2370/2248 2371/2371/2249 988/988/932
f 2370/2370/2248 1228/1228/1162 2372/2372/2250
f 2370/2370/2248 987/987/931 1228/1228/1162
f 2370/2370/2248 2372/2372/2250 2371/2371/2249
f 2370/2370/2248 988/988/932 987/987/931
f 854/854/811 2373/2373/2251 2374/2374/2252
f 854/854/811 856/856/813 2373/2373/2251
f 854/854/811 2374/2374/2252 855/855/812
f 2375/2375/2253 2376/2376/2254 2377/2377/2255
f 2378/2378/2256 2379/2379/2257 2380/2380/2258
f 2375/2375/2253 2381/2381/2259 2382/2382/2260
f 2378/2378/2256 2383/2383/2261 2384/2384/2262
f 2375/2375/2253 2377/2377/2255 2381/2381/2259
f 2378/2378/2256 2380/2380/2258 2383/2383/2261
f 2385/2385/2263 2386/2386/2264 1753/1753/1661
f 2385/2385/2263 2387/2387/2265 20/20/18
f 2385/2385/2263 2388/2388/2266 2386/2386/2264
f 2385/2385/2263 20/20/18 2388/2388/2266
f 2385/2385/2263 1753/1753/1661 2387/2387/2265
f 2389/2389/2267 2390/2390/2268 2391/2391/2269
f 2389/2389/2267 2392/2392/2270 2393/2393/2271
f 2389/2389/2267 2394/2394/2272 2395/2395/2273
f 2389/2389/2267 2393/2393/2271 2394/2394/2272
f 2389/2389/2267 2395/2395/2273 2390/2390/2268
f 2389/2389/2267 2391/2391/2269 2392/2392/2270
f 2396/2396/2274 2397/2397/2275 2398/2398/2276
f 1417/1417/1343 2399/2399/2277 1418/1418/1344
f 2396/2396/2274 2398/2398/2276 2400/2400/2278
f 403/403/390 2401/2401/2279 2402/2402/2280
f 403/403/390 1300/1300/1228 404/404/391
f 403/403/390 409/409/396 2401/2401/2279
f 403/403/390 2402/2402/2280 1300/1300/1228
f 2314/2314/2198 2324/2324/2205 2403/2403/2281
f 2404/2404/2282 60/60/56 2405/2405/2283
f 2314/2314/2198 2406/2406/2284 2315/2315/2199
f 2404/2404/2282 2407/2407/2285 60/60/56
f 2408/2408/2286 2409/2409/2287 1680/1680/1591
f 2408/2408/2286 1680/1680/1591 2410/2410/2288
f 420/420/407 2128/2128/2017 2127/2127/2016
f 420/420/407 419/419/406 2128/2128/2017
f 2411/2411/2289 2412/2412/2290 2413/2413/2291
f 2411/2411/2289 434/434/421 430/430/417
f 2414/2414/2292 432/432/419 431/431/418
f 2414/2414/2292 2415/2415/2293 432/432/419
f 2411/2411/2289 430/430/417 2412/2412/2290
f 2411/2411/2289 2413/2413/2291 2416/2416/2294
f 2417/2417/2295 2418/2418/2296 703/703/673
f 2417/2417/2295 703/703/673 2419/2419/2297
f 2420/2420/2298 2421/2421/2299 2422/2422/2300
f 2420/2420/2298 2423/2423/2301 2421/2421/2299
f 2420/2420/2298 2424/2424/2302 2423/2423/2301
f 2420/2420/2298 2422/2422/2300 2425/2425/2303
f 85/85/81 90/90/86 2239/2239/2123
f 85/85/81 2426/2426/2304 86/86/82
f 85/85/81 2239/2239/2123 2426/2426/2304
f 2427/2427/2305 2428/2428/2306 2429/2429/2307
s 0
f 2430/2430/2308 2431/2431/2308 2432/2432/2308
s 1
f 2433/2433/2309 2434/2434/2310 2435/2435/2311
f 99/99/95 257/257/250 100/100/96
f 99/99/95 103/103/99 248/248/243
f 2436/2436/2312 2437/2437/2313 2438/2438/2314
f 2436/2436/2312 2439/2439/2315 2440/2440/2316
f 2436/2436/2312 2441/2441/2317 2442/2442/2318
f 2436/2436/2312 2438/2438/2314 2441/2441/2317
f 2443/2443/2319 224/224/219 223/223/218
f 2443/2443/2319 228/228/223 224/224/219
f 2436/2436/2312 2442/2442/2318 2439/2439/2315
f 968/968/918 2444/2444/2320 2445/2445/2321
f 968/968/918 2446/2446/2322 2444/2444/2320
f 968/968/918 2445/2445/2321 969/969/919
f 968/968/918 2447/2447/2323 2446/2446/2322
f 2448/2448/2324 984/984/928 991/991/935
f 2449/2449/2325 2450/2450/2326 2451/2451/2327
f 2449/2449/2325 2452/2452/2328 2453/2453/2329
f 2449/2449/2325 2454/2454/2330 2450/2450/2326
f 2449/2449/2325 2455/2455/2331 2454/2454/2330
f 2449/2449/2325 2453/2453/2329 2455/2455/2331
f 2456/2456/2332 2457/2457/2333 2458/2458/2332
f 2459/2459/2334 2460/2460/2335 999/999/943
f 994/994/938 996/996/940 2461/2461/2336
f 2459/2459/2334 2462/2462/2337 2460/2460/2335
f 2463/2463/2338 2085/2085/1983 1004/1004/948
f 2464/2464/2339 2465/2465/2340 1347/1347/1275
f 2464/2464/2339 2466/2466/2341 2467/2467/2342
f 2464/2464/2339 2467/2467/2342 2083/2083/1981
f 2464/2464/2339 1347/1347/1275 2466/2466/2341
f 2463/2463/2338 1004/1004/948 1003/1003/947
f 2468/2468/2343 1636/1636/1547 2469/2469/2344
f 2468/2468/2343 2469/2469/2344 2470/2470/2345
f 2468/2468/2343 1637/1637/1548 1636/1636/1547
f 2468/2468/2343 2470/2470/2345 2471/2471/2346
f 2472/2472/2347 2473/2473/2348 2474/2474/2349
f 813/813/772 815/815/774 2475/2475/2350
f 813/813/772 2476/2476/2351 2477/2477/2352
f 813/813/772 2475/2475/2350 2476/2476/2351
f 813/813/772 2477/2477/2352 814/814/773
f 2478/2478/2353 2479/2479/2354 2480/2480/2355
f 2108/2108/2001 545/545/529 544/544/528
f 2108/2108/2001 1653/1653/1564 545/545/529
f 2481/2481/2356 2482/2482/2357 2483/2483/2358
f 2478/2478/2353 2484/2484/2359 2479/2479/2354
f 2108/2108/2001 2107/2107/2000 1653/1653/1564
f 2108/2108/2001 544/544/528 2485/2485/2360
f 2102/2102/1996 2486/2486/2361 2103/2103/1996
f 2487/2487/2362 2488/2488/2363 553/553/535
f 2487/2487/2362 2489/2489/2364 2488/2488/2363
f 2487/2487/2362 2490/2490/2365 2491/2491/2366
f 2487/2487/2362 553/553/535 2490/2490/2365
f 1834/1834/1740 2492/2492/2367 1835/1835/1741
f 2493/2493/2368 2494/2494/2369 2495/2495/2370
f 2493/2493/2368 2496/2496/2371 2497/2497/2372
f 2498/2498/2373 192/192/187 2499/2499/2374
f 2493/2493/2368 2500/2500/2375 2494/2494/2369
f 2493/2493/2368 2501/2501/2376 2500/2500/2375
f 2493/2493/2368 2497/2497/2372 2501/2501/2376
f 1975/1975/1879 2502/2502/2377 1976/1976/1880
f 2034/2034/1934 2503/2503/2378 2504/2504/2379
f 2034/2034/1934 2033/2033/1933 2505/2505/2380
f 2034/2034/1934 2505/2505/2380 2503/2503/2378
f 1689/1689/1600 1340/1340/1268 2506/2506/2381
f 1689/1689/1600 1341/1341/1269 1340/1340/1268
f 823/823/782 2507/2507/2382 824/824/783
f 2508/2508/2383 2509/2509/2384 2510/2510/2385
f 2508/2508/2383 2511/2511/2386 2512/2512/2387
f 2513/2513/2388 2514/2514/2389 2094/2094/1988
f 2513/2513/2388 2361/2361/2242 2515/2515/2390
f 2513/2513/2388 2094/2094/1988 2361/2361/2242
f 2508/2508/2383 2510/2510/2385 2511/2511/2386
f 1484/1484/1404 2516/2516/2391 1485/1485/1405
f 1484/1484/1404 225/225/220 2517/2517/2392
f 1484/1484/1404 1489/1489/1407 225/225/220
f 1484/1484/1404 2517/2517/2392 2516/2516/2391
f 1867/1867/1773 1872/1872/1778 240/240/235
f 2518/2518/2393 2519/2519/2394 2520/2520/2395
f 2518/2518/2393 2520/2520/2395 2021/2021/1923
f 2518/2518/2393 234/234/229 2519/2519/2394
f 2521/2521/2396 1617/1617/1530 2522/2522/2397
f 2521/2521/2396 2523/2523/2398 1618/1618/1531
f 2521/2521/2396 1618/1618/1531 1617/1617/1530
f 2524/2524/2399 2060/2060/1958 2525/2525/2400
f 2524/2524/2399 2525/2525/2400 2526/2526/2401
f 2527/2527/2402 2528/2528/2403 2529/2529/2404
f 2530/2530/2405 2531/2531/2406 2532/2532/2407
f 2527/2527/2402 2533/2533/2408 2534/2534/2409
f 2527/2527/2402 2534/2534/2409 2535/2535/2410
f 2527/2527/2402 2535/2535/2410 2528/2528/2403
f 2530/2530/2405 2532/2532/2407 2536/2536/2411
f 2537/2537/2412 2293/2293/2177 2294/2294/2178
f 2537/2537/2412 2538/2538/2413 2539/2539/2414
f 2537/2537/2412 2294/2294/2178 2540/2540/2415
f 2537/2537/2412 2540/2540/2415 2541/2541/2416
f 2537/2537/2412 2541/2541/2416 2538/2538/2413
f 2537/2537/2412 2539/2539/2414 2293/2293/2177
f 2014/2014/1916 2542/2542/2417 2015/2015/1917
f 2014/2014/1916 1448/1448/1374 2542/2542/2417
f 2014/2014/1916 2543/2543/2418 1448/1448/1374
f 2544/2544/2419 2545/2545/2420 2546/2546/2421
f 2544/2544/2419 2547/2547/2422 2548/2548/2423
f 2544/2544/2419 2548/2548/2423 2545/2545/2420
f 578/578/560 2549/2549/2424 579/579/561
f 2550/2550/2425 2551/2551/2426 2552/2552/2427
f 2550/2550/2425 2553/2553/2428 2551/2551/2426
f 2554/2554/2429 2555/2555/2430 2556/2556/2431
f 2550/2550/2425 2552/2552/2427 2557/2557/2432
f 2550/2550/2425 2557/2557/2432 2558/2558/2433
f 2554/2554/2429 2556/2556/2431 590/590/572
f 2559/2559/2434 2560/2560/2435 2561/2561/2436
f 602/602/582 2562/2562/2437 603/603/583
f 2559/2559/2434 2561/2561/2436 2563/2563/2438
f 2559/2559/2434 2563/2563/2438 2564/2564/2439
f 2565/2565/2440 2566/2566/2441 913/913/868
f 2565/2565/2440 1564/1564/1477 2567/2567/2442
f 2565/2565/2440 2567/2567/2442 2566/2566/2441
f 2565/2565/2440 913/913/868 909/909/864
f 2565/2565/2440 909/909/864 1564/1564/1477
f 2568/2568/2443 949/949/900 956/956/907
f 2568/2568/2443 950/950/901 949/949/900
f 2569/2569/2444 2570/2570/2445 2571/2571/2446
f 2569/2569/2444 2572/2572/2447 2570/2570/2445
f 116/116/112 2573/2573/2448 117/117/113
f 550/550/532 555/555/537 2574/2574/2449
f 2575/2575/2450 131/131/127 130/130/126
f 2576/2576/2451 2577/2577/2452 2578/2578/2453
f 2579/2579/2454 1440/1440/1366 126/126/122
f 2576/2576/2451 2580/2580/2455 2581/2581/2456
f 2576/2576/2451 2581/2581/2456 2577/2577/2452
f 2579/2579/2454 2201/2201/2086 1440/1440/1366
f 368/368/355 2582/2582/2457 369/369/356
f 368/368/355 954/954/905 2583/2583/2458
f 368/368/355 371/371/358 954/954/905
f 368/368/355 2583/2583/2458 2582/2582/2457
f 2584/2584/2459 2585/2585/2460 2586/2586/2461
f 2584/2584/2459 2586/2586/2461 2587/2587/2462
f 2584/2584/2459 2587/2587/2462 2588/2588/2463
f 2589/2589/2464 2590/2590/2465 2591/2591/2466
f 2589/2589/2464 2592/2592/2467 2593/2593/2468
f 2594/2594/2469 2595/2595/2470 2596/2596/2471
f 2589/2589/2464 2591/2591/2466 2597/2597/2472
f 2589/2589/2464 2598/2598/2473 2592/2592/2467
f 2589/2589/2464 2593/2593/2468 2590/2590/2465
f 2281/2281/2165 2599/2599/2474 2600/2600/2475
f 2601/2601/2476 2602/2602/2477 1821/1821/1727
f 2601/2601/2476 1820/1820/1726 2603/2603/2478
f 2281/2281/2165 2600/2600/2475 2282/2282/2166
f 2601/2601/2476 1821/1821/1727 1820/1820/1726
f 2604/2604/2479 2605/2605/2480 2606/2606/2481
f 2607/2607/2482 1766/1766/1674 2608/2608/2483
f 2607/2607/2482 2609/2609/2484 1767/1767/1675
f 2610/2610/2485 2611/2611/2485 2612/2612/2486
f 2610/2610/2485 2613/2613/2487 2611/2611/2485
f 2607/2607/2482 1767/1767/1675 1766/1766/1674
f 413/413/400 2614/2614/2488 414/414/401
f 413/413/400 2615/2615/2489 1783/1783/1691
f 413/413/400 1783/1783/1691 1784/1784/1692
f 413/413/400 416/416/403 2615/2615/2489
f 413/413/400 1784/1784/1692 2614/2614/2488
f 1790/1790/1698 1789/1789/1697 2616/2616/2490
f 717/717/686 716/716/686 2617/2617/2491
f 1786/1786/1694 2618/2618/2492 1787/1787/1695
f 1568/1568/1481 2619/2619/2493 294/294/287
f 2620/2620/2494 2621/2621/2495 2622/2622/2496
f 2620/2620/2494 2622/2622/2496 2623/2623/2497
f 1568/1568/1481 1573/1573/1486 2624/2624/2498
f 2625/2625/2499 2626/2626/2500 2627/2627/2501
f 2628/2628/2502 2629/2629/2503 2630/2630/2504
f 2625/2625/2499 2627/2627/2501 2631/2631/2505
f 2625/2625/2499 2632/2632/2506 2626/2626/2500
f 2628/2628/2502 2633/2633/2507 2629/2629/2503
f 2628/2628/2502 2634/2634/2508 2633/2633/2507
f 232/232/227 747/747/714 2635/2635/2509
f 232/232/227 2635/2635/2509 233/233/228
f 1398/1398/1324 2636/2636/2510 2637/2637/2511
f 1398/1398/1324 2637/2637/2511 1399/1399/1325
f 1398/1398/1324 1402/1402/1328 2636/2636/2510
f 336/336/325 2638/2638/2512 337/337/326
f 336/336/325 2051/2051/1949 2639/2639/2513
f 336/336/325 2639/2639/2513 2638/2638/2512
f 1894/1894/1800 1893/1893/1799 2640/2640/2514
f 1607/1607/1520 1611/1611/1524 2641/2641/2515
f 1607/1607/1520 2641/2641/2515 1763/1763/1671
f 1607/1607/1520 1763/1763/1671 2642/2642/2516
f 1607/1607/1520 2642/2642/2516 1608/1608/1521
f 2643/2643/2517 2644/2644/2518 2645/2645/2519
f 2643/2643/2517 2646/2646/2520 2644/2644/2518
f 2643/2643/2517 1101/1101/1045 2647/2647/2521
f 2643/2643/2517 2648/2648/2522 2646/2646/2520
f 2643/2643/2517 2647/2647/2521 2648/2648/2522
f 2643/2643/2517 1102/1102/1046 1101/1101/1045
f 2643/2643/2517 2645/2645/2519 1102/1102/1046
f 2649/2649/2523 153/153/148 152/152/147
f 2649/2649/2523 2650/2650/2524 2651/2651/2525
f 2649/2649/2523 152/152/147 2650/2650/2524
f 2649/2649/2523 2652/2652/2526 2653/2653/2527
f 2649/2649/2523 2653/2653/2527 153/153/148
f 2649/2649/2523 2651/2651/2525 2652/2652/2526
f 2654/2654/2528 2265/2265/2149 2655/2655/2529
f 2656/2656/2530 2657/2657/2531 2658/2658/2532
f 2656/2656/2530 2658/2658/2532 2659/2659/2533
f 2656/2656/2530 2659/2659/2533 2660/2660/2534
f 2654/2654/2528 2661/2661/2535 2265/2265/2149
f 2656/2656/2530 2662/2662/2536 2657/2657/2531
f 1733/1733/1641 2663/2663/2537 1737/1737/1645
f 2664/2664/2538 2665/2665/2539 2666/2666/2540
f 1848/1848/1754 2667/2667/2541 2668/2668/2542
f 2669/2669/2543 2670/2670/2544 174/174/169
f 1848/1848/1754 2668/2668/2542 1849/1849/1755
f 2669/2669/2543 173/173/168 2671/2671/2545
f 2669/2669/2543 174/174/169 173/173/168
f 2669/2669/2543 2671/2671/2545 2672/2672/2546
f 2673/2673/2547 2674/2674/2548 2675/2675/2549
f 1157/1157/1099 2676/2676/2550 1158/1158/1100
f 2677/2677/2551 2678/2678/2552 2679/2679/2553
f 1157/1157/1099 2680/2680/2554 2676/2676/2550
f 2677/2677/2551 2681/2681/2555 2678/2678/2552
f 1663/1663/1574 2682/2682/2556 2683/2683/2557
f 2684/2684/2558 1676/1676/1587 2409/2409/2287
f 198/198/193 200/200/195 2685/2685/2559
f 2684/2684/2558 2686/2686/2560 1676/1676/1587
f 2687/2687/2561 2688/2688/2562 2689/2689/2563
f 2690/2690/2564 1065/1065/1009 1064/1064/1008
f 2690/2690/2564 2691/2691/2565 1065/1065/1009
f 2692/2692/2566 1339/1339/1267 2545/2545/2420
f 2687/2687/2561 2689/2689/2563 2693/2693/2567
f 2692/2692/2566 1342/1342/1270 1339/1339/1267
f 1345/1345/1273 3/3/3 1197/1197/1135
f 1345/1345/1273 1197/1197/1135 1346/1346/1274
f 186/186/181 2629/2629/2503 2633/2633/2507
f 186/186/181 191/191/186 2629/2629/2503
f 186/186/181 2633/2633/2507 187/187/182
f 2694/2694/2568 2695/2695/2569 455/455/441
f 2696/2696/2570 2697/2697/2571 848/848/805
f 2698/2698/2572 2699/2699/2573 2700/2700/2574
f 2696/2696/2570 848/848/805 2701/2701/2575
f 2694/2694/2568 455/455/441 2702/2702/2576
f 2698/2698/2572 2700/2700/2574 2703/2703/2577
s 0
f 2704/2704/2578 2705/2705/2578 2706/2706/2578
s 1
f 2707/2707/2579 2708/2708/2580 2709/2709/2581
f 2707/2707/2579 2710/2710/2582 2708/2708/2580
f 2711/2711/2583 2712/2712/2584 2713/2713/2585
s 0
f 2714/2714/2586 2715/2715/2586 2716/2716/2586
s 1
f 2717/2717/2587 2718/2718/2588 2719/2719/2589
f 2717/2717/2587 2720/2720/2590 2718/2718/2588
f 2528/2528/2403 2535/2535/2410 2721/2721/2591
f 2528/2528/2403 2722/2722/2592 2529/2529/2404
f 2293/2293/2177 2723/2723/2593 808/808/767
f 2293/2293/2177 2539/2539/2414 2723/2723/2593
f 317/317/310 2724/2724/2594 2725/2725/2595
f 2726/2726/2596 2727/2727/2597 2728/2728/2598
f 2726/2726/2596 2729/2729/2599 2727/2727/2597
f 2726/2726/2596 2728/2728/2598 2730/2730/2600
f 317/317/310 2725/2725/2595 318/318/311
f 2731/2731/2601 2732/2732/2602 2733/2733/2603
f 2731/2731/2601 2733/2733/2603 2734/2734/2604
f 2731/2731/2601 2349/2349/2230 2732/2732/2602
f 2735/2735/2605 2354/2354/2235 2353/2353/2234
f 2735/2735/2605 2736/2736/2606 2354/2354/2235
f 1806/1806/1714 1809/1809/1717 2737/2737/2607
s 0
f 2738/2738/2608 2739/2739/2608 2740/2740/2608
s 1
f 2741/2741/2609 2742/2742/2610 2743/2743/2611
f 2744/2744/2612 2652/2652/2526 2745/2745/2613
f 2746/2746/2614 2469/2469/2344 2747/2747/2615
f 2748/2748/2616 2749/2749/2617 2750/2750/2618
f 2748/2748/2616 2751/2751/2619 2749/2749/2617
f 2748/2748/2616 2750/2750/2618 352/352/339
f 2746/2746/2614 2470/2470/2345 2469/2469/2344
f 2150/2150/2035 864/864/821 2151/2151/2036
f 2752/2752/2620 2753/2753/2621 2754/2754/2622
f 2752/2752/2620 2755/2755/2623 2753/2753/2621
f 1424/1424/1350 2756/2756/2624 1425/1425/1351
f 2752/2752/2620 2757/2757/2625 2755/2755/2623
f 2752/2752/2620 2754/2754/2622 2758/2758/2626
f 2759/2759/2627 2760/2760/2628 900/900/855
f 2761/2761/2629 2762/2762/2630 2763/2763/2631
f 2761/2761/2629 2764/2764/2632 2762/2762/2630
f 2759/2759/2627 899/899/854 2765/2765/2633
f 2761/2761/2629 2766/2766/2634 2764/2764/2632
f 2759/2759/2627 900/900/855 899/899/854
s 0
f 2767/2767/1363 2768/2768/1363 2769/2769/1363
f 2770/2770/1363 2090/2090/1363 2089/2089/1363
s 1
f 1434/1434/1360 1438/1438/1364 2771/2771/2635
f 1434/1434/1360 2772/2772/2636 1435/1435/1361
f 1434/1434/1360 2773/2773/2637 2772/2772/2636
f 123/123/119 125/125/121 2774/2774/2638
f 123/123/119 2775/2775/2639 124/124/120
f 123/123/119 2776/2776/2640 2775/2775/2639
f 2777/2777/2641 1794/1794/1702 2033/2033/1933
f 1447/1447/1373 2542/2542/2417 1448/1448/1374
f 1447/1447/1373 2778/2778/2642 2542/2542/2417
s 0
f 2779/2779/2643 2780/2780/2643 2781/2781/2643
s 1
f 2782/2782/2644 292/292/285 291/291/284
f 2783/2783/2645 1569/1569/1482 298/298/291
f 2784/2784/2646 2785/2785/2647 1958/1958/1864
f 2784/2784/2646 1958/1958/1864 1547/1547/1461
f 2786/2786/2648 2787/2787/2649 2788/2788/2650
f 2784/2784/2646 2789/2789/2651 2785/2785/2647
f 2784/2784/2646 1547/1547/1461 1545/1545/1459
f 2784/2784/2646 1545/1545/1459 2790/2790/2652
f 2791/2791/2653 1965/1965/1871 1966/1966/1872
f 307/307/300 310/310/303 2792/2792/2654
f 2791/2791/2653 2793/2793/2655 2426/2426/2304
f 2791/2791/2653 2426/2426/2304 1965/1965/1871
f 2502/2502/2377 2794/2794/2656 2795/2795/2657
f 2502/2502/2377 2796/2796/2658 1976/1976/1880
f 2502/2502/2377 2795/2795/2657 2796/2796/2658
f 2797/2797/2659 2798/2798/2660 2799/2799/2661
f 2800/2800/2662 2801/2801/2663 2802/2802/2664
f 2800/2800/2662 2803/2803/2665 2804/2804/2666
f 2797/2797/2659 2713/2713/2585 2712/2712/2584
f 2800/2800/2662 2804/2804/2666 2801/2801/2663
f 2797/2797/2659 2712/2712/2584 2798/2798/2660
f 2800/2800/2662 2802/2802/2664 1482/1482/1402
f 2797/2797/2659 1481/1481/1401 2253/2253/2137
f 2797/2797/2659 2253/2253/2137 2713/2713/2585
f 1243/1243/1177 1245/1245/1179 2805/2805/2667
f 1243/1243/1177 2806/2806/2668 2807/2807/2669
f 2808/2808/2670 2809/2809/2671 2810/2810/2672
f 1243/1243/1177 2807/2807/2669 1244/1244/1178
f 2811/2811/2673 1498/1498/1416 2812/2812/2674
f 2813/2813/2675 2814/2814/2676 2453/2453/2329
f 2815/2815/2677 149/149/144 2816/2816/2678
f 2811/2811/2673 991/991/935 990/990/934
f 2811/2811/2673 990/990/934 1498/1498/1416
f 2813/2813/2675 2453/2453/2329 2452/2452/2328
f 2817/2817/2679 2818/2818/2680 2819/2819/2681
f 2817/2817/2679 2820/2820/2682 2818/2818/2680
f 2817/2817/2679 1903/1903/1809 2251/2251/2135
f 2817/2817/2679 2819/2819/2681 1904/1904/1810
f 2817/2817/2679 2251/2251/2135 2820/2820/2682
f 2817/2817/2679 1904/1904/1810 1903/1903/1809
f 376/376/363 2821/2821/2683 377/377/364
f 1036/1036/980 2588/2588/2463 1037/1037/981
f 2822/2822/2684 2823/2823/2685 2749/2749/2617
f 2822/2822/2684 2749/2749/2617 2824/2824/2686
f 2822/2822/2684 20/20/18 2823/2823/2685
f 2822/2822/2684 2824/2824/2686 20/20/18
f 1758/1758/1666 2825/2825/2687 166/166/161
f 1758/1758/1666 166/166/161 1255/1255/1189
f 2826/2826/2688 2230/2230/2115 2232/2232/2116
f 2826/2826/2688 2232/2232/2116 2605/2605/2480
f 2827/2827/2689 411/411/398 410/410/397
f 1957/1957/1863 1547/1547/1461 1958/1958/1864
f 2827/2827/2689 410/410/397 1546/1546/1460
f 2479/2479/2354 905/905/860 906/906/861
f 2479/2479/2354 906/906/861 2480/2480/2355
f 2479/2479/2354 2828/2828/2690 905/905/860
f 2479/2479/2354 2484/2484/2359 2828/2828/2690
f 1563/1563/1476 2829/2829/2691 2830/2830/2692
f 1563/1563/1476 2830/2830/2692 1564/1564/1477
f 1563/1563/1476 2831/2831/2693 2829/2829/2691
f 1563/1563/1476 1566/1566/1479 2831/2831/2693
f 1127/1127/1071 1131/1131/1075 2832/2832/2694
f 1379/1379/1305 2833/2833/2695 2658/2658/2532
f 1379/1379/1305 2834/2834/2696 2833/2833/2695
f 1379/1379/1305 2658/2658/2532 2835/2835/2697
f 1379/1379/1305 2835/2835/2697 2836/2836/2698
f 1379/1379/1305 1382/1382/1308 2834/2834/2696
f 1379/1379/1305 2836/2836/2698 1380/1380/1306
f 2837/2837/2699 879/879/836 2838/2838/2700
f 488/488/474 495/495/481 2839/2839/2701
f 488/488/474 29/29/25 23/23/21
f 2837/2837/2699 2840/2840/2702 879/879/836
f 2841/2841/2703 708/708/678 709/709/679
f 2841/2841/2703 2215/2215/2100 2216/2216/2101
f 2842/2842/2704 824/824/783 2843/2843/2705
f 2841/2841/2703 2844/2844/2706 2215/2215/2100
f 2845/2845/2707 2846/2846/2708 2847/2847/2709
f 2842/2842/2704 825/825/784 824/824/783
f 2845/2845/2707 2847/2847/2709 2304/2304/2188
f 2841/2841/2703 709/709/679 2844/2844/2706
f 2848/2848/2710 1861/1861/1767 2849/2849/2711
f 2045/2045/1943 181/181/176 184/184/179
f 2848/2848/2710 2850/2850/2712 1861/1861/1767
f 2045/2045/1943 184/184/179 2046/2046/1944
f 2848/2848/2710 2849/2849/2711 2851/2851/2713
f 2494/2494/2369 2500/2500/2375 2852/2852/2714
f 2494/2494/2369 2852/2852/2714 194/194/189
f 2853/2853/2715 193/193/188 192/192/187
f 1843/1843/1749 1944/1944/1850 2854/2854/2716
f 1843/1843/1749 2855/2855/2717 1944/1944/1850
f 1843/1843/1749 2854/2854/2716 1844/1844/1750
f 1843/1843/1749 1846/1846/1752 2855/2855/2717
f 428/428/415 2856/2856/2718 429/429/416
f 433/433/420 2857/2857/2719 2858/2858/2720
f 433/433/420 2859/2859/2721 2857/2857/2719
f 433/433/420 426/426/413 2859/2859/2721
f 2860/2860/2722 2861/2861/2723 2862/2862/2724
f 2863/2863/2725 2864/2864/2726 2865/2865/2727
f 2860/2860/2722 2866/2866/2728 2867/2867/2729
f 2863/2863/2725 2865/2865/2727 2868/2868/2730
f 2860/2860/2722 2867/2867/2729 2861/2861/2723
f 2863/2863/2725 2869/2869/2731 2864/2864/2726
f 2870/2870/2732 2871/2871/2733 2872/2872/2734
f 2870/2870/2732 2873/2873/2735 229/229/224
f 2874/2874/2736 2719/2719/2589 2718/2718/2588
f 2870/2870/2732 2872/2872/2734 2873/2873/2735
f 2870/2870/2732 228/228/223 2875/2875/2737
f 2870/2870/2732 229/229/224 228/228/223
f 2876/2876/2738 2022/2022/1924 2021/2021/1923
f 2876/2876/2738 2021/2021/1923 2520/2520/2395
f 2877/2877/2739 2878/2878/2740 2879/2879/2741
f 2877/2877/2739 2879/2879/2741 2018/2018/1920
f 2880/2880/2742 2140/2140/2027 2142/2142/2029
f 2880/2880/2742 2881/2881/2743 2140/2140/2027
f 1199/1199/1137 1803/1803/1711 1804/1804/1712
f 1199/1199/1137 1804/1804/1712 1200/1200/1138
f 1987/1987/1889 1208/1208/1144 1988/1988/1890
f 1987/1987/1889 838/838/795 2882/2882/2744
f 1987/1987/1889 1209/1209/1145 1208/1208/1144
f 1987/1987/1889 2882/2882/2744 1408/1408/1334
f 1987/1987/1889 1408/1408/1334 1209/1209/1145
f 2883/2883/2745 1889/1889/1795 2884/2884/2746
f 2883/2883/2745 2884/2884/2746 2885/2885/2747
f 2883/2883/2745 2886/2886/2748 1889/1889/1795
f 2887/2887/2749 2888/2888/2750 2889/2889/2751
f 2883/2883/2745 2890/2890/2752 2886/2886/2748
f 2887/2887/2749 2889/2889/2751 2891/2891/2753
f 1230/1230/1164 1234/1234/1168 103/103/99
f 1230/1230/1164 2892/2892/2754 1231/1231/1165
f 1230/1230/1164 2893/2893/2755 2892/2892/2754
f 1230/1230/1164 103/103/99 2893/2893/2755
f 1641/1641/1552 1640/1640/1551 1909/1909/1815
s 0
f 2894/2894/2756 2895/2895/2756 2896/2896/2756
s 1
f 2897/2897/2757 1814/1814/1720 2809/2809/2671
f 2897/2897/2757 2898/2898/2758 1814/1814/1720
f 1252/1252/1186 2899/2899/2759 1643/1643/1554
f 1252/1252/1186 1254/1254/1188 165/165/160
f 1252/1252/1186 165/165/160 2899/2899/2759
f 1252/1252/1186 1643/1643/1554 1645/1645/1556
f 1252/1252/1186 1645/1645/1556 1253/1253/1187
s 0
f 2900/2900/2760 2901/2901/2760 2902/2902/2760
f 2903/2903/2761 2904/2904/2761 2905/2905/2761
f 2906/2906/2762 2907/2907/2762 2908/2908/2762
f 2909/2909/2763 2910/2910/2763 2911/2911/2763
f 2912/2912/2764 2913/2913/2764 2914/2914/2764
f 2915/2915/2765 2916/2916/2765 2917/2917/2765
s 1
f 54/54/50 699/699/669 2918/2918/2766
f 54/54/50 700/700/670 699/699/669
f 54/54/50 53/53/49 700/700/670
f 48/48/44 927/927/882 49/49/45
f 736/736/703 738/738/705 2919/2919/2767
f 736/736/703 2920/2920/2768 737/737/704
f 2503/2503/2378 2921/2921/2769 2922/2922/2770
f 2503/2503/2378 2923/2923/2771 2924/2924/2772
f 2503/2503/2378 2924/2924/2772 2921/2921/2769
f 2503/2503/2378 2505/2505/2380 2923/2923/2771
f 2925/2925/2773 1292/1292/1220 2926/2926/2774
f 2927/2927/2775 2928/2928/2776 2929/2929/2777
f 2925/2925/2773 2930/2930/2778 2931/2931/2779
f 2927/2927/2775 2929/2929/2777 2932/2932/2780
f 2925/2925/2773 2931/2931/2779 1292/1292/1220
f 2927/2927/2775 2933/2933/2781 2928/2928/2776
f 2934/2934/2782 2244/2244/2128 2935/2935/2783
f 2934/2934/2782 2935/2935/2783 2936/2936/2784
f 2937/2937/2785 2743/2743/2611 2938/2938/2786
f 2934/2934/2782 2245/2245/2129 2244/2244/2128
f 2937/2937/2785 2938/2938/2786 2939/2939/2787
f 2940/2940/2788 2941/2941/2789 2942/2942/2790
f 88/88/84 2943/2943/2791 89/89/85
f 88/88/84 2944/2944/2792 2945/2945/2793
f 88/88/84 2946/2946/2794 2943/2943/2791
f 88/88/84 2945/2945/2793 2946/2946/2794
f 2947/2947/2795 2948/2948/2796 2949/2949/2797
f 1700/1700/1611 1703/1703/1614 2950/2950/2798
f 1314/1314/1242 2158/2158/2043 1315/1315/1243
f 1314/1314/1242 1319/1319/1247 1879/1879/1785
f 1508/1508/1424 1320/1320/1248 1322/1322/1250
f 1508/1508/1424 2951/2951/2799 2952/2952/2800
f 1508/1508/1424 2952/2952/2800 1320/1320/1248
f 1508/1508/1424 1510/1510/1426 2951/2951/2799
f 1997/1997/1899 2953/2953/2801 1998/1998/1900
f 2004/2004/1906 2954/2954/2802 2955/2955/2803
f 1997/1997/1899 2956/2956/2804 2953/2953/2801
f 2004/2004/1906 2003/2003/1905 2954/2954/2802
f 2007/2007/1909 2957/2957/2805 2055/2055/1953
f 2007/2007/1909 2011/2011/1913 2957/2957/2805
f 2007/2007/1909 2055/2055/1953 2057/2057/1955
f 2007/2007/1909 2057/2057/1955 2008/2008/1910
f 1129/1129/1073 2958/2958/2806 2959/2959/2807
f 1129/1129/1073 2959/2959/2807 2960/2960/2808
f 1129/1129/1073 1133/1133/1077 2961/2961/2809
f 1129/1129/1073 2960/2960/2808 1130/1130/1074
f 1129/1129/1073 2961/2961/2809 2958/2958/2806
s 0
f 2962/2962/2810 2963/2963/2810 2964/2964/2810
f 2965/2965/2811 2966/2966/2811 2967/2967/2811
f 2968/2968/2812 2969/2969/2812 2970/2970/2812
s 1
f 1135/1135/1079 2971/2971/2813 357/357/344
f 1604/1604/1517 1413/1413/1339 1415/1415/1341
f 1604/1604/1517 1603/1603/1516 1413/1413/1339
f 1604/1604/1517 1415/1415/1341 2972/2972/2814
f 1613/1613/1526 1608/1608/1521 2973/2973/2815
f 1012/1012/956 532/532/516 1610/1610/1523
f 2974/2974/2816 2975/2975/2817 2976/2976/2818
s 0
f 2977/2977/2819 2978/2978/2819 2979/2979/2819
s 1
f 2980/2980/2820 1428/1428/1354 1429/1429/1355
f 2974/2974/2816 2976/2976/2818 1832/1832/1738
f 2980/2980/2820 1429/1429/1355 1552/1552/1466
f 2974/2974/2816 1832/1832/1738 1828/1828/1734
f 2980/2980/2820 2981/2981/2821 1428/1428/1354
f 2162/2162/2047 1836/1836/1742 217/217/212
f 2170/2170/2055 2165/2165/2050 2982/2982/2822
f 2162/2162/2047 2983/2983/2823 1836/1836/1742
f 2984/2984/2824 2985/2985/2825 2986/2986/2826
f 2987/2987/2827 2988/2988/2828 2989/2989/2829
f 2987/2987/2827 2990/2990/2830 2988/2988/2828
f 2991/2991/2831 1177/1177/1115 2992/2992/2832
f 2991/2991/2831 2992/2992/2832 2993/2993/2833
f 2991/2991/2831 1043/1043/987 1177/1177/1115
f 2991/2991/2831 2994/2994/2834 1043/1043/987
f 2995/2995/2835 2996/2996/2836 2997/2997/2837
f 2995/2995/2835 2998/2998/2838 2999/2999/2839
f 3000/3000/2840 2703/2703/2577 2700/2700/2574
f 2995/2995/2835 1055/1055/999 2998/2998/2838
f 2995/2995/2835 2997/2997/2837 1055/1055/999
f 3000/3000/2840 2700/2700/2574 3001/3001/2841
f 2753/2753/2621 3002/3002/2842 2754/2754/2622
f 2753/2753/2621 2755/2755/2623 3003/3003/2843
f 2753/2753/2621 3003/3003/2843 3002/3002/2842
f 3004/3004/2844 894/894/849 3005/3005/2845
f 3004/3004/2844 895/895/850 894/894/849
f 1068/1068/1012 2118/2118/2009 3006/3006/2846
f 3007/3007/2847 3008/3008/2848 2591/2591/2466
f 3007/3007/2847 2590/2590/2465 3009/3009/2849
f 3007/3007/2847 2591/2591/2466 2590/2590/2465
f 3010/3010/2850 2849/2849/2711 1862/1862/1768
s 0
f 3011/3011/2851 3012/3012/2851 3013/3013/2851
s 1
f 3014/3014/2852 453/453/439 3015/3015/2853
f 3016/3016/2854 199/199/194 201/201/196
f 3016/3016/2854 201/201/196 2330/2330/2211
f 3017/3017/2855 3018/3018/2856 3019/3019/2857
f 3014/3014/2852 3020/3020/2858 453/453/439
f 3016/3016/2854 2330/2330/2211 3021/3021/2859
f 3017/3017/2855 3019/3019/2857 3022/3022/2860
f 1370/1370/1296 1284/1284/1212 3023/3023/2861
f 1366/1366/1292 3024/3024/2862 459/459/445
f 1370/1370/1296 1285/1285/1213 1284/1284/1212
f 1373/1373/1299 3025/3025/2863 1633/1633/1544
f 1373/1373/1299 2133/2133/2022 1374/1374/1300
f 1373/1373/1299 3026/3026/2864 3025/3025/2863
f 1373/1373/1299 1633/1633/1544 2133/2133/2022
f 1373/1373/1299 1376/1376/1302 3026/3026/2864
f 1381/1381/1307 3027/3027/2865 1382/1382/1308
f 1386/1386/1312 1145/1145/1089 3028/3028/2866
f 3029/3029/2867 3030/3030/2868 3031/3031/2869
f 1386/1386/1312 1146/1146/1090 1145/1145/1089
f 3032/3032/2870 2730/2730/2600 2728/2728/2598
f 3032/3032/2870 1394/1394/1320 3033/3033/2871
f 3034/3034/2872 3035/3035/2873 1390/1390/1316
f 3034/3034/2872 3036/3036/2874 3035/3035/2873
f 3032/3032/2870 3033/3033/2871 2730/2730/2600
f 3034/3034/2872 3037/3037/2875 3036/3036/2874
f 2275/2275/2159 3038/3038/2876 2276/2276/2160
f 794/794/753 793/793/752 3039/3039/2877
f 1240/1240/1174 3040/3040/2878 1241/1241/1175
f 1240/1240/1174 2072/2072/1970 3041/3041/2879
f 1240/1240/1174 3041/3041/2879 3040/3040/2878
f 3042/3042/2880 3043/3043/2881 3044/3044/2881
f 3045/3045/2882 3046/3046/2883 3047/3047/2884
f 3045/3045/2882 3047/3047/2884 871/871/828
f 3048/3048/2885 3049/3049/2886 3050/3050/2887
f 3048/3048/2885 3050/3050/2887 2200/2200/2085
f 3051/3051/2888 2202/2202/2087 3052/3052/2889
f 3053/3053/2890 3054/3054/2891 3055/3055/2892
f 3056/3056/2893 1932/1932/1838 1931/1931/1837
f 3057/3057/2894 833/833/792 3058/3058/2895
f 3057/3057/2894 3058/3058/2895 3059/3059/2896
f 3057/3057/2894 3059/3059/2896 3060/3060/2897
f 3057/3057/2894 3060/3060/2897 3061/3061/2898
f 3056/3056/2893 1162/1162/1104 3062/3062/2899
f 3056/3056/2893 1931/1931/1837 1162/1162/1104
f 3057/3057/2894 834/834/793 833/833/792
f 3063/3063/2900 1561/1561/1474 3064/3064/2901
f 3063/3063/2900 3065/3065/2902 1561/1561/1474
f 3063/3063/2900 3066/3066/2903 3067/3067/2904
f 605/605/585 1459/1459/1385 1696/1696/1607
f 3063/3063/2900 3064/3064/2901 3066/3066/2903
f 1702/1702/1613 1704/1704/1615 3068/3068/2905
f 1702/1702/1613 3068/3068/2905 3069/3069/2906
f 1292/1292/1220 1293/1293/1221 2926/2926/2774
f 1292/1292/1220 2931/2931/2779 493/493/479
f 2785/2785/2647 1296/1296/1224 1298/1298/1226
f 2785/2785/2647 2235/2235/2119 1296/1296/1224
f 2785/2785/2647 1298/1298/1226 1958/1958/1864
f 2785/2785/2647 2789/2789/2651 2235/2235/2119
f 1962/1962/1868 1191/1191/1129 3070/3070/2907
f 1962/1962/1868 3070/3070/2907 1963/1963/1869
f 1962/1962/1868 1192/1192/1130 1191/1191/1129
f 1962/1962/1868 1970/1970/1876 1192/1192/1130
f 3071/3071/2908 3072/3072/2909 3073/3073/2910
f 3071/3071/2908 3073/3073/2910 3074/3074/2911
f 3075/3075/2912 3076/3076/2913 3077/3077/2914
s 0
f 3078/3078/2915 3079/3079/2915 3080/3080/2915
s 1
f 3081/3081/2916 951/951/902 3082/3082/2917
f 3083/3083/2918 3084/3084/2919 3085/3085/2920
f 3081/3081/2916 3086/3086/2921 951/951/902
f 3087/3087/2922 3088/3088/2923 2582/2582/2457
f 3083/3083/2918 3085/3085/2920 3089/3089/2924
f 223/223/218 226/226/221 3090/3090/2925
f 3091/3091/2926 3092/3092/2927 3093/3093/2928
f 3091/3091/2926 3094/3094/2929 3095/3095/2930
f 3091/3091/2926 3093/3093/2928 3094/3094/2929
f 3096/3096/2931 3097/3097/2932 3098/3098/2932
f 3099/3099/2933 1224/1224/1158 1228/1228/1162
f 3099/3099/2933 3100/3100/2934 3101/3101/2935
f 3102/3102/2936 3103/3103/2937 3104/3104/2937
f 3099/3099/2933 1228/1228/1162 987/987/931
f 3099/3099/2933 987/987/931 3105/3105/2938
f 3099/3099/2933 3101/3101/2935 1224/1224/1158
f 3106/3106/2939 3107/3107/2940 1572/1572/1485
f 3106/3106/2939 3108/3108/2941 3107/3107/2940
f 2373/2373/2251 3109/3109/2942 2374/2374/2252
f 3106/3106/2939 1572/1572/1485 1571/1571/1484
f 221/221/216 2517/2517/2392 225/225/220
f 2340/2340/2221 1970/1970/1876 3110/3110/2943
f 3111/3111/2944 3112/3112/2945 3113/3113/2946
f 3111/3111/2944 3114/3114/2947 3115/3115/2948
f 3111/3111/2944 3115/3115/2948 3112/3112/2945
f 3111/3111/2944 3116/3116/2949 3117/3117/2950
f 3111/3111/2944 3113/3113/2946 3116/3116/2949
f 3111/3111/2944 3117/3117/2950 3114/3114/2947
f 503/503/489 502/502/488 3118/3118/2951
f 499/499/485 1200/1200/1138 500/500/486
f 3119/3119/2952 3120/3120/2953 3121/3121/2954
f 1207/1207/1143 3122/3122/2955 1208/1208/1144
f 1213/1213/1149 1212/1212/1148 3123/3123/2956
f 3119/3119/2952 3124/3124/2957 3120/3120/2953
f 1207/1207/1143 3125/3125/2958 3122/3122/2955
f 3126/3126/2959 3127/3127/2960 1010/1010/954
f 3126/3126/2959 3128/3128/2961 3129/3129/2962
f 3126/3126/2959 1010/1010/954 3128/3128/2961
f 3130/3130/2963 1708/1708/1619 2364/2364/2245
f 3131/3131/2964 3132/3132/2965 3133/3133/2966
f 3130/3130/2963 3134/3134/2967 1708/1708/1619
f 3135/3135/2968 3136/3136/2969 3137/3137/2970
f 1495/1495/1413 1501/1501/1419 3138/3138/2971
f 1495/1495/1413 3138/3138/2971 3139/3139/2972
f 3135/3135/2968 3137/3137/2970 3140/3140/2973
f 1622/1622/1535 3141/3141/2974 3142/3142/2975
f 3143/3143/2976 3144/3144/2977 3145/3145/2978
f 1622/1622/1535 1621/1621/1534 3141/3141/2974
f 796/796/755 798/798/757 3040/3040/2878
f 796/796/755 3040/3040/2878 3041/3041/2879
f 796/796/755 3041/3041/2879 797/797/756
f 1636/1636/1547 2747/2747/2615 2469/2469/2344
f 1636/1636/1547 158/158/153 2747/2747/2615
f 3146/3146/2979 1025/1025/969 3147/3147/2980
f 3146/3146/2979 1155/1155/1097 3148/3148/2981
f 3146/3146/2979 3149/3149/2982 1025/1025/969
f 3146/3146/2979 3148/3148/2981 3149/3149/2982
f 3146/3146/2979 3147/3147/2980 1155/1155/1097
f 893/893/848 897/897/852 3150/3150/2983
f 893/893/848 3005/3005/2845 894/894/849
f 893/893/848 3150/3150/2983 3005/3005/2845
f 3151/3151/2984 190/190/185 3152/3152/2985
f 3151/3151/2984 2632/2632/2506 190/190/185
f 3153/3153/2986 3154/3154/2987 3155/3155/2988
f 3153/3153/2986 3156/3156/2989 3154/3154/2987
f 3151/3151/2984 3157/3157/2990 2632/2632/2506
f 3153/3153/2986 3158/3158/2991 3156/3156/2989
f 3159/3159/2992 3160/3160/2993 3161/3161/2994
f 3159/3159/2992 3021/3021/2859 2330/2330/2211
f 3159/3159/2992 2329/2329/2210 3162/3162/2995
f 3159/3159/2992 3161/3161/2994 3021/3021/2859
f 3159/3159/2992 3162/3162/2995 3160/3160/2993
f 3159/3159/2992 2330/2330/2211 2329/2329/2210
f 281/281/274 283/283/276 1685/1685/1596
f 281/281/274 1685/1685/1596 3163/3163/2996
f 281/281/274 1268/1268/1196 282/282/275
f 281/281/274 3163/3163/2996 1268/1268/1196
f 588/588/570 590/590/572 2556/2556/2431
f 588/588/570 3164/3164/2997 589/589/571
f 588/588/570 2556/2556/2431 3165/3165/2998
f 588/588/570 3165/3165/2998 3164/3164/2997
f 1455/1455/1381 1076/1076/1020 1456/1456/1382
f 1455/1455/1381 3166/3166/2999 1076/1076/1020
f 3167/3167/3000 3168/3168/3001 1351/1351/1279
f 3167/3167/3000 1351/1351/1279 3169/3169/3002
s 0
f 3170/3170/3003 3171/3171/3003 3172/3172/3003
s 1
f 3173/3173/3004 3115/3115/2948 3114/3114/2947
f 620/620/598 619/619/597 3174/3174/3005
f 614/614/592 2248/2248/2132 1478/1478/1398
f 2262/2262/2146 2261/2261/2145 3175/3175/3006
f 624/624/602 3176/3176/3007 3177/3177/3008
f 624/624/602 3177/3177/3008 625/625/603
f 2264/2264/2148 3178/3178/3009 3179/3179/3010
f 2264/2264/2148 3179/3179/3010 2655/2655/2529
f 3180/3180/3011 119/119/115 118/118/114
f 2264/2264/2148 2655/2655/2529 2265/2265/2149
f 3181/3181/3012 3182/3182/3013 3183/3183/3014
f 1921/1921/1827 1738/1738/1646 3184/3184/3015
f 3181/3181/3012 3183/3183/3014 3185/3185/3016
f 1921/1921/1827 3186/3186/3017 1922/1922/1828
f 3181/3181/3012 1329/1329/1257 3182/3182/3013
f 657/657/629 1981/1981/1883 3187/3187/3018
f 657/657/629 3187/3187/3018 658/658/630
f 3188/3188/3019 2190/2190/2075 667/667/639
f 3188/3188/3019 667/667/639 959/959/910
f 3188/3188/3019 959/959/910 3189/3189/3020
f 3188/3188/3019 3190/3190/3021 2190/2190/2075
f 1752/1752/1660 2387/2387/2265 1753/1753/1661
f 1752/1752/1660 1754/1754/1662 3191/3191/3022
f 1752/1752/1660 3191/3191/3022 2387/2387/2265
f 686/686/656 3192/3192/3023 687/687/657
f 686/686/656 691/691/661 2394/2394/2272
f 686/686/656 2394/2394/2272 2393/2393/2271
f 686/686/656 2393/2393/2271 3192/3192/3023
f 3193/3193/3024 1338/1338/1266 1687/1687/1598
f 3193/3193/3024 2545/2545/2420 1339/1339/1267
f 3193/3193/3024 1687/1687/1598 2546/2546/2421
f 3193/3193/3024 1339/1339/1267 1338/1338/1266
f 3193/3193/3024 2546/2546/2421 2545/2545/2420
f 3194/3194/3025 2790/2790/2652 1545/1545/1459
f 3195/3195/3026 1578/1578/1491 2787/2787/2649
f 3196/3196/3027 3197/3197/3028 3198/3198/3029
f 3195/3195/3026 3199/3199/3030 1578/1578/1491
f 3196/3196/3027 3198/3198/3029 3200/3200/3031
s 0
f 3201/3201/3032 3202/3202/3032 3203/3203/3032
s 1
f 3196/3196/3027 3200/3200/3031 3204/3204/3033
f 2304/2304/2188 2847/2847/2709 2305/2305/2189
f 139/139/135 138/138/134 3205/3205/3034
s 0
f 3206/3206/3035 3207/3207/3035 3208/3208/3035
s 1
f 3209/3209/3036 3210/3210/3037 3211/3211/3038
f 1338/1338/1266 1341/1341/1269 1687/1687/1598
f 1346/1346/1274 2466/2466/2341 1347/1347/1275
f 1346/1346/1274 1197/1197/1135 2466/2466/2341
f 3212/3212/3039 310/310/303 311/311/304
f 3212/3212/3039 2105/2105/1998 3213/3213/3040
f 3212/3212/3039 3214/3214/3041 3215/3215/3042
f 3212/3212/3039 311/311/304 2105/2105/1998
f 3212/3212/3039 3213/3213/3040 3214/3214/3041
f 3212/3212/3039 3215/3215/3042 310/310/303
f 1704/1704/1615 1705/1705/1616 3216/3216/3043
f 1704/1704/1615 3216/3216/3043 3068/3068/2905
f 2260/2260/2144 111/111/107 3217/3217/3044
f 2260/2260/2144 3217/3217/3044 2261/2261/2145
f 118/118/114 117/117/113 3218/3218/3045
s 0
f 3219/3219/3046 3220/3220/3046 3221/3221/3046
s 1
f 3182/3182/3013 3222/3222/3047 3223/3223/3048
f 3182/3182/3013 3223/3223/3048 3183/3183/3014
f 3182/3182/3013 3224/3224/3049 3222/3222/3047
f 3182/3182/3013 1329/1329/1257 3224/3224/3049
f 3225/3225/3050 3226/3226/3051 1746/1746/1654
f 3227/3227/3052 2043/2043/1941 3228/3228/3053
f 3229/3229/3054 3230/3230/3055 2041/2041/1939
f 3225/3225/3050 3231/3231/3056 3226/3226/3051
f 3229/3229/3054 2041/2041/1939 2040/2040/1938
f 3232/3232/3057 1743/1743/1651 3233/3233/3058
f 3234/3234/3059 3235/3235/3060 3236/3236/3061
f 3237/3237/3062 3238/3238/3063 3239/3239/3064
f 3234/3234/3059 3240/3240/3065 3241/3241/3066
f 3234/3234/3059 3241/3241/3066 3242/3242/3067
f 3234/3234/3059 3236/3236/3061 3240/3240/3065
f 3234/3234/3059 3243/3243/3068 3235/3235/3060
f 2823/2823/2685 1754/1754/1662 2749/2749/2617
f 2823/2823/2685 20/20/18 3191/3191/3022
f 2823/2823/2685 3191/3191/3022 1754/1754/1662
f 3244/3244/3069 3245/3245/3070 3246/3246/3071
f 3247/3247/3072 32/32/28 3248/3248/3073
f 3247/3247/3072 3249/3249/3074 3250/3250/3075
f 3247/3247/3072 3248/3248/3073 3249/3249/3074
f 3251/3251/3076 3252/3252/3077 3253/3253/3078
f 3247/3247/3072 3254/3254/3079 32/32/28
f 3247/3247/3072 3250/3250/3075 3255/3255/3080
f 923/923/878 1775/1775/1683 924/924/879
f 923/923/878 926/926/881 1773/1773/1681
f 1778/1778/1686 3256/3256/3081 1779/1779/1687
f 1778/1778/1686 1783/1783/1691 3257/3257/3082
f 1778/1778/1686 2027/2027/1927 3256/3256/3081
f 1778/1778/1686 3257/3257/3082 2027/2027/1927
f 1789/1789/1697 3258/3258/3083 2616/2616/2490
f 1789/1789/1697 3259/3259/3084 3258/3258/3083
f 1789/1789/1697 1797/1797/1705 3259/3259/3084
f 3260/3260/3085 209/209/204 3261/3261/3086
f 2412/2412/2290 727/727/696 724/724/693
f 3260/3260/3085 210/210/205 209/209/204
f 2412/2412/2290 430/430/417 727/727/696
f 3262/3262/3087 3263/3263/3088 3264/3264/3089
f 3262/3262/3087 3265/3265/3090 3263/3263/3088
f 3262/3262/3087 2167/2167/2052 3265/3265/3090
f 3262/3262/3087 2423/2423/2301 2168/2168/2053
f 3262/3262/3087 2168/2168/2053 2167/2167/2052
f 3262/3262/3087 3264/3264/3089 2423/2423/2301
s 0
f 3266/3266/3091 3267/3267/3091 3268/3268/3091
s 1
f 966/966/916 965/965/915 2317/2317/2201
f 1588/1588/1501 3269/3269/3092 3270/3270/3093
f 1588/1588/1501 3271/3271/3094 3269/3269/3092
f 1588/1588/1501 1590/1590/1503 3271/3271/3094
f 1588/1588/1501 3270/3270/3093 1049/1049/993
f 3272/3272/3095 3273/3273/3096 2956/2956/2804
f 2798/2798/2660 2712/2712/2584 3274/3274/3097
f 2798/2798/2660 3275/3275/3098 2799/2799/2661
f 2638/2638/2512 1725/1725/1633 337/337/326
f 2638/2638/2512 3276/3276/3099 1725/1725/1633
f 3133/3133/2966 3277/3277/3100 1006/1006/950
f 3133/3133/2966 3132/3132/2965 2563/2563/2438
f 3133/3133/2966 2563/2563/2438 3277/3277/3100
f 1612/1612/1525 1610/1610/1523 3278/3278/3101
f 1612/1612/1525 3278/3278/3101 3279/3279/3102
f 1611/1611/1524 3280/3280/3103 2641/2641/2515
f 3141/3141/2974 3281/3281/3104 3142/3142/2975
f 3282/3282/3105 3283/3283/3106 3284/3284/3107
f 3141/3141/2974 1621/1621/1534 3285/3285/3108
f 798/798/757 799/799/758 3286/3286/3109
f 798/798/757 3286/3286/3109 3040/3040/2878
f 1639/1639/1550 1906/1906/1812 1640/1640/1551
f 1649/1649/1560 1644/1644/1555 3287/3287/3110
f 1652/1652/1563 1651/1651/1562 3288/3288/3111
f 1061/1061/1005 3289/3289/3112 1064/1064/1008
f 2674/2674/2548 3290/3290/3113 3291/3291/3114
f 2674/2674/2548 3291/3291/3114 2675/2675/2549
f 2674/2674/2548 3292/3292/3115 3293/3293/3116
f 2674/2674/2548 3293/3293/3116 3290/3290/3113
f 3294/3294/3117 891/891/846 890/890/845
f 3294/3294/3117 890/890/845 3295/3295/3118
f 1676/1676/1587 1680/1680/1591 2409/2409/2287
f 1676/1676/1587 2686/2686/2560 1677/1677/1588
f 3296/3296/3119 3297/3297/3120 2256/2256/2140
f 1905/1905/1811 857/857/814 3038/3038/2876
f 3296/3296/3119 3298/3298/3121 3297/3297/3120
f 1902/1902/1808 2254/2254/2138 1903/1903/1809
f 3299/3299/3122 3300/3300/3123 3301/3301/3124
f 3299/3299/3122 3302/3302/3125 3303/3303/3126
f 3299/3299/3122 3304/3304/3127 3302/3302/3125
f 3299/3299/3122 3301/3301/3124 1422/1422/1348
f 3299/3299/3122 1422/1422/1348 3304/3304/3127
f 3299/3299/3122 3303/3303/3126 3300/3300/3123
f 2265/2265/2149 2661/2661/2535 2266/2266/2150
f 3049/3049/2886 3305/3305/3128 3050/3050/2887
f 3055/3055/2892 3306/3306/3129 3307/3307/3130
s 0
f 3308/3308/3131 3309/3309/3131 3310/3310/3131
s 1
f 3055/3055/2892 3054/3054/2891 3306/3306/3129
f 3311/3311/3132 2400/2400/2278 3312/3312/3133
f 3061/3061/2898 3313/3313/3134 3314/3314/3135
f 3061/3061/2898 3060/3060/2897 3313/3313/3134
f 3061/3061/2898 3314/3314/3135 3315/3315/3136
f 1549/1549/1463 3316/3316/3137 1550/1550/1464
f 1561/1561/1474 1560/1560/1473 3064/3064/2901
f 3317/3317/3138 2566/2566/2441 2567/2567/2442
f 3317/3317/3138 3318/3318/3139 2566/2566/2441
f 3317/3317/3138 3319/3319/3140 3318/3318/3139
s 0
f 3320/3320/3141 3321/3321/3141 3322/3322/3141
s 1
f 1293/1293/1221 3323/3323/3142 2926/2926/2774
f 1293/1293/1221 1289/1289/1217 3324/3324/3143
f 1965/1965/1871 2426/2426/2304 932/932/887
f 1965/1965/1871 932/932/887 931/931/886
f 1400/1400/1326 3325/3325/3144 1401/1401/1327
f 1400/1400/1326 2042/2042/1940 3325/3325/3144
f 1400/1400/1326 661/661/633 2042/2042/1940
f 1400/1400/1326 1399/1399/1325 661/661/633
f 3326/3326/3145 3327/3327/3146 3328/3328/3147
f 3326/3326/3145 3329/3329/3148 1405/1405/1331
f 3326/3326/3145 1404/1404/1330 3327/3327/3146
f 3326/3326/3145 3328/3328/3147 3330/3330/3149
f 3326/3326/3145 1405/1405/1331 1404/1404/1330
f 3326/3326/3145 3330/3330/3149 3329/3329/3148
f 3331/3331/3150 3332/3332/3151 2762/2762/2630
f 3331/3331/3150 2762/2762/2630 2764/2764/2632
f 3331/3331/3150 2764/2764/2632 3333/3333/3152
f 2444/2444/2320 3334/3334/3153 2445/2445/2321
f 2009/2009/1911 2580/2580/2455 2010/2010/1912
f 2009/2009/1911 2581/2581/2456 2580/2580/2455
f 2009/2009/1911 2012/2012/1914 3335/3335/3154
f 2009/2009/1911 3335/3335/3154 2581/2581/2456
f 3336/3336/3155 3337/3337/3155 3338/3338/3156
f 3339/3339/3157 506/506/492 505/505/491
f 3336/3336/3155 3340/3340/3158 3337/3337/3155
f 3339/3339/3157 505/505/491 3341/3341/3159
f 3052/3052/2889 2202/2202/2087 2197/2197/2082
f 1809/1809/1717 3342/3342/3160 2737/2737/2607
f 2603/2603/2478 1820/1820/1726 1825/1825/1731
f 526/526/510 1823/1823/1729 527/527/511
f 534/534/518 531/531/515 3343/3343/3161
f 1836/1836/1742 2983/2983/2823 1837/1837/1743
f 1836/1836/1742 218/218/213 217/217/212
f 3344/3344/3162 1051/1051/995 3345/3345/3163
f 3344/3344/3162 3346/3346/3164 3347/3347/3165
f 3344/3344/3162 3348/3348/3166 3346/3346/3164
f 3344/3344/3162 3345/3345/3163 3348/3348/3166
f 3344/3344/3162 3347/3347/3165 1052/1052/996
f 3344/3344/3162 1052/1052/996 1051/1051/995
f 3349/3349/3167 3350/3350/3168 3351/3351/3169
f 2858/2858/2720 2857/2857/2719 3352/3352/3170
f 3349/3349/3167 3353/3353/3171 3350/3350/3168
f 2856/2856/2718 3354/3354/3172 429/429/416
f 2861/2861/2723 2867/2867/2729 3355/3355/3173
f 2861/2861/2723 2942/2942/2790 2862/2862/2724
f 1861/1861/1767 1862/1862/1768 2849/2849/2711
f 1861/1861/1767 2850/2850/2712 1490/1490/1408
f 453/453/439 2695/2695/2569 3015/3015/2853
f 453/453/439 3020/3020/2858 454/454/440
f 453/453/439 455/455/441 2695/2695/2569
f 3356/3356/3174 2068/2068/1966 2060/2060/1958
f 1617/1617/1530 1616/1616/1529 3357/3357/3175
f 1625/1625/1538 1630/1630/1541 3358/3358/3176
f 1625/1625/1538 3358/3358/3176 1884/1884/1790
f 1889/1889/1795 1222/1222/1156 2884/2884/2746
f 1889/1889/1795 2886/2886/2748 1890/1890/1796
f 3359/3359/3177 3360/3360/3177 3361/3361/3177
f 2016/2016/1918 3362/3362/3178 1117/1117/1061
f 1233/1233/1167 251/251/246 250/250/245
f 1233/1233/1167 1235/1235/1169 3363/3363/3179
f 2958/2958/2806 2961/2961/2809 3364/3364/3180
f 3365/3365/3181 3366/3366/3182 3367/3367/3182
s 0
f 3368/3368/3183 3369/3369/3183 3370/3370/3183
s 1
f 3371/3371/3184 3372/3372/3185 3373/3373/3186
s 0
f 3374/3374/3187 3375/3375/3187 3376/3376/3187
s 1
f 3377/3377/3188 3378/3378/3189 3379/3379/3190
f 3380/3380/3191 1248/1248/1182 3381/3381/3192
s 0
f 3382/3382/3193 3383/3383/3193 3384/3384/3193
s 1
f 3377/3377/3188 3379/3379/3190 3385/3385/3194
s 0
f 3386/3386/3195 3387/3387/3195 3388/3388/3195
s 1
f 3380/3380/3191 3389/3389/3196 1248/1248/1182
f 3390/3390/3197 150/150/145 149/149/144
s 0
f 3391/3391/3198 3392/3392/3198 3393/3393/3198
s 1
f 1269/1269/1197 2164/2164/2049 698/698/668
f 1269/1269/1197 2165/2165/2050 2164/2164/2049
f 1269/1269/1197 3394/3394/3199 2165/2165/2050
f 1269/1269/1197 1271/1271/1199 3394/3394/3199
f 1275/1275/1203 1277/1277/1205 3066/3066/2903
f 1275/1275/1203 3395/3395/3200 1276/1276/1204
f 1275/1275/1203 3066/3066/2903 3064/3064/2901
f 1275/1275/1203 3064/3064/2901 1560/1560/1473
f 1275/1275/1203 1560/1560/1473 3395/3395/3200
f 713/713/683 2113/2113/2004 3396/3396/3201
f 713/713/683 3396/3396/3201 714/714/684
f 2225/2225/2110 3397/3397/3202 1768/1768/1676
f 2225/2225/2110 1768/1768/1676 2609/2609/2484
f 2225/2225/2110 2609/2609/2484 2226/2226/2111
f 2225/2225/2110 2233/2233/2117 3397/3397/3202
f 1296/1296/1224 407/407/394 406/406/393
f 1296/1296/1224 2235/2235/2119 407/407/394
f 2237/2237/2121 90/90/86 91/91/87
f 3398/3398/3203 3399/3399/3204 3400/3400/3205
s 0
f 3401/3401/3206 3402/3402/3206 3403/3403/3206
s 1
f 3398/3398/3203 89/89/85 3399/3399/3204
f 95/95/91 97/97/93 3404/3404/3207
f 95/95/91 1089/1089/1033 96/96/92
f 95/95/91 1090/1090/1034 1089/1089/1033
f 95/95/91 3405/3405/3208 1090/1090/1034
f 95/95/91 3404/3404/3207 3405/3405/3208
f 2160/2160/2045 3406/3406/3209 3407/3407/3210
f 2160/2160/2045 1831/1831/1737 3406/3406/3209
f 1320/1320/1248 2952/2952/2800 3408/3408/3211
f 3409/3409/3212 3410/3410/3213 3411/3411/3214
f 3409/3409/3212 3412/3412/3215 3410/3410/3213
f 3413/3413/3216 3414/3414/3217 3415/3415/3216
f 3416/3416/3218 3417/3417/3219 3418/3418/3220
f 3419/3419/3221 3420/3420/3222 3421/3421/3222
f 3413/3413/3216 3415/3415/3216 3422/3422/3223
s 0
f 3423/3423/3224 3424/3424/3224 3425/3425/3224
s 1
f 1332/1332/1260 1331/1331/1259 644/644/618
f 1328/1328/1256 3426/3426/3225 3224/3224/3049
f 1332/1332/1260 644/644/618 643/643/617
f 1328/1328/1256 3224/3224/3049 1329/1329/1257
f 3427/3427/3226 3428/3428/3227 3210/3210/3037
f 3427/3427/3226 3210/3210/3037 3429/3429/3228
f 3427/3427/3226 3429/3429/3228 3430/3430/3229
f 799/799/758 800/800/759 3246/3246/3071
f 799/799/758 3431/3431/3230 3432/3432/3231
f 799/799/758 3245/3245/3070 3431/3431/3230
f 799/799/758 3246/3246/3071 3245/3245/3070
f 799/799/758 3432/3432/3231 3286/3286/3109
f 3031/3031/2869 3030/3030/2868 3433/3433/3232
f 3434/3434/3233 3435/3435/3233 3436/3436/3233
f 3437/3437/3234 163/163/158 167/167/162
f 1022/1022/966 1155/1155/1097 1781/1781/1689
f 3438/3438/3235 1991/1991/1893 3439/3439/3236
s 0
f 3440/3440/3237 3441/3441/3237 3442/3442/3237
s 1
f 1175/1175/1113 1174/1174/1112 1037/1037/981
f 1175/1175/1113 2587/2587/2462 3443/3443/3238
f 1175/1175/1113 1037/1037/981 2588/2588/2463
f 1175/1175/1113 2588/2588/2463 2587/2587/2462
f 3269/3269/3092 3444/3444/3239 3445/3445/3240
f 3269/3269/3092 3271/3271/3094 2699/2699/2573
f 3269/3269/3092 2699/2699/2573 3444/3444/3239
f 3269/3269/3092 3445/3445/3240 3270/3270/3093
f 3446/3446/3241 3447/3447/3242 3448/3448/3243
f 536/536/520 1181/1181/1119 3449/3449/3244
f 1183/1183/1121 3450/3450/3245 1184/1184/1122
f 1183/1183/1121 1186/1186/1124 2005/2005/1907
f 1183/1183/1121 2005/2005/1907 2001/2001/1903
f 1183/1183/1121 2001/2001/1903 3450/3450/3245
f 3451/3451/3246 3452/3452/3247 3453/3453/3248
f 1188/1188/1126 2217/2217/2102 1189/1189/1127
f 3451/3451/3246 2341/2341/2222 3452/3452/3247
f 3454/3454/3249 3455/3455/3250 748/748/715
f 3454/3454/3249 3456/3456/3251 3455/3455/3250
f 3454/3454/3249 748/748/715 746/746/713
f 3454/3454/3249 746/746/713 3457/3457/3252
f 3454/3454/3249 3457/3457/3252 3456/3456/3251
f 2732/2732/2602 2348/2348/2229 3458/3458/3253
f 2732/2732/2602 2349/2349/2230 2348/2348/2229
f 2732/2732/2602 3458/3458/3253 2733/2733/2603
f 2093/2093/1987 2095/2095/1989 3459/3459/3254
f 2093/2093/1987 3459/3459/3254 2362/2362/2243
f 2093/2093/1987 2361/2361/2242 2094/2094/1988
f 2093/2093/1987 2362/2362/2243 2361/2361/2242
f 1224/1224/1158 3101/3101/2935 1225/1225/1159
f 2542/2542/2417 2778/2778/2642 3460/3460/3255
f 2542/2542/2417 3460/3460/3255 2015/2015/1917
f 1302/1302/1230 1301/1301/1229 1776/1776/1684
f 1302/1302/1230 1776/1776/1684 3461/3461/3256
f 1969/1969/1875 1963/1963/1869 3462/3462/3257
f 3463/3463/3258 1095/1095/1039 1094/1094/1038
f 3463/3463/3258 3464/3464/3259 1095/1095/1039
f 3465/3465/3260 3466/3466/3261 3467/3467/3262
f 3465/3465/3260 3468/3468/3263 3082/3082/2917
f 3465/3465/3260 950/950/901 3466/3466/3261
f 3465/3465/3260 3467/3467/3262 3469/3469/3264
f 3465/3465/3260 3082/3082/2917 950/950/901
f 3470/3470/3265 3471/3471/3266 369/369/356
f 226/226/221 227/227/222 1718/1718/1629
f 758/758/725 1491/1491/1409 3472/3472/3267
f 758/758/725 3472/3472/3267 3473/3473/3268
f 2371/2371/2249 3474/3474/3269 992/992/936
f 2371/2371/2249 992/992/936 988/988/932
f 2371/2371/2249 2372/2372/2250 3474/3474/3269
f 2063/2063/1961 2062/2062/1960 3475/3475/3270
f 2063/2063/1961 3475/3475/3270 3476/3476/3271
f 2059/2059/1957 3477/3477/3272 2525/2525/2400
f 2059/2059/1957 2525/2525/2400 2060/2060/1958
f 2284/2284/2168 378/378/365 2285/2285/2169
f 2284/2284/2168 1321/1321/1249 378/378/365
f 2284/2284/2168 1512/1512/1428 1321/1321/1249
f 2291/2291/2175 2282/2282/2166 3478/3478/3273
f 1514/1514/1430 3479/3479/3274 3480/3480/3275
f 1514/1514/1430 3480/3480/3275 1515/1515/1431
f 3481/3481/3276 1919/1919/1825 1918/1918/1824
f 3481/3481/3276 1918/1918/1824 3482/3482/3277
f 1526/1526/1440 3483/3483/3278 1527/1527/1441
f 1531/1531/1445 1529/1529/1443 3484/3484/3279
f 3485/3485/3280 71/71/67 694/694/664
f 3485/3485/3280 3486/3486/3281 71/71/67
f 3487/3487/3282 3488/3488/3283 3489/3489/3284
f 3485/3485/3280 39/39/35 3490/3490/3285
f 3487/3487/3282 41/41/37 3488/3488/3283
f 3485/3485/3280 3491/3491/3286 3486/3486/3281
f 3485/3485/3280 694/694/664 39/39/35
f 2864/2864/2726 3313/3313/3134 3492/3492/3287
f 2864/2864/2726 3492/3492/3287 2865/2865/2727
f 2864/2864/2726 2869/2869/2731 3493/3493/3288
f 2864/2864/2726 3493/3493/3288 3313/3313/3134
f 3494/3494/3289 3495/3495/3290 275/275/268
f 3494/3494/3289 3496/3496/3291 3495/3495/3290
f 3350/3350/3168 3002/3002/2842 3351/3351/3169
f 3350/3350/3168 2754/2754/2622 3002/3002/2842
f 3350/3350/3168 3353/3353/3171 2754/2754/2622
f 1694/1694/1605 301/301/294 436/436/423
f 1350/1350/1278 3169/3169/3002 1351/1351/1279
f 1355/1355/1283 1079/1079/1023 3497/3497/3292
f 1355/1355/1283 1354/1354/1282 3498/3498/3293
f 1355/1355/1283 3498/3498/3293 1079/1079/1023
f 3499/3499/3294 3500/3500/3295 1590/1590/1503
f 3501/3501/3296 1592/1592/1505 3502/3502/3297
f 3503/3503/3298 3504/3504/3299 2997/2997/2837
f 3503/3503/3298 3505/3505/3300 3504/3504/3299
f 3503/3503/3298 2997/2997/2837 3506/3506/3301
f 3499/3499/3294 1590/1590/1503 1589/1589/1502
f 1998/1998/1900 2953/2953/2801 3507/3507/3302
f 1375/1375/1301 1108/1108/1052 3508/3508/3303
f 1375/1375/1301 1377/1377/1303 1108/1108/1052
f 1375/1375/1301 3509/3509/3304 1376/1376/1302
f 3510/3510/3305 3459/3459/3254 3511/3511/3306
f 3512/3512/3307 3513/3513/3308 1384/1384/1310
f 3512/3512/3307 1384/1384/1310 1385/1385/1311
f 3514/3514/3309 3515/3515/3310 2266/2266/2150
f 3516/3516/3311 1380/1380/1306 2836/2836/2698
f 3512/3512/3307 3517/3517/3312 2660/2660/2534
f 3512/3512/3307 2660/2660/2534 3513/3513/3308
f 3516/3516/3311 2836/2836/2698 3518/3518/3313
s 0
f 3519/3519/3314 3520/3520/3314 3521/3521/3314
s 1
f 1736/1736/1644 3522/3522/3315 1738/1738/1646
f 2636/2636/2510 3523/3523/3316 2637/2637/2511
f 3524/3524/3317 502/502/488 2141/2141/2028
f 3524/3524/3317 3525/3525/3318 502/502/488
f 2636/2636/2510 3526/3526/3319 3523/3523/3316
f 2146/2146/2031 2148/2148/2033 3527/3527/3320
f 2146/2146/2031 3527/3527/3320 3528/3528/3321
f 3483/3483/3278 3529/3529/3322 1527/1527/1441
f 1410/1410/1336 3530/3530/3323 3531/3531/3324
f 1410/1410/1336 3531/3531/3324 1411/1411/1337
f 1410/1410/1336 1414/1414/1340 3530/3530/3323
f 1418/1418/1344 2399/2399/2277 2153/2153/2038
f 3532/3532/3325 1425/1425/1351 2756/2756/2624
f 3533/3533/3326 2758/2758/2626 3353/3353/3171
f 2667/2667/2541 3352/3352/3170 2668/2668/2542
f 3532/3532/3325 3534/3534/3327 1425/1425/1351
f 2868/2868/2730 2865/2865/2727 3535/3535/3328
f 2866/2866/2728 3536/3536/3329 3537/3537/3330
f 2866/2866/2728 3537/3537/3330 3538/3538/3331
f 2866/2866/2728 3538/3538/3331 2867/2867/2729
f 3539/3539/3332 3540/3540/3333 3155/3155/2988
f 3539/3539/3332 3154/3154/2987 3541/3541/3334
f 3539/3539/3332 3155/3155/2988 3154/3154/2987
s 0
f 3542/3542/1363 3543/3543/1363 3544/3544/1363
s 1
f 3545/3545/3335 3546/3546/3336 1796/1796/1704
f 2619/2619/2493 295/295/288 294/294/287
f 2619/2619/2493 2693/2693/2567 295/295/288
f 2623/2623/2497 2622/2622/2496 2115/2115/2006
f 2623/2623/2497 2115/2115/2006 2691/2691/2565
f 1465/1465/1391 3547/3547/3337 1466/1466/1392
f 3355/3355/3173 2867/2867/2729 3548/3548/3338
f 1436/1436/1362 1435/1435/1361 2497/2497/2372
f 3549/3549/3339 2499/2499/2374 2633/2633/2507
f 3549/3549/3339 2633/2633/2507 2634/2634/2508
f 3549/3549/3339 3550/3550/3340 2499/2499/2374
s 0
f 3551/3551/3341 3552/3552/3341 3553/3553/3341
s 1
f 3554/3554/3342 1845/1845/1751 3555/3555/3343
f 3305/3305/3128 1441/1441/1367 1440/1440/1366
f 3305/3305/3128 1440/1440/1366 3050/3050/2887
f 2348/2348/2229 2351/2351/2232 3458/3458/3253
f 3556/3556/3344 3557/3557/3345 3558/3558/3346
f 3556/3556/3344 3558/3558/3346 3559/3559/3347
f 752/752/719 3511/3511/3306 753/753/720
f 752/752/719 3560/3560/3348 3511/3511/3306
f 3128/3128/2961 1010/1010/954 764/764/731
f 3561/3561/3349 3095/3095/2930 3134/3134/2967
f 3128/3128/2961 764/764/731 761/761/728
f 3128/3128/2961 761/761/728 3562/3562/3350
f 3474/3474/3269 3563/3563/3351 992/992/936
f 3474/3474/3269 3564/3564/3352 3563/3563/3351
f 3474/3474/3269 2372/2372/2250 3564/3564/3352
f 2709/2709/2581 2708/2708/2580 793/793/752
s 0
f 3565/3565/3353 3566/3566/3353 3567/3567/3353
s 1
f 1143/1143/1087 1147/1147/1091 3568/3568/3354
f 805/805/764 808/808/767 2723/2723/2593
s 0
f 3569/3569/3355 3570/3570/3355 3571/3571/3355
f 3572/3572/3356 3573/3573/3356 3574/3574/3356
s 1
f 3575/3575/3357 3576/3576/3357 3577/3577/3357
s 0
f 3578/3578/3358 3579/3579/3358 3580/3580/3358
s 1
f 2928/2928/2776 177/177/172 176/176/171
f 2928/2928/2776 176/176/171 2929/2929/2777
f 2928/2928/2776 3581/3581/3359 177/177/172
f 2928/2928/2776 2933/2933/2781 3581/3581/3359
s 0
f 3582/3582/3360 3583/3583/3360 3584/3584/3360
s 1
f 3585/3585/3361 1406/1406/1332 2882/2882/2744
f 3585/3585/3361 2882/2882/2744 3586/3586/3362
f 3587/3587/3363 3588/3588/3364 2992/2992/2832
f 3587/3587/3363 2992/2992/2832 1176/1176/1114
f 3589/3589/3365 3590/3590/3366 3591/3591/3367
f 3592/3592/3368 849/849/806 3593/3593/3369
f 3160/3160/2993 3162/3162/2995 3594/3594/3370
f 3592/3592/3368 3595/3595/3371 849/849/806
f 3596/3596/3372 916/916/871 494/494/480
f 3596/3596/3372 2930/2930/2778 3597/3597/3373
f 3596/3596/3372 2931/2931/2779 2930/2930/2778
f 3596/3596/3372 3597/3597/3373 916/916/871
f 3596/3596/3372 494/494/480 2931/2931/2779
f 3598/3598/3374 3599/3599/3375 3600/3600/3376
f 3598/3598/3374 3600/3600/3376 3601/3601/3377
f 2551/2551/2426 3602/3602/3378 2552/2552/2427
f 3598/3598/3374 3601/3601/3377 3603/3603/3379
f 607/607/587 601/601/581 1307/1307/1235
f 2560/2560/2435 524/524/508 522/522/506
f 2560/2560/2435 522/522/506 2561/2561/2436
f 612/612/590 3604/3604/3380 3605/3605/3381
f 612/612/590 611/611/589 3606/3606/3382
f 612/612/590 3605/3605/3381 419/419/406
f 612/612/590 3606/3606/3382 3604/3604/3380
f 276/276/269 275/275/268 3495/3495/3290
f 617/617/595 3607/3607/3383 618/618/596
f 2261/2261/2145 2570/2570/2445 3175/3175/3006
f 2261/2261/2145 3217/3217/3044 2570/2570/2445
f 3608/3608/3384 1912/1912/1818 3609/3609/3385
f 3608/3608/3384 3610/3610/3386 3611/3611/3387
f 2267/2267/2151 2266/2266/2150 3515/3515/3310
f 3608/3608/3384 3611/3611/3387 1912/1912/1818
f 3612/3612/3388 3222/3222/3047 3613/3613/3389
f 3612/3612/3388 3223/3223/3048 3222/3222/3047
f 1388/1388/1314 3614/3614/3390 1389/1389/1315
f 253/253/248 248/248/243 1234/1234/1168
f 801/801/760 3615/3615/3391 3616/3616/3392
f 801/801/760 797/797/756 3615/3615/3391
f 3617/3617/3393 3618/3618/3394 440/440/427
f 3290/3290/3113 3293/3293/3116 3619/3619/3395
f 1760/1760/1668 3620/3620/3396 3621/3621/3397
f 1760/1760/1668 1256/1256/1190 3622/3622/3398
f 1760/1760/1668 3622/3622/3398 3620/3620/3396
f 2605/2605/2480 2232/2232/2116 2606/2606/2481
f 2425/2425/2303 3623/3623/3399 3624/3624/3400
f 2418/2418/2296 704/704/674 703/703/673
f 2418/2418/2296 3625/3625/3401 704/704/674
f 2425/2425/2303 2422/2422/2300 3623/3623/3399
f 3626/3626/3402 1933/1933/1839 1279/1279/1207
f 3626/3626/3402 175/175/170 1933/1933/1839
f 3627/3627/3403 1425/1425/1351 3534/3534/3327
f 3627/3627/3403 1426/1426/1352 1425/1425/1351
f 3626/3626/3402 1279/1279/1207 3628/3628/3404
f 3627/3627/3403 3534/3534/3327 169/169/164
f 138/138/134 3629/3629/3405 3205/3205/3034
f 138/138/134 572/572/554 3629/3629/3405
f 138/138/134 142/142/138 572/572/554
f 2140/2140/2027 2881/2881/2743 3630/3630/3406
f 2140/2140/2027 3630/3630/3406 2141/2141/2028
f 1006/1006/950 3277/3277/3100 1007/1007/951
f 3631/3631/3407 2641/2641/2515 3280/3280/3103
f 3631/3631/3407 1764/1764/1672 2641/2641/2515
f 1015/1015/959 3279/3279/3102 1818/1818/1724
f 1015/1015/959 1818/1818/1724 1016/1016/960
f 3631/3631/3407 3632/3632/3408 1764/1764/1672
f 3633/3633/3409 3581/3581/3359 2933/2933/2781
f 3634/3634/3410 214/214/209 3635/3635/3411
f 3634/3634/3410 3635/3635/3411 2986/2986/2826
f 3634/3634/3410 2986/2986/2826 2985/2985/2825
f 3263/3263/3088 2982/2982/2822 3264/3264/3089
f 2626/2626/2500 2632/2632/2506 3157/3157/2990
f 2626/2626/2500 3157/3157/2990 2627/2627/2501
f 3636/3636/3412 1055/1055/999 2997/2997/2837
f 3637/3637/3413 1340/1340/1268 1343/1343/1271
f 3638/3638/3414 3639/3639/3415 3640/3640/3416
f 3638/3638/3414 2843/2843/2705 2507/2507/2382
f 3638/3638/3414 3640/3640/3416 2843/2843/2705
f 3637/3637/3413 1343/1343/1271 3641/3641/3417
f 3637/3637/3413 2506/2506/2381 1340/1340/1268
f 3291/3291/3114 3642/3642/3418 2675/2675/2549
f 440/440/427 3618/3618/3394 441/441/428
f 3643/3643/3419 1863/1863/1769 1864/1864/1770
f 929/929/884 933/933/888 2240/2240/2124
s 0
f 3644/3644/3420 3645/3645/3420 3646/3646/3420
f 3647/3647/3421 3648/3648/3421 3649/3649/3421
s 1
f 2246/2246/2130 3307/3307/3130 3306/3306/3129
f 2246/2246/2130 1473/1473/1395 3307/3307/3130
s 0
f 3650/3650/3422 3651/3651/3422 3652/3652/3422
s 1
f 3653/3653/3423 1596/1596/1509 1104/1104/1048
s 0
f 3654/3654/3424 3655/3655/3424 3656/3656/3424
f 3657/3657/3425 3658/3658/3425 3659/3659/3425
s 1
f 3653/3653/3423 1104/1104/1048 1103/1103/1047
f 1106/1106/1050 474/474/460 3660/3660/3426
f 1106/1106/1050 3660/3660/3426 3661/3661/3427
f 1106/1106/1050 3661/3661/3427 1107/1107/1051
f 1106/1106/1050 1109/1109/1053 474/474/460
f 2538/2538/2413 3433/3433/3232 3030/3030/2868
f 2538/2538/2413 3030/3030/2868 2539/2539/2414
f 2538/2538/2413 3662/3662/3428 3433/3433/3232
f 2538/2538/2413 2541/2541/2416 3662/3662/3428
f 3663/3663/3429 3664/3664/3430 3665/3665/3431
f 3663/3663/3429 3666/3666/3432 3664/3664/3430
f 3667/3667/3433 3668/3668/3434 3669/3669/3435
f 207/207/202 3670/3670/3436 2065/2065/1963
f 207/207/202 2065/2065/1963 1505/1505/1421
f 207/207/202 206/206/201 3670/3670/3436
f 3671/3671/3437 3672/3672/3438 531/531/515
f 3671/3671/3437 3673/3673/3439 3674/3674/3440
f 3671/3671/3437 3675/3675/3441 3673/3673/3439
f 3671/3671/3437 531/531/515 3675/3675/3441
f 3676/3676/3442 120/120/116 2271/2271/2155
f 1517/1517/1433 3677/3677/3443 1518/1518/1434
f 1517/1517/1433 3678/3678/3444 3677/3677/3443
f 3679/3679/3445 3680/3680/3446 3681/3681/3447
f 3682/3682/3448 1139/1139/1083 1138/1138/1082
f 3682/3682/3448 1138/1138/1082 2053/2053/1951
f 3679/3679/3445 3681/3681/3447 3683/3683/3449
f 3682/3682/3448 3684/3684/3450 1139/1139/1083
f 3682/3682/3448 3685/3685/3451 3684/3684/3450
f 3686/3686/1363 3687/3687/3452 3688/3688/3453
f 557/557/539 3689/3689/3454 1153/1153/1095
f 2308/2308/2192 3690/3690/3455 2309/2309/2193
f 3691/3691/3456 3692/3692/3457 3693/3693/3458
f 3694/3694/3459 906/906/861 904/904/859
f 3694/3694/3459 3695/3695/3460 3696/3696/3461
f 3691/3691/3456 3693/3693/3458 2945/2945/2793
f 3694/3694/3459 3696/3696/3461 906/906/861
f 3694/3694/3459 3697/3697/3462 3695/3695/3460
f 3698/3698/3463 3699/3699/3464 3700/3700/3465
f 3701/3701/3466 3702/3702/3467 911/911/866
f 3701/3701/3466 911/911/866 3703/3703/3468
f 3701/3701/3466 3704/3704/3469 3705/3705/3470
f 3701/3701/3466 3703/3703/3468 3704/3704/3469
f 3698/3698/3463 3706/3706/3471 3699/3699/3464
f 3284/3284/3107 3283/3283/3106 3707/3707/3472
f 3284/3284/3107 3707/3707/3472 3708/3708/3473
f 3709/3709/3474 3710/3710/3475 3144/3144/2977
f 3284/3284/3107 3708/3708/3473 3711/3711/3476
f 925/925/880 3712/3712/3477 926/926/881
f 925/925/880 3713/3713/3478 3714/3714/3479
f 925/925/880 927/927/882 3713/3713/3478
f 925/925/880 3714/3714/3479 3712/3712/3477
f 1076/1076/1020 3166/3166/2999 1077/1077/1021
f 1076/1076/1020 1075/1075/1019 1456/1456/1382
f 3715/3715/3480 3716/3716/3481 3717/3717/3482
f 3715/3715/3480 3717/3717/3482 3718/3718/3483
f 3719/3719/3484 3720/3720/3485 3721/3721/3486
f 3715/3715/3480 3722/3722/3487 3716/3716/3481
f 3719/3719/3484 3723/3723/3488 3720/3720/3485
f 3724/3724/3489 3725/3725/3490 3726/3726/3491
f 3727/3727/3492 3728/3728/3493 3729/3729/3492
f 3727/3727/3492 3729/3729/3492 3730/3730/3494
f 3724/3724/3489 3731/3731/3495 3732/3732/3496
f 3733/3733/3497 2583/2583/2458 954/954/905
f 3724/3724/3489 3726/3726/3491 3731/3731/3495
f 3734/3734/3498 3735/3735/3499 3736/3736/3498
f 3734/3734/3498 3736/3736/3498 3737/3737/3500
f 3738/3738/3501 3239/3239/3064 3739/3739/3502
f 3740/3740/3503 969/969/919 2445/2445/2321
f 3740/3740/3503 2445/2445/2321 3741/3741/3504
f 3742/3742/3505 3093/3093/2928 3092/3092/2927
f 3743/3743/3506 3744/3744/3507 3745/3745/3508
f 3104/3104/2937 3103/3103/2937 3746/3746/3509
f 3747/3747/3510 2450/2450/2326 362/362/349
f 3743/3743/3506 366/366/353 3744/3744/3507
f 3211/3211/3038 3428/3428/3227 3748/3748/3511
f 3211/3211/3038 3748/3748/3511 3749/3749/3512
f 3211/3211/3038 3210/3210/3037 3428/3428/3227
f 161/161/156 160/160/155 481/481/467
f 3750/3750/3513 3751/3751/3513 3752/3752/3513
f 3753/3753/3514 3754/3754/3515 3755/3755/3516
s 0
f 3756/3756/3517 3757/3757/3517 3758/3758/3517
f 3759/3759/3518 3760/3760/3518 3761/3761/3518
s 1
f 2305/2305/2189 3288/3288/3111 1651/1651/1562
f 3762/3762/3519 3640/3640/3416 3639/3639/3415
f 189/189/184 34/34/30 3152/3152/2985
f 189/189/184 35/35/31 34/34/30
f 189/189/184 2852/2852/2714 35/35/31
f 189/189/184 3152/3152/2985 190/190/185
f 189/189/184 194/194/189 2852/2852/2714
f 1678/1678/1589 3763/3763/3520 1679/1679/1590
f 2331/2331/2212 197/197/192 2129/2129/2018
f 719/719/688 721/721/690 3003/3003/2843
f 719/719/688 3003/3003/2843 2333/2333/2214
f 214/214/209 216/216/211 2338/2338/2219
f 214/214/209 2338/2338/2219 3635/3635/3411
f 3764/3764/3521 2317/2317/2201 965/965/915
f 3765/3765/3522 3766/3766/3523 3767/3767/3524
f 3765/3765/3522 3768/3768/3525 3766/3766/3523
f 3769/3769/3526 3739/3739/3502 3239/3239/3064
f 3769/3769/3526 3239/3239/3064 3770/3770/3527
f 3764/3764/3521 3771/3771/3528 2317/2317/2201
f 1870/1870/1776 3772/3772/3529 1871/1871/1777
f 1870/1870/1776 2520/2520/2395 3772/3772/3529
f 3773/3773/3530 2879/2879/2741 2878/2878/2740
f 2531/2531/2406 3774/3774/3531 2532/2532/2407
f 2529/2529/2404 2722/2722/2592 3775/3775/3532
f 2531/2531/2406 3776/3776/3533 3774/3774/3531
f 3777/3777/3534 3778/3778/3535 3779/3779/3536
f 3139/3139/2972 3138/3138/2971 3780/3780/3537
f 3136/3136/2969 3781/3781/3538 3137/3137/2970
f 3777/3777/3534 3782/3782/3539 3778/3778/3535
f 3226/3226/3051 325/325/316 1746/1746/1654
f 3226/3226/3051 3783/3783/3540 326/326/317
f 3226/3226/3051 3231/3231/3056 3783/3783/3540
f 3226/3226/3051 326/326/317 325/325/316
s 0
f 3784/3784/3541 3785/3785/3541 3786/3786/3541
s 1
f 3787/3787/3542 3788/3788/3543 3789/3789/3544
f 3787/3787/3542 3789/3789/3544 3790/3790/3545
f 3791/3791/3546 3792/3792/3547 3793/3793/3548
f 3794/3794/3549 3795/3795/3550 3796/3796/3551
f 3794/3794/3549 3797/3797/3552 3795/3795/3550
f 3794/3794/3549 3798/3798/3553 3799/3799/3554
f 3794/3794/3549 3799/3799/3554 3800/3800/3555
f 3794/3794/3549 3800/3800/3555 3797/3797/3552
f 2899/2899/2759 3801/3801/3556 3287/3287/3110
f 2899/2899/2759 164/164/159 3801/3801/3556
f 2899/2899/2759 165/165/160 164/164/159
f 2899/2899/2759 1644/1644/1555 1643/1643/1554
f 2899/2899/2759 3287/3287/3110 1644/1644/1555
f 843/843/800 3802/3802/3557 844/844/801
f 843/843/800 3312/3312/3133 2398/2398/2276
f 843/843/800 2398/2398/2276 3802/3802/3557
f 2209/2209/2094 50/50/46 924/924/879
f 2209/2209/2094 1775/1775/1683 2210/2210/2095
f 2209/2209/2094 924/924/879 1775/1775/1683
f 58/58/54 3803/3803/3558 3804/3804/3559
f 58/58/54 60/60/56 2407/2407/2285
f 58/58/54 3805/3805/3560 3803/3803/3558
f 58/58/54 3804/3804/3559 3806/3806/3561
f 58/58/54 3806/3806/3561 59/59/55
f 58/58/54 2407/2407/2285 3805/3805/3560
f 2272/2272/2156 3807/3807/3562 2219/2219/2104
f 1739/1739/1647 1737/1737/1645 3808/3808/3563
f 1739/1739/1647 3808/3808/3563 3809/3809/3564
f 70/70/66 73/73/69 3248/3248/3073
f 70/70/66 3248/3248/3073 695/695/665
f 70/70/66 694/694/664 71/71/67
f 70/70/66 695/695/665 694/694/664
f 75/75/71 3810/3810/3565 76/76/72
f 75/75/71 3811/3811/3566 3812/3812/3567
f 75/75/71 3812/3812/3567 3810/3810/3565
f 3813/3813/3568 3814/3814/3569 2552/2552/2427
f 2708/2708/2580 3815/3815/3570 793/793/752
f 2708/2708/2580 2710/2710/2582 3816/3816/3571
f 2708/2708/2580 3816/3816/3571 3815/3815/3570
f 670/670/642 669/669/641 3817/3817/3572
f 666/666/638 959/959/910 667/667/639
f 2574/2574/2449 2337/2337/2218 2492/2492/2367
s 0
f 3818/3818/3573 3819/3819/3573 3820/3820/3573
s 1
f 3821/3821/3574 3822/3822/3575 3479/3479/3274
f 2574/2574/2449 555/555/537 2337/2337/2218
f 2688/2688/2562 3823/3823/3576 2689/2689/2563
s 0
f 3824/3824/3577 3825/3825/3577 3826/3826/3577
s 1
f 3238/3238/3063 3827/3827/3578 3828/3828/3579
f 3238/3238/3063 3828/3828/3579 3239/3239/3064
f 3238/3238/3063 3829/3829/3580 3827/3827/3578
f 452/452/438 2178/2178/2063 2702/2702/2576
f 452/452/438 2702/2702/2576 455/455/441
f 3830/3830/3581 3831/3831/3582 3832/3832/3583
f 462/462/448 3833/3833/3584 463/463/449
f 3830/3830/3581 3832/3832/3583 1623/1623/1536
s 0
f 3834/3834/3585 3835/3835/3585 3836/3836/3585
s 1
f 2134/2134/2023 2133/2133/2022 1632/1632/1543
f 2131/2131/2020 2571/2571/2446 2132/2132/2021
f 3837/3837/3586 1626/1626/1539 1883/1883/1789
f 3838/3838/3587 3839/3839/3588 3840/3840/3589
f 3838/3838/3587 3841/3841/3590 3842/3842/3591
f 3838/3838/3587 3843/3843/3592 3844/3844/3593
f 3845/3845/3594 2802/2802/2664 2801/2801/2663
f 3838/3838/3587 3840/3840/3589 3841/3841/3590
f 3838/3838/3587 3842/3842/3591 3843/3843/3592
f 3846/3846/3595 3847/3847/3596 3848/3848/3597
f 3846/3846/3595 3848/3848/3597 3849/3849/3598
f 2350/2350/2231 3850/3850/3599 2351/2351/2232
f 3851/3851/3600 3852/3852/3601 996/996/940
f 3851/3851/3600 996/996/940 997/997/941
f 3851/3851/3600 997/997/941 3853/3853/3602
f 2148/2148/2033 262/262/255 3527/3527/3320
f 2148/2148/2033 510/510/496 263/263/256
f 2148/2148/2033 263/263/256 262/262/255
f 1411/1411/1337 3854/3854/3603 1412/1412/1338
f 1411/1411/1337 3855/3855/3604 3854/3854/3603
f 1411/1411/1337 3531/3531/3324 3855/3855/3604
f 3856/3856/3605 2382/2382/2260 2381/2381/2259
f 3856/3856/3605 3857/3857/3606 2382/2382/2260
f 3856/3856/3605 3858/3858/3607 3857/3857/3606
f 3859/3859/3608 2482/2482/2357 542/542/526
f 3859/3859/3608 3607/3607/3383 3860/3860/3609
f 3859/3859/3608 3860/3860/3609 2482/2482/2357
f 3859/3859/3608 3861/3861/3610 618/618/596
f 3859/3859/3608 542/542/526 3861/3861/3610
f 3859/3859/3608 618/618/596 3607/3607/3383
f 2337/2337/2218 1835/1835/1741 2492/2492/2367
f 2337/2337/2218 1838/1838/1744 1835/1835/1741
f 3862/3862/1363 1840/1840/1746 563/563/545
f 560/560/542 3863/3863/3611 2027/2027/1927
f 560/560/542 566/566/548 3863/3863/3611
f 1943/1943/1849 3864/3864/3612 2854/2854/2716
s 0
f 3865/3865/3613 3866/3866/3613 3867/3867/3613
s 1
f 1943/1943/1849 2854/2854/2716 1944/1944/1850
f 291/291/284 297/297/290 3868/3868/3614
f 2234/2234/2118 2235/2235/2119 2789/2789/2651
f 3869/3869/3615 2788/2788/2650 1857/1857/1763
f 310/310/303 3215/3215/3042 2792/2792/2654
f 1281/1281/1209 3870/3870/3616 1282/1282/1210
s 0
f 3871/3871/3617 3872/3872/3617 3873/3873/3617
s 1
f 3874/3874/3618 3875/3875/3619 2428/2428/2306
f 1286/1286/1214 1285/1285/1213 1369/1369/1295
f 3325/3325/3144 3230/3230/3055 3187/3187/3018
f 3325/3325/3144 2042/2042/1940 2041/2041/1939
f 3325/3325/3144 2041/2041/1939 3230/3230/3055
f 3325/3325/3144 3187/3187/3018 1401/1401/1327
f 1990/1990/1892 2050/2050/1948 1991/1991/1893
f 2052/2052/1950 2386/2386/2264 2388/2388/2266
f 2052/2052/1950 2388/2388/2266 14/14/12
f 350/350/337 3876/3876/3620 3877/3877/3621
f 350/350/337 354/354/341 3876/3876/3620
f 2056/2056/1954 2957/2957/2805 3878/3878/3622
f 2056/2056/1954 2055/2055/1953 2957/2957/2805
f 3879/3879/3623 3880/3880/3624 1318/1318/1246
f 3879/3879/3623 1318/1318/1246 1317/1317/1245
f 2067/2067/1965 2065/2065/1963 3670/3670/3436
f 378/378/365 3881/3881/3625 2285/2285/2169
f 378/378/365 377/377/364 3881/3881/3625
f 3882/3882/3626 3883/3883/3627 386/386/373
f 382/382/369 384/384/371 867/867/824
f 390/390/377 2086/2086/1984 5/5/5
f 3884/3884/3628 2973/2973/2815 1608/1608/1521
f 3884/3884/3628 1608/1608/1521 2642/2642/2516
f 3885/3885/3629 3397/3397/3202 2233/2233/2117
f 3886/3886/3630 3887/3887/3631 1019/1019/963
f 3886/3886/3630 3888/3888/3632 3887/3887/3631
f 3885/3885/3629 2233/2233/2117 2228/2228/2113
f 3886/3886/3630 1019/1019/963 1018/1018/962
f 415/415/402 1670/1670/1581 416/416/403
f 415/415/402 414/414/401 3889/3889/3633
f 3256/3256/3081 2027/2027/1927 3863/3863/3611
f 3890/3890/3634 1672/1672/1583 1671/1671/1582
f 1130/1130/1074 2960/2960/2808 3891/3891/3635
f 1130/1130/1074 3891/3891/3635 1131/1131/1075
f 2289/2289/2173 2288/2288/2172 3892/3892/3636
f 2082/2082/1980 1728/1728/1636 1730/1730/1638
f 3043/3043/2881 3893/3893/3637 3044/3044/2881
f 3050/3050/2887 1440/1440/1366 2201/2201/2086
f 3050/3050/2887 2201/2201/2086 2200/2200/2085
f 2087/2087/1363 3894/3894/3638 69/69/65
f 3895/3895/3639 2099/2099/1993 1931/1931/1837
f 1928/1928/1834 753/753/720 2095/2095/1989
f 1933/1933/1839 175/175/170 171/171/166
f 1933/1933/1839 171/171/166 1934/1934/1840
f 3896/3896/3640 3897/3897/3641 3898/3898/3642
f 3069/3069/2906 3068/3068/2905 3899/3899/3643
f 916/916/871 3900/3900/3644 3901/3901/3645
f 916/916/871 3901/3901/3645 3902/3902/3646
f 916/916/871 3597/3597/3373 3900/3900/3644
f 916/916/871 3902/3902/3646 917/917/872
f 3903/3903/3647 3904/3904/3648 409/409/396
f 3461/3461/3256 1776/1776/1684 3905/3905/3649
f 3903/3903/3647 409/409/396 408/408/395
f 1967/1967/1873 3906/3906/3650 1968/1968/1874
f 3072/3072/2909 3457/3457/3252 3073/3073/2910
f 3072/3072/2909 3907/3907/3651 3908/3908/3652
f 3072/3072/2909 3908/3908/3652 3457/3457/3252
f 2043/2043/1941 328/328/319 3085/3085/2920
f 2043/2043/1941 3085/3085/2920 3228/3228/3053
f 3909/3909/3653 3910/3910/3654 2676/2676/2550
f 3909/3909/3653 2676/2676/2550 2680/2680/2554
f 3744/3744/3507 366/366/353 365/365/352
f 3911/3911/3655 1225/1225/1159 3101/3101/2935
f 3744/3744/3507 365/365/352 3912/3912/3656
f 2181/2181/2066 3913/3913/3657 1982/1982/1884
f 3914/3914/3658 2141/2141/2028 3630/3630/3406
f 3527/3527/3320 262/262/255 3915/3915/3659
f 3527/3527/3320 3915/3915/3659 3528/3528/3321
f 1413/1413/1339 3916/3916/3660 1414/1414/1340
f 1413/1413/1339 1603/1603/1516 3916/3916/3660
f 3917/3917/3661 3918/3918/3662 3919/3919/3663
f 3920/3920/3664 1553/1553/1467 1555/1555/1469
f 1829/1829/1735 1832/1832/1738 2976/2976/2818
f 3920/3920/3664 1555/1555/1469 3921/3921/3665
f 2629/2629/2503 191/191/186 2630/2630/2504
f 2996/2996/2836 3506/3506/3301 2997/2997/2837
f 3001/3001/2841 3271/3271/3094 3500/3500/3295
f 3001/3001/2841 2700/2700/2574 3271/3271/3094
f 3002/3002/2842 721/721/690 726/726/695
f 3002/3002/2842 726/726/695 3351/3351/3169
f 3002/3002/2842 3003/3003/2843 721/721/690
f 1071/1071/1015 3922/3922/3666 938/938/893
f 1071/1071/1015 938/938/893 3923/3923/3667
f 1071/1071/1015 1070/1070/1014 3922/3922/3666
f 1071/1071/1015 3923/3923/3667 1072/1072/1016
f 1862/1862/1768 1863/1863/1769 3924/3924/3668
f 1862/1862/1768 3924/3924/3668 3925/3925/3669
f 3500/3500/3295 3271/3271/3094 1590/1590/1503
f 3926/3926/3670 2114/2114/2005 66/66/62
s 0
f 3927/3927/3671 3928/3928/3671 3929/3929/3671
s 1
f 3926/3926/3670 66/66/62 318/318/311
f 3930/3930/3672 2650/2650/2524 152/152/147
f 3025/3025/2863 3026/3026/2864 3931/3931/3673
f 3025/3025/2863 3932/3932/3674 1635/1635/1546
f 3025/3025/2863 1635/1635/1546 1633/1633/1544
f 3933/3933/3675 3418/3418/3220 3417/3417/3219
f 3933/3933/3675 3417/3417/3219 3934/3934/3676
f 3935/3935/3677 1122/1122/1066 3936/3936/3678
f 3935/3935/3677 3936/3936/3678 3937/3937/3679
f 3935/3935/3677 3937/3937/3679 3938/3938/3680
f 283/283/276 287/287/280 1684/1684/1595
f 2018/2018/1920 2879/2879/2741 3939/3939/3681
f 2018/2018/1920 3939/3939/3681 2019/2019/1921
f 3940/3940/3682 1083/1083/1027 1082/1082/1026
s 0
f 3941/3941/3683 3942/3942/3683 3943/3943/3683
f 3944/3944/3684 3945/3945/3684 3946/3946/3684
s 1
f 2718/2718/2588 2720/2720/2590 3947/3947/3685
f 3883/3883/3627 1324/1324/1252 1326/1326/1254
f 3883/3883/3627 1326/1326/1254 386/386/373
f 1738/1738/1646 3522/3522/3315 3184/3184/3015
f 3817/3817/3572 266/266/259 265/265/258
f 3817/3817/3572 669/669/641 266/266/259
f 674/674/646 3948/3948/3686 3949/3949/3687
f 674/674/646 3949/3949/3687 3950/3950/3688
f 674/674/646 677/677/649 3948/3948/3686
f 674/674/646 3950/3950/3688 675/675/647
f 3951/3951/3689 3952/3952/3690 3953/3953/3691
f 3951/3951/3689 1026/1026/970 3149/3149/2982
f 3951/3951/3689 3953/3953/3691 3954/3954/3692
f 3951/3951/3689 3149/3149/2982 3952/3952/3690
f 3951/3951/3689 3954/3954/3692 1026/1026/970
f 2865/2865/2727 3492/3492/3287 3535/3535/3328
f 2215/2215/2100 2844/2844/2706 3955/3955/3693
f 2215/2215/2100 3955/3955/3693 1189/1189/1127
f 141/141/137 1119/1119/1063 2221/2221/2106
f 134/134/130 1448/1448/1374 2543/2543/2418
f 141/141/137 2221/2221/2106 142/142/138
f 141/141/137 1120/1120/1064 1119/1119/1063
f 3447/3447/3242 3107/3107/2940 3108/3108/2941
f 3447/3447/3242 3108/3108/2941 3956/3956/3694
f 3447/3447/3242 3956/3956/3694 3448/3448/3243
f 3449/3449/3244 1181/1181/1119 3957/3957/3695
f 3803/3803/3558 3805/3805/3560 3958/3958/3696
f 3959/3959/3697 1358/1358/1286 1356/1356/1284
f 3959/3959/3697 1356/1356/1284 3960/3960/3698
s 0
f 3961/3961/3699 3962/3962/3699 3963/3963/3699
s 1
f 3273/3273/3096 3964/3964/3700 2953/2953/2801
f 3273/3273/3096 2953/2953/2801 2956/2956/2804
s 0
f 3965/3965/3701 3966/3966/3701 3967/3967/3701
s 1
f 3968/3968/3702 3969/3969/3703 3970/3970/3704
f 1108/1108/1052 1377/1377/1303 1109/1109/1053
f 3971/3971/3705 1112/1112/1056 2363/2363/2244
f 3972/3972/3706 2362/2362/2243 3459/3459/3254
f 3277/3277/3100 2561/2561/2436 1007/1007/951
f 3277/3277/3100 2563/2563/2438 2561/2561/2436
f 1610/1610/1523 532/532/516 527/527/511
f 1610/1610/1523 527/527/511 3278/3278/3101
f 3040/3040/2878 3973/3973/3707 1646/1646/1557
f 3040/3040/2878 1646/1646/1557 1241/1241/1175
f 3040/3040/2878 3286/3286/3109 3973/3973/3707
f 3974/3974/3708 3975/3975/3709 2297/2297/2181
f 1850/1850/1756 1851/1851/1757 3976/3976/3710
f 2670/2670/2544 2929/2929/2777 176/176/171
f 2670/2670/2544 176/176/171 174/174/169
f 3977/3977/3711 3978/3978/3712 3156/3156/2989
f 3977/3977/3711 3156/3156/2989 3158/3158/2991
f 3979/3979/3713 3980/3980/3714 3981/3981/3715
f 3982/3982/3716 3749/3749/3512 3983/3983/3717
f 1277/1277/1205 3067/3067/2904 3066/3066/2903
f 3984/3984/3718 2435/2435/2311 2434/2434/2310
f 2921/2921/2769 2924/2924/2772 3985/3985/3719
f 327/327/318 3089/3089/2924 328/328/319
f 3986/3986/3720 952/952/903 3086/3086/2921
f 1725/1725/1633 3987/3987/3721 3988/3988/3722
f 1725/1725/1633 3276/3276/3099 3987/3987/3721
f 3332/3332/3151 3989/3989/3723 3990/3990/3724
f 2446/2446/2322 2447/2447/2323 3991/3991/3725
f 3332/3332/3151 3990/3990/3724 2762/2762/2630
f 3992/3992/3726 2577/2577/2452 2581/2581/2456
f 2816/2816/2678 149/149/144 145/145/141
f 2816/2816/2678 145/145/141 2198/2198/2083
f 3992/3992/3726 2581/2581/2456 3335/3335/3154
f 2818/2818/2680 2820/2820/2682 3993/3993/3727
f 2818/2818/2680 3993/3993/3727 3994/3994/3728
f 2818/2818/2680 3994/3994/3728 3995/3995/3729
f 2818/2818/2680 3995/3995/3729 2819/2819/2681
f 1041/1041/985 3996/3996/3730 3997/3997/3731
f 2821/2821/2683 3998/3998/3732 377/377/364
f 1041/1041/985 1040/1040/984 3996/3996/3730
f 2749/2749/2617 2751/2751/2619 2824/2824/2686
f 2749/2749/2617 1754/1754/1662 2750/2750/2618
s 0
f 3999/3999/3733 4000/4000/3733 4001/4001/3733
f 4002/4002/3734 4003/4003/3734 4004/4004/3734
s 1
f 2227/2227/2112 4005/4005/3735 2228/2228/2113
f 4006/4006/3736 4007/4007/3737 2207/2207/2092
f 2227/2227/2112 4008/4008/3738 4005/4005/3735
f 4006/4006/3736 2207/2207/2092 2206/2206/2091
f 4009/4009/3739 3628/3628/3404 1279/1279/1207
f 4010/4010/3740 1429/1429/1355 1427/1427/1353
f 4010/4010/3740 1427/1427/1353 1426/1426/1352
f 4011/4011/3741 1558/1558/1471 1557/1557/1470
f 4012/4012/3742 3604/3604/3380 3606/3606/3382
f 4012/4012/3742 2410/2410/2288 1681/1681/1592
f 4012/4012/3742 1681/1681/1592 3604/3604/3380
f 4013/4013/3743 423/423/410 421/421/408
f 4014/4014/3744 304/304/297 80/80/76
f 4014/4014/3744 437/437/424 304/304/297
f 1079/1079/1023 3498/3498/3293 1080/1080/1024
f 1592/1592/1505 1359/1359/1287 1092/1092/1036
f 1592/1592/1505 1092/1092/1036 3502/3502/3297
f 4015/4015/3745 4016/4016/3746 4017/4017/3747
f 4015/4015/3745 466/466/452 468/468/454
f 4015/4015/3745 468/468/454 469/469/455
f 3094/3094/2929 1709/1709/1620 3134/3134/2967
f 4015/4015/3745 469/469/455 4016/4016/3746
f 3094/3094/2929 3134/3134/2967 3095/3095/2930
f 4015/4015/3745 4017/4017/3747 1711/1711/1622
f 110/110/106 4018/4018/3748 111/111/107
f 110/110/106 472/472/458 4018/4018/3748
f 2294/2294/2178 2295/2295/2179 4019/4019/3749
f 2294/2294/2178 4019/4019/3749 2540/2540/2415
f 1897/1897/1803 583/583/565 579/579/561
f 1897/1897/1803 4020/4020/3750 583/583/565
f 2733/2733/2603 3458/3458/3253 2462/2462/2337
f 2733/2733/2603 2462/2462/2337 2734/2734/2604
f 4021/4021/3751 4022/4022/3752 4023/4023/3753
f 4021/4021/3751 4024/4024/3754 4025/4025/3755
f 4021/4021/3751 4025/4025/3755 4022/4022/3752
f 4026/4026/3756 2358/2358/2239 2357/2357/2238
f 1817/1817/1723 4027/4027/3757 1818/1818/1724
f 4028/4028/3758 2288/2288/2172 3675/3675/3441
f 4028/4028/3758 3892/3892/3636 2288/2288/2172
f 4028/4028/3758 3675/3675/3441 530/530/514
f 2755/2755/2623 2757/2757/2625 4029/4029/3759
f 2755/2755/2623 2333/2333/2214 3003/3003/2843
f 2755/2755/2623 4029/4029/3759 2333/2333/2214
f 2488/2488/2363 2489/2489/2364 3635/3635/3411
f 2488/2488/2363 554/554/536 553/553/535
f 2488/2488/2363 3635/3635/3411 2338/2338/2219
f 2488/2488/2363 2338/2338/2219 554/554/536
f 568/568/550 574/574/556 3807/3807/3562
f 1792/1792/1700 1796/1796/1704 3546/3546/3336
f 4030/4030/3760 1445/1445/1371 2854/2854/2716
f 4030/4030/3760 2854/2854/2716 3864/3864/3612
f 4031/4031/3761 3363/3363/3179 1235/1235/1169
f 4031/4031/3761 4032/4032/3762 4033/4033/3763
f 4031/4031/3761 4034/4034/3764 3363/3363/3179
f 4035/4035/3765 1231/1231/1165 2892/2892/2754
f 4031/4031/3761 4033/4033/3763 4034/4034/3764
f 4036/4036/3766 3950/3950/3688 3949/3949/3687
f 1254/1254/1188 166/166/161 165/165/160
f 2397/2397/2275 3802/3802/3557 2398/2398/2276
f 2397/2397/2275 4037/4037/3767 3802/3802/3557
f 49/49/45 924/924/879 50/50/46
f 2028/2028/1928 2615/2615/2489 2029/2029/1929
f 2028/2028/1928 2027/2027/1927 3257/3257/3082
f 2028/2028/1928 3257/3257/3082 2615/2615/2489
f 1787/1787/1695 2033/2033/1933 1794/1794/1702
f 1787/1787/1695 2923/2923/2771 2505/2505/2380
f 1787/1787/1695 2505/2505/2380 2033/2033/1933
f 1787/1787/1695 2618/2618/2492 2923/2923/2771
f 71/71/67 3486/3486/3281 72/72/68
f 4038/4038/3768 3854/3854/3603 2596/2596/2471
f 2943/2943/2791 3399/3399/3204 89/89/85
f 4038/4038/3768 4039/4039/3769 3854/3854/3603
f 4038/4038/3768 2596/2596/2471 2595/2595/2470
f 4040/4040/3770 1713/1713/1624 1712/1712/1623
f 4040/4040/3770 1712/1712/1623 4041/4041/3771
f 1885/1885/1791 3176/3176/3007 1886/1886/1792
f 1885/1885/1791 1887/1887/1793 3177/3177/3008
f 1885/1885/1791 3177/3177/3008 3176/3176/3007
f 120/120/116 119/119/115 2271/2271/2155
f 4042/4042/3772 4043/4043/3773 4044/4044/3774
f 4045/4045/3775 4046/4046/3776 3681/3681/3447
f 4045/4045/3775 4047/4047/3777 4046/4046/3776
f 2646/2646/2520 2648/2648/2522 4048/4048/3778
f 1137/1137/1081 4049/4049/3779 2359/2359/2240
f 1137/1137/1081 2359/2359/2240 1111/1111/1055
f 2833/2833/2695 2834/2834/2696 4050/4050/3780
f 2833/2833/2695 2659/2659/2533 2658/2658/2532
f 2833/2833/2695 4050/4050/3780 2659/2659/2533
f 4051/4051/3781 4052/4052/3782 2666/2666/2540
f 4051/4051/3781 2666/2666/2540 2665/2665/2539
f 4053/4053/3783 4054/4054/3784 3037/3037/2875
f 1651/1651/1562 1653/1653/1564 2109/2109/2002
f 2851/2851/2713 2849/2849/2711 4055/4055/3785
f 1669/1669/1580 416/416/403 1670/1670/1581
f 1669/1669/1580 2029/2029/1929 416/416/403
f 1669/1669/1580 1673/1673/1584 2029/2029/1929
f 1944/1944/1850 2855/2855/2717 4056/4056/3786
f 429/429/416 3354/3354/3172 430/430/417
f 304/304/297 81/81/77 80/80/76
f 4057/4057/3787 1584/1584/1497 4058/4058/3788
f 4059/4059/3789 3996/3996/3730 1040/1040/984
f 4059/4059/3789 4060/4060/3790 3996/3996/3730
f 4059/4059/3789 1040/1040/984 4061/4061/3791
f 4059/4059/3789 4062/4062/3792 4060/4060/3790
f 4059/4059/3789 4063/4063/3793 4062/4062/3792
f 3772/3772/3529 4064/4064/3794 1871/1871/1777
f 3772/3772/3529 2519/2519/2394 4065/4065/3795
f 3772/3772/3529 2520/2520/2395 2519/2519/2394
f 3772/3772/3529 4065/4065/3795 4064/4064/3794
f 4066/4066/3796 1986/1986/1888 1985/1985/1887
f 4066/4066/3796 3118/3118/2951 1986/1986/1888
f 2881/2881/2743 4067/4067/3797 3630/3630/3406
f 1208/1208/1144 3122/3122/2955 1988/1988/1890
f 1708/1708/1619 3134/3134/2967 1709/1709/1620
f 1226/1226/1160 4068/4068/3798 1227/1227/1161
f 1226/1226/1160 1225/1225/1159 4069/4069/3799
f 1226/1226/1160 4069/4069/3799 4068/4068/3798
f 2457/2457/2333 2354/2354/2235 2736/2736/2606
f 2461/2461/2336 996/996/940 3852/3852/3601
f 2457/2457/2333 2736/2736/2606 2458/2458/2332
f 2085/2085/1983 393/393/380 1004/1004/948
f 2083/2083/1981 2467/2467/2342 2084/2084/1982
f 3841/3841/3590 4070/4070/3800 4071/4071/3801
f 3841/3841/3590 4072/4072/3802 3842/3842/3591
f 3841/3841/3590 3840/3840/3589 4070/4070/3800
f 3841/3841/3590 4071/4071/3801 4072/4072/3802
f 4073/4073/3803 2302/2302/2186 814/814/773
f 3801/3801/3556 164/164/159 163/163/158
f 4073/4073/3803 814/814/773 2477/2477/2352
f 1185/1185/1123 1431/1431/1357 1656/1656/1567
f 1435/1435/1361 2772/2772/2636 2501/2501/2376
f 1435/1435/1361 2501/2501/2376 2497/2497/2372
f 4074/4074/3804 4047/4047/3777 4075/4075/3805
f 4074/4074/3804 4076/4076/3806 4047/4047/3777
f 1851/1851/1757 4077/4077/3807 3976/3976/3710
f 1851/1851/1757 4078/4078/3808 4079/4079/3809
f 1851/1851/1757 4080/4080/3810 4078/4078/3808
f 1851/1851/1757 1849/1849/1755 4080/4080/3810
f 1851/1851/1757 4079/4079/3809 4077/4077/3807
f 4081/4081/3811 3005/3005/2845 3150/3150/2983
f 4081/4081/3811 3150/3150/2983 2098/2098/1992
f 3922/3922/3666 4082/4082/3812 939/939/894
f 3922/3922/3666 939/939/894 938/938/893
f 448/448/434 441/441/428 4083/4083/3813
f 448/448/434 4083/4083/3813 4084/4084/3814
f 448/448/434 4084/4084/3814 4085/4085/3815
f 446/446/432 4086/4086/3816 447/447/433
f 1594/1594/1507 1595/1595/1508 2647/2647/2521
f 1594/1594/1507 1101/1101/1045 1100/1100/1044
f 1594/1594/1507 2647/2647/2521 1101/1101/1045
f 3774/3774/3531 4087/4087/3817 2532/2532/2407
f 4088/4088/3818 4089/4089/3819 4090/4090/3820
f 3774/3774/3531 3776/3776/3533 4091/4091/3821
f 4088/4088/3818 4090/4090/3820 4092/4092/3822
f 1145/1145/1089 1144/1144/1088 4093/4093/3823
f 4094/4094/3824 2539/2539/2414 3030/3030/2868
f 1125/1125/1069 4095/4095/3825 4096/4096/3826
f 1125/1125/1069 1123/1123/1067 4095/4095/3825
f 1119/1119/1063 2222/2222/2107 2221/2221/2106
f 3880/3880/3624 1880/1880/1786 1318/1318/1246
f 2376/2376/2254 4097/4097/3827 2377/2377/2255
f 2376/2376/2254 4098/4098/1573 4097/4097/3827
f 2384/2384/2262 2383/2383/2261 4099/4099/3828
f 4100/4100/3829 3303/3303/3126 3302/3302/3125
f 1912/1912/1818 3611/3611/3387 1913/1913/1819
f 879/879/836 878/878/835 2838/2838/2700
f 875/875/832 3613/3613/3389 876/876/833
f 3802/3802/3557 4037/4037/3767 844/844/801
f 2210/2210/2095 2401/2401/2279 4101/4101/3830
f 2210/2210/2095 1774/1774/1682 2402/2402/2280
f 2210/2210/2095 4101/4101/3830 2211/2211/2096
f 2210/2210/2095 1775/1775/1683 1774/1774/1682
f 2210/2210/2095 2402/2402/2280 2401/2401/2279
f 4102/4102/3831 1550/1550/1464 3316/3316/3137
f 2564/2564/2439 2563/2563/2438 4103/4103/3832
f 4102/4102/3831 4104/4104/3833 4105/4105/3834
f 4102/4102/3831 4105/4105/3834 1550/1550/1464
f 3604/3604/3380 1679/1679/1590 3605/3605/3381
f 3604/3604/3380 1681/1681/1592 1679/1679/1590
f 2787/2787/2649 1578/1578/1491 1577/1577/1490
f 2787/2787/2649 1577/1577/1490 2788/2788/2650
f 2793/2793/2655 4106/4106/3835 86/86/82
f 2793/2793/2655 86/86/82 2426/2426/2304
f 2428/2428/2306 3875/3875/3619 2429/2429/2307
f 102/102/98 2893/2893/2755 103/103/99
f 102/102/98 101/101/97 2893/2893/2755
f 4107/4107/3836 4108/4108/3837 4109/4109/3838
f 4107/4107/3836 2721/2721/2591 2534/2534/2409
s 0
f 4110/4110/3839 4111/4111/3839 4112/4112/3839
s 1
f 4107/4107/3836 2534/2534/2409 4108/4108/3837
f 4107/4107/3836 4113/4113/3840 2721/2721/2591
f 2445/2445/2321 4114/4114/3841 3741/3741/3504
f 2445/2445/2321 3334/3334/3153 4114/4114/3841
f 1576/1576/1489 1857/1857/1763 1577/1577/1490
f 1584/1584/1497 4115/4115/3842 4116/4116/3843
f 1584/1584/1497 4116/4116/3843 1585/1585/1498
f 1584/1584/1497 1587/1587/1500 4058/4058/3788
f 233/233/228 2519/2519/2394 234/234/229
f 233/233/228 2635/2635/2509 4065/4065/3795
f 233/233/228 4065/4065/3795 2519/2519/2394
f 1986/1986/1888 3118/3118/2951 3525/3525/3318
f 3122/3122/2955 1992/1992/1894 1988/1988/1890
f 3122/3122/2955 3125/3125/2958 1992/1992/1894
f 4117/4117/3844 3916/3916/3660 4118/4118/3845
f 4119/4119/3846 1480/1480/1400 2802/2802/2664
f 3843/3843/3592 3842/3842/3591 4120/4120/3847
f 4119/4119/3846 4121/4121/3848 1480/1480/1400
f 4122/4122/3849 3781/3781/3538 4123/4123/3850
s 0
f 4124/4124/3851 4125/4125/3851 4126/4126/3851
f 4127/4127/3852 4128/4128/3852 4129/4129/3852
f 4130/4130/3853 4131/4131/3853 4132/4132/3853
s 1
f 4122/4122/3849 4123/4123/3850 4133/4133/3854
f 4122/4122/3849 3137/3137/2970 3781/3781/3538
f 4134/4134/3855 4135/4135/3856 4136/4136/3857
f 4134/4134/3855 4136/4136/3857 4137/4137/3858
f 4134/4134/3855 4137/4137/3858 3024/3024/2862
f 2650/2650/2524 3557/3557/3345 2651/2651/2525
f 2650/2650/2524 3558/3558/3346 3557/3557/3345
f 2657/2657/2531 2835/2835/2697 2658/2658/2532
f 4138/4138/3859 1913/1913/1819 3611/3611/3387
f 2657/2657/2531 4139/4139/3860 2835/2835/2697
f 4138/4138/3859 4140/4140/3861 1913/1913/1819
f 4141/4141/3862 4142/4142/3863 4143/4143/3864
f 4141/4141/3862 4143/4143/3864 4144/4144/3865
f 824/824/783 2507/2507/2382 2843/2843/2705
f 1991/1991/1893 2050/2050/1948 3439/3439/3236
f 3588/3588/3364 2993/2993/2833 2992/2992/2832
f 847/847/804 849/849/806 4145/4145/3866
f 847/847/804 2701/2701/2575 848/848/805
f 847/847/804 3018/3018/2856 2701/2701/2575
f 847/847/804 4145/4145/3866 3018/3018/2856
f 303/303/296 4146/4146/3867 305/305/298
f 601/601/581 1308/1308/1236 1307/1307/1235
f 601/601/581 4147/4147/3868 1308/1308/1236
f 2566/2566/2441 3703/3703/3468 913/913/868
f 2566/2566/2441 3318/3318/3139 3703/3703/3468
f 3919/3919/3663 3918/3918/3662 4148/4148/3869
f 3919/3919/3663 4148/4148/3869 4149/4149/3870
f 4150/4150/3871 1714/1714/1625 4151/4151/3872
f 2570/2570/2445 2572/2572/2447 3175/3175/3006
f 2570/2570/2445 4018/4018/3748 2132/2132/2021
f 2570/2570/2445 2132/2132/2021 2571/2571/2446
f 2570/2570/2445 3217/3217/3044 4018/4018/3748
f 3877/3877/3621 4152/4152/3873 4153/4153/3874
f 3877/3877/3621 3876/3876/3620 4152/4152/3873
f 4154/4154/3875 3426/3426/3225 4155/4155/3876
f 4154/4154/3875 876/876/833 3222/3222/3047
f 4154/4154/3875 3222/3222/3047 3224/3224/3049
f 4154/4154/3875 4156/4156/3877 876/876/833
f 4154/4154/3875 3224/3224/3049 3426/3426/3225
s 0
f 4157/4157/3878 4158/4158/3878 4159/4159/3878
s 1
f 2582/2582/2457 3088/3088/2923 369/369/356
f 2582/2582/2457 2583/2583/2458 4160/4160/3879
f 3790/3790/3545 3789/3789/3544 2073/2073/1971
f 4161/4161/3880 819/819/778 4162/4162/3881
f 4163/4163/3882 3855/3855/3604 4164/4164/3883
f 2592/2592/2467 4165/4165/3884 4166/4166/3885
f 2592/2592/2467 4166/4166/3885 2593/2593/2468
f 4163/4163/3882 2596/2596/2471 3855/3855/3604
f 32/32/28 695/695/665 3248/3248/3073
f 705/705/675 4167/4167/3886 4168/4168/3887
f 705/705/675 704/704/674 4167/4167/3886
f 2614/2614/2488 4169/4169/3888 414/414/401
f 4170/4170/3889 1782/1782/1690 3147/3147/2980
f 4170/4170/3889 3147/3147/2980 1028/1028/972
f 571/571/553 3629/3629/3405 572/572/554
f 571/571/553 4171/4171/3890 3629/3629/3405
f 571/571/553 4172/4172/3891 3897/3897/3641
f 571/571/553 3897/3897/3641 4171/4171/3890
f 2621/2621/2495 3957/3957/3695 1181/1181/1119
f 2621/2621/2495 1180/1180/1118 2622/2622/2496
f 2624/2624/2498 1573/1573/1486 4173/4173/3892
f 2621/2621/2495 1181/1181/1119 1180/1180/1118
f 3547/3547/3337 2948/2948/2796 1466/1466/1392
f 3547/3547/3337 2949/2949/2797 2948/2948/2796
f 3548/3548/3338 2867/2867/2729 3538/3538/3331
f 3548/3548/3338 3538/3538/3331 4174/4174/3893
f 4175/4175/3894 441/441/428 3618/3618/3394
f 2810/2810/2672 2809/2809/2671 1310/1310/1238
f 2810/2810/2672 1310/1310/1238 4176/4176/3895
f 4175/4175/3894 4177/4177/3896 441/441/428
f 3763/3763/3520 3605/3605/3381 1679/1679/1590
f 3763/3763/3520 2128/2128/2017 3605/3605/3381
f 459/459/445 3024/3024/2862 4137/4137/3858
f 2133/2133/2022 1633/1633/1544 1632/1632/1543
f 1390/1390/1316 3035/3035/2873 1391/1391/1317
f 1394/1394/1320 1393/1393/1319 3033/3033/2871
f 502/502/488 3525/3525/3318 3118/3118/2951
f 262/262/255 4178/4178/3897 3915/3915/3659
f 3854/3854/3603 3855/3855/3604 2596/2596/2471
f 3854/3854/3603 4039/4039/3769 1412/1412/1338
f 2379/2379/2257 2154/2154/2039 2380/2380/2258
f 4179/4179/3898 1877/1877/1783 2334/2334/2215
s 0
f 4180/4180/3899 4181/4181/3899 4182/4182/3899
s 1
f 2164/2164/2049 4183/4183/3900 698/698/668
f 2164/2164/2049 2171/2171/2056 4183/4183/3900
f 4184/4184/3901 4099/4099/3828 4185/4185/3902
f 4186/4186/3903 2998/2998/2838 4187/4187/3904
f 4186/4186/3903 2999/2999/2839 2998/2998/2838
f 4188/4188/3905 848/848/805 2697/2697/2571
f 4188/4188/3905 2179/2179/2064 848/848/805
f 4186/4186/3903 4187/4187/3904 4189/4189/3906
f 579/579/561 2549/2549/2424 1898/1898/1804
f 3600/3600/3376 4190/4190/3907 3601/3601/3377
f 3600/3600/3376 4191/4191/3908 4190/4190/3907
f 1194/1194/1132 1189/1189/1127 3955/3955/3693
f 1191/1191/1129 4192/4192/3909 3070/3070/2907
f 3073/3073/2910 2345/2345/2226 3074/3074/2911
f 3073/3073/2910 746/746/713 2345/2345/2226
f 3073/3073/2910 3457/3457/3252 746/746/713
f 951/951/902 950/950/901 3082/3082/2917
f 951/951/902 3086/3086/2921 952/952/903
f 4193/4193/3910 1661/1661/1572 680/680/652
f 3792/3792/3547 4194/4194/3911 3793/3793/3548
f 3755/3755/3516 3754/3754/3515 4195/4195/3912
f 3755/3755/3516 4196/4196/3913 4197/4197/3914
f 3755/3755/3516 4195/4195/3912 4196/4196/3913
f 3755/3755/3516 4197/4197/3914 4198/4198/3915
f 3815/3815/3570 3039/3039/2877 793/793/752
f 3297/3297/3120 2257/2257/2141 2256/2256/2140
f 2074/2074/1972 2073/2073/1971 3789/3789/3544
f 2074/2074/1972 3789/3789/3544 4199/4199/3916
f 2072/2072/1970 3615/3615/3391 3041/3041/2879
f 381/381/368 871/871/828 384/384/371
f 4/4/4 2086/2086/1984 2084/2084/1982
f 4/4/4 5/5/5 2086/2086/1984
f 4/4/4 2084/2084/1982 1196/1196/1134
f 3486/3486/3281 3491/3491/3286 2091/2091/1985
f 3486/3486/3281 2091/2091/1985 72/72/68
f 2099/2099/1993 897/897/852 1931/1931/1837
f 2099/2099/1993 3150/3150/2983 897/897/852
f 2099/2099/1993 2098/2098/1992 3150/3150/2983
f 2105/2105/1998 4200/4200/3917 3213/3213/3040
f 1565/1565/1478 908/908/863 910/910/865
f 4201/4201/3918 3704/3704/3469 4202/4202/3919
f 4201/4201/3918 3705/3705/3470 3704/3704/3469
f 2277/2277/2161 4203/4203/3920 4204/4204/3921
f 4205/4205/3922 4206/4206/3923 855/855/812
f 2277/2277/2161 4204/4204/3921 2278/2278/2162
f 4205/4205/3922 855/855/812 2374/2374/2252
f 2600/2600/2475 4207/4207/3924 2282/2282/2166
f 3343/3343/3161 531/531/515 3672/3672/3438
f 2299/2299/2183 1893/1893/1799 1892/1892/1798
f 2299/2299/2183 4208/4208/3925 1893/1893/1799
f 2299/2299/2183 2298/2298/2182 4208/4208/3925
f 2641/2641/2515 1764/1764/1672 1763/1763/1671
f 4209/4209/3926 1268/1268/1196 3163/3163/2996
f 4210/4210/3927 828/828/787 827/827/786
f 901/901/856 2760/2760/2628 4211/4211/3928
f 896/896/851 1162/1162/1104 897/897/852
f 901/901/856 900/900/855 2760/2760/2628
f 896/896/851 1166/1166/1106 1162/1162/1104
f 901/901/856 4211/4211/3928 4212/4212/3929
f 199/199/194 4213/4213/3930 200/200/195
f 3022/3022/2860 3019/3019/2857 3595/3595/3371
f 216/216/211 218/218/213 1838/1838/1744
f 2516/2516/2391 2517/2517/2392 4214/4214/3931
f 2516/2516/2391 4215/4215/3932 1864/1864/1770
f 2516/2516/2391 1864/1864/1770 1485/1485/1405
f 4216/4216/3933 1968/1968/1874 3906/3906/3650
f 4217/4217/3934 4064/4064/3794 4065/4065/3795
f 4217/4217/3934 2635/2635/2509 4218/4218/3935
f 4217/4217/3934 4065/4065/3795 2635/2635/2509
f 4219/4219/3936 500/500/486 1200/1200/1138
f 4219/4219/3936 3341/3341/3159 505/505/491
f 4219/4219/3936 505/505/491 500/500/486
f 4219/4219/3936 1200/1200/1138 4220/4220/3937
f 754/754/721 755/755/722 4221/4221/3938
f 1228/1228/1162 1227/1227/1161 2372/2372/2250
f 1981/1981/1883 1401/1401/1327 3187/3187/3018
f 2187/2187/2072 669/669/641 671/671/643
s 0
f 4222/4222/3939 4223/4223/3939 4224/4224/3939
s 1
f 3488/3488/3283 41/41/37 43/43/39
f 4225/4225/3940 35/35/31 2500/2500/2375
f 4225/4225/3940 2500/2500/2375 4226/4226/3941
f 3488/3488/3283 4227/4227/3942 3489/3489/3284
f 3623/3623/3399 1270/1270/1198 53/53/49
f 4228/4228/3943 47/47/43 1453/1453/1379
f 3623/3623/3399 53/53/49 52/52/48
f 3623/3623/3399 2422/2422/2300 1270/1270/1198
f 1936/1936/1842 4229/4229/3944 1937/1937/1843
f 1934/1934/1840 171/171/166 3806/3806/3561
f 1934/1934/1840 3806/3806/3561 4230/4230/3945
f 3258/3258/3083 3259/3259/3084 4052/4052/3782
f 73/73/69 3249/3249/3074 3248/3248/3073
f 73/73/69 69/69/65 3249/3249/3074
f 3810/3810/3565 3812/3812/3567 4231/4231/3946
f 3810/3810/3565 4232/4232/3947 76/76/72
f 1456/1456/1382 1075/1075/1019 4233/4233/3948
f 1456/1456/1382 4234/4234/3949 1459/1459/1385
f 1456/1456/1382 4233/4233/3948 4234/4234/3949
f 3716/3716/3481 3722/3722/3487 4235/4235/3950
f 2820/2820/2682 4236/4236/3951 3993/3993/3727
f 2820/2820/2682 2250/2250/2134 4236/4236/3951
f 2820/2820/2682 2251/2251/2135 2250/2250/2134
f 3996/3996/3730 4060/4060/3790 4237/4237/3952
f 4238/4238/3953 2952/2952/2800 2951/2951/2799
f 2803/2803/2665 4239/4239/3954 2804/2804/2666
f 2803/2803/2665 4240/4240/3955 4239/4239/3954
f 1122/1122/1066 1124/1124/1068 3936/3936/3678
f 3980/3980/3714 2278/2278/2162 4204/4204/3921
f 3980/3980/3714 4204/4204/3921 3981/3981/3715
f 3983/3983/3717 3749/3749/3512 3748/3748/3511
f 4241/4241/3956 3973/3973/3707 3286/3286/3109
f 4241/4241/3956 1646/1646/1557 3973/3973/3707
f 4241/4241/3956 3286/3286/3109 3432/3432/3231
f 4241/4241/3956 1647/1647/1558 1646/1646/1557
f 3620/3620/3396 3622/3622/3398 1648/1648/1559
f 3975/3975/3709 2891/2891/2753 2889/2889/2751
f 3975/3975/3709 2889/2889/2751 2298/2298/2182
f 3975/3975/3709 2298/2298/2182 2297/2297/2181
f 3366/3366/3182 4242/4242/3957 3367/3367/3182
f 1653/1653/1564 2107/2107/2000 2109/2109/2002
f 1680/1680/1591 1681/1681/1592 2410/2410/2288
f 4243/4243/3958 4244/4244/3959 4245/4245/3960
f 238/238/233 240/240/235 1872/1872/1778
f 1211/1211/1147 4090/4090/3820 1212/1212/1148
f 1211/1211/1147 4246/4246/3961 4090/4090/3820
f 4068/4068/3798 3564/3564/3352 2372/2372/2250
f 3778/3778/3535 4247/4247/3962 3779/3779/3536
f 4068/4068/3798 2372/2372/2250 1227/1227/1161
f 3230/3230/3055 658/658/630 3187/3187/3018
f 3233/3233/3058 1743/1743/1651 659/659/631
f 3788/3788/3543 4199/4199/3916 3789/3789/3544
f 2387/2387/2265 3191/3191/3022 20/20/18
f 4037/4037/3767 2175/2175/2060 844/844/801
f 1421/1421/1347 1422/1422/1348 3301/3301/3124
f 2615/2615/2489 416/416/403 2029/2029/1929
f 2615/2615/2489 3257/3257/3082 1783/1783/1691
f 2743/2743/2611 2742/2742/2610 2938/2938/2786
f 1696/1696/1607 4234/4234/3949 1697/1697/1608
f 1696/1696/1607 1459/1459/1385 4234/4234/3949
f 4248/4248/3963 1948/1948/1854 1947/1947/1853
f 4248/4248/3963 1947/1947/1853 4249/4249/3964
f 3475/3475/3270 4250/4250/3965 3476/3476/3271
f 1321/1321/1249 1512/1512/1428 1322/1322/1250
f 4251/4251/3966 4252/4252/3967 4253/4253/3968
f 4251/4251/3966 4253/4253/3968 4254/4254/3969
f 4043/4043/3773 128/128/124 4044/4044/3774
f 4043/4043/3773 129/129/125 128/128/124
f 295/295/288 2693/2693/2567 2689/2689/2563
f 295/295/288 2689/2689/2563 296/296/289
f 441/441/428 4177/4177/3896 4083/4083/3813
f 4016/4016/3746 4255/4255/3970 4017/4017/3747
f 4256/4256/3971 2526/2526/2401 2525/2525/2400
f 4016/4016/3746 469/469/455 4257/4257/3972
f 4256/4256/3971 2525/2525/2400 3477/3477/3272
f 4258/4258/3973 3937/3937/3679 3936/3936/3678
f 4259/4259/3974 4092/4092/3822 4090/4090/3820
f 4259/4259/3974 4090/4090/3820 4246/4246/3961
f 3855/3855/3604 3531/3531/3324 4164/4164/3883
f 2482/2482/2357 3860/3860/3609 2483/2483/2358
f 2482/2482/2357 4260/4260/3975 542/542/526
f 2489/2489/2364 2986/2986/2826 3635/3635/3411
f 1844/1844/1750 1445/1445/1371 1444/1444/1370
f 1844/1844/1750 2854/2854/2716 1445/1445/1371
f 585/585/567 582/582/564 2015/2015/1917
f 585/585/567 2015/2015/1917 3460/3460/3255
f 2547/2547/2422 3868/3868/3614 2548/2548/2423
f 2552/2552/2427 3814/3814/3569 2557/2557/2432
f 3070/3070/2907 4261/4261/3976 3462/3462/3257
f 3070/3070/2907 3462/3462/3257 1963/1963/1869
f 4262/4262/3977 3955/3955/3693 4263/4263/3978
f 4264/4264/3979 4265/4265/3979 4266/4266/3979
f 4267/4267/3980 941/941/896 940/940/895
f 4268/4268/3981 4046/4046/3776 4076/4076/3806
f 4268/4268/3981 4269/4269/3982 4046/4046/3776
s 0
f 4270/4270/3983 4271/4271/3983 4272/4272/3983
f 4273/4273/3984 4274/4274/3984 4275/4275/3984
s 1
f 2713/2713/2585 2253/2253/2137 2252/2252/2136
f 3329/3329/3148 1599/1599/1512 1405/1405/1331
f 3329/3329/3148 1600/1600/1513 1599/1599/1512
f 3329/3329/3148 3330/3330/3149 1600/1600/1513
f 3989/3989/3723 4276/4276/3985 3293/3293/3116
f 3989/3989/3723 3293/3293/3116 3990/3990/3724
f 1903/1903/1809 2254/2254/2138 2251/2251/2135
f 1914/1914/1820 1913/1913/1819 4140/4140/3861
f 878/878/835 4277/4277/3986 4144/4144/3865
f 878/878/835 883/883/838 4277/4277/3986
f 878/878/835 4144/4144/3865 4143/4143/3864
f 878/878/835 4143/4143/3864 2838/2838/2700
f 3249/3249/3074 69/69/65 3250/3250/3075
f 414/414/401 4169/4169/3888 3889/3889/3633
f 4174/4174/3893 3538/3538/3331 4278/4278/3987
f 2499/2499/2374 192/192/187 187/187/182
f 2499/2499/2374 187/187/182 2633/2633/2507
f 1845/1845/1751 1444/1444/1370 3555/3555/3343
s 0
f 4279/4279/3988 4280/4280/3988 4281/4281/3988
s 1
f 3458/3458/3253 2460/2460/2335 2462/2462/2337
f 3458/3458/3253 3850/3850/3599 4282/4282/3989
f 3458/3458/3253 2351/2351/2232 3850/3850/3599
f 3458/3458/3253 4282/4282/3989 2460/2460/2335
f 2095/2095/1989 3511/3511/3306 3459/3459/3254
f 2095/2095/1989 753/753/720 3511/3511/3306
f 4283/4283/3990 2470/2470/2345 4284/4284/3991
f 4283/4283/3990 4285/4285/3992 2470/2470/2345
f 285/285/278 651/651/623 286/286/279
f 285/285/278 4286/4286/3993 4287/4287/3994
f 285/285/278 4288/4288/3995 651/651/623
f 285/285/278 4287/4287/3994 4288/4288/3995
f 3430/3430/3229 4289/4289/3996 3969/3969/3703
f 3430/3430/3229 3429/3429/3228 4289/4289/3996
f 2536/2536/2411 4290/4290/3997 4291/4291/3998
f 2536/2536/2411 2532/2532/2407 4290/4290/3997
f 2533/2533/2408 4292/4292/3999 2534/2534/2409
f 2834/2834/2696 1147/1147/1091 4050/4050/3780
f 2834/2834/2696 1382/1382/1308 3568/3568/3354
f 2834/2834/2696 3568/3568/3354 1147/1147/1091
f 4162/4162/3881 819/819/778 821/821/780
f 1154/1154/1096 3148/3148/2981 1155/1155/1097
f 1154/1154/1096 1153/1153/1095 3148/3148/2981
f 3586/3586/3362 838/838/795 839/839/796
f 1161/1161/1103 3062/3062/2899 1162/1162/1104
f 3586/3586/3362 2882/2882/2744 838/838/795
f 1174/1174/1112 1045/1045/989 1037/1037/981
f 1177/1177/1115 1176/1176/1114 2992/2992/2832
f 849/849/806 3595/3595/3371 4145/4145/3866
f 849/849/806 456/456/442 3593/3593/3369
f 493/493/479 2931/2931/2779 494/494/480
f 4293/4293/4000 4190/4190/3907 4191/4191/3908
f 2019/2019/1921 4294/4294/4001 4295/4295/4002
f 2019/2019/1921 3939/3939/3681 4294/4294/4001
f 2119/2119/2010 4296/4296/4003 4233/4233/3948
f 2119/2119/2010 4233/4233/3948 1075/1075/1019
f 4297/4297/4004 4298/4298/4005 3502/3502/3297
f 4299/4299/4006 1090/1090/1034 3405/3405/3208
s 0
f 4300/4300/4007 4301/4301/4007 4302/4302/4007
s 1
f 4297/4297/4004 3502/3502/3297 1092/1092/1036
f 4297/4297/4004 1092/1092/1036 1091/1091/1035
s 0
f 4303/4303/4008 4304/4304/4008 4305/4305/4008
s 1
f 2388/2388/2266 20/20/18 14/14/12
f 1234/1234/1168 248/248/243 103/103/99
f 4108/4108/3837 2534/2534/2409 4292/4292/3999
f 4108/4108/3837 4292/4292/3999 4306/4306/4009
f 1248/1248/1182 1250/1250/1184 3381/3381/3192
f 702/702/672 2419/2419/2297 703/703/673
f 169/169/164 3534/3534/3327 170/170/165
f 3629/3629/3405 4171/4171/3890 4307/4307/4010
f 3629/3629/3405 4307/4307/4010 3205/3205/3034
f 4308/4308/4011 3630/3630/3406 4067/4067/3797
f 4022/4022/3752 4309/4309/3752 4023/4023/3753
f 4022/4022/3752 4025/4025/3755 4309/4309/3752
f 3916/3916/3660 1603/1603/1516 4118/4118/3845
f 3916/3916/3660 4310/4310/4012 1414/1414/1340
f 1769/1769/1677 1768/1768/1676 3397/3397/3202
f 3641/3641/3417 1343/1343/1271 1342/1342/1270
f 1158/1158/1100 2676/2676/2550 4311/4311/4013
f 1863/1863/1769 4312/4312/4014 3924/3924/3668
f 2343/2343/2224 3720/3720/3485 2344/2344/2225
f 3455/3455/3250 4313/4313/4015 748/748/715
f 3964/3964/3700 4314/4314/4016 4315/4315/4017
f 3964/3964/3700 3507/3507/3302 2953/2953/2801
f 3970/3970/3704 3969/3969/3703 4289/4289/3996
f 3964/3964/3700 4315/4315/4017 3507/3507/3302
f 3513/3513/3308 2659/2659/2533 4050/4050/3780
f 3513/3513/3308 1148/1148/1092 1384/1384/1310
f 3513/3513/3308 4050/4050/3780 1148/1148/1092
f 3513/3513/3308 2660/2660/2534 2659/2659/2533
f 4316/4316/4018 1334/1334/1262 1335/1335/1263
f 1505/1505/1421 2066/2066/1964 4317/4317/4019
f 4318/4318/4020 3145/3145/2978 4244/4244/3959
f 552/552/534 2490/2490/2365 553/553/535
f 3312/3312/3133 2400/2400/2278 2398/2398/2276
f 3313/3313/3134 3060/3060/2897 3492/3492/3287
f 3313/3313/3134 3493/3493/3288 3314/3314/3135
f 2972/2972/2814 1415/1415/1341 4319/4319/4021
f 1564/1564/1477 2830/2830/2692 2567/2567/2442
f 1951/1951/1857 3668/3668/3434 1952/1952/1858
f 1951/1951/1857 3708/3708/3473 3668/3668/3434
f 1951/1951/1857 1954/1954/1860 4320/4320/4022
f 1951/1951/1857 4320/4320/4022 3708/3708/3473
f 3904/3904/3648 2401/2401/2279 409/409/396
f 3904/3904/3648 4101/4101/3830 2401/2401/2279
f 3905/3905/3649 1776/1776/1684 1773/1773/1681
f 3905/3905/3649 1773/1773/1681 4321/4321/4023
f 4322/4322/4024 3168/3168/3001 1938/1938/1844
f 4322/4322/4024 4229/4229/3944 3960/3960/3698
f 4322/4322/4024 1351/1351/1279 3168/3168/3001
f 4322/4322/4024 1938/1938/1844 1937/1937/1843
f 4322/4322/4024 3960/3960/3698 1356/1356/1284
f 4322/4322/4024 1937/1937/1843 4229/4229/3944
f 4322/4322/4024 1356/1356/1284 1351/1351/1279
f 369/369/356 3471/3471/3266 370/370/357
f 4323/4323/4025 4324/4324/4026 3372/3372/3185
f 4323/4323/4025 4325/4325/4027 4326/4326/4028
f 627/627/605 630/630/608 4327/4327/4029
f 4323/4323/4025 3372/3372/3185 4325/4325/4027
f 3619/3619/3395 3293/3293/3116 4276/4276/3985
f 1270/1270/1198 700/700/670 53/53/49
f 1270/1270/1198 2422/2422/2300 1271/1271/1199
f 2844/2844/2706 4263/4263/3978 3955/3955/3693
f 2844/2844/2706 709/709/679 4263/4263/3978
f 1133/1133/1077 3364/3364/3180 2961/2961/2809
f 1133/1133/1077 1132/1132/1076 3364/3364/3180
f 1147/1147/1091 1148/1148/1092 4050/4050/3780
s 0
f 4328/4328/4030 4329/4329/4030 4330/4330/4030
s 1
f 1781/1781/1689 1155/1155/1097 3147/3147/2980
f 1781/1781/1689 3147/3147/2980 1782/1782/1690
f 2309/2309/2193 3690/3690/3455 4331/4331/4031
f 2873/2873/2735 4332/4332/4032 4333/4333/4033
f 2873/2873/2735 2872/2872/2734 4332/4332/4032
f 3452/3452/3247 2341/2341/2222 230/230/225
f 747/747/714 748/748/715 4313/4313/4015
f 747/747/714 4313/4313/4015 4218/4218/3935
f 747/747/714 4218/4218/3935 2635/2635/2509
f 3702/3702/3467 912/912/867 911/911/866
f 4220/4220/3937 1804/1804/1712 1802/1802/1710
f 4220/4220/3937 1200/1200/1138 1804/1804/1712
f 2742/2742/2610 755/755/722 2938/2938/2786
f 2745/2745/2613 2652/2652/2526 2651/2651/2525
f 2742/2742/2610 4221/4221/3938 755/755/722
f 3097/3097/2932 4334/4334/4034 3098/3098/2932
f 3712/3712/3477 4321/4321/4023 926/926/881
f 4335/4335/4035 2819/2819/2681 4336/4336/4036
f 4335/4335/4035 1904/1904/1810 2819/2819/2681
f 3998/3998/3732 3881/3881/3625 377/377/364
f 3998/3998/3732 4337/4337/4037 3881/3881/3625
f 1754/1754/1662 1756/1756/1664 2750/2750/2618
f 691/691/661 3484/3484/3279 1529/1529/1443
f 691/691/661 1529/1529/1443 2394/2394/2272
f 3952/3952/3690 3149/3149/2982 3148/3148/2981
f 3952/3952/3690 3148/3148/2981 1153/1153/1095
f 3952/3952/3690 1153/1153/1095 3689/3689/3454
f 897/897/852 1162/1162/1104 1931/1931/1837
f 906/906/861 3696/3696/3461 2480/2480/2355
f 1065/1065/1009 2691/2691/2565 2115/2115/2006
f 3110/3110/2943 1970/1970/1876 1968/1968/1874
f 2344/2344/2225 3720/3720/3485 3723/3723/3488
f 1377/1377/1303 1374/1374/1300 475/475/461
f 1377/1377/1303 475/475/461 1109/1109/1053
f 1384/1384/1310 1148/1148/1092 1146/1146/1090
f 2460/2460/2335 4282/4282/3989 999/999/943
f 2465/2465/2340 1348/1348/1276 1347/1347/1275
f 1003/1003/947 1002/1002/946 4338/4338/4038
f 2857/2857/2719 2859/2859/2721 4079/4079/3809
f 2857/2857/2719 4078/4078/3808 4080/4080/3810
f 2857/2857/2719 4080/4080/3810 3352/3352/3170
f 2857/2857/2719 4079/4079/3809 4078/4078/3808
f 3536/3536/3329 4339/4339/4039 3537/3537/3330
f 4185/4185/3902 2383/2383/2261 4340/4340/4040
f 2174/2174/2059 1925/1925/1831 1926/1926/1832
f 4185/4185/3902 4099/4099/3828 2383/2383/2261
f 2998/2998/2838 1054/1054/998 4187/4187/3904
f 2998/2998/2838 1055/1055/999 1054/1054/998
f 1688/1688/1599 1684/1684/1595 2549/2549/2424
f 2466/2466/2341 1197/1197/1135 1196/1196/1134
f 2466/2466/2341 1196/1196/1134 2467/2467/2342
f 3214/3214/3041 4341/4341/4041 3215/3215/3042
f 4342/4342/4042 4343/4343/4042 4344/4344/4042
f 4255/4255/3970 4041/4041/3771 4017/4017/3747
f 2721/2721/2591 2535/2535/2410 2534/2534/2409
f 4345/4345/4043 4346/4346/4044 2872/2872/2734
f 4347/4347/4045 3482/3482/3277 1918/1918/1824
f 4348/4348/4046 3731/3731/3495 4349/4349/4047
f 3084/3084/2919 3228/3228/3053 3085/3085/2920
f 4348/4348/4046 3732/3732/3496 3731/3731/3495
f 2750/2750/2618 1756/1756/1664 352/352/339
f 864/864/821 863/863/820 2151/2151/2036
f 3252/3252/3077 4350/4350/4048 3253/3253/3078
f 3252/3252/3077 4351/4351/4049 4350/4350/4048
f 3252/3252/3077 4352/4352/4050 4351/4351/4049
f 576/576/558 572/572/554 142/142/138
f 576/576/558 142/142/138 2221/2221/2106
f 1578/1578/1491 3199/3199/3030 1579/1579/1492
f 243/243/238 242/242/237 2346/2346/2227
f 1603/1603/1516 1605/1605/1518 4118/4118/3845
f 4135/4135/3856 4353/4353/4051 4136/4136/3857
s 0
f 4354/4354/4052 4355/4355/4052 4356/4356/4052
s 1
f 4357/4357/4053 2838/2838/2700 4143/4143/3864
f 4357/4357/4053 4143/4143/3864 4142/4142/3863
f 2758/2758/2626 2754/2754/2622 3353/3353/3171
f 2763/2763/2631 2762/2762/2630 3990/3990/3724
f 2763/2763/2631 3990/3990/3724 4358/4358/4054
f 35/35/31 2852/2852/2714 2500/2500/2375
f 1677/1677/1588 2686/2686/2560 4359/4359/4055
f 857/857/814 2276/2276/2160 3038/3038/2876
f 857/857/814 859/859/816 2276/2276/2160
f 876/876/833 3613/3613/3389 3222/3222/3047
f 2399/2399/2277 4340/4340/4040 2153/2153/2038
f 751/751/718 4360/4360/4056 755/755/722
f 751/751/718 4361/4361/4057 4360/4360/4056
f 2923/2923/2771 3985/3985/3719 2924/2924/2772
f 2923/2923/2771 2618/2618/2492 3985/3985/3719
f 3197/3197/3028 1858/1858/1764 3198/3198/3029
f 2426/2426/2304 2239/2239/2123 932/932/887
f 4362/4362/4058 936/936/891 1980/1980/1882
f 2042/2042/1940 661/661/633 663/663/635
f 2042/2042/1940 663/663/635 1745/1745/1653
f 1407/1407/1333 1406/1406/1332 4363/4363/4059
f 2954/2954/2802 4364/4364/4060 2955/2955/2803
f 2954/2954/2802 2195/2195/2080 2194/2194/2079
f 2954/2954/2802 2003/2003/1905 2195/2195/2080
f 2954/2954/2802 2194/2194/2079 4364/4364/4060
f 4164/4164/3883 3531/3531/3324 4365/4365/4061
s 0
f 4366/4366/4062 4367/4367/4062 4368/4368/4062
s 1
f 4369/4369/4063 4370/4370/4064 3800/3800/3555
f 1016/1016/960 1818/1818/1724 4027/4027/3757
f 3346/3346/3164 3348/3348/3166 4371/4371/4065
f 4372/4372/4066 1098/1098/1042 1097/1097/1041
f 2942/2942/2790 2941/2941/2789 2862/2862/2724
f 3827/3827/3578 4373/4373/4067 3828/3828/3579
f 4374/4374/4068 4375/4375/4069 4376/4376/4069
f 3827/3827/3578 4377/4377/4070 4373/4373/4067
f 3827/3827/3578 4378/4378/4071 4377/4377/4070
f 3144/3144/2977 3710/3710/3475 4245/4245/3960
f 3144/3144/2977 4244/4244/3959 3145/3145/2978
f 3144/3144/2977 4245/4245/3960 4244/4244/3959
f 1711/1711/1622 4017/4017/3747 1712/1712/1623
f 2511/2511/2386 4379/4379/4072 2512/2512/2387
f 3828/3828/3579 3770/3770/3527 3239/3239/3064
f 1353/1353/1281 1357/1357/1285 3768/3768/3525
f 3018/3018/2856 4145/4145/3866 3019/3019/2857
f 3421/3421/3222 3420/3420/3222 4380/4380/4073
f 646/646/620 4196/4196/3913 647/647/621
f 651/651/623 641/641/615 286/286/279
f 646/646/620 4197/4197/3914 4196/4196/3913
f 3364/3364/3180 1132/1132/1076 4381/4381/4074
f 1595/1595/1508 2648/2648/2522 2647/2647/2521
f 1412/1412/1338 4319/4319/4021 1415/1415/1341
f 1412/1412/1338 4039/4039/3769 4319/4319/4021
f 2153/2153/2038 4340/4340/4040 2380/2380/2258
f 2153/2153/2038 2380/2380/2258 2154/2154/2039
f 2335/2335/2216 2333/2333/2214 4029/4029/3759
f 1952/1952/1858 4382/4382/4075 1953/1953/1859
f 1952/1952/1858 3668/3668/3434 4382/4382/4075
f 4229/4229/3944 4383/4383/4076 3960/3960/3698
f 3089/3089/2924 3085/3085/2920 328/328/319
f 4384/4384/4077 4070/4070/3800 3840/3840/3589
f 3041/3041/2879 3615/3615/3391 797/797/756
f 3479/3479/3274 3822/3822/3575 3480/3480/3275
f 69/69/65 3894/3894/3638 3250/3250/3075
f 2938/2938/2786 755/755/722 4360/4360/4056
f 2938/2938/2786 4360/4360/4056 2939/2939/2787
f 4385/4385/4078 3899/3899/3643 3068/3068/2905
f 4385/4385/4078 3068/3068/2905 3216/3216/3043
f 4171/4171/3890 4386/4386/4079 4307/4307/4010
f 481/481/467 160/160/155 2474/2474/2349
f 481/481/467 2474/2474/2349 2473/2473/2348
f 481/481/467 2473/2473/2348 483/483/469
f 1025/1025/969 1028/1028/972 3147/3147/2980
f 1025/1025/969 3149/3149/2982 1026/1026/970
f 3059/3059/2896 3492/3492/3287 3060/3060/2897
f 3020/3020/2858 3593/3593/3369 454/454/440
f 3448/3448/3243 3956/3956/3694 4387/4387/4080
f 541/541/525 4388/4388/4081 542/542/526
f 1100/1100/1044 1104/1104/1048 1596/1596/1509
f 4389/4389/4082 4091/4091/3821 4390/4390/4083
f 1212/1212/1148 4090/4090/3820 4089/4089/3819
f 3132/3132/2965 4103/4103/3832 2563/2563/2438
f 4391/4391/4084 4326/4326/4028 4392/4392/4085
f 4393/4393/4086 4394/4394/4087 4395/4395/4087
f 1755/1755/1663 4396/4396/4088 352/352/339
f 4263/4263/3978 709/709/679 313/313/306
f 3707/3707/3472 3669/3669/3435 3708/3708/3473
f 4327/4327/4029 630/630/608 4397/4397/4089
f 4327/4327/4029 4397/4397/4089 4398/4398/4090
f 4324/4324/4026 3373/3373/3186 3372/3372/3185
f 2467/2467/2342 1196/1196/1134 2084/2084/1982
f 3797/3797/3552 3800/3800/3555 4370/4370/4064
s 0
f 4399/4399/4091 4400/4400/4091 4401/4401/4091
s 1
f 4402/4402/4092 917/917/872 3902/3902/3646
f 2819/2819/2681 3995/3995/3729 4336/4336/4036
f 2383/2383/2261 2380/2380/2258 4340/4340/4040
f 2825/2825/2687 167/167/162 166/166/161
f 3154/3154/2987 3156/3156/2989 4403/4403/4093
f 4404/4404/4094 4351/4351/4049 4405/4405/4095
f 3711/3711/3476 3708/3708/3473 4320/4320/4022
s 0
f 4406/4406/4096 4407/4407/4096 4408/4408/4096
s 1
f 4234/4234/3949 4233/4233/3948 1697/1697/1608
f 1601/1601/1514 1600/1600/1513 4409/4409/4097
f 4410/4410/4098 4411/4411/4099 4412/4412/4100
f 4410/4410/4098 3333/3333/3152 4411/4411/4099
f 4114/4114/3841 4413/4413/4101 3741/3741/3504
f 2450/2450/2326 2454/2454/2330 363/363/350
f 2450/2450/2326 363/363/350 362/362/349
f 297/297/290 2548/2548/2423 3868/3868/3614
f 296/296/289 2689/2689/2563 3823/3823/3576
f 3850/3850/3599 4414/4414/4102 4415/4415/4103
f 3850/3850/3599 4415/4415/4103 4282/4282/3989
f 2640/2640/2514 1893/1893/1799 4208/4208/3925
f 2640/2640/2514 4208/4208/3925 2888/2888/2750
f 3779/3779/3536 4247/4247/3962 769/769/736
f 2191/2191/2076 2190/2190/2075 3190/3190/3021
f 184/184/179 4416/4416/4104 2046/2046/1944
f 2500/2500/2375 2501/2501/2376 4226/4226/3941
f 200/200/195 4417/4417/4105 2685/2685/2559
f 200/200/195 4213/4213/3930 4417/4417/4105
f 1857/1857/1763 2788/2788/2650 1577/1577/1490
f 3693/3693/3458 2946/2946/2794 2945/2945/2793
f 911/911/866 913/913/868 3703/3703/3468
f 1713/1713/1624 4151/4151/3872 1714/1714/1625
f 111/111/107 4018/4018/3748 3217/3217/3044
f 2892/2892/2754 2893/2893/2755 101/101/97
f 2809/2809/2671 1814/1814/1720 1311/1311/1239
f 2809/2809/2671 1311/1311/1239 1310/1310/1238
f 1253/1253/1187 1645/1645/1556 3622/3622/3398
f 1253/1253/1187 3622/3622/3398 1256/1256/1190
f 4167/4167/3886 704/704/674 3625/3625/3401
f 4172/4172/3891 3898/3898/3642 3897/3897/3641
f 1318/1318/1246 1880/1880/1786 1319/1319/1247
f 4418/4418/4106 3673/3673/3439 2290/2290/2174
f 3881/3881/3625 4337/4337/4037 4419/4419/4107
f 4277/4277/3986 883/883/838 1530/1530/1444
f 4005/4005/3735 4420/4420/4108 2228/2228/2113
f 1774/1774/1682 1301/1301/1229 1300/1300/1228
f 1774/1774/1682 1300/1300/1228 2402/2402/2280
f 3921/3921/3665 1550/1550/1464 4105/4105/3834
f 3921/3921/3665 1555/1555/1469 1550/1550/1464
f 3921/3921/3665 4105/4105/3834 4421/4421/4109
f 4422/4422/4110 4085/4085/3815 4084/4084/3814
f 3271/3271/3094 2700/2700/2574 2699/2699/2573
f 474/474/460 476/476/462 3660/3660/3426
f 474/474/460 1109/1109/1053 475/475/461
s 0
f 4423/4423/4111 4424/4424/4111 4425/4425/4111
s 1
f 4024/4024/3754 4426/4426/4112 4025/4025/3755
f 2357/2357/2238 2359/2359/2240 4049/4049/3779
f 530/530/514 3675/3675/3441 531/531/515
f 2772/2772/2636 4427/4427/4113 4226/4226/3941
s 0
f 4428/4428/4114 4429/4429/4114 4430/4430/4114
s 1
f 2772/2772/2636 4226/4226/3941 2501/2501/2376
f 3807/3807/3562 574/574/556 2219/2219/2104
f 4431/4431/4115 4395/4395/4087 4394/4394/4087
f 4325/4325/4027 4392/4392/4085 4326/4326/4028
f 60/60/56 57/57/53 2405/2405/2283
f 1620/1620/1533 1623/1623/1536 3832/3832/3583
f 1111/1111/1055 2359/2359/2240 1112/1112/1056
f 2835/2835/2697 3518/3518/3313 2836/2836/2698
f 2835/2835/2697 4139/4139/3860 3518/3518/3313
f 727/727/696 430/430/417 3354/3354/3172
f 725/725/694 3351/3351/3169 726/726/695
f 4332/4332/4032 2872/2872/2734 4346/4346/4044
f 1480/1480/1400 1482/1482/1402 2802/2802/2664
f 1480/1480/1400 4121/4121/3848 278/278/271
f 4432/4432/4116 286/286/279 641/641/615
f 2288/2288/2172 2290/2290/2174 3675/3675/3441
f 4046/4046/3776 4269/4269/3982 3683/3683/3449
f 4046/4046/3776 4047/4047/3777 4076/4076/3806
f 4046/4046/3776 3683/3683/3449 3681/3681/3447
f 3704/3704/3469 3703/3703/3468 3318/3318/3139
f 3704/3704/3469 3318/3318/3139 4202/4202/3919
f 1768/1768/1676 1767/1767/1675 2609/2609/2484
f 4375/4375/4069 4433/4433/4117 4376/4376/4069
f 348/348/335 4434/4434/4118 352/352/339
f 522/522/506 1007/1007/951 2561/2561/2436
f 2165/2165/2050 3394/3394/3199 2982/2982/2822
f 1043/1043/987 2994/2994/2834 1044/1044/988
f 2764/2764/2632 4411/4411/4099 3333/3333/3152
f 2764/2764/2632 2766/2766/2634 4411/4411/4099
f 1684/1684/1595 1898/1898/1804 2549/2549/2424
s 0
f 4435/4435/4119 4436/4436/4119 4437/4437/4119
s 1
f 1947/1947/1853 4438/4438/4120 4249/4249/3964
f 3036/3036/2874 3037/3037/2875 4054/4054/3784
f 1406/1406/1332 1408/1408/1334 2882/2882/2744
f 4439/4439/4121 4440/4440/4122 4441/4441/1573
f 59/59/55 3806/3806/3561 171/171/166
f 3766/3766/3523 3768/3768/3525 1357/1357/1285
f 3456/3456/3251 3457/3457/3252 3908/3908/3652
f 2888/2888/2750 4208/4208/3925 2889/2889/2751
f 3278/3278/3101 1822/1822/1728 3279/3279/3102
f 3278/3278/3101 527/527/511 1823/1823/1729
f 3278/3278/3101 1823/1823/1729 1822/1822/1728
f 4207/4207/3924 3478/3478/3273 2282/2282/2166
f 4072/4072/3802 4442/4442/4123 3842/3842/3591
f 3530/3530/3323 4365/4365/4061 3531/3531/3324
f 1770/1770/1678 1764/1764/1672 3632/3632/3408
f 2668/2668/2542 4080/4080/3810 1849/1849/1755
f 2668/2668/2542 3352/3352/3170 4080/4080/3810
f 4443/4443/4124 2685/2685/2559 4417/4417/4105
f 4444/4444/4125 3981/3981/3715 4204/4204/3921
f 3109/3109/2942 4445/4445/4126 2374/2374/2252
f 661/661/633 1399/1399/1325 662/662/634
f 4446/4446/4127 4390/4390/4083 4091/4091/3821
f 4446/4446/4127 4091/4091/3821 3776/3776/3533
s 0
f 4447/4447/4128 4448/4448/4128 4449/4449/4128
s 1
f 282/282/275 1268/1268/1196 1267/1267/1195
f 282/282/275 1267/1267/1195 4450/4450/4129
f 3990/3990/3724 3293/3293/3116 4358/4358/4054
f 4146/4146/3867 4451/4451/4130 305/305/298
f 1712/1712/1623 4017/4017/3747 4041/4041/3771
f 4018/4018/3748 472/472/458 2132/2132/2021
f 4452/4452/4131 4254/4254/3969 4253/4253/3968
f 4452/4452/4131 4253/4253/3968 4453/4453/4132
f 1645/1645/1556 1648/1648/1559 3622/3622/3398
f 4321/4321/4023 1773/1773/1681 926/926/881
f 3684/3684/3450 3685/3685/3451 4454/4454/4133
f 386/386/373 1326/1326/1254 1323/1323/1251
f 4455/4455/4134 4454/4454/4133 3685/3685/3451
f 81/81/77 305/305/298 82/82/78
f 1131/1131/1075 3891/3891/3635 2832/2832/2694
f 3590/3590/3366 4456/4456/4135 3591/3591/3367
f 3537/3537/3330 4278/4278/3987 3538/3538/3331
f 2637/2637/2511 662/662/634 1399/1399/1325
f 2190/2190/2075 672/672/644 667/667/639
f 3985/3985/3719 2618/2618/2492 4457/4457/4136
f 3812/3812/3567 4458/4458/4137 4231/4231/3946
f 621/621/599 618/618/596 3861/3861/3610
f 2622/2622/2496 1180/1180/1118 2115/2115/2006
f 4411/4411/4099 4459/4459/4138 4412/4412/4100
f 4052/4052/3782 3259/3259/3084 2666/2666/2540
f 1000/1000/944 4282/4282/3989 4415/4415/4103
f 1000/1000/944 999/999/943 4282/4282/3989
f 3304/3304/3127 1422/1422/1348 1419/1419/1345
f 3668/3668/3434 3708/3708/3473 3669/3669/3435
f 1478/1478/1398 2253/2253/2137 1481/1481/1401
f 3673/3673/3439 3675/3675/3441 2290/2290/2174
f 2869/2869/2731 4460/4460/4139 3493/3493/3288
f 4296/4296/4003 1697/1697/1608 4233/4233/3948
f 3605/3605/3381 2128/2128/2017 419/419/406
f 625/625/603 1887/1887/1793 1884/1884/1790
f 625/625/603 3177/3177/3008 1887/1887/1793
f 2421/2421/2299 2423/2423/2301 3264/3264/3089
f 2421/2421/2299 3394/3394/3199 1271/1271/1199
f 2421/2421/2299 1271/1271/1199 2422/2422/2300
f 2421/2421/2299 3264/3264/3089 3394/3394/3199
f 4461/4461/4140 3429/3429/3228 3210/3210/3037
f 4462/4462/4141 4463/4463/4142 4464/4464/4143
f 1822/1822/1728 1818/1818/1724 3279/3279/3102
f 3593/3593/3369 456/456/442 454/454/440
f 872/872/829 3047/3047/2884 4465/4465/4144
f 872/872/829 871/871/828 3047/3047/2884
f 884/884/839 2395/2395/2273 1529/1529/1443
f 933/933/888 932/932/887 2239/2239/2123
f 773/773/738 769/769/736 4247/4247/3962
f 2514/2514/2389 2100/2100/1994 2094/2094/1988
f 2512/2512/2387 4379/4379/4072 4466/4466/4145
f 4314/4314/4016 4464/4464/4143 4463/4463/4142
f 4314/4314/4016 4463/4463/4142 4315/4315/4017
f 4467/4467/4146 4468/4468/4147 4166/4166/3885
f 92/92/88 86/86/82 4106/4106/3835
f 1369/1369/1295 1371/1371/1297 4469/4469/4148
f 2423/2423/2301 2424/2424/2302 2168/2168/2053
f 4421/4421/4109 4105/4105/3834 4104/4104/3833
f 2557/2557/2432 3814/3814/3569 4470/4470/4149
f 4405/4405/4095 4351/4351/4049 4352/4352/4050
f 4471/4471/4150 3314/3314/3135 4460/4460/4139
f 4472/4472/4151 2123/2123/2012 1080/1080/1024
f 4472/4472/4151 1080/1080/1024 3498/3498/3293
f 4166/4166/3885 4468/4468/4147 2593/2593/2468
f 3861/3861/3610 542/542/526 4388/4388/4081
f 2177/2177/2062 1926/1926/1832 1924/1924/1830
f 4145/4145/3866 3595/3595/3371 3019/3019/2857
f 3394/3394/3199 3264/3264/3089 2982/2982/2822
f 2666/2666/2540 3259/3259/3084 4473/4473/4152
f 2394/2394/2272 1529/1529/1443 2395/2395/2273
s 0
f 4474/4474/4153 4475/4475/4153 4476/4476/4153
s 1
f 4396/4396/4088 353/353/340 352/352/339
f 2678/2678/2552 2681/2681/2555 4477/4477/4154
f 3292/3292/3115 4358/4358/4054 3293/3293/3116
f 2889/2889/2751 4208/4208/3925 2298/2298/2182
f 1102/1102/1046 2645/2645/2519 1103/1103/1047
f 4473/4473/4152 3259/3259/3084 1797/1797/1705
f 3314/3314/3135 3493/3493/3288 4460/4460/4139
f 3318/3318/3139 3319/3319/3140 4202/4202/3919
f 2470/2470/2345 4285/4285/3992 2471/2471/2346
f 998/998/942 1000/1000/944 4415/4415/4103
f 993/993/937 4478/4478/4155 997/997/941
f 382/382/369 867/867/824 4479/4479/4156
f 3882/3882/3626 1324/1324/1252 3883/3883/3627
f 3072/3072/2909 3071/3071/2908 4480/4480/4157
f 3075/3075/2912 3077/3077/2914 4481/4481/4158
f 3077/3077/2914 4482/4482/4159 4481/4481/4158
f 4482/4482/4159 4483/4483/4160 4481/4481/4158
f 4483/4483/4160 4484/4484/4161 4481/4481/4158
f 97/97/93 94/94/90 4485/4485/4162
f 94/94/90 96/96/92 4485/4485/4162
f 3464/3464/3259 3463/3463/3258 4486/4486/4163
f 3112/3112/2945 3115/3115/2948 4487/4487/4164
f 3115/3115/2948 3173/3173/3004 4487/4487/4164
s 0
f 4488/4488/4165 4489/4489/4165 4490/4490/4165
s 1
f 3404/3404/3207 97/97/93 4485/4485/4162
f 1222/1222/1156 1219/1219/1153 4491/4491/4166
f 1219/1219/1153 1221/1221/1155 4491/4491/4166
f 1221/1221/1155 1888/1888/1794 4491/4491/4166
f 1894/1894/1800 2640/2640/2514 4492/4492/4167
f 2640/2640/2514 2888/2888/2750 4492/4492/4167
f 2885/2885/2747 2884/2884/2746 4491/4491/4166
f 2884/2884/2746 1222/1222/1156 4491/4491/4166
f 4493/4493/4168 2988/2988/2828 4494/4494/4169
f 2988/2988/2828 2990/2990/2830 4494/4494/4169
f 2990/2990/2830 4495/4495/4170 4494/4494/4169
f 4495/4495/4170 3589/3589/3365 4494/4494/4169
f 3589/3589/3365 3591/3591/3367 4494/4494/4169
f 3591/3591/3367 4493/4493/4168 4494/4494/4169
f 861/861/818 860/860/817 4496/4496/4171
f 860/860/817 864/864/821 4496/4496/4171
f 864/864/821 2150/2150/2035 4496/4496/4171
f 2150/2150/2035 2156/2156/2041 4496/4496/4171
f 3858/3858/3607 3856/3856/3605 4497/4497/4172
f 3856/3856/3605 2381/2381/2259 4497/4497/4172
f 2381/2381/2259 2377/2377/2255 4497/4497/4172
f 2377/2377/2255 4097/4097/3827 4497/4497/4172
f 2205/2205/2090 2204/2204/2089 4498/4498/4173
f 2204/2204/2089 2207/2207/2092 4498/4498/4173
f 2207/2207/2092 4007/4007/3737 4498/4498/4173
f 2230/2230/2115 2826/2826/2688 4499/4499/4174
f 2826/2826/2688 2605/2605/2480 4499/4499/4174
f 4500/4500/4175 2205/2205/2090 4498/4498/4173
f 4501/4501/4176 4502/4502/4177 4503/4503/4178
f 4502/4502/4177 4504/4504/4179 4503/4503/4178
f 4504/4504/4179 4505/4505/4180 4503/4503/4178
f 4505/4505/4180 1692/1692/1603 4503/4503/4178
f 1692/1692/1603 1691/1691/1602 4503/4503/4178
f 1691/1691/1602 4501/4501/4176 4503/4503/4178
f 371/371/358 367/367/354 370/370/357
f 371/371/358 370/370/357 3471/3471/3266
f 4506/4506/4181 371/371/358 3471/3471/3266
f 2568/2568/2443 3469/3469/3264 3467/3467/3262
f 2568/2568/2443 3467/3467/3262 3466/3466/3261
f 2568/2568/2443 3466/3466/3261 950/950/901
f 843/843/800 840/840/797 4507/4507/4182
f 840/840/797 842/842/799 4507/4507/4182
f 2177/2177/2062 1924/1924/1830 4508/4508/4183
f 1924/1924/1830 400/400/387 4508/4508/4183
f 400/400/387 401/401/388 4508/4508/4183
f 3311/3311/3132 3312/3312/3133 4507/4507/4182
f 3312/3312/3133 843/843/800 4507/4507/4182
f 4439/4439/4121 4509/4509/4184 4510/4510/4185
f 4509/4509/4184 3688/3688/3453 4510/4510/4185
f 3688/3688/3453 3687/3687/3452 4510/4510/4185
f 564/564/546 563/563/545 4511/4511/4186
f 563/563/545 1840/1840/1746 4511/4511/4186
f 1840/1840/1746 1839/1839/1745 4511/4511/4186
f 1839/1839/1745 1664/1664/1575 4511/4511/4186
f 1664/1664/1575 1663/1663/1574 4511/4511/4186
f 1663/1663/1574 2683/2683/2557 4511/4511/4186
f 4440/4440/4122 4439/4439/4121 4510/4510/4185
f 731/731/700 728/728/697 4512/4512/4187
f 728/728/697 730/730/699 4512/4512/4187
f 730/730/699 3204/3204/3033 4512/4512/4187
f 3204/3204/3033 3200/3200/3031 4512/4512/4187
f 3200/3200/3031 3198/3198/3029 4512/4512/4187
f 3198/3198/3029 1858/1858/1764 4512/4512/4187
f 1858/1858/1764 731/731/700 4512/4512/4187
f 5/5/5 1/1/1 4513/4513/4188
f 1/1/1 3/3/3 4513/4513/4188
f 3/3/3 1345/1345/1273 4513/4513/4188
f 1345/1345/1273 1344/1344/1272 4513/4513/4188
f 1344/1344/1272 1348/1348/1276 4513/4513/4188
f 4338/4338/4038 1002/1002/946 4514/4514/4189
f 1002/1002/946 392/392/379 4514/4514/4189
f 392/392/379 391/391/378 4514/4514/4189
f 388/388/375 390/390/377 4513/4513/4188
f 390/390/377 5/5/5 4513/4513/4188
