# Blender 5.2.0 LTS
# www.blender.org
mtllib hub_prop_settings.mtl
o Mesh_0
v 0.000448 0.064942 -0.000014
v 0.010254 0.063965 -0.000230
v 0.009705 0.069824 0.014160
v 0.000051 0.070312 0.014099
v 0.002395 0.069824 -0.013855
v -0.009033 0.064453 0.000021
v -0.006409 0.069824 -0.013916
v 0.082520 -0.075195 -0.014343
v 0.079102 -0.077637 -0.014771
v 0.074707 -0.072754 -0.014832
v 0.078613 -0.068360 -0.014771
v 0.082520 -0.075195 -0.014343
v 0.078613 -0.068360 -0.014771
v 0.083985 -0.071778 -0.014466
v -0.060302 0.091797 0.014709
v -0.062988 0.088379 0.014526
v -0.059326 0.084961 0.014709
v -0.054199 0.089844 0.014709
v -0.055420 0.094727 0.014831
v -0.068847 -0.067871 0.014465
v -0.070801 -0.070801 -0.014771
v -0.068847 -0.067383 -0.014588
v -0.072265 -0.063965 0.014587
v -0.070801 -0.070801 0.014404
v 0.135742 0.180664 -0.024048
v 0.182617 0.136719 -0.023926
v 0.135742 0.177734 -0.022217
v 0.135742 0.180664 -0.024048
v 0.131836 0.180664 -0.024170
v 0.132812 0.201172 -0.024292
v 0.143554 0.199219 -0.024414
v 0.149414 0.196289 -0.024292
v 0.133789 0.177734 -0.022583
v 0.149414 0.196289 -0.024292
v 0.135742 0.177734 -0.022217
v 0.026245 -0.119629 0.018310
v 0.030029 -0.167969 0.017700
v 0.062011 -0.156250 0.018188
v 0.026245 -0.119629 0.018310
v 0.006317 -0.122558 0.017944
v 0.030029 -0.167969 0.017700
v 0.016601 -0.114746 0.023071
v 0.049316 -0.109375 0.018432
v 0.031739 -0.111328 0.023315
v 0.031739 -0.111328 0.023315
v -0.101562 0.041748 -0.014649
v -0.096680 0.041260 0.014526
v -0.101562 0.041992 0.014526
v -0.101562 0.041748 -0.014649
v -0.101074 0.045410 -0.014710
v -0.096680 0.041748 -0.014954
v -0.096680 0.041260 0.014526
v -0.109863 -0.040771 0.022705
v -0.118164 -0.028686 0.018310
v -0.113281 -0.043701 0.018066
v -0.107422 -0.035156 0.020752
v -0.114258 -0.026977 0.022949
v -0.109863 -0.040771 0.022705
v -0.114258 -0.026977 0.022949
v -0.118164 -0.028686 0.018310
v -0.104004 -0.052002 0.022705
v -0.101562 -0.047608 0.020752
v 0.045899 0.104492 -0.006989
v 0.030762 0.108398 -0.021973
v 0.045410 0.102539 -0.021607
v 0.045899 0.104492 -0.006989
v 0.045410 0.102539 -0.021607
v 0.059570 0.096680 -0.006684
v 0.031739 0.108887 -0.006806
v 0.032959 0.095215 -0.006439
v 0.041504 0.090332 -0.006531
v 0.041504 0.090332 -0.006531
v 0.154297 -0.198242 0.018799
v 0.153321 -0.198242 -0.019409
v 0.203125 -0.151367 0.018677
v 0.151367 -0.196289 0.022095
v 0.145508 -0.200196 0.022339
v 0.146484 -0.203125 0.019043
v 0.146484 -0.202148 -0.018921
v -0.062500 0.044922 -0.018799
v -0.055420 0.044434 -0.013916
v -0.062500 0.034912 -0.014160
v -0.082031 0.050781 -0.018799
v -0.073730 0.062011 -0.018677
v -0.055908 0.053711 -0.018921
v -0.068847 0.035645 -0.018921
v -0.058594 -0.095215 -0.015198
v -0.056153 -0.090332 0.014770
v -0.058350 -0.095703 0.014587
v -0.058594 -0.095215 -0.015198
v -0.062011 -0.094238 -0.015076
v -0.056153 -0.089844 -0.015137
v -0.056153 -0.090332 0.014770
v 0.105469 0.058594 0.018677
v 0.148438 0.091308 0.018432
v 0.095215 0.073242 0.018555
v 0.105469 0.058594 0.018677
v 0.094238 0.067383 0.022949
v 0.101562 0.056153 0.023071
v 0.095215 0.073242 0.018555
v 0.163086 0.061280 0.018188
v 0.112793 0.043945 0.018432
v 0.112793 0.043945 0.018432
v 0.068360 -0.039062 -0.018921
v 0.080567 -0.056640 -0.018555
v 0.062256 -0.047851 -0.018799
v 0.068360 -0.039062 -0.018921
v 0.088379 -0.043945 -0.018311
v 0.080567 -0.056640 -0.018555
v 0.072265 -0.030274 -0.018921
v 0.088379 -0.043945 -0.018311
v 0.058350 -0.040528 -0.013550
v 0.063477 -0.032470 -0.013672
v -0.153321 0.200196 0.019653
v -0.151367 0.198242 0.022461
v -0.143554 0.203125 0.022827
v -0.145508 0.204102 0.019775
v -0.145508 0.205078 -0.019287
v -0.153321 0.200196 -0.019653
v -0.201172 0.151367 0.019409
v -0.165039 -0.028321 -0.009888
v -0.165039 -0.029297 -0.022461
v -0.220703 -0.029175 -0.009461
v -0.164062 -0.028809 -0.009949
v 0.042480 0.242188 0.024048
v 0.031006 0.224609 0.023926
v 0.033691 0.222656 0.023804
v 0.052246 0.238281 0.022461
v 0.043457 0.246094 0.022583
v 0.050049 0.236328 0.024170
v 0.034424 0.244141 0.024414
v 0.033691 0.249023 0.022705
v 0.082031 -0.089844 -0.018311
v 0.074219 -0.088867 -0.023194
v 0.092773 -0.078125 -0.018311
v 0.062988 -0.096192 -0.023194
v 0.066895 -0.100097 -0.018311
v 0.129883 -0.105469 -0.017822
v 0.104492 -0.123535 -0.018189
v -0.063965 0.088379 -0.014527
v -0.016846 -0.122558 0.017944
v 0.002411 -0.116211 0.023071
v -0.016846 -0.122558 0.017944
v -0.030762 -0.120117 0.018066
v 0.002320 -0.167969 0.017822
v -0.015259 -0.116211 0.023071
v 0.002320 -0.167969 0.017822
v -0.016846 -0.122558 0.017944
v -0.015259 -0.116211 0.023071
v -0.030762 -0.120117 0.018066
v 0.250000 0.029297 -0.019409
v 0.250000 -0.031983 -0.019043
v 0.250000 0.028931 -0.022095
v 0.250000 0.029907 0.019287
v 0.250000 0.029297 -0.019409
v 0.250000 0.040771 -0.019409
v 0.250000 0.041504 0.019043
v 0.250000 0.028931 -0.022095
v 0.249023 0.038819 -0.022217
v 0.250000 0.029907 0.019287
v 0.083008 -0.053222 0.006225
v 0.090332 -0.040528 0.006317
v 0.089355 -0.041015 0.018310
v 0.083008 -0.053222 0.006225
v 0.089355 -0.041015 0.018310
v 0.082520 -0.053711 0.018432
v 0.075195 -0.064453 0.006164
v 0.097656 -0.057617 0.006409
v 0.104980 -0.043213 0.006439
v 0.083008 -0.053222 0.006225
v 0.104980 -0.043213 0.006439
v 0.090332 -0.040528 0.006317
v -0.091797 0.137696 -0.022705
v -0.090820 0.136719 -0.010620
v -0.091797 0.136719 -0.010376
v -0.091797 0.137696 -0.022705
v -0.028931 0.164062 -0.022461
v -0.090820 0.136719 -0.010620
v -0.091797 0.137696 -0.022705
v -0.091797 0.140625 -0.023682
v -0.030396 0.166016 -0.023804
v -0.131836 0.176758 -0.022583
v -0.091797 0.140625 -0.023682
v -0.091797 0.137696 -0.022705
v -0.030396 0.166016 -0.023804
v -0.028931 0.164062 -0.022461
v -0.133789 -0.174804 0.009826
v -0.176758 -0.135742 0.009521
v -0.132812 -0.175781 0.022583
v -0.133789 -0.174804 0.009826
v -0.132812 -0.175781 0.022583
v -0.131836 -0.174804 0.009888
v 0.063477 0.074707 -0.018555
v 0.053467 0.056396 -0.018799
v 0.045166 0.062500 -0.018677
v 0.063477 0.074707 -0.018555
v 0.063477 0.075195 -0.006439
v 0.073242 0.064942 -0.018799
v 0.053467 0.056396 -0.018799
v 0.052735 0.083008 -0.018311
v 0.063477 0.074707 -0.018555
v 0.052979 0.083496 -0.006348
v 0.063477 0.075195 -0.006439
v 0.052735 0.083008 -0.018311
v 0.165039 -0.029541 0.022705
v 0.138672 -0.089355 0.009888
v 0.139648 -0.089844 0.022583
v 0.165039 -0.029541 0.022705
v 0.165039 -0.029052 0.009826
v 0.138672 -0.089355 0.009888
v 0.165039 -0.029541 0.022705
v 0.223633 -0.030517 0.022095
v 0.165039 -0.028564 0.010010
v 0.225586 -0.032715 0.023559
v 0.166992 -0.031250 0.023926
v 0.165039 -0.028564 0.010010
v 0.165039 -0.029541 0.022705
v 0.139648 -0.089844 0.022583
v 0.166992 -0.031250 0.023926
v -0.031983 0.169922 -0.017945
v -0.047608 0.111328 -0.018189
v -0.090332 0.140625 -0.017945
v -0.030029 0.116699 -0.018067
v -0.031983 0.169922 -0.017945
v -0.015625 0.170898 -0.018067
v -0.030029 0.116699 -0.018067
v -0.031983 0.169922 -0.017945
v -0.033203 0.227539 -0.017822
v -0.015625 0.170898 -0.018067
v -0.084961 -0.073730 -0.015076
v -0.078613 -0.071778 -0.015137
v -0.082031 -0.076172 -0.015137
v -0.086914 -0.070801 -0.015076
v -0.082520 -0.066895 -0.015259
v 0.082520 0.073242 0.014770
v 0.079102 0.068847 0.015014
v 0.084961 0.070801 0.014770
v 0.082520 0.073730 -0.014588
v 0.029541 -0.220703 -0.009644
v 0.031739 -0.219727 -0.022949
v 0.030639 -0.220703 -0.023071
v -0.029663 -0.219727 -0.009461
v 0.030151 -0.217773 -0.009827
v -0.245117 0.029419 0.023926
v -0.226562 -0.029663 0.023559
v -0.227539 0.030029 0.023681
v -0.245117 0.029419 0.023926
v -0.250000 0.029419 0.022583
v -0.246094 -0.032959 0.023681
v -0.227539 0.030029 0.023681
v -0.244141 0.039306 0.023804
v -0.245117 0.029419 0.023926
v -0.246094 -0.032959 0.023681
v -0.226562 -0.029663 0.023559
v -0.229492 -0.062011 0.018432
v -0.238281 -0.053467 0.021972
v -0.240234 -0.055664 0.018799
v -0.229492 -0.062011 0.018432
v -0.196289 -0.064942 0.018555
v -0.228516 -0.058594 0.021728
v -0.240234 -0.055664 -0.018433
v -0.229492 -0.061280 -0.018067
v -0.229492 -0.061280 -0.018067
v -0.228516 -0.058594 0.021728
v 0.011963 0.102051 -0.014343
v 0.007202 0.102051 0.014587
v 0.011657 0.102051 0.014343
v 0.011963 0.102051 -0.014343
v 0.006988 0.097168 -0.014404
v 0.007110 0.102051 -0.014527
v 0.011475 0.097168 -0.014404
v 0.007202 0.102051 0.014587
v 0.011657 0.102051 0.014343
v 0.117676 -0.200196 0.021972
v 0.129883 -0.205078 0.018555
v 0.131836 -0.203125 0.021972
v 0.120117 -0.196289 0.023681
v 0.087890 -0.175781 0.022095
v 0.117676 -0.201172 0.018555
v 0.131836 -0.200196 0.024292
v -0.099121 0.013672 -0.006836
v -0.108398 0.031128 -0.006897
v -0.096192 0.026001 -0.006592
v -0.099121 0.013672 -0.006836
v -0.112305 0.016358 -0.007050
v -0.108398 0.031128 -0.006897
v -0.100097 0.000725 -0.006958
v -0.096680 0.014099 -0.018799
v -0.093750 0.026489 -0.018921
v -0.093750 0.026489 -0.018921
v -0.014892 -0.116211 -0.023682
v 0.003296 -0.116211 -0.023438
v -0.016358 -0.123047 -0.018067
v -0.014892 -0.116211 -0.023682
v -0.030639 -0.112793 -0.023560
v -0.014282 -0.113281 -0.021607
v -0.030639 -0.119629 -0.018433
v 0.001480 -0.113770 -0.021485
v 0.001480 -0.113770 -0.021485
v -0.016358 -0.123047 -0.018067
v 0.165039 0.026611 0.010254
v 0.223633 0.030517 0.023315
v 0.166016 0.027344 0.022705
v 0.222656 0.028564 0.009094
v 0.164062 0.026856 0.010071
v 0.088379 -0.049073 -0.013733
v 0.084961 -0.054688 -0.014160
v 0.084961 -0.046875 -0.013794
v 0.084961 -0.046631 0.014892
v 0.087890 -0.049560 0.014709
v -0.131836 0.176758 0.022705
v -0.133789 0.176758 0.022705
v -0.131836 0.175781 0.010071
v -0.130859 0.175781 0.009949
v -0.131836 0.176758 0.022705
v -0.130859 0.175781 0.009949
v -0.091308 0.136719 0.022705
v -0.131836 0.176758 0.022705
v -0.132812 0.180664 0.023926
v -0.133789 0.176758 0.022705
v -0.091797 0.139648 0.024292
v -0.128906 0.179688 0.024048
v -0.128906 0.179688 0.024048
v -0.085938 -0.180664 -0.019409
v -0.086914 -0.175781 -0.022827
v -0.064942 -0.183594 -0.022461
v -0.085938 -0.180664 -0.019409
v -0.064942 -0.183594 -0.022461
v -0.066406 -0.184571 -0.019653
v -0.115235 -0.201172 -0.018677
v -0.117188 -0.199219 -0.022461
v -0.085938 -0.180664 -0.019409
v -0.085938 -0.179688 0.019165
v -0.106933 -0.198242 0.018677
v -0.065918 -0.184571 0.018799
v -0.115235 -0.201172 -0.018677
v -0.065918 -0.184571 0.018799
v 0.086426 0.041992 0.014587
v 0.086914 0.050049 0.013367
v 0.083985 0.047608 0.014099
v 0.090820 0.043457 0.014221
v 0.088379 0.047608 0.014526
v 0.086914 0.041992 -0.013855
v 0.236328 -0.048828 -0.023804
v 0.227539 -0.029663 -0.024170
v 0.240234 -0.044434 -0.024170
v 0.224609 -0.032226 -0.023438
v 0.236328 -0.048828 -0.023804
v 0.240234 -0.044434 -0.024170
v 0.239258 -0.053222 -0.022217
v 0.228516 -0.055420 -0.023316
v 0.224609 -0.032226 -0.023438
v -0.007691 0.107910 0.013122
v -0.012146 0.112793 0.014587
v -0.012512 0.106445 0.014587
v -0.012573 0.105957 -0.014893
v -0.007691 0.107910 0.013122
v -0.007996 0.106933 -0.014832
v -0.008484 0.112305 0.014648
v -0.012146 0.112793 0.014587
v -0.007996 0.106933 -0.014832
v -0.073730 -0.024048 0.018677
v -0.067871 -0.022461 0.014038
v -0.075683 -0.013611 0.018555
v -0.073730 -0.024048 0.018677
v -0.086914 -0.042969 0.017822
v -0.070312 -0.032470 0.018555
v -0.073730 -0.024048 0.018677
v -0.070312 -0.032470 0.018555
v -0.064453 -0.031739 0.013977
v -0.093750 -0.027954 0.018066
v -0.067871 -0.022461 0.014038
v -0.093750 -0.027954 0.018066
v 0.120605 0.202148 -0.019043
v 0.121094 0.200196 -0.022461
v 0.092773 0.180664 -0.018799
v 0.120605 0.202148 -0.019043
v 0.133789 0.206054 -0.019043
v 0.132812 0.205078 -0.022339
v 0.093262 0.180664 0.019165
v 0.120605 0.203125 0.019409
v 0.132812 0.205078 -0.022339
v 0.120605 0.202148 -0.019043
v 0.092773 0.180664 -0.018799
v 0.093262 0.180664 0.019165
v 0.031250 -0.097656 0.014770
v 0.029663 -0.092773 -0.014527
v 0.031250 -0.097168 -0.014527
v 0.031250 -0.097656 0.014770
v 0.034424 -0.095215 0.014953
v 0.029663 -0.092773 0.014587
v 0.031250 -0.097168 -0.014527
v 0.029663 -0.092773 -0.014527
v -0.193359 0.061280 -0.022217
v -0.176758 0.087403 -0.024170
v -0.189453 0.058594 -0.024048
v -0.196289 0.063477 -0.018921
v -0.182617 0.086914 -0.019409
v -0.180664 0.086914 -0.022461
v -0.193359 0.061280 -0.022217
v -0.189453 0.058594 -0.024048
v -0.220703 0.061280 -0.021485
v -0.196289 0.063477 -0.018921
v -0.177734 -0.090332 0.024170
v -0.189453 -0.060302 0.023681
v -0.180664 -0.090332 0.022583
v -0.201172 -0.122558 0.024048
v -0.141602 -0.091308 0.024048
v -0.177734 -0.090332 0.024170
v -0.204102 -0.120117 0.022461
v -0.201172 -0.122558 0.024048
v -0.204102 -0.120117 0.022461
v -0.165039 -0.030396 0.023437
v 0.029785 0.092285 -0.014343
v 0.030029 0.092285 0.014831
v 0.031006 0.096192 -0.014527
v 0.036377 0.094727 -0.014221
v 0.034668 0.090820 -0.014282
v 0.113281 0.000343 0.006378
v 0.112305 -0.014892 0.021118
v 0.112793 0.000538 0.021118
v 0.113281 0.000343 0.006378
v 0.098633 -0.013489 0.006470
v 0.112793 -0.015076 0.006378
v 0.099610 0.000087 0.006531
v 0.113281 0.015381 0.006683
v 0.112305 -0.014892 0.021118
v 0.099610 0.000087 0.006531
v -0.048828 0.235352 -0.024292
v -0.052246 0.238281 -0.022583
v -0.042480 0.243164 -0.023804
v -0.048828 0.235352 -0.024292
v -0.052979 0.226562 -0.024292
v -0.056885 0.226562 -0.022339
v -0.031006 0.225586 -0.023682
v -0.031983 0.221679 -0.023560
v -0.052979 0.226562 -0.024292
v -0.052246 0.238281 -0.022583
v -0.018311 -0.063965 -0.000031
v -0.007385 -0.066895 -0.000082
v -0.011841 -0.070801 -0.013916
v -0.020874 -0.069336 0.014404
v -0.008911 -0.071289 0.013977
v -0.018311 -0.063965 -0.000031
v -0.023926 -0.068360 -0.013977
v -0.028686 -0.059082 0.000089
v -0.023926 -0.068360 -0.013977
v -0.025146 -0.067383 0.014038
v -0.025146 -0.067383 0.014038
v 0.205078 0.131836 0.023681
v 0.203125 0.141602 0.023926
v 0.183594 0.136719 0.023681
v 0.184571 0.131836 0.023681
v 0.206054 0.142578 0.022095
v 0.208984 0.131836 0.022583
v 0.202148 0.124023 0.024048
v 0.061767 -0.156250 -0.018311
v 0.053955 -0.107910 -0.018189
v 0.066895 -0.100097 -0.018311
v 0.030639 -0.118653 -0.017945
v 0.090332 -0.145508 -0.017945
v 0.030517 -0.167969 -0.018311
v -0.101562 0.045899 0.014465
v -0.094727 0.046631 0.014831
v -0.096680 0.041748 -0.014954
v -0.110840 -0.010132 -0.014771
v -0.111817 -0.006409 -0.014649
v -0.105469 -0.008484 -0.015198
v -0.110840 -0.010132 -0.014771
v -0.105469 -0.009278 0.014892
v -0.110840 -0.010254 0.014770
v -0.105469 -0.009278 0.014892
v 0.028564 0.165039 0.010071
v 0.028686 0.164062 0.010193
v 0.028686 0.165039 0.022583
v 0.030517 0.218750 0.009949
v 0.178711 -0.131836 -0.009461
v 0.179688 -0.132812 -0.022949
v 0.178711 -0.133789 -0.009522
v 0.138672 -0.089844 -0.009400
v -0.061767 0.074219 0.018310
v -0.072265 0.064453 0.018188
v -0.047119 0.061035 0.018677
v -0.050049 0.083985 0.005920
v -0.062988 0.074707 0.005798
v -0.038330 0.066406 0.018799
v -0.049560 0.083008 0.018432
v -0.058838 -0.228516 0.018921
v -0.057373 -0.227539 0.022217
v -0.064453 -0.183594 0.021972
v -0.058838 -0.228516 0.018921
v -0.064453 -0.183594 0.021972
v -0.058838 -0.228516 0.018921
v -0.059326 -0.229492 -0.019287
v -0.053711 -0.239258 0.019409
v -0.066406 -0.184571 -0.019653
v -0.053711 -0.239258 0.019409
v 0.104492 0.015625 -0.015076
v 0.110352 0.017823 -0.014649
v 0.110840 0.015076 -0.014588
v 0.104492 0.015625 -0.015076
v 0.104980 0.010620 0.015137
v 0.104980 0.015991 0.015198
v 0.105469 0.010620 -0.014954
v 0.104980 0.010620 0.015137
v 0.104980 0.015991 0.015198
v 0.014344 -0.075683 0.018677
v 0.024414 -0.095703 0.018677
v 0.036865 -0.090332 0.018555
v 0.022949 -0.066895 0.013916
v 0.012818 -0.070312 0.014160
v 0.027099 -0.071778 0.018677
v 0.014344 -0.075683 0.018677
v 0.002472 -0.077148 0.018555
v 0.012329 -0.098145 0.018799
v 0.024414 -0.095703 0.018677
v 0.012818 -0.070312 0.014160
v -0.206054 0.120117 -0.018921
v -0.183594 0.086426 0.019287
v -0.206054 0.120117 0.019409
v -0.209961 0.130859 -0.019287
v -0.204102 0.121582 -0.022095
v -0.243164 -0.041748 0.024048
v -0.247071 -0.042969 0.021850
v -0.237304 -0.050049 0.024170
v -0.243164 -0.041748 0.024048
v -0.224609 -0.031983 0.023804
v -0.243164 -0.041748 0.024048
v -0.224609 -0.031983 0.023804
v -0.226562 -0.029663 0.023559
v -0.249023 -0.032959 0.021606
v -0.246094 -0.032959 0.023681
v 0.009461 0.112305 -0.014527
v 0.010010 0.106933 0.014587
v 0.009399 0.112305 0.014709
v 0.009461 0.112305 -0.014527
v 0.013062 0.112793 -0.014466
v 0.009766 0.106445 -0.014649
v 0.010010 0.106933 0.014587
v 0.090820 -0.135742 0.009826
v 0.091797 -0.136719 0.022583
v 0.091797 -0.135742 0.010010
v 0.090820 -0.135742 0.009826
v 0.028076 -0.164062 0.009949
v 0.091797 -0.136719 0.022583
v -0.086914 0.068847 -0.021485
v -0.095215 0.057373 -0.021240
v -0.097656 0.061035 -0.023071
v -0.077148 0.080078 -0.006897
v -0.086914 0.069336 -0.006714
v -0.088379 0.072754 -0.023316
v -0.077637 0.079102 -0.021362
v -0.043701 -0.249023 -0.019165
v -0.034180 -0.249023 -0.022705
v -0.033935 -0.250000 -0.018799
v -0.043701 -0.249023 -0.019165
v -0.054444 -0.240234 -0.019409
v -0.042969 -0.246094 -0.022827
v -0.043701 -0.249023 -0.019165
v -0.033935 -0.250000 0.018799
v -0.043457 -0.248047 0.018921
v -0.034180 -0.249023 -0.022705
v -0.033935 -0.250000 -0.018799
v -0.043457 -0.248047 0.018921
v 0.122070 0.013306 0.018799
v 0.118653 0.029663 0.018310
v 0.115722 0.026611 0.023071
v 0.117188 0.010864 0.022949
v 0.168946 0.014709 0.018066
v 0.171875 0.029663 0.017700
v 0.117676 -0.001190 0.023315
v 0.121582 -0.000438 0.018310
v 0.078613 -0.076660 0.014831
v -0.146484 0.090820 0.018432
v -0.109375 0.048340 0.018432
v -0.101074 0.061767 0.018310
v -0.154297 0.056153 0.018310
v -0.163086 0.062011 0.018432
v -0.146484 0.090820 0.018432
v -0.101074 0.061767 0.018310
v -0.093262 0.074219 0.018432
v -0.119629 0.108398 0.018432
v -0.146484 0.090820 0.018432
v -0.119629 0.108398 0.018432
v -0.186523 0.134766 0.017822
v -0.087403 -0.075195 -0.023194
v -0.075195 -0.087890 -0.023194
v -0.091308 -0.079590 -0.018433
v -0.083985 -0.074707 -0.021362
v -0.073242 -0.084961 -0.021362
v -0.095703 -0.064942 -0.023194
v -0.087403 -0.075195 -0.023194
v -0.095703 -0.064942 -0.023194
v -0.083985 -0.074707 -0.021362
v 0.074219 0.068360 0.014221
v 0.074219 0.061035 0.014648
v 0.078125 0.063965 0.014526
v 0.070801 0.065430 0.014343
v 0.074219 0.067871 -0.014099
v 0.231446 -0.027222 -0.018311
v 0.167969 -0.015869 -0.017822
v 0.231446 0.022705 -0.018189
v 0.232422 -0.036133 -0.017822
v -0.030639 0.225586 0.023926
v -0.035645 0.243164 0.024414
v -0.033691 0.222656 0.023804
v -0.030639 0.225586 0.023926
v 0.031006 0.224609 0.023926
v 0.034424 0.244141 0.024414
v -0.030639 0.225586 0.023926
v -0.029052 0.222656 0.022583
v 0.031006 0.224609 0.023926
v -0.030762 0.221679 0.022949
v -0.035645 0.243164 0.024414
v -0.033691 0.222656 0.023804
v -0.064453 -0.075683 -0.006500
v -0.075683 -0.060302 -0.018799
v -0.066406 -0.073242 -0.018555
v -0.064453 -0.075683 -0.006500
v -0.055420 -0.083985 -0.006531
v -0.073730 -0.086426 -0.006592
v -0.055420 -0.083985 -0.006531
v -0.083985 -0.075195 -0.006622
v -0.074707 -0.065430 -0.006470
v -0.083985 -0.075195 -0.006622
v 0.116211 0.101074 -0.017822
v 0.090332 0.115235 -0.017700
v 0.113281 0.132812 -0.018189
v 0.116211 0.101074 -0.017822
v 0.149414 0.091308 -0.018067
v 0.092773 0.080078 -0.018311
v 0.116211 0.101074 -0.017822
v 0.092773 0.080078 -0.018311
v 0.082031 0.091797 -0.018067
v 0.090332 0.115235 -0.017700
v 0.149414 0.091308 -0.018067
v 0.030029 -0.167969 0.017700
v 0.002320 -0.167969 0.017822
v 0.033448 -0.223633 0.017578
v -0.168946 0.031494 -0.018311
v -0.122558 0.010681 -0.018677
v -0.166992 0.012818 -0.017822
v -0.121094 0.023559 -0.018311
v -0.161133 0.049560 -0.018433
v -0.168946 0.031494 -0.018311
v -0.166992 0.012818 -0.017822
v -0.230469 0.033448 -0.017945
v -0.145508 -0.174804 0.018066
v -0.088867 -0.143554 0.017578
v -0.109375 -0.120117 0.017822
v -0.178711 -0.138672 0.017700
v -0.145508 -0.174804 0.018066
v -0.136719 -0.181641 0.017944
v -0.088867 -0.143554 0.017578
v 0.061035 0.048584 -0.018799
v 0.047851 0.051025 -0.014160
v 0.061035 0.048584 -0.018799
v 0.054444 0.044922 -0.013977
v 0.113770 -0.043701 0.018432
v 0.118164 -0.030639 0.018677
v 0.108887 -0.043213 0.022827
v 0.113770 -0.043701 0.018432
v 0.105957 -0.057373 0.018432
v 0.160156 -0.064942 0.018432
v 0.101562 -0.056885 0.022705
v 0.170898 -0.034912 0.017700
v 0.118164 -0.030639 0.018677
v 0.105957 -0.057373 0.018432
v -0.030762 0.106445 -0.014771
v -0.029419 0.101074 -0.014832
v -0.034180 0.105957 -0.014588
v -0.030762 0.106445 -0.014771
v -0.031250 0.106445 0.014709
v -0.029419 0.101074 -0.014832
v -0.027588 -0.072265 -0.018799
v -0.017212 -0.075683 -0.018921
v -0.027588 -0.072265 -0.018799
v -0.027954 -0.095215 -0.018677
v -0.041992 -0.089355 -0.018555
v -0.027588 -0.072265 -0.018799
v -0.041992 -0.089355 -0.018555
v -0.039551 -0.066895 -0.018799
v -0.033691 -0.062988 -0.013855
v -0.027954 -0.095215 -0.018677
v 0.154297 0.199219 0.019531
v 0.152344 0.197266 0.022217
v 0.201172 0.151367 0.021728
v 0.154297 0.199219 0.019531
v 0.147461 0.204102 0.019653
v 0.146484 0.202148 0.022583
v 0.202148 0.152344 -0.019287
v 0.155273 0.199219 -0.019165
v 0.202148 0.152344 0.018799
v 0.155273 0.199219 -0.019165
v 0.152344 0.197266 0.022217
v 0.051270 -0.087890 -0.014221
v 0.048584 -0.084472 -0.014282
v 0.052979 -0.081543 -0.014282
v 0.051270 -0.087890 -0.014221
v 0.053222 -0.082520 0.014770
v 0.051270 -0.088379 0.014953
v 0.051270 -0.088379 0.014953
v 0.054444 -0.085449 -0.014221
v 0.053222 -0.082520 0.014770
v -0.083496 0.071778 0.014709
v -0.077637 0.068847 0.014709
v -0.081543 0.074219 0.014587
v -0.081543 0.064453 0.014343
v -0.083496 0.071778 0.014709
v -0.085938 0.067871 0.014465
v -0.081543 0.064453 0.014343
v -0.101562 -0.045166 -0.014893
v -0.097656 -0.043701 -0.015076
v -0.101074 -0.048340 -0.014893
v -0.101562 -0.045410 0.014648
v 0.045166 0.102051 0.021484
v 0.031983 0.108398 0.005920
v 0.046142 0.103515 0.006134
v 0.045166 0.102051 0.021484
v 0.061280 0.097168 0.023315
v 0.046875 0.104492 0.023437
v 0.030884 0.107910 0.021606
v 0.046142 0.103515 0.006134
v 0.058350 0.094727 0.021118
v 0.046875 0.104492 0.023437
v 0.148438 -0.194336 -0.023926
v 0.152344 -0.197266 -0.022461
v 0.142578 -0.196289 -0.024048
v 0.137696 -0.179688 -0.024048
v 0.202148 -0.150391 -0.022217
v 0.148438 -0.194336 -0.023926
v 0.137696 -0.179688 -0.024048
v 0.198242 -0.148438 -0.023804
v 0.148438 -0.194336 -0.023926
v 0.198242 -0.148438 -0.023804
v 0.202148 -0.150391 -0.022217
v -0.055664 0.035889 -0.000101
v -0.049316 0.043457 -0.000206
v -0.062500 0.033691 0.013977
v -0.059326 0.028198 0.000002
v -0.055908 0.043213 0.013855
v -0.060547 -0.098145 0.022827
v -0.043457 -0.104492 0.021240
v -0.053711 -0.098633 0.021240
v -0.060547 -0.098145 0.022827
v -0.045655 -0.106933 0.022949
v -0.043457 -0.104492 0.021240
v -0.075683 -0.095703 0.018188
v -0.062011 -0.105957 0.018310
v -0.062011 -0.092773 0.020996
v -0.045655 -0.106933 0.022949
v -0.074707 -0.087403 0.022827
v 0.090332 0.041748 -0.006622
v 0.103515 0.047119 -0.006470
v 0.109863 0.032470 -0.007019
v 0.095703 0.029541 -0.006653
v 0.089844 0.042236 -0.018799
v 0.083008 0.053222 -0.006592
v 0.094727 0.028809 -0.018799
v 0.053711 -0.047119 0.014160
v 0.061280 -0.048340 0.018799
v 0.060547 -0.037842 0.014038
v 0.055664 -0.037110 -0.000187
v 0.048584 -0.044677 -0.000204
v 0.053711 -0.047119 0.014160
v 0.045655 -0.062256 0.018799
v 0.053467 -0.056396 0.018921
v 0.045410 -0.053955 0.014038
v 0.048584 -0.044677 -0.000204
v 0.053467 -0.056396 0.018921
v -0.197266 0.147461 -0.023926
v -0.181641 0.136719 -0.024170
v -0.201172 0.140625 -0.024048
v -0.197266 0.147461 -0.023926
v -0.201172 0.140625 -0.024048
v -0.200196 0.149414 -0.022095
v -0.197266 0.147461 -0.023926
v -0.147461 0.196289 -0.024170
v -0.135742 0.179688 -0.023926
v -0.135742 0.179688 -0.023926
v -0.147461 0.196289 -0.024170
v -0.209961 -0.130859 -0.018921
v -0.208008 -0.142578 0.019043
v -0.208984 -0.130859 0.018921
v -0.207031 -0.130859 -0.022217
v -0.206054 -0.142578 -0.022339
v -0.208008 -0.142578 -0.018677
v -0.207031 -0.119629 -0.019165
v 0.021729 0.073730 0.018799
v 0.019776 0.066895 0.014038
v 0.021729 0.073730 0.018799
v 0.026123 0.094727 0.018677
v 0.014709 0.097168 0.018799
v 0.034668 0.068847 0.018555
v 0.011902 0.077148 0.018799
v 0.021729 0.073730 0.018799
v 0.019776 0.066895 0.014038
v 0.034668 0.068847 0.018555
v 0.011902 0.077148 0.018799
v 0.105957 -0.041504 -0.021485
v 0.110352 -0.029052 -0.021240
v 0.114258 -0.030517 -0.023194
v 0.105957 -0.042969 -0.006836
v 0.099610 -0.053711 -0.021240
v 0.099121 -0.055908 -0.006592
v 0.109863 -0.042480 -0.023194
v -0.036133 0.104980 0.014831
v -0.029785 0.101074 0.014709
v -0.036133 0.104980 0.014831
v -0.033935 0.099610 0.014770
v -0.029785 0.101074 0.014709
v -0.036133 0.104004 -0.014649
v -0.035156 -0.096192 0.014526
v -0.038330 -0.094727 -0.014771
v -0.034668 -0.095703 -0.014771
v -0.035156 -0.096192 0.014526
v -0.033448 -0.091308 0.014526
v -0.037597 -0.089844 0.014526
v -0.034668 -0.095703 -0.014771
v -0.038330 -0.094727 0.014648
v -0.037597 -0.089844 0.014526
v 0.183594 0.086426 -0.019287
v 0.184571 0.086914 0.018921
v 0.196289 0.062500 -0.018921
v 0.183594 0.086426 -0.019287
v 0.208008 0.119629 -0.019287
v 0.208008 0.120117 0.019165
v 0.206054 0.121094 -0.022339
v 0.180664 0.086426 -0.022217
v 0.208008 0.120117 0.019165
v 0.206054 0.121094 -0.022339
v 0.043701 -0.248047 0.019165
v 0.043457 -0.248047 -0.019165
v 0.053955 -0.239258 0.019165
v 0.043701 -0.248047 0.019165
v 0.053955 -0.239258 0.019165
v 0.042725 -0.246094 0.022461
v 0.034180 -0.248047 0.022217
v 0.033935 -0.250000 0.019043
v 0.033935 -0.250000 -0.019165
v 0.033935 -0.250000 0.019043
v -0.114746 0.018677 -0.023194
v -0.116211 0.000775 -0.023560
v -0.121582 -0.001168 -0.018555
v -0.114746 0.018677 -0.023194
v -0.107910 0.031128 -0.021240
v -0.111328 0.016358 -0.021362
v -0.122558 0.010681 -0.018677
v -0.121094 0.023559 -0.018311
v -0.114746 0.018677 -0.023194
v -0.110840 0.034668 -0.023071
v -0.114746 0.018677 -0.023194
v -0.111328 0.016358 -0.021362
v -0.116211 0.000775 -0.023560
v -0.110840 0.034668 -0.023071
v -0.095215 -0.017212 0.014038
v -0.098633 -0.018554 0.014099
v -0.097656 -0.023804 0.013916
v -0.095215 -0.017212 0.014038
v -0.097656 -0.023804 0.013916
v -0.093262 -0.023071 0.014160
v -0.095215 -0.016724 -0.014343
v -0.098633 -0.018554 0.014099
v 0.053955 0.226562 -0.024292
v 0.029785 0.166016 -0.023804
v 0.033935 0.223633 -0.024170
v 0.053955 0.226562 -0.024292
v 0.064453 0.184571 -0.022339
v 0.060059 0.181641 -0.023804
v 0.053955 0.226562 -0.024292
v 0.057373 0.228516 -0.022461
v 0.064453 0.184571 -0.022339
v 0.049805 0.234375 -0.024048
v 0.033935 0.223633 -0.024170
v 0.029785 0.166016 -0.023804
v 0.208008 -0.130859 0.021728
v 0.210938 -0.129883 0.018432
v 0.207031 -0.119629 0.019043
v 0.205078 -0.120605 0.021972
v 0.207031 -0.141602 0.021850
v 0.204102 -0.131836 0.023804
v -0.017823 0.067383 -0.013916
v -0.015625 0.074707 -0.018799
v -0.017823 0.067383 -0.013916
v -0.016846 0.062500 0.000004
v -0.024903 0.059815 0.000120
v -0.017823 0.067383 -0.013916
v -0.024903 0.059815 0.000120
v -0.030274 0.063477 -0.013916
v -0.017823 0.067383 -0.013916
v -0.026611 0.071289 -0.018677
v -0.015625 0.074707 -0.018799
v -0.009033 0.064453 0.000021
v -0.030274 0.063477 -0.013916
v -0.034668 -0.222656 -0.023804
v -0.030639 -0.221679 -0.023071
v -0.042480 -0.242188 -0.024048
v -0.050293 -0.234375 -0.024292
v -0.054688 -0.225586 -0.024048
v -0.061280 -0.181641 -0.024048
v -0.031739 -0.218750 -0.022461
v -0.034668 -0.222656 -0.023804
v -0.029907 -0.166992 -0.024292
v -0.031739 -0.218750 -0.022461
v -0.029907 -0.166992 -0.024292
v 0.110352 0.017944 0.014831
v 0.110352 0.017823 -0.014649
v 0.111328 0.014832 0.015076
v 0.074219 -0.065918 -0.006226
v 0.083985 -0.075683 -0.006684
v 0.073242 -0.086914 -0.006622
v 0.062988 -0.076172 -0.018433
v 0.073242 -0.066895 -0.018555
v 0.064453 -0.076172 -0.006348
v 0.074219 -0.065918 -0.006226
v 0.073242 -0.066895 -0.018555
v 0.083496 -0.054199 -0.006531
v 0.083985 -0.075683 -0.006684
v -0.182617 0.133789 0.024048
v -0.202148 0.141602 0.023926
v -0.203125 0.131836 0.023804
v -0.182617 0.133789 0.024048
v -0.201172 0.123047 0.023926
v -0.176758 0.086914 0.023559
v -0.182617 0.133789 0.024048
v -0.141602 0.089355 0.024292
v -0.179688 0.133789 0.022949
v -0.201172 0.123047 0.023926
v -0.179688 0.135742 0.022705
v -0.179688 0.135742 0.022705
v -0.183594 0.136719 0.024170
v -0.182617 0.133789 0.024048
v -0.176758 0.086914 0.023559
v -0.141602 0.089355 0.024292
v -0.221679 -0.031983 -0.023560
v -0.227539 -0.054931 -0.023438
v -0.227539 -0.031983 -0.023560
v -0.221679 -0.031983 -0.023560
v -0.166016 -0.030396 -0.024170
v -0.222656 -0.029663 -0.022705
v -0.222656 -0.029663 -0.022705
v -0.190429 -0.060302 -0.023926
v -0.190429 -0.060302 -0.023926
v 0.015991 0.111817 0.014831
v 0.013062 0.113281 0.014648
v 0.014465 0.106445 0.014526
v 0.014465 0.105957 -0.014832
v 0.015991 0.111817 0.014831
v 0.014465 0.105957 -0.014832
v 0.015991 0.111817 -0.014404
v 0.131836 -0.174804 -0.009888
v 0.132812 -0.177734 -0.022583
v 0.091797 -0.137696 -0.022949
v 0.131836 -0.174804 -0.009888
v 0.091797 -0.137696 -0.022949
v 0.091797 -0.136719 -0.010620
v 0.132812 -0.174804 -0.009522
v -0.088379 0.039795 0.018432
v -0.089355 0.039551 0.006439
v -0.093262 0.027099 0.018310
v -0.069336 0.035156 0.018799
v -0.081543 0.052979 0.006225
v -0.088379 0.039795 0.018432
v -0.062988 0.044434 0.018677
v -0.080567 0.053467 0.018310
v -0.069336 0.035156 0.018799
v -0.081543 0.052979 0.006225
v -0.013733 -0.103028 0.014526
v -0.013855 -0.097656 0.014160
v -0.014038 -0.097656 -0.014771
v -0.014099 -0.103028 -0.014771
v -0.010254 -0.103028 0.014465
v -0.013733 -0.103028 0.014526
v -0.014038 -0.097656 -0.014771
v -0.014099 -0.103028 -0.014771
v 0.193359 0.061767 -0.022339
v 0.191406 0.059326 -0.023682
v 0.177734 0.086914 -0.023926
v 0.213867 0.063965 -0.018677
v 0.223633 0.060791 -0.022095
v 0.097656 -0.013183 0.018677
v 0.094727 -0.026856 0.018555
v 0.095703 -0.027222 0.006347
v 0.097656 -0.013183 0.018677
v 0.098145 -0.000022 0.018432
v 0.097656 -0.013183 0.018677
v 0.077148 -0.009766 0.018921
v 0.075195 -0.020996 0.018677
v 0.095703 -0.027222 0.006347
v 0.077148 -0.009766 0.018921
v 0.075195 -0.020996 0.018677
v -0.118653 0.202148 -0.019165
v -0.129883 0.204102 -0.022339
v -0.131836 0.207031 -0.019409
v -0.130859 0.206054 0.019775
v -0.118653 0.202148 0.019287
v -0.118653 0.200196 -0.022217
v -0.091308 0.180664 -0.018799
v -0.130859 -0.200196 0.023926
v -0.117676 -0.199219 0.022339
v -0.120605 -0.196289 0.023926
v -0.141602 -0.198242 0.024170
v -0.131836 -0.203125 0.022461
v -0.133789 -0.179688 0.023681
v -0.129883 -0.180664 0.023804
v 0.065430 0.010864 -0.000086
v 0.070312 0.001457 0.014099
v 0.069824 0.012329 0.013977
v 0.062988 0.021118 -0.000105
v 0.070312 0.011902 -0.013611
v 0.071289 0.001122 -0.013733
v 0.065430 0.001358 -0.000151
v 0.195312 -0.063965 0.018677
v 0.184571 -0.090332 0.019653
v 0.184571 -0.089844 -0.019165
v 0.195312 -0.064453 -0.018799
v 0.195312 -0.063965 0.018677
v 0.194336 -0.061524 0.022217
v 0.182617 -0.089844 0.021850
v 0.195312 -0.063965 0.018677
v 0.182617 -0.089844 0.021850
v 0.184571 -0.090332 0.019653
v 0.197266 -0.063477 0.018432
v 0.195312 -0.064453 -0.018799
v -0.033691 0.098633 -0.014771
v -0.033691 0.098633 -0.014771
v -0.086914 -0.043945 -0.014527
v -0.089355 -0.046875 0.014526
v -0.086426 -0.043701 0.014526
v -0.086914 -0.043945 -0.014527
v -0.083985 -0.049073 -0.014527
v -0.089844 -0.046875 -0.014466
v -0.089355 -0.046875 0.014526
v 0.067383 0.183594 0.022339
v 0.060547 0.181641 0.024048
v 0.091797 0.172852 0.024292
v 0.092285 0.177734 0.022583
v 0.068847 0.185547 0.019165
v 0.066895 0.187500 0.019531
v 0.064453 0.185547 0.022583
v 0.016724 -0.114746 -0.023438
v 0.005768 -0.122558 -0.018189
v 0.016113 -0.112305 -0.021485
v -0.244141 0.051758 0.018677
v -0.237304 0.054199 0.022583
v -0.224609 0.061035 0.021972
v -0.233398 0.060302 0.019165
v -0.250000 0.041260 0.018921
v -0.233398 0.059815 -0.018799
v -0.245117 0.049073 -0.018799
v -0.246094 -0.042480 -0.022095
v -0.249023 -0.032226 -0.022217
v -0.245117 -0.032715 -0.024292
v -0.239258 -0.052979 -0.021851
v -0.249023 -0.043945 -0.018677
v -0.243164 -0.041260 -0.023804
v -0.246094 -0.042480 -0.022095
v -0.249023 -0.043945 -0.018677
v -0.250000 -0.031983 -0.019165
v -0.249023 -0.032226 -0.022217
v 0.009766 0.106445 -0.014649
v 0.089355 -0.171875 -0.024170
v 0.132812 -0.177734 -0.022583
v 0.133789 -0.179688 -0.023438
v 0.091308 -0.139648 -0.023926
v 0.089355 -0.171875 -0.024170
v 0.087890 -0.175781 -0.022827
v 0.061524 -0.182617 -0.023682
v 0.120117 -0.197266 -0.024170
v 0.091308 -0.139648 -0.023926
v 0.087890 -0.175781 -0.022827
v -0.108887 0.031494 0.006317
v -0.094727 0.026367 0.006256
v -0.102539 0.045166 0.006195
v -0.029541 -0.111817 0.006134
v -0.044434 -0.105957 0.006073
v -0.028686 -0.109863 0.021362
v -0.053711 -0.098633 0.021240
v 0.095215 0.060547 -0.006592
v 0.094238 0.060302 -0.021240
v 0.101562 0.047364 -0.021240
v 0.093750 -0.027588 0.014465
v 0.097656 -0.029419 -0.013733
v 0.093750 -0.027344 -0.013977
v 0.093750 -0.027588 0.014465
v 0.097656 -0.030029 0.014526
v 0.097656 -0.029419 -0.013733
v 0.091797 -0.033203 0.014648
v -0.141602 0.199219 -0.023926
v -0.143554 0.203125 -0.022705
v -0.129883 0.200196 -0.024170
v -0.117676 -0.199219 0.022339
v -0.088867 -0.171875 0.023559
v -0.120605 -0.196289 0.023926
v -0.086914 -0.175781 0.022217
v -0.106933 -0.198242 0.018677
v 0.098633 0.000338 -0.018921
v 0.099610 0.012512 -0.006592
v 0.100586 0.000175 -0.007111
v 0.098633 0.000338 -0.018921
v 0.077637 0.011231 -0.018921
v 0.098145 0.013916 -0.019043
v 0.097656 -0.013306 -0.018799
v 0.098145 0.013916 -0.019043
v 0.078125 0.001107 -0.018677
v 0.078125 0.001107 -0.018677
v 0.228516 -0.059082 0.021850
v 0.229492 -0.061280 0.018310
v 0.241211 -0.055176 0.018310
v 0.239258 -0.053955 0.021972
v 0.238281 -0.049316 0.023315
v 0.228516 -0.055664 0.023559
v -0.012573 0.099121 -0.006500
v 0.001419 0.097656 -0.018799
v -0.011719 0.096192 -0.018921
v -0.012573 0.099121 -0.006500
v -0.013977 0.113770 -0.006622
v 0.001205 0.114258 -0.006806
v -0.012573 0.099121 -0.006500
v 0.001205 0.114258 -0.006806
v 0.000259 0.100097 -0.006409
v -0.025269 0.096680 -0.006409
v -0.025269 0.096680 -0.006409
v 0.000259 0.100097 -0.006409
v -0.086426 -0.044434 -0.018677
v -0.064453 -0.043945 -0.018799
v -0.056396 -0.053222 -0.018921
v 0.090332 0.136719 0.010254
v 0.131836 0.174804 0.010193
v 0.132812 0.176758 0.022705
v 0.090332 0.136719 0.022949
v 0.089844 0.136719 0.010376
v 0.013183 -0.111817 -0.014404
v 0.012085 -0.105957 -0.014771
v 0.011902 -0.105957 0.014770
v 0.009887 -0.112793 -0.014466
v 0.013001 -0.111817 0.014648
v -0.224609 0.032715 0.023804
v -0.237304 0.048828 0.023681
v -0.227539 0.030029 0.023681
v -0.226562 0.056153 0.023926
v -0.190429 0.058350 0.023804
v -0.224609 0.032715 0.023804
v -0.222656 0.029785 0.022339
v -0.166016 0.028686 0.023804
v -0.166016 0.028686 0.023804
v -0.227539 0.030029 0.023681
v -0.180664 -0.132812 -0.022827
v -0.179688 -0.134766 -0.022705
v -0.182617 -0.131836 -0.024048
v -0.180664 -0.132812 -0.022827
v -0.177734 -0.133789 -0.009583
v -0.179688 -0.134766 -0.022705
v -0.141602 -0.090820 -0.024170
v -0.180664 -0.132812 -0.022827
v -0.138672 -0.089844 -0.022705
v -0.137696 -0.090820 -0.009949
v -0.179688 -0.131836 -0.009400
v -0.141602 -0.090820 -0.024170
v -0.137696 -0.090820 -0.009949
v 0.051758 0.081055 0.014831
v 0.054444 0.084472 0.014526
v 0.053711 0.083985 -0.013977
v 0.051758 0.081055 0.014831
v 0.053711 0.083985 -0.013977
v 0.051758 0.080567 -0.013977
v 0.058350 0.082520 0.014465
v 0.056153 0.078125 0.014831
v 0.113770 -0.014344 -0.006897
v 0.113770 0.001259 -0.021240
v 0.113281 -0.014221 -0.021118
v 0.113770 -0.014344 -0.006897
v 0.114746 0.001114 -0.006958
v 0.099610 -0.013366 -0.006684
v 0.113281 -0.014221 -0.021118
v 0.111328 -0.029297 -0.007080
v 0.114746 0.001114 -0.006958
v -0.029052 0.165039 0.023315
v -0.059815 0.181641 0.023926
v -0.091797 0.139648 0.024292
v -0.029052 0.165039 0.023315
v -0.091308 0.136719 0.022705
v -0.028931 0.165039 0.010010
v -0.028931 0.164062 0.010071
v -0.059815 0.181641 0.023926
v -0.029052 0.165039 0.023315
v -0.091308 0.136719 0.022705
v -0.028931 0.164062 0.010071
v -0.000149 -0.100586 0.006103
v 0.016724 -0.113770 0.006378
v 0.012757 -0.099121 0.006042
v -0.000149 -0.100586 0.006103
v 0.000173 -0.099121 0.018677
v -0.014221 -0.099610 0.005981
v 0.000938 -0.115235 0.006225
v 0.000938 -0.115235 0.006225
v -0.000149 -0.100586 0.006103
v 0.000173 -0.099121 0.018677
v 0.012757 -0.099121 0.006042
v 0.202148 0.123535 -0.023682
v 0.177734 0.086914 -0.023926
v 0.184571 0.131836 -0.023804
v 0.180664 0.086426 -0.022217
v 0.208008 0.131836 -0.022217
v 0.205078 0.131836 -0.024292
v 0.202148 0.123535 -0.023682
v 0.063477 -0.183594 0.022217
v 0.066895 -0.184571 0.018921
v 0.087890 -0.175781 0.022095
v 0.089355 -0.173828 0.023437
v 0.054199 -0.225586 0.023681
v 0.056396 -0.227539 0.022217
v 0.065918 -0.184571 0.018921
v 0.061035 -0.182617 0.023315
v -0.099610 0.015503 -0.014160
v -0.095703 0.012390 -0.014404
v -0.100097 0.013245 -0.014038
v -0.098633 0.020141 -0.014404
v -0.098145 0.019531 0.014099
v -0.111817 -0.006714 0.014953
v -0.105957 -0.003723 0.014709
v -0.111328 -0.003418 0.014587
v 0.043213 0.246094 -0.022583
v 0.033935 0.249023 -0.022461
v 0.044434 0.248047 -0.019165
v 0.052490 0.237304 -0.022461
v 0.043213 0.242188 -0.023926
v 0.034424 0.245117 -0.024292
v 0.054688 0.239258 -0.019531
v 0.043213 0.246094 -0.022583
v 0.034424 0.245117 -0.024292
v 0.033935 0.249023 -0.022461
v 0.207031 -0.119629 -0.019165
v 0.184571 -0.089844 -0.019165
v -0.050537 0.082031 -0.018555
v -0.036865 0.089355 -0.018677
v -0.038086 0.066406 -0.018555
v -0.050537 0.082031 -0.018555
v -0.062988 0.073242 -0.018433
v -0.063965 0.074219 -0.006439
v -0.047119 0.061280 -0.018677
v -0.062988 0.073242 -0.018433
v -0.054688 0.081543 -0.006378
v -0.054688 0.081543 -0.006378
v -0.061767 -0.159179 -0.018311
v -0.047608 -0.115235 -0.018311
v -0.030639 -0.119629 -0.018433
v -0.030151 -0.168946 -0.017945
v -0.087403 -0.146484 -0.018311
v 0.104004 0.042236 0.021118
v 0.097168 0.056885 0.006439
v 0.104492 0.042969 0.006439
v 0.115722 0.026611 0.023071
v 0.109863 0.041504 0.023071
v 0.097168 0.054444 0.020996
v 0.108887 0.029175 0.021118
v 0.104004 0.042236 0.021118
v 0.108887 0.029175 0.021118
v 0.026856 -0.072754 -0.018677
v 0.028686 -0.064942 -0.013977
v 0.037842 -0.068360 -0.018677
v 0.026856 -0.072754 -0.018677
v 0.037597 -0.089844 -0.018677
v 0.024170 -0.094727 -0.018799
v 0.037597 -0.089844 -0.018677
v 0.015076 -0.075683 -0.018799
v 0.015991 -0.069336 -0.013855
v 0.024170 -0.094727 -0.018799
v -0.205078 0.142578 0.022339
v -0.200196 0.150391 0.021972
v -0.207031 0.143554 0.019409
v -0.202148 0.141602 0.023926
v -0.203125 0.131836 0.023804
v -0.208984 0.131836 0.018799
v -0.207031 0.131836 0.022217
v 0.045410 0.046386 0.000015
v 0.045655 0.052246 0.013672
v 0.037597 0.052490 -0.000202
v 0.039795 0.057861 -0.014160
v 0.047851 0.051025 -0.014160
v 0.052735 0.039551 -0.000036
v 0.053467 0.044922 0.013794
v 0.105957 -0.035400 0.015076
v 0.106933 -0.031739 0.015014
v 0.100586 -0.034424 0.015320
v 0.105957 -0.035400 0.015076
v 0.100097 -0.033935 -0.015076
v 0.105957 -0.035645 -0.014832
v 0.100097 -0.033935 -0.015076
v -0.036133 0.104004 -0.014649
v -0.051270 -0.049073 -0.013733
v -0.048340 -0.059815 -0.018799
v -0.056396 -0.053222 -0.018921
v -0.053222 -0.039306 0.000200
v -0.045899 -0.047364 0.000105
v -0.057861 -0.041260 -0.013855
v -0.042725 -0.056396 -0.013855
v 0.149414 0.195312 0.024292
v 0.143554 0.199219 0.024170
v 0.149414 0.195312 0.024292
v 0.183594 0.136719 0.023681
v 0.197266 0.148438 0.023804
v 0.135742 0.179688 0.023926
v 0.135742 0.179688 0.023926
v 0.046631 -0.101562 -0.021485
v 0.031494 -0.109863 -0.006867
v 0.046631 -0.103515 -0.006653
v 0.060547 -0.094238 -0.021240
v 0.049316 -0.103515 -0.023316
v 0.032226 -0.110840 -0.023316
v 0.031250 -0.107910 -0.021485
v -0.099610 0.049316 0.014282
v -0.095215 0.046631 -0.014771
v -0.099610 0.049316 0.014282
v -0.095215 0.046631 -0.014771
v -0.099610 0.048828 -0.014893
v -0.092285 -0.064453 -0.020996
v -0.092773 -0.065430 -0.006500
v -0.092285 -0.064453 -0.020996
v -0.095703 -0.064942 -0.023194
v -0.102539 -0.055176 -0.023316
v -0.099121 -0.054199 -0.006561
v -0.092773 -0.065430 -0.006500
v -0.099610 -0.053222 -0.021362
v 0.067383 0.085938 0.014770
v 0.064942 0.081055 -0.014527
v 0.067871 0.085938 -0.014099
v 0.067383 0.085938 0.014770
v 0.060302 0.084472 0.015014
v 0.065430 0.081543 0.014648
v 0.063965 0.089844 0.015198
v 0.064942 0.081055 -0.014527
v 0.153321 -0.198242 -0.019409
v 0.203125 -0.151367 -0.019287
v 0.203125 -0.151367 0.018677
v 0.202148 -0.150391 -0.022217
v -0.069824 0.012695 0.014038
v -0.073730 0.023193 0.018799
v -0.076660 0.012512 0.018677
v -0.069824 0.012695 0.014038
v -0.064942 0.010193 0.000074
v -0.062500 0.018677 -0.000071
v -0.076660 0.012512 0.018677
v -0.070801 0.001595 0.013855
v -0.066895 0.023804 0.013977
v -0.066895 0.023804 0.013977
v -0.034180 -0.106933 0.014587
v -0.034180 -0.106933 -0.015137
v -0.033448 -0.101074 0.014526
v -0.037597 -0.106445 0.014404
v 0.115722 0.039795 -0.018311
v 0.121582 0.025269 -0.018433
v 0.111817 0.035156 -0.023071
v 0.170898 0.030762 -0.018067
v 0.115722 0.039795 -0.018311
v 0.105469 0.049805 -0.022705
v 0.110840 0.053222 -0.018433
v 0.170898 0.030762 -0.018067
v 0.111817 0.035156 -0.023071
v 0.082520 -0.053711 0.018432
v 0.066895 -0.039062 0.018799
v 0.075195 -0.063965 0.018555
v -0.177734 0.135742 -0.008911
v -0.178711 0.134766 -0.009155
v -0.179688 0.135742 -0.022583
v -0.133789 0.175781 -0.009400
v -0.165039 -0.028443 0.010376
v -0.221679 -0.029297 0.009888
v -0.165039 -0.029419 0.022583
v -0.165039 -0.028686 0.010437
v 0.031494 0.221679 -0.022949
v 0.029785 0.166016 -0.023804
v 0.028686 0.165039 -0.022339
v 0.031494 0.221679 -0.022949
v 0.090332 0.139648 -0.023804
v 0.028686 0.165039 -0.022339
v 0.115235 -0.118653 0.017944
v 0.097168 -0.071289 0.018310
v 0.089844 -0.080567 0.018432
v 0.115235 -0.118653 0.017944
v 0.156250 -0.158203 0.017944
v 0.179688 -0.135742 0.017822
v 0.145508 -0.090820 0.018066
v 0.077148 -0.091797 0.018677
v 0.090332 -0.144531 0.017700
v 0.115235 -0.118653 0.017944
v 0.090332 -0.144531 0.017700
v 0.156250 -0.158203 0.017944
v 0.145508 -0.090820 0.018066
v -0.078125 0.062500 -0.014527
v -0.074707 0.061035 -0.014588
v -0.074219 0.061035 0.014526
v -0.077637 0.062500 0.014221
v -0.074707 0.067383 0.014404
v -0.073730 0.067383 -0.014893
v -0.030639 -0.221679 -0.023071
v -0.030274 -0.218750 -0.009522
v -0.029663 -0.219727 -0.009461
v -0.030639 -0.221679 -0.023071
v 0.030639 -0.220703 -0.023071
v 0.031250 -0.221679 -0.024048
v 0.030639 -0.220703 -0.023071
v -0.031739 -0.218750 -0.022461
v -0.030639 -0.221679 -0.023071
v -0.034424 -0.244141 -0.024414
v -0.042480 -0.242188 -0.024048
v 0.031250 -0.221679 -0.024048
v 0.230469 0.023071 0.017456
v 0.168946 0.014709 0.018066
v 0.167969 -0.016968 0.018188
v 0.231446 -0.027710 0.017578
v 0.230469 0.023071 0.017456
v 0.231446 0.033203 0.018188
v 0.168946 0.014709 0.018066
v 0.083008 -0.076172 -0.021240
v 0.092285 -0.065430 -0.021362
v 0.083008 -0.076172 -0.021240
v 0.092285 -0.066895 -0.006775
v -0.071289 0.089355 0.023193
v -0.086914 0.075195 0.022705
v -0.074707 0.081543 0.020996
v -0.071289 0.089355 0.023193
v -0.074707 0.081543 0.020996
v -0.063965 0.089844 0.021118
v -0.071289 0.095703 0.018310
v -0.082031 0.086426 0.018188
v -0.058594 0.098145 0.023437
v -0.071289 0.095703 0.018310
v -0.137696 -0.089844 -0.009827
v -0.138672 -0.089844 -0.022705
v -0.164062 -0.028809 -0.009949
v -0.137696 -0.089844 -0.009827
v 0.051514 0.083496 0.018677
v 0.039795 0.090332 0.018555
v 0.034668 0.068847 0.018555
v 0.051514 0.083496 0.018677
v 0.043701 0.062988 0.018677
v 0.062500 0.075195 0.006012
v 0.052490 0.083496 0.005920
v 0.062256 0.075195 0.018432
v 0.062256 0.075195 0.018432
v 0.167969 -0.015869 -0.017822
v 0.169922 -0.034912 -0.018067
v 0.123047 -0.003662 -0.018799
v 0.168946 0.015503 -0.017945
v 0.167969 -0.015869 -0.017822
v 0.123047 0.009399 -0.018433
v 0.168946 0.015503 -0.017945
v 0.123047 -0.003662 -0.018799
v 0.169922 -0.034912 -0.018067
v -0.033448 0.250000 0.019287
v -0.033448 0.250000 -0.018921
v -0.043945 0.248047 0.019165
v -0.033691 0.248047 0.022827
v -0.033448 0.250000 0.019287
v 0.034180 0.250000 0.018921
v 0.033935 0.250000 -0.019043
v -0.033448 0.250000 -0.018921
v -0.033691 0.248047 0.022827
v 0.033691 0.249023 0.022705
v -0.074707 -0.068360 0.014404
v -0.072754 -0.063477 -0.014649
v -0.074219 -0.067871 -0.014771
v -0.072265 -0.063965 0.014587
v -0.070801 -0.070801 0.014404
v 0.087890 0.141602 -0.017822
v 0.061035 0.104492 -0.018189
v 0.048828 0.112305 -0.018067
v 0.087890 0.141602 -0.017822
v 0.007110 -0.112793 0.014526
v 0.007202 -0.106445 0.014709
v 0.007660 -0.106445 -0.014771
v 0.009949 -0.112793 0.014465
v 0.006836 -0.112793 -0.014649
v -0.243164 0.039795 -0.024170
v -0.237304 0.049073 -0.023804
v -0.224609 0.032715 -0.023926
v -0.246094 0.044434 -0.022095
v -0.243164 0.039795 -0.024170
v -0.249023 0.029663 -0.021729
v -0.246094 0.044434 -0.022095
v -0.246094 0.029419 -0.023560
v -0.243164 0.039795 -0.024170
v -0.224609 0.032715 -0.023926
v -0.227539 0.030396 -0.023194
v -0.246094 0.029419 -0.023560
v -0.206054 -0.120117 0.019165
v -0.180664 -0.090332 0.022583
v -0.183594 -0.090820 -0.019653
v -0.206054 -0.120117 0.019165
v -0.182617 -0.090332 0.019287
v -0.183594 -0.090820 -0.019653
v 0.001419 0.097656 -0.018799
v 0.014892 0.096680 -0.018799
v 0.004547 0.076172 -0.018799
v -0.005188 0.076660 -0.018921
v 0.004547 0.076172 -0.018799
v 0.116699 -0.015991 0.023071
v 0.109375 -0.029541 0.021240
v 0.116699 -0.015991 0.023071
v -0.059082 0.227539 -0.019165
v -0.065918 0.188477 -0.019409
v -0.065918 0.188477 0.019287
v -0.054199 0.240234 -0.019409
v -0.059326 0.227539 0.019531
v -0.037597 -0.089844 -0.014893
v -0.037597 -0.089844 -0.014893
v -0.033448 -0.091308 -0.014710
v -0.038330 -0.094727 -0.014771
v 0.187500 0.134766 0.017822
v 0.118653 0.109375 0.018310
v 0.148438 0.091308 0.018432
v 0.187500 0.134766 0.017822
v 0.179688 0.141602 0.018188
v 0.118653 0.109375 0.018310
v 0.028076 -0.165039 -0.010132
v 0.028198 -0.165039 -0.009888
v 0.028076 -0.165039 -0.022827
v 0.030884 -0.217773 -0.009827
v -0.115722 0.017944 0.023193
v -0.107422 0.031494 0.020752
v -0.111328 0.034424 0.022705
v -0.115722 0.017944 0.023193
v -0.120117 0.016358 0.018555
v -0.120605 0.000009 0.018432
v -0.116211 0.001312 0.023071
v -0.111328 0.016358 0.020752
v -0.115722 0.017944 0.023193
v -0.111328 0.034424 0.022705
v -0.120117 0.016358 0.018555
v -0.115722 0.017944 0.023193
v -0.116211 0.001312 0.023071
v -0.111328 0.016358 0.020752
v -0.095215 -0.027832 -0.006684
v -0.093262 -0.028198 -0.018799
v -0.089844 -0.041748 -0.006806
v -0.095215 -0.027832 -0.006684
v -0.110840 -0.028564 -0.006867
v -0.113281 -0.014160 -0.006775
v -0.110840 -0.028564 -0.006867
v -0.095215 -0.027832 -0.006684
v -0.096680 -0.013366 -0.018921
v -0.093262 -0.028198 -0.018799
v -0.098633 -0.013183 -0.006714
v -0.098633 -0.013183 -0.006714
v 0.029419 0.166016 0.024048
v 0.090332 0.139648 0.024170
v 0.053711 0.226562 0.024170
v 0.060547 0.181641 0.024048
v 0.053711 0.226562 0.024170
v 0.033691 0.222656 0.023804
v 0.033691 0.222656 0.023804
v 0.204102 -0.131836 -0.024292
v 0.207031 -0.141602 -0.022705
v 0.203125 -0.141602 -0.024292
v 0.182617 -0.130859 -0.023804
v 0.204102 -0.131836 -0.024292
v 0.201172 -0.123047 -0.024536
v 0.208008 -0.129883 -0.022583
v 0.182617 -0.130859 -0.023804
v 0.207031 -0.141602 -0.022705
v -0.021240 0.066406 0.014160
v -0.031250 0.062988 0.013916
v -0.021240 0.066406 0.014160
v -0.010681 0.069336 0.014099
v -0.016846 0.074707 0.018799
v -0.027222 0.071289 0.018921
v -0.027222 0.071289 0.018921
v -0.042725 -0.247071 0.022339
v -0.033935 -0.249023 0.022339
v -0.041748 -0.242188 0.023804
v -0.042725 -0.247071 0.022339
v -0.041748 -0.242188 0.023804
v -0.051270 -0.239258 0.022827
v -0.042725 -0.247071 0.022339
v -0.033935 -0.249023 0.022339
v 0.110840 0.010559 -0.014832
v 0.110840 0.010742 0.015076
v 0.053222 -0.083496 0.005859
v 0.064942 -0.075195 0.005981
v 0.064942 -0.074219 0.018432
v 0.053955 -0.082031 0.018310
v 0.073730 -0.085938 0.006225
v 0.061280 -0.095215 0.006256
v 0.053222 -0.083496 0.005859
v 0.039306 -0.090820 0.005829
v 0.061280 -0.095215 0.006256
v 0.053955 -0.082031 0.018310
v -0.201172 0.123535 -0.024048
v -0.182617 0.132812 -0.023926
v -0.176758 0.087403 -0.024170
v -0.166016 0.028686 -0.023682
v -0.176758 0.087403 -0.024170
v -0.140625 0.089844 -0.023926
v -0.166016 0.028686 -0.023682
v -0.176758 0.087403 -0.024170
v -0.182617 0.132812 -0.023926
v -0.140625 0.089844 -0.023926
v -0.192383 -0.060547 0.022095
v -0.189453 -0.060302 0.023681
v -0.227539 -0.055176 0.023926
v -0.189453 -0.060302 0.023681
v -0.165039 -0.030396 0.023437
v -0.224609 -0.031983 0.023804
v -0.227539 -0.055176 0.023926
v 0.029297 0.102051 -0.014527
v 0.033935 0.100586 0.014831
v 0.029785 0.101562 0.014770
v 0.029297 0.102051 -0.014527
v 0.030517 0.107910 -0.014527
v 0.033448 0.107422 -0.014160
v 0.029297 0.102051 -0.014527
v 0.029785 0.101562 0.014770
v 0.030517 0.107910 -0.014527
v 0.033935 0.100586 -0.014466
v 0.033935 0.100586 0.014831
v 0.133789 -0.206054 0.018799
v 0.127929 -0.205078 -0.018799
v -0.073242 0.025879 -0.018921
v -0.076172 0.014527 -0.018799
v -0.073242 0.025879 -0.018921
v -0.089355 0.039062 -0.018799
v -0.068847 0.035645 -0.018921
v -0.067383 0.023926 -0.013855
v -0.062500 0.034912 -0.014160
v -0.067383 0.023926 -0.013855
v -0.011292 -0.112793 -0.014771
v -0.011841 -0.106445 -0.014771
v -0.011596 -0.106445 0.014465
v -0.015076 -0.113770 -0.014588
v -0.011292 -0.112793 -0.014771
v -0.011596 -0.106445 0.014465
v -0.011169 -0.112793 0.014587
v 0.248047 0.041260 0.021972
v 0.245117 0.052490 0.018677
v 0.239258 0.052246 0.022339
v 0.237304 0.048584 0.023926
v 0.245117 0.037842 0.023681
v 0.250000 0.029175 0.021972
v 0.111328 -0.029297 -0.007080
v 0.113281 -0.014221 -0.021118
v -0.091797 0.180664 0.018921
v -0.091797 0.177734 0.022705
v -0.063477 0.184571 0.022339
v -0.067871 0.185547 0.019165
v -0.067871 0.185547 -0.019043
v -0.091797 0.180664 0.018921
v -0.091797 0.177734 0.022705
v -0.091308 0.180664 -0.018799
v -0.132812 -0.177734 -0.022827
v -0.181641 -0.136719 -0.024048
v -0.179688 -0.134766 -0.022705
v -0.132812 -0.177734 -0.022827
v -0.179688 -0.134766 -0.022705
v -0.132812 -0.174804 -0.010010
v -0.129883 -0.179688 -0.023804
v -0.134766 -0.179688 -0.023926
v -0.131836 -0.174804 -0.009705
v -0.132812 -0.177734 -0.022827
v -0.134766 -0.179688 -0.023926
v -0.181641 -0.136719 -0.024048
v -0.129883 -0.173828 -0.009888
v -0.090820 -0.137696 -0.023194
v 0.085938 0.049560 0.006531
v 0.091308 0.039062 0.006409
v 0.085938 0.049560 0.006531
v 0.097168 0.056885 0.006439
v 0.080567 0.057129 0.006317
v 0.083496 0.051514 0.018310
v 0.085938 0.049560 0.006531
v 0.080567 0.057129 0.006317
v 0.074219 0.063965 0.018432
v 0.083496 0.051514 0.018310
v 0.119140 -0.031739 -0.018555
v 0.121094 -0.017456 -0.018799
v 0.114746 -0.044190 -0.018433
v 0.161133 -0.065430 -0.018189
v -0.014832 0.111328 0.014770
v -0.070312 -0.010254 0.013855
v -0.063965 -0.015747 0.000044
v -0.077148 -0.009522 0.018677
v -0.065430 -0.007996 0.000006
v -0.077637 0.001816 0.018677
v 0.121582 0.197266 -0.024170
v 0.092773 0.177734 -0.022339
v 0.121094 0.200196 -0.022461
v 0.092773 0.177734 -0.022339
v 0.092773 0.180664 -0.018799
v 0.024414 -0.095703 0.018677
v 0.012329 -0.098145 0.018799
v 0.012757 -0.099121 0.006042
v 0.025879 -0.096192 0.006134
v 0.024414 -0.095703 0.018677
v 0.025879 -0.096192 0.006134
v 0.036865 -0.090332 0.018555
v -0.214844 0.063477 -0.018555
v -0.235352 0.055664 -0.021729
v -0.213867 0.063477 0.018799
v -0.249023 -0.032226 -0.022217
v -0.250000 0.029541 -0.018799
v -0.250000 0.029541 -0.018799
v -0.246094 0.029419 -0.023560
v 0.025024 0.227539 0.017944
v -0.023559 0.227539 0.018188
v -0.016236 0.169922 0.018677
v 0.025024 0.227539 0.017944
v 0.020019 0.170898 0.018555
v 0.034424 0.225586 0.018188
v 0.020019 0.170898 0.018555
v 0.052735 -0.089355 -0.013855
v 0.048340 -0.093750 0.015014
v 0.052490 -0.089844 0.014953
v 0.052735 -0.089355 -0.013855
v 0.052490 -0.089844 0.014953
v 0.056640 -0.095703 -0.014099
v 0.053955 -0.098145 -0.014282
v 0.048828 -0.093262 -0.014649
v 0.048340 -0.093750 0.015014
v -0.084961 0.070801 0.020874
v -0.098145 0.060547 0.022705
v -0.028198 -0.165039 0.009582
v -0.031250 -0.218750 0.022339
v -0.030762 -0.216797 0.009643
v -0.028198 -0.165039 0.009582
v -0.028076 -0.164062 0.009949
v -0.028198 -0.165039 0.022217
v -0.031250 -0.218750 0.022339
v 0.166016 0.028564 -0.023316
v 0.191406 0.059326 -0.023682
v 0.223633 0.032470 -0.023560
v 0.166016 0.027466 -0.022217
v 0.166016 0.028564 -0.023316
v 0.177734 0.086914 -0.023926
v 0.191406 0.059326 -0.023682
v 0.139648 0.089844 -0.022217
v 0.142578 0.089355 -0.023926
v 0.166016 0.028564 -0.023316
v 0.166016 0.027466 -0.022217
v 0.139648 0.089844 -0.022217
v 0.085449 -0.054931 0.014709
v 0.081543 -0.052246 -0.014221
v 0.084961 -0.054688 -0.014160
v 0.081543 -0.052002 0.014770
v 0.085449 -0.054931 0.014709
v 0.081543 -0.052002 0.014770
v -0.109375 0.121094 -0.017945
v -0.125977 0.103515 -0.018067
v -0.149414 0.167969 -0.017700
v -0.109375 0.121094 -0.017945
v -0.082520 0.086426 -0.018433
v -0.125977 0.103515 -0.018067
v -0.071778 0.096680 -0.018311
v -0.090332 0.140625 -0.017945
v -0.090332 0.140625 -0.017945
v -0.090820 -0.137696 0.022461
v -0.089844 -0.135742 0.010010
v -0.091308 -0.135742 0.010193
v -0.130859 -0.176758 0.022461
v -0.129883 -0.180664 0.023804
v -0.130859 -0.174804 0.009765
v -0.090820 -0.137696 0.022461
v -0.028076 -0.164062 0.009949
v -0.089844 -0.135742 0.010010
v -0.090820 -0.139648 0.024048
v -0.028198 -0.165039 0.022217
v -0.090820 -0.139648 0.024048
v 0.078125 0.063965 -0.013794
v 0.072754 0.062988 -0.014038
v 0.074219 0.067871 -0.014099
v 0.078125 0.063965 0.014526
v 0.074707 0.060791 -0.013916
v 0.250000 -0.032715 0.019043
v 0.250000 -0.032715 0.021728
v 0.247071 -0.043457 0.021972
v 0.250000 -0.044434 0.018921
v 0.249023 -0.044922 -0.018677
v 0.000259 0.123535 -0.018311
v -0.013794 0.116211 -0.023560
v -0.016113 0.122070 -0.018189
v 0.015747 0.122558 -0.018311
v 0.010620 0.116699 -0.023438
v 0.019531 0.170898 -0.018189
v -0.056153 -0.081543 -0.018555
v -0.060059 -0.097168 -0.006714
v -0.041015 -0.091308 -0.006561
v -0.056153 -0.081543 -0.018555
v 0.142578 0.089355 0.023926
v 0.190429 0.059815 0.023559
v 0.177734 0.086914 0.023681
v 0.202148 0.124023 0.024048
v 0.140625 0.089844 0.022827
v 0.166992 0.029052 0.023926
v 0.184571 0.131836 0.023681
v 0.142578 0.089355 0.023926
v 0.034180 -0.248047 -0.022583
v 0.034180 -0.248047 -0.022583
v 0.042236 -0.244141 -0.023804
v 0.034180 -0.248047 -0.022583
v -0.034424 -0.244141 -0.024414
v 0.034668 -0.244141 -0.024048
v -0.033935 -0.250000 -0.018799
v 0.042236 -0.244141 -0.023804
v -0.167969 0.014099 0.018188
v -0.169922 0.029419 0.017944
v -0.231446 0.033448 0.017456
v -0.167969 0.014099 0.018188
v -0.169922 0.029419 0.017944
v -0.167969 0.014099 0.018188
v -0.230469 0.022583 0.017822
v -0.167969 -0.016358 0.018188
v -0.167969 -0.016358 0.018188
v -0.145508 -0.204102 -0.019165
v -0.152344 -0.198242 -0.019043
v -0.144531 -0.200196 -0.022339
v -0.145508 -0.203125 0.019287
v -0.131836 -0.204102 -0.022095
v -0.132812 -0.206054 -0.018921
v -0.132812 -0.206054 0.018432
v 0.051758 0.056396 0.018677
v 0.058594 0.048828 0.018677
v 0.074219 0.063965 0.018432
v 0.037354 0.058838 0.013794
v 0.051758 0.056396 0.018677
v 0.062256 0.075195 0.018432
v 0.104492 -0.055176 -0.023071
v 0.091797 -0.071778 -0.023194
v 0.092285 -0.065430 -0.021362
v 0.104492 -0.055176 -0.023071
v 0.099610 -0.053711 -0.021240
v 0.107422 -0.058838 -0.018189
v 0.104492 -0.055176 -0.023071
v 0.114746 -0.044190 -0.018433
v 0.107422 -0.058838 -0.018189
v -0.037354 0.092285 0.005768
v -0.050049 0.083985 0.005920
v -0.049560 0.083008 0.018432
v -0.036865 0.090332 0.018432
v -0.024292 0.096192 0.005829
v -0.042236 0.105469 0.006134
v -0.055420 0.098633 0.006042
v -0.043457 -0.064453 0.018677
v -0.056153 -0.081055 0.018677
v -0.041260 -0.090332 0.018677
v -0.034424 -0.069824 0.018799
v -0.032226 -0.063477 0.013916
v -0.051270 -0.058105 0.018555
v -0.041504 -0.057617 0.013855
v 0.179688 0.134766 -0.009278
v 0.134766 0.176758 -0.009705
v 0.180664 0.134766 -0.022705
v 0.179688 0.134766 -0.009278
v 0.180664 0.134766 -0.022705
v 0.179688 0.133789 -0.009705
v 0.050781 -0.099121 0.014831
v 0.053955 -0.098145 0.014831
v 0.048828 -0.093262 -0.014649
v -0.095703 0.057861 -0.006622
v -0.095215 0.057373 -0.021240
v -0.101562 0.044434 -0.021240
v -0.104492 0.048095 -0.023071
v -0.095703 0.057861 -0.006622
v -0.097656 0.061035 -0.023071
v -0.107422 -0.030639 0.014709
v -0.102539 -0.026245 0.014709
v -0.107910 -0.026977 0.014587
v -0.101074 -0.031250 0.014892
v -0.107422 -0.030639 0.014709
v -0.106933 -0.032959 0.014526
v -0.101074 -0.031250 0.014892
v 0.030029 0.117676 -0.018311
v 0.015747 0.122558 -0.018311
v 0.032226 0.169922 -0.018311
v 0.030029 0.117676 -0.018311
v 0.010620 0.116699 -0.023438
v 0.015747 0.122558 -0.018311
v 0.048828 0.112305 -0.018067
v 0.031739 0.111817 -0.023438
v 0.031739 0.111817 -0.023438
v 0.134766 -0.176758 0.022217
v 0.132812 -0.176758 0.022461
v 0.131836 -0.179688 0.023804
v 0.134766 -0.176758 0.022217
v 0.180664 -0.135742 0.023315
v 0.176758 -0.135742 0.009643
v 0.134766 -0.176758 0.022217
v 0.176758 -0.135742 0.009643
v 0.133789 -0.175781 0.009521
v 0.134766 -0.176758 0.022217
v 0.142578 -0.197266 0.024170
v 0.148438 -0.193359 0.023804
v 0.142578 -0.197266 0.024170
v 0.180664 -0.135742 0.023315
v 0.132812 -0.176758 0.022461
v -0.070312 0.066406 -0.014649
v -0.059570 -0.099121 -0.023316
v -0.076660 -0.094727 -0.018677
v -0.059082 -0.096192 -0.021485
v 0.090820 0.067871 0.006103
v 0.090820 0.067871 0.006103
v 0.097168 0.054444 0.020996
v 0.089355 0.065918 0.020996
v 0.081543 0.077148 0.005981
v 0.070312 -0.011292 -0.013672
v 0.063477 -0.018189 0.000074
v 0.064942 -0.008606 -0.000027
v 0.067871 -0.021851 -0.013794
v 0.076172 -0.020141 -0.018799
v 0.077148 -0.009522 -0.019287
v -0.197266 0.147461 0.023804
v -0.151367 0.198242 0.022461
v -0.201172 0.151367 0.019409
v -0.200196 0.150391 0.021972
v -0.147461 0.195312 0.024048
v -0.147461 0.195312 0.024048
v -0.231446 -0.027466 0.017456
v -0.231446 -0.027466 0.017456
v -0.231446 -0.036377 0.017456
v -0.167969 -0.016358 0.018188
v 0.044434 0.248047 -0.019165
v -0.034180 0.244141 -0.024048
v -0.033691 0.249023 -0.022461
v 0.074219 -0.087890 0.022949
v 0.079590 -0.078613 0.020996
v 0.071289 -0.085938 0.021118
v 0.060547 -0.093750 0.021240
v 0.062256 -0.096680 0.023071
v 0.089844 -0.073242 0.023071
v 0.074219 -0.087890 0.022949
v 0.089844 -0.073242 0.023071
v 0.077148 -0.091797 0.018677
v -0.077148 0.080078 -0.006897
v -0.073242 0.065918 -0.006348
v -0.073242 0.065918 -0.006348
v -0.068847 0.088867 -0.006531
v -0.068847 0.088867 -0.006531
v -0.030639 -0.112793 -0.023560
v -0.046142 -0.106933 -0.023682
v -0.028686 -0.110352 -0.021607
v -0.028686 -0.110352 -0.021607
v 0.164062 0.026856 0.010071
v 0.166016 0.027344 0.022705
v 0.138672 0.089355 0.009949
v 0.084961 -0.046875 -0.013794
v -0.134766 0.179688 0.023804
v -0.179688 0.135742 0.022705
v -0.132812 0.175781 0.010071
v -0.133789 0.176758 0.022705
v -0.177734 0.135742 0.009826
v -0.177734 0.135742 0.009826
v -0.091308 -0.136719 -0.010254
v -0.089844 -0.136719 -0.010498
v -0.090820 -0.137696 -0.023194
v -0.129883 -0.173828 -0.009888
v 0.083008 0.064453 0.014770
v 0.079102 0.068847 -0.014343
v 0.245117 -0.039062 -0.023682
v 0.224609 -0.029052 -0.022339
v 0.227539 0.030151 -0.023316
v 0.246094 -0.031128 -0.023560
v 0.224609 0.027710 -0.021851
v -0.030396 0.219727 0.010071
v -0.028931 0.220703 0.009949
v -0.066895 -0.072265 0.018066
v -0.056153 -0.081055 0.018677
v -0.055908 -0.083008 0.005859
v -0.041260 -0.090332 0.018677
v 0.073242 0.085449 -0.006714
v 0.058838 0.095703 -0.021240
v 0.072265 0.084472 -0.021240
v 0.085449 0.073730 -0.006684
v 0.024781 -0.223633 0.017822
v -0.221679 0.029663 -0.022583
v -0.166016 0.028686 -0.023682
v -0.165039 0.027588 -0.022217
v -0.221679 0.029663 -0.022583
v -0.223633 0.028321 -0.022461
v -0.227539 0.030396 -0.023194
v -0.221679 0.028931 -0.009339
v -0.165039 0.027588 -0.022217
v -0.224609 0.032715 -0.023926
v -0.166016 0.028686 -0.023682
v -0.144531 -0.201172 0.022095
v -0.150391 -0.198242 0.022461
v 0.068360 0.021484 -0.013794
v 0.072265 0.031006 -0.018921
v 0.075683 0.020752 -0.018799
v 0.068360 0.021484 -0.013794
v 0.075683 0.020752 -0.018799
v 0.068360 0.021484 -0.013794
v 0.062988 0.021118 -0.000105
v 0.065430 0.029541 -0.013733
v 0.068360 0.021484 -0.013794
v 0.065430 0.029541 -0.013733
v 0.072265 0.031006 -0.018921
v 0.138672 -0.089355 0.009888
v 0.138672 -0.090332 0.009949
v 0.139648 -0.089844 0.022583
v -0.042969 0.104004 -0.021607
v -0.028076 0.110352 -0.006745
v -0.042480 0.105957 -0.006684
v -0.042969 0.104004 -0.021607
v -0.027832 0.109863 -0.021851
v -0.028076 0.110352 -0.006745
v -0.042969 0.104004 -0.021607
v -0.045899 0.106445 -0.023560
v -0.027588 0.112305 -0.023438
v -0.042969 0.104004 -0.021607
v -0.055420 0.097168 -0.021485
v -0.058838 0.098145 -0.023316
v -0.045899 0.106445 -0.023560
v -0.042480 0.105957 -0.006684
v -0.027588 0.112305 -0.023438
v 0.001892 -0.071778 0.014160
v 0.002304 -0.067383 -0.000027
v -0.002151 -0.071778 -0.013855
v 0.201172 0.151367 0.021728
v 0.197266 0.148438 0.023804
v 0.049316 -0.103515 -0.023316
v 0.062988 -0.096192 -0.023194
v -0.086426 0.050781 0.013977
v -0.086426 0.050537 -0.014527
v -0.089844 0.043701 -0.014588
v -0.086426 0.050781 0.013977
v -0.089844 0.043701 -0.014588
v -0.089844 0.044190 0.014160
v -0.089844 0.044190 0.014160
v -0.083496 0.048828 0.014099
v -0.083496 0.048584 -0.014282
v -0.104980 -0.041748 -0.021485
v -0.105469 -0.042236 -0.006287
v -0.112305 -0.032470 -0.023438
v -0.109863 -0.027954 -0.021485
v 0.035645 0.106445 0.014770
v 0.035645 0.106445 0.014770
v 0.029785 0.101562 0.014770
v 0.033935 0.100586 0.014831
v 0.030639 0.107910 0.014648
v 0.036133 0.106445 -0.014343
v 0.133789 -0.174804 -0.010010
v 0.178711 -0.134766 -0.009583
v 0.135742 -0.177734 -0.022827
v -0.055908 0.053711 0.018677
v -0.072265 0.064453 0.018188
v -0.049560 0.051025 0.013855
v -0.047119 0.061035 0.018677
v -0.073730 -0.085449 0.005920
v -0.061767 -0.095215 0.005920
v -0.073730 -0.083985 0.020752
v -0.083985 -0.074219 0.006042
v -0.083496 -0.073242 0.020874
v 0.087403 0.075195 -0.022949
v 0.075683 0.086426 -0.023071
v 0.087403 0.075195 -0.022949
v 0.097168 0.062988 -0.022949
v 0.083985 0.073242 -0.021118
v 0.083985 0.073242 -0.021118
v 0.092773 0.080078 -0.018311
v 0.101074 0.066895 -0.018189
v 0.065430 -0.029175 0.013794
v 0.068360 -0.019898 0.013733
v 0.060302 -0.027710 -0.000055
v 0.071778 -0.030639 0.018677
v 0.065430 -0.029175 0.013794
v 0.071778 -0.030639 0.018677
v 0.068360 -0.019898 0.013733
v -0.151367 0.198242 -0.022583
v -0.141602 0.199219 -0.023926
v -0.147461 0.196289 -0.024170
v -0.145508 0.205078 -0.019287
v -0.143554 0.203125 -0.022705
v -0.200196 0.149414 -0.022095
v -0.153321 0.200196 -0.019653
v -0.177734 -0.090332 -0.024292
v -0.193359 -0.061280 -0.022339
v -0.190429 -0.060302 -0.023926
v -0.177734 -0.090332 -0.024292
v -0.201172 -0.123047 -0.024170
v -0.180664 -0.090332 -0.022705
v -0.177734 -0.090332 -0.024292
v -0.201172 -0.123047 -0.024170
v -0.166016 -0.030396 -0.024170
v -0.141602 -0.090820 -0.024170
v -0.182617 -0.131836 -0.024048
v -0.180664 -0.090332 -0.022705
v 0.030029 0.092285 0.014831
v 0.031006 0.096192 0.014648
v 0.031006 0.096192 -0.014527
v 0.035889 0.094727 0.014404
v 0.034912 0.090820 0.014770
v 0.112305 -0.001930 -0.014649
v 0.111328 -0.001824 -0.014771
v 0.105957 -0.003128 0.015137
v 0.112305 -0.001930 -0.014649
v 0.105957 -0.003128 0.015137
v 0.111328 -0.001984 0.014831
v -0.049073 0.235352 0.024658
v -0.043213 0.245117 0.022705
v -0.049073 0.235352 0.024658
v -0.057129 0.227539 0.022705
v -0.053711 0.226562 0.024414
v -0.052002 0.238281 0.022583
v -0.053711 0.226562 0.024414
v -0.052002 0.238281 0.022583
v -0.034424 -0.069824 0.018799
v -0.020508 -0.074707 0.018677
v -0.020874 -0.069336 0.014404
v -0.025146 -0.067383 0.014038
v 0.182617 0.136719 -0.023926
v 0.198242 0.148438 -0.023804
v 0.204102 0.140625 -0.024170
v 0.180664 0.134766 -0.022705
v 0.198242 0.148438 -0.023804
v 0.029541 -0.167969 0.023681
v 0.034180 -0.221679 0.023559
v 0.054199 -0.225586 0.023681
v 0.029541 -0.167969 0.023681
v 0.031494 -0.219727 0.022339
v 0.091308 -0.139648 0.023681
v 0.028076 -0.166016 0.022217
v 0.028076 -0.166016 0.022217
v -0.112305 0.016358 -0.007050
v -0.102539 0.044434 -0.006897
v -0.091308 0.038086 -0.006958
v -0.097656 -0.013062 0.018432
v -0.097656 -0.013427 0.006409
v -0.097656 -0.013062 0.018432
v -0.098145 0.000984 0.018310
v -0.099121 0.000564 0.006439
v -0.097656 -0.013062 0.018432
v -0.077637 0.001816 0.018677
v -0.098145 0.000984 0.018310
v -0.097656 -0.013427 0.006409
v 0.066406 0.188477 -0.019043
v 0.057373 0.228516 -0.022461
v 0.068360 0.185547 -0.018921
v 0.066406 0.188477 -0.019043
v 0.059570 0.227539 -0.019409
v 0.066406 0.188477 -0.019043
v 0.066895 0.187500 0.019531
v 0.068360 0.185547 -0.018921
v 0.059570 0.227539 -0.019409
v 0.210938 -0.129883 -0.019409
v 0.208008 -0.142578 0.018677
v 0.208984 -0.141602 -0.019165
v -0.023559 0.094238 -0.018799
v -0.023559 0.094238 -0.018799
v -0.034180 -0.224609 -0.017822
v -0.003555 -0.167969 -0.018189
v -0.024781 -0.223633 -0.018067
v -0.034180 -0.224609 -0.017822
v -0.030151 -0.168946 -0.017945
v -0.003555 -0.167969 -0.018189
v 0.110840 0.010742 0.015076
v 0.050537 -0.084472 -0.018555
v 0.062988 -0.076172 -0.018433
v 0.050537 -0.084472 -0.018555
v 0.047119 -0.062256 -0.018677
v 0.054931 -0.056153 -0.018921
v 0.073242 -0.066895 -0.018555
v -0.137696 0.090820 0.010071
v -0.139648 0.090332 0.022705
v -0.178711 0.133789 0.009949
v -0.137696 0.090332 0.009888
v -0.194336 -0.064942 -0.018921
v -0.194336 -0.064942 -0.018921
v -0.229492 -0.061280 -0.018067
v -0.183594 -0.090820 -0.019653
v 0.031006 0.096192 0.014648
v 0.031006 0.096192 0.014648
v 0.035889 0.094727 0.014404
v 0.036377 0.094727 -0.014221
v 0.131836 -0.200196 -0.024048
v 0.142578 -0.196289 -0.024048
v 0.144531 -0.201172 -0.022339
v 0.133789 -0.179688 -0.023438
v 0.131836 -0.200196 -0.024048
v 0.144531 -0.201172 -0.022339
v 0.130859 -0.203125 -0.022461
v 0.118164 -0.199219 -0.022461
v -0.095703 0.012268 0.014099
v -0.100586 0.012878 0.006653
v -0.100097 0.013245 -0.014038
v -0.095703 0.012390 -0.014404
v -0.095215 0.018554 0.014160
v -0.099610 0.013122 0.014221
v -0.015136 -0.113770 0.014465
v 0.222656 0.030151 -0.021851
v 0.222656 0.028931 -0.008850
v 0.165039 0.026977 -0.009766
v 0.222656 0.030151 -0.021851
v 0.223633 0.032470 -0.023560
v 0.227539 0.030151 -0.023316
v 0.224609 0.027710 -0.021851
v 0.222656 0.027832 -0.009522
v 0.222656 0.028931 -0.008850
v 0.094727 -0.026856 0.018555
v 0.089355 -0.041015 0.018310
v 0.095703 -0.027222 0.006347
v 0.110352 -0.029785 0.006592
v -0.130859 -0.176758 0.022461
v -0.130859 -0.174804 0.009765
v 0.068360 0.040039 -0.018921
v 0.089844 0.042236 -0.018799
v 0.191406 -0.060302 0.023681
v 0.225586 -0.032715 0.023559
v 0.166992 -0.031250 0.023926
v 0.178711 -0.090820 0.023681
v -0.015503 0.100586 -0.014771
v -0.014771 0.096192 -0.014404
v -0.014527 0.096192 0.014404
v -0.010987 0.102051 -0.014588
v -0.014892 0.097168 0.014526
v -0.015381 0.101074 0.014404
v -0.086426 -0.044434 -0.018677
v -0.070312 -0.032959 -0.018921
v -0.074219 -0.023682 -0.018799
v -0.074219 -0.023682 -0.018799
v 0.092285 0.177734 0.022583
v 0.121582 0.196289 0.024048
v 0.120605 0.200196 0.022461
v 0.092285 0.177734 0.022583
v 0.068847 0.185547 0.019165
v 0.091797 0.172852 0.024292
v 0.120605 0.200196 0.022461
v 0.013183 -0.099121 -0.006348
v -0.000187 -0.100097 -0.006348
v -0.000630 -0.098633 -0.018677
v 0.013183 -0.099121 -0.006348
v 0.001030 -0.115235 -0.006500
v -0.000187 -0.100097 -0.006348
v 0.012451 -0.097656 -0.018677
v 0.025391 -0.096192 -0.006561
v 0.016479 -0.113281 -0.006775
v 0.012451 -0.097656 -0.018677
v -0.247071 0.041748 0.021728
v -0.244141 0.039306 0.023804
v -0.205078 -0.141602 0.021606
v -0.208008 -0.130859 0.022217
v -0.202148 -0.152344 0.018799
v 0.002228 0.077148 0.018799
v 0.001480 0.098145 0.018555
v -0.010987 0.097168 0.018677
v -0.007172 0.076660 0.018555
v 0.092285 -0.051758 -0.015076
v 0.092773 -0.051025 0.015076
v 0.095703 -0.051758 -0.011353
v 0.096192 -0.055908 -0.014343
v 0.092285 -0.051758 -0.015076
v 0.089355 -0.056885 -0.014954
v 0.088867 -0.056396 0.015442
v 0.088867 -0.056396 0.015442
v 0.096192 -0.055908 -0.014343
v -0.052002 0.109375 0.017944
v -0.029907 0.117188 0.018188
v -0.040039 0.150391 0.018310
v -0.045410 0.105469 0.023559
v -0.071289 0.095703 0.018310
v -0.058594 0.098145 0.023437
v -0.091308 0.140625 0.017944
v -0.067871 -0.022461 0.014038
v -0.064453 -0.031739 0.013977
v -0.061524 -0.023559 0.000105
v -0.061524 -0.023559 0.000105
v 0.134766 0.207031 0.019409
v 0.147461 0.205078 -0.019165
v 0.146484 0.203125 -0.022217
v 0.034180 -0.091308 0.014770
v 0.034912 -0.095703 -0.014343
v 0.034424 -0.090820 -0.014404
v 0.034180 -0.091308 0.014770
v 0.034912 -0.095703 -0.014343
v -0.109375 0.050781 -0.018677
v -0.101562 0.063965 -0.018555
v -0.101562 0.063965 -0.018555
v -0.089844 -0.040771 0.006378
v -0.109863 -0.028686 0.006256
v -0.104980 -0.043213 0.006317
v -0.083985 -0.051270 0.006317
v -0.094727 -0.027954 0.006347
v 0.059326 0.099121 -0.023194
v 0.201172 -0.149414 0.021606
v 0.203125 -0.140625 0.023437
v 0.197266 -0.148438 0.023559
v 0.201172 -0.149414 0.021606
v 0.208008 -0.142578 0.018677
v 0.148438 -0.193359 0.023804
v 0.201172 -0.149414 0.021606
v 0.151367 -0.196289 0.022095
v 0.207031 -0.141602 0.021850
v 0.207031 -0.141602 0.021850
v 0.151367 -0.196289 0.022095
v -0.047119 0.052735 -0.014038
v -0.062500 -0.106933 -0.018555
v -0.047608 -0.115235 -0.018311
v -0.087403 -0.146484 -0.018311
v -0.062500 -0.106933 -0.018555
v 0.096680 0.044922 0.015198
v 0.100586 0.048828 -0.014343
v 0.096192 0.044922 -0.014649
v 0.096680 0.044922 0.015198
v 0.096192 0.044922 -0.014649
v 0.098145 0.039551 0.014831
v 0.103028 0.045410 0.014648
v 0.101074 0.048584 0.014343
v 0.100586 0.048828 -0.014343
v -0.147461 0.195312 0.024048
v -0.197266 0.147461 0.023804
v -0.141602 0.199219 0.024292
v -0.134766 0.179688 0.023804
v -0.197266 0.147461 0.023804
v -0.118653 -0.028931 -0.018799
v -0.166992 -0.014892 -0.017945
v -0.120117 -0.015259 -0.018677
v -0.114258 -0.044434 -0.019043
v -0.168946 -0.033691 -0.018067
v -0.118653 -0.028931 -0.018799
v -0.114258 -0.044434 -0.019043
v -0.112305 -0.032470 -0.023438
v 0.031983 0.108398 0.005920
v 0.030884 0.107910 0.021606
v 0.017212 0.112793 0.006286
v 0.027710 0.095215 0.006012
v 0.027710 0.095215 0.006012
v 0.040528 0.090332 0.006012
v 0.157227 -0.157227 -0.018189
v 0.104492 -0.123535 -0.018189
v 0.179688 -0.136719 -0.018067
v 0.157227 -0.157227 -0.018189
v 0.137696 -0.180664 -0.017700
v 0.104492 -0.123535 -0.018189
v -0.072754 0.064942 0.006134
v -0.072754 0.064942 0.006134
v -0.034424 -0.244141 0.023804
v -0.033935 -0.249023 0.022339
v 0.033935 -0.250000 0.019043
v 0.034180 -0.248047 0.022217
v 0.247071 0.029052 -0.023804
v 0.244141 0.038819 -0.023438
v 0.247071 0.029052 -0.023804
v 0.087890 -0.069336 0.020996
v 0.086426 -0.072754 0.006256
v -0.063965 0.088379 -0.014527
v -0.060302 0.092285 -0.014588
v -0.058350 0.087890 -0.015564
v -0.059082 0.084961 -0.015015
v -0.059326 0.084961 0.014709
v -0.086914 -0.075683 0.022583
v -0.097168 -0.063965 0.022705
v -0.095703 -0.070312 0.018310
v -0.086914 -0.075683 0.022583
v -0.083496 -0.073242 0.020874
v -0.095703 -0.070312 0.018310
v -0.087890 -0.082031 0.018066
v 0.085449 0.073730 -0.006684
v 0.073730 0.064942 -0.006378
v 0.232422 -0.036133 0.017578
v -0.029541 0.222656 -0.022705
v 0.029785 0.222656 -0.022583
v -0.028931 0.221679 -0.009888
v -0.029541 0.222656 -0.022705
v 0.030762 0.226562 -0.024048
v -0.029541 0.222656 -0.022705
v 0.030762 0.226562 -0.024048
v 0.029785 0.222656 -0.022583
v -0.029541 0.222656 -0.022705
v -0.028931 0.221679 -0.009888
v -0.031983 0.221679 -0.023560
v -0.074219 -0.067871 -0.014771
v 0.078613 0.091797 0.018432
v 0.075195 0.086914 0.023071
v 0.089355 0.082520 0.018555
v 0.118653 0.109375 0.018310
v 0.061767 0.104492 0.018310
v 0.097656 0.130859 0.018677
v 0.034180 -0.222656 -0.023926
v 0.029541 -0.166992 -0.023926
v -0.222656 0.028198 0.009643
v -0.223633 0.027466 0.022095
v -0.222656 0.026245 0.009094
v -0.221679 0.029052 0.009643
v -0.222656 0.029785 0.022339
v -0.249023 -0.044190 0.018921
v 0.131836 -0.173828 0.009704
v -0.083985 0.049316 -0.006561
v -0.082031 0.050781 -0.018799
v -0.083985 0.049316 -0.006561
v -0.027222 -0.097168 -0.006409
v -0.045899 -0.104492 -0.006653
v -0.041015 -0.091308 -0.006561
v -0.027222 -0.097168 -0.006409
v -0.014160 -0.099610 -0.006409
v -0.041015 -0.091308 -0.006561
v -0.029541 -0.111328 -0.006714
v -0.029541 -0.111328 -0.006714
v 0.190429 0.059815 0.023559
v 0.194336 0.062256 0.021972
v 0.180664 0.086426 0.021850
v 0.217773 0.062011 0.022461
v 0.180664 0.086426 0.021850
v 0.190429 0.059815 0.023559
v 0.166992 0.029052 0.023926
v 0.217773 0.062011 0.022461
v 0.101074 -0.010620 -0.013611
v 0.100097 -0.016113 -0.013794
v 0.096680 -0.009399 -0.013916
v 0.101562 -0.011352 0.014221
v 0.097168 -0.009217 0.014343
v -0.145508 0.204102 0.019775
v -0.130859 0.204102 0.022461
v -0.120605 -0.196289 -0.024048
v -0.088867 -0.171875 -0.024170
v -0.061280 -0.181641 -0.024048
v 0.095215 0.022583 0.014282
v 0.098633 0.024170 -0.013367
v 0.095215 0.022705 -0.013611
v 0.100097 0.020019 0.014038
v 0.099121 0.024048 0.014038
v 0.096192 0.016601 0.014465
v 0.241211 -0.055664 -0.019165
v 0.230469 -0.061035 -0.018799
v 0.250000 -0.044434 0.018921
v 0.241211 -0.055664 -0.019165
v 0.247071 -0.042725 -0.022217
v 0.249023 -0.044922 -0.018677
v 0.230469 -0.061035 -0.018799
v 0.249023 -0.044922 -0.018677
v -0.013733 0.112305 0.021728
v -0.027832 0.110840 0.005951
v -0.013855 0.113281 0.006103
v 0.001358 0.112793 0.021728
v 0.000843 0.116699 0.023437
v -0.014465 0.115722 0.023681
v -0.027344 0.109375 0.021850
v -0.058105 -0.031494 0.000192
v -0.062500 -0.033448 -0.014038
v -0.066895 -0.023438 -0.013977
v -0.059082 -0.041260 0.013855
v 0.131836 0.180664 -0.024170
v 0.090820 0.137696 -0.022705
v 0.090332 0.139648 -0.023804
v 0.092285 0.172852 -0.023438
v 0.133789 0.177734 -0.022583
v 0.092285 0.172852 -0.023438
v 0.031250 -0.108398 0.021484
v 0.016113 -0.112305 0.021484
v 0.031739 -0.111328 0.023315
v 0.049073 -0.104492 0.023315
v 0.046875 -0.102051 0.021484
v 0.047364 -0.104004 0.006103
v 0.031494 -0.110352 0.006195
v -0.152344 0.073242 -0.018189
v -0.109375 0.050781 -0.018677
v -0.115722 0.037597 -0.018555
v -0.146484 0.090332 -0.018189
v -0.185547 -0.130859 0.017334
v -0.122558 -0.104004 0.017944
v -0.146484 -0.090332 0.017944
v -0.185547 -0.130859 0.017334
v -0.178711 -0.138672 0.017700
v -0.122558 -0.104004 0.017944
v 0.035645 0.068360 -0.018799
v 0.039551 0.089844 -0.018677
v 0.035645 0.068360 -0.018799
v 0.039795 0.057861 -0.014160
v 0.031006 0.062500 -0.014160
v 0.025391 0.071778 -0.018677
v 0.039551 0.089844 -0.018677
v 0.113770 -0.030274 0.023071
v 0.120605 -0.015381 0.018799
v 0.116699 -0.015991 0.023071
v 0.109375 -0.029541 0.021240
v 0.113770 -0.030274 0.023071
v 0.120605 -0.015381 0.018799
v 0.116699 -0.015991 0.023071
v 0.103515 -0.043213 0.021118
v -0.028076 0.110352 -0.006745
v -0.027832 0.109863 -0.021851
v -0.028076 0.110352 -0.006745
v -0.025269 0.096680 -0.006409
v -0.037842 0.092285 -0.006500
v -0.037842 0.092285 -0.006500
v -0.015259 -0.098145 -0.018677
v -0.005859 -0.077148 -0.018921
v -0.015259 -0.098145 -0.018677
v -0.000187 -0.100097 -0.006348
v -0.017212 -0.075683 -0.018921
v -0.000630 -0.098633 -0.018677
v 0.197266 0.063477 0.018432
v 0.051758 -0.239258 -0.022827
v 0.053711 -0.240234 -0.019531
v -0.112305 0.001007 0.020630
v -0.113770 0.001053 0.006439
v -0.111328 0.016358 0.020752
v -0.111817 -0.012757 0.020508
v -0.112793 -0.014038 0.006347
v -0.105957 -0.003296 -0.014771
v -0.111817 -0.003052 -0.014588
v 0.034424 0.225586 0.018188
v 0.020019 0.170898 0.018555
v 0.032470 0.170898 0.018432
v 0.140625 -0.089355 -0.024048
v 0.166992 -0.031006 -0.024292
v 0.178711 -0.090332 -0.023804
v 0.140625 -0.089355 -0.024048
v 0.178711 -0.090332 -0.023804
v 0.140625 -0.089355 -0.024048
v 0.139648 -0.090332 -0.023071
v 0.165039 -0.029541 -0.022827
v 0.140625 -0.089355 -0.024048
v 0.182617 -0.130859 -0.023804
v 0.139648 -0.090332 -0.023071
v 0.165039 -0.029541 -0.022827
v -0.055420 0.098633 0.006042
v -0.069336 0.087890 0.006286
v -0.061524 -0.181641 0.023193
v -0.064453 -0.183594 0.021972
v -0.053955 -0.226562 0.023926
v -0.061524 -0.181641 0.023193
v -0.090820 -0.139648 0.024048
v -0.061524 -0.181641 0.023193
v -0.029785 -0.166992 0.023804
v -0.090820 -0.139648 0.024048
v -0.053955 -0.226562 0.023926
v -0.086914 -0.175781 0.022217
v 0.098633 0.024170 -0.013367
v 0.099121 0.024048 0.014038
v 0.100586 0.019287 -0.013062
v 0.100586 0.019287 -0.013062
v 0.029907 -0.063965 0.013916
v 0.031739 -0.057617 0.000015
v 0.022094 -0.062988 -0.000113
v -0.204102 0.131836 -0.024048
v -0.204102 0.131836 -0.024048
v -0.182617 0.132812 -0.023926
v -0.201172 0.123535 -0.024048
v -0.207031 0.131836 -0.022339
v -0.205078 0.141602 -0.021973
v -0.207031 0.131836 -0.022339
v -0.204102 -0.131836 0.024170
v -0.202148 -0.140625 0.023681
v -0.182617 -0.132812 0.023926
v 0.011413 0.068847 -0.013916
v 0.019653 0.062011 0.000067
v 0.107422 -0.027954 0.015076
v 0.107910 -0.027954 -0.014771
v 0.101562 -0.028686 0.015198
v -0.062988 0.184571 -0.022217
v -0.055908 0.184571 -0.023926
v -0.091308 0.177734 -0.022339
v -0.060302 0.180664 -0.023682
v -0.034668 -0.095703 -0.014771
v 0.118653 0.109375 0.018310
v 0.034180 -0.222656 -0.023926
v 0.031250 -0.221679 -0.024048
v 0.034180 -0.222656 -0.023926
v 0.054444 -0.225586 -0.024292
v 0.049805 -0.235352 -0.024658
v 0.029541 -0.166992 -0.023926
v -0.112305 0.016601 0.006439
v -0.112305 0.016601 0.006439
v -0.113770 0.001053 0.006439
v -0.098633 0.013733 0.006317
v -0.111328 0.016358 0.020752
v -0.094727 0.026367 0.006256
v -0.115722 -0.014771 -0.023560
v -0.111328 0.016358 -0.021362
v -0.112793 0.001068 -0.021607
v -0.112305 -0.013977 -0.021485
v 0.054688 0.239258 0.019409
v 0.044434 0.247071 0.019165
v 0.057617 0.226562 0.022705
v 0.054688 0.239258 0.019409
v 0.060059 0.227539 0.019531
v 0.059570 0.227539 -0.019409
v 0.060059 0.227539 0.019531
v 0.193359 -0.061524 -0.021851
v 0.182617 -0.089844 -0.022461
v 0.182617 -0.089844 -0.022461
v -0.016846 0.074707 0.018799
v -0.023559 0.095215 0.018677
v -0.027222 0.071289 0.018921
v -0.061524 -0.159179 0.018066
v -0.030396 -0.168946 0.017700
v -0.047608 -0.113770 0.018066
v -0.062011 -0.105957 0.018310
v -0.088867 -0.143554 0.017578
v 0.037842 -0.066895 0.018799
v 0.053955 -0.082031 0.018310
v 0.064942 -0.074219 0.018432
v 0.045655 -0.062256 0.018799
v -0.179688 0.134766 -0.022583
v -0.177734 0.133789 -0.009522
v -0.163086 -0.057373 0.018188
v -0.105469 -0.058594 0.018188
v -0.113281 -0.043701 0.018066
v -0.146484 -0.090332 0.017944
v -0.169922 -0.033691 0.018310
v 0.030762 0.108398 -0.021973
v 0.016358 0.111817 -0.021729
v 0.031739 0.108887 -0.006806
v 0.047364 0.104980 -0.023438
v 0.132812 -0.176758 0.022461
v 0.091797 -0.136719 0.022583
v 0.091308 -0.139648 0.023681
v 0.132812 -0.174804 0.009704
v 0.131836 -0.173828 0.009704
v 0.091308 -0.139648 0.023681
v 0.091797 -0.136719 0.022583
v -0.086426 0.042480 -0.014710
v -0.086426 0.042480 -0.014710
v -0.089844 0.043701 -0.014588
v -0.086426 0.050537 -0.014527
v -0.085938 0.042480 0.014282
v -0.011841 -0.106445 -0.014771
v -0.016358 -0.105957 0.014404
v -0.016601 -0.105469 -0.015015
v -0.016358 -0.105957 0.014404
v 0.245117 0.051514 -0.019287
v 0.234375 0.060302 0.018677
v 0.100097 -0.016113 -0.013794
v 0.101562 -0.011352 0.014221
v 0.100097 -0.016479 0.014160
v 0.095703 -0.015136 -0.013855
v 0.096680 -0.009399 -0.013916
v -0.125977 -0.205078 -0.018799
v -0.123047 -0.204102 0.018921
v -0.115235 -0.201172 -0.018677
v -0.124023 -0.203125 -0.022339
v 0.077148 0.001343 0.018677
v 0.098145 -0.000022 0.018432
v 0.076660 0.011963 0.018677
v 0.097656 0.013245 0.018677
v 0.196289 -0.063965 -0.018921
v 0.228516 -0.058350 -0.021851
v 0.190429 -0.060059 -0.023560
v -0.014527 0.096192 0.014404
v -0.010803 0.102051 0.014282
v -0.015381 0.101074 0.014404
v -0.010132 0.097168 0.014343
v -0.083985 -0.049073 0.014404
v -0.086914 -0.050781 0.014404
v -0.086914 -0.050781 -0.014710
v -0.083985 -0.049073 0.014404
v -0.086914 -0.050781 -0.014710
v -0.083985 -0.049073 -0.014527
v 0.087890 0.141602 -0.017822
v 0.139648 0.180664 -0.017700
v 0.016113 -0.112305 0.021484
v 0.031494 -0.110352 0.006195
v 0.001068 -0.113770 0.021362
v -0.227539 0.056153 -0.023804
v -0.222656 -0.028564 -0.009461
v -0.222656 -0.028564 -0.009461
v -0.222656 -0.029663 -0.022705
v -0.222656 -0.027588 -0.009216
v 0.030639 0.222656 0.022583
v 0.031006 0.224609 0.023926
v -0.029052 0.222656 0.022583
v 0.028809 0.221679 0.009888
v 0.030639 0.222656 0.022583
v 0.028809 0.221679 0.009888
v 0.030396 0.220703 0.009888
v 0.028686 0.165039 0.022583
v 0.033691 0.222656 0.023804
v 0.030639 0.222656 0.022583
v 0.074219 -0.088867 -0.023194
v 0.062988 -0.096192 -0.023194
v 0.060547 -0.094238 -0.021240
v 0.081543 -0.082520 -0.022949
v 0.072265 -0.085938 -0.021240
v 0.081543 -0.082520 -0.022949
v -0.070312 0.065918 0.014587
v -0.031250 -0.218750 0.022339
v -0.030274 -0.218750 0.009399
v -0.030762 -0.216797 0.009643
v -0.034180 -0.221679 0.023559
v -0.030151 -0.219727 0.022095
v -0.031250 -0.218750 0.022339
v -0.029785 -0.166992 0.023804
v -0.034180 -0.221679 0.023559
v -0.029785 -0.166992 0.023804
v 0.075195 -0.072754 0.015320
v 0.082520 -0.074707 0.015076
v 0.078613 -0.067871 0.015320
v -0.125977 0.103515 -0.018067
v -0.186523 0.134766 -0.017700
v -0.179688 0.139648 -0.018067
v -0.093262 0.075683 -0.018555
v -0.149414 0.167969 -0.017700
v -0.146484 0.090332 -0.018189
v -0.146484 0.090332 -0.018189
v -0.086426 -0.070801 0.014404
v -0.085449 -0.073730 0.014648
v -0.082031 -0.066895 0.014526
v -0.086426 -0.070801 0.014404
v -0.082031 -0.066895 0.014526
v 0.060059 0.084961 -0.014527
v 0.065918 0.088379 -0.014282
v 0.065430 0.081543 0.014648
v 0.247071 -0.032470 0.023437
v 0.247071 0.028443 0.024048
v 0.226562 -0.029785 0.023193
v 0.243164 -0.041748 0.023681
v -0.042969 0.246094 -0.022217
v -0.043945 0.247071 -0.019287
v -0.033691 0.249023 -0.022461
v -0.066406 -0.073242 -0.018555
v -0.056153 -0.081543 -0.018555
v 0.134766 0.176758 -0.009705
v 0.132812 0.175781 -0.009583
v 0.023193 -0.119140 -0.018189
v 0.032226 -0.110840 -0.023316
v 0.030639 -0.118653 -0.017945
v 0.030517 -0.167969 -0.018311
v 0.023193 -0.119140 -0.018189
v -0.169922 0.029419 0.017944
v -0.154297 0.056153 0.018310
v -0.163086 0.062011 0.018432
v -0.115235 0.034424 0.018310
v -0.181641 -0.136719 -0.024048
v -0.146484 -0.194336 -0.024170
v -0.197266 -0.148438 -0.023926
v -0.181641 -0.136719 -0.024048
v -0.181641 -0.136719 -0.024048
v -0.134766 -0.179688 -0.023926
v -0.146484 -0.194336 -0.024170
v -0.197266 -0.148438 -0.023926
v -0.202148 -0.141602 -0.023804
v 0.107422 -0.031494 -0.014771
v -0.028686 0.112305 0.023681
v -0.028686 0.112305 0.023681
v -0.045410 0.105469 0.023559
v -0.041504 0.104492 0.021606
v -0.028686 0.112305 0.023681
v -0.027344 0.109375 0.021850
v -0.016113 0.121094 0.018066
v -0.029907 0.117188 0.018188
v -0.037354 -0.053711 0.000219
v -0.032226 -0.063477 0.013916
v -0.037354 -0.053711 0.000219
v -0.033691 -0.062988 -0.013855
v 0.201172 0.151367 -0.022339
v 0.153321 0.198242 -0.022339
v 0.201172 0.151367 -0.022339
v 0.056396 -0.095215 0.014831
v 0.056640 -0.095703 -0.014099
v -0.083496 0.071778 -0.014710
v -0.081055 0.074219 -0.015015
v -0.077637 0.069336 -0.014893
v -0.082031 0.064453 -0.014649
v -0.083496 0.071778 -0.014710
v -0.082031 0.064453 -0.014649
v -0.085938 0.067383 -0.014710
v -0.095703 -0.070312 0.018310
v -0.105469 -0.058594 0.018188
v -0.097168 -0.063965 0.022705
v -0.095703 -0.070312 0.018310
v 0.048340 0.092773 -0.014404
v 0.051758 0.097656 -0.014343
v 0.053711 0.092285 -0.014588
v 0.052490 0.090820 0.014770
v 0.048584 0.092773 0.014648
v 0.133789 -0.206054 -0.018921
v 0.146484 -0.203125 0.019043
v -0.070312 0.012634 -0.014160
v -0.076172 0.014527 -0.018799
v -0.070312 0.012634 -0.014160
v -0.077637 0.002609 -0.018799
v -0.077637 0.002609 -0.018799
v -0.045899 -0.104492 -0.006653
v -0.043701 -0.104492 -0.021729
v 0.094238 0.067383 0.022949
v 0.080567 0.076172 0.020874
v 0.094238 0.067383 0.022949
v 0.095215 0.073242 0.018555
v 0.085449 0.077637 0.023193
v 0.089355 0.065918 0.020996
v 0.094238 0.067383 0.022949
v 0.085449 0.077637 0.023193
v 0.080567 0.076172 0.020874
v 0.035400 -0.061035 -0.013733
v -0.237304 -0.050049 -0.023682
v -0.228516 -0.059082 -0.021851
v 0.006958 0.097656 0.014465
v 0.007110 0.102051 -0.014527
v 0.087403 -0.179688 -0.019287
v 0.117188 -0.201172 -0.018921
v 0.087403 -0.179688 -0.019287
v 0.088867 -0.179688 0.018921
v 0.065918 -0.184571 -0.019409
v 0.088867 -0.179688 0.018921
v -0.097168 0.013977 0.018555
v -0.093262 0.027099 0.018310
v -0.097168 0.013977 0.018555
v -0.097168 0.013977 0.018555
v -0.029541 -0.111817 0.006134
v -0.014892 -0.114746 0.006164
v -0.027466 -0.096680 0.006012
v -0.041260 -0.091308 0.005829
v -0.028686 -0.109863 0.021362
v -0.041260 -0.091308 0.005829
v 0.191406 0.059326 -0.023682
v 0.228516 0.055664 -0.023926
v 0.223633 0.060791 -0.022095
v 0.071778 -0.030639 0.018677
v 0.089355 -0.041015 0.018310
v -0.137696 0.182617 -0.017945
v -0.088867 -0.143554 0.017578
v -0.109375 -0.120117 0.017822
v 0.090332 0.043945 -0.013794
v 0.083985 0.047364 -0.013672
v 0.087890 0.049316 -0.013611
v 0.090332 0.043945 -0.013794
v 0.090820 0.043457 0.014221
v 0.086914 0.041992 -0.013855
v 0.086914 0.050049 0.013367
v 0.221679 -0.029297 0.009338
v 0.222656 -0.028686 0.009033
v -0.027588 0.112305 -0.023438
v -0.013977 0.112793 -0.021729
v -0.069824 -0.011536 -0.014099
v -0.070801 0.001625 -0.014038
v -0.077148 -0.009766 -0.018799
v -0.066895 -0.023438 -0.013977
v 0.132812 0.200196 0.024292
v 0.130859 0.179688 0.023559
v 0.133789 0.204102 0.022583
v 0.037842 -0.068360 -0.018677
v 0.050537 -0.084472 -0.018555
v 0.051758 -0.085449 -0.006378
v 0.039062 -0.091308 -0.006531
v -0.179688 0.086914 0.022461
v -0.204102 0.121094 0.022217
v -0.196289 0.062500 0.018432
v -0.146484 -0.090332 -0.018311
v -0.104980 -0.061524 -0.018799
v -0.091308 -0.079590 -0.018433
v -0.146484 -0.090332 -0.018311
v -0.116699 -0.113281 -0.018433
v -0.185547 -0.130859 -0.017945
v -0.162109 -0.057861 -0.018555
v -0.116699 -0.113281 -0.018433
v 0.054444 0.084472 0.014526
v 0.058105 0.083008 -0.013794
v 0.058105 0.083008 -0.013794
v 0.116699 -0.014832 -0.023071
v 0.121094 -0.017456 -0.018799
v 0.114258 -0.030517 -0.023194
v 0.116699 -0.014832 -0.023071
v 0.117188 0.001229 -0.023316
v 0.113281 -0.014221 -0.021118
v 0.121094 -0.017456 -0.018799
v -0.054199 0.239258 0.019409
v -0.009278 -0.077148 0.018555
v -0.013672 -0.098633 0.018799
v 0.210938 0.131836 -0.019165
v 0.210938 0.131836 0.018677
v 0.207031 0.142578 -0.021973
v 0.208984 0.143554 -0.019409
v 0.208984 0.143554 0.018799
v -0.104004 0.020752 -0.014893
v -0.109863 0.018432 -0.014893
v -0.108887 0.021729 -0.014832
v -0.108887 0.021972 0.014587
v -0.104004 0.020752 -0.014893
v -0.103515 0.015747 -0.015137
v -0.109863 0.018432 -0.014893
v -0.104004 0.020752 -0.014893
v -0.108887 0.021972 0.014587
v -0.103515 0.020508 0.014648
v -0.103515 0.020508 0.014648
v -0.102539 -0.025635 -0.015015
v -0.107910 -0.026977 0.014587
v -0.102539 -0.025635 -0.015015
v -0.107910 -0.026489 -0.015015
v 0.034668 0.090820 -0.014282
v 0.180664 -0.135742 0.023315
v 0.183594 -0.131836 0.023559
v 0.183594 -0.131836 0.023559
v 0.179688 -0.132812 0.022583
v -0.034668 0.055908 0.000070
v -0.031250 0.062988 0.013916
v -0.041504 0.057373 0.013855
v -0.034668 0.055908 0.000070
v -0.042969 0.050537 0.000015
v -0.039062 0.058838 -0.014160
v -0.039062 0.058838 -0.014160
v -0.057861 -0.228516 -0.022339
v -0.052490 -0.238281 -0.022827
v 0.100586 0.016968 0.013794
v 0.096192 0.016968 -0.013428
v 0.100586 0.016968 0.013794
v 0.100586 0.019287 -0.013062
v 0.100097 0.020019 0.014038
v 0.048584 -0.084472 -0.014282
v 0.048340 -0.083985 0.014709
v -0.203125 0.131836 0.023804
v -0.150391 -0.196289 -0.022583
v -0.152344 -0.198242 0.019409
v -0.202148 -0.152344 -0.018921
v 0.082520 0.053711 -0.018799
v 0.061035 0.037597 -0.013794
v 0.093750 -0.059570 0.015076
v 0.093750 -0.060059 -0.015015
v 0.096192 -0.056153 0.015014
v -0.055176 0.093750 -0.014771
v -0.051270 0.091308 0.001266
v -0.055176 0.093750 -0.014771
v -0.055420 0.094727 0.014831
v -0.051270 0.091308 0.001266
v -0.039551 -0.066895 -0.018799
v 0.144531 0.175781 0.018188
v 0.137696 0.181641 0.018066
v 0.097656 0.130859 0.018677
v 0.144531 0.175781 0.018188
v 0.118653 0.109375 0.018310
v 0.179688 0.141602 0.018188
v 0.144531 0.175781 0.018188
v 0.097656 0.130859 0.018677
v 0.118653 0.109375 0.018310
v 0.025391 -0.096192 -0.006561
v 0.016479 -0.113281 -0.006775
v -0.109375 0.048340 0.018432
v -0.105469 0.047364 0.022949
v -0.098145 0.060547 0.022705
v -0.115235 0.034424 0.018310
v -0.101074 0.061767 0.018310
v -0.109863 -0.027954 -0.021485
v 0.207031 -0.141602 -0.022705
v 0.208984 -0.141602 -0.019165
v -0.038330 0.066406 0.018799
v -0.041504 0.057373 0.013855
v -0.062011 -0.093750 0.014404
v -0.059815 -0.086914 0.014343
v -0.056153 -0.089844 -0.015137
v 0.103028 0.045410 -0.014404
v 0.060302 -0.027710 -0.000055
v 0.070312 -0.009643 0.014038
v -0.141602 0.199219 -0.023926
v -0.132812 0.180664 -0.023560
v -0.132812 0.180664 -0.023560
v -0.222656 -0.030396 0.022461
v -0.223633 -0.029297 0.009521
v -0.223633 -0.028564 0.009338
v -0.221679 -0.029297 0.009888
v -0.222656 -0.030396 0.022461
v 0.030151 0.218750 -0.009766
v 0.028809 0.165039 -0.009644
v 0.029785 0.222656 -0.022583
v 0.028809 0.221679 -0.010071
v 0.063477 -0.101562 0.018310
v 0.049073 -0.104492 0.023315
v 0.077148 -0.091797 0.018677
v 0.062256 -0.096680 0.023071
v 0.090332 -0.144531 0.017700
v -0.073730 0.067383 -0.014893
v -0.072754 0.069336 0.014221
v -0.070312 0.066406 -0.014649
v -0.074707 0.067383 0.014404
v -0.031006 -0.217773 -0.010010
v 0.228516 0.029907 0.023681
v 0.247071 0.028443 0.024048
v 0.223633 0.030517 0.023315
v 0.222656 0.028564 0.009094
v 0.224609 0.027710 0.022339
v 0.228516 0.029907 0.023681
v 0.224609 0.027710 0.022339
v 0.083008 -0.076172 -0.021240
v 0.091797 -0.071778 -0.023194
v -0.090820 0.136719 0.010071
v -0.028931 0.164062 0.010071
v -0.091308 0.136719 0.022705
v -0.090820 0.136719 0.010071
v -0.092285 0.136719 0.010010
v -0.177734 -0.134766 -0.009583
v -0.179688 -0.134766 -0.022705
v -0.177734 -0.134766 -0.009583
v -0.132812 -0.174804 -0.010010
v 0.073730 0.065918 0.006042
v 0.073730 0.065918 0.006042
v 0.081543 0.077148 0.005981
v 0.072265 0.085938 0.006103
v 0.073730 0.065918 0.006042
v 0.062500 0.075195 0.006012
v 0.119140 -0.031739 -0.018555
v 0.121094 -0.017456 -0.018799
v -0.031983 0.170898 0.018432
v -0.016236 0.169922 0.018677
v -0.031983 0.170898 0.018432
v -0.082031 -0.076172 0.014282
v -0.082031 -0.076172 -0.015137
v -0.078125 -0.071778 0.014648
v 0.034668 -0.244141 0.023926
v -0.034424 -0.244141 0.023804
v 0.034668 -0.244141 0.023926
v 0.031006 -0.222656 0.023926
v -0.030762 -0.221679 0.023804
v 0.034668 -0.244141 0.023926
v 0.042236 -0.242188 0.023681
v 0.031006 -0.222656 0.023926
v 0.034668 -0.244141 0.023926
v -0.030762 -0.221679 0.023804
v 0.042236 -0.242188 0.023681
v -0.250000 0.029541 -0.018799
v -0.250000 0.029907 0.019409
v -0.250000 0.039062 -0.019409
v -0.250000 0.039062 -0.019409
v -0.250000 -0.032715 0.019043
v -0.250000 -0.032715 0.019043
v 0.006958 0.097656 0.014465
v 0.053955 -0.239258 0.019165
v 0.058594 -0.228516 0.018799
v 0.051514 -0.238281 0.022583
v 0.053711 -0.240234 -0.019531
v 0.051514 -0.238281 0.022583
v -0.094727 0.018921 -0.014343
v -0.016358 -0.123047 -0.018067
v 0.118653 0.029663 0.018310
v 0.112793 0.043945 0.018432
v 0.109863 0.041504 0.023071
v 0.090820 -0.041015 -0.006531
v 0.062256 -0.047851 -0.018799
v -0.129883 -0.179688 -0.023804
v -0.090820 -0.139648 -0.024048
v -0.088867 -0.171875 -0.024170
v -0.120605 -0.196289 -0.024048
v -0.129883 -0.199219 -0.024292
v -0.129883 -0.179688 -0.023804
v -0.090820 -0.137696 -0.023194
v -0.090820 -0.139648 -0.024048
v 0.089355 0.039551 0.018555
v 0.096680 0.026734 0.006500
v 0.109375 0.029785 0.006561
v 0.196289 -0.063965 -0.018921
v -0.014709 0.111328 -0.014710
v 0.121582 0.197266 -0.024170
v 0.092285 0.172852 -0.023438
v 0.092773 0.177734 -0.022339
v -0.196289 0.062500 0.018432
v -0.178711 -0.131836 0.009765
v -0.139648 -0.090332 0.022583
v -0.179688 -0.131836 0.023193
v -0.178711 -0.133789 0.009399
v -0.178711 -0.131836 0.009765
v -0.137696 -0.090332 0.009949
v -0.139648 -0.090332 0.022583
v 0.032959 0.095215 -0.006439
v 0.039551 0.089844 -0.018677
v 0.025391 0.071778 -0.018677
v 0.025757 0.094727 -0.018799
v 0.032959 0.095215 -0.006439
v 0.111817 -0.006378 0.015198
v 0.104980 -0.008972 0.015137
v 0.110840 -0.010132 0.014831
v 0.004425 -0.077148 -0.018799
v 0.206054 0.120605 0.022339
v 0.028198 -0.165039 -0.009888
v 0.091797 -0.137696 -0.022949
v 0.028076 -0.165039 -0.022827
v 0.090820 -0.135742 -0.010437
v -0.101562 0.044677 0.020630
v -0.109863 -0.028686 0.006256
v -0.097656 -0.013427 0.006409
v -0.109863 -0.025635 0.020752
v -0.094727 -0.027954 0.006347
v -0.109863 -0.025635 0.020752
v 0.028686 0.165039 0.022583
v 0.129883 -0.105469 -0.017822
v 0.187500 -0.129883 -0.017700
v -0.058838 0.075683 0.014587
v -0.060547 0.079590 0.014282
v -0.060547 0.079590 -0.014527
v -0.058838 0.075683 0.014587
v -0.054199 0.079102 0.014709
v -0.060547 0.079590 0.014282
v -0.059082 0.075683 -0.014466
v -0.051270 -0.239258 0.022827
v -0.053955 -0.226562 0.023926
v -0.197266 -0.148438 -0.023926
v -0.200196 -0.150391 -0.021973
v -0.054199 0.089844 0.014709
v -0.054199 0.089844 0.014709
v -0.034424 -0.069824 0.018799
v -0.041260 -0.090332 0.018677
v -0.027344 -0.095215 0.018555
v -0.027344 -0.095215 0.018555
v 0.179688 0.141602 -0.017945
v 0.186523 0.134766 -0.017578
v 0.113281 0.132812 -0.018189
v 0.139648 0.180664 -0.017700
v 0.035645 -0.106445 0.014831
v 0.035400 -0.106445 -0.014527
v 0.031494 -0.100586 0.014892
v 0.032959 -0.107422 0.014648
v -0.115722 0.037597 -0.018555
v -0.101562 0.063965 -0.018555
v -0.089844 -0.046875 -0.014466
v 0.047364 0.104980 -0.023438
v 0.204102 -0.131836 0.023804
v -0.016846 0.062500 0.000004
v -0.010681 0.069336 0.014099
v -0.046142 -0.106933 -0.023682
v -0.059570 -0.099121 -0.023316
v -0.043701 -0.104492 -0.021729
v 0.072265 -0.030274 -0.018921
v 0.067871 -0.021851 -0.013794
v -0.141602 0.199219 0.024292
v -0.166992 -0.014892 -0.017945
v -0.231446 -0.035645 -0.017578
v -0.230469 -0.026611 -0.018067
v -0.166992 -0.014892 -0.017945
v -0.168946 -0.033691 -0.018067
v -0.231446 -0.035645 -0.017578
v -0.166992 -0.014892 -0.017945
v -0.230469 -0.026611 -0.018067
v -0.166992 0.012818 -0.017822
v -0.166992 0.012818 -0.017822
v 0.034180 0.250000 0.018921
v 0.043457 0.246094 0.022583
v 0.061035 -0.095215 -0.006592
v -0.083985 0.073242 0.006225
v -0.069336 0.087890 0.006286
v -0.014588 -0.113281 0.021362
v 0.238281 0.047608 -0.023560
v 0.096192 -0.056153 0.015014
v -0.090820 0.136719 -0.010620
v -0.028931 0.164062 -0.022461
v -0.028686 0.164062 -0.009827
v -0.122558 -0.104004 0.017944
v -0.122558 -0.104004 0.017944
v -0.122558 -0.104004 0.017944
v 0.055908 0.078613 -0.013977
v 0.058350 0.082520 0.014465
v 0.057373 0.078125 -0.008118
v 0.165039 -0.028686 -0.009827
v 0.165039 -0.029541 -0.022827
v 0.165039 -0.028931 -0.009766
v 0.165039 -0.028686 -0.009827
v 0.222656 -0.028931 -0.009400
v 0.165039 -0.029541 -0.022827
v -0.028931 0.164062 -0.022461
v -0.030396 0.218750 -0.009644
v -0.028686 0.165039 -0.009766
v -0.028686 0.164062 -0.009827
v -0.030396 0.166016 -0.023804
v 0.070801 0.084961 0.020874
v -0.247071 0.041748 0.021728
v -0.250000 0.041260 0.018921
v -0.204102 -0.120605 -0.022583
v -0.204102 -0.132812 -0.024170
v 0.096192 -0.026977 -0.006806
v 0.088379 -0.043945 -0.018311
v 0.091797 -0.034424 -0.018799
v 0.090820 -0.041015 -0.006531
v 0.096192 -0.026977 -0.006806
v 0.095215 -0.026001 -0.018677
v 0.095215 -0.026001 -0.018677
v -0.059815 0.181641 0.023926
v -0.091797 0.173828 0.023559
v -0.033691 0.222656 0.023804
v -0.059815 0.181641 0.023926
v -0.091797 0.173828 0.023559
v -0.013672 -0.098633 0.018799
v 0.184571 0.131836 -0.023804
v -0.109375 0.014588 -0.014832
v -0.103515 0.015625 0.014831
v -0.109375 0.014527 0.014648
v -0.105469 -0.008484 -0.015198
v -0.036865 0.089355 -0.018677
v -0.038086 0.066406 -0.018555
v -0.048340 0.086426 -0.006531
v -0.054688 0.081543 -0.006378
v -0.028321 -0.163086 -0.010254
v -0.028076 -0.165039 -0.022827
v -0.089844 -0.136719 -0.010498
v -0.028321 -0.163086 -0.010254
v -0.028076 -0.165039 -0.010193
v -0.028076 -0.165039 -0.022827
v 0.066406 -0.071778 -0.014466
v 0.065918 -0.071778 0.014587
v 0.067383 -0.078125 -0.014404
v 0.062500 -0.075683 -0.014527
v -0.178711 0.141602 0.018188
v -0.106933 -0.032715 -0.014893
v -0.101562 -0.030517 -0.015198
v -0.101074 -0.031250 0.014892
v -0.106933 -0.032715 -0.014893
v -0.106933 -0.032715 -0.014893
v -0.107422 -0.030517 -0.015015
v -0.101562 -0.030517 -0.015198
v 0.031494 0.110840 0.023681
v 0.031494 0.110840 0.023681
v 0.016236 0.111817 0.021728
v 0.048828 0.112305 0.018432
v 0.030274 0.117676 0.018310
v 0.015747 0.115722 0.023681
v 0.015747 0.115722 0.023681
v 0.091797 -0.137696 -0.022949
v 0.133789 -0.179688 -0.023438
v 0.241211 0.050293 -0.022583
v 0.236328 0.055664 -0.021973
v 0.235352 0.059326 -0.018921
v 0.095703 -0.015320 0.014404
v 0.095703 -0.015320 0.014404
v -0.054199 0.240234 -0.019409
v -0.123047 -0.204102 0.018921
v 0.094727 0.028809 -0.018799
v -0.014771 0.096192 -0.014404
v -0.010987 0.102051 -0.014588
v -0.010437 0.097168 -0.014466
v -0.070312 -0.032959 -0.018921
v -0.082520 -0.053467 -0.006714
v -0.082520 -0.053467 -0.006714
v 0.131836 0.174804 0.010193
v 0.132812 0.175781 0.009826
v 0.132812 0.176758 0.022705
v 0.011413 -0.103028 -0.014404
v 0.007507 -0.098633 -0.014771
v 0.012146 -0.097656 -0.014527
v 0.011780 -0.102539 0.014587
v 0.007172 -0.104492 0.000116
v 0.012146 -0.098145 0.014526
v 0.019531 0.170898 -0.018189
v 0.091797 -0.136719 0.022583
v 0.091797 -0.136719 0.022583
v 0.028076 -0.164062 0.009949
v 0.028076 -0.166016 0.022217
v 0.168946 0.014709 0.018066
v 0.231446 0.033203 0.018188
v 0.171875 0.029663 0.017700
v 0.167969 -0.016968 0.018188
v 0.051758 -0.085449 -0.006378
v 0.064453 -0.076172 -0.006348
v 0.051758 -0.085449 -0.006378
v 0.050537 -0.084472 -0.018555
v -0.141602 0.089355 0.024292
v -0.166016 0.028686 0.023804
v -0.164062 0.027344 0.022583
v -0.166016 0.028686 0.023804
v -0.141602 0.089355 0.024292
v -0.164062 0.027344 0.022583
v -0.139648 0.090332 0.022705
v 0.247071 -0.042725 -0.022217
v 0.250000 -0.031494 -0.022339
v -0.033203 0.227539 0.018066
v -0.057129 -0.082520 0.014404
v -0.056153 -0.079102 -0.014649
v -0.057373 -0.082520 -0.014527
v -0.057129 -0.082520 0.014404
v -0.053711 -0.085449 0.014526
v -0.056153 -0.079102 0.014526
v -0.057129 -0.082520 0.014404
v -0.056153 -0.079102 0.014526
v -0.056153 -0.079102 -0.014649
v -0.057373 -0.082520 -0.014527
v 0.164062 0.062988 -0.018067
v 0.101074 0.066895 -0.018189
v 0.149414 0.091308 -0.018067
v 0.113281 0.132812 -0.018189
v 0.186523 0.134766 -0.017578
v 0.028198 -0.166016 0.009888
v 0.030884 -0.217773 0.009521
v 0.028076 -0.164062 0.009949
v -0.140625 0.089844 -0.023926
v -0.180664 -0.135742 0.024048
v -0.178711 -0.134766 0.023315
v -0.182617 -0.132812 0.023926
v -0.180664 -0.135742 0.024048
v -0.196289 -0.148438 0.023437
v -0.180664 -0.135742 0.024048
v -0.133789 -0.179688 0.023681
v -0.178711 -0.134766 0.023315
v -0.180664 -0.135742 0.024048
v -0.147461 -0.193359 0.023804
v -0.133789 -0.179688 0.023681
v -0.180664 -0.135742 0.024048
v -0.196289 -0.148438 0.023437
v -0.147461 -0.193359 0.023804
v 0.031006 0.062500 -0.014160
v -0.057617 0.104492 -0.018311
v -0.070312 -0.032959 -0.018921
v -0.064453 -0.043945 -0.018799
v 0.060547 -0.094238 -0.021240
v -0.095215 0.058594 0.006225
v -0.072754 0.064942 0.006134
v -0.095215 0.058594 0.006225
v -0.094727 0.058350 0.020874
v -0.095215 0.058594 0.006225
v -0.094727 0.058350 0.020874
v -0.095215 0.058594 0.006225
v -0.102539 0.045166 0.006195
v -0.081543 0.052979 0.006225
v -0.114258 -0.044434 -0.019043
v -0.168946 -0.033691 -0.018067
v -0.104980 -0.061524 -0.018799
v 0.034668 0.090820 -0.014282
v 0.133789 -0.206054 -0.018921
v 0.144531 -0.201172 -0.022339
v -0.073730 0.023193 0.018799
v -0.066895 0.023804 0.013977
v -0.063965 -0.091308 0.014465
v 0.098633 0.039795 -0.014527
v 0.098145 0.039551 0.014831
v 0.036377 -0.059570 0.013611
v 0.037842 -0.066895 0.018799
v 0.046631 -0.085938 0.018555
v 0.053955 -0.082031 0.018310
v 0.036377 -0.059570 0.013611
v -0.207031 0.143554 -0.019043
v -0.207031 0.143554 0.019409
v -0.201172 0.151367 -0.018921
v -0.205078 0.141602 -0.021973
v -0.208984 0.131836 0.018799
v -0.207031 0.131836 -0.022339
v -0.209961 0.130859 -0.019287
v -0.200196 -0.150391 0.021606
v 0.014709 0.075195 -0.018799
v 0.020752 0.066406 -0.013977
v 0.096192 -0.056153 0.021118
v 0.087890 -0.069336 0.020996
v 0.096192 -0.056153 0.021118
v 0.101562 -0.056885 0.022705
v -0.055420 0.098633 -0.006470
v -0.048340 0.086426 -0.006531
v -0.055420 0.098633 -0.006470
v -0.055420 0.097168 -0.021485
v -0.048340 0.086426 -0.006531
v -0.067871 0.088379 -0.021362
v -0.055420 0.097168 -0.021485
v -0.070312 -0.032959 -0.018921
v -0.074219 -0.023682 -0.018799
v -0.066895 -0.023438 -0.013977
v 0.034424 -0.095215 0.014953
v -0.098633 -0.051514 -0.014954
v -0.093750 -0.049073 0.014648
v -0.098145 -0.052002 0.014648
v -0.098633 -0.051514 -0.014954
v -0.094238 -0.048584 -0.015137
v -0.093750 -0.049073 0.014648
v 0.059082 0.096192 0.006042
v -0.065430 0.001351 -0.000002
v -0.029052 -0.112793 0.023071
v 0.103028 0.041015 -0.014343
v 0.103515 0.040771 0.015014
v 0.041015 -0.051270 0.000112
v -0.179688 0.135742 -0.022583
v -0.179688 0.134766 -0.022583
v -0.120117 -0.014953 0.018677
v -0.169922 -0.033691 0.018310
v -0.113281 -0.043701 0.018066
v 0.028809 0.165039 -0.009644
v 0.028809 0.165039 -0.009766
v 0.138672 -0.090332 0.009949
v 0.139648 -0.089844 0.022583
v 0.179688 -0.131836 0.009582
v -0.062988 0.073242 -0.018433
v -0.055908 0.053711 -0.018921
v -0.078125 0.057129 -0.006592
v -0.073242 0.065918 -0.006348
v 0.250000 0.029175 0.021972
v -0.104980 -0.061524 -0.018799
v -0.095703 -0.064942 -0.023194
v -0.091308 -0.079590 -0.018433
v 0.060302 0.084472 0.015014
v 0.062500 0.089844 -0.014649
v 0.062500 0.089844 -0.014649
v 0.060059 0.084961 -0.014527
v 0.223633 -0.026977 -0.009155
v 0.224609 0.025757 -0.009339
v 0.222656 -0.028198 -0.009461
v -0.076172 -0.063477 0.005920
v -0.083985 -0.051270 0.006317
v -0.094727 -0.061035 0.006195
v -0.083985 -0.074219 0.006042
v -0.066895 -0.072265 0.018066
v -0.077637 -0.058594 0.018066
v 0.131836 0.174804 -0.009705
v 0.090332 0.137696 -0.010437
v 0.090820 0.137696 -0.022705
v 0.028686 0.165039 -0.022339
v 0.090332 0.139648 -0.023804
v 0.089355 0.136719 -0.010376
v 0.089355 0.136719 -0.010376
v -0.230469 0.022461 -0.017822
v 0.015198 0.098145 0.006103
v 0.001480 0.098145 0.018555
v 0.001312 0.114258 0.006134
v 0.000984 0.099610 0.006073
v -0.017944 -0.111817 0.014465
v -0.016601 -0.105469 -0.015015
v 0.071778 -0.030639 0.018677
v -0.091308 0.177734 -0.022339
v -0.120117 0.197266 -0.023926
v 0.099610 0.012512 -0.006592
v 0.099610 0.017578 -0.006867
v 0.099610 0.012512 -0.006592
v 0.099610 0.017578 -0.006867
v -0.052002 -0.081543 -0.014588
v -0.057373 -0.082520 -0.014527
v 0.090332 0.139648 0.024170
v 0.130859 0.179688 0.023559
v 0.134766 0.176758 0.022461
v -0.003555 -0.167969 -0.018189
v 0.032226 -0.110840 -0.023316
v 0.026123 0.094727 0.018677
v 0.040528 0.090332 0.006012
v 0.039795 0.090332 0.018555
v 0.040528 0.090332 0.006012
v -0.031983 0.170898 0.018432
v -0.009522 -0.098633 0.014221
v 0.058350 -0.228516 -0.019287
v -0.098145 0.001541 -0.018799
v -0.097168 -0.005218 -0.018921
v -0.098633 -0.013183 -0.006714
v -0.093750 -0.027954 0.018066
v -0.112793 -0.014038 0.006347
v 0.201172 -0.123047 0.023926
v 0.178711 -0.090820 0.023681
v -0.056396 0.083008 -0.014832
v -0.056396 0.083496 0.014343
v -0.054688 0.079102 -0.014649
v -0.060547 0.079590 -0.014527
v -0.064942 -0.183594 -0.022461
v -0.054688 -0.225586 -0.024048
v -0.057861 -0.228516 -0.022339
v -0.057861 -0.228516 -0.022339
v -0.054688 -0.225586 -0.024048
v 0.098633 0.039795 -0.014527
v 0.103515 0.040771 0.015014
v 0.007263 -0.071289 -0.013794
v 0.012329 -0.065918 -0.000050
v 0.015991 -0.069336 -0.013855
v 0.015076 -0.075683 -0.018799
v -0.207031 0.131836 0.022217
v -0.222656 -0.027588 -0.009216
v -0.222656 -0.029663 -0.022705
v -0.222656 0.026977 -0.009461
v 0.104492 -0.123535 -0.018189
v -0.030396 -0.168946 0.017700
v -0.034180 -0.223633 0.017334
v 0.002320 -0.167969 0.017822
v 0.168946 0.015503 -0.017945
v 0.170898 0.030762 -0.018067
v 0.232422 0.033448 -0.017700
v 0.168946 0.015503 -0.017945
v 0.232422 0.033448 -0.017700
v 0.231446 0.022705 -0.018189
v 0.075195 -0.063965 0.018555
v 0.075195 -0.064453 0.006164
v -0.138672 0.090332 -0.022583
v -0.137696 0.091308 -0.009766
v -0.137696 0.090332 -0.009644
v -0.138672 0.090332 -0.022583
v -0.164062 0.027710 -0.009888
v -0.165039 0.027588 -0.022217
v -0.138672 0.090332 -0.022583
v -0.137696 0.090332 -0.009644
v -0.164062 0.027710 -0.009888
v -0.138672 0.090332 -0.022583
v -0.165039 0.027588 -0.022217
v -0.140625 0.089844 -0.023926
v 0.083008 0.053222 -0.006592
v 0.238281 -0.049316 0.023315
v 0.243164 -0.041748 0.023681
v 0.247071 -0.043457 0.021972
v -0.012268 0.112793 -0.014832
v -0.008117 0.112305 -0.014710
v -0.012268 0.112793 -0.014832
v -0.059815 -0.086914 -0.015198
v -0.063965 -0.091308 -0.015015
v -0.063965 -0.091308 0.014465
v -0.059815 -0.086914 -0.015198
v -0.059815 -0.086914 0.014343
v 0.095215 0.073242 0.018555
v -0.223633 0.027466 0.022095
v -0.223633 -0.028564 0.009338
v -0.140625 -0.198242 -0.024048
v 0.066895 0.024292 0.014038
v 0.058350 0.031006 0.000189
v 0.066895 0.024292 0.014038
v 0.107422 -0.058838 -0.018189
v 0.145508 -0.090332 -0.018311
v 0.145508 -0.090332 -0.018311
v -0.033691 0.098633 -0.014771
v 0.046875 -0.102051 0.021484
v -0.083985 0.049316 -0.006561
v -0.078125 0.057129 -0.006592
v -0.107422 -0.035156 0.020752
v 0.178711 -0.133789 0.009765
v -0.047119 0.061280 -0.018677
v 0.086914 0.066895 0.014526
v 0.076172 -0.020141 -0.018799
v 0.091797 -0.034424 -0.018799
v 0.072265 -0.030274 -0.018921
v 0.077148 -0.009522 -0.019287
v -0.143554 0.203125 0.022827
v -0.145508 0.205078 -0.019287
v -0.201172 -0.122558 0.024048
v -0.141602 -0.091308 0.024048
v 0.011475 0.097168 -0.014404
v 0.011596 0.097168 0.014404
v -0.031983 0.221679 -0.023560
v -0.033448 -0.091308 0.014526
v 0.134766 0.176758 0.022461
v 0.183594 0.136719 0.023681
v 0.180664 0.134766 0.022583
v 0.184571 0.131836 0.023681
v 0.180664 0.134766 0.022583
v 0.030517 -0.167969 -0.018311
v 0.033691 -0.224609 -0.017945
v -0.003555 -0.167969 -0.018189
v -0.109863 0.018921 0.014648
v -0.108887 0.021972 0.014587
v -0.098145 -0.023682 -0.014282
v -0.098633 -0.018554 0.014099
v -0.099121 -0.018432 -0.014404
v -0.093262 -0.023071 -0.014404
v -0.098145 -0.023682 -0.014282
v -0.093262 -0.023071 0.014160
v -0.098145 -0.023682 -0.014282
v -0.093262 -0.023071 -0.014404
v 0.205078 -0.120605 -0.022583
v -0.016846 0.074707 0.018799
v -0.023559 0.095215 0.018677
v -0.029419 -0.220703 0.009277
v 0.116211 0.017823 -0.023194
v 0.112793 0.016968 -0.021485
v 0.108398 0.032715 -0.021362
v 0.064942 -0.080078 0.014770
v 0.064942 -0.080078 0.014770
v 0.067871 -0.076660 0.014831
v 0.061767 -0.075683 0.014648
v 0.062500 -0.075683 -0.014527
v 0.067383 -0.078125 -0.014404
v 0.017578 0.112305 -0.006989
v 0.001098 0.113281 -0.021607
v 0.131836 -0.179688 0.023804
v 0.089355 -0.173828 0.023437
v -0.095215 0.018554 0.014160
v -0.014892 -0.114746 -0.006653
v 0.213867 0.063965 0.018432
v 0.233398 0.057129 0.021972
v 0.097656 -0.030029 0.014526
v 0.095703 -0.034668 -0.013977
v -0.119629 0.200196 0.022461
v -0.120117 0.197266 0.024048
v -0.144531 -0.173828 -0.018189
v -0.098145 -0.131836 -0.018189
v -0.137696 -0.181641 -0.018189
v -0.144531 -0.173828 -0.018189
v -0.116699 -0.113281 -0.018433
v -0.098145 -0.131836 -0.018189
v -0.177734 -0.139648 -0.017822
v 0.058594 0.048828 0.018677
v 0.065918 0.040283 0.018555
v 0.065918 0.040283 0.018555
v 0.166992 -0.031006 -0.024292
v 0.222656 -0.029785 -0.021973
v -0.024292 0.096192 0.005829
v -0.012024 0.098145 0.005951
v -0.027832 0.110840 0.005951
v 0.007691 -0.098145 0.014221
v 0.007507 -0.098633 -0.014771
v 0.008117 -0.103028 0.014526
v 0.007691 -0.098145 0.014221
v 0.008117 -0.103028 0.014526
v 0.000984 0.099610 0.006073
v -0.054199 0.239258 0.019409
v -0.060302 -0.050049 0.018555
v -0.051270 -0.049560 0.014099
v 0.139648 0.090332 -0.009827
v 0.030274 -0.107422 0.014221
v -0.099121 -0.018432 -0.014404
v 0.141602 -0.090332 0.023681
v 0.183594 -0.131836 0.023559
v 0.141602 -0.090332 0.023681
v -0.040771 0.086914 -0.014588
v -0.041992 0.090820 -0.014527
v -0.036621 0.089355 -0.014649
v -0.040771 0.086914 0.014892
v 0.099121 0.024048 0.014038
v -0.178711 0.133789 0.009582
v -0.228516 -0.059082 -0.021851
v -0.014588 -0.113281 0.021362
v 0.095703 -0.034912 0.014465
v 0.095703 -0.034668 -0.013977
v -0.091797 0.173828 -0.023560
v -0.091797 0.173828 -0.023560
v 0.083985 0.047608 0.014099
v -0.018189 -0.112305 -0.014710
v -0.017944 -0.111817 0.014465
v 0.227539 0.056640 0.023926
v 0.166992 0.029052 0.023926
v 0.227539 0.056640 0.023926
v 0.072265 -0.030274 -0.018921
v -0.090820 -0.139648 -0.024048
v -0.029907 -0.166992 -0.024292
v -0.090820 -0.139648 -0.024048
v -0.029907 -0.166992 -0.024292
v -0.061280 -0.181641 -0.024048
v -0.090820 -0.137696 -0.023194
v -0.088867 -0.171875 -0.024170
v 0.087890 0.049316 -0.013611
v 0.028809 0.221679 0.009888
v -0.053711 -0.085449 0.014526
v -0.053955 -0.085449 -0.014710
v -0.051514 -0.081543 0.014465
v -0.053711 -0.085449 0.014526
v -0.057373 -0.082520 -0.014527
v -0.053955 -0.085449 -0.014710
v -0.053711 -0.085449 0.014526
v -0.051514 -0.081543 0.014465
v 0.139648 0.089844 -0.022217
v 0.138672 0.089844 -0.009705
v 0.139648 0.090332 -0.009827
v 0.138672 0.089844 -0.009705
v 0.180664 0.134766 -0.022705
v 0.142578 0.089355 -0.023926
v 0.030396 -0.220703 0.022583
v 0.049805 -0.235352 0.024048
v -0.113770 0.000915 -0.006806
v -0.112305 0.016358 -0.007050
v -0.113770 0.000915 -0.006806
v -0.112305 0.016358 -0.007050
v -0.112793 0.001068 -0.021607
v -0.111328 0.016358 -0.021362
v 0.105957 -0.057373 0.018432
v -0.041992 0.090820 -0.014527
v -0.040771 0.086914 0.014892
v -0.041992 0.090820 0.014709
v -0.037842 0.093750 -0.014832
v -0.041992 0.090820 0.014709
v 0.202148 0.152344 0.018799
v 0.061035 -0.095215 -0.006592
v 0.137696 -0.179688 -0.024048
v -0.062500 0.033691 0.013977
v -0.059326 0.028198 0.000002
v 0.087403 0.066895 -0.014343
v 0.086914 0.066895 0.014526
v 0.084961 0.064453 -0.010925
v 0.087403 0.066895 -0.014343
v 0.084961 0.064453 -0.010925
v 0.085449 0.070801 -0.014404
v 0.051270 -0.049073 -0.013794
v 0.051270 -0.049073 -0.013794
v 0.001098 0.113281 -0.021607
v -0.085938 0.042480 0.014282
v -0.033935 -0.100586 -0.015137
v -0.037597 -0.106445 -0.014954
v -0.033935 -0.100586 -0.015137
v -0.037597 -0.106445 -0.014954
v -0.037597 -0.099121 -0.015137
v -0.037597 -0.099121 0.014404
v -0.037597 -0.099121 0.014404
v 0.171875 0.029663 0.017700
v -0.130859 0.200196 0.024170
v -0.132812 0.180664 0.023926
v -0.141602 0.199219 0.024292
v -0.117188 -0.199219 -0.022461
v 0.094238 0.026611 0.018799
v 0.099121 0.013550 0.006653
v 0.096680 0.026734 0.006500
v 0.094238 0.026611 0.018799
v 0.074219 0.021363 0.018921
v 0.074219 0.021363 0.018921
v -0.065430 -0.041015 0.018310
v -0.070312 -0.032470 0.018555
v -0.065430 -0.041015 0.018310
v -0.070312 -0.032470 0.018555
v -0.060302 -0.050049 0.018555
v 0.131836 0.174804 -0.009705
v -0.176758 -0.135742 0.009521
v 0.057373 0.078125 -0.008118
v 0.120605 -0.015381 0.018799
v 0.001030 -0.115235 -0.006500
v 0.051758 -0.239258 -0.022827
v 0.051758 -0.239258 -0.022827
v 0.056885 -0.228516 -0.022705
v 0.049805 -0.235352 -0.024658
v -0.100586 0.012878 0.006653
v -0.099610 0.013122 0.014221
v 0.030517 0.218750 0.009949
v 0.145508 -0.090332 -0.018311
v -0.086914 -0.175781 0.022217
v 0.113770 0.017334 -0.006958
v -0.200196 -0.150391 -0.021973
v 0.028931 0.062988 0.013855
v 0.019653 0.062011 0.000067
v 0.029297 0.057861 -0.000149
v -0.058594 0.098145 0.023437
v -0.052979 0.098145 0.021362
v 0.146484 0.203125 -0.022217
v 0.153321 0.198242 -0.022339
v 0.046631 -0.085938 0.018555
v -0.097168 -0.043945 0.014709
v -0.101074 -0.048828 0.014526
v -0.097656 -0.043701 -0.015076
v -0.101562 -0.045410 0.014648
v -0.094238 -0.048584 -0.015137
v -0.097168 -0.043945 0.014709
v -0.039062 0.058838 -0.014160
v -0.137696 0.182617 0.018310
v -0.178711 0.141602 0.018188
v -0.091308 0.140625 0.017944
v -0.165039 -0.029297 -0.022461
v -0.166016 -0.030396 -0.024170
v 0.015869 0.121582 0.018310
v 0.000843 0.116699 0.023437
v 0.015869 0.121582 0.018310
v 0.020019 0.170898 0.018555
v 0.000599 0.122070 0.018188
v 0.015869 0.121582 0.018310
v 0.032470 0.170898 0.018432
v 0.020019 0.170898 0.018555
v 0.030274 0.117676 0.018310
v 0.029541 -0.166992 -0.023926
v -0.083985 0.073242 0.006225
v 0.224609 0.025757 -0.009339
v 0.084472 -0.071778 0.015014
v -0.069824 0.090332 -0.023194
v -0.079590 0.081543 -0.023316
v 0.167969 -0.016968 0.018188
v 0.170898 -0.034912 0.017700
v 0.120605 -0.015381 0.018799
v 0.024414 -0.224609 -0.017945
v -0.024781 -0.223633 -0.018067
v -0.003555 -0.167969 -0.018189
v -0.250000 0.029419 0.022583
v -0.250000 -0.032715 0.019043
v -0.227539 -0.029785 -0.023804
v -0.245117 -0.032715 -0.024292
v -0.227539 0.030396 -0.023194
v -0.013855 0.113281 0.006103
v 0.001358 0.112793 0.021728
v 0.001312 0.114258 0.006134
v 0.051514 -0.099610 -0.014710
v -0.025146 -0.223633 0.017456
v 0.053467 -0.056396 0.018921
v -0.093262 -0.061280 0.020752
v -0.093262 -0.061280 0.020752
v 0.224609 -0.029052 0.021850
v 0.223633 -0.027710 0.009949
v -0.034180 0.244141 -0.024048
v 0.030762 0.226562 -0.024048
v -0.031006 0.225586 -0.023682
v -0.068847 -0.067383 -0.014588
v 0.090332 0.136719 0.022949
v 0.090332 0.139648 0.024170
v 0.028686 0.165039 0.022583
v 0.028686 0.164062 0.010193
v 0.089844 0.136719 0.010376
v 0.031250 -0.107910 -0.021485
v 0.016724 -0.114746 -0.023438
v -0.221679 0.029052 0.009643
v -0.164062 0.026856 0.010559
v -0.164062 0.027344 0.022583
v -0.221679 0.029052 0.009643
v -0.164062 0.027344 0.022583
v -0.222656 0.029785 0.022339
v 0.070801 0.031494 0.018921
v 0.061035 0.036133 0.014038
v 0.070801 0.031494 0.018921
v 0.202148 0.152344 -0.019287
v 0.142578 -0.197266 0.024170
v 0.131836 -0.200196 0.024292
v 0.131836 -0.200196 0.024292
v -0.098145 -0.131836 -0.018189
v 0.031739 -0.057617 0.000015
v 0.043213 -0.056640 -0.013916
v 0.014709 0.075195 -0.018799
v 0.014892 0.096680 -0.018799
v 0.025391 0.071778 -0.018677
v 0.179688 0.132812 0.009521
v 0.140625 0.089844 0.022827
v 0.179688 0.133789 0.009521
v 0.179688 0.132812 0.009521
v 0.139648 0.090332 0.010071
v 0.140625 0.089844 0.022827
v 0.063965 -0.182617 -0.022461
v 0.054444 -0.225586 -0.024292
v -0.097168 -0.005218 -0.018921
v -0.096680 -0.013366 -0.018921
v -0.036621 0.089355 0.014831
v -0.037842 0.093262 0.014831
v -0.036621 0.089355 -0.014649
v -0.015259 -0.116211 0.023071
v 0.109863 0.032470 -0.007019
v 0.095703 0.029541 -0.006653
v 0.108398 0.032715 -0.021362
v -0.179688 0.135742 -0.022583
v -0.133789 0.177734 -0.022827
v -0.133789 0.175781 -0.009400
v -0.164062 -0.029297 0.022705
v -0.139648 -0.090332 0.022583
v -0.137696 -0.089844 0.009949
v -0.164062 -0.029297 0.022705
v -0.165039 -0.030396 0.023437
v -0.165039 -0.028686 0.010437
v 0.030517 0.107910 -0.014527
v 0.217773 0.062011 0.022461
v 0.166992 0.029052 0.023926
v 0.105469 -0.009338 -0.014954
v 0.110840 -0.010132 -0.014649
v 0.110840 -0.010132 0.014831
v 0.104980 -0.008972 0.015137
v 0.105957 -0.003372 -0.015015
v 0.111817 -0.006103 -0.014893
v 0.139648 -0.089355 -0.010010
v 0.139648 -0.089355 -0.010010
v 0.139648 -0.089355 -0.010010
v -0.012024 0.098145 0.005951
v -0.024292 0.096192 0.005829
v -0.094727 -0.061035 0.006195
v -0.086914 -0.042969 0.017822
v 0.092285 0.172852 -0.023438
v 0.007202 -0.106445 0.014709
v 0.009949 -0.112793 0.014465
v 0.012085 -0.105957 -0.014771
v -0.250000 0.039062 -0.019409
v -0.200196 -0.150391 0.021606
v -0.202148 -0.152344 0.018799
v -0.152344 -0.198242 0.019409
v -0.200196 -0.150391 0.021606
v -0.147461 -0.193359 0.023804
v -0.200196 -0.150391 0.021606
v 0.020752 0.066406 -0.013977
v 0.020752 0.066406 -0.013977
v -0.058838 0.098145 -0.023316
v 0.031739 -0.100586 -0.014832
v 0.031006 -0.107910 -0.014588
v 0.030274 -0.107422 0.014221
v 0.035400 -0.106445 -0.014527
v 0.031494 -0.100586 0.014892
v 0.031739 -0.100586 -0.014832
v -0.101562 -0.030517 -0.015198
v -0.102539 -0.026245 0.014709
v 0.051270 0.097168 0.014770
v 0.051270 0.097168 0.014770
v 0.048584 0.092773 0.014648
v 0.054688 0.095215 0.014587
v 0.178711 -0.134766 -0.009583
v 0.178711 -0.134766 -0.022705
v 0.135742 -0.177734 -0.022827
v -0.047119 0.061035 0.018677
v -0.049560 0.083008 0.018432
v -0.055176 -0.099121 0.005829
v 0.097168 0.062988 -0.022949
v 0.105469 0.049805 -0.022705
v 0.110840 0.053222 -0.018433
v 0.101074 0.066895 -0.018189
v 0.094238 0.060302 -0.021240
v -0.116699 -0.013611 0.023071
v 0.141602 -0.090332 0.023681
v 0.166992 -0.031250 0.023926
v 0.139648 -0.089844 0.022583
v 0.141602 -0.090332 0.023681
v -0.028076 -0.165039 -0.022827
v -0.028076 -0.165039 -0.010193
v -0.031006 -0.217773 -0.010010
v -0.091308 0.140625 0.017944
v -0.116699 -0.113281 -0.018433
v -0.098145 -0.131836 -0.018189
v -0.087403 -0.146484 -0.018311
v -0.137696 -0.181641 -0.018189
v 0.074707 0.060791 -0.013916
v -0.013855 0.113281 0.006103
v 0.095215 0.060547 -0.006592
v 0.024781 -0.223633 0.017822
v -0.223633 0.028321 -0.022461
v -0.227539 -0.029785 -0.023804
v -0.249023 -0.044190 0.018921
v -0.029052 -0.112793 0.023071
v 0.110352 -0.029785 0.006592
v -0.128906 0.180664 -0.023926
v -0.131836 0.176758 -0.022583
v -0.128906 0.180664 -0.023926
v -0.176758 0.086914 0.023559
v -0.193359 0.060791 0.022095
v -0.190429 0.058350 0.023804
v -0.193359 0.060791 0.022095
v -0.180664 -0.090332 -0.022705
v 0.049805 -0.235352 0.024048
v 0.022461 0.097656 -0.006500
v 0.013062 0.098633 -0.006622
v 0.137696 -0.180664 0.017822
v -0.070312 0.065918 0.014587
v 0.105469 0.010620 -0.014954
v -0.208984 0.131836 0.018799
v 0.090820 -0.135742 -0.010437
v -0.083496 0.048828 0.014099
v -0.041748 -0.242188 0.023804
v -0.030762 -0.221679 0.023804
v -0.023926 0.226562 -0.017945
v 0.025024 0.226562 -0.017945
v -0.078125 -0.071778 0.014648
v -0.222656 0.029785 0.022339
v 0.054444 0.044922 -0.013977
v 0.061035 0.037597 -0.013794
v 0.102051 -0.028443 -0.015320
v 0.107910 -0.027954 -0.014771
v 0.060547 -0.093750 0.021240
v 0.062256 -0.096680 0.023071
v -0.086914 0.069336 -0.006714
v 0.145508 -0.200196 0.022339
v 0.131836 -0.203125 0.021972
v -0.067383 0.023926 -0.013855
v -0.059326 0.028198 0.000002
v -0.059326 0.028198 0.000002
v 0.037842 -0.068360 -0.018677
v 0.035400 -0.061035 -0.013733
v -0.201172 0.151367 0.019409
v 0.112793 -0.015076 0.006378
v -0.099121 0.000564 0.006439
v -0.105957 -0.003723 0.014709
v 0.060059 0.227539 0.019531
v 0.060059 0.227539 0.019531
v 0.057617 0.226562 0.022705
v 0.064453 0.185547 0.022583
v 0.066895 0.187500 0.019531
v 0.065918 -0.071778 0.014587
v -0.169922 -0.033691 0.018310
v -0.167969 -0.016358 0.018188
v -0.231446 -0.036377 0.017456
v 0.091308 -0.139648 0.023681
v -0.009461 -0.098145 -0.014649
v -0.010376 -0.103515 -0.014710
v -0.010254 -0.103028 0.014465
v 0.213867 0.063965 0.018432
v 0.213867 0.063965 -0.018677
v 0.070801 0.031494 0.018921
v 0.066895 0.024292 0.014038
v -0.202148 -0.152344 -0.018921
v -0.202148 -0.152344 0.018799
v 0.101562 -0.056885 0.022705
v 0.089844 -0.073242 0.023071
v 0.133789 0.175781 0.010193
v 0.178711 0.135742 0.009826
v 0.133789 0.175781 0.010193
v 0.048828 0.112305 0.018432
v 0.087890 0.143554 0.018188
v 0.182617 -0.135742 -0.023926
v -0.044434 -0.105957 0.006073
v 0.187500 -0.128906 0.017456
v 0.145508 -0.090820 0.018066
v -0.014892 -0.114746 -0.006653
v 0.100586 -0.034424 0.015320
v -0.119629 0.108398 0.018432
v -0.185547 -0.130859 -0.017945
v 0.070801 0.065430 0.014343
v 0.070312 0.065430 -0.013977
v 0.030274 -0.218750 0.009460
v 0.029419 -0.219727 0.009216
v -0.030151 -0.219727 0.022095
v -0.230469 -0.026611 -0.018067
v 0.075195 -0.063965 0.018555
v -0.131836 0.176758 -0.009766
v -0.129883 0.175781 -0.010010
v -0.088867 -0.171875 0.023559
v -0.088867 -0.171875 0.023559
v 0.095703 0.029541 -0.006653
v -0.086914 -0.050781 -0.014710
v -0.204102 -0.120605 -0.022583
v -0.020508 -0.074707 0.018677
v 0.012757 -0.099121 0.006042
v 0.032226 0.169922 -0.018311
v 0.019531 0.170898 -0.018189
v 0.034424 0.226562 -0.017945
v -0.059082 0.075683 -0.014466
v 0.012329 -0.065918 -0.000050
v 0.142578 0.089355 -0.023926
v -0.026611 0.071289 -0.018677
v -0.038086 0.066406 -0.018555
v 0.111817 0.015381 0.020752
v 0.135742 -0.177734 -0.022827
v 0.001068 -0.113770 0.021362
v -0.015259 -0.116211 0.023071
v 0.030762 0.226562 -0.024048
v 0.029785 0.222656 -0.022583
v 0.028809 0.221679 -0.010071
v -0.028931 0.221679 -0.009888
v 0.223633 0.026245 0.009704
v 0.165039 0.027222 -0.009644
v -0.141602 -0.198242 0.024170
v -0.094727 0.046631 0.014831
v 0.046142 0.103515 0.006134
v 0.040528 0.090332 0.006012
v 0.052490 0.083496 0.005920
v 0.178711 -0.134766 -0.022705
v -0.153321 0.200196 -0.019653
v 0.099121 0.013550 0.006653
v 0.099610 0.000087 0.006531
v 0.113281 0.015381 0.006683
v 0.099121 0.013550 0.006653
v 0.109375 0.029785 0.006561
v 0.096680 0.026734 0.006500
v 0.099610 0.000087 0.006531
v -0.164062 0.027222 -0.009583
v 0.180664 0.086426 0.021850
v -0.111328 -0.003418 0.014587
v -0.105957 -0.003296 -0.014771
v 0.050049 0.236328 0.024170
v 0.099121 -0.055908 -0.006592
v -0.052979 0.098145 0.021362
v 0.029419 -0.219727 0.009216
v 0.078613 -0.067871 0.015320
v 0.084472 -0.071778 0.015014
v -0.071778 0.096680 -0.018311
v -0.058838 0.098145 -0.023316
v -0.139648 -0.090332 0.022583
v -0.179688 -0.131836 0.023193
v -0.137696 -0.089844 0.009949
v 0.091797 0.172852 0.024292
v 0.095703 -0.034912 0.014465
v 0.091797 -0.033203 -0.013855
v 0.091797 -0.033203 -0.013855
v 0.052490 0.090820 0.014770
v 0.053711 0.092285 -0.014588
v -0.055176 -0.099121 0.005829
v 0.111817 0.035156 -0.023071
v 0.089355 0.136719 -0.010376
v 0.223633 0.026245 0.009704
v -0.063965 0.089844 0.021118
v 0.090332 -0.145508 -0.017945
v 0.097656 0.013245 0.018677
v 0.137696 0.181641 0.018066
v 0.087890 0.143554 0.018188
v 0.097656 0.130859 0.018677
v 0.024170 -0.094727 -0.018799
v 0.101562 -0.028686 0.015198
v -0.009522 -0.098633 0.014221
v -0.010376 -0.103515 -0.014710
v 0.049805 -0.235352 0.024048
v 0.034424 0.226562 -0.017945
v 0.019531 0.170898 -0.018189
v 0.025024 0.226562 -0.017945
v 0.024170 -0.094727 -0.018799
v 0.165039 0.027222 -0.009644
v -0.129883 0.175781 -0.010010
v -0.029785 -0.166992 0.023804
v 0.019531 0.170898 -0.018189
v -0.052002 -0.081543 -0.014588
v -0.051514 -0.081543 0.014465
v -0.164062 0.027222 0.010254
v -0.037842 0.093262 0.014831
v -0.037842 0.093750 -0.014832
v 0.050781 -0.099121 0.014831
v -0.041992 -0.089355 -0.018555
v -0.056153 -0.081543 -0.018555
v 0.178711 0.135742 0.009826
v -0.030762 -0.221679 0.023804
v -0.192383 -0.060547 0.022095
v -0.040039 -0.104980 -0.014832
v -0.055908 0.184571 -0.023926
v 0.140625 0.089844 0.022827
v 0.166992 0.029052 0.023926
v 0.138672 0.089355 0.009949
v 0.097656 -0.013306 -0.018799
v -0.041260 -0.091308 0.005829
v 0.009887 -0.112793 -0.014466
v 0.073242 -0.066895 -0.018555
v 0.054931 -0.056153 -0.018921
v -0.137696 0.090332 0.009888
v -0.139648 0.090332 0.022705
v -0.164062 0.027222 0.010254
v -0.221679 0.028931 -0.009339
v 0.061035 0.037597 -0.013794
v 0.102051 -0.028443 -0.015320
v -0.039795 -0.104492 0.014465
v 0.179688 -0.132812 -0.022949
v -0.086914 -0.050781 0.014404
v -0.139648 0.090332 0.022705
v 0.153321 0.198242 -0.022339
v 0.084961 0.064453 -0.010925
v 0.014465 0.106445 0.014526
v -0.138672 -0.089844 -0.022705
v 0.086426 -0.072754 0.006256
v -0.055420 0.097168 -0.021485
v -0.069824 0.090332 -0.023194
v -0.058838 0.098145 -0.023316
v -0.055420 0.097168 -0.021485
v -0.067871 0.088379 -0.021362
v -0.037597 -0.106445 0.014404
v 0.034424 0.245117 -0.024292
v 0.031006 -0.222656 0.023926
v 0.087890 0.143554 0.018188
v 0.178711 -0.134766 -0.022705
v 0.137696 -0.179688 -0.024048
v 0.079102 0.068847 -0.014343
v 0.082520 0.073730 -0.014588
v 0.052979 -0.081543 -0.014282
v 0.048340 -0.083985 0.014709
v -0.055908 -0.083008 0.005859
v -0.056153 -0.081055 0.018677
v -0.101562 -0.045166 -0.014893
v -0.100009 -0.048381 -0.000152
v -0.100009 -0.048381 -0.000152
v -0.098145 -0.052002 0.014648
v 0.065254 0.087655 -0.002612
v 0.065254 0.087655 -0.002612
v 0.063965 0.089844 0.015198
v 0.106962 -0.031704 0.000132
v 0.105957 -0.035645 -0.014832
v 0.106962 -0.031704 0.000132
v 0.094498 -0.056505 -0.002118
v 0.094498 -0.056505 -0.002118
v 0.111328 -0.001824 -0.014771
v 0.112305 -0.001930 -0.014649
v 0.111939 -0.005538 -0.002012
v 0.111328 -0.001984 0.014831
v 0.111328 -0.001984 0.014831
v 0.111817 -0.006378 0.015198
v 0.111939 -0.005538 -0.002012
v 0.111939 -0.005538 -0.002012
v 0.111939 -0.005538 -0.002012
v 0.111817 -0.006103 -0.014893
v 0.074219 0.061035 0.014648
v 0.072447 0.063037 -0.002588
v 0.072447 0.063037 -0.002588
v 0.070312 0.065430 -0.013977
v -0.011698 -0.097891 -0.000259
v -0.009461 -0.098145 -0.014649
v -0.011698 -0.097891 -0.000259
v -0.033661 0.105483 -0.002893
v -0.034180 0.105957 -0.014588
v -0.034180 0.105957 -0.014588
v -0.033661 0.105483 -0.002893
v 0.009248 0.097168 0.000016
v 0.011596 0.097168 0.014404
v 0.009248 0.097168 0.000016
v 0.083251 -0.049438 0.000412
v 0.084961 -0.046631 0.014892
v 0.033057 -0.107128 0.002917
v 0.031006 -0.107910 -0.014588
v 0.033057 -0.107128 0.002917
v -0.084964 0.045647 -0.000152
v -0.083496 0.048584 -0.014282
v -0.084964 0.045647 -0.000152
v -0.084964 0.045647 -0.000152
v 0.092793 -0.030341 0.000320
v 0.093750 -0.027344 -0.013977
v 0.092793 -0.030341 0.000320
v 0.033264 0.107183 -0.002723
v 0.036133 0.106445 -0.014343
v 0.033448 0.107422 -0.014160
v 0.032348 0.091553 0.000244
v 0.034912 0.090820 0.014770
v 0.032348 0.091553 0.000244
v -0.085451 -0.046511 -0.000029
v -0.086426 -0.043701 0.014526
v -0.085451 -0.046511 -0.000029
v -0.085451 -0.046511 -0.000029
v 0.054710 0.079526 -0.001282
v 0.054710 0.079526 -0.001282
v 0.056153 0.078125 0.014831
v 0.051922 0.095088 0.000135
v 0.051922 0.095088 0.000135
v 0.054688 0.095215 0.014587
v 0.095713 0.019716 0.000427
v -0.083694 0.071288 -0.000113
v -0.083694 0.071288 -0.000113
v -0.035522 -0.090576 -0.000138
v -0.037597 -0.089844 0.014526
v -0.035522 -0.090576 -0.000138
v -0.033448 -0.091308 -0.014710
v -0.053925 -0.080267 -0.000061
v 0.101902 0.044863 0.000157
v 0.101074 0.048584 0.014343
v 0.101902 0.044863 0.000157
v 0.086426 0.041992 0.014587
v 0.085209 0.044682 0.000289
v 0.085209 0.044682 0.000289
v -0.109164 0.018349 -0.000112
v -0.108887 0.021972 0.014587
v -0.108887 0.021729 -0.014832
v -0.109164 0.018349 -0.000112
v -0.108887 0.021729 -0.014832
v -0.072402 0.063610 -0.000030
v -0.070744 -0.065735 -0.000046
v -0.070744 -0.065735 -0.000046
v -0.014759 -0.112402 -0.000094
v -0.014759 -0.112402 -0.000094
v -0.018189 -0.112305 -0.014710
v 0.096212 -0.012247 0.000245
v 0.096212 -0.012247 0.000245
v -0.095221 0.015520 -0.000121
v -0.094727 0.018921 -0.014343
v -0.106933 -0.032959 0.014526
v -0.107490 -0.030060 -0.000183
v -0.107910 -0.026489 -0.015015
v -0.107490 -0.030060 -0.000183
v -0.106933 -0.032715 -0.014893
v 0.032015 -0.092009 0.000106
v 0.032015 -0.092009 0.000106
v 0.029663 -0.092773 0.014587
v 0.082520 0.073730 -0.014588
v 0.082520 0.073242 0.014770
v 0.084785 0.070273 0.000119
v 0.084961 0.070801 0.014770
v 0.084785 0.070273 0.000119
v -0.012467 0.096683 -0.000031
v 0.064118 -0.073699 0.000060
v 0.061767 -0.075683 0.014648
v -0.086914 -0.070801 -0.015076
v -0.084961 -0.073730 -0.015076
v -0.084907 -0.073799 -0.000326
v -0.084961 -0.073730 -0.015076
v -0.082031 -0.076172 -0.015137
v -0.084907 -0.073799 -0.000326
v -0.082031 -0.076172 -0.015137
v -0.082031 -0.076172 0.014282
v -0.084907 -0.073799 -0.000326
v -0.056723 0.077421 0.000046
v 0.009846 -0.097903 -0.000137
v 0.012146 -0.098145 0.014526
v 0.012146 -0.097656 -0.014527
v -0.111153 -0.006635 0.000050
v -0.111153 -0.006635 0.000050
v -0.094275 -0.020032 -0.000138
v -0.040771 0.086914 -0.014588
v -0.038697 0.088135 0.000122
v -0.038697 0.088135 0.000122
v 0.012814 0.112172 0.000133
v 0.012814 0.112172 0.000133
v 0.082332 -0.075129 0.000232
v 0.083985 -0.071778 -0.014466
v 0.054001 -0.097834 0.000237
v 0.056396 -0.095215 0.014831
v 0.054001 -0.097834 0.000237
v 0.009973 -0.112338 0.000020
v 0.009973 -0.112338 0.000020
v -0.060000 0.092003 0.000030
v -0.060000 0.092003 0.000030
v -0.060000 0.092003 0.000030
v -0.061260 -0.093277 -0.000306
v -0.058350 -0.095703 0.014587
v -0.061260 -0.093277 -0.000306
v 0.110476 0.014479 0.000154
v 0.110840 0.010559 -0.014832
v 0.110476 0.014479 0.000154
v -0.011847 0.112825 -0.000041
v -0.011847 0.112825 -0.000041
v -0.100698 0.045497 -0.000162
v -0.101562 0.041992 0.014526
v -0.100698 0.045497 -0.000162
v -0.037194 -0.105935 -0.000245
v -0.037194 -0.105935 -0.000245
vn -0.0257 -0.9994 0.0216
vn -0.1672 -0.9857 0.0212
vn -0.1349 -0.8121 0.5677
vn 0.0214 -0.8119 0.5834
vn -0.0564 -0.8490 -0.5254
vn 0.1283 -0.9899 0.0605
vn 0.0929 -0.8431 -0.5296
vn 0.6701 -0.5290 -0.5207
vn -0.1652 -0.9837 -0.0715
vn -0.9468 -0.2800 -0.1585
vn -0.7785 0.6157 -0.1219
vn 0.0267 -0.0472 -0.9985
vn 0.5374 0.8325 -0.1348
vn 0.5473 0.8340 -0.0697
vn -0.5565 0.6478 0.5203
vn -0.9855 0.1311 0.1081
vn -0.6280 -0.6645 0.4050
vn -0.0035 -0.0111 0.9999
vn -0.4942 0.8105 0.3145
vn 0.9978 -0.0311 0.0588
vn 0.4238 -0.9024 -0.0778
vn 0.9937 -0.0064 -0.1118
vn 0.7365 0.6374 0.2264
vn 0.0007 -0.9938 0.1116
vn -0.0602 -0.0670 -0.9959
vn -0.0441 -0.0521 -0.9977
vn -0.6682 -0.7057 -0.2357
vn 0.0049 -0.0366 -0.9993
vn -0.0107 -0.0146 -0.9998
vn -0.0236 0.0900 -0.9957
vn 0.0436 0.1373 -0.9896
vn 0.0462 0.0509 -0.9976
vn 0.3369 -0.8978 -0.2838
vn 0.0331 0.0268 -0.9991
vn 0.0487 -0.9645 -0.2595
vn 0.0104 -0.0488 0.9988
vn -0.0103 -0.0134 0.9999
vn 0.0014 -0.0068 1.0000
vn 0.0093 -0.1528 0.9882
vn 0.0025 -0.0848 0.9964
vn -0.0046 -0.0078 1.0000
vn 0.0498 -0.3659 0.9293
vn 0.0407 -0.0740 0.9964
vn 0.0587 -0.3275 0.9430
vn 0.2703 -0.6442 0.7155
vn -0.1482 -0.9889 0.0083
vn 0.5449 -0.8092 0.2197
vn -0.4806 -0.8708 0.1034
vn -0.8166 -0.5689 -0.0975
vn -0.8427 0.2298 -0.4869
vn 0.5953 -0.7766 -0.2063
vn -0.0010 -0.9999 -0.0166
vn -0.1547 -0.0659 0.9858
vn -0.7032 -0.2396 0.6694
vn -0.6647 -0.3015 0.6836
vn 0.9025 0.3398 0.2646
vn 0.4332 0.1222 0.8930
vn -0.6993 -0.2347 0.6752
vn -0.4382 -0.1066 0.8925
vn -0.0535 -0.0229 0.9983
vn -0.2577 -0.1315 0.9572
vn 0.8628 0.4779 0.1650
vn -0.2929 -0.7988 -0.5255
vn -0.3364 -0.9333 -0.1258
vn -0.3673 -0.9282 -0.0604
vn -0.3701 -0.6728 -0.6406
vn -0.4694 -0.8792 -0.0818
vn -0.4046 -0.6481 -0.6452
vn -0.2426 -0.7563 -0.6076
vn -0.0234 -0.0266 -0.9994
vn -0.0248 -0.0246 -0.9994
vn 0.3486 0.6004 -0.7197
vn 0.6588 -0.7496 0.0646
vn 0.6724 -0.7385 -0.0496
vn 0.6911 -0.7197 0.0664
vn 0.4581 -0.4926 0.7399
vn 0.2519 -0.5722 0.7805
vn 0.3885 -0.9198 0.0548
vn 0.4173 -0.9071 -0.0558
vn 0.1448 -0.1000 -0.9844
vn 0.6502 -0.5511 -0.5229
vn 0.7190 -0.4589 -0.5220
vn -0.2592 0.2029 -0.9443
vn -0.4045 0.3395 -0.8492
vn 0.1577 -0.1474 -0.9764
vn 0.1569 -0.0944 -0.9831
vn 0.9256 -0.3782 -0.0138
vn 0.9634 0.1682 0.2087
vn 0.7320 -0.6734 0.1034
vn 0.3635 -0.9278 -0.0843
vn -0.4929 -0.6673 -0.5584
vn 0.9666 0.1375 -0.2163
vn 0.9104 -0.4137 -0.0068
vn 0.0063 -0.0027 1.0000
vn 0.0035 0.0026 1.0000
vn -0.0002 0.0073 1.0000
vn 0.5987 0.3675 0.7117
vn 0.3935 0.2785 0.8761
vn 0.2485 0.1300 0.9599
vn 0.5904 0.4190 0.6898
vn 0.0090 -0.0093 0.9999
vn 0.6766 0.3275 0.6595
vn 0.0091 -0.0123 0.9999
vn -0.2004 0.1116 -0.9733
vn 0.0050 -0.0174 -0.9998
vn -0.1778 0.1456 -0.9732
vn 0.0306 0.0004 -0.9995
vn 0.4490 -0.2599 -0.8549
vn 0.5657 -0.3445 -0.7492
vn -0.2654 0.1106 -0.9578
vn 0.0275 -0.0122 -0.9995
vn -0.6626 0.5153 -0.5435
vn -0.7572 0.3748 -0.5350
vn -0.6711 0.7385 0.0654
vn -0.3456 0.3526 0.8696
vn -0.3383 0.5362 0.7733
vn -0.4477 0.8920 0.0621
vn -0.4905 0.8714 0.0109
vn -0.6943 0.7196 -0.0000
vn -0.7128 0.6983 0.0654
vn -0.0071 0.9970 -0.0774
vn -0.0029 0.9860 -0.1669
vn -0.0044 0.9996 -0.0285
vn 0.4425 0.8941 -0.0694
vn 0.0614 0.0796 0.9949
vn 0.0238 -0.0441 0.9987
vn -0.0156 -0.0225 0.9996
vn 0.5047 0.4542 0.7341
vn 0.3448 0.5962 0.7250
vn 0.0962 0.0835 0.9919
vn 0.0559 0.0438 0.9975
vn 0.1172 0.3344 0.9351
vn 0.0547 -0.0609 -0.9966
vn 0.4353 -0.4968 -0.7508
vn 0.0716 -0.0706 -0.9949
vn 0.3766 -0.5648 -0.7343
vn 0.0608 -0.0898 -0.9941
vn 0.0048 -0.0087 -1.0000
vn 0.0079 0.0016 -1.0000
vn -0.9991 -0.0256 0.0336
vn -0.0000 -0.1598 0.9871
vn 0.0102 -0.4639 0.8858
vn 0.0090 0.0011 1.0000
vn -0.0159 -0.0526 0.9985
vn -0.0002 -0.0052 1.0000
vn -0.0000 -0.3625 0.9320
vn 0.0025 -0.0029 1.0000
vn -0.1001 -0.6099 0.7861
vn 1.0000 -0.0000 -0.0000
vn 1.0000 -0.0072 -0.0002
vn 0.7951 -0.0021 -0.6065
vn 0.9999 0.0028 -0.0122
vn 0.9558 0.2865 -0.0655
vn 0.9888 0.1461 0.0304
vn 0.5818 0.0977 -0.8074
vn 0.6280 0.1735 -0.7586
vn 0.8649 -0.4994 0.0501
vn 0.5127 -0.3169 0.7979
vn 0.8804 -0.4739 0.0163
vn 0.8410 -0.5408 0.0163
vn 0.4581 -0.3292 0.8257
vn -0.6515 0.4058 0.6410
vn -0.6702 0.3394 0.6600
vn -0.0088 -0.0022 1.0000
vn -0.6806 0.3213 0.6584
vn 0.4394 -0.1776 0.8806
vn -0.6762 -0.7078 -0.2045
vn -0.0197 -0.9967 -0.0789
vn -0.7028 -0.7114 -0.0007
vn 0.3850 -0.9169 -0.1052
vn 0.1278 -0.3136 -0.9409
vn 0.0078 -0.0237 -0.9997
vn 0.0034 -0.0192 -0.9998
vn -0.6861 -0.6851 -0.2447
vn -0.0485 -0.0527 -0.9974
vn 0.1934 -0.4531 -0.8702
vn 0.6726 0.7400 0.0052
vn 0.6693 0.7426 0.0246
vn 0.6543 0.7226 0.2232
vn -0.0024 0.9971 0.0765
vn 0.2544 0.9362 0.2425
vn 0.1997 0.9742 0.1050
vn -0.0055 0.0182 -0.9998
vn -0.2048 -0.2220 -0.9533
vn -0.0861 -0.1092 -0.9903
vn 0.3537 0.3751 -0.8569
vn 0.5965 0.5936 -0.5402
vn 0.3993 0.3813 -0.8338
vn -0.0042 0.0097 -0.9999
vn 0.0051 0.0160 -0.9999
vn 0.6151 0.7875 -0.0381
vn 0.3389 0.4714 -0.8142
vn 0.2053 0.2643 -0.9423
vn 0.4464 0.6956 -0.5628
vn -0.9183 0.3865 0.0855
vn -0.9173 0.3979 0.0151
vn -0.9174 0.3978 0.0151
vn -0.9161 0.4006 0.0152
vn 0.0192 0.9546 0.2974
vn -0.0033 0.9859 0.1672
vn 0.0157 0.9963 0.0848
vn 0.0008 0.3264 0.9452
vn 0.0199 0.5962 0.8026
vn -1.0000 -0.0000 -0.0000
vn -0.4104 0.1710 0.8957
vn -0.0002 0.0042 -1.0000
vn -0.0137 0.0373 -0.9992
vn -0.0019 0.0064 -1.0000
vn -0.0462 0.1696 -0.9844
vn -0.0076 0.0020 -1.0000
vn -0.0061 0.0029 -1.0000
vn -0.0262 0.0480 -0.9985
vn -0.0095 0.0014 -1.0000
vn -0.0034 0.0028 -1.0000
vn -0.0107 -0.0145 -0.9998
vn 0.9448 0.2914 -0.1497
vn 0.7816 -0.6079 -0.1398
vn -0.6631 0.7409 -0.1066
vn -0.2225 0.9636 -0.1481
vn -0.7797 0.6134 0.1260
vn -0.9690 0.2091 0.1314
vn 0.0509 -0.0049 0.9987
vn -0.8049 0.5933 0.0049
vn -0.0474 0.9989 -0.0072
vn -0.9623 -0.0247 -0.2708
vn -0.0007 1.0000 -0.0069
vn 0.0165 0.9999 0.0013
vn -0.9000 0.4020 -0.1687
vn 0.0140 -0.0018 0.9999
vn 0.0849 -0.0006 0.9964
vn 0.0865 -0.0026 0.9962
vn -0.1772 0.0074 0.9841
vn -0.6689 0.0372 0.7424
vn -0.2652 0.0004 0.9642
vn 0.0135 0.0110 0.9998
vn -0.1289 0.0464 0.9906
vn 0.0069 -0.0040 1.0000
vn 0.0059 0.0019 1.0000
vn -0.4838 -0.8726 0.0676
vn -0.4027 -0.4920 0.7718
vn -0.7189 -0.6921 0.0646
vn -0.0897 -0.9936 0.0693
vn -0.3833 -0.9165 0.1143
vn -0.0504 -0.6396 0.7670
vn -0.6139 -0.7864 -0.0685
vn -0.4599 -0.8847 -0.0757
vn -0.0960 -0.9953 -0.0125
vn -0.1468 -0.5354 0.8317
vn -0.0000 1.0000 -0.0000
vn -0.6829 0.7225 0.1075
vn 0.7316 0.6471 0.2145
vn 0.7239 0.6516 -0.2266
vn -0.7373 -0.6373 -0.2241
vn -0.6921 0.7121 -0.1180
vn 0.6928 -0.7140 -0.1009
vn 0.9950 -0.0997 0.0106
vn -0.3386 -0.6087 0.7175
vn -0.2841 -0.9548 0.0873
vn -0.0268 -0.7052 0.7085
vn -0.0730 -0.0786 0.9942
vn -0.4178 -0.5365 0.7333
vn -0.5317 -0.8456 0.0470
vn -0.0538 -0.2007 0.9782
vn -0.5963 0.1573 -0.7872
vn 0.7586 -0.2357 -0.6074
vn -0.7107 0.2316 -0.6643
vn -0.5575 0.0927 -0.8250
vn 0.0073 -0.0009 -1.0000
vn 0.0174 0.0057 -0.9998
vn -0.5812 0.0077 -0.8137
vn -0.4744 0.0647 -0.8779
vn -0.2754 0.0553 -0.9597
vn -0.6799 0.2074 -0.7034
vn 0.0125 -0.3668 -0.9302
vn 0.0118 -0.3883 -0.9215
vn -0.0016 -0.1696 -0.9855
vn -0.0840 -0.2994 -0.9504
vn -0.0298 -0.1003 -0.9945
vn 0.1492 0.9844 -0.0930
vn -0.1311 -0.6038 -0.7863
vn 0.0315 0.9958 -0.0857
vn -0.0326 0.9968 -0.0734
vn -0.1268 -0.6132 -0.7797
vn 0.0423 -0.9944 0.0967
vn 0.0373 -0.6907 0.7222
vn 0.0477 -0.9848 0.1670
vn 0.0363 -0.9904 0.1335
vn -0.2552 -0.9638 0.0767
vn 0.9612 0.2659 -0.0737
vn 0.8818 -0.4647 -0.0806
vn 0.5329 0.8153 -0.2267
vn 0.6277 0.7694 0.1185
vn 0.9691 -0.2082 0.1325
vn 0.0032 -0.9970 0.0771
vn 0.6376 -0.7627 0.1083
vn 0.0025 -0.9970 0.0771
vn 0.0096 -0.9970 0.0771
vn -0.6632 -0.6649 0.3436
vn -0.7069 -0.7068 0.0271
vn -0.6979 -0.7105 0.0899
vn -0.0720 -0.3139 0.9467
vn -0.0385 -0.1523 0.9876
vn 0.2267 -0.2727 0.9350
vn -0.0429 -0.0234 0.9988
vn -0.0119 -0.0110 0.9999
vn -0.1097 -0.3214 0.9405
vn 0.2664 -0.5980 -0.7559
vn 0.1147 -0.4045 -0.9073
vn -0.2792 -0.3188 -0.9058
vn -0.1964 -0.9801 -0.0278
vn -0.7453 -0.4049 -0.5297
vn -0.8738 -0.4852 -0.0328
vn 0.4563 -0.6726 -0.5826
vn 0.3494 -0.4866 -0.8007
vn 0.4348 -0.9004 -0.0149
vn 0.3301 -0.9180 0.2198
vn 0.5632 -0.8255 0.0361
vn -0.8721 -0.4862 0.0557
vn 0.5010 -0.8644 -0.0435
vn -0.2337 -0.9663 0.1079
vn -0.2294 -0.9105 0.3441
vn 0.0271 0.9726 0.2307
vn -0.9423 0.3124 0.1200
vn 0.9350 -0.3313 0.1268
vn 0.8417 0.5183 0.1514
vn 0.3167 -0.9485 0.0054
vn -0.0957 -0.0629 -0.9934
vn -0.0857 0.0096 -0.9963
vn 0.0406 -0.0165 -0.9990
vn -0.0661 0.3388 -0.9385
vn 0.0108 -0.0822 -0.9966
vn 0.2727 -0.2375 -0.9323
vn 0.3040 -0.4227 -0.8538
vn 0.0170 -0.1106 -0.9937
vn 0.0071 -0.0104 -0.9999
vn 0.2825 -0.9507 0.1283
vn -0.1790 0.6308 0.7550
vn -0.6646 -0.7353 0.1330
vn -0.2533 -0.9607 -0.1138
vn 0.9840 0.1391 0.1111
vn 0.9923 0.0947 -0.0795
vn 0.8592 0.5096 0.0457
vn 0.1204 0.9419 0.3137
vn 0.2069 -0.9575 -0.2011
vn 0.1457 0.0388 0.9886
vn 0.8224 0.1962 0.5340
vn 0.2393 0.0545 0.9694
vn -0.0262 -0.0269 0.9993
vn -0.6033 -0.2871 0.7440
vn -0.0278 -0.0258 0.9993
vn 0.5772 0.2148 0.7879
vn 0.5823 0.2250 0.7812
vn 0.5771 0.2147 0.7879
vn -0.2845 -0.0862 0.9548
vn 0.5726 0.2057 0.7936
vn -0.4621 -0.2244 0.8579
vn -0.4862 0.7270 -0.4849
vn -0.3854 0.5985 -0.7024
vn -0.5406 0.6949 -0.4743
vn -0.5394 0.8417 -0.0256
vn -0.1540 0.9867 -0.0515
vn -0.0688 0.9619 -0.2646
vn -0.6345 0.7721 0.0363
vn -0.4840 0.8741 0.0412
vn -0.0841 0.5491 -0.8315
vn -0.6110 0.7916 0.0079
vn -0.1508 0.9886 0.0019
vn -0.3032 0.9508 0.0639
vn -0.9405 -0.3397 -0.0057
vn -0.8701 0.4470 -0.2075
vn -0.4825 -0.8708 -0.0946
vn -0.4567 -0.8824 0.1132
vn 0.8930 -0.4113 0.1827
vn -0.9684 0.1209 0.2183
vn 0.6101 -0.7923 -0.0132
vn -0.9510 -0.3091 -0.0000
vn -0.5265 0.2606 -0.8092
vn -0.1195 0.0058 -0.9928
vn -0.3369 0.1445 -0.9304
vn -0.8619 0.5012 -0.0772
vn -0.9964 0.0321 -0.0780
vn -0.5901 -0.2177 -0.7774
vn -0.0188 0.7113 -0.7026
vn -0.0006 0.0305 -0.9995
vn -0.0738 0.6729 -0.7360
vn 0.0230 0.9982 -0.0559
vn -0.0196 0.0113 0.9997
vn -0.0854 -0.0624 0.9944
vn -0.6238 -0.0053 0.7816
vn 0.0032 -0.0061 1.0000
vn 0.0452 -0.0012 0.9990
vn -0.3131 0.2242 0.9229
vn -0.5866 0.3375 0.7362
vn -0.1604 0.1106 0.9808
vn -0.4466 0.3480 0.8243
vn 0.0262 0.0221 0.9994
vn -0.8012 -0.5558 -0.2219
vn -0.9671 -0.2542 0.0081
vn -0.3434 0.9331 -0.1065
vn 0.2625 0.9279 -0.2646
vn -0.2828 -0.9486 -0.1419
vn -0.9197 0.0065 0.3926
vn -0.9069 0.0284 0.4204
vn -0.9743 -0.0069 0.2250
vn -0.4911 0.0135 0.8710
vn 0.6037 -0.0688 0.7943
vn -0.5779 0.0677 0.8133
vn 0.8197 -0.0185 0.5725
vn -0.8607 -0.0979 0.4997
vn -0.9869 0.1184 0.1094
vn 0.0116 -0.0203 0.9997
vn 0.0099 0.0217 -0.9997
vn -0.4005 0.5226 -0.7527
vn -0.0513 0.1111 -0.9925
vn -0.3908 0.1567 -0.9070
vn -0.1015 0.0087 -0.9948
vn -0.6036 0.1206 -0.7881
vn 0.0157 -0.1009 -0.9948
vn 0.0379 -0.0237 -0.9990
vn 0.0314 -0.0148 -0.9994
vn -0.6246 0.2291 -0.7466
vn 0.2371 0.9708 0.0373
vn 0.1325 0.9912 0.0009
vn 0.1570 0.8563 -0.4921
vn 0.2086 0.8096 0.5486
vn 0.1385 0.8575 0.4955
vn 0.4256 0.9048 -0.0130
vn 0.4001 0.7879 -0.4681
vn 0.4748 0.8795 -0.0320
vn 0.1825 0.8098 -0.5576
vn 0.3572 0.8529 0.3808
vn 0.4150 0.8243 0.3852
vn 0.0661 0.0150 0.9977
vn 0.0941 0.0452 0.9945
vn -0.0075 -0.0093 0.9999
vn -0.0102 0.0203 0.9997
vn 0.5696 0.2797 0.7729
vn 0.6221 0.0150 0.7828
vn 0.0455 -0.0168 0.9988
vn -0.0007 0.0022 -1.0000
vn 0.0490 -0.1127 -0.9924
vn 0.0139 -0.0219 -0.9997
vn 0.0260 -0.0779 -0.9966
vn 0.0066 -0.0046 -1.0000
vn -0.0028 0.0074 -1.0000
vn -0.8266 0.2192 0.5184
vn 0.9156 0.3403 0.2143
vn 0.9399 -0.3414 -0.0057
vn -0.0410 -0.9903 -0.1329
vn -0.8414 -0.0887 -0.5331
vn 0.7872 -0.5729 -0.2282
vn -0.4134 -0.9105 -0.0038
vn 0.7877 -0.5771 0.2154
vn -0.5744 -0.8152 0.0748
vn 0.2914 -0.9563 -0.0252
vn -0.9994 0.0335 0.0098
vn -0.9924 -0.1228 0.0097
vn -0.9994 0.0335 0.0097
vn -0.9993 0.0364 0.0097
vn -0.7393 -0.6734 -0.0048
vn -0.7371 -0.6618 -0.1368
vn -0.9799 0.1947 -0.0431
vn -0.7317 -0.6814 -0.0157
vn -0.3586 0.4474 0.8193
vn -0.5247 0.5379 0.6598
vn -0.0184 0.0074 0.9998
vn -0.3381 0.4751 0.8124
vn -0.3742 0.4354 0.8188
vn -0.0178 0.0091 0.9998
vn -0.3100 0.4187 0.8536
vn -0.8752 -0.1894 0.4451
vn -0.6894 -0.1700 0.7042
vn -0.6904 -0.1073 0.7154
vn -0.9861 -0.1587 0.0500
vn -0.7594 -0.4346 0.4842
vn -0.9767 -0.2139 0.0180
vn -0.9679 -0.2500 -0.0251
vn -0.8246 -0.5642 0.0419
vn -0.9875 -0.1558 -0.0234
vn -0.7805 -0.3654 0.5073
vn -0.8068 0.5572 -0.1964
vn -0.1318 0.9871 -0.0907
vn 0.8462 0.0607 -0.5294
vn -0.9999 -0.0002 0.0161
vn -0.6459 -0.7221 0.2479
vn -0.7921 0.5774 0.1979
vn -0.6036 -0.7634 -0.2299
vn -0.9813 -0.1919 -0.0159
vn -0.3508 0.9364 -0.0057
vn -0.0411 0.1471 0.9883
vn 0.0081 0.0040 1.0000
vn 0.0043 -0.0020 1.0000
vn -0.3310 0.8096 0.4847
vn -0.2748 0.8776 0.3928
vn -0.0597 0.1459 0.9875
vn -0.0129 0.0941 0.9955
vn -0.0197 0.1599 0.9869
vn 0.0312 -0.3540 0.9347
vn 0.0092 0.0046 0.9999
vn -0.1106 0.8223 0.5582
vn -0.8401 -0.5389 -0.0618
vn -0.9375 -0.3418 0.0644
vn -0.8860 -0.4601 0.0571
vn -0.9549 -0.2932 -0.0469
vn -0.5704 -0.3138 -0.7590
vn -0.2209 -0.0981 0.9703
vn -0.5702 -0.3251 0.7544
vn -0.0578 -0.0927 0.9940
vn -0.0007 0.0414 0.9991
vn 0.0099 0.0060 0.9999
vn -0.0292 0.0804 0.9963
vn 0.0130 0.1155 0.9932
vn 0.9596 0.0267 0.2801
vn -0.7488 -0.0473 0.6611
vn -0.5776 -0.0387 0.8154
vn -0.8837 0.4680 -0.0019
vn -0.7338 -0.6414 0.2239
vn -0.7779 0.6239 0.0751
vn -0.9663 0.2392 -0.0952
vn 0.0591 0.8246 -0.5626
vn -0.7727 -0.6016 -0.2026
vn -0.9986 -0.0522 0.0092
vn -0.0146 0.9969 0.0775
vn 0.6794 0.7315 0.0568
vn 0.6794 0.7316 0.0568
vn -0.4091 0.9069 0.1008
vn 0.7485 -0.6292 -0.2096
vn 0.7974 -0.5952 -0.0992
vn -0.0702 0.0421 -0.9966
vn 0.7066 -0.6537 -0.2710
vn 0.6087 -0.4918 -0.6225
vn -0.2450 0.1844 -0.9518
vn 0.7086 -0.6855 -0.1671
vn -0.0879 -0.9677 -0.2364
vn -0.0038 -0.6963 -0.7178
vn 0.0015 -0.9701 -0.2426
vn -0.6145 -0.7842 -0.0868
vn -0.7376 -0.6742 -0.0376
vn -0.3500 -0.5465 -0.7608
vn -0.1503 -0.9886 0.0132
vn -0.0348 -0.9990 0.0266
vn -0.1988 -0.9787 0.0508
vn -0.1726 -0.5519 -0.8158
vn -0.0126 -0.9999 -0.0000
vn -0.6413 -0.7652 0.0566
vn 0.1175 0.0171 0.9929
vn 0.0944 0.0402 0.9947
vn 0.3780 0.0915 0.9213
vn -0.0114 -0.0052 0.9999
vn 0.0096 -0.0009 1.0000
vn 0.0125 0.0173 0.9998
vn 0.2691 -0.0098 0.9631
vn 0.0774 -0.0026 0.9970
vn -0.4002 -0.9136 0.0723
vn 0.0013 -0.0007 1.0000
vn -0.0008 -0.0015 1.0000
vn 0.0061 0.0053 1.0000
vn -0.0030 -0.0064 1.0000
vn 0.0100 -0.0058 0.9999
vn -0.0009 -0.0030 1.0000
vn -0.1283 0.0811 0.9884
vn -0.0329 0.0272 0.9991
vn 0.0039 0.0042 1.0000
vn -0.0057 0.0087 0.9999
vn -0.0096 -0.0013 1.0000
vn -0.2288 -0.1893 -0.9549
vn -0.2152 -0.2129 -0.9531
vn -0.1557 -0.1305 -0.9791
vn 0.6836 0.7161 -0.1410
vn 0.6739 0.7257 -0.1389
vn -0.4931 -0.3992 -0.7730
vn 0.4086 0.3307 -0.8507
vn 0.4333 0.3655 -0.8238
vn 0.7543 0.6420 -0.1374
vn 0.1855 0.9560 0.2274
vn 0.0446 -0.9453 0.3230
vn 0.9905 -0.0032 0.1375
vn -0.9916 -0.0655 0.1116
vn 0.1965 0.9804 -0.0169
vn -0.0088 -0.0064 -0.9999
vn -0.0051 -0.0022 -1.0000
vn -0.0058 0.0001 -1.0000
vn -0.0028 -0.0090 -1.0000
vn -0.0105 -0.0307 0.9995
vn -0.0187 0.0624 0.9979
vn 0.0243 -0.0317 0.9992
vn -0.0000 -0.0264 0.9997
vn -0.0004 -0.0249 0.9997
vn -0.0008 0.0520 0.9986
vn 0.0161 -0.4054 0.9140
vn 0.0434 -0.9408 0.3361
vn -0.0066 -0.4196 0.9077
vn 0.9906 0.0115 0.1365
vn -0.0007 0.0488 0.9988
vn 0.0419 -0.0068 0.9991
vn -0.6710 -0.6077 -0.4247
vn -0.4163 -0.3225 -0.8501
vn -0.5902 -0.5807 -0.5607
vn 0.0044 0.0047 -1.0000
vn -0.1263 -0.2431 -0.9617
vn 0.5300 0.6099 -0.5892
vn -0.6502 -0.7555 -0.0809
vn 0.3489 0.3209 -0.8805
vn -0.5106 -0.3885 -0.7671
vn 0.6591 0.6428 -0.3905
vn -0.0112 -0.0126 -0.9999
vn -0.0139 -0.0096 -0.9999
vn -0.0114 -0.0011 -0.9999
vn -0.0004 0.0237 -0.9997
vn 0.0026 0.0082 -1.0000
vn 0.0024 0.0096 -1.0000
vn 0.0025 0.0173 -0.9998
vn 0.1442 0.1564 -0.9771
vn 0.0860 0.1181 -0.9893
vn 0.0077 0.0077 -0.9999
vn -0.0111 -0.0126 -0.9999
vn 0.0044 -0.0019 1.0000
vn 0.0101 0.0012 0.9999
vn -0.0063 -0.0049 -1.0000
vn -0.0097 -0.0040 -0.9999
vn -0.0206 -0.0283 -0.9994
vn -0.0586 0.0179 -0.9981
vn -0.0020 -0.0014 -1.0000
vn -0.0068 -0.0269 -0.9996
vn -0.0013 -0.0046 -1.0000
vn -0.0049 -0.0209 -0.9998
vn 0.0015 0.0035 1.0000
vn 0.0097 -0.0019 1.0000
vn 0.0013 0.0011 1.0000
vn -0.0024 0.0025 1.0000
vn 0.0108 -0.0040 0.9999
vn -0.0551 -0.0419 -0.9976
vn -0.3334 -0.4047 -0.8515
vn -0.3979 -0.3820 -0.8341
vn -0.3790 -0.3845 -0.8417
vn 0.6274 -0.3094 0.7146
vn 0.6711 -0.2013 0.7136
vn 0.2519 -0.1056 0.9620
vn 0.0087 0.0054 0.9999
vn -0.0012 -0.0085 1.0000
vn 0.0032 0.0036 1.0000
vn 0.4021 -0.2296 0.8864
vn 0.0130 -0.0033 0.9999
vn 0.0171 -0.0171 0.9997
vn 0.6296 -0.3598 0.6886
vn -0.0532 -0.0020 -0.9986
vn -0.0370 0.0139 -0.9992
vn -0.0271 0.0163 -0.9995
vn 0.6152 0.7881 0.0199
vn 0.7241 0.6843 0.0860
vn 0.9937 -0.1108 0.0140
vn 0.0431 0.1660 -0.9852
vn 0.0461 0.2335 -0.9713
vn -0.0108 -0.0052 -0.9999
vn -0.1692 -0.5865 -0.7921
vn -0.2791 -0.6503 -0.7065
vn 0.1169 0.2394 -0.9639
vn -0.0053 -0.0103 -0.9999
vn 0.0334 0.0755 -0.9966
vn 0.4081 0.7418 -0.5321
vn -0.0134 -0.0051 -0.9999
vn 0.7018 0.7099 0.0588
vn 0.3675 0.3772 0.8501
vn 0.4541 0.4669 0.7588
vn 0.5834 0.8036 0.1178
vn 0.4424 0.8950 0.0566
vn 0.2321 0.5994 0.7661
vn 0.7030 0.7104 -0.0333
vn 0.7067 0.7068 -0.0331
vn 0.7011 0.7123 0.0337
vn 0.5909 0.8061 -0.0326
vn 0.3437 0.4027 0.8484
vn -0.1629 -0.9737 -0.1590
vn -0.9572 0.2532 -0.1404
vn 0.1630 0.9586 -0.2334
vn 0.9486 -0.3163 -0.0053
vn 0.8144 0.5480 0.1909
vn 0.2858 -0.9434 0.1683
vn -0.7862 -0.6179 -0.0103
vn 0.9654 -0.2601 -0.0168
vn 0.9636 -0.2588 0.0667
vn -0.5056 0.3767 0.7762
vn 0.9508 -0.2851 0.1212
vn 0.4941 0.8672 0.0611
vn 0.7238 -0.6601 0.2009
vn -0.8048 0.4813 0.3474
vn -0.9897 -0.1046 0.0978
vn -0.6032 -0.7919 0.0950
vn -0.6410 0.7650 -0.0622
vn 0.4129 0.8907 -0.1901
vn -0.7904 -0.3614 -0.4946
vn -0.3508 0.9364 0.0077
vn -0.3540 -0.9352 0.0119
vn -0.2841 -0.7385 0.6115
vn -0.2613 -0.7302 0.6313
vn -0.4646 -0.8510 0.2447
vn 0.1836 0.2449 0.9520
vn 0.2116 0.3600 0.9086
vn -0.3645 -0.8960 0.2537
vn -0.4602 -0.8228 0.3334
vn -0.5321 -0.8359 0.1348
vn 0.0443 0.0719 0.9964
vn 0.1576 -0.1679 -0.9731
vn 0.3818 -0.4548 -0.8046
vn 0.0633 -0.1179 -0.9910
vn 0.0190 0.0056 -0.9998
vn 0.4059 -0.4270 -0.8081
vn 0.0061 -0.0039 -1.0000
vn 0.2463 -0.2648 -0.9323
vn 0.0485 -0.0574 -0.9972
vn 0.2595 -0.2621 -0.9295
vn 0.8282 -0.5601 -0.0192
vn 0.7496 -0.6619 -0.0076
vn 0.7238 -0.4427 0.5293
vn 0.9026 -0.4301 -0.0187
vn 0.6794 -0.5189 0.5187
vn -0.1847 -0.2551 0.9491
vn 0.2339 0.4094 0.8819
vn 0.5490 0.8285 0.1104
vn 0.2334 0.4078 0.8827
vn -0.0815 -0.1795 0.9804
vn 0.3957 0.9179 0.0305
vn -0.0573 -0.0643 0.9963
vn -0.0949 -0.1285 0.9872
vn 0.5669 0.8088 0.1565
vn -0.2689 -0.4438 0.8548
vn -0.2098 -0.1960 0.9579
vn 0.5576 0.2766 -0.7826
vn -0.6754 -0.3545 -0.6466
vn -0.7225 -0.3118 -0.6171
vn 0.5572 0.2471 -0.7928
vn 0.6759 0.3309 -0.6586
vn 0.3161 0.1984 -0.9277
vn 0.4983 0.1939 -0.8451
vn -0.6538 0.5489 0.5208
vn -0.1192 0.0997 0.9878
vn -0.6976 0.4602 0.5491
vn -0.8270 0.5576 0.0713
vn -0.7390 0.6668 -0.0966
vn -0.5022 0.6090 0.6140
vn -0.1315 0.1688 0.9768
vn -0.1010 0.1141 0.9883
vn -0.5132 0.6794 0.5245
vn -0.6455 0.7537 0.1235
vn -0.1080 0.1197 0.9869
vn -0.0063 0.0136 -0.9999
vn 0.0430 -0.0398 -0.9983
vn -0.0419 0.0087 -0.9991
vn -0.3371 0.3233 -0.8842
vn -0.4017 0.2410 -0.8835
vn -0.4877 0.4458 -0.7506
vn 0.0056 -0.0108 -0.9999
vn 0.0082 -0.0089 -0.9999
vn 0.0379 -0.0365 -0.9986
vn 0.0467 -0.0443 -0.9979
vn -0.3304 0.3325 -0.8833
vn -0.9989 -0.0007 -0.0474
vn -0.9639 -0.2579 0.0657
vn -0.9878 0.1457 0.0551
vn -0.6739 0.0791 -0.7346
vn -0.6479 -0.2010 -0.7348
vn -0.9144 -0.4019 -0.0492
vn -0.8653 0.4992 -0.0454
vn -0.1586 -0.5134 0.8434
vn -0.2196 -0.8551 0.4696
vn 0.0116 0.0018 0.9999
vn 0.2056 0.6299 0.7490
vn 0.0872 0.5259 0.8461
vn 0.0195 0.0017 0.9998
vn -0.0421 -0.3020 0.9524
vn -0.1829 -0.5262 0.8305
vn -0.2772 -0.7013 0.6568
vn -0.1345 -0.2838 0.9494
vn -0.0103 0.0014 0.9999
vn -0.8903 0.4111 -0.1961
vn -0.9484 0.2935 -0.1202
vn 0.1566 -0.0240 -0.9874
vn -0.6576 0.2663 -0.7047
vn -0.8104 0.4074 -0.4210
vn -0.8086 0.4162 -0.4158
vn 0.2774 -0.1046 -0.9550
vn -0.2684 0.9188 0.2893
vn 0.9341 -0.3339 0.1261
vn -0.9904 0.0415 0.1316
vn -0.7221 -0.6862 0.0876
vn 0.3273 -0.9180 0.2240
vn -0.9939 -0.1101 0.0074
vn -0.3330 -0.9405 0.0672
vn -0.7688 -0.6394 -0.0081
vn -0.2576 -0.9660 -0.0204
vn 0.9319 -0.3262 0.1585
vn 0.9266 0.3561 0.1212
vn 0.3138 0.8893 0.3327
vn 0.9438 -0.3302 0.0102
vn -0.9875 -0.1497 0.0495
vn -0.9821 0.1502 0.1139
vn 0.9781 -0.1866 -0.0923
vn 0.9976 0.0238 0.0656
vn 0.7286 0.6786 -0.0931
vn 0.8046 -0.5916 -0.0518
vn 0.8823 -0.4675 -0.0549
vn 0.8528 -0.5195 0.0533
vn 0.4508 -0.2700 -0.8508
vn 0.6352 -0.0243 -0.7720
vn 0.8154 -0.5760 0.0581
vn 0.6272 -0.4616 -0.6273
vn 0.3950 -0.9187 -0.0021
vn 0.5179 -0.8527 -0.0686
vn 0.6292 -0.7772 0.0059
vn 0.3375 -0.7689 0.5431
vn 0.5456 -0.6300 0.5527
vn 0.3606 -0.5704 0.7380
vn 0.0314 -0.6382 0.7692
vn 0.0252 -0.9997 -0.0000
vn 0.0463 -0.9976 -0.0515
vn 0.0321 -0.8523 0.5220
vn -0.5848 0.0384 -0.8103
vn -0.2232 0.0186 -0.9746
vn -0.1173 -0.0004 -0.9931
vn 0.4300 -0.0953 -0.8978
vn 0.9177 -0.3378 -0.2092
vn 0.9679 -0.2384 -0.0791
vn -0.1713 -0.0030 -0.9852
vn -0.5642 0.0875 -0.8210
vn -0.5355 0.1372 -0.8333
vn -0.5604 0.1698 -0.8106
vn 0.4618 -0.0197 -0.8868
vn 0.0668 -0.0051 -0.9978
vn 0.0294 -0.0294 0.9991
vn -0.9721 -0.1859 0.1429
vn -0.6371 -0.7637 0.1045
vn 0.6463 0.7492 0.1449
vn -0.0558 0.0022 0.9984
vn 0.9059 -0.4023 0.1323
vn 0.3250 0.9418 -0.0866
vn -0.3846 0.9230 0.0132
vn -0.0052 -0.0060 -1.0000
vn -0.0592 -0.0021 -0.9982
vn -0.0624 -0.0064 -0.9980
vn 0.0448 -0.0048 -0.9990
vn 0.4294 0.2924 -0.8545
vn 0.0234 0.0167 -0.9996
vn 0.2445 0.0668 -0.9673
vn 0.6027 0.1510 -0.7836
vn 0.4404 0.0685 -0.8952
vn 0.0789 0.0712 -0.9943
vn 0.0099 0.0106 -0.9999
vn -0.0094 -0.0315 -0.9995
vn 0.6403 0.0887 0.7630
vn 0.9977 -0.0263 0.0626
vn 0.8545 0.5164 0.0567
vn 0.5350 0.3345 0.7758
vn 0.7447 -0.1024 0.6595
vn 0.1895 0.0180 0.9817
vn 0.1789 -0.8363 -0.5183
vn 0.0259 -0.1766 -0.9839
vn 0.2624 -0.9047 -0.3357
vn 0.2857 -0.9578 0.0304
vn 0.3163 -0.9486 0.0055
vn 0.2814 -0.8967 -0.3416
vn 0.3371 -0.9412 -0.0226
vn 0.3411 -0.8154 -0.4677
vn 0.1760 -0.5765 -0.7979
vn 0.0290 -0.1219 -0.9921
vn 0.0420 -0.1701 -0.9845
vn 0.2291 -0.9134 -0.3365
vn 0.1794 -0.5719 -0.8005
vn 0.0092 -0.0026 -1.0000
vn 0.1829 -0.0171 -0.9830
vn -0.0058 -0.0952 -0.9954
vn -0.0642 -0.0366 -0.9973
vn -0.0032 0.0007 -1.0000
vn 0.0017 -0.0049 -1.0000
vn 0.1159 0.2440 -0.9628
vn 0.4681 -0.0478 -0.8824
vn 0.5514 -0.0490 -0.8328
vn 0.9477 -0.0686 -0.3118
vn -0.0038 -0.0084 -1.0000
vn 0.4497 0.8901 0.0748
vn 0.2551 0.9669 -0.0040
vn 0.8387 0.0641 0.5408
vn 0.4302 -0.4397 -0.7884
vn -0.5403 0.5132 -0.6668
vn -0.4995 0.5745 -0.6485
vn 0.6504 -0.7579 -0.0504
vn 0.6710 -0.7415 0.0056
vn 0.3031 -0.3584 -0.8830
vn 0.4999 -0.4155 -0.7599
vn 0.6271 -0.4740 -0.6181
vn 0.4285 -0.2947 -0.8541
vn -0.5488 0.4795 -0.6848
vn -0.0037 -0.0040 1.0000
vn -0.0113 -0.0034 0.9999
vn -0.0118 -0.0005 0.9999
vn -0.0005 -0.0105 0.9999
vn -0.0934 -0.0667 0.9934
vn -0.0946 0.0003 0.9955
vn 0.3344 0.3050 0.8917
vn 0.3926 0.3621 0.8454
vn 0.7170 0.6569 0.2334
vn -0.0129 0.0110 0.9999
vn 0.6900 -0.7156 0.1086
vn 0.2745 -0.2813 0.9195
vn 0.0352 -0.0298 0.9989
vn -0.0199 -0.0129 0.9997
vn -0.0204 -0.0055 0.9998
vn -0.0115 0.0026 -0.9999
vn -0.0167 -0.0537 -0.9984
vn 0.0222 -0.0039 -0.9997
vn -0.0115 0.0803 -0.9967
vn -0.0126 0.0574 -0.9983
vn -0.0034 0.9718 -0.2359
vn 0.2101 0.0193 -0.9775
vn -0.0215 -0.0577 -0.9981
vn -0.0110 0.0008 -0.9999
vn 0.9963 -0.0165 0.0846
vn 0.0588 0.8396 0.5400
vn 0.6130 -0.7592 0.2189
vn 0.9619 -0.2735 0.0046
vn 0.9664 0.2570 -0.0000
vn 0.6441 -0.7393 -0.1964
vn 0.9027 0.4235 -0.0762
vn 0.6866 0.7182 -0.1129
vn 0.6581 0.7422 -0.1269
vn 0.6948 0.7107 -0.1106
vn 0.6886 0.7228 -0.0573
vn 0.6890 0.7225 -0.0572
vn 0.6889 0.7226 -0.0572
vn -0.0167 0.9747 -0.2228
vn -0.7005 0.3339 0.6307
vn -0.5504 0.2559 0.7947
vn -0.6353 0.2274 0.7380
vn 0.1395 -0.0603 0.9884
vn -0.5432 0.3284 0.7727
vn -0.3052 0.1849 0.9342
vn 0.1284 -0.0844 0.9881
vn -0.4539 0.3148 0.8336
vn 0.1486 -0.0887 0.9849
vn -0.7109 0.4644 0.5281
vn -0.8256 -0.5544 0.1047
vn -0.7105 0.6702 0.2143
vn -0.9238 0.3829 0.0059
vn -0.0000 -1.0000 -0.0000
vn 0.7119 -0.6695 0.2118
vn -0.9999 0.0114 0.0125
vn -0.9020 0.4094 -0.1369
vn -0.8307 -0.5193 -0.2007
vn 0.3148 0.5507 -0.7731
vn 0.2227 0.3270 -0.9184
vn 0.4635 -0.0035 -0.8861
vn -0.0508 0.9957 -0.0768
vn 0.0276 0.6685 -0.7432
vn 0.4868 -0.1120 0.8663
vn 0.3154 -0.0729 0.9461
vn 0.9742 -0.2095 0.0842
vn 0.7411 -0.0819 0.6663
vn 0.8312 -0.0122 0.5558
vn 0.0080 -0.0231 0.9997
vn -0.2165 0.0122 0.9762
vn -0.3152 0.0558 0.9474
vn 0.3548 -0.0732 0.9321
vn 0.0149 0.0180 0.9997
vn 0.0043 -0.0064 1.0000
vn 0.4979 0.8664 -0.0381
vn 0.1031 0.5862 -0.8036
vn 0.0255 0.9990 -0.0365
vn 0.1636 0.9854 0.0464
vn 0.5741 0.8164 0.0629
vn 0.4164 0.5944 -0.6879
vn 0.6212 0.7825 -0.0429
vn 0.0214 -0.0795 0.9966
vn 0.1876 -0.6217 0.7605
vn 0.0088 -0.0081 0.9999
vn -0.0416 -0.1590 0.9864
vn 0.0833 -0.6805 0.7280
vn 0.0178 0.0352 0.9992
vn 0.0008 0.0141 0.9999
vn -0.9946 -0.1014 -0.0216
vn -0.8654 0.0005 0.5011
vn -0.8452 -0.1360 0.5169
vn -0.9736 -0.2285 -0.0003
vn -0.8282 -0.1425 -0.5420
vn -0.8315 0.0127 -0.5553
vn -0.9991 0.0249 -0.0354
vn 0.9236 -0.3833 -0.0000
vn 0.9260 -0.3774 -0.0047
vn 0.9228 -0.3808 -0.0587
vn 0.9181 -0.3899 -0.0709
vn 0.6597 -0.6687 0.3431
vn 0.2612 -0.6358 0.7263
vn 0.5832 -0.2476 0.7737
vn 0.6930 -0.2574 0.6734
vn 0.4829 0.2257 0.8461
vn 0.8051 0.5897 0.0634
vn 0.0894 -0.9941 0.0615
vn 0.3172 -0.9483 0.0082
vn 0.4961 -0.8682 0.0061
vn -0.0168 0.0239 -0.9996
vn -0.7348 0.6782 0.0066
vn -0.9921 0.0673 0.1061
vn -0.1088 0.9468 0.3029
vn 0.3781 0.9160 -0.1338
vn 0.7824 0.4585 -0.4216
vn -0.9816 0.0037 -0.1908
vn -0.7069 0.7072 0.0119
vn 0.1489 0.4909 0.8584
vn 0.0143 0.0156 0.9998
vn 0.0109 0.0726 0.9973
vn 0.1222 0.5535 0.8239
vn 0.2291 0.7782 0.5847
vn 0.7139 0.1837 0.6757
vn 0.4986 0.1057 0.8604
vn 0.0876 -0.4645 -0.8812
vn 0.0104 -0.1317 -0.9912
vn -0.1687 0.9827 -0.0766
vn -0.7183 0.6927 0.0643
vn -0.4251 0.4462 0.7875
vn -0.1214 0.6277 0.7689
vn -0.3037 0.9521 0.0344
vn -0.8791 0.4707 0.0753
vn -0.4884 0.8681 -0.0891
vn -0.8087 0.5850 -0.0612
vn -0.4994 -0.2697 -0.8233
vn -0.4708 -0.0180 -0.8820
vn -0.0857 -0.0049 -0.9963
vn -0.4693 -0.4485 -0.7606
vn -0.7962 -0.6014 -0.0659
vn -0.0736 -0.0825 -0.9939
vn -0.8312 -0.1608 -0.5322
vn -0.9937 -0.0842 -0.0745
vn -0.9992 -0.0250 -0.0305
vn -0.9526 -0.0379 -0.3018
vn -0.1086 -0.9939 0.0175
vn 0.0178 0.0108 -0.9998
vn 0.0630 0.0540 -0.9966
vn 0.0255 0.0561 -0.9981
vn 0.0611 0.0313 -0.9976
vn -0.0060 -0.0298 -0.9995
vn 0.1744 -0.6428 -0.7459
vn 0.0185 -0.0144 -0.9997
vn -0.0388 -0.0593 -0.9975
vn -0.0230 0.0411 -0.9989
vn -0.3318 -0.4306 -0.8394
vn 0.6839 -0.2551 0.6835
vn -0.5440 0.1904 0.8172
vn 0.7675 -0.3788 0.5171
vn 0.3320 0.8798 0.3403
vn 0.3133 0.6899 0.6526
vn 0.3314 0.9187 0.2149
vn 0.4928 0.8625 -0.1150
vn -0.6275 -0.3940 -0.6715
vn -0.8453 -0.5034 -0.1789
vn -0.8858 -0.4286 -0.1781
vn 0.4688 0.8833 0.0076
vn 0.9593 0.2585 -0.1137
vn -0.1576 0.9312 -0.3287
vn -0.4810 0.8634 0.1523
vn 0.9410 0.2483 0.2300
vn 0.5297 0.8480 0.0183
vn -0.9433 -0.2475 0.2213
vn -0.0203 0.0987 -0.9949
vn -0.0512 0.6328 -0.7726
vn 0.0054 0.0790 -0.9969
vn 0.2884 -0.3618 0.8865
vn 0.0520 -0.1078 0.9928
vn 0.2259 -0.2796 0.9332
vn 0.1487 -0.4369 0.8871
vn 0.2401 -0.7200 0.6512
vn 0.8031 0.0075 -0.5959
vn 0.8204 0.0673 -0.5678
vn 0.5792 -0.0138 -0.8151
vn -0.0082 -0.0158 -0.9998
vn -0.1777 -0.0254 -0.9838
vn 0.4101 0.1001 -0.9065
vn 0.6063 -0.0759 -0.7916
vn 0.9930 0.0347 -0.1129
vn -0.0122 -0.0081 -0.9999
vn -0.1689 0.0204 -0.9854
vn 0.1618 -0.6450 0.7469
vn 0.1416 -0.9882 0.0588
vn 0.5775 -0.8139 0.0631
vn 0.4311 -0.4789 0.7647
vn 0.1187 -0.1205 0.9856
vn 0.0245 -0.0968 0.9950
vn -0.1215 0.9668 -0.2246
vn -0.0389 0.5095 -0.8596
vn -0.0781 0.4837 -0.8717
vn -0.0088 -0.0092 -0.9999
vn 0.1159 -0.7467 -0.6550
vn 0.0244 -0.9198 -0.3917
vn 0.0093 -0.0286 -0.9995
vn -0.0643 -0.5364 -0.8415
vn 0.0339 0.4269 -0.9037
vn 0.0042 -0.0152 -0.9999
vn -0.1737 0.9587 -0.2255
vn -0.0729 0.9772 -0.1994
vn -0.4376 -0.2919 -0.8505
vn -0.0066 -0.0012 -1.0000
vn -0.0033 -0.0081 -1.0000
vn 0.6787 -0.7338 0.0302
vn 0.6749 -0.7353 0.0621
vn 0.6654 -0.7111 0.2270
vn 0.6748 -0.7225 0.1505
vn 0.9794 -0.1970 -0.0439
vn 0.6811 0.7275 -0.0829
vn 0.8443 0.5188 0.1344
vn 0.2722 -0.8970 -0.3482
vn 0.8839 -0.4601 0.0834
vn -0.0014 -0.0025 1.0000
vn -0.0715 0.0486 0.9963
vn -0.0000 -0.0000 1.0000
vn -0.0180 0.0714 0.9973
vn 0.0018 0.0326 0.9995
vn -0.0116 -0.4534 0.8912
vn -0.0117 -0.4534 0.8912
vn -0.0319 -0.4639 0.8853
vn 0.0025 0.0021 1.0000
vn 0.2386 -0.3024 0.9229
vn 0.3665 -0.3464 -0.8635
vn 0.5202 0.1335 -0.8435
vn 0.0435 -0.0423 -0.9982
vn 0.7539 -0.6569 -0.0095
vn 0.8481 0.5117 -0.1377
vn 0.9381 0.3059 -0.1624
vn 0.3581 -0.3607 -0.8612
vn 0.7020 -0.6855 -0.1928
vn 0.7092 -0.6784 -0.1920
vn 0.7191 -0.6865 -0.1076
vn 0.7315 -0.6818 -0.0036
vn 0.5149 -0.5012 -0.6955
vn 0.6987 -0.7154 0.0012
vn -0.9549 0.0575 0.2914
vn -0.2143 0.9706 0.1094
vn -0.7859 0.6183 0.0096
vn -0.9779 -0.2089 0.0036
vn -0.3582 0.9276 -0.1063
vn -0.8711 -0.4456 -0.2063
vn 0.8894 0.3551 0.2880
vn 0.4072 -0.8871 0.2172
vn -0.9975 0.0475 0.0517
vn -0.9870 0.0067 -0.1604
vn -0.9834 0.0296 -0.1791
vn -0.3308 0.0472 -0.9425
vn 0.0097 0.0164 -0.9998
vn 0.5606 -0.0989 -0.8221
vn -0.9864 0.1606 0.0353
vn -0.4605 0.0850 -0.8836
vn -0.9353 -0.0247 -0.3531
vn 0.0370 -0.0531 0.9979
vn 0.0174 -0.0045 0.9998
vn 0.4113 0.0065 0.9115
vn 0.1926 -0.4424 0.8759
vn 0.9995 0.0283 0.0164
vn 1.0000 0.0006 0.0092
vn 0.0160 -0.0072 0.9998
vn 0.4125 -0.9082 0.0708
vn -0.0047 0.0148 0.9999
vn -0.1046 0.7621 0.6390
vn 0.0045 0.0241 0.9997
vn -0.0493 -0.6122 0.7892
vn -0.0523 -0.9939 0.0975
vn -0.0663 -0.5948 0.8011
vn -0.0331 0.9307 0.3642
vn 0.0103 0.5025 0.8645
vn 0.0962 -0.9907 0.0960
vn 0.0141 -0.1721 0.9850
vn 0.1128 -0.9904 0.0796
vn 0.0626 -0.0422 -0.9971
vn 0.0077 0.0015 -1.0000
vn -0.0339 0.0205 -0.9992
vn 0.2248 -0.1681 -0.9598
vn 0.6288 -0.0715 -0.7742
vn 0.1151 -0.0267 -0.9930
vn 0.4454 -0.2913 -0.8466
vn 0.5114 -0.3174 0.7986
vn 0.2143 -0.9682 0.1288
vn 0.2004 -0.7030 0.6824
vn 0.0176 -0.0684 0.9975
vn 0.0866 -0.0079 0.9962
vn 0.7070 -0.1438 0.6925
vn 0.9826 -0.1770 0.0560
vn 0.0199 -0.0134 0.9997
vn -0.9709 0.1991 -0.1330
vn -0.0404 -0.0153 -0.9991
vn -0.9484 0.3126 -0.0524
vn -0.5620 0.7897 -0.2460
vn -0.7280 0.6820 0.0705
vn -0.8331 -0.0433 0.5514
vn 0.6911 0.6904 0.2136
vn -0.2334 0.9668 0.1039
vn 0.3831 0.5488 -0.7430
vn 0.2458 0.8012 -0.5456
vn 0.4964 0.8675 -0.0330
vn 0.4966 0.3432 -0.7972
vn 0.0739 0.0733 -0.9946
vn 0.0572 0.0468 -0.9973
vn 0.7452 0.6642 -0.0587
vn 0.1253 0.4339 -0.8922
vn -0.0034 0.0807 -0.9967
vn 0.0099 0.5886 -0.8084
vn 0.8171 0.5749 -0.0431
vn 0.7994 0.6001 -0.0302
vn -0.1099 0.1980 -0.9740
vn -0.2405 0.4344 -0.8680
vn 0.0408 -0.0692 -0.9968
vn -0.5900 0.7949 -0.1412
vn -0.6149 0.7804 -0.1136
vn -0.3878 0.5045 -0.7714
vn 0.0292 -0.0398 -0.9988
vn -0.0049 0.0138 -0.9999
vn -0.1558 0.1964 -0.9681
vn -0.4694 0.8741 -0.1250
vn 0.0027 -0.0037 -1.0000
vn -0.0404 -0.0990 -0.9943
vn 0.0003 -0.0338 -0.9994
vn 0.0054 -0.0063 -1.0000
vn -0.0000 -0.0000 -1.0000
vn -0.8891 -0.4299 0.1572
vn -0.8449 -0.4679 0.2594
vn -0.7075 -0.3011 0.6393
vn -0.3281 -0.1291 0.9358
vn 0.1457 0.0683 0.9870
vn -0.8133 -0.4671 0.3468
vn -0.9361 -0.3486 -0.0473
vn -0.3132 -0.1171 0.9424
vn -0.7677 -0.1700 0.6178
vn -0.0717 0.2281 -0.9710
vn -0.3160 0.7513 -0.5795
vn -0.0997 0.2230 -0.9697
vn 0.0074 0.0047 -1.0000
vn 0.2469 -0.5808 -0.7757
vn 0.2504 -0.6785 -0.6906
vn -0.0347 0.1803 -0.9830
vn -0.2639 0.8233 -0.5025
vn 0.0093 0.0044 -0.9999
vn -0.6339 0.1763 0.7531
vn -0.4548 0.4332 0.7781
vn -0.7532 0.3360 0.5655
vn -0.3864 0.1962 0.9012
vn -0.4149 0.0485 0.9086
vn -0.8358 0.1279 0.5340
vn -0.6456 0.1088 0.7558
vn -0.6556 -0.7547 -0.0246
vn -0.5560 -0.6430 0.5267
vn -0.5687 -0.8225 -0.0128
vn -0.5384 -0.7592 -0.3656
vn -0.6279 -0.7002 -0.3399
vn -0.7484 -0.6603 -0.0621
vn -0.6222 -0.5984 0.5048
vn 0.5567 -0.8273 0.0748
vn 0.8198 -0.1561 0.5509
vn -0.8186 -0.5381 0.2010
vn -0.2803 -0.9599 0.0078
vn -0.8532 -0.4695 -0.2274
vn 0.0594 -0.9910 -0.1196
vn -0.1794 -0.9837 -0.0129
vn 0.0059 0.0254 -0.9997
vn 0.6101 0.6051 -0.5115
vn 0.1038 0.1210 -0.9872
vn 0.2558 0.2346 -0.9378
vn 0.7970 0.5968 -0.0933
vn 0.6695 0.7390 0.0745
vn 0.6554 0.4782 -0.5847
vn 0.5244 0.6732 -0.5214
vn 0.0269 0.0716 0.9971
vn 0.0410 0.1089 0.9932
vn 0.0312 0.0233 0.9992
vn -0.0410 -0.0523 0.9978
vn 0.1098 0.1041 0.9885
vn -0.0487 -0.0599 0.9970
vn -0.0188 -0.0309 0.9993
vn -0.4100 0.9088 -0.0771
vn -0.2571 0.7332 -0.6295
vn -0.3489 0.7028 -0.6200
vn -0.4816 0.8764 -0.0031
vn -0.2229 0.4858 -0.8452
vn -0.1770 0.4892 -0.8540
vn -0.3051 0.9495 -0.0734
vn 0.1578 0.9829 0.0950
vn 0.4826 0.8758 -0.0080
vn -0.2438 0.9697 -0.0162
vn 0.9039 0.3695 -0.2153
vn -0.4441 0.8907 -0.0975
vn 0.7708 0.6262 -0.1168
vn 0.5468 0.4617 -0.6985
vn 0.8421 0.5153 -0.1595
vn -0.2030 -0.1541 -0.9670
vn -0.2473 -0.1352 -0.9595
vn 0.6143 0.3599 -0.7023
vn 0.6258 0.3499 -0.6971
vn 0.8589 0.4614 -0.2222
vn 0.9968 -0.0776 0.0169
vn 0.1283 -0.9686 -0.2129
vn 0.9982 0.0378 -0.0472
vn 0.9612 -0.0006 0.2759
vn -0.9488 -0.1789 0.2603
vn 0.1980 -0.9732 0.1172
vn -0.4652 0.8631 0.1967
vn 0.9138 -0.4060 -0.0085
vn 0.6850 -0.7277 -0.0338
vn 0.7337 -0.6786 -0.0338
vn 0.7120 -0.6989 0.0674
vn 0.6439 -0.6353 -0.4264
vn 0.5682 -0.1551 0.8081
vn 0.1483 -0.0364 0.9883
vn 0.0539 -0.0269 0.9982
vn 0.8787 -0.1727 0.4450
vn 0.9914 -0.1303 -0.0096
vn 0.9603 -0.2783 -0.0184
vn 0.5680 -0.0578 0.8210
vn 0.8547 -0.0269 0.5184
vn 0.8892 -0.2633 0.3742
vn 0.5788 -0.1483 0.8019
vn 0.6435 -0.7605 0.0870
vn 0.8853 -0.4608 -0.0630
vn 0.9693 0.2187 0.1126
vn -0.1279 -0.7081 0.6945
vn 0.0877 0.0437 -0.9952
vn 0.0960 0.0232 -0.9951
vn 0.3912 0.1394 -0.9097
vn 0.0073 0.0010 -1.0000
vn 0.1450 0.0525 -0.9880
vn 0.5666 0.2335 -0.7902
vn 0.0152 0.0070 -0.9999
vn 0.0056 -0.0012 -1.0000
vn 0.5935 0.2761 -0.7560
vn 0.0183 -0.0034 0.9998
vn -0.1216 0.0802 0.9893
vn 0.0170 -0.0005 0.9999
vn 0.6709 -0.7353 -0.0958
vn 0.9953 0.0149 -0.0959
vn 0.6794 -0.7275 -0.0960
vn 0.6698 -0.7363 -0.0957
vn -0.0116 0.9972 0.0739
vn -0.0164 0.9964 0.0828
vn -0.0156 0.9929 0.1181
vn 0.1126 0.9918 0.0598
vn -0.9659 -0.0019 -0.2591
vn -0.8102 0.0339 -0.5852
vn -0.8480 -0.5288 -0.0360
vn -0.9967 0.0487 -0.0654
vn -0.0080 -0.0266 -0.9996
vn -0.2952 -0.6778 -0.6734
vn 0.0084 -0.0085 0.9999
vn 0.0364 -0.0287 0.9989
vn 0.1184 -0.1033 0.9876
vn 0.0014 -0.0019 1.0000
vn 0.0026 0.0027 1.0000
vn 0.0051 0.0009 1.0000
vn 0.0019 -0.0078 1.0000
vn 0.0304 -0.0323 0.9990
vn 0.0075 -0.0166 0.9998
vn -0.0047 -0.0049 1.0000
vn -0.0045 -0.0037 1.0000
vn -0.0044 -0.0035 1.0000
vn 0.0067 -0.0003 1.0000
vn -0.9972 0.0376 -0.0651
vn 0.4336 -0.8819 -0.1850
vn 0.1870 -0.9801 0.0668
vn -0.9615 -0.0689 0.2661
vn -0.7999 0.5966 0.0656
vn -0.7241 0.6403 -0.2566
vn 0.0439 0.9886 -0.1443
vn 0.8882 0.4460 -0.1104
vn 0.0001 0.9899 -0.1420
vn -0.0112 0.7037 -0.7104
vn 0.0014 0.7075 -0.7067
vn -0.0158 0.9899 -0.1409
vn 0.8995 0.4248 -0.1018
vn -0.0177 0.0626 -0.9979
vn -0.0156 -0.0163 -0.9997
vn -0.0472 -0.0073 -0.9989
vn -0.0158 0.0623 -0.9979
vn 0.0099 0.0029 0.9999
vn 0.0094 0.0036 0.9999
vn 0.0085 -0.0020 1.0000
vn 0.0100 0.0021 0.9999
vn 0.0200 -0.0740 0.9971
vn -0.6962 0.7153 -0.0607
vn -0.7755 0.6146 -0.1446
vn -0.7426 0.6391 -0.2001
vn -0.7019 0.5030 -0.5043
vn -0.3159 0.3321 0.8888
vn -0.2963 0.2359 0.9255
vn 0.6968 -0.6933 0.1840
vn -0.0452 0.0547 0.9975
vn 0.6046 -0.7845 0.1379
vn 0.5972 -0.7894 0.1423
vn -0.0142 0.0255 0.9996
vn -0.1033 0.1124 0.9883
vn -0.1798 0.2332 0.9557
vn -0.4007 0.5586 0.7262
vn 0.9158 0.3955 -0.0694
vn 0.9105 0.3953 -0.1215
vn 0.9146 0.3968 -0.0780
vn 0.9971 0.0094 -0.0756
vn 0.4979 0.6978 0.5149
vn 0.2452 0.4247 0.8715
vn 0.0002 -0.0000 1.0000
vn 0.0048 -0.0018 1.0000
vn -0.0787 -0.1253 0.9890
vn 0.2817 0.3578 0.8903
vn 0.4231 0.6486 0.6327
vn 0.0131 0.0001 0.9999
vn 0.6116 0.7911 0.0120
vn 0.0259 0.0155 -0.9995
vn 0.0119 -0.0015 -0.9999
vn 0.0206 0.0074 -0.9998
vn -0.0035 -0.0038 -1.0000
vn 0.0165 0.0051 -0.9999
vn 0.0845 0.0084 -0.9964
vn 0.0103 -0.0042 -0.9999
vn 0.2447 0.0078 -0.9696
vn 0.0042 0.0133 -0.9999
vn -0.1854 0.9816 0.0449
vn -0.2303 0.9725 -0.0355
vn -0.4015 0.9147 0.0465
vn -0.1816 0.6767 0.7135
vn -0.0005 0.9994 0.0350
vn 0.0263 0.9994 0.0235
vn 0.0134 0.9996 -0.0236
vn -0.0003 0.9997 -0.0234
vn -0.0063 0.5019 0.8649
vn 0.0087 0.7685 0.6398
vn -0.9978 -0.0018 0.0666
vn -0.5309 0.8440 -0.0762
vn -0.9342 -0.3328 -0.1288
vn -0.4892 0.8526 0.1838
vn -0.5243 -0.8389 0.1465
vn -0.0114 0.0086 -0.9999
vn 0.1123 0.1896 -0.9754
vn 0.0343 0.0456 -0.9984
vn 0.0091 -0.0038 -1.0000
vn -0.9609 -0.2737 0.0412
vn -0.8331 0.5497 0.0617
vn -0.9208 0.3713 -0.1193
vn 0.0080 -0.9275 0.3738
vn -0.8421 -0.5333 -0.0806
vn -0.0473 0.0692 -0.9965
vn -0.0790 0.0991 -0.9919
vn 0.0013 -0.0017 -1.0000
vn -0.5270 0.4658 -0.7108
vn -0.5034 0.0839 -0.8600
vn -0.7336 0.0291 -0.6790
vn -0.5757 0.0941 -0.8122
vn -0.5287 0.0200 -0.8486
vn -0.0009 -0.1048 -0.9945
vn -0.0704 -0.2182 -0.9734
vn 0.0155 -0.0091 -0.9998
vn 0.0197 0.0011 -0.9998
vn -0.8308 0.5526 0.0658
vn -0.7131 0.5594 0.4225
vn -0.7753 0.6300 -0.0437
vn -0.7851 0.6176 0.0473
vn -0.9995 0.0040 0.0323
vn -0.9748 0.2219 0.0217
vn 0.0337 0.4644 -0.8850
vn 0.0712 0.6077 -0.7909
vn 0.0116 -0.1613 -0.9868
vn -0.0142 -0.2248 -0.9743
vn 0.5143 -0.0344 0.8569
vn -0.9531 0.1926 0.2336
vn -0.3869 0.0851 0.9182
vn -0.9787 0.2001 -0.0447
vn -0.9669 0.2228 -0.1243
vn -0.9808 0.1844 0.0636
vn -0.9254 0.3778 -0.0305
vn -0.9661 0.2536 0.0484
vn -0.9889 0.1484 -0.0000
vn 0.3348 0.9280 -0.1633
vn 0.9567 0.1571 -0.2452
vn 0.0200 -0.0108 -0.9997
vn 0.0029 0.0115 0.9999
vn 0.0189 -0.0319 0.9993
vn -0.9987 -0.0509 -0.0002
vn -0.9952 -0.0591 -0.0774
vn -0.9981 -0.0533 -0.0295
vn 0.4238 -0.0974 0.9005
vn 0.9357 -0.2830 0.2108
vn 0.1216 -0.0279 0.9922
vn -0.7285 0.0166 0.6848
vn -0.0951 -0.0046 0.9955
vn -0.0961 0.0032 0.9954
vn -0.1134 0.0018 0.9935
vn 0.9461 -0.2443 0.2127
vn -0.7446 0.2173 0.6311
vn -0.7379 0.2117 0.6409
vn -0.0924 0.0385 0.9950
vn 0.4799 -0.0205 0.8771
vn -0.5469 -0.2040 -0.8120
vn -0.5103 -0.2067 -0.8348
vn -0.4784 -0.2276 -0.8481
vn 0.0078 0.0036 -1.0000
vn 0.7048 0.1239 -0.6985
vn 0.7158 0.0891 -0.6926
vn 0.6801 0.2425 -0.6919
vn -0.9631 -0.2240 -0.1495
vn -0.4053 -0.0974 -0.9090
vn -0.4788 -0.1175 -0.8700
vn -0.9627 -0.2249 -0.1507
vn 0.0043 -0.0013 -1.0000
vn -0.0356 -0.0199 0.9992
vn -0.0172 -0.0306 0.9994
vn 0.3112 0.0448 0.9493
vn -0.0172 -0.0053 0.9998
vn 0.0411 0.0065 0.9991
vn -0.0172 -0.0057 0.9998
vn -0.0501 0.0081 0.9987
vn 0.0431 -0.0043 -0.9991
vn 0.3726 -0.1418 -0.9171
vn 0.0477 -0.0443 -0.9979
vn -0.0315 0.0103 -0.9995
vn 0.1133 -0.0140 -0.9935
vn 0.0749 0.0566 -0.9956
vn 0.6063 0.0291 -0.7947
vn -0.0097 -0.0034 -0.9999
vn 0.6755 -0.0486 -0.7358
vn 0.2633 -0.8087 0.5260
vn 0.2940 -0.7613 0.5779
vn 0.2475 -0.8032 0.5418
vn 0.2295 -0.8163 0.5301
vn 0.1736 -0.5488 0.8177
vn 0.1921 -0.5543 0.8099
vn 0.0876 -0.2565 0.9626
vn -0.0612 -0.2756 0.9593
vn -0.0086 -0.2863 0.9581
vn -0.0227 -0.0935 0.9954
vn -0.4194 -0.5059 0.7538
vn -0.1748 -0.2507 0.9521
vn -0.4913 -0.5926 0.6383
vn -0.1982 -0.9381 0.2842
vn -0.0254 -0.9637 0.2658
vn 0.3768 -0.9179 -0.1245
vn -0.0115 -0.9999 0.0061
vn 0.3488 -0.4965 0.7949
vn 0.4092 -0.4585 0.7889
vn 0.4068 -0.5182 0.7523
vn 0.2896 -0.4206 0.8598
vn -0.4967 0.5861 0.6402
vn -0.4612 0.6211 0.6337
vn 0.2895 -0.5533 0.7810
vn 0.2699 -0.5665 0.7786
vn -0.4081 0.6515 0.6396
vn 0.4668 -0.8814 0.0728
vn -0.1156 -0.0698 -0.9908
vn 0.0037 0.0059 -1.0000
vn 0.0065 -0.0071 -1.0000
vn 0.0046 -0.0086 -1.0000
vn 0.0072 -0.0070 -0.9999
vn 0.0063 0.0062 -1.0000
vn 0.0647 0.0616 -0.9960
vn 0.0387 0.0378 -0.9985
vn -0.3183 -0.4534 0.8325
vn 0.0070 0.0044 1.0000
vn -0.0026 -0.0737 0.9973
vn 0.0061 0.0032 1.0000
vn 0.0041 0.0712 0.9975
vn 0.0049 0.0463 0.9989
vn -0.1218 -0.9222 0.3670
vn -0.2288 -0.9734 -0.0124
vn -0.2680 -0.9061 -0.3274
vn 0.1200 -0.0250 -0.9925
vn 0.0308 0.0259 -0.9992
vn -0.9788 0.2039 0.0197
vn 0.7648 -0.6334 -0.1176
vn 0.5692 -0.8222 -0.0000
vn 0.0466 -0.9971 0.0604
vn -0.2857 -0.9580 -0.0263
vn 0.1830 -0.0578 -0.9814
vn 0.1249 -0.0367 -0.9915
vn 0.1608 -0.0711 -0.9844
vn -0.4679 0.2155 -0.8571
vn 0.0801 -0.0356 -0.9961
vn 0.6012 -0.1492 -0.7851
vn 0.7314 -0.3371 -0.5928
vn 0.7726 -0.3579 -0.5244
vn 0.9760 -0.1912 -0.1043
vn 0.7905 0.5683 -0.2285
vn 0.9962 0.0862 -0.0083
vn -0.0480 -0.8012 -0.5965
vn 0.8869 -0.4619 -0.0037
vn 0.7717 0.5900 0.2374
vn 0.7828 -0.6169 0.0823
vn 0.5125 0.2463 0.8226
vn 0.8149 0.5742 0.0788
vn 0.4003 0.4123 0.8184
vn 0.0687 0.0530 0.9962
vn 0.0799 0.0393 0.9960
vn 0.7414 0.0990 0.6637
vn -0.8784 0.2486 -0.4082
vn -0.9629 0.1918 -0.1896
vn -0.2030 0.9772 0.0621
vn -0.1165 0.4933 0.8620
vn -0.4049 0.3227 0.8555
vn -0.3563 0.9331 0.0486
vn -0.2505 0.9656 -0.0698
vn 0.6240 0.7789 0.0623
vn 0.4294 0.5288 0.7321
vn -0.2042 0.9763 -0.0719
vn 0.2945 0.3238 -0.8991
vn -0.0164 0.9506 -0.3099
vn 0.6661 0.7271 -0.1662
vn 0.6590 0.7332 -0.1676
vn -0.1821 0.2074 -0.9612
vn 0.0220 0.4733 -0.8806
vn -0.3037 0.9344 -0.1860
vn 0.2512 0.2714 -0.9291
vn -0.6812 0.7291 -0.0659
vn -0.6615 0.6911 -0.2910
vn 0.3054 0.1513 0.9401
vn 0.5606 0.2697 0.7829
vn -0.0070 0.0233 0.9997
vn -0.0070 0.0253 0.9997
vn -0.0062 0.0209 0.9998
vn 0.6282 0.3272 0.7059
vn 0.8043 0.5889 0.0792
vn 0.7977 0.5977 0.0807
vn 0.4318 0.3537 0.8297
vn 0.2583 0.2025 0.9446
vn 0.0087 -0.0153 -0.9998
vn 0.0113 -0.0103 -0.9999
vn 0.0046 -0.0059 -1.0000
vn 0.0024 -0.0008 -1.0000
vn -0.9621 0.2632 0.0710
vn 0.8247 0.1121 0.5543
vn 0.9653 0.2302 0.1233
vn 0.0913 -0.0039 0.9958
vn 0.9972 0.0745 -0.0005
vn 0.3261 -0.0002 0.9453
vn -0.0548 0.0536 -0.9971
vn -0.3443 0.4296 -0.8348
vn -0.5231 0.6566 -0.5434
vn -0.0289 0.5972 -0.8016
vn -0.2487 0.7462 -0.6175
vn 0.2079 -0.9755 0.0721
vn 0.1982 -0.9768 0.0814
vn 0.2077 -0.9755 0.0722
vn 0.2170 -0.9741 0.0633
vn 0.3954 -0.9148 0.0818
vn 0.1732 -0.3997 0.9001
vn 0.3899 -0.9154 0.0998
vn -0.1234 0.9911 -0.0504
vn -0.3253 0.6242 -0.7104
vn -0.0373 0.9975 0.0608
vn -0.7727 0.0050 -0.6347
vn -0.9487 -0.0005 -0.3162
vn -0.9997 0.0001 -0.0237
vn -0.4689 0.0030 -0.8833
vn 0.0043 0.0096 0.9999
vn 0.0021 0.0087 1.0000
vn -0.0000 0.0089 1.0000
vn -0.0233 0.0128 0.9996
vn 0.0031 0.0105 0.9999
vn -0.6853 0.7282 0.0065
vn -0.9653 0.1648 0.2027
vn 0.1804 0.9468 0.2665
vn 0.2885 0.9250 -0.2473
vn 0.8518 0.5236 0.0161
vn 0.9974 0.0069 -0.0714
vn 0.5139 -0.5462 -0.6615
vn -0.9700 0.1341 -0.2029
vn -0.7071 0.7072 -0.0000
vn 0.7539 -0.6232 0.2079
vn -0.0740 0.0547 0.9958
vn 0.9983 -0.0494 0.0308
vn 0.9983 -0.0579 -0.0000
vn 0.9923 -0.1240 -0.0000
vn 0.9932 -0.0573 0.1015
vn 0.9931 -0.0562 0.1031
vn -0.0012 -0.0450 -0.9990
vn -0.0036 -0.0089 -1.0000
vn 0.0018 -0.0938 -0.9956
vn 0.0447 -0.9689 -0.2433
vn -0.0321 -0.0221 -0.9992
vn -0.0008 -0.0059 -1.0000
vn -0.0023 -0.0100 -0.9999
vn -0.5185 -0.2082 -0.8293
vn -0.0275 -0.0153 -0.9995
vn -0.8584 -0.3628 -0.3627
vn -0.9182 -0.3861 -0.0883
vn -0.9167 -0.3875 -0.0971
vn -0.5914 -0.8064 0.0050
vn -0.9374 -0.3390 -0.0795
vn -0.5650 -0.7964 -0.2156
vn -0.9982 -0.0600 0.0005
vn 0.9010 -0.4090 0.1444
vn 0.0177 -0.0210 0.9996
vn -0.0008 0.0045 -1.0000
vn 0.0010 0.0060 -1.0000
vn -0.0031 0.0005 -1.0000
vn -0.0046 0.0089 -0.9999
vn -0.0578 0.0702 -0.9959
vn -0.0034 0.0129 -0.9999
vn -0.0475 0.0600 -0.9971
vn -0.0052 -0.0024 -1.0000
vn -0.0060 0.0058 -1.0000
vn -0.6696 0.6901 0.2744
vn 0.0196 0.9875 0.1565
vn -0.6831 0.7165 0.1413
vn -0.6596 0.6762 0.3282
vn -0.0655 0.0596 0.9961
vn -0.6954 0.7078 0.1243
vn 0.4015 0.8972 0.1838
vn 0.4055 0.9055 0.1253
vn 0.4107 0.8953 0.1727
vn 0.2460 0.5491 0.7987
vn 0.3800 0.8697 0.3150
vn -0.0377 0.0300 0.9988
vn 0.9804 0.0628 -0.1865
vn -0.5655 -0.5612 -0.6044
vn 0.1855 0.9676 -0.1715
vn 0.9976 0.0688 -0.0000
vn 0.0222 -0.9963 -0.0828
vn 0.9999 -0.0128 0.0062
vn 0.8230 -0.0266 0.5674
vn 0.7115 -0.1049 0.6948
vn 0.9988 -0.0005 0.0480
vn 0.9979 -0.0501 -0.0404
vn -0.0047 0.0847 -0.9964
vn -0.0339 0.3499 -0.9362
vn -0.0412 0.1365 -0.9898
vn 0.0060 0.0954 -0.9954
vn 0.0142 0.3156 -0.9488
vn -0.0024 0.0035 -1.0000
vn -0.6248 -0.7717 -0.1186
vn 0.4043 0.6648 -0.6281
vn -0.2860 -0.5409 -0.7910
vn -0.4645 -0.8764 -0.1273
vn -0.0165 0.0019 0.9999
vn 0.0247 0.0097 0.9996
vn 0.0532 -0.0173 0.9984
vn 0.0510 -0.0434 0.9978
vn -0.4727 0.0829 0.8773
vn -0.0195 -0.0079 0.9998
vn -0.3796 0.3801 0.8435
vn -0.0127 0.0183 0.9998
vn 0.0112 -0.6914 -0.7224
vn 0.0344 -0.8688 -0.4940
vn 0.2955 -0.7270 -0.6198
vn 0.0075 -0.3519 -0.9360
vn 0.0053 -0.0551 -0.9985
vn 0.0080 -0.0546 -0.9985
vn -0.0003 -0.9989 -0.0469
vn 0.0082 -0.0617 -0.9981
vn -0.0053 0.0104 0.9999
vn -0.0070 0.0150 0.9999
vn -0.0046 0.0228 0.9997
vn -0.0084 0.0149 0.9999
vn -0.0071 0.0038 1.0000
vn -0.0059 -0.0026 1.0000
vn -0.0078 -0.0000 1.0000
vn -0.0086 -0.0044 1.0000
vn -0.0059 -0.0002 1.0000
vn -0.3178 -0.9458 -0.0666
vn -0.6643 -0.7446 -0.0649
vn -0.2556 -0.5204 -0.8147
vn -0.4527 -0.8898 0.0577
vn -0.0820 -0.5964 -0.7985
vn 0.0314 -0.9987 -0.0410
vn -0.0827 -0.9939 0.0725
vn -0.1450 -0.1642 0.9757
vn -0.2448 -0.2296 0.9420
vn 0.0083 0.0075 0.9999
vn -0.4625 -0.7090 0.5323
vn 0.0080 0.0085 0.9999
vn 0.4839 0.5470 0.6831
vn 0.2889 -0.2141 -0.9331
vn 0.3832 -0.3066 -0.8713
vn -0.3628 0.2840 -0.8876
vn -0.2932 0.1930 -0.9364
vn -0.8426 0.5265 -0.1133
vn 0.1254 -0.0892 -0.9881
vn 0.4429 -0.2202 -0.8691
vn 0.6442 -0.2854 -0.7096
vn 0.6679 -0.3449 -0.6595
vn -0.2737 0.5386 0.7968
vn -0.3241 0.5103 0.7966
vn -0.3823 0.6228 0.6826
vn -0.1991 0.4743 0.8575
vn -0.1870 0.5683 0.8013
vn 0.2971 -0.7245 0.6219
vn 0.3509 -0.6505 0.6736
vn 0.0765 0.1262 0.9890
vn -0.0176 0.0065 0.9998
vn -0.0052 -0.0004 1.0000
vn 0.1256 0.2632 0.9565
vn 0.3874 0.6425 0.6612
vn 0.0855 0.1242 0.9886
vn 0.4992 0.6734 0.5452
vn -0.6850 -0.7243 -0.0788
vn -0.6782 -0.7266 -0.1096
vn -0.6742 -0.7023 -0.2285
vn -0.9969 0.0317 -0.0725
vn -0.7428 0.6694 -0.0055
vn -0.7429 0.6694 -0.0055
vn -0.7701 -0.6332 0.0778
vn 0.4466 -0.6352 0.6302
vn -0.9105 -0.4130 -0.0218
vn 0.5755 -0.4463 -0.6853
vn 0.8289 -0.4107 -0.3799
vn 0.8787 -0.4317 -0.2038
vn -0.2344 0.1135 -0.9655
vn 0.8188 -0.4006 -0.4112
vn -0.3883 0.2241 -0.8939
vn -0.8653 -0.1249 0.4854
vn 0.5150 0.8301 0.2137
vn -0.7762 0.6222 0.1021
vn 0.9412 0.2823 0.1856
vn -0.0370 -0.0863 0.9956
vn 0.2751 -0.9587 0.0717
vn 0.2751 -0.9587 0.0719
vn 0.0225 0.0519 -0.9984
vn -0.0042 0.0015 -1.0000
vn 0.0055 -0.0008 -1.0000
vn 0.1713 0.6201 -0.7656
vn 0.1000 0.3073 -0.9464
vn 0.1876 0.5487 -0.8147
vn 0.0252 0.0442 -0.9987
vn 0.1682 0.4769 -0.8627
vn 0.0436 0.2063 -0.9775
vn 0.2895 0.2156 0.9326
vn 0.2982 0.3137 0.9015
vn 0.1706 0.1670 0.9711
vn -0.6570 0.7302 0.1877
vn -0.6857 0.6973 0.2088
vn -0.6878 0.7009 0.1887
vn -0.6613 0.7423 0.1080
vn -0.6779 0.7272 0.1081
vn -0.6437 0.7573 0.1103
vn -0.0565 0.0488 0.9972
vn 0.0425 0.0299 0.9986
vn 0.0034 -0.0115 0.9999
vn 0.0913 0.0765 0.9929
vn -0.0628 0.0436 0.9971
vn 0.6792 0.7257 0.1098
vn 0.7674 -0.6293 -0.1231
vn -0.2150 -0.2714 -0.9382
vn -0.0597 -0.0702 -0.9957
vn 0.5688 0.8160 -0.1026
vn -0.8617 -0.5004 -0.0839
vn -0.6141 -0.4896 0.6190
vn -0.8168 -0.5561 -0.1533
vn -0.7671 -0.6407 -0.0309
vn -0.5981 -0.5391 0.5930
vn -0.8272 0.1150 -0.5500
vn -0.9745 0.2244 -0.0071
vn -0.9967 0.0766 -0.0252
vn -0.7938 0.2346 -0.5611
vn -0.5701 0.1259 -0.8119
vn -0.3601 0.0587 -0.9311
vn -0.2842 0.2873 0.9147
vn -0.6186 0.6264 0.4743
vn -0.6301 0.6149 0.4743
vn -0.2228 0.2177 0.9502
vn -0.2210 0.2201 0.9501
vn -0.2824 0.2893 0.9146
vn -0.0103 -0.0071 0.9999
vn -0.0115 -0.0000 0.9999
vn 0.1826 0.9829 -0.0243
vn -0.0045 0.0639 -0.9979
vn -0.0002 0.7806 -0.6251
vn -0.1260 0.1385 0.9823
vn -0.6719 0.6756 0.3036
vn -0.6617 0.7486 0.0427
vn -0.5888 0.8017 0.1029
vn 0.1745 -0.2241 0.9588
vn -0.3613 0.3569 0.8615
vn 0.4444 -0.4828 0.7546
vn 0.5408 -0.4318 0.7219
vn 0.3948 -0.5270 0.7526
vn 0.0287 -0.0135 -0.9995
vn -0.4178 0.4583 -0.7845
vn 0.0184 -0.0337 -0.9993
vn 0.2527 -0.3270 -0.9106
vn 0.7059 -0.7068 0.0471
vn -0.1252 -0.4176 -0.9000
vn -0.0811 -0.1788 -0.9805
vn 0.3720 0.9212 -0.1142
vn 0.1983 0.9752 -0.0978
vn -0.9153 -0.3715 0.1558
vn -0.9072 -0.3686 0.2028
vn -0.9154 -0.3719 0.1544
vn -0.8288 0.5393 -0.1493
vn 0.0279 -0.0423 0.9987
vn 0.2408 -0.2695 0.9324
vn 0.6531 -0.7495 0.1084
vn 0.6630 -0.7419 0.1005
vn 0.6719 -0.7336 0.1019
vn 0.6611 -0.7424 0.1085
vn -0.6782 0.7304 -0.0807
vn -0.0126 0.9970 -0.0757
vn -0.6914 0.7180 -0.0803
vn -0.4241 -0.8977 0.1193
vn -0.9133 -0.4067 -0.0204
vn 0.1239 -0.0093 -0.9922
vn -0.9629 0.0489 -0.2655
vn -0.0332 0.0057 -0.9994
vn 0.0692 0.0038 -0.9976
vn -0.9708 0.0101 -0.2397
vn 0.9990 -0.0295 0.0326
vn 0.0332 -0.9877 0.1530
vn -0.0310 -0.0002 0.9995
vn -0.5250 -0.8428 0.1184
vn -0.2428 -0.4154 0.8766
vn -0.5091 -0.8557 0.0928
vn -0.5145 -0.5898 -0.6224
vn -0.5785 -0.8045 -0.1343
vn -0.6676 -0.7310 -0.1410
vn -0.6423 -0.6703 -0.3717
vn 0.0282 0.0114 0.9995
vn -0.0258 -0.8080 -0.5887
vn 0.4143 -0.5738 -0.7065
vn -0.0141 -0.9647 -0.2630
vn 0.9403 -0.0277 -0.3393
vn 0.1776 -0.0212 -0.9839
vn 0.0203 -0.9981 -0.0584
vn -0.0362 -0.9978 -0.0552
vn -0.0188 -0.4177 -0.9084
vn -0.0253 -0.4228 -0.9059
vn -0.1583 -0.6809 0.7151
vn -0.3685 -0.4016 0.8384
vn -0.5664 -0.1983 -0.7999
vn -0.0829 -0.0335 -0.9960
vn -0.1679 -0.0677 -0.9835
vn -0.8158 -0.1768 -0.5506
vn -0.1553 -0.0208 -0.9876
vn -0.8799 -0.3173 -0.3537
vn -0.9087 -0.3975 -0.1275
vn -0.8449 -0.3849 -0.3714
vn -0.5649 -0.1994 -0.8007
vn -0.5354 -0.2391 -0.8101
vn -0.2558 -0.1009 -0.9614
vn -0.9970 0.0048 0.0769
vn 0.2903 -0.9500 0.1148
vn 0.2209 -0.7329 -0.6435
vn 0.2447 -0.5818 -0.7756
vn 0.3579 -0.9286 -0.0982
vn 0.3613 -0.9318 0.0359
vn 0.1625 -0.4901 -0.8564
vn -0.2584 0.5648 -0.7837
vn -0.1129 0.3720 -0.9213
vn 0.4689 -0.8461 -0.2536
vn 0.4799 -0.8752 -0.0608
vn 0.2605 -0.4575 -0.8502
vn 0.2455 -0.4086 -0.8791
vn 0.4797 -0.8719 0.0984
vn 0.1991 -0.5481 -0.8124
vn -0.0397 0.8931 0.4481
vn -0.0494 0.9967 -0.0646
vn 0.0293 0.8818 -0.4707
vn 0.4994 0.3391 0.7973
vn 0.0560 0.0658 0.9963
vn 0.2351 -0.5108 -0.8269
vn 0.2451 -0.4218 -0.8729
vn -0.3013 0.9497 0.0850
vn -0.5983 0.7937 -0.1100
vn -0.8944 0.4472 -0.0038
vn -0.8878 0.4602 -0.0078
vn -0.9983 -0.0587 0.0010
vn -0.9912 -0.0539 0.1210
vn -0.0172 0.0366 0.9992
vn 0.9440 0.2824 0.1706
vn 0.8428 0.5281 -0.1038
vn 0.9247 0.3719 -0.0819
vn 0.7646 0.3456 -0.5440
vn -0.1792 -0.0565 -0.9822
vn 0.9306 0.3294 -0.1599
vn 0.9487 -0.3162 0.0079
vn 0.2553 0.9100 0.3265
vn -0.9437 0.1320 0.3032
vn -0.0115 0.0138 0.9998
vn -0.5813 0.8012 0.1418
vn 0.9337 -0.3484 -0.0827
vn -0.6344 0.7269 -0.2628
vn -0.6406 0.7216 -0.2626
vn -0.6100 0.7453 -0.2691
vn 0.1145 -0.1011 0.9883
vn -0.2674 0.2109 0.9402
vn 0.6007 -0.6048 0.5229
vn 0.1717 -0.2118 0.9621
vn 0.6133 0.6153 0.4952
vn 0.5477 0.7346 0.4004
vn 0.6537 0.7443 0.1370
vn 0.5441 0.4894 0.6815
vn 0.7381 0.6715 0.0660
vn 0.0501 0.0414 -0.9979
vn 0.1741 0.1784 -0.9684
vn 0.3437 0.2342 -0.9094
vn 0.0626 0.0538 -0.9966
vn -0.7828 -0.6013 -0.1605
vn -0.6836 -0.7150 -0.1465
vn 0.4649 0.2849 -0.8383
vn 0.4879 0.3433 -0.8026
vn -0.7945 0.3846 0.4700
vn -0.8893 0.2832 0.3592
vn -0.9193 0.3936 0.0005
vn -0.1391 0.0949 0.9857
vn -0.5718 0.1858 0.7991
vn -0.5625 0.1913 0.8044
vn -0.7840 0.2024 0.5868
vn -0.3730 0.4066 -0.8340
vn -0.1589 0.2928 -0.9429
vn -0.2495 0.2592 -0.9330
vn -0.3974 0.6520 -0.6458
vn -0.3009 0.4604 -0.8352
vn -0.3907 0.3823 -0.8374
vn -0.5015 0.5273 -0.6859
vn -0.0202 -0.0078 -0.9998
vn -0.3288 -0.5693 -0.7535
vn -0.0559 -0.0538 -0.9970
vn -0.4513 0.3202 -0.8330
vn 0.0036 -0.0063 -1.0000
vn -0.0497 0.0299 -0.9983
vn 0.0223 0.0128 -0.9997
vn 0.0261 0.0076 -0.9996
vn 0.0033 -0.0063 -1.0000
vn -0.7064 -0.0479 -0.7062
vn -0.9180 -0.2770 0.2838
vn -0.9535 0.2465 0.1734
vn -0.9702 0.2425 -0.0000
vn 0.9240 -0.2086 0.3205
vn 0.6815 -0.7174 0.1447
vn 0.1006 0.9930 0.0614
vn -0.2151 0.9696 -0.1169
vn -0.7048 0.7094 0.0010
vn -0.2087 0.9780 -0.0051
vn -0.1900 0.9180 0.3480
vn -0.1986 0.9698 0.1413
vn -0.0215 0.0442 0.9988
vn -0.2993 0.4875 0.8202
vn -0.4087 0.1988 0.8908
vn -0.6413 0.1327 0.7557
vn -0.1049 0.0085 0.9945
vn -0.6458 0.3057 0.6996
vn 0.0227 -0.0398 0.9990
vn -0.4014 0.5024 0.7658
vn 0.0591 0.1437 0.9878
vn 0.0621 0.2043 0.9769
vn 0.2207 0.6236 0.7499
vn 0.2560 0.5616 0.7868
vn -0.0309 0.0023 -0.9995
vn 0.0304 0.0695 -0.9971
vn 0.0697 0.0497 -0.9963
vn -0.1679 0.1419 -0.9755
vn 0.0922 0.0854 -0.9921
vn -0.1188 -0.0108 0.9929
vn -0.0440 0.0039 0.9990
vn -0.0054 0.0038 1.0000
vn -0.0030 0.0227 0.9997
vn -0.9870 -0.0419 0.1555
vn -0.0215 0.0426 0.9989
vn -0.1975 0.4244 0.8837
vn -0.9944 -0.0630 0.0848
vn 0.9645 -0.2557 0.0658
vn 0.6918 -0.3173 -0.6486
vn -0.5560 0.3116 -0.7706
vn -0.3135 -0.0946 0.9449
vn -0.9672 -0.2539 0.0077
vn -0.9967 -0.0693 0.0430
vn -0.9953 0.0244 0.0937
vn -0.7506 -0.0246 0.6603
vn -0.0182 0.0081 0.9998
vn -0.0181 0.0053 0.9998
vn -0.0143 -0.0028 0.9999
vn -0.6199 -0.0666 0.7818
vn 0.7667 0.1445 -0.6256
vn 0.7820 0.1243 -0.6107
vn 0.2126 0.7873 -0.5787
vn 0.8242 0.1391 -0.5489
vn 0.9197 0.3455 -0.1864
vn 0.9788 0.2048 -0.0072
vn 0.9714 0.2371 -0.0074
vn 0.3268 0.9451 -0.0025
vn 0.9850 0.1723 -0.0081
vn 0.9821 0.1774 -0.0633
vn 0.9735 -0.2238 0.0465
vn 0.9806 -0.1904 -0.0467
vn -0.1693 0.4506 -0.8765
vn -0.0851 0.4608 -0.8834
vn -0.0268 0.0080 -0.9996
vn -0.0091 -0.0015 -1.0000
vn 0.7199 -0.6892 0.0823
vn 0.5539 -0.8299 -0.0671
vn 0.0050 -0.0162 -0.9999
vn 0.0084 -0.0042 -1.0000
vn -0.0834 0.1153 -0.9898
vn -0.1057 0.1027 -0.9891
vn 0.0075 -0.0214 -0.9997
vn 0.7281 0.6787 0.0963
vn 0.7139 0.6493 0.2623
vn 0.7221 0.6897 0.0542
vn 0.9870 -0.0563 0.1504
vn -0.6818 -0.7315 -0.0085
vn -0.4912 -0.4846 -0.7238
vn -0.0759 -0.7634 -0.6415
vn -0.7243 0.1710 -0.6680
vn 0.2631 0.9648 -0.0000
vn 0.2876 0.9577 0.0049
vn 0.8612 0.5080 0.0147
vn 0.8612 0.5081 0.0147
vn 0.0157 -0.0432 -0.9989
vn -0.0173 -0.0438 -0.9989
vn 0.1057 -0.2906 -0.9510
vn -0.0480 0.0251 -0.9985
vn -0.0090 -0.1545 -0.9879
vn 0.0978 -0.6367 -0.7649
vn -0.0966 -0.6957 -0.7118
vn -0.3781 -0.6003 -0.7047
vn 0.4463 -0.8912 0.0810
vn -0.1207 -0.9927 -0.0022
vn -0.1476 -0.9890 -0.0113
vn 0.7221 -0.6918 -0.0020
vn 0.9854 -0.0781 0.1512
vn -0.1410 -0.7386 0.6592
vn -0.1247 -0.7988 0.5886
vn 0.0428 -0.9888 -0.1428
vn 0.0352 -0.9950 -0.0934
vn 0.0390 -0.9971 -0.0655
vn -0.7660 -0.4970 -0.4078
vn -0.0009 -0.0226 -0.9997
vn -0.0153 -0.0207 -0.9997
vn -0.7317 -0.6341 -0.2501
vn -0.8211 -0.5625 -0.0968
vn 0.6834 -0.2785 0.6748
vn 0.4705 -0.1933 0.8609
vn 0.5642 -0.2295 0.7931
vn -0.8267 0.2672 0.4951
vn 0.2787 0.8142 0.5093
vn 0.0191 0.9882 0.1521
vn -0.1421 -0.0828 -0.9864
vn 0.2869 0.1828 -0.9404
vn 0.0318 -0.0265 0.9991
vn 0.0067 -0.0015 1.0000
vn 0.0038 -0.0035 1.0000
vn 0.0185 -0.0103 0.9998
vn -0.9631 0.2607 -0.0675
vn -0.9724 -0.1749 -0.1541
vn -0.9797 -0.2004 0.0087
vn -0.2982 0.9400 -0.1658
vn -0.9850 -0.1724 0.0070
vn -0.7986 0.6019 -0.0018
vn -0.6116 -0.3149 -0.7258
vn -0.0058 -0.0024 -1.0000
vn 0.1614 0.0320 -0.9864
vn -0.0028 0.0120 -0.9999
vn -0.2529 0.3274 0.9104
vn -0.0541 0.0745 0.9957
vn -0.3079 0.4912 0.8148
vn -0.2548 0.7690 0.5863
vn 0.2236 0.9741 0.0341
vn -0.0276 0.0455 0.9986
vn -0.5557 0.7030 0.4438
vn 0.0731 -0.9899 -0.1211
vn 0.0723 -0.9901 -0.1202
vn 0.0293 -0.3653 -0.9304
vn 0.0412 -0.2140 -0.9760
vn -0.0613 0.8812 -0.4688
vn -0.0007 0.0100 -0.9999
vn 0.0126 -0.2084 -0.9780
vn 0.1807 -0.7790 -0.6004
vn -0.1694 0.7636 -0.6231
vn 0.2340 -0.9630 -0.1335
vn -0.4627 0.3228 0.8257
vn -0.0643 0.0589 0.9962
vn -0.5518 -0.2572 0.7933
vn -0.7136 -0.0059 0.7005
vn -0.8557 -0.5132 0.0665
vn -0.0025 -0.1079 0.9942
vn -0.0190 0.3157 0.9487
vn -0.0638 0.5286 0.8465
vn 0.0176 -0.1540 0.9879
vn -0.5277 0.8472 -0.0620
vn -0.0693 0.9858 0.1530
vn 0.8657 0.5004 -0.0133
vn 0.9775 0.1862 -0.0989
vn -0.8525 0.4823 -0.2017
vn -0.8636 -0.4816 -0.1491
vn -0.9694 -0.2313 0.0824
vn -0.7882 0.5861 0.1879
vn 0.6791 -0.3682 -0.6350
vn -0.0381 0.0683 0.9969
vn -0.0598 0.1350 0.9890
vn -0.0062 -0.0059 1.0000
vn -0.2748 0.6341 0.7228
vn -0.0468 0.0926 0.9946
vn -0.3651 0.5731 0.7336
vn -0.0012 -0.0007 1.0000
vn 0.8718 0.3187 0.3720
vn 0.8113 0.3768 0.4470
vn 0.9132 0.3717 0.1672
vn 0.9544 0.2694 -0.1286
vn 0.0016 0.9985 0.0549
vn 0.2762 0.9606 -0.0297
vn 0.2649 0.8253 -0.4987
vn 0.8171 0.5762 0.0165
vn 0.8801 -0.4385 -0.1823
vn 0.4982 0.8588 -0.1198
vn 0.7697 0.6167 0.1653
vn 0.9979 0.0632 0.0156
vn -0.5644 0.3014 -0.7685
vn -0.5827 0.3521 -0.7324
vn -0.1249 0.0918 -0.9879
vn -0.3787 -0.1737 0.9091
vn 0.4442 0.1522 0.8829
vn 0.7297 0.3129 0.6080
vn -0.2422 -0.1414 0.9599
vn -0.7620 -0.3204 0.5628
vn 0.1988 0.2911 -0.9358
vn 0.3420 -0.3423 0.8752
vn 0.0621 -0.0556 0.9965
vn 0.0519 -0.0469 0.9975
vn 0.5452 -0.5148 0.6616
vn 0.8623 -0.5039 0.0502
vn 0.0503 -0.0492 0.9975
vn 0.2661 -0.2731 0.9244
vn 0.2647 -0.2746 0.9244
vn 0.7286 -0.5588 0.3962
vn 0.3337 -0.1715 0.9269
vn 0.5023 -0.5265 0.6859
vn 0.5768 -0.6229 -0.5285
vn -0.2604 -0.4917 -0.8309
vn 0.0096 -0.0122 -0.9999
vn -0.0005 -0.0059 -1.0000
vn -0.0375 -0.0563 -0.9977
vn -0.6647 0.7470 0.0109
vn 0.2175 0.9716 -0.0936
vn -0.9508 0.2155 -0.2225
vn -0.9286 0.2997 0.2189
vn -0.9644 -0.2641 0.0158
vn -0.5029 -0.8258 0.2554
vn 0.8229 0.2672 0.5014
vn -0.3386 0.9339 0.1146
vn -0.6381 0.7698 0.0174
vn 0.0033 -0.0130 0.9999
vn 0.0057 -0.0110 0.9999
vn -0.0256 -0.0339 0.9991
vn 0.0388 -0.0355 0.9986
vn -0.0102 0.0211 0.9997
vn -0.0406 0.0062 -0.9992
vn -0.0151 0.0065 -0.9999
vn -0.1546 -0.0134 -0.9879
vn -0.0156 0.0113 -0.9998
vn -0.0155 0.0094 -0.9998
vn -0.6415 -0.1701 -0.7481
vn -0.5625 -0.2399 -0.7912
vn -0.4602 -0.0679 -0.8852
vn -0.2038 -0.7385 0.6427
vn -0.2708 -0.9622 0.0299
vn -0.1589 -0.7578 0.6328
vn 0.2086 0.7090 0.6737
vn 0.0024 0.0062 1.0000
vn -0.0072 0.0016 1.0000
vn 0.0022 0.0035 -1.0000
vn 0.0032 0.0087 -1.0000
vn 0.0051 0.0124 -0.9999
vn -0.0087 -0.0136 -0.9999
vn -0.0057 -0.0119 -0.9999
vn -0.6660 0.5003 0.5533
vn -0.4378 0.4643 0.7699
vn -0.0017 -0.0525 0.9986
vn 0.0132 -0.8521 0.5233
vn -0.0001 -0.9997 0.0239
vn 0.0058 -0.2868 0.9580
vn 0.0572 0.0545 -0.9969
vn 0.0845 0.0406 -0.9956
vn 0.0540 -0.0049 -0.9985
vn -0.7346 0.6573 0.1684
vn -0.5986 0.5830 0.5493
vn -0.8602 -0.4679 -0.2028
vn -0.5076 0.8184 -0.2695
vn 0.7299 -0.3092 -0.6096
vn 0.3929 -0.9180 -0.0539
vn 0.1449 -0.9894 0.0012
vn -0.2527 -0.2309 0.9396
vn -0.0395 -0.0441 0.9982
vn -0.6114 -0.5410 0.5776
vn -0.2312 -0.1763 0.9568
vn 0.7101 0.5832 0.3944
vn -0.0739 -0.0700 0.9948
vn -0.0706 -0.0661 0.9953
vn -0.3983 -0.3020 -0.8661
vn 0.4686 0.4080 -0.7835
vn 0.0041 -0.0179 0.9998
vn 0.0002 -0.9971 -0.0760
vn 0.0166 -0.3087 -0.9510
vn -0.0006 -0.3165 -0.9486
vn 0.0019 -0.3516 -0.9362
vn 0.3964 -0.9138 -0.0885
vn 0.7105 -0.6856 -0.1586
vn 0.5146 -0.0010 -0.8574
vn -0.6451 -0.7526 -0.1322
vn 0.0511 0.0633 0.9967
vn 0.1468 0.1681 0.9748
vn 0.1043 0.1074 0.9887
vn 0.0047 -0.0021 1.0000
vn 0.0448 0.0861 0.9953
vn -0.0057 -0.0000 1.0000
vn -0.3946 -0.0226 -0.9186
vn -0.5045 -0.0370 -0.8626
vn 0.9286 -0.3640 0.0719
vn 0.9441 -0.0294 0.3284
vn 0.9969 -0.0176 0.0765
vn 0.6556 -0.7492 0.0937
vn 0.8110 -0.5154 0.2768
vn -0.8170 -0.5680 0.0996
vn 0.6884 0.7232 0.0562
vn -0.8012 0.5960 -0.0535
vn -0.6308 0.4036 -0.6627
vn -0.3076 0.2269 -0.9241
vn 0.0082 0.0123 -0.9999
vn 0.2914 0.7147 -0.6358
vn 0.0121 0.0025 -0.9999
vn -0.2937 -0.8467 -0.4436
vn -0.0815 -0.5687 -0.8185
vn -0.3872 -0.9145 -0.1174
vn 0.1655 0.7516 -0.6385
vn 0.2935 0.7080 -0.6424
vn 0.1869 0.3074 0.9330
vn 0.3392 0.5300 0.7772
vn 0.5106 -0.0171 0.8596
vn -0.0046 0.7875 0.6163
vn 0.5152 -0.1005 0.8511
vn 0.0417 -0.0199 0.9989
vn 0.7470 0.6595 -0.0839
vn 0.9695 -0.1664 -0.1800
vn -0.3024 0.9388 -0.1650
vn 0.9062 0.4049 0.1220
vn -0.2490 0.9620 0.1119
vn -0.1338 0.9892 0.0605
vn 0.0844 0.7086 0.7005
vn 0.1905 -0.2565 -0.9476
vn 0.0720 -0.2918 -0.9538
vn -0.2635 -0.2339 -0.9359
vn -0.8005 0.5806 0.1489
vn -0.3645 0.9275 -0.0824
vn -0.9249 0.3116 -0.2179
vn 0.0876 0.0109 0.9961
vn -0.3380 0.9277 0.1585
vn -0.7003 -0.6914 0.1777
vn 0.7009 -0.7133 0.0020
vn 0.2470 -0.9690 0.0013
vn 0.7887 -0.6117 0.0610
vn 0.5208 -0.5053 -0.6880
vn 0.5183 -0.3722 -0.7700
vn 0.6431 -0.4392 -0.6274
vn 0.1599 -0.6939 -0.7021
vn 0.8089 -0.5877 -0.0134
vn 0.1330 -0.9805 0.1444
vn 0.1404 -0.7595 0.6352
vn 0.0829 -0.9694 0.2309
vn 0.0476 -0.9979 0.0443
vn 0.0056 0.3550 0.9349
vn -0.0319 0.3910 0.9198
vn 0.2075 -0.9436 0.2581
vn 0.8881 0.4582 0.0369
vn 0.7449 0.3950 -0.5377
vn 0.8141 0.3558 -0.4590
vn 0.7024 0.5191 0.4870
vn 0.0504 -0.0608 -0.9969
vn 0.6622 -0.7213 -0.2030
vn 0.0123 -0.0214 -0.9997
vn -0.0165 -0.0102 -0.9998
vn 0.6541 -0.7011 -0.2840
vn -0.0209 0.0123 -0.9997
vn -0.3349 0.9400 0.0654
vn -0.2494 0.9666 0.0587
vn -0.1663 0.5025 0.8484
vn -0.1939 0.4846 0.8530
vn -0.4734 0.8807 0.0187
vn -0.3282 0.7018 0.6323
vn -0.2457 0.7423 0.6234
vn -0.0064 0.0048 -1.0000
vn -0.0081 0.0035 -1.0000
vn -0.0292 0.0085 -0.9995
vn -0.0060 0.0067 -1.0000
vn -0.0056 -0.0097 0.9999
vn -0.0216 0.0280 0.9994
vn 0.0281 0.0006 -0.9996
vn 0.3297 0.5748 -0.7489
vn -0.0865 -0.1786 -0.9801
vn -0.2952 -0.4555 -0.8398
vn -0.2157 -0.5074 -0.8343
vn -0.0963 -0.2341 -0.9674
vn -0.0095 0.0074 -0.9999
vn 0.1530 -0.0340 0.9876
vn 0.6973 -0.1172 0.7071
vn -0.3726 0.0764 0.9248
vn -0.9401 0.2759 0.2004
vn 0.7402 -0.1518 0.6551
vn -0.8894 0.4095 0.2032
vn 0.1832 -0.7324 -0.6557
vn 0.2213 -0.9678 -0.1202
vn 0.0148 -0.0215 -0.9997
vn -0.1878 0.5541 -0.8110
vn -0.3227 0.7808 -0.5350
vn 0.0039 -0.0121 -0.9999
vn -0.0007 -0.0113 -0.9999
vn 0.0159 0.1536 -0.9880
vn -0.0792 -0.8328 -0.5479
vn -0.0141 -0.5738 -0.8189
vn -0.0026 -0.0111 -0.9999
vn -0.0331 -0.9926 -0.1167
vn 0.4312 0.9019 0.0254
vn 0.4484 -0.6700 -0.5916
vn 0.6037 -0.7966 -0.0316
vn 0.9969 0.0074 0.0789
vn 0.9261 -0.0022 0.3773
vn 0.9872 -0.0640 0.1459
vn 0.9701 0.1154 0.2133
vn 0.8419 0.0817 0.5335
vn 0.6298 0.7513 -0.1970
vn -0.6643 0.7447 -0.0651
vn 0.0098 0.0041 0.9999
vn -0.0299 0.0093 -0.9995
vn -0.0037 -0.0005 -1.0000
vn 0.0246 -0.0098 -0.9996
vn 0.0064 0.0006 -1.0000
vn 0.0097 0.0127 -0.9999
vn -0.8130 0.3415 -0.4717
vn -0.9208 0.3848 -0.0642
vn -0.9207 0.3848 -0.0647
vn -0.4036 -0.4132 -0.8163
vn -0.2513 -0.2495 -0.9352
vn -0.6969 -0.6407 -0.3223
vn -0.4791 0.2129 -0.8516
vn 0.4756 -0.6015 0.6418
vn 0.4311 -0.5582 0.7089
vn -0.2894 -0.1561 0.9444
vn -0.3585 -0.0452 0.9324
vn -0.0049 -0.0511 0.9987
vn 0.0081 -0.0147 0.9999
vn -0.0156 -0.0080 0.9998
vn -0.0156 -0.0079 0.9998
vn -0.0074 -0.0255 0.9996
vn -0.0248 0.0121 0.9996
vn -0.1241 -0.3854 0.9144
vn 0.9287 0.3705 -0.0149
vn 0.4540 -0.8030 -0.3861
vn -0.3774 0.7252 0.5759
vn -0.4775 0.8707 0.1177
vn -0.3804 0.9230 -0.0583
vn -0.4830 -0.1638 -0.8602
vn -0.0756 0.0242 -0.9968
vn 0.0140 -0.0146 -0.9998
vn 0.0056 0.0020 -1.0000
vn -0.4995 0.1320 -0.8562
vn -0.4643 0.1394 -0.8746
vn -0.5999 -0.1899 -0.7772
vn -0.1312 -0.0185 0.9912
vn -0.0921 -0.0764 0.9928
vn 0.0052 -0.0134 0.9999
vn -0.1529 -0.8347 -0.5291
vn -0.2193 -0.9691 -0.1133
vn 0.7046 0.7007 0.1122
vn 0.5053 0.8629 0.0083
vn -0.6782 0.7117 0.1833
vn -0.3484 0.1888 -0.9181
vn -0.0382 -0.0060 -0.9993
vn -0.1262 0.5526 -0.8239
vn -0.0282 0.0706 -0.9971
vn 0.9560 -0.2638 -0.1285
vn -0.0000 0.0068 1.0000
vn -0.0233 0.0001 -0.9997
vn 0.0091 0.0015 -1.0000
vn 0.2779 0.7605 -0.5868
vn -0.0173 0.0056 -0.9998
vn -0.0143 -0.0289 -0.9995
vn -0.0183 -0.0015 -0.9998
vn 0.8938 -0.2144 0.3938
vn 0.5058 -0.0465 0.8614
vn 0.4942 -0.0426 0.8683
vn -0.5850 0.0845 0.8066
vn 0.9932 -0.0936 -0.0694
vn -0.5938 0.1874 0.7825
vn -0.3317 -0.0336 -0.9428
vn 0.4980 -0.0339 -0.8665
vn 0.9893 -0.0302 -0.1430
vn 0.9861 0.0760 -0.1480
vn 0.7910 0.6053 0.0894
vn 0.5350 0.8433 0.0515
vn 0.6323 0.3023 0.7133
vn 0.9091 0.4165 -0.0114
vn 0.9732 0.2295 -0.0121
vn 0.9732 0.2295 -0.0122
vn 0.6979 0.3265 0.6374
vn 0.3823 -0.4767 -0.7916
vn 0.5165 0.3849 -0.7649
vn 0.5551 -0.1987 -0.8077
vn -0.0092 0.0116 0.9999
vn -0.1848 0.4602 0.8684
vn -0.0054 0.0229 0.9997
vn -0.0000 -0.0039 1.0000
vn 0.0019 -0.0059 1.0000
vn -0.0206 -0.0713 0.9972
vn -0.0237 -0.0349 0.9991
vn -0.0206 -0.0048 0.9998
vn -0.1502 0.2296 0.9616
vn 0.0117 -0.0198 0.9997
vn 0.0033 -0.0253 0.9997
vn 0.0050 -0.0226 0.9997
vn 0.7196 0.6644 -0.2018
vn 0.7256 0.6857 -0.0572
vn 0.0011 -0.0031 1.0000
vn -0.0020 -0.0012 1.0000
vn 0.0022 0.0008 1.0000
vn -0.0031 -0.0053 1.0000
vn 0.0036 -0.0041 1.0000
vn -0.2303 -0.9584 -0.1688
vn -0.1839 -0.9597 -0.2127
vn -0.1579 -0.6968 -0.6997
vn 0.0719 0.1427 -0.9872
vn 0.2892 0.2935 0.9112
vn 0.7079 0.6982 0.1069
vn 0.6946 0.7109 0.1101
vn 0.3047 0.3111 0.9002
vn 0.6945 0.7111 0.1102
vn 0.0981 0.0226 -0.9949
vn 0.6266 -0.7696 -0.1231
vn -0.3336 -0.9093 -0.2487
vn -0.0276 0.0227 -0.9994
vn 0.3872 -0.9220 -0.0065
vn 0.1021 0.9948 -0.0009
vn -0.6302 0.7411 0.2317
vn -0.6593 0.7162 -0.2288
vn 0.2002 0.9796 0.0146
vn 0.7207 0.6885 -0.0809
vn 0.4230 0.9041 0.0603
vn 0.5727 -0.8078 -0.1393
vn 0.9493 -0.2731 0.1557
vn 0.2800 -0.9574 0.0706
vn -0.7136 -0.6948 -0.0900
vn -0.9399 0.1567 -0.3034
vn 0.2679 -0.9630 -0.0292
vn 0.2450 -0.9659 0.0835
vn 0.3501 -0.9341 -0.0704
vn 0.2054 -0.6877 -0.6963
vn -0.1493 -0.0020 0.9888
vn 0.0116 0.0002 0.9999
vn -0.1603 -0.0398 0.9863
vn 0.3662 0.0439 0.9295
vn 0.0683 -0.7290 -0.6811
vn 0.0923 -0.6409 -0.7620
vn 0.0406 -0.0321 -0.9987
vn 0.2179 -0.9187 0.3294
vn 0.8265 0.5452 0.1401
vn -0.2013 0.9646 0.1703
vn 0.8414 -0.5308 0.1012
vn 0.9226 -0.3626 0.1320
vn -0.3617 -0.9019 0.2359
vn 0.5038 -0.8638 -0.0000
vn 0.9460 -0.3241 -0.0000
vn 0.0078 -0.0020 -1.0000
vn -0.0092 0.0153 -0.9998
vn -0.1631 0.9849 0.0582
vn -0.1614 0.7330 0.6608
vn -0.0531 0.9967 0.0617
vn -0.0283 0.1038 -0.9942
vn 0.0043 0.9993 -0.0373
vn -0.0000 -0.9789 0.2043
vn -0.0000 -0.5665 0.8240
vn -0.0000 -0.9971 0.0767
vn -0.9739 0.0084 0.2266
vn -0.5189 -0.8433 0.1397
vn -1.0000 0.0039 0.0045
vn -0.9775 0.0303 0.2089
vn -0.3714 0.0126 0.9284
vn -0.3229 -0.4943 0.8071
vn -0.2929 0.4136 -0.8621
vn -0.3002 0.4603 -0.8354
vn -0.5532 0.7873 -0.2724
vn 0.3197 -0.3428 -0.8833
vn -0.6030 0.7892 -0.1160
vn -0.2895 0.3382 -0.8954
vn 0.7505 -0.6153 0.2411
vn 0.8703 0.4521 0.1954
vn 0.8962 0.4410 0.0493
vn 0.9697 0.2332 0.0732
vn 0.0991 0.4582 0.8833
vn 0.0311 0.9958 0.0864
vn 0.4160 -0.0375 0.9086
vn 0.0733 -0.0103 0.9973
vn 0.0422 -0.0118 0.9990
vn 0.7307 -0.0400 0.6815
vn -0.9488 0.2724 0.1599
vn 0.5032 -0.6111 0.6110
vn -0.7699 0.5350 0.3477
vn -0.0002 0.0033 -1.0000
vn -0.0073 -0.0024 -1.0000
vn -0.0601 0.0608 -0.9963
vn 0.0051 0.0075 -1.0000
vn -0.0007 0.0104 -0.9999
vn -0.8916 -0.4390 0.1110
vn -0.6097 -0.4995 0.6155
vn -0.0258 0.0307 0.9992
vn -0.6644 0.7473 0.0109
vn 0.4328 0.9015 -0.0071
vn -0.9453 -0.2604 -0.1966
vn 0.4659 0.5929 -0.6568
vn -0.6245 -0.7806 0.0235
vn 0.0615 -0.0086 0.9981
vn 0.0710 -0.0086 0.9974
vn -0.0667 -0.0015 0.9978
vn 0.0619 -0.0065 0.9981
vn -0.3496 0.7289 -0.5886
vn -0.5118 0.8577 -0.0490
vn -0.1874 0.6087 -0.7710
vn -0.0039 -0.0129 -0.9999
vn -0.0070 -0.0087 -0.9999
vn 0.2469 -0.9647 -0.0919
vn 0.5528 -0.8292 -0.0830
vn 0.0644 -0.5742 -0.8162
vn 0.1933 -0.5822 -0.7897
vn 0.0323 0.0073 -0.9995
vn 0.0029 0.0029 -1.0000
vn 0.0150 -0.0557 -0.9983
vn 0.0034 -0.0157 0.9999
vn -0.0317 0.0060 0.9995
vn -0.0065 -0.0018 -1.0000
vn 0.0111 0.0085 -0.9999
vn 0.0103 0.0084 -0.9999
vn 0.0080 0.0093 -0.9999
vn -0.0425 -0.0545 -0.9976
vn -0.0816 -0.0405 -0.9958
vn -0.0696 -0.0533 -0.9961
vn 0.8134 -0.2156 -0.5402
vn -0.2846 0.6842 0.6715
vn 0.1936 -0.5359 0.8218
vn 0.2663 -0.5547 0.7883
vn 0.4155 -0.9047 0.0940
vn -0.1402 0.5380 0.8312
vn 0.3359 -0.9418 0.0137
vn -0.0247 0.1319 0.9910
vn -0.0166 0.0396 0.9991
vn 0.5266 0.8500 -0.0128
vn 0.4708 0.7988 0.3744
vn 0.5788 0.8154 0.0059
vn 0.4992 0.6841 -0.5319
vn 0.5282 0.3747 -0.7620
vn 0.4458 0.4496 -0.7740
vn 0.4425 0.4526 -0.7742
vn 0.9266 0.3598 0.1090
vn 0.8087 0.5882 -0.0031
vn -0.4905 0.4319 -0.7569
vn 0.1014 0.9908 -0.0893
vn 0.9745 0.1857 -0.1258
vn 0.7374 -0.6649 -0.1190
vn -0.8305 0.4614 -0.3120
vn -0.5907 -0.7909 -0.1597
vn -0.9285 -0.3671 -0.0562
vn -0.0060 -0.0031 1.0000
vn -0.6369 -0.3984 0.6601
vn -0.4131 -0.3019 0.8592
vn -0.6435 -0.5305 0.5518
vn -0.7756 -0.6185 -0.1257
vn -0.4934 0.8654 -0.0872
vn 0.8099 -0.4912 -0.3206
vn -0.2546 -0.9666 -0.0285
vn -0.9813 0.1925 0.0025
vn 0.0995 -0.9920 -0.0776
vn 0.2227 -0.9716 0.0802
vn 0.5890 -0.1313 -0.7974
vn 0.6042 -0.0742 -0.7934
vn 0.8447 -0.1434 -0.5157
vn 0.3316 -0.0149 -0.9433
vn -0.0002 0.0038 -1.0000
vn 0.3518 0.6748 -0.6488
vn 0.4671 0.8840 -0.0187
vn -0.2965 -0.2432 0.9235
vn -0.7463 -0.6374 0.1915
vn 0.5398 0.4457 0.7142
vn -0.3269 -0.2130 0.9207
vn -0.3321 -0.3059 0.8922
vn 0.0632 0.0270 0.9976
vn -0.6715 -0.7197 0.1766
vn -0.4323 0.7819 -0.4491
vn -0.0470 -0.0888 -0.9949
vn -0.1924 -0.4730 -0.8598
vn -0.8737 -0.3931 0.2866
vn -0.9985 0.0553 0.0031
vn -0.5906 -0.8051 -0.0553
vn -0.5241 -0.8493 -0.0635
vn 0.2211 -0.9705 -0.0960
vn 0.2190 -0.9747 0.0443
vn 0.7153 -0.6940 -0.0817
vn -0.5951 -0.7994 0.0826
vn -0.0116 -0.0005 0.9999
vn -0.0201 0.0246 0.9995
vn -0.9533 0.2856 0.0985
vn -0.9762 0.1852 0.1132
vn 0.0891 0.4766 0.8746
vn 0.1141 0.7506 0.6508
vn -0.1695 -0.5755 0.8000
vn -0.2927 -0.7733 0.5624
vn 0.2167 0.9760 -0.0217
vn -0.0033 0.0174 0.9998
vn -0.0015 0.0516 -0.9987
vn 0.0209 0.0627 -0.9978
vn 0.1352 0.5813 -0.8024
vn 0.0087 -0.0206 0.9998
vn 0.0217 -0.0010 0.9998
vn -0.0087 -0.0098 -0.9999
vn -0.0070 -0.0108 0.9999
vn -0.0033 -0.0076 1.0000
vn 0.9620 -0.1369 -0.2363
vn -0.9576 0.1614 -0.2387
vn 0.4562 0.8822 -0.1171
vn 0.8606 0.5092 -0.0065
vn 0.4964 -0.8678 -0.0238
vn -0.4753 -0.8681 -0.1431
vn 0.9104 0.4131 0.0217
vn 0.0036 0.9955 0.0947
vn -0.7194 0.6792 0.1453
vn -0.1897 0.5305 -0.8262
vn 0.0867 -0.9811 -0.1729
vn 0.8349 0.1558 -0.5279
vn 0.8516 0.0046 -0.5241
vn 0.1938 0.0220 -0.9808
vn 0.8137 0.1947 -0.5477
vn -0.0289 0.0651 0.9975
vn 0.0045 -0.0265 0.9996
vn -0.0654 0.5984 0.7986
vn 0.0095 -0.0001 -1.0000
vn 0.1992 -0.4604 -0.8650
vn 0.2396 -0.5338 -0.8109
vn 0.2163 -0.5320 -0.8186
vn -0.5230 -0.0584 0.8503
vn -0.5327 -0.3230 0.7822
vn -0.8727 0.4815 0.0811
vn -0.0026 -0.0080 -1.0000
vn -0.0031 -0.0144 -0.9999
vn -0.0009 -0.0069 -1.0000
vn -0.0063 -0.0029 -1.0000
vn -0.0081 -0.0035 -1.0000
vn -0.0026 0.0020 -1.0000
vn 0.2178 0.9757 -0.0223
vn 0.8923 0.3698 -0.2591
vn 0.4473 0.8943 0.0116
vn 0.2711 -0.0347 -0.9619
vn 0.6632 -0.0974 -0.7421
vn 0.2712 -0.0347 -0.9619
vn 0.2391 -0.0404 -0.9701
vn 0.2561 0.0001 -0.9667
vn -0.4834 0.0820 -0.8716
vn 0.6645 -0.0941 -0.7414
vn -0.6071 0.7927 0.0557
vn 0.0187 0.1566 0.9875
vn 0.0107 0.0092 0.9999
vn 0.9977 0.0256 -0.0632
vn 0.9929 -0.1087 0.0473
vn 0.6337 0.1702 -0.7547
vn 0.8823 0.4683 -0.0465
vn 0.9456 0.3189 0.0635
vn 0.1931 0.9734 -0.1233
vn -0.0083 0.0210 -0.9997
vn 0.1932 0.9734 -0.1233
vn 0.1960 0.9806 -0.0081
vn 0.9707 0.1053 -0.2160
vn 0.8876 -0.4343 -0.1535
vn -0.9089 0.0690 -0.4113
vn 0.2630 0.9648 0.0036
vn 0.9863 0.0540 0.1560
vn -0.1356 0.9906 0.0203
vn -0.1571 0.9874 0.0163
vn 0.5215 0.8275 -0.2078
vn -0.4858 0.8670 -0.1113
vn 0.9159 -0.4010 0.0156
vn -0.0059 0.0085 0.9999
vn -0.0135 -0.0439 0.9989
vn -0.1968 -0.1770 0.9643
vn -0.7427 -0.6438 0.1843
vn 0.5159 -0.8478 0.1231
vn 0.4546 -0.8335 0.3140
vn 0.5063 -0.7638 0.4002
vn 0.4029 -0.9089 -0.1081
vn 0.6345 -0.7728 0.0123
vn 0.5178 -0.7355 -0.4370
vn 0.4142 -0.7583 -0.5034
vn -0.7363 -0.1900 -0.6494
vn -0.4844 -0.3537 -0.8002
vn 0.2975 -0.9547 0.0071
vn -0.3029 -0.9428 -0.1390
vn 0.9875 0.1570 0.0136
vn 0.9793 0.2018 0.0122
vn 0.9793 0.2022 0.0122
vn -0.8321 -0.5546 0.0023
vn -0.9332 0.3162 0.1707
vn -0.4097 -0.0968 0.9071
vn -0.4137 -0.4531 -0.7897
vn -0.6727 -0.7397 0.0181
vn -0.6764 -0.7335 -0.0666
vn 0.4481 0.3402 -0.8267
vn -0.4666 -0.3264 -0.8220
vn -0.0895 -0.9938 0.0657
vn 0.3022 -0.9487 -0.0930
vn 0.7887 -0.5588 0.2564
vn 0.7549 0.3325 -0.5653
vn 0.7577 -0.6409 -0.1233
vn 0.0837 0.9960 -0.0322
vn 0.3035 0.9525 0.0268
vn 0.7485 0.6602 0.0627
vn 0.1627 0.2124 -0.9635
vn -0.0045 0.0156 0.9999
vn 0.0013 0.0013 1.0000
vn 0.0138 -0.0035 0.9999
vn 0.1133 -0.3189 -0.9410
vn -0.1726 0.7406 -0.6494
vn -0.6823 0.3648 0.6336
vn -0.2459 0.1069 0.9634
vn -0.4628 0.2886 0.8382
vn -0.7015 0.2973 0.6477
vn -0.6904 0.4321 0.5802
vn 0.9728 0.1680 -0.1594
vn 0.7805 -0.4603 -0.4230
vn 0.8572 -0.5139 -0.0324
vn 0.1513 -0.3057 0.9400
vn 0.3024 -0.5372 0.7874
vn -0.5361 -0.6442 0.5455
vn -0.1242 0.9675 0.2201
vn 0.6815 0.7317 0.0119
vn 0.8291 0.2561 -0.4970
vn -0.9486 0.3163 -0.0056
vn -0.8311 0.0857 0.5495
vn 0.0612 0.0184 -0.9980
vn 0.0807 -0.0666 -0.9945
vn -0.0374 -0.0256 -0.9990
vn 0.2736 0.9443 0.1826
vn 0.3371 0.9399 0.0544
vn 0.9796 0.0174 0.2000
vn -0.0161 0.9962 0.0858
vn -0.0170 0.9708 0.2392
vn -0.9943 -0.0284 -0.1032
vn -0.9951 0.0247 -0.0959
vn -0.7207 -0.5675 -0.3981
vn -0.9000 -0.4234 -0.1033
vn 0.0640 -0.1158 0.9912
vn 0.2740 -0.5422 0.7943
vn 0.0375 -0.0898 0.9953
vn 0.2925 -0.4356 0.8513
vn 0.0083 -0.0077 0.9999
vn -0.1779 0.9822 -0.0600
vn 0.2974 0.9547 0.0129
vn 0.6016 0.7982 -0.0301
vn -0.6969 0.7078 0.1160
vn 0.8182 0.5674 -0.0926
vn -0.1874 -0.0322 0.9818
vn 0.0811 0.0556 0.9952
vn -0.0303 -0.1206 0.9922
vn -0.8769 -0.3981 0.2694
vn -0.8399 0.5195 0.1574
vn -0.0757 -0.0057 0.9971
vn -0.9108 -0.0008 0.4129
vn -0.3547 0.3185 -0.8791
vn -0.3414 0.2847 -0.8958
vn 0.4041 -0.9146 0.0156
vn -0.6974 -0.7147 0.0536
vn 0.9891 -0.0000 -0.1472
vn 0.6616 0.7434 -0.0985
vn -0.0175 0.0176 0.9997
vn 0.0020 -0.0029 1.0000
vn -0.5274 -0.5655 0.6341
vn -0.4898 -0.5678 0.6616
vn 0.6968 0.7151 0.0561
vn 0.6368 0.7709 0.0125
vn 0.6505 -0.1879 -0.7359
vn 0.6712 -0.1044 -0.7339
vn -0.0053 -0.0039 1.0000
vn -0.0010 -0.0095 1.0000
vn -0.0158 -0.0052 0.9999
vn 0.4814 -0.8682 0.1209
vn 0.7474 -0.6643 -0.0000
vn 0.6928 -0.6232 0.3628
vn 0.0117 -0.4020 0.9156
vn -0.0016 -0.4006 0.9162
vn -0.0020 -0.0003 1.0000
vn 0.0309 0.0053 0.9995
vn 0.0095 0.0049 0.9999
vn 0.0328 0.2373 0.9709
vn -0.0018 0.0003 1.0000
vn -0.0014 0.0002 1.0000
vn 0.1641 -0.3189 0.9335
vn -0.9999 0.0031 0.0100
vn -0.7857 0.0700 -0.6147
vn -0.9999 -0.0134 -0.0003
vn -0.9220 -0.3871 0.0056
vn 0.9175 -0.3922 0.0661
vn 0.9687 -0.2426 0.0531
vn 0.6762 -0.2778 0.6824
vn 0.9231 -0.3822 -0.0434
vn 0.3676 -0.4357 0.8216
vn 0.3056 0.9454 -0.1131
vn 0.0028 -0.0035 -1.0000
vn 0.7305 0.2944 0.6162
vn 0.0115 -0.0038 0.9999
vn 0.7241 0.2849 0.6282
vn 0.7085 -0.4138 -0.5717
vn 0.0099 -0.0071 -0.9999
vn -0.0063 0.0075 -1.0000
vn -0.0095 0.0032 -0.9999
vn -0.0099 0.0050 -0.9999
vn 0.0007 -0.0029 -1.0000
vn 0.0173 -0.0878 -0.9960
vn -0.3846 0.3700 -0.8457
vn 0.4682 0.2146 0.8572
vn 0.7644 0.3151 0.5625
vn -0.4710 -0.1673 0.8661
vn 0.0832 -0.9965 0.0032
vn -0.9989 -0.0239 -0.0409
vn -0.2195 0.2350 -0.9469
vn 0.0566 0.9965 0.0612
vn 0.7346 -0.6764 0.0534
vn 0.7191 -0.6929 0.0523
vn 0.7557 -0.6364 0.1547
vn 0.9176 0.3948 0.0466
vn 0.7068 -0.6989 0.1093
vn 0.7108 -0.6947 0.1100
vn 0.7108 -0.6947 0.1099
vn 0.4920 0.8631 -0.1138
vn 0.1556 0.4173 -0.8954
vn 0.0083 -0.0055 -1.0000
vn 0.1234 0.5114 -0.8505
vn 0.2443 0.7962 -0.5535
vn 0.6096 -0.1577 0.7768
vn 0.0060 -0.0393 0.9992
vn 0.9103 -0.2676 0.3158
vn -0.0065 0.1623 -0.9867
vn 0.5260 -0.3042 0.7942
vn -0.4080 0.9092 -0.0835
vn -0.4050 0.9035 -0.1401
vn -0.3820 0.8896 -0.2501
vn -0.4187 0.8917 -0.1719
vn 0.8853 -0.4182 0.2034
vn 0.6770 0.1157 0.7268
vn -0.3500 -0.0754 0.9337
vn 0.9562 0.2911 -0.0311
vn -0.5833 -0.1210 0.8032
vn 0.8445 0.1395 0.5171
vn -0.6500 -0.4409 0.6189
vn 0.0019 0.0041 -1.0000
vn -0.0002 -0.0054 -1.0000
vn -0.9265 -0.3762 0.0039
vn -0.9162 -0.4008 -0.0000
vn 0.5953 -0.7918 0.1367
vn 0.9390 -0.2826 0.1960
vn -0.6560 0.7401 0.1483
vn -0.9363 -0.3510 0.0079
vn -0.1246 -0.0689 0.9898
vn -0.0424 -0.0306 0.9986
vn -0.2911 -0.3106 -0.9049
vn -0.4312 -0.4575 -0.7777
vn 0.9452 0.2306 0.2311
vn 0.6401 -0.7680 0.0210
vn 0.0060 -0.0079 1.0000
vn -0.1583 -0.4729 0.8668
vn -0.2021 -0.6006 0.7736
vn 0.0036 0.0009 -1.0000
vn 0.0095 -0.0441 -0.9990
vn 0.0035 0.0011 -1.0000
vn 0.0025 0.0088 -1.0000
vn 0.9931 0.0801 0.0858
vn 0.9692 0.2462 -0.0080
vn -0.2144 0.9530 0.2140
vn 0.1023 -0.8673 0.4872
vn -0.5625 0.2648 -0.7832
vn -0.0020 0.0104 -0.9999
vn -0.8477 -0.5303 0.0143
vn 0.2494 0.4166 -0.8742
vn 0.0530 -0.0474 0.9975
vn 0.2271 -0.9116 0.3428
vn 0.1310 -0.8256 0.5488
vn -0.2707 -0.4249 -0.8638
vn 0.2384 0.4500 -0.8606
vn 0.3598 0.8891 -0.2830
vn -0.5364 0.2166 -0.8157
vn -0.7809 0.3169 -0.5383
vn -0.2025 0.2492 0.9470
vn 0.0121 -0.0553 -0.9984
vn -0.0080 0.0073 -0.9999
vn 0.0011 0.0044 -1.0000
vn -0.0162 -0.0004 -0.9999
vn 0.2732 0.9606 0.0513
vn 0.2795 0.9203 0.2736
vn -0.4294 0.6188 -0.6578
vn 0.7166 -0.6463 0.2624
vn 0.7064 -0.7062 -0.0468
vn 0.1330 0.9782 0.1597
vn 0.0543 0.0239 -0.9982
vn 0.9539 0.2355 0.1858
vn 0.4029 -0.9152 -0.0078
vn 0.0032 -0.0107 0.9999
vn -0.0043 -0.0075 1.0000
vn 0.0002 -0.0074 1.0000
vn 0.7332 -0.6579 -0.1723
vn 0.9761 -0.2103 -0.0549
vn -0.1328 -0.9795 -0.1512
vn -0.9223 0.3860 -0.0180
vn 0.0047 0.9978 -0.0656
vn -0.0013 0.9978 -0.0667
vn 0.0057 0.9932 -0.1162
vn 0.9929 0.0411 -0.1115
vn 0.9972 0.0273 -0.0697
vn 0.9993 0.0313 -0.0216
vn 0.9998 0.0012 -0.0193
vn 0.0588 0.0060 -0.9983
vn -0.6271 -0.7662 0.1400
vn -0.7613 0.1559 0.6293
vn -0.9975 0.0030 0.0709
vn -0.4974 0.3039 -0.8125
vn -0.1270 -0.0083 -0.9919
vn 0.5908 -0.2399 -0.7703
vn 0.7332 -0.3031 -0.6088
vn 0.6609 -0.2848 -0.6944
vn 0.3255 -0.1412 -0.9349
vn 0.5608 -0.1335 -0.8171
vn 0.4152 -0.1053 -0.9036
vn 0.9219 -0.3725 -0.1065
vn -0.0485 0.0507 0.9975
vn -0.0633 0.2133 0.9749
vn 0.0276 -0.0146 0.9995
vn -0.0167 0.0214 0.9996
vn 0.0105 0.0222 0.9997
vn -0.1456 -0.8183 0.5560
vn 0.0002 0.0027 -1.0000
vn -0.2810 -0.9579 -0.0589
vn 0.5168 -0.8451 0.1367
vn -0.6374 -0.7638 0.1017
vn 0.9962 0.0876 0.0023
vn -0.2484 0.4635 -0.8506
vn -0.0086 -0.0049 -1.0000
vn -0.5156 0.8052 -0.2929
vn -0.5732 0.7338 -0.3646
vn 0.3908 0.9107 -0.1339
vn 0.3848 0.8870 -0.2554
vn 0.3945 0.9114 -0.1171
vn 0.9923 0.1242 -0.0000
vn 0.4412 0.8812 -0.1700
vn 0.4355 0.9002 0.0073
vn 0.6840 -0.6868 -0.2459
vn -0.9589 -0.1459 -0.2434
vn -0.0208 -0.0297 0.9993
vn 0.3771 -0.9257 -0.0287
vn 0.2804 -0.9598 -0.0080
vn -0.9093 -0.2216 -0.3522
vn -0.8210 -0.1262 -0.5567
vn 0.9442 0.1910 -0.2682
vn 0.1606 0.4864 0.8589
vn -0.1414 -0.5007 0.8540
vn -0.1450 -0.9808 0.1300
vn 0.0170 0.0439 0.9989
vn 0.0233 0.0900 0.9957
vn 0.0303 0.2032 0.9787
vn 0.1945 0.6272 0.7541
vn 0.3478 0.3483 -0.8705
vn -0.0772 0.3670 -0.9270
vn 0.4217 0.2881 -0.8598
vn 0.3057 0.4802 -0.8222
vn 0.3016 0.9521 -0.0509
vn -0.9151 0.2230 0.3361
vn -0.7162 -0.6826 0.1453
vn -0.5548 0.8308 -0.0452
vn 0.3417 -0.9398 -0.0022
vn 0.4747 0.1232 -0.8715
vn 0.2144 -0.9622 -0.1678
vn 0.6025 0.7891 -0.1197
vn 0.9569 -0.2805 -0.0753
vn -0.0053 -0.0139 -0.9999
vn -0.3208 -0.2065 -0.9244
vn -0.4774 -0.3284 -0.8150
vn 0.7160 -0.6961 0.0528
vn 0.2507 -0.9652 0.0746
vn 0.2431 -0.8673 0.4343
vn 0.7701 -0.6227 -0.1386
vn -0.9433 -0.2250 -0.2441
vn 0.9787 -0.1370 -0.1527
vn 0.6828 -0.7129 0.1599
vn -0.4557 -0.8886 -0.0519
vn 0.9919 -0.1109 0.0625
vn -0.0094 0.0033 -1.0000
vn -0.1759 0.3712 0.9117
vn -0.4141 0.8989 0.1431
vn -0.0098 0.0264 0.9996
vn 0.0072 0.0128 0.9999
vn -0.0080 0.0142 -0.9999
vn 0.5857 -0.8011 -0.1230
vn 0.4295 -0.1800 0.8849
vn 0.2724 -0.3995 0.8753
vn 0.2725 -0.3995 0.8753
vn -0.0209 0.0004 0.9998
vn 0.6846 -0.2667 0.6784
vn 0.5782 -0.1894 -0.7936
vn 0.7563 -0.0360 -0.6532
vn -0.0142 0.0064 0.9999
vn -0.9416 0.3365 0.0079
vn -0.6488 -0.7521 0.1156
vn -0.6488 -0.7521 0.1159
vn -0.0532 -0.0204 0.9984
vn -0.9615 0.2747 -0.0000
vn -0.1799 0.9734 0.1421
vn -0.1923 0.9748 -0.1130
vn -0.6509 -0.7592 0.0055
vn 0.0065 0.0022 -1.0000
vn 0.0002 0.0046 -1.0000
vn 0.0082 0.0042 -1.0000
vn -0.9982 -0.0579 0.0144
vn -0.9984 -0.0396 0.0415
vn -0.9980 -0.0620 -0.0099
vn 0.6840 -0.2866 -0.6708
vn 0.2512 0.2069 0.9456
vn 0.8318 0.5042 0.2321
vn 0.0298 -0.0271 0.9992
vn -0.0124 -0.0204 0.9997
vn -0.0647 -0.0796 0.9947
vn 0.2177 0.2255 0.9496
vn 0.2097 0.2157 0.9537
vn 0.6574 0.7325 0.1767
vn 0.0084 0.0006 1.0000
vn 0.0043 0.0046 1.0000
vn -0.0243 -0.0182 0.9995
vn -0.0719 -0.0700 0.9950
vn -0.4275 -0.8344 -0.3478
vn -0.0754 0.1281 -0.9889
vn 0.5240 0.2534 -0.8131
vn 0.4888 0.3183 -0.8123
vn -0.2606 0.5002 -0.8258
vn 0.7158 -0.5546 0.4243
vn 0.0052 -0.0040 1.0000
vn 0.0024 0.0059 1.0000
vn 0.7676 -0.6061 0.2084
vn 0.8773 -0.4784 -0.0372
vn 0.8669 -0.4530 0.2080
vn -0.0008 -0.0019 1.0000
vn -0.0107 0.0017 -0.9999
vn -0.0147 0.0160 -0.9998
vn -0.5444 -0.3371 -0.7681
vn 0.9699 -0.2432 -0.0081
vn 0.2936 -0.9541 -0.0589
vn 0.2696 -0.6926 -0.6690
vn 0.1550 -0.0569 0.9863
vn 0.7225 -0.3079 0.6190
vn -0.8663 0.4925 0.0836
vn -0.4719 -0.8445 -0.2532
vn -0.9025 -0.4302 -0.0186
vn -0.5016 0.7491 0.4328
vn -0.0729 0.1486 0.9862
vn 0.0077 -0.0070 0.9999
vn 0.0323 0.0021 0.9995
vn -0.4671 0.7230 0.5089
vn -0.9464 0.3184 -0.0532
vn -0.8945 0.4470 -0.0000
vn -0.7341 0.6772 -0.0508
vn -0.6305 0.3353 -0.7000
vn -0.9806 0.1957 0.0100
vn -0.7474 0.1799 -0.6395
vn -0.9731 0.2255 -0.0462
vn -0.4742 -0.2969 0.8289
vn -0.0718 -0.3224 -0.9439
vn -0.2082 -0.7597 -0.6160
vn -0.8690 0.4941 0.0277
vn -0.8083 0.5593 0.1840
vn -0.7857 0.4401 0.4347
vn -0.3188 0.2237 0.9211
vn 0.4847 -0.6796 -0.5506
vn -0.0193 -0.0062 -0.9998
vn 0.3657 -0.6651 -0.6510
vn 0.4919 -0.8665 0.0845
vn -0.0041 -0.0066 -1.0000
vn 0.5814 -0.8104 0.0719
vn 0.5754 -0.8140 0.0794
vn 0.5292 0.2336 -0.8157
vn 0.3704 -0.9286 0.0216
vn 0.5545 -0.8318 -0.0229
vn 0.9680 -0.1160 0.2226
vn 0.2240 -0.9713 0.0802
vn -0.2689 -0.9588 -0.0915
vn 0.9616 -0.1240 -0.2450
vn 0.5539 -0.8323 -0.0227
vn -0.4562 -0.6414 0.6168
vn 0.9996 -0.0268 -0.0000
vn -0.1461 -0.4379 0.8871
vn 0.9227 -0.3782 -0.0749
vn 0.8638 -0.5035 -0.0185
vn -0.6106 0.7912 -0.0325
vn 0.4243 -0.4386 -0.7922
vn 0.5304 -0.1478 -0.8348
vn -0.1303 -0.0194 0.9913
vn 0.0004 -0.0037 1.0000
vn 0.0015 -0.0158 0.9999
vn -0.9987 0.0496 0.0096
vn -0.4439 -0.8961 0.0041
vn -0.7215 -0.6923 0.0143
vn -0.7229 -0.6736 0.1542
vn -0.7346 -0.6766 -0.0508
vn -0.5284 0.4289 -0.7327
vn 0.0048 0.0267 -0.9996
vn -0.7146 0.5643 -0.4133
vn -0.4588 0.2783 -0.8438
vn 0.8520 -0.0021 0.5236
vn -0.5086 -0.4003 -0.7623
vn -0.8942 0.4475 0.0148
vn -0.3240 0.9413 -0.0946
vn -0.8262 0.5619 0.0406
vn -0.4966 -0.8679 -0.0102
vn -0.9990 0.0182 -0.0399
vn -0.9998 0.0185 0.0029
vn -0.6705 0.7317 -0.1229
vn -0.5510 -0.1691 0.8172
vn -0.7009 -0.4454 0.5571
vn 0.4127 0.3163 0.8542
vn 0.2383 0.0981 0.9662
vn -0.4953 -0.4924 0.7157
vn -0.3944 -0.2603 0.8813
vn 0.6743 -0.7381 -0.0205
vn 0.6671 -0.7445 0.0266
vn -0.3937 -0.8917 -0.2232
vn -0.2339 -0.5204 -0.8213
vn -0.4005 -0.9085 -0.1195
vn 0.7077 -0.7059 0.0282
vn 0.0003 0.0020 -1.0000
vn 0.0773 0.5889 0.8045
vn 0.0555 0.7534 0.6553
vn -0.0519 -0.6082 0.7921
vn 0.0358 0.3629 0.9311
vn -0.9157 -0.3934 0.0821
vn -0.9651 0.2615 0.0123
vn 0.0056 -0.0020 1.0000
vn 0.3767 0.4557 -0.8065
vn 0.0737 0.0810 -0.9940
vn 0.9930 -0.0064 -0.1176
vn 0.9587 0.2192 -0.1813
vn -0.0649 -0.0541 -0.9964
vn -0.0159 -0.0033 -0.9999
vn 0.5043 0.8540 -0.1280
vn -0.0052 -0.0338 -0.9994
vn 0.0686 -0.0565 0.9960
vn 0.0412 -0.0265 0.9988
vn 0.0146 -0.9775 0.2105
vn -0.0035 0.0014 -1.0000
vn 0.1681 -0.6440 -0.7464
vn 0.0083 -0.0020 1.0000
vn 0.4961 0.8678 0.0290
vn 0.3061 0.9518 0.0179
vn 0.3303 0.9426 0.0486
vn -0.0151 0.0061 0.9999
vn 0.8229 0.5566 0.1144
vn 0.9803 -0.1916 -0.0471
vn -0.6490 -0.0159 -0.7606
vn -0.7252 -0.0602 -0.6859
vn -0.8082 -0.0904 -0.5819
vn -0.9769 -0.1974 0.0814
vn -0.0040 -0.0026 1.0000
vn 0.0911 0.0642 0.9938
vn 0.0184 0.0138 0.9997
vn -0.3226 0.9431 -0.0812
vn 0.4726 0.8776 0.0809
vn 0.9886 -0.0544 -0.1404
vn -0.6206 0.7341 -0.2757
vn -0.4228 -0.0691 -0.9036
vn -0.8581 -0.1366 -0.4950
vn -0.3718 -0.0558 -0.9266
vn 0.2217 -0.9751 -0.0044
vn 0.5611 -0.8209 0.1062
vn -0.1205 0.8726 -0.4733
vn -0.1580 0.9873 0.0156
vn -0.1953 0.8578 -0.4754
vn -0.0326 0.1571 -0.9871
vn -0.6909 -0.1718 0.7023
vn 0.9993 0.0087 -0.0371
vn 0.9993 0.0002 -0.0386
vn -0.0026 -0.0094 -1.0000
vn -0.0035 -0.0065 1.0000
vn -0.0057 -0.0050 1.0000
vn -0.0065 -0.0040 1.0000
vn 0.0063 -0.0088 -0.9999
vn -0.0092 0.0463 -0.9989
vn 0.5410 -0.5363 0.6478
vn 0.4676 -0.4593 0.7552
vn 0.6812 0.6204 -0.3887
vn 0.7326 0.6756 -0.0826
vn 0.9971 -0.0094 -0.0752
vn 0.9196 -0.3868 -0.0690
vn 0.9205 -0.3845 -0.0691
vn 0.5829 -0.8104 -0.0599
vn 0.9195 -0.3869 -0.0694
vn 0.5902 -0.2525 -0.7668
vn 0.6884 0.5019 -0.5236
vn -0.0239 -0.0329 0.9992
vn 0.2999 -0.2382 0.9238
vn 0.4088 -0.3086 0.8589
vn 0.1197 0.9326 -0.3404
vn 0.7273 0.6814 -0.0821
vn -0.3509 0.5777 -0.7369
vn -0.1821 0.9572 -0.2249
vn -0.9958 0.0578 -0.0717
vn -0.9751 0.2216 -0.0000
vn -0.7270 0.6866 -0.0000
vn 0.6247 0.7808 -0.0000
vn 0.0912 0.0576 0.9942
vn 0.9791 -0.0451 0.1982
vn 0.9969 -0.0174 0.0766
vn -0.0383 -0.1161 -0.9925
vn -0.7911 -0.2024 0.5773
vn -0.8790 -0.4767 -0.0076
vn -0.8011 -0.3920 0.4523
vn -0.0004 -0.0029 -1.0000
vn 0.0006 0.0045 -1.0000
vn -0.0020 -0.0089 -1.0000
vn -0.5092 -0.8603 0.0242
vn -0.2411 0.4340 0.8680
vn 0.0014 -0.0074 -1.0000
vn 0.0042 -0.0070 -1.0000
vn 0.4183 0.1073 0.9020
vn -0.7998 0.6001 0.0152
vn 0.3662 -0.4439 -0.8178
vn 0.5280 -0.8245 0.2036
vn 0.0032 -0.0093 -1.0000
vn 0.0089 0.0097 -0.9999
vn 0.0081 0.0089 -0.9999
vn 0.0087 -0.0275 -0.9996
vn -0.0288 0.5818 0.8128
vn -0.1441 0.9891 -0.0293
vn 0.0270 -0.0296 0.9992
vn 0.9999 -0.0125 -0.0042
vn 0.8803 -0.4492 0.1526
vn 0.0323 -0.0110 -0.9994
vn 0.9635 -0.2676 -0.0000
vn -0.5983 -0.6554 0.4610
vn -0.3134 -0.0627 0.9475
vn -0.7385 0.6024 0.3028
vn -0.1705 0.1385 0.9756
vn -0.6565 -0.7263 0.2037
vn -0.0036 -0.0067 -1.0000
vn -0.0028 -0.0062 -1.0000
vn -0.0001 -0.0046 -1.0000
vn -0.8456 0.0656 0.5298
vn -0.9058 0.2959 0.3033
vn -0.9708 -0.1842 -0.1536
vn -0.9831 -0.1825 0.0161
vn -0.9708 -0.1842 -0.1538
vn -0.0216 -0.0272 -0.9994
vn -0.6436 -0.7653 0.0078
vn 0.1647 -0.9863 -0.0071
vn 0.1240 -0.9923 -0.0000
vn 0.9134 -0.3860 -0.1295
vn 0.5431 0.3300 -0.7721
vn 0.0547 -0.1475 0.9875
vn -0.0753 0.5327 0.8429
vn 0.0161 0.9971 -0.0750
vn 0.2838 0.0348 -0.9582
vn -0.9798 -0.1300 -0.1519
vn -0.9523 -0.2540 -0.1693
vn -0.4432 -0.8912 -0.0967
vn -0.1597 -0.9789 0.1271
vn 0.9741 -0.1102 0.1975
vn -0.7815 -0.5513 0.2920
vn -0.8102 -0.5858 -0.0203
vn 0.9931 -0.1171 -0.0107
vn -0.1163 -0.7569 -0.6431
vn -0.1070 -0.9909 -0.0816
vn -0.0127 -0.0019 0.9999
vn -0.0221 -0.0221 0.9995
vn 0.2989 0.9239 0.2390
vn 0.0807 0.5917 -0.8021
vn 0.1969 0.9797 0.0367
vn 0.2497 0.6628 0.7059
vn 0.9373 -0.3484 -0.0075
vn 0.5259 -0.8110 -0.2563
vn 0.3568 0.5627 0.7457
vn 0.0566 0.0642 0.9963
vn -0.0043 -0.0020 -1.0000
vn -0.0042 -0.0040 -1.0000
vn 0.0062 -0.0069 -1.0000
vn -0.0088 -0.0027 -1.0000
vn 0.0161 -0.0005 0.9999
vn 0.0082 0.0098 0.9999
vn -0.4749 -0.3456 0.8093
vn 0.0195 0.6123 -0.7904
vn -0.0121 0.9566 -0.2910
vn -0.0083 -0.0103 0.9999
vn -0.0086 -0.0107 0.9999
vn 0.2751 -0.7160 0.6416
vn -0.7985 0.6020 0.0060
vn -0.8165 0.5774 -0.0049
vn -0.9962 -0.0866 0.0077
vn -0.0475 0.0390 0.9981
vn -0.9180 -0.3010 0.2581
vn -0.0818 0.8053 0.5872
vn -0.9139 0.4005 0.0665
vn 0.1694 0.1430 0.9751
vn 0.5510 0.5673 0.6120
vn -0.7354 0.6776 -0.0043
vn -0.9388 -0.3338 0.0854
vn -0.3886 0.8959 -0.2153
vn -0.2979 -0.2906 0.9093
vn -0.0066 -0.0047 1.0000
vn -0.0000 -0.0030 1.0000
vn -0.6269 -0.7642 -0.1512
vn -0.9069 0.3789 -0.1841
vn 0.9602 -0.1508 -0.2351
vn -0.9545 -0.2982 -0.0000
vn 0.9718 0.2356 0.0112
vn 0.9660 -0.2348 0.1079
vn -0.0600 -0.8397 -0.5398
vn 0.0310 0.9948 -0.0965
vn 0.4741 -0.8730 0.1143
vn 0.9285 -0.3714 -0.0032
vn -0.0066 0.0164 -0.9998
vn 0.0242 0.0176 -0.9996
vn -0.8712 0.4909 -0.0043
vn -0.9967 0.0008 -0.0812
vn -0.9740 0.2263 0.0044
vn 0.0114 -0.0251 0.9996
vn 0.0125 -0.0679 0.9976
vn -0.0202 0.1324 0.9910
vn -0.0043 -0.0497 -0.9988
vn 0.1923 0.4328 -0.8807
vn 0.2026 0.4590 -0.8650
vn -0.0059 -0.0041 -1.0000
vn -0.0019 -0.0014 -1.0000
vn 0.3907 0.8935 -0.2215
vn 0.0059 0.0041 -1.0000
vn -0.6461 0.7620 -0.0441
vn 0.0169 -0.9881 0.1529
vn 0.8715 -0.4904 -0.0073
vn -0.6506 -0.7594 0.0054
vn -0.6488 -0.7483 -0.1386
vn 0.1722 -0.9768 -0.1270
vn 0.0165 0.0063 0.9998
vn 0.4821 0.8630 0.1512
vn -0.7218 0.6643 -0.1943
vn -0.4503 0.8922 -0.0351
vn -0.7341 0.6785 -0.0267
vn -0.9187 -0.3876 -0.0753
vn -0.7252 0.6600 -0.1964
vn -0.4199 0.3744 -0.8268
vn -0.0149 0.9790 0.2033
vn -0.0192 0.0138 0.9997
vn -0.0114 -0.0161 -0.9998
vn 0.9935 -0.0932 0.0646
vn 0.9672 -0.0105 -0.2539
vn 0.9931 -0.0962 0.0678
vn 0.1348 -0.0972 0.9861
vn -0.2588 -0.9588 0.1171
vn -0.8882 0.4176 0.1916
vn 0.2675 0.9548 -0.1295
vn -0.5767 0.8170 -0.0000
vn 0.7911 0.6097 0.0500
vn -0.3865 0.6754 -0.6280
vn -0.2499 0.2096 -0.9453
vn 0.7707 -0.3425 0.5373
vn 0.8578 -0.3812 0.3447
vn 0.9999 -0.0020 0.0169
vn 0.9922 0.1249 0.0049
vn 0.7155 -0.6985 0.0121
vn 0.8749 0.4341 -0.2148
vn -0.1109 -0.4711 -0.8751
vn 0.7493 0.3308 -0.5737
vn -0.5794 0.5016 -0.6424
vn -0.5873 0.6440 -0.4903
vn 0.0332 -0.9914 -0.1267
vn 0.2672 -0.9449 0.1893
vn 0.9005 0.4258 -0.0881
vn -0.1508 -0.9194 -0.3633
vn 0.3619 0.9045 -0.2257
vn -0.3748 -0.6065 -0.7012
vn -0.7590 0.6405 -0.1169
vn -0.5515 0.8306 0.0772
vn 0.4093 0.8839 0.2261
vn 0.0093 -0.0129 0.9999
vn 0.0247 0.1140 0.9932
vn 0.0043 -0.0093 0.9999
vn 0.0066 0.0520 0.9986
vn 0.2190 -0.4376 -0.8721
vn 0.5142 0.1014 0.8517
vn 0.9769 0.1552 0.1470
vn 0.9644 0.1808 0.1932
vn 0.4418 0.1833 0.8782
vn -0.0803 -0.0176 0.9966
vn -0.1655 -0.0685 0.9838
vn -0.0110 -0.0062 0.9999
vn -0.0216 -0.0126 0.9997
vn 0.4901 0.3472 0.7995
vn 0.5593 0.3018 0.7721
vn -0.0249 -0.0066 0.9997
vn 0.7094 -0.7029 -0.0523
vn 0.7047 0.7078 0.0497
vn 0.8950 -0.4435 0.0476
vn 0.0148 -0.0181 0.9997
vn 0.0099 0.0109 -0.9999
vn 0.2507 -0.3052 -0.9187
vn 0.6128 -0.2841 -0.7374
vn 0.7183 -0.1724 -0.6741
vn 0.4172 -0.1775 -0.8913
vn -0.9449 0.3269 0.0177
vn -0.8629 0.2060 0.4616
vn -0.9017 -0.0697 -0.4268
vn -0.0080 -0.0240 -0.9997
vn -0.2967 -0.8656 0.4033
vn -0.7626 -0.1480 -0.6298
vn -0.5524 -0.3885 -0.7375
vn -0.3522 -0.7646 0.5397
vn -0.3904 -0.9145 0.1060
vn -0.4454 -0.8953 -0.0092
vn 0.3027 -0.4874 0.8190
vn 0.4640 -0.8198 0.3357
vn 0.1355 0.4066 -0.9035
vn 0.2284 0.3711 -0.9001
vn 0.4361 -0.8951 0.0925
vn 0.4154 0.8863 0.2047
vn -0.7594 -0.3965 0.5159
vn -0.3163 0.9486 0.0130
vn -0.9208 0.3845 0.0660
vn 0.8320 0.5547 -0.0045
vn 0.8192 0.5734 -0.0087
vn 0.2991 -0.5077 -0.8079
vn 0.0027 -0.0057 1.0000
vn 0.0028 0.0023 1.0000
vn 0.0028 0.0024 1.0000
vn 0.9029 0.3955 -0.1682
vn 0.7215 0.3167 -0.6158
vn 0.1057 0.6707 0.7341
vn 0.0077 0.3514 0.9362
vn -0.0050 0.0915 0.9958
vn -0.0000 -0.0075 1.0000
vn -0.0037 0.0628 0.9980
vn 0.0040 -0.0038 1.0000
vn 0.0025 -0.0006 1.0000
vn 0.0098 -0.0058 0.9999
vn 0.1797 0.6627 0.7270
vn -0.0010 0.0204 -0.9998
vn 0.0210 -0.0098 0.9997
vn -0.7192 -0.6865 -0.1072
vn 0.8516 -0.5053 0.1391
vn -0.2751 0.3174 -0.9075
vn -0.2318 0.2439 -0.9417
vn 0.0120 -0.0252 0.9996
vn 0.0015 -0.0269 0.9996
vn 0.0954 0.0263 0.9951
vn 0.0020 -0.0033 -1.0000
vn 0.0024 -0.0031 -1.0000
vn -0.0092 0.0001 -1.0000
vn -0.7654 -0.0221 0.6432
vn -0.9350 -0.0300 0.3533
vn 0.0661 0.0002 -0.9978
vn 0.0191 0.0121 -0.9997
vn 0.0261 0.0101 -0.9996
vn -0.0017 -0.0041 1.0000
vn -0.0654 -0.9485 0.3098
vn 0.0642 -0.9935 -0.0935
vn -0.5122 -0.8547 -0.0845
vn -0.0083 -0.0025 1.0000
vn 0.0094 -0.0213 0.9997
vn 0.7717 0.6309 0.0804
vn 0.7943 0.4796 0.3730
vn -0.9880 0.0162 0.1535
vn -0.9964 0.0167 0.0836
vn -0.0350 0.0480 -0.9982
vn -0.0044 -0.0164 -0.9999
vn -0.0056 -0.0207 -0.9998
vn 0.6847 0.6807 -0.2604
vn -0.4095 -0.9011 0.1425
vn -0.1792 -0.3784 0.9081
vn -0.4052 -0.8788 0.2522
vn -0.4126 -0.9099 0.0437
vn -0.4081 -0.9128 0.0158
vn -0.2777 0.9566 -0.0882
vn -0.1186 0.4975 -0.8593
vn -0.0387 -0.9984 0.0406
vn -0.0322 -0.9987 0.0405
vn 0.6043 -0.7964 0.0249
vn -0.0418 -0.9976 0.0543
vn -0.0094 0.0364 0.9993
vn -0.7255 -0.4579 0.5137
vn -0.5279 -0.2604 0.8084
vn 0.7875 0.6154 -0.0333
vn 0.1791 -0.3864 0.9048
vn 0.0049 0.0238 0.9997
vn 0.1276 -0.4307 0.8934
vn -0.0037 -0.0088 -1.0000
vn -0.5404 0.8305 -0.1351
vn -0.4987 0.6711 -0.5486
vn 0.0050 -0.0028 -1.0000
vn -0.1704 -0.5614 -0.8098
vn -0.7531 0.6566 -0.0419
vn -0.7137 0.6376 0.2900
vn -0.9415 -0.3236 0.0946
vn -0.7248 0.6842 0.0817
vn -0.7244 0.6845 0.0817
vn -0.7243 0.6846 0.0817
vn 0.6569 -0.2491 -0.7116
vn 0.0920 -0.0037 -0.9957
vn 0.0062 0.0003 -1.0000
vn -0.9858 -0.0591 -0.1569
vn 0.8932 -0.4104 0.1839
vn 0.2545 0.9586 0.1279
vn 0.9864 -0.1644 -0.0000
vn -0.1333 -0.5378 0.8325
vn -0.7229 -0.1892 -0.6646
vn -0.0163 0.0009 -0.9999
vn -0.8923 -0.4149 -0.1780
vn 0.6476 -0.7095 -0.2778
vn 0.6191 -0.7325 -0.2831
vn 0.6635 -0.7404 -0.1077
vn 0.9163 0.3872 0.1021
vn 0.9014 0.3601 0.2403
vn 0.9196 0.3892 0.0533
vn -0.1389 0.9819 0.1291
vn 0.4531 0.1795 0.8732
vn 0.9115 0.4080 -0.0523
vn -0.7560 0.6545 0.0071
vn -0.0150 0.2715 0.9623
vn -0.0671 0.1472 0.9868
vn -0.5849 -0.7973 -0.1491
vn 0.6251 -0.7760 -0.0846
vn 0.2060 -0.9785 0.0042
vn -0.9473 -0.3204 -0.0042
vn -0.8801 0.4531 -0.1419
vn 0.5462 -0.1390 -0.8261
vn -0.9217 0.3874 -0.0181
vn -0.4788 0.8755 -0.0655
vn -0.9223 0.3853 -0.0288
vn -0.1298 0.8860 0.4451
vn -0.1575 0.9840 0.0838
vn 0.7757 0.4538 0.4386
vn -0.4367 -0.2458 0.8654
vn 0.0215 0.0371 -0.9991
vn -0.1036 0.9701 0.2193
vn 0.1900 -0.6735 0.7144
vn -0.1070 0.9694 -0.2208
vn -0.8963 0.4404 -0.0513
vn -0.4878 -0.5200 0.7012
vn -0.3794 -0.3798 0.8437
vn -0.1749 -0.1621 0.9711
vn -0.2797 -0.2966 0.9131
vn -0.2166 -0.5302 -0.8198
vn -0.3612 -0.8764 -0.3184
vn -0.3734 0.6176 -0.6922
vn -0.2613 0.9307 -0.2560
vn -0.9391 -0.2897 -0.1850
vn -0.9948 0.0986 -0.0270
vn 0.9782 0.1512 -0.1425
vn 0.8478 0.5302 0.0070
vn -0.9843 0.1765 -0.0081
vn 0.9598 0.2806 -0.0087
vn 0.9806 0.1960 0.0040
vn -0.5564 0.8309 0.0046
vn 0.4908 0.8358 0.2462
vn 0.0093 0.0018 1.0000
vn 0.9682 -0.0880 0.2340
vn -0.7150 0.6991 -0.0000
vn -0.7225 0.6914 -0.0012
vn -0.7071 0.7071 -0.0000
vn 0.3184 -0.5388 0.7800
vn -0.0159 0.0113 0.9998
vn 0.4652 0.7111 0.5272
vn 0.3567 0.2393 -0.9031
vn -0.0199 0.0022 -0.9998
vn 0.5047 0.3395 -0.7937
vn 0.5281 0.3907 -0.7539
vn -0.7713 -0.6095 -0.1832
vn -0.2478 -0.0011 0.9688
vn -0.4454 0.1878 0.8754
vn -0.0001 -0.0041 1.0000
vn 0.9941 -0.0619 -0.0893
vn 0.9985 -0.0555 -0.0000
vn 0.9977 -0.0619 -0.0267
vn 0.0053 0.0105 0.9999
vn -0.0042 -0.0041 -1.0000
vn -0.0055 0.0043 -1.0000
vn 0.6003 -0.7996 0.0171
vn -0.0081 -0.0111 0.9999
vn -0.6056 -0.4607 -0.6489
vn -0.0073 -0.0030 1.0000
vn 0.2193 0.0078 -0.9756
vn 0.1894 0.0100 -0.9818
vn -0.9965 -0.0831 -0.0011
vn 0.1187 0.4845 0.8667
vn -0.0137 0.0168 0.9998
vn -0.0151 -0.0216 -0.9997
vn -0.4032 -0.8519 -0.3343
vn -0.0900 -0.2627 -0.9607
vn 0.0066 0.0054 1.0000
vn 0.0169 0.7695 0.6384
vn -0.3741 0.1868 0.9084
vn -0.4925 0.2474 0.8344
vn -0.3058 0.2331 -0.9231
vn 0.4460 -0.1704 0.8786
vn 0.1127 0.6141 -0.7812
vn 0.0757 0.5634 -0.8227
vn -0.0041 -0.0020 1.0000
vn 0.8043 0.5854 0.1020
vn 0.0208 -0.9998 0.0003
vn -0.9684 -0.2382 0.0740
vn 0.7009 0.7111 -0.0563
vn 0.9006 -0.3385 0.2726
vn -0.0842 0.0429 0.9955
vn -0.0713 0.0382 0.9967
vn -0.0021 0.0019 -1.0000
vn -0.0013 0.0031 -1.0000
vn 0.9985 0.0523 -0.0164
vn -0.0320 -0.6976 0.7158
vn -0.6670 -0.6641 -0.3376
vn -0.7619 -0.5355 -0.3644
vn -0.5927 0.7871 -0.1706
vn 0.2241 0.9694 -0.1004
vn -0.5125 0.8524 0.1040
vn -0.2350 0.4129 0.8799
vn 0.0296 0.0113 -0.9995
vn 0.1113 -0.6169 0.7791
vn 0.1361 -0.7201 0.6804
vn 0.8787 -0.2503 -0.4066
vn 0.9486 -0.3161 -0.0180
vn 0.8443 -0.3856 -0.3720
vn -0.0936 0.1423 -0.9854
vn -0.3918 0.6547 -0.6464
vn -0.7257 0.6881 -0.0000
vn -0.9844 0.1624 -0.0683
vn -0.0002 -0.0061 1.0000
vn 0.9956 0.0935 0.0014
vn 0.7340 0.1253 0.6675
vn 0.7672 0.1260 0.6290
vn 0.5543 0.0983 0.8265
vn 0.5778 0.0939 0.8108
vn 0.9857 0.1683 -0.0124
vn 0.9161 0.3737 0.1456
vn -0.0143 0.0086 0.9999
vn -0.0095 -0.0066 0.9999
vn 0.9379 0.2292 -0.2602
vn 0.7198 -0.6877 -0.0952
vn -0.1302 -0.9913 0.0171
vn -0.0257 0.9962 0.0827
vn 0.2104 0.9773 -0.0258
vn -0.0787 -0.0159 0.9968
vn -0.5979 -0.2017 0.7758
vn -0.8564 -0.5122 -0.0657
vn -0.6777 -0.7354 -0.0000
vn 0.6080 -0.4205 0.6734
vn -0.3700 0.2849 0.8843
vn -0.6681 -0.7399 0.0782
vn -0.6645 -0.7460 0.0446
vn -0.0307 -0.9962 0.0818
vn 0.0552 0.0759 0.9956
vn -0.0083 0.0087 0.9999
vn -0.0340 0.0264 -0.9991
vn 0.5365 0.8403 -0.0776
vn 0.0310 0.0182 0.9994
vn -0.0018 -0.0131 0.9999
vn 0.0296 0.9947 0.0981
vn -0.9417 0.3358 0.0205
vn 0.0029 0.0126 0.9999
vn -0.0029 -0.0165 -0.9999
vn -0.5298 0.8481 0.0091
vn -0.7576 0.6424 -0.1160
vn -0.7483 0.6535 0.1142
vn -0.0009 0.9973 0.0729
vn 0.0143 0.9809 0.1938
vn 0.0008 0.0050 -1.0000
vn 0.8137 -0.5809 0.0229
vn -0.1632 -0.9854 -0.0493
vn -0.4474 -0.8943 -0.0000
vn 0.0091 -0.0146 0.9999
vn 0.0038 0.0101 0.9999
vn 0.9542 0.2627 -0.1432
vn -0.7981 -0.5913 -0.1156
vn -0.6602 0.5089 -0.5524
vn -0.0178 -0.0000 0.9998
vn -0.0073 0.0014 1.0000
vn -0.0091 0.0068 -0.9999
vn 0.6041 -0.7846 -0.1392
vn -0.2873 0.9578 0.0008
vn -0.1563 0.1573 -0.9751
vn 0.2406 -0.5848 -0.7746
vn 0.2636 -0.5509 -0.7919
vn -0.9770 -0.1742 0.1227
vn -0.2783 0.2933 -0.9146
vn 0.0156 0.5011 0.8653
vn 0.0652 0.4916 0.8684
vn -0.0908 -0.0569 -0.9942
vn -0.0002 -0.9970 -0.0778
vn -0.9260 -0.3602 0.1133
vn -0.9187 -0.3869 -0.0789
vn -0.0300 0.0389 0.9988
vn 0.9579 -0.2867 -0.0158
vn 0.0019 -0.0101 0.9999
vn -0.2846 0.2872 -0.9146
vn -0.7137 0.6987 -0.0497
vn -0.0010 -0.0091 1.0000
vn -0.0050 0.0088 0.9999
vn -0.7402 -0.1716 0.6502
vn -0.0073 0.0102 0.9999
vn 0.9919 0.0349 0.1217
vn -0.0214 -0.9994 -0.0274
vn 0.4523 -0.3477 0.8213
vn -0.5012 0.8651 0.0192
vn 0.0564 0.9983 0.0145
vn 0.0432 0.0162 0.9989
vn -0.3718 0.2379 -0.8973
vn 0.6031 -0.7889 -0.1178
vn -0.0166 0.9969 -0.0769
vn 0.5462 0.8376 -0.0113
vn 0.5544 0.8322 -0.0092
vn -0.0493 0.0893 -0.9948
vn -0.3615 0.4960 -0.7895
vn 0.6266 -0.0923 0.7739
vn 0.6459 -0.6165 0.4502
vn 0.9883 -0.0000 0.1528
vn 0.0195 -0.0045 0.9998
vn -0.3514 -0.9362 -0.0080
vn -0.8210 -0.5443 -0.1724
vn -0.8435 -0.5371 -0.0000
vn 0.8853 -0.4358 0.1625
vn 0.8946 -0.4467 0.0149
vn -0.0106 0.0190 0.9998
vn -0.3208 -0.1287 -0.9384
vn -0.4236 -0.9058 0.0041
vn -0.9968 -0.0002 0.0794
vn 0.3117 -0.4374 0.8435
vn -0.0021 -0.0098 -1.0000
vn 0.9919 0.0343 0.1224
vn -0.0170 0.0254 0.9995
vn 0.2388 -0.9611 -0.1389
vn -0.0837 0.9965 0.0066
vn 0.9858 -0.1680 -0.0008
vn 0.9864 -0.1645 -0.0014
vn 0.2422 -0.3173 0.9169
vn -0.0000 0.0044 -1.0000
vn -0.0093 -0.0045 -0.9999
vn -0.9963 0.0383 -0.0766
vn -0.7146 -0.6973 0.0568
vn 0.2260 0.4971 0.8377
vn -0.0035 0.0047 -1.0000
vn 0.8844 -0.4370 -0.1640
vn 0.8945 -0.4468 -0.0150
vn 0.9331 -0.3596 0.0035
vn 0.9634 0.2679 0.0044
vn -0.5073 0.8617 0.0142
vn -0.6561 -0.7547 -0.0038
vn -0.4805 -0.8710 -0.1027
vn -0.0057 -0.0103 -0.9999
vn -0.8836 -0.4574 0.1003
vn 0.0056 0.6575 0.7534
vn -0.0374 -0.5328 0.8454
vn -0.9798 -0.1904 -0.0605
vn 0.0081 0.0046 -1.0000
vn -0.8984 -0.3654 0.2436
vn -0.5726 -0.2342 0.7856
vn -0.7098 0.6997 0.0811
vn 0.0338 0.0542 -0.9980
vn -0.3259 -0.5779 0.7482
vn 0.0186 -0.6986 -0.7153
vn 0.0189 -0.0020 -0.9998
vn -0.1177 0.1183 -0.9860
vn 0.9140 -0.3811 0.1393
vn -0.0298 -0.9992 -0.0267
vn -0.3992 -0.3801 -0.8344
vn -0.9858 0.1675 -0.0144
vn -0.9972 0.0622 0.0406
vn -0.2933 0.0252 -0.9557
vn -0.8000 -0.6001 -0.0000
vn 0.9324 -0.3614 0.0036
vn 0.4911 0.7005 -0.5178
vn -0.1916 -0.9814 -0.0146
vn -0.1027 -0.9946 0.0165
vn 0.3980 0.1608 -0.9032
vn -0.6045 0.4418 0.6629
vn 0.3153 -0.4564 -0.8320
vn 0.3170 -0.4606 -0.8291
vn 0.6321 -0.6882 -0.3561
vn -0.6257 -0.7137 0.3149
vn -0.0427 -0.0047 -0.9991
vn 0.0089 0.6569 0.7539
vn 0.0051 0.0014 1.0000
vn -0.2363 0.2338 -0.9431
vn -0.0316 0.0351 -0.9989
vn 0.0967 -0.3434 -0.9342
vn 0.6775 0.6568 -0.3310
vn -0.2876 0.9571 0.0346
vn -0.5546 0.8319 -0.0187
vn -0.3832 -0.8367 0.3914
vn -0.6333 -0.7668 0.1048
vn -0.8936 -0.4489 -0.0037
vn -0.8898 -0.4544 -0.0422
vn -0.9040 -0.4260 0.0350
vn -0.9016 -0.4325 0.0077
vn 0.7509 0.6599 -0.0267
vn 0.6295 0.7768 0.0161
vn 0.7108 0.7026 -0.0349
vn 0.9774 -0.2114 0.0065
vn 0.9671 -0.2544 0.0021
vn 0.9689 -0.2461 0.0265
vn 0.9107 -0.4131 0.0044
vn 0.9683 -0.2499 -0.0021
vn 0.9906 -0.1112 -0.0798
vn 0.9947 -0.1028 -0.0006
vn 0.9996 -0.0283 -0.0054
vn 0.9993 0.0148 0.0331
vn 0.9937 0.1115 0.0125
vn 0.9679 -0.2512 -0.0054
vn 0.9725 -0.2330 0.0001
vn 0.9934 0.1138 -0.0144
vn -0.7208 -0.6931 -0.0064
vn -0.7231 -0.6907 -0.0111
vn -0.7836 -0.6211 0.0116
vn -0.7770 -0.6294 0.0134
vn 0.1810 0.9834 0.0111
vn 0.2199 0.9754 0.0170
vn 0.1061 0.9944 -0.0011
vn -0.2793 0.9602 0.0011
vn -0.1389 0.9892 0.0463
vn -0.7067 0.7050 0.0599
vn -0.4982 0.8670 -0.0043
vn -0.0358 -0.9993 0.0056
vn -0.0002 -1.0000 -0.0000
vn -0.1044 -0.9944 0.0170
vn -0.8435 0.5370 -0.0045
vn -0.8436 0.5370 -0.0045
vn 0.2144 -0.9767 -0.0003
vn 0.1909 -0.9814 0.0215
vn 0.3161 -0.9487 0.0054
vn 0.9183 -0.3958 -0.0061
vn 0.9014 -0.4330 0.0037
vn 0.9015 -0.4328 0.0037
vn 0.9331 -0.3594 -0.0159
vn -0.9459 0.3244 0.0009
vn -0.9487 0.3160 0.0027
vn -0.9487 0.3163 0.0028
vn 0.2658 0.9640 0.0065
vn 0.2883 0.9575 0.0104
vn 0.2518 0.9675 0.0243
vn -0.2873 -0.9578 0.0024
vn -0.2874 -0.9578 0.0024
vn 0.8904 0.4551 -0.0093
vn 0.9105 0.4131 -0.0188
vn 0.9100 0.4141 -0.0190
vn 0.8678 0.4968 -0.0000
vn -0.5545 -0.8319 -0.0227
vn -0.4359 -0.9000 0.0080
vn -0.5200 -0.8537 -0.0277
vn 0.8658 0.5003 -0.0118
vn 0.4895 0.8661 -0.1013
vn 0.4994 0.8602 -0.1031
vn -0.9864 -0.1644 -0.0014
vn -0.8575 0.5145 -0.0045
vn -0.7603 0.6496 -0.0057
vn 0.3331 0.9429 -0.0000
vn 0.3327 0.9430 -0.0000
vn 0.3329 0.9430 -0.0000
vn 0.4856 0.8742 -0.0042
vn 0.9543 0.2981 0.0193
vn 0.9633 0.2682 -0.0141
vn 0.9531 0.2905 -0.0850
vn -0.8785 -0.4775 -0.0151
vn -0.8916 -0.4528 -0.0089
vn -0.9172 -0.3985 0.0031
vn -0.9980 0.0628 -0.0013
vn -0.9969 0.0789 -0.0007
vn -0.9579 0.2831 0.0470
vn 0.7772 -0.6292 -0.0118
vn 0.7295 0.6839 0.0053
vn 0.7296 0.6839 0.0054
vn -0.0693 -0.9930 0.0953
vn -0.1180 -0.9927 -0.0262
vn -0.1027 -0.9946 0.0175
vn -0.9719 0.2347 0.0155
vn -0.9858 0.1681 0.0011
vn 0.9935 -0.1137 0.0073
vn 0.9935 -0.1133 0.0075
vn -0.9799 -0.1993 -0.0022
vn -0.9873 -0.1590 -0.0018
vn -0.9921 -0.1253 -0.0021
vn -0.9879 -0.1552 0.0003
vn -0.9805 -0.1965 -0.0016
vn -0.3085 0.9512 0.0001
vn -0.3575 0.9339 0.0084
vn -0.3092 0.9510 -0.0000
vn 0.8172 0.5763 0.0096
vn 0.7861 0.6181 -0.0037
vn 0.8191 0.5737 -0.0019
vn 0.8213 0.5697 -0.0304
vn 0.8114 0.5816 0.0582
vn 0.2183 -0.9759 -0.0021
vn -0.6961 0.7178 -0.0146
vn -0.6962 0.7177 -0.0146
vn -0.8521 -0.5232 0.0097
vn -0.8321 -0.5547 0.0005
vn -0.8226 -0.5686 -0.0044
vn -0.6402 -0.7682 -0.0012
vn -0.6366 -0.7712 -0.0000
vn 0.6034 -0.7974 -0.0075
vn -0.1068 0.9943 0.0004
vn -0.0016 0.9999 0.0167
vn -0.1058 0.9944 0.0002
vn -0.9911 -0.1301 0.0292
vn -0.9965 -0.0802 -0.0222
vn 0.9524 0.3048 0.0025
vn 0.5072 -0.8619 -0.0000
vn 0.5070 -0.8619 -0.0000
vn 0.0922 0.9955 0.0221
vn 0.0570 0.9976 -0.0381
vn 0.7062 -0.7079 0.0128
vn 0.8874 -0.4610 -0.0054
vn 0.5922 -0.8056 0.0200
vn 0.6855 -0.7278 0.0181
vn 0.5711 -0.8207 -0.0157
vn 0.2317 -0.9728 0.0008
vn 0.0760 -0.9971 -0.0002
vn -0.6832 0.7302 0.0109
vn -0.4292 0.9026 -0.0333
vn -0.5207 0.8533 0.0273
vn -0.5974 -0.8016 0.0241
vn -0.6163 -0.7875 -0.0078
vn -0.6145 -0.7869 -0.0567
vn 0.9976 0.0669 -0.0198
vn 0.9955 0.0948 -0.0006
vn 0.9974 0.0669 0.0274
vn -0.4751 0.8799 -0.0000
vn 0.1342 0.9910 0.0005
vn -0.9647 0.2633 0.0054
vn -0.9728 0.2318 -0.0019
vn -0.9648 0.2552 -0.0640
vn -0.2247 -0.9744 -0.0000
vn -0.4992 -0.8665 0.0091
vt 0.462758 0.057941
vt 0.472816 0.057603
vt 0.471875 0.073450
vt 0.462006 0.073347
vt 0.464046 0.042878
vt 0.453069 0.057579
vt 0.455063 0.043238
vt 0.269131 0.352585
vt 0.271904 0.347748
vt 0.277360 0.351925
vt 0.283194 0.358393
vt 0.292794 0.155197
vt 0.285598 0.151744
vt 0.292046 0.151506
vt 0.315841 0.098825
vt 0.312863 0.100175
vt 0.308586 0.097107
vt 0.317405 0.093377
vt 0.319994 0.098565
vt 0.391140 0.183359
vt 0.390103 0.163259
vt 0.394434 0.161101
vt 0.394858 0.188796
vt 0.386053 0.185640
vt 0.383693 0.505603
vt 0.381016 0.440610
vt 0.386453 0.503456
vt 0.921177 0.327055
vt 0.916273 0.328764
vt 0.909901 0.311003
vt 0.922504 0.307713
vt 0.929523 0.306888
vt 0.920769 0.329664
vt 0.362732 0.507190
vt 0.922667 0.329376
vt 0.641154 0.834325
vt 0.689586 0.826164
vt 0.685925 0.860472
vt 0.127861 0.735236
vt 0.148200 0.738116
vt 0.124261 0.783984
vt 0.137952 0.728284
vt 0.636747 0.859514
vt 0.124261 0.728127
vt 0.632401 0.841445
vt 0.665587 0.982380
vt 0.647949 0.957978
vt 0.652453 0.955750
vt 0.391123 0.910703
vt 0.393880 0.912510
vt 0.386828 0.913358
vt 0.369899 0.884179
vt 0.825330 0.295976
vt 0.839983 0.301016
vt 0.824056 0.302394
vt 0.829425 0.290918
vt 0.839898 0.294342
vt 0.227682 0.623062
vt 0.236988 0.623241
vt 0.234378 0.629098
vt 0.812516 0.295488
vt 0.815493 0.290911
vt 0.305736 0.752737
vt 0.286111 0.742965
vt 0.301431 0.738432
vt 0.195706 0.587075
vt 0.180394 0.587766
vt 0.192695 0.571749
vt 0.291466 0.757399
vt 0.300478 0.767985
vt 0.310394 0.767014
vt 0.213230 0.577496
vt 0.397892 0.153907
vt 0.425252 0.123585
vt 0.446391 0.202396
vt 0.393509 0.156715
vt 0.387020 0.153220
vt 0.388307 0.150226
vt 0.413309 0.122660
vt 0.362628 0.107983
vt 0.358129 0.100156
vt 0.370552 0.099563
vt 0.370808 0.127725
vt 0.356677 0.128572
vt 0.351138 0.108725
vt 0.374368 0.106992
vt 0.859244 0.933008
vt 0.876517 0.958647
vt 0.871048 0.960841
vt 0.276489 0.911237
vt 0.279496 0.913331
vt 0.271360 0.915266
vt 0.254121 0.885423
vt 0.497910 0.757818
vt 0.548789 0.737801
vt 0.505206 0.774385
vt 0.347580 0.681168
vt 0.336120 0.681148
vt 0.348426 0.674881
vt 0.333710 0.687986
vt 0.530488 0.709354
vt 0.365485 0.680127
vt 0.489077 0.743785
vt 0.759200 0.698403
vt 0.764392 0.681191
vt 0.770827 0.697677
vt 0.898528 0.201463
vt 0.903008 0.215769
vt 0.887910 0.218059
vt 0.751530 0.700035
vt 0.745779 0.683472
vt 0.767673 0.707367
vt 0.757646 0.708616
vt 0.430930 0.257483
vt 0.435415 0.263281
vt 0.426134 0.264504
vt 0.423773 0.262766
vt 0.387921 0.246201
vt 0.395105 0.240663
vt 0.459191 0.195801
vt 0.822144 0.895171
vt 0.834910 0.895089
vt 0.822144 0.951534
vt 0.822237 0.894068
vt 0.630341 0.383623
vt 0.623146 0.400483
vt 0.619668 0.398410
vt 0.623537 0.376210
vt 0.635666 0.381255
vt 0.623251 0.378839
vt 0.633229 0.390966
vt 0.636063 0.390213
vt 0.924980 0.893476
vt 0.933219 0.888961
vt 0.924767 0.909597
vt 0.935981 0.875647
vt 0.928513 0.875274
vt 0.878221 0.913971
vt 0.885232 0.883154
vt 0.308586 0.126397
vt 0.171197 0.737849
vt 0.152442 0.730078
vt 0.500200 0.643143
vt 0.500564 0.657692
vt 0.456504 0.618929
vt 0.169679 0.730463
vt 0.157525 0.782974
vt 0.035199 0.035464
vt 0.028111 0.039999
vt 0.028111 0.023039
vt 0.001154 0.124906
vt 0.066333 0.121632
vt 0.001608 0.127960
vt 0.006354 0.084177
vt 0.599606 0.552222
vt 0.589148 0.552253
vt 0.588380 0.517205
vt 0.599988 0.554663
vt 0.590936 0.554957
vt 0.598950 0.516952
vt 0.129635 0.073599
vt 0.128605 0.058796
vt 0.140797 0.058796
vt 0.962845 0.557205
vt 0.957700 0.541094
vt 0.964706 0.545401
vt 0.979420 0.556388
vt 0.963698 0.572164
vt 0.949418 0.574703
vt 0.287410 0.772179
vt 0.277257 0.789373
vt 0.278911 0.774400
vt 0.490735 0.478407
vt 0.491190 0.490194
vt 0.490234 0.490390
vt 0.581274 0.865583
vt 0.584489 0.796640
vt 0.593588 0.865583
vt 0.131997 0.433689
vt 0.129172 0.434991
vt 0.085207 0.418546
vt 0.436735 0.473274
vt 0.488974 0.475985
vt 0.509236 0.777360
vt 0.511990 0.845776
vt 0.509236 0.846383
vt 0.293763 0.430057
vt 0.294190 0.371269
vt 0.306660 0.431615
vt 0.321345 0.346816
vt 0.316737 0.336424
vt 0.322779 0.346435
vt 0.068799 0.296299
vt 0.045811 0.298194
vt 0.046790 0.286909
vt 0.722616 0.373320
vt 0.722616 0.361136
vt 0.736481 0.373961
vt 0.727583 0.393696
vt 0.068637 0.280976
vt 0.215174 0.549961
vt 0.206359 0.565563
vt 0.203322 0.551252
vt 0.218000 0.564993
vt 0.766513 0.876782
vt 0.766513 0.809347
vt 0.779184 0.811767
vt 0.859100 0.487749
vt 0.871983 0.489814
vt 0.859100 0.555189
vt 0.100493 0.003414
vt 0.073391 0.049576
vt 0.096460 0.000470
vt 0.072642 0.053123
vt 0.100798 0.004916
vt 0.871898 0.489292
vt 0.168413 0.067199
vt 0.168413 0.000956
vt 0.171197 0.066374
vt 0.000760 0.828387
vt 0.049284 0.866054
vt 0.005110 0.894382
vt 0.051197 0.847534
vt 0.222396 0.726002
vt 0.205678 0.726385
vt 0.222396 0.671657
vt 0.806384 0.962567
vt 0.748081 0.964781
vt 0.805118 0.946025
vt 0.006578 0.415992
vt 0.010766 0.410770
vt 0.013384 0.415462
vt 0.001559 0.413136
vt 0.006440 0.410747
vt 0.312466 0.404684
vt 0.317130 0.402142
vt 0.317778 0.407992
vt 0.312466 0.377360
vt 0.387341 0.608016
vt 0.402133 0.606063
vt 0.401992 0.608166
vt 0.381935 0.659187
vt 0.387485 0.605390
vt 0.581659 0.361431
vt 0.620788 0.317416
vt 0.598491 0.370032
vt 0.621655 0.510190
vt 0.625488 0.507973
vt 0.611128 0.574389
vt 0.614969 0.517657
vt 0.615861 0.506610
vt 0.859183 0.070399
vt 0.839318 0.010445
vt 0.859183 0.007703
vt 0.273455 0.138290
vt 0.259223 0.141189
vt 0.259120 0.136537
vt 0.156478 0.234979
vt 0.138139 0.262914
vt 0.154083 0.232901
vt 0.262192 0.096759
vt 0.275604 0.096261
vt 0.180796 0.237343
vt 0.272721 0.143403
vt 0.995180 0.000754
vt 0.976364 0.023712
vt 0.973572 0.020160
vt 0.412554 0.485297
vt 0.416910 0.485564
vt 0.414588 0.487556
vt 0.415030 0.483478
vt 0.400555 0.499190
vt 0.401755 0.470944
vt 0.336704 0.548766
vt 0.332810 0.535896
vt 0.336914 0.534455
vt 0.341344 0.547312
vt 0.341429 0.586589
vt 0.333190 0.548577
vt 0.340557 0.535097
vt 0.583751 0.666299
vt 0.572622 0.682845
vt 0.571384 0.669544
vt 0.708956 0.959090
vt 0.707362 0.972606
vt 0.692145 0.969913
vt 0.722089 0.958983
vt 0.708354 0.946748
vt 0.695486 0.946224
vt 0.567388 0.657501
vt 0.536802 0.585466
vt 0.517675 0.586135
vt 0.538389 0.577211
vt 0.792149 0.172937
vt 0.808258 0.177672
vt 0.792582 0.178311
vt 0.809584 0.168707
vt 0.783582 0.170699
vt 0.519779 0.590328
vt 0.794243 0.164024
vt 0.892598 0.748790
vt 0.878239 0.807976
vt 0.879957 0.749579
vt 0.892782 0.807165
vt 0.892782 0.747770
vt 0.062633 0.029026
vt 0.069440 0.031858
vt 0.058479 0.031999
vt 0.058479 0.004123
vt 0.063881 0.004915
vt 0.915057 0.742413
vt 0.915182 0.744415
vt 0.902344 0.743319
vt 0.901997 0.742328
vt 0.436313 0.377275
vt 0.436219 0.364833
vt 0.491190 0.370908
vt 0.457229 0.161689
vt 0.456726 0.159447
vt 0.459401 0.161553
vt 0.489136 0.373446
vt 0.436808 0.381470
vt 0.453048 0.160590
vt 0.420797 0.054160
vt 0.414971 0.054373
vt 0.422349 0.036575
vt 0.085235 0.641242
vt 0.067263 0.638742
vt 0.065991 0.635815
vt 0.428791 0.083492
vt 0.425573 0.084165
vt 0.612788 0.607320
vt 0.592869 0.642620
vt 0.571098 0.625875
vt 0.087623 0.602932
vt 0.577910 0.587326
vt 0.612788 0.641274
vt 0.951869 0.313689
vt 0.953125 0.305498
vt 0.955517 0.308632
vt 0.947730 0.311425
vt 0.950939 0.307725
vt 0.935668 0.337593
vt 0.079738 0.137227
vt 0.068447 0.147651
vt 0.077184 0.132659
vt 0.072984 0.151029
vt 0.107222 0.580094
vt 0.112930 0.583015
vt 0.106227 0.584381
vt 0.095530 0.579291
vt 0.106955 0.562418
vt 0.515190 0.427122
vt 0.499742 0.427191
vt 0.506433 0.422781
vt 0.510233 0.406637
vt 0.491190 0.279406
vt 0.491190 0.303580
vt 0.485700 0.279514
vt 0.483116 0.276990
vt 0.515190 0.406498
vt 0.584894 0.033361
vt 0.585123 0.041294
vt 0.573917 0.034451
vt 0.826991 0.229659
vt 0.814114 0.249449
vt 0.817787 0.229659
vt 0.128284 0.084798
vt 0.128560 0.075599
vt 0.135997 0.074217
vt 0.582955 0.012252
vt 0.135997 0.084226
vt 0.831293 0.249864
vt 0.898450 0.308900
vt 0.897808 0.314309
vt 0.879776 0.290507
vt 0.788733 0.418654
vt 0.773752 0.415801
vt 0.777139 0.412935
vt 0.803184 0.456814
vt 0.778493 0.455320
vt 0.910274 0.306348
vt 0.195196 0.590947
vt 0.179259 0.621455
vt 0.144493 0.608846
vt 0.270925 0.205281
vt 0.286136 0.218078
vt 0.283744 0.220085
vt 0.480906 0.936983
vt 0.477341 0.938921
vt 0.477044 0.933500
vt 0.495990 0.962526
vt 0.495990 0.910921
vt 0.672718 0.690401
vt 0.647961 0.689150
vt 0.675187 0.686277
vt 0.672114 0.694860
vt 0.646950 0.697297
vt 0.646856 0.693418
vt 0.248357 0.406511
vt 0.253337 0.404866
vt 0.245593 0.429930
vt 0.242056 0.406004
vt 0.118222 0.298934
vt 0.129918 0.259654
vt 0.122022 0.298259
vt 0.120262 0.322866
vt 0.074734 0.306523
vt 0.115126 0.325420
vt 0.146156 0.332559
vt 0.142567 0.335207
vt 0.134621 0.321445
vt 0.096419 0.244783
vt 0.978952 0.902608
vt 0.957592 0.922663
vt 0.976265 0.899493
vt 0.980378 0.895693
vt 0.982380 0.906410
vt 0.725684 0.142693
vt 0.732785 0.157937
vt 0.717886 0.155698
vt 0.200334 0.274201
vt 0.182381 0.280197
vt 0.185756 0.265773
vt 0.195178 0.287678
vt 0.711282 0.138608
vt 0.194544 0.255239
vt 0.729471 0.131632
vt 0.251825 0.389829
vt 0.247475 0.391032
vt 0.248790 0.379454
vt 0.014844 0.434636
vt 0.023789 0.436147
vt 0.025982 0.440904
vt 0.267548 0.373813
vt 0.269697 0.379318
vt 0.257927 0.396792
vt 0.013393 0.438534
vt 0.592695 0.432008
vt 0.580180 0.432051
vt 0.584366 0.416971
vt 0.595673 0.447991
vt 0.582899 0.447767
vt 0.176506 0.923769
vt 0.176507 0.908457
vt 0.187404 0.920752
vt 0.597343 0.416696
vt 0.599010 0.446473
vt 0.187554 0.935981
vt 0.197723 0.120006
vt 0.211104 0.118919
vt 0.213660 0.136526
vt 0.204824 0.137503
vt 0.210944 0.115516
vt 0.197317 0.116110
vt 0.187950 0.123234
vt 0.435876 0.763832
vt 0.484474 0.773653
vt 0.487266 0.788702
vt 0.482603 0.747728
vt 0.435876 0.794733
vt 0.435905 0.730038
vt 0.651238 0.951964
vt 0.644375 0.953378
vt 0.624966 0.977269
vt 0.127779 0.943128
vt 0.129826 0.945204
vt 0.123365 0.946032
vt 0.958381 0.768477
vt 0.947153 0.795933
vt 0.945524 0.790872
vt 0.109765 0.917939
vt 0.934849 0.182199
vt 0.934742 0.181201
vt 0.947181 0.179305
vt 0.947181 0.235195
vt 0.622531 0.589794
vt 0.637830 0.588731
vt 0.623274 0.591359
vt 0.622072 0.537468
vt 0.316522 0.818602
vt 0.330834 0.820862
vt 0.311681 0.837923
vt 0.303249 0.803829
vt 0.319168 0.806167
vt 0.301282 0.838383
vt 0.301328 0.818125
vt 0.566122 0.127969
vt 0.563849 0.130446
vt 0.541910 0.086871
vt 0.048716 0.575881
vt 0.088944 0.600157
vt 0.546172 0.227945
vt 0.568379 0.260895
vt 0.533436 0.234147
vt 0.599988 0.221874
vt 0.582991 0.128847
vt 0.968488 0.179134
vt 0.964220 0.183729
vt 0.962552 0.181493
vt 0.281594 0.249852
vt 0.262482 0.238255
vt 0.265002 0.235252
vt 0.965369 0.175101
vt 0.988780 0.156205
vt 0.988780 0.201596
vt 0.724689 0.242767
vt 0.724689 0.219560
vt 0.738708 0.218735
vt 0.737034 0.248612
vt 0.726055 0.250077
vt 0.738308 0.240444
vt 0.557593 0.454881
vt 0.569507 0.454977
vt 0.556648 0.476792
vt 0.545341 0.475918
vt 0.559632 0.447697
vt 0.605432 0.701013
vt 0.643126 0.738982
vt 0.602085 0.740539
vt 0.593676 0.699782
vt 0.604437 0.697145
vt 0.246767 0.145501
vt 0.244728 0.140907
vt 0.259433 0.145206
vt 0.839477 0.001060
vt 0.264677 0.163891
vt 0.140447 0.000781
vt 0.151136 0.018849
vt 0.149503 0.021189
vt 0.237938 0.149307
vt 0.239538 0.150409
vt 0.153001 0.985580
vt 0.165891 0.959653
vt 0.166693 0.964417
vt 0.942260 0.153234
vt 0.941214 0.156046
vt 0.936511 0.151188
vt 0.951981 0.125496
vt 0.935895 0.063055
vt 0.948781 0.064694
vt 0.936030 0.064052
vt 0.836783 0.443461
vt 0.824104 0.511990
vt 0.824104 0.440636
vt 0.020932 0.735392
vt 0.007019 0.737120
vt 0.008607 0.732763
vt 0.032984 0.749468
vt 0.017331 0.749050
vt 0.023597 0.731248
vt 0.035432 0.735720
vt 0.082095 0.090458
vt 0.103627 0.089154
vt 0.099848 0.091760
vt 0.542991 0.273608
vt 0.555622 0.265763
vt 0.549174 0.275044
vt 0.767633 0.806889
vt 0.804828 0.798052
vt 0.806388 0.807984
vt 0.542981 0.279176
vt 0.766908 0.795217
vt 0.517371 0.241521
vt 0.702334 0.165005
vt 0.686031 0.158406
vt 0.690358 0.154075
vt 0.706201 0.158238
vt 0.699018 0.211113
vt 0.679726 0.211588
vt 0.718100 0.161120
vt 0.716480 0.167266
vt 0.273998 0.325607
vt 0.378166 0.812784
vt 0.425989 0.781576
vt 0.430391 0.796939
vt 0.380069 0.776856
vt 0.369896 0.780153
vt 0.383992 0.696410
vt 0.369647 0.749359
vt 0.355244 0.745319
vt 0.351736 0.701532
vt 0.839983 0.762604
vt 0.811147 0.777584
vt 0.821062 0.705466
vt 0.458287 0.610054
vt 0.439949 0.606470
vt 0.458524 0.602241
vt 0.455889 0.613254
vt 0.439729 0.610906
vt 0.471991 0.610332
vt 0.202969 0.860783
vt 0.189537 0.858517
vt 0.205371 0.857540
vt 0.814548 0.892721
vt 0.820373 0.887994
vt 0.820562 0.892984
vt 0.814673 0.888118
vt 0.812153 0.921582
vt 0.695047 0.915948
vt 0.707598 0.851882
vt 0.745585 0.916782
vt 0.685996 0.916782
vt 0.181119 0.374698
vt 0.197497 0.368857
vt 0.180382 0.380933
vt 0.717838 0.315194
vt 0.655427 0.315194
vt 0.652279 0.295364
vt 0.145604 0.180452
vt 0.147895 0.180987
vt 0.043840 0.248795
vt 0.149312 0.175348
vt 0.723186 0.297474
vt 0.147301 0.176128
vt 0.224234 0.830414
vt 0.206449 0.815194
vt 0.222706 0.817646
vt 0.436890 0.640517
vt 0.421681 0.639321
vt 0.437558 0.626706
vt 0.236795 0.832046
vt 0.208129 0.842564
vt 0.209358 0.828709
vt 0.452807 0.628033
vt 0.717900 0.421661
vt 0.742385 0.438760
vt 0.717350 0.453925
vt 0.093541 0.799984
vt 0.065491 0.778984
vt 0.123198 0.788340
vt 0.130419 0.537174
vt 0.159301 0.539495
vt 0.160061 0.555488
vt 0.138231 0.567309
vt 0.685558 0.408177
vt 0.947181 0.399872
vt 0.919180 0.401592
vt 0.947181 0.343412
vt 0.638642 0.815014
vt 0.690031 0.817956
vt 0.647226 0.831983
vt 0.686767 0.805242
vt 0.639509 0.795104
vt 0.206762 0.859294
vt 0.225677 0.857318
vt 0.204791 0.921580
vt 0.786397 0.136213
vt 0.783193 0.070798
vt 0.814290 0.076001
vt 0.835183 0.145597
vt 0.185596 0.193596
vt 0.175238 0.189146
vt 0.185596 0.128104
vt 0.738493 0.394372
vt 0.037773 0.297355
vt 0.040958 0.309298
vt 0.035762 0.306870
vt 0.272174 0.815223
vt 0.256288 0.813557
vt 0.272190 0.808954
vt 0.006135 0.784763
vt 0.003366 0.769063
vt 0.057599 0.780389
vt 0.286777 0.813782
vt 0.057565 0.812685
vt 0.005847 0.798714
vt 0.286282 0.819184
vt 0.105598 0.042028
vt 0.104582 0.047541
vt 0.102239 0.041042
vt 0.490356 0.002675
vt 0.488065 0.024749
vt 0.483923 0.002080
vt 0.600440 0.410585
vt 0.589043 0.409289
vt 0.807303 0.244795
vt 0.796623 0.224625
vt 0.809584 0.230571
vt 0.176506 0.901388
vt 0.176589 0.879123
vt 0.190303 0.897002
vt 0.189730 0.905426
vt 0.605221 0.397236
vt 0.315069 0.506326
vt 0.311170 0.506399
vt 0.311743 0.438555
vt 0.744389 0.454903
vt 0.752682 0.453195
vt 0.753668 0.456790
vt 0.353576 0.438058
vt 0.354240 0.505167
vt 0.315022 0.438506
vt 0.744389 0.413597
vt 0.746346 0.458537
vt 0.243329 0.335552
vt 0.246652 0.332477
vt 0.250062 0.336794
vt 0.927906 0.463000
vt 0.957783 0.461509
vt 0.957065 0.467723
vt 0.222093 0.313813
vt 0.246129 0.338642
vt 0.261581 0.364793
vt 0.309954 0.360155
vt 0.301612 0.357995
vt 0.308838 0.356207
vt 0.295497 0.361593
vt 0.468681 0.164797
vt 0.471980 0.159895
vt 0.478390 0.163096
vt 0.296387 0.949839
vt 0.293779 0.946541
vt 0.299279 0.948395
vt 0.273945 0.969358
vt 0.713782 0.555938
vt 0.726677 0.573299
vt 0.711627 0.571431
vt 0.551601 0.362558
vt 0.536432 0.359969
vt 0.551871 0.358933
vt 0.729323 0.557594
vt 0.552112 0.378638
vt 0.537385 0.365094
vt 0.713515 0.552340
vt 0.421122 0.116075
vt 0.423616 0.120527
vt 0.417029 0.114373
vt 0.423579 0.106660
vt 0.446391 0.063462
vt 0.855307 0.424224
vt 0.873583 0.426277
vt 0.855307 0.492790
vt 0.143997 0.371193
vt 0.070263 0.351039
vt 0.073502 0.347892
vt 0.364422 0.084335
vt 0.354086 0.084922
vt 0.367397 0.068042
vt 0.373253 0.083024
vt 0.357989 0.069120
vt 0.329734 0.645922
vt 0.339872 0.654518
vt 0.332798 0.651964
vt 0.519058 0.686325
vt 0.508474 0.681321
vt 0.512834 0.678314
vt 0.317628 0.633994
vt 0.334743 0.638894
vt 0.323554 0.648560
vt 0.342393 0.644421
vt 0.311042 0.641533
vt 0.781921 0.370085
vt 0.780845 0.384481
vt 0.764670 0.383623
vt 0.768414 0.369442
vt 0.781260 0.357736
vt 0.795646 0.368617
vt 0.768694 0.357067
vt 0.777323 0.737269
vt 0.773988 0.746761
vt 0.766134 0.738108
vt 0.766408 0.722175
vt 0.778000 0.720983
vt 0.723815 0.116971
vt 0.740200 0.125014
vt 0.730182 0.125592
vt 0.734863 0.116752
vt 0.726144 0.101271
vt 0.782721 0.745466
vt 0.102398 0.110269
vt 0.085324 0.118735
vt 0.097747 0.103239
vt 0.509626 0.483406
vt 0.514844 0.486955
vt 0.506058 0.485062
vt 0.370717 0.015486
vt 0.409184 0.076586
vt 0.392097 0.088335
vt 0.100021 0.179196
vt 0.535189 0.411387
vt 0.189881 0.344481
vt 0.151940 0.356838
vt 0.151557 0.343225
vt 0.194894 0.342591
vt 0.195351 0.355242
vt 0.190961 0.356308
vt 0.190450 0.333383
vt 0.483246 0.081182
vt 0.482542 0.072474
vt 0.561773 0.721660
vt 0.575915 0.736068
vt 0.564730 0.744304
vt 0.567870 0.712311
vt 0.473675 0.082403
vt 0.800180 0.303308
vt 0.807435 0.306650
vt 0.796574 0.315938
vt 0.551627 0.730257
vt 0.608341 0.826888
vt 0.621673 0.826696
vt 0.621622 0.831347
vt 0.607007 0.812084
vt 0.594562 0.825101
vt 0.592231 0.811863
vt 0.608754 0.831285
vt 0.490719 0.028799
vt 0.479649 0.027450
vt 0.102071 0.476790
vt 0.110047 0.472715
vt 0.113598 0.474523
vt 0.106710 0.449041
vt 0.074718 0.214538
vt 0.074386 0.183123
vt 0.078398 0.183552
vt 0.885936 0.959284
vt 0.889362 0.963245
vt 0.885999 0.966168
vt 0.908782 0.940357
vt 0.071004 0.214265
vt 0.069173 0.219196
vt 0.190240 0.782618
vt 0.201719 0.744392
vt 0.223830 0.781046
vt 0.159038 0.075088
vt 0.186712 0.077226
vt 0.182148 0.114768
vt 0.183016 0.069478
vt 0.192198 0.785510
vt 0.171528 0.726830
vt 0.172864 0.803100
vt 0.736728 0.174995
vt 0.774434 0.177479
vt 0.736832 0.190396
vt 0.045591 0.250196
vt 0.067199 0.251671
vt 0.045882 0.251315
vt 0.029992 0.253380
vt 0.735719 0.163311
vt 0.774738 0.167836
vt 0.030893 0.249362
vt 0.382918 0.677427
vt 0.399343 0.678593
vt 0.400741 0.687139
vt 0.587570 0.700740
vt 0.573523 0.697294
vt 0.588788 0.696348
vt 0.388823 0.687103
vt 0.378099 0.681481
vt 0.695986 0.807514
vt 0.694076 0.790958
vt 0.082294 0.135407
vt 0.086398 0.137427
vt 0.082294 0.153597
vt 0.571934 0.702024
vt 0.319906 0.120676
vt 0.319994 0.124393
vt 0.314708 0.125537
vt 0.178341 0.033223
vt 0.172177 0.036799
vt 0.172151 0.032277
vt 0.183709 0.004957
vt 0.181981 0.034001
vt 0.168801 0.448047
vt 0.218396 0.494390
vt 0.158406 0.462169
vt 0.648107 0.385627
vt 0.662993 0.412838
vt 0.655289 0.418093
vt 0.638884 0.326659
vt 0.634812 0.327666
vt 0.646098 0.302074
vt 0.646094 0.331840
vt 0.662355 0.320063
vt 0.618516 0.406484
vt 0.538966 0.124618
vt 0.539012 0.128854
vt 0.528723 0.128251
vt 0.528963 0.124833
vt 0.548640 0.121656
vt 0.538989 0.120370
vt 0.443214 0.044519
vt 0.445298 0.036686
vt 0.228299 0.005359
vt 0.234344 0.020525
vt 0.225273 0.019993
vt 0.827470 0.013530
vt 0.819324 0.026308
vt 0.818517 0.011850
vt 0.961435 0.982380
vt 0.957629 0.972204
vt 0.968469 0.976473
vt 0.237285 0.014487
vt 0.949164 0.977485
vt 0.569562 0.291419
vt 0.568593 0.293406
vt 0.553015 0.277223
vt 0.562903 0.271760
vt 0.572584 0.269798
vt 0.599988 0.308000
vt 0.570490 0.293853
vt 0.967981 0.188260
vt 0.966866 0.236200
vt 0.965611 0.191677
vt 0.598744 0.339993
vt 0.262915 0.231630
vt 0.280852 0.219744
vt 0.260908 0.232922
vt 0.031845 0.966787
vt 0.031999 0.980679
vt 0.016384 0.981198
vt 0.016062 0.955157
vt 0.029947 0.954460
vt 0.017617 0.967296
vt 0.874437 0.231793
vt 0.873198 0.219090
vt 0.889767 0.230516
vt 0.875370 0.245686
vt 0.460113 0.330521
vt 0.476902 0.342916
vt 0.469235 0.349359
vt 0.602301 0.764785
vt 0.601020 0.747735
vt 0.644795 0.747093
vt 0.607128 0.059305
vt 0.609588 0.113598
vt 0.604493 0.062760
vt 0.460078 0.351993
vt 0.605469 0.058210
vt 0.460078 0.326787
vt 0.463564 0.329457
vt 0.637197 0.084306
vt 0.639987 0.132052
vt 0.604530 0.136082
vt 0.263843 0.066055
vt 0.273145 0.086542
vt 0.257048 0.068942
vt 0.838407 0.952400
vt 0.836987 0.896038
vt 0.835915 0.953413
vt 0.260746 0.064782
vt 0.303194 0.068975
vt 0.867183 0.920855
vt 0.171746 0.961551
vt 0.168744 0.963778
vt 0.170822 0.956128
vt 0.199996 0.955317
vt 0.951981 0.182396
vt 0.934717 0.156277
vt 0.941120 0.158364
vt 0.305967 0.112733
vt 0.292947 0.111877
vt 0.308794 0.055742
vt 0.942381 0.671159
vt 0.942381 0.727985
vt 0.930064 0.725735
vt 0.306066 0.113791
vt 0.702097 0.051886
vt 0.703834 0.039970
vt 0.715655 0.053078
vt 0.697892 0.071043
vt 0.688367 0.038417
vt 0.374392 0.039445
vt 0.357578 0.060636
vt 0.360596 0.040141
vt 0.369288 0.059346
vt 0.358123 0.027562
vt 0.407338 0.875456
vt 0.403353 0.878710
vt 0.374753 0.877016
vt 0.427191 0.846105
vt 0.409091 0.877822
vt 0.633587 0.950160
vt 0.617498 0.975665
vt 0.613497 0.971982
vt 0.223294 0.785048
vt 0.223616 0.788206
vt 0.193442 0.788327
vt 0.243354 0.783070
vt 0.252795 0.787877
vt 0.187976 0.027885
vt 0.201585 0.023539
vt 0.204796 0.035199
vt 0.177507 0.291260
vt 0.189680 0.298220
vt 0.193835 0.486619
vt 0.176606 0.500461
vt 0.175527 0.487921
vt 0.168772 0.276205
vt 0.172066 0.310394
vt 0.194338 0.005137
vt 0.430593 0.443929
vt 0.421454 0.450867
vt 0.417729 0.448448
vt 0.406914 0.411998
vt 0.431068 0.406631
vt 0.432315 0.446992
vt 0.465001 0.443369
vt 0.314117 0.315811
vt 0.324910 0.318990
vt 0.322437 0.322501
vt 0.304146 0.315736
vt 0.315500 0.312748
vt 0.314516 0.332715
vt 0.318602 0.332615
vt 0.151425 0.521424
vt 0.167940 0.512169
vt 0.168215 0.523340
vt 0.150961 0.531610
vt 0.135745 0.522631
vt 0.135735 0.511674
vt 0.151796 0.511472
vt 0.026833 0.589855
vt 0.000118 0.590388
vt 0.029383 0.560742
vt 0.059632 0.565114
vt 0.092839 0.406986
vt 0.095445 0.402466
vt 0.114999 0.421961
vt 0.471267 0.134184
vt 0.493742 0.118868
vt 0.494766 0.121469
vt 0.090674 0.405623
vt 0.054034 0.430391
vt 0.479649 0.001057
vt 0.099621 0.047999
vt 0.988780 0.447991
vt 0.972869 0.422954
vt 0.976834 0.421108
vt 0.075415 0.967913
vt 0.080556 0.964862
vt 0.078429 0.970830
vt 0.058072 0.991980
vt 0.708148 0.371324
vt 0.699910 0.373990
vt 0.728560 0.345933
vt 0.729585 0.349551
vt 0.710636 0.373426
vt 0.709563 0.375933
vt 0.706189 0.375372
vt 0.503983 0.584250
vt 0.516182 0.575469
vt 0.507234 0.590745
vt 0.201845 0.458111
vt 0.196212 0.452505
vt 0.198980 0.434837
vt 0.203379 0.443734
vt 0.198302 0.470143
vt 0.239977 0.446357
vt 0.239647 0.461687
vt 0.245516 0.089074
vt 0.239296 0.080462
vt 0.242116 0.078823
vt 0.260614 0.092064
vt 0.245404 0.094385
vt 0.248460 0.085689
vt 0.810840 0.784608
vt 0.814905 0.783703
vt 0.816001 0.795849
vt 0.812848 0.795446
vt 0.153001 0.932884
vt 0.290021 0.588399
vt 0.266844 0.544005
vt 0.268052 0.542024
vt 0.259772 0.599323
vt 0.345387 0.390488
vt 0.351438 0.384889
vt 0.372113 0.389341
vt 0.288994 0.548935
vt 0.332601 0.421810
vt 0.294233 0.587865
vt 0.719859 0.026184
vt 0.718030 0.041140
vt 0.707020 0.025989
vt 0.526345 0.665979
vt 0.527558 0.679239
vt 0.512215 0.662103
vt 0.518089 0.684719
vt 0.796784 0.383007
vt 0.795546 0.401075
vt 0.780543 0.399587
vt 0.951981 0.988780
vt 0.934188 0.966034
vt 0.937970 0.963624
vt 0.966891 0.355267
vt 0.963502 0.352012
vt 0.983980 0.331717
vt 0.961821 0.358599
vt 0.415701 0.462096
vt 0.411820 0.460031
vt 0.423953 0.454222
vt 0.561680 0.631051
vt 0.589194 0.655133
vt 0.558604 0.633760
vt 0.593457 0.651457
vt 0.333675 0.318686
vt 0.546630 0.881442
vt 0.552058 0.896431
vt 0.539901 0.891593
vt 0.106408 0.517992
vt 0.126392 0.521734
vt 0.106921 0.532120
vt 0.536490 0.871691
vt 0.558389 0.886307
vt 0.556789 0.873047
vt 0.126850 0.511618
vt 0.070780 0.378412
vt 0.067542 0.381793
vt 0.060221 0.369612
vt 0.064122 0.367648
vt 0.067167 0.363939
vt 0.073051 0.375262
vt 0.445208 0.002077
vt 0.461018 0.012761
vt 0.448975 0.014693
vt 0.200888 0.634599
vt 0.201914 0.649579
vt 0.190041 0.649641
vt 0.179196 0.814698
vt 0.172073 0.829641
vt 0.167992 0.815395
vt 0.214191 0.632663
vt 0.433206 0.004386
vt 0.458204 0.000121
vt 0.189537 0.809153
vt 0.205814 0.794716
vt 0.215095 0.795821
vt 0.932781 0.159507
vt 0.932781 0.216536
vt 0.920089 0.218588
vt 0.919929 0.159489
vt 0.932659 0.159012
vt 0.505327 0.021409
vt 0.496829 0.027199
vt 0.502053 0.004693
vt 0.508844 0.025508
vt 0.507071 0.004863
vt 0.175165 0.447681
vt 0.191798 0.453767
vt 0.175370 0.453246
vt 0.194140 0.438935
vt 0.186798 0.406615
vt 0.430391 0.902644
vt 0.427202 0.900469
vt 0.430391 0.843190
vt 0.150046 0.397693
vt 0.427639 0.905582
vt 0.219601 0.349303
vt 0.219840 0.352412
vt 0.218343 0.346833
vt 0.890240 0.544977
vt 0.903715 0.546214
vt 0.890354 0.547189
vt 0.268795 0.371192
vt 0.559817 0.867605
vt 0.572077 0.924417
vt 0.559817 0.927035
vt 0.903982 0.543432
vt 0.574389 0.921152
vt 0.902420 0.484722
vt 0.682488 0.977927
vt 0.679203 0.974982
vt 0.697586 0.952720
vt 0.888240 0.844696
vt 0.893220 0.815773
vt 0.897033 0.816919
vt 0.675649 0.977612
vt 0.678619 0.981619
vt 0.687682 0.680576
vt 0.704544 0.693862
vt 0.688893 0.694941
vt 0.522328 0.902094
vt 0.538121 0.906355
vt 0.528317 0.886570
vt 0.513686 0.915182
vt 0.509037 0.898149
vt 0.703327 0.679412
vt 0.852783 0.726385
vt 0.824459 0.705161
vt 0.849467 0.657932
vt 0.151775 0.071101
vt 0.852783 0.657139
vt 0.157619 0.073478
vt 0.158089 0.072247
vt 0.136541 0.090669
vt 0.849583 0.455231
vt 0.836313 0.523190
vt 0.836313 0.453064
vt 0.152270 0.696501
vt 0.140499 0.709580
vt 0.138707 0.695149
vt 0.793808 0.279146
vt 0.796784 0.292163
vt 0.779540 0.281438
vt 0.154554 0.711238
vt 0.791825 0.264140
vt 0.562773 0.489590
vt 0.567722 0.477073
vt 0.551769 0.489264
vt 0.185976 0.064870
vt 0.186001 0.029075
vt 0.201587 0.048855
vt 0.172594 0.040347
vt 0.196282 0.069492
vt 0.196972 0.066136
vt 0.171528 0.812784
vt 0.371345 0.334253
vt 0.370843 0.338846
vt 0.346592 0.335538
vt 0.344572 0.333244
vt 0.419279 0.323680
vt 0.420053 0.326588
vt 0.372052 0.338572
vt 0.370396 0.331520
vt 0.094399 0.036752
vt 0.095006 0.030696
vt 0.096657 0.036909
vt 0.090188 0.036267
vt 0.088855 0.059947
vt 0.942666 0.792352
vt 0.940639 0.798777
vt 0.939796 0.793109
vt 0.656627 0.340598
vt 0.665587 0.340213
vt 0.655392 0.344348
vt 0.643877 0.334941
vt 0.655092 0.336675
vt 0.664937 0.336360
vt 0.642160 0.338324
vt 0.644489 0.240837
vt 0.653545 0.239774
vt 0.653759 0.244162
vt 0.528616 0.164085
vt 0.491166 0.157700
vt 0.053831 0.981932
vt 0.039980 0.988291
vt 0.039980 0.966095
vt 0.996780 0.319764
vt 0.982146 0.324794
vt 0.977846 0.313316
vt 0.050758 0.960779
vt 0.065599 0.971161
vt 0.989112 0.309179
vt 0.056468 0.993580
vt 0.761267 0.588563
vt 0.765824 0.633695
vt 0.742803 0.635323
vt 0.725690 0.588993
vt 0.787184 0.588563
vt 0.364754 0.668742
vt 0.347324 0.653985
vt 0.362267 0.652454
vt 0.375992 0.684117
vt 0.366271 0.675535
vt 0.347318 0.669069
vt 0.375992 0.664877
vt 0.682810 0.140224
vt 0.690506 0.146434
vt 0.744689 0.287115
vt 0.745535 0.278429
vt 0.752565 0.287184
vt 0.407088 0.871982
vt 0.401083 0.855085
vt 0.417011 0.857112
vt 0.748264 0.307710
vt 0.732126 0.287547
vt 0.734408 0.279478
vt 0.737237 0.308794
vt 0.148162 0.204790
vt 0.147412 0.223658
vt 0.146766 0.205570
vt 0.149353 0.206602
vt 0.151089 0.189647
vt 0.147202 0.182800
vt 0.149043 0.185039
vt 0.820162 0.341416
vt 0.804883 0.336553
vt 0.820773 0.330931
vt 0.836428 0.330422
vt 0.835704 0.341979
vt 0.820807 0.352016
vt 0.805080 0.347810
vt 0.595677 0.937180
vt 0.597239 0.939545
vt 0.589859 0.940457
vt 0.937526 0.779184
vt 0.956641 0.754581
vt 0.960497 0.759422
vt 0.574113 0.912886
vt 0.099621 0.042025
vt 0.113524 0.659853
vt 0.102481 0.653740
vt 0.111622 0.651250
vt 0.126123 0.671831
vt 0.114122 0.675616
vt 0.124095 0.656852
vt 0.102175 0.662298
vt 0.748523 0.462169
vt 0.756027 0.460727
vt 0.307108 0.507190
vt 0.288290 0.441142
vt 0.306434 0.439376
vt 0.286108 0.506214
vt 0.759250 0.480393
vt 0.404253 0.813578
vt 0.418330 0.829113
vt 0.402323 0.828153
vt 0.387454 0.811919
vt 0.402854 0.810034
vt 0.422286 0.811137
vt 0.423680 0.814126
vt 0.648294 0.949240
vt 0.624966 0.930331
vt 0.419846 0.918960
vt 0.389414 0.917854
vt 0.395745 0.914189
vt 0.191970 0.855062
vt 0.194751 0.840311
vt 0.556789 0.831847
vt 0.556111 0.835986
vt 0.544229 0.838827
vt 0.541610 0.819684
vt 0.554578 0.817115
vt 0.543362 0.834792
vt 0.082432 0.847140
vt 0.079942 0.876468
vt 0.074632 0.874569
vt 0.440127 0.966416
vt 0.447449 0.966597
vt 0.442861 0.970447
vt 0.442840 0.961895
vt 0.419222 0.988171
vt 0.369593 0.001588
vt 0.320477 0.048220
vt 0.291237 0.021609
vt 0.322594 0.050578
vt 0.028802 0.012202
vt 0.034686 0.004380
vt 0.035140 0.016509
vt 0.549157 0.048526
vt 0.554087 0.061904
vt 0.545779 0.065843
vt 0.547279 0.040150
vt 0.560196 0.045038
vt 0.537686 0.051820
vt 0.028076 0.001000
vt 0.501335 0.223765
vt 0.501429 0.208198
vt 0.506565 0.223552
vt 0.499122 0.227195
vt 0.745585 0.701226
vt 0.729867 0.703391
vt 0.739811 0.695879
vt 0.738508 0.751985
vt 0.115655 0.742012
vt 0.123198 0.755178
vt 0.115545 0.756476
vt 0.066497 0.713951
vt 0.122862 0.739015
vt 0.771673 0.767985
vt 0.764218 0.747039
vt 0.783213 0.767119
vt 0.619186 0.233546
vt 0.619210 0.234772
vt 0.604289 0.235290
vt 0.620788 0.180313
vt 0.577497 0.937981
vt 0.541195 0.982380
vt 0.567958 0.930063
vt 0.577588 0.937743
vt 0.156973 0.466086
vt 0.266455 0.512733
vt 0.270500 0.513716
vt 0.211371 0.525689
vt 0.641374 0.462301
vt 0.616068 0.406537
vt 0.698812 0.798812
vt 0.745968 0.778450
vt 0.744411 0.790326
vt 0.942381 0.805710
vt 0.942381 0.863394
vt 0.909542 0.864690
vt 0.697620 0.757161
vt 0.745233 0.807482
vt 0.697620 0.835183
vt 0.107198 0.948781
vt 0.070837 0.948781
vt 0.107138 0.891097
vt 0.900824 0.808213
vt 0.209835 0.277095
vt 0.208138 0.278363
vt 0.207185 0.259487
vt 0.209534 0.258150
vt 0.214396 0.252560
vt 0.212560 0.289594
vt 0.870986 0.589092
vt 0.884642 0.585833
vt 0.884782 0.586992
vt 0.852591 0.190908
vt 0.854383 0.252262
vt 0.852983 0.252899
vt 0.884782 0.649587
vt 0.871459 0.585900
vt 0.099181 0.064232
vt 0.106598 0.083822
vt 0.093244 0.083865
vt 0.130397 0.000691
vt 0.926381 0.009018
vt 0.919972 0.071553
vt 0.887954 0.073599
vt 0.874966 0.009727
vt 0.102415 0.136270
vt 0.111998 0.132411
vt 0.111998 0.198396
vt 0.031510 0.995346
vt 0.887749 0.260939
vt 0.873198 0.261037
vt 0.887040 0.245773
vt 0.327906 0.749039
vt 0.349323 0.750471
vt 0.335580 0.753666
vt 0.323231 0.772183
vt 0.329714 0.778280
vt 0.316277 0.775509
vt 0.323790 0.744024
vt 0.338573 0.742670
vt 0.307827 0.769686
vt 0.320866 0.764443
vt 0.795184 0.878382
vt 0.782115 0.877966
vt 0.795184 0.811073
vt 0.560084 0.927981
vt 0.537781 0.407978
vt 0.546847 0.413366
vt 0.545071 0.428791
vt 0.778912 0.315361
vt 0.796670 0.326823
vt 0.524483 0.395859
vt 0.538027 0.397546
vt 0.778424 0.328150
vt 0.525535 0.407490
vt 0.824836 0.612452
vt 0.831983 0.630468
vt 0.777700 0.612951
vt 0.739339 0.853395
vt 0.691185 0.751985
vt 0.713796 0.704922
vt 0.722961 0.750923
vt 0.700587 0.705767
vt 0.688288 0.853536
vt 0.205531 0.363707
vt 0.242372 0.367432
vt 0.206672 0.374832
vt 0.201749 0.365167
vt 0.721139 0.288148
vt 0.652707 0.286173
vt 0.653854 0.247758
vt 0.722044 0.249480
vt 0.721295 0.292245
vt 0.653108 0.290140
vt 0.441899 0.327497
vt 0.440307 0.306672
vt 0.446391 0.306155
vt 0.436981 0.331607
vt 0.446391 0.332793
vt 0.741938 0.465564
vt 0.166731 0.579045
vt 0.168588 0.593588
vt 0.121014 0.589308
vt 0.142656 0.453725
vt 0.134659 0.457441
vt 0.138371 0.432507
vt 0.145908 0.457591
vt 0.143924 0.434979
vt 0.251215 0.466716
vt 0.249423 0.453948
vt 0.266304 0.449370
vt 0.245337 0.462374
vt 0.838383 0.014659
vt 0.832594 0.024791
vt 0.832683 0.010879
vt 0.836145 0.024731
vt 0.824774 0.379440
vt 0.844783 0.380149
vt 0.842512 0.384004
vt 0.824937 0.390583
vt 0.150133 0.331252
vt 0.120992 0.319924
vt 0.187211 0.308110
vt 0.148009 0.327993
vt 0.127069 0.297161
vt 0.171399 0.299976
vt 0.166332 0.802886
vt 0.152336 0.804246
vt 0.165500 0.788750
vt 0.455926 0.034540
vt 0.465429 0.034486
vt 0.732757 0.162542
vt 0.189877 0.242921
vt 0.201596 0.251859
vt 0.025146 0.444889
vt 0.066799 0.449727
vt 0.054646 0.490773
vt 0.011194 0.441019
vt 0.013676 0.485923
vt 0.069173 0.182427
vt 0.988823 0.129068
vt 0.985964 0.125646
vt 0.991980 0.125192
vt 0.786788 0.751985
vt 0.786788 0.677694
vt 0.814384 0.699656
vt 0.811548 0.143305
vt 0.820784 0.148333
vt 0.811548 0.217596
vt 0.382195 0.557455
vt 0.381935 0.557253
vt 0.397273 0.557746
vt 0.387605 0.604752
vt 0.739185 0.010773
vt 0.723151 0.012046
vt 0.722239 0.006863
vt 0.281594 0.629798
vt 0.279846 0.635087
vt 0.264212 0.633763
vt 0.267229 0.626287
vt 0.738291 0.015971
vt 0.430391 0.750174
vt 0.429960 0.767443
vt 0.424303 0.747459
vt 0.084798 0.043953
vt 0.084798 0.060799
vt 0.079675 0.045446
vt 0.517333 0.808709
vt 0.515915 0.797609
vt 0.532481 0.806648
vt 0.438871 0.649473
vt 0.435012 0.664012
vt 0.421245 0.662524
vt 0.513277 0.825536
vt 0.588788 0.113817
vt 0.572709 0.102365
vt 0.588467 0.101068
vt 0.573225 0.115198
vt 0.423302 0.649428
vt 0.672750 0.353396
vt 0.724075 0.312783
vt 0.718620 0.404696
vt 0.371193 0.211355
vt 0.356373 0.255916
vt 0.337257 0.245660
vt 0.651171 0.379929
vt 0.070712 0.318507
vt 0.070941 0.331648
vt 0.068347 0.333906
vt 0.055351 0.328970
vt 0.541668 0.172118
vt 0.529666 0.172496
vt 0.539368 0.168369
vt 0.531723 0.191278
vt 0.550389 0.167925
vt 0.830383 0.043788
vt 0.818451 0.046143
vt 0.229815 0.035364
vt 0.241595 0.036582
vt 0.234401 0.044799
vt 0.225273 0.043402
vt 0.828800 0.053149
vt 0.366390 0.237248
vt 0.381024 0.236133
vt 0.372294 0.240458
vt 0.515152 0.238502
vt 0.515435 0.233297
vt 0.528718 0.232177
vt 0.809584 0.807428
vt 0.808486 0.798279
vt 0.960109 0.177688
vt 0.946748 0.150949
vt 0.808010 0.566033
vt 0.821942 0.562249
vt 0.825877 0.574171
vt 0.812796 0.577714
vt 0.819229 0.548561
vt 0.804071 0.552284
vt 0.265290 0.985875
vt 0.249658 0.985088
vt 0.267659 0.971915
vt 0.266012 0.998353
vt 0.603308 0.693210
vt 0.602897 0.675462
vt 0.271418 0.380001
vt 0.287994 0.418367
vt 0.897716 0.549545
vt 0.934381 0.549545
vt 0.904563 0.609588
vt 0.576182 0.273030
vt 0.598429 0.236359
vt 0.602196 0.292794
vt 0.132773 0.258666
vt 0.303194 0.179048
vt 0.272433 0.147450
vt 0.527851 0.929491
vt 0.566936 0.929237
vt 0.527851 0.975195
vt 0.140690 0.234492
vt 0.146148 0.406392
vt 0.146148 0.376264
vt 0.150397 0.377029
vt 0.385592 0.100969
vt 0.378786 0.102398
vt 0.376594 0.100550
vt 0.267195 0.018929
vt 0.261274 0.047999
vt 0.261274 0.017643
vt 0.381149 0.097522
vt 0.385592 0.072672
vt 0.332974 0.531908
vt 0.295907 0.538845
vt 0.692145 0.925743
vt 0.703982 0.926467
vt 0.558441 0.638840
vt 0.555051 0.659248
vt 0.544824 0.640938
vt 0.693122 0.917723
vt 0.544646 0.633076
vt 0.556598 0.630996
vt 0.979365 0.266790
vt 0.974345 0.263299
vt 0.990380 0.240276
vt 0.977760 0.270185
vt 0.895164 0.280942
vt 0.924441 0.278137
vt 0.919645 0.282944
vt 0.587830 0.514035
vt 0.577422 0.517588
vt 0.575219 0.511683
vt 0.577343 0.508235
vt 0.591247 0.510669
vt 0.599610 0.514502
vt 0.621838 0.812364
vt 0.636787 0.824559
vt 0.083590 0.498689
vt 0.084416 0.503217
vt 0.055908 0.495686
vt 0.058794 0.491590
vt 0.071041 0.450257
vt 0.464420 0.406794
vt 0.466177 0.402498
vt 0.093557 0.454661
vt 0.238497 0.859183
vt 0.238497 0.794618
vt 0.241595 0.794885
vt 0.013105 0.239600
vt 0.000024 0.308794
vt 0.000779 0.239946
vt 0.015825 0.237308
vt 0.018400 0.239567
vt 0.000364 0.238824
vt 0.635187 0.819184
vt 0.632189 0.818921
vt 0.635161 0.754621
vt 0.000107 0.236423
vt 0.000024 0.176440
vt 0.348888 0.639666
vt 0.360849 0.637865
vt 0.251742 0.156785
vt 0.255995 0.167686
vt 0.245641 0.163628
vt 0.347240 0.626704
vt 0.938151 0.116133
vt 0.940895 0.107411
vt 0.962895 0.105110
vt 0.952419 0.117699
vt 0.781640 0.641379
vt 0.779601 0.626927
vt 0.780793 0.654720
vt 0.831837 0.662619
vt 0.501131 0.423052
vt 0.572243 0.042471
vt 0.580295 0.057203
vt 0.569409 0.034221
vt 0.572130 0.057904
vt 0.557876 0.036661
vt 0.896773 0.318178
vt 0.879776 0.312832
vt 0.697586 0.475190
vt 0.674340 0.445350
vt 0.676814 0.444345
vt 0.152064 0.013147
vt 0.151837 0.000667
vt 0.164797 0.000787
vt 0.164797 0.014400
vt 0.234127 0.998380
vt 0.235280 0.985855
vt 0.247099 0.997738
vt 0.241314 0.426516
vt 0.245039 0.447610
vt 0.201886 0.423191
vt 0.838383 0.081598
vt 0.829459 0.025269
vt 0.810840 0.855983
vt 0.209644 0.042296
vt 0.908047 0.543989
vt 0.908047 0.494804
vt 0.966381 0.502217
vt 0.878383 0.885637
vt 0.868674 0.942381
vt 0.868674 0.885127
vt 0.965391 0.538921
vt 0.354483 0.938042
vt 0.376328 0.958689
vt 0.371510 0.961921
vt 0.210724 0.944244
vt 0.196729 0.916347
vt 0.219048 0.939404
vt 0.219701 0.942239
vt 0.212831 0.949131
vt 0.196729 0.972781
vt 0.350601 0.755549
vt 0.367667 0.754507
vt 0.939931 0.055999
vt 0.939931 0.000025
vt 0.951981 0.004938
vt 0.937877 0.897605
vt 0.938468 0.896721
vt 0.950324 0.900557
vt 0.937877 0.953581
vt 0.334612 0.896744
vt 0.364793 0.923575
vt 0.336425 0.955181
vt 0.333040 0.896713
vt 0.762781 0.583988
vt 0.796374 0.538539
vt 0.801129 0.572228
vt 0.762781 0.520769
vt 0.765077 0.520850
vt 0.854821 0.181691
vt 0.856014 0.180665
vt 0.856082 0.249223
vt 0.479054 0.208109
vt 0.484154 0.231188
vt 0.480364 0.235076
vt 0.485902 0.208600
vt 0.070399 0.003781
vt 0.066103 0.000075
vt 0.597975 0.911542
vt 0.573497 0.911542
vt 0.604644 0.849489
vt 0.052796 0.682803
vt 0.039031 0.725269
vt 0.026773 0.680060
vt 0.054798 0.728179
vt 0.625587 0.911982
vt 0.076798 0.684637
vt 0.913819 0.603730
vt 0.926381 0.601290
vt 0.926370 0.602784
vt 0.913442 0.660359
vt 0.909654 0.662387
vt 0.926381 0.659063
vt 0.859788 0.351613
vt 0.846991 0.420492
vt 0.846991 0.351699
vt 0.862208 0.352411
vt 0.859447 0.420792
vt 0.911659 0.605080
vt 0.835922 0.967245
vt 0.830655 0.969008
vt 0.831415 0.963882
vt 0.854383 0.945165
vt 0.832941 0.970934
vt 0.070943 0.083501
vt 0.070861 0.080798
vt 0.080057 0.078735
vt 0.081098 0.083002
vt 0.077412 0.121547
vt 0.191253 0.677494
vt 0.205709 0.668482
vt 0.208003 0.676614
vt 0.175497 0.675919
vt 0.180792 0.668642
vt 0.169830 0.725069
vt 0.236220 0.819368
vt 0.420807 0.626085
vt 0.407082 0.644173
vt 0.418125 0.651335
vt 0.510242 0.238162
vt 0.501634 0.292127
vt 0.484368 0.261772
vt 0.437616 0.259264
vt 0.512430 0.237773
vt 0.539189 0.304794
vt 0.539189 0.179572
vt 0.202324 0.184796
vt 0.130397 0.170397
vt 0.778713 0.168354
vt 0.780165 0.177554
vt 0.437962 0.520404
vt 0.489590 0.559989
vt 0.435712 0.524379
vt 0.780784 0.102828
vt 0.430067 0.518108
vt 0.135515 0.929581
vt 0.120003 0.927603
vt 0.115921 0.865315
vt 0.378294 0.732121
vt 0.372181 0.746515
vt 0.281594 0.681586
vt 0.126926 0.866306
vt 0.166348 0.929581
vt 0.246713 0.678035
vt 0.301694 0.268820
vt 0.293251 0.268690
vt 0.298867 0.262621
vt 0.298703 0.308761
vt 0.312963 0.264144
vt 0.313795 0.268250
vt 0.313341 0.307769
vt 0.795381 0.337389
vt 0.796480 0.348311
vt 0.781033 0.348005
vt 0.805656 0.325608
vt 0.972780 0.084925
vt 0.959087 0.088301
vt 0.932687 0.934964
vt 0.931794 0.913788
vt 0.935981 0.919040
vt 0.903327 0.263996
vt 0.901869 0.259008
vt 0.925871 0.934134
vt 0.594854 0.830562
vt 0.608799 0.838383
vt 0.592231 0.836874
vt 0.489321 0.824072
vt 0.474016 0.822866
vt 0.474761 0.810176
vt 0.489566 0.811095
vt 0.503117 0.824370
vt 0.491386 0.838155
vt 0.476359 0.838482
vt 0.106182 0.702542
vt 0.109213 0.722424
vt 0.094421 0.726385
vt 0.096389 0.705112
vt 0.097134 0.696667
vt 0.116063 0.699987
vt 0.107469 0.693385
vt 0.397699 0.440872
vt 0.399192 0.503110
vt 0.384073 0.440565
vt 0.763185 0.899133
vt 0.749948 0.902382
vt 0.762530 0.898274
vt 0.381105 0.962334
vt 0.379415 0.965261
vt 0.395192 0.935103
vt 0.003386 0.750011
vt 0.543864 0.698987
vt 0.558697 0.698444
vt 0.557000 0.703231
vt 0.542800 0.684264
vt 0.541820 0.703339
vt 0.867146 0.288813
vt 0.869641 0.282649
vt 0.870801 0.288014
vt 0.864370 0.282981
vt 0.000230 0.033599
vt 0.000230 0.031193
vt 0.006400 0.031689
vt 0.278876 0.733701
vt 0.264415 0.738637
vt 0.248275 0.690501
vt 0.142094 0.860435
vt 0.161816 0.851863
vt 0.159471 0.860783
vt 0.297258 0.726357
vt 0.284617 0.739372
vt 0.139918 0.852683
vt 0.801477 0.478321
vt 0.804453 0.477639
vt 0.807636 0.479488
vt 0.624562 0.300794
vt 0.626493 0.246392
vt 0.638989 0.250405
vt 0.284866 0.013600
vt 0.226060 0.000021
vt 0.285089 0.000600
vt 0.111458 0.098416
vt 0.111190 0.075415
vt 0.123932 0.074735
vt 0.803956 0.498715
vt 0.139997 0.140797
vt 0.286885 0.013366
vt 0.203952 0.289594
vt 0.420683 0.605267
vt 0.437820 0.597432
vt 0.422000 0.609322
vt 0.338341 0.657655
vt 0.248920 0.177769
vt 0.255995 0.196623
vt 0.245941 0.192326
vt 0.233120 0.177085
vt 0.137265 0.497531
vt 0.152559 0.489968
vt 0.152085 0.500624
vt 0.137822 0.485502
vt 0.129038 0.488675
vt 0.127964 0.499559
vt 0.151094 0.221322
vt 0.057703 0.258336
vt 0.145305 0.222546
vt 0.459191 0.331993
vt 0.433030 0.266551
vt 0.239195 0.258395
vt 0.177596 0.865315
vt 0.188796 0.874069
vt 0.180193 0.876783
vt 0.180193 0.809395
vt 0.643051 0.247380
vt 0.722995 0.240585
vt 0.722380 0.245770
vt 0.816664 0.529677
vt 0.827505 0.532998
vt 0.816395 0.533657
vt 0.800709 0.537510
vt 0.802031 0.532601
vt 0.838024 0.527604
vt 0.751017 0.807149
vt 0.751724 0.785459
vt 0.815468 0.523265
vt 0.967676 0.302764
vt 0.965951 0.317588
vt 0.024408 0.759344
vt 0.977762 0.297638
vt 0.045695 0.751325
vt 0.746781 0.642902
vt 0.764985 0.645054
vt 0.746743 0.646871
vt 0.806657 0.181250
vt 0.855436 0.699688
vt 0.868384 0.699379
vt 0.855436 0.767985
vt 0.491421 0.235195
vt 0.460390 0.158743
vt 0.476790 0.220796
vt 0.902230 0.744301
vt 0.609588 0.000378
vt 0.592517 0.053548
vt 0.901997 0.804784
vt 0.951953 0.595508
vt 0.951981 0.597013
vt 0.939126 0.598388
vt 0.939126 0.542859
vt 0.321986 0.402776
vt 0.320376 0.377878
vt 0.072576 0.128874
vt 0.068647 0.150887
vt 0.001619 0.151994
vt 0.066425 0.129445
vt 0.002757 0.156000
vt 0.157811 0.178288
vt 0.158217 0.179908
vt 0.123097 0.719414
vt 0.313497 0.689021
vt 0.320395 0.677683
vt 0.321188 0.694386
vt 0.189395 0.553792
vt 0.177717 0.572808
vt 0.174610 0.555066
vt 0.186997 0.537174
vt 0.938420 0.343949
vt 0.604788 0.115061
vt 0.580927 0.166140
vt 0.578829 0.166240
vt 0.328560 0.173858
vt 0.325544 0.171050
vt 0.327631 0.168410
vt 0.321638 0.182914
vt 0.385592 0.217596
vt 0.330578 0.171222
vt 0.383601 0.187482
vt 0.300727 0.312134
vt 0.293064 0.313719
vt 0.769811 0.328343
vt 0.777754 0.336877
vt 0.766794 0.336850
vt 0.134888 0.532592
vt 0.126020 0.530938
vt 0.838383 0.377592
vt 0.824135 0.373169
vt 0.836488 0.369295
vt 0.762874 0.409592
vt 0.754881 0.406379
vt 0.759127 0.398550
vt 0.008614 0.020704
vt 0.009600 0.020803
vt 0.008614 0.033599
vt 0.074060 0.341884
vt 0.073762 0.325024
vt 0.085102 0.331966
vt 0.380792 0.180796
vt 0.369490 0.168866
vt 0.380792 0.158548
vt 0.060799 0.864940
vt 0.056813 0.866658
vt 0.058645 0.847269
vt 0.258773 0.460858
vt 0.268795 0.471172
vt 0.268305 0.475190
vt 0.256791 0.464716
vt 0.268795 0.449370
vt 0.366722 0.169908
vt 0.570933 0.447770
vt 0.570130 0.431913
vt 0.574271 0.416742
vt 0.224274 0.115210
vt 0.223292 0.120230
vt 0.492237 0.770733
vt 0.494256 0.786081
vt 0.954808 0.358887
vt 0.957637 0.387606
vt 0.949949 0.388485
vt 0.005069 0.324003
vt 0.025599 0.302136
vt 0.011631 0.327674
vt 0.954675 0.351369
vt 0.958345 0.358431
vt 0.961163 0.387027
vt 0.530424 0.835888
vt 0.527926 0.822016
vt 0.518937 0.840224
vt 0.515428 0.835821
vt 0.376243 0.072579
vt 0.285133 0.030419
vt 0.277080 0.026806
vt 0.281106 0.025080
vt 0.281776 0.033971
vt 0.375366 0.098180
vt 0.305877 0.114902
vt 0.308794 0.175996
vt 0.292489 0.114861
vt 0.349101 0.060898
vt 0.351123 0.040482
vt 0.347448 0.069558
vt 0.337341 0.063235
vt 0.305780 0.661226
vt 0.320817 0.663956
vt 0.308733 0.645413
vt 0.289185 0.659670
vt 0.293333 0.644425
vt 0.167754 0.538929
vt 0.170158 0.554808
vt 0.742855 0.328344
vt 0.758362 0.330857
vt 0.741560 0.332510
vt 0.172210 0.539180
vt 0.743742 0.319733
vt 0.758925 0.323551
vt 0.755851 0.738806
vt 0.747504 0.738548
vt 0.754104 0.723450
vt 0.754589 0.746922
vt 0.167366 0.478129
vt 0.175105 0.478419
vt 0.167395 0.487546
vt 0.165295 0.160541
vt 0.159826 0.168764
vt 0.160783 0.162350
vt 0.169055 0.169284
vt 0.164257 0.169597
vt 0.159825 0.094194
vt 0.169597 0.160281
vt 0.669095 0.653993
vt 0.662800 0.619202
vt 0.665857 0.619104
vt 0.064304 0.215996
vt 0.064304 0.175255
vt 0.067199 0.214263
vt 0.227815 0.323028
vt 0.200363 0.331489
vt 0.706871 0.606826
vt 0.707077 0.666837
vt 0.674979 0.684786
vt 0.665601 0.653002
vt 0.570306 0.861460
vt 0.574382 0.861646
vt 0.574382 0.891182
vt 0.574389 0.856479
vt 0.570300 0.856299
vt 0.347193 0.293109
vt 0.346395 0.292961
vt 0.347193 0.261114
vt 0.966381 0.822383
vt 0.957060 0.793892
vt 0.962087 0.793404
vt 0.197896 0.388203
vt 0.202526 0.375921
vt 0.001418 0.493563
vt 0.012291 0.489623
vt 0.010584 0.493354
vt 0.000550 0.489490
vt 0.189645 0.392080
vt 0.202330 0.388809
vt 0.606970 0.453589
vt 0.594734 0.460531
vt 0.087540 0.704721
vt 0.091769 0.701736
vt 0.210574 0.047269
vt 0.220703 0.063053
vt 0.208419 0.065178
vt 0.207828 0.045729
vt 0.361416 0.437986
vt 0.540322 0.005201
vt 0.519086 0.054020
vt 0.495287 0.051702
vt 0.368829 0.300531
vt 0.523014 0.052076
vt 0.327268 0.302460
vt 0.367306 0.297571
vt 0.542976 0.002490
vt 0.588006 0.681898
vt 0.557999 0.683958
vt 0.558307 0.670949
vt 0.566963 0.012714
vt 0.567267 0.000222
vt 0.968423 0.825252
vt 0.975313 0.837277
vt 0.960017 0.841280
vt 0.055999 0.041599
vt 0.034003 0.028451
vt 0.055202 0.028893
vt 0.961366 0.827764
vt 0.668354 0.412225
vt 0.697586 0.379442
vt 0.667619 0.415612
vt 0.614500 0.295003
vt 0.631048 0.331030
vt 0.178690 0.651336
vt 0.140509 0.642513
vt 0.178952 0.647901
vt 0.169752 0.687986
vt 0.538907 0.164345
vt 0.550389 0.124390
vt 0.550049 0.164148
vt 0.974590 0.956027
vt 0.436913 0.016859
vt 0.876879 0.139197
vt 0.876879 0.074009
vt 0.884782 0.133801
vt 0.028799 0.233595
vt 0.005584 0.182083
vt 0.028799 0.168406
vt 0.259262 0.235438
vt 0.001021 0.955441
vt 0.736775 0.056035
vt 0.751985 0.058296
vt 0.739272 0.077581
vt 0.729108 0.076848
vt 0.722565 0.056035
vt 0.590258 0.111591
vt 0.607532 0.112932
vt 0.592260 0.055646
vt 0.590129 0.112056
vt 0.164340 0.273902
vt 0.659041 0.621949
vt 0.640063 0.591644
vt 0.662202 0.652616
vt 0.957592 0.876916
vt 0.340574 0.355045
vt 0.345593 0.356267
vt 0.340560 0.384811
vt 0.825583 0.418727
vt 0.816389 0.422700
vt 0.814862 0.417868
vt 0.825338 0.436477
vt 0.287832 0.537035
vt 0.288237 0.523332
vt 0.291265 0.536910
vt 0.292014 0.550036
vt 0.253097 0.472402
vt 0.259527 0.474738
vt 0.262395 0.491534
vt 0.254851 0.491252
vt 0.245971 0.468321
vt 0.254460 0.469164
vt 0.920894 0.285406
vt 0.333535 0.954118
vt 0.320316 0.954264
vt 0.320413 0.895892
vt 0.593784 0.579487
vt 0.592461 0.577050
vt 0.597005 0.575371
vt 0.596634 0.579551
vt 0.595180 0.590837
vt 0.594142 0.591384
vt 0.265986 0.761762
vt 0.281883 0.762901
vt 0.262478 0.772934
vt 0.260170 0.788272
vt 0.317624 0.335637
vt 0.323566 0.346271
vt 0.749757 0.395384
vt 0.764785 0.374863
vt 0.099185 0.400491
vt 0.085454 0.357093
vt 0.129228 0.381461
vt 0.120560 0.421622
vt 0.452372 0.267977
vt 0.455991 0.266727
vt 0.455277 0.292794
vt 0.447822 0.263219
vt 0.453750 0.292442
vt 0.447822 0.292158
vt 0.533549 0.793739
vt 0.524979 0.775365
vt 0.586269 0.081436
vt 0.514903 0.777578
vt 0.798101 0.490493
vt 0.779153 0.467341
vt 0.781914 0.463125
vt 0.140530 0.611168
vt 0.141253 0.639324
vt 0.795741 0.495990
vt 0.114011 0.590947
vt 0.553845 0.375470
vt 0.564680 0.375665
vt 0.568247 0.387383
vt 0.499381 0.618572
vt 0.516116 0.605356
vt 0.513875 0.620087
vt 0.556234 0.387912
vt 0.491325 0.622233
vt 0.499506 0.606889
vt 0.495051 0.635187
vt 0.194418 0.467368
vt 0.190194 0.466405
vt 0.147987 0.357069
vt 0.148401 0.344299
vt 0.151928 0.371193
vt 0.463809 0.081917
vt 0.461991 0.103294
vt 0.449217 0.101590
vt 0.454250 0.080893
vt 0.101484 0.037561
vt 0.107179 0.012613
vt 0.107989 0.034813
vt 0.110354 0.038399
vt 0.424961 0.032443
vt 0.429108 0.038167
vt 0.424961 0.062399
vt 0.101484 0.007106
vt 0.435848 0.033600
vt 0.250491 0.859683
vt 0.248609 0.836003
vt 0.283531 0.831685
vt 0.241912 0.855310
vt 0.245788 0.883182
vt 0.241193 0.870580
vt 0.295640 0.883182
vt 0.153597 0.681022
vt 0.143792 0.683566
vt 0.145775 0.667821
vt 0.588788 0.056812
vt 0.765358 0.453105
vt 0.757060 0.414225
vt 0.759211 0.410461
vt 0.296472 0.238395
vt 0.285508 0.222048
vt 0.288458 0.220616
vt 0.473829 0.937078
vt 0.462799 0.964781
vt 0.557233 0.710386
vt 0.541205 0.710021
vt 0.008597 0.726411
vt 0.816664 0.261343
vt 0.836515 0.276258
vt 0.821000 0.276248
vt 0.804519 0.260541
vt 0.831471 0.261769
vt 0.174084 0.575330
vt 0.550106 0.314105
vt 0.554077 0.305037
vt 0.554628 0.315023
vt 0.288964 0.023767
vt 0.290152 0.036786
vt 0.575988 0.377593
vt 0.139997 0.004179
vt 0.121780 0.072047
vt 0.288336 0.036258
vt 0.550095 0.303979
vt 0.225102 0.001588
vt 0.345840 0.099559
vt 0.775362 0.643233
vt 0.405524 0.589667
vt 0.408006 0.548132
vt 0.419501 0.593382
vt 0.493631 0.894165
vt 0.514975 0.920278
vt 0.509805 0.923480
vt 0.971275 0.063017
vt 0.946973 0.081111
vt 0.967621 0.058690
vt 0.975330 0.057954
vt 0.976919 0.061401
vt 0.988780 0.087998
vt 0.441053 0.147824
vt 0.476790 0.090725
vt 0.435636 0.151195
vt 0.473661 0.265851
vt 0.479990 0.335374
vt 0.429950 0.690309
vt 0.408650 0.732843
vt 0.415626 0.687649
vt 0.441591 0.693726
vt 0.431014 0.742385
vt 0.513277 0.847008
vt 0.530060 0.847983
vt 0.433726 0.682491
vt 0.590774 0.757077
vt 0.598116 0.771597
vt 0.578642 0.767315
vt 0.582261 0.746810
vt 0.724689 0.587188
vt 0.710861 0.585919
vt 0.359418 0.836933
vt 0.371193 0.899182
vt 0.328713 0.834615
vt 0.886121 0.075844
vt 0.916782 0.079612
vt 0.886371 0.139197
vt 0.345507 0.028025
vt 0.332872 0.808832
vt 0.383486 0.240936
vt 0.000768 0.175053
vt 0.809584 0.731070
vt 0.403192 0.170326
vt 0.599759 0.557749
vt 0.590632 0.559535
vt 0.001128 0.131389
vt 0.839983 0.532053
vt 0.837573 0.547143
vt 0.025599 0.029529
vt 0.018585 0.031328
vt 0.018275 0.027964
vt 0.020351 0.026553
vt 0.025599 0.000901
vt 0.857482 0.625363
vt 0.871983 0.622919
vt 0.867440 0.628787
vt 0.293187 0.640018
vt 0.856376 0.621226
vt 0.283760 0.634838
vt 0.297713 0.633181
vt 0.739617 0.346968
vt 0.737184 0.361490
vt 0.866411 0.009018
vt 0.911769 0.483190
vt 0.911769 0.423131
vt 0.924782 0.482546
vt 0.270171 0.375246
vt 0.323194 0.363707
vt 0.578242 0.876782
vt 0.578242 0.815588
vt 0.582388 0.816863
vt 0.967260 0.703986
vt 0.949798 0.703548
vt 0.969303 0.700463
vt 0.386053 0.159489
vt 0.519274 0.353651
vt 0.518827 0.361536
vt 0.504870 0.355014
vt 0.494256 0.317454
vt 0.540148 0.350726
vt 0.526311 0.310611
vt 0.406392 0.608045
vt 0.399200 0.559714
vt 0.599754 0.380512
vt 0.605392 0.372238
vt 0.601051 0.381747
vt 0.598128 0.380402
vt 0.601556 0.372717
vt 0.243152 0.136784
vt 0.935895 0.119998
vt 0.374392 0.140401
vt 0.541205 0.660860
vt 0.544827 0.669775
vt 0.748982 0.676293
vt 0.762273 0.662837
vt 0.763202 0.676787
vt 0.797127 0.215125
vt 0.784708 0.209477
vt 0.809549 0.222557
vt 0.800988 0.196625
vt 0.745986 0.662051
vt 0.232226 0.736902
vt 0.230677 0.740723
vt 0.201965 0.739144
vt 0.251376 0.741233
vt 0.483613 0.264519
vt 0.919982 0.231938
vt 0.906766 0.268795
vt 0.906766 0.207487
vt 0.126799 0.464955
vt 0.131197 0.467573
vt 0.120727 0.468791
vt 0.131197 0.441834
vt 0.124194 0.445478
vt 0.393266 0.416366
vt 0.418703 0.406116
vt 0.421321 0.086398
vt 0.408145 0.055678
vt 0.417019 0.034393
vt 0.229258 0.113671
vt 0.226907 0.082206
vt 0.229953 0.085291
vt 0.235544 0.116798
vt 0.226907 0.116595
vt 0.235283 0.111434
vt 0.024161 0.387052
vt 0.031401 0.397947
vt 0.055226 0.356218
vt 0.106740 0.587611
vt 0.119251 0.587459
vt 0.119998 0.590388
vt 0.093814 0.584825
vt 0.016799 0.376727
vt 0.673326 0.564157
vt 0.685476 0.581851
vt 0.671254 0.579864
vt 0.658190 0.562072
vt 0.659171 0.557837
vt 0.673811 0.560134
vt 0.687321 0.565792
vt 0.136174 0.669835
vt 0.133578 0.655375
vt 0.145477 0.653226
vt 0.131436 0.686357
vt 0.903635 0.415992
vt 0.899160 0.356003
vt 0.901273 0.356965
vt 0.891616 0.351993
vt 0.899761 0.415460
vt 0.924782 0.381075
vt 0.237588 0.951932
vt 0.222204 0.949600
vt 0.237493 0.948460
vt 0.255826 0.951265
vt 0.254158 0.954615
vt 0.251412 0.969808
vt 0.234425 0.970718
vt 0.639270 0.769531
vt 0.688024 0.775262
vt 0.686778 0.790024
vt 0.638642 0.751252
vt 0.560156 0.854383
vt 0.560156 0.785056
vt 0.582388 0.801909
vt 0.857583 0.153597
vt 0.847587 0.150330
vt 0.857583 0.084273
vt 0.239195 0.570403
vt 0.221542 0.580472
vt 0.045666 0.274142
vt 0.038277 0.286213
vt 0.036033 0.276835
vt 0.038124 0.270282
vt 0.041114 0.255739
vt 0.256740 0.807836
vt 0.246125 0.819184
vt 0.247462 0.811947
vt 0.257352 0.802996
vt 0.071870 0.017600
vt 0.071870 0.000455
vt 0.076798 0.003686
vt 0.273974 0.804112
vt 0.216442 0.646730
vt 0.219415 0.661864
vt 0.983980 0.930805
vt 0.977869 0.943549
vt 0.965042 0.939388
vt 0.090081 0.315437
vt 0.581217 0.387035
vt 0.577362 0.408919
vt 0.781323 0.220275
vt 0.769863 0.206676
vt 0.781339 0.238778
vt 0.766153 0.218421
vt 0.230936 0.744829
vt 0.780784 0.188432
vt 0.777602 0.190293
vt 0.265863 0.621207
vt 0.271043 0.608071
vt 0.278029 0.618856
vt 0.252809 0.619521
vt 0.255824 0.605696
vt 0.126872 0.950914
vt 0.132002 0.946631
vt 0.937581 0.201939
vt 0.937581 0.259195
vt 0.925392 0.255983
vt 0.014917 0.511138
vt 0.068349 0.514234
vt 0.030682 0.553319
vt 0.475523 0.207996
vt 0.492094 0.176339
vt 0.861177 0.323293
vt 0.862028 0.321806
vt 0.875182 0.387192
vt 0.641587 0.536408
vt 0.640064 0.588369
vt 0.640202 0.536913
vt 0.068563 0.510799
vt 0.301282 0.788185
vt 0.318759 0.791378
vt 0.887982 0.735389
vt 0.884210 0.735380
vt 0.870511 0.692693
vt 0.609273 0.664914
vt 0.590717 0.687986
vt 0.035711 0.630318
vt 0.000334 0.629212
vt 0.046399 0.579588
vt 0.046399 0.675187
vt 0.870511 0.755185
vt 0.409059 0.113598
vt 0.410966 0.085913
vt 0.414392 0.113598
vt 0.237687 0.082149
vt 0.744820 0.247914
vt 0.750473 0.262816
vt 0.739807 0.263462
vt 0.595111 0.693349
vt 0.091489 0.096029
vt 0.081613 0.115634
vt 0.081613 0.094930
vt 0.092773 0.093028
vt 0.099371 0.098838
vt 0.593361 0.696138
vt 0.144417 0.345764
vt 0.144431 0.357527
vt 0.126192 0.354317
vt 0.473307 0.042726
vt 0.482621 0.057361
vt 0.599115 0.941386
vt 0.621767 0.946260
vt 0.594682 0.945423
vt 0.069500 0.445275
vt 0.068422 0.438414
vt 0.095275 0.451097
vt 0.073659 0.440685
vt 0.989296 0.122450
vt 0.548789 0.773070
vt 0.420813 0.541387
vt 0.423779 0.542655
vt 0.852591 0.255995
vt 0.412124 0.520275
vt 0.420655 0.516820
vt 0.367996 0.559989
vt 0.734696 0.029868
vt 0.963799 0.865718
vt 0.953374 0.854069
vt 0.971022 0.852139
vt 0.953536 0.875182
vt 0.980760 0.860531
vt 0.415625 0.680714
vt 0.392151 0.669142
vt 0.399970 0.674601
vt 0.415396 0.676441
vt 0.621657 0.372708
vt 0.636100 0.377551
vt 0.615699 0.379906
vt 0.966381 0.421538
vt 0.957478 0.431080
vt 0.929049 0.403762
vt 0.614500 0.378128
vt 0.061441 0.560626
vt 0.493394 0.172660
vt 0.031944 0.558056
vt 0.500673 0.787913
vt 0.503911 0.811332
vt 0.489728 0.789486
vt 0.452151 0.685582
vt 0.452151 0.650114
vt 0.499813 0.678488
vt 0.500345 0.696186
vt 0.453248 0.713586
vt 0.749447 0.123717
vt 0.746242 0.146213
vt 0.732994 0.147197
vt 0.822857 0.596788
vt 0.604186 0.236191
vt 0.619489 0.236043
vt 0.756684 0.062579
vt 0.804673 0.029396
vt 0.806384 0.046336
vt 0.752315 0.025473
vt 0.764124 0.086398
vt 0.139694 0.848847
vt 0.155059 0.847723
vt 0.140435 0.832950
vt 0.301259 0.734768
vt 0.894874 0.795184
vt 0.894874 0.737150
vt 0.897582 0.738867
vt 0.286505 0.000316
vt 0.287904 0.000021
vt 0.812784 0.424942
vt 0.343993 0.006059
vt 0.963181 0.393592
vt 0.130733 0.149996
vt 0.127084 0.150437
vt 0.127084 0.142699
vt 0.133738 0.179196
vt 0.943981 0.254385
vt 0.927505 0.283495
vt 0.970692 0.266208
vt 0.954496 0.243079
vt 0.578392 0.552190
vt 0.565316 0.517744
vt 0.104486 0.355193
vt 0.104486 0.325517
vt 0.108558 0.330085
vt 0.110198 0.351951
vt 0.114122 0.353734
vt 0.319341 0.267573
vt 0.323210 0.310781
vt 0.328583 0.264864
vt 0.319737 0.263372
vt 0.176727 0.512982
vt 0.197344 0.512980
vt 0.177572 0.524183
vt 0.198102 0.525634
vt 0.060742 0.565365
vt 0.093486 0.581047
vt 0.061716 0.555936
vt 0.491190 0.327102
vt 0.484802 0.332966
vt 0.482774 0.327342
vt 0.487795 0.333435
vt 0.972407 0.417096
vt 0.969856 0.419393
vt 0.950134 0.397488
vt 0.020800 0.397519
vt 0.020800 0.427191
vt 0.017410 0.426610
vt 0.310394 0.678701
vt 0.685558 0.499190
vt 0.137704 0.724950
vt 0.128608 0.705188
vt 0.151203 0.725517
vt 0.248873 0.441005
vt 0.822461 0.953581
vt 0.000661 0.084404
vt 0.001600 0.070978
vt 0.001600 0.084798
vt 0.922398 0.406806
vt 0.924781 0.406340
vt 0.924781 0.467191
vt 0.909591 0.409167
vt 0.929392 0.661849
vt 0.942381 0.663185
vt 0.942029 0.665061
vt 0.926049 0.719986
vt 0.926049 0.661423
vt 0.620965 0.401592
vt 0.016560 0.999980
vt 0.001414 0.997017
vt 0.001021 0.993331
vt 0.932085 0.898728
vt 0.016927 0.995949
vt 0.026302 0.999672
vt 0.203944 0.251489
vt 0.486987 0.428102
vt 0.477138 0.435605
vt 0.474779 0.433443
vt 0.483735 0.426498
vt 0.490181 0.427802
vt 0.569507 0.155817
vt 0.541910 0.201596
vt 0.569701 0.151228
vt 0.951981 0.903072
vt 0.278743 0.325919
vt 0.271256 0.322638
vt 0.283194 0.319620
vt 0.885791 0.417141
vt 0.910382 0.481590
vt 0.901920 0.480660
vt 0.023164 0.723922
vt 0.859959 0.481590
vt 0.001278 0.670814
vt 0.910164 0.421036
vt 0.954586 0.258974
vt 0.951641 0.257672
vt 0.959981 0.255746
vt 0.001559 0.386240
vt 0.010418 0.386294
vt 0.077113 0.881957
vt 0.072657 0.876949
vt 0.105598 0.889601
vt 0.071366 0.077223
vt 0.006401 0.075756
vt 0.069099 0.056739
vt 0.079064 0.074238
vt 0.245815 0.378711
vt 0.242950 0.379602
vt 0.245827 0.367889
vt 0.097373 0.632396
vt 0.087540 0.633768
vt 0.932011 0.336775
vt 0.931718 0.337816
vt 0.484438 0.740394
vt 0.491383 0.751926
vt 0.492760 0.572646
vt 0.488197 0.526126
vt 0.499430 0.575131
vt 0.258869 0.161477
vt 0.268795 0.191215
vt 0.258869 0.195196
vt 0.424099 0.766405
vt 0.859183 0.073682
vt 0.839773 0.139197
vt 0.839773 0.069901
vt 0.217519 0.355080
vt 0.316732 0.198996
vt 0.310180 0.243220
vt 0.290970 0.256779
vt 0.200954 0.364517
vt 0.199581 0.354820
vt 0.964135 0.756842
vt 0.241125 0.837015
vt 0.506904 0.857583
vt 0.489125 0.857327
vt 0.492028 0.853850
vt 0.688464 0.562219
vt 0.507190 0.853842
vt 0.675290 0.552233
vt 0.689575 0.554763
vt 0.196796 0.920038
vt 0.194638 0.934331
vt 0.102751 0.678716
vt 0.092798 0.663365
vt 0.222122 0.067105
vt 0.358085 0.505822
vt 0.356968 0.438017
vt 0.375953 0.967018
vt 0.354483 0.987180
vt 0.308733 0.331747
vt 0.308096 0.336203
vt 0.302518 0.335463
vt 0.295497 0.330869
vt 0.468402 0.136607
vt 0.478390 0.136600
vt 0.472049 0.139528
vt 0.806384 0.014047
vt 0.807048 0.301631
vt 0.798596 0.294583
vt 0.791862 0.298818
vt 0.408694 0.209017
vt 0.408827 0.212450
vt 0.406055 0.210664
vt 0.398114 0.195680
vt 0.425437 0.208622
vt 0.295656 0.532964
vt 0.337050 0.519670
vt 0.704882 0.918722
vt 0.547567 0.079767
vt 0.549905 0.072109
vt 0.559909 0.081569
vt 0.717835 0.926349
vt 0.405524 0.631900
vt 0.406480 0.617235
vt 0.245448 0.196796
vt 0.230837 0.192700
vt 0.124797 0.051199
vt 0.118342 0.047420
vt 0.124797 0.037524
vt 0.335144 0.675678
vt 0.492197 0.364767
vt 0.504229 0.363280
vt 0.506896 0.367968
vt 0.753553 0.277742
vt 0.260295 0.087952
vt 0.275052 0.091332
vt 0.973014 0.026652
vt 0.995180 0.046399
vt 0.299586 0.588869
vt 0.296130 0.550157
vt 0.351603 0.380872
vt 0.346718 0.340351
vt 0.373648 0.381278
vt 0.337106 0.583931
vt 0.055869 0.015763
vt 0.055999 0.002521
vt 0.729254 0.054744
vt 0.983980 0.848159
vt 0.760822 0.271216
vt 0.776370 0.266513
vt 0.766078 0.285965
vt 0.753176 0.292345
vt 0.758895 0.255334
vt 0.540789 0.676153
vt 0.557370 0.597588
vt 0.568777 0.565568
vt 0.557369 0.557628
vt 0.278988 0.743774
vt 0.756859 0.767932
vt 0.623574 0.847932
vt 0.341191 0.592543
vt 0.308227 0.593071
vt 0.395465 0.015584
vt 0.400385 0.016859
vt 0.398039 0.018853
vt 0.935668 0.283006
vt 0.381548 0.001569
vt 0.397477 0.013673
vt 0.383953 0.031654
vt 0.071060 0.043229
vt 0.069980 0.044971
vt 0.219251 0.664841
vt 0.205930 0.664528
vt 0.574905 0.072791
vt 0.561321 0.072970
vt 0.572772 0.081734
vt 0.587633 0.072426
vt 0.767731 0.462534
vt 0.765772 0.481481
vt 0.767698 0.458198
vt 0.386782 0.868149
vt 0.386324 0.853038
vt 0.389192 0.841306
vt 0.403850 0.842560
vt 0.643742 0.744099
vt 0.602030 0.743945
vt 0.671424 0.739880
vt 0.641664 0.109660
vt 0.692794 0.108197
vt 0.694386 0.131082
vt 0.338022 0.797915
vt 0.367993 0.774444
vt 0.367993 0.846383
vt 0.646384 0.073484
vt 0.654218 0.145597
vt 0.864426 0.814228
vt 0.893182 0.811217
vt 0.658662 0.954583
vt 0.080578 0.010005
vt 0.086398 0.013423
vt 0.076688 0.025599
vt 0.688676 0.698970
vt 0.704917 0.697896
vt 0.076688 0.008939
vt 0.686481 0.705357
vt 0.206137 0.389164
vt 0.581948 0.455922
vt 0.581799 0.477012
vt 0.198339 0.072989
vt 0.197199 0.111455
vt 0.209910 0.068803
vt 0.211289 0.072095
vt 0.210581 0.111146
vt 0.280939 0.088617
vt 0.286295 0.085151
vt 0.285981 0.088617
vt 0.286394 0.118398
vt 0.227195 0.193247
vt 0.224779 0.195785
vt 0.216003 0.192331
vt 0.309560 0.128484
vt 0.315194 0.158233
vt 0.309560 0.158397
vt 0.227195 0.227195
vt 0.899182 0.276871
vt 0.116798 0.943283
vt 0.096781 0.966292
vt 0.093358 0.961977
vt 0.344806 0.385592
vt 0.575606 0.311934
vt 0.575988 0.306740
vt 0.622433 0.244297
vt 0.627707 0.242675
vt 0.333824 0.083605
vt 0.324598 0.072190
vt 0.336761 0.070719
vt 0.812337 0.029500
vt 0.344118 0.084789
vt 0.335381 0.097877
vt 0.808688 0.013183
vt 0.570944 0.264696
vt 0.559037 0.268848
vt 0.241595 0.115555
vt 0.234790 0.089431
vt 0.008000 0.428059
vt 0.000839 0.454391
vt 0.004966 0.427254
vt 0.977580 0.489590
vt 0.961638 0.464940
vt 0.592879 0.748503
vt 0.290984 0.262496
vt 0.288090 0.312173
vt 0.224796 0.270292
vt 0.751112 0.374418
vt 0.745996 0.403904
vt 0.432403 0.055821
vt 0.433600 0.039449
vt 0.437866 0.061150
vt 0.012541 0.029325
vt 0.010104 0.013566
vt 0.318473 0.184137
vt 0.327480 0.212738
vt 0.318473 0.201029
vt 0.093174 0.654768
vt 0.053291 0.165301
vt 0.062399 0.164926
vt 0.062399 0.230395
vt 0.870383 0.159837
vt 0.823165 0.214396
vt 0.823165 0.144520
vt 0.060292 0.775830
vt 0.087998 0.835435
vt 0.060292 0.847983
vt 0.419396 0.844741
vt 0.431991 0.832384
vt 0.703844 0.000299
vt 0.703871 0.006353
vt 0.688986 0.008839
vt 0.724083 0.001277
vt 0.688367 0.003451
vt 0.429962 0.677712
vt 0.320480 0.062399
vt 0.317533 0.061678
vt 0.817803 0.056223
vt 0.809564 0.057202
vt 0.873001 0.964578
vt 0.879959 0.962412
vt 0.900782 0.940410
vt 0.516500 0.922948
vt 0.152602 0.479109
vt 0.167807 0.499625
vt 0.415992 0.080376
vt 0.396671 0.089657
vt 0.433630 0.470761
vt 0.154660 0.019025
vt 0.164770 0.025386
vt 0.164157 0.025923
vt 0.166397 0.023978
vt 0.530730 0.974982
vt 0.143965 0.464420
vt 0.089684 0.494390
vt 0.156139 0.464643
vt 0.146778 0.462440
vt 0.632550 0.875347
vt 0.629776 0.860134
vt 0.626306 0.891182
vt 0.625599 0.875085
vt 0.681371 0.891182
vt 0.453041 0.319088
vt 0.451586 0.348669
vt 0.449428 0.319207
vt 0.454391 0.348793
vt 0.884061 0.584636
vt 0.596198 0.494644
vt 0.599988 0.511184
vt 0.588635 0.490141
vt 0.597596 0.480331
vt 0.599798 0.492359
vt 0.000147 0.057802
vt 0.001180 0.052991
vt 0.935808 0.904453
vt 0.882301 0.265595
vt 0.851183 0.201446
vt 0.838688 0.268795
vt 0.838688 0.198669
vt 0.490524 0.358665
vt 0.489104 0.358739
vt 0.903879 0.547189
vt 0.779184 0.889582
vt 0.766411 0.885430
vt 0.779184 0.825863
vt 0.232383 0.164069
vt 0.508253 0.396022
vt 0.506698 0.382715
vt 0.520539 0.381482
vt 0.944890 0.099705
vt 0.945266 0.086034
vt 0.622131 0.838240
vt 0.636489 0.835842
vt 0.299194 0.815764
vt 0.678869 0.502949
vt 0.694386 0.500582
vt 0.947652 0.255179
vt 0.940457 0.228065
vt 0.954276 0.252373
vt 0.034585 0.254827
vt 0.000768 0.328793
vt 0.835015 0.611551
vt 0.854383 0.622120
vt 0.835015 0.681586
vt 0.491467 0.067878
vt 0.492859 0.062364
vt 0.520820 0.059054
vt 0.403192 0.311194
vt 0.363780 0.254373
vt 0.045525 0.252474
vt 0.604785 0.468165
vt 0.624662 0.503570
vt 0.594389 0.467900
vt 0.827268 0.016671
vt 0.854383 0.799085
vt 0.678386 0.467900
vt 0.428791 0.499190
vt 0.433216 0.328204
vt 0.420869 0.330800
vt 0.432771 0.323793
vt 0.434693 0.373144
vt 0.062447 0.252575
vt 0.086214 0.033749
vt 0.726144 0.633273
vt 0.374913 0.687119
vt 0.674255 0.157895
vt 0.678939 0.150837
vt 0.905582 0.227716
vt 0.875652 0.203914
vt 0.314544 0.239851
vt 0.344793 0.196482
vt 0.344307 0.223271
vt 0.324597 0.254986
vt 0.314962 0.258548
vt 0.879982 0.522721
vt 0.879982 0.580788
vt 0.878390 0.579333
vt 0.360642 0.625924
vt 0.374449 0.635607
vt 0.375116 0.649032
vt 0.053525 0.429238
vt 0.502588 0.403901
vt 0.071522 0.300794
vt 0.071522 0.262185
vt 0.075199 0.265706
vt 0.198830 0.405407
vt 0.636142 0.063008
vt 0.611719 0.105598
vt 0.630443 0.052837
vt 0.637374 0.062837
vt 0.925043 0.791984
vt 0.916648 0.733510
vt 0.929581 0.733016
vt 0.212815 0.585376
vt 0.126139 0.808154
vt 0.126372 0.788810
vt 0.140621 0.807341
vt 0.135304 0.819848
vt 0.960921 0.789059
vt 0.951501 0.789738
vt 0.957166 0.786466
vt 0.567231 0.408866
vt 0.184393 0.118937
vt 0.375289 0.436791
vt 0.331316 0.423860
vt 0.378035 0.422828
vt 0.325105 0.436689
vt 0.705146 0.011476
vt 0.239846 0.603595
vt 0.251275 0.591694
vt 0.839375 0.290980
vt 0.236602 0.589574
vt 0.239123 0.618452
vt 0.667309 0.354013
vt 0.340253 0.893011
vt 0.318245 0.833605
vt 0.220796 0.283194
vt 0.216479 0.282885
vt 0.216479 0.253719
vt 0.329719 0.160616
vt 0.332168 0.156102
vt 0.339193 0.161597
vt 0.220703 0.253780
vt 0.582307 0.131422
vt 0.561350 0.133443
vt 0.225115 0.260138
vt 0.224464 0.265241
vt 0.322660 0.214396
vt 0.014644 0.000122
vt 0.753176 0.319994
vt 0.754991 0.305050
vt 0.767257 0.299049
vt 0.611188 0.466082
vt 0.903307 0.731377
vt 0.900580 0.740785
vt 0.863067 0.676791
vt 0.918382 0.676791
vt 0.505976 0.958387
vt 0.498213 0.972947
vt 0.500851 0.952335
vt 0.507814 0.957033
vt 0.571958 0.709356
vt 0.690651 0.759971
vt 0.950134 0.441523
vt 0.176761 0.588573
vt 0.556828 0.296437
vt 0.444895 0.056686
vt 0.451018 0.072749
vt 0.409878 0.602666
vt 0.774334 0.652147
vt 0.764019 0.647712
vt 0.130696 0.478314
vt 0.745779 0.708892
vt 0.427597 0.267225
vt 0.857583 0.489838
vt 0.857583 0.558389
vt 0.849168 0.554642
vt 0.856072 0.627436
vt 0.873582 0.635149
vt 0.856072 0.695986
vt 0.054399 0.182346
vt 0.030568 0.243195
vt 0.030568 0.167544
vt 0.378099 0.730145
vt 0.646449 0.382846
vt 0.642794 0.290569
vt 0.001775 0.978583
vt 0.346372 0.770096
vt 0.325446 0.767556
vt 0.777071 0.250800
vt 0.580391 0.562119
vt 0.111911 0.009715
vt 0.851183 0.208852
vt 0.851183 0.278394
vt 0.838544 0.276413
vt 0.284805 0.592543
vt 0.764896 0.000573
vt 0.835183 0.078786
vt 0.898015 0.812385
vt 0.899182 0.783274
vt 0.899182 0.823154
vt 0.811172 0.876636
vt 0.798099 0.878382
vt 0.811184 0.876381
vt 0.097469 0.211196
vt 0.070102 0.163226
vt 0.100798 0.204258
vt 0.956460 0.650802
vt 0.948195 0.700869
vt 0.943203 0.651712
vt 0.943490 0.650802
vt 0.958710 0.652129
vt 0.521048 0.366328
vt 0.613177 0.503451
vt 0.611926 0.500330
vt 0.196518 0.329261
vt 0.198571 0.343814
vt 0.618711 0.797220
vt 0.599862 0.785584
vt 0.610074 0.785044
vt 0.601824 0.797569
vt 0.514830 0.882110
vt 0.524804 0.869693
vt 0.619252 0.785165
vt 0.055838 0.500617
vt 0.085599 0.506880
vt 0.004589 0.510390
vt 0.488106 0.424623
vt 0.468520 0.399409
vt 0.782608 0.294463
vt 0.819184 0.501367
vt 0.216223 0.195092
vt 0.221758 0.220484
vt 0.215093 0.216057
vt 0.958381 0.823984
vt 0.960992 0.951444
vt 0.945477 0.968782
vt 0.953330 0.936073
vt 0.945477 0.934054
vt 0.841785 0.280631
vt 0.854620 0.279508
vt 0.842647 0.348389
vt 0.071621 0.020713
vt 0.073599 0.020961
vt 0.071621 0.033599
vt 0.933648 0.759499
vt 0.937581 0.735899
vt 0.937581 0.763128
vt 0.929198 0.762102
vt 0.811147 0.708973
vt 0.342910 0.140753
vt 0.348793 0.140753
vt 0.347370 0.171197
vt 0.000908 0.001415
vt 0.088343 0.965930
vt 0.090046 0.964409
vt 0.092956 0.969583
vt 0.730277 0.554033
vt 0.599988 0.774733
vt 0.586216 0.780856
vt 0.715582 0.542966
vt 0.734833 0.546402
vt 0.591283 0.785001
vt 0.746737 0.556797
vt 0.257660 0.599988
vt 0.289419 0.113000
vt 0.578850 0.558721
vt 0.572486 0.559235
vt 0.566989 0.551997
vt 0.121286 0.440253
vt 0.114035 0.327211
vt 0.243635 0.392203
vt 0.558760 0.616752
vt 0.106050 0.541133
vt 0.491190 0.353593
vt 0.478203 0.352000
vt 0.486473 0.347261
vt 0.193862 0.789976
vt 0.546229 0.803291
vt 0.195357 0.824052
vt 0.754263 0.494183
vt 0.753196 0.494214
vt 0.761414 0.483213
vt 0.333640 0.356593
vt 0.328508 0.350850
vt 0.337593 0.350330
vt 0.333303 0.376951
vt 0.329101 0.365341
vt 0.337593 0.378203
vt 0.237503 0.697582
vt 0.325105 0.299806
vt 0.756506 0.772309
vt 0.764785 0.843183
vt 0.752209 0.843183
vt 0.864702 0.414392
vt 0.864702 0.348406
vt 0.878382 0.407253
vt 0.732785 0.215996
vt 0.001971 0.965041
vt 0.044772 0.213057
vt 0.054399 0.225735
vt 0.044772 0.233595
vt 0.630387 0.080751
vt 0.600477 0.139828
vt 0.597877 0.139108
vt 0.639987 0.191996
vt 0.862383 0.253229
vt 0.860192 0.319994
vt 0.860192 0.251596
vt 0.075972 0.125958
vt 0.065788 0.125121
vt 0.908046 0.485040
vt 0.323194 0.138368
vt 0.323194 0.167997
vt 0.319561 0.167429
vt 0.297835 0.164699
vt 0.302394 0.164627
vt 0.296390 0.167997
vt 0.250290 0.019716
vt 0.253890 0.019652
vt 0.253405 0.049185
vt 0.296390 0.135447
vt 0.061598 0.746941
vt 0.119979 0.772899
vt 0.451191 0.951981
vt 0.395480 0.951981
vt 0.442679 0.894755
vt 0.551314 0.002663
vt 0.531639 0.057837
vt 0.551989 0.000599
vt 0.604788 0.228795
vt 0.637033 0.055146
vt 0.634223 0.054781
vt 0.634736 0.053210
vt 0.125577 0.360185
vt 0.143564 0.370203
vt 0.310394 0.368542
vt 0.310394 0.433591
vt 0.308192 0.369312
vt 0.803479 0.449591
vt 0.803479 0.382268
vt 0.822384 0.387350
vt 0.132797 0.859446
vt 0.112857 0.863707
vt 0.108444 0.796680
vt 0.837118 0.319650
vt 0.051721 0.878090
vt 0.137505 0.646689
vt 0.124994 0.647940
vt 0.497590 0.784402
vt 0.363413 0.773472
vt 0.343365 0.783984
vt 0.361311 0.012403
vt 0.366362 0.758850
vt 0.691742 0.027749
vt 0.689948 0.013193
vt 0.410637 0.309003
vt 0.420792 0.297312
vt 0.420792 0.319994
vt 0.694386 0.088574
vt 0.653957 0.049204
vt 0.549779 0.845088
vt 0.574189 0.827143
vt 0.402087 0.117212
vt 0.414789 0.118704
vt 0.710576 0.072354
vt 0.706851 0.079874
vt 0.875460 0.966583
vt 0.513598 0.929642
vt 0.493631 0.953581
vt 0.745685 0.115163
vt 0.750519 0.239964
vt 0.749788 0.218256
vt 0.758385 0.218458
vt 0.752870 0.248861
vt 0.517141 0.497166
vt 0.524496 0.529235
vt 0.504625 0.491928
vt 0.515405 0.491331
vt 0.535189 0.535989
vt 0.524391 0.492577
vt 0.526000 0.500319
vt 0.147937 0.370197
vt 0.475851 0.034257
vt 0.482822 0.042295
vt 0.961979 0.586692
vt 0.979761 0.584912
vt 0.287994 0.808748
vt 0.962044 0.591988
vt 0.993803 0.292458
vt 0.996780 0.306472
vt 0.099948 0.334650
vt 0.102398 0.347193
vt 0.102398 0.319191
vt 0.973556 0.283137
vt 0.988220 0.278194
vt 0.099198 0.030399
vt 0.091603 0.023603
vt 0.099198 0.018999
vt 0.271434 0.235668
vt 0.307543 0.991083
vt 0.326289 0.968942
vt 0.329518 0.972877
vt 0.301571 0.945077
vt 0.297409 0.941762
vt 0.316794 0.918872
vt 0.537757 0.380911
vt 0.563127 0.060197
vt 0.509150 0.660711
vt 0.517197 0.925621
vt 0.543334 0.926284
vt 0.736457 0.101578
vt 0.082909 0.120003
vt 0.081949 0.119251
vt 0.248910 0.631249
vt 0.224327 0.681129
vt 0.223012 0.630817
vt 0.270885 0.526389
vt 0.270883 0.526267
vt 0.643187 0.195689
vt 0.625288 0.194269
vt 0.641085 0.247738
vt 0.340414 0.127679
vt 0.058721 0.951355
vt 0.362649 0.141692
vt 0.352109 0.141751
vt 0.006304 0.080550
vt 0.460791 0.308794
vt 0.453706 0.300440
vt 0.460791 0.285854
vt 0.070514 0.910382
vt 0.071904 0.880563
vt 0.465591 0.941954
vt 0.465591 0.990380
vt 0.068621 0.162975
vt 0.001996 0.166541
vt 0.069687 0.163268
vt 0.854102 0.595030
vt 0.867174 0.590958
vt 0.868996 0.604546
vt 0.853219 0.607542
vt 0.837460 0.595523
vt 0.855425 0.582661
vt 0.886656 0.412151
vt 0.886732 0.355781
vt 0.382290 0.853099
vt 0.369748 0.785527
vt 0.383992 0.851519
vt 0.369748 0.854383
vt 0.886656 0.354384
vt 0.215914 0.921582
vt 0.570754 0.754855
vt 0.551784 0.751389
vt 0.565176 0.775696
vt 0.557178 0.762816
vt 0.922198 0.287493
vt 0.943981 0.311994
vt 0.204796 0.000631
vt 0.466760 0.447464
vt 0.433109 0.450486
vt 0.093199 0.533142
vt 0.093755 0.536807
vt 0.714716 0.663957
vt 0.719855 0.663918
vt 0.258281 0.049204
vt 0.254082 0.052799
vt 0.917443 0.161524
vt 0.916471 0.219196
vt 0.759372 0.483307
vt 0.529029 0.533382
vt 0.490128 0.580235
vt 0.555189 0.418901
vt 0.549980 0.403556
vt 0.582585 0.728499
vt 0.587683 0.737287
vt 0.965390 0.486272
vt 0.404938 0.880835
vt 0.420245 0.373233
vt 0.721141 0.946855
vt 0.726569 0.944896
vt 0.735985 0.956335
vt 0.237715 0.578788
vt 0.953374 0.824198
vt 0.530301 0.120164
vt 0.493850 0.114819
vt 0.335525 0.140181
vt 0.334133 0.155403
vt 0.332476 0.138388
vt 0.339193 0.130694
vt 0.944757 0.680346
vt 0.948781 0.723952
vt 0.944757 0.726385
vt 0.048716 0.678386
vt 0.428788 0.001422
vt 0.946973 0.037198
vt 0.971713 0.054877
vt 0.564650 0.416980
vt 0.559759 0.432006
vt 0.555611 0.416932
vt 0.556968 0.408988
vt 0.591647 0.744856
vt 0.234191 0.217596
vt 0.234860 0.208917
vt 0.318689 0.182417
vt 0.451656 0.815984
vt 0.627820 0.896122
vt 0.683186 0.892289
vt 0.626832 0.929242
vt 0.872054 0.146016
vt 0.886382 0.152120
vt 0.872054 0.212796
vt 0.871375 0.566389
vt 0.871375 0.499606
vt 0.881582 0.503518
vt 0.839983 0.570492
vt 0.836406 0.558552
vt 0.604893 0.292483
vt 0.620788 0.290986
vt 0.620610 0.291883
vt 0.305594 0.510587
vt 0.236037 0.513342
vt 0.237373 0.500892
vt 0.446391 0.865583
vt 0.433254 0.865583
vt 0.435509 0.796832
vt 0.377065 0.633587
vt 0.377065 0.564681
vt 0.379192 0.632372
vt 0.752189 0.362179
vt 0.082516 0.068322
vt 0.062896 0.355374
vt 0.059881 0.355642
vt 0.483223 0.303994
vt 0.485152 0.300756
vt 0.502489 0.401279
vt 0.274082 0.919682
vt 0.281081 0.915091
vt 0.304882 0.917780
vt 0.900782 0.983980
vt 0.254121 0.945581
vt 0.494111 0.356737
vt 0.140447 0.076798
vt 0.620788 0.427991
vt 0.302815 0.258713
vt 0.166882 0.535050
vt 0.821325 0.362615
vt 0.807362 0.372998
vt 0.777700 0.671012
vt 0.823486 0.691186
vt 0.876628 0.935981
vt 0.113598 0.449169
vt 0.626325 0.858522
vt 0.001278 0.761585
vt 0.008818 0.760682
vt 0.233213 0.617411
vt 0.640601 0.249009
vt 0.339078 0.107181
vt 0.325042 0.405672
vt 0.519878 0.852623
vt 0.514668 0.869150
vt 0.509037 0.849928
vt 0.530774 0.851349
vt 0.406508 0.408078
vt 0.408171 0.457830
vt 0.655987 0.046671
vt 0.611719 0.001583
vt 0.951698 0.000336
vt 0.969723 0.023264
vt 0.023283 0.418546
vt 0.965194 0.104561
vt 0.282925 0.504856
vt 0.317313 0.902693
vt 0.313555 0.899944
vt 0.318394 0.899232
vt 0.284633 0.441899
vt 0.057599 0.950369
vt 0.000255 0.953581
vt 0.057599 0.915874
vt 0.212184 0.218270
vt 0.211497 0.218855
vt 0.281594 0.108395
vt 0.281594 0.137597
vt 0.276253 0.109235
vt 0.281112 0.103435
vt 0.319994 0.153597
vt 0.310221 0.126056
vt 0.172151 0.003020
vt 0.177086 0.003748
vt 0.528796 0.167885
vt 0.444561 0.079893
vt 0.436507 0.098899
vt 0.477843 0.436803
vt 0.721717 0.696752
vt 0.720466 0.692998
vt 0.736995 0.691965
vt 0.930192 0.791984
vt 0.947706 0.872345
vt 0.943519 0.874863
vt 0.941049 0.869522
vt 0.951981 0.845199
vt 0.951981 0.899182
vt 0.154862 0.831697
vt 0.171710 0.845995
vt 0.360187 0.540278
vt 0.344176 0.586343
vt 0.086214 0.062399
vt 0.784327 0.192004
vt 0.546335 0.518320
vt 0.568289 0.512330
vt 0.912675 0.984903
vt 0.930546 0.961681
vt 0.429833 0.403106
vt 0.432876 0.400117
vt 0.892782 0.508692
vt 0.882444 0.571189
vt 0.882444 0.506803
vt 0.448671 0.861437
vt 0.475205 0.923463
vt 0.448671 0.924782
vt 0.496885 0.859737
vt 0.972780 0.120549
vt 0.967761 0.127620
vt 0.797918 0.360010
vt 0.100231 0.201327
vt 0.073014 0.154386
vt 0.682402 0.596788
vt 0.669927 0.595236
vt 0.506938 0.837661
vt 0.451028 0.188502
vt 0.451414 0.159148
vt 0.455991 0.188796
vt 0.332748 0.382392
vt 0.325642 0.378116
vt 0.459916 0.115971
vt 0.000762 0.485727
vt 0.127806 0.697385
vt 0.120259 0.690361
vt 0.749948 0.839792
vt 0.509871 0.955696
vt 0.183996 0.000644
vt 0.622433 0.194672
vt 0.533345 0.101981
vt 0.481492 0.082552
vt 0.959211 0.628685
vt 0.955674 0.630844
vt 0.955794 0.625208
vt 0.974380 0.654387
vt 0.000839 0.426497
vt 0.591925 0.055433
vt 0.641979 0.590063
vt 0.167513 0.724448
vt 0.959156 0.355157
vt 0.942060 0.331717
vt 0.098735 0.448717
vt 0.468756 0.450926
vt 0.412792 0.031999
vt 0.976298 0.273146
vt 0.953598 0.289594
vt 0.851926 0.812784
vt 0.877852 0.750614
vt 0.565831 0.507442
vt 0.606313 0.765237
vt 0.857569 0.347981
vt 0.857583 0.280384
vt 0.644632 0.207996
vt 0.644632 0.140400
vt 0.671168 0.163301
vt 0.855569 0.348793
vt 0.673586 0.192831
vt 0.971180 0.284870
vt 0.247995 0.248795
vt 0.008000 0.327192
vt 0.008000 0.356793
vt 0.003463 0.327235
vt 0.951759 0.875767
vt 0.971181 0.898355
vt 0.967392 0.900895
vt 0.259195 0.015262
vt 0.259195 0.019801
vt 0.899482 0.612650
vt 0.887383 0.615988
vt 0.887212 0.614890
vt 0.868783 0.249595
vt 0.887212 0.553015
vt 0.902382 0.610372
vt 0.525372 0.063073
vt 0.486323 0.058220
vt 0.723051 0.972780
vt 0.396968 0.656356
vt 0.405877 0.660700
vt 0.330228 0.121598
vt 0.330228 0.100220
vt 0.340793 0.111632
vt 0.749859 0.762232
vt 0.426774 0.270267
vt 0.417135 0.285746
vt 0.415278 0.284051
vt 0.951770 0.627482
vt 0.937737 0.654387
vt 0.224796 0.111975
vt 0.385799 0.828077
vt 0.819557 0.437921
vt 0.696039 0.079335
vt 0.699026 0.094398
vt 0.239568 0.488688
vt 0.225588 0.475310
vt 0.243195 0.484918
vt 0.123198 0.188675
vt 0.123045 0.193596
vt 0.118928 0.187503
vt 0.779901 0.705887
vt 0.727033 0.086363
vt 0.190541 0.664768
vt 0.015373 0.329828
vt 0.511990 0.205362
vt 0.498825 0.203411
vt 0.463991 0.246834
vt 0.454758 0.251195
vt 0.460874 0.244654
vt 0.463991 0.223859
vt 0.511990 0.226081
vt 0.507736 0.685140
vt 0.418874 0.401985
vt 0.422821 0.382520
vt 0.408490 0.403247
vt 0.325269 0.260162
vt 0.196804 0.539050
vt 0.209188 0.535946
vt 0.209018 0.543989
vt 0.374651 0.622879
vt 0.370427 0.604033
vt 0.176088 0.532945
vt 0.849003 0.563498
vt 0.867600 0.560114
vt 0.137348 0.691526
vt 0.147989 0.689130
vt 0.841962 0.570331
vt 0.931411 0.338123
vt 0.640641 0.061106
vt 0.658662 0.993580
vt 0.002951 0.814088
vt 0.767460 0.192804
vt 0.422456 0.511982
vt 0.435191 0.376417
vt 0.421778 0.377283
vt 0.432384 0.380090
vt 0.099198 0.055581
vt 0.095875 0.061420
vt 0.941866 0.667304
vt 0.318245 0.892008
vt 0.113598 0.593838
vt 0.719747 0.678263
vt 0.197103 0.365465
vt 0.806394 0.316145
vt 0.823280 0.309850
vt 0.821637 0.320554
vt 0.473862 0.857583
vt 0.478755 0.854007
vt 0.925234 0.302332
vt 0.932781 0.302822
vt 0.257748 0.998193
vt 0.330877 0.965172
vt 0.333111 0.970772
vt 0.350393 0.943959
vt 0.335955 0.969041
vt 0.308345 0.946526
vt 0.270001 0.928262
vt 0.040212 0.958218
vt 0.884782 0.881866
vt 0.826131 0.884782
vt 0.884782 0.818519
vt 0.782468 0.811111
vt 0.780272 0.811731
vt 0.589294 0.792525
vt 0.574449 0.793570
vt 0.644013 0.550527
vt 0.640318 0.500582
vt 0.659470 0.550190
vt 0.749661 0.549308
vt 0.756679 0.497097
vt 0.767985 0.502674
vt 0.596849 0.796784
vt 0.378442 0.420090
vt 0.337593 0.795533
vt 0.597776 0.591038
vt 0.268885 0.319920
vt 0.050506 0.734366
vt 0.036467 0.732229
vt 0.048626 0.828783
vt 0.869692 0.071230
vt 0.731334 0.167952
vt 0.000255 0.944189
vt 0.001245 0.894386
vt 0.702087 0.591030
vt 0.202004 0.203996
vt 0.237110 0.147361
vt 0.254760 0.066588
vt 0.844783 0.449591
vt 0.244363 0.027912
vt 0.551627 0.779592
vt 0.573118 0.789747
vt 0.656017 0.577772
vt 0.221077 0.943744
vt 0.683186 0.901434
vt 0.835504 0.593187
vt 0.870655 0.618263
vt 0.799377 0.289343
vt 0.068431 0.054743
vt 0.069044 0.045052
vt 0.250391 0.369683
vt 0.657738 0.221092
vt 0.720272 0.221721
vt 0.437905 0.302841
vt 0.102632 0.803303
vt 0.105598 0.804540
vt 0.102480 0.871983
vt 0.089903 0.871609
vt 0.089903 0.803789
vt 0.495192 0.592805
vt 0.431991 0.803017
vt 0.454391 0.504529
vt 0.397236 0.516420
vt 0.394584 0.504529
vt 0.911870 0.731185
vt 0.920340 0.671980
vt 0.924782 0.731185
vt 0.966137 0.137597
vt 0.806000 0.359776
vt 0.799394 0.369684
vt 0.223471 0.070575
vt 0.383185 0.156460
vt 0.812784 0.499190
vt 0.370855 0.158116
vt 0.428146 0.555068
vt 0.747680 0.100400
vt 0.738389 0.086099
vt 0.138952 0.788750
vt 0.473457 0.012449
vt 0.486390 0.034370
vt 0.300090 0.900804
vt 0.300090 0.840210
vt 0.300240 0.901791
vt 0.918939 0.090359
vt 0.926074 0.149028
vt 0.913185 0.150397
vt 0.372133 0.386413
vt 0.420626 0.381538
vt 0.566968 0.102254
vt 0.734763 0.943890
vt 0.414699 0.287420
vt 0.412842 0.285727
vt 0.402504 0.300794
vt 0.512883 0.652517
vt 0.735560 0.677429
vt 0.731935 0.659841
vt 0.764207 0.398237
vt 0.370717 0.155997
vt 0.393815 0.092263
vt 0.402384 0.101529
vt 0.872053 0.077050
vt 0.872555 0.143600
vt 0.859610 0.143997
vt 0.568488 0.929211
vt 0.873582 0.077703
vt 0.859610 0.076173
vt 0.277080 0.058464
vt 0.553392 0.513290
vt 0.512528 0.478510
vt 0.338769 0.285237
vt 0.335538 0.287772
vt 0.329873 0.270008
vt 0.337188 0.262000
vt 0.342474 0.285245
vt 0.337867 0.294394
vt 0.798099 0.811327
vt 0.622554 0.536486
vt 0.875182 0.320140
vt 0.445640 0.114167
vt 0.433206 0.111656
vt 0.801784 0.274726
vt 0.871983 0.578152
vt 0.670215 0.448391
vt 0.496829 0.001816
vt 0.508478 0.000489
vt 0.134659 0.428131
vt 0.242830 0.473591
vt 0.861596 0.000261
vt 0.865583 0.000353
vt 0.861596 0.068799
vt 0.285235 0.355993
vt 0.297887 0.317773
vt 0.108444 0.865583
vt 0.031040 0.267363
vt 0.838383 0.308330
vt 0.059270 0.881490
vt 0.927524 0.075968
vt 0.920786 0.072775
vt 0.932781 0.046177
vt 0.920684 0.077464
vt 0.932781 0.105598
vt 0.516790 0.931075
vt 0.864370 0.252504
vt 0.116798 0.988780
vt 0.425591 0.211587
vt 0.211262 0.154045
vt 0.206502 0.151914
vt 0.212994 0.150451
vt 0.623374 0.592188
vt 0.637928 0.590643
vt 0.641587 0.643187
vt 0.807899 0.064351
vt 0.830383 0.075198
vt 0.327725 0.666686
vt 0.796032 0.405436
vt 0.780262 0.404481
vt 0.779755 0.412239
vt 0.796784 0.412792
vt 0.757934 0.335184
vt 0.251401 0.625498
vt 0.104913 0.863572
vt 0.107198 0.798509
vt 0.107198 0.863983
vt 0.156797 0.430391
vt 0.962757 0.237726
vt 0.949936 0.239995
vt 0.949936 0.192721
vt 0.308377 0.696410
vt 0.459462 0.559089
vt 0.876642 0.319608
vt 0.894382 0.324459
vt 0.876642 0.383992
vt 0.849583 0.887866
vt 0.443563 0.129597
vt 0.755861 0.349792
vt 0.683186 0.951981
vt 0.276923 0.022636
vt 0.322158 0.067446
vt 0.853156 0.784986
vt 0.758323 0.252006
vt 0.170821 0.262734
vt 0.436586 0.468366
vt 0.396594 0.092074
vt 0.401162 0.090042
vt 0.178321 0.380001
vt 0.191238 0.405552
vt 0.675187 0.746927
vt 0.673093 0.743871
vt 0.214492 0.310805
vt 0.430296 0.321162
vt 0.145462 0.819172
vt 0.154567 0.816720
vt 0.077728 0.888866
vt 0.447310 0.348793
vt 0.247583 0.254395
vt 0.590381 0.741360
vt 0.929556 0.727050
vt 0.011667 0.335634
vt 0.591988 0.137739
vt 0.573629 0.152018
vt 0.748913 0.955373
vt 0.748081 0.905823
vt 0.020800 0.385253
vt 0.630387 0.188796
vt 0.836053 0.351160
vt 0.835716 0.360706
vt 0.961459 0.751157
vt 0.966611 0.754200
vt 0.269887 0.957078
vt 0.270395 0.953276
vt 0.356024 0.155997
vt 0.341735 0.521479
vt 0.372066 0.154807
vt 0.543534 0.081825
vt 0.535794 0.068844
vt 0.547201 0.617150
vt 0.749079 0.076263
vt 0.746756 0.085393
vt 0.514017 0.527372
vt 0.248310 0.790892
vt 0.272150 0.596653
vt 0.109765 0.974381
vt 0.729585 0.404792
vt 0.352039 0.261475
vt 0.355292 0.259701
vt 0.371193 0.299194
vt 0.929049 0.460791
vt 0.938366 0.874836
vt 0.732642 0.816559
vt 0.748785 0.809396
vt 0.748785 0.876782
vt 0.375192 0.599988
vt 0.614030 0.978781
vt 0.610608 0.974454
vt 0.590996 0.952362
vt 0.247326 0.743275
vt 0.546953 0.552141
vt 0.359173 0.606597
vt 0.363052 0.597139
vt 0.193020 0.367678
vt 0.217984 0.311978
vt 0.755185 0.765363
vt 0.982380 0.588850
vt 0.270430 0.504604
vt 0.271654 0.443693
vt 0.751796 0.493750
vt 0.555189 0.349750
vt 0.545846 0.303832
vt 0.055460 0.338329
vt 0.337274 0.668812
vt 0.899064 0.865583
vt 0.052492 0.750717
vt 0.528608 0.608013
vt 0.937526 0.730425
vt 0.841352 0.817878
vt 0.508790 0.859846
vt 0.808978 0.945165
vt 0.827842 0.966909
vt 0.531352 0.058480
vt 0.532174 0.060160
vt 0.551989 0.123998
vt 0.265595 0.921582
vt 0.980424 0.544308
vt 0.405205 0.101319
vt 0.406913 0.099928
vt 0.886959 0.626494
vt 0.344793 0.352828
vt 0.093593 0.543989
vt 0.082343 0.967801
vt 0.640063 0.677090
vt 0.779456 0.313560
vt 0.222204 0.988701
vt 0.923309 0.574418
vt 0.935981 0.572051
vt 0.935981 0.630387
vt 0.327927 0.129000
vt 0.729381 0.265125
vt 0.224796 0.000256
vt 0.820554 0.001521
vt 0.812548 0.003856
vt 0.704031 0.151046
vt 0.823422 0.438682
vt 0.777154 0.235238
vt 0.774170 0.248907
vt 0.156649 0.457344
vt 0.068799 0.910382
vt 0.056591 0.906723
vt 0.068799 0.849557
vt 0.599921 0.480732
vt 0.868783 0.180809
vt 0.806152 0.375014
vt 0.369899 0.943981
vt 0.030399 0.300794
vt 0.020947 0.289788
vt 0.030399 0.279531
vt 0.814862 0.491190
vt 0.435036 0.514060
vt 0.086398 0.263761
vt 0.076946 0.273594
vt 0.076946 0.252825
vt 0.710251 0.125405
vt 0.696568 0.133497
vt 0.697634 0.121978
vt 0.218396 0.532786
vt 0.235511 0.513590
vt 0.168178 0.141367
vt 0.158397 0.950862
vt 0.910606 0.797362
vt 0.339698 0.257173
vt 0.899642 0.243232
vt 0.302675 0.772563
vt 0.502390 0.483190
vt 0.285669 0.121277
vt 0.292794 0.121666
vt 0.053432 0.894382
vt 0.061625 0.737485
vt 0.073831 0.304751
vt 0.020055 0.327993
vt 0.916629 0.733016
vt 0.894157 0.185813
vt 0.912675 0.939102
vt 0.933789 0.958973
vt 0.978531 0.382392
vt 0.208639 0.148042
vt 0.225595 0.123558
vt 0.536451 0.687389
vt 0.764596 0.402819
vt 0.337593 0.512733
vt 0.000886 0.041218
vt 0.464891 0.852569
vt 0.912835 0.139197
vt 0.201596 0.305005
vt 0.887759 0.204796
vt 0.887759 0.141324
vt 0.903982 0.141369
vt 0.488197 0.633648
vt 0.979180 0.725813
vt 0.590996 0.996780
vt 0.427191 0.908782
vt 0.062299 0.253248
vt 0.937581 0.000859
vt 0.937581 0.059199
vt 0.928389 0.003319
vt 0.545341 0.389549
vt 0.320316 0.895633
vt 0.437543 0.485623
vt 0.862383 0.420120
vt 0.804521 0.910438
vt 0.970677 0.903859
vt 0.951759 0.926381
vt 0.396927 0.516790
vt 0.938480 0.600548
vt 0.402773 0.270550
vt 0.245440 0.945684
vt 0.405933 0.655987
vt 0.193674 0.875700
vt 0.300741 0.903982
vt 0.488177 0.426281
vt 0.292617 0.167889
vt 0.456013 0.245380
vt 0.983980 0.664512
vt 0.868628 0.767675
vt 0.870382 0.700605
vt 0.926381 0.150397
vt 0.113131 0.493519
vt 0.328633 0.682289
vt 0.145577 0.430824
vt 0.783984 0.680347
vt 0.783426 0.696880
vt 0.851183 0.523190
vt 0.838084 0.522358
vt 0.851183 0.453946
vt 0.178551 0.500892
vt 0.031040 0.316794
vt 0.574113 0.969581
vt 0.454881 0.225910
vt 0.053786 0.333566
vt 0.099198 0.991980
vt 0.327273 0.516620
vt 0.747162 0.409882
vt 0.331193 0.384803
vt 0.906378 0.154275
vt 0.710386 0.665704
vt 0.982380 0.570266
vt 0.084798 0.070165
vt 0.084798 0.086398
vt 0.081958 0.073049
vt 0.060470 0.743852
vt 0.049779 0.737500
vt 0.452765 0.221931
vt 0.158107 0.426596
vt 0.502390 0.371912
vt 0.694115 0.497097
vt 0.052781 0.335971
vt 0.000419 0.371193
vt 0.114884 0.192885
vt 0.114777 0.186840
vt 0.977580 0.439732
vt 0.270395 0.313813
vt 0.825520 0.609695
vt 0.824490 0.597493
vt 0.350393 0.993580
vt 0.340301 0.983006
vt 0.306109 0.961614
vt 0.316794 0.972780
vt 0.425547 0.956181
vt 0.074926 0.862814
vt 0.070514 0.845603
vt 0.611036 0.937993
vt 0.623988 0.933748
vt 0.972754 0.769251
vt 0.438391 0.050234
vt 0.113598 0.027390
vt 0.016732 0.257868
vt 0.017600 0.258370
vt 0.012380 0.270614
vt 0.013821 0.287994
vt 0.112306 0.000304
vt 0.116798 0.000304
vt 0.114530 0.017600
vt 0.966381 0.772023
vt 0.328494 0.287314
vt 0.012380 0.257559
vt 0.814771 0.993580
vt 0.823338 0.978061
vt 0.816305 0.870630
vt 0.812153 0.859267
vt 0.386952 0.880863
vt 0.372713 0.883336
vt 0.625210 0.988394
vt 0.494390 0.013530
vt 0.492638 0.003100
vt 0.104123 0.448191
vt 0.101651 0.458262
vt 0.422671 0.478470
vt 0.428380 0.471348
vt 0.960767 0.034996
vt 0.488834 0.221048
vt 0.492790 0.208109
vt 0.508424 0.965313
vt 0.516790 0.979180
vt 0.903046 0.074842
vt 0.135660 0.164328
vt 0.137597 0.149769
vt 0.963181 0.372480
vt 0.025599 0.340793
vt 0.972750 0.368784
vt 0.983758 0.378874
vt 0.946365 0.951410
vt 0.283146 0.049001
vt 0.286394 0.059199
vt 0.281859 0.058732
vt 0.970009 0.914515
vt 0.961111 0.926381
vt 0.555565 0.858840
vt 0.070498 0.953765
vt 0.060409 0.942610
vt 0.984242 0.408018
vt 0.016141 0.411686
vt 0.691333 0.992041
vt 0.896257 0.830118
vt 0.898503 0.846383
vt 0.403375 0.218942
vt 0.225595 0.158397
vt 0.398114 0.225595
vt 0.232080 0.100188
vt 0.465801 0.149598
vt 0.316794 0.346208
vt 0.975615 0.136393
vt 0.965194 0.147197
vt 0.897421 0.975909
vt 0.908782 0.985580
vt 0.256193 0.034461
vt 0.531969 0.920757
vt 0.545589 0.916599
vt 0.985434 0.047190
vt 0.412792 0.000733
vt 0.406499 0.008875
vt 0.965832 0.318656
vt 0.207880 0.206024
vt 0.372437 0.299194
vt 0.372437 0.269409
vt 0.375992 0.284283
vt 0.213292 0.191582
vt 0.205322 0.269749
vt 0.396792 0.174967
vt 0.434145 0.317932
vt 0.990380 0.276183
vt 0.905223 0.287169
vt 0.892411 0.289949
vt 0.117905 0.457262
vt 0.116798 0.340632
vt 0.249196 0.482209
vt 0.245971 0.495990
vt 0.864865 0.289582
vt 0.871421 0.303284
vt 0.878637 0.316945
vt 0.081533 0.952027
vt 0.872418 0.318394
vt 0.464781 0.925084
vt 0.294590 0.212892
vt 0.300794 0.205281
vt 0.221244 0.497590
vt 0.221244 0.475647
vt 0.227440 0.486805
vt 0.223194 0.475521
vt 0.123198 0.173389
vt 0.489896 0.340686
vt 0.932881 0.747770
vt 0.931606 0.734800
vt 0.942062 0.283194
vt 0.940457 0.282373
vt 0.944962 0.269160
vt 0.087468 0.065536
vt 0.091198 0.064536
vt 0.091186 0.079998
vt 0.289020 0.415992
vt 0.289020 0.386204
vt 0.292794 0.400995
vt 0.330224 0.146081
vt 0.448893 0.173956
vt 0.446515 0.188796
vt 0.446614 0.159378
vt 0.145186 0.942891
vt 0.947162 0.778443
vt 0.177822 0.018551
vt 0.427191 0.300794
vt 0.420945 0.294107
vt 0.968277 0.616623
vt 0.951372 0.168075
vt 0.165029 0.976715
vt 0.267904 0.337417
vt 0.261463 0.354069
vt 0.234768 0.940404
vt 0.247995 0.936159
vt 0.392213 0.972811
vt 0.511990 0.012141
vt 0.148797 0.445740
vt 0.318284 0.113658
vt 0.327993 0.196821
vt 0.018466 0.041599
vt 0.294163 0.911536
vt 0.308794 0.907647
vt 0.859846 0.971693
vt 0.255649 0.223361
vt 0.247583 0.215434
vt 0.950243 0.189629
vt 0.494268 0.417602
vt 0.478653 0.291778
vt 0.409311 0.910445
vt 0.422392 0.906462
vt 0.665495 0.947573
vt 0.494319 0.220047
vt 0.450329 0.238866
s 1
usemtl Material_0
f 1/1/1 2/2/2 3/3/3
f 1/1/1 3/3/3 4/4/4
f 1/1/1 5/5/5 2/2/2
f 1/1/1 6/6/6 7/7/7
f 1/1/1 7/7/7 5/5/5
f 1/1/1 4/4/4 6/6/6
f 8/8/8 9/9/9 10/10/10
f 8/8/8 10/10/10 11/11/11
f 12/12/12 13/13/13 14/14/14
f 15/15/15 16/16/16 17/17/17
f 15/15/15 17/17/17 18/18/18
f 15/15/15 18/18/18 19/19/19
f 20/20/20 21/21/21 22/22/22
f 20/20/20 23/23/23 24/24/24
f 20/20/20 24/24/24 21/21/21
f 25/25/25 26/26/26 27/27/27
f 28/28/28 29/29/29 30/30/30
f 28/28/28 31/31/31 32/32/32
f 28/28/28 33/33/33 29/29/29
f 25/25/25 34/34/34 26/26/26
f 28/28/28 35/35/35 33/33/33
f 28/28/28 30/30/30 31/31/31
f 36/36/36 37/37/37 38/38/38
f 39/39/39 40/40/40 41/41/41
f 39/39/39 42/42/42 40/40/40
f 36/36/36 38/38/38 43/43/43
f 39/39/39 44/44/44 42/42/42
f 36/36/36 43/43/43 45/45/45
f 46/46/46 47/47/47 48/48/48
f 49/49/49 50/50/50 51/51/51
f 49/49/49 51/51/51 52/52/52
f 53/53/53 54/54/54 55/55/55
f 53/53/53 56/56/56 57/57/57
f 58/58/58 59/59/59 60/60/60
f 53/53/53 61/61/61 62/62/62
f 53/53/53 62/62/62 56/56/56
f 53/53/53 55/55/55 61/61/61
f 63/63/63 64/64/64 65/65/65
f 66/66/66 67/67/67 68/68/68
f 63/63/63 69/69/69 64/64/64
f 63/63/63 70/70/70 69/69/69
f 63/63/63 71/71/71 70/70/70
f 66/66/66 68/68/68 72/72/72
f 73/73/73 74/74/74 75/75/75
f 73/73/73 75/75/75 76/76/76
f 73/73/73 77/77/77 78/78/78
f 73/73/73 78/78/78 79/79/79
f 73/73/73 79/79/79 74/74/74
f 73/73/73 76/76/76 77/77/77
f 80/80/80 81/81/81 82/82/82
f 80/80/80 83/83/83 84/84/84
f 80/80/80 85/85/85 81/81/81
f 80/80/80 84/84/84 85/85/85
f 80/80/80 86/86/86 83/83/83
f 80/80/80 82/82/82 86/86/86
f 87/87/87 88/88/88 89/89/89
f 90/90/90 91/91/91 92/92/92
f 90/90/90 92/92/92 93/93/93
f 94/94/94 95/95/95 96/96/96
f 97/97/97 98/98/98 99/99/99
f 97/97/97 100/100/100 98/98/98
f 94/94/94 101/101/101 95/95/95
f 97/97/97 99/99/99 102/102/102
f 94/94/94 103/103/103 101/101/101
f 104/104/104 105/105/105 106/106/106
f 107/107/107 108/108/108 109/109/109
f 104/104/104 110/110/110 111/111/111
f 104/104/104 112/112/112 113/113/113
f 104/104/104 113/113/113 110/110/110
f 104/104/104 106/106/106 112/112/112
f 114/114/114 115/115/115 116/116/116
f 114/114/114 117/117/117 118/118/118
f 114/114/114 118/118/118 119/119/119
f 114/114/114 116/116/116 117/117/117
f 114/114/114 120/120/120 115/115/115
f 114/114/114 119/119/119 120/120/120
f 121/121/121 122/122/122 123/123/123
f 121/121/121 124/124/124 122/122/122
f 125/125/125 126/126/126 127/127/127
f 125/125/125 128/128/128 129/129/129
f 125/125/125 130/130/130 128/128/128
f 125/125/125 131/131/131 126/126/126
f 125/125/125 132/132/132 131/131/131
f 125/125/125 129/129/129 132/132/132
f 125/125/125 127/127/127 130/130/130
f 133/133/133 134/134/134 135/135/135
f 133/133/133 136/136/136 134/134/134
f 133/133/133 137/137/137 136/136/136
f 133/133/133 135/135/135 138/138/138
f 133/133/133 138/138/138 139/139/139
f 133/133/133 139/139/139 137/137/137
f 16/16/16 140/140/140 17/17/17
f 141/141/141 40/40/40 142/142/142
f 143/143/143 144/144/144 145/145/145
f 141/141/141 142/142/142 146/146/146
f 141/141/141 147/147/147 40/40/40
s 0
f 148/148/148 149/149/148 150/150/148
s 1
f 151/151/149 152/152/150 153/153/151
f 151/151/149 154/154/149 152/152/150
f 155/155/152 156/156/153 157/157/154
f 155/155/152 158/158/155 159/159/156
f 155/155/152 157/157/154 160/160/149
f 155/155/152 159/159/156 156/156/153
s 0
f 161/161/157 162/162/157 163/163/157
s 1
f 164/164/158 165/165/159 166/166/160
f 164/164/158 166/166/160 167/167/161
f 164/164/158 168/168/162 169/169/163
f 170/170/164 171/171/165 172/172/166
f 164/164/158 167/167/161 168/168/162
f 173/173/167 174/174/168 175/175/169
s 0
f 176/176/170 177/177/170 178/178/170
s 1
f 179/179/171 180/180/172 181/181/173
f 173/173/167 175/175/169 182/182/174
f 173/173/167 182/182/174 183/183/175
s 0
f 184/184/176 185/185/176 186/186/176
s 1
f 187/187/177 188/188/178 189/189/179
f 190/190/180 191/191/181 192/192/182
f 193/193/183 194/194/184 195/195/185
f 196/196/186 197/197/187 198/198/188
f 196/196/186 198/198/188 199/199/189
f 193/193/183 195/195/185 200/200/190
f 201/201/191 202/202/192 203/203/193
f 201/201/191 204/204/194 202/202/192
s 0
f 205/205/195 206/206/195 207/207/195
s 1
f 208/208/196 209/209/197 210/210/198
f 211/211/199 212/212/200 213/213/201
f 211/211/199 214/214/202 212/212/200
f 211/211/199 215/215/203 214/214/202
f 208/208/196 216/216/204 209/209/197
s 0
f 217/217/205 218/218/205 219/219/205
s 1
f 220/220/206 221/221/207 222/222/208
f 220/220/206 223/223/209 221/221/207
f 224/224/210 225/225/211 226/226/212
f 227/227/210 228/228/213 229/229/214
f 230/230/215 231/231/216 232/232/217
f 230/230/215 233/233/218 234/234/219
f 230/230/215 234/234/219 231/231/216
f 235/235/220 236/236/221 237/237/222
f 235/235/220 238/238/223 236/236/221
f 239/239/224 240/240/225 241/241/226
f 239/239/224 241/241/226 242/242/227
f 239/239/224 243/243/228 240/240/225
f 244/244/229 245/245/230 246/246/231
f 247/247/232 248/248/233 249/249/234
f 247/247/232 250/250/235 251/251/236
f 247/247/232 251/251/236 248/248/233
f 252/252/237 253/253/238 254/254/238
f 255/255/239 256/256/240 257/257/241
f 258/258/242 259/259/243 260/260/244
f 255/255/239 261/261/245 262/262/246
f 255/255/239 257/257/241 261/261/245
f 258/258/242 263/263/247 259/259/243
f 255/255/239 264/264/248 256/256/240
f 265/265/249 266/266/250 267/267/251
f 268/268/252 269/269/253 270/270/254
f 268/268/252 271/271/255 269/269/253
f 268/268/252 270/270/254 272/272/249
f 268/268/252 273/273/256 271/271/255
f 274/274/257 275/275/258 276/276/259
f 274/274/257 277/277/260 278/278/261
f 274/274/257 278/278/261 279/279/262
f 274/274/257 279/279/262 275/275/258
f 274/274/257 280/280/263 277/277/260
f 274/274/257 276/276/259 280/280/263
f 281/281/264 282/282/265 283/283/266
f 284/284/267 285/285/268 286/286/269
f 284/284/267 287/287/270 285/285/268
f 284/284/267 288/288/271 287/287/270
f 284/284/267 289/289/272 288/288/271
f 281/281/264 283/283/266 290/290/273
f 291/291/274 292/292/275 293/293/276
f 294/294/277 295/295/278 296/296/279
f 294/294/277 297/297/280 295/295/278
f 294/294/277 296/296/279 298/298/281
f 291/291/274 299/299/282 292/292/275
f 294/294/277 300/300/283 297/297/280
f 301/301/284 302/302/285 303/303/286
f 301/301/284 304/304/287 302/302/285
f 301/301/284 303/303/286 305/305/288
f 306/306/289 307/307/290 308/308/291
f 306/306/289 309/309/292 310/310/293
f 306/306/289 310/310/293 307/307/290
f 306/306/289 308/308/291 309/309/292
f 311/311/294 312/312/295 313/313/296
f 311/311/294 313/313/296 314/314/297
f 315/315/298 316/316/299 317/317/300
f 318/318/301 319/319/302 320/320/303
f 315/315/298 321/321/304 322/322/305
f 318/318/301 323/323/306 319/319/302
f 315/315/298 317/317/300 321/321/304
f 324/324/307 325/325/308 326/326/309
f 327/327/310 328/328/311 329/329/312
f 324/324/307 330/330/313 331/331/314
f 332/332/315 333/333/316 334/334/317
f 327/327/310 329/329/312 335/335/318
f 332/332/315 334/334/317 336/336/319
f 324/324/307 331/331/314 325/325/308
f 332/332/315 337/337/320 333/333/316
f 338/338/321 339/339/322 340/340/323
f 338/338/321 341/341/324 342/342/325
f 338/338/321 343/343/326 341/341/324
f 338/338/321 342/342/325 339/339/322
f 344/344/327 345/345/328 346/346/329
f 344/344/327 347/347/330 345/345/328
f 348/348/331 349/349/332 350/350/333
f 348/348/331 350/350/333 351/351/334
f 348/348/331 351/351/334 352/352/335
f 353/353/336 354/354/337 355/355/338
f 353/353/336 355/355/338 356/356/339
f 357/357/340 358/358/341 359/359/342
f 357/357/340 359/359/342 360/360/343
f 353/353/336 356/356/339 361/361/344
f 362/362/345 363/363/346 364/364/347
f 365/365/348 366/366/349 367/367/350
f 368/368/351 369/369/352 370/370/353
f 362/362/345 364/364/347 371/371/354
f 368/368/351 370/370/353 372/372/355
f 365/365/348 373/373/356 366/366/349
f 374/374/357 375/375/358 376/376/359
f 377/377/360 378/378/361 379/379/362
f 377/377/360 380/380/363 381/381/364
f 374/374/357 382/382/365 375/375/358
f 377/377/360 381/381/364 378/378/361
f 383/383/366 384/384/367 385/385/368
f 386/386/369 387/387/370 388/388/371
f 389/389/372 390/390/373 391/391/374
f 389/389/372 392/392/375 390/390/373
f 389/389/372 391/391/374 393/393/376
f 394/394/377 395/395/378 396/396/379
f 394/394/377 397/397/380 398/398/381
f 394/394/377 399/399/382 395/395/378
f 400/400/383 401/401/384 402/402/385
f 400/400/383 402/402/385 403/403/386
f 394/394/377 398/398/381 399/399/382
f 404/404/387 405/405/388 406/406/389
f 404/404/387 407/407/390 408/408/391
f 409/409/392 410/410/393 411/411/394
f 404/404/387 406/406/389 412/412/395
f 404/404/387 408/408/391 413/413/396
f 404/404/387 413/413/396 405/405/388
f 414/414/397 415/415/398 416/416/399
f 414/414/397 417/417/400 418/418/401
f 414/414/397 416/416/399 417/417/400
f 419/419/402 420/420/403 421/421/404
f 422/422/405 423/423/406 424/424/407
f 422/422/405 425/425/408 423/423/406
f 419/419/402 421/421/404 426/426/409
f 422/422/405 424/424/407 427/427/410
f 419/419/402 426/426/409 428/428/411
f 429/429/412 430/430/413 431/431/414
f 432/432/415 433/433/416 434/434/417
f 429/429/412 431/431/414 435/435/418
f 429/429/412 436/436/419 437/437/420
f 429/429/412 435/435/418 436/436/419
f 432/432/415 434/434/417 438/438/421
f 439/439/422 440/440/423 441/441/424
f 439/439/422 442/442/425 443/443/426
f 444/444/427 445/445/428 446/446/429
f 439/439/422 443/443/426 440/440/423
f 439/439/422 441/441/424 447/447/430
f 439/439/422 448/448/431 442/442/425
f 444/444/427 446/446/429 449/449/432
f 450/450/433 451/451/434 452/452/435
f 450/450/433 452/452/435 453/453/436
f 450/450/433 454/454/437 451/451/434
f 450/450/433 455/455/438 454/454/437
f 450/450/433 453/453/436 456/456/439
f 450/450/433 456/456/439 455/455/438
f 457/457/440 458/458/441 459/459/442
f 457/457/440 460/460/443 458/458/441
f 457/457/440 459/459/442 461/461/444
f 457/457/440 462/462/445 460/460/443
f 47/47/47 463/463/446 48/48/48
f 47/47/47 464/464/447 463/463/446
f 47/47/47 465/465/448 464/464/447
f 466/466/449 467/467/450 468/468/451
f 469/469/452 470/470/453 471/471/454
f 466/466/449 468/468/451 472/472/455
f 473/473/456 474/474/457 475/475/458
f 473/473/456 475/475/458 476/476/459
f 477/477/460 478/478/461 479/479/462
f 477/477/460 480/480/463 478/478/461
f 481/481/464 482/482/465 483/483/466
f 481/481/464 484/484/467 485/485/468
f 481/481/464 486/486/469 487/487/470
f 481/481/464 483/483/466 486/486/469
f 481/481/464 485/485/468 482/482/465
f 481/481/464 487/487/470 484/484/467
f 488/488/471 489/489/472 490/490/473
f 491/491/474 492/492/475 335/335/318
f 493/493/476 494/494/477 495/495/478
f 493/493/476 496/496/479 494/494/477
f 488/488/471 497/497/480 489/489/472
f 491/491/474 335/335/318 329/329/312
f 498/498/481 499/499/482 500/500/483
f 501/501/484 502/502/485 503/503/486
f 498/498/481 504/504/487 505/505/488
f 498/498/481 500/500/483 504/504/487
f 498/498/481 506/506/489 499/499/482
f 507/507/490 508/508/491 509/509/492
f 507/507/490 510/510/493 511/511/494
f 507/507/490 512/512/495 510/510/493
f 507/507/490 509/509/492 512/512/495
f 513/513/496 514/514/497 515/515/498
f 513/513/496 515/515/498 516/516/499
f 513/513/496 517/517/500 514/514/497
f 518/518/501 519/519/502 520/520/503
f 518/518/501 399/399/382 398/398/381
f 518/518/501 520/520/503 521/521/504
f 518/518/501 398/398/381 519/519/502
f 518/518/501 522/522/505 399/399/382
f 518/518/501 521/521/504 522/522/505
f 523/523/506 524/524/507 256/256/240
f 523/523/506 256/256/240 525/525/508
f 526/526/509 254/254/238 253/253/238
f 523/523/506 525/525/508 527/527/510
f 528/528/511 529/529/512 530/530/513
f 523/523/506 531/531/514 524/524/507
f 523/523/506 532/532/515 531/531/514
f 533/533/516 534/534/517 535/535/518
f 536/536/519 537/537/520 538/538/521
f 536/536/519 538/538/521 539/539/522
f 540/540/523 541/541/524 542/542/525
s 0
f 543/543/526 544/544/526 545/545/526
s 1
f 546/546/527 547/547/528 548/548/529
f 546/546/527 549/549/530 550/550/531
f 546/546/527 548/548/529 551/551/532
f 546/546/527 551/551/532 552/552/533
f 546/546/527 550/550/531 547/547/528
f 546/546/527 552/552/533 549/549/530
f 553/553/534 554/554/535 555/555/536
f 556/556/537 557/557/538 558/558/539
f 559/559/540 560/560/541 561/561/542
f 556/556/537 558/558/539 562/562/543
f 559/559/540 563/563/544 560/560/541
f 556/556/537 564/564/545 557/557/538
f 565/565/546 566/566/547 567/567/548
f 565/565/546 567/567/548 568/568/549
f 565/565/546 569/569/550 570/570/551
f 565/565/546 568/568/549 571/571/552
f 565/565/546 570/570/551 566/566/547
f 565/565/546 571/571/552 572/572/553
f 565/565/546 572/572/553 569/569/550
f 9/9/9 573/573/554 10/10/10
f 574/574/555 575/575/556 576/576/557
f 574/574/555 577/577/558 575/575/556
f 574/574/555 578/578/559 577/577/558
f 579/579/560 580/580/561 581/581/562
f 579/579/560 581/581/562 582/582/563
f 583/583/564 584/584/565 585/585/565
f 586/586/566 587/587/567 588/588/568
f 586/586/566 589/589/569 590/590/570
f 586/586/566 588/588/568 591/591/571
f 586/586/566 590/590/570 587/587/567
f 592/592/572 593/593/573 594/594/574
f 595/595/575 596/596/576 597/597/577
f 595/595/575 598/598/578 596/596/576
f 595/595/575 599/599/579 598/598/578
f 595/595/575 597/597/577 599/599/579
f 600/600/580 601/601/581 602/602/582
f 600/600/580 603/603/583 601/601/581
f 604/604/584 605/605/585 606/606/586
f 607/607/587 608/608/588 609/609/589
f 610/610/590 611/611/591 612/612/592
f 610/610/590 613/613/593 611/611/591
f 607/607/587 609/609/589 614/614/594
f 610/610/590 615/615/595 613/613/593
f 616/616/596 617/617/597 618/618/598
f 619/619/599 620/620/600 621/621/601
f 616/616/596 618/618/598 622/622/602
f 616/616/596 623/623/603 624/624/604
f 616/616/596 624/624/604 617/617/597
f 619/619/599 621/621/601 625/625/605
f 626/626/606 627/627/607 628/628/608
f 629/629/609 630/630/610 631/631/611
f 632/632/612 633/633/613 634/634/614
f 632/632/612 634/634/614 635/635/615
f 626/626/606 628/628/608 636/636/616
f 41/41/41 40/40/40 147/147/147
f 637/637/617 638/638/618 639/639/618
f 640/640/619 641/641/620 642/642/621
f 640/640/619 643/643/622 641/641/620
f 640/640/619 644/644/623 643/643/622
f 645/645/624 646/646/625 647/647/626
f 648/648/627 649/649/628 650/650/629
f 648/648/627 650/650/629 651/651/630
s 0
f 652/652/631 653/653/631 654/654/631
s 1
f 199/199/189 198/198/188 655/655/632
f 194/194/184 656/656/633 195/195/185
f 194/194/184 657/657/634 658/658/635
f 194/194/184 658/658/635 656/656/633
f 659/659/636 660/660/637 661/661/638
f 662/662/639 663/663/640 664/664/641
f 659/659/636 661/661/638 665/665/642
f 662/662/639 666/666/643 667/667/644
f 662/662/639 664/664/641 666/666/643
f 659/659/636 665/665/642 668/668/645
f 669/669/646 670/670/647 671/671/648
f 672/672/649 673/673/650 674/674/651
f 675/675/652 447/447/430 676/676/653
f 677/677/654 678/678/655 679/679/656
f 680/680/657 681/681/658 682/682/659
f 680/680/657 683/683/660 445/445/428
f 675/675/652 676/676/653 684/684/661
f 680/680/657 682/682/659 683/683/660
f 685/685/662 686/686/663 687/687/664
f 688/688/665 689/689/666 690/690/667
f 685/685/662 691/691/668 692/692/669
f 685/685/662 687/687/664 693/693/670
f 685/685/662 693/693/670 691/691/668
f 688/688/665 694/694/671 689/689/666
f 688/688/665 690/690/667 695/695/672
f 696/696/673 697/697/674 698/698/675
f 699/699/676 700/700/677 701/701/678
f 696/696/673 702/702/679 697/697/674
f 696/696/673 698/698/675 703/703/680
f 696/696/673 703/703/680 704/704/681
f 705/705/682 706/706/683 707/707/684
f 705/705/682 708/708/685 706/706/683
f 709/709/686 710/710/687 711/711/688
f 712/712/689 713/713/690 714/714/691
f 712/712/689 715/715/692 713/713/690
f 716/716/693 717/717/694 718/718/695
f 719/719/696 720/720/697 721/721/698
f 716/716/693 722/722/699 717/717/694
f 719/719/696 723/723/700 724/724/701
f 716/716/693 725/725/702 722/722/699
f 719/719/696 724/724/701 720/720/697
f 726/726/703 727/727/704 728/728/705
f 726/726/703 728/728/705 729/729/706
f 726/726/703 730/730/707 727/727/704
s 0
f 731/731/708 732/732/708 733/733/708
s 1
f 734/734/709 735/735/710 736/736/711
f 737/737/712 81/81/81 738/738/713
f 737/737/712 739/739/714 740/740/715
f 737/737/712 741/741/716 739/739/714
f 737/737/712 738/738/713 741/741/716
f 737/737/712 740/740/715 82/82/82
f 737/737/712 82/82/82 81/81/81
f 742/742/717 743/743/718 744/744/719
f 745/745/720 746/746/721 747/747/722
f 742/742/717 748/748/723 749/749/724
f 742/742/717 744/744/719 750/750/725
f 742/742/717 749/749/724 751/751/726
f 742/742/717 750/750/725 752/752/727
f 742/742/717 752/752/727 748/748/723
f 753/753/728 754/754/729 755/755/730
f 753/753/728 755/755/730 756/756/731
f 753/753/728 757/757/732 758/758/733
f 753/753/728 756/756/731 759/759/734
f 753/753/728 759/759/734 757/757/732
f 753/753/728 758/758/733 754/754/729
f 760/760/735 761/761/736 762/762/737
f 760/760/735 763/763/738 764/764/739
f 765/765/740 766/766/741 767/767/742
f 765/765/740 768/768/743 766/766/741
f 765/765/740 769/769/744 768/768/743
f 760/760/735 762/762/737 763/763/738
f 760/760/735 770/770/745 761/761/736
f 771/771/746 772/772/747 773/773/748
f 774/774/749 775/775/750 776/776/751
f 777/777/752 778/778/753 779/779/754
f 771/771/746 780/780/755 772/772/747
f 774/774/749 776/776/751 781/781/756
f 782/782/757 783/783/758 784/784/759
f 782/782/757 785/785/760 786/786/761
f 782/782/757 786/786/761 787/787/762
f 782/782/757 787/787/762 783/783/758
f 782/782/757 784/784/759 788/788/763
f 782/782/757 788/788/763 785/785/760
f 789/789/764 3/3/3 790/790/765
f 791/791/766 792/792/767 793/793/768
f 791/791/766 794/794/769 792/792/767
f 789/789/764 795/795/770 3/3/3
f 796/796/771 797/797/772 798/798/773
f 791/791/766 793/793/768 799/799/774
f 800/800/775 801/801/776 802/802/777
f 800/800/775 803/803/778 801/801/776
f 800/800/775 804/804/779 805/805/780
f 800/800/775 805/805/780 803/803/778
f 800/800/775 806/806/781 804/804/779
f 800/800/775 802/802/777 806/806/781
f 807/807/782 808/808/783 673/673/650
f 809/809/784 810/810/785 811/811/786
f 809/809/784 812/812/787 810/810/785
f 813/813/788 814/814/789 815/815/790
f 816/816/791 817/817/792 818/818/793
f 816/816/791 819/819/794 817/817/792
f 813/813/788 820/820/795 814/814/789
f 813/813/788 821/821/796 820/820/795
f 822/822/797 823/823/798 824/824/799
f 825/825/800 826/826/801 827/827/802
f 825/825/800 828/828/803 826/826/801
f 822/822/797 824/824/799 829/829/804
f 822/822/797 830/830/805 823/823/798
f 822/822/797 829/829/804 831/831/806
f 832/832/807 833/833/808 834/834/809
f 835/835/810 836/836/811 837/837/812
f 835/835/810 837/837/812 838/838/813
f 832/832/807 839/839/814 840/840/815
f 832/832/807 840/840/815 833/833/808
f 835/835/810 838/838/813 841/841/816
f 842/842/817 843/843/818 844/844/819
f 845/845/820 846/846/821 847/847/822
f 842/842/817 848/848/823 849/849/824
f 850/850/825 643/643/622 851/851/826
s 0
f 852/852/827 853/853/827 854/854/827
s 1
f 842/842/817 844/844/819 848/848/823
f 845/845/820 855/855/828 846/846/821
f 856/856/829 857/857/830 858/858/831
f 859/859/832 860/860/833 861/861/834
f 859/859/832 862/862/835 863/863/836
f 864/864/837 865/865/838 866/866/839
f 867/867/840 868/868/841 869/869/842
f 870/870/843 871/871/844 872/872/845
f 870/870/843 873/873/846 871/871/844
f 870/870/843 874/874/847 873/873/846
f 867/867/840 869/869/842 875/875/848
f 876/876/849 877/877/850 878/878/851
f 876/876/849 878/878/851 879/879/852
f 876/876/849 880/880/853 877/877/850
f 876/876/849 879/879/852 881/881/854
f 876/876/849 881/881/854 880/880/853
f 882/882/855 883/883/856 7/7/7
f 884/884/857 885/885/858 886/886/859
f 887/887/860 888/888/861 889/889/862
f 890/890/863 891/891/864 892/892/865
f 884/884/857 893/893/866 885/885/858
f 882/882/855 7/7/7 6/6/6
f 890/890/863 894/894/867 891/891/864
f 895/895/868 896/896/869 897/897/870
f 895/895/868 898/898/871 899/899/872
f 895/895/868 899/899/872 900/900/873
f 895/895/868 901/901/874 896/896/869
f 902/902/875 903/903/876 904/904/877
f 895/895/868 900/900/873 905/905/878
f 895/895/868 897/897/870 898/898/871
f 906/906/879 907/907/880 503/503/486
f 906/906/879 503/503/486 908/908/881
f 909/909/882 910/910/883 911/911/884
f 909/909/882 912/912/885 913/913/886
f 909/909/882 911/911/884 914/914/887
f 909/909/882 914/914/887 912/912/885
f 915/915/888 916/916/889 917/917/890
f 915/915/888 917/917/890 918/918/891
f 919/919/892 920/920/893 921/921/894
f 922/922/895 923/923/896 924/924/897
f 925/925/898 926/926/899 927/927/900
f 919/919/892 921/921/894 928/928/901
f 925/925/898 927/927/900 929/929/902
f 919/919/892 930/930/903 931/931/904
f 919/919/892 931/931/904 920/920/893
f 932/932/905 933/933/906 934/934/906
f 935/935/907 936/936/908 937/937/909
f 938/938/910 122/122/122 939/939/911
f 938/938/910 940/940/912 122/122/122
f 935/935/907 937/937/909 941/941/913
f 935/935/907 942/942/914 936/936/908
f 938/938/910 939/939/911 943/943/915
f 944/944/916 945/945/917 946/946/918
f 944/944/916 946/946/918 947/947/919
f 948/948/920 949/949/921 950/950/922
f 951/951/923 952/952/924 953/953/925
f 954/954/926 955/955/927 956/956/928
f 951/951/923 957/957/929 952/952/924
f 958/958/930 959/959/931 960/960/932
f 958/958/930 960/960/932 961/961/933
f 958/958/930 962/962/934 959/959/931
f 963/963/935 964/964/936 965/965/937
f 963/963/935 966/966/938 964/964/936
f 963/963/935 965/965/937 967/967/939
f 968/968/940 969/969/941 970/970/942
f 968/968/940 971/971/943 972/972/944
f 973/973/945 974/974/946 975/975/947
f 968/968/940 972/972/944 969/969/941
f 976/976/948 977/977/949 978/978/950
f 976/976/948 978/978/950 829/829/804
f 976/976/948 824/824/799 979/979/951
f 976/976/948 980/980/952 977/977/949
f 976/976/948 829/829/804 824/824/799
f 976/976/948 979/979/951 980/980/952
f 981/981/953 982/982/954 983/983/955
f 984/984/956 423/423/406 985/985/957
f 986/986/958 987/987/959 988/988/960
f 984/984/956 989/989/961 423/423/406
f 984/984/956 985/985/957 990/990/962
f 981/981/953 991/991/963 982/982/954
f 992/992/964 993/993/965 994/994/966
f 992/992/964 995/995/967 996/996/968
f 992/992/964 997/997/969 993/993/965
f 992/992/964 998/998/970 997/997/969
f 992/992/964 996/996/968 998/998/970
f 992/992/964 994/994/966 995/995/967
f 999/999/971 1000/1000/972 1001/1001/973
f 999/999/971 1002/1002/974 1003/1003/975
f 999/999/971 1003/1003/975 1000/1000/972
f 999/999/971 1004/1004/976 1002/1002/974
f 999/999/971 1001/1001/973 1005/1005/977
f 999/999/971 1005/1005/977 1004/1004/976
f 1006/1006/978 1007/1007/979 1008/1008/980
f 1006/1006/978 1009/1009/981 1010/1010/982
f 1006/1006/978 1008/1008/980 1009/1009/981
f 1006/1006/978 1010/1010/982 1011/1011/983
f 1006/1006/978 1012/1012/984 1007/1007/979
f 1006/1006/978 1011/1011/983 1012/1012/984
f 1013/1013/985 1014/1014/986 1015/1015/987
f 1013/1013/985 1015/1015/987 1016/1016/988
f 1017/1017/989 1018/1018/990 1019/1019/991
f 1020/1020/992 1021/1021/993 1022/1022/994
f 1017/1017/989 1023/1023/995 1018/1018/990
f 1017/1017/989 1024/1024/996 1023/1023/995
f 674/674/651 808/808/783 1025/1025/997
f 674/674/651 673/673/650 808/808/783
f 670/670/647 1026/1026/998 671/671/648
f 1027/1027/999 1028/1028/1000 1029/1029/1001
f 1030/1030/1002 1031/1031/1003 1032/1032/1004
f 1030/1030/1002 1032/1032/1004 1033/1033/1005
f 1034/1034/1006 1035/1035/1007 1036/1036/1008
f 1034/1034/1006 1037/1037/1009 1038/1038/1010
f 1034/1034/1006 1038/1038/1010 1039/1039/1011
f 1034/1034/1006 1040/1040/1012 1035/1035/1007
f 1034/1034/1006 1036/1036/1008 1037/1037/1009
f 1034/1034/1006 1039/1039/1011 1040/1040/1012
f 292/292/275 1041/1041/1013 1042/1042/1014
f 292/292/275 1043/1043/1015 1041/1041/1013
f 292/292/275 1042/1042/1014 293/293/276
f 292/292/275 299/299/282 1043/1043/1015
f 1044/1044/1016 1045/1045/1017 1046/1046/1018
f 1044/1044/1016 1046/1046/1018 1047/1047/1019
f 1044/1044/1016 1048/1048/1020 1045/1045/1017
f 1044/1044/1016 1049/1049/1021 1050/1050/1022
f 1044/1044/1016 1050/1050/1022 1048/1048/1020
f 1044/1044/1016 1047/1047/1019 1049/1049/1021
f 1051/1051/1023 1052/1052/1024 1053/1053/1025
f 1051/1051/1023 1054/1054/1026 1055/1055/1027
f 1051/1051/1023 1053/1053/1025 1056/1056/1028
f 1057/1057/1029 1058/1058/1030 1059/1059/1031
f 1057/1057/1029 1059/1059/1031 1060/1060/1032
f 1051/1051/1023 1056/1056/1028 1054/1054/1026
f 534/534/517 945/945/917 535/535/518
f 534/534/517 946/946/918 945/945/917
f 534/534/517 1061/1061/1033 946/946/918
f 1062/1062/1034 1063/1063/1035 1064/1064/1036
f 1062/1062/1034 1065/1065/1037 1063/1063/1035
f 1066/1066/1038 1067/1067/1039 1068/1068/1040
f 1062/1062/1034 1064/1064/1036 1069/1069/1041
f 1066/1066/1038 1068/1068/1040 1070/1070/1042
f 1062/1062/1034 1069/1069/1041 1071/1071/1043
f 959/959/931 1072/1072/1044 1073/1073/1045
f 959/959/931 962/962/934 1074/1074/1046
f 959/959/931 1073/1073/1045 960/960/932
f 959/959/931 1074/1074/1046 1072/1072/1044
f 747/747/722 1075/1075/1047 1076/1076/1048
f 747/747/722 746/746/721 1077/1077/1049
f 747/747/722 1077/1077/1049 1075/1075/1047
f 747/747/722 1076/1076/1048 1078/1078/1050
f 754/754/729 1079/1079/1051 1080/1080/1052
f 754/754/729 758/758/733 1079/1079/1051
f 754/754/729 1081/1081/1053 755/755/730
f 754/754/729 1080/1080/1052 1081/1081/1053
f 1082/1082/1054 1083/1083/1055 1084/1084/1056
f 1085/1085/1057 1086/1086/1058 1087/1087/1059
f 1085/1085/1057 1088/1088/1060 1086/1086/1058
f 993/993/965 1089/1089/1061 1090/1090/1062
f 993/993/965 997/997/969 1091/1091/1063
f 993/993/965 1090/1090/1062 994/994/966
f 993/993/965 1091/1091/1063 1089/1089/1061
f 1092/1092/1064 1093/1093/1065 1094/1094/1066
f 1092/1092/1064 333/333/316 1095/1095/1067
f 1000/1000/972 1003/1003/975 1096/1096/1068
f 1092/1092/1064 334/334/317 333/333/316
f 1092/1092/1064 1095/1095/1067 1093/1093/1065
f 1097/1097/1069 1098/1098/1070 1099/1099/1071
f 1100/1100/1072 1101/1101/1073 1102/1102/1074
f 1097/1097/1069 1099/1099/1071 1103/1103/1075
f 1097/1097/1069 1104/1104/1076 1098/1098/1070
f 1097/1097/1069 1103/1103/1075 1105/1105/1077
f 1100/1100/1072 1106/1106/1078 1101/1101/1073
f 1107/1107/1079 1018/1018/990 1108/1108/1080
f 1107/1107/1079 1109/1109/1081 1110/1110/1082
f 1107/1107/1079 1110/1110/1082 1111/1111/1083
f 1107/1107/1079 1112/1112/1084 1018/1018/990
f 1107/1107/1079 1108/1108/1080 1109/1109/1081
f 1107/1107/1079 1111/1111/1083 1112/1112/1084
f 1113/1113/1085 1114/1114/1086 1115/1115/1087
f 1116/1116/1088 1117/1117/1089 1118/1118/1090
f 1119/1119/1091 1120/1120/1092 1121/1121/1093
f 1116/1116/1088 1122/1122/1094 1117/1117/1089
f 1113/1113/1085 1115/1115/1087 1123/1123/1095
f 1113/1113/1085 1124/1124/1096 1114/1114/1086
f 617/617/597 1125/1125/1097 1126/1126/1098
f 617/617/597 1127/1127/1099 618/618/598
f 617/617/597 624/624/604 1125/1125/1097
f 617/617/597 1126/1126/1098 1127/1127/1099
f 1128/1128/1100 1129/1129/1101 1130/1130/1102
f 1128/1128/1100 1130/1130/1102 1131/1131/1103
f 1128/1128/1100 1131/1131/1103 1132/1132/943
f 1133/1133/1104 1134/1134/1105 1135/1135/1106
f 1133/1133/1104 1136/1136/1107 1134/1134/1105
f 1133/1133/1104 1135/1135/1106 1137/1137/1108
f 1138/1138/1109 1139/1139/1110 1140/1140/1111
f 1138/1138/1109 1141/1141/1112 1139/1139/1110
f 1138/1138/1109 1142/1142/1113 1141/1141/1112
f 1143/1143/1114 1144/1144/1115 1145/1145/1116
f 1138/1138/1109 1146/1146/1117 1142/1142/1113
f 1143/1143/1114 1147/1147/1118 1144/1144/1115
f 1148/1148/1119 1149/1149/1120 1150/1150/1121
f 1151/1151/1122 1152/1152/1123 1153/1153/1124
f 1148/1148/1119 1150/1150/1121 1154/1154/1125
f 1155/1155/1126 1156/1156/1127 1157/1157/1128
f 1151/1151/1122 1158/1158/1129 1152/1152/1123
f 1155/1155/1126 1159/1159/1130 1156/1156/1127
f 1151/1151/1122 1160/1160/1131 1158/1158/1129
f 1161/1161/1132 1162/1162/1133 1163/1163/1134
f 1164/1164/1135 1165/1165/1136 1166/1166/1137
f 1161/1161/1132 1167/1167/1138 1162/1162/1133
f 1161/1161/1132 1168/1168/1139 1167/1167/1138
f 1169/1169/1140 1170/1170/1141 1171/1171/1142
f 1172/1172/1143 1099/1099/1071 1173/1173/1144
f 1172/1172/1143 1174/1174/1145 1099/1099/1071
f 1172/1172/1143 1175/1175/1146 1176/1176/1147
f 1169/1169/1140 1177/1177/1148 1170/1170/1141
f 1172/1172/1143 1176/1176/1147 1174/1174/1145
f 1178/1178/1149 1179/1179/1150 1180/1180/1149
f 1181/1181/1151 613/613/593 615/615/595
f 1178/1178/1149 1180/1180/1149 1182/1182/1152
f 1181/1181/1151 1183/1183/1153 613/613/593
f 1181/1181/1151 1184/1184/1154 1183/1183/1153
f 1181/1181/1151 615/615/595 1185/1185/1155
s 0
f 1186/1186/1156 1187/1187/1156 1188/1188/1156
s 1
f 1189/1189/1157 1190/1190/1158 1191/1191/1159
f 1192/1192/1160 1193/1193/1161 1194/1194/1162
f 1189/1189/1157 1195/1195/1163 1190/1190/1158
f 1192/1192/1160 1194/1194/1162 1196/1196/1164
f 1197/1197/1165 515/515/498 1198/1198/1166
f 1197/1197/1165 1199/1199/1167 515/515/498
f 1200/1200/1168 1201/1201/1169 1202/1202/1170
f 1200/1200/1168 828/828/803 1203/1203/1171
f 1200/1200/1168 1204/1204/1172 828/828/803
f 1200/1200/1168 1202/1202/1170 1205/1205/1173
f 1200/1200/1168 1205/1205/1173 1204/1204/1172
f 1206/1206/1174 829/829/804 978/978/950
f 1207/1207/1175 1208/1208/1176 1209/1209/1177
f 1207/1207/1175 1209/1209/1177 1210/1210/1178
f 1207/1207/1175 1211/1211/1179 1212/1212/1180
f 1207/1207/1175 1212/1212/1180 1213/1213/1181
f 1207/1207/1175 1213/1213/1181 1208/1208/1176
f 1207/1207/1175 1210/1210/1178 1214/1214/1182
f 1207/1207/1175 1214/1214/1182 1211/1211/1179
f 1215/1215/1183 1216/1216/1184 1217/1217/1185
f 1215/1215/1183 1218/1218/1186 1216/1216/1184
f 1215/1215/1183 1217/1217/1185 1219/1219/1187
f 1215/1215/1183 1219/1219/1187 1218/1218/1186
f 1220/1220/1188 470/470/453 1221/1221/1189
f 1220/1220/1188 471/471/454 470/470/453
f 1220/1220/1188 1221/1221/1189 1222/1222/1190
f 1223/1223/1191 1224/1224/1192 1225/1225/1193
f 1223/1223/1191 1226/1226/1194 1227/1227/1195
f 1223/1223/1191 1227/1227/1195 1228/1228/1196
f 1223/1223/1191 1229/1229/1197 1226/1226/1194
f 1223/1223/1191 1225/1225/1193 1229/1229/1197
f 1230/1230/1198 1231/1231/1199 1232/1232/1200
f 1022/1022/994 878/878/851 1233/1233/1201
f 1022/1022/994 1021/1021/993 879/879/852
f 1022/1022/994 1233/1233/1201 1234/1234/1202
f 1022/1022/994 879/879/852 878/878/851
f 1235/1235/1203 1236/1236/1204 1237/1237/1205
f 1238/1238/1206 1239/1239/1207 1240/1240/1208
f 1235/1235/1203 1241/1241/1209 1242/1242/1210
f 1238/1238/1206 1240/1240/1208 1243/1243/1211
f 1235/1235/1203 1237/1237/1205 1241/1241/1209
f 1235/1235/1203 1244/1244/1212 1236/1236/1204
f 1245/1245/1213 1246/1246/1214 1247/1247/1215
f 1245/1245/1213 1247/1247/1215 1248/1248/1216
f 1245/1245/1213 1249/1249/1217 1246/1246/1214
f 1250/1250/1218 1251/1251/1219 1252/1252/1220
f 1250/1250/1218 1253/1253/1221 1254/1254/1222
f 1250/1250/1218 1255/1255/1223 1251/1251/1219
f 1250/1250/1218 1252/1252/1220 1256/1256/1224
f 1257/1257/1225 1258/1258/1226 567/567/548
f 1250/1250/1218 1254/1254/1222 1255/1255/1223
f 1259/1259/1227 1260/1260/1228 1261/1261/1229
f 1262/1262/1230 1263/1263/1231 1264/1264/1232
f 1259/1259/1227 1261/1261/1229 1265/1265/1217
f 1259/1259/1227 1266/1266/1233 1267/1267/1234
f 1259/1259/1227 1267/1267/1234 1260/1260/1228
f 1259/1259/1227 1268/1268/1235 1266/1266/1233
f 1269/1269/1236 1270/1270/1237 1271/1271/1238
f 1269/1269/1236 1272/1272/1239 1270/1270/1237
f 1269/1269/1236 1273/1273/1240 1272/1272/1239
f 1269/1269/1236 1271/1271/1238 1274/1274/1241
f 1269/1269/1236 1274/1274/1241 1275/1275/1242
f 1269/1269/1236 1275/1275/1242 1273/1273/1240
f 1276/1276/1243 1277/1277/1244 1278/1278/1245
f 1276/1276/1243 1279/1279/1246 1280/1280/1247
f 1276/1276/1243 1281/1281/1248 1282/1282/1249
f 1276/1276/1243 1280/1280/1247 1281/1281/1248
f 1276/1276/1243 1282/1282/1249 1277/1277/1244
f 1276/1276/1243 1278/1278/1245 1279/1279/1246
f 1283/1283/1250 1284/1284/1251 1285/1285/1252
f 1286/1286/1253 1287/1287/1254 1288/1288/1255
f 1283/1283/1250 1285/1285/1252 1289/1289/1256
f 671/671/648 1026/1026/998 1290/1290/1257
f 1291/1291/1258 1292/1292/1259 1293/1293/1260
f 1291/1291/1258 1294/1294/1261 1295/1295/1262
f 1291/1291/1258 1293/1293/1260 1296/1296/1263
f 1291/1291/1258 1296/1296/1263 1294/1294/1261
f 1291/1291/1258 1295/1295/1262 1297/1297/1264
f 1291/1291/1258 1297/1297/1264 1292/1292/1259
f 1298/1298/1265 695/695/672 1299/1299/1266
f 1300/1300/1267 1301/1301/1268 1302/1302/1269
f 1300/1300/1267 1303/1303/1270 1301/1301/1268
f 1298/1298/1265 1299/1299/1266 1304/1304/1271
f 1300/1300/1267 1302/1302/1269 686/686/663
f 1305/1305/1272 1306/1306/1273 1307/1307/1274
f 1305/1305/1272 1307/1307/1274 1308/1308/1275
f 1305/1305/1272 1309/1309/1276 1310/1310/1277
f 1305/1305/1272 1310/1310/1277 1311/1311/1278
f 1305/1305/1272 1308/1308/1275 1309/1309/1276
f 1305/1305/1272 1311/1311/1278 1306/1306/1273
f 1312/1312/1279 463/463/446 464/464/447
f 1312/1312/1279 464/464/447 1313/1313/1280
f 1314/1314/1281 1315/1315/1282 1316/1316/1283
f 1317/1317/1284 1318/1318/1285 594/594/574
f 1317/1317/1284 594/594/574 593/593/573
f 1319/1319/1286 1320/1320/1287 1321/1321/1288
f 1319/1319/1286 1322/1322/1289 1323/1323/1290
f 1319/1319/1286 1324/1324/1291 1322/1322/1289
f 1319/1319/1286 1321/1321/1288 1324/1324/1291
f 1325/1325/1292 1326/1326/1293 1327/1327/1294
f 1328/1328/1295 1329/1329/1296 1330/1330/1297
f 1328/1328/1295 1331/1331/1298 1329/1329/1296
f 1328/1328/1295 1330/1330/1297 1332/1332/1299
f 74/74/74 727/727/704 730/730/707
f 1333/1333/1300 1334/1334/1301 1335/1335/1302
f 1333/1333/1300 1336/1336/1303 1334/1334/1301
f 74/74/74 79/79/79 727/727/704
f 1337/1337/1304 1338/1338/1305 1339/1339/1306
f 1340/1340/1307 1341/1341/1308 1342/1342/1309
f 1340/1340/1307 1343/1343/1310 1344/1344/1311
f 1340/1340/1307 1342/1342/1309 1345/1345/1312
f 1340/1340/1307 1344/1344/1311 1341/1341/1308
f 1337/1337/1304 1346/1346/1313 1338/1338/1305
f 1347/1347/1314 1348/1348/1315 1349/1349/1316
f 1347/1347/1314 1349/1349/1316 1350/1350/1317
f 1351/1351/1318 1352/1352/1319 1353/1353/1320
f 1351/1351/1318 1354/1354/1321 1352/1352/1319
f 1355/1355/1322 1356/1356/1323 1357/1357/1324
f 1355/1355/1322 1357/1357/1324 1358/1358/1325
f 1355/1355/1322 1359/1359/1326 1356/1356/1323
f 761/761/736 1360/1360/1327 1361/1361/1328
f 761/761/736 1361/1361/1328 762/762/737
f 761/761/736 1362/1362/1329 1360/1360/1327
f 761/761/736 770/770/745 1362/1362/1329
f 1363/1363/1330 1364/1364/1331 1365/1365/1332
f 1363/1363/1330 1365/1365/1332 1366/1366/1333
f 1367/1367/1334 1368/1368/1335 1369/1369/1336
f 1367/1367/1334 1369/1369/1336 1370/1370/1337
f 865/865/838 1371/1371/1338 866/866/839
f 1372/1372/1339 1373/1373/1340 1374/1374/1341
f 875/875/848 1375/1375/1342 1376/1376/1343
f 875/875/848 869/869/842 1375/1375/1342
f 1377/1377/1344 1378/1378/1345 1379/1379/1346
f 1380/1380/1347 1381/1381/1348 1382/1382/1349
f 1377/1377/1344 1383/1383/1350 1378/1378/1345
f 1377/1377/1344 1384/1384/1351 1385/1385/1352
f 1377/1377/1344 1379/1379/1346 1384/1384/1351
f 1386/1386/1353 1387/1387/1354 1388/1388/1355
f 1380/1380/1347 1382/1382/1349 1389/1389/1356
f 1390/1390/1357 1391/1391/1358 1392/1392/1359
f 1390/1390/1357 1393/1393/1360 1394/1394/1361
f 1390/1390/1357 1395/1395/1362 1391/1391/1358
f 1390/1390/1357 1392/1392/1359 1393/1393/1360
f 1390/1390/1357 1394/1394/1361 1395/1395/1362
f 1396/1396/1363 1397/1397/1364 1398/1398/1365
f 1399/1399/1366 1400/1400/1367 1401/1401/1367
f 1396/1396/1363 1398/1398/1365 1402/1402/1368
f 1396/1396/1363 1403/1403/1369 1397/1397/1364
f 1404/1404/1370 1405/1405/1371 1406/1406/1372
f 1404/1404/1370 1407/1407/1373 1405/1405/1371
f 1408/1408/1374 1409/1409/1375 1410/1410/1376
f 1408/1408/1374 1410/1410/1376 1411/1411/1377
s 0
f 1412/1412/1378 1413/1413/1378 1414/1414/1378
s 1
f 910/910/883 1415/1415/1379 911/911/884
f 918/918/891 1416/1416/1380 1417/1417/1381
f 918/918/891 917/917/890 1418/1418/1382
f 918/918/891 1418/1418/1382 1416/1416/1380
f 1419/1419/1383 1420/1420/1384 1421/1421/1385
f 1422/1422/1386 1423/1423/1387 1424/1424/1388
f 1419/1419/1383 1425/1425/1389 1426/1426/1390
f 1419/1419/1383 1426/1426/1390 1420/1420/1384
f 1422/1422/1386 1424/1424/1388 1427/1427/1391
f 1422/1422/1386 1427/1427/1391 1428/1428/1392
f 1429/1429/1393 1430/1430/1394 1431/1431/1395
f 1432/1432/1396 1157/1157/1128 1156/1156/1127
f 1433/1433/1397 1434/1434/1398 1435/1435/1399
f 1436/1436/1400 798/798/773 1437/1437/1401
f 1433/1433/1397 1438/1438/1402 1439/1439/1403
f 1436/1436/1400 1437/1437/1401 1440/1440/1404
f 1433/1433/1397 1441/1441/1405 1438/1438/1402
f 1433/1433/1397 1439/1439/1403 1434/1434/1398
f 1442/1442/1406 1443/1443/1407 1444/1444/1408
f 601/601/581 1445/1445/1409 602/602/582
f 1446/1446/1410 1447/1447/1411 1448/1448/1412
f 1446/1446/1410 1449/1449/1413 1447/1447/1411
f 601/601/581 603/603/583 1450/1450/1414
f 1451/1451/1415 1452/1452/1416 1453/1453/1417
f 1451/1451/1415 1453/1453/1417 1454/1454/1418
f 1455/1455/1419 1456/1456/1420 1457/1457/1421
f 1455/1455/1419 1457/1457/1421 1458/1458/1422
f 1455/1455/1419 1459/1459/1423 1460/1460/1424
f 1455/1455/1419 1460/1460/1424 1456/1456/1420
f 1461/1461/1425 1462/1462/1426 1463/1463/1427
f 1461/1461/1425 1464/1464/1428 1462/1462/1426
f 1461/1461/1425 1465/1465/1429 1464/1464/1428
f 1461/1461/1425 1463/1463/1427 1465/1465/1429
f 627/627/607 1466/1466/1430 628/628/608
f 635/635/615 1467/1467/1431 1468/1468/1432
f 635/635/615 1468/1468/1432 1469/1469/1433
f 635/635/615 634/634/614 1467/1467/1431
f 1470/1470/1434 1471/1471/1435 1472/1472/1436
f 1470/1470/1434 1473/1473/1437 1471/1471/1435
f 1470/1470/1434 1472/1472/1436 1474/1474/1438
f 1475/1475/1439 1476/1476/1440 1477/1477/1441
f 1475/1475/1439 1478/1478/1442 1476/1476/1440
f 1479/1479/1443 1480/1480/1444 1481/1481/1445
f 1479/1479/1443 1482/1482/1446 1480/1480/1444
f 1483/1483/1447 1484/1484/1448 1485/1485/1449
f 1483/1483/1447 1485/1485/1449 1486/1486/1450
f 1487/1487/1451 410/410/393 1488/1488/1452
f 1487/1487/1451 1489/1489/1453 788/788/763
f 1490/1490/1454 406/406/389 1491/1491/1455
f 1487/1487/1451 784/784/759 410/410/393
f 1490/1490/1454 1491/1491/1455 1492/1492/1456
f 1487/1487/1451 788/788/763 784/784/759
f 1493/1493/1457 1494/1494/1458 1495/1495/1217
f 1114/1114/1086 1496/1496/1459 1115/1115/1087
f 1114/1114/1086 1497/1497/1460 1496/1496/1459
f 1493/1493/1457 1121/1121/1093 1494/1494/1458
f 420/420/403 1498/1498/1461 571/571/552
f 427/427/410 424/424/407 1499/1499/1462
f 420/420/403 571/571/552 421/421/404
f 427/427/410 1499/1499/1462 1500/1500/1463
f 1501/1501/1464 438/438/421 434/434/417
f 1501/1501/1464 1502/1502/1465 1503/1503/1466
f 1501/1501/1464 1504/1504/1467 438/438/421
f 1501/1501/1464 1503/1503/1466 1505/1505/1468
f 1501/1501/1464 434/434/417 1502/1502/1465
f 1501/1501/1464 1505/1505/1468 1504/1504/1467
f 1506/1506/1469 814/814/789 820/820/795
f 1507/1507/1470 1508/1508/1471 1509/1509/1472
f 1506/1506/1469 820/820/795 821/821/796
s 0
f 1510/1510/1473 1511/1511/1473 1512/1512/1473
f 1513/1513/1474 1514/1514/1474 1515/1515/1474
s 1
f 1516/1516/1475 1517/1517/249 1518/1518/1476
f 1516/1516/1475 1518/1518/1476 1519/1519/1477
f 1520/1520/1478 1521/1521/1479 1522/1522/1480
f 1523/1523/1481 1524/1524/1482 1525/1525/1483
f 1523/1523/1481 1525/1525/1483 1526/1526/1484
f 1520/1520/1478 1527/1527/1485 1521/1521/1479
f 1528/1528/1486 1529/1529/1487 1530/1530/1488
s 0
f 1531/1531/1489 1532/1532/1489 1533/1533/1489
s 1
f 1534/1534/1490 1535/1535/1491 1536/1536/1492
f 1537/1537/1493 1538/1538/1494 1539/1539/1495
f 1534/1534/1490 1536/1536/1492 1540/1540/1496
f 1541/1541/1497 1542/1542/1498 1543/1543/1499
f 1541/1541/1497 1544/1544/1500 1542/1542/1498
f 1537/1537/1493 1539/1539/1495 1545/1545/1501
f 1035/1035/1007 1546/1546/1502 1547/1547/1503
f 1035/1035/1007 1547/1547/1503 1036/1036/1008
f 1035/1035/1007 1040/1040/1012 1548/1548/1504
f 1549/1549/1505 1550/1550/1506 1551/1551/1507
f 1035/1035/1007 1552/1552/1508 1546/1546/1502
f 1553/1553/1509 1554/1554/1510 1555/1555/1511
f 1553/1553/1509 1555/1555/1511 1556/1556/1512
f 1557/1557/1513 1558/1558/1514 1559/1559/1515
f 1557/1557/1513 1560/1560/1516 1558/1558/1514
f 1557/1557/1513 1559/1559/1515 1561/1561/1517
f 1562/1562/1518 1563/1563/1519 888/888/861
f 1564/1564/1520 885/885/858 1565/1565/1521
f 1564/1564/1520 1566/1566/1522 1567/1567/1523
f 1564/1564/1520 886/886/859 885/885/858
f 1564/1564/1520 1565/1565/1521 1566/1566/1522
f 1562/1562/1518 1568/1568/1524 1563/1563/1519
f 1569/1569/1525 1570/1570/1526 1571/1571/1527
f 1572/1572/1528 1573/1573/1529 1574/1574/1530
f 1575/1575/1531 560/560/541 1576/1576/1532
f 1575/1575/1531 561/561/542 560/560/541
f 1572/1572/1528 1574/1574/1530 564/564/545
f 1577/1577/1533 504/504/487 500/500/483
f 1577/1577/1533 1578/1578/1534 504/504/487
f 1579/1579/1535 1580/1580/1536 1581/1581/1537
f 1579/1579/1535 1581/1581/1537 1582/1582/1538
f 1579/1579/1535 1583/1583/1539 1580/1580/1536
f 1579/1579/1535 1584/1584/1540 1583/1583/1539
f 1585/1585/1541 1586/1586/1542 1587/1587/1543
f 1585/1585/1541 1588/1588/1544 1586/1586/1542
f 395/395/378 1589/1589/1545 1590/1590/1546
f 1591/1591/1547 1592/1592/1548 401/401/384
f 395/395/378 399/399/382 1589/1589/1545
s 0
f 1593/1593/1549 1594/1594/1549 1595/1595/1549
s 1
f 1596/1596/1550 1597/1597/1551 1598/1598/1552
f 405/405/388 1599/1599/1553 406/406/389
f 1600/1600/1554 527/527/510 1601/1601/1555
f 1602/1602/1556 1603/1603/1557 1604/1604/1558
f 405/405/388 1605/1605/1559 1599/1599/1553
s 0
f 1606/1606/1560 1607/1607/1560 1608/1608/1560
s 1
f 1609/1609/1561 1610/1610/1562 1611/1611/1563
s 0
f 1612/1612/1564 1613/1613/1564 1614/1614/1564
s 1
f 1609/1609/1561 1615/1615/1565 1616/1616/1566
f 1609/1609/1561 1611/1611/1563 1615/1615/1565
f 275/275/258 1617/1617/1567 276/276/259
f 275/275/258 1618/1618/1568 1617/1617/1567
f 275/275/258 279/279/262 1618/1618/1568
f 1619/1619/1569 1620/1620/1570 289/289/272
f 1621/1621/1571 1622/1622/1572 1623/1623/1573
f 1619/1619/1569 1624/1624/1574 1620/1620/1570
f 1621/1621/1571 1623/1623/1573 1625/1625/1575
f 1621/1621/1571 290/290/273 1622/1622/1572
f 1621/1621/1571 1625/1625/1575 1626/1626/1576
f 1627/1627/1577 1628/1628/1578 1629/1629/1579
f 1627/1627/1577 1630/1630/1580 1628/1628/1578
f 1631/1631/1581 1632/1632/1582 1633/1633/1583
f 1634/1634/1584 1635/1635/1585 1636/1636/1586
f 1634/1634/1584 1636/1636/1586 1637/1637/1587
f 1634/1634/1584 1638/1638/1588 1639/1639/1589
f 1634/1634/1584 1637/1637/1587 1638/1638/1588
f 1634/1634/1584 157/157/154 1635/1635/1585
f 1634/1634/1584 1639/1639/1589 157/157/154
f 801/801/776 803/803/778 1640/1640/1590
f 801/801/776 1641/1641/1591 802/802/777
f 801/801/776 1640/1640/1590 1641/1641/1591
f 1642/1642/1592 1643/1643/1593 1644/1644/1594
f 1642/1642/1592 1645/1645/1595 1646/1646/1596
f 1647/1647/1597 998/998/970 996/996/968
f 1647/1647/1597 996/996/968 1648/1648/1598
f 1642/1642/1592 1644/1644/1594 1645/1645/1595
f 1642/1642/1592 1646/1646/1596 1649/1649/1599
s 0
f 1650/1650/1600 1651/1651/1600 1652/1652/1600
s 1
f 1653/1653/1601 1654/1654/1602 1655/1655/1603
f 1653/1653/1601 1656/1656/1604 1657/1657/1605
f 1653/1653/1601 1655/1655/1603 1658/1658/1606
s 0
f 1659/1659/1607 1660/1660/1607 1661/1661/1607
s 1
f 1653/1653/1601 1662/1662/1608 1663/1663/1609
f 1653/1653/1601 1663/1663/1609 1656/1656/1604
f 1653/1653/1601 1658/1658/1606 1662/1662/1608
f 1664/1664/1610 1665/1665/1611 1252/1252/1220
f 1666/1666/1612 1667/1667/1613 1668/1668/1614
f 1664/1664/1610 1669/1669/1615 1665/1665/1611
f 1664/1664/1610 1252/1252/1220 1251/1251/1219
f 1670/1670/1616 1671/1671/1617 1672/1672/1618
f 1670/1670/1616 1672/1672/1618 1673/1673/1619
f 1443/1443/1407 1674/1674/1620 1675/1675/1621
f 1443/1443/1407 1675/1675/1621 1444/1444/1408
f 1443/1443/1407 1676/1676/1622 1674/1674/1620
f 1443/1443/1407 1677/1677/1623 1676/1676/1622
f 354/354/337 1678/1678/1624 355/355/338
f 1679/1679/1625 363/363/346 1680/1680/1626
f 1679/1679/1625 1681/1681/1627 364/364/347
f 1679/1679/1625 1680/1680/1626 1682/1682/1628
f 1679/1679/1625 364/364/347 363/363/346
f 1679/1679/1625 1344/1344/1311 1683/1683/1629
f 1679/1679/1625 1682/1682/1628 1344/1344/1311
f 1679/1679/1625 1683/1683/1629 1681/1681/1627
f 375/375/358 1684/1684/1630 1685/1685/1631
f 375/375/358 382/382/365 30/30/30
f 1686/1686/1632 1687/1687/1633 1688/1688/1634
f 375/375/358 30/30/30 1684/1684/1630
f 1689/1689/1635 1690/1690/1636 1691/1691/1637
f 1689/1689/1635 1691/1691/1637 1692/1692/1638
f 1693/1693/1639 1694/1694/1640 1695/1695/1641
f 1696/1696/1642 403/403/386 402/402/385
f 1696/1696/1642 1697/1697/1643 1049/1049/1021
f 1696/1696/1642 1049/1049/1021 1047/1047/1019
f 1696/1696/1642 402/402/385 1697/1697/1643
f 1696/1696/1642 1047/1047/1019 1698/1698/1644
f 1696/1696/1642 1698/1698/1644 403/403/386
f 1699/1699/1645 1700/1700/1646 1480/1480/1444
f 1060/1060/1032 1059/1059/1031 1701/1701/1647
f 1699/1699/1645 1480/1480/1444 1482/1482/1446
f 1052/1052/1024 1702/1702/1648 1053/1053/1025
f 1703/1703/1649 1704/1704/1650 1705/1705/1651
s 0
f 1706/1706/1652 1707/1707/1652 1708/1708/1652
s 1
f 1703/1703/1649 1705/1705/1651 1709/1709/1653
f 1710/1710/1654 1711/1711/1655 1712/1712/1656
f 1713/1713/1657 1714/1714/1658 1715/1715/1659
f 1713/1713/1657 1716/1716/1660 1717/1717/1661
f 1713/1713/1657 1715/1715/1659 1716/1716/1660
f 1713/1713/1657 1717/1717/1661 1718/1718/1662
f 1420/1420/1384 1426/1426/1390 581/581/562
f 1420/1420/1384 1719/1719/1663 1421/1421/1385
f 1420/1420/1384 580/580/561 1720/1720/1664
f 1420/1420/1384 1720/1720/1664 1719/1719/1663
f 1420/1420/1384 581/581/562 580/580/561
s 0
f 1721/1721/1665 1722/1722/1665 1723/1723/1665
s 1
f 1724/1724/1666 1725/1725/1667 1726/1726/1668
f 1724/1724/1666 1726/1726/1668 1727/1727/1669
f 1728/1728/1670 1729/1729/1671 1730/1730/1672
f 1728/1728/1670 1730/1730/1672 1731/1731/1673
f 1732/1732/1674 1733/1733/1675 1734/1734/1676
f 1732/1732/1674 1735/1735/1677 1736/1736/1678
f 1737/1737/1679 1738/1738/1680 1739/1739/1681
f 1732/1732/1674 1736/1736/1678 1733/1733/1675
f 1740/1740/1682 1741/1741/1683 1742/1742/1684
f 1740/1740/1682 1743/1743/1685 1741/1741/1683
f 1744/1744/1686 307/307/290 310/310/293
f 1744/1744/1686 310/310/293 1745/1745/1687
f 1746/1746/1688 1747/1747/1689 1748/1748/1690
f 1749/1749/1691 1750/1750/1692 1751/1751/1693
f 1749/1749/1691 1752/1752/1694 1750/1750/1692
f 1746/1746/1688 1748/1748/1690 1753/1753/1695
f 1749/1749/1691 1754/1754/1696 1752/1752/1694
f 1755/1755/1697 1756/1756/1698 1757/1757/1699
f 1755/1755/1697 1758/1758/1700 1759/1759/1701
f 1755/1755/1697 1757/1757/1699 1760/1760/1702
f 1761/1761/1703 1762/1762/1704 1763/1763/1705
f 1755/1755/1697 1760/1760/1702 1758/1758/1700
f 1761/1761/1703 1764/1764/1706 1765/1765/1707
f 1761/1761/1703 1765/1765/1707 1762/1762/1704
f 1755/1755/1697 1759/1759/1701 1766/1766/1708
f 1767/1767/1709 1768/1768/1710 1769/1769/1711
f 1767/1767/1709 1769/1769/1711 1770/1770/1712
f 1767/1767/1709 1770/1770/1712 1771/1771/1713
f 1767/1767/1709 1771/1771/1713 1768/1768/1710
f 1772/1772/1714 152/152/150 154/154/149
f 1772/1772/1714 154/154/149 1773/1773/1715
f 1772/1772/1714 1774/1774/1716 1775/1775/1717
f 1772/1772/1714 1775/1775/1717 1776/1776/1718
f 1772/1772/1714 1773/1773/1715 1774/1774/1716
f 1772/1772/1714 1776/1776/1718 152/152/150
f 1777/1777/1719 1778/1778/1720 1779/1779/1721
f 1777/1777/1719 1780/1780/1722 1781/1781/1723
f 1777/1777/1719 1781/1781/1723 1778/1778/1720
f 1777/1777/1719 225/225/211 1782/1782/1724
f 1777/1777/1719 1779/1779/1721 225/225/211
f 1777/1777/1719 1782/1782/1724 1780/1780/1722
f 622/622/602 618/618/598 1783/1783/1725
f 620/620/600 1784/1784/1726 621/621/601
f 620/620/600 1785/1785/1727 1784/1784/1726
f 620/620/600 1786/1786/1728 1785/1785/1727
f 1787/1787/1729 1788/1788/1730 1789/1789/1731
f 1787/1787/1729 1789/1789/1731 1790/1790/1732
f 1787/1787/1729 1791/1791/1733 1792/1792/1734
f 1787/1787/1729 1793/1793/1735 1791/1791/1733
f 1794/1794/1736 456/456/439 453/453/436
f 1787/1787/1729 1792/1792/1734 1788/1788/1730
f 1795/1795/1737 554/554/535 1405/1405/1371
f 1796/1796/1738 1797/1797/1739 840/840/815
f 1798/1798/1740 1799/1799/1741 1800/1800/1742
f 1796/1796/1738 840/840/815 1801/1801/1743
f 1795/1795/1737 555/555/536 554/554/535
f 1798/1798/1740 1800/1800/1742 1802/1802/1744
f 1803/1803/1745 1804/1804/1746 1805/1805/1747
f 1806/1806/1748 1530/1530/1488 1807/1807/1749
f 1808/1808/1750 1525/1525/1483 1524/1524/1482
f 1803/1803/1745 1809/1809/1751 1810/1810/1752
f 1803/1803/1745 1805/1805/1747 1809/1809/1751
f 1808/1808/1750 1811/1811/1753 1525/1525/1483
f 1812/1812/1754 1813/1813/1755 1814/1814/1756
f 1812/1812/1754 1815/1815/1757 1813/1813/1755
f 1812/1812/1754 1816/1816/1758 1817/1817/1759
f 1812/1812/1754 1817/1817/1759 1818/1818/1760
f 1812/1812/1754 1814/1814/1756 1816/1816/1758
f 1812/1812/1754 1818/1818/1760 1815/1815/1757
f 1819/1819/1761 1277/1277/1244 1820/1820/1762
f 1819/1819/1761 1820/1820/1762 1821/1821/1763
f 1819/1819/1761 1822/1822/1764 1277/1277/1244
f 1819/1819/1761 1437/1437/1401 1822/1822/1764
f 1819/1819/1761 1440/1440/1404 1437/1437/1401
f 1823/1823/1765 1672/1672/1618 1824/1824/1766
f 1825/1825/1767 1826/1826/1768 1827/1827/1769
f 1828/1828/1770 1416/1416/1380 1829/1829/1771
f 1825/1825/1767 1830/1830/1772 1826/1826/1768
f 1831/1831/1773 1832/1832/1774 1833/1833/1775
f 1831/1831/1773 804/804/779 806/806/781
f 1831/1831/1773 806/806/781 1832/1832/1774
f 1834/1834/1776 1835/1835/1777 1836/1836/1778
f 1834/1834/1776 1837/1837/1779 1838/1838/1780
f 1834/1834/1776 1838/1838/1780 1839/1839/1781
f 1834/1834/1776 1840/1840/1782 1835/1835/1777
f 1834/1834/1776 1839/1839/1781 1840/1840/1782
f 1834/1834/1776 1836/1836/1778 1837/1837/1779
f 1841/1841/1783 1842/1842/1784 1843/1843/1785
f 1841/1841/1783 1844/1844/1786 1845/1845/1787
f 1841/1841/1783 1846/1846/1788 1842/1842/1784
f 1841/1841/1783 1845/1845/1787 1847/1847/1789
f 1841/1841/1783 1843/1843/1785 1844/1844/1786
f 1841/1841/1783 1847/1847/1789 1846/1846/1788
f 1848/1848/1790 1849/1849/1791 27/27/27
f 1848/1848/1790 27/27/27 1850/1850/1792
f 1851/1851/1793 1852/1852/1794 1853/1853/1795
f 1711/1711/1655 1854/1854/1796 1855/1855/1797
f 1711/1711/1655 1855/1855/1797 1712/1712/1656
f 1711/1711/1655 1856/1856/1798 1854/1854/1796
f 547/547/528 550/550/531 1857/1857/1799
f 1858/1858/1800 1859/1859/1801 1860/1860/1802
f 1858/1858/1800 1861/1861/1803 1859/1859/1801
f 1858/1858/1800 1860/1860/1802 1862/1862/1804
f 1863/1863/1805 1864/1864/1806 1865/1865/1807
f 1863/1863/1805 1866/1866/1808 1864/1864/1806
f 1867/1867/1809 1868/1868/1810 1869/1869/1811
f 1870/1870/1812 1871/1871/1813 1872/1872/1814
f 1873/1873/1815 1874/1874/1816 1875/1875/1817
f 1870/1870/1812 1872/1872/1814 1876/1876/1818
f 1870/1870/1812 1876/1876/1818 1877/1877/1819
f 1873/1873/1815 1878/1878/1820 1874/1874/1816
f 1879/1879/1821 1880/1880/1822 1881/1881/1823
f 1882/1882/1824 1883/1883/1825 1884/1884/1826
f 1885/1885/1827 1886/1886/1828 1887/1887/1829
f 1888/1888/1830 1889/1889/1831 1890/1890/1832
f 1879/1879/1821 1881/1881/1823 1891/1891/1833
f 1888/1888/1830 1890/1890/1832 1892/1892/1834
f 1885/1885/1827 1887/1887/1829 1893/1893/1835
f 1391/1391/1358 1395/1395/1362 1894/1894/1836
f 587/587/567 1895/1895/1837 1896/1896/1838
f 587/587/567 1897/1897/1839 1895/1895/1837
f 587/587/567 590/590/570 1897/1897/1839
f 587/587/567 1896/1896/1838 588/588/568
f 1898/1898/1840 1251/1251/1219 1255/1255/1223
f 1899/1899/1841 1900/1900/1842 1901/1901/1843
f 1899/1899/1841 1668/1668/1614 1667/1667/1613
f 1899/1899/1841 1902/1902/1844 1668/1668/1614
f 1899/1899/1841 1901/1901/1843 1902/1902/1844
f 1903/1903/1845 1904/1904/1846 1905/1905/1847
f 1903/1903/1845 1906/1906/1848 1904/1904/1846
f 1903/1903/1845 1907/1907/1849 1906/1906/1848
f 1903/1903/1845 1908/1908/1850 1907/1907/1849
f 1903/1903/1845 1011/1011/983 1908/1908/1850
f 1903/1903/1845 1905/1905/1847 1011/1011/983
f 1270/1270/1237 1272/1272/1239 1909/1909/1851
f 1270/1270/1237 1910/1910/1852 1911/1911/1853
f 1912/1912/1854 1913/1913/1855 115/115/115
f 1270/1270/1237 1909/1909/1851 1914/1914/1856
f 1270/1270/1237 1911/1911/1853 1271/1271/1238
f 1915/1915/1857 1810/1810/1752 1809/1809/1751
s 0
f 1916/1916/1858 1917/1917/1858 1918/1918/1858
s 1
f 1232/1232/1200 1457/1457/1421 1919/1919/1859
f 1232/1232/1200 1920/1920/1860 1921/1921/1861
f 1232/1232/1200 1921/1921/1861 1457/1457/1421
f 1232/1232/1200 1231/1231/1199 1920/1920/1860
f 1922/1922/1862 1923/1923/1863 1924/1924/1864
f 1922/1922/1862 1924/1924/1864 1925/1925/1865
f 1922/1922/1862 1925/1925/1865 1926/1926/1866
f 1922/1922/1862 1927/1927/1867 1923/1923/1863
f 1928/1928/1868 1384/1384/1351 1379/1379/1346
f 1928/1928/1868 1379/1379/1346 1929/1929/1869
f 1922/1922/1862 1926/1926/1866 1930/1930/1870
f 1931/1931/1871 1240/1240/1208 1932/1932/1872
f 549/549/530 1933/1933/1873 550/550/531
f 1931/1931/1871 1934/1934/1874 1240/1240/1208
f 549/549/530 552/552/533 1935/1935/1875
f 1936/1936/1876 1246/1246/1214 1937/1937/1877
f 1936/1936/1876 1247/1247/1215 1246/1246/1214
f 1936/1936/1876 1937/1937/1877 1938/1938/1878
f 295/295/278 1939/1939/1879 296/296/279
f 1940/1940/1880 1941/1941/1881 1942/1942/1882
f 1741/1741/1683 1943/1943/1883 1742/1742/1684
f 320/320/303 1944/1944/1884 1945/1945/1885
f 312/312/295 1946/1946/1886 313/313/296
f 1947/1947/1887 929/929/902 1948/1948/1888
f 320/320/303 319/319/302 1944/1944/1884
f 312/312/295 1949/1949/1889 1946/1946/1886
f 1950/1950/1890 1951/1951/1891 1952/1952/1890
f 1950/1950/1890 1952/1952/1890 1953/1953/1892
f 236/236/221 1954/1954/1893 237/237/222
f 236/236/221 1955/1955/1894 1954/1954/1893
f 236/236/221 238/238/223 1955/1955/1894
f 345/345/328 1956/1956/1895 346/346/329
f 345/345/328 347/347/330 1957/1957/1896
f 345/345/328 1958/1958/1897 1959/1959/1898
f 345/345/328 1957/1957/1896 1960/1960/1899
f 345/345/328 1960/1960/1899 1958/1958/1897
f 345/345/328 1959/1959/1898 1956/1956/1895
f 1961/1961/1900 611/611/591 613/613/593
f 1961/1961/1900 613/613/593 1183/1183/1153
f 1961/1961/1900 1962/1962/1901 611/611/591
f 1842/1842/1784 1846/1846/1788 1963/1963/1902
f 1964/1964/1903 1965/1965/1904 1966/1966/1905
f 1967/1967/1906 1968/1968/1907 1969/1969/1908
f 1967/1967/1906 203/203/193 202/202/192
f 1967/1967/1906 1969/1969/1908 1970/1970/1909
f 1967/1967/1906 1970/1970/1909 203/203/193
f 1967/1967/1906 202/202/192 68/68/68
f 1967/1967/1906 68/68/68 1968/1968/1907
f 639/639/618 638/638/618 1971/1971/1910
f 1972/1972/1911 1973/1973/1912 1974/1974/1912
f 1975/1975/1913 1976/1976/1914 1977/1977/1915
f 1975/1975/1913 1978/1978/1916 1976/1976/1914
f 1975/1975/1913 1979/1979/1917 1978/1978/1916
f 1975/1975/1913 1980/1980/1918 1981/1981/1919
f 1975/1975/1913 1977/1977/1915 1980/1980/1918
f 1982/1982/1920 1815/1815/1757 1818/1818/1760
f 1982/1982/1920 1002/1002/974 1983/1983/1921
f 1982/1982/1920 1003/1003/975 1002/1002/974
f 1982/1982/1920 1983/1983/1921 1815/1815/1757
f 1982/1982/1920 1818/1818/1760 1003/1003/975
f 1984/1984/1922 1985/1985/1923 1986/1986/1924
f 1987/1987/1925 1988/1988/1926 1010/1010/982
f 1989/1989/1927 1990/1990/1928 1991/1991/1929
f 1987/1987/1925 1010/1010/982 1009/1009/981
f 1992/1992/1930 1993/1993/1931 1994/1994/1932
s 0
f 1995/1995/1933 1996/1996/1933 1997/1997/1933
s 1
f 1998/1998/1934 1999/1999/1935 2000/2000/1936
f 2001/2001/1937 2002/2002/1937 2003/2003/1938
f 2004/2004/1939 2005/2005/1940 2006/2006/1941
f 2007/2007/1942 2008/2008/1943 2009/2009/1944
f 2007/2007/1942 2009/2009/1944 2010/2010/1945
f 2007/2007/1942 2011/2011/1946 2008/2008/1943
f 2001/2001/1937 2012/2012/1947 2002/2002/1937
f 440/440/423 2013/2013/1948 2014/2014/1949
f 440/440/423 443/443/426 2013/2013/1948
f 440/440/423 2014/2014/1949 2015/2015/1950
f 440/440/423 2015/2015/1950 441/441/424
f 451/451/434 454/454/437 2016/2016/1951
f 451/451/434 2016/2016/1951 2017/2017/1952
f 451/451/434 2017/2017/1952 452/452/435
f 458/458/441 460/460/443 2018/2018/1953
f 458/458/441 2019/2019/1954 459/459/442
f 458/458/441 2018/2018/1953 2019/2019/1954
f 2020/2020/1955 2021/2021/1956 2022/2022/1957
f 2023/2023/1958 2024/2024/1959 2025/2025/1960
f 2020/2020/1955 2026/2026/1961 2027/2027/1962
f 2020/2020/1955 2028/2028/1963 2021/2021/1956
f 2020/2020/1955 2027/2027/1962 2028/2028/1963
f 2029/2029/1964 1540/1540/1496 2030/2030/1965
f 2029/2029/1964 2030/2030/1965 1324/1324/1291
f 2029/2029/1964 2031/2031/1966 2032/2032/1967
f 2029/2029/1964 2032/2032/1967 1540/1540/1496
f 2029/2029/1964 1324/1324/1291 2031/2031/1966
f 2033/2033/1968 1616/1616/1566 1615/1615/1565
f 2034/2034/1969 2035/2035/1970 2036/2036/1971
f 2034/2034/1969 2037/2037/1972 2035/2035/1970
f 2033/2033/1968 1615/1615/1565 2038/2038/1973
f 2039/2039/1974 2040/2040/1975 2041/2041/1976
f 2039/2039/1974 2041/2041/1976 957/957/929
f 2042/2042/1977 2043/2043/1978 965/965/937
f 2042/2042/1977 741/741/716 2044/2044/1979
f 2042/2042/1977 964/964/936 741/741/716
f 2042/2042/1977 2045/2045/1980 2043/2043/1978
f 2042/2042/1977 965/965/937 964/964/936
f 2042/2042/1977 2044/2044/1979 2045/2045/1980
f 2046/2046/1981 2047/2047/1982 1965/1965/1904
f 2046/2046/1981 2048/2048/1983 2047/2047/1982
f 2046/2046/1981 2049/2049/1984 2050/2050/1985
f 2046/2046/1981 2050/2050/1985 2048/2048/1983
f 2046/2046/1981 1965/1965/1904 2049/2049/1984
f 2051/2051/1986 1969/1969/1908 2052/2052/1987
f 2053/2053/1988 2054/2054/1989 2055/2055/1990
f 2051/2051/1986 2052/2052/1987 633/633/613
f 2051/2051/1986 2056/2056/1991 1969/1969/1908
f 2053/2053/1988 2057/2057/1992 2058/2058/1993
f 2053/2053/1988 2058/2058/1993 2054/2054/1989
f 2059/2059/1994 763/763/738 762/762/737
f 2059/2059/1994 2060/2060/1995 2061/2061/1996
f 2059/2059/1994 1361/1361/1328 2062/2062/1997
f 2059/2059/1994 762/762/737 1361/1361/1328
f 2063/2063/1998 2064/2064/1999 2065/2065/2000
f 2059/2059/1994 2061/2061/1996 763/763/738
f 2066/2066/2001 2067/2067/2002 2068/2068/2003
f 2066/2066/2001 2069/2069/2004 2070/2070/2005
f 2066/2066/2001 2070/2070/2005 2067/2067/2002
f 2066/2066/2001 2068/2068/2003 2071/2071/2006
f 2066/2066/2001 2071/2071/2006 2072/2072/2007
f 2066/2066/2001 2072/2072/2007 2069/2069/2004
f 2073/2073/2008 2074/2074/2009 2075/2075/2010
s 0
f 2076/2076/2011 2077/2077/2011 2078/2078/2011
s 1
f 2079/2079/2012 1150/1150/1121 2080/2080/2013
f 2073/2073/2008 2075/2075/2010 2081/2081/2014
f 2073/2073/2008 2082/2082/2015 2083/2083/2016
f 2073/2073/2008 2081/2081/2014 2082/2082/2015
f 2073/2073/2008 2084/2084/2017 2074/2074/2009
f 2085/2085/2018 2086/2086/2019 2087/2087/2020
f 2085/2085/2018 2088/2088/2021 2086/2086/2019
f 2085/2085/2018 2089/2089/2022 2088/2088/2021
f 2090/2090/2023 2091/2091/2024 2092/2092/2025
f 2093/2093/2026 2094/2094/2027 2095/2095/2028
f 2096/2096/2029 605/605/585 2097/2097/2030
f 2098/2098/2031 2099/2099/2032 2100/2100/2033
f 2098/2098/2031 2101/2101/2034 2099/2099/2032
f 2096/2096/2029 2102/2102/2035 606/606/586
f 2096/2096/2029 2097/2097/2030 2103/2103/2036
f 2096/2096/2029 606/606/586 605/605/585
f 442/442/425 2104/2104/2037 2105/2105/2038
f 442/442/425 2105/2105/2038 443/443/426
f 2106/2106/2039 2107/2107/2040 1844/1844/1786
f 2108/2108/2041 2109/2109/2042 2110/2110/2043
f 2108/2108/2041 1202/1202/1170 2111/2111/2044
f 26/26/26 34/34/34 2112/2112/2045
f 2108/2108/2041 2110/2110/2043 1202/1202/1170
f 26/26/26 1850/1850/1792 27/27/27
f 2113/2113/2046 2114/2114/2047 2115/2115/2048
f 2116/2116/2049 1211/1211/1179 1214/1214/1182
f 2113/2113/2046 2117/2117/2050 2114/2114/2047
f 2116/2116/2049 2118/2118/2051 2119/2119/2052
f 2113/2113/2046 2120/2120/2053 2117/2117/2050
f 2116/2116/2049 1214/1214/1182 2118/2118/2051
f 282/282/265 2121/2121/2054 847/847/822
f 282/282/265 846/846/821 2122/2122/2055
f 282/282/265 2122/2122/2055 2123/2123/2056
f 282/282/265 847/847/822 846/846/821
f 282/282/265 2123/2123/2056 283/283/266
f 2124/2124/2057 2125/2125/2058 371/371/354
f 2124/2124/2057 1681/1681/1627 1683/1683/1629
f 2126/2126/2059 2127/2127/2060 2128/2128/2061
f 2124/2124/2057 371/371/354 1681/1681/1627
f 2129/2129/2062 2130/2130/2063 2131/2131/2064
f 2126/2126/2059 2128/2128/2061 2132/2132/2065
f 2133/2133/2066 868/868/841 2134/2134/2067
f 2133/2133/2066 2135/2135/2068 868/868/841
f 2136/2136/2069 871/871/844 2137/2137/2070
f 2138/2138/2071 2139/2139/2072 2140/2140/2073
f 2138/2138/2071 2141/2141/2074 2139/2139/2072
f 877/877/850 2142/2142/2075 878/878/851
f 877/877/850 2143/2143/2076 2144/2144/2077
f 877/877/850 2144/2144/2077 2142/2142/2075
f 877/877/850 880/880/853 2143/2143/2076
f 892/892/865 891/891/864 2145/2145/2078
f 883/883/856 1496/1496/1459 7/7/7
f 883/883/856 2146/2146/2079 1115/1115/1087
f 883/883/856 1115/1115/1087 1496/1496/1459
s 0
f 2147/2147/2080 2148/2148/2080 2149/2149/2080
f 2150/2150/2081 2151/2151/2081 2152/2152/2081
s 1
f 908/908/881 502/502/485 2153/2153/2082
f 908/908/881 503/503/486 502/502/485
f 912/912/885 914/914/887 2154/2154/2083
f 2155/2155/2084 2156/2156/2085 2157/2157/2086
f 2155/2155/2084 2158/2158/2087 2159/2159/2088
f 2155/2155/2084 2157/2157/2086 2158/2158/2087
f 2160/2160/2089 927/927/900 2161/2161/2090
f 2160/2160/2089 2162/2162/2091 927/927/900
f 2160/2160/2089 2161/2161/2090 2163/2163/2092
f 2164/2164/2093 259/259/243 263/263/247
f 2165/2165/2094 2074/2074/2009 2084/2084/2017
f 2164/2164/2093 1492/1492/1456 1491/1491/1455
f 2165/2165/2094 2166/2166/2095 2074/2074/2009
f 2164/2164/2093 1491/1491/1455 259/259/243
f 2165/2165/2094 2084/2084/2017 2167/2167/2096
f 2168/2168/2097 417/417/400 416/416/399
f 2169/2169/2098 2170/2170/2099 2171/2171/2100
f 2172/2172/2101 2173/2173/2102 2174/2174/2103
f 2172/2172/2101 2175/2175/2104 2173/2173/2102
f 2176/2176/2105 2177/2177/2106 2178/2178/2107
f 2176/2176/2105 2178/2178/2107 2179/2179/2108
f 2176/2176/2105 2179/2179/2108 1069/1069/1041
f 2176/2176/2105 1069/1069/1041 1064/1064/1036
f 2180/2180/2109 2181/2181/2110 2182/2182/2111
f 2180/2180/2109 2182/2182/2111 2183/2183/2112
f 2180/2180/2109 2184/2184/2113 2185/2185/2114
f 2180/2180/2109 2185/2185/2114 2181/2181/2110
f 1633/1633/1583 1632/1632/1582 2186/2186/2115
f 2187/2187/2116 2188/2188/2117 2189/2189/2118
f 2190/2190/2119 2191/2191/2120 2192/2192/2121
f 2190/2190/2119 2192/2192/2121 2193/2193/2122
f 2187/2187/2116 1731/1731/1673 1730/1730/1672
f 2190/2190/2119 2194/2194/2123 2195/2195/204
f 2190/2190/2119 2193/2193/2122 2194/2194/2123
f 2187/2187/2116 2189/2189/2118 1731/1731/1673
f 172/172/166 2196/2196/2124 2197/2197/2125
f 172/172/166 2198/2198/2126 2196/2196/2124
f 172/172/166 2199/2199/2127 2198/2198/2126
f 172/172/166 171/171/165 2199/2199/2127
f 192/192/182 2200/2200/2128 2201/2201/2129
f 192/192/182 191/191/181 2200/2200/2128
f 1994/1994/1932 2202/2202/2130 2203/2203/2131
f 1985/1985/1923 757/757/732 759/759/734
f 1985/1985/1923 759/759/734 1986/1986/1924
f 1994/1994/1932 1993/1993/1931 2202/2202/2130
f 2204/2204/2132 1018/1018/990 1112/1112/1084
f 2204/2204/2132 1019/1019/991 1018/1018/990
f 2204/2204/2132 2205/2205/2133 2206/2206/2134
f 2204/2204/2132 2206/2206/2134 2207/2207/2135
f 2204/2204/2132 1112/1112/1084 2205/2205/2133
f 2204/2204/2132 2207/2207/2135 1019/1019/991
f 2208/2208/2136 2209/2209/2137 2210/2210/2138
f 2208/2208/2136 2211/2211/2139 2209/2209/2137
f 2208/2208/2136 2212/2212/2140 2213/2213/2141
f 2208/2208/2136 2213/2213/2141 2211/2211/2139
f 1535/1535/1491 2214/2214/2142 1536/1536/1492
f 1535/1535/1491 2215/2215/2143 2214/2214/2142
f 1543/1543/1499 1542/1542/1498 2216/2216/2144
f 1535/1535/1491 2217/2217/2145 2215/2215/2143
f 2218/2218/2146 2219/2219/2147 2220/2220/2148
f 2221/2221/2149 385/385/368 2222/2222/2150
f 2218/2218/2146 2223/2223/2151 2219/2219/2147
f 2221/2221/2149 2224/2224/2152 385/385/368
f 2225/2225/2153 2226/2226/2154 2227/2227/2155
f 2228/2228/2156 2229/2229/2157 2230/2230/2158
f 2225/2225/2153 2227/2227/2155 2231/2231/2159
f 2228/2228/2156 2232/2232/2160 2233/2233/2161
f 2228/2228/2156 2234/2234/2162 2232/2232/2160
f 2228/2228/2156 2233/2233/2161 2229/2229/2157
f 1139/1139/1110 1141/1141/1112 1045/1045/1017
f 1139/1139/1110 1045/1045/1017 2235/2235/2163
f 1139/1139/1110 2235/2235/2163 2236/2236/2164
f 1139/1139/1110 2236/2236/2164 1140/1140/1111
f 783/783/758 2237/2237/2165 2238/2238/2166
f 783/783/758 2238/2238/2166 784/784/759
f 783/783/758 2239/2239/2167 2237/2237/2165
f 783/783/758 787/787/762 2239/2239/2167
f 2240/2240/2168 2241/2241/2169 2242/2242/2170
f 2240/2240/2168 2243/2243/2171 4/4/4
f 2240/2240/2168 2242/2242/2170 2243/2243/2171
f 2240/2240/2168 795/795/770 2241/2241/2169
f 2240/2240/2168 4/4/4 795/795/770
f 2244/2244/2172 2245/2245/2173 2246/2246/2174
f 2244/2244/2172 2246/2246/2174 2247/2247/2175
f 2248/2248/2176 2249/2249/2177 2250/2250/2178
f 2244/2244/2172 2251/2251/2179 2245/2245/2173
f 2248/2248/2176 2252/2252/2180 2249/2249/2177
f 2253/2253/2181 2254/2254/2182 2255/2255/2183
f 2253/2253/2181 2256/2256/2184 2254/2254/2182
f 2253/2253/2181 2257/2257/2185 2258/2258/2186
f 2253/2253/2181 2259/2259/2187 2257/2257/2185
f 2253/2253/2181 2255/2255/2183 2259/2259/2187
f 2253/2253/2181 2258/2258/2186 2256/2256/2184
f 2260/2260/2188 2261/2261/2189 2262/2262/2190
f 363/363/346 2263/2263/2191 1680/1680/1626
f 378/378/361 2264/2264/2192 2265/2265/2193
f 378/378/361 2265/2265/2193 2266/2266/2194
f 378/378/361 381/381/364 2264/2264/2192
f 378/378/361 2266/2266/2194 379/379/362
f 2267/2267/2195 2268/2268/2196 2269/2269/2197
f 2270/2270/2198 390/390/373 2271/2271/2199
f 2270/2270/2198 391/391/374 390/390/373
f 1862/1862/1804 2272/2272/2200 2273/2273/2201
f 548/548/529 2274/2274/2202 551/551/532
f 1862/1862/1804 1860/1860/1802 2272/2272/2200
f 2275/2275/2203 2276/2276/2204 2277/2277/2205
f 2275/2275/2203 2278/2278/2206 366/366/349
f 2275/2275/2203 366/366/349 2279/2279/2207
f 2275/2275/2203 2277/2277/2205 2278/2278/2206
f 2275/2275/2203 2279/2279/2207 2276/2276/2204
f 1968/1968/1907 67/67/67 2280/2280/2208
f 1968/1968/1907 2052/2052/1987 1969/1969/1908
f 1968/1968/1907 2280/2280/2208 2052/2052/1987
f 1968/1968/1907 68/68/68 67/67/67
f 2281/2281/2209 2282/2282/2210 2283/2283/2211
f 2284/2284/2212 1335/1335/1302 2285/2285/2213
f 2281/2281/2209 2283/2283/2211 2286/2286/2214
f 2287/2287/2215 1890/1890/1832 2288/2288/2216
f 2284/2284/2212 2285/2285/2213 2289/2289/2217
f 2281/2281/2209 2290/2290/2218 2282/2282/2210
f 2284/2284/2212 2291/2291/2219 1335/1335/1302
f 81/81/81 85/85/85 2292/2292/2220
f 81/81/81 2292/2292/2220 738/738/713
f 1246/1246/1214 2293/2293/2221 1937/1937/1877
f 2294/2294/2222 2295/2295/2223 2296/2296/2224
f 2297/2297/2225 2298/2298/2226 2299/2299/2227
f 2300/2300/2228 2301/2301/2229 2302/2302/2230
f 2300/2300/2228 2302/2302/2230 2303/2303/2231
f 2300/2300/2228 2304/2304/2232 2305/2305/2233
f 2300/2300/2228 2303/2303/2231 2304/2304/2232
f 763/763/738 112/112/112 764/764/739
f 763/763/738 113/113/113 112/112/112
f 763/763/738 2061/2061/1996 113/113/113
f 1944/1944/1884 2306/2306/2234 2307/2307/2235
f 1944/1944/1884 319/319/302 2308/2308/2236
f 2309/2309/2237 931/931/904 930/930/903
f 2309/2309/2237 2310/2310/2238 931/931/904
f 1944/1944/1884 2308/2308/2236 2306/2306/2234
f 2311/2311/2239 2312/2312/2240 2313/2313/2241
f 2311/2311/2239 2314/2314/2242 2315/2315/2243
f 2316/2316/2244 2031/2031/1966 2317/2317/2245
f 2311/2311/2239 2315/2315/2243 2312/2312/2240
f 2311/2311/2239 2313/2313/2241 2318/2318/2246
f 2319/2319/2247 2320/2320/2248 2321/2321/2249
f 2319/2319/2247 2321/2321/2249 2322/2322/2250
f 717/717/694 2323/2323/2251 2324/2324/2252
f 717/717/694 2324/2324/2252 718/718/695
f 2325/2325/2253 2326/2326/2254 2327/2327/2255
f 2328/2328/2256 2329/2329/2257 2330/2330/2257
f 2043/2043/1978 2331/2331/2258 965/965/937
f 482/482/465 485/485/468 2332/2332/2259
f 1570/1570/1526 2333/2333/2260 1571/1571/1527
f 2334/2334/2261 841/841/816 838/838/813
f 1576/1576/1532 560/560/541 2335/2335/2262
f 1570/1570/1526 2336/2336/2263 2333/2333/2260
f 2337/2337/2264 2338/2338/2265 158/158/155
f 2337/2337/2264 2192/2192/2121 2338/2338/2265
f 2339/2339/2266 153/153/151 1959/1959/1898
f 2339/2339/2266 1959/1959/1898 1958/1958/1897
f 1923/1923/1863 1927/1927/1867 2340/2340/2267
f 1923/1923/1863 2341/2341/2268 1924/1924/1864
f 1923/1923/1863 2340/2340/2267 2341/2341/2268
f 2342/2342/2269 2343/2343/2270 2344/2344/2271
f 2342/2342/2269 2344/2344/2271 2345/2345/2272
f 2342/2342/2269 2345/2345/2272 2346/2346/2273
f 2347/2347/2274 2348/2348/2275 2349/2349/2276
f 2350/2350/2277 2048/2048/1983 2050/2050/1985
f 2347/2347/2274 2351/2351/2278 2348/2348/2275
f 2350/2350/2277 2352/2352/2279 2353/2353/2280
f 2350/2350/2277 2353/2353/2280 752/752/727
f 2350/2350/2277 752/752/727 2048/2048/1983
f 197/197/187 2354/2354/2281 2355/2355/2282
f 197/197/187 2355/2355/2282 198/198/188
f 1411/1411/1377 1410/1410/1376 2356/2356/2283
s 0
f 2357/2357/2284 2358/2358/2284 2359/2359/2284
s 1
f 2360/2360/2285 436/436/419 435/435/418
f 2360/2360/2285 435/435/418 2361/2361/2286
s 0
f 2362/2362/2287 2363/2363/2287 2364/2364/2287
s 1
f 2365/2365/2288 2366/2366/2289 2367/2367/2290
f 21/21/21 24/24/24 2368/2368/2291
f 21/21/21 2368/2368/2291 22/22/22
f 2369/2369/2292 720/720/697 2370/2370/2293
f 2369/2369/2292 2370/2370/2293 2371/2371/2294
f 2369/2369/2292 2371/2371/2294 2372/2372/2295
f 2369/2369/2292 2373/2373/2296 720/720/697
f 2369/2369/2292 2372/2372/2295 2374/2374/2297
f 2369/2369/2292 2374/2374/2297 2373/2373/2296
f 240/240/225 2375/2375/2298 241/241/226
f 240/240/225 243/243/228 1519/1519/1477
f 240/240/225 1519/1519/1477 1518/1518/1476
f 240/240/225 1518/1518/1476 2376/2376/2299
f 240/240/225 2376/2376/2299 2375/2375/2298
f 2377/2377/2300 2378/2378/2301 2379/2379/2302
f 2377/2377/2300 2380/2380/2303 2381/2381/2304
f 2377/2377/2300 2381/2381/2304 2378/2378/2301
f 524/524/507 257/257/241 256/256/240
f 524/524/507 531/531/514 2382/2382/2305
f 524/524/507 2382/2382/2305 257/257/241
f 537/537/520 950/950/922 949/949/921
f 537/537/520 949/949/921 538/538/521
f 542/542/525 541/541/524 2383/2383/2306
f 83/83/83 2384/2384/2307 84/84/84
f 2385/2385/2308 1622/1622/1572 2123/2123/2056
f 2385/2385/2308 2123/2123/2056 2386/2386/2309
f 2385/2385/2308 1623/1623/1573 1622/1622/1572
f 2387/2387/2310 2388/2388/2311 2389/2389/2312
f 2390/2390/2313 678/678/655 2391/2391/2314
f 2390/2390/2313 679/679/656 678/678/655
f 2390/2390/2313 2392/2392/2315 679/679/656
f 2390/2390/2313 2391/2391/2314 2393/2393/2316
f 2387/2387/2310 2394/2394/2317 2388/2388/2311
f 2395/2395/2318 2396/2396/2319 2397/2397/2320
f 2395/2395/2318 2398/2398/2321 2396/2396/2319
f 1788/1788/1730 2399/2399/2322 1789/1789/1731
s 0
f 2400/2400/2323 2401/2401/2323 2402/2402/2323
s 1
f 2403/2403/2324 2404/2404/2325 2405/2405/2326
f 2403/2403/2324 2406/2406/2327 2404/2404/2325
f 2403/2403/2324 2405/2405/2326 2407/2407/2328
f 2403/2403/2324 2407/2407/2328 2406/2406/2327
f 995/995/967 2408/2408/2329 2409/2409/2330
f 995/995/967 2409/2409/2330 996/996/968
f 995/995/967 994/994/966 2408/2408/2329
f 325/325/308 2410/2410/2331 2411/2411/2332
f 325/325/308 331/331/314 2410/2410/2331
f 325/325/308 2412/2412/2333 326/326/309
f 325/325/308 2411/2411/2332 2412/2412/2333
f 2413/2413/2334 2414/2414/2335 2415/2415/2336
f 2413/2413/2334 2416/2416/2337 2417/2417/2338
f 2413/2413/2334 2418/2418/2339 2416/2416/2337
f 2413/2413/2334 2417/2417/2338 2414/2414/2335
f 2419/2419/2340 1109/1109/1081 2420/2420/2341
f 2419/2419/2340 2421/2421/2342 1109/1109/1081
f 2422/2422/2343 2423/2423/2344 2424/2424/2345
f 2422/2422/2343 2425/2425/2346 350/350/333
f 2422/2422/2343 350/350/333 2423/2423/2344
f 2419/2419/2340 2426/2426/2347 2421/2421/2342
f 2427/2427/2348 2428/2428/2349 2429/2429/2350
f 2427/2427/2348 2429/2429/2350 2430/2430/2351
f 2427/2427/2348 2431/2431/2352 2432/2432/2353
f 2427/2427/2348 2433/2433/2354 2428/2428/2349
f 2427/2427/2348 2432/2432/2353 2433/2433/2354
f 2427/2427/2348 2430/2430/2351 2431/2431/2352
f 2434/2434/2355 2435/2435/2356 2436/2436/2357
f 2434/2434/2355 1294/1294/1261 2435/2435/2356
f 2434/2434/2355 2261/2261/2189 2437/2437/2358
f 2434/2434/2355 2437/2437/2358 1294/1294/1261
f 2434/2434/2355 2262/2262/2190 2261/2261/2189
f 2434/2434/2355 2436/2436/2357 2262/2262/2190
f 29/29/29 1684/1684/1630 30/30/30
f 2438/2438/2359 2439/2439/2360 2440/2440/2361
f 29/29/29 2441/2441/2362 1684/1684/1630
f 2438/2438/2359 2442/2442/2363 2439/2439/2360
f 2438/2438/2359 2440/2440/2361 2443/2443/2364
f 2444/2444/2365 2445/2445/2366 2446/2446/2367
f 2444/2444/2365 2447/2447/2368 2448/2448/2369
f 2444/2444/2365 2449/2449/2370 2450/2450/2371
f 2444/2444/2365 2450/2450/2371 2445/2445/2366
f 2444/2444/2365 2446/2446/2367 2447/2447/2368
f 2444/2444/2365 2448/2448/2369 2449/2449/2370
f 2451/2451/2372 2452/2452/2373 2453/2453/2374
f 2451/2451/2372 2453/2453/2374 644/644/623
f 2451/2451/2372 2454/2454/2375 2452/2452/2373
s 0
f 2455/2455/2376 2456/2456/2376 2457/2457/2376
f 2458/2458/2377 2459/2459/2377 2460/2460/2377
s 1
f 2461/2461/2378 2462/2462/2379 204/204/194
f 2463/2463/2380 2464/2464/2381 2465/2465/2382
f 2463/2463/2380 2465/2465/2382 2466/2466/2383
f 2463/2463/2380 195/195/185 2464/2464/2381
f 2463/2463/2380 2466/2466/2383 2467/2467/2384
f 2463/2463/2380 200/200/190 195/195/185
f 2468/2468/2385 660/660/637 2469/2469/2386
f 2468/2468/2385 2470/2470/2387 2471/2471/2388
s 0
f 2472/2472/2389 2473/2473/2389 2474/2474/2389
s 1
f 2468/2468/2385 661/661/638 660/660/637
f 2468/2468/2385 2475/2475/2390 661/661/638
f 2468/2468/2385 2471/2471/2388 2475/2475/2390
f 2476/2476/2391 2477/2477/2392 1117/1117/1089
f 2476/2476/2391 1117/1117/1089 1122/1122/1094
f 2478/2478/2393 2479/2479/2394 2480/2480/2395
f 1999/1999/1935 2481/2481/2396 2000/2000/1936
f 2482/2482/2397 2483/2483/2398 2227/2227/2155
f 2484/2484/2399 2485/2485/2400 2391/2391/2314
f 2484/2484/2399 678/678/655 2486/2486/2401
f 2484/2484/2399 2487/2487/2402 2485/2485/2400
f 2484/2484/2399 2391/2391/2314 678/678/655
f 2482/2482/2397 676/676/653 2483/2483/2398
f 823/823/798 2396/2396/2319 2488/2488/2403
f 823/823/798 2488/2488/2403 824/824/799
f 823/823/798 830/830/805 2397/2397/2320
f 823/823/798 2397/2397/2320 2396/2396/2319
f 833/833/808 2489/2489/2404 2490/2490/2405
f 833/833/808 1797/1797/1739 2489/2489/2404
f 833/833/808 2490/2490/2405 834/834/809
f 833/833/808 840/840/815 1797/1797/1739
f 2491/2491/2406 2492/2492/2407 2493/2493/2408
f 2491/2491/2406 2493/2493/2408 1526/1526/1484
f 2491/2491/2406 1526/1526/1484 2494/2494/2409
f 2491/2491/2406 2494/2494/2409 2495/2495/2410
f 2491/2491/2406 2495/2495/2410 2492/2492/2407
f 467/467/450 2496/2496/2411 468/468/451
f 467/467/450 2497/2497/2412 2496/2496/2411
s 0
f 2498/2498/2413 2499/2499/2413 2500/2500/2413
s 1
f 2501/2501/2414 2502/2502/2415 2503/2503/2416
f 2504/2504/2417 2505/2505/2418 1560/1560/1516
f 2506/2506/2419 2507/2507/2420 2508/2508/2421
f 2509/2509/2422 2510/2510/2423 2511/2511/2424
f 2501/2501/2414 2512/2512/2425 2502/2502/2415
f 484/484/467 2513/2513/2426 2514/2514/2427
f 484/484/467 2514/2514/2427 485/485/468
f 2515/2515/2428 2516/2516/2428 2517/2517/2429
f 2518/2518/2430 1093/1093/1065 1095/1095/1067
f 2518/2518/2430 2519/2519/2431 1093/1093/1065
f 2520/2520/2432 2521/2521/2433 2522/2522/2434
f 2520/2520/2432 2523/2523/2435 2521/2521/2433
f 2515/2515/2428 2524/2524/2436 2516/2516/2428
s 0
f 2525/2525/2437 2526/2526/2437 2527/2527/2437
s 1
f 2414/2414/2335 2528/2528/2438 2415/2415/2336
f 510/510/493 512/512/495 2529/2529/2439
f 510/510/493 2530/2530/2440 2531/2531/2441
f 510/510/493 2531/2531/2441 511/511/494
f 510/510/493 2529/2529/2439 2530/2530/2440
f 2532/2532/2442 1589/1589/1545 522/522/505
f 2533/2533/2443 773/773/748 2534/2534/2444
f 2533/2533/2443 2534/2534/2444 2535/2535/2445
f 2533/2533/2443 2536/2536/2446 2537/2537/2447
f 2532/2532/2442 522/522/505 2538/2538/2448
f 2533/2533/2443 2537/2537/2447 773/773/748
f 2539/2539/2449 2237/2237/2165 2540/2540/2450
f 2539/2539/2449 411/411/394 410/410/393
f 2539/2539/2449 410/410/393 2238/2238/2166
f 2539/2539/2449 2238/2238/2166 2237/2237/2165
f 2539/2539/2449 2540/2540/2450 2541/2541/2451
f 2539/2539/2449 2541/2541/2451 411/411/394
f 2/2/2 2542/2542/2452 2543/2543/2453
f 2/2/2 5/5/5 2542/2542/2452
f 2/2/2 790/790/765 3/3/3
f 2/2/2 2543/2543/2453 790/790/765
f 2544/2544/2454 2545/2545/2455 2546/2546/2456
f 2544/2544/2454 2546/2546/2456 1284/1284/1251
f 2547/2547/2457 433/433/416 2548/2548/2458
f 2547/2547/2457 2549/2549/2459 1646/1646/1596
f 2547/2547/2457 1502/1502/1465 434/434/417
f 2547/2547/2457 2550/2550/2460 2549/2549/2459
f 2547/2547/2457 2548/2548/2458 2550/2550/2460
f 2547/2547/2457 434/434/417 433/433/416
f 2547/2547/2457 1646/1646/1596 1502/1502/1465
f 1509/1509/1472 1508/1508/1471 2551/2551/2461
f 95/95/95 2552/2552/2462 96/96/96
f 2553/2553/2463 1802/1802/1744 2554/2554/2464
f 2555/2555/2465 1401/1401/1367 1400/1400/1367
f 2553/2553/2463 2556/2556/2466 2557/2557/2467
f 2553/2553/2463 2558/2558/2468 2556/2556/2466
f 2553/2553/2463 2557/2557/2467 1802/1802/1744
f 2559/2559/2469 1521/1521/1479 1527/1527/1485
f 2559/2559/2469 1072/1072/1044 1521/1521/1479
f 2560/2560/2470 2561/2561/2471 2562/2562/2472
f 2560/2560/2470 2563/2563/2473 2561/2561/2471
f 2559/2559/2469 1073/1073/1045 1072/1072/1044
f 2560/2560/2470 2562/2562/2472 2564/2564/2474
f 843/843/818 2565/2565/2475 844/844/819
f 843/843/818 2566/2566/2476 2567/2567/2477
f 843/843/818 2568/2568/2478 2565/2565/2475
f 843/843/818 2567/2567/2477 2568/2568/2478
f 2569/2569/2479 1229/1229/1197 2570/2570/2480
f 2569/2569/2479 128/128/128 2571/2571/2481
f 2572/2572/2482 2573/2573/2483 2574/2574/2484
f 2569/2569/2479 2571/2571/2481 2575/2575/2485
f 2569/2569/2479 2570/2570/2480 128/128/128
f 2569/2569/2479 2137/2137/2070 1229/1229/1197
f 1015/1015/987 2576/2576/2486 1016/1016/988
f 1234/1234/1202 1233/1233/1201 2577/2577/2487
f 1015/1015/987 2578/2578/2488 2576/2576/2486
f 1837/1837/1779 2579/2579/2489 2580/2580/2490
f 1837/1837/1779 2580/2580/2490 1838/1838/1780
f 1837/1837/1779 2581/2581/2491 2579/2579/2489
f 1837/1837/1779 1836/1836/1778 2581/2581/2491
f 2582/2582/2492 2583/2583/2493 2584/2584/2494
f 2582/2582/2492 2584/2584/2494 2585/2585/2495
f 2582/2582/2492 2585/2585/2495 2586/2586/2496
f 766/766/741 2587/2587/2497 2588/2588/2498
f 766/766/741 768/768/743 2587/2587/2497
f 766/766/741 2589/2589/2499 767/767/742
f 2590/2590/2500 1582/1582/1538 1581/1581/1537
f 1364/1364/1331 2591/2591/2501 1365/1365/1332
f 1364/1364/1331 2592/2592/2502 2591/2591/2501
f 2593/2593/2503 2594/2594/2504 2595/2595/2505
f 2593/2593/2503 2596/2596/2506 2594/2594/2504
f 2593/2593/2503 2595/2595/2505 2597/2597/2507
f 2598/2598/2508 2599/2599/2509 1878/1878/1820
f 2598/2598/2508 2600/2600/2510 2599/2599/2509
f 64/64/64 1877/1877/1819 2601/2601/2511
f 64/64/64 2601/2601/2511 65/65/65
s 0
f 2602/2602/2512 2603/2603/2512 2604/2604/2512
s 1
f 1893/1893/1835 2605/2605/2513 2606/2606/2514
f 1880/1880/1822 2607/2607/2515 1881/1881/1823
f 1893/1893/1835 1887/1887/1829 2605/2605/2513
f 1893/1893/1835 2606/2606/2514 2608/2608/2516
f 2609/2609/2517 2021/2021/1956 2028/2028/1963
f 2610/2610/2518 2611/2611/2519 2612/2612/2520
f 2610/2610/2518 2613/2613/2521 2611/2611/2519
f 2614/2614/2522 2615/2615/2523 1632/1632/1582
f 1628/1628/1578 1630/1630/1580 2616/2616/2524
f 1628/1628/1578 2616/2616/2524 2617/2617/2525
f 1635/1635/1585 2618/2618/2526 2619/2619/2527
f 1635/1635/1585 2619/2619/2527 1636/1636/1586
f 1635/1635/1585 156/156/153 2618/2618/2526
f 1635/1635/1585 157/157/154 156/156/153
f 2620/2620/2528 2621/2621/2529 2622/2622/2530
f 2620/2620/2528 2622/2622/2530 2623/2623/2531
f 2620/2620/2528 2623/2623/2531 2624/2624/2532
f 2625/2625/2533 2626/2626/2534 1817/1817/1759
f 2625/2625/2533 2627/2627/2535 2626/2626/2534
f 2625/2625/2533 1817/1817/1759 2628/2628/2536
f 2625/2625/2533 2628/2628/2536 2627/2627/2535
f 2629/2629/2537 1007/1007/979 987/987/959
f 2629/2629/2537 1008/1008/980 1007/1007/979
f 2629/2629/2537 987/987/959 2630/2630/2538
f 2629/2629/2537 2631/2631/2539 1008/1008/980
f 2629/2629/2537 2632/2632/2540 2631/2631/2539
f 2629/2629/2537 2630/2630/2538 2632/2632/2540
f 2576/2576/2486 2633/2633/2541 1016/1016/988
f 2576/2576/2486 2634/2634/2542 2633/2633/2541
f 2576/2576/2486 2635/2635/2543 351/351/334
f 2576/2576/2486 351/351/334 2634/2634/2542
f 2576/2576/2486 2578/2578/2488 2635/2635/2543
f 2636/2636/2544 2637/2637/2545 2638/2638/2546
f 2636/2636/2544 2639/2639/2547 2637/2637/2545
f 2210/2210/2138 2213/2213/2141 2212/2212/2140
f 2640/2640/2548 1029/1029/1001 2641/2641/2549
f 2640/2640/2548 2641/2641/2549 2642/2642/2550
f 2643/2643/2551 2644/2644/2550 2645/2645/2551
f 2646/2646/2552 1876/1876/1818 1872/1872/1814
f 1466/1466/1430 2647/2647/2553 628/628/608
f 1190/1190/1158 2648/2648/2554 2649/2649/2555
f 1190/1190/1158 1195/1195/1163 2650/2650/2556
f 1190/1190/1158 2649/2649/2555 1191/1191/1159
f 1190/1190/1158 2650/2650/2556 2648/2648/2554
f 1476/1476/1440 1697/1697/1643 2651/2651/2557
f 1476/1476/1440 1478/1478/1442 1697/1697/1643
f 1476/1476/1440 2651/2651/2557 1477/1477/1441
f 2652/2652/2558 122/122/122 940/940/912
s 0
f 2653/2653/149 2654/2654/149 2655/2655/149
s 1
f 2652/2652/2558 123/123/123 122/122/122
f 2656/2656/2559 2657/2657/2560 2658/2658/2559
f 2656/2656/2559 2658/2658/2559 2659/2659/2561
f 2660/2660/2562 2661/2661/2563 2662/2662/2564
f 2660/2660/2562 2663/2663/2565 2664/2664/2566
f 2660/2660/2562 2662/2662/2564 2663/2663/2565
f 2665/2665/2567 127/127/127 126/126/126
f 2666/2666/2568 2667/2667/2569 2668/2668/2570
f 134/134/134 2669/2669/2571 135/135/135
f 2666/2666/2568 2670/2670/2572 2671/2671/2573
f 2666/2666/2568 2668/2668/2570 2670/2670/2572
f 1393/1393/1360 1392/1392/1359 2672/2672/2574
f 1393/1393/1360 2672/2672/2574 1394/1394/1361
f 2673/2673/2575 2674/2674/2576 2675/2675/2577
f 2673/2673/2575 2676/2676/2578 2677/2677/2579
f 2678/2678/2580 2679/2679/2581 2680/2680/2582
f 2673/2673/2575 2677/2677/2579 2674/2674/2576
f 1727/1727/1669 1726/1726/1668 2681/2681/2583
f 2682/2682/2584 2683/2683/2585 2684/2684/2586
f 2682/2682/2584 2684/2684/2586 11/11/11
f 2682/2682/2584 573/573/554 2683/2683/2585
f 2682/2682/2584 10/10/10 573/573/554
f 2682/2682/2584 11/11/11 10/10/10
f 2685/2685/2587 2686/2686/2588 2687/2687/1217
f 1751/1751/1693 1750/1750/1692 2688/2688/2589
f 2685/2685/2587 2687/2687/1217 2689/2689/2590
f 1751/1751/1693 2688/2688/2589 2690/2690/189
f 2685/2685/2587 2691/2691/2591 2686/2686/2588
f 2692/2692/2592 2693/2693/2593 2694/2694/2594
f 2695/2695/2595 2696/2696/2596 234/234/219
f 2695/2695/2595 234/234/219 233/233/218
f 1326/1326/1293 2697/2697/2597 2698/2698/2598
f 1326/1326/1293 2698/2698/2598 1327/1327/1294
f 1326/1326/1293 2699/2699/2599 2697/2697/2597
f 2700/2700/2600 2701/2701/2601 2702/2702/2602
f 2700/2700/2600 2703/2703/2603 1773/1773/1715
f 2700/2700/2600 1773/1773/1715 2701/2701/2601
f 2700/2700/2600 2702/2702/2602 2703/2703/2603
f 1452/1452/1416 2704/2704/2604 2705/2705/2605
f 1458/1458/1422 1457/1457/1421 1921/1921/1861
f 1452/1452/1416 2705/2705/2605 1453/1453/1417
f 1452/1452/1416 2706/2706/2606 2704/2704/2604
f 2707/2707/2607 1292/1292/1259 2708/2708/2608
f 2707/2707/2607 1293/1293/1260 1292/1292/1259
f 2709/2709/2609 33/33/33 35/35/35
f 2709/2709/2609 2710/2710/2610 33/33/33
f 460/460/443 2711/2711/2611 2712/2712/2612
f 2713/2713/2613 2714/2714/2614 2715/2715/2615
f 460/460/443 2712/2712/2612 2018/2018/1953
s 0
f 2716/2716/2616 2717/2717/2616 2718/2718/2616
s 1
f 1807/1807/1749 1530/1530/1488 2719/2719/2617
f 1807/1807/1749 2719/2719/2617 577/577/558
s 0
f 2720/2720/2618 2721/2721/2618 2722/2722/2618
s 1
f 2723/2723/2619 1150/1150/1121 1149/1149/1120
f 2724/2724/2620 2725/2725/2621 2726/2726/2622
f 2723/2723/2619 2727/2727/2623 2728/2728/2624
f 2723/2723/2619 2728/2728/2624 1150/1150/1121
f 1277/1277/1244 1822/1822/1764 1278/1278/1245
f 1277/1277/1244 1282/1282/1249 1820/1820/1762
f 1288/1288/1255 1287/1287/1254 2729/2729/2625
f 2730/2730/2626 2254/2254/2182 2256/2256/2184
f 2731/2731/2627 2732/2732/2628 2733/2733/2629
f 2734/2734/2630 2433/2433/2354 2432/2432/2353
f 2731/2731/2627 2733/2733/2629 2735/2735/2631
f 2734/2734/2630 2432/2432/2353 2736/2736/2632
f 2734/2734/2630 2736/2736/2632 2737/2737/2633
f 2738/2738/2634 2739/2739/2635 446/446/429
f 2740/2740/2636 1295/1295/1262 1847/1847/1789
f 2740/2740/2636 1297/1297/1264 1295/1295/1262
f 2740/2740/2636 2741/2741/2637 1297/1297/1264
f 2738/2738/2634 446/446/429 683/683/660
f 2740/2740/2636 1847/1847/1789 1845/1845/1787
f 2109/2109/2042 2742/2742/2638 2110/2110/2043
f 2112/2112/2045 34/34/34 2743/2743/2639
f 2112/2112/2045 2743/2743/2639 2744/2744/2640
f 1712/1712/1656 1855/1855/1797 2745/2745/2641
f 1712/1712/1656 2745/2745/2641 2746/2746/2642
f 2747/2747/2643 2748/2748/2644 2749/2749/2645
f 2747/2747/2643 2749/2749/2645 2750/2750/2646
f 2751/2751/2647 2752/2752/2648 2753/2753/2649
f 2594/2594/2504 2596/2596/2506 2754/2754/2650
f 2755/2755/2651 2756/2756/2652 61/61/61
f 2755/2755/2651 61/61/61 55/55/55
f 2755/2755/2651 2757/2757/2653 2756/2756/2652
f 2758/2758/2654 2759/2759/2655 2760/2760/2656
f 2758/2758/2654 2761/2761/2657 2762/2762/2658
f 2758/2758/2654 2760/2760/2656 2761/2761/2657
f 2758/2758/2654 2762/2762/2658 2759/2759/2655
f 1617/1617/1567 2763/2763/2659 2764/2764/2660
f 1617/1617/1567 1618/1618/1568 2763/2763/2659
f 1617/1617/1567 2764/2764/2660 276/276/259
f 1620/1620/1570 1624/1624/1574 2765/2765/2661
f 1620/1620/1570 288/288/271 289/289/272
f 2766/2766/2662 2767/2767/2663 2768/2768/2664
f 1620/1620/1570 2769/2769/2665 288/288/271
f 1784/1784/1726 2770/2770/2666 2771/2771/2667
f 1784/1784/1726 1897/1897/1839 621/621/601
f 1784/1784/1726 1785/1785/1727 2770/2770/2666
f 1784/1784/1726 2771/2771/2667 1897/1897/1839
f 2772/2772/2668 2773/2773/2669 1901/1901/1843
s 0
f 2774/2774/2670 2775/2775/2670 2776/2776/2670
s 1
f 98/98/98 2777/2777/2671 99/99/99
f 2778/2778/2672 2779/2779/2673 2780/2780/2674
f 1260/1260/1228 2531/2531/2441 2781/2781/2675
f 1260/1260/1228 2781/2781/2675 1261/1261/1229
f 1260/1260/1228 1267/1267/1234 2531/2531/2441
f 920/920/893 931/931/904 2310/2310/2238
f 1054/1054/1026 261/261/245 1055/1055/1027
f 1054/1054/1026 2782/2782/2676 2783/2783/2677
f 1054/1054/1026 2783/2783/2677 261/261/245
f 1054/1054/1026 1056/1056/1028 2782/2782/2676
f 266/266/250 2784/2784/2678 267/267/251
f 266/266/250 2785/2785/2679 2784/2784/2678
f 2786/2786/2680 2787/2787/2681 279/279/262
f 2786/2786/2680 1071/1071/1043 2179/2179/2108
f 2788/2788/2682 2789/2789/2683 2790/2790/2684
f 2786/2786/2680 279/279/262 2791/2791/2685
f 2788/2788/2682 2790/2790/2684 1067/1067/1039
f 2786/2786/2680 2179/2179/2108 2787/2787/2681
f 2792/2792/2686 1338/1338/1305 2793/2793/2687
f 2794/2794/2688 960/960/932 1073/1073/1045
f 2792/2792/2686 1339/1339/1306 1338/1338/1305
f 2792/2792/2686 2131/2131/2064 1339/1339/1306
f 2795/2795/2689 2564/2564/2474 2562/2562/2472
f 2795/2795/2689 2562/2562/2472 2127/2127/2060
f 2796/2796/2690 2797/2797/2691 2798/2798/2692
f 2796/2796/2690 2798/2798/2692 2799/2799/2693
f 2796/2796/2690 2800/2800/2694 2797/2797/2691
f 1075/1075/1047 2801/2801/2695 1076/1076/1048
f 2802/2802/2696 2803/2803/2697 2191/2191/2120
f 2802/2802/2696 2804/2804/2698 2803/2803/2697
f 2197/2197/2125 2196/2196/2124 2805/2805/2699
f 2806/2806/2700 1361/1361/1328 1360/1360/1327
f 2806/2806/2700 2062/2062/1997 1361/1361/1328
f 2807/2807/2701 1753/1753/1695 1748/1748/1690
f 2808/2808/2702 748/748/723 2809/2809/2703
f 2808/2808/2702 749/749/724 748/748/723
f 2810/2810/2704 2811/2811/2705 2812/2812/2706
f 2813/2813/2707 339/339/322 342/342/325
f 2810/2810/2704 2814/2814/2708 2815/2815/2709
f 2810/2810/2704 2812/2812/2706 2816/2816/2710
f 2810/2810/2704 2815/2815/2709 2811/2811/2705
f 2813/2813/2707 342/342/325 341/341/324
f 2817/2817/2711 212/212/200 2818/2818/2712
f 2817/2817/2711 213/213/201 212/212/200
f 1778/1778/1720 2477/2477/2392 2819/2819/2713
f 1778/1778/1720 1781/1781/1723 2820/2820/2714
f 1778/1778/1720 2819/2819/2713 1779/1779/1721
f 1778/1778/1720 2820/2820/2714 2477/2477/2392
f 2821/2821/2715 1680/1680/1626 2263/2263/2191
f 2821/2821/2715 2822/2822/2716 1682/1682/1628
f 2821/2821/2715 2823/2823/2717 2822/2822/2716
f 2821/2821/2715 2216/2216/2144 2823/2823/2717
f 2821/2821/2715 2263/2263/2191 2824/2824/2718
f 2821/2821/2715 2824/2824/2718 2216/2216/2144
f 2821/2821/2715 1682/1682/1628 1680/1680/1626
f 2825/2825/2719 2219/2219/2147 2826/2826/2720
f 2825/2825/2719 1304/1304/1271 1299/1299/1266
f 2825/2825/2719 2827/2827/2721 2220/2220/2148
f 2825/2825/2719 1299/1299/1266 2827/2827/2721
f 2825/2825/2719 2826/2826/2720 1304/1304/1271
f 2825/2825/2719 2220/2220/2148 2219/2219/2147
f 1263/1263/1231 2828/2828/2722 2829/2829/2723
f 1263/1263/1231 2829/2829/2723 2830/2830/2724
f 1263/1263/1231 2831/2831/2725 1264/1264/1232
f 1263/1263/1231 2830/2830/2724 2831/2831/2725
f 519/519/502 2832/2832/2726 2833/2833/2727
f 519/519/502 398/398/381 2834/2834/2728
f 519/519/502 2833/2833/2727 520/520/503
f 519/519/502 2834/2834/2728 2832/2832/2726
f 2835/2835/2729 2836/2836/2730 2837/2837/2731
s 0
f 2838/2838/2732 2839/2839/2732 2840/2840/2732
s 1
f 2835/2835/2729 2841/2841/2733 2836/2836/2730
f 2835/2835/2729 2837/2837/2731 2842/2842/2734
f 2843/2843/2735 2844/2844/2736 1165/1165/1136
f 1162/1162/1133 1167/1167/1138 2845/2845/2737
f 2846/2846/2738 2847/2847/2739 2848/2848/2740
f 2849/2849/2741 1170/1170/1141 2850/2850/2742
f 2849/2849/2741 2850/2850/2742 1449/1449/1413
f 2849/2849/2741 1171/1171/1142 1170/1170/1141
f 2846/2846/2738 2848/2848/2740 2851/2851/2743
f 2849/2849/2741 1449/1449/1413 2852/2852/2744
f 1453/1453/1417 2853/2853/2745 2097/2097/2030
f 1453/1453/1417 2097/2097/2030 1454/1454/1418
f 1453/1453/1417 2705/2705/2605 2853/2853/2745
f 2854/2854/2746 1198/1198/1166 514/514/497
f 2854/2854/2746 2013/2013/1948 443/443/426
f 2854/2854/2746 443/443/426 2105/2105/2038
f 2854/2854/2746 2105/2105/2038 2855/2855/2747
f 2854/2854/2746 514/514/497 2013/2013/1948
f 2854/2854/2746 2855/2855/2747 1198/1198/1166
f 2856/2856/2748 2857/2857/2749 826/826/801
f 2856/2856/2748 826/826/801 1204/1204/1172
f 2856/2856/2748 2858/2858/2750 2859/2859/2751
f 2856/2856/2748 1204/1204/1172 2858/2858/2750
f 2856/2856/2748 2859/2859/2751 2860/2860/2752
f 2856/2856/2748 2860/2860/2752 2857/2857/2749
f 1208/1208/1176 2789/2789/2683 1209/1209/1177
f 1208/1208/1176 1213/1213/1181 2790/2790/2684
f 1208/1208/1176 2790/2790/2684 2789/2789/2683
f 2861/2861/2753 2862/2862/2754 2863/2863/2755
f 2861/2861/2753 2863/2863/2755 2864/2864/2756
f 2865/2865/2757 2866/2866/2758 2867/2867/2759
s 0
f 2868/2868/2760 2869/2869/2760 2870/2870/2760
s 1
f 2865/2865/2757 2871/2871/2761 2866/2866/2758
f 1865/1865/1807 1864/1864/1806 2872/2872/2762
f 2873/2873/2763 2874/2874/2764 2875/2875/2765
f 2171/2171/2100 2170/2170/2099 2876/2876/2766
f 2877/2877/2767 2282/2282/2210 2878/2878/2768
f 1883/1883/1825 2879/2879/2769 2880/2880/2770
f 1883/1883/1825 2880/2880/2770 1884/1884/1826
f 2877/2877/2767 2283/2283/2211 2282/2282/2210
f 2877/2877/2767 2286/2286/2214 2283/2283/2211
f 2881/2881/2771 2882/2882/2772 2883/2883/2773
f 2884/2884/2774 888/888/861 1563/1563/1519
f 2881/2881/2771 2883/2883/2773 2885/2885/2775
f 2881/2881/2771 2885/2885/2775 2886/2886/2776
f 2884/2884/2774 2887/2887/2777 889/889/862
f 2884/2884/2774 889/889/862 888/888/861
f 898/898/871 2888/2888/2778 899/899/872
f 898/898/871 897/897/870 2889/2889/2779
f 898/898/871 2889/2889/2779 2888/2888/2778
f 2890/2890/2780 2891/2891/2781 2528/2528/2438
f 2890/2890/2780 2416/2416/2337 2418/2418/2339
f 2890/2890/2780 2418/2418/2339 2891/2891/2781
f 2892/2892/2782 2893/2893/2783 2894/2894/2784
f 2895/2895/2785 701/701/678 2896/2896/2786
f 923/923/896 2897/2897/2787 2833/2833/2727
f 923/923/896 2832/2832/2726 924/924/897
f 923/923/896 2833/2833/2727 2832/2832/2726
f 1813/1813/1755 2898/2898/2788 1814/1814/1756
f 1813/1813/1755 1815/1815/1757 2899/2899/2789
f 1813/1813/1755 2900/2900/2790 2898/2898/2788
f 1813/1813/1755 2899/2899/2789 2900/2900/2790
f 2202/2202/2130 2901/2901/2791 2203/2203/2131
f 2202/2202/2130 655/655/632 2901/2901/2791
f 2202/2202/2130 1993/1993/1931 2902/2902/2792
f 2202/2202/2130 2902/2902/2792 655/655/632
f 2903/2903/2793 2249/2249/2177 2904/2904/2794
f 2903/2903/2793 2250/2250/2178 2249/2249/2177
f 2903/2903/2793 2905/2905/2795 2250/2250/2178
f 2906/2906/2796 2907/2907/2797 2344/2344/2271
f 2908/2908/2798 2909/2909/2799 2910/2910/2800
f 2906/2906/2796 2344/2344/2271 2343/2343/2270
f 1292/1292/1259 1297/1297/1264 2911/2911/2801
f 1292/1292/1259 2911/2911/2801 2708/2708/2608
s 0
f 2912/2912/2802 2913/2913/2802 2914/2914/2802
f 2915/2915/2803 2916/2916/2803 2917/2917/2803
f 2918/2918/2804 2919/2919/2804 2920/2920/2804
s 1
f 1306/1306/1273 2921/2921/2805 2831/2831/2725
f 1306/1306/1273 2831/2831/2725 1307/1307/1274
f 1306/1306/1273 2922/2922/2806 2921/2921/2805
f 1306/1306/1273 1311/1311/1278 2922/2922/2806
f 575/575/556 577/577/558 2719/2719/2617
f 2923/2923/2807 2924/2924/2808 2925/2925/2809
f 2923/2923/2807 2926/2926/2810 2924/2924/2808
f 2923/2923/2807 2925/2925/2809 2927/2927/2811
f 1540/1540/1496 1536/1536/1492 2030/2030/1965
f 1538/1538/1494 2928/2928/2812 1539/1539/1495
f 720/720/697 2373/2373/2296 721/721/698
f 720/720/697 724/724/701 2370/2370/2293
f 2929/2929/2813 1334/1334/1301 1336/1336/1303
f 2929/2929/2813 2930/2930/2814 1334/1334/1301
f 1554/1554/1510 736/736/711 1555/1555/1511
f 1561/1561/1517 1559/1559/1515 2144/2144/2077
f 1563/1563/1519 2931/2931/2815 2932/2932/2816
f 1563/1563/1519 1568/1568/1524 2931/2931/2815
f 88/88/88 2933/2933/2817 89/89/89
f 88/88/88 2934/2934/2818 2933/2933/2817
f 88/88/88 2935/2935/2819 2934/2934/2818
f 2298/2298/2226 2936/2936/2820 2299/2299/2227
f 1904/1904/1846 1906/1906/1848 2937/2937/2821
f 1904/1904/1846 2065/2065/2000 2938/2938/2822
f 1904/1904/1846 2938/2938/2822 1905/1905/1847
f 1904/1904/1846 2937/2937/2821 2065/2065/2000
f 2939/2939/2823 2940/2940/2824 779/779/754
f 1089/1089/1061 1091/1091/1063 2941/2941/2825
f 2939/2939/2823 779/779/754 778/778/753
f 2942/2942/2826 2943/2943/2827 2944/2944/2828
f 2942/2942/2826 530/530/513 529/529/512
f 2942/2942/2826 2945/2945/2829 2943/2943/2827
f 2942/2942/2826 2944/2944/2828 530/530/513
f 2946/2946/2830 1604/1604/1558 1603/1603/1557
f 2946/2946/2830 1603/1603/1557 1369/1369/1336
f 2946/2946/2830 1369/1369/1336 1368/1368/1335
f 2947/2947/2831 1371/1371/1338 2948/2948/2832
f 2947/2947/2831 2949/2949/2833 1371/1371/1338
f 2947/2947/2831 2950/2950/2834 2949/2949/2833
f 2951/2951/2835 2952/2952/2836 43/43/43
f 2951/2951/2835 2953/2953/2837 2954/2954/2838
f 2951/2951/2835 2955/2955/2839 2953/2953/2837
f 2951/2951/2835 43/43/43 2955/2955/2839
f 2951/2951/2835 2954/2954/2838 2952/2952/2836
f 2956/2956/2840 2957/2957/2841 2958/2958/2842
f 2956/2956/2840 2959/2959/2843 2957/2957/2841
f 1397/1397/1364 1403/1403/1369 2960/2960/2844
f 2961/2961/2845 2962/2962/2846 1638/1638/1588
f 2961/2961/2845 2963/2963/2847 2964/2964/2848
f 2961/2961/2845 1638/1638/1588 2963/2963/2847
f 2961/2961/2845 2964/2964/2848 2965/2965/2849
f 2966/2966/2850 2967/2967/2851 2702/2702/2602
f 2966/2966/2850 2702/2702/2602 2701/2701/2601
f 2968/2968/2852 1826/1826/1768 2669/2669/2571
f 1417/1417/1381 1416/1416/1380 2969/2969/2853
f 1415/1415/1379 2671/2671/2573 2670/2670/2572
f 1415/1415/1379 2670/2670/2572 911/911/884
s 0
f 2970/2970/2854 2971/2971/2854 2972/2972/2854
s 1
f 2973/2973/943 317/317/300 2974/2974/2855
f 1153/1153/1124 1152/1152/1123 2975/2975/2856
s 0
f 2976/2976/2857 2977/2977/2857 2978/2978/2857
s 1
f 2979/2979/2858 1668/1668/1614 1902/1902/1844
f 2980/2980/2859 2981/2981/2860 2982/2982/2861
f 2983/2983/2862 2984/2984/2863 1824/1824/1766
f 2983/2983/2862 1824/1824/1766 1672/1672/1618
f 2980/2980/2859 2982/2982/2861 1438/1438/1402
f 2983/2983/2862 1672/1672/1618 1671/1671/1617
f 2985/2985/2864 1832/1832/1774 806/806/781
f 2985/2985/2864 806/806/781 802/802/777
f 2985/2985/2864 802/802/777 2986/2986/2865
f 2254/2254/2182 2987/2987/2866 2255/2255/2183
f 2737/2737/2633 2736/2736/2632 2988/2988/2867
f 2737/2737/2633 2988/2988/2867 2989/2989/2868
f 2990/2990/2869 2991/2991/2870 2992/2992/2871
f 2990/2990/2869 2992/2992/2871 2693/2693/2593
f 1969/1969/1908 2056/2056/1991 1970/1970/1909
f 2993/2993/2872 2994/2994/2873 838/838/813
s 0
f 2995/2995/2874 2996/2996/2874 2997/2997/2874
s 1
f 2998/2998/2875 2999/2999/2876 3000/3000/2877
f 3001/3001/2878 3002/3002/2879 2333/2333/2260
f 2993/2993/2872 838/838/813 3003/3003/2880
f 3004/3004/204 3005/3005/2881 3006/3006/204
f 1700/1700/1646 3007/3007/2882 1480/1480/1444
f 1701/1701/1647 1059/1059/1031 3008/3008/2883
f 3004/3004/204 3009/3009/204 3005/3005/2881
f 256/256/240 264/264/248 525/525/508
f 269/269/253 3010/3010/2884 270/270/254
f 3011/3011/2885 3012/3012/2886 3013/3013/2887
f 3011/3011/2885 3014/3014/2888 3012/3012/2886
f 836/836/811 3015/3015/2889 837/837/812
f 1216/1216/1184 1218/1218/1186 3016/3016/2890
f 1247/1247/1215 3017/3017/2891 1248/1248/1216
f 3018/3018/2892 102/102/102 1254/1254/1222
f 566/566/547 570/570/551 3019/3019/2893
f 566/566/547 3020/3020/2894 567/567/548
f 109/109/109 108/108/108 3021/3021/2895
f 109/109/109 916/916/889 3022/3022/2896
f 109/109/109 917/917/890 916/916/889
f 109/109/109 3021/3021/2895 917/917/890
f 3023/3023/2897 3024/3024/2898 3025/3025/2899
f 3023/3023/2897 3026/3026/2900 3027/3027/2901
f 3023/3023/2897 3027/3027/2901 2725/2725/2621
s 0
f 3028/3028/2902 3029/3029/2902 3030/3030/2902
s 1
f 3023/3023/2897 3025/3025/2899 3026/3026/2900
f 1665/1665/1611 1669/1669/1615 3031/3031/2903
f 1665/1665/1611 3031/3031/2903 3032/3032/2904
f 1665/1665/1611 3033/3033/2905 1252/1252/1220
f 1665/1665/1611 3032/3032/2904 3033/3033/2905
f 2633/2633/2541 2634/2634/2542 2425/2425/2346
f 3034/3034/2906 2420/2420/2341 1108/1108/1080
f 3034/3034/2906 1023/1023/995 1024/1024/996
f 3034/3034/2906 1108/1108/1080 1023/1023/995
f 355/355/338 1678/1678/1624 3035/3035/2907
f 355/355/338 3035/3035/2907 356/356/339
f 1029/1029/1001 1028/1028/1000 2641/2641/2549
s 0
f 3036/3036/2908 3037/3037/2908 3038/3038/2908
s 1
f 2648/2648/2554 2650/2650/2556 42/42/42
f 2648/2648/2554 42/42/42 44/44/44
f 397/397/380 2834/2834/2728 398/398/381
f 403/403/386 1698/1698/1644 3039/3039/2909
f 3040/3040/2910 3041/3041/2911 3042/3042/2912
f 3040/3040/2910 3042/3042/2912 3043/3043/2913
f 3044/3044/2914 3045/3045/2915 3046/3046/2916
f 2462/2462/2379 3047/3047/2917 72/72/72
f 2462/2462/2379 72/72/72 204/204/194
f 3048/3048/2918 3049/3049/2919 3050/3050/2920
f 3048/3048/2918 3050/3050/2920 3051/3051/2921
f 3052/3052/2922 2095/2095/2028 2094/2094/2027
f 3052/3052/2922 3053/3053/2923 3054/3054/2924
f 3052/3052/2922 2094/2094/2027 3053/3053/2923
f 2704/2704/2604 430/430/413 2705/2705/2605
f 2704/2704/2604 431/431/414 430/430/413
f 2704/2704/2604 2706/2706/2606 431/431/414
f 2483/2483/2398 3055/3055/2925 2227/2227/2155
f 2483/2483/2398 441/441/424 2015/2015/1950
f 2483/2483/2398 2015/2015/1950 3055/3055/2925
f 2483/2483/2398 676/676/653 441/441/424
f 2857/2857/2749 3056/3056/2926 827/827/802
f 2857/2857/2749 455/455/438 3056/3056/2926
f 2857/2857/2749 2860/2860/2752 455/455/438
f 2857/2857/2749 827/827/802 826/826/801
f 3057/3057/2927 3058/3058/2928 3059/3059/2929
f 3057/3057/2927 3060/3060/2930 3058/3058/2928
f 1521/1521/1479 1072/1072/1044 3061/3061/2931
f 1521/1521/1479 3061/3061/2931 1522/1522/1480
f 3062/3062/2932 3063/3063/2933 2495/2495/2410
f 2276/2276/2204 3064/3064/2934 2277/2277/2205
f 3062/3062/2932 3065/3065/2935 3063/3063/2933
f 3062/3062/2932 2494/2494/2409 3066/3066/2936
f 3062/3062/2932 2495/2495/2410 2494/2494/2409
f 1546/1546/1502 3067/3067/2937 1547/1547/1503
f 1546/1546/1502 1552/1552/1508 3067/3067/2937
f 2327/2327/2255 3068/3068/2938 3069/3069/2939
f 2327/2327/2255 2326/2326/2254 3068/3068/2938
f 3070/3070/2940 3071/3071/2941 3072/3072/2940
f 3073/3073/2942 3074/3074/2943 3075/3075/2944
f 3070/3070/2940 3072/3072/2940 3076/3076/2945
f 489/489/472 497/497/480 3077/3077/2946
f 489/489/472 3078/3078/2947 490/490/473
f 489/489/472 3077/3077/2946 3078/3078/2947
f 2891/2891/2781 2415/2415/2336 2528/2528/2438
f 704/704/681 703/703/680 698/698/675
f 700/700/677 2896/2896/2786 701/701/678
f 1589/1589/1545 399/399/382 522/522/505
f 2898/2898/2788 2726/2726/2622 1814/1814/1756
f 2898/2898/2788 3079/3079/2948 2726/2726/2622
f 2898/2898/2788 3080/3080/2949 3079/3079/2948
f 2898/2898/2788 2900/2900/2790 3080/3080/2949
f 1007/1007/979 1012/1012/984 1905/1905/1847
f 1007/1007/979 2938/2938/2822 987/987/959
f 1007/1007/979 1905/1905/1847 2938/2938/2822
f 1826/1826/1768 1830/1830/1772 135/135/135
f 1826/1826/1768 135/135/135 2669/2669/2571
f 2910/2910/2800 2909/2909/2799 3081/3081/2950
f 2907/2907/2797 3082/3082/2951 2345/2345/2272
f 2907/2907/2797 2345/2345/2272 2344/2344/2271
f 3083/3083/2952 3084/3084/2953 3085/3085/2954
f 2104/2104/2037 3086/3086/2952 2105/2105/2038
f 1844/1844/1786 2107/2107/2040 1845/1845/1787
f 3087/3087/2955 3088/3088/2956 3089/3089/2957
f 3087/3087/2955 3089/3089/2957 3090/3090/2958
f 3091/3091/2959 3092/3092/2960 3093/3093/2961
f 3091/3091/2959 3093/3093/2961 3094/3094/2962
f 2272/2272/2200 1860/1860/1802 3095/3095/2963
f 2452/2452/2373 2454/2454/2375 3096/3096/2964
f 1028/1028/1000 3097/3097/2965 2641/2641/2549
f 1467/1467/1431 2280/2280/2208 3098/3098/2966
f 1467/1467/1431 634/634/614 2280/2280/2208
f 1467/1467/1431 3098/3098/2966 1468/1468/1432
f 2282/2282/2210 2290/2290/2218 3099/3099/2967
f 2282/2282/2210 3099/3099/2967 2878/2878/2768
f 3100/3100/2968 6/6/6 3101/3101/2969
f 1895/1895/1837 2296/2296/2224 1896/1896/1838
f 1895/1895/1837 3102/3102/2970 2296/2296/2224
f 1895/1895/1837 1897/1897/1839 2771/2771/2667
f 3103/3103/2971 3104/3104/2972 1937/1937/1877
f 1906/1906/1848 1907/1907/1849 3105/3105/2973
f 3106/3106/2974 110/110/110 113/113/113
f 3106/3106/2974 113/113/113 2061/2061/1996
f 115/115/115 1913/1913/1855 3107/3107/2975
f 115/115/115 3107/3107/2975 116/116/116
s 0
f 3108/3108/2976 3109/3109/2976 3110/3110/2976
f 3111/3111/2977 3112/3112/2977 3113/3113/2977
s 1
f 2312/2312/2240 844/844/819 2313/2313/2241
s 0
f 3114/3114/2978 3115/3115/2978 3116/3116/2978
s 1
f 2312/2312/2240 3117/3117/2979 844/844/819
f 1456/1456/1420 1919/1919/1859 1457/1457/1421
f 3118/3118/2980 2570/2570/2480 1225/1225/1193
f 1456/1456/1420 1460/1460/1424 3119/3119/2981
f 3118/3118/2980 129/129/129 2570/2570/2480
f 911/911/884 3120/3120/2982 914/914/887
f 911/911/884 2670/2670/2572 3120/3120/2982
f 1421/1421/1385 1719/1719/1663 3121/3121/2983
f 1423/1423/1387 2514/2514/2427 1424/1424/1388
f 1421/1421/1385 3121/3121/2983 3122/3122/2984
f 2797/2797/2691 1196/1196/1164 1194/1194/1162
f 2797/2797/2691 1194/1194/1162 2798/2798/2692
f 2797/2797/2691 2800/2800/2694 3123/3123/2985
f 2797/2797/2691 3123/3123/2985 1196/1196/1164
f 2191/2191/2120 2803/2803/2697 3124/3124/2986
f 2191/2191/2120 3124/3124/2986 2192/2192/2121
f 2245/2245/2173 2251/2251/2179 3125/3125/2987
f 2245/2245/2173 3125/3125/2987 2246/2246/2174
s 0
f 3126/3126/2988 3127/3127/2988 3128/3128/2988
s 1
f 3129/3129/2989 2809/2809/2703 2353/2353/2280
f 3130/3130/2990 2754/2754/2650 2596/2596/2506
f 3131/3131/2991 651/651/630 650/650/629
f 3129/3129/2989 2353/2353/2280 2352/2352/2279
f 3132/3132/2992 2844/2844/2736 3133/3133/2993
f 3132/3132/2992 3133/3133/2993 3134/3134/2994
f 3132/3132/2992 1166/1166/1137 2844/2844/2736
f 3135/3135/204 3136/3136/2995 3137/3137/2995
f 3138/3138/2996 3139/3139/2997 3140/3140/2998
f 3141/3141/2999 3142/3142/3000 3143/3143/3001
f 3141/3141/2999 2367/2367/2290 3142/3142/3000
f 3141/3141/2999 3143/3143/3001 3144/3144/3002
f 3141/3141/2999 3145/3145/3003 2367/2367/2290
f 623/623/603 1318/1318/1285 624/624/604
f 623/623/603 594/594/574 1318/1318/1285
f 625/625/605 590/590/570 589/589/569
f 625/625/605 621/621/601 590/590/570
f 2370/2370/2293 3146/3146/3004 2779/2779/2673
f 2370/2370/2293 724/724/701 3146/3146/3004
f 2370/2370/2293 2779/2779/2673 2371/2371/2294
f 3005/3005/2881 248/248/233 3147/3147/3005
f 3005/3005/2881 3148/3148/3006 3006/3006/204
f 3005/3005/2881 3009/3009/204 248/248/233
f 3005/3005/2881 3147/3147/3005 3148/3148/3006
f 785/785/760 3149/3149/3007 3150/3150/3008
f 785/785/760 3150/3150/3008 786/786/761
f 785/785/760 788/788/763 3149/3149/3007
f 3/3/3 795/795/770 4/4/4
f 3151/3151/3009 3152/3152/3010 3153/3153/3011
f 3151/3151/3009 803/803/778 3154/3154/3012
f 3155/3155/3013 1174/1174/1145 1176/1176/1147
f 3155/3155/3013 3156/3156/3014 1174/1174/1145
f 3151/3151/3009 3153/3153/3011 3157/3157/3015
f 3151/3151/3009 1640/1640/1590 803/803/778
f 3151/3151/3009 3154/3154/3012 3152/3152/3010
f 3158/3158/3016 1643/1643/1593 3159/3159/3017
f 3158/3158/3016 2100/2100/2033 1644/1644/1594
f 3158/3158/3016 3160/3160/3018 2100/2100/2033
f 3161/3161/3019 3162/3162/3020 321/321/304
f 3158/3158/3016 1644/1644/1594 1643/1643/1593
f 2798/2798/2692 1194/1194/1162 3163/3163/3021
f 2798/2798/2692 3085/3085/2954 2799/2799/2693
f 2798/2798/2692 3163/3163/3021 3085/3085/2954
f 1733/1733/1675 1736/1736/1678 3164/3164/3022
f 837/837/812 3015/3015/2889 3003/3003/2880
f 837/837/812 3003/3003/2880 838/838/813
f 3165/3165/3023 3166/3166/3024 3167/3167/3025
f 3165/3165/3023 2867/2867/2759 2866/2866/2758
f 3165/3165/3023 2866/2866/2758 3166/3166/3024
f 470/470/453 3168/3168/3026 1221/1221/1189
f 1226/1226/1194 1229/1229/1197 2137/2137/2070
f 1226/1226/1194 871/871/844 873/873/846
f 1226/1226/1194 873/873/846 1227/1227/1195
f 1226/1226/1194 2137/2137/2070 871/871/844
f 878/878/851 2142/2142/2075 1233/1233/1201
f 3169/3169/3027 891/891/864 3170/3170/3028
f 3169/3169/3027 3171/3171/3029 2480/2480/2395
f 3169/3169/3027 2145/2145/2078 891/891/864
f 3169/3169/3027 3172/3172/3030 3171/3171/3029
f 3169/3169/3027 2480/2480/2395 2145/2145/2078
f 3173/3173/3031 3174/3174/3032 3175/3175/3033
s 0
f 3176/3176/3034 3177/3177/3034 3178/3178/3034
s 1
f 567/567/548 1258/1258/1226 568/568/549
f 3179/3179/3035 3180/3180/3036 3181/3181/3037
f 3179/3179/3035 3181/3181/3037 3182/3182/3038
f 585/585/565 584/584/565 3183/3183/3039
s 0
f 3184/3184/3040 3185/3185/3040 3186/3186/3040
s 1
f 3187/3187/3041 1869/1869/1811 1868/1868/1810
f 3188/3188/3042 3189/3189/3043 3190/3190/3044
f 3191/3191/3045 722/722/699 725/725/702
f 3192/3192/3046 3193/3193/3047 2320/2320/2248
f 3191/3191/3045 725/725/702 3194/3194/3048
f 3191/3191/3045 3194/3194/3048 3195/3195/3049
f 3192/3192/3046 3196/3196/3050 3193/3193/3047
f 3191/3191/3045 3195/3195/3049 3197/3197/3051
f 1063/1063/1035 1065/1065/1037 3198/3198/3052
f 952/952/924 2041/2041/1976 3199/3199/3053
f 952/952/924 957/957/929 2041/2041/1976
f 1198/1198/1166 515/515/498 514/514/497
f 1193/1193/1161 3163/3163/3021 1194/1194/1162
f 2618/2618/2526 156/156/153 3200/3200/3054
f 2618/2618/2526 3201/3201/3055 3202/3202/3056
f 2618/2618/2526 3202/3202/3056 2619/2619/2527
f 2618/2618/2526 3200/3200/3054 3201/3201/3055
f 2406/2406/2327 2407/2407/2328 3203/3203/3057
f 2621/2621/2529 3204/3204/3058 2622/2622/2530
f 430/430/413 3205/3205/3059 2705/2705/2605
f 3206/3206/3060 336/336/319 334/334/317
f 2626/2626/2534 1003/1003/975 1818/1818/1760
f 2626/2626/2534 1096/1096/1068 1003/1003/975
f 2626/2626/2534 1818/1818/1760 1817/1817/1759
f 1988/1988/1926 1101/1101/1073 1010/1010/982
f 1988/1988/1926 1102/1102/1074 1101/1101/1073
f 1988/1988/1926 3207/3207/3061 1102/1102/1074
f 1018/1018/990 1023/1023/995 1108/1108/1080
f 3208/3208/3062 3209/3209/3063 3210/3210/3064
f 1125/1125/1097 3211/3211/3065 1126/1126/1098
f 2214/2214/2142 3212/3212/3066 1536/1536/1492
f 1125/1125/1097 624/624/604 3213/3213/3067
f 3214/3214/3068 3215/3215/3069 3216/3216/3070
f 3217/3217/3071 3218/3218/3072 3219/3219/3073
f 3217/3217/3071 3220/3220/3074 3221/3221/3075
f 3217/3217/3071 3219/3219/3073 3222/3222/3076
f 3217/3217/3071 3221/3221/3075 3218/3218/3072
f 3217/3217/3071 3222/3222/3076 3220/3220/3074
f 1141/1141/1112 1142/1142/1113 1046/1046/1018
f 1141/1141/1112 1046/1046/1018 1045/1045/1017
f 1871/1871/1813 3223/3223/3077 1872/1872/1814
f 3224/3224/3078 2119/2119/2052 2118/2118/2051
s 0
f 3225/3225/3079 3226/3226/3079 3227/3227/3079
s 1
f 562/562/543 558/558/539 897/897/870
f 554/554/535 1406/1406/1372 1405/1405/1371
s 0
f 3228/3228/3080 3229/3229/3080 3230/3230/3080
s 1
f 569/569/550 572/572/553 3231/3231/3081
f 914/914/887 3120/3120/2982 3232/3232/3082
s 0
f 3233/3233/3083 3234/3234/3083 3235/3235/3083
s 1
f 3236/3236/3084 3237/3237/3085 3238/3238/3086
f 934/934/906 933/933/906 3239/3239/3087
s 0
f 3240/3240/3088 3241/3241/3088 3242/3242/3088
s 1
f 926/926/899 2161/2161/2090 927/927/900
f 1318/1318/1285 3213/3213/3067 624/624/604
f 1323/1323/1290 1322/1322/1289 3212/3212/3066
f 2780/2780/2674 3146/3146/3004 2982/2982/2861
f 2773/2773/2669 1902/1902/1844 1901/1901/1843
f 2780/2780/2674 2779/2779/2673 3146/3146/3004
f 2780/2780/2674 2982/2982/2861 2981/2981/2860
f 1956/1956/1895 3243/3243/3089 346/346/329
f 1956/1956/1895 3244/3244/3090 3243/3243/3089
f 1956/1956/1895 1959/1959/1898 3244/3244/3090
f 1704/1704/1650 3245/3245/3091 1705/1705/1651
s 0
f 3246/3246/3092 3247/3247/3092 3248/3248/3092
s 1
f 3249/3249/3093 3250/3250/3094 3251/3251/3095
f 3252/3252/3096 3253/3253/3097 3254/3254/3098
f 3249/3249/3093 3255/3255/3099 3250/3250/3094
f 630/630/610 3256/3256/3100 1357/1357/1324
f 630/630/610 1357/1357/1324 3257/3257/3101
s 0
f 3258/3258/3102 3259/3259/3102 3260/3260/3102
s 1
f 630/630/610 3257/3257/3101 631/631/611
f 3261/3261/3103 2117/2117/2050 2120/2120/2053
f 3261/3261/3103 3262/3262/3104 2117/2117/2050
f 3261/3261/3103 2120/2120/2053 3263/3263/3105
f 1973/1973/1912 3264/3264/3106 1974/1974/1912
f 1592/1592/1548 1477/1477/1441 401/401/384
f 3265/3265/3107 3266/3266/3108 3267/3267/3109
f 3268/3268/3110 2540/2540/2450 3269/3269/3111
f 3270/3270/3112 3271/3271/3113 189/189/179
f 3268/3268/3110 2541/2541/2451 2540/2540/2450
f 3270/3270/3112 189/189/179 3272/3272/3114
f 3273/3273/3115 3274/3274/3116 3275/3275/3116
f 3276/3276/3117 3277/3277/3118 3278/3278/3118
f 2464/2464/2381 195/195/185 656/656/633
f 1279/1279/1246 1278/1278/1245 3279/3279/3119
f 1284/1284/1251 2546/2546/2456 1285/1285/1252
f 221/221/207 223/223/209 2005/2005/1940
f 221/221/207 2005/2005/1940 3280/3280/3120
f 221/221/207 3280/3280/3120 222/222/208
f 2435/2435/2356 3281/3281/3121 2436/2436/2357
f 2435/2435/2356 1294/1294/1261 1296/1296/1263
f 2435/2435/2356 1296/1296/1263 3282/3282/3122
f 2435/2435/2356 3282/3282/3122 3281/3281/3121
f 695/695/672 690/690/667 1299/1299/1266
f 686/686/663 1302/1302/1269 687/687/664
f 2019/2019/1954 2018/2018/1953 3283/3283/3123
f 3284/3284/3124 3285/3285/3125 3121/3121/2983
f 3286/3286/3126 967/967/939 2331/2331/2258
f 3284/3284/3124 1719/1719/1663 3287/3287/3127
f 3288/3288/3128 3289/3289/3129 1074/1074/1046
f 3284/3284/3124 3121/3121/2983 1719/1719/1663
s 0
f 3290/3290/3130 3291/3291/3130 3292/3292/3130
s 1
f 3293/3293/3131 2836/2836/2730 2841/2841/2733
f 3293/3293/3131 2841/2841/2733 3294/3294/3132
f 2317/2317/2245 2031/2031/1966 1321/1321/1288
f 2317/2317/2245 1321/1321/1288 3295/3295/3133
f 2088/2088/2021 2089/2089/2022 3296/3296/3134
f 2763/2763/2659 1618/1618/1568 2178/2178/2107
f 3297/3297/3135 3298/3298/3136 79/79/79
f 2763/2763/2659 2178/2178/2107 2177/2177/2106
f 3297/3297/3135 79/79/79 78/78/78
f 3299/3299/3137 961/961/933 960/960/932
f 3299/3299/3137 3300/3300/3138 961/961/933
f 2933/2933/2817 2934/2934/2818 3301/3301/3139
f 2299/2299/2227 3302/3302/3140 3303/3303/3141
f 2299/2299/2227 2936/2936/2820 3302/3302/3140
f 2587/2587/2497 768/768/743 3304/3304/3142
f 3305/3305/3143 512/512/495 3306/3306/3144
f 3305/3305/3143 3306/3306/3144 3307/3307/3145
f 3305/3305/3143 2529/2529/2439 512/512/495
f 3305/3305/3143 3308/3308/3146 2529/2529/2439
f 3309/3309/3147 3310/3310/3148 3311/3311/3149
f 3309/3309/3147 3311/3311/3149 3312/3312/3150
f 3309/3309/3147 3313/3313/3151 3310/3310/3148
f 3309/3309/3147 3314/3314/3152 3315/3315/3153
f 3309/3309/3147 3312/3312/3150 3314/3314/3152
f 3309/3309/3147 3315/3315/3153 3313/3313/3151
f 2237/2237/2165 3316/3316/3154 2540/2540/2450
f 2237/2237/2165 2239/2239/2167 3316/3316/3154
f 2542/2542/2452 3317/3317/3155 3318/3318/3156
f 2542/2542/2452 3318/3318/3156 2543/2543/2453
f 2542/2542/2452 5/5/5 1497/1497/1460
f 2542/2542/2452 1497/1497/1460 3317/3317/3155
f 3319/3319/3157 168/168/162 3320/3320/3158
f 3321/3321/3159 661/661/638 2475/2475/2390
f 3321/3321/3159 2475/2475/2390 171/171/165
f 3319/3319/3157 3320/3320/3158 3322/3322/3160
f 3319/3319/3157 169/169/163 168/168/162
f 3321/3321/3159 665/665/642 661/661/638
f 3323/3323/3161 3324/3324/3162 1243/1243/1211
f 3325/3325/3163 3326/3326/3164 2000/2000/1936
f 3323/3323/3161 1243/1243/1211 1934/1934/1874
f 3325/3325/3163 2000/2000/1936 3327/3327/3165
f 3323/3323/3161 1934/1934/1874 3328/3328/3166
f 3323/3323/3161 3328/3328/3166 3329/3329/3167
s 0
f 3330/3330/3168 3331/3331/3168 3332/3332/3168
s 1
f 689/689/666 2264/2264/2192 690/690/667
f 689/689/666 2265/2265/2193 2264/2264/2192
f 689/689/666 694/694/671 2265/2265/2193
f 2268/2268/2196 387/387/370 2269/2269/2197
f 2268/2268/2196 3333/3333/3169 388/388/371
f 2268/2268/2196 388/388/371 387/387/370
f 3334/3334/3170 3335/3335/3171 3336/3336/3172
f 3337/3337/3173 3338/3338/3174 3339/3339/3175
f 3337/3337/3173 714/714/691 3338/3338/3174
f 3146/3146/3004 3340/3340/3176 2982/2982/2861
f 3146/3146/3004 724/724/701 3340/3340/3176
f 727/727/704 3298/3298/3136 728/728/705
f 727/727/704 79/79/79 3298/3298/3136
f 1341/1341/1308 2822/2822/2716 2767/2767/2663
f 1341/1341/1308 3341/3341/3177 2822/2822/2716
f 1341/1341/1308 1344/1344/1311 3341/3341/3177
f 1341/1341/1308 2767/2767/2663 1342/1342/1309
f 746/746/721 2584/2584/2494 3342/3342/3178
f 746/746/721 2585/2585/2495 2584/2584/2494
f 746/746/721 3342/3342/3178 1077/1077/1049
f 3343/3343/3179 3302/3302/3140 2936/2936/2820
f 3343/3343/3179 3344/3344/3180 3302/3302/3140
f 768/768/743 769/769/744 3345/3345/3181
f 768/768/743 3345/3345/3181 3304/3304/3142
f 772/772/747 3346/3346/3182 3347/3347/3183
f 772/772/747 3347/3347/3183 2534/2534/2444
f 772/772/747 2534/2534/2444 773/773/748
f 772/772/747 780/780/755 3346/3346/3182
f 60/60/60 3348/3348/3184 1811/1811/1753
f 60/60/60 59/59/59 3348/3348/3184
f 60/60/60 3349/3349/3185 3350/3350/3186
f 60/60/60 1811/1811/1753 3349/3349/3185
f 3351/3351/3187 1374/1374/1341 1373/1373/1340
f 3351/3351/3187 1373/1373/1340 3352/3352/3188
f 3353/3353/3189 2880/2880/2770 3354/3354/3190
f 3353/3353/3189 3355/3355/3191 2880/2880/2770
f 3356/3356/3192 85/85/85 84/84/84
f 1242/1242/1210 1241/1241/1209 3357/3357/3193
f 1239/1239/1207 1932/1932/1872 1240/1240/1208
f 3356/3356/3192 84/84/84 3358/3358/3194
f 3356/3356/3192 3358/3358/3194 3359/3359/3195
f 2701/2701/2601 1773/1773/1715 3360/3360/3196
f 2962/2962/2846 1639/1639/1589 1638/1638/1588
f 1416/1416/1380 1418/1418/1382 1829/1829/1771
s 0
f 3361/3361/3197 3362/3362/3197 3363/3363/3197
s 1
f 3295/3295/3133 1321/1321/1288 1320/1320/1287
f 3364/3364/3198 3365/3365/3199 2697/2697/2597
f 1329/1329/1296 1331/1331/1298 3366/3366/3200
f 1329/1329/1296 3367/3367/3201 1330/1330/1297
f 3368/3368/3202 3369/3369/3203 1960/1960/1899
f 3368/3368/3202 1957/1957/1896 3370/3370/3204
f 3368/3368/3202 1960/1960/1899 1957/1957/1896
f 614/614/594 609/609/589 1459/1459/1423
f 605/605/585 1454/1454/1418 2097/2097/2030
f 3371/3371/3205 3372/3372/3206 3373/3373/3207
f 3371/3371/3205 3373/3373/3207 3374/3374/3208
f 3371/3371/3205 3374/3374/3208 3375/3375/3209
f 3371/3371/3205 3375/3375/3209 3376/3376/3210
f 3371/3371/3205 3376/3376/3210 3372/3372/3206
f 2439/2439/2360 3377/3377/3211 3378/3378/3212
f 2439/2439/2360 2442/2442/2363 3377/3377/3211
f 3379/3379/3213 3380/3380/3213 3381/3381/3214
f 3379/3379/3213 3382/3382/3215 3380/3380/3213
f 2439/2439/2360 3378/3378/3212 3383/3383/3216
f 40/40/40 42/42/42 142/142/142
f 647/647/626 646/646/625 3384/3384/3217
f 936/936/908 2782/2782/2676 937/937/909
f 936/936/908 2783/2783/2677 2782/2782/2676
f 936/936/908 942/942/914 2783/2783/2677
f 3385/3385/3218 3386/3386/3219 793/793/768
f 3385/3385/3218 3387/3387/3220 3388/3388/3221
f 3385/3385/3218 3388/3388/3221 3386/3386/3219
f 3385/3385/3218 2321/2321/2249 3387/3387/3220
f 3385/3385/3218 2322/2322/2250 2321/2321/2249
f 3385/3385/3218 793/793/768 2322/2322/2250
f 2787/2787/2681 1618/1618/1568 279/279/262
f 2787/2787/2681 2178/2178/2107 1618/1618/1568
f 2787/2787/2681 2179/2179/2108 2178/2178/2107
f 2615/2615/2523 3389/3389/3222 2186/2186/2115
f 2615/2615/2523 2186/2186/2115 1632/1632/1582
f 2615/2615/2523 3390/3390/3223 3389/3389/3222
f 2803/2803/2697 2804/2804/2698 3201/3201/3055
f 2803/2803/2697 3201/3201/3055 3124/3124/2986
f 982/982/954 991/991/963 3391/3391/3224
f 997/997/969 3392/3392/3225 3393/3393/3226
f 997/997/969 998/998/970 3392/3392/3225
f 997/997/969 3393/3393/3226 1091/1091/1063
f 3394/3394/3227 1102/1102/1074 3395/3395/3228
f 1098/1098/1070 1173/1173/1144 1099/1099/1071
f 3396/3396/3229 3397/3397/3230 1177/1177/1148
f 1109/1109/1081 2421/2421/2342 1110/1110/1082
f 1109/1109/1081 1108/1108/1080 2420/2420/2341
f 3210/3210/3064 2637/2637/2545 2639/2639/2547
f 3210/3210/3064 3209/3209/3063 2637/2637/2545
f 3254/3254/3098 3398/3398/3231 3399/3399/3232
f 3216/3216/3070 1304/1304/1271 2826/2826/2720
f 1130/1130/1102 3400/3400/3233 1131/1131/1103
f 1130/1130/1102 3401/3401/3234 3400/3400/3233
f 3216/3216/3070 3402/3402/3235 1304/1304/1271
f 3216/3216/3070 3215/3215/3069 3402/3402/3235
f 2715/2715/2615 2714/2714/2614 3403/3403/3236
f 2715/2715/2615 3403/3403/3236 1042/1042/1014
f 2715/2715/2615 1041/1041/1013 3404/3404/3237
f 2715/2715/2615 1042/1042/1014 1041/1041/1013
f 1072/1072/1044 1074/1074/1046 3061/3061/2931
f 1434/1434/1398 3405/3405/3238 1435/1435/1399
f 1434/1434/1398 1439/1439/1403 3406/3406/3239
f 3407/3407/3240 3408/3408/3241 792/792/767
f 2987/2987/2866 2259/2259/2187 2255/2255/2183
f 3409/3409/3242 1705/1705/1651 3245/3245/3091
f 969/969/941 972/972/944 3410/3410/3243
f 826/826/801 828/828/803 1204/1204/1172
f 3012/3012/2886 3014/3014/2888 3411/3411/3244
f 3012/3012/2886 3411/3411/3244 1213/1213/1181
f 3012/3012/2886 1212/1212/1180 3013/3013/2887
f 3012/3012/2886 1213/1213/1181 1212/1212/1180
f 3412/3412/3245 3413/3413/3246 3414/3414/3247
f 3412/3412/3245 287/287/270 288/288/271
f 3412/3412/3245 288/288/271 2769/2769/2665
f 3412/3412/3245 3414/3414/3247 287/287/270
f 3412/3412/3245 2769/2769/2665 3413/3413/3246
f 3063/3063/2933 3065/3065/2935 3415/3415/3248
f 2132/2132/2065 2128/2128/2061 3416/3416/3249
f 1227/1227/1195 873/873/846 874/874/847
f 1227/1227/1195 874/874/847 1228/1228/1196
f 1021/1021/993 3417/3417/3250 879/879/852
f 1021/1021/993 3418/3418/3251 3417/3417/3250
f 3419/3419/3252 3420/3420/3253 3421/3421/3254
f 3419/3419/3252 3421/3421/3254 3422/3422/3255
f 3419/3419/3252 3075/3075/2944 3420/3420/3253
f 3419/3419/3252 3422/3422/3255 3075/3075/2944
s 0
f 3423/3423/3256 3424/3424/3256 3425/3425/3256
s 1
f 328/328/311 3426/3426/3257 329/329/312
f 326/326/309 2412/2412/2333 3427/3427/3258
f 2302/2302/2230 3428/3428/3259 3429/3429/3260
f 2302/2302/2230 3429/3429/3260 2303/2303/2231
f 3430/3430/3261 3055/3055/2925 2015/2015/1950
f 3430/3430/3261 3431/3431/3262 3432/3432/3263
f 3430/3430/3261 3433/3433/3264 3055/3055/2925
f 3430/3430/3261 2014/2014/1949 3431/3431/3262
f 3430/3430/3261 2015/2015/1950 2014/2014/1949
f 3430/3430/3261 3432/3432/3263 3433/3433/3264
f 2897/2897/2787 3434/3434/3265 2833/2833/2727
f 3435/3435/149 3436/3436/3266 3437/3437/3267
f 459/459/442 3438/3438/3268 461/461/444
f 706/706/683 708/708/685 2750/2750/2646
f 706/706/683 2749/2749/2645 707/707/684
f 706/706/683 2750/2750/2646 2749/2749/2645
f 3439/3439/3269 3440/3440/3270 3441/3441/3271
f 2583/2583/2493 144/144/144 2584/2584/2494
f 2583/2583/2493 145/145/145 144/144/144
f 1448/1448/1412 1447/1447/1411 1352/1352/1319
f 1448/1448/1412 1352/1352/1319 1354/1354/1321
s 0
f 3442/3442/3272 3443/3443/3272 3444/3444/3272
f 3445/3445/3273 3446/3446/3273 3447/3447/3273
s 1
f 1580/1580/1536 1583/1583/1539 2341/2341/2268
f 1580/1580/1536 3448/3448/3274 1581/1581/1537
f 1580/1580/1536 2341/2341/2268 3449/3449/3275
f 1580/1580/1536 3449/3449/3275 3448/3448/3274
f 3450/3450/3276 3451/3451/3277 3452/3452/3278
f 3450/3450/3276 1598/1598/1552 1597/1597/1551
f 3453/3453/3279 3454/3454/3280 3455/3455/3281
f 3450/3450/3276 2591/2591/2501 3451/3451/3277
f 3450/3450/3276 1597/1597/1551 2591/2591/2501
s 0
f 3456/3456/3282 3457/3457/3282 3458/3458/3282
f 3459/3459/3283 3460/3460/3283 3461/3461/3283
s 1
f 2901/2901/2791 198/198/188 2355/2355/2282
f 2901/2901/2791 655/655/632 198/198/188
f 2901/2901/2791 3462/3462/3284 2203/2203/2131
f 2901/2901/2791 2355/2355/2282 3462/3462/3284
f 2703/2703/2603 1774/1774/1716 1773/1773/1715
f 2703/2703/2603 214/214/202 3463/3463/3285
f 2703/2703/2603 2702/2702/2602 214/214/202
f 3464/3464/3286 1111/1111/1083 3465/3465/3287
f 3466/3466/3288 3467/3467/3289 358/358/341
f 3468/3468/3290 361/361/344 356/356/339
f 3468/3468/3290 356/356/339 3035/3035/2907
f 3469/3469/3291 3470/3470/3292 3471/3471/3293
f 3469/3469/3291 91/91/91 3470/3470/3292
f 3472/3472/3294 3301/3301/3139 2934/2934/2818
f 3469/3469/3291 3473/3473/3295 92/92/92
f 3469/3469/3291 92/92/92 91/91/91
f 3474/3474/3296 2371/2371/2294 2779/2779/2673
f 3474/3474/3296 2372/2372/2295 2371/2371/2294
f 3475/3475/3297 530/530/513 2944/2944/2828
f 2378/2378/2301 2381/2381/2304 246/246/231
f 2378/2378/2301 3476/3476/3298 2379/2379/2302
f 2378/2378/2301 246/246/231 245/245/230
f 3477/3477/3299 1816/1816/1758 1814/1814/1756
f 3477/3477/3299 2726/2726/2622 2725/2725/2621
f 3477/3477/3299 2725/2725/2621 3027/3027/2901
f 3477/3477/3299 3027/3027/2901 1816/1816/1758
f 3477/3477/3299 1814/1814/1756 2726/2726/2622
f 1009/1009/981 1008/1008/980 3478/3478/3300
f 1990/1990/1928 3479/3479/3301 1991/1991/1929
f 1990/1990/1928 3480/3480/3302 3479/3479/3301
f 3481/3481/3303 1676/1676/1622 1677/1677/1623
f 3481/3481/3303 1677/1677/1623 3482/3482/3304
f 1830/1830/1772 3483/3483/3305 135/135/135
f 811/811/786 810/810/785 3484/3484/3306
f 2013/2013/1948 3431/3431/3262 2014/2014/1949
f 2013/2013/1948 514/514/497 517/517/500
f 2013/2013/1948 517/517/500 3431/3431/3262
f 2858/2858/2750 2742/2742/2638 2859/2859/2751
f 2858/2858/2750 1204/1204/1172 1205/1205/1173
f 2858/2858/2750 1205/1205/1173 2110/2110/2043
f 2858/2858/2750 2110/2110/2043 2742/2742/2638
f 2952/2952/2836 45/45/45 43/43/43
f 2952/2952/2836 2954/2954/2838 3485/3485/3307
f 3486/3486/3308 550/550/531 3487/3487/3309
f 2386/2386/2309 2122/2122/2055 1861/1861/1803
f 3486/3486/3308 1857/1857/1799 550/550/531
f 2386/2386/2309 2123/2123/2056 2122/2122/2055
f 2384/2384/2307 3358/3358/3194 84/84/84
f 56/56/56 2277/2277/2205 3064/3064/2934
f 3488/3488/3310 3066/3066/2936 59/59/59
f 56/56/56 62/62/62 2277/2277/2205
f 2038/2038/1973 1615/1615/1565 1611/1611/1563
f 1884/1884/1826 2880/2880/2770 3489/3489/3311
f 85/85/85 3490/3490/3312 2292/2292/2220
f 237/237/222 1954/1954/1893 3491/3491/3313
f 3492/3492/3314 3156/3156/3014 3493/3493/3315
f 3492/3492/3314 3493/3493/3315 3494/3494/3316
f 3492/3492/3314 3495/3495/3317 3156/3156/3014
f 2408/2408/2329 3496/3496/3318 2409/2409/2330
f 2408/2408/2329 994/994/966 3497/3497/3319
f 3498/3498/390 3267/3267/3109 3499/3499/3320
f 3500/3500/3321 267/267/251 3501/3501/3322
f 423/423/406 989/989/961 424/424/407
f 423/423/406 425/425/408 985/985/957
f 433/433/416 3502/3502/3323 2548/2548/2458
f 1508/1508/1471 3503/3503/3324 2551/2551/2461
f 1301/1301/1268 1303/1303/1270 3504/3504/3325
f 3505/3505/3326 3506/3506/3327 3507/3507/3328
f 1301/1301/1268 3504/3504/3325 3508/3508/3329
f 3509/3509/3330 3510/3510/3331 3511/3511/3332
f 3512/3512/3333 3166/3166/3024 2871/2871/2761
f 3512/3512/3333 3167/3167/3025 3166/3166/3024
f 3512/3512/3333 2871/2871/2761 3513/3513/3334
f 3514/3514/3335 3515/3515/3336 3516/3516/3337
f 3514/3514/3335 3516/3516/3337 3517/3517/3338
f 3518/3518/3339 3519/3519/3340 858/858/831
f 3520/3520/3341 3521/3521/3342 861/861/834
f 3518/3518/3339 858/858/831 857/857/830
f 2222/2222/2150 2140/2140/2073 2139/2139/2072
f 2222/2222/2150 385/385/368 384/384/367
f 2222/2222/2150 384/384/367 2140/2140/2073
f 2142/2142/2075 3522/3522/3343 1233/1233/1201
f 2142/2142/2075 2144/2144/2077 1559/1559/1515
f 2142/2142/2075 1559/1559/1515 3522/3522/3343
f 3523/3523/3344 2243/2243/2171 3524/3524/3345
f 3523/3523/3344 3101/3101/2969 2243/2243/2171
f 2674/2674/2576 2677/2677/2579 3525/3525/3346
f 3526/3526/3347 3527/3527/3348 3528/3528/3349
f 3526/3526/3347 1447/1447/1411 2850/2850/2742
f 3526/3526/3347 1352/1352/1319 1447/1447/1411
f 3526/3526/3347 2850/2850/2742 3527/3527/3348
f 3526/3526/3347 3528/3528/3349 1353/1353/1320
f 3526/3526/3347 1353/1353/1320 1352/1352/1319
f 3529/3529/3350 3182/3182/3038 3181/3181/3037
f 3530/3530/3351 3531/3531/3352 3532/3532/3353
f 3530/3530/3351 3532/3532/3353 3533/3533/3354
f 3530/3530/3351 3534/3534/3355 3531/3531/3352
f 259/259/243 406/406/389 1599/1599/1553
f 259/259/243 1599/1599/1553 260/260/244
f 259/259/243 1491/1491/1455 406/406/389
f 2599/2599/2509 1874/1874/1816 1878/1878/1820
f 2599/2599/2509 2600/2600/2510 3535/3535/3356
f 2599/2599/2509 3536/3536/3357 1874/1874/1816
f 2599/2599/2509 3535/3535/3356 3536/3536/3357
f 277/277/260 3537/3537/3358 3538/3538/3359
f 277/277/260 280/280/263 3537/3537/3358
f 277/277/260 3538/3538/3359 278/278/261
f 3016/3016/2890 1218/1218/1186 1219/1219/1187
f 3016/3016/2890 1219/1219/1187 3539/3539/3360
f 296/296/279 3540/3540/3361 298/298/281
f 296/296/279 1939/1939/1879 2393/2393/2316
f 296/296/279 2393/2393/2316 3540/3540/3361
f 2619/2619/2527 3541/3541/3362 3542/3542/3363
f 2619/2619/2527 3542/3542/3363 1636/1636/1586
f 2619/2619/2527 3202/3202/3056 3541/3541/3362
f 1083/1083/1055 3543/3543/3364 3544/3544/3365
f 1083/1083/1055 3544/3544/3365 1084/1084/1056
f 1648/1648/1598 3545/3545/3366 3546/3546/3367
f 1648/1648/1598 3546/3546/3367 3162/3162/3020
f 1648/1648/1598 996/996/968 3545/3545/3366
s 0
f 3547/3547/1217 3548/3548/1217 3549/3549/1217
s 1
f 3550/3550/3368 3551/3551/3369 3552/3552/3370
f 3550/3550/3368 3553/3553/3371 3551/3551/3369
f 3554/3554/3372 3555/3555/3373 1672/1672/1618
f 1820/1820/1762 1282/1282/1249 3556/3556/3374
f 2502/2502/2415 352/352/335 2635/2635/2543
f 2502/2502/2415 2635/2635/2543 2503/2503/2416
f 3557/3557/3375 3140/3140/2998 3558/3558/3376
f 3557/3557/3375 3558/3558/3376 347/347/330
f 2428/2428/2349 3559/3559/3377 3560/3560/3378
f 3561/3561/3379 2735/2735/2631 1839/1839/1781
f 3561/3561/3379 1839/1839/1781 1838/1838/1780
f 2428/2428/2349 3560/3560/3378 2429/2429/2350
f 1681/1681/1627 371/371/354 364/364/347
f 1229/1229/1197 1225/1225/1193 2570/2570/2480
f 3562/3562/3380 3563/3563/3381 3564/3564/3382
f 3565/3565/3383 3220/3220/3074 3222/3222/3076
f 3565/3565/3383 3566/3566/3384 3220/3220/3074
f 1697/1697/1643 1478/1478/1442 1049/1049/1021
f 1697/1697/1643 402/402/385 2651/2651/2557
f 261/261/245 2783/2783/2677 262/262/246
f 261/261/245 257/257/241 1055/1055/1027
f 2241/2241/2169 3567/3567/3385 2242/2242/2170
f 3386/3386/3219 799/799/774 793/793/768
f 1170/1170/1141 3527/3527/3348 2850/2850/2742
f 1170/1170/1141 1177/1177/1148 3527/3527/3348
f 2853/2853/2745 2103/2103/2036 2097/2097/2030
f 3568/3568/3386 1504/1504/1467 1505/1505/1468
f 2853/2853/2745 2705/2705/2605 3205/3205/3059
f 3568/3568/3386 1505/1505/1468 2101/2101/2034
f 1846/1846/1788 3569/3569/3387 1963/1963/1902
f 1846/1846/1788 3570/3570/3388 3569/3569/3387
f 1846/1846/1788 1847/1847/1789 3570/3570/3388
f 1853/1853/1795 1852/1852/1794 3571/3571/3389
f 3094/3094/2962 3093/3093/2961 3572/3572/3390
f 2453/2453/2374 643/643/622 644/644/623
f 3095/3095/2963 1860/1860/1802 855/855/828
f 2453/2453/2374 851/851/826 643/643/622
f 863/863/836 862/862/835 3573/3573/3391
f 868/868/841 2135/2135/2068 1687/1687/1633
f 868/868/841 1687/1687/1633 869/869/842
f 2879/2879/2769 3574/3574/3392 2880/2880/2770
f 3575/3575/3393 3417/3417/3250 3418/3418/3251
f 3575/3575/3393 3418/3418/3251 3576/3576/3394
f 3575/3575/3393 881/881/854 3417/3417/3250
f 3577/3577/3395 3578/3578/3396 3579/3579/3397
f 3577/3577/3395 3580/3580/3398 3578/3578/3396
f 2894/2894/2784 2893/2893/2783 3581/3581/3399
f 927/927/900 2162/2162/2091 3582/3582/3400
f 927/927/900 3582/3582/3400 929/929/902
f 2074/2074/2009 3583/3583/3401 2075/2075/2010
f 2074/2074/2009 2166/2166/2095 3583/3583/3401
f 1339/1339/1306 2131/2131/2064 2130/2130/2063
f 1343/1343/1310 1683/1683/1629 1344/1344/1311
f 1195/1195/1163 3584/3584/3402 2650/2650/2556
f 2338/2338/2265 2192/2192/2121 3124/3124/2986
f 2338/2338/2265 3124/3124/2986 3200/3200/3054
f 2338/2338/2265 159/159/156 158/158/155
f 2338/2338/2265 3200/3200/3054 159/159/156
f 1086/1086/1058 3585/3585/3403 3586/3586/3404
f 1086/1086/1058 1088/1088/1060 3585/3585/3403
f 2549/2549/2459 2550/2550/2460 3587/3587/3405
f 3392/3392/3225 3588/3588/3406 3393/3393/3226
f 2549/2549/2459 1649/1649/1599 1646/1646/1596
f 2200/2200/2128 1004/1004/976 1005/1005/977
f 2200/2200/2128 191/191/181 1004/1004/976
f 2811/2811/2705 3589/3589/3407 2812/2812/2706
f 2477/2477/2392 2820/2820/2714 1117/1117/1089
f 1536/1536/1492 3212/3212/3066 1322/1322/1289
f 1536/1536/1492 1322/1322/1289 2030/2030/1965
f 2219/2219/2147 2223/2223/2151 2826/2826/2720
f 3218/3218/3072 3221/3221/3075 3566/3566/3384
f 1045/1045/1017 1048/1048/1020 2235/2235/2163
f 1924/1924/1864 1583/1583/1539 1925/1925/1865
f 1924/1924/1864 2341/2341/2268 1583/1583/1539
f 2748/2748/2644 707/707/684 2749/2749/2645
f 3590/3590/3408 3591/3591/3409 2616/2616/2524
f 3590/3590/3408 2616/2616/2524 1630/1630/1580
f 302/302/285 3592/3592/3410 3593/3593/3411
f 2963/2963/2847 1638/1638/1588 1637/1637/1587
f 2963/2963/2847 1637/1637/1587 3594/3594/3412
f 302/302/285 3593/3593/3411 303/303/286
f 3152/3152/3010 3595/3595/3413 3153/3153/3011
f 2974/2974/2855 317/317/300 316/316/299
f 3596/3596/3414 3174/3174/3032 3597/3597/3415
f 3598/3598/623 3599/3599/3416 3600/3600/3417
f 3596/3596/3414 3601/3601/3418 3174/3174/3032
f 3598/3598/623 3600/3600/3417 3602/3602/3419
f 339/339/322 3603/3603/3420 340/340/323
f 152/152/150 3244/3244/3090 153/153/151
f 152/152/150 1776/1776/1718 3244/3244/3090
f 611/611/591 1962/1962/1901 3604/3604/3421
s 0
f 3605/3605/3422 3606/3606/3422 3607/3607/3422
s 1
f 3608/3608/3423 3609/3609/3424 3610/3610/3425
f 3611/3611/3426 3612/3612/3427 3253/3253/3097
f 3613/3613/3428 3614/3614/3429 3615/3615/3430
f 1739/1739/1681 1738/1738/1680 3616/3616/3431
f 3613/3613/3428 3615/3615/3430 3617/3617/3432
f 3613/3613/3428 3617/3617/3432 3618/3618/3433
f 2114/2114/2047 3619/3619/3434 3000/3000/2877
f 2114/2114/2047 2117/2117/2050 3619/3619/3434
f 2114/2114/2047 3620/3620/3435 2115/2115/2048
f 2114/2114/2047 3000/3000/2877 2999/2999/2876
f 2114/2114/2047 2999/2999/2876 3620/3620/3435
f 285/285/268 287/287/270 3621/3621/3436
f 3622/3622/3437 3623/3623/3438 2567/2567/2477
s 0
f 3624/3624/3439 3625/3625/3439 3626/3626/3439
s 1
f 1815/1815/1757 1983/1983/1921 2899/2899/2789
f 1101/1101/1073 1011/1011/983 1010/1010/982
f 1101/1101/1073 1106/1106/1078 1011/1011/983
f 1378/1378/1345 1929/1929/1869 1379/1379/1346
f 1378/1378/1345 1383/1383/1350 3627/3627/3440
f 1378/1378/1345 3627/3627/3440 1929/1929/1869
f 3628/3628/3398 3629/3629/3441 3630/3630/3442
f 3578/3578/3396 3631/3631/3443 3579/3579/3397
f 3578/3578/3396 3632/3632/3444 3631/3631/3443
f 447/447/430 441/441/424 676/676/653
f 445/445/428 683/683/660 446/446/429
f 454/454/437 455/455/438 2860/2860/2752
f 454/454/437 3633/3633/3445 2016/2016/1951
f 454/454/437 2860/2860/2752 3633/3633/3445
f 1307/1307/1274 3634/3634/3446 1308/1308/1275
f 1307/1307/1274 2831/2831/2725 2830/2830/2724
f 1307/1307/1274 2830/2830/2724 3634/3634/3446
f 2924/2924/2808 2926/2926/2810 1522/1522/1480
f 2924/2924/2808 1522/1522/1480 3061/3061/2931
f 2924/2924/2808 3289/3289/3129 2925/2925/2809
f 2924/2924/2808 3061/3061/2931 3289/3289/3129
f 2030/2030/1965 1322/1322/1289 1324/1324/1291
f 2320/2320/2248 3193/3193/3047 2321/2321/2249
f 2173/2173/2102 2175/2175/2104 3635/3635/3447
f 739/739/714 741/741/716 964/964/936
f 739/739/714 964/964/936 966/966/938
f 3636/3636/3448 961/961/933 3300/3300/3138
f 3636/3636/3448 3300/3300/3138 3637/3637/3449
f 748/748/723 2353/2353/2280 2809/2809/2703
f 748/748/723 752/752/727 2353/2353/2280
f 3638/3638/3450 3639/3639/3451 3640/3640/3452
f 3641/3641/3453 3642/3642/3454 3643/3643/3455
f 764/764/739 112/112/112 3644/3644/3456
f 769/769/744 3645/3645/3457 3345/3345/3181
f 1781/1781/1723 3646/3646/3458 2820/2820/2714
f 278/278/261 2791/2791/2685 279/279/262
f 2024/2024/1959 3647/3647/3459 2025/2025/1960
f 3648/3648/3460 1348/1348/1315 3649/3649/3461
f 3648/3648/3460 1349/1349/1316 1348/1348/1315
f 3650/3650/3462 3651/3651/3463 3652/3652/3464
f 3650/3650/3462 3652/3652/3464 3653/3653/3465
f 3648/3648/3460 3654/3654/3466 1349/1349/1316
f 101/101/101 103/103/103 3655/3655/3467
f 3656/3656/3468 3545/3545/3366 2409/2409/2330
f 3656/3656/3468 3546/3546/3367 3545/3545/3366
f 3656/3656/3468 3657/3657/3469 3546/3546/3367
f 3656/3656/3468 3496/3496/3318 3658/3658/3470
f 3656/3656/3468 2409/2409/2330 3496/3496/3318
f 3656/3656/3468 3658/3658/3470 3657/3657/3469
f 2627/2627/2535 2628/2628/2536 3659/3659/3471
f 3660/3660/3472 3661/3661/3473 3662/3662/3474
f 3660/3660/3472 2631/2631/2539 2632/2632/2540
f 3663/3663/3475 3031/3031/2903 3664/3664/3476
f 3660/3660/3472 2632/2632/2540 3661/3661/3473
f 3663/3663/3475 3032/3032/2904 3031/3031/2903
f 3660/3660/3472 3665/3665/3477 2631/2631/2539
f 2634/2634/2542 350/350/333 2425/2425/2346
f 2634/2634/2542 351/351/334 350/350/333
f 2637/2637/2545 3209/3209/3063 2638/2638/2546
f 3666/3666/3478 3667/3667/3479 3376/3376/3210
f 3668/3668/3480 2437/2437/2358 3669/3669/3481
f 3668/3668/3480 3569/3569/3387 3570/3570/3388
f 3668/3668/3480 3570/3570/3388 2437/2437/2358
f 3666/3666/3478 3376/3376/3210 3670/3670/3482
f 3671/3671/3483 33/33/33 2710/2710/2610
f 3220/3220/3074 3566/3566/3384 3221/3221/3075
f 401/401/384 2651/2651/2557 402/402/385
f 401/401/384 1477/1477/1441 2651/2651/2557
f 3266/3266/3108 3043/3043/2913 3042/3042/2912
f 3266/3266/3108 3672/3672/3484 3043/3043/2913
f 3272/3272/3114 189/189/179 188/188/178
f 3266/3266/3108 3042/3042/2912 3267/3267/3109
f 3673/3673/3485 1167/1167/1138 1168/1168/1139
f 667/667/644 666/666/643 3674/3674/3486
f 226/226/212 225/225/211 1779/1779/1721
f 226/226/212 1779/1779/1721 2819/2819/2713
f 223/223/209 2006/2006/1941 2005/2005/1940
f 2485/2485/2400 3675/3675/3487 3540/3540/3361
f 2485/2485/2400 3540/3540/3361 2391/2391/2314
f 1636/1636/1586 3542/3542/3363 1637/1637/1587
f 3676/3676/3488 1802/1802/1744 2557/2557/2467
f 3677/3677/3489 3678/3678/3490 3014/3014/2888
f 3677/3677/3489 3679/3679/3491 3678/3678/3490
f 3680/3680/3492 1219/1219/1187 1217/1217/1185
f 3680/3680/3492 3681/3681/3493 1219/1219/1187
f 2565/2565/2475 2318/2318/2246 2313/2313/2241
f 2565/2565/2475 2928/2928/2812 2318/2318/2246
f 2565/2565/2475 2568/2568/2478 2928/2928/2812
f 2565/2565/2475 2313/2313/2241 844/844/819
f 3682/3682/3494 2663/2663/2565 2662/2662/2564
f 3069/3069/2939 3068/3068/2938 3683/3683/3495
f 3420/3420/3253 3075/3075/2944 3074/3074/2943
f 3420/3420/3253 3074/3074/2943 3421/3421/3254
f 492/492/475 3684/3684/3496 335/335/318
f 3527/3527/3348 3685/3685/3497 3528/3528/3349
f 3527/3527/3348 1177/1177/1148 3685/3685/3497
f 512/512/495 509/509/492 3306/3306/3144
f 786/786/761 3686/3686/3498 787/787/762
f 786/786/761 3150/3150/3008 2728/2728/2624
f 786/786/761 2728/2728/2624 3686/3686/3498
f 3687/3687/3499 798/798/773 797/797/772
f 3687/3687/3499 1822/1822/1764 1437/1437/1401
f 3687/3687/3499 1437/1437/1401 798/798/773
f 3687/3687/3499 797/797/772 3688/3688/3500
f 3687/3687/3499 3688/3688/3500 3689/3689/3501
f 3687/3687/3499 3689/3689/3501 1822/1822/1764
f 803/803/778 805/805/780 3154/3154/3012
f 2732/2732/2628 3690/3690/3502 3691/3691/3503
f 2732/2732/2628 3691/3691/3503 2733/2733/2629
f 31/31/31 382/382/365 3692/3692/3504
f 31/31/31 3692/3692/3504 3693/3693/3505
f 31/31/31 30/30/30 382/382/365
f 31/31/31 3693/3693/3505 32/32/32
f 1695/1695/1641 1586/1586/1542 3694/3694/3506
f 1695/1695/1641 1694/1694/1640 1586/1586/1542
f 2753/2753/2649 711/711/688 710/710/687
f 2753/2753/2649 2752/2752/2648 711/711/688
f 3695/3695/3507 3696/3696/3508 3335/3335/3171
f 3695/3695/3507 3697/3697/3509 3698/3698/3510
f 3695/3695/3507 3335/3335/3171 3699/3699/3511
f 3700/3700/3512 3338/3338/3174 713/713/690
f 3695/3695/3507 3698/3698/3510 3696/3696/3508
f 3365/3365/3199 2698/2698/2598 2697/2697/2597
f 1335/1335/1302 1334/1334/1301 2285/2285/2213
f 1241/1241/1209 1237/1237/1205 3701/3701/3513
f 3490/3490/3312 2886/2886/2776 2292/2292/2220
f 2388/2388/2311 1938/1938/1878 3104/3104/2972
f 2388/2388/2311 2394/2394/2317 1938/1938/1878
f 99/99/99 1255/1255/1223 1254/1254/1222
f 99/99/99 2777/2777/2671 1255/1255/1223
f 99/99/99 1254/1254/1222 102/102/102
f 3702/3702/3514 3703/3703/3515 3704/3704/3516
f 3705/3705/3517 1430/1430/1394 3706/3706/3518
f 3705/3705/3517 1431/1431/1395 1430/1430/1394
f 3707/3707/3519 3708/3708/3520 3196/3196/3050
f 3709/3709/3521 3710/3710/3522 3711/3711/3523
f 3709/3709/3521 3711/3711/3523 2431/2431/2352
f 3712/3712/3524 3713/3713/3525 3714/3714/3526
f 3707/3707/3519 3196/3196/3050 3715/3715/3527
f 3712/3712/3524 3195/3195/3049 3713/3713/3525
f 1070/1070/1042 1068/1068/1040 3716/3716/3528
f 1070/1070/1042 3059/3059/2929 3058/3058/2928
f 1070/1070/1042 3716/3716/3528 3059/3059/2929
f 2331/2331/2258 967/967/939 965/965/937
f 2332/2332/2259 485/485/468 3717/3717/3529
f 2333/2333/2260 3002/3002/2879 1571/1571/1527
f 3718/3718/3530 2194/2194/2123 2193/2193/2122
f 2683/2683/2585 3719/3719/3531 2684/2684/2586
f 1750/1750/1692 1752/1752/1694 3720/3720/3532
f 1750/1750/1692 3721/3721/3533 2688/2688/2589
f 1750/1750/1692 3720/3720/3532 3721/3721/3533
f 1165/1165/1136 2844/2844/2736 1166/1166/1137
f 3722/3722/3534 3674/3674/3486 666/666/643
f 1410/1410/1376 3723/3723/3535 2356/2356/2283
f 3231/3231/3081 572/572/553 3724/3724/3536
f 3142/3142/3000 2367/2367/2290 2366/2366/2289
f 3511/3511/3332 3725/3725/3537 3726/3726/3538
f 3511/3511/3332 3510/3510/3331 3725/3725/3537
f 3727/3727/3539 1248/1248/1216 3017/3017/2891
f 3403/3403/3236 293/293/276 1042/1042/1014
f 3728/3728/3540 531/531/514 532/532/515
f 3728/3728/3540 3729/3729/3541 531/531/514
f 248/248/233 251/251/236 3147/3147/3005
f 1053/1053/1025 3730/3730/3542 1056/1056/1028
f 3731/3731/3543 1486/1486/1450 1485/1485/1449
f 1053/1053/1025 3732/3732/3544 3730/3730/3542
f 3387/3387/3220 3733/3733/3545 3388/3388/3221
f 3387/3387/3220 3193/3193/3047 3734/3734/3546
f 3387/3387/3220 2321/2321/2249 3193/3193/3047
f 3735/3735/3547 2430/2430/2351 2429/2429/2350
f 1716/1716/1660 3736/3736/3548 1717/1717/1661
f 3440/3440/3270 3737/3737/3549 3441/3441/3271
f 1447/1447/1411 1449/1449/1413 2850/2850/2742
f 1581/1581/1537 3448/3448/3274 3738/3738/3550
f 3451/3451/3277 2591/2591/2501 2592/2592/2502
f 2348/2348/2275 2351/2351/2278 3739/3739/3551
f 2756/2756/2652 3740/3740/3552 61/61/61
f 2818/2818/2712 212/212/200 3741/3741/3553
f 2818/2818/2712 3741/3741/3553 3742/3742/3554
f 3743/3743/3555 431/431/414 2706/2706/2606
f 3743/3743/3555 435/435/418 431/431/414
f 1920/1920/1860 3744/3744/3556 3745/3745/3557
f 1920/1920/1860 1231/1231/1199 3744/3744/3556
f 1462/1462/1426 3746/3746/3558 1463/1463/1427
f 3747/3747/3559 3748/3748/3560 3749/3749/3561
f 3747/3747/3559 3750/3750/3562 3751/3751/3563
f 3747/3747/3559 3749/3749/3561 3750/3750/3562
f 1041/1041/1013 1043/1043/1015 3752/3752/3564
f 3753/3753/3565 1311/1311/1278 1310/1310/1277
f 3754/3754/3566 3755/3755/3567 3756/3756/3568
s 0
f 3757/3757/3569 3758/3758/3569 3759/3759/3569
s 1
f 3555/3555/3373 3760/3760/3570 1673/1673/1619
f 3555/3555/3373 1673/1673/1619 1672/1672/1618
f 3556/3556/3374 3761/3761/3571 3762/3762/3572
f 3556/3556/3374 1282/1282/1249 3761/3761/3571
f 810/810/785 812/812/787 3484/3484/3306
f 691/691/668 2744/2744/2640 2743/2743/2639
f 3763/3763/3573 2859/2859/2751 2742/2742/2638
f 3763/3763/3573 3633/3633/3445 2859/2859/2751
f 691/691/668 2743/2743/2639 692/692/669
f 2449/2449/2370 1587/1587/1543 1586/1586/1542
f 2449/2449/2370 1586/1586/1542 1694/1694/1640
f 2449/2449/2370 1694/1694/1640 2450/2450/2371
f 2449/2449/2370 2448/2448/2369 1587/1587/1543
f 551/551/532 2274/2274/2202 2688/2688/2589
f 551/551/532 2688/2688/2589 3721/3721/3533
f 551/551/532 3721/3721/3533 552/552/533
f 3696/3696/3508 3336/3336/3172 3335/3335/3171
f 67/67/67 3098/3098/2966 2280/2280/2208
f 3764/3764/3574 77/77/77 76/76/76
f 1891/1891/1833 1881/1881/1823 3765/3765/3575
f 3764/3764/3574 3766/3766/3576 77/77/77
f 1889/1889/1831 2288/2288/2216 1890/1890/1832
f 2822/2822/2716 2823/2823/2717 2768/2768/2664
f 2822/2822/2716 3341/3341/3177 1682/1682/1628
f 2822/2822/2716 2768/2768/2664 2767/2767/2663
f 2296/2296/2224 3767/3767/3577 1896/1896/1838
f 2296/2296/2224 2295/2295/2223 3767/3767/3577
f 3345/3345/3181 3768/3768/3578 3304/3304/3142
f 3345/3345/3181 3769/3769/3579 3768/3768/3578
f 3345/3345/3181 3645/3645/3457 3769/3769/3579
f 410/410/393 784/784/759 2238/2238/2166
f 3770/3770/3580 1494/1494/1458 3050/3050/2920
f 3317/3317/3155 1497/1497/1460 3771/3771/1217
f 3317/3317/3155 3772/3772/3581 3318/3318/3156
f 3770/3770/3580 3050/3050/2920 3049/3049/2919
f 1498/1498/1461 3724/3724/3536 572/572/553
f 1498/1498/1461 572/572/553 571/571/552
f 1502/1502/1465 1645/1645/1595 1503/1503/1466
f 1502/1502/1465 1646/1646/1596 1645/1645/1595
f 3773/3773/3582 3774/3774/3583 3506/3506/3327
f 3773/3773/3582 3506/3506/3327 3775/3775/3584
f 3776/3776/3585 3777/3777/3586 3778/3778/3587
f 3779/3779/3588 1067/1067/1039 2790/2790/2684
f 3779/3779/3588 3411/3411/3244 3678/3678/3490
f 3779/3779/3588 1068/1068/1040 1067/1067/1039
f 3779/3779/3588 3678/3678/3490 3780/3780/3589
f 3779/3779/3588 3780/3780/3589 1068/1068/1040
f 3779/3779/3588 2790/2790/2684 3411/3411/3244
f 1530/1530/1488 1529/1529/1487 2719/2719/2617
f 3781/3781/3590 2823/2823/2717 1542/1542/1498
f 3413/3413/3246 3782/3782/3591 3414/3414/3247
f 3781/3781/3590 2768/2768/2664 2823/2823/2717
f 128/128/128 130/130/130 2571/2571/2481
f 128/128/128 2570/2570/2480 129/129/129
f 3522/3522/3343 1558/1558/1514 2577/2577/2487
f 3522/3522/3343 1559/1559/1515 1558/1558/1514
f 3522/3522/3343 2577/2577/2487 1233/1233/1201
f 3783/3783/3592 3784/3784/3593 3630/3630/3442
f 3783/3783/3592 3785/3785/3594 3784/3784/3593
f 3783/3783/3592 3630/3630/3442 3629/3629/3441
f 144/144/144 3342/3342/3178 2584/2584/2494
f 144/144/144 3786/3786/3595 3342/3342/3178
f 3787/3787/3596 3685/3685/3497 3788/3788/3597
f 3787/3787/3596 3528/3528/3349 3685/3685/3497
f 755/755/730 1081/1081/1053 3789/3789/3598
f 1745/1745/1687 310/310/293 309/309/292
f 3790/3790/3599 3791/3791/3600 3792/3792/3601
f 3790/3790/3599 779/779/754 3791/3791/3600
f 3793/3793/3602 3794/3794/3603 3795/3795/3604
f 3796/3796/3605 1370/1370/1337 1369/1369/1336
f 3793/3793/3602 3797/3797/3606 3794/3794/3603
f 3796/3796/3605 1369/1369/1336 1603/1603/1557
f 3793/3793/3602 3795/3795/3604 3798/3798/3607
f 3799/3799/3608 2035/2035/1970 2037/2037/1972
f 1622/1622/1572 290/290/273 283/283/266
f 1622/1622/1572 283/283/266 2123/2123/2056
f 3594/3594/3412 1637/1637/1587 3542/3542/3363
f 3594/3594/3412 3542/3542/3363 3800/3800/3609
f 3594/3594/3412 3800/3800/3609 3801/3801/3610
f 3802/3802/3611 3803/3803/3612 3804/3804/3613
f 3802/3802/3611 3804/3804/3613 3805/3805/3614
f 3802/3802/3611 3805/3805/3614 3806/3806/3615
f 3802/3802/3611 3807/3807/3616 3803/3803/3612
f 3802/3802/3611 3806/3806/3615 3807/3807/3616
f 3545/3545/3366 996/996/968 2409/2409/2330
f 1816/1816/1758 3027/3027/2901 2628/2628/2536
f 1816/1816/1758 2628/2628/2536 1817/1817/1759
f 1008/1008/980 2631/2631/2539 3478/3478/3300
f 3808/3808/3617 3137/3137/2995 3136/3136/2995
f 3809/3809/3618 2511/2511/2424 480/480/463
f 3810/3810/3619 2508/2508/2421 2507/2507/2420
f 3524/3524/3345 2243/2243/2171 2242/2242/2170
f 3524/3524/3345 2242/2242/2170 3811/3811/3620
f 3524/3524/3345 3811/3811/3620 3812/3812/3621
f 2278/2278/2206 2277/2277/2205 3813/3813/3622
f 3372/3372/3206 3376/3376/3210 3814/3814/3623
f 3815/3815/3624 1375/1375/1342 869/869/842
f 3815/3815/3624 869/869/842 1687/1687/1633
f 3816/3816/3625 3817/3817/3626 1135/1135/1106
f 1471/1471/1435 3818/3818/3627 1472/1472/1436
f 3816/3816/3625 1135/1135/1106 1134/1134/1105
f 3007/3007/2882 1481/1481/1445 1480/1480/1444
f 3819/3819/3628 1048/1048/1020 1050/1050/1022
f 3819/3819/3628 1050/1050/1022 1478/1478/1442
s 0
f 3820/3820/3629 3821/3821/3629 3822/3822/3629
s 1
f 3823/3823/3630 1983/1983/1921 3824/3824/3631
f 3825/3825/3632 3278/3278/3118 3277/3277/3118
f 3823/3823/3630 2899/2899/2789 1983/1983/1921
f 3316/3316/3154 3269/3269/3111 2540/2540/2450
f 2465/2465/2382 3826/3826/3633 2466/2466/2383
f 3279/3279/3119 1278/1278/1245 3689/3689/3501
f 3279/3279/3119 3689/3689/3501 3827/3827/3634
f 2005/2005/1940 3828/3828/3635 3280/3280/3120
f 1294/1294/1261 2437/2437/2358 1295/1295/1262
f 3829/3829/3636 3830/3830/3637 3831/3831/3638
f 3829/3829/3636 3832/3832/3639 3830/3830/3637
f 3829/3829/3636 3833/3833/3640 3832/3832/3639
f 3834/3834/3641 3572/3572/3390 3093/3093/2961
f 3835/3835/3642 1864/1864/1806 1866/1866/1808
f 3190/3190/3044 2874/2874/2764 3836/3836/3643
f 3190/3190/3044 3189/3189/3043 2874/2874/2764
f 3837/3837/3644 2759/2759/2655 2762/2762/2658
f 3838/3838/3645 3839/3839/3646 3840/3840/3647
f 3841/3841/3648 479/479/462 3842/3842/3649
f 3841/3841/3648 3842/3842/3649 3843/3843/3650
f 2931/2931/2815 3844/3844/3651 2932/2932/2816
f 2931/2931/2815 1568/1568/1524 3845/3845/3652
f 2047/2047/1982 2048/2048/1983 750/750/725
f 2047/2047/1982 750/750/725 3846/3846/3653
f 2047/2047/1982 3846/3846/3653 1965/1965/1904
f 3847/3847/3654 3848/3848/3655 1080/1080/1052
f 3847/3847/3654 3849/3849/3656 3848/3848/3655
f 3847/3847/3654 3850/3850/3657 3849/3849/3656
f 2054/2054/1989 3851/3851/3658 2055/2055/1990
f 987/987/959 2938/2938/2822 988/988/960
f 3497/3497/3319 994/994/966 1090/1090/1062
f 3348/3348/3184 59/59/59 3852/3852/3659
f 3348/3348/3184 1525/1525/1483 1811/1811/1753
f 3348/3348/3184 3852/3852/3659 1525/1525/1483
f 1371/1371/1338 2949/2949/2833 866/866/839
s 0
f 3853/3853/3660 3854/3854/3660 3855/3855/3660
s 1
f 3856/3856/3661 2207/2207/2135 2206/2206/2134
f 3574/3574/3392 3354/3354/3190 2880/2880/2770
f 1240/1240/1208 1934/1934/1874 1243/1243/1211
f 3857/3857/3662 904/904/877 903/903/876
f 3857/3857/3662 3858/3858/3663 3859/3859/3664
f 3174/3174/3032 3601/3601/3418 3175/3175/3033
f 3857/3857/3662 3859/3859/3664 904/904/877
f 160/160/149 157/157/154 1639/1639/1589
f 154/154/149 3360/3360/3196 1773/1773/1715
f 2249/2249/2177 2252/2252/2180 2904/2904/2794
f 1425/1425/1389 3860/3860/3665 582/582/563
f 1425/1425/1389 582/582/563 1426/1426/1390
f 3767/3767/3577 3861/3861/3666 1896/1896/1838
s 0
f 3862/3862/3667 3863/3863/3667 3864/3864/3667
s 1
f 596/596/576 3865/3865/3668 597/597/577
f 352/352/335 351/351/334 2635/2635/2543
f 347/347/330 3558/3558/3376 1957/1957/1896
f 3866/3866/3669 3811/3811/3620 3567/3567/3385
f 2048/2048/1983 752/752/727 750/750/725
f 2354/2354/2281 3867/3867/3670 2355/2355/2282
f 2354/2354/2281 2055/2055/1990 3867/3867/3670
f 3868/3868/3671 3441/3441/3271 3737/3737/3549
f 3869/3869/3672 941/941/913 3730/3730/3542
f 1976/1976/1914 3870/3870/3673 1977/1977/1915
f 1976/1976/1914 3437/3437/3267 3436/3436/3266
f 1976/1976/1914 1978/1978/1916 3437/3437/3267
f 1055/1055/1027 257/257/241 2382/2382/2305
f 1058/1058/1030 3871/3871/3674 1059/1059/1031
f 3193/3193/3047 3196/3196/3050 3734/3734/3546
f 1071/1071/1043 1069/1069/1041 2179/2179/2108
f 3166/3166/3024 2866/2866/2758 2871/2871/2761
f 2800/2800/2694 3872/3872/3675 3123/3123/2985
f 3256/3256/3100 1358/1358/1325 1357/1357/1324
f 989/989/961 3873/3873/3676 424/424/407
f 2941/2941/2825 1091/1091/1063 3874/3874/3677
f 2940/2940/2824 3791/3791/3600 779/779/754
f 2940/2940/2824 3875/3875/3678 3791/3791/3600
f 2940/2940/2824 3876/3876/3679 3875/3875/3678
f 3465/3465/3287 1110/1110/1082 2421/2421/2342
f 3465/3465/3287 1111/1111/1083 1110/1110/1082
f 3467/3467/3289 359/359/342 358/358/341
f 2823/2823/2717 2216/2216/2144 1542/1542/1498
f 2264/2264/2192 2827/2827/2721 690/690/667
f 2264/2264/2192 381/381/364 2827/2827/2721
f 1142/1142/1113 1146/1146/1117 3877/3877/3680
f 1142/1142/1113 3878/3878/3681 1046/1046/1018
f 3879/3879/3682 924/924/897 3880/3880/3683
f 2080/2080/2013 1150/1150/1121 3150/3150/3008
f 2080/2080/2013 3149/3149/3007 3881/3881/3684
f 2080/2080/2013 3150/3150/3008 3149/3149/3007
f 2099/2099/2032 2101/2101/2034 1505/1505/1468
f 2099/2099/2032 1503/1503/1466 1644/1644/1594
f 2099/2099/2032 1644/1644/1594 2100/2100/2033
f 2099/2099/2032 1505/1505/1468 1503/1503/1466
f 1211/1211/1179 3882/3882/3685 1212/1212/1180
f 59/59/59 3066/3066/2936 3852/3852/3659
f 2600/2600/2510 3051/3051/2921 3883/3883/3686
f 2600/2600/2510 3884/3884/3687 3535/3535/3356
f 2600/2600/2510 3883/3883/3686 3884/3884/3687
f 1388/1388/1355 1387/1387/1354 3885/3885/3688
f 2958/2958/2842 2957/2957/2841 3886/3886/3689
f 494/494/477 2888/2888/2778 2889/2889/2779
f 494/494/477 557/557/538 495/495/478
f 494/494/477 496/496/479 2888/2888/2778
f 494/494/477 2889/2889/2779 557/557/538
f 502/502/485 3887/3887/3690 2153/2153/2082
f 3055/3055/2925 3433/3433/3264 2231/2231/2159
f 3055/3055/2925 2231/2231/2159 2227/2227/2155
f 520/520/503 3888/3888/3691 521/521/504
f 520/520/503 2833/2833/2727 3434/3434/3265
f 520/520/503 3434/3434/3265 3888/3888/3691
f 1059/1059/1031 3871/3871/3674 3008/3008/2883
f 2431/2431/2352 3711/3711/3523 2432/2432/2353
f 3708/3708/3520 3734/3734/3546 3196/3196/3050
f 955/955/927 3889/3889/3692 956/956/928
f 2025/2025/1960 3647/3647/3459 3890/3890/3693
f 3891/3891/3694 2680/2680/2582 3077/3077/2946
f 3891/3891/3694 3892/3892/3695 2680/2680/2582
f 2091/2091/2024 3807/3807/3616 3806/3806/3615
f 2091/2091/2024 3806/3806/3615 2092/2092/2025
f 1583/1583/1539 1584/1584/1540 1925/1925/1865
f 3813/3813/3622 2277/2277/2205 62/62/62
f 3813/3813/3622 62/62/62 3740/3740/3552
f 3373/3373/3207 3739/3739/3551 3374/3374/3208
f 212/212/200 214/214/202 2702/2702/2602
f 212/212/200 2702/2702/2602 3741/3741/3553
f 3893/3893/3696 229/229/214 228/228/213
f 3893/3893/3696 3894/3894/3697 229/229/214
f 231/231/216 2696/2696/2596 3895/3895/3698
f 231/231/216 234/234/219 2696/2696/2596
f 231/231/216 3895/3895/3698 232/232/217
f 3896/3896/3699 3238/3238/3086 3237/3237/3085
f 1281/1281/1248 1280/1280/1247 3897/3897/3700
f 1281/1281/1248 3479/3479/3301 3761/3761/3571
f 1281/1281/1248 3761/3761/3571 1282/1282/1249
f 1281/1281/1248 3897/3897/3700 3898/3898/3701
f 1281/1281/1248 3898/3898/3701 3479/3479/3301
f 2729/2729/2625 1287/1287/1254 3899/3899/3702
f 2729/2729/2625 3899/3899/3702 3900/3900/3703
f 2739/2739/2635 449/449/432 446/446/429
f 3901/3901/3704 1587/1587/1543 2448/2448/2369
f 3901/3901/3704 2448/2448/2369 3902/3902/3705
f 3903/3903/3706 3359/3359/3195 3358/3358/3194
f 61/61/61 3740/3740/3552 62/62/62
f 3051/3051/2921 3050/3050/2920 3883/3883/3686
f 3904/3904/3707 280/280/263 276/276/259
f 77/77/77 3905/3905/3708 78/78/78
f 3906/3906/3709 1342/1342/1309 2767/2767/2663
f 3906/3906/3709 3907/3907/3710 1342/1342/1309
f 1626/1626/1576 1625/1625/1575 3908/3908/3711
f 3909/3909/3712 3910/3910/3713 2157/2157/2086
f 3909/3909/3712 2157/2157/2086 2156/2156/2085
f 3310/3310/3148 3911/3911/3714 3311/3311/3149
f 3827/3827/3634 3689/3689/3501 3688/3688/3500
f 2199/2199/2127 2475/2475/2390 2471/2471/2388
f 2199/2199/2127 171/171/165 2475/2475/2390
f 2199/2199/2127 2471/2471/2388 3912/3912/3715
f 2550/2550/2460 2548/2548/2458 181/181/173
f 2550/2550/2460 181/181/173 3587/3587/3405
f 1789/1789/1731 2399/2399/2322 1790/1790/1732
f 1802/1802/1744 1800/1800/1742 2554/2554/2464
f 2492/2492/2407 2495/2495/2410 3913/3913/3716
f 2561/2561/2471 2128/2128/2061 2562/2562/2472
f 468/468/451 2496/2496/2411 3914/3914/3717
f 3915/3915/3718 1040/1040/1012 1039/1039/1011
f 3916/3916/3719 3917/3917/3720 3918/3918/3721
f 2573/2573/2483 3919/3919/3722 2574/2574/2484
f 2243/2243/2171 3101/3101/2969 4/4/4
f 3920/3920/3723 3531/3531/3352 3534/3534/3355
f 3920/3920/3723 3532/3532/3353 3531/3531/3352
s 0
f 3921/3921/3724 3922/3922/3724 3923/3923/3724
s 1
f 3537/3537/3358 3924/3924/3725 3538/3538/3359
f 975/975/947 3925/3925/3726 3926/3926/3727
f 975/975/947 3926/3926/3727 3927/3927/3728
f 975/975/947 974/974/946 3925/3925/3726
f 3928/3928/3729 2396/2396/2319 2398/2398/2321
f 3928/3928/3729 2488/2488/2403 2396/2396/2319
f 3541/3541/3362 3202/3202/3056 3929/3929/3730
f 3541/3541/3362 3800/3800/3609 3542/3542/3363
f 3928/3928/3729 979/979/951 2488/2488/2403
f 1099/1099/1071 1174/1174/1145 1103/1103/1075
f 3546/3546/3367 3657/3657/3469 322/322/305
f 3546/3546/3367 322/322/305 3162/3162/3020
f 3762/3762/3572 3761/3761/3571 3480/3480/3302
f 3930/3930/3731 3031/3031/2903 1669/1669/1615
f 3930/3930/3731 3664/3664/3476 3031/3031/2903
f 3930/3930/3731 3931/3931/3732 3664/3664/3476
f 2635/2635/2543 2578/2578/2488 2503/2503/2416
f 366/366/349 373/373/356 2279/2279/2207
f 3814/3814/3623 3376/3376/3210 3667/3667/3479
f 2135/2135/2068 1688/1688/1634 1687/1687/1633
f 1478/1478/1442 1050/1050/1022 1049/1049/1021
f 2239/2239/2167 787/787/762 3932/3932/3733
f 3933/3933/3734 2900/2900/2790 2899/2899/2789
f 1929/1929/1869 3627/3627/3440 3934/3934/3735
f 3935/3935/3736 3322/3322/3160 3320/3320/3158
f 1293/1293/1260 3282/3282/3122 1296/1296/1263
f 3936/3936/3737 3508/3508/3329 3504/3504/3325
f 3936/3936/3737 3937/3937/3738 3508/3508/3329
f 3938/3938/3739 3402/3402/3235 3215/3215/3069
f 713/713/690 3338/3338/3174 714/714/691
f 2373/2373/2296 3939/3939/3740 721/721/698
f 2373/2373/2296 2374/2374/2297 3940/3940/3741
f 2373/2373/2296 3940/3940/3741 3939/3939/3740
f 1555/1555/1511 3941/3941/3742 1556/1556/1512
f 1555/1555/1511 736/736/711 735/735/710
f 1555/1555/1511 735/735/710 3941/3941/3742
f 744/744/719 3942/3942/3743 3846/3846/3653
f 744/744/719 3846/3846/3653 750/750/725
f 3867/3867/3670 2055/2055/1990 3851/3851/3658
f 3867/3867/3670 3462/3462/3284 2355/2355/2282
f 2065/2065/2000 2064/2064/1999 988/988/960
f 2065/2065/2000 988/988/960 2938/2938/2822
f 1525/1525/1483 3852/3852/3659 1526/1526/1484
f 1389/1389/1356 1382/1382/1349 3943/3943/3744
f 3944/3944/3745 664/664/641 663/663/640
f 2229/2229/2157 1043/1043/1015 299/299/282
f 2229/2229/2157 2233/2233/2161 1043/1043/1015
f 2229/2229/2157 299/299/282 3945/3945/3746
f 1287/1287/1254 3946/3946/3747 3899/3899/3702
f 3704/3704/3516 3703/3703/3515 3947/3947/3748
f 3861/3861/3666 588/588/568 1896/1896/1838
f 3551/3551/3369 3553/3553/3371 3948/3948/3749
f 3949/3949/3750 1769/1769/1711 3950/3950/3751
f 3370/3370/3204 1957/1957/1896 3558/3558/3376
f 3370/3370/3204 3558/3558/3376 3139/3139/2997
f 3374/3374/3208 3739/3739/3551 2351/2351/2278
f 2052/2052/1987 2280/2280/2208 634/634/614
f 2052/2052/1987 634/634/614 633/633/613
f 3619/3619/3434 2117/2117/2050 3951/3951/3752
f 3619/3619/3434 3952/3952/3753 3953/3953/3754
f 3619/3619/3434 3953/3953/3754 3000/3000/2877
f 3619/3619/3434 3951/3951/3752 3952/3952/3753
f 3384/3384/3217 646/646/625 3954/3954/3755
f 2782/2782/2676 1056/1056/1028 937/937/909
f 3567/3567/3385 3811/3811/3620 2242/2242/2170
f 3014/3014/2888 3678/3678/3490 3411/3411/3244
f 2127/2127/2060 2562/2562/2472 2128/2128/2061
f 166/166/160 3955/3955/3756 167/167/161
f 3956/3956/3757 3791/3791/3600 3875/3875/3678
f 3956/3956/3757 3792/3792/3601 3791/3791/3600
f 3956/3956/3757 3875/3875/3678 3957/3957/3758
f 3958/3958/3759 1766/1766/1708 1759/1759/1701
f 3959/3959/3760 1005/1005/977 1001/1001/973
f 3960/3960/3761 1102/1102/1074 3207/3207/3061
f 3788/3788/3597 3685/3685/3497 3397/3397/3230
f 3960/3960/3761 3395/3395/3228 1102/1102/1074
f 1031/1031/1003 3961/3961/3762 1032/1032/1004
f 2827/2827/2721 1299/1299/1266 690/690/667
f 2827/2827/2721 381/381/364 2220/2220/2148
f 1043/1043/1015 2233/2233/2161 3752/3752/3564
f 1489/1489/1453 3149/3149/3007 788/788/763
f 2167/2167/2096 2084/2084/2017 3962/3962/3763
f 792/792/767 2322/2322/2250 793/793/768
f 792/792/767 3408/3408/3241 2322/2322/2250
f 3963/3963/3764 3085/3085/2954 3163/3163/3021
f 2450/2450/2371 1694/1694/1640 3964/3964/3765
f 846/846/821 1859/1859/1801 2122/2122/2055
f 846/846/821 855/855/828 1859/1859/1801
s 0
f 3965/3965/3766 3966/3966/3766 3967/3967/3766
s 1
f 2880/2880/2770 3355/3355/3191 3489/3489/3311
f 3968/3968/3767 3422/3422/3255 3421/3421/3254
f 3969/3969/3768 2531/2531/2441 1267/1267/1234
f 3969/3969/3768 511/511/494 2531/2531/2441
f 2784/2784/2678 3501/3501/3322 267/267/251
f 1174/1174/1145 3156/3156/3014 1103/1103/1075
f 1202/1202/1170 3970/3970/3769 2111/2111/2044
f 1202/1202/1170 2110/2110/2043 1205/1205/1173
f 2117/2117/2050 3262/3262/3104 3951/3951/3752
f 1876/1876/1818 2601/2601/2511 1877/1877/1819
f 3971/3971/3770 889/889/862 3972/3972/3771
f 557/557/538 564/564/545 495/495/478
f 557/557/538 2889/2889/2779 558/558/539
f 568/568/549 421/421/404 571/571/552
f 568/568/549 3973/3973/3772 421/421/404
f 568/568/549 1258/1258/1226 3973/3973/3772
f 2832/2832/2726 3880/3880/3683 924/924/897
f 2832/2832/2726 2834/2834/2728 3880/3880/3683
f 2175/2175/2104 3974/3974/3773 3635/3635/3447
f 1342/1342/1309 3907/3907/3710 1345/1345/1312
f 2650/2650/2556 142/142/142 42/42/42
f 3975/3975/3774 3123/3123/2985 3976/3976/3775
f 2650/2650/2556 146/146/146 142/142/142
f 156/156/153 159/159/156 3200/3200/3054
f 2622/2622/2530 3204/3204/3058 2623/2623/2531
f 3588/3588/3406 183/183/175 3874/3874/3677
f 3587/3587/3405 181/181/173 180/180/172
f 3588/3588/3406 3874/3874/3677 3393/3393/3226
f 1768/1768/1710 3950/3950/3751 1769/1769/1711
f 2205/2205/2133 1112/1112/1084 1111/1111/1083
f 1117/1117/1089 2820/2820/2714 1118/1118/1090
f 380/380/363 2220/2220/2148 381/381/364
f 1046/1046/1018 3878/3878/3681 1698/1698/1644
f 1046/1046/1018 1698/1698/1644 1047/1047/1019
f 2949/2949/2833 3977/3977/3776 866/866/839
s 0
f 3978/3978/3777 3979/3979/3777 3980/3980/3777
s 1
f 2964/2964/2848 3981/3981/3778 2965/2965/2849
f 1426/1426/1390 582/582/563 581/581/562
f 3243/3243/3089 3244/3244/3090 1776/1776/1718
f 2423/2423/2344 350/350/333 349/349/332
f 3616/3616/3431 1738/1738/1680 3982/3982/3779
f 2335/2335/2262 560/560/541 563/563/544
f 839/839/814 1801/1801/1743 840/840/815
f 848/848/823 844/844/819 3117/3117/2979
f 3983/3983/3780 3275/3275/3116 3274/3274/3116
f 1002/1002/974 3824/3824/3631 1983/1983/1921
f 3479/3479/3301 3480/3480/3302 3761/3761/3571
f 3479/3479/3301 3898/3898/3701 1991/1991/1929
f 3984/3984/3781 51/51/51 1315/1315/1282
f 2031/2031/1966 1324/1324/1291 1321/1321/1288
f 723/723/700 3340/3340/3176 724/724/701
f 723/723/700 1439/1439/1403 3340/3340/3176
s 0
f 3985/3985/3782 3986/3986/3782 3987/3987/3782
s 1
f 3974/3974/3773 3988/3988/3783 3635/3635/3447
f 741/741/716 738/738/713 2044/2044/1979
f 3311/3311/3149 3911/3911/3714 3989/3989/3784
f 3311/3311/3149 776/776/751 3312/3312/3150
f 3311/3311/3149 3989/3989/3784 776/776/751
f 525/525/508 264/264/248 1601/1601/1555
f 525/525/508 1601/1601/1555 527/527/510
f 3884/3884/3687 1494/1494/1458 1121/1121/1093
f 3884/3884/3687 3883/3883/3686 3050/3050/2920
f 3884/3884/3687 3050/3050/2920 1494/1494/1458
f 3884/3884/3687 1121/1121/1093 3535/3535/3356
f 3156/3156/3014 3495/3495/3317 1103/1103/1075
f 3026/3026/2900 3659/3659/3471 3027/3027/2901
s 0
f 3990/3990/3785 3991/3991/3785 3992/3992/3785
s 1
f 3993/3993/3786 3994/3994/3787 3995/3995/3788
f 3661/3661/3473 2632/2632/2540 3996/3996/3789
f 3993/3993/3786 426/426/409 3994/3994/3787
f 3454/3454/3280 3997/3997/3790 3455/3455/3281
f 3056/3056/2926 455/455/438 456/456/439
f 3056/3056/2926 456/456/439 3998/3998/3791
f 3056/3056/2926 3998/3998/3791 827/827/802
f 3411/3411/3244 2790/2790/2684 1213/1213/1181
f 2496/2496/2411 2497/2497/2412 3999/3999/3792
f 4000/4000/3793 1222/1222/1190 1221/1221/1189
f 4001/4001/3794 1550/1550/1506 3917/3917/3720
f 4001/4001/3794 1551/1551/1507 1550/1550/1506
f 2505/2505/2418 1558/1558/1514 1560/1560/1516
f 2505/2505/2418 2577/2577/2487 1558/1558/1514
f 3768/3768/3578 3769/3769/3579 3910/3910/3713
f 2530/2530/2440 2781/2781/2675 2531/2531/2441
f 2530/2530/2440 2529/2529/2439 3308/3308/3146
f 787/787/762 3686/3686/3498 3932/3932/3733
f 1829/1829/1771 1418/1418/1382 4002/4002/3795
f 1840/1840/1782 2733/2733/2629 3691/3691/3503
f 1840/1840/1782 1839/1839/1781 2733/2733/2629
f 2513/2513/2426 4003/4003/3796 2514/2514/2427
f 3669/3669/3481 2437/2437/2358 2261/2261/2189
f 2265/2265/2193 694/694/671 2266/2266/2194
f 2274/2274/2202 2690/2690/189 2688/2688/2589
f 738/738/713 2292/2292/2220 2885/2885/2775
f 738/738/713 2885/2885/2775 2044/2044/1979
f 1937/1937/1877 3104/3104/2972 1938/1938/1878
f 1252/1252/1220 3033/3033/2905 1256/1256/1224
f 112/112/112 106/106/106 3644/3644/3456
f 929/929/902 3582/3582/3400 1948/1948/1888
f 941/941/913 937/937/909 3730/3730/3542
f 3710/3710/3522 2988/2988/2867 3711/3711/3523
f 3120/3120/2982 2670/2670/2572 2668/2668/2570
f 1719/1719/1663 1720/1720/1664 3287/3287/3127
f 3525/3525/3346 2677/2677/2579 4004/4004/3797
f 4005/4005/3798 14/14/14 13/13/13
f 4005/4005/3798 4006/4006/3799 14/14/14
f 4007/4007/3800 3280/3280/3120 3828/3828/3635
f 4007/4007/3800 222/222/208 3280/3280/3120
f 1752/1752/1694 4008/4008/3801 3720/3720/3532
f 4009/4009/3802 408/408/391 4010/4010/3803
f 4009/4009/3802 413/413/396 408/408/391
f 3046/3046/2916 3045/3045/2915 4011/4011/3804
f 202/202/192 72/72/72 68/68/68
f 202/202/192 204/204/194 72/72/72
f 3400/3400/3233 3401/3401/3234 4012/4012/3805
f 5/5/5 1496/1496/1459 1497/1497/1460
f 5/5/5 7/7/7 1496/1496/1459
f 4013/4013/3806 4014/4014/3807 3544/3544/3365
f 3585/3585/3403 1088/1088/1060 4015/4015/3808
f 183/183/175 182/182/174 3874/3874/3677
f 3341/3341/3177 1344/1344/1311 1682/1682/1628
f 3840/3840/3647 4016/4016/3809 4017/4017/3810
f 3840/3840/3647 3839/3839/3646 4016/4016/3809
f 1334/1334/1301 2930/2930/2814 2285/2285/2213
f 1076/1076/1048 2801/2801/2695 4018/4018/3811
f 3848/3848/3655 1081/1081/1053 1080/1080/1052
f 3848/3848/3655 4019/4019/3812 1081/1081/1053
f 1373/1373/1340 4020/4020/3813 3352/3352/3188
f 2118/2118/2051 1214/1214/1182 1210/1210/1178
f 1799/1799/1741 2554/2554/2464 1800/1800/1742
f 4021/4021/3814 3742/3742/3554 3741/3741/3553
f 4021/4021/3814 3741/3741/3553 2967/2967/2851
f 1424/1424/1388 2514/2514/2427 4003/4003/3796
f 4022/4022/3815 3691/3691/3503 3690/3690/3502
f 3817/3817/3626 1137/1137/1108 1135/1135/1106
f 3711/3711/3523 2736/2736/2632 2432/2432/2353
f 3711/3711/3523 2988/2988/2867 2736/2736/2632
f 4023/4023/3816 2330/2330/2257 2329/2329/2257
f 1349/1349/1316 3654/3654/3466 1350/1350/1317
f 824/824/799 2488/2488/2403 979/979/951
f 425/425/408 4024/4024/3817 985/985/957
f 1091/1091/1063 3393/3393/3226 3874/3874/3677
f 333/333/316 337/337/320 1095/1095/1067
s 0
f 4025/4025/3818 4026/4026/3818 4027/4027/3818
s 1
f 2232/2232/2160 2234/2234/2162 4028/4028/3819
f 2921/2921/2805 1264/1264/1232 2831/2831/2725
f 1150/1150/1121 2728/2728/2624 3150/3150/3008
f 1822/1822/1764 3689/3689/3501 1278/1278/1245
f 3900/3900/3703 3899/3899/3702 4029/4029/3820
f 4030/4030/3821 3926/3926/3727 3925/3925/3726
f 3410/3410/3243 972/972/944 4031/4031/3822
f 2804/2804/2698 3202/3202/3056 3201/3201/3055
f 2804/2804/2698 3929/3929/3730 3202/3202/3056
f 3882/3882/3685 3013/3013/2887 1212/1212/1180
f 4032/4032/3823 3003/3003/2880 3015/3015/2889
f 287/287/270 3414/3414/3247 3621/3621/3436
f 3852/3852/3659 3066/3066/2936 2494/2494/2409
f 3852/3852/3659 2494/2494/2409 1526/1526/1484
s 0
f 4033/4033/3824 4034/4034/3824 4035/4035/3824
s 1
f 3433/3433/3264 4036/4036/3825 2231/2231/2159
f 3730/3730/3542 937/937/909 1056/1056/1028
f 1731/1731/1673 2189/2189/2118 4037/4037/3826
f 4038/4038/3827 182/182/174 175/175/169
f 1764/1764/1706 4039/4039/3828 1765/1765/1707
f 229/229/214 3894/3894/3697 4040/4040/3829
f 3610/3610/3425 3609/3609/3424 4041/4041/3830
f 3610/3610/3425 4041/4041/3830 4042/4042/3831
f 3755/3755/3567 4043/4043/3832 3756/3756/3568
f 2631/2631/2539 3665/3665/3477 3478/3478/3300
f 4044/4044/3833 3579/3579/3397 3631/3631/3443
f 3784/3784/3593 4045/4045/3834 3630/3630/3442
f 2859/2859/2751 3633/3633/3445 2860/2860/2752
f 4046/4046/3835 1717/1717/1661 3736/3736/3548
f 1859/1859/1801 1861/1861/1803 2122/2122/2055
f 1859/1859/1801 855/855/828 1860/1860/1802
f 2292/2292/2220 2886/2886/2776 2885/2885/2775
f 1897/1897/1839 590/590/570 621/621/601
f 421/421/404 3973/3973/3772 426/426/409
f 4047/4047/3836 1785/1785/1727 1786/1786/1728
f 681/681/658 4048/4048/3837 682/682/659
f 3775/3775/3584 3506/3506/3327 4049/4049/3838
f 3573/3573/3391 862/862/835 3521/3521/3342
f 3918/3918/3721 3917/3917/3720 1550/1550/1506
f 6/6/6 4/4/4 3101/3101/2969
f 2680/2680/2582 2679/2679/2581 3078/3078/2947
f 2680/2680/2582 3078/3078/2947 3077/3077/2946
f 2676/2676/2578 4050/4050/3839 2677/2677/2579
f 3685/3685/3497 1177/1177/1148 3397/3397/3230
f 4051/4051/3840 1601/1601/1555 264/264/248
f 3540/3540/3361 2393/2393/2316 2391/2391/2314
f 2735/2735/2631 2733/2733/2629 1839/1839/1781
f 3646/3646/3458 1118/1118/1090 2820/2820/2714
f 3536/3536/3357 3535/3535/3356 1120/1120/1092
f 3651/3651/3463 4052/4052/3841 3652/3652/3464
f 4014/4014/3807 1084/1084/1056 3544/3544/3365
f 3499/3499/3320 3267/3267/3109 3042/3042/2912
f 2367/2367/2290 3145/3145/3003 4053/4053/3842
f 1068/1068/1040 3780/3780/3589 3716/3716/3528
f 2928/2928/2812 2568/2568/2478 1539/1539/1495
f 479/479/462 478/478/461 3842/3842/3649
f 2045/2045/1980 2044/2044/1979 2883/2883/2773
f 495/495/478 564/564/545 1574/1574/1530
f 3694/3694/3506 1586/1586/1542 1588/1588/1544
f 2727/2727/2623 3686/3686/3498 2728/2728/2624
f 4002/4002/3795 917/917/890 3021/3021/2895
f 4002/4002/3795 1418/1418/1382 917/917/890
f 1295/1295/1262 2437/2437/2358 3570/3570/3388
f 1295/1295/1262 3570/3570/3388 1847/1847/1789
f 50/50/50 1315/1315/1282 51/51/51
f 50/50/50 1316/1316/1283 1315/1315/1282
f 4054/4054/3843 1942/1942/1882 1941/1941/1881
f 3774/3774/3583 3507/3507/3328 3506/3506/3327
f 4054/4054/3843 1941/1941/1881 4055/4055/3844
f 3778/3778/3587 3777/3777/3586 4056/4056/3845
f 1908/1908/1850 1011/1011/983 1106/1106/1078
f 1908/1908/1850 1106/1106/1078 4057/4057/3846
f 609/609/589 1460/1460/1424 1459/1459/1423
f 2511/2511/2424 2510/2510/2423 478/478/461
f 2511/2511/2424 478/478/461 480/480/463
f 1645/1645/1595 1644/1644/1594 1503/1503/1466
f 3084/3084/2953 2799/2799/2693 3085/3085/2954
f 1966/1966/1905 1965/1965/1904 4058/4058/3847
f 3417/3417/3250 881/881/854 879/879/852
f 3327/3327/3165 2000/2000/1936 2481/2481/2396
f 3994/3994/3787 3973/3973/3772 1258/1258/1226
f 3994/3994/3787 426/426/409 3973/3973/3772
f 3769/3769/3579 2158/2158/2087 2157/2157/2086
f 3769/3769/3579 3645/3645/3457 2158/2158/2087
f 3769/3769/3579 2157/2157/2086 3910/3910/3713
f 3201/3201/3055 3200/3200/3054 3124/3124/2986
f 3805/3805/3614 2092/2092/2025 3806/3806/3615
f 2146/2146/2079 1123/1123/1095 1115/1115/1087
f 2145/2145/2078 2480/2480/2395 2479/2479/2394
f 1472/1472/1436 3818/3818/3627 4059/4059/3848
f 1472/1472/1436 4059/4059/3848 1474/1474/1438
f 1120/1120/1092 3535/3535/3356 1121/1121/1093
f 4060/4060/3849 4061/4061/3850 106/106/106
s 0
f 4062/4062/3851 4063/4063/3851 4064/4064/3851
s 1
f 1438/1438/1402 3340/3340/3176 1439/1439/1403
f 1438/1438/1402 2982/2982/2861 3340/3340/3176
f 3244/3244/3090 1959/1959/1898 153/153/151
f 3997/3997/3790 4065/4065/3852 3455/3455/3281
f 657/657/634 4066/4066/3853 658/658/635
f 1297/1297/1264 2741/2741/2637 2911/2911/2801
f 775/775/750 3312/3312/3150 776/776/751
f 1285/1285/1252 2546/2546/2456 4067/4067/3854
f 3652/3652/3464 4052/4052/3841 4068/4068/3855
f 3652/3652/3464 4068/4068/3855 3653/3653/3465
f 1545/1545/1501 1539/1539/1495 3623/3623/3438
f 1556/1556/1512 3941/3941/3742 4069/4069/3856
f 3027/3027/2901 3659/3659/3471 2628/2628/2536
f 1012/1012/984 1011/1011/983 1905/1905/1847
f 4070/4070/3857 1032/1032/1004 3961/3961/3762
f 4043/4043/3832 4071/4071/3858 3756/3756/3568
f 694/694/671 4072/4072/3859 2266/2266/2194
f 1954/1954/1893 1955/1955/1894 4073/4073/3860
f 1954/1954/1893 4073/4073/3860 3491/3491/3313
f 4074/4074/3861 538/538/521 949/949/921
f 3678/3678/3490 3679/3679/3491 3780/3780/3589
f 3872/3872/3675 3976/3976/3775 3123/3123/2985
f 3878/3878/3681 3039/3039/2909 1698/1698/1644
f 4075/4075/3862 2082/2082/2015 2081/2081/2014
f 38/38/38 2955/2955/2839 43/43/43
f 3972/3972/3771 889/889/862 2887/2887/2777
f 168/168/162 4076/4076/3863 3320/3320/3158
f 168/168/162 167/167/161 4076/4076/3863
s 0
f 4077/4077/3864 4078/4078/3864 4079/4079/3864
s 1
f 4080/4080/3865 4081/4081/3866 3720/3720/3532
f 2883/2883/2773 2044/2044/1979 2885/2885/2775
f 3653/3653/3465 4068/4068/3855 4082/4082/3867
f 3977/3977/3776 4083/4083/3868 866/866/839
f 321/321/304 3162/3162/3020 322/322/305
f 3140/3140/2998 3139/3139/2997 3558/3558/3376
f 2693/2693/2593 2992/2992/2871 2694/2694/2594
f 531/531/514 3729/3729/3541 2382/2382/2305
f 3721/3721/3533 3720/3720/3532 4081/4081/3866
f 3721/3721/3533 4081/4081/3866 552/552/533
f 4084/4084/3869 2677/2677/2579 4050/4050/3839
f 3289/3289/3129 3061/3061/2931 1074/1074/1046
f 2874/2874/2764 3189/3189/3043 2875/2875/2765
f 3194/3194/3048 3713/3713/3525 3195/3195/3049
f 3194/3194/3048 4085/4085/3870 3713/3713/3525
f 3941/3941/3742 4086/4086/3871 4069/4069/3856
f 3941/3941/3742 4087/4087/3872 4086/4086/3871
f 3941/3941/3742 735/735/710 4087/4087/3872
f 3643/3643/3455 4088/4088/3873 4089/4089/3874
f 3643/3643/3455 3642/3642/3454 4088/4088/3873
f 558/558/539 2889/2889/2779 897/897/870
f 3539/3539/3360 1219/1219/1187 3681/3681/3493
f 4061/4061/3850 3644/3644/3456 106/106/106
f 1539/1539/1495 2568/2568/2478 3623/3623/3438
f 3886/3886/3689 2957/2957/2841 2959/2959/2843
f 3741/3741/3553 2702/2702/2602 2967/2967/2851
f 3670/3670/3482 3376/3376/3210 3375/3375/3209
f 3483/3483/3305 138/138/138 135/135/135
f 2346/2346/2273 2345/2345/2272 3082/3082/2951
f 3846/3846/3653 4058/4058/3847 1965/1965/1904
f 3789/3789/3598 1081/1081/1053 4019/4019/3812
f 2538/2538/2448 522/522/505 521/521/504
f 2514/2514/2427 3717/3717/3529 485/485/468
f 2568/2568/2478 2567/2567/2477 3623/3623/3438
f 1935/1935/1875 552/552/533 4081/4081/3866
f 2208/2208/2136 2210/2210/2138 2212/2212/2140
f 2896/2896/2786 700/700/677 4090/4090/3875
f 4091/4091/3876 698/698/675 697/697/674
f 3375/3375/3209 3374/3374/3208 4092/4092/3877
f 3375/3375/3209 4092/4092/3877 4093/4093/3878
f 3698/3698/3510 4094/4094/3879 4095/4095/3880
f 712/712/689 714/714/691 4096/4096/3881
f 714/714/691 3337/3337/3173 4096/4096/3881
f 3337/3337/3173 4097/4097/3882 4096/4096/3881
f 3336/3336/3172 3696/3696/3508 4095/4095/3880
f 3696/3696/3508 3698/3698/3510 4095/4095/3880
f 1331/1331/1298 1328/1328/1295 4098/4098/3883
f 1325/1325/1292 1327/1327/1294 4099/4099/3884
f 1327/1327/1294 2698/2698/2598 4099/4099/3884
f 2698/2698/2598 3365/3365/3199 4099/4099/3884
f 3365/3365/3199 4100/4100/3885 4099/4099/3884
f 1284/1284/1251 1283/1283/1250 4101/4101/3886
f 1283/1283/1250 4102/4102/3887 4101/4101/3886
f 1288/1288/1255 2729/2729/2625 4103/4103/3888
f 2729/2729/2625 3900/3900/3703 4103/4103/3888
f 2545/2545/2455 2544/2544/2454 4101/4101/3886
f 2544/2544/2454 1284/1284/1251 4101/4101/3886
f 2905/2905/2795 2903/2903/2793 4104/4104/3889
f 2903/2903/2793 2904/2904/2794 4104/4104/3889
f 2904/2904/2794 2252/2252/2180 4104/4104/3889
f 2247/2247/2175 2246/2246/2174 4105/4105/3890
f 2246/2246/2174 3125/3125/2987 4105/4105/3890
f 4106/4106/3891 4107/4107/3892 4108/4108/3893
f 4107/4107/3892 4109/4109/3894 4108/4108/3893
s 0
f 4110/4110/3895 4111/4111/3895 4112/4112/3895
s 1
f 3052/3052/2922 3054/3054/2924 4113/4113/3896
f 3804/3804/3613 3803/3803/3612 4114/4114/3897
f 3803/3803/3612 3807/3807/3616 4114/4114/3897
f 4115/4115/3898 4106/4106/3891 4108/4108/3893
f 1771/1771/1713 4116/4116/3899 4117/4117/3900
f 596/596/576 598/598/578 4118/4118/3901
f 598/598/578 4119/4119/3902 4118/4118/3901
f 3950/3950/3751 1768/1768/1710 4117/4117/3900
f 1768/1768/1710 1771/1771/1713 4117/4117/3900
f 970/970/942 969/969/941 4120/4120/3903
f 969/969/941 3410/3410/3243 4120/4120/3903
f 3410/3410/3243 4121/4121/3904 4120/4120/3903
f 3925/3925/3726 974/974/946 4122/4122/3905
f 673/673/650 672/672/649 4123/4123/3906
f 672/672/649 4124/4124/3907 4123/4123/3906
f 4125/4125/3908 812/812/787 4126/4126/3909
f 812/812/787 809/809/784 4126/4126/3909
f 807/807/782 673/673/650 4123/4123/3906
f 3010/3010/2884 269/269/253 4127/4127/3910
f 269/269/253 271/271/255 4127/4127/3910
f 271/271/255 4128/4128/3911 4127/4127/3910
f 3501/3501/3322 2784/2784/2678 4129/4129/3912
f 1943/1943/1883 1741/1741/1683 4130/4130/3913
f 1741/1741/1683 1743/1743/1685 4130/4130/3913
f 1743/1743/1685 4131/4131/3914 4130/4130/3913
f 4131/4131/3914 1943/1943/1883 4130/4130/3913
f 3092/3092/2960 3091/3091/2959 4132/4132/3915
f 3091/3091/2959 3094/3094/2962 4132/4132/3915
f 3094/3094/2962 3572/3572/3390 4132/4132/3915
f 3572/3572/3390 4133/4133/3916 4132/4132/3915
f 3830/3830/3637 3832/3832/3639 4134/4134/3917
f 2613/2613/2521 2610/2610/2518 4135/4135/3918
f 2610/2610/2518 4136/4136/3919 4135/4135/3918
f 2028/2028/1963 2027/2027/1962 4137/4137/3920
f 3890/3890/3693 3647/3647/3459 4138/4138/3921
f 1088/1088/1060 1085/1085/1057 4139/4139/3922
f 1085/1085/1057 4140/4140/3923 4139/4139/3922
f 1084/1084/1056 4014/4014/3807 4141/4141/3924
f 4015/4015/3808 1088/1088/1060 4139/4139/3922
f 2037/2037/1972 2034/2034/1969 4142/4142/3925
f 2034/2034/1969 4143/4143/3926 4142/4142/3925
f 4143/4143/3926 4144/4144/3927 4142/4142/3925
f 4144/4144/3927 3799/3799/3608 4142/4142/3925
f 3799/3799/3608 2037/2037/1972 4142/4142/3925
f 415/415/398 414/414/397 4145/4145/3928
f 414/414/397 418/418/401 4145/4145/3928
f 418/418/401 4146/4146/3929 4145/4145/3928
f 2089/2089/2022 2085/2085/2018 4147/4147/3928
f 1031/1031/1003 1030/1030/1002 4148/4148/3930
f 1030/1030/1002 4149/4149/3931 4148/4148/3930
f 1029/1029/1001 2640/2640/2548 4150/4150/3932
f 2643/2643/2551 2645/2645/2551 4151/4151/3933
f 1168/1168/1139 1161/1161/1132 4152/4152/3934
f 1164/1164/1135 1166/1166/1137 4153/4153/3935
f 1166/1166/1137 3132/3132/2992 4153/4153/3935
f 3132/3132/2992 3134/3134/2994 4153/4153/3935
f 3134/3134/2994 4154/4154/3936 4153/4153/3935
f 2759/2759/2655 3837/3837/3644 4155/4155/3937
f 3838/3838/3645 3840/3840/3647 4156/4156/3938
f 4157/4157/3939 2760/2760/2656 4155/4155/3937
f 2760/2760/2656 2759/2759/2655 4155/4155/3937
f 2418/2418/2339 2413/2413/2334 4158/4158/3940
f 2413/2413/2334 2415/2415/2336 4158/4158/3940
f 2415/2415/2336 2891/2891/2781 4158/4158/3940
f 2891/2891/2781 2418/2418/2339 4158/4158/3940
f 710/710/687 709/709/686 4159/4159/3941
f 705/705/682 707/707/684 4160/4160/3942
f 707/707/684 2748/2748/2644 4160/4160/3942
f 2748/2748/2644 2747/2747/2643 4160/4160/3942
f 2751/2751/2647 2753/2753/2649 4159/4159/3941
f 2753/2753/2649 710/710/687 4159/4159/3941
f 1508/1508/1471 1507/1507/1470 4161/4161/3943
f 1507/1507/1470 4162/4162/3944 4161/4161/3943
f 818/818/793 817/817/792 4163/4163/3945
f 817/817/792 4164/4164/3945 4163/4163/3945
f 3398/3398/3231 3254/3254/3098 4165/4165/3946
f 3254/3254/3098 3253/3253/3097 4165/4165/3946
f 3253/3253/3097 3612/3612/3427 4165/4165/3946
f 3612/3612/3427 3398/3398/3231 4165/4165/3946
f 2936/2936/2820 2298/2298/2226 4166/4166/3947
f 2298/2298/2226 4167/4167/3948 4166/4166/3947
f 2304/2304/2232 2303/2303/2231 4168/4168/3949
f 2303/2303/2231 3429/3429/3260 4168/4168/3949
f 3344/3344/3180 3343/3343/3179 4166/4166/3947
f 3343/3343/3179 2936/2936/2820 4166/4166/3947
f 2815/2815/2709 4169/4169/3950 4170/4170/3951
f 338/338/321 340/340/323 4171/4171/3952
f 3589/3589/3407 2811/2811/2705 4170/4170/3951
f 2811/2811/2705 2815/2815/2709 4170/4170/3951
f 2867/2867/2759 3165/3165/3023 4172/4172/3953
f 3165/3165/3023 3167/3167/3025 4172/4172/3953
f 3167/3167/3025 3512/3512/3333 4172/4172/3953
f 3512/3512/3333 3513/3513/3334 4172/4172/3953
s 0
f 4173/4173/3954 4174/4174/3954 4175/4175/3954
s 1
f 4176/4176/3955 2867/2867/2759 4172/4172/3953
f 1392/1392/1359 1391/1391/1358 4177/4177/3956
f 1391/1391/1358 1894/1894/1836 4177/4177/3956
f 1894/1894/1836 2672/2672/2574 4177/4177/3956
f 2672/2672/2574 1392/1392/1359 4177/4177/3956
f 23/23/23 20/20/20 4178/4178/3957
f 20/20/20 22/22/22 4178/4178/3957
f 3746/3746/3558 1462/1462/1426 4179/4179/3958
f 1462/1462/1426 1464/1464/1428 4179/4179/3958
f 1630/1630/1580 1627/1627/1577 4180/4180/3959
f 1631/1631/1581 1633/1633/1583 4181/4181/3960
f 1633/1633/1583 2186/2186/2115 4181/4181/3960
f 2186/2186/2115 3389/3389/3222 4181/4181/3960
f 3389/3389/3222 4182/4182/3961 4181/4181/3960
f 3590/3590/3408 1630/1630/1580 4180/4180/3959
f 2407/2407/2328 2405/2405/2326 4183/4183/3962
f 2624/2624/2532 2623/2623/2531 4184/4184/3963
f 2623/2623/2531 3204/3204/3058 4184/4184/3963
f 3203/3203/3057 2407/2407/2328 4183/4183/3962
f 2184/2184/2113 2180/2180/2109 4185/4185/3964
f 2180/2180/2109 2183/2183/2112 4185/4185/3964
f 2183/2183/2112 4186/4186/3965 4185/4185/3964
f 4186/4186/3965 2184/2184/2113 4185/4185/3964
f 4187/4187/3966 1863/1863/1805 4188/4188/3967
f 1863/1863/1805 1865/1865/1807 4188/4188/3967
f 1865/1865/1807 4189/4189/3968 4188/4188/3967
f 2875/2875/2765 3189/3189/3043 4190/4190/3969
f 3189/3189/3043 3188/3188/3042 4190/4190/3969
f 4191/4191/3970 4187/4187/3966 4188/4188/3967
f 391/391/374 2270/2270/2198 4192/4192/3971
f 2267/2267/2195 2269/2269/2197 4193/4193/3972
f 2269/2269/2197 387/387/370 4193/4193/3972
f 387/387/370 4194/4194/3973 4193/4193/3972
f 4195/4195/3974 4196/4196/3975 4197/4197/3976
f 4196/4196/3975 4198/4198/3977 4197/4197/3976
f 4198/4198/3977 3639/3639/3451 4197/4197/3976
f 3639/3639/3451 3638/3638/3450 4197/4197/3976
f 3641/3641/3453 3643/3643/3455 4199/4199/3978
f 3643/3643/3455 4089/4089/3874 4199/4199/3978
f 2639/2639/2547 2636/2636/2544 4200/4200/3979
f 2636/2636/2544 3208/3208/3062 4200/4200/3979
f 3208/3208/3062 3210/3210/3064 4200/4200/3979
f 3210/3210/3064 2639/2639/2547 4200/4200/3979
f 3180/3180/3036 3179/3179/3035 4201/4201/3980
f 3179/3179/3035 3182/3182/3038 4201/4201/3980
f 3182/3182/3038 4202/4202/3981 4201/4201/3980
f 4202/4202/3981 3180/3180/3036 4201/4201/3980
f 4203/4203/3982 4204/4204/3983 4205/4205/3984
s 0
f 4206/4206/3985 4207/4207/3985 4208/4208/3985
f 4209/4209/3986 4210/4210/3986 4211/4211/3986
s 1
f 2990/2990/2869 2693/2693/2593 4205/4205/3984
f 2693/2693/2593 2692/2692/2592 4205/4205/3984
f 2692/2692/2592 4203/4203/3982 4205/4205/3984
f 3074/3074/2943 3073/3073/2942 4212/4212/3987
f 3073/3073/2942 3968/3968/3767 4212/4212/3987
f 3968/3968/3767 3421/3421/3254 4212/4212/3987
f 3421/3421/3254 3074/3074/2943 4212/4212/3987
f 3563/3563/3381 3562/3562/3380 4213/4213/3988
f 3562/3562/3380 4214/4214/3989 4213/4213/3988
f 4214/4214/3989 4215/4215/3990 4213/4213/3988
f 4215/4215/3990 3563/3563/3381 4213/4213/3988
f 467/467/450 466/466/449 4216/4216/3991
f 469/469/452 471/471/454 4217/4217/3992
f 471/471/454 1220/1220/1188 4217/4217/3992
f 1220/1220/1188 1222/1222/1190 4217/4217/3992
f 3999/3999/3792 2497/2497/2412 4216/4216/3991
f 2497/2497/2412 467/467/450 4216/4216/3991
f 862/862/835 859/859/832 4218/4218/3993
f 859/859/832 861/861/834 4218/4218/3993
f 861/861/834 3521/3521/3342 4218/4218/3993
f 3521/3521/3342 862/862/835 4218/4218/3993
f 3629/3629/3441 4219/4219/3994 4220/4220/3995
f 3577/3577/3395 3579/3579/3397 4221/4221/3995
f 3785/3785/3594 3783/3783/3592 4220/4220/3995
f 3783/3783/3592 3629/3629/3441 4220/4220/3995
f 537/537/520 536/536/519 4222/4222/3996
f 533/533/516 535/535/518 4223/4223/3997
f 535/535/518 945/945/917 4223/4223/3997
f 945/945/917 944/944/916 4223/4223/3997
f 948/948/920 950/950/922 4222/4222/3996
f 950/950/922 537/537/520 4222/4222/3996
f 9/9/9 8/8/8 4224/4224/3998
f 8/8/8 4225/4225/3999 4224/4224/3998
f 4225/4225/3999 3719/3719/3531 4224/4224/3998
f 3719/3719/3531 2683/2683/2585 4224/4224/3998
f 2683/2683/2585 573/573/554 4224/4224/3998
f 573/573/554 9/9/9 4224/4224/3998
f 3736/3736/3548 1716/1716/1660 4226/4226/4000
f 1716/1716/1660 1715/1715/1659 4226/4226/4000
f 1715/1715/1659 4227/4227/4001 4226/4226/4000
f 2745/2745/2641 1855/1855/1797 4228/4228/4002
f 1855/1855/1797 1854/1854/1796 4228/4228/4002
f 4046/4046/3835 3736/3736/3548 4226/4226/4000
f 1136/1136/1107 1133/1133/1104 4229/4229/4003
f 1133/1133/1104 1137/1137/1108 4229/4229/4003
f 1137/1137/1108 3817/3817/3626 4229/4229/4003
f 1473/1473/1437 1470/1470/1434 4230/4230/4004
f 1470/1470/1434 1474/1474/1438 4230/4230/4004
f 1474/1474/1438 4059/4059/3848 4230/4230/4004
f 16/16/16 15/15/15 4231/4231/4005
f 15/15/15 19/19/19 4231/4231/4005
f 2909/2909/2799 2908/2908/2798 4232/4232/4006
f 2906/2906/2796 2343/2343/2270 4233/4233/4007
f 2343/2343/2270 2342/2342/2269 4233/4233/4007
f 140/140/140 16/16/16 4231/4231/4005
f 91/91/91 90/90/90 4234/4234/4008
f 90/90/90 4235/4235/4009 4234/4234/4008
f 89/89/89 2933/2933/2817 4236/4236/4010
f 2933/2933/2817 3301/3301/3139 4236/4236/4010
f 3471/3471/3293 3470/3470/3292 4234/4234/4008
f 3470/3470/3292 91/91/91 4234/4234/4008
f 907/907/880 906/906/879 4237/4237/4011
f 906/906/879 908/908/881 4237/4237/4011
f 908/908/881 2153/2153/2082 4237/4237/4011
f 2153/2153/2082 4238/4238/4012 4237/4237/4011
f 1577/1577/1533 500/500/483 4239/4239/4013
f 500/500/483 499/499/482 4239/4239/4013
f 1678/1678/1624 354/354/337 4240/4240/4014
f 360/360/343 359/359/342 4241/4241/4015
f 359/359/342 3467/3467/3289 4241/4241/4015
f 3467/3467/3289 3466/3466/3288 4241/4241/4015
f 3468/3468/3290 3035/3035/2907 4240/4240/4014
f 3035/3035/2907 1678/1678/1624 4240/4240/4014
f 50/50/50 49/49/49 4242/4242/4016
f 49/49/49 4243/4243/4017 4242/4242/4016
f 48/48/48 463/463/446 4244/4244/4018
f 463/463/446 1312/1312/1279 4244/4244/4018
f 1314/1314/1281 1316/1316/1283 4242/4242/4016
f 1316/1316/1283 50/50/50 4242/4242/4016
f 1348/1348/1315 1347/1347/1314 4245/4245/4019
f 1347/1347/1314 1350/1350/1317 4245/4245/4019
f 4082/4082/3867 4068/4068/3855 4246/4246/4020
f 4068/4068/3855 4052/4052/3841 4246/4246/4020
f 4052/4052/3841 3651/3651/3463 4246/4246/4020
f 3649/3649/3461 1348/1348/1315 4245/4245/4019
