id,name,type
43227,Magnum the Reliever,Fusion Monster
109401,Dark Dimension Soldier,Synchro Monster
146746,Double Headed Anger Knuckle,Link Monster
284224,Dual Avatar - Empowered Mitsu-Jaku,Fusion Monster
286392,Jet Warrior,Synchro Monster
298846,Trickstar Colchica,Link Monster
324483,Ultimate Flame Swordsman,Fusion Monster
359563,Evilswarm Nightmare,XYZ Monster
440556,Bahamut Shark,XYZ Monster
464362,Frightfur Tiger,Fusion Monster
494922,Superheavy Samurai Warlord Susanowo,Synchro Monster
581014,Daigusto Emeral,XYZ Monster
601193,"Virgil, Rock Star of the Burning Abyss",Synchro Monster
698785,Thunder End Dragon,XYZ Monster
739444,Vorticular Drumgon,Link Monster
770365,Empress of Prophecy,XYZ Monster
821049,Visas Amritara,Synchro Tuner Monster
900787,Dragunity Knight - Gae Bulg,Synchro Monster
952523,Traptrix Cularia,Link Monster
987311,D/D/D Gust King Alexander,Synchro Monster
1174075,Drytron Mu Beta Fafnir,XYZ Monster
1249315,Herald of Pure Light,XYZ Monster
1269512,Full Armored Utopic Ray Lancer,XYZ Monster
1322368,SPYRAL Double Helix,Link Monster
1340142,"Varar, Vaalmonican Concord",Link Monster
1412158,Super Roboyarou,Fusion Monster
1426714,Number 48: Shadow Lich,XYZ Monster
1482001,"Clara & Rushka, the Ventriloduo",Link Monster
1487805,Cosmic Slicer Zer'oll,Link Monster
1508649,Altergeist Hexstia,Link Monster
1516510,Rune-Eyes Pendulum Dragon,Fusion Monster
1528054,Silhouhatte Rabbit,Link Monster
1546123,Cyber End Dragon,Fusion Monster
1561110,ABC-Dragon Buster,Fusion Monster
1595137,Evolved Daneen,Fusion Monster
1621413,Dark Requiem Xyz Dragon,XYZ Monster
1639384,Divine Dragon Knight Felgrand,XYZ Monster
1641882,Fusionist,Fusion Monster
1686814,Ultimaya Tzolkin,Synchro Monster
1688285,Traptrix Pinguicula,XYZ Monster
1735088,Wind-Up Zenmaintenance,Link Monster
1769875,Chimera the King of Phantom Beasts,Fusion Monster
1828513,Shadow of the Six Samurai - Shien,XYZ Monster
1855932,Bujintei Kagutsuchi,XYZ Monster
1861629,Decode Talker,Link Monster
1906812,Sprind the Irondash Dragon,Fusion Monster
1945387,Elemental HERO Nova Master,Fusion Monster
1948619,Xtra HERO Wonder Driver,Link Monster
1992816,Number 9: Dyson Sphere,XYZ Monster
2061963,Number 104: Masquerade,XYZ Monster
2091298,Constellar Praesepe,XYZ Monster
2111707,XY-Dragon Cannon,Fusion Monster
2129638,Blue-Eyes Twin Burst Dragon,Fusion Monster
2133971,Union Controller,Fusion Monster
2191144,Night Papilloperative,XYZ Monster
2203790,XX-Saber Hyunlei,Synchro Monster
2220237,Secure Gardna,Link Monster
2322421,Road Warrior,Synchro Monster
2368215,Abyss Actor - Hyper Director,Link Monster
2403771,Power Tool Dragon,Synchro Monster
2405631,"Guoglim, Spear of the Ghoti",Synchro Monster
2407234,Number 69: Heraldry Crest,XYZ Monster
2411269,Agave Dragon,Link Monster
2463794,Fiendsmith's Requiem,Link Monster
2504891,Skull Knight,Fusion Monster
2519690,Sky Galloping Gaia the Dragon Champion,Fusion Monster
2530830,Galaxy-Eyes Cipher Blade Dragon,XYZ Monster
2609443,Chronomaly Vimana,XYZ Monster
2645637,"Yuki-Onna, the Absolute Zero Mayakashi",Link Monster
2665273,"Jormungandr, Generaider Boss of Eternity",XYZ Monster
2725599,Rescue-ACE Arbitrator,Link Monster
2743001,Crystron Phoenix,Synchro Monster
2766877,Daigusto Phoenix,XYZ Monster
2772236,Wattchimera,Synchro Monster
2772337,"Promethean Princess, Bestower of Flames",Link Monster
2815176,"Zebufera, Vaalmonican Hallow Heathen",Link Monster
2834264,Beetrooper Armor Horn,Link Monster
2857636,Knightmare Phoenix,Link Monster
2896663,ZW - Dragonic Halberd,XYZ Monster
2956282,Naturia Barkion,Synchro Monster
2978414,Number 46: Dragluon,XYZ Monster
3040496,"Chaos Ruler, the Chaotic Magical Dragon",Synchro Monster
3113836,Gem-Knight Seraphinite,Fusion Monster
3134857,Orcustrion,Link Monster
3149401,Ultimate Dragon of Pride and Soul,Fusion Monster
3287359,Magical Musket Mastermind Caspar,Link Monster
3292267,Hieratic Sky Dragon Overlord of Heliopolis,XYZ Monster
3294539,Crimson Blade Dragon,Synchro Monster
3322931,Stellar Wind Wolfrayet,Synchro Monster
3356494,Galaxy-Eyes Solflare Dragon,Link Monster
3366982,Alligator's Sword Dragon,Fusion Monster
3410461,Alba-Lenatus the Abyss Dragon,Fusion Monster
3429238,Drill Warrior,Synchro Monster
3486020,"Yoko, the Graceful Mayakashi",Synchro Monster
3507053,Appliancer Dryer Drake,Link Monster
3544583,Allvain the Essence of Vanity,Fusion Monster
3594985,Majespecter Draco - Ryu,XYZ Pendulum Effect Monster
3642509,Elemental HERO Great Tornado,Fusion Monster
3679218,Knightmare Mermaid,Link Monster
3685372,CXyz Gimmick Puppet Fanatix Machinix,XYZ Monster
3743515,Steamed Sabersaurus,XYZ Monster
3758046,D/D/D Wave King Caesar,XYZ Monster
3779493,Night's End Administrator,Synchro Monster
3779662,Gladiator Beast Andabata,Fusion Monster
3790062,Number 65: Djinn Buster,XYZ Monster
3792766,Trickstar Delfiendium,Link Monster
3814632,Skypalace Gangaridai,XYZ Monster
3828844,Rikka Queen Strenna,XYZ Monster
3897065,Super Vehicroid - Stealth Union,Fusion Monster
3957130,Trisborrel Dragon,Link Monster
3966653,Flower Cardian Boardefly,Synchro Monster
3987233,Missus Radiant,Link Monster
3989465,Lavalval Ignis,XYZ Monster
4019153,Number 4: Numeron Gate Catvari,XYZ Monster
4026187,Teller of Fairy Tails,Fusion Monster
4079728,Gung-Ho! Springans!,XYZ Monster
4103668,"Tengu, the Winged Mayakashi",Synchro Monster
4167084,The First Darklord,Fusion Monster
4179255,Ancient Pixie Dragon,Synchro Monster
4280258,"Apollousa, Bow of the Goddess",Link Monster
4290468,Splendid Rose,Synchro Monster
4423206,M-X-Saber Invoker,XYZ Monster
4478086,Clock Spartoi,Link Monster
4591250,Amazoness Empress,Fusion Monster
4628897,Imperion Magnum the Superconductive Battlebot,Fusion Monster
4688231,Metalfoes Mithrilium,Fusion Monster
4709881,Auram the World Chalice Blademaster,Link Monster
4729591,Appliancer Kappa Scale,Link Monster
4731783,"A Bao A Qu, the Lightless Shadow",Link Monster
4779823,"Michael, the Arch-Lightsworn",Synchro Monster
4796100,Chimera the Flying Mythical Beast,Fusion Monster
4891376,Zalen the Shackled Dragon,Synchro Tuner Monster
4914353,Space Insulator,Link Monster
4965193,"Chasma, Dragon Ruler of Auroras",XYZ Monster
4993187,W:P Fancy Ball,Link Monster
4997565,Number 3: Cicada King,XYZ Monster
5014629,Submersible Carrier Aero Shark,XYZ Monster
5041348,Draco Berserker of the Tenyi,Synchro Monster
5043010,Firewall Dragon,Link Monster
5088741,Code Igniter,XYZ Monster
5128859,Elemental HERO Marine Neos,Fusion Monster
5148778,Starving Venom Wing Dragon,Pendulum Effect Fusion Monster
5309481,Revived King Ha Des,Synchro Monster
5329790,Protocol Gardna,Link Monster
5368615,Steam Gyroid,Fusion Monster
5402805,Berserker of the Tenyi,Link Monster
5524387,Marincess Marbled Rock,Link Monster
5530780,Exosister Gibrine,XYZ Monster
5600127,Humanoid Worm Drake,Fusion Monster
5614808,White Aura Whale,Synchro Monster
5772618,Hi-Speedroid Kitedrake,Synchro Monster
5800323,Poplar of the White Forest,Synchro Tuner Monster
5821478,Topologic Bomber Dragon,Link Monster
5829717,Dark Magician the Knight of Dragon Magic,Fusion Monster
5848934,Serene Psychic Sorceress,Synchro Monster
5914858,Junora the Power Patron of Tuning,Synchro Monster
5916510,Starring Knight,XYZ Monster
6021033,Doomkaiser Dragon,Synchro Monster
6150044,Arcana Knight Joker,Fusion Monster
6165656,Number C88: Gimmick Puppet Disaster Leo,XYZ Monster
6182103,Myutant Ultimus,Fusion Monster
6195332,Exstellarknight Constellar Ptolemy Ω7,XYZ Monster
6218704,Odd-Eyes Arcray Dragon,Pendulum Effect Fusion Monster
6247535,Borreload eXcharge Dragon,XYZ Monster
6260560,Laevateinn the Burning Blade,Link Monster
6284176,Kanzashi the Rikka Queen,XYZ Monster
6387204,Number C6: Chronomaly Chaos Atlandis,XYZ Monster
6511113,Traptrix Rafflesia,XYZ Monster
6560411,Bramble Rose Dragon,Synchro Monster
6568731,Glacial Beast Iceberg Narwhal,Synchro Monster
6588580,Thermal Genex,Synchro Monster
6602300,"Blaze Fenix, the Burning Bombardment Bird",Fusion Monster
6622715,Encode Talker,Link Monster
6636319,Evil★Twin Ki-sikil Deal,Link Monster
6659193,Performage Trapeze High Magician,XYZ Monster
6766208,D/D/D Gust High King Alexander,Synchro Monster
6821579,R.B. VALCan Booster,Link Monster
6840573,Barox,Fusion Monster
6855503,Masquerade the Blazing Dragon,Fusion Monster
6906306,"Rubysapphirus, the Adamant Jewel",XYZ Monster
6908161,Ragnaraika Chain Coils,Link Monster
6983839,Tornado Dragon,XYZ Monster
7020743,Tantrum Toddler,XYZ Monster
7194917,Number 52: Diamond Crab King,XYZ Monster
7243511,Koalo-Koala,Fusion Monster
7382007,Gouki Sheik Ogre,Link Monster
7391448,Goyo Guardian,Synchro Monster
7480763,Artifact Dagda,Link Monster
7511613,Ryzeal Duo Drive,XYZ Monster
7582066,Psychic Nightmare,Synchro Monster
7593748,Gimmick Puppet Gigantes Doll,XYZ Monster
7628844,Number C32: Shark Drake LeVeiss,XYZ Monster
7631534,Dual Avatar Feet - Armored Un-Gyo,Fusion Monster
7778726,Hip Hoshiningen,Link Monster
7782069,Gouki The Tyrant Ogre,Fusion Monster
7841112,Majestic Star Dragon,Synchro Monster
7984540,Sunavalon Daphne,Link Monster
8165596,Number 90: Galaxy-Eyes Photon Lord,XYZ Monster
8173184,Repair Genex Controller,Link Monster
8198620,Dragonecro Nethersoul Dragon,Fusion Monster
8252010,X-Saber Gottoms,Synchro Monster
8264361,"Dharc the Dark Charmer, Gloomy",Link Monster
8310162,Malefic Paradox Dragon,Synchro Monster
8327462,Skullbird,Fusion Monster
8387138,Number 27: Dreadnought Dreadnoid,XYZ Monster
8463720,D/D/D Dragonbane King Beowulf,Fusion Monster
8491308,Sky Striker Ace - Hayate,Link Monster
8491961,Lyrilusc - Recital Starling,XYZ Monster
8505920,Gate Guardians Combined,Fusion Monster
8540986,Veidos the Dragon of Endless Darkness,Fusion Monster
8561192,"Leo, the Keeper of the Sacred Tree",Synchro Monster
8602351,Reptilianne Echidna,Link Monster
8611007,Lavalval Dragun,Synchro Monster
8617563,Raidraptor - Brave Strix,XYZ Monster
8660395,"Ninaruru, the Magistus Glass Goddess",XYZ Monster
8690387,Earthbound Servant Geo Gremlin,Synchro Monster
8692301,Gem-Knight Zirconia,Fusion Monster
8728498,"Donner, Dagger Fur Hire",Link Monster
8763963,Beelzeus of the Diabolic Dragons,Synchro Monster
8802510,PSY-Framelord Lambda,Link Monster
8809344,Outer Entity Nyarla,XYZ Monster
8841431,Centur-Ion Primera Primus,Synchro Tuner Monster
8852158,Reeshaddoll Wendikurhu,Fusion Monster
8963089,Heosvarog the Mechanical Dawn,Fusion Monster
9012916,Black-Winged Dragon,Synchro Monster
9024198,D/D/D Abyss King Gilgamesh,Link Monster
9053187,Gagagigo the Risen,XYZ Monster
9061682,Fabled Andwraith,Synchro Monster
9161357,Number 6: Chronomaly Atlandis,XYZ Monster
9205573,Evil★Twin Ki-sikil,Link Monster
9272381,Stellarknight Constellar Diamond,XYZ Monster
9293977,Metal Dragon,Fusion Monster
9348522,Cloudcastle,Synchro Monster
9349094,"Sacred Tree Beast, Hyperyton",XYZ Monster
9453320,"Abysstrite, the Atlantean Spirit",XYZ Monster
9464441,Adamancipator Risen - Dragite,Synchro Monster
9486959,Onibimaru Soul Sweeper,XYZ Monster
9551692,Master of Ham,Fusion Monster
9567495,Dragon Gate,XYZ Monster
9603252,Witchcrafter Vice-Madame,Fusion Monster
9608555,Salamangreat Blaze Dragon,XYZ Monster
9617996,Crusadia Regulex,Link Monster
9634146,Signal Warrior,Synchro Monster
9653271,Kaminari Attack,Fusion Monster
9709452,"Gaia Blaze, the Force of the Sun",Synchro Monster
9753964,Hot Red Dragon Archfiend Abyss,Synchro Monster
9763474,Haggard Lizardose,Link Monster
9785661,Azamina Sol Erysichthon,Fusion Monster
9839115,Vagnawa the Moon-Eating Dragon,Synchro Monster
9839945,"Lyna the Light Charmer, Lustrous",Link Monster
9888196,Ally of Justice Decisive Armor,Synchro Monster
9910360,D.3.S. Frog,Fusion Monster
9940036,Mereologic Aggregator,XYZ Monster
10000030,Magi Magi ☆ Magician Gal,XYZ Monster
10002346,Gachi Gachi Gantetsu,XYZ Monster
10019086,Tri-Brigade Arms Bucephalus II,Link Monster
10040267,Fossil Machine Skull Buggy,Fusion Monster
10136446,Darklord Eveningstar,Fusion Monster
10140443,Salamangreat Burst Gryphon,Synchro Monster
10248389,Cyber Blader,Fusion Monster
10300821,Number C79: Battlin' Boxer General Kaiser,XYZ Monster
10365322,Ignition Beast Volcannon,Fusion Monster
10383554,Frightfur Leo,Fusion Monster
10389142,Number 42: Galaxy Tomahawk,XYZ Monster
10406322,"Alsei, the Sylvan High Protector",XYZ Monster
10443957,Cyber Dragon Infinity,XYZ Monster
10515412,Lightstorm Dragon,Synchro Monster
10526791,Elemental HERO Wildedge,Fusion Monster
10547580,Ancient Gear Ballista,Link Monster
10552026,Gouki Heel Ogre,Link Monster
10602628,Blackwing - Boreastorm the Wicked Wind,Synchro Tuner Monster
10613952,Sacred Noble Knight of King Artorigus,XYZ Monster
10666000,Number 1: Infection Buzzking,XYZ Monster
10669138,Five-Headed Link Dragon,Link Monster
10678778,Aegaion the Sea Castrum,XYZ Monster
10732060,Hi-Speedroid Glider #2,Synchro Tuner Monster
10755984,Daigusto Eguls,Synchro Monster
10796448,Ace★Spades Speculation,Fusion Monster
10817524,First of the Dragons,Fusion Monster
10920352,Masked HERO Vapor,Fusion Monster
10960419,Time Magic Hammer,Fusion Monster
11039171,Frightfur Wolf,Fusion Monster
11132674,"Gigantic ""Champion"" Sargas",XYZ Monster
11270236,Invoked Elysium,Fusion Monster
11321089,Guardian Chimera,Fusion Monster
11398059,King of the Feral Imps,XYZ Monster
11411223,Number 10: Illumiknight,XYZ Monster
11441009,P.U.N.K. JAM FEVER!,XYZ Monster
11443677,Blue-Eyes Tyrant Dragon,Fusion Monster
11464648,Fiendsmith's Rextremende,Fusion Monster
11502550,Elemental HERO Air Neos,Fusion Monster
11510448,Zoodiac Tigermortar,XYZ Monster
11516241,Gouki The Powerload Ogre,Link Monster
11522979,Number C69: Heraldry Crest of Horror,XYZ Monster
11646785,Super Quantal Mech Beast Aeroboros,XYZ Monster
11674673,Cyberse Witch,Link Monster
11738489,The Arrival Cyberse @Ignister,Link Monster
11765832,"Garura, Wings of Resonant Life",Fusion Monster
11790356,Buster Dragon,Synchro Monster
11825276,Meizen the Battle Ninja,Fusion Monster
11852093,D/D/D Alfred the Divine Sage King,Fusion Monster
11901678,Black Skull Dragon,Fusion Monster
11969228,Dragunity Knight - Romulus,Link Monster
12014404,Gagaga Cowboy,XYZ Monster
12015000,Fossil Dragon Skullgar,Fusion Monster
12018201,Lavalval Exlord,Synchro Monster
12023931,Booster Dragon,Link Monster
12067160,Gorgon of Zilofthonia,Link Monster
12081875,Thunder Dragon Thunderstormech,Link Monster
12172567,Mind Castlin,Synchro Monster
12219047,The Phantom Knights of Cursed Javelin,XYZ Monster
12307878,Invoked Purgatrio,Fusion Monster
12381100,Dragon Master Magia,Fusion Monster
12421694,Sky Striker Ace - Kaina,Link Monster
12450071,Proxy F Magician,Link Monster
12496261,Dragunity Knight - Luin,Synchro Tuner Monster
12501230,Combat Wheel,Synchro Monster
12533811,Baby Tiragon,XYZ Monster
12615446,Digital Bug Scaradiator,XYZ Monster
12632096,Neo Galaxy-Eyes Cipher Dragon,XYZ Monster
12652643,Ultimate Ancient Gear Golem,Fusion Monster
12678870,Ritual Beast Ulti-Pettlephin,Fusion Monster
12686296,Arcana Force EX - The Chaos Ruler,Fusion Monster
12744567,Number C101: Silent Honor DARK,XYZ Monster
12890860,Denial Deity Dotan,Fusion Monster
12948099,Old Entity Cthugua,Synchro Monster
12954226,Circle of the Fairies,Synchro Monster
12986807,Laval the Greater,Synchro Monster
13023431,"Chevreuil, Hunting Scout of the Deep Forest",Fusion Monster
13030280,CXyz Comics Hero Legend Arthur,XYZ Monster
13076804,Chaos Archfiend,Synchro Monster
13108445,Gem-Knight Aquamarine,Fusion Monster
13117073,Barricadeborg Blocker,Link Monster
13143275,Guardragon Pisty,Link Monster
13183454,Ice Princess Zereort,XYZ Monster
13203964,Perfectron Hydradrive Dragon,Link Monster
13243124,Favorite HERO Flame Wingman,Fusion Monster
13289758,"Gaia Stream, the Graceful Force",XYZ Monster
13293158,Evil HERO Wild Cyclone,Fusion Monster
13298352,Yaguramaru the Armor Ninja,Fusion Monster
13331639,Supreme King Z-ARC,Pendulum Effect Fusion Monster
13452889,Vector Scare Archfiend,Link Monster
13455674,Crystron Quariongandrax,Synchro Monster
13529466,Invoked Caliga,Fusion Monster
13536606,V-LAN Hydra,Link Monster
13574687,Turbo Cannon,Synchro Monster
13708888,Evil HERO Neos Lord,Fusion Monster
13722870,Dark Flare Knight,Fusion Monster
13735899,Mysterion the Dragon Crown,Fusion Monster
13756293,King Dragun,Fusion Monster
13803864,Mokey Mokey King,Fusion Monster
13857930,Neo-Spacian Twinkle Moss,Fusion Monster
13995824,Voltic Bicorn,Synchro Monster
14017402,Dragon Knight Draco-Equiste,Fusion Monster
14152862,Norito the Moral Leader,XYZ Monster
14225239,Elemental HERO Mariner,Fusion Monster
14301396,Heroic Champion - Magnum Excalibur,XYZ Monster
14306092,Shark Caesar,XYZ Monster
14307929,"Diabell, Queen of the White Forest",Synchro Monster
14365823,Trickstar Divaridis,Link Monster
14529511,Mementomictlan Tecuhtlica - Creation King,Fusion Monster
14577226,Windwitch - Winter Bell,Synchro Monster
14812471,Salamangreat Balelynx,Link Monster
14970113,Zoodiac Hammerkong,XYZ Monster
15028680,HTS Psyhemuth,Synchro Monster
15092394,Raidraptor - Stranger Falcon,XYZ Monster
15123983,THE Star Ham,Synchro Monster
15232745,Number 1: Numeron Gate Ekam,XYZ Monster
15237615,Empress Judge,Fusion Monster
15240238,Mist Bird Clausolas,Synchro Monster
15248594,Geomathmech Magma,Synchro Tuner Monster
15291624,Thunder Dragon Colossus,Fusion Monster
15561463,Gauntlet Launcher,XYZ Monster
15627227,Overburst Dragon,Link Monster
15661378,"Trishula, the Dragon of Icy Imprisonment",Fusion Monster
15665977,Kewl Tune RS,Synchro Tuner Monster
15778492,Gaming Gamer GG,XYZ Monster
15844566,Powercode Talker,Link Monster
15862758,Number iC1000: Numerounius Numerounia,XYZ Monster
15914410,Mechquipped Angineer,XYZ Monster
15939229,D/D/D Duo-Dawn King Kali Yuga,XYZ Monster
15982593,Centur-Ion Legatia,Synchro Monster
15989522,Gaia the Magical Knight of Dragons,Fusion Monster
16006416,D/D/D Flame High King Genghis,Fusion Monster
16037007,Number 74: Master of Blades,XYZ Monster
16051717,Assault Blackwing - Raikiri the Rain Shower,Synchro Monster
16110708,Number S38: Titanic Galaxy,XYZ Monster
16114248,Pair Cycroid,Fusion Monster
16172067,Tyrant Red Dragon Archfiend,Synchro Monster
16195942,Dark Rebellion Xyz Dragon,XYZ Monster
16246535,Silent Psychic Magician,Synchro Tuner Monster
16259549,Number 49: Fortune Tune,XYZ Monster
16304628,Elemental HERO Gaia,Fusion Monster
16327715,Junk Warrior Extreme,Synchro Monster
16507828,Bracchio-raidus,Fusion Monster
16527176,Naturia Leodrake,Synchro Monster
16643334,Starliege Photon Blast Dragon,XYZ Monster
16691074,Odd-Eyes Absolute Dragon,XYZ Monster
16699558,Indigo-Eyes Silver Dragon,XYZ Monster
16926971,Firewall Saber Dragon,Synchro Monster
16955631,Giant Mimighoul,XYZ Monster
17016362,Performage Trapeze Magician,XYZ Monster
17032740,Elemental HERO Chaos Neos,Fusion Monster
17217034,Combined Maneuver - Engage Zero!,Link Monster
17377751,Blackwing - Gram the Shining Star,Synchro Monster
17382973,Prank-Kids Dodo-Doodle-Doo,Link Monster
17412721,Elder Entity Norden,Fusion Monster
17548456,Jurrac Meteor,Synchro Monster
17739335,"Zerrziel, Ruler of the Evil Eyed",Link Monster
17745969,Super Vehicroid - Mobile Base,Fusion Monster
17749468,Azamina,Fusion Monster
17760003,Genex Ally Triarm,Synchro Monster
17775525,Superheavy Samurai Steam Train King,Synchro Monster
17856505,Pumpking the Great Ghost King,XYZ Monster
17881964,Darkfire Dragon,Fusion Monster
17994645,Assault Blackwing - Sayo the Rain Hider,Synchro Monster
18013090,Nitro Warrior,Synchro Monster
18239909,"Ignister Prominence, the Blasting Dracoslayer",Synchro Monster
18313046,Ukiyoe-P.U.N.K. Rising Carp,Fusion Monster
18326736,Tellarknight Ptolemaeus,XYZ Monster
18386170,"Dante, Pilgrim of the Burning Abyss",Fusion Monster
18511599,Evolzar Solda,XYZ Monster
18514525,Prank-Kids Rocket Ride,Fusion Monster
18666161,Despian Proskenion,Fusion Monster
18832779,Plunder Patrollship Lys,Fusion Monster
18843291,"Minerva, the Athenian Lightsworn",Synchro Monster
18897163,D/D/D Super Doom King Dark Armageddon,XYZ Pendulum Effect Monster
18963306,Galaxy-Eyes Cipher Dragon,XYZ Monster
18967507,Cyberdarkness Dragon,Fusion Monster
18969888,Sangenpai Transcendent Dragion,Synchro Monster
19048328,"Chaofeng, Phantom of the Yang Zing",Synchro Monster
19066538,Roaring Ocean Snake,Fusion Monster
19181420,Mementotlan Twin Dragon,Fusion Monster
19204398,Ally of Justice Light Gazer,Synchro Monster
19222426,Elemental HERO Thunder Giant - Voltic Thunder,Fusion Monster
19261966,El Shaddoll Anoyatyllis,Fusion Monster
19324993,Xtra HERO Infernal Devicer,Link Monster
19333131,Number 12: Crimson Shadow Armor Ninja,XYZ Monster
19355597,Gem-Knight Lady Brilliant Diamond,Fusion Monster
19369609,Lyrilusc - Promenade Thrush,XYZ Monster
19652159,Light and Darkness Dragonlord,Fusion Monster
19684740,Fairy Knight Ingunar,XYZ Monster
19747827,Red-Eyes Black Dragon Sword,Fusion Monster
19891310,Geargiagear Gigant XG,XYZ Monster
19974580,Iron Chain Dragon,Synchro Monster
20145685,Xyz Armor Fortress,XYZ Monster
20248754,Plunder Patrollship Moerk,XYZ Monster
20265095,Brotherhood of the Fire Fist - Peacock,Link Monster
20343502,Madolche Teacher Glassouffle,XYZ Monster
20366274,El Shaddoll Construct,Fusion Monster
20374351,Laval Stennon,Synchro Monster
20515672,S-Force Nightchaser,Link Monster
20563387,Number C80: Requiem in Berserk,XYZ Monster
20665527,Amphibious Swarmship Amblowhale,Link Monster
20714553,"Endymion, the Crescent Magistus",Link Monster
20785975,Number C103: Ragnafinity,XYZ Monster
20934852,Marincess Aqua Argonaut,Link Monster
21044178,Abyss Dweller,XYZ Monster
21065189,Firewall eXceed Dragon,XYZ Monster
21113684,Supreme Arcanite Magician,Fusion Monster
21123811,Cosmic Blazar Dragon,Synchro Monster
21140872,Red-Eyes Slash Dragon,Fusion Monster
21175632,St. Joan,Fusion Monster
21187631,Altergeist Dragvirion,Synchro Monster
21200905,Aromaseraphy Jasmine,Link Monster
21223277,"Artorigus, King of the Noble Knights",XYZ Monster
21225115,Fossil Dragon Skullgios,Fusion Monster
21249921,Dragunity Knight - Vajrayana,Synchro Monster
21281085,Fabled Levilazebul,Synchro Monster
21293424,Gunkan Suship Shirauo-class Carrier,XYZ Monster
21313376,Number 14: Greedy Sarameya,XYZ Monster
21368273,Mannadium Trisukta,Synchro Tuner Monster
21435914,Dragocytos Corrupted Nethersoul Dragon,Synchro Monster
21501505,"Cairngorgon, Antiluminescent Knight",XYZ Monster
21516908,Hi-Speedroid Hagoita,Synchro Monster
21521304,Number 39: Utopia Beyond,XYZ Monster
21637210,Firewall Dragon Singularity,Link Monster
21848500,Maliss <Q> Hearts Crypter,Link Monster
21858819,Number XX: Utopic Dark Infinity,XYZ Monster
21861412,Flux Ochsenfeld,Fusion Monster
21887175,Mekk-Knight Crusadia Avramax,Link Monster
21903613,Sylvan Dancepione,Link Monster
21915012,Cupid Pitch,Synchro Tuner Monster
21947653,Evil HERO Lightning Golem,Fusion Monster
22061412,Elemental HERO The Shining,Fusion Monster
22070401,Starving Venemy Lethal Dose Dragon,Pendulum Effect Fusion Monster
22093873,Masked HERO Divine Wind,Fusion Monster
22110647,Mecha Phantom Beast Dracossack,XYZ Monster
22125101,Beyond the Pendulum,Link Monster
22160245,Evil HERO Inferno Wing,Fusion Monster
22390469,Gold Pride - Star Leon,Synchro Monster
22423493,Qliphort Genius,Link Monster
22510667,Gouki The Solid Ogre,Link Monster
22593417,Topologic Gumblar Dragon,Link Monster
22638495,"Dinoster Power, the Mighty Dracoslayer",Fusion Monster
22653490,Lightning Chidori,XYZ Monster
22723778,"Clorless, Chaos King of Dark World",Fusion Monster
22804644,Doom Virus Dragon,Fusion Monster
22850702,Chaos Angel,Synchro Monster
22858242,Zeman the Ape King,Synchro Monster
22862454,Proxy Dragon,Link Monster
22900219,Dinowrestler Chimera T Wrextle,Fusion Monster
22908820,Elemental HERO Sunrise,Fusion Monster
22953211,Bellcat Fighter,Link Monster
23085002,Number 68: Sanaphond the Sky Prison,XYZ Monster
23187256,Number 93: Utopia Kaiser,XYZ Monster
23204029,Contrast HERO Chaos,Fusion Monster
23232295,Battlin' Boxer Lead Yoke,XYZ Monster
23338098,Assault Blackwing - Chidori the Rain Sprinkling,Synchro Monster
23361526,Hi-Speedroid Cork Shooter,Synchro Tuner Monster
23454876,CXyz Dark Fairy Cheer Girl,XYZ Monster
23530726,Surgical Striker - S.P.E.C.T.R.A.,Link Monster
23545031,Mermail Abyssalacia,Link Monster
23603403,Raidraptor - Satellite Cannon Falcon,XYZ Monster
23649496,Number 18: Heraldry Patriarch,XYZ Monster
23656668,Gravity Controller,Link Monster
23672629,Valiant Shark Lancer,XYZ Monster
23689428,Infinitrack Goliath,Link Monster
23693634,Colossal Fighter,Synchro Monster
23732205,Dillingerous Dragon,Link Monster
23776077,Hazy Flame Basiltrice,XYZ Monster
23790299,Altergeist Memorygant,Link Monster
23804920,Divine Scorpion Beast of Serket,Fusion Monster
23848752,Heroic Champion - Jarngreipr,XYZ Monster
23874409,"Karakuri Shogun mdl 00 ""Burei""",Synchro Monster
23935886,Draco Masters of the Tenyi,Link Monster
23965033,Amazoness Augusta,Fusion Monster
23971061,Doublebyte Dragon,Link Monster
23995346,Blue-Eyes Ultimate Dragon,Fusion Monster
23998625,Number 53: Heart-eartH,XYZ Monster
24070330,Symphonic Warrior Rockks,Synchro Pendulum Effect Monster
24094258,Heavymetalfoes Electrumite,Link Monster
24151924,G Golem Invalid Dolmen,Link Monster
24221808,Overmind Archfiend,Synchro Monster
24232799,Storagepod,Fusion Monster
24269961,Unchained Soul Lord of Yama,Link Monster
24361622,Hieratic Seal of the Heavenly Spheres,Link Monster
24434049,Epurrely Plump,XYZ Monster
24484270,Gem-Knight Phantom Quartz,Link Monster
24487411,Detonate Deleter,Link Monster
24550676,Lunalight Leo Dancer,Fusion Monster
24634594,Diabolantis the Menacing Mantis,Synchro Monster
24672164,Bloom Prima the Melodious Choir,Fusion Monster
24696097,Shooting Star Dragon,Synchro Monster
24701066,Infinitrack River Stormer,XYZ Monster
24799107,Dragonmaid Sheou,Fusion Monster
24842059,Linguriboh,Link Monster
24882256,Fire Phoenix @Ignister,Link Monster
24915933,Granguignol the Dusk Dragon,Fusion Monster
24943456,T.G. Power Gladiator,Synchro Monster
25072579,Prototype Sky Striker Ace - Amatsu,Link Monster
25119460,YZ-Tank Dragon,Fusion Monster
25132288,Light End Dragon,Synchro Monster
25165047,Life Stream Dragon,Synchro Tuner Monster
25200959,Cyberse Integrator,Synchro Monster
25341652,Maestroke the Symphony Djinn,XYZ Monster
25342956,Gem-Knight Master Diamond Dispersion,Fusion Monster
25366484,Elemental HERO Shining Flare Wingman,Fusion Monster
25373678,Vortex the Whirlwind,Synchro Monster
25472513,Celestial Double Star Shaman,Synchro Tuner Monster
25577965,Flametongue the Burning Blade,Link Monster
25586143,Predaplant Chimerafflesia,Fusion Monster
25655502,Bickuribox,Fusion Monster
25682811,Dragunity Knight - Barcha,Synchro Monster
25725326,Prank-Kids Meow-Meow-Mu,Link Monster
25793414,Windwitch - Crystal Bell,Fusion Monster
25853045,Full Armored Black Ray Lancer,XYZ Monster
25862681,Ancient Fairy Dragon,Synchro Monster
25904894,"Karakuri Super Shogun mdl 00N ""Bureibu""",Synchro Monster
25919316,Pitknight Filly,Link Monster
25958491,Ancient Sacred Wyvern,Synchro Monster
26050548,Extox Hydra,Fusion Monster
26096328,Superdreadnought Rail Cannon Juggernaut Liebe,XYZ Monster
26211048,Inzektor Exa-Stag,XYZ Monster
26268488,Stardust Sifr Divine Dragon,Synchro Monster
26273196,Time Wizard of Tomorrow,Fusion Monster
26304459,Ancient Flamvell Deity,Synchro Monster
26326541,Shiranui Swordsaga,Synchro Monster
26329679,Constellar Omega,XYZ Monster
26435595,Patissciel Couverture,Pendulum Effect Fusion Monster
26443791,Battlewasp - Ballista the Armageddon,Synchro Monster
26462013,Primite Dragon Nether Berzelius,Fusion Monster
26556950,Number 84: Pain Gainer,XYZ Monster
26563200,Muzurhythm the String Djinn,XYZ Monster
26593852,Ally of Justice Catastor,Synchro Monster
26692769,The Phantom Knights of Rusty Bardiche,Link Monster
26847978,Tri-Brigade Ferrijit the Barren Blossom,Link Monster
26949946,Mecha Phantom Beast Jaculuslan,Synchro Monster
26973555,Number F0: Utopic Draco Future,XYZ Monster
26988374,Magikey Deity - Ashtartu,XYZ Monster
27069566,Virtual World Phoenix - Fanfan,XYZ Monster
27096833,Borreload Liberator Dragon,Link Monster
27118421,Starving Venom Fusion Dragon of the Four Heavenly Dragons,Fusion Monster
27134689,Master of Oz,Fusion Monster
27184601,Artmage Diactorus,Fusion Monster
27240101,Kikinagashi Fucho,XYZ Monster
27315304,Mist Wurm,Synchro Monster
27337596,Hieratic Dragon King of Atum,XYZ Monster
27346636,Gladiator Beast Heraklinos,Fusion Monster
27381364,Spright Elf,Link Monster
27420823,"K9-17 ""Ripper""",XYZ Monster
27519978,Charmer Quartet in Bloom,Link Monster
27548199,Borreload Savage Dragon,Synchro Monster
27552504,"Beatrice, Lady of the Eternal",XYZ Monster
27565379,Battlewasp - Azusa the Ghost Bow,Synchro Tuner Monster
27572350,Bystial Dis Pater,Synchro Monster
27632520,Fairy Tail - Wiccat,XYZ Monster
27693363,Ursarctic Polari,Synchro Monster
27873305,D/D/D Wave Oblivion King Caesar Ragnarok,Fusion Monster
28016193,Metalfoes Orichalc,Fusion Monster
28143384,Aerial Eater,Fusion Monster
28150174,Photon Papilloperative,XYZ Monster
28168628,Rock of the Vanquisher,Link Monster
28168762,Sunvine Gardna,Link Monster
28226490,Tearlaments Kaleido-Heart,Fusion Monster
28240337,Red-Eyes Zombie Necro Dragon,Synchro Monster
28290705,Fairy King Albverdich,XYZ Monster
28331069,Neo Galaxy-Eyes Photon Dragon - Photon Howling,XYZ Monster
28346136,Galaxy-Eyes Cipher X Dragon,XYZ Monster
28373620,Geri the Runick Fangs,Fusion Monster
28400508,Number 97: Draglubion,XYZ Monster
28403802,P.U.N.K. JAM Dragon Drive,Synchro Monster
28497830,Gold Pride - Pin Baller,Fusion Monster
28593363,Deepsea Shark,Fusion Monster
28677304,Elemental HERO Dark Neos,Fusion Monster
28776350,Akashic Magician,Link Monster
28781003,Raider's Knight,XYZ Monster
28798938,Dual Avatar - Manifested A-Un,Fusion Monster
28912357,Gear Gigant X,XYZ Monster
28981598,Nine-Lives Cat,XYZ Monster
29053656,Crimson Dragon Quetzalcoatl,Synchro Monster
29071332,Armory Arm,Synchro Monster
29085954,Number 78: Number Archive,XYZ Monster
29095552,Masked HERO Acid,Fusion Monster
29143726,"Samsara, Dragon of Rebirth",Synchro Monster
29208536,Number 45: Crumble Logos the Prophet of Demolition,XYZ Monster
29296344,Quadborrel Dragon,Link Monster
29301450,S:P Little Knight,Link Monster
29325276,Odd-Eyes Solblaze Dragon,Synchro Tuner Monster
29343734,Elemental HERO Electrum,Fusion Monster
29357687,"Gorgon, Empress of the Evil Eyed",Link Monster
29357956,Gladiator Beast Nerokius,Fusion Monster
29423048,Infernal Flame Banshee,XYZ Monster
29455728,Twin Photon Lizard,Fusion Monster
29479265,Unchained Abomination,Link Monster
29510428,Imperial Princess Quinquery,XYZ Monster
29515122,"Digvorzhak, King of Heavy Industry",XYZ Monster
29552709,Daigusto Sphreez,Synchro Monster
29669359,Number 61: Volcasaurus,XYZ Monster
29765339,Watthydra,Synchro Monster
29929832,Marine Beast,Fusion Monster
29981921,Legendary Six Samurai - Shi En,Synchro Monster
30010480,Gouki Thunder Ogre,Link Monster
30064423,Topologic Blaster Dragon,Link Monster
30086349,Meteor Black Comet Dragon,Fusion Monster
30095833,Odd-Eyes Rebellion Xyz Dragon,XYZ Pendulum Effect Monster
30100551,"Minerva, the Exalted Lightsworn",XYZ Monster
30118200,Appliancer Vacculephant,Link Monster
30128445,Transcendosaurus Drillygnathus,XYZ Monster
30138615,Nightmare-Eyes Restrict,Fusion Monster
30163008,"Ra'ten, the Heavenly General",Link Monster
30194529,Ningirsu the World Chalice Warrior,Link Monster
30275298,"Cyber End Dragon, the Final Strike Dragon",Fusion Monster
30286474,Gouki The Master Ogre,Link Monster
30342076,Link Decoder,Link Monster
30350202,"Eclipse, Dragon Ruler of Catastrophes",XYZ Monster
30439101,Melffy of the Forest,XYZ Monster
30581601,Yummy★Snatchy,Link Monster
30604579,"Thor, Lord of the Aesir",Synchro Monster
30607616,"Oboro-Guruma, the Wheeled Mayakashi",Synchro Monster
30674956,"Wynn the Wind Charmer, Verdant",Link Monster
30691817,Marincess Sea Angel,Link Monster
30698243,Red Hypernova Dragon,Synchro Monster
30741334,Coach King Giantrainer,XYZ Monster
30741503,"Galatea, the Orcust Automaton",Link Monster
30757127,Destiny HERO - Dangerous,Fusion Monster
30757396,Blood Mefist,Synchro Monster
30822527,Decode Talker Extended,Link Monster
30864377,Gladiator Beast Tamer Editor,Fusion Monster
30983281,Accel Synchro Stardust Dragon,Synchro Monster
30989084,Aromalilith Rosemary,Link Monster
30998403,D/D/D Sky King Zeus Ragnarok,Link Monster
31010081,DoomZ Break - Diactorus,XYZ Monster
31086840,Number 69: Heraldry Crest - Shatter Stream,XYZ Monster
31111109,Elemental HERO Divine Neos,Fusion Monster
31114334,Assault Blackwing - Kusanagi the Gathering Storm,Synchro Monster
31123642,ZS - Utopic Sage,XYZ Monster
31226177,Imduk the World Chalice Dragon,Link Monster
31286915,"K9-X ""Ripper/M""",XYZ Monster
31313405,Salamangreat Pyro Phoenix,Link Monster
31320433,Number 47: Nightmare Shark,XYZ Monster
31339260,Zombie Warrior,Fusion Monster
31385077,Chaos Goddess,Synchro Monster
31386180,"Tiras, Keeper of Genesis",XYZ Monster
31411835,Hecahands Dandalos,Fusion Monster
31437713,Number 82: Heartlandraco,XYZ Monster
31533473,Clown Crew Diabolo,Fusion Monster
31539614,Antidote Nurse,XYZ Monster
31563350,Zubaba General,XYZ Monster
31603289,Cupsy★Yummy Way,Synchro Tuner Monster
31632536,Laval Dual Slasher,Synchro Monster
31801517,Number 62: Galaxy-Eyes Prime Photon Dragon,XYZ Monster
31817415,Armed Neos,Fusion Monster
31833038,Borreload Dragon,Link Monster
31897444,Defender of the Labyrinth,Link Monster
31919988,Dark Diviner,Synchro Monster
31924889,Arcanite Magician,Synchro Monster
32003338,Number 34: Terror-Byte,XYZ Monster
32138660,Reptilianne Melusine,Synchro Monster
32216688,R.B. The Brute Blues,Link Monster
32224143,Ghostrick Socuteboss,XYZ Monster
32232538,D/D/D Wise King Solomon,XYZ Monster
32289031,Tellarknight Constellar Delteros,XYZ Monster
32302078,Dhampir Vampire Sheridan,XYZ Monster
32355828,Skelgon,Fusion Monster
32446630,Number C43: High Manipulator of Chaos,XYZ Monster
32448765,Trickstar Holly Angel,Link Monster
32453837,Number 2: Ninja Shadow Mosquito,XYZ Monster
32467459,El Shaddoll Meshahrail,Fusion Monster
32480825,T.G. Mighty Striker,Synchro Tuner Monster
32485271,Rose Spectre of Dunn,Fusion Monster
32519092,Monk of the Tenyi,Link Monster
32530043,Gallant Granite,XYZ Monster
32559361,Number C9: Chaos Dyson Sphere,XYZ Monster
32615065,Shura the Combat Star,Fusion Monster
32617464,Tri-Gate Wizard,Link Monster
32646477,Dark Strike Fighter,Synchro Monster
32751480,Mystical Sand,Fusion Monster
32752319,UFOroid Fighter,Fusion Monster
32775808,Archfiend's Manifestation,Fusion Monster
32828466,Wake Up Your Elemental HERO,Fusion Monster
32986898,Steel Star Regulator,Link Monster
32991300,Fiendsmith's Agnumday,Link Monster
32995007,"Celestial Wolf Lord, Blue Sirius",Synchro Monster
32995276,Link Disciple,Link Monster
33026283,Dual Avatar - Empowered Kon-Gyo,Fusion Monster
33113958,LeVirtue Dragon,XYZ Monster
33129626,Centaur Mina,Fusion Monster
33158448,F.A. Dawn Dragster,Synchro Monster
33171768,Axon Kicker Oracle,Fusion Monster
33198837,Naturia Beast,Synchro Monster
33202303,Earthbound Servant Geo Gremlina,Fusion Monster
33206889,Performage Trapeze Witch,Fusion Monster
33236860,Blackwing - Silverwind the Ascendant,Synchro Monster
33250142,Ultimate Flagship Ursatron,Fusion Monster
33413279,Explosive Magician,Synchro Monster
33467872,Deep Sea Repetiteur,Synchro Tuner Monster
33541430,Flower Cardian Moonflowerviewing,Synchro Tuner Monster
33574806,Elemental HERO Escuridao,Fusion Monster
33652635,Gladiator Beast Domitianus,Fusion Monster
33691040,Pragtical,Fusion Monster
33698022,Black Rose Moonlight Dragon,Synchro Monster
33760966,Dracotail Arthalion,Fusion Monster
33776843,Number C15: Gimmick Puppet Giant Hunter,XYZ Monster
33779875,Teardrop the Rikka Queen,XYZ Monster
33781156,Tri-Brigade Arms Mouser,Link Monster
33897356,Shootingcode Talker,Link Monster
33909817,Sylvan Princessprite,XYZ Monster
33918636,Superheavy Samurai Scarecrow,Link Monster
33955120,Rage Rose Witch,Synchro Monster
33964637,Secret Six Samurai - Rihan,Fusion Monster
33972299,Geo Genex,Synchro Monster
34001672,Goblin Biker Big Gabonga,XYZ Monster
34031284,Ojama Emperor,Link Monster
34086406,Lavalval Chain,XYZ Monster
34109611,Daigusto Falcos,Synchro Monster
34116027,Dragunity Knight - Gae Dearg,Synchro Monster
34149150,Horned Brute Carnovorus,Synchro Tuner Monster
34235530,Legendary Lord Six Samurai - Shi En,Synchro Monster
34408491,Beelze of the Diabolic Dragons,Synchro Monster
34446231,Infernoid Flood,Link Monster
34472920,Honeybot,Link Monster
34481518,Grenosaurus Giga-Cannon,XYZ Monster
34528176,Dragunity Knight - Areus,Synchro Monster
34755994,"Artemis, the Magistus Moon Maiden",Link Monster
34848821,Brigrand the Glory Dragon,Fusion Monster
34876719,N.As.H. Knight,XYZ Monster
34904525,Gate Guardian of Thunder and Wind,Fusion Monster
34909328,Ryzeal Detonator,XYZ Monster
34945480,Outer Entity Azathot,XYZ Monster
34974462,Bloom Harmonist the Melodious Composer,Link Monster
34989413,Reprodocus,Link Monster
35035985,Embers of the Ashened,Fusion Monster
35057188,Battlewasp - Grand Partisan the Revolution,Synchro Monster
35103106,Evolzar Lars,XYZ Monster
35187185,"Oneiros, the Dream Mirror Erlking",Fusion Monster
35252119,Virtual World Beast - Jiujiu,Synchro Monster
35306215,Condemned Darklord,Link Monster
35334193,S-Force Justify,Link Monster
35606858,Masterking Archfiend,Link Monster
35752363,Vermillion Sparrow,Fusion Monster
35772782,Number 67: Pair-a-Dice Smasher,XYZ Monster
35809262,Elemental HERO Flame Wingman,Fusion Monster
35834119,Fish Lamp,Synchro Tuner Monster
35871958,Ghostrick Festival,Link Monster
35877582,"Aiwass, the Magistus Spell Spirit",Fusion Monster
35952884,Shooting Quasar Dragon,Synchro Monster
36076683,Number 73: Abyss Splash,XYZ Monster
36114945,"Yuki-Onna, the Icicle Mayakashi",Link Monster
36256625,Super Vehicroid Jumbo Drill,Fusion Monster
36319131,Fighting Flame Dragon,Fusion Monster
36320744,"Angelica, Princess of Noble Arms",Synchro Monster
36346532,Paleozoic Cambroraster,Link Monster
36407615,Chaos King Archfiend,Synchro Monster
36429703,Raidraptor - Wise Strix,Link Monster
36556781,Dragunity Knight - Gormfaobhar,Synchro Monster
36608728,Saiba the Fighting Swordsmith,Synchro Monster
36609518,Evil★Twin Lil-la,Link Monster
36757171,Evilswarm Bahamut,XYZ Monster
36768783,"Armillyre, the Starleader Dragon",Link Monster
36776089,Sky Cavalry Centaurea,XYZ Monster
36841733,Elemental HERO Grandmerge,Fusion Monster
36857073,Hot Red Dragon Archfiend Bane,Synchro Monster
36898537,Metaphys Horus,Synchro Monster
36953371,Superheavy Samurai Ogre Shutendoji,Synchro Monster
37038993,"Puralis, the Purple Pyrotile",Synchro Tuner Monster
37057012,Cyber Ogre 2,Fusion Monster
37057743,Brotherhood of the Fire Fist - Lion Emperor,XYZ Monster
37129797,Vampire Sucker,Link Monster
37164373,Madolche Queen Tiaramisu,XYZ Monster
37192109,PSY-Framelord Zeta,Synchro Monster
37260677,"Zoroa, the Magistus Verethragna",Fusion Monster
37260946,Morphtronic Earfon,Synchro Monster
37261776,Salamangreat Violet Chimera,Fusion Monster
37279508,Number 37: Hope Woven Dragon Spider Shark,XYZ Monster
37337327,Junk Connector,Link Monster
37354507,Ninja Grandmaster Saizo,Link Monster
37414347,F.A. Shining Star GT,Link Monster
37421579,Charubin the Fire Knight,Fusion Monster
37440988,Rainbow Overdragon,Fusion Monster
37442336,Cosmic Quasar Dragon,Synchro Monster
37458564,Cyberse Contract Witch,Link Monster
37474917,Catapult Warrior,Synchro Monster
37491810,Parametalfoes Azortless,Pendulum Effect Fusion Monster
37542782,Cyberdark End Dragon,Fusion Monster
37649320,Paleozoic Opabinia,XYZ Monster
37663536,Ancient Gear Megaton Golem,Fusion Monster
37675907,Accel Synchron,Synchro Tuner Monster
37678339,"Oneiros, the Dream Mirror Tormentor",Fusion Monster
37683441,Trickstar Noble Angel,Link Monster
37706769,The Executor of the Underworld - Pluto,Synchro Tuner Monster
37818794,Red-Eyes Dark Dragoon,Fusion Monster
37880706,Duelittle Chimera,Link Monster
37910722,Ascension Sky Dragon,Synchro Monster
37926346,Steelswarm Roach,XYZ Monster
37972500,GranSolfachord Musecia,Link Monster
37993923,Junk Gardna,Synchro Monster
38026562,Vola-Chemicritter Methydraco,XYZ Monster
38030232,Tenyi Spirit - Sahasrara,Link Monster
38148100,Aromaseraphy Rosemary,Synchro Monster
38180759,Unformed Void,XYZ Monster
38192988,Red-Eyes Zombie Dragon Lord,Synchro Monster
38229962,Giant Beetrooper Invincible Atlas,Link Monster
38250531,Crimson Knight Vampire Bram,XYZ Monster
38264974,Chimera the Illusion Beast,Fusion Monster
38273745,Evilswarm Ouroboros,XYZ Monster
38342335,Knightmare Unicorn,Link Monster
38354018,Superdreadnought Rail Cannon Flying Launcher,XYZ Monster
38354937,Locomotion R-Genex,Synchro Monster
38406364,Some Summer Summoner,Link Monster
38423248,Invoked Magistus Omega,Fusion Monster
38495396,Constellar Ptolemy M7,XYZ Monster
38502358,Mekk-Knight Spectrum Supreme,Link Monster
38694052,"Voloferniges, the Darkest Dragon Doomrider",XYZ Monster
38745241,Madolche Mini Meowcaroons,Link Monster
38811586,Albion the Sanctifire Dragon,Fusion Monster
38904695,Infernity Doom Archfiend,Synchro Monster
39030163,Galaxy-Eyes Full Armor Photon Dragon,XYZ Monster
39064822,Knightmare Goblin,Link Monster
39138610,Allied Code Talker @Ignister,Link Monster
39139935,Number 33: Chronomaly Machu Mech,XYZ Monster
39272762,Neo Galaxy-Eyes Photon Dragon,XYZ Monster
39317553,Drill Driver Vespenato,XYZ Monster
39341885,"Radiant Typhoon Varuroon, the Marine Eidolon",Link Monster
39402797,Trident Dragion,Synchro Monster
39475024,"Gashadokuro, the Skeletal Mayakashi",Synchro Monster
39477584,Fabled Leviathan,Synchro Monster
39512984,Gem-Knight Master Diamond,Fusion Monster
39528955,Crusadia Spatha,Link Monster
39552584,"Grapha, Dragon Overlord of Dark World",Fusion Monster
39576656,Kewl Tune Crackle,Synchro Tuner Monster
39622156,Number 26: Spaceway Octobypass,XYZ Monster
39752820,Lib the World Key Blademaster,Link Monster
39765958,Hot Red Dragon Archfiend,Synchro Monster
39767432,Sorcerer of Sebek,Link Monster
39823987,Sun Dragon Inti,Synchro Monster
39880350,Sunavalon Dryades,Link Monster
39915560,Starving Venom Predapower Fusion Dragon,Fusion Monster
39943352,Daidaratant the Ooze Giant,XYZ Pendulum Effect Monster
39964797,Crystron Quandax,Synchro Tuner Monster
39972129,Number 64: Ronin Raccoon Sandayu,XYZ Monster
39987164,Vylon Disigma,XYZ Monster
39998992,X-Krawler Synaphysis,Link Monster
40080312,Elemental HERO Nebula Neos,Fusion Monster
40101111,Ultimate Axon Kicker,Fusion Monster
40139997,Ruddy Rose Dragon,Synchro Monster
40173854,Amphibious Bugroth,Fusion Monster
40216089,Platinum Gadget,Link Monster
40251688,Infernoble Knight Captain Roland,Synchro Tuner Monster
40390147,Starliege Lord Galaxion,XYZ Monster
40391316,Ojama Knight,Fusion Monster
40418351,Cyberdark Dragon,Fusion Monster
40424929,Battlecruiser Dianthus,XYZ Monster
40509732,Samurai Destroyer,Synchro Monster
40529384,Exploder Dragonwing,Synchro Monster
40636712,Frightfur Kraken,Fusion Monster
40669071,Excode Talker,Link Monster
40673853,"Vallon, the Super Psy Skyblaster",XYZ Monster
40680521,Mamonaka the Vaylantz United,Pendulum Effect Fusion Monster
40702028,DPH Gendamoore,Synchro Tuner Monster
40706444,Argostars - Adventurous Arion,XYZ Monster
40854197,Elemental HERO Absolute Zero,Fusion Monster
40908371,Azure-Eyes Silver Dragon,Synchro Monster
40939228,Shooting Majestic Star Dragon,Synchro Monster
41069676,Kewl Tune Loudness War,Synchro Tuner Monster
41147577,CXyz Simon the Great Moral Leader,XYZ Monster
41209827,Starving Venom Fusion Dragon,Fusion Monster
41232647,House Dragonmaid,Fusion Monster
41248270,Traffic Ghost,Link Monster
41302052,Trickstar Bella Madonna,Link Monster
41309158,CXyz Mechquipped Djinn Angeneral,XYZ Monster
41373230,Titaniklad the Ash Dragon,Fusion Monster
41375811,Zoodiac Chakanine,XYZ Monster
41436536,Elemental HERO Phoenix Enforcer,Fusion Monster
41462083,Thousand Dragon,Fusion Monster
41463181,Salamangreat Heatleo,Link Monster
41517789,Star Eater,Synchro Monster
41517968,Elemental HERO Darkbright,Fusion Monster
41522092,Number F0: Utopic Future Zexal,XYZ Monster
41524885,Exosister Asophiel,XYZ Monster
41544074,Kamionwizard,Fusion Monster
41578483,Millennium-Eyes Restrict,Fusion Monster
41659072,"Judgment, the Dragon of Heaven",Synchro Monster
41685633,Thunder Dragon Titan,Fusion Monster
41721210,Dark Magician the Dragon Knight,Fusion Monster
41739381,Clockwork Knight,Link Monster
41763141,Fata Dragna,Fusion Monster
41924516,"Silvera, Wolf Tamer of the White Forest",Synchro Tuner Monster
41999284,Linkuriboh,Link Monster
42021064,"Dogurad, the Stonetrooper",Link Monster
42097666,Spirit with Eyes of Blue,Link Monster
42110604,Hi-Speedroid Chanbara,Synchro Monster
42125140,Dracotail Shaulas,Fusion Monster
42160203,Supreme King Dragon Dark Rebellion,XYZ Monster
42166000,Egyptian God Slime,Fusion Monster
42209438,Legendary Lord Six Samurai - Kizan,Synchro Monster
42216237,Angel of Zera,Synchro Monster
42230449,Number 2: Numeron Gate Dve,XYZ Monster
42291297,Flower Cardian Lightshower,Synchro Monster
42302563,Elfnote Seraphim Strelitzia,Synchro Monster
42307760,Ragnaraika Stag Sovereign,Link Monster
42421606,Number 85: Crazy Box,XYZ Monster
42566602,Coral Dragon,Synchro Tuner Monster
42589641,Stellarknight Triverr,XYZ Monster
42632209,Geomathmech Final Sigma,Synchro Monster
42711820,Scrap Warrior,Synchro Monster
42717221,Cyberse Clock Dragon,Fusion Monster
42741437,Exosister Mikailis,XYZ Monster
42752141,Evolzar Dolkka,XYZ Monster
42781164,Kewl Tune Track Maker,Synchro Tuner Monster
42810973,Junk Archer,Synchro Monster
42940335,Mimighoul Throne,XYZ Monster
43047672,Raidraptor - Final Fortress Falcon,XYZ Monster
43129357,Ragnaraika Skeletal Soldier,Link Monster
43143567,Fallen Angel of the Golden Land,Fusion Monster
43202238,"Yazi, Evil of the Yang Zing",Synchro Monster
43228023,Blue-Eyes Alternative Ultimate Dragon,Fusion Monster
43321985,Ancient Fairy Life Dragon,Synchro Monster
43355214,The Undying Legion,XYZ Monster
43366227,Seven Swords Warrior,Synchro Monster
43378048,Armityle the Chaos Phantasm,Fusion Monster
43385557,Magical Android,Synchro Monster
43387895,Supreme King Dragon Starving Venom,Fusion Monster
43490025,Number F0: Utopic Future Slash,XYZ Monster
43735670,Marincess Blue Slug,Link Monster
43886072,Prank-Kids Bow-Wow-Bark,Link Monster
43892408,Dark Magician Girl the Dragon Knight,Fusion Monster
43925870,Windmill Genex,Synchro Monster
43932460,Naturia Landoise,Synchro Monster
44035031,Gravity Warrior,Synchro Monster
44094981,Earthbound Servant Geo Gryphon,Synchro Monster
44097050,Mecha Phantom Beast Auroradon,Link Monster
44146295,Mirrorjade the Iceblade Dragon,Fusion Monster
44155002,The Fabled Unicore,Synchro Monster
44241999,Goblin Biker Troika Griare,XYZ Monster
44311445,Madolche Puddingcess Chocolat-a-la-Mode,XYZ Monster
44373896,Destruction Dragon,Fusion Monster
44376395,ASHLAN U1000,Link Monster
44405066,Red-Eyes Flare Metal Dragon,XYZ Monster
44478599,Sunavalon Melias,Link Monster
44505297,Inzektor Exa-Beetle,XYZ Monster
44508094,Stardust Dragon,Synchro Monster
44509529,Prank-Kids Weather Washer,Fusion Monster
44698398,Divine Golden Shadow Dragon Dragluxion,XYZ Monster
44708154,Ukiyoe-P.U.N.K. Amazing Dragon,Synchro Monster
44852429,D/D/D Cursed King Siegfried,Synchro Monster
45002991,Crusadia Equimax,Link Monster
45014450,Odd-Eyes Venom Dragon,Pendulum Effect Fusion Monster
45037489,Chevalier de Fleur,Synchro Monster
45112597,Worldsea Dragon Zealantis,Link Monster
45170821,Vision HERO Adoration,Fusion Monster
45215453,Vylon Delta,Synchro Monster
45231177,Flame Swordsman,Fusion Monster
45298492,Scarred Warrior,Synchro Monster
45349196,Archfiend Black Skull Dragon,Fusion Monster
45379225,Psychic Lifetrancer,Synchro Monster
45409943,Luce the Dusk's Dark,Fusion Monster
45420955,"Groza, Tyrant of Thunder",Synchro Monster
45445571,The Duke of Demise,Fusion Monster
45462149,Code Talker Inverted,Link Monster
45464587,Gold Pride - Eradicator,Synchro Monster
45500495,Queen of Thorns,Synchro Monster
45533023,Raidraptor - Blaze Falcon,XYZ Monster
45627618,Odd-Eyes Rebellion Dragon,XYZ Pendulum Effect Monster
45655875,Magikey Beast - Ansyalabolas,Fusion Monster
45716579,Earthbound Servant Geo Kraken,Fusion Monster
45742626,Pilgrim Reaper,XYZ Monster
45815891,Scrap Archfiend,Synchro Monster
45819647,"Selene, Queen of the Master Magicians",Link Monster
45852939,Eclipse Twins,XYZ Monster
45935145,"Wollow, Founder of the Drudge Dragons",XYZ Monster
46014517,Goblin Bikers Gone Bonkers,XYZ Monster
46057733,Shamisen Samsara Sorrowcat,Synchro Tuner Monster
46132282,Powered Inzektron,Synchro Monster
46174776,Azamina Moa Regina,Fusion Monster
46186135,Enlightenment Dragon,Fusion Monster
46195773,Turbo Warrior,Synchro Monster
46241344,Brotherhood of the Fire Fist - Eagle,Link Monster
46354113,Rocket Hermos Cannon,Fusion Monster
46396218,Azamina Ilia Silvia,Fusion Monster
46593546,D/D/D Deviser King Deus Machinex,XYZ Pendulum Effect Monster
46640168,Fiendsmith's Lacrima,Fusion Monster
46696593,Crimson Sunbird,Fusion Monster
46724542,Cyber Dragon Sieger,Link Monster
46759931,Vision HERO Trinity,Fusion Monster
46772449,Evilswarm Exciton Knight,XYZ Monster
46804536,Battlin' Boxer King Dempsey,XYZ Monster
46815301,"Askaan, the Bicorned Ghoti",Synchro Monster
46871387,Number 55: Gogogo Goliath,XYZ Monster
46895036,Ghostrick Dullahan,XYZ Monster
46935289,Herald of Mirage Lights,Link Monster
46947713,Transcode Talker,Link Monster
46956301,White Aura Porpoise,Synchro Monster
47017574,Number C92: Heart-eartH Chaos Dragon,XYZ Monster
47060528,Sakra Vendirage,XYZ Monster
47132793,"Blaze, Supreme Ruler of all Dragons",XYZ Monster
47158777,Protector Whelp of the Destruction Swordsman,Link Monster
47163170,Tri-Brigade Bearbrumm the Rampant Rampager,Link Monster
47172959,Yubel - The Loving Defender Forever,Fusion Monster
47195442,Wonky Quartet,XYZ Monster
47219274,Freki the Runick Fangs,Fusion Monster
47247792,Conduction Warrior Plasma Magnum,Fusion Monster
47349116,Timestar Magician,XYZ Monster
47363932,Scrap Wyvern,Link Monster
47387961,Number 8: Heraldic King Genom-Heritage,XYZ Monster
47395382,Fabled Ragin,Synchro Monster
47404795,Abyss Actor - Super Producer,Link Monster
47421985,Hydro Genex,Synchro Monster
47506081,Grenosaurus,XYZ Monster
47579719,Constellar Hyades,XYZ Monster
47611119,Gem-Knight Lady Lapis Lazuli,Fusion Monster
47674738,Adamancipator Risen - Leonite,Synchro Monster
47710198,Swordsoul Sinister Sovereign - Qixing Longyuan,Synchro Monster
47736165,Crystron Eleskeletus,Synchro Monster
47737087,Elemental HERO Rampart Blaster,Fusion Monster
47759571,Pitknight Earlie,Link Monster
47805931,Number 20: Giga-Brilliant,XYZ Monster
47910940,Marincess Great Bubble Reef,Link Monster
47946130,Gouki The Giant Ogre,Link Monster
48009503,Heroic Champion - Gandiva,XYZ Monster
48016074,Charmers of the Grand Circle,Fusion Monster
48063985,Ritual Beast Ulti-Cannahawk,Fusion Monster
48068378,Link Devotee,Link Monster
48156348,Gladiator Beast Gyzarus,Fusion Monster
48183890,Traptrix Atypus,Link Monster
48285768,Springans Merrymaker,XYZ Monster
48348921,Number C62: Neo Galaxy-Eyes Prime Photon Dragon,XYZ Monster
48370501,Vylon Sigma,Synchro Monster
48424886,El Shaddoll Grysta,Fusion Monster
48589580,Celestial Knightlord Parshath,Link Monster
48608796,Lyrilusc - Assembled Nightingale,XYZ Monster
48626373,Kashtira Arise-Heart,XYZ Monster
48654267,Supreme King Z-ARC - Synchro Universe,Synchro Pendulum Effect Monster
48658295,Lady's Dragonmaid,Fusion Monster
48736598,Codebreaker Virus Berserker,Link Monster
48739166,Number 101: Silent Honor ARK,XYZ Monster
48791583,Invoked Magellanica,Fusion Monster
48815792,"Hiita the Fire Charmer, Ablaze",Link Monster
48832775,Dinomorphia Kentregina,Fusion Monster
48835607,"Galatea-I, the Orcust Automaton",Link Monster
48882106,Toxic Boxfish,Synchro Monster
48891960,Dragunity Knight - Ascalon,Synchro Monster
48905153,Zoodiac Drident,XYZ Monster
48928529,Number 83: Galaxy Queen,XYZ Monster
48958757,Gladiator Beast Claudius,Fusion Monster
48995978,Number 88: Gimmick Puppet of Leo,XYZ Monster
48996569,Elemental HERO Grand Neos,Fusion Monster
49032236,Number 81: Superdreadnought Rail Cannon Super Dora,XYZ Monster
49105782,"Hraesvelgr, the Desperate Doom Eagle",Link Monster
49121795,Heavy Armored Train Ironwolf,XYZ Monster
49161188,Gilti-Gearfried the Magical Steel Knight,Fusion Monster
49195710,Number C65: King Overfiend,XYZ Monster
49202162,Black Luster Soldier - Soldier of Chaos,Link Monster
49202331,CXyz Skypalace Babylon,XYZ Monster
49221191,Number C32: Shark Drake Veiss,XYZ Monster
49352945,Elemental HERO Storm Neos,Fusion Monster
49389523,Lightning Tricorn,Synchro Monster
49407319,Star Mine,Synchro Monster
49451215,Ukanomitsune-no-Onari,Link Monster
49456901,Number C104: Umbral Horror Masquerade,XYZ Monster
49513164,Invoked Raidjin,Fusion Monster
49565413,Chaos Beast,Synchro Monster
49597193,Gem-Knight Topaz,Fusion Monster
49678559,Number 102: Star Seraph Sentry,XYZ Monster
49689480,Madolche Queen Tiarafraise,XYZ Monster
49725936,Triple Burst Dragon,Link Monster
49816630,Gaiarmor Dragonshell,Synchro Monster
49820233,Performapal Gatlinghoul,Fusion Monster
49847524,Flame Administrator,Link Monster
49867899,Fiendsmith's Sequence,Link Monster
49868263,Ryu Senshi,Fusion Monster
50065971,Superheavy Samurai Stealth Ninja,Synchro Monster
50091196,Formula Synchron,Synchro Tuner Monster
50123605,Heavy Cavalry of the Indestructible Insects,Fusion Monster
50237654,The Dark Magicians,Fusion Monster
50260683,Number 36: Chronomaly Chateau Huyuk,XYZ Monster
50277355,Cross-Sheep,Link Monster
50278554,Scrap Twin Dragon,Synchro Monster
50282757,Evil HERO Infernal Sniper,Fusion Monster
50321796,"Brionac, Dragon of the Ice Barrier",Synchro Monster
50449881,Shark Fortress,XYZ Monster
50546029,G Golem Dignified Trilithon,Link Monster
50588353,Crystron Halqifibrax,Link Monster
50608164,Masked HERO Koga,Fusion Monster
50643638,"Chanbar, the Flashy Sportsknight",Synchro Monster
50669347,"Nephthys, the Sacred Preserver",Link Monster
50687050,Arktos XII - Chronochasm Vaylantz,Pendulum Effect Fusion Monster
50750868,T.G. Trident Launcher,Link Monster
50756327,"Crowley, the First Propheseer",Link Monster
50789693,Armored Kappa,XYZ Monster
50793215,Deep Sea Prima Donna,Synchro Tuner Monster
50855622,Ultra Beetrooper Absolute Hercules,Fusion Monster
50907446,El Shaddoll Apkallone,Fusion Monster
50954680,Crystal Wing Synchro Dragon,Synchro Monster
51011872,Trickstar Crimson Heart,Link Monster
51409648,Rindbrumm the Striking Dragon,Fusion Monster
51447164,T.G. Blade Blaster,Synchro Monster
51476410,Clock Lizard,Link Monster
51497409,D/D/D Stone King Darius,XYZ Monster
51543904,Number 99: Utopic Dragon,XYZ Monster
51570882,Greedy Venom Fusion Dragon,Fusion Monster
51735257,Number 50: Blackship of Corn,XYZ Monster
51777272,Lunalight Cat Dancer,Fusion Monster
51788412,Chaos Ancient Gear Giant,Fusion Monster
51822687,Expurrely Happiness,XYZ Monster
51828629,Giltia the D. Knight,Fusion Monster
51960178,Fairy Cheer Girl,XYZ Monster
52031567,Elemental HERO Mudballman,Fusion Monster
52119435,Geonator Transverser,Link Monster
52145422,Graydle Dragon,Synchro Monster
52323874,Raidraptor - Fiend Eagle,XYZ Monster
52331012,Tri-Brigade Rugal the Silver Sheller,Link Monster
52352005,XX-Saber Gottoms,Synchro Monster
52445243,Tri-Edge Master,Synchro Monster
52553102,Jurrac Astero,Synchro Monster
52558805,Temtempo the Percussion Djinn,XYZ Monster
52615248,Progleo,Link Monster
52639377,Underworld Fighter Balmung,Synchro Monster
52644170,Crossmind Archfiend,Synchro Monster
52645235,Epurrely Happiness,XYZ Monster
52653092,Number S0: Utopic ZEXAL,XYZ Monster
52687916,"Trishula, Dragon of the Ice Barrier",Synchro Monster
52698008,Cyberse Wicckid,Link Monster
52709508,Genex Ally Triforce,Synchro Monster
52711246,Shiranui Squiresaga,Synchro Monster
53054164,Joyous Melffys,XYZ Monster
53087962,Ursarctic Septentrion,Synchro Monster
53244294,Number 57: Tri-Head Dust Dragon,XYZ Monster
53262004,Odd-Eyes Vortex Dragon,Fusion Monster
53315891,Timaeus the Knight of Destiny,Fusion Monster
53325667,Garden Rose Maiden,Synchro Monster
53334641,Ghostrick Angel of Mischief,XYZ Monster
53389254,Assault Blackwing - Sohaya the Rain Storm,Synchro Monster
53413628,Code Talker,Link Monster
53451824,Mecha Phantom Beast Concoruda,Synchro Monster
53466722,First of the Dragonlords,Fusion Monster
53539634,Sanwitch,Fusion Monster
53589300,Nerva the Power Patron of Creation,Fusion Monster
53701457,Number 28: Titanic Moth,XYZ Monster
53714009,Flamvell Uruquizas,Synchro Monster
53776969,Scareclaw Light-Heart,Link Monster
53904087,"Rahamu, Envoy of the Sacred Tome",Link Monster
53950487,Battlewasp - Halberd the Charge,Synchro Monster
53971455,Despian Luluwalilith,Synchro Monster
53981499,Mighty Warrior,Synchro Monster
54048462,Fabled Valkyrus,Synchro Monster
54082269,Blackwing Full Armor Master,Synchro Monster
54178659,The Weather Painter Rainbow,Link Monster
54191698,Number 29: Mannequin Cat,XYZ Monster
54358015,Galaxy Stealth Dragon,XYZ Monster
54366836,Number 54: Lion Heart,XYZ Monster
54401832,Metalfoes Crimsonite,Fusion Monster
54498517,Gigantic Spright,XYZ Monster
54541900,Karbonala Warrior,Fusion Monster
54603525,Clear Wing Synchro Dragon of the Four Heavenly Dragons,Synchro Monster
54622031,Great Mammoth of Goldfine,Fusion Monster
54635100,Linkerbell,Link Monster
54701958,Lunalight Liger Dancer,Fusion Monster
54702678,"Barbaroid, the Ultimate Battle Machine",Fusion Monster
54719828,Number 16: Shock Master,XYZ Monster
54752875,Twin-Headed Thunder Dragon,Fusion Monster
54757758,Mudragon of the Swamp,Fusion Monster
54919528,"K9-ØØ ""Hound""",XYZ Monster
55067058,Number 19: Freezadon,XYZ Monster
55171412,Elemental HERO Aqua Neos,Fusion Monster
55285840,Time Thief Redoer,XYZ Monster
55470553,Number 98: Antitopian,XYZ Monster
55610199,Gem-Knight Lady Rose Diamond,Fusion Monster
55615891,Elemental HERO Wild Wingman,Fusion Monster
55727845,Number 96: Dark Mist,XYZ Monster
55863245,Tatsunoko,Synchro Tuner Monster
55888045,Number C106: Giant Red Hand,XYZ Monster
55935416,Number 56: Gold Rat,XYZ Monster
55990317,Hugin the Runick Wings,Fusion Monster
56051086,Number 43: Manipulator of Souls,XYZ Monster
56208713,Bacha the Melodious Maestra,Fusion Monster
56292140,Number 51: Finisher the Strong Arm,XYZ Monster
56311997,GMX - ALLOS,Fusion Monster
56337500,Cyberse Reminder,XYZ Monster
56410769,Ripple Bird,XYZ Monster
56413937,Warrior of Tradition,Fusion Monster
56532353,Neo Blue-Eyes Ultimate Dragon,Fusion Monster
56638325,Stellarknight Delteros,XYZ Monster
56655675,Ritual Beast Ulti-Gaiapelio,Fusion Monster
56733747,Elemental HERO Shining Neos Wingman,Fusion Monster
56741506,Sky Striker Ace - Azalea Temperance,Link Monster
56768355,Vylon Alpha,Synchro Monster
56818742,Transcendosaurus Exaraptor,Link Monster
56832966,Number S39: Utopia the Lightning,XYZ Monster
56840427,Number C39: Utopia Ray,XYZ Monster
56907389,Musician King,Fusion Monster
56910167,Superdreadnought Rail Cannon Gustav Max,XYZ Monster
57031794,Super Quantal Mech Beast Magnaliger,XYZ Monster
57043117,Giant Soldier of Steel,XYZ Monster
57134592,Salamangreat Raging Phoenix,Link Monster
57157964,Fossil Machine Skull Convoy,Fusion Monster
57282724,World Gears of Theurlogical Demiurgy,Link Monster
57288064,Shiranui Samuraisaga,Synchro Monster
57314798,Number 100: Numeron Dragon,XYZ Monster
57450198,Super Quantal Mech Beast Lusterrex,XYZ Monster
57477163,Frightfur Sheep,Fusion Monster
57566760,Uzuhime the Manifested Mikanko,XYZ Monster
57594700,Schuberta the Melodious Maestra,Fusion Monster
57707471,Number 21: Frozen Lady Justice,XYZ Monster
58004362,Xtra HERO Cross Crusader,Link Monster
58036229,Protectcode Talker,Link Monster
58058134,Slacker Magician,XYZ Monster
58069384,Cyber Dragon Nova,XYZ Monster
58071334,Snake-Eyes Doomed Dragon,Fusion Monster
58074177,Odd-Eyes Wing Dragon,Synchro Pendulum Effect Monster
58147549,Masked HERO Goka,Fusion Monster
58293343,Tyrant Burst Dragon,Fusion Monster
58332301,Evil HERO Dark Gaia,Fusion Monster
58468105,Dangerous Frightfur Nightmary,Fusion Monster
58481572,Masked HERO Dark Law,Fusion Monster
58504745,Brotherhood of the Fire Fist - Cardinal,XYZ Monster
58528964,Flame Ghost,Fusion Monster
58600555,Digital Bug Corebage,XYZ Monster
58601383,"Gaia Drake, the Universal Force",Fusion Monster
58672736,Dinowrestler Giga Spinosavate,Synchro Monster
58699500,"Cherubini, Ebon Angel of the Burning Abyss",Link Monster
58712976,Infernal Flame Vixen,XYZ Monster
58720904,Pendransaction,XYZ Monster
58811192,Ritual Beast Ulti-Kimunfalcos,Link Monster
58820923,Number 95: Galaxy-Eyes Dark Matter Dragon,XYZ Monster
58858807,Tellarknight Constellar Caduceus,XYZ Monster
58859575,VW-Tiger Catapult,Fusion Monster
58884063,Gold Pride - Nytro Blaster,Link Monster
58901502,Goyo Defender,Synchro Monster
58931850,Dragon Master Lords,XYZ Monster
59036972,Mavelus,Fusion Monster
59071624,Traptrix Allomerus,XYZ Monster
59120809,Scareclaw Tri-Heart,Link Monster
59123194,Enlightenment Paladin,Synchro Monster
59170782,Mermail Abysstrite,XYZ Monster
59208943,Time Thief Perpetua,XYZ Monster
59242457,Exosisters Magnifica,XYZ Monster
59255742,Goyo Emperor,Fusion Monster
59353647,Amazoness Pet Liger King,Fusion Monster
59400890,Dark Magician of Destruction,Fusion Monster
59479050,Number 71: Rebarian Shark,XYZ Monster
59531356,Fossil Warrior Skull Knight,Fusion Monster
59537380,Guardragon Agarpain,Link Monster
59627393,Number 105: Battlin' Boxer Star Cestus,XYZ Monster
59642500,Masked HERO Anki,Fusion Monster
59644128,Gouki Jet Ogre,Link Monster
59765225,Crystal Clear Wing Synchro Dragon,Synchro Monster
59771339,Junk Berserker,Synchro Monster
59822133,Blue-Eyes Spirit Dragon,Synchro Monster
59843383,Shiranui Sunsaga,Synchro Monster
59859086,Splash Mage,Link Monster
59893882,Evil HERO Inferno Wing - Backfire,Fusion Monster
59934749,"Isolde, Two Tales of the Noble Knights",Link Monster
59969392,Archfiend Zombie-Skull,Synchro Monster
60025883,"Duel Link Dragon, the Duel Dragon",Link Monster
60110982,Armityle the Chaos Phantasm - Phantom of Fury,Fusion Monster
60181553,Mira the Star-Bearer,XYZ Monster
60195675,Infinitrack Mountain Smasher,XYZ Monster
60237530,Dual Avatar Fists - Armored Ah-Gyo,Fusion Monster
60279710,Cyberse Enchanter,Link Monster
60292055,Elphase,Link Monster
60303245,Salamangreat Almiraj,Link Monster
60461804,Destiny HERO - Destroyer Phoenix Enforcer,Fusion Monster
60465049,Psychic End Punisher,Synchro Monster
60493189,Elemental HERO Plasma Vice,Fusion Monster
60516416,Possessed Destiny - Wynn,Fusion Monster
60517697,"Poseidra Abyss, the Atlantean Dragon Lord",XYZ Monster
60634565,Reptilianne Hydra,Synchro Monster
60645181,Heroic Champion - Excalibur,XYZ Monster
60800381,Junk Warrior,Synchro Monster
60992105,Blackfeather Darkrage Dragon,Synchro Monster
60992364,ZW - Leo Arms,XYZ Monster
61204971,Elemental HERO Thunder Giant,Fusion Monster
61245672,Decode Talker Heatsoul,Link Monster
61248471,Archfiend's Ascent,XYZ Monster
61272280,"Vahram, the Magistus Divinity Dragon",Synchro Monster
61307542,Paleozoic Anomalocaris,XYZ Monster
61344030,Starliege Paladynamo,XYZ Monster
61374414,CXyz N.As.Ch. Knight,XYZ Monster
61398234,Gate Guardian of Wind and Water,Fusion Monster
61399402,Light Dragon @Ignister,XYZ Monster
61470213,Altergeist Adminia,Link Monster
61641818,Virtual World Dragon - Longlong,XYZ Monster
61665245,Summon Sorceress,Link Monster
61668670,G Golem Crystal Heart,Link Monster
61728808,Heavymetalfoes Amalgam,Link Monster
61775475,Arms of Genex Return Zero,Synchro Monster
61888819,Steelswarm Origin,Link Monster
62000467,Gladiator Beast Dragases,Link Monster
62070231,Number 94: Crystalzero,XYZ Monster
62111090,Earth Golem @Ignister,Fusion Monster
62242678,Hot Red Dragon Archfiend King Calamity,Synchro Monster
62517849,Number 39: Utopia Double,XYZ Monster
62541668,Number 77: The Seven Sins,XYZ Monster
62560742,T.G. Recipro Dragonfly,Synchro Monster
62592805,Epurrely Noir,XYZ Monster
62624486,Masked HERO Dian,Fusion Monster
62709239,The Phantom Knights of Break Sword,XYZ Monster
62714453,Ursarctic Polar Star,Synchro Monster
62873545,Dragon Master Knight,Fusion Monster
62941499,Springans Ship - Exblowrer,XYZ Monster
62967433,Baromet the Sacred Sheep Shrub,XYZ Monster
63013339,Sky Striker Ace - Camellia,Link Monster
63101468,Masterflare Hyperion,Synchro Monster
63101919,Tempest Magician,Synchro Monster
63180841,Shooting Star Dragon T.G. EX,Synchro Monster
63261835,Cyber Slash Harpie Lady,Synchro Monster
63265554,Power Tool Braver Dragon,Synchro Monster
63288573,Sky Striker Ace - Kagari,Link Monster
63364266,Goyo Chaser,Synchro Monster
63410069,Desert Locusts,Synchro Tuner Monster
63422098,Giganticastle,Synchro Monster
63436931,Crimson Dragon,Synchro Monster
63465535,Underground Arachnid,Synchro Monster
63503850,Brute Enforcer,Link Monster
63504681,Number 86: Heroic Champion - Rhongomyniad,XYZ Monster
63519819,Thousand-Eyes Restrict,Fusion Monster
63533837,Cyberse Quantum Dragon,Synchro Monster
63612442,X-Saber Souza,Synchro Monster
63731062,White Aura Monoceros,Synchro Monster
63746411,Number 106: Giant Hand,XYZ Monster
63767246,Number 38: Hope Harbinger Dragon Titanic Galaxy,XYZ Monster
63813056,Xtra HERO Dread Decimator,Link Monster
64182380,"Garunix Eternity, Hyang of the Fire Kings",XYZ Monster
64193046,Superheavy Samurai Brave Masurawo,Synchro Monster
64211118,Firewall Dragon Darkfluid - Neo Tempest Terahertz,Link Monster
64245689,Meliae of the Trees,XYZ Monster
64276752,Arc Rebellion Xyz Dragon,XYZ Monster
64332231,Hieratic Sun Dragon Overlord of Heliopolis,XYZ Monster
64414267,Darktellarknight Batlamyus,XYZ Monster
64454614,Arcana Extra Joker,Link Monster
64463828,Superalloy Beast Raptinus,Fusion Monster
64514892,Fire Fighting Daruma Doll,Link Monster
64554883,Number 25: Force Focus,XYZ Monster
64599569,Chimeratech Overdragon,Fusion Monster
64626565,Dark Ceruvim Irisfil,XYZ Monster
64635042,Archfiend's Call,Synchro Monster
64655485,Elemental HERO Brave Neos,Fusion Monster
64689404,Sword Breaker,XYZ Monster
64804137,Trickstar Band Drumatis,Fusion Monster
64880894,Stardust Charge Warrior,Synchro Monster
64966519,Dispatchparazzi,Link Monster
65029288,Performapal Odd-Eyes Metal Claw,Fusion Monster
65170459,Mistar Boy,Link Monster
65172015,A-to-Z-Dragon Buster Cannon,Fusion Monster
65187687,Skeletal Dragon Felgrand,Synchro Monster
65285459,Sunavalon Dryanome,Link Monster
65301952,Alchemic Magician,XYZ Monster
65305468,Number F0: Utopic Future,XYZ Monster
65330383,Knightmare Gryphon,Link Monster
65398390,Infernoble Knight Captain Oliver,Synchro Monster
65400671,Crystron Halqifibrax Prism,Link Monster
65536818,"Denglong, First of the Yang Zing",Synchro Tuner Monster
65541655,Red Nova Dragon - Burning Soul,Synchro Monster
65563871,Sunvine Healer,Link Monster
65676461,Number 32: Shark Drake,XYZ Monster
65711558,Ancient Warriors Oath - Double Dragon Lords,Link Monster
65741786,I:P Masquerena,Link Monster
65749035,"Gungnir, Dragon of the Ice Barrier",Synchro Monster
65815684,Vicious Astraloud,Fusion Monster
65848113,DoomZ XIII Over - Graflareio,XYZ Monster
65884091,Evilswarm Thanatos,XYZ Monster
65892310,"Brionac, the Magical Ice Dragon",Synchro Monster
65892585,Gold Pride - Chariot Carrie,XYZ Monster
65910922,"Arionpos, Serpent of the Ghoti",Synchro Monster
65961304,Kewl Tune B2B,Synchro Tuner Monster
65961683,Jurrac Velphito,Synchro Monster
66011101,Number 60: Dugares the Timeless,XYZ Monster
66015185,Twin Triangle Dragon,Link Monster
66023650,"Folgo, Justice Fur Hire",Link Monster
66122213,Infernal Strike Fighter,Synchro Monster
66141736,Red Rising Dragon,Synchro Monster
66165755,Genex Ally Axel,Synchro Monster
66226132,Trackblack,Link Monster
66235877,Fiend Skull Dragon,Fusion Monster
66309175,Predaplant Ambulomelides,Fusion Monster
66384688,Majespecter Orthrus - Nue,Link Monster
66393507,X-Krawler Neurogos,Link Monster
66403530,Topologic Zeroboros,Link Monster
66452432,Borrelshroud Dragon,Link Monster
66506689,Tin Archduke,XYZ Monster
66523544,Superdimensional Robot Galaxy Destroyer,XYZ Monster
66532962,Magistus Chorozo,Fusion Monster
66547759,"Number 23: Lancelot, Dark Knight of the Underworld",XYZ Monster
66698383,Vermillion Dragon Mech,Synchro Monster
66736884,"Keel, Shipwright Fur Hire",Link Monster
66787942,Predaplant Bal Teah,Synchro Tuner Monster
66818682,Moon Dragon Quilla,Synchro Monster
66863374,Test Panther,Link Monster
66870733,"Yuki-Onna, the Ice Mayakashi",Link Monster
66889139,Gaia the Dragon Champion,Fusion Monster
66970002,Number C39: Utopia Ray V,XYZ Monster
66976526,"Karakuri Steel Shogun mdl 00X ""Bureido""",Synchro Monster
67021206,Hecahands Jauzah,Fusion Monster
67030233,Majestic Red Dragon,Synchro Monster
67073561,Baba Barber,Link Monster
67098114,"Loki, Lord of the Aesir",Synchro Monster
67098897,Cooky★Yummy Way,Synchro Tuner Monster
67173574,Number C102: Archfiend Seraph,XYZ Monster
67231737,Link Bumper,Link Monster
67288539,Borrelcode Dragon,Link Monster
67359907,"Disaster, Dragon Ruler of All Apocalypses",XYZ Monster
67508932,Timelord Progenitor Vorpgate,Synchro Monster
67515699,"K9-66X ""Jacks""",XYZ Monster
67556500,Phonon Pulse Dragon,Synchro Tuner Monster
67557908,Number 4: Stealth Kragen,XYZ Monster
67598234,"Gaia Saber, the Lightning Shadow",Link Monster
67630394,Full Armored Dark Knight Lancer,XYZ Monster
67647362,"Blackbeard, the Plunder Patroll Captain",Link Monster
67680512,Unchained Soul of Rage,Link Monster
67712104,Marincess Crystal Heart,Link Monster
67745632,Transcendosaurus Gigantozowler,Fusion Monster
67752972,Wattkyuki,Synchro Monster
67797569,Lavalval Salamander,Synchro Monster
67809530,The Crimson King,Synchro Monster
67865534,Magician of Hope,XYZ Pendulum Effect Monster
67904682,Dark Flattop,Synchro Monster
67926903,CXyz Barian Hope,XYZ Monster
67985943,Gem-Knight Citrine,Fusion Monster
68059897,Maliss <Q> Red Ransom,Link Monster
68084557,Power Tool Mecha Dragon,Synchro Monster
68124775,Orient Dragon,Synchro Monster
68231287,Jupiter the Power Patron of Destruction,XYZ Monster
68295149,Linkmail Archfiend,Link Monster
68300121,Magikey Spirit - Vepartu,XYZ Monster
68319538,Cosmic Fortress Gol'gar,Synchro Monster
68396121,Number C107: Neo Galaxy-Eyes Tachyon Dragon,XYZ Monster
68431965,Shooting Riser Dragon,Synchro Tuner Monster
68507541,Amazoness Pet Liger,Fusion Monster
68508433,Master Spirit Tech Force - Pendulum Ruler,Pendulum Effect Fusion Monster
68597372,Wind-Up Zenmaister,XYZ Monster
68618157,Bujinki Amaterasu,XYZ Monster
68679595,Ultimate Leo Utopia Ray,XYZ Monster
68745629,Elemental HERO Inferno,Fusion Monster
68836428,Tri-Edge Levia,XYZ Monster
68934651,Firewall Dragon Darkfluid,Link Monster
68987122,Borrelguard Dragon,Link Monster
68989420,T.G. Over Dragonar,Synchro Monster
69031175,Blackwing Armor Master,Synchro Monster
69058960,Number 13: Embodiment of Crime,XYZ Monster
69069911,Kachi Kochi Dragon,XYZ Monster
69073023,Infinitrack Fortress Megaclops,Link Monster
69121954,Dinowrestler Terra Parkourio,Link Monster
69170557,Number C40: Gimmick Puppet of Dark Strings,XYZ Monster
69176851,Miasma Necromancer,Link Monster
69191257,Jade Dragon Mech,Synchro Monster
69248256,Swordsoul Grandmaster - Chixiao,Synchro Monster
69385019,Mermail King - Neptabyss,Link Monster
69394324,Destiny HERO - Dominance,Fusion Monster
69453825,Gouki Dragon Ogre,Synchro Monster
69461394,Ally of Justice Field Marshal,Synchro Monster
69514125,Avenging Knight Parshath,Synchro Monster
69522668,Magikey Fiend - Transfurlmine,Synchro Monster
69601012,Berfomet the Mythical King of Phantom Beasts,Fusion Monster
69610924,Number 17: Leviathan Dragon,XYZ Monster
69655484,Performage Shadow Maker,XYZ Monster
69718652,Ritual Beast Ulti-Nochiudrago,Fusion Monster
69757518,Number C5: Chaos Chimera Dragon,XYZ Monster
69840739,Artifact Durendal,XYZ Monster
69946549,Predaplant Dragostapelia,Fusion Monster
70117791,Blazing Bombardment Beast,Fusion Monster
70219023,Coordius the Triphasic Dealmon,Fusion Monster
70252926,Fortune Lady Every,Synchro Monster
70369116,Predaplant Verte Anaconda,Link Monster
70514456,Ragnaraika Mantis Monk,Link Monster
70522875,Dragunity Lord - Georgius,Link Monster
70534340,Lubellion the Searing Dragon,Fusion Monster
70538272,Filia Regis,Fusion Monster
70576413,D/D/D First King Clovis,Synchro Monster
70583986,"Dewloren, Tiger King of the Ice Barrier",Synchro Monster
70597485,Materiactor Gigaboros,XYZ Monster
70634245,Legendary Lord Six Samurai - Enishi,Synchro Monster
70636044,"Varudras, the Final Bringer of the End Times",XYZ Monster
70659412,Psychic Omnibuster,Synchro Monster
70681994,Dragoness the Wicked Knight,Fusion Monster
70709488,Shinobi Insect Hagakuremino,Link Monster
70771599,Supreme King Dragon Clear Wing,Synchro Monster
70780151,Thought Ruler Archfiend,Synchro Monster
70875686,Prank-Kids Rip-Roarin-Roaster,Link Monster
70902743,Red Dragon Archfiend,Synchro Monster
70913714,Old Entity Hastorr,Synchro Monster
70980824,"Trishula, Zero Dragon of the Ice Barrier",Synchro Monster
71068247,Totem Bird,XYZ Monster
71095768,Bujinki Ahashima,Link Monster
71100270,Goblin's Crazy Beast,XYZ Monster
71101678,Earthbound Servant Geo Grasha,Fusion Monster
71159974,Magikey Dragon - Andrabime,Fusion Monster
71166481,Number 75: Bamboozling Gossip Shadow,XYZ Monster
71222868,Raidraptor - Rising Rebellion Falcon,XYZ Monster
71384012,Wee Witch's Apprentice,Link Monster
71398055,D/D/D/D Dimensional King Arc Crisis,Pendulum Effect Fusion Monster
71456737,Battlewasp - Sachi the Ceremonial Bow,Synchro Monster
71594310,Gem-Knight Pearl,XYZ Monster
71607202,Muckraker From the Underworld,Link Monster
71612253,D/D/D Marksman King Tell,XYZ Monster
71616908,Gem-Knight Amethyst,Fusion Monster
71628381,Multiple Piece Golem,Fusion Monster
71791814,Magical Musketeer Max,Link Monster
71818935,Moon of the Closed Heaven,Link Monster
71858682,Centur-Ion Auxila,Synchro Monster
71921856,Number 79: Battlin' Boxer Nova Kaiser,XYZ Monster
72006609,Mekk-Knight of the Morning Star,Link Monster
72064891,"Curse of Dragon, the Magical Knight Dragon",Fusion Monster
72167543,Downerd Magician,XYZ Monster
72218246,Crossrose Dragon,Link Monster
72228247,Crusadia Magius,Link Monster
72246674,Gladiator Beast Dareios,Link Monster
72272462,Despian Quaeritis,Fusion Monster
72309040,Ghoti of the Deep Beyond,Synchro Monster
72329844,Spright Sprind,Link Monster
72330894,"Simorgh, Bird of Sovereignty",Link Monster
72336818,Pentestag,Link Monster
72378329,Beast-Eyes Pendulum Dragon,Fusion Monster
72402069,D/D/D Super Doom King Bright Armageddon,Synchro Pendulum Effect Monster
72409226,Materiactor Exagard,XYZ Monster
72444406,Enigmaster Packbit,Synchro Monster
72529749,Topologic Trisbaena,Link Monster
72578374,Khaos Starsource Dragon,Fusion Monster
72664875,Crimson Nova Trinity the Dark Cubic Lord,Fusion Monster
72813401,Hi-Speedroid Rubber Band Shooter,Link Monster
72860663,Vampire Fascinator,Link Monster
72867001,"Commander Souza, Swordmaster",Synchro Monster
72869010,Soul Hunter,Fusion Monster
72896720,Infernity Doom Dragon,Synchro Monster
72924435,"Periallis, Empress of Blossoms",Synchro Monster
72926163,Elemental HERO Neos Knight,Fusion Monster
72959823,Panzer Dragon,Fusion Monster
72971064,Lyrilusc - Ensemblue Robin,XYZ Monster
73079836,Adamancipator Risen - Raptite,Synchro Monster
73082255,The Zombie Vampire,XYZ Monster
73104892,Maple Maiden,Synchro Monster
73121813,Tenyi Spirit - Mula Adhara,Synchro Monster
73167098,Aromalilith Magnolia,Fusion Monster
73218989,Black-Winged Assault Dragon,Synchro Monster
73285669,Gladiator Beast Essedarii,Fusion Monster
73289035,Bujintei Tsukuyomi,XYZ Monster
73309655,"Eria the Water Charmer, Gentle",Link Monster
73341839,Miniborrel Dragon,Link Monster
73345237,Benghalancer the Resurgent,Link Monster
73347079,Raidraptor - Force Strix,XYZ Monster
73391962,Azamina Mu Rcielago,Fusion Monster
73445448,Number 22: Zombiestein,XYZ Monster
73452089,Dark Cavalry,Fusion Monster
73483491,Vindikite R-Genex,Synchro Monster
73539069,Striker Dragon,Link Monster
73542331,Kashtira Shangri-Ira,XYZ Monster
73580471,Black Rose Dragon,Synchro Monster
73639099,Traptrix Sera,Link Monster
73659078,Snowdust Giant,XYZ Monster
73667937,Windwitch - Diamond Bell,Synchro Monster
73887236,Raidraptor - Rise Falcon,XYZ Monster
73898890,Dyna Mondo,Link Monster
73964868,Constellar Pleiades,XYZ Monster
74009824,El Shaddoll Wendigo,Fusion Monster
74139959,Cosmic Tree Irmistil,Link Monster
74157028,Cyber Twin Dragon,Fusion Monster
74163487,Restoration Point Guard,Link Monster
74168099,Brotherhood of the Fire Fist - Horse Prince,Synchro Monster
74294676,Evolzar Laggia,XYZ Monster
74371660,Mermail Abyssgaios,XYZ Monster
74393852,Zoodiac Boarbow,XYZ Monster
74405783,The Three Brave Swordsouls,Synchro Monster
74416224,Black Ray Lancer,XYZ Monster
74506079,Worm Zero,Fusion Monster
74567889,Dark Infant @Ignister,Link Monster
74583607,D/D/D Flame King Genghis,Fusion Monster
74586817,PSY-Framelord Omega,Synchro Monster
74593218,Heroic Champion - Kusanagi,XYZ Monster
74615388,"Laevatein, Generaider Boss of Shadows",XYZ Monster
74631897,Artmage Non-Finito,Fusion Monster
74659582,Sleipnir the Runick Mane,Fusion Monster
74665150,Decode Talker Integration,Link Monster
74689476,"Rilliona, the Wondrous Magistus Witch Wardrobe",XYZ Monster
74703140,Punished Eagle,Fusion Monster
74711057,Elemental HERO Terra Firma,Fusion Monster
74752631,Battle Shogun of the Six Samurai,Link Monster
74820316,"Enlilgirsu, the Orcust Mekk-Knight",Link Monster
74822425,El Shaddoll Shekhinaga,Fusion Monster
74860293,Junk Destroyer,Synchro Monster
74889525,Eldlich the Mad Golden Lord,Fusion Monster
74892653,Stardust Warrior,Synchro Monster
74936480,Dinomorphia Stealthbergia,Fusion Monster
74937659,Subterror Behemoth Fiendess,Link Monster
74974229,Alien Shocktrooper M-Frame,Link Monster
74997493,Saryuja Skull Dread,Link Monster
75083197,Dragonlark Pairen,XYZ Monster
75119040,Tindangle Acute Cerberus,Link Monster
75147529,Sky Striker Ace - Zeke,Link Monster
75191028,GMX - COMPREX,Fusion Monster
75215744,Gunkan Suship Ikura-class Dreadnought,XYZ Monster
75253697,Number 72: Shogi Rook,XYZ Monster
75286621,Invoked Mechaba,Fusion Monster
75326861,Dark Highlander,Synchro Monster
75352507,Ragnaraika Selene Snapper,Link Monster
75367227,Ghostrick Alucard,XYZ Monster
75380687,Amulet Dragon,Fusion Monster
75402014,Ultimate Dragonic Utopia Ray,XYZ Monster
75433814,Number 40: Gimmick Puppet of Strings,XYZ Monster
75452921,Knightmare Cerberus,Link Monster
75574498,Princess Cologne,XYZ Monster
75620895,One-Eyed Skill Gainer,XYZ Monster
75676192,F.A. Motorhome Transport,Synchro Monster
75748977,XYZ-Hyper Dragon Cannon,Fusion Monster
75779210,Vylon Epsilon,Synchro Monster
75780818,Dyna Tank,Fusion Monster
75797046,Photon Alexandra Queen,XYZ Monster
75840616,Bujintei Susanowo,XYZ Monster
75906310,Armed Dragon Catapult Cannon,Fusion Monster
75923050,Super Robolady,Fusion Monster
75988594,Superheavy Samurai Swordmaster Musashi,Synchro Monster
75991898,Lavalval Dragon,Synchro Monster
76067258,Number 66: Master Key Beetle,XYZ Monster
76072561,Sky Striker Ace = Zero,Link Monster
76075139,Vaylantz Genesis Grand Duke,Pendulum Effect Fusion Monster
76078185,Heretical Phobos Covos,XYZ Monster
76145142,"Longirsu, the Orcust Orchestrator",Link Monster
76213610,Officiator of Doom Samuel,XYZ Monster
76232522,Recovery Sorcerer,Link Monster
76263644,Destiny End Dragoon,Fusion Monster
76290637,Gimmick Puppet Fantasix Machinix,XYZ Monster
76359406,Crystron Ametrix,Synchro Monster
76372778,Evigishki Merrowgeist,XYZ Monster
76419637,CXyz Battleship Cherry Blossom,XYZ Monster
76471944,Superheavy Samurai Ninja Sarutobi,Synchro Monster
76504386,"Number 39: Utopia, Emissary of Light",XYZ Monster
76524506,Garden Rose Flora,Synchro Tuner Monster
76547525,Red Wyvern,Synchro Monster
76589815,Battlin' Boxer Cheat Commissioner,XYZ Monster
76614340,Gem-Knight Ruby,Fusion Monster
76636978,Stardust Dragon - Victim Sanctuary,Synchro Monster
76666602,The Dragon that Devours the Dogma,Fusion Monster
76685519,Altergeist Kidolga,Link Monster
76774528,Scrap Dragon,Synchro Monster
76815942,Lyrilusc - Independent Nightingale,Fusion Monster
76821171,"Duralume, Vaalmonican Heathen Hallow",Link Monster
76833149,Melffy Mommy,XYZ Monster
76891401,Sea Dragon Lord Gishilnodon,Synchro Monster
76913983,Blackwing Armed Wing,Synchro Monster
76937326,Daigusto Laplampilica,Synchro Monster
77058170,Underclock Taker,Link Monster
77075360,Junk Speeder,Synchro Monster
77092311,"Tsuchigumo, the Poisonous Mayakashi",Synchro Monster
77102944,Appliancer Laundry Dragon,Link Monster
77205367,Number C96: Dark Storm,XYZ Monster
77307161,Trickstar Bloom,Link Monster
77313225,"Rciela, Sinister Soul of the White Forest",Synchro Tuner Monster
77334267,Wind-Up Arsenal Zenmaioh,XYZ Monster
77506119,Thunder Unicorn,Synchro Monster
77571454,Number 69: Heraldry Crest - Dark Matter Demolition,XYZ Monster
77610772,Ib the World Chalice Priestess,Link Monster
77631175,Comics Hero King Arthur,XYZ Monster
77637979,LANphorhynchus,Link Monster
77656797,Infernoble Knight Emperor Charles,Synchro Monster
77675029,Exosister Karmael,XYZ Monster
77693536,Fullmetalfoes Alkahest,Fusion Monster
77799846,Googly-Eyes Drum Dragon,XYZ Monster
77855162,Tilting Entrainment,Synchro Monster
77894049,Vanquish Soul Rocks,XYZ Monster
77967790,Dinowrestler King T Wrextle,Link Monster
78021082,Weaver of Fairy Tails,Fusion Monster
78084378,Diplexer Chimera,Fusion Monster
78135071,Exosister Kaspitell,XYZ Monster
78144171,"Dark Armed, the Dragon of Annihilation",XYZ Monster
78156759,Wind-Up Zenmaines,XYZ Monster
78225596,Appliancer Celtopus,Link Monster
78229193,White Aura Dolphin,Synchro Monster
78397661,Ecclesia and the Dark Dragon,Synchro Monster
78437364,Gouki The Great Ogre,Link Monster
78512663,Elemental HERO Magma Neos,Fusion Monster
78625448,Number 3: Numeron Gate Trini,XYZ Monster
78693036,"Juraishin, the Cursed Thunder God",Synchro Monster
78734254,Neo-Spacian Marine Dolphin,Fusion Monster
78778375,Frightfur Cruel Whale,Fusion Monster
78876707,Sacred Noble Knight of King Custennin,XYZ Monster
78917791,Shaman of the Tenyi,Link Monster
79016563,Binary Sorceress,Link Monster
79130389,Marincess Coral Anemone,Link Monster
79194594,Myutant Synthesis,Fusion Monster
79206925,Gravekeeper's Supernaturalist,Fusion Monster
79229522,Chimeratech Fortress Dragon,Fusion Monster
79266769,"Darkness Metal, the Dragon of Dark Steel",Link Monster
79415624,Snake-Eyes Vengeance Dragon,Synchro Monster
79480466,Bazoo the Soul-Devourer,XYZ Monster
79519259,Nightwinged Cleric,Synchro Monster
79559912,D/D/D Wave High King Caesar,XYZ Monster
79606837,Herald of the Arc Light,Synchro Monster
79625003,Number S37: Spider Shark,XYZ Monster
79656239,Aromaseraphy Sweet Marjoram,Synchro Monster
79747096,Number C1: Numeron Chaos Gate Sunya,XYZ Monster
79755671,Dracotail Gulamel,Fusion Monster
79864860,Predaplant Triphyoverutum,Fusion Monster
79985120,Raidraptor - Revolution Falcon - Air Raid,XYZ Monster
80032567,Jurrac Giganoto,Synchro Monster
80040886,Navy Dragon Mech,Synchro Monster
80071619,R.B. Shepherd's Crook,Link Monster
80071763,Dark Balter the Terrible,Fusion Monster
80073414,Absolute Axon Kicker,Fusion Monster
80086070,Ursarctic Grand Chariot,Synchro Monster
80088625,Binary Blader,Link Monster
80108118,X-Saber Urbellum,Synchro Monster
80117527,Number 11: Big Eye,XYZ Monster
80159717,Dragunity Knight - Trident,Synchro Monster
80321197,Crimson Blader,Synchro Monster
80453041,Phantom of Yubel,Fusion Monster
80516007,Rare Fish,Fusion Monster
80532587,Elder Entity N'tss,Fusion Monster
80666118,Scarlight Red Dragon Archfiend,Synchro Monster
80696379,Odd-Eyes Meteorburst Dragon,Synchro Monster
80727036,Man-Eating Black Shark,Fusion Monster
80764541,Number 44: Sky Pegasus,XYZ Monster
80773359,Assault Blackwing - Onimaru the Divine Thunder,Synchro Monster
80796456,Number 70: Malevolent Sin,XYZ Monster
80889750,Frightfur Sabre-Tooth,Fusion Monster
80896940,Nirvana High Paladin,Synchro Pendulum Effect Monster
80949182,Battlewasp - Hama the Conquering Bow,Synchro Monster
80993256,Ashura King,XYZ Monster
81003500,Elemental HERO Necroid Shaman,Fusion Monster
81019803,Merry Melffys,Synchro Monster
81020646,Void Ogre Dragon,Synchro Monster
81122844,Wind-Up Carrier Zenmaity,XYZ Monster
81196066,Lunalight Perfume Dancer,Fusion Monster
81197327,Elemental HERO Steam Healer,Fusion Monster
81330115,Number 30: Acid Golem of Destruction,XYZ Monster
81566151,Elemental HERO Flare Neos,Fusion Monster
81612598,Metalfoes Adamante,Fusion Monster
81769387,Appliancer Propelion,Link Monster
81846453,Martial Metal Marcher,Synchro Tuner Monster
81916745,Lycoris Lilyreaper,Synchro Monster
81927732,Raidraptor - Revolution Falcon,XYZ Monster
81983656,Blackwing Tamer - Obsidian Hawk Joe,Synchro Monster
81997228,Prank-Kids Battle Butler,Fusion Monster
82044280,Clear Wing Synchro Dragon,Synchro Monster
82135803,Fiendsmith's Desirae,Fusion Monster
82184400,Abyss Keeper,Link Monster
82197831,Rampaging Smashtank Rhynosaber,Synchro Monster
82308875,Number 7: Lucky Straight,XYZ Monster
82315403,Cyber Eternity Dragon,Fusion Monster
82370493,Predaplant Daredevil,Fusion Monster
82566662,Taotie Dragon,Link Monster
82570174,Sangenpai Bident Dragion,Synchro Tuner Monster
82633039,"Castel, the Skyblaster Musketeer",XYZ Monster
82697249,Number 59: Crooked Cook,XYZ Monster
82706696,GMX - VELOX,Fusion Monster
82734805,Infernoid Tierra,Fusion Monster
82944432,Blade Armor Ninja,XYZ Monster
82956492,D/D/D Oracle King d'Arc,Fusion Monster
83121692,Elemental HERO Tempest,Fusion Monster
83152482,Union Carrier,Link Monster
83257450,The Unstoppable Exodia Incarnate,Fusion Monster
83283063,Shiranui Shogunsaga,Synchro Monster
83340560,The Great Double Casted Caster,Fusion Monster
83519853,Ignoble Knight of High Laundsallyn,Synchro Monster
83531441,"Dante, Traveler of the Burning Abyss",XYZ Monster
83656563,Fossil Machine Skull Wagon,Fusion Monster
83743222,Goddess Bow,Fusion Monster
83755611,"Baxia, Brightness of the Yang Zing",Synchro Monster
83793721,Flowering Etoile the Melodious Magnificat,Fusion Monster
83810690,X-Saber Wayne,Synchro Monster
83827392,Expurrely Noir,XYZ Monster
83866861,Frightfur Chimera,Fusion Monster
83994433,Stardust Spark Dragon,Synchro Monster
84013237,Number 39: Utopia,XYZ Monster
84025439,Super Quantal Mech King Great Magnus,XYZ Monster
84040113,Muddy Mudragon,Synchro Monster
84058253,Chimeratech Rampage Dragon,Fusion Monster
84121193,Codebreaker Virus Swordsman,Link Monster
84124261,Number 39: Utopia Roots,XYZ Monster
84224627,Cat Shark,XYZ Monster
84243274,VWXYZ-Dragon Catapult Cannon,Fusion Monster
84271823,"Puzzlomino, the Drop-n-Deleter",Link Monster
84305651,Goyo King,Synchro Monster
84330567,Tearlaments Rulkallos,Fusion Monster
84343351,Crystal Clear Wing Over Synchro Dragon,Synchro Monster
84401683,Gorgonic Guardian,XYZ Monster
84417082,Number 91: Thunder Spark Dragon,XYZ Monster
84433295,Quintet Magician,Fusion Monster
84464389,Borreload Fatalflare Dragon,Fusion Monster
84521924,GranSolfachord Coolia,Link Monster
84544192,Ultimate Crystal Rainbow Dragon Overdrive,Fusion Monster
84546257,Marincess Coral Triangle,Link Monster
84569886,D/D/D Super Doom King Purple Armageddon,Pendulum Effect Fusion Monster
84664085,Satellite Warrior,Synchro Monster
84687358,Mirror Force Dragon,Fusion Monster
84766279,Daigusto Gulldos,Synchro Monster
84815190,Baronne de Fleur,Synchro Monster
84988419,Bloom Diva the Melodious Choir,Fusion Monster
85004150,Digital Bug Rhinosebus,XYZ Monster
85059922,Master of Chaos,Fusion Monster
85065943,Saint Azamina,Fusion Monster
85115440,Zoodiac Broadbull,XYZ Monster
85121942,Number C105: Battlin' Boxer Comet Cestus,XYZ Monster
85216896,Zefra Metaltron,Link Monster
85243784,Linkross,Link Monster
85252081,Super Quantal Mech Beast Grampulse,XYZ Monster
85289965,Borrelsword Dragon,Link Monster
85507811,Elemental HERO Glow Neos,Fusion Monster
85528209,Superheavy Samurai Beast Kyubi,Synchro Monster
85545073,Frightfur Bear,Fusion Monster
85551711,Ebon High Magician,XYZ Monster
85672957,Masked HERO Atomic,Fusion Monster
85684223,Reaper on the Nightmare,Fusion Monster
85692042,Primathmech Alembertian,XYZ Monster
85696777,Harpie Conductor,Link Monster
85747929,Galaxy Photon Dragon,XYZ Monster
85899505,Timaeus the United Magical Dragon,Fusion Monster
85908279,Invoked Cocytus,Fusion Monster
85909450,Harpie's Pet Phantasmal Dragon,XYZ Monster
85969517,Plunder Patrollship Jord,Synchro Pendulum Effect Monster
86038337,"Faisan, Hunting Scout of the Deep Forest",Fusion Monster
86066372,Accesscode Talker,Link Monster
86099788,The Last Warrior from Another Planet,Fusion Monster
86137485,Stygian Sergeants,Synchro Monster
86148577,Guardragon Elpy,Link Monster
86154370,Hi-Speedroid Clear Wing Rider,Synchro Monster
86164529,Aqua Dragon,Fusion Monster
86165817,Evil HERO Malicious Bane,Fusion Monster
86221741,Raidraptor - Ultimate Falcon,XYZ Monster
86238081,Odd-Eyes Raging Dragon,XYZ Pendulum Effect Monster
86239173,Horned Saurus,Fusion Monster
86240887,"Buster Blader, the Dragon Destroyer Swordsman",Fusion Monster
86274272,Ritual Beast Ulti-Apelio,Fusion Monster
86282581,Evil HERO Darkest Knight,Fusion Monster
86331741,Gagagaga Magician,XYZ Monster
86346643,Rainbow Neos,Fusion Monster
86520461,Fossil Warrior Skull Bone,Fusion Monster
86532744,Number S39: Utopia Prime,XYZ Monster
86676862,Evil HERO Malicious Fiend,Fusion Monster
86682165,Icejade Gymir Aegirine,Synchro Monster
86750474,Trickstar Foxglove Witch,Link Monster
86805855,Dark Blade the Dragon Knight,Fusion Monster
86848580,Ice Beast Zerofyne,XYZ Monster
86926989,Shiranui Skillsaga Supremacy,Link Monster
86938484,Shaddoll Construct,Link Monster
86943389,Hi-Speedroid Puzzle,Synchro Monster
87054946,"Nephthys, the Sacred Flame",Link Monster
87116928,Chimeratech Megafleet Dragon,Fusion Monster
87182127,Ancient Gear Howitzer,Fusion Monster
87188910,Ravenous Crocodragon Archethys,Synchro Monster
87259077,Lightning Warrior,Synchro Monster
87327776,Salamangreat Miragestallio,XYZ Monster
87451661,Scarred Dragon Archfiend,Synchro Monster
87460579,Flower Cardian Lightflare,Synchro Monster
87676171,"Tistina, the Divinity that Defies Darkness",XYZ Monster
87746184,Albion the Branded Dragon,Fusion Monster
87751584,Gatling Dragon,Fusion Monster
87758525,Favorite HERO Shining Flare Wingman,Fusion Monster
87804747,Ultimate Great Insect,Fusion Monster
87837090,Kuibelt the Blade Dragon,Synchro Monster
87871125,Salamangreat Sunlight Wolf,Link Monster
87911394,Number C39: Utopia Ray Victory,XYZ Monster
88000953,Rasterliger,Link Monster
88021907,Primathmech Laplacian,XYZ Monster
88033975,"Armades, Keeper of Boundaries",Synchro Monster
88093706,Update Jammer,Link Monster
88120966,Number 15: Gimmick Puppet Giant Grinder,XYZ Monster
88139289,Psychic Blaster Mk-II,Synchro Monster
88170262,Kewl Tune Remix,Synchro Tuner Monster
88177324,Number 107: Galaxy-Eyes Tachyon Dragon,XYZ Monster
88234821,Dragunity Knight - Areadbhair,Synchro Monster
88305705,Brave-Eyes Pendulum Dragon,Fusion Monster
88406570,Gouki Destroy Ogre,Link Monster
88581108,True King of All Calamities,XYZ Monster
88643579,Dark End Dragon,Synchro Monster
88722973,"Majester Paladin, the Ascending Dracoslayer",XYZ Monster
88753594,Lunalight Sabre Dancer,Fusion Monster
88754763,CXyz Coach Lord Ultimatrainer,XYZ Monster
88820235,Elemental HERO Shining Phoenix Enforcer,Fusion Monster
88917691,Gagagaga Girl,XYZ Monster
88942504,Melomelody the Brass Djinn,XYZ Monster
89112729,Cyber Saurus,Fusion Monster
89194103,The Fabled Kudabbi,Synchro Monster
89238128,Cyberse Accelerator,Link Monster
89310929,Mist Valley Thunder Lord,Synchro Monster
89474727,Stardust Chronicle Spark Dragon,Synchro Monster
89477759,Number C1000: Numerounius,XYZ Monster
89516305,Number 87: Queen of the Night,XYZ Monster
89544521,Deskbot Jet,Synchro Monster
89604813,Blue-Eyes Ultimate Spirit Dragon,Synchro Monster
89642993,Number 63: Shamoji Soldier,XYZ Monster
89851827,Secreterion Dragon,Fusion Monster
89856523,Brotherhood of the Fire Fist - Kirin,Synchro Monster
89870349,Masked HERO Blast,Fusion Monster
89907227,White Aura Bihamut,Synchro Monster
90011273,Breachborrel Dragon,Link Monster
90036274,Clear Wing Fast Dragon,Synchro Pendulum Effect Monster
90050480,Elemental HERO Cosmo Neos,Fusion Monster
90091224,Dark Rebellion Xyz Dragon of the Four Heavenly Dragons,XYZ Monster
90098780,Humhumming the Key Djinn,XYZ Monster
90126061,Number 5: Doom Chimera Dragon,XYZ Monster
90140980,Ojama King,Fusion Monster
90162951,Number 35: Ravenous Tarantula,XYZ Monster
90207654,Gullveig of the Nordic Ascendant,Link Monster
90290572,Protector of The Agents - Moon,Link Monster
90303227,"K9-X ""Werewolf""",XYZ Monster
90307498,Elemental HERO Neos Kluger,Fusion Monster
90448279,Divine Arsenal AA-ZEUS - Sky Thunder,XYZ Monster
90465153,Mannadium Prime-Heart,Synchro Monster
90512490,Greatfly,Link Monster
90555947,Naturia Gaiastrio,Fusion Monster
90579153,Destiny HERO - Dystopia,Fusion Monster
90587641,Superheavy Samurai Commander Shanawo,Synchro Pendulum Effect Monster
90590303,Number 41: Bagooska the Terribly Tired Tapir,XYZ Monster
90660762,Meteor Black Dragon,Fusion Monster
90664857,Virtual World Shell - Jaja,XYZ Monster
90673288,Sky Striker Ace - Shizuku,Link Monster
90726340,Queen Dragun Djinn,XYZ Monster
90809975,Toadally Awesome,XYZ Monster
90884403,Phantasmal Lord Ultimitl Bishbaalkin,Synchro Monster
90953320,T.G. Hyper Librarian,Synchro Monster
90957527,Gladiator Beast Gaiodiaz,Fusion Monster
91034681,Frightfur Daredevil,Fusion Monster
91135480,Time Thief Double Barrel,XYZ Monster
91140491,Seraphim Papillion,Link Monster
91237821,Clown Crew Fiends,XYZ Monster
91272072,Trickstar Band Sweet Guitar,Fusion Monster
91279700,Evilswarm Ophion,XYZ Monster
91300233,Beetrooper Cruel Saturnas,Fusion Monster
91336701,Day-Breaker the Shining Magical Warrior,Link Monster
91397409,Penguin Brave,Synchro Monster
91420202,Avendread Savior,Link Monster
91499077,Gagaga Samurai,XYZ Monster
91557476,Sunvine Thrasher,Link Monster
91575236,Immortal Dragon,Synchro Tuner Monster
91895091,Soul of Silvermountain,XYZ Monster
91949988,"Gaia Dragon, the Thunder Charger",XYZ Monster
91998119,XYZ-Dragon Cannon,Fusion Monster
92015800,Number 76: Harmonizer Gradielle,XYZ Monster
92359409,Superdreadnought Rail Cannon Gustav Rocket,XYZ Monster
92361635,Atomic Scrap Dragon,Synchro Monster
92362073,Galaxy Satellite Dragon,Link Monster
92385016,Munin the Runick Wings,Fusion Monster
92422871,Cyberse Desavewurm,Fusion Monster
92517928,Galaxy-Eyes Antimatter Dragon,XYZ Monster
92519087,Virtual World Kyubi - Shenshen,Synchro Monster
92661479,Photon Strike Bounzer,XYZ Monster
92731385,Tearlaments Kitkallos,Fusion Monster
92744676,Zapper Shrimp,Synchro Tuner Monster
92770064,Sunavalon Dryatrentiay,Link Monster
92781606,X-Krawler Qualiark,Link Monster
92798873,Dinomorphia Rexterm,Fusion Monster
92812851,Exceed the Pendulum,Link Monster
92892239,Borreload Furious Dragon,Fusion Monster
92918648,Hierophant of Prophecy,XYZ Monster
93039339,Super Starslayer TY-PHON - Sky Crisis,XYZ Monster
93053159,Alba System Dogmatikalamity,Fusion Monster
93084621,Unchained Soul of Anguish,Link Monster
93108839,Number 58: Burner Visor,XYZ Monster
93125329,Golden Cloud Beast - Malong,Synchro Tuner Monster
93157004,Vylon Omega,Synchro Monster
93172951,Clown Crew Meteor,Synchro Monster
93192592,Lollipo★Yummy Way,Synchro Tuner Monster
93347961,Elemental HERO Flame Wingman - Infernal Rage,Fusion Monster
93353691,Driven Daredevil,Synchro Monster
93379652,Gem-Knight Prismaura,Fusion Monster
93483212,"Odin, Father of the Aesir",Synchro Monster
93503294,Altergeist Primebanshee,Link Monster
93568288,Number 80: Rhapsody in Berserk,XYZ Monster
93657021,Destiny HERO - Dusktopia,Fusion Monster
93672138,Evil★Twin's Trouble Sunny,Link Monster
93713837,Number 24: Dragulas the Vampiric Dragon,XYZ Monster
93729065,Starving Venemy Dragon,Pendulum Effect Fusion Monster
93730230,Chronomaly Crystal Chrononaut,XYZ Monster
93777634,Number 39: Utopia Rising,XYZ Monster
93854893,"Dingirsu, the Orcust of the Evening Star",XYZ Monster
93860227,Necroquip Princess,Fusion Monster
93877990,Brotherhood of the Fire Fist - Swan,Fusion Monster
93896655,Sunavalon Dryas,Link Monster
94119480,"Adreus, Keeper of Armageddon",XYZ Monster
94130731,Transcendosaurus Glaciasaurus,Synchro Monster
94151981,Xyz Armor Torpedo,XYZ Monster
94207108,Marincess Wonder Heart,Link Monster
94253655,Plunder Patrollship Brann,Synchro Monster
94259633,Relinquished Anima,Link Monster
94292987,Fabled Gammajin,Synchro Tuner Monster
94380860,Number 103: Ragnazero,XYZ Monster
94410955,Hecahands Xeno,Fusion Monster
94503794,"Kerzebs, the Gaoled Glutton",XYZ Monster
94515289,Frozen Fitzgerald,Synchro Monster
94566432,Kaiser Dragon,Fusion Monster
94626871,Trickstar Black Catbat,Link Monster
94641726,Storm-Bane Dragon Destorbim,Synchro Monster
94677445,Ib the World Chalice Justiciar,Synchro Tuner Monster
94798725,Gunkan Suship Uni-class Super-Dreadnought,XYZ Monster
94905343,Rabid Horseman,Fusion Monster
94942656,Stealth Kragen Spawn,XYZ Monster
94977269,El Shaddoll Winda,Fusion Monster
95040215,Blackwing - Nothung the Starlight,Synchro Monster
95095116,"Gaia Prominence, the Fierce Force",Fusion Monster
95113856,Phantom Fortress Enterblathnir,XYZ Monster
95134948,Number 99: Utopia Dragonar,XYZ Monster
95144193,Kwagar Hercules,Fusion Monster
95169481,Diamond Dire Wolf,XYZ Monster
95239444,"Orea, the Sylvan High Arbiter",XYZ Monster
95243515,Virtual World Tiger - Fufu,XYZ Monster
95372220,Flash Charge Dragon,Link Monster
95442074,Number 31: Embodiment of Punishment,XYZ Monster
95453143,Hundred Eyes Dragon,Synchro Monster
95454996,Maliss <Q> White Binder,Link Monster
95463814,Phantasm Emperor Trilojig,Fusion Monster
95474755,Number 89: Diablosis the Mind Hacker,XYZ Monster
95486586,Elemental HERO Core,Fusion Monster
95493471,Neo Super Quantal Mech King Blaster Magna,Link Monster
95506252,Black Jack the Shadow-Armored Knight,Synchro Monster
95515058,Gouki The Blade Ogre,Link Monster
95515518,The Weather Painter Moonbow,Link Monster
95526884,Hyper Psychic Blaster,Synchro Monster
95626382,DoomZ XII End - Drastrius,XYZ Monster
95685352,Dark Anthelion Dragon,XYZ Pendulum Effect Monster
95784714,"Flying Mary, the Wandering Ghost Ship",Link Monster
95793022,World Chalice Guardragon Almarduke,Fusion Monster
95911373,"Zoroa, the Magistus Conflagrant Calamity",Synchro Monster
95937545,Golden Allure Queen,Link Monster
95952802,Flower Wolf,Fusion Monster
95973569,T.G. Glaive Blaster,Synchro Monster
95992081,Leviair the Sea Dragon,XYZ Monster
96029574,Black Brutdrago,Synchro Monster
96113307,Ritual Beast Ulti-Reirautari,Link Monster
96150936,Madolche Fresh Sistart,Link Monster
96157835,Raidraptor - Arsenal Falcon,XYZ Monster
96220350,Idaten the Conqueror Star,Fusion Monster
96334243,Sea Monster of Theseus,Fusion Monster
96380700,Talkback Lancer,Link Monster
96381979,Brotherhood of the Fire Fist - Tiger King,XYZ Monster
96402918,"Lancea, Ancestral Dragon of the Ice Mountain",Synchro Monster
96471335,Ebon Illusion Magician,XYZ Monster
96592102,Raidraptor - Blade Burner Falcon,XYZ Monster
96633955,Swordsoul Supreme Sovereign - Chengying,Synchro Monster
96637156,Musical Sumo Dice Games,XYZ Monster
96864105,Number C73: Abyss Supra Splash,XYZ Monster
96897184,Fossil Warrior Skull King,Fusion Monster
97007933,Hi-Speedroid Kendama,Synchro Monster
97051536,Infernoid Evil,Fusion Monster
97053215,G Golem Stubborn Menhir,Link Monster
97165977,Lunalight Panther Dancer,Fusion Monster
97170107,Shining Elf,XYZ Monster
97204936,"Gaia Knight, the Force of Earth",Synchro Monster
97273514,Inzektor Picofalena,Link Monster
97300502,Invoked Augoeides,Fusion Monster
97383507,Dark Templar @Ignister,Link Monster
97403510,Number 92: Heart-eartH Dragon,XYZ Monster
97453744,Heroic Champion - Claivesolish,XYZ Monster
97489701,Red Nova Dragon,Synchro Monster
97520532,Gimmick Puppet Chimera Doll,Link Monster
97584719,Infinitrack Earth Slicer,XYZ Monster
97661969,"Aussa the Earth Charmer, Immovable",Link Monster
97677329,Backup Supervisor,Link Monster
97783338,Gate Guardian of Water and Thunder,Fusion Monster
97792247,Stardust Assault Warrior,Synchro Monster
97800311,Divine Serpent Apophis,Fusion Monster
97836203,T.G. Halberd Cannon,Synchro Monster
97864322,Emperor Charles the Great,Link Monster
97973962,Aleister the Invoker of Madness,Link Monster
98012938,Vulcan the Divine,Synchro Monster
98049934,Epurrely Beauty,XYZ Monster
98095162,"Curious, the Lightsworn Dominion",Link Monster
98127546,Underworld Goddess of the Closed World,Link Monster
98452268,Odd-Eyes Rebellion Dragon Overlord,XYZ Pendulum Effect Monster
98462037,Sky Striker Ace - Azalea,Link Monster
98502113,Dark Paladin,Fusion Monster
98506199,Wind Pegasus @Ignister,Synchro Monster
98558751,T.G. Wonder Magician,Synchro Tuner Monster
98630720,Borrelend Dragon,Link Monster
98637386,Goyo Predator,Synchro Monster
98642179,Ferocious Flame Swordsman,Link Monster
98927491,Ambulance Rescueroid,Fusion Monster
98978921,Link Spider,Link Monster
98986900,Thelematech Clatis,XYZ Monster
99011763,Beat Cop from the Underworld,Link Monster
99111753,Security Dragon,Link Monster
99115354,Hyper Psychic Riser,Synchro Monster
99217226,Paladins of Bonds and Unity,Synchro Monster
99267150,Five-Headed Dragon,Fusion Monster
99469936,Full Armored Crystalzero Lancer,XYZ Monster
99551425,Labyrinth Tank,Fusion Monster
99585850,Red Supernova Dragon,Synchro Monster
99666430,Jinzo - Layered,XYZ Monster
99724761,XZ-Tank Cannon,Fusion Monster
99726621,Tri-Brigade Shuraig the Ominous Omen,Link Monster
99916754,Naturia Exterio,Fusion Monster
99937842,T.G. Star Guardian,Synchro Tuner Monster
99991455,Raijin the Breakbolt Star,Fusion Monster
